dev_esp32,timestamp,altitude,latitude,longitude,journey_id,synthetic
esp32_device_001,2025-11-22T07:47:50+13:00,43.9,-36.604614,174.802689,1,False
esp32_device_001,2025-11-22T07:47:52.500000+13:00,44.9,-36.604346,174.802540,1,True
esp32_device_001,2025-11-22T07:47:55+13:00,45.9,-36.604259,174.802475,1,False
esp32_device_001,2025-11-22T07:47:56.666667+13:00,46.2,-36.604083,174.802380,1,True
esp32_device_001,2025-11-22T07:47:58.333333+13:00,46.4,-36.603918,174.802283,1,True
esp32_device_001,2025-11-22T07:48:00+13:00,46.7,-36.60387,174.802216,1,False
esp32_device_001,2025-11-22T07:48:05+13:00,48.7,-36.603695,174.802094,1,False
esp32_device_001,2025-11-22T07:48:06.666667+13:00,49.4,-36.603662,174.802168,1,True
esp32_device_001,2025-11-22T07:48:08.333333+13:00,50.2,-36.603639,174.802077,1,True
esp32_device_001,2025-11-22T07:48:10+13:00,50.9,-36.603592,174.801666,1,False
esp32_device_001,2025-11-22T07:48:11.666667+13:00,51.3,-36.603446,174.801282,1,True
esp32_device_001,2025-11-22T07:48:13.333333+13:00,51.6,-36.603411,174.801140,1,True
esp32_device_001,2025-11-22T07:48:15+13:00,52,-36.603439,174.80101,1,False
esp32_device_001,2025-11-22T07:48:16.666667+13:00,52.7,-36.603379,174.801004,1,True
esp32_device_001,2025-11-22T07:48:18.333333+13:00,53.4,-36.603250,174.800456,1,True
esp32_device_001,2025-11-22T07:48:20+13:00,54.1,-36.603252,174.800247,1,False
esp32_device_001,2025-11-22T07:48:20.714286+13:00,54.2,-36.603160,174.800101,1,True
esp32_device_001,2025-11-22T07:48:21.428571+13:00,54.3,-36.603110,174.799895,1,True
esp32_device_001,2025-11-22T07:48:22.142857+13:00,54.4,-36.603092,174.799818,1,True
esp32_device_001,2025-11-22T07:48:22.857143+13:00,54.6,-36.603076,174.799733,1,True
esp32_device_001,2025-11-22T07:48:23.571429+13:00,54.7,-36.603065,174.799637,1,True
esp32_device_001,2025-11-22T07:48:24.285714+13:00,54.8,-36.603066,174.799538,1,True
esp32_device_001,2025-11-22T07:48:25+13:00,54.9,-36.603127,174.799484,1,False
esp32_device_001,2025-11-22T07:48:26+13:00,55.2,-36.603082,174.799420,1,True
esp32_device_001,2025-11-22T07:48:27+13:00,55.5,-36.603118,174.799312,1,True
esp32_device_001,2025-11-22T07:48:28+13:00,55.8,-36.603165,174.799204,1,True
esp32_device_001,2025-11-22T07:48:29+13:00,56.1,-36.603219,174.799100,1,True
esp32_device_001,2025-11-22T07:48:30+13:00,56.4,-36.603424,174.798782,1,False
esp32_device_001,2025-11-22T07:48:32.500000+13:00,57.1,-36.603456,174.798650,1,True
esp32_device_001,2025-11-22T07:48:35+13:00,57.9,-36.603813,174.798065,1,False
esp32_device_001,2025-11-22T07:48:36.666667+13:00,57.9,-36.603792,174.798029,1,True
esp32_device_001,2025-11-22T07:48:38.333333+13:00,57.8,-36.603838,174.797944,1,True
esp32_device_001,2025-11-22T07:48:40+13:00,57.8,-36.604179,174.797363,1,False
esp32_device_001,2025-11-22T07:48:42.500000+13:00,58.1,-36.604265,174.797153,1,True
esp32_device_001,2025-11-22T07:48:45+13:00,58.5,-36.604549,174.796692,1,False
esp32_device_001,2025-11-22T07:48:45.833333+13:00,58.3,-36.604561,174.796597,1,True
esp32_device_001,2025-11-22T07:48:46.666667+13:00,58.2,-36.604613,174.796482,1,True
esp32_device_001,2025-11-22T07:48:47.500000+13:00,58.0,-36.604641,174.796412,1,True
esp32_device_001,2025-11-22T07:48:48.333333+13:00,57.8,-36.604663,174.796340,1,True
esp32_device_001,2025-11-22T07:48:49.166667+13:00,57.7,-36.604700,174.796218,1,True
esp32_device_001,2025-11-22T07:48:50+13:00,57.5,-36.604782,174.795975,1,False
esp32_device_001,2025-11-22T07:48:52.500000+13:00,55.5,-36.604846,174.795514,1,True
esp32_device_001,2025-11-22T07:48:55+13:00,53.6,-36.604927,174.795212,1,False
esp32_device_001,2025-11-22T07:48:57.500000+13:00,50.9,-36.604989,174.794807,1,True
esp32_device_001,2025-11-22T07:49:00+13:00,48.1,-36.605083,174.794464,1,False
esp32_device_001,2025-11-22T07:49:01.250000+13:00,45.9,-36.605161,174.793931,1,True
esp32_device_001,2025-11-22T07:49:02.500000+13:00,43.7,-36.605175,174.793832,1,True
esp32_device_001,2025-11-22T07:49:03.750000+13:00,41.4,-36.605184,174.793754,1,True
esp32_device_001,2025-11-22T07:49:05+13:00,39.2,-36.605209,174.793716,1,False
esp32_device_001,2025-11-22T07:49:06+13:00,37.7,-36.605186,174.793658,1,True
esp32_device_001,2025-11-22T07:49:07+13:00,36.3,-36.605180,174.793563,1,True
esp32_device_001,2025-11-22T07:49:08+13:00,34.8,-36.605172,174.793455,1,True
esp32_device_001,2025-11-22T07:49:09+13:00,33.4,-36.605117,174.792976,1,True
esp32_device_001,2025-11-22T07:49:10+13:00,31.9,-36.605133,174.792908,1,False
esp32_device_001,2025-11-22T07:49:15+13:00,22.6,-36.60503,174.792053,1,False
esp32_device_001,2025-11-22T07:49:17.500000+13:00,21.5,-36.604955,174.791624,1,True
esp32_device_001,2025-11-22T07:49:20+13:00,20.3,-36.604931,174.791153,1,False
esp32_device_001,2025-11-22T07:49:21+13:00,21.0,-36.604893,174.791112,1,True
esp32_device_001,2025-11-22T07:49:22+13:00,21.6,-36.604858,174.790656,1,True
esp32_device_001,2025-11-22T07:49:23+13:00,22.3,-36.604857,174.790521,1,True
esp32_device_001,2025-11-22T07:49:24+13:00,22.9,-36.604861,174.790365,1,True
esp32_device_001,2025-11-22T07:49:25+13:00,23.6,-36.6049,174.790314,1,False
esp32_device_001,2025-11-22T07:49:26.666667+13:00,24.7,-36.604878,174.790160,1,True
esp32_device_001,2025-11-22T07:49:28.333333+13:00,25.9,-36.604900,174.789963,1,True
esp32_device_001,2025-11-22T07:49:30+13:00,27,-36.605007,174.789474,1,False
esp32_device_001,2025-11-22T07:49:31.666667+13:00,28.5,-36.604989,174.789355,1,True
esp32_device_001,2025-11-22T07:49:33.333333+13:00,30.1,-36.605073,174.788703,1,True
esp32_device_001,2025-11-22T07:49:35+13:00,31.6,-36.605103,174.78862,1,False
esp32_device_001,2025-11-22T07:49:40+13:00,38.2,-36.605209,174.787735,1,False
esp32_device_001,2025-11-22T07:49:42.500000+13:00,41.5,-36.605279,174.787059,1,True
esp32_device_001,2025-11-22T07:49:45+13:00,44.7,-36.605335,174.786911,1,False
esp32_device_001,2025-11-22T07:49:45.625000+13:00,45.8,-36.605316,174.786860,1,True
esp32_device_001,2025-11-22T07:49:46.250000+13:00,47.0,-36.605344,174.786755,1,True
esp32_device_001,2025-11-22T07:49:46.875000+13:00,48.1,-36.605379,174.786658,1,True
esp32_device_001,2025-11-22T07:49:47.500000+13:00,49.2,-36.605418,174.786562,1,True
esp32_device_001,2025-11-22T07:49:48.125000+13:00,50.3,-36.605463,174.786476,1,True
esp32_device_001,2025-11-22T07:49:48.750000+13:00,51.5,-36.605521,174.786380,1,True
esp32_device_001,2025-11-22T07:49:49.375000+13:00,52.6,-36.605587,174.786292,1,True
esp32_device_001,2025-11-22T07:49:50+13:00,53.7,-36.605659,174.78624,1,False
esp32_device_001,2025-11-22T07:49:52.500000+13:00,58.0,-36.605788,174.786079,1,True
esp32_device_001,2025-11-22T07:49:55+13:00,62.2,-36.606194,174.785736,1,False
esp32_device_001,2025-11-22T07:49:57.500000+13:00,65.6,-36.606576,174.785376,1,True
esp32_device_001,2025-11-22T07:50:00+13:00,68.9,-36.60675,174.785233,1,False
esp32_device_001,2025-11-22T07:50:02.500000+13:00,71.0,-36.606981,174.785015,1,True
esp32_device_001,2025-11-22T07:50:05+13:00,73.1,-36.607307,174.784729,1,False
esp32_device_001,2025-11-22T07:50:07.500000+13:00,72.9,-36.607484,174.784558,1,True
esp32_device_001,2025-11-22T07:50:10+13:00,72.7,-36.607891,174.784195,1,False
esp32_device_001,2025-11-22T07:50:11.666667+13:00,71.7,-36.608013,174.784081,1,True
esp32_device_001,2025-11-22T07:50:13.333333+13:00,70.8,-36.608449,174.783689,1,True
esp32_device_001,2025-11-22T07:50:15+13:00,69.8,-36.608498,174.783661,1,False
esp32_device_001,2025-11-22T07:50:17.500000+13:00,68.8,-36.608946,174.783241,1,True
esp32_device_001,2025-11-22T07:50:20+13:00,67.8,-36.609089,174.783127,1,False
esp32_device_001,2025-11-22T07:50:20.833333+13:00,67.8,-36.609180,174.783031,1,True
esp32_device_001,2025-11-22T07:50:21.666667+13:00,67.9,-36.609276,174.782917,1,True
esp32_device_001,2025-11-22T07:50:22.500000+13:00,67.9,-36.609367,174.782800,1,True
esp32_device_001,2025-11-22T07:50:23.333333+13:00,68.0,-36.609453,174.782670,1,True
esp32_device_001,2025-11-22T07:50:24.166667+13:00,68.0,-36.609536,174.782519,1,True
esp32_device_001,2025-11-22T07:50:25+13:00,68.1,-36.609558,174.782516,1,False
esp32_device_001,2025-11-22T07:50:26.250000+13:00,68.4,-36.609561,174.782467,1,True
esp32_device_001,2025-11-22T07:50:27.500000+13:00,68.7,-36.609606,174.782367,1,True
esp32_device_001,2025-11-22T07:50:28.750000+13:00,69.0,-36.609653,174.782248,1,True
esp32_device_001,2025-11-22T07:50:30+13:00,69.3,-36.609848,174.781754,1,False
esp32_device_001,2025-11-22T07:50:31.250000+13:00,70.5,-36.609917,174.781437,1,True
esp32_device_001,2025-11-22T07:50:32.500000+13:00,71.6,-36.610007,174.781160,1,True
esp32_device_001,2025-11-22T07:50:33.750000+13:00,72.8,-36.610061,174.781046,1,True
esp32_device_001,2025-11-22T07:50:35+13:00,73.9,-36.610123,174.781006,1,False
esp32_device_001,2025-11-22T07:50:35.833333+13:00,75.0,-36.610103,174.780963,1,True
esp32_device_001,2025-11-22T07:50:36.666667+13:00,76.1,-36.610280,174.780726,1,True
esp32_device_001,2025-11-22T07:50:37.500000+13:00,77.2,-36.610355,174.780651,1,True
esp32_device_001,2025-11-22T07:50:38.333333+13:00,78.2,-36.610433,174.780591,1,True
esp32_device_001,2025-11-22T07:50:39.166667+13:00,79.3,-36.610519,174.780537,1,True
esp32_device_001,2025-11-22T07:50:40+13:00,80.4,-36.610603,174.780502,1,False
esp32_device_001,2025-11-22T07:50:41.250000+13:00,81.5,-36.610775,174.780398,1,True
esp32_device_001,2025-11-22T07:50:42.500000+13:00,82.5,-36.610853,174.780359,1,True
esp32_device_001,2025-11-22T07:50:43.750000+13:00,83.5,-36.610932,174.780316,1,True
esp32_device_001,2025-11-22T07:50:45+13:00,84.6,-36.611149,174.780212,1,False
esp32_device_001,2025-11-22T07:50:46+13:00,85.1,-36.611178,174.780210,1,True
esp32_device_001,2025-11-22T07:50:47+13:00,85.6,-36.611301,174.780129,1,True
esp32_device_001,2025-11-22T07:50:48+13:00,86.1,-36.611409,174.780034,1,True
esp32_device_001,2025-11-22T07:50:49+13:00,86.6,-36.611529,174.779893,1,True
esp32_device_001,2025-11-22T07:50:50+13:00,87.1,-36.611542,174.779861,1,False
esp32_device_001,2025-11-22T07:50:50.555556+13:00,87.1,-36.611619,174.779769,1,True
esp32_device_001,2025-11-22T07:50:51.111111+13:00,87.1,-36.611659,174.779696,1,True
esp32_device_001,2025-11-22T07:50:51.666667+13:00,87.2,-36.611677,174.779706,1,True
esp32_device_001,2025-11-22T07:50:52.222222+13:00,87.2,-36.611703,174.779710,1,True
esp32_device_001,2025-11-22T07:50:52.777778+13:00,87.2,-36.611721,174.779707,1,True
esp32_device_001,2025-11-22T07:50:53.333333+13:00,87.2,-36.611738,174.779698,1,True
esp32_device_001,2025-11-22T07:50:53.888889+13:00,87.3,-36.611758,174.779679,1,True
esp32_device_001,2025-11-22T07:50:54.444444+13:00,87.3,-36.611772,174.779654,1,True
esp32_device_001,2025-11-22T07:50:55+13:00,87.3,-36.611782,174.779617,1,False
esp32_device_001,2025-11-22T07:50:55.833333+13:00,86.9,-36.611778,174.779593,1,True
esp32_device_001,2025-11-22T07:50:56.666667+13:00,86.5,-36.611773,174.779570,1,True
esp32_device_001,2025-11-22T07:50:57.500000+13:00,86.1,-36.611763,174.779550,1,True
esp32_device_001,2025-11-22T07:50:58.333333+13:00,85.7,-36.611761,174.779548,1,True
esp32_device_001,2025-11-22T07:50:59.166667+13:00,85.3,-36.611785,174.779398,1,True
esp32_device_001,2025-11-22T07:51:00+13:00,84.9,-36.611839,174.77916,1,False
esp32_device_001,2025-11-22T07:51:01.250000+13:00,84.5,-36.611847,174.779066,1,True
esp32_device_001,2025-11-22T07:51:02.500000+13:00,84.1,-36.611855,174.779023,1,True
esp32_device_001,2025-11-22T07:51:03.750000+13:00,83.6,-36.611880,174.778827,1,True
esp32_device_001,2025-11-22T07:51:05+13:00,83.2,-36.611969,174.778519,1,False
esp32_device_001,2025-11-22T07:51:06.250000+13:00,82.6,-36.611958,174.778444,1,True
esp32_device_001,2025-11-22T07:51:07.500000+13:00,82.0,-36.611996,174.778284,1,True
esp32_device_001,2025-11-22T07:51:08.750000+13:00,81.3,-36.612071,174.778024,1,True
esp32_device_001,2025-11-22T07:51:10+13:00,80.7,-36.612167,174.777832,1,False
esp32_device_001,2025-11-22T07:51:12.500000+13:00,80.1,-36.612162,174.777780,1,True
esp32_device_001,2025-11-22T07:51:15+13:00,79.5,-36.61248,174.777191,1,False
esp32_device_001,2025-11-22T07:51:20+13:00,79.9,-36.612804,174.776566,1,False
esp32_device_001,2025-11-22T07:51:22.500000+13:00,80.8,-36.612782,174.776527,1,True
esp32_device_001,2025-11-22T07:51:25+13:00,81.6,-36.613129,174.775925,1,False
esp32_device_001,2025-11-22T07:51:26+13:00,82.3,-36.613155,174.775781,1,True
esp32_device_001,2025-11-22T07:51:27+13:00,83.1,-36.613239,174.775635,1,True
esp32_device_001,2025-11-22T07:51:28+13:00,83.8,-36.613356,174.775474,1,True
esp32_device_001,2025-11-22T07:51:29+13:00,84.6,-36.613423,174.775400,1,True
esp32_device_001,2025-11-22T07:51:30+13:00,85.3,-36.613514,174.775345,1,False
esp32_device_001,2025-11-22T07:51:30.833333+13:00,85.7,-36.613517,174.775306,1,True
esp32_device_001,2025-11-22T07:51:31.666667+13:00,86.0,-36.613628,174.775212,1,True
esp32_device_001,2025-11-22T07:51:32.500000+13:00,86.3,-36.613761,174.775123,1,True
esp32_device_001,2025-11-22T07:51:33.333333+13:00,86.7,-36.613899,174.775046,1,True
esp32_device_001,2025-11-22T07:51:34.166667+13:00,87.1,-36.614041,174.774989,1,True
esp32_device_001,2025-11-22T07:51:35+13:00,87.4,-36.614075,174.775009,1,False
esp32_device_001,2025-11-22T07:51:36+13:00,87.4,-36.614184,174.774954,1,True
esp32_device_001,2025-11-22T07:51:37+13:00,87.3,-36.614311,174.774933,1,True
esp32_device_001,2025-11-22T07:51:38+13:00,87.3,-36.614417,174.774926,1,True
esp32_device_001,2025-11-22T07:51:39+13:00,87.2,-36.614610,174.774923,1,True
esp32_device_001,2025-11-22T07:51:40+13:00,87.2,-36.614735,174.774948,1,False
esp32_device_001,2025-11-22T07:51:41.250000+13:00,87.0,-36.615019,174.774918,1,True
esp32_device_001,2025-11-22T07:51:42.500000+13:00,86.8,-36.615163,174.774910,1,True
esp32_device_001,2025-11-22T07:51:43.750000+13:00,86.7,-36.615336,174.774877,1,True
esp32_device_001,2025-11-22T07:51:45+13:00,86.5,-36.615417,174.774887,1,False
esp32_device_001,2025-11-22T07:51:46+13:00,85.9,-36.615485,174.774830,1,True
esp32_device_001,2025-11-22T07:51:47+13:00,85.3,-36.615606,174.774776,1,True
esp32_device_001,2025-11-22T07:51:48+13:00,84.7,-36.615719,174.774716,1,True
esp32_device_001,2025-11-22T07:51:49+13:00,84.1,-36.615842,174.774633,1,True
esp32_device_001,2025-11-22T07:51:50+13:00,83.5,-36.616051,174.774536,1,False
esp32_device_001,2025-11-22T07:51:51.666667+13:00,82.9,-36.616414,174.774233,1,True
esp32_device_001,2025-11-22T07:51:53.333333+13:00,82.3,-36.616554,174.774143,1,True
esp32_device_001,2025-11-22T07:51:55+13:00,81.7,-36.616627,174.774139,1,False
esp32_device_001,2025-11-22T07:51:55.833333+13:00,80.7,-36.616699,174.774066,1,True
esp32_device_001,2025-11-22T07:51:56.666667+13:00,79.6,-36.616804,174.774024,1,True
esp32_device_001,2025-11-22T07:51:57.500000+13:00,78.6,-36.616928,174.773988,1,True
esp32_device_001,2025-11-22T07:51:58.333333+13:00,77.6,-36.617045,174.773964,1,True
esp32_device_001,2025-11-22T07:51:59.166667+13:00,76.5,-36.617160,174.773951,1,True
esp32_device_001,2025-11-22T07:52:00+13:00,75.5,-36.617237,174.773972,1,False
esp32_device_001,2025-11-22T07:52:01.666667+13:00,73.8,-36.617366,174.773952,1,True
esp32_device_001,2025-11-22T07:52:03.333333+13:00,72.1,-36.617671,174.773983,1,True
esp32_device_001,2025-11-22T07:52:05+13:00,70.4,-36.617878,174.774017,1,False
esp32_device_001,2025-11-22T07:52:06.666667+13:00,68.4,-36.617987,174.774004,1,True
esp32_device_001,2025-11-22T07:52:08.333333+13:00,66.4,-36.618180,174.774008,1,True
esp32_device_001,2025-11-22T07:52:10+13:00,64.4,-36.618507,174.774017,1,False
esp32_device_001,2025-11-22T07:52:11.250000+13:00,62.7,-36.618894,174.773968,1,True
esp32_device_001,2025-11-22T07:52:12.500000+13:00,61.0,-36.618985,174.773956,1,True
esp32_device_001,2025-11-22T07:52:13.750000+13:00,59.3,-36.619073,174.773934,1,True
esp32_device_001,2025-11-22T07:52:15+13:00,57.6,-36.619125,174.773941,1,False
esp32_device_001,2025-11-22T07:52:16+13:00,55.6,-36.619161,174.773898,1,True
esp32_device_001,2025-11-22T07:52:17+13:00,53.6,-36.619405,174.773801,1,True
esp32_device_001,2025-11-22T07:52:18+13:00,51.7,-36.619495,174.773766,1,True
esp32_device_001,2025-11-22T07:52:19+13:00,49.7,-36.619588,174.773740,1,True
esp32_device_001,2025-11-22T07:52:20+13:00,47.7,-36.619717,174.773743,1,False
esp32_device_001,2025-11-22T07:52:22.500000+13:00,44.8,-36.619731,174.773712,1,True
esp32_device_001,2025-11-22T07:52:25+13:00,41.8,-36.6203,174.773636,1,False
esp32_device_001,2025-11-22T07:52:26.250000+13:00,40.0,-36.620670,174.773536,1,True
esp32_device_001,2025-11-22T07:52:27.500000+13:00,38.1,-36.620753,174.773517,1,True
esp32_device_001,2025-11-22T07:52:28.750000+13:00,36.3,-36.620826,174.773486,1,True
esp32_device_001,2025-11-22T07:52:30+13:00,34.5,-36.62088,174.773514,1,False
esp32_device_001,2025-11-22T07:52:30.833333+13:00,33.5,-36.620901,174.773457,1,True
esp32_device_001,2025-11-22T07:52:31.666667+13:00,32.6,-36.620970,174.773416,1,True
esp32_device_001,2025-11-22T07:52:32.500000+13:00,31.6,-36.621040,174.773359,1,True
esp32_device_001,2025-11-22T07:52:33.333333+13:00,30.7,-36.621110,174.773291,1,True
esp32_device_001,2025-11-22T07:52:34.166667+13:00,29.8,-36.621224,174.773141,1,True
esp32_device_001,2025-11-22T07:52:35+13:00,28.8,-36.621311,174.773071,1,False
esp32_device_001,2025-11-22T07:52:36.250000+13:00,28.1,-36.621433,174.772781,1,True
esp32_device_001,2025-11-22T07:52:37.500000+13:00,27.4,-36.621503,174.772687,1,True
esp32_device_001,2025-11-22T07:52:38.750000+13:00,26.7,-36.621576,174.772596,1,True
esp32_device_001,2025-11-22T07:52:40+13:00,26,-36.621731,174.772476,1,False
esp32_device_001,2025-11-22T07:52:41.666667+13:00,27.2,-36.621819,174.772336,1,True
esp32_device_001,2025-11-22T07:52:43.333333+13:00,28.5,-36.622053,174.772103,1,True
esp32_device_001,2025-11-22T07:52:45+13:00,29.7,-36.622219,174.771973,1,False
esp32_device_001,2025-11-22T07:52:46.666667+13:00,31.3,-36.622362,174.771785,1,True
esp32_device_001,2025-11-22T07:52:48.333333+13:00,32.9,-36.622616,174.771523,1,True
esp32_device_001,2025-11-22T07:52:50+13:00,34.5,-36.622707,174.771469,1,False
esp32_device_001,2025-11-22T07:52:51.666667+13:00,36.1,-36.622951,174.771178,1,True
esp32_device_001,2025-11-22T07:52:53.333333+13:00,37.8,-36.623134,174.770989,1,True
esp32_device_001,2025-11-22T07:52:55+13:00,39.4,-36.623192,174.770966,1,False
esp32_device_001,2025-11-22T07:53:00+13:00,43.8,-36.623646,174.770508,1,False
esp32_device_001,2025-11-22T07:53:01.666667+13:00,45.1,-36.623832,174.770272,1,True
esp32_device_001,2025-11-22T07:53:03.333333+13:00,46.4,-36.624027,174.770074,1,True
esp32_device_001,2025-11-22T07:53:05+13:00,47.7,-36.624092,174.77005,1,False
esp32_device_001,2025-11-22T07:53:06+13:00,48.6,-36.624125,174.769982,1,True
esp32_device_001,2025-11-22T07:53:07+13:00,49.6,-36.624228,174.769903,1,True
esp32_device_001,2025-11-22T07:53:08+13:00,50.5,-36.624354,174.769851,1,True
esp32_device_001,2025-11-22T07:53:09+13:00,51.5,-36.624457,174.769823,1,True
esp32_device_001,2025-11-22T07:53:10+13:00,52.4,-36.624649,174.769806,1,False
esp32_device_001,2025-11-22T07:53:12.500000+13:00,53.5,-36.625017,174.769697,1,True
esp32_device_001,2025-11-22T07:53:15+13:00,54.5,-36.62524,174.769669,1,False
esp32_device_001,2025-11-22T07:53:20+13:00,52.7,-36.62582,174.769547,1,False
esp32_device_001,2025-11-22T07:53:25+13:00,49.7,-36.626411,174.769424,1,False
esp32_device_001,2025-11-22T07:53:26.250000+13:00,48.8,-36.626606,174.769328,1,True
esp32_device_001,2025-11-22T07:53:27.500000+13:00,48.0,-36.626692,174.769309,1,True
esp32_device_001,2025-11-22T07:53:28.750000+13:00,47.1,-36.626872,174.769283,1,True
esp32_device_001,2025-11-22T07:53:30+13:00,46.2,-36.626995,174.769318,1,False
esp32_device_001,2025-11-22T07:53:31.666667+13:00,45.3,-36.627142,174.769252,1,True
esp32_device_001,2025-11-22T07:53:33.333333+13:00,44.3,-36.627409,174.769221,1,True
esp32_device_001,2025-11-22T07:53:35+13:00,43.4,-36.627602,174.769257,1,False
esp32_device_001,2025-11-22T07:53:35.157895+13:00,43.3,-36.627673,174.769186,1,True
esp32_device_001,2025-11-22T07:53:35.315789+13:00,43.2,-36.627775,174.769163,1,True
esp32_device_001,2025-11-22T07:53:35.473684+13:00,43.2,-36.627874,174.769128,1,True
esp32_device_001,2025-11-22T07:53:35.631579+13:00,43.1,-36.627971,174.769079,1,True
esp32_device_001,2025-11-22T07:53:35.789474+13:00,43.0,-36.627994,174.769142,1,True
esp32_device_001,2025-11-22T07:53:35.947368+13:00,42.9,-36.628008,174.769159,1,True
esp32_device_001,2025-11-22T07:53:36.105263+13:00,42.8,-36.628053,174.769173,1,True
esp32_device_001,2025-11-22T07:53:36.263158+13:00,42.8,-36.628200,174.769202,1,True
esp32_device_001,2025-11-22T07:53:36.421053+13:00,42.7,-36.628247,174.769208,1,True
esp32_device_001,2025-11-22T07:53:36.578947+13:00,42.6,-36.628288,174.769197,1,True
esp32_device_001,2025-11-22T07:53:36.736842+13:00,42.5,-36.628312,174.769177,1,True
esp32_device_001,2025-11-22T07:53:36.894737+13:00,42.5,-36.628331,174.769149,1,True
esp32_device_001,2025-11-22T07:53:37.052632+13:00,42.4,-36.628336,174.769134,1,True
esp32_device_001,2025-11-22T07:53:37.210526+13:00,42.3,-36.628351,174.769088,1,True
esp32_device_001,2025-11-22T07:53:37.368421+13:00,42.2,-36.628267,174.769068,1,True
esp32_device_001,2025-11-22T07:53:37.526316+13:00,42.1,-36.628239,174.769051,1,True
esp32_device_001,2025-11-22T07:53:37.684211+13:00,42.1,-36.628224,174.769042,1,True
esp32_device_001,2025-11-22T07:53:37.842105+13:00,42.0,-36.628181,174.769009,1,True
esp32_device_001,2025-11-22T07:53:38+13:00,41.9,-36.628136,174.769028,1,False
esp32_device_001,2025-11-22T07:53:38.833333+13:00,41.6,-36.628126,174.768961,1,True
esp32_device_001,2025-11-22T07:53:39.666667+13:00,41.4,-36.628163,174.768905,1,True
esp32_device_001,2025-11-22T07:53:40.500000+13:00,41.1,-36.628216,174.768816,1,True
esp32_device_001,2025-11-22T07:53:41.333333+13:00,40.9,-36.628263,174.768724,1,True
esp32_device_001,2025-11-22T07:53:42.166667+13:00,40.6,-36.628344,174.768510,1,True
esp32_device_001,2025-11-22T07:53:43+13:00,40.4,-36.628433,174.768433,1,False
esp32_device_001,2025-11-22T07:53:43.833333+13:00,40.2,-36.628416,174.768315,1,True
esp32_device_001,2025-11-22T07:53:44.666667+13:00,40.1,-36.628501,174.768115,1,True
esp32_device_001,2025-11-22T07:53:45.500000+13:00,40.0,-36.628566,174.768005,1,True
esp32_device_001,2025-11-22T07:53:46.333333+13:00,39.8,-36.628638,174.767915,1,True
esp32_device_001,2025-11-22T07:53:47.166667+13:00,39.6,-36.628722,174.767836,1,True
esp32_device_001,2025-11-22T07:53:48+13:00,39.5,-36.628799,174.767853,1,False
esp32_device_001,2025-11-22T07:53:50.500000+13:00,40.5,-36.628861,174.767741,1,True
esp32_device_001,2025-11-22T07:53:53+13:00,41.6,-36.62936,174.767487,1,False
esp32_device_001,2025-11-22T07:53:54+13:00,42.2,-36.629496,174.767338,1,True
esp32_device_001,2025-11-22T07:53:55+13:00,42.8,-36.629632,174.767235,1,True
esp32_device_001,2025-11-22T07:53:56+13:00,43.3,-36.629712,174.767156,1,True
esp32_device_001,2025-11-22T07:53:57+13:00,43.9,-36.629783,174.767073,1,True
esp32_device_001,2025-11-22T07:53:58+13:00,44.5,-36.629826,174.76709,1,False
esp32_device_001,2025-11-22T07:53:58.125000+13:00,44.5,-36.629859,174.766949,1,True
esp32_device_001,2025-11-22T07:53:58.250000+13:00,44.5,-36.629914,174.766835,1,True
esp32_device_001,2025-11-22T07:53:58.375000+13:00,44.5,-36.629978,174.766648,1,True
esp32_device_001,2025-11-22T07:53:58.500000+13:00,44.5,-36.630032,174.766469,1,True
esp32_device_001,2025-11-22T07:53:58.625000+13:00,44.5,-36.630039,174.766448,1,True
esp32_device_001,2025-11-22T07:53:58.750000+13:00,44.5,-36.630208,174.765890,1,True
esp32_device_001,2025-11-22T07:53:58.875000+13:00,44.5,-36.630292,174.765650,1,True
esp32_device_001,2025-11-22T07:53:59+13:00,44.5,-36.630399,174.765408,1,True
esp32_device_001,2025-11-22T07:53:59.125000+13:00,44.5,-36.630910,174.764276,1,True
esp32_device_001,2025-11-22T07:53:59.250000+13:00,44.5,-36.631059,174.764076,1,True
esp32_device_001,2025-11-22T07:53:59.375000+13:00,44.6,-36.631129,174.763999,1,True
esp32_device_001,2025-11-22T07:53:59.500000+13:00,44.6,-36.631158,174.763989,1,True
esp32_device_001,2025-11-22T07:53:59.625000+13:00,44.6,-36.631183,174.763967,1,True
esp32_device_001,2025-11-22T07:53:59.750000+13:00,44.6,-36.631303,174.763907,1,True
esp32_device_001,2025-11-22T07:53:59.875000+13:00,44.6,-36.631327,174.763895,1,True
esp32_device_001,2025-11-22T07:54:00+13:00,44.6,-36.631510,174.763791,1,True
esp32_device_001,2025-11-22T07:54:00.125000+13:00,44.6,-36.631801,174.763758,1,True
esp32_device_001,2025-11-22T07:54:00.250000+13:00,44.6,-36.632107,174.763723,1,True
esp32_device_001,2025-11-22T07:54:00.375000+13:00,44.6,-36.632136,174.763720,1,True
esp32_device_001,2025-11-22T07:54:00.500000+13:00,44.6,-36.632644,174.763665,1,True
esp32_device_001,2025-11-22T07:54:00.625000+13:00,44.6,-36.632649,174.763732,1,True
esp32_device_001,2025-11-22T07:54:00.750000+13:00,44.6,-36.632652,174.763784,1,True
esp32_device_001,2025-11-22T07:54:00.875000+13:00,44.6,-36.632652,174.763803,1,True
esp32_device_001,2025-11-22T07:54:01+13:00,44.6,-36.632650,174.763868,1,True
esp32_device_001,2025-11-22T07:54:01.125000+13:00,44.6,-36.632619,174.763945,1,True
esp32_device_001,2025-11-22T07:54:01.250000+13:00,44.6,-36.631386,174.766056,1,True
esp32_device_001,2025-11-22T07:54:01.375000+13:00,44.6,-36.631252,174.766294,1,True
esp32_device_001,2025-11-22T07:54:01.500000+13:00,44.6,-36.631060,174.766743,1,True
esp32_device_001,2025-11-22T07:54:01.625000+13:00,44.6,-36.630814,174.767476,1,True
esp32_device_001,2025-11-22T07:54:01.750000+13:00,44.7,-36.630781,174.767526,1,True
esp32_device_001,2025-11-22T07:54:01.875000+13:00,44.7,-36.630762,174.767556,1,True
esp32_device_001,2025-11-22T07:54:02+13:00,44.7,-36.630730,174.767604,1,True
esp32_device_001,2025-11-22T07:54:02.125000+13:00,44.7,-36.630682,174.767552,1,True
esp32_device_001,2025-11-22T07:54:02.250000+13:00,44.7,-36.630644,174.767501,1,True
esp32_device_001,2025-11-22T07:54:02.375000+13:00,44.7,-36.630614,174.767445,1,True
esp32_device_001,2025-11-22T07:54:02.500000+13:00,44.7,-36.630253,174.766720,1,True
esp32_device_001,2025-11-22T07:54:02.625000+13:00,44.7,-36.630161,174.766564,1,True
esp32_device_001,2025-11-22T07:54:02.750000+13:00,44.7,-36.630145,174.766546,1,True
esp32_device_001,2025-11-22T07:54:02.875000+13:00,44.7,-36.630125,174.766524,1,True
esp32_device_001,2025-11-22T07:54:03+13:00,44.7,-36.630077,174.766495,1,False
esp32_device_001,2025-11-22T07:54:04.666667+13:00,43.9,-36.630039,174.766448,1,True
esp32_device_001,2025-11-22T07:54:06.333333+13:00,43.1,-36.630208,174.765890,1,True
esp32_device_001,2025-11-22T07:54:08+13:00,42.3,-36.63028,174.765808,1,False
esp32_device_001,2025-11-22T07:54:09.666667+13:00,41.6,-36.630292,174.765650,1,True
esp32_device_001,2025-11-22T07:54:11.333333+13:00,40.9,-36.630399,174.765408,1,True
esp32_device_001,2025-11-22T07:54:13+13:00,40.2,-36.630558,174.765152,1,False
esp32_device_001,2025-11-22T07:54:18+13:00,37.8,-36.630848,174.764526,1,False
esp32_device_001,2025-11-22T07:54:19+13:00,37.3,-36.630910,174.764276,1,True
esp32_device_001,2025-11-22T07:54:20+13:00,36.8,-36.631059,174.764076,1,True
esp32_device_001,2025-11-22T07:54:21+13:00,36.4,-36.631129,174.763999,1,True
esp32_device_001,2025-11-22T07:54:22+13:00,35.9,-36.631158,174.763989,1,True
esp32_device_001,2025-11-22T07:54:23+13:00,35.4,-36.631195,174.764008,1,False
esp32_device_001,2025-11-22T07:54:24.250000+13:00,34.7,-36.631303,174.763907,1,True
esp32_device_001,2025-11-22T07:54:25.500000+13:00,34.0,-36.631327,174.763895,1,True
esp32_device_001,2025-11-22T07:54:26.750000+13:00,33.4,-36.631510,174.763791,1,True
esp32_device_001,2025-11-22T07:54:28+13:00,32.7,-36.631706,174.763809,1,False
esp32_device_001,2025-11-22T07:54:29.250000+13:00,31.7,-36.631801,174.763758,1,True
esp32_device_001,2025-11-22T07:54:30.500000+13:00,30.7,-36.632107,174.763723,1,True
esp32_device_001,2025-11-22T07:54:31.750000+13:00,29.7,-36.632136,174.763720,1,True
esp32_device_001,2025-11-22T07:54:33+13:00,28.7,-36.632309,174.763748,1,False
esp32_device_001,2025-11-22T07:54:35.500000+13:00,27.0,-36.632644,174.763665,1,True
esp32_device_001,2025-11-22T07:54:38+13:00,25.3,-36.632935,174.763672,1,False
esp32_device_001,2025-11-22T07:54:43+13:00,22.5,-36.633579,174.763596,1,False
esp32_device_001,2025-11-22T07:54:44.666667+13:00,22.0,-36.633681,174.763542,1,True
esp32_device_001,2025-11-22T07:54:46.333333+13:00,21.4,-36.634149,174.763464,1,True
esp32_device_001,2025-11-22T07:54:48+13:00,20.9,-36.634224,174.763519,1,False
esp32_device_001,2025-11-22T07:54:50.500000+13:00,20.4,-36.634709,174.763371,1,True
esp32_device_001,2025-11-22T07:54:53+13:00,19.8,-36.634819,174.763397,1,False
esp32_device_001,2025-11-22T07:54:54.666667+13:00,20.4,-36.634886,174.763306,1,True
esp32_device_001,2025-11-22T07:54:56.333333+13:00,21.1,-36.635056,174.763193,1,True
esp32_device_001,2025-11-22T07:54:58+13:00,21.7,-36.635296,174.763031,1,False
esp32_device_001,2025-11-22T07:54:59.666667+13:00,21.8,-36.635274,174.762977,1,True
esp32_device_001,2025-11-22T07:55:01.333333+13:00,21.8,-36.635620,174.762693,1,True
esp32_device_001,2025-11-22T07:55:03+13:00,21.9,-36.635765,174.76265,1,False
esp32_device_001,2025-11-22T07:55:05.500000+13:00,21.0,-36.636167,174.762302,1,True
esp32_device_001,2025-11-22T07:55:08+13:00,20.2,-36.63625,174.762299,1,False
esp32_device_001,2025-11-22T07:55:10.500000+13:00,18.3,-36.636547,174.762030,1,True
esp32_device_001,2025-11-22T07:55:13+13:00,16.4,-36.636765,174.761917,1,False
esp32_device_001,2025-11-22T07:55:15.500000+13:00,15.6,-36.637208,174.761532,1,True
esp32_device_001,2025-11-22T07:55:18+13:00,14.9,-36.637299,174.76152,1,False
esp32_device_001,2025-11-22T07:55:19.666667+13:00,15.5,-36.637412,174.761384,1,True
esp32_device_001,2025-11-22T07:55:21.333333+13:00,16.1,-36.637647,174.761152,1,True
esp32_device_001,2025-11-22T07:55:23+13:00,16.7,-36.63773,174.761108,1,False
esp32_device_001,2025-11-22T07:55:28+13:00,16.2,-36.638065,174.760544,1,False
esp32_device_001,2025-11-22T07:55:30.500000+13:00,17.0,-36.638161,174.760278,1,True
esp32_device_001,2025-11-22T07:55:33+13:00,17.8,-36.638428,174.759918,1,False
esp32_device_001,2025-11-22T07:55:35.500000+13:00,20.4,-36.638627,174.759486,1,True
esp32_device_001,2025-11-22T07:55:38+13:00,23,-36.638775,174.759338,1,False
esp32_device_001,2025-11-22T07:55:40.500000+13:00,25.6,-36.638994,174.758844,1,True
esp32_device_001,2025-11-22T07:55:43+13:00,28.3,-36.639118,174.758743,1,False
esp32_device_001,2025-11-22T07:55:44.250000+13:00,29.6,-36.639159,174.758596,1,True
esp32_device_001,2025-11-22T07:55:45.500000+13:00,31.0,-36.639233,174.758502,1,True
esp32_device_001,2025-11-22T07:55:46.750000+13:00,32.3,-36.639322,174.758412,1,True
esp32_device_001,2025-11-22T07:55:48+13:00,33.6,-36.639545,174.758301,1,False
esp32_device_001,2025-11-22T07:55:49.250000+13:00,34.4,-36.639764,174.758133,1,True
esp32_device_001,2025-11-22T07:55:50.500000+13:00,35.2,-36.639826,174.758091,1,True
esp32_device_001,2025-11-22T07:55:51.750000+13:00,36.1,-36.639981,174.757993,1,True
esp32_device_001,2025-11-22T07:55:53+13:00,36.9,-36.640057,174.757996,1,False
esp32_device_001,2025-11-22T07:55:55.500000+13:00,38.8,-36.640226,174.757840,1,True
esp32_device_001,2025-11-22T07:55:58+13:00,40.7,-36.640579,174.75769,1,False
esp32_device_001,2025-11-22T07:55:59+13:00,41.2,-36.640706,174.757545,1,True
esp32_device_001,2025-11-22T07:56:00+13:00,41.7,-36.640773,174.757492,1,True
esp32_device_001,2025-11-22T07:56:01+13:00,42.3,-36.640843,174.757424,1,True
esp32_device_001,2025-11-22T07:56:02+13:00,42.8,-36.640912,174.757318,1,True
esp32_device_001,2025-11-22T07:56:03+13:00,43.3,-36.640976,174.757278,1,False
esp32_device_001,2025-11-22T07:56:03.714286+13:00,43.2,-36.640951,174.757222,1,True
esp32_device_001,2025-11-22T07:56:04.428571+13:00,43.2,-36.640977,174.757116,1,True
esp32_device_001,2025-11-22T07:56:05.142857+13:00,43.1,-36.640980,174.757038,1,True
esp32_device_001,2025-11-22T07:56:05.857143+13:00,43.0,-36.640982,174.756960,1,True
esp32_device_001,2025-11-22T07:56:06.571429+13:00,42.9,-36.640973,174.756866,1,True
esp32_device_001,2025-11-22T07:56:07.285714+13:00,42.9,-36.640947,174.756772,1,True
esp32_device_001,2025-11-22T07:56:08+13:00,42.8,-36.640957,174.756653,1,False
esp32_device_001,2025-11-22T07:56:13+13:00,41.8,-36.640656,174.756042,1,False
esp32_device_001,2025-11-22T07:56:18+13:00,40.5,-36.640335,174.755386,1,False
esp32_device_001,2025-11-22T07:56:20.500000+13:00,40.4,-36.640234,174.755313,1,True
esp32_device_001,2025-11-22T07:56:23+13:00,40.2,-36.640007,174.75473,1,False
esp32_device_001,2025-11-22T07:56:28+13:00,41.5,-36.639679,174.754044,1,False
esp32_device_001,2025-11-22T07:56:29.250000+13:00,42.1,-36.639539,174.753929,1,True
esp32_device_001,2025-11-22T07:56:30.500000+13:00,42.7,-36.639440,174.753758,1,True
esp32_device_001,2025-11-22T07:56:31.750000+13:00,43.3,-36.639310,174.753585,1,True
esp32_device_001,2025-11-22T07:56:33+13:00,43.9,-36.639301,174.753464,1,False
esp32_device_001,2025-11-22T07:56:34+13:00,44.3,-36.639217,174.753461,1,True
esp32_device_001,2025-11-22T07:56:35+13:00,44.6,-36.639132,174.753354,1,True
esp32_device_001,2025-11-22T07:56:36+13:00,45.0,-36.639032,174.753189,1,True
esp32_device_001,2025-11-22T07:56:37+13:00,45.3,-36.639026,174.753179,1,True
esp32_device_001,2025-11-22T07:56:38+13:00,45.7,-36.638939,174.752899,1,False
esp32_device_001,2025-11-22T07:56:40.500000+13:00,46.2,-36.638620,174.752435,1,True
esp32_device_001,2025-11-22T07:56:43+13:00,46.6,-36.638596,174.752258,1,False
esp32_device_001,2025-11-22T07:56:48+13:00,45.5,-36.638264,174.751648,1,False
esp32_device_001,2025-11-22T07:56:50.500000+13:00,44.7,-36.638063,174.751422,1,True
esp32_device_001,2025-11-22T07:56:53+13:00,43.9,-36.637924,174.751022,1,False
esp32_device_001,2025-11-22T07:56:58+13:00,47,-36.637577,174.750397,1,False
esp32_device_001,2025-11-22T07:56:58.357143+13:00,47.3,-36.637392,174.750191,1,True
esp32_device_001,2025-11-22T07:56:58.714286+13:00,47.7,-36.637263,174.749956,1,True
esp32_device_001,2025-11-22T07:56:59.071429+13:00,48.0,-36.637149,174.749748,1,True
esp32_device_001,2025-11-22T07:56:59.428571+13:00,48.4,-36.636953,174.749392,1,True
esp32_device_001,2025-11-22T07:56:59.785714+13:00,48.7,-36.636906,174.749233,1,True
esp32_device_001,2025-11-22T07:57:00.142857+13:00,49.1,-36.636858,174.749144,1,True
esp32_device_001,2025-11-22T07:57:00.500000+13:00,49.4,-36.636720,174.748921,1,True
esp32_device_001,2025-11-22T07:57:00.857143+13:00,49.7,-36.636655,174.748818,1,True
esp32_device_001,2025-11-22T07:57:01.214286+13:00,50.1,-36.636612,174.748871,1,True
esp32_device_001,2025-11-22T07:57:01.571429+13:00,50.4,-36.636777,174.749130,1,True
esp32_device_001,2025-11-22T07:57:01.928571+13:00,50.8,-36.636853,174.749281,1,True
esp32_device_001,2025-11-22T07:57:02.285714+13:00,51.1,-36.636953,174.749392,1,True
esp32_device_001,2025-11-22T07:57:02.642857+13:00,51.5,-36.637149,174.749748,1,True
esp32_device_001,2025-11-22T07:57:03+13:00,51.8,-36.63726,174.749817,1,False
esp32_device_001,2025-11-22T07:57:03.357143+13:00,52.0,-36.637263,174.749956,1,True
esp32_device_001,2025-11-22T07:57:03.714286+13:00,52.2,-36.637331,174.749888,1,True
esp32_device_001,2025-11-22T07:57:04.071429+13:00,52.4,-36.637351,174.749861,1,True
esp32_device_001,2025-11-22T07:57:04.428571+13:00,52.5,-36.637358,174.749842,1,True
esp32_device_001,2025-11-22T07:57:04.785714+13:00,52.7,-36.637363,174.749823,1,True
esp32_device_001,2025-11-22T07:57:05.142857+13:00,52.9,-36.637363,174.749804,1,True
esp32_device_001,2025-11-22T07:57:05.500000+13:00,53.1,-36.637361,174.749786,1,True
esp32_device_001,2025-11-22T07:57:05.857143+13:00,53.3,-36.637355,174.749757,1,True
esp32_device_001,2025-11-22T07:57:06.214286+13:00,53.5,-36.637342,174.749725,1,True
esp32_device_001,2025-11-22T07:57:06.571429+13:00,53.7,-36.637327,174.749696,1,True
esp32_device_001,2025-11-22T07:57:06.928571+13:00,53.8,-36.637297,174.749648,1,True
esp32_device_001,2025-11-22T07:57:07.285714+13:00,54.0,-36.637228,174.749547,1,True
esp32_device_001,2025-11-22T07:57:07.642857+13:00,54.2,-36.637027,174.749283,1,True
esp32_device_001,2025-11-22T07:57:08+13:00,54.4,-36.636963,174.749283,1,False
esp32_device_001,2025-11-22T07:57:09+13:00,54.6,-36.636925,174.749187,1,True
esp32_device_001,2025-11-22T07:57:10+13:00,54.9,-36.636858,174.749144,1,True
esp32_device_001,2025-11-22T07:57:11+13:00,55.1,-36.636720,174.748921,1,True
esp32_device_001,2025-11-22T07:57:12+13:00,55.4,-36.636655,174.748818,1,True
esp32_device_001,2025-11-22T07:57:13+13:00,55.6,-36.636646,174.748779,1,False
esp32_device_001,2025-11-22T07:57:14.666667+13:00,55.4,-36.636582,174.748742,1,True
esp32_device_001,2025-11-22T07:57:16.333333+13:00,55.1,-36.636338,174.748538,1,True
esp32_device_001,2025-11-22T07:57:18+13:00,54.9,-36.636242,174.748413,1,False
esp32_device_001,2025-11-22T07:57:18.714286+13:00,54.5,-36.636192,174.748413,1,True
esp32_device_001,2025-11-22T07:57:19.428571+13:00,54.1,-36.636098,174.748333,1,True
esp32_device_001,2025-11-22T07:57:20.142857+13:00,53.7,-36.636073,174.748311,1,True
esp32_device_001,2025-11-22T07:57:20.857143+13:00,53.3,-36.635989,174.748239,1,True
esp32_device_001,2025-11-22T07:57:21.571429+13:00,52.9,-36.635909,174.748165,1,True
esp32_device_001,2025-11-22T07:57:22.285714+13:00,52.5,-36.635835,174.748095,1,True
esp32_device_001,2025-11-22T07:57:23+13:00,52.1,-36.635815,174.747986,1,False
esp32_device_001,2025-11-22T07:57:23.833333+13:00,51.2,-36.635766,174.748024,1,True
esp32_device_001,2025-11-22T07:57:24.666667+13:00,50.4,-36.635697,174.747950,1,True
esp32_device_001,2025-11-22T07:57:25.500000+13:00,49.5,-36.635628,174.747866,1,True
esp32_device_001,2025-11-22T07:57:26.333333+13:00,48.6,-36.635567,174.747779,1,True
esp32_device_001,2025-11-22T07:57:27.166667+13:00,47.8,-36.635491,174.747643,1,True
esp32_device_001,2025-11-22T07:57:28+13:00,46.9,-36.635452,174.747482,1,False
esp32_device_001,2025-11-22T07:57:29+13:00,45.8,-36.635389,174.747427,1,True
esp32_device_001,2025-11-22T07:57:30+13:00,44.7,-36.635318,174.747207,1,True
esp32_device_001,2025-11-22T07:57:31+13:00,43.7,-36.635276,174.747027,1,True
esp32_device_001,2025-11-22T07:57:32+13:00,42.6,-36.635260,174.746927,1,True
esp32_device_001,2025-11-22T07:57:33+13:00,41.5,-36.635269,174.746826,1,False
esp32_device_001,2025-11-22T07:57:33.714286+13:00,40.6,-36.635248,174.746792,1,True
esp32_device_001,2025-11-22T07:57:34.428571+13:00,39.7,-36.635239,174.746662,1,True
esp32_device_001,2025-11-22T07:57:35.142857+13:00,38.8,-36.635231,174.746552,1,True
esp32_device_001,2025-11-22T07:57:35.857143+13:00,37.9,-36.635229,174.746439,1,True
esp32_device_001,2025-11-22T07:57:36.571429+13:00,37.0,-36.635218,174.746297,1,True
esp32_device_001,2025-11-22T07:57:37.285714+13:00,36.1,-36.635186,174.746173,1,True
esp32_device_001,2025-11-22T07:57:38+13:00,35.2,-36.635242,174.74614,1,False
esp32_device_001,2025-11-22T07:57:38.250000+13:00,35.1,-36.635248,174.746184,1,True
esp32_device_001,2025-11-22T07:57:38.500000+13:00,34.9,-36.635298,174.746192,1,True
esp32_device_001,2025-11-22T07:57:38.750000+13:00,34.8,-36.635572,174.746173,1,True
esp32_device_001,2025-11-22T07:57:39+13:00,34.7,-36.635589,174.746160,1,True
esp32_device_001,2025-11-22T07:57:39.250000+13:00,34.6,-36.635604,174.746143,1,True
esp32_device_001,2025-11-22T07:57:39.500000+13:00,34.4,-36.635610,174.746123,1,True
esp32_device_001,2025-11-22T07:57:39.750000+13:00,34.3,-36.635610,174.746100,1,True
esp32_device_001,2025-11-22T07:57:40+13:00,34.2,-36.635606,174.746064,1,True
esp32_device_001,2025-11-22T07:57:40.250000+13:00,34.0,-36.635586,174.746040,1,True
esp32_device_001,2025-11-22T07:57:40.500000+13:00,33.9,-36.635562,174.746036,1,True
esp32_device_001,2025-11-22T07:57:40.750000+13:00,33.8,-36.635301,174.746051,1,True
esp32_device_001,2025-11-22T07:57:41+13:00,33.6,-36.635246,174.746042,1,True
esp32_device_001,2025-11-22T07:57:41.250000+13:00,33.5,-36.635180,174.746031,1,True
esp32_device_001,2025-11-22T07:57:41.500000+13:00,33.4,-36.635174,174.745870,1,True
esp32_device_001,2025-11-22T07:57:41.750000+13:00,33.2,-36.635237,174.745826,1,True
esp32_device_001,2025-11-22T07:57:42+13:00,33.1,-36.635305,174.745784,1,True
esp32_device_001,2025-11-22T07:57:42.250000+13:00,33.0,-36.635344,174.745661,1,True
esp32_device_001,2025-11-22T07:57:42.500000+13:00,32.9,-36.635313,174.745543,1,True
esp32_device_001,2025-11-22T07:57:42.750000+13:00,32.7,-36.635219,174.745470,1,True
esp32_device_001,2025-11-22T07:57:43+13:00,32.6,-36.635212,174.745438,1,False
esp32_device_001,2025-11-22T07:57:44+13:00,32.1,-36.635155,174.745422,1,True
esp32_device_001,2025-11-22T07:57:45+13:00,31.6,-36.635146,174.745224,1,True
esp32_device_001,2025-11-22T07:57:46+13:00,31.0,-36.635136,174.744990,1,True
esp32_device_001,2025-11-22T07:57:47+13:00,30.5,-36.635129,174.744821,1,True
esp32_device_001,2025-11-22T07:57:48+13:00,30,-36.635174,174.744751,1,False
esp32_device_001,2025-11-22T07:57:48.500000+13:00,29.6,-36.635116,174.744538,1,True
esp32_device_001,2025-11-22T07:57:49+13:00,29.3,-36.635105,174.744287,1,True
esp32_device_001,2025-11-22T07:57:49.500000+13:00,28.9,-36.635158,174.744258,1,True
esp32_device_001,2025-11-22T07:57:50+13:00,28.5,-36.635195,174.744239,1,True
esp32_device_001,2025-11-22T07:57:50.500000+13:00,28.1,-36.635211,174.744192,1,True
esp32_device_001,2025-11-22T07:57:51+13:00,27.8,-36.635216,174.744126,1,True
esp32_device_001,2025-11-22T07:57:51.500000+13:00,27.4,-36.635215,174.744062,1,True
esp32_device_001,2025-11-22T07:57:52+13:00,27.0,-36.635203,174.744032,1,True
esp32_device_001,2025-11-22T07:57:52.500000+13:00,26.7,-36.635180,174.744008,1,True
esp32_device_001,2025-11-22T07:57:53+13:00,26.3,-36.635143,174.744034,1,False
esp32_device_001,2025-11-22T07:57:53.416667+13:00,25.9,-36.635093,174.744009,1,True
esp32_device_001,2025-11-22T07:57:53.833333+13:00,25.6,-36.635081,174.743714,1,True
esp32_device_001,2025-11-22T07:57:54.250000+13:00,25.2,-36.635070,174.743468,1,True
esp32_device_001,2025-11-22T07:57:54.666667+13:00,24.9,-36.635134,174.743462,1,True
esp32_device_001,2025-11-22T07:57:55.083333+13:00,24.5,-36.635420,174.743438,1,True
esp32_device_001,2025-11-22T07:57:55.500000+13:00,24.1,-36.635426,174.743414,1,True
esp32_device_001,2025-11-22T07:57:55.916667+13:00,23.8,-36.635420,174.743307,1,True
esp32_device_001,2025-11-22T07:57:56.333333+13:00,23.4,-36.635409,174.743279,1,True
esp32_device_001,2025-11-22T07:57:56.750000+13:00,23.1,-36.635370,174.743273,1,True
esp32_device_001,2025-11-22T07:57:57.166667+13:00,22.7,-36.635197,174.743280,1,True
esp32_device_001,2025-11-22T07:57:57.583333+13:00,22.4,-36.635123,174.743298,1,True
esp32_device_001,2025-11-22T07:57:58+13:00,22,-36.635109,174.743301,1,False
esp32_device_001,2025-11-22T07:57:59.250000+13:00,21.4,-36.635063,174.743313,1,True
esp32_device_001,2025-11-22T07:58:00.500000+13:00,20.8,-36.635046,174.742921,1,True
esp32_device_001,2025-11-22T07:58:01.750000+13:00,20.2,-36.635035,174.742658,1,True
esp32_device_001,2025-11-22T07:58:03+13:00,19.6,-36.635063,174.742554,1,False
esp32_device_001,2025-11-22T07:58:05.500000+13:00,19.5,-36.635023,174.742401,1,True
esp32_device_001,2025-11-22T07:58:08+13:00,19.4,-36.635044,174.742188,1,False
esp32_device_001,2025-11-22T07:58:13+13:00,19.5,-36.634979,174.742111,1,False
esp32_device_001,2025-11-22T07:58:14.666667+13:00,18.7,-36.634948,174.742148,1,True
esp32_device_001,2025-11-22T07:58:16.333333+13:00,18.0,-36.634917,174.742151,1,True
esp32_device_001,2025-11-22T07:58:18+13:00,17.2,-36.634682,174.742126,1,False
esp32_device_001,2025-11-22T07:58:20.500000+13:00,16.1,-36.634377,174.742196,1,True
esp32_device_001,2025-11-22T07:58:23+13:00,15,-36.634331,174.742188,1,False
esp32_device_001,2025-11-22T07:58:24.666667+13:00,14.5,-36.634310,174.742215,1,True
esp32_device_001,2025-11-22T07:58:26.333333+13:00,14.1,-36.634073,174.742356,1,True
esp32_device_001,2025-11-22T07:58:28+13:00,13.6,-36.63406,174.742355,1,False
esp32_device_001,2025-11-22T07:58:33+13:00,13.8,-36.634026,174.742661,1,False
esp32_device_001,2025-11-22T07:58:45.500000+13:00,15.4,-36.634019,174.742861,1,True
esp32_device_001,2025-11-22T07:58:58+13:00,17,-36.63409,174.743103,1,False
esp32_device_001,2025-11-22T07:59:03+13:00,17.6,-36.634094,174.74321,1,False
esp32_device_001,2025-11-22T08:06:13+13:00,82.3,-36.625156,174.72226,2,False
esp32_device_001,2025-11-22T08:06:13.769231+13:00,82.1,-36.625021,174.722323,2,True
esp32_device_001,2025-11-22T08:06:14.538462+13:00,81.8,-36.624892,174.722327,2,True
esp32_device_001,2025-11-22T08:06:15.307692+13:00,81.6,-36.624780,174.722324,2,True
esp32_device_001,2025-11-22T08:06:16.076923+13:00,81.3,-36.624705,174.722312,2,True
esp32_device_001,2025-11-22T08:06:16.846154+13:00,81.1,-36.624618,174.722276,2,True
esp32_device_001,2025-11-22T08:06:17.615385+13:00,80.9,-36.624535,174.722222,2,True
esp32_device_001,2025-11-22T08:06:18.384615+13:00,80.6,-36.624456,174.722148,2,True
esp32_device_001,2025-11-22T08:06:19.153846+13:00,80.4,-36.624445,174.722058,2,True
esp32_device_001,2025-11-22T08:06:19.923077+13:00,80.2,-36.624401,174.721948,2,True
esp32_device_001,2025-11-22T08:06:20.692308+13:00,79.9,-36.624388,174.721928,2,True
esp32_device_001,2025-11-22T08:06:21.461538+13:00,79.7,-36.624322,174.721828,2,True
esp32_device_001,2025-11-22T08:06:22.230769+13:00,79.4,-36.624230,174.721688,2,True
esp32_device_001,2025-11-22T08:06:23+13:00,79.2,-36.624176,174.72168,2,False
esp32_device_001,2025-11-22T08:06:23.714286+13:00,78.4,-36.624196,174.721637,2,True
esp32_device_001,2025-11-22T08:06:24.428571+13:00,77.6,-36.624129,174.721706,2,True
esp32_device_001,2025-11-22T08:06:25.142857+13:00,76.8,-36.624034,174.721567,2,True
esp32_device_001,2025-11-22T08:06:25.857143+13:00,76.1,-36.623964,174.721449,2,True
esp32_device_001,2025-11-22T08:06:26.571429+13:00,75.3,-36.623910,174.721323,2,True
esp32_device_001,2025-11-22T08:06:27.285714+13:00,74.5,-36.623832,174.721112,2,True
esp32_device_001,2025-11-22T08:06:28+13:00,73.7,-36.623844,174.720993,2,False
esp32_device_001,2025-11-22T08:06:29.250000+13:00,72.6,-36.623660,174.720679,2,True
esp32_device_001,2025-11-22T08:06:30.500000+13:00,71.5,-36.623613,174.720602,2,True
esp32_device_001,2025-11-22T08:06:31.750000+13:00,70.3,-36.623539,174.720494,2,True
esp32_device_001,2025-11-22T08:06:33+13:00,69.2,-36.623497,174.720383,2,False
esp32_device_001,2025-11-22T08:06:34+13:00,68.5,-36.623394,174.720349,2,True
esp32_device_001,2025-11-22T08:06:35+13:00,67.8,-36.623326,174.720297,2,True
esp32_device_001,2025-11-22T08:06:36+13:00,67.0,-36.623180,174.720217,2,True
esp32_device_001,2025-11-22T08:06:37+13:00,66.3,-36.622960,174.720123,2,True
esp32_device_001,2025-11-22T08:06:38+13:00,65.6,-36.622955,174.720062,2,False
esp32_device_001,2025-11-22T08:06:39.250000+13:00,64.3,-36.622807,174.720055,2,True
esp32_device_001,2025-11-22T08:06:40.500000+13:00,62.9,-36.622645,174.719974,2,True
esp32_device_001,2025-11-22T08:06:41.750000+13:00,61.6,-36.622472,174.719856,2,True
esp32_device_001,2025-11-22T08:06:43+13:00,60.3,-36.622387,174.719711,2,False
esp32_device_001,2025-11-22T08:06:44+13:00,59.1,-36.622316,174.719727,2,True
esp32_device_001,2025-11-22T08:06:45+13:00,57.9,-36.622205,174.719602,2,True
esp32_device_001,2025-11-22T08:06:46+13:00,56.7,-36.622098,174.719468,2,True
esp32_device_001,2025-11-22T08:06:47+13:00,55.5,-36.622020,174.719349,2,True
esp32_device_001,2025-11-22T08:06:48+13:00,54.3,-36.621937,174.719101,2,False
esp32_device_001,2025-11-22T08:06:49.250000+13:00,53.1,-36.621889,174.719111,2,True
esp32_device_001,2025-11-22T08:06:50.500000+13:00,52.0,-36.621741,174.718848,2,True
esp32_device_001,2025-11-22T08:06:51.750000+13:00,50.9,-36.621711,174.718794,2,True
esp32_device_001,2025-11-22T08:06:53+13:00,49.7,-36.621574,174.718445,2,False
esp32_device_001,2025-11-22T08:06:54.666667+13:00,48.1,-36.621381,174.718171,2,True
esp32_device_001,2025-11-22T08:06:56.333333+13:00,46.5,-36.621220,174.717905,2,True
esp32_device_001,2025-11-22T08:06:58+13:00,44.9,-36.621193,174.717773,2,False
esp32_device_001,2025-11-22T08:06:58.714286+13:00,44.6,-36.621097,174.717723,2,True
esp32_device_001,2025-11-22T08:06:59.428571+13:00,44.4,-36.621042,174.717661,2,True
esp32_device_001,2025-11-22T08:07:00.142857+13:00,44.1,-36.620980,174.717600,2,True
esp32_device_001,2025-11-22T08:07:00.857143+13:00,43.9,-36.620858,174.717482,2,True
esp32_device_001,2025-11-22T08:07:01.571429+13:00,43.6,-36.620733,174.717374,2,True
esp32_device_001,2025-11-22T08:07:02.285714+13:00,43.4,-36.620642,174.717310,2,True
esp32_device_001,2025-11-22T08:07:03+13:00,43.1,-36.620651,174.717255,2,False
esp32_device_001,2025-11-22T08:07:05.500000+13:00,44.0,-36.620550,174.717250,2,True
esp32_device_001,2025-11-22T08:07:08+13:00,45,-36.620003,174.716919,2,False
esp32_device_001,2025-11-22T08:07:09.250000+13:00,45.6,-36.619537,174.716760,2,True
esp32_device_001,2025-11-22T08:07:10.500000+13:00,46.1,-36.619502,174.716736,2,True
esp32_device_001,2025-11-22T08:07:11.750000+13:00,46.7,-36.619356,174.716638,2,True
esp32_device_001,2025-11-22T08:07:13+13:00,47.3,-36.619362,174.716568,2,False
esp32_device_001,2025-11-22T08:07:14.250000+13:00,47.0,-36.619184,174.716495,2,True
esp32_device_001,2025-11-22T08:07:15.500000+13:00,46.6,-36.618904,174.716179,2,True
esp32_device_001,2025-11-22T08:07:16.750000+13:00,46.3,-36.618804,174.716033,2,True
esp32_device_001,2025-11-22T08:07:18+13:00,46,-36.618816,174.715958,2,False
esp32_device_001,2025-11-22T08:07:19.666667+13:00,45.5,-36.618700,174.715862,2,True
esp32_device_001,2025-11-22T08:07:21.333333+13:00,44.9,-36.618478,174.715468,2,True
esp32_device_001,2025-11-22T08:07:23+13:00,44.4,-36.618401,174.71524,2,False
esp32_device_001,2025-11-22T08:07:24+13:00,44.3,-36.618328,174.715210,2,True
esp32_device_001,2025-11-22T08:07:25+13:00,44.2,-36.618207,174.715029,2,True
esp32_device_001,2025-11-22T08:07:26+13:00,44.0,-36.618079,174.714872,2,True
esp32_device_001,2025-11-22T08:07:27+13:00,43.9,-36.617952,174.714729,2,True
esp32_device_001,2025-11-22T08:07:28+13:00,43.8,-36.61792,174.714615,2,False
esp32_device_001,2025-11-22T08:07:28.833333+13:00,44.2,-36.617846,174.714630,2,True
esp32_device_001,2025-11-22T08:07:29.666667+13:00,44.6,-36.617732,174.714529,2,True
esp32_device_001,2025-11-22T08:07:30.500000+13:00,45.0,-36.617592,174.714426,2,True
esp32_device_001,2025-11-22T08:07:31.333333+13:00,45.3,-36.617522,174.714381,2,True
esp32_device_001,2025-11-22T08:07:32.166667+13:00,45.7,-36.617427,174.714325,2,True
esp32_device_001,2025-11-22T08:07:33+13:00,46.1,-36.617359,174.714203,2,False
esp32_device_001,2025-11-22T08:07:34.666667+13:00,46.9,-36.617243,174.714220,2,True
esp32_device_001,2025-11-22T08:07:36.333333+13:00,47.6,-36.616779,174.713964,2,True
esp32_device_001,2025-11-22T08:07:38+13:00,48.4,-36.61676,174.713882,2,False
esp32_device_001,2025-11-22T08:07:40.500000+13:00,50.0,-36.616150,174.713625,2,True
esp32_device_001,2025-11-22T08:07:43+13:00,51.6,-36.616116,174.713516,2,False
esp32_device_001,2025-11-22T08:07:44.666667+13:00,52.6,-36.615917,174.713500,2,True
esp32_device_001,2025-11-22T08:07:46.333333+13:00,53.5,-36.615682,174.713390,2,True
esp32_device_001,2025-11-22T08:07:48+13:00,54.5,-36.615444,174.713211,2,False
esp32_device_001,2025-11-22T08:07:49+13:00,54.9,-36.615205,174.713235,2,True
esp32_device_001,2025-11-22T08:07:50+13:00,55.3,-36.615024,174.713205,2,True
esp32_device_001,2025-11-22T08:07:51+13:00,55.8,-36.614812,174.713186,2,True
esp32_device_001,2025-11-22T08:07:52+13:00,56.2,-36.614714,174.713182,2,True
esp32_device_001,2025-11-22T08:07:53+13:00,56.6,-36.614738,174.713089,2,False
esp32_device_001,2025-11-22T08:07:53.178571+13:00,56.6,-36.614708,174.713047,2,True
esp32_device_001,2025-11-22T08:07:53.357143+13:00,56.7,-36.614706,174.712988,2,True
esp32_device_001,2025-11-22T08:07:53.535714+13:00,56.7,-36.614704,174.712954,2,True
esp32_device_001,2025-11-22T08:07:53.714286+13:00,56.8,-36.614688,174.712905,2,True
esp32_device_001,2025-11-22T08:07:53.892857+13:00,56.8,-36.614626,174.712857,2,True
esp32_device_001,2025-11-22T08:07:54.071429+13:00,56.9,-36.614012,174.712832,2,True
esp32_device_001,2025-11-22T08:07:54.250000+13:00,56.9,-36.613918,174.712848,2,True
esp32_device_001,2025-11-22T08:07:54.428571+13:00,57.0,-36.613826,174.712881,2,True
esp32_device_001,2025-11-22T08:07:54.607143+13:00,57.0,-36.613709,174.712922,2,True
esp32_device_001,2025-11-22T08:07:54.785714+13:00,57.1,-36.613565,174.712889,2,True
esp32_device_001,2025-11-22T08:07:54.964286+13:00,57.1,-36.613494,174.712848,2,True
esp32_device_001,2025-11-22T08:07:55.142857+13:00,57.2,-36.613161,174.712352,2,True
esp32_device_001,2025-11-22T08:07:55.321429+13:00,57.2,-36.613494,174.712848,2,True
esp32_device_001,2025-11-22T08:07:55.500000+13:00,57.2,-36.613565,174.712889,2,True
esp32_device_001,2025-11-22T08:07:55.678571+13:00,57.3,-36.613709,174.712922,2,True
esp32_device_001,2025-11-22T08:07:55.857143+13:00,57.3,-36.613826,174.712881,2,True
esp32_device_001,2025-11-22T08:07:56.035714+13:00,57.4,-36.613918,174.712848,2,True
esp32_device_001,2025-11-22T08:07:56.214286+13:00,57.4,-36.614012,174.712832,2,True
esp32_device_001,2025-11-22T08:07:56.392857+13:00,57.5,-36.614626,174.712857,2,True
esp32_device_001,2025-11-22T08:07:56.571429+13:00,57.5,-36.614688,174.712905,2,True
esp32_device_001,2025-11-22T08:07:56.750000+13:00,57.6,-36.614704,174.712954,2,True
esp32_device_001,2025-11-22T08:07:56.928571+13:00,57.6,-36.614706,174.712988,2,True
esp32_device_001,2025-11-22T08:07:57.107143+13:00,57.7,-36.614708,174.713047,2,True
esp32_device_001,2025-11-22T08:07:57.285714+13:00,57.7,-36.614714,174.713182,2,True
esp32_device_001,2025-11-22T08:07:57.464286+13:00,57.8,-36.614533,174.713175,2,True
esp32_device_001,2025-11-22T08:07:57.642857+13:00,57.8,-36.614316,174.713193,2,True
esp32_device_001,2025-11-22T08:07:57.821429+13:00,57.9,-36.614072,174.713225,2,True
esp32_device_001,2025-11-22T08:07:58+13:00,57.9,-36.614014,174.71315,2,False
esp32_device_001,2025-11-22T08:07:58.714286+13:00,58.2,-36.613865,174.713268,2,True
esp32_device_001,2025-11-22T08:07:59.428571+13:00,58.5,-36.613845,174.713272,2,True
esp32_device_001,2025-11-22T08:08:00.142857+13:00,58.8,-36.613677,174.713301,2,True
esp32_device_001,2025-11-22T08:08:00.857143+13:00,59.2,-36.613576,174.713317,2,True
esp32_device_001,2025-11-22T08:08:01.571429+13:00,59.5,-36.613463,174.713334,2,True
esp32_device_001,2025-11-22T08:08:02.285714+13:00,59.8,-36.613331,174.713345,2,True
esp32_device_001,2025-11-22T08:08:03+13:00,60.1,-36.613293,174.713242,2,False
esp32_device_001,2025-11-22T08:08:03.625000+13:00,60.5,-36.613207,174.713336,2,True
esp32_device_001,2025-11-22T08:08:04.250000+13:00,60.8,-36.613097,174.713312,2,True
esp32_device_001,2025-11-22T08:08:04.875000+13:00,61.2,-36.612993,174.713277,2,True
esp32_device_001,2025-11-22T08:08:05.500000+13:00,61.5,-36.612900,174.713235,2,True
esp32_device_001,2025-11-22T08:08:06.125000+13:00,61.9,-36.612804,174.713180,2,True
esp32_device_001,2025-11-22T08:08:06.750000+13:00,62.3,-36.612731,174.713130,2,True
esp32_device_001,2025-11-22T08:08:07.375000+13:00,62.6,-36.612661,174.713075,2,True
esp32_device_001,2025-11-22T08:08:08+13:00,63,-36.612663,174.712952,2,False
esp32_device_001,2025-11-22T08:08:09.666667+13:00,64.2,-36.612567,174.712976,2,True
esp32_device_001,2025-11-22T08:08:11.333333+13:00,65.3,-36.612417,174.712766,2,True
esp32_device_001,2025-11-22T08:08:13+13:00,66.5,-36.612244,174.712341,2,False
esp32_device_001,2025-11-22T08:08:15.500000+13:00,68.3,-36.611885,174.711921,2,True
esp32_device_001,2025-11-22T08:08:18+13:00,70.2,-36.611843,174.711716,2,False
esp32_device_001,2025-11-22T08:08:23+13:00,73.7,-36.611443,174.711105,2,False
esp32_device_001,2025-11-22T08:08:24.250000+13:00,74.5,-36.611162,174.710841,2,True
esp32_device_001,2025-11-22T08:08:25.500000+13:00,75.2,-36.611108,174.710736,2,True
esp32_device_001,2025-11-22T08:08:26.750000+13:00,76.0,-36.611065,174.710624,2,True
esp32_device_001,2025-11-22T08:08:28+13:00,76.7,-36.611122,174.710541,2,False
esp32_device_001,2025-11-22T08:08:28.714286+13:00,76.5,-36.611032,174.710507,2,True
esp32_device_001,2025-11-22T08:08:29.428571+13:00,76.4,-36.611012,174.710397,2,True
esp32_device_001,2025-11-22T08:08:30.142857+13:00,76.2,-36.610998,174.710286,2,True
esp32_device_001,2025-11-22T08:08:30.857143+13:00,76.1,-36.610995,174.710182,2,True
esp32_device_001,2025-11-22T08:08:31.571429+13:00,75.9,-36.611003,174.710078,2,True
esp32_device_001,2025-11-22T08:08:32.285714+13:00,75.8,-36.611018,174.709977,2,True
esp32_device_001,2025-11-22T08:08:33+13:00,75.6,-36.611115,174.709793,2,False
esp32_device_001,2025-11-22T08:08:34.666667+13:00,73.7,-36.611056,174.709764,2,True
esp32_device_001,2025-11-22T08:08:36.333333+13:00,71.8,-36.611178,174.709198,2,True
esp32_device_001,2025-11-22T08:08:38+13:00,69.9,-36.611298,174.708954,2,False
esp32_device_001,2025-11-22T08:08:39.250000+13:00,68.4,-36.611262,174.708807,2,True
esp32_device_001,2025-11-22T08:08:40.500000+13:00,66.8,-36.611301,174.708629,2,True
esp32_device_001,2025-11-22T08:08:41.750000+13:00,65.3,-36.611323,174.708528,2,True
esp32_device_001,2025-11-22T08:08:43+13:00,63.8,-36.611485,174.708069,2,False
esp32_device_001,2025-11-22T08:08:44+13:00,63.1,-36.611504,174.707688,2,True
esp32_device_001,2025-11-22T08:08:45+13:00,62.4,-36.611551,174.707450,2,True
esp32_device_001,2025-11-22T08:08:46+13:00,61.7,-36.611563,174.707333,2,True
esp32_device_001,2025-11-22T08:08:47+13:00,61.0,-36.611569,174.707232,2,True
esp32_device_001,2025-11-22T08:08:48+13:00,60.3,-36.611633,174.707184,2,False
esp32_device_001,2025-11-22T08:08:48.833333+13:00,59.8,-36.611566,174.706984,2,True
esp32_device_001,2025-11-22T08:08:49.666667+13:00,59.3,-36.611523,174.706775,2,True
esp32_device_001,2025-11-22T08:08:50.500000+13:00,58.8,-36.611496,174.706673,2,True
esp32_device_001,2025-11-22T08:08:51.333333+13:00,58.2,-36.611454,174.706561,2,True
esp32_device_001,2025-11-22T08:08:52.166667+13:00,57.7,-36.611385,174.706409,2,True
esp32_device_001,2025-11-22T08:08:53+13:00,57.2,-36.611439,174.706329,2,False
esp32_device_001,2025-11-22T08:08:54.250000+13:00,56.9,-36.611256,174.706179,2,True
esp32_device_001,2025-11-22T08:08:55.500000+13:00,56.7,-36.611132,174.705994,2,True
esp32_device_001,2025-11-22T08:08:56.750000+13:00,56.4,-36.610967,174.705726,2,True
esp32_device_001,2025-11-22T08:08:58+13:00,56.1,-36.610996,174.705612,2,False
esp32_device_001,2025-11-22T08:08:59+13:00,56.1,-36.610876,174.705580,2,True
esp32_device_001,2025-11-22T08:09:00+13:00,56.0,-36.610838,174.705502,2,True
esp32_device_001,2025-11-22T08:09:01+13:00,56.0,-36.610783,174.705385,2,True
esp32_device_001,2025-11-22T08:09:02+13:00,55.9,-36.610695,174.705137,2,True
esp32_device_001,2025-11-22T08:09:03+13:00,55.9,-36.61068,174.704819,2,False
esp32_device_001,2025-11-22T08:09:04.666667+13:00,55.4,-36.610461,174.704336,2,True
esp32_device_001,2025-11-22T08:09:06.333333+13:00,55.0,-36.610407,174.704125,2,True
esp32_device_001,2025-11-22T08:09:08+13:00,54.5,-36.610474,174.703964,2,False
esp32_device_001,2025-11-22T08:09:08.714286+13:00,54.2,-36.610380,174.703930,2,True
esp32_device_001,2025-11-22T08:09:09.428571+13:00,53.9,-36.610369,174.703761,2,True
esp32_device_001,2025-11-22T08:09:10.142857+13:00,53.6,-36.610377,174.703657,2,True
esp32_device_001,2025-11-22T08:09:10.857143+13:00,53.2,-36.610393,174.703523,2,True
esp32_device_001,2025-11-22T08:09:11.571429+13:00,52.9,-36.610417,174.703404,2,True
esp32_device_001,2025-11-22T08:09:12.285714+13:00,52.6,-36.610455,174.703246,2,True
esp32_device_001,2025-11-22T08:09:13+13:00,52.3,-36.61058,174.703125,2,False
esp32_device_001,2025-11-22T08:09:15.500000+13:00,51.2,-36.610772,174.702399,2,True
esp32_device_001,2025-11-22T08:09:18+13:00,50.1,-36.610889,174.702332,2,False
esp32_device_001,2025-11-22T08:09:18.625000+13:00,49.8,-36.610844,174.702209,2,True
esp32_device_001,2025-11-22T08:09:19.250000+13:00,49.4,-36.610918,174.702013,2,True
esp32_device_001,2025-11-22T08:09:19.875000+13:00,49.0,-36.610930,174.701977,2,True
esp32_device_001,2025-11-22T08:09:20.500000+13:00,48.7,-36.610954,174.701903,2,True
esp32_device_001,2025-11-22T08:09:21.125000+13:00,48.4,-36.610983,174.701816,2,True
esp32_device_001,2025-11-22T08:09:21.750000+13:00,48.0,-36.611028,174.701684,2,True
esp32_device_001,2025-11-22T08:09:22.375000+13:00,47.6,-36.611072,174.701515,2,True
esp32_device_001,2025-11-22T08:09:23+13:00,47.3,-36.61116,174.701508,2,False
esp32_device_001,2025-11-22T08:09:24.250000+13:00,46.6,-36.611104,174.701371,2,True
esp32_device_001,2025-11-22T08:09:25.500000+13:00,46.0,-36.611143,174.701186,2,True
esp32_device_001,2025-11-22T08:09:26.750000+13:00,45.3,-36.611177,174.700986,2,True
esp32_device_001,2025-11-22T08:09:28+13:00,44.6,-36.611309,174.700623,2,False
esp32_device_001,2025-11-22T08:09:30.500000+13:00,44.7,-36.611261,174.700444,2,True
esp32_device_001,2025-11-22T08:09:33+13:00,44.7,-36.611439,174.699753,2,False
esp32_device_001,2025-11-22T08:09:35.500000+13:00,42.5,-36.611414,174.699424,2,True
esp32_device_001,2025-11-22T08:09:38+13:00,40.2,-36.611565,174.698868,2,False
esp32_device_001,2025-11-22T08:09:43+13:00,34,-36.611706,174.697937,2,False
esp32_device_001,2025-11-22T08:09:44.666667+13:00,33.2,-36.611681,174.697836,2,True
esp32_device_001,2025-11-22T08:09:46.333333+13:00,32.4,-36.611802,174.697124,2,True
esp32_device_001,2025-11-22T08:09:48+13:00,31.6,-36.61187,174.697021,2,False
esp32_device_001,2025-11-22T08:09:49.666667+13:00,32.6,-36.611904,174.696568,2,True
esp32_device_001,2025-11-22T08:09:51.333333+13:00,33.7,-36.611927,174.696452,2,True
esp32_device_001,2025-11-22T08:09:53+13:00,34.7,-36.61203,174.696152,2,False
esp32_device_001,2025-11-22T08:09:55.500000+13:00,36.0,-36.612110,174.695512,2,True
esp32_device_001,2025-11-22T08:09:58+13:00,37.3,-36.612194,174.695282,2,False
esp32_device_001,2025-11-22T08:09:59.666667+13:00,37.2,-36.612258,174.694747,2,True
esp32_device_001,2025-11-22T08:10:01.333333+13:00,37.2,-36.612349,174.694401,2,True
esp32_device_001,2025-11-22T08:10:03+13:00,37.1,-36.612389,174.694397,2,False
esp32_device_001,2025-11-22T08:10:04.666667+13:00,36.9,-36.612466,174.693951,2,True
esp32_device_001,2025-11-22T08:10:06.333333+13:00,36.8,-36.612511,174.693781,2,True
esp32_device_001,2025-11-22T08:10:08+13:00,36.6,-36.612629,174.693512,2,False
esp32_device_001,2025-11-22T08:10:13+13:00,40.6,-36.612877,174.692612,2,False
esp32_device_001,2025-11-22T08:10:14+13:00,41.9,-36.612859,174.692530,2,True
esp32_device_001,2025-11-22T08:10:15+13:00,43.3,-36.612892,174.692403,2,True
esp32_device_001,2025-11-22T08:10:16+13:00,44.6,-36.612976,174.692123,2,True
esp32_device_001,2025-11-22T08:10:17+13:00,46.0,-36.613039,174.691939,2,True
esp32_device_001,2025-11-22T08:10:18+13:00,47.3,-36.613144,174.691772,2,False
esp32_device_001,2025-11-22T08:10:19.250000+13:00,48.8,-36.613201,174.691576,2,True
esp32_device_001,2025-11-22T08:10:20.500000+13:00,50.4,-36.613323,174.691353,2,True
esp32_device_001,2025-11-22T08:10:21.750000+13:00,52.0,-36.613442,174.691149,2,True
esp32_device_001,2025-11-22T08:10:23+13:00,53.5,-36.613537,174.691055,2,False
esp32_device_001,2025-11-22T08:10:23.833333+13:00,54.0,-36.613543,174.690982,2,True
esp32_device_001,2025-11-22T08:10:24.666667+13:00,54.5,-36.613630,174.690817,2,True
esp32_device_001,2025-11-22T08:10:25.500000+13:00,55.0,-36.613718,174.690637,2,True
esp32_device_001,2025-11-22T08:10:26.333333+13:00,55.6,-36.613767,174.690512,2,True
esp32_device_001,2025-11-22T08:10:27.166667+13:00,56.1,-36.613813,174.690382,2,True
esp32_device_001,2025-11-22T08:10:28+13:00,56.6,-36.613876,174.690308,2,False
esp32_device_001,2025-11-22T08:10:29+13:00,56.7,-36.613867,174.690187,2,True
esp32_device_001,2025-11-22T08:10:30+13:00,56.9,-36.613902,174.689968,2,True
esp32_device_001,2025-11-22T08:10:31+13:00,57.0,-36.613919,174.689746,2,True
esp32_device_001,2025-11-22T08:10:32+13:00,57.2,-36.613921,174.689568,2,True
esp32_device_001,2025-11-22T08:10:33+13:00,57.3,-36.613968,174.689438,2,False
esp32_device_001,2025-11-22T08:10:34+13:00,57.8,-36.613910,174.689388,2,True
esp32_device_001,2025-11-22T08:10:35+13:00,58.4,-36.613904,174.689269,2,True
esp32_device_001,2025-11-22T08:10:36+13:00,58.9,-36.613880,174.689063,2,True
esp32_device_001,2025-11-22T08:10:37+13:00,59.5,-36.613849,174.688854,2,True
esp32_device_001,2025-11-22T08:10:38+13:00,60,-36.613857,174.688553,2,False
esp32_device_001,2025-11-22T08:10:39+13:00,60.7,-36.613779,174.688406,2,True
esp32_device_001,2025-11-22T08:10:40+13:00,61.5,-36.613736,174.688139,2,True
esp32_device_001,2025-11-22T08:10:41+13:00,62.2,-36.613682,174.687807,2,True
esp32_device_001,2025-11-22T08:10:42+13:00,63.0,-36.613673,174.687707,2,True
esp32_device_001,2025-11-22T08:10:43+13:00,63.7,-36.613724,174.687683,2,False
esp32_device_001,2025-11-22T08:10:44.250000+13:00,64.5,-36.613661,174.687576,2,True
esp32_device_001,2025-11-22T08:10:45.500000+13:00,65.2,-36.613660,174.687347,2,True
esp32_device_001,2025-11-22T08:10:46.750000+13:00,66.0,-36.613658,174.687117,2,True
esp32_device_001,2025-11-22T08:10:48+13:00,66.7,-36.613728,174.686813,2,False
esp32_device_001,2025-11-22T08:10:48.833333+13:00,66.1,-36.613679,174.686742,2,True
esp32_device_001,2025-11-22T08:10:49.666667+13:00,65.5,-36.613683,174.686689,2,True
esp32_device_001,2025-11-22T08:10:50.500000+13:00,65.0,-36.613712,174.686435,2,True
esp32_device_001,2025-11-22T08:10:51.333333+13:00,64.4,-36.613725,174.686265,2,True
esp32_device_001,2025-11-22T08:10:52.166667+13:00,63.8,-36.613748,174.686157,2,True
esp32_device_001,2025-11-22T08:10:53+13:00,63.2,-36.613773,174.685944,2,False
esp32_device_001,2025-11-22T08:10:53.833333+13:00,62.4,-36.613758,174.685739,2,True
esp32_device_001,2025-11-22T08:10:54.666667+13:00,61.7,-36.613782,174.685486,2,True
esp32_device_001,2025-11-22T08:10:55.500000+13:00,60.9,-36.613809,174.685304,2,True
esp32_device_001,2025-11-22T08:10:56.333333+13:00,60.1,-36.613831,174.685200,2,True
esp32_device_001,2025-11-22T08:10:57.166667+13:00,59.4,-36.613865,174.685062,2,True
esp32_device_001,2025-11-22T08:10:58+13:00,58.6,-36.613895,174.685043,2,False
esp32_device_001,2025-11-22T08:10:59.250000+13:00,58.4,-36.613945,174.684841,2,True
esp32_device_001,2025-11-22T08:11:00.500000+13:00,58.2,-36.614167,174.684346,2,True
esp32_device_001,2025-11-22T08:11:01.750000+13:00,57.9,-36.614206,174.684276,2,True
esp32_device_001,2025-11-22T08:11:03+13:00,57.7,-36.614285,174.684219,2,False
esp32_device_001,2025-11-22T08:11:04.666667+13:00,57.3,-36.614403,174.683925,2,True
esp32_device_001,2025-11-22T08:11:06.333333+13:00,56.9,-36.614683,174.683432,2,True
esp32_device_001,2025-11-22T08:11:08+13:00,56.5,-36.614735,174.683411,2,False
esp32_device_001,2025-11-22T08:11:10+13:00,55.6,-36.614821,174.683208,2,True
esp32_device_001,2025-11-22T08:11:12+13:00,54.6,-36.614866,174.683135,2,True
esp32_device_001,2025-11-22T08:11:14+13:00,53.7,-36.615371,174.682311,2,True
esp32_device_001,2025-11-22T08:11:16+13:00,52.8,-36.615870,174.681498,2,True
esp32_device_001,2025-11-22T08:11:18+13:00,51.9,-36.615913,174.681413,2,True
esp32_device_001,2025-11-22T08:11:20+13:00,50.9,-36.616128,174.680906,2,True
esp32_device_001,2025-11-22T08:11:22+13:00,50.0,-36.616210,174.680715,2,True
esp32_device_001,2025-11-22T08:11:24+13:00,49.1,-36.616324,174.680474,2,True
esp32_device_001,2025-11-22T08:11:26+13:00,48.1,-36.616415,174.680303,2,True
esp32_device_001,2025-11-22T08:11:28+13:00,47.2,-36.616486,174.680191,2,False
esp32_device_001,2025-11-22T08:11:29.250000+13:00,45.3,-36.616617,174.679965,2,True
esp32_device_001,2025-11-22T08:11:30.500000+13:00,43.4,-36.616732,174.679797,2,True
esp32_device_001,2025-11-22T08:11:31.750000+13:00,41.5,-36.616854,174.679597,2,True
esp32_device_001,2025-11-22T08:11:33+13:00,39.6,-36.617008,174.679382,2,False
esp32_device_001,2025-11-22T08:11:34.666667+13:00,36.9,-36.617107,174.679246,2,True
esp32_device_001,2025-11-22T08:11:36.333333+13:00,34.1,-36.617339,174.678976,2,True
esp32_device_001,2025-11-22T08:11:38+13:00,31.4,-36.617611,174.67865,2,False
esp32_device_001,2025-11-22T08:11:40.500000+13:00,27.4,-36.618191,174.677996,2,True
esp32_device_001,2025-11-22T08:11:43+13:00,23.4,-36.618248,174.677933,2,False
esp32_device_001,2025-11-22T08:11:44.666667+13:00,22.2,-36.618618,174.677519,2,True
esp32_device_001,2025-11-22T08:11:46.333333+13:00,21.0,-36.618731,174.677381,2,True
esp32_device_001,2025-11-22T08:11:48+13:00,19.8,-36.618858,174.677185,2,False
esp32_device_001,2025-11-22T08:11:49.250000+13:00,19.8,-36.619006,174.676980,2,True
esp32_device_001,2025-11-22T08:11:50.500000+13:00,19.7,-36.619201,174.676662,2,True
esp32_device_001,2025-11-22T08:11:51.750000+13:00,19.7,-36.619313,174.676509,2,True
esp32_device_001,2025-11-22T08:11:53+13:00,19.6,-36.619396,174.676376,2,False
esp32_device_001,2025-11-22T08:11:54.666667+13:00,20.1,-36.619434,174.676321,2,True
esp32_device_001,2025-11-22T08:11:56.333333+13:00,20.6,-36.619888,174.675646,2,True
esp32_device_001,2025-11-22T08:11:58+13:00,21.1,-36.619934,174.675568,2,False
esp32_device_001,2025-11-22T08:11:59.250000+13:00,22.6,-36.619972,174.675518,2,True
esp32_device_001,2025-11-22T08:12:00.500000+13:00,24.1,-36.620115,174.675289,2,True
esp32_device_001,2025-11-22T08:12:01.750000+13:00,25.5,-36.620383,174.674862,2,True
esp32_device_001,2025-11-22T08:12:03+13:00,27,-36.620449,174.674774,2,False
esp32_device_001,2025-11-22T08:12:11.333333+13:00,29.2,-36.620648,174.674392,2,True
esp32_device_001,2025-11-22T08:12:19.666667+13:00,31.4,-36.620829,174.673991,2,True
esp32_device_001,2025-11-22T08:12:28+13:00,33.6,-36.620971,174.673612,2,True
esp32_device_001,2025-11-22T08:12:36.333333+13:00,35.9,-36.621048,174.673392,2,True
esp32_device_001,2025-11-22T08:12:44.666667+13:00,38.1,-36.621234,174.672861,2,True
esp32_device_001,2025-11-22T08:12:53+13:00,40.3,-36.621479,174.672089,2,False
esp32_device_001,2025-11-22T08:12:53.128205+13:00,40.3,-36.621522,174.671926,2,True
esp32_device_001,2025-11-22T08:12:53.256410+13:00,40.2,-36.621564,174.671790,2,True
esp32_device_001,2025-11-22T08:12:53.384615+13:00,40.2,-36.621590,174.671699,2,True
esp32_device_001,2025-11-22T08:12:53.512821+13:00,40.2,-36.621614,174.671618,2,True
esp32_device_001,2025-11-22T08:12:53.641026+13:00,40.2,-36.621671,174.671432,2,True
esp32_device_001,2025-11-22T08:12:53.769231+13:00,40.1,-36.621808,174.670904,2,True
esp32_device_001,2025-11-22T08:12:53.897436+13:00,40.1,-36.621930,174.670321,2,True
esp32_device_001,2025-11-22T08:12:54.025641+13:00,40.1,-36.622055,174.669950,2,True
esp32_device_001,2025-11-22T08:12:54.153846+13:00,40.0,-36.622078,174.669892,2,True
esp32_device_001,2025-11-22T08:12:54.282051+13:00,40.0,-36.622225,174.669532,2,True
esp32_device_001,2025-11-22T08:12:54.410256+13:00,40.0,-36.622285,174.669394,2,True
esp32_device_001,2025-11-22T08:12:54.538462+13:00,40.0,-36.622345,174.669255,2,True
esp32_device_001,2025-11-22T08:12:54.666667+13:00,39.9,-36.622408,174.669115,2,True
esp32_device_001,2025-11-22T08:12:54.794872+13:00,39.9,-36.622614,174.668705,2,True
esp32_device_001,2025-11-22T08:12:54.923077+13:00,39.9,-36.622673,174.668589,2,True
esp32_device_001,2025-11-22T08:12:55.051282+13:00,39.8,-36.622776,174.668391,2,True
esp32_device_001,2025-11-22T08:12:55.179487+13:00,39.8,-36.622936,174.668086,2,True
esp32_device_001,2025-11-22T08:12:55.307692+13:00,39.8,-36.622955,174.668052,2,True
esp32_device_001,2025-11-22T08:12:55.435897+13:00,39.8,-36.622998,174.667972,2,True
esp32_device_001,2025-11-22T08:12:55.564103+13:00,39.7,-36.622910,174.667907,2,True
esp32_device_001,2025-11-22T08:12:55.692308+13:00,39.7,-36.622835,174.667850,2,True
esp32_device_001,2025-11-22T08:12:55.820513+13:00,39.7,-36.622623,174.668262,2,True
esp32_device_001,2025-11-22T08:12:55.948718+13:00,39.7,-36.622688,174.668317,2,True
esp32_device_001,2025-11-22T08:12:56.076923+13:00,39.6,-36.622776,174.668391,2,True
esp32_device_001,2025-11-22T08:12:56.205128+13:00,39.6,-36.622673,174.668589,2,True
esp32_device_001,2025-11-22T08:12:56.333333+13:00,39.6,-36.622614,174.668705,2,True
esp32_device_001,2025-11-22T08:12:56.461538+13:00,39.5,-36.622408,174.669115,2,True
esp32_device_001,2025-11-22T08:12:56.589744+13:00,39.5,-36.622345,174.669255,2,True
esp32_device_001,2025-11-22T08:12:56.717949+13:00,39.5,-36.622285,174.669394,2,True
esp32_device_001,2025-11-22T08:12:56.846154+13:00,39.5,-36.622225,174.669532,2,True
esp32_device_001,2025-11-22T08:12:56.974359+13:00,39.4,-36.622078,174.669892,2,True
esp32_device_001,2025-11-22T08:12:57.102564+13:00,39.4,-36.622055,174.669950,2,True
esp32_device_001,2025-11-22T08:12:57.230769+13:00,39.4,-36.621930,174.670321,2,True
esp32_device_001,2025-11-22T08:12:57.358974+13:00,39.3,-36.621732,174.670807,2,True
esp32_device_001,2025-11-22T08:12:57.487179+13:00,39.3,-36.621676,174.670987,2,True
esp32_device_001,2025-11-22T08:12:57.615385+13:00,39.3,-36.621517,174.671562,2,True
esp32_device_001,2025-11-22T08:12:57.743590+13:00,39.3,-36.621508,174.671598,2,True
esp32_device_001,2025-11-22T08:12:57.871795+13:00,39.2,-36.621486,174.671675,2,True
esp32_device_001,2025-11-22T08:12:58+13:00,39.2,-36.621452,174.671707,2,False
esp32_device_001,2025-11-22T08:12:58.714286+13:00,38.7,-36.621461,174.671770,2,True
esp32_device_001,2025-11-22T08:12:59.428571+13:00,38.2,-36.621564,174.671790,2,True
esp32_device_001,2025-11-22T08:13:00.142857+13:00,37.7,-36.621590,174.671699,2,True
esp32_device_001,2025-11-22T08:13:00.857143+13:00,37.2,-36.621486,174.671675,2,True
esp32_device_001,2025-11-22T08:13:01.571429+13:00,36.7,-36.621428,174.671663,2,True
esp32_device_001,2025-11-22T08:13:02.285714+13:00,36.2,-36.621284,174.671633,2,True
esp32_device_001,2025-11-22T08:13:03+13:00,35.7,-36.621078,174.67157,2,False
esp32_device_001,2025-11-22T08:13:08+13:00,31.8,-36.620621,174.671478,2,False
esp32_device_001,2025-11-22T08:13:10.500000+13:00,30.2,-36.620580,174.671499,2,True
esp32_device_001,2025-11-22T08:13:13+13:00,28.7,-36.620289,174.671417,2,False
esp32_device_001,2025-11-22T08:13:18+13:00,26.2,-36.620083,174.67128,2,False
esp32_device_001,2025-11-22T08:13:23+13:00,25.3,-36.619961,174.671402,2,False
esp32_device_001,2025-11-22T08:13:28+13:00,25.6,-36.619919,174.671677,2,False
esp32_device_001,2025-11-22T08:13:33+13:00,25.4,-36.619846,174.671906,2,False
esp32_device_001,2025-11-22T08:13:38+13:00,25.1,-36.619778,174.67218,2,False
esp32_device_001,2025-11-22T08:13:43+13:00,25.4,-36.619698,174.672501,2,False
esp32_device_001,2025-11-22T08:13:48+13:00,25.9,-36.61982,174.672668,2,False
esp32_device_001,2025-11-22T08:13:53+13:00,26.5,-36.620052,174.67276,2,False
esp32_device_001,2025-11-22T08:13:58+13:00,27,-36.620255,174.672852,2,False
esp32_device_001,2025-11-22T08:14:03+13:00,26.6,-36.620445,174.672943,2,False
esp32_device_001,2025-11-22T08:14:08+13:00,26.9,-36.620506,174.672821,2,False
esp32_device_001,2025-11-22T09:07:46+13:00,25.5,-36.620239,174.672821,3,False
esp32_device_001,2025-11-22T09:07:51+13:00,26.9,-36.620018,174.672729,3,False
esp32_device_001,2025-11-22T09:07:56+13:00,26,-36.619785,174.672638,3,False
esp32_device_001,2025-11-22T09:08:01+13:00,25.6,-36.619694,174.672516,3,False
esp32_device_001,2025-11-22T09:08:06+13:00,25.2,-36.619785,174.672226,3,False
esp32_device_001,2025-11-22T09:08:08.500000+13:00,24.9,-36.619819,174.672098,3,True
esp32_device_001,2025-11-22T09:08:11+13:00,24.5,-36.619884,174.671875,3,False
esp32_device_001,2025-11-22T09:08:13.500000+13:00,23.9,-36.619890,174.671820,3,True
esp32_device_001,2025-11-22T09:08:16+13:00,23.2,-36.62001,174.67157,3,False
esp32_device_001,2025-11-22T09:08:21+13:00,23.4,-36.620235,174.671509,3,False
esp32_device_001,2025-11-22T09:08:23.500000+13:00,25.2,-36.620411,174.671549,3,True
esp32_device_001,2025-11-22T09:08:26+13:00,27,-36.620602,174.671616,3,False
esp32_device_001,2025-11-22T09:08:27.666667+13:00,28.4,-36.620617,174.671590,3,True
esp32_device_001,2025-11-22T09:08:29.333333+13:00,29.8,-36.620951,174.671656,3,True
esp32_device_001,2025-11-22T09:08:31+13:00,31.2,-36.621021,174.671692,3,False
esp32_device_001,2025-11-22T09:08:32.666667+13:00,32.1,-36.621143,174.671695,3,True
esp32_device_001,2025-11-22T09:08:34.333333+13:00,32.9,-36.621290,174.671823,3,True
esp32_device_001,2025-11-22T09:08:36+13:00,33.8,-36.621307,174.671829,3,False
esp32_device_001,2025-11-22T09:08:41+13:00,35.3,-36.621353,174.671982,3,False
esp32_device_001,2025-11-22T09:08:43.500000+13:00,35.0,-36.621390,174.672040,3,True
esp32_device_001,2025-11-22T09:08:46+13:00,34.6,-36.621216,174.672501,3,False
esp32_device_001,2025-11-22T09:08:47.666667+13:00,34.2,-36.621173,174.672720,3,True
esp32_device_001,2025-11-22T09:08:49.333333+13:00,33.9,-36.621047,174.673094,3,True
esp32_device_001,2025-11-22T09:08:51+13:00,33.5,-36.620953,174.673325,3,False
esp32_device_001,2025-11-22T09:08:52.666667+13:00,32.6,-36.620921,174.673458,3,True
esp32_device_001,2025-11-22T09:08:54.333333+13:00,31.7,-36.620797,174.673828,3,True
esp32_device_001,2025-11-22T09:08:56+13:00,30.8,-36.620628,174.674164,3,False
esp32_device_001,2025-11-22T09:08:57.666667+13:00,28.9,-36.620596,174.674284,3,True
esp32_device_001,2025-11-22T09:08:59.333333+13:00,27.0,-36.620317,174.674762,3,True
esp32_device_001,2025-11-22T09:09:01+13:00,25.1,-36.620178,174.674957,3,False
esp32_device_001,2025-11-22T09:09:02.666667+13:00,23.6,-36.620044,174.675173,3,True
esp32_device_001,2025-11-22T09:09:04.333333+13:00,22.1,-36.619803,174.675565,3,True
esp32_device_001,2025-11-22T09:09:06+13:00,20.6,-36.619663,174.675735,3,False
esp32_device_001,2025-11-22T09:09:08.500000+13:00,20.2,-36.619358,174.676238,3,True
esp32_device_001,2025-11-22T09:09:11+13:00,19.8,-36.619144,174.676514,3,False
esp32_device_001,2025-11-22T09:09:12.250000+13:00,19.8,-36.619140,174.676568,3,True
esp32_device_001,2025-11-22T09:09:13.500000+13:00,19.9,-36.618920,174.676899,3,True
esp32_device_001,2025-11-22T09:09:14.750000+13:00,19.9,-36.618756,174.677121,3,True
esp32_device_001,2025-11-22T09:09:16+13:00,19.9,-36.618637,174.677246,3,False
esp32_device_001,2025-11-22T09:09:17.666667+13:00,21.1,-36.618620,174.677325,3,True
esp32_device_001,2025-11-22T09:09:19.333333+13:00,22.3,-36.618106,174.677945,3,True
esp32_device_001,2025-11-22T09:09:21+13:00,23.5,-36.618069,174.677948,3,False
esp32_device_001,2025-11-22T09:09:26+13:00,30.8,-36.617485,174.678604,3,False
esp32_device_001,2025-11-22T09:09:27.666667+13:00,33.3,-36.617258,174.678905,3,True
esp32_device_001,2025-11-22T09:09:29.333333+13:00,35.8,-36.617022,174.679173,3,True
esp32_device_001,2025-11-22T09:09:31+13:00,38.3,-36.616951,174.679214,3,False
esp32_device_001,2025-11-22T09:09:32.666667+13:00,40.1,-36.616776,174.679472,3,True
esp32_device_001,2025-11-22T09:09:34.333333+13:00,41.9,-36.616646,174.679634,3,True
esp32_device_001,2025-11-22T09:09:36+13:00,43.7,-36.616547,174.679626,3,False
esp32_device_001,2025-11-22T09:09:36.833333+13:00,43.8,-36.616543,174.679663,3,True
esp32_device_001,2025-11-22T09:09:37.666667+13:00,43.9,-36.616489,174.679660,3,True
esp32_device_001,2025-11-22T09:09:38.500000+13:00,44.0,-36.616426,174.679657,3,True
esp32_device_001,2025-11-22T09:09:39.333333+13:00,44.0,-36.616351,174.679613,3,True
esp32_device_001,2025-11-22T09:09:40.166667+13:00,44.1,-36.616296,174.679546,3,True
esp32_device_001,2025-11-22T09:09:41+13:00,44.2,-36.616264,174.679459,3,False
esp32_device_001,2025-11-22T09:09:41.625000+13:00,43.9,-36.616214,174.679352,3,True
esp32_device_001,2025-11-22T09:09:42.250000+13:00,43.5,-36.616186,174.679175,3,True
esp32_device_001,2025-11-22T09:09:42.875000+13:00,43.2,-36.616248,174.679160,3,True
esp32_device_001,2025-11-22T09:09:43.500000+13:00,42.9,-36.616310,174.679146,3,True
esp32_device_001,2025-11-22T09:09:44.125000+13:00,42.5,-36.616269,174.679034,3,True
esp32_device_001,2025-11-22T09:09:44.750000+13:00,42.2,-36.616228,174.678978,3,True
esp32_device_001,2025-11-22T09:09:45.375000+13:00,41.8,-36.616189,174.678981,3,True
esp32_device_001,2025-11-22T09:09:46+13:00,41.5,-36.616142,174.678955,3,False
esp32_device_001,2025-11-22T09:09:47+13:00,41.5,-36.616117,174.678961,3,True
esp32_device_001,2025-11-22T09:09:48+13:00,41.5,-36.616088,174.678860,3,True
esp32_device_001,2025-11-22T09:09:49+13:00,41.6,-36.616024,174.678733,3,True
esp32_device_001,2025-11-22T09:09:50+13:00,41.6,-36.615945,174.678606,3,True
esp32_device_001,2025-11-22T09:09:51+13:00,41.6,-36.615898,174.678467,3,False
esp32_device_001,2025-11-22T09:09:56+13:00,42,-36.615749,174.678253,3,False
esp32_device_001,2025-11-22T09:10:01+13:00,42.7,-36.615704,174.678146,3,False
esp32_device_001,2025-11-22T09:10:06+13:00,43.8,-36.615498,174.678085,3,False
esp32_device_001,2025-11-22T09:10:06.714286+13:00,43.6,-36.615489,174.678146,3,True
esp32_device_001,2025-11-22T09:10:07.428571+13:00,43.5,-36.615484,174.678170,3,True
esp32_device_001,2025-11-22T09:10:08.142857+13:00,43.3,-36.615482,174.678195,3,True
esp32_device_001,2025-11-22T09:10:08.857143+13:00,43.2,-36.615415,174.678274,3,True
esp32_device_001,2025-11-22T09:10:09.571429+13:00,43.0,-36.615380,174.678314,3,True
esp32_device_001,2025-11-22T09:10:10.285714+13:00,42.9,-36.615331,174.678371,3,True
esp32_device_001,2025-11-22T09:10:11+13:00,42.7,-36.615269,174.678406,3,False
esp32_device_001,2025-11-22T09:10:12.666667+13:00,42.0,-36.615192,174.678481,3,True
esp32_device_001,2025-11-22T09:10:14.333333+13:00,41.2,-36.614909,174.678656,3,True
esp32_device_001,2025-11-22T09:10:16+13:00,40.5,-36.614857,174.67868,3,False
esp32_device_001,2025-11-22T09:10:18.500000+13:00,39.5,-36.614611,174.678835,3,True
esp32_device_001,2025-11-22T09:10:21+13:00,38.5,-36.614445,174.678909,3,False
esp32_device_001,2025-11-22T09:10:26+13:00,37.3,-36.614208,174.679001,3,False
esp32_device_001,2025-11-22T09:10:31+13:00,36.8,-36.614178,174.679016,3,False
esp32_device_001,2025-11-22T09:10:36+13:00,36.9,-36.614147,174.679214,3,False
esp32_device_001,2025-11-22T09:10:37.666667+13:00,37.6,-36.614236,174.679488,3,True
esp32_device_001,2025-11-22T09:10:39.333333+13:00,38.2,-36.614279,174.679601,3,True
esp32_device_001,2025-11-22T09:10:41+13:00,38.9,-36.614281,174.679626,3,False
esp32_device_001,2025-11-22T09:10:42+13:00,39.6,-36.614314,174.679688,3,True
esp32_device_001,2025-11-22T09:10:43+13:00,40.4,-36.614345,174.679743,3,True
esp32_device_001,2025-11-22T09:10:44+13:00,41.1,-36.614370,174.679781,3,True
esp32_device_001,2025-11-22T09:10:45+13:00,41.9,-36.614456,174.679864,3,True
esp32_device_001,2025-11-22T09:10:46+13:00,42.6,-36.614578,174.679932,3,False
esp32_device_001,2025-11-22T09:10:51+13:00,44.3,-36.614826,174.680099,3,False
esp32_device_001,2025-11-22T09:10:56+13:00,44.4,-36.614956,174.68013,3,False
esp32_device_001,2025-11-22T09:11:01+13:00,44.3,-36.615032,174.679916,3,False
esp32_device_001,2025-11-22T09:29:16+13:00,50.3,-36.615089,174.679703,4,False
esp32_device_001,2025-11-22T09:29:21+13:00,50.8,-36.615002,174.679901,4,False
esp32_device_001,2025-11-22T09:29:26+13:00,49.4,-36.614895,174.680115,4,False
esp32_device_001,2025-11-22T09:29:31+13:00,48.5,-36.614811,174.680298,4,False
esp32_device_001,2025-11-22T09:29:36+13:00,46.8,-36.614639,174.680176,4,False
esp32_device_001,2025-11-22T09:29:41+13:00,44.9,-36.614445,174.680054,4,False
esp32_device_001,2025-11-22T09:29:46+13:00,45.1,-36.614315,174.680206,4,False
esp32_device_001,2025-11-22T09:29:51+13:00,45.7,-36.614204,174.680466,4,False
esp32_device_001,2025-11-22T09:29:56+13:00,45.5,-36.614117,174.680618,4,False
esp32_device_001,2025-11-22T09:30:01+13:00,44.6,-36.613991,174.680542,4,False
esp32_device_001,2025-11-22T09:30:06+13:00,43.3,-36.613842,174.680435,4,False
esp32_device_001,2025-11-22T09:30:11+13:00,42.9,-36.613697,174.680359,4,False
esp32_device_001,2025-11-22T09:30:41+13:00,41.4,-36.613464,174.680206,4,False
esp32_device_001,2025-11-22T09:30:46+13:00,40.9,-36.61338,174.680283,4,False
esp32_device_001,2025-11-22T09:30:51+13:00,42.3,-36.613354,174.680496,4,False
esp32_device_001,2025-11-22T09:30:56+13:00,43.7,-36.613358,174.68074,4,False
esp32_device_001,2025-11-22T09:31:01+13:00,43.3,-36.613319,174.681076,4,False
esp32_device_001,2025-11-22T09:31:02.250000+13:00,43.2,-36.613359,174.681101,4,True
esp32_device_001,2025-11-22T09:31:03.500000+13:00,43.1,-36.613352,174.681336,4,True
esp32_device_001,2025-11-22T09:31:04.750000+13:00,43.1,-36.613332,174.681467,4,True
esp32_device_001,2025-11-22T09:31:06+13:00,43,-36.613319,174.681488,4,False
esp32_device_001,2025-11-22T09:31:11+13:00,43,-36.613304,174.681793,4,False
esp32_device_001,2025-11-22T09:31:16+13:00,41.1,-36.613075,174.681717,4,False
esp32_device_001,2025-11-22T09:31:18.500000+13:00,40.0,-36.612815,174.681532,4,True
esp32_device_001,2025-11-22T09:31:21+13:00,38.8,-36.612751,174.681488,4,False
esp32_device_001,2025-11-22T09:31:26+13:00,38.7,-36.612733,174.681481,4,True
esp32_device_001,2025-11-22T09:31:31+13:00,38.6,-36.612579,174.681384,4,True
esp32_device_001,2025-11-22T09:31:36+13:00,38.5,-36.612544,174.681365,4,True
esp32_device_001,2025-11-22T09:31:41+13:00,38.4,-36.612517,174.681364,4,True
esp32_device_001,2025-11-22T09:31:46+13:00,38.2,-36.612499,174.681366,4,True
esp32_device_001,2025-11-22T09:31:51+13:00,38.1,-36.612475,174.681371,4,True
esp32_device_001,2025-11-22T09:31:56+13:00,38.0,-36.612449,174.681379,4,True
esp32_device_001,2025-11-22T09:32:01+13:00,37.9,-36.612426,174.681389,4,True
esp32_device_001,2025-11-22T09:32:06+13:00,37.8,-36.612411,174.681401,4,True
esp32_device_001,2025-11-22T09:32:11+13:00,37.7,-36.612389,174.681396,4,False
esp32_device_001,2025-11-22T09:32:12.250000+13:00,38.1,-36.612394,174.681430,4,True
esp32_device_001,2025-11-22T09:32:13.500000+13:00,38.5,-36.612380,174.681469,4,True
esp32_device_001,2025-11-22T09:32:14.750000+13:00,38.9,-36.612360,174.681542,4,True
esp32_device_001,2025-11-22T09:32:16+13:00,39.3,-36.612324,174.681747,4,False
esp32_device_001,2025-11-22T09:32:17.666667+13:00,40.9,-36.612358,174.681862,4,True
esp32_device_001,2025-11-22T09:32:19.333333+13:00,42.4,-36.612381,174.682276,4,True
esp32_device_001,2025-11-22T09:32:21+13:00,44,-36.612362,174.682434,4,False
esp32_device_001,2025-11-22T09:32:22.250000+13:00,45.1,-36.612420,174.682644,4,True
esp32_device_001,2025-11-22T09:32:23.500000+13:00,46.2,-36.612465,174.682925,4,True
esp32_device_001,2025-11-22T09:32:24.750000+13:00,47.4,-36.612478,174.683003,4,True
esp32_device_001,2025-11-22T09:32:26+13:00,48.5,-36.612488,174.683182,4,False
esp32_device_001,2025-11-22T09:32:27.250000+13:00,49.9,-36.612530,174.683242,4,True
esp32_device_001,2025-11-22T09:32:28.500000+13:00,51.2,-36.612626,174.683606,4,True
esp32_device_001,2025-11-22T09:32:29.750000+13:00,52.5,-36.612647,174.683669,4,True
esp32_device_001,2025-11-22T09:32:31+13:00,53.9,-36.612705,174.683945,4,False
esp32_device_001,2025-11-22T09:32:32.666667+13:00,55.3,-36.612755,174.683983,4,True
esp32_device_001,2025-11-22T09:32:34.333333+13:00,56.7,-36.612878,174.684307,4,True
esp32_device_001,2025-11-22T09:32:36+13:00,58.1,-36.612965,174.684586,4,False
esp32_device_001,2025-11-22T09:32:41+13:00,58.7,-36.613098,174.684845,4,False
esp32_device_001,2025-11-22T09:32:41.053191+13:00,58.7,-36.613153,174.684964,4,True
esp32_device_001,2025-11-22T09:32:41.106383+13:00,58.7,-36.613178,174.685118,4,True
esp32_device_001,2025-11-22T09:32:41.159574+13:00,58.7,-36.613184,174.685158,4,True
esp32_device_001,2025-11-22T09:32:41.212766+13:00,58.7,-36.613185,174.685196,4,True
esp32_device_001,2025-11-22T09:32:41.265957+13:00,58.8,-36.613176,174.685236,4,True
esp32_device_001,2025-11-22T09:32:41.319149+13:00,58.8,-36.613123,174.685357,4,True
esp32_device_001,2025-11-22T09:32:41.372340+13:00,58.8,-36.612792,174.685582,4,True
esp32_device_001,2025-11-22T09:32:41.425532+13:00,58.8,-36.612690,174.685643,4,True
esp32_device_001,2025-11-22T09:32:41.478723+13:00,58.8,-36.612512,174.685742,4,True
esp32_device_001,2025-11-22T09:32:41.531915+13:00,58.8,-36.612377,174.685864,4,True
esp32_device_001,2025-11-22T09:32:41.585106+13:00,58.8,-36.612184,174.685961,4,True
esp32_device_001,2025-11-22T09:32:41.638298+13:00,58.8,-36.611928,174.686089,4,True
esp32_device_001,2025-11-22T09:32:41.691489+13:00,58.9,-36.611810,174.686143,4,True
esp32_device_001,2025-11-22T09:32:41.744681+13:00,58.9,-36.611695,174.686200,4,True
esp32_device_001,2025-11-22T09:32:41.797872+13:00,58.9,-36.611381,174.686359,4,True
esp32_device_001,2025-11-22T09:32:41.851064+13:00,58.9,-36.611275,174.686412,4,True
esp32_device_001,2025-11-22T09:32:41.904255+13:00,58.9,-36.611029,174.686532,4,True
esp32_device_001,2025-11-22T09:32:41.957447+13:00,58.9,-36.610967,174.686561,4,True
esp32_device_001,2025-11-22T09:32:42.010638+13:00,58.9,-36.610863,174.686610,4,True
esp32_device_001,2025-11-22T09:32:42.063830+13:00,58.9,-36.610753,174.686600,4,True
esp32_device_001,2025-11-22T09:32:42.117021+13:00,58.9,-36.610607,174.686659,4,True
esp32_device_001,2025-11-22T09:32:42.170213+13:00,59.0,-36.610488,174.686668,4,True
esp32_device_001,2025-11-22T09:32:42.223404+13:00,59.0,-36.610419,174.686670,4,True
esp32_device_001,2025-11-22T09:32:42.276596+13:00,59.0,-36.610371,174.686675,4,True
esp32_device_001,2025-11-22T09:32:42.329787+13:00,59.0,-36.610267,174.686622,4,True
esp32_device_001,2025-11-22T09:32:42.382979+13:00,59.0,-36.610189,174.686395,4,True
esp32_device_001,2025-11-22T09:32:42.436170+13:00,59.0,-36.610122,174.686255,4,True
esp32_device_001,2025-11-22T09:32:42.489362+13:00,59.0,-36.610066,174.686164,4,True
esp32_device_001,2025-11-22T09:32:42.542553+13:00,59.0,-36.609946,174.686046,4,True
esp32_device_001,2025-11-22T09:32:42.595745+13:00,59.1,-36.609518,174.685760,4,True
esp32_device_001,2025-11-22T09:32:42.648936+13:00,59.1,-36.609313,174.685632,4,True
esp32_device_001,2025-11-22T09:32:42.702128+13:00,59.1,-36.609295,174.685622,4,True
esp32_device_001,2025-11-22T09:32:42.755319+13:00,59.1,-36.609154,174.685525,4,True
esp32_device_001,2025-11-22T09:32:42.808511+13:00,59.1,-36.609123,174.685513,4,True
esp32_device_001,2025-11-22T09:32:42.861702+13:00,59.1,-36.609134,174.685479,4,True
esp32_device_001,2025-11-22T09:32:42.914894+13:00,59.1,-36.609137,174.685443,4,True
esp32_device_001,2025-11-22T09:32:42.968085+13:00,59.1,-36.609133,174.685406,4,True
esp32_device_001,2025-11-22T09:32:43.021277+13:00,59.1,-36.609121,174.685373,4,True
esp32_device_001,2025-11-22T09:32:43.074468+13:00,59.2,-36.609102,174.685344,4,True
esp32_device_001,2025-11-22T09:32:43.127660+13:00,59.2,-36.609078,174.685323,4,True
esp32_device_001,2025-11-22T09:32:43.180851+13:00,59.2,-36.609100,174.685289,4,True
esp32_device_001,2025-11-22T09:32:43.234043+13:00,59.2,-36.609121,174.685255,4,True
esp32_device_001,2025-11-22T09:32:43.287234+13:00,59.2,-36.609471,174.684441,4,True
esp32_device_001,2025-11-22T09:32:43.340426+13:00,59.2,-36.609812,174.683595,4,True
esp32_device_001,2025-11-22T09:32:43.393617+13:00,59.2,-36.610003,174.682981,4,True
esp32_device_001,2025-11-22T09:32:43.446809+13:00,59.2,-36.610057,174.682804,4,True
esp32_device_001,2025-11-22T09:32:43.500000+13:00,59.2,-36.610143,174.682488,4,True
esp32_device_001,2025-11-22T09:32:43.553191+13:00,59.3,-36.610176,174.682321,4,True
esp32_device_001,2025-11-22T09:32:43.606383+13:00,59.3,-36.610190,174.682180,4,True
esp32_device_001,2025-11-22T09:32:43.659574+13:00,59.3,-36.610194,174.682139,4,True
esp32_device_001,2025-11-22T09:32:43.712766+13:00,59.3,-36.610210,174.682003,4,True
esp32_device_001,2025-11-22T09:32:43.765957+13:00,59.3,-36.610216,174.681952,4,True
esp32_device_001,2025-11-22T09:32:43.819149+13:00,59.3,-36.610350,174.681962,4,True
esp32_device_001,2025-11-22T09:32:43.872340+13:00,59.3,-36.610428,174.681972,4,True
esp32_device_001,2025-11-22T09:32:43.925532+13:00,59.3,-36.610537,174.681987,4,True
esp32_device_001,2025-11-22T09:32:43.978723+13:00,59.4,-36.610916,174.682051,4,True
esp32_device_001,2025-11-22T09:32:44.031915+13:00,59.4,-36.611262,174.682107,4,True
esp32_device_001,2025-11-22T09:32:44.085106+13:00,59.4,-36.611331,174.682108,4,True
esp32_device_001,2025-11-22T09:32:44.138298+13:00,59.4,-36.611361,174.682097,4,True
esp32_device_001,2025-11-22T09:32:44.191489+13:00,59.4,-36.611389,174.682076,4,True
esp32_device_001,2025-11-22T09:32:44.244681+13:00,59.4,-36.611437,174.682034,4,True
esp32_device_001,2025-11-22T09:32:44.297872+13:00,59.4,-36.611470,174.681987,4,True
esp32_device_001,2025-11-22T09:32:44.351064+13:00,59.4,-36.611539,174.681826,4,True
esp32_device_001,2025-11-22T09:32:44.404255+13:00,59.4,-36.611676,174.681533,4,True
esp32_device_001,2025-11-22T09:32:44.457447+13:00,59.5,-36.611739,174.681375,4,True
esp32_device_001,2025-11-22T09:32:44.510638+13:00,59.5,-36.611755,174.681331,4,True
esp32_device_001,2025-11-22T09:32:44.563830+13:00,59.5,-36.611781,174.681257,4,True
esp32_device_001,2025-11-22T09:32:44.617021+13:00,59.5,-36.611788,174.681199,4,True
esp32_device_001,2025-11-22T09:32:44.670213+13:00,59.5,-36.611795,174.681142,4,True
esp32_device_001,2025-11-22T09:32:44.723404+13:00,59.5,-36.611943,174.681151,4,True
esp32_device_001,2025-11-22T09:32:44.776596+13:00,59.5,-36.612043,174.681156,4,True
esp32_device_001,2025-11-22T09:32:44.829787+13:00,59.5,-36.612136,174.681159,4,True
esp32_device_001,2025-11-22T09:32:44.882979+13:00,59.6,-36.612185,174.681187,4,True
esp32_device_001,2025-11-22T09:32:44.936170+13:00,59.6,-36.612218,174.681190,4,True
esp32_device_001,2025-11-22T09:32:44.989362+13:00,59.6,-36.612260,174.681212,4,True
esp32_device_001,2025-11-22T09:32:45.042553+13:00,59.6,-36.612288,174.681232,4,True
esp32_device_001,2025-11-22T09:32:45.095745+13:00,59.6,-36.612317,174.681266,4,True
esp32_device_001,2025-11-22T09:32:45.148936+13:00,59.6,-36.612338,174.681300,4,True
esp32_device_001,2025-11-22T09:32:45.202128+13:00,59.6,-36.612356,174.681340,4,True
esp32_device_001,2025-11-22T09:32:45.255319+13:00,59.6,-36.612360,174.681542,4,True
esp32_device_001,2025-11-22T09:32:45.308511+13:00,59.6,-36.612358,174.681862,4,True
esp32_device_001,2025-11-22T09:32:45.361702+13:00,59.7,-36.612381,174.682276,4,True
esp32_device_001,2025-11-22T09:32:45.414894+13:00,59.7,-36.612420,174.682644,4,True
esp32_device_001,2025-11-22T09:32:45.468085+13:00,59.7,-36.612465,174.682925,4,True
esp32_device_001,2025-11-22T09:32:45.521277+13:00,59.7,-36.612478,174.683003,4,True
esp32_device_001,2025-11-22T09:32:45.574468+13:00,59.7,-36.612530,174.683242,4,True
esp32_device_001,2025-11-22T09:32:45.627660+13:00,59.7,-36.612626,174.683606,4,True
esp32_device_001,2025-11-22T09:32:45.680851+13:00,59.7,-36.612647,174.683669,4,True
esp32_device_001,2025-11-22T09:32:45.734043+13:00,59.7,-36.612755,174.683983,4,True
esp32_device_001,2025-11-22T09:32:45.787234+13:00,59.8,-36.612878,174.684307,4,True
esp32_device_001,2025-11-22T09:32:45.840426+13:00,59.8,-36.613110,174.684819,4,True
esp32_device_001,2025-11-22T09:32:45.893617+13:00,59.8,-36.613252,174.685074,4,True
esp32_device_001,2025-11-22T09:32:45.946809+13:00,59.8,-36.613269,174.685105,4,True
esp32_device_001,2025-11-22T09:32:46+13:00,59.8,-36.613277,174.685165,4,False
esp32_device_001,2025-11-22T09:32:46.833333+13:00,60.2,-36.613321,174.685197,4,True
esp32_device_001,2025-11-22T09:32:47.666667+13:00,60.7,-36.613380,174.685302,4,True
esp32_device_001,2025-11-22T09:32:48.500000+13:00,61.1,-36.613427,174.685384,4,True
esp32_device_001,2025-11-22T09:32:49.333333+13:00,61.5,-36.613494,174.685503,4,True
esp32_device_001,2025-11-22T09:32:50.166667+13:00,62.0,-36.613570,174.685649,4,True
esp32_device_001,2025-11-22T09:32:51+13:00,62.4,-36.613552,174.685684,4,False
esp32_device_001,2025-11-22T09:32:52+13:00,63.2,-36.613606,174.685752,4,True
esp32_device_001,2025-11-22T09:32:53+13:00,64.0,-36.613629,174.685845,4,True
esp32_device_001,2025-11-22T09:32:54+13:00,64.8,-36.613647,174.685948,4,True
esp32_device_001,2025-11-22T09:32:55+13:00,65.6,-36.613661,174.686102,4,True
esp32_device_001,2025-11-22T09:32:56+13:00,66.4,-36.613628,174.686356,4,False
esp32_device_001,2025-11-22T09:32:56.121951+13:00,66.4,-36.613683,174.686689,4,True
esp32_device_001,2025-11-22T09:32:56.243902+13:00,66.4,-36.613679,174.686742,4,True
esp32_device_001,2025-11-22T09:32:56.365854+13:00,66.5,-36.613658,174.687117,4,True
esp32_device_001,2025-11-22T09:32:56.487805+13:00,66.5,-36.613593,174.687118,4,True
esp32_device_001,2025-11-22T09:32:56.609756+13:00,66.5,-36.613581,174.687118,4,True
esp32_device_001,2025-11-22T09:32:56.731707+13:00,66.5,-36.613224,174.687129,4,True
esp32_device_001,2025-11-22T09:32:56.853659+13:00,66.6,-36.613186,174.687120,4,True
esp32_device_001,2025-11-22T09:32:56.975610+13:00,66.6,-36.613153,174.687091,4,True
esp32_device_001,2025-11-22T09:32:57.097561+13:00,66.6,-36.613134,174.687055,4,True
esp32_device_001,2025-11-22T09:32:57.219512+13:00,66.6,-36.613080,174.686898,4,True
esp32_device_001,2025-11-22T09:32:57.341463+13:00,66.6,-36.613059,174.686841,4,True
esp32_device_001,2025-11-22T09:32:57.463415+13:00,66.7,-36.613030,174.686803,4,True
esp32_device_001,2025-11-22T09:32:57.585366+13:00,66.7,-36.613002,174.686782,4,True
esp32_device_001,2025-11-22T09:32:57.707317+13:00,66.7,-36.612968,174.686767,4,True
esp32_device_001,2025-11-22T09:32:57.829268+13:00,66.7,-36.612924,174.686766,4,True
esp32_device_001,2025-11-22T09:32:57.951220+13:00,66.8,-36.612858,174.686772,4,True
esp32_device_001,2025-11-22T09:32:58.073171+13:00,66.8,-36.612735,174.686782,4,True
esp32_device_001,2025-11-22T09:32:58.195122+13:00,66.8,-36.612675,174.686787,4,True
esp32_device_001,2025-11-22T09:32:58.317073+13:00,66.8,-36.612608,174.686790,4,True
esp32_device_001,2025-11-22T09:32:58.439024+13:00,66.8,-36.612544,174.686789,4,True
esp32_device_001,2025-11-22T09:32:58.560976+13:00,66.9,-36.612437,174.686785,4,True
esp32_device_001,2025-11-22T09:32:58.682927+13:00,66.9,-36.612309,174.686781,4,True
esp32_device_001,2025-11-22T09:32:58.804878+13:00,66.9,-36.612437,174.686785,4,True
esp32_device_001,2025-11-22T09:32:58.926829+13:00,66.9,-36.612544,174.686789,4,True
esp32_device_001,2025-11-22T09:32:59.048780+13:00,66.9,-36.612608,174.686790,4,True
esp32_device_001,2025-11-22T09:32:59.170732+13:00,67.0,-36.612675,174.686787,4,True
esp32_device_001,2025-11-22T09:32:59.292683+13:00,67.0,-36.612735,174.686782,4,True
esp32_device_001,2025-11-22T09:32:59.414634+13:00,67.0,-36.612858,174.686772,4,True
esp32_device_001,2025-11-22T09:32:59.536585+13:00,67.0,-36.612924,174.686766,4,True
esp32_device_001,2025-11-22T09:32:59.658537+13:00,67.1,-36.612968,174.686767,4,True
esp32_device_001,2025-11-22T09:32:59.780488+13:00,67.1,-36.613002,174.686782,4,True
esp32_device_001,2025-11-22T09:32:59.902439+13:00,67.1,-36.613030,174.686803,4,True
esp32_device_001,2025-11-22T09:33:00.024390+13:00,67.1,-36.613059,174.686841,4,True
esp32_device_001,2025-11-22T09:33:00.146341+13:00,67.1,-36.613080,174.686898,4,True
esp32_device_001,2025-11-22T09:33:00.268293+13:00,67.2,-36.613134,174.687055,4,True
esp32_device_001,2025-11-22T09:33:00.390244+13:00,67.2,-36.613153,174.687091,4,True
esp32_device_001,2025-11-22T09:33:00.512195+13:00,67.2,-36.613186,174.687120,4,True
esp32_device_001,2025-11-22T09:33:00.634146+13:00,67.2,-36.613224,174.687129,4,True
esp32_device_001,2025-11-22T09:33:00.756098+13:00,67.3,-36.613581,174.687118,4,True
esp32_device_001,2025-11-22T09:33:00.878049+13:00,67.3,-36.613593,174.687118,4,True
esp32_device_001,2025-11-22T09:33:01+13:00,67.3,-36.613621,174.687134,4,False
esp32_device_001,2025-11-22T09:33:01.833333+13:00,66.8,-36.613658,174.687117,4,True
esp32_device_001,2025-11-22T09:33:02.666667+13:00,66.3,-36.613660,174.687347,4,True
esp32_device_001,2025-11-22T09:33:03.500000+13:00,65.8,-36.613661,174.687576,4,True
esp32_device_001,2025-11-22T09:33:04.333333+13:00,65.4,-36.613673,174.687707,4,True
esp32_device_001,2025-11-22T09:33:05.166667+13:00,64.9,-36.613682,174.687807,4,True
esp32_device_001,2025-11-22T09:33:06+13:00,64.4,-36.61367,174.687973,4,False
esp32_device_001,2025-11-22T09:33:07.666667+13:00,63.3,-36.613736,174.688139,4,True
esp32_device_001,2025-11-22T09:33:09.333333+13:00,62.1,-36.613779,174.688406,4,True
esp32_device_001,2025-11-22T09:33:11+13:00,61,-36.613811,174.688782,4,False
esp32_device_001,2025-11-22T09:33:12+13:00,60.5,-36.613849,174.688854,4,True
esp32_device_001,2025-11-22T09:33:13+13:00,59.9,-36.613880,174.689063,4,True
esp32_device_001,2025-11-22T09:33:14+13:00,59.4,-36.613904,174.689269,4,True
esp32_device_001,2025-11-22T09:33:15+13:00,58.8,-36.613910,174.689388,4,True
esp32_device_001,2025-11-22T09:33:16+13:00,58.3,-36.613884,174.689545,4,False
esp32_device_001,2025-11-22T09:33:16.128205+13:00,58.3,-36.613921,174.689568,4,True
esp32_device_001,2025-11-22T09:33:16.256410+13:00,58.2,-36.613919,174.689746,4,True
esp32_device_001,2025-11-22T09:33:16.384615+13:00,58.2,-36.613902,174.689968,4,True
esp32_device_001,2025-11-22T09:33:16.512821+13:00,58.2,-36.613867,174.690187,4,True
esp32_device_001,2025-11-22T09:33:16.641026+13:00,58.2,-36.613810,174.690152,4,True
esp32_device_001,2025-11-22T09:33:16.769231+13:00,58.1,-36.613786,174.690138,4,True
esp32_device_001,2025-11-22T09:33:16.897436+13:00,58.1,-36.613331,174.689834,4,True
esp32_device_001,2025-11-22T09:33:17.025641+13:00,58.1,-36.613201,174.689743,4,True
esp32_device_001,2025-11-22T09:33:17.153846+13:00,58.0,-36.613139,174.689678,4,True
esp32_device_001,2025-11-22T09:33:17.282051+13:00,58.0,-36.613109,174.689633,4,True
esp32_device_001,2025-11-22T09:33:17.410256+13:00,58.0,-36.613083,174.689673,4,True
esp32_device_001,2025-11-22T09:33:17.538462+13:00,58.0,-36.613028,174.689758,4,True
esp32_device_001,2025-11-22T09:33:17.666667+13:00,57.9,-36.612996,174.689824,4,True
esp32_device_001,2025-11-22T09:33:17.794872+13:00,57.9,-36.612968,174.689819,4,True
esp32_device_001,2025-11-22T09:33:17.923077+13:00,57.9,-36.612938,174.689848,4,True
esp32_device_001,2025-11-22T09:33:18.051282+13:00,57.8,-36.612927,174.689868,4,True
esp32_device_001,2025-11-22T09:33:18.179487+13:00,57.8,-36.612919,174.689895,4,True
esp32_device_001,2025-11-22T09:33:18.307692+13:00,57.8,-36.612909,174.690049,4,True
esp32_device_001,2025-11-22T09:33:18.435897+13:00,57.8,-36.612900,174.690128,4,True
esp32_device_001,2025-11-22T09:33:18.564103+13:00,57.7,-36.612900,174.690159,4,True
esp32_device_001,2025-11-22T09:33:18.692308+13:00,57.7,-36.612905,174.690178,4,True
esp32_device_001,2025-11-22T09:33:18.820513+13:00,57.7,-36.612915,174.690193,4,True
esp32_device_001,2025-11-22T09:33:18.948718+13:00,57.7,-36.612932,174.690203,4,True
esp32_device_001,2025-11-22T09:33:19.076923+13:00,57.6,-36.612990,174.690217,4,True
esp32_device_001,2025-11-22T09:33:19.205128+13:00,57.6,-36.613014,174.690165,4,True
esp32_device_001,2025-11-22T09:33:19.333333+13:00,57.6,-36.613033,174.690055,4,True
esp32_device_001,2025-11-22T09:33:19.461538+13:00,57.5,-36.613045,174.689955,4,True
esp32_device_001,2025-11-22T09:33:19.589744+13:00,57.5,-36.613038,174.689898,4,True
esp32_device_001,2025-11-22T09:33:19.717949+13:00,57.5,-36.613016,174.689850,4,True
esp32_device_001,2025-11-22T09:33:19.846154+13:00,57.5,-36.612996,174.689824,4,True
esp32_device_001,2025-11-22T09:33:19.974359+13:00,57.4,-36.613028,174.689758,4,True
esp32_device_001,2025-11-22T09:33:20.102564+13:00,57.4,-36.613083,174.689673,4,True
esp32_device_001,2025-11-22T09:33:20.230769+13:00,57.4,-36.613109,174.689633,4,True
esp32_device_001,2025-11-22T09:33:20.358974+13:00,57.3,-36.613139,174.689678,4,True
esp32_device_001,2025-11-22T09:33:20.487179+13:00,57.3,-36.613201,174.689743,4,True
esp32_device_001,2025-11-22T09:33:20.615385+13:00,57.3,-36.613331,174.689834,4,True
esp32_device_001,2025-11-22T09:33:20.743590+13:00,57.3,-36.613786,174.690138,4,True
esp32_device_001,2025-11-22T09:33:20.871795+13:00,57.2,-36.613810,174.690152,4,True
esp32_device_001,2025-11-22T09:33:21+13:00,57.2,-36.613823,174.690201,4,False
esp32_device_001,2025-11-22T09:33:21.833333+13:00,57.0,-36.613867,174.690187,4,True
esp32_device_001,2025-11-22T09:33:22.666667+13:00,56.7,-36.613813,174.690382,4,True
esp32_device_001,2025-11-22T09:33:23.500000+13:00,56.5,-36.613767,174.690512,4,True
esp32_device_001,2025-11-22T09:33:24.333333+13:00,56.3,-36.613718,174.690637,4,True
esp32_device_001,2025-11-22T09:33:25.166667+13:00,56.0,-36.613630,174.690817,4,True
esp32_device_001,2025-11-22T09:33:26+13:00,55.8,-36.613564,174.690857,4,False
esp32_device_001,2025-11-22T09:33:26.161290+13:00,55.7,-36.613543,174.690982,4,True
esp32_device_001,2025-11-22T09:33:26.322581+13:00,55.5,-36.613442,174.691149,4,True
esp32_device_001,2025-11-22T09:33:26.483871+13:00,55.4,-36.613386,174.691096,4,True
esp32_device_001,2025-11-22T09:33:26.645161+13:00,55.2,-36.613357,174.691075,4,True
esp32_device_001,2025-11-22T09:33:26.806452+13:00,55.1,-36.613306,174.691067,4,True
esp32_device_001,2025-11-22T09:33:26.967742+13:00,54.9,-36.613261,174.691079,4,True
esp32_device_001,2025-11-22T09:33:27.129032+13:00,54.8,-36.613205,174.691111,4,True
esp32_device_001,2025-11-22T09:33:27.290323+13:00,54.6,-36.613167,174.691135,4,True
esp32_device_001,2025-11-22T09:33:27.451613+13:00,54.5,-36.612885,174.691375,4,True
esp32_device_001,2025-11-22T09:33:27.612903+13:00,54.3,-36.612729,174.691519,4,True
esp32_device_001,2025-11-22T09:33:27.774194+13:00,54.2,-36.612690,174.691553,4,True
esp32_device_001,2025-11-22T09:33:27.935484+13:00,54.1,-36.612651,174.691612,4,True
esp32_device_001,2025-11-22T09:33:28.096774+13:00,53.9,-36.612623,174.691669,4,True
esp32_device_001,2025-11-22T09:33:28.258065+13:00,53.8,-36.612594,174.691744,4,True
esp32_device_001,2025-11-22T09:33:28.419355+13:00,53.6,-36.612576,174.691804,4,True
esp32_device_001,2025-11-22T09:33:28.580645+13:00,53.5,-36.612566,174.691857,4,True
esp32_device_001,2025-11-22T09:33:28.741935+13:00,53.3,-36.612563,174.691914,4,True
esp32_device_001,2025-11-22T09:33:28.903226+13:00,53.2,-36.612579,174.691993,4,True
esp32_device_001,2025-11-22T09:33:29.064516+13:00,53.0,-36.612596,174.692050,4,True
esp32_device_001,2025-11-22T09:33:29.225806+13:00,52.9,-36.612614,174.692104,4,True
esp32_device_001,2025-11-22T09:33:29.387097+13:00,52.8,-36.612649,174.692172,4,True
esp32_device_001,2025-11-22T09:33:29.548387+13:00,52.6,-36.612696,174.692245,4,True
esp32_device_001,2025-11-22T09:33:29.709677+13:00,52.5,-36.612761,174.692316,4,True
esp32_device_001,2025-11-22T09:33:29.870968+13:00,52.3,-36.612785,174.692336,4,True
esp32_device_001,2025-11-22T09:33:30.032258+13:00,52.2,-36.612815,174.692360,4,True
esp32_device_001,2025-11-22T09:33:30.193548+13:00,52.0,-36.612845,174.692381,4,True
esp32_device_001,2025-11-22T09:33:30.354839+13:00,51.9,-36.612892,174.692403,4,True
esp32_device_001,2025-11-22T09:33:30.516129+13:00,51.7,-36.612976,174.692123,4,True
esp32_device_001,2025-11-22T09:33:30.677419+13:00,51.6,-36.613039,174.691939,4,True
esp32_device_001,2025-11-22T09:33:30.838710+13:00,51.4,-36.613111,174.691759,4,True
esp32_device_001,2025-11-22T09:33:31+13:00,51.3,-36.613171,174.691559,4,False
esp32_device_001,2025-11-22T09:33:31.185185+13:00,51.0,-36.613323,174.691353,4,True
esp32_device_001,2025-11-22T09:33:31.370370+13:00,50.7,-36.613442,174.691149,4,True
esp32_device_001,2025-11-22T09:33:31.555556+13:00,50.5,-36.613386,174.691096,4,True
esp32_device_001,2025-11-22T09:33:31.740741+13:00,50.2,-36.613357,174.691075,4,True
esp32_device_001,2025-11-22T09:33:31.925926+13:00,49.9,-36.613306,174.691067,4,True
esp32_device_001,2025-11-22T09:33:32.111111+13:00,49.6,-36.613261,174.691079,4,True
esp32_device_001,2025-11-22T09:33:32.296296+13:00,49.3,-36.613205,174.691111,4,True
esp32_device_001,2025-11-22T09:33:32.481481+13:00,49.0,-36.613167,174.691135,4,True
esp32_device_001,2025-11-22T09:33:32.666667+13:00,48.8,-36.612885,174.691375,4,True
esp32_device_001,2025-11-22T09:33:32.851852+13:00,48.5,-36.612729,174.691519,4,True
esp32_device_001,2025-11-22T09:33:33.037037+13:00,48.2,-36.612690,174.691553,4,True
esp32_device_001,2025-11-22T09:33:33.222222+13:00,47.9,-36.612651,174.691612,4,True
esp32_device_001,2025-11-22T09:33:33.407407+13:00,47.6,-36.612623,174.691669,4,True
esp32_device_001,2025-11-22T09:33:33.592593+13:00,47.4,-36.612594,174.691744,4,True
esp32_device_001,2025-11-22T09:33:33.777778+13:00,47.1,-36.612576,174.691804,4,True
esp32_device_001,2025-11-22T09:33:33.962963+13:00,46.8,-36.612566,174.691857,4,True
esp32_device_001,2025-11-22T09:33:34.148148+13:00,46.5,-36.612563,174.691914,4,True
esp32_device_001,2025-11-22T09:33:34.333333+13:00,46.2,-36.612579,174.691993,4,True
esp32_device_001,2025-11-22T09:33:34.518519+13:00,46.0,-36.612596,174.692050,4,True
esp32_device_001,2025-11-22T09:33:34.703704+13:00,45.7,-36.612614,174.692104,4,True
esp32_device_001,2025-11-22T09:33:34.888889+13:00,45.4,-36.612649,174.692172,4,True
esp32_device_001,2025-11-22T09:33:35.074074+13:00,45.1,-36.612696,174.692245,4,True
esp32_device_001,2025-11-22T09:33:35.259259+13:00,44.8,-36.612761,174.692316,4,True
esp32_device_001,2025-11-22T09:33:35.444444+13:00,44.5,-36.612785,174.692336,4,True
esp32_device_001,2025-11-22T09:33:35.629630+13:00,44.3,-36.612815,174.692360,4,True
esp32_device_001,2025-11-22T09:33:35.814815+13:00,44.0,-36.612845,174.692381,4,True
esp32_device_001,2025-11-22T09:33:36+13:00,43.7,-36.612862,174.692413,4,False
esp32_device_001,2025-11-22T09:33:37.666667+13:00,42.1,-36.612892,174.692403,4,True
esp32_device_001,2025-11-22T09:33:39.333333+13:00,40.6,-36.612859,174.692530,4,True
esp32_device_001,2025-11-22T09:33:41+13:00,39,-36.612606,174.693298,4,False
esp32_device_001,2025-11-22T09:33:42.666667+13:00,39.2,-36.612511,174.693781,4,True
esp32_device_001,2025-11-22T09:33:44.333333+13:00,39.3,-36.612466,174.693951,4,True
esp32_device_001,2025-11-22T09:33:46+13:00,39.5,-36.612358,174.694183,4,False
esp32_device_001,2025-11-22T09:33:47.666667+13:00,39.6,-36.612349,174.694401,4,True
esp32_device_001,2025-11-22T09:33:49.333333+13:00,39.8,-36.612258,174.694747,4,True
esp32_device_001,2025-11-22T09:33:51+13:00,39.9,-36.612144,174.695084,4,False
esp32_device_001,2025-11-22T09:33:53.500000+13:00,38.1,-36.612110,174.695512,4,True
esp32_device_001,2025-11-22T09:33:56+13:00,36.3,-36.611961,174.695969,4,False
esp32_device_001,2025-11-22T09:33:57.666667+13:00,34.9,-36.611927,174.696452,4,True
esp32_device_001,2025-11-22T09:33:59.333333+13:00,33.4,-36.611904,174.696568,4,True
esp32_device_001,2025-11-22T09:34:01+13:00,32,-36.611782,174.696884,4,False
esp32_device_001,2025-11-22T09:34:02.666667+13:00,32.4,-36.611802,174.697124,4,True
esp32_device_001,2025-11-22T09:34:04.333333+13:00,32.7,-36.611681,174.697836,4,True
esp32_device_001,2025-11-22T09:34:06+13:00,33.1,-36.611614,174.69783,4,False
esp32_device_001,2025-11-22T09:34:11+13:00,38.7,-36.611465,174.698776,4,False
esp32_device_001,2025-11-22T09:34:13.500000+13:00,41.2,-36.611414,174.699424,4,True
esp32_device_001,2025-11-22T09:34:16+13:00,43.7,-36.611313,174.699692,4,False
esp32_device_001,2025-11-22T09:34:18.500000+13:00,43.8,-36.611261,174.700444,4,True
esp32_device_001,2025-11-22T09:34:21+13:00,43.9,-36.611168,174.700562,4,False
esp32_device_001,2025-11-22T09:34:22.666667+13:00,44.3,-36.611177,174.700986,4,True
esp32_device_001,2025-11-22T09:34:24.333333+13:00,44.7,-36.611143,174.701186,4,True
esp32_device_001,2025-11-22T09:34:26+13:00,45.1,-36.611053,174.701233,4,False
esp32_device_001,2025-11-22T09:34:31+13:00,46.1,-36.610996,174.701477,4,False
esp32_device_001,2025-11-22T09:34:36+13:00,46.7,-36.610977,174.701553,4,False
esp32_device_001,2025-11-22T09:34:41+13:00,47.4,-36.610931,174.701706,4,False
esp32_device_001,2025-11-22T09:34:41.208333+13:00,47.5,-36.610866,174.701785,4,True
esp32_device_001,2025-11-22T09:34:41.416667+13:00,47.6,-36.610502,174.701687,4,True
esp32_device_001,2025-11-22T09:34:41.625000+13:00,47.7,-36.610376,174.701616,4,True
esp32_device_001,2025-11-22T09:34:41.833333+13:00,47.8,-36.610349,174.701717,4,True
esp32_device_001,2025-11-22T09:34:42.041667+13:00,47.9,-36.610331,174.701772,4,True
esp32_device_001,2025-11-22T09:34:42.250000+13:00,48.0,-36.610306,174.701856,4,True
esp32_device_001,2025-11-22T09:34:42.458333+13:00,48.1,-36.610277,174.702093,4,True
esp32_device_001,2025-11-22T09:34:42.666667+13:00,48.2,-36.610256,174.702206,4,True
esp32_device_001,2025-11-22T09:34:42.875000+13:00,48.3,-36.610236,174.702261,4,True
esp32_device_001,2025-11-22T09:34:43.083333+13:00,48.4,-36.610209,174.702355,4,True
esp32_device_001,2025-11-22T09:34:43.291667+13:00,48.5,-36.610123,174.702643,4,True
esp32_device_001,2025-11-22T09:34:43.500000+13:00,48.5,-36.610209,174.702355,4,True
esp32_device_001,2025-11-22T09:34:43.708333+13:00,48.6,-36.610236,174.702261,4,True
esp32_device_001,2025-11-22T09:34:43.916667+13:00,48.7,-36.610256,174.702206,4,True
esp32_device_001,2025-11-22T09:34:44.125000+13:00,48.8,-36.610277,174.702093,4,True
esp32_device_001,2025-11-22T09:34:44.333333+13:00,48.9,-36.610306,174.701856,4,True
esp32_device_001,2025-11-22T09:34:44.541667+13:00,49.0,-36.610331,174.701772,4,True
esp32_device_001,2025-11-22T09:34:44.750000+13:00,49.1,-36.610349,174.701717,4,True
esp32_device_001,2025-11-22T09:34:44.958333+13:00,49.2,-36.610376,174.701616,4,True
esp32_device_001,2025-11-22T09:34:45.166667+13:00,49.3,-36.610502,174.701687,4,True
esp32_device_001,2025-11-22T09:34:45.375000+13:00,49.4,-36.610732,174.701912,4,True
esp32_device_001,2025-11-22T09:34:45.583333+13:00,49.5,-36.610768,174.701983,4,True
esp32_device_001,2025-11-22T09:34:45.791667+13:00,49.6,-36.610796,174.702059,4,True
esp32_device_001,2025-11-22T09:34:46+13:00,49.7,-36.610767,174.702148,4,False
esp32_device_001,2025-11-22T09:34:47.666667+13:00,50.6,-36.610844,174.702209,4,True
esp32_device_001,2025-11-22T09:34:49.333333+13:00,51.5,-36.610772,174.702399,4,True
esp32_device_001,2025-11-22T09:34:51+13:00,52.4,-36.610516,174.702805,4,False
esp32_device_001,2025-11-22T09:34:52+13:00,52.9,-36.610513,174.703087,4,True
esp32_device_001,2025-11-22T09:34:53+13:00,53.4,-36.610455,174.703246,4,True
esp32_device_001,2025-11-22T09:34:54+13:00,53.8,-36.610417,174.703404,4,True
esp32_device_001,2025-11-22T09:34:55+13:00,54.3,-36.610393,174.703523,4,True
esp32_device_001,2025-11-22T09:34:56+13:00,54.8,-36.610313,174.703568,4,False
esp32_device_001,2025-11-22T09:34:56.833333+13:00,54.9,-36.610377,174.703657,4,True
esp32_device_001,2025-11-22T09:34:57.666667+13:00,55.1,-36.610369,174.703761,4,True
esp32_device_001,2025-11-22T09:34:58.500000+13:00,55.2,-36.610380,174.703930,4,True
esp32_device_001,2025-11-22T09:34:59.333333+13:00,55.3,-36.610407,174.704125,4,True
esp32_device_001,2025-11-22T09:35:00.166667+13:00,55.5,-36.610461,174.704336,4,True
esp32_device_001,2025-11-22T09:35:01+13:00,55.6,-36.610409,174.704407,4,False
esp32_device_001,2025-11-22T09:35:01.312500+13:00,55.8,-36.610383,174.704387,4,True
esp32_device_001,2025-11-22T09:35:01.625000+13:00,55.9,-36.609631,174.704972,4,True
esp32_device_001,2025-11-22T09:35:01.937500+13:00,56.1,-36.609537,174.704888,4,True
esp32_device_001,2025-11-22T09:35:02.250000+13:00,56.2,-36.609423,174.704811,4,True
esp32_device_001,2025-11-22T09:35:02.562500+13:00,56.4,-36.609371,174.704777,4,True
esp32_device_001,2025-11-22T09:35:02.875000+13:00,56.5,-36.609342,174.704774,4,True
esp32_device_001,2025-11-22T09:35:03.187500+13:00,56.6,-36.609286,174.704797,4,True
esp32_device_001,2025-11-22T09:35:03.500000+13:00,56.8,-36.609342,174.704774,4,True
esp32_device_001,2025-11-22T09:35:03.812500+13:00,57.0,-36.609371,174.704777,4,True
esp32_device_001,2025-11-22T09:35:04.125000+13:00,57.1,-36.609423,174.704811,4,True
esp32_device_001,2025-11-22T09:35:04.437500+13:00,57.2,-36.609537,174.704888,4,True
esp32_device_001,2025-11-22T09:35:04.750000+13:00,57.4,-36.609631,174.704972,4,True
esp32_device_001,2025-11-22T09:35:05.062500+13:00,57.5,-36.610383,174.704387,4,True
esp32_device_001,2025-11-22T09:35:05.375000+13:00,57.7,-36.610461,174.704336,4,True
esp32_device_001,2025-11-22T09:35:05.687500+13:00,57.9,-36.610695,174.705137,4,True
esp32_device_001,2025-11-22T09:35:06+13:00,58,-36.610657,174.705215,4,False
esp32_device_001,2025-11-22T09:35:07+13:00,58.0,-36.610783,174.705385,4,True
esp32_device_001,2025-11-22T09:35:08+13:00,58.1,-36.610838,174.705502,4,True
esp32_device_001,2025-11-22T09:35:09+13:00,58.1,-36.610876,174.705580,4,True
esp32_device_001,2025-11-22T09:35:10+13:00,58.2,-36.610967,174.705726,4,True
esp32_device_001,2025-11-22T09:35:11+13:00,58.2,-36.611023,174.705948,4,False
esp32_device_001,2025-11-22T09:35:12+13:00,58.1,-36.611132,174.705994,4,True
esp32_device_001,2025-11-22T09:35:13+13:00,58.1,-36.611256,174.706179,4,True
esp32_device_001,2025-11-22T09:35:14+13:00,58.0,-36.611385,174.706409,4,True
esp32_device_001,2025-11-22T09:35:15+13:00,58.0,-36.611454,174.706561,4,True
esp32_device_001,2025-11-22T09:35:16+13:00,57.9,-36.611412,174.70665,4,False
esp32_device_001,2025-11-22T09:35:16.714286+13:00,58.3,-36.611496,174.706673,4,True
esp32_device_001,2025-11-22T09:35:17.428571+13:00,58.7,-36.611523,174.706775,4,True
esp32_device_001,2025-11-22T09:35:18.142857+13:00,59.1,-36.611566,174.706984,4,True
esp32_device_001,2025-11-22T09:35:18.857143+13:00,59.5,-36.611569,174.707232,4,True
esp32_device_001,2025-11-22T09:35:19.571429+13:00,59.9,-36.611563,174.707333,4,True
esp32_device_001,2025-11-22T09:35:20.285714+13:00,60.3,-36.611551,174.707450,4,True
esp32_device_001,2025-11-22T09:35:21+13:00,60.7,-36.611477,174.707504,4,False
esp32_device_001,2025-11-22T09:35:23.500000+13:00,63.4,-36.611504,174.707688,4,True
esp32_device_001,2025-11-22T09:35:26+13:00,66.1,-36.611301,174.708359,4,False
esp32_device_001,2025-11-22T09:35:27.250000+13:00,67.5,-36.611323,174.708528,4,True
esp32_device_001,2025-11-22T09:35:28.500000+13:00,68.9,-36.611301,174.708629,4,True
esp32_device_001,2025-11-22T09:35:29.750000+13:00,70.3,-36.611262,174.708807,4,True
esp32_device_001,2025-11-22T09:35:31+13:00,71.7,-36.611126,174.709183,4,False
esp32_device_001,2025-11-22T09:35:32.666667+13:00,73.2,-36.611056,174.709764,4,True
esp32_device_001,2025-11-22T09:35:34.333333+13:00,74.8,-36.611018,174.709977,4,True
esp32_device_001,2025-11-22T09:35:36+13:00,76.3,-36.610966,174.709976,4,False
esp32_device_001,2025-11-22T09:35:36.714286+13:00,76.4,-36.611003,174.710078,4,True
esp32_device_001,2025-11-22T09:35:37.428571+13:00,76.4,-36.610995,174.710182,4,True
esp32_device_001,2025-11-22T09:35:38.142857+13:00,76.5,-36.610998,174.710286,4,True
esp32_device_001,2025-11-22T09:35:38.857143+13:00,76.6,-36.611012,174.710397,4,True
esp32_device_001,2025-11-22T09:35:39.571429+13:00,76.7,-36.611032,174.710507,4,True
esp32_device_001,2025-11-22T09:35:40.285714+13:00,76.7,-36.611065,174.710624,4,True
esp32_device_001,2025-11-22T09:35:41+13:00,76.8,-36.61105,174.710724,4,False
esp32_device_001,2025-11-22T09:35:42.666667+13:00,75.8,-36.611108,174.710736,4,True
esp32_device_001,2025-11-22T09:35:44.333333+13:00,74.7,-36.611162,174.710841,4,True
esp32_device_001,2025-11-22T09:35:46+13:00,73.7,-36.611435,174.711334,4,False
esp32_device_001,2025-11-22T09:35:48.500000+13:00,71.9,-36.611885,174.711921,4,True
esp32_device_001,2025-11-22T09:35:51+13:00,70.1,-36.611858,174.711975,4,False
esp32_device_001,2025-11-22T09:35:56+13:00,66.6,-36.612278,174.712646,4,False
esp32_device_001,2025-11-22T09:35:57.250000+13:00,66.0,-36.612417,174.712766,4,True
esp32_device_001,2025-11-22T09:35:58.500000+13:00,65.5,-36.612567,174.712976,4,True
esp32_device_001,2025-11-22T09:35:59.750000+13:00,65.0,-36.612661,174.713075,4,True
esp32_device_001,2025-11-22T09:36:01+13:00,64.4,-36.612709,174.713181,4,False
esp32_device_001,2025-11-22T09:36:01.833333+13:00,64.1,-36.612804,174.713180,4,True
esp32_device_001,2025-11-22T09:36:02.666667+13:00,63.9,-36.612900,174.713235,4,True
esp32_device_001,2025-11-22T09:36:03.500000+13:00,63.6,-36.612993,174.713277,4,True
esp32_device_001,2025-11-22T09:36:04.333333+13:00,63.3,-36.613097,174.713312,4,True
esp32_device_001,2025-11-22T09:36:05.166667+13:00,63.1,-36.613207,174.713336,4,True
esp32_device_001,2025-11-22T09:36:06+13:00,62.8,-36.613232,174.713394,4,False
esp32_device_001,2025-11-22T09:36:06.294118+13:00,62.7,-36.613223,174.713437,4,True
esp32_device_001,2025-11-22T09:36:06.588235+13:00,62.5,-36.613237,174.713512,4,True
esp32_device_001,2025-11-22T09:36:06.882353+13:00,62.4,-36.613295,174.713565,4,True
esp32_device_001,2025-11-22T09:36:07.176471+13:00,62.2,-36.613409,174.713622,4,True
esp32_device_001,2025-11-22T09:36:07.470588+13:00,62.1,-36.613510,174.713648,4,True
esp32_device_001,2025-11-22T09:36:07.764706+13:00,62.0,-36.613663,174.713683,4,True
esp32_device_001,2025-11-22T09:36:08.058824+13:00,61.8,-36.613702,174.713674,4,True
esp32_device_001,2025-11-22T09:36:08.352941+13:00,61.7,-36.613749,174.713653,4,True
esp32_device_001,2025-11-22T09:36:08.647059+13:00,61.5,-36.613793,174.713616,4,True
esp32_device_001,2025-11-22T09:36:08.941176+13:00,61.4,-36.613816,174.713598,4,True
esp32_device_001,2025-11-22T09:36:09.235294+13:00,61.2,-36.613764,174.713566,4,True
esp32_device_001,2025-11-22T09:36:09.529412+13:00,61.1,-36.613725,174.713523,4,True
esp32_device_001,2025-11-22T09:36:09.823529+13:00,61.0,-36.613701,174.713481,4,True
esp32_device_001,2025-11-22T09:36:10.117647+13:00,60.8,-36.613697,174.713457,4,True
esp32_device_001,2025-11-22T09:36:10.411765+13:00,60.7,-36.613693,174.713434,4,True
esp32_device_001,2025-11-22T09:36:10.705882+13:00,60.5,-36.613677,174.713301,4,True
esp32_device_001,2025-11-22T09:36:11+13:00,60.4,-36.613781,174.713348,4,False
esp32_device_001,2025-11-22T09:36:12.250000+13:00,59.9,-36.613845,174.713272,4,True
esp32_device_001,2025-11-22T09:36:13.500000+13:00,59.3,-36.613865,174.713268,4,True
esp32_device_001,2025-11-22T09:36:14.750000+13:00,58.8,-36.614072,174.713225,4,True
esp32_device_001,2025-11-22T09:36:16+13:00,58.2,-36.614307,174.713257,4,False
esp32_device_001,2025-11-22T09:36:17+13:00,57.9,-36.614316,174.713193,4,True
esp32_device_001,2025-11-22T09:36:18+13:00,57.7,-36.614533,174.713175,4,True
esp32_device_001,2025-11-22T09:36:19+13:00,57.4,-36.614714,174.713182,4,True
esp32_device_001,2025-11-22T09:36:20+13:00,57.2,-36.614812,174.713186,4,True
esp32_device_001,2025-11-22T09:36:21+13:00,56.9,-36.614838,174.713257,4,False
esp32_device_001,2025-11-22T09:36:22.666667+13:00,56.3,-36.615024,174.713205,4,True
esp32_device_001,2025-11-22T09:36:24.333333+13:00,55.8,-36.615205,174.713235,4,True
esp32_device_001,2025-11-22T09:36:26+13:00,55.2,-36.615406,174.713333,4,False
esp32_device_001,2025-11-22T09:36:27.666667+13:00,54.2,-36.615682,174.713390,4,True
esp32_device_001,2025-11-22T09:36:29.333333+13:00,53.3,-36.615917,174.713500,4,True
esp32_device_001,2025-11-22T09:36:31+13:00,52.3,-36.615986,174.713562,4,False
esp32_device_001,2025-11-22T09:36:33.500000+13:00,51.1,-36.616150,174.713625,4,True
esp32_device_001,2025-11-22T09:36:36+13:00,49.9,-36.616562,174.713882,4,False
esp32_device_001,2025-11-22T09:36:38.500000+13:00,48.7,-36.616779,174.713964,4,True
esp32_device_001,2025-11-22T09:36:41+13:00,47.5,-36.617126,174.714188,4,False
esp32_device_001,2025-11-22T09:36:42+13:00,47.1,-36.617243,174.714220,4,True
esp32_device_001,2025-11-22T09:36:43+13:00,46.7,-36.617427,174.714325,4,True
esp32_device_001,2025-11-22T09:36:44+13:00,46.2,-36.617522,174.714381,4,True
esp32_device_001,2025-11-22T09:36:45+13:00,45.8,-36.617592,174.714426,4,True
esp32_device_001,2025-11-22T09:36:46+13:00,45.4,-36.617695,174.714539,4,False
esp32_device_001,2025-11-22T09:36:46.833333+13:00,45.4,-36.617732,174.714529,4,True
esp32_device_001,2025-11-22T09:36:47.666667+13:00,45.4,-36.617846,174.714630,4,True
esp32_device_001,2025-11-22T09:36:48.500000+13:00,45.4,-36.617952,174.714729,4,True
esp32_device_001,2025-11-22T09:36:49.333333+13:00,45.4,-36.618079,174.714872,4,True
esp32_device_001,2025-11-22T09:36:50.166667+13:00,45.4,-36.618207,174.715029,4,True
esp32_device_001,2025-11-22T09:36:51+13:00,45.4,-36.618198,174.715057,4,False
esp32_device_001,2025-11-22T09:36:52.666667+13:00,46.0,-36.618328,174.715210,4,True
esp32_device_001,2025-11-22T09:36:54.333333+13:00,46.5,-36.618478,174.715468,4,True
esp32_device_001,2025-11-22T09:36:56+13:00,47.1,-36.618599,174.715714,4,False
esp32_device_001,2025-11-22T09:36:57.250000+13:00,47.5,-36.618700,174.715862,4,True
esp32_device_001,2025-11-22T09:36:58.500000+13:00,47.9,-36.618804,174.716033,4,True
esp32_device_001,2025-11-22T09:36:59.750000+13:00,48.3,-36.618904,174.716179,4,True
esp32_device_001,2025-11-22T09:37:01+13:00,48.7,-36.619034,174.71637,4,False
esp32_device_001,2025-11-22T09:37:02+13:00,48.8,-36.619184,174.716495,4,True
esp32_device_001,2025-11-22T09:37:03+13:00,49.0,-36.619356,174.716638,4,True
esp32_device_001,2025-11-22T09:37:04+13:00,49.1,-36.619502,174.716736,4,True
esp32_device_001,2025-11-22T09:37:05+13:00,49.3,-36.619537,174.716760,4,True
esp32_device_001,2025-11-22T09:37:06+13:00,49.4,-36.619598,174.716827,4,False
esp32_device_001,2025-11-22T09:37:11+13:00,46,-36.620224,174.717133,4,False
esp32_device_001,2025-11-22T09:37:12.250000+13:00,45.8,-36.620550,174.717250,4,True
esp32_device_001,2025-11-22T09:37:13.500000+13:00,45.6,-36.620642,174.717310,4,True
esp32_device_001,2025-11-22T09:37:14.750000+13:00,45.4,-36.620733,174.717374,4,True
esp32_device_001,2025-11-22T09:37:16+13:00,45.2,-36.620819,174.717499,4,False
esp32_device_001,2025-11-22T09:37:16.714286+13:00,45.7,-36.620858,174.717482,4,True
esp32_device_001,2025-11-22T09:37:17.428571+13:00,46.1,-36.620980,174.717600,4,True
esp32_device_001,2025-11-22T09:37:18.142857+13:00,46.6,-36.621042,174.717661,4,True
esp32_device_001,2025-11-22T09:37:18.857143+13:00,47.1,-36.621097,174.717723,4,True
esp32_device_001,2025-11-22T09:37:19.571429+13:00,47.6,-36.621158,174.717815,4,True
esp32_device_001,2025-11-22T09:37:20.285714+13:00,48.0,-36.621220,174.717905,4,True
esp32_device_001,2025-11-22T09:37:21+13:00,48.5,-36.621288,174.718063,4,False
esp32_device_001,2025-11-22T09:37:23.500000+13:00,50.9,-36.621381,174.718171,4,True
esp32_device_001,2025-11-22T09:37:26+13:00,53.3,-36.621639,174.718719,4,False
esp32_device_001,2025-11-22T09:37:27.250000+13:00,54.5,-36.621711,174.718794,4,True
esp32_device_001,2025-11-22T09:37:28.500000+13:00,55.7,-36.621741,174.718848,4,True
esp32_device_001,2025-11-22T09:37:29.750000+13:00,56.9,-36.621889,174.719111,4,True
esp32_device_001,2025-11-22T09:37:31+13:00,58.1,-36.621998,174.71936,4,False
esp32_device_001,2025-11-22T09:37:32.250000+13:00,59.3,-36.622098,174.719468,4,True
esp32_device_001,2025-11-22T09:37:33.500000+13:00,60.5,-36.622205,174.719602,4,True
esp32_device_001,2025-11-22T09:37:34.750000+13:00,61.8,-36.622316,174.719727,4,True
esp32_device_001,2025-11-22T09:37:36+13:00,63,-36.622452,174.719879,4,False
esp32_device_001,2025-11-22T09:37:37.250000+13:00,64.2,-36.622645,174.719974,4,True
esp32_device_001,2025-11-22T09:37:38.500000+13:00,65.3,-36.622807,174.720055,4,True
esp32_device_001,2025-11-22T09:37:39.750000+13:00,66.5,-36.622960,174.720123,4,True
esp32_device_001,2025-11-22T09:37:41+13:00,67.7,-36.623005,174.720169,4,False
esp32_device_001,2025-11-22T09:37:42+13:00,68.4,-36.623180,174.720217,4,True
esp32_device_001,2025-11-22T09:37:43+13:00,69.1,-36.623326,174.720297,4,True
esp32_device_001,2025-11-22T09:37:44+13:00,69.8,-36.623394,174.720349,4,True
esp32_device_001,2025-11-22T09:37:45+13:00,70.5,-36.623465,174.720411,4,True
esp32_device_001,2025-11-22T09:37:46+13:00,71.2,-36.623501,174.720505,4,False
esp32_device_001,2025-11-22T09:37:47.250000+13:00,72.3,-36.623539,174.720494,4,True
esp32_device_001,2025-11-22T09:37:48.500000+13:00,73.3,-36.623613,174.720602,4,True
esp32_device_001,2025-11-22T09:37:49.750000+13:00,74.4,-36.623660,174.720679,4,True
esp32_device_001,2025-11-22T09:37:51+13:00,75.5,-36.623795,174.721085,4,False
esp32_device_001,2025-11-22T09:37:52+13:00,76.5,-36.623832,174.721112,4,True
esp32_device_001,2025-11-22T09:37:53+13:00,77.5,-36.623910,174.721323,4,True
esp32_device_001,2025-11-22T09:37:54+13:00,78.4,-36.623964,174.721449,4,True
esp32_device_001,2025-11-22T09:37:55+13:00,79.4,-36.624034,174.721567,4,True
esp32_device_001,2025-11-22T09:37:56+13:00,80.4,-36.624096,174.72171,4,False
esp32_device_001,2025-11-22T09:37:56.833333+13:00,81.1,-36.624129,174.721706,4,True
esp32_device_001,2025-11-22T09:37:57.666667+13:00,81.8,-36.624165,174.721756,4,True
esp32_device_001,2025-11-22T09:37:58.500000+13:00,82.5,-36.624272,174.721903,4,True
esp32_device_001,2025-11-22T09:37:59.333333+13:00,83.1,-36.624391,174.722066,4,True
esp32_device_001,2025-11-22T09:38:00.166667+13:00,83.8,-36.624456,174.722148,4,True
esp32_device_001,2025-11-22T09:38:01+13:00,84.5,-36.624504,174.722229,4,False
esp32_device_001,2025-11-22T09:38:01.714286+13:00,84.5,-36.624535,174.722222,4,True
esp32_device_001,2025-11-22T09:38:02.428571+13:00,84.5,-36.624618,174.722276,4,True
esp32_device_001,2025-11-22T09:38:03.142857+13:00,84.5,-36.624705,174.722312,4,True
esp32_device_001,2025-11-22T09:38:03.857143+13:00,84.5,-36.624780,174.722324,4,True
esp32_device_001,2025-11-22T09:38:04.571429+13:00,84.5,-36.624892,174.722327,4,True
esp32_device_001,2025-11-22T09:38:05.285714+13:00,84.5,-36.625021,174.722323,4,True
esp32_device_001,2025-11-22T09:38:06+13:00,84.5,-36.625034,174.722336,4,False
esp32_device_001,2025-11-22T09:38:07.250000+13:00,83.8,-36.625190,174.722307,4,True
esp32_device_001,2025-11-22T09:38:08.500000+13:00,83.1,-36.625360,174.722309,4,True
esp32_device_001,2025-11-22T09:38:09.750000+13:00,82.4,-36.625480,174.722346,4,True
esp32_device_001,2025-11-22T09:38:11+13:00,81.7,-36.625584,174.722473,4,False
esp32_device_001,2025-11-22T09:38:12.250000+13:00,81.6,-36.625714,174.722564,4,True
esp32_device_001,2025-11-22T09:38:13.500000+13:00,81.5,-36.625764,174.722628,4,True
esp32_device_001,2025-11-22T09:38:14.750000+13:00,81.3,-36.625935,174.722848,4,True
esp32_device_001,2025-11-22T09:38:16+13:00,81.2,-36.625984,174.722946,4,False
esp32_device_001,2025-11-22T09:38:17.250000+13:00,80.6,-36.626036,174.722978,4,True
esp32_device_001,2025-11-22T09:38:18.500000+13:00,80.0,-36.626129,174.723119,4,True
esp32_device_001,2025-11-22T09:38:19.750000+13:00,79.3,-36.626290,174.723365,4,True
esp32_device_001,2025-11-22T09:38:21+13:00,78.7,-36.626335,174.72348,4,False
esp32_device_001,2025-11-22T09:38:22+13:00,78.1,-36.626383,174.723551,4,True
esp32_device_001,2025-11-22T09:38:23+13:00,77.5,-36.626399,174.723631,4,True
esp32_device_001,2025-11-22T09:38:24+13:00,76.8,-36.626419,174.723729,4,True
esp32_device_001,2025-11-22T09:38:25+13:00,76.2,-36.626439,174.723907,4,True
esp32_device_001,2025-11-22T09:38:26+13:00,75.6,-36.626442,174.724182,4,False
esp32_device_001,2025-11-22T09:38:31+13:00,72.9,-36.626461,174.724899,4,False
esp32_device_001,2025-11-22T09:38:32+13:00,72.1,-36.626487,174.725074,4,True
esp32_device_001,2025-11-22T09:38:33+13:00,71.3,-36.626495,174.725233,4,True
esp32_device_001,2025-11-22T09:38:34+13:00,70.6,-36.626499,174.725398,4,True
esp32_device_001,2025-11-22T09:38:35+13:00,69.8,-36.626503,174.725525,4,True
esp32_device_001,2025-11-22T09:38:36+13:00,69,-36.626476,174.725616,4,False
esp32_device_001,2025-11-22T09:38:37.666667+13:00,67.1,-36.626509,174.725736,4,True
esp32_device_001,2025-11-22T09:38:39.333333+13:00,65.1,-36.626523,174.726214,4,True
esp32_device_001,2025-11-22T09:38:41+13:00,63.2,-36.626507,174.726395,4,False
esp32_device_001,2025-11-22T09:38:41.714286+13:00,62.4,-36.626541,174.726506,4,True
esp32_device_001,2025-11-22T09:38:42.428571+13:00,61.6,-36.626554,174.726616,4,True
esp32_device_001,2025-11-22T09:38:43.142857+13:00,60.8,-36.626576,174.726720,4,True
esp32_device_001,2025-11-22T09:38:43.857143+13:00,59.9,-36.626607,174.726826,4,True
esp32_device_001,2025-11-22T09:38:44.571429+13:00,59.1,-36.626650,174.726923,4,True
esp32_device_001,2025-11-22T09:38:45.285714+13:00,58.3,-36.626690,174.727003,4,True
esp32_device_001,2025-11-22T09:38:46+13:00,57.5,-36.626732,174.727081,4,False
esp32_device_001,2025-11-22T09:38:47.250000+13:00,56.0,-36.626743,174.727087,4,True
esp32_device_001,2025-11-22T09:38:48.500000+13:00,54.6,-36.626829,174.727193,4,True
esp32_device_001,2025-11-22T09:38:49.750000+13:00,53.2,-36.626977,174.727357,4,True
esp32_device_001,2025-11-22T09:38:51+13:00,51.7,-36.627213,174.727631,4,False
esp32_device_001,2025-11-22T09:38:52.250000+13:00,50.3,-36.627441,174.727870,4,True
esp32_device_001,2025-11-22T09:38:53.500000+13:00,48.9,-36.627562,174.728006,4,True
esp32_device_001,2025-11-22T09:38:54.750000+13:00,47.4,-36.627678,174.728149,4,True
esp32_device_001,2025-11-22T09:38:56+13:00,46,-36.627701,174.728195,4,False
esp32_device_001,2025-11-22T09:38:57+13:00,44.6,-36.627763,174.728270,4,True
esp32_device_001,2025-11-22T09:38:58+13:00,43.2,-36.627828,174.728395,4,True
esp32_device_001,2025-11-22T09:38:59+13:00,41.8,-36.627898,174.728610,4,True
esp32_device_001,2025-11-22T09:39:00+13:00,40.4,-36.627948,174.728827,4,True
esp32_device_001,2025-11-22T09:39:01+13:00,39,-36.627956,174.728882,4,False
esp32_device_001,2025-11-22T09:39:03.500000+13:00,35.7,-36.627999,174.729286,4,True
esp32_device_001,2025-11-22T09:39:06+13:00,32.4,-36.628036,174.729614,4,False
esp32_device_001,2025-11-22T09:39:07.250000+13:00,31.1,-36.628035,174.729713,4,True
esp32_device_001,2025-11-22T09:39:08.500000+13:00,29.9,-36.628065,174.730018,4,True
esp32_device_001,2025-11-22T09:39:09.750000+13:00,28.6,-36.628103,174.730221,4,True
esp32_device_001,2025-11-22T09:39:11+13:00,27.4,-36.628109,174.730301,4,False
esp32_device_001,2025-11-22T09:39:12.250000+13:00,26.1,-36.628162,174.730423,4,True
esp32_device_001,2025-11-22T09:39:13.500000+13:00,24.8,-36.628225,174.730619,4,True
esp32_device_001,2025-11-22T09:39:14.750000+13:00,23.4,-36.628308,174.730844,4,True
esp32_device_001,2025-11-22T09:39:16+13:00,22.1,-36.62833,174.730942,4,False
esp32_device_001,2025-11-22T09:39:17+13:00,21.7,-36.628380,174.731012,4,True
esp32_device_001,2025-11-22T09:39:18+13:00,21.3,-36.628413,174.731095,4,True
esp32_device_001,2025-11-22T09:39:19+13:00,21.0,-36.628513,174.731316,4,True
esp32_device_001,2025-11-22T09:39:20+13:00,20.6,-36.628591,174.731484,4,True
esp32_device_001,2025-11-22T09:39:21+13:00,20.2,-36.628616,174.731583,4,False
esp32_device_001,2025-11-22T09:39:22.250000+13:00,20.6,-36.628672,174.731656,4,True
esp32_device_001,2025-11-22T09:39:23.500000+13:00,20.9,-36.628841,174.732026,4,True
esp32_device_001,2025-11-22T09:39:24.750000+13:00,21.2,-36.628913,174.732173,4,True
esp32_device_001,2025-11-22T09:39:26+13:00,21.6,-36.628906,174.732224,4,False
esp32_device_001,2025-11-22T09:39:27.250000+13:00,23.0,-36.628971,174.732284,4,True
esp32_device_001,2025-11-22T09:39:28.500000+13:00,24.4,-36.629079,174.732468,4,True
esp32_device_001,2025-11-22T09:39:29.750000+13:00,25.8,-36.629202,174.732650,4,True
esp32_device_001,2025-11-22T09:39:31+13:00,27.2,-36.629269,174.732788,4,False
esp32_device_001,2025-11-22T09:39:32.666667+13:00,29.7,-36.629341,174.732831,4,True
esp32_device_001,2025-11-22T09:39:34.333333+13:00,32.2,-36.629673,174.733241,4,True
esp32_device_001,2025-11-22T09:39:36+13:00,34.7,-36.629704,174.733322,4,False
esp32_device_001,2025-11-22T09:39:37.250000+13:00,36.8,-36.629836,174.733434,4,True
esp32_device_001,2025-11-22T09:39:38.500000+13:00,38.9,-36.629953,174.733574,4,True
esp32_device_001,2025-11-22T09:39:39.750000+13:00,41.0,-36.630073,174.733716,4,True
esp32_device_001,2025-11-22T09:39:41+13:00,43.1,-36.630131,174.733841,4,False
esp32_device_001,2025-11-22T09:39:43.500000+13:00,46.1,-36.630517,174.734295,4,True
esp32_device_001,2025-11-22T09:39:46+13:00,49.1,-36.630558,174.734375,4,False
esp32_device_001,2025-11-22T09:39:46.833333+13:00,49.3,-36.630596,174.734404,4,True
esp32_device_001,2025-11-22T09:39:47.666667+13:00,49.5,-36.630673,174.734531,4,True
esp32_device_001,2025-11-22T09:39:48.500000+13:00,49.7,-36.630685,174.734551,4,True
esp32_device_001,2025-11-22T09:39:49.333333+13:00,49.8,-36.630748,174.734676,4,True
esp32_device_001,2025-11-22T09:39:50.166667+13:00,50.0,-36.630786,174.734753,4,True
esp32_device_001,2025-11-22T09:39:51+13:00,50.2,-36.630878,174.735046,4,False
esp32_device_001,2025-11-22T09:39:52+13:00,50.0,-36.630906,174.735077,4,True
esp32_device_001,2025-11-22T09:39:53+13:00,49.7,-36.630961,174.735247,4,True
esp32_device_001,2025-11-22T09:39:54+13:00,49.5,-36.631010,174.735391,4,True
esp32_device_001,2025-11-22T09:39:55+13:00,49.2,-36.631092,174.735660,4,True
esp32_device_001,2025-11-22T09:39:56+13:00,49,-36.631115,174.735779,4,False
esp32_device_001,2025-11-22T09:39:57+13:00,48.5,-36.631161,174.735852,4,True
esp32_device_001,2025-11-22T09:39:58+13:00,47.9,-36.631249,174.736047,4,True
esp32_device_001,2025-11-22T09:39:59+13:00,47.4,-36.631348,174.736228,4,True
esp32_device_001,2025-11-22T09:40:00+13:00,46.8,-36.631457,174.736402,4,True
esp32_device_001,2025-11-22T09:40:01+13:00,46.3,-36.631474,174.736465,4,False
esp32_device_001,2025-11-22T09:40:02.666667+13:00,44.6,-36.631731,174.736818,4,True
esp32_device_001,2025-11-22T09:40:04.333333+13:00,43.0,-36.631873,174.737030,4,True
esp32_device_001,2025-11-22T09:40:06+13:00,41.3,-36.631908,174.737137,4,False
esp32_device_001,2025-11-22T09:40:07+13:00,40.4,-36.631997,174.737219,4,True
esp32_device_001,2025-11-22T09:40:08+13:00,39.5,-36.632255,174.737614,4,True
esp32_device_001,2025-11-22T09:40:09+13:00,38.6,-36.632300,174.737670,4,True
esp32_device_001,2025-11-22T09:40:10+13:00,37.7,-36.632337,174.737716,4,True
esp32_device_001,2025-11-22T09:40:11+13:00,36.8,-36.63237,174.737793,4,False
esp32_device_001,2025-11-22T09:40:12.666667+13:00,35.7,-36.632708,174.738126,4,True
esp32_device_001,2025-11-22T09:40:14.333333+13:00,34.5,-36.632789,174.738210,4,True
esp32_device_001,2025-11-22T09:40:16+13:00,33.4,-36.632893,174.738342,4,False
esp32_device_001,2025-11-22T09:40:17.666667+13:00,32.1,-36.632991,174.738420,4,True
esp32_device_001,2025-11-22T09:40:19.333333+13:00,30.9,-36.633155,174.738590,4,True
esp32_device_001,2025-11-22T09:40:21+13:00,29.6,-36.633427,174.738876,4,False
esp32_device_001,2025-11-22T09:40:21.833333+13:00,29.0,-36.633458,174.738880,4,True
esp32_device_001,2025-11-22T09:40:22.666667+13:00,28.4,-36.633531,174.738950,4,True
esp32_device_001,2025-11-22T09:40:23.500000+13:00,27.8,-36.633648,174.739054,4,True
esp32_device_001,2025-11-22T09:40:24.333333+13:00,27.2,-36.633699,174.739104,4,True
esp32_device_001,2025-11-22T09:40:25.166667+13:00,26.6,-36.633867,174.739266,4,True
esp32_device_001,2025-11-22T09:40:26+13:00,26,-36.633938,174.739395,4,False
esp32_device_001,2025-11-22T09:40:27.250000+13:00,25.2,-36.634042,174.739434,4,True
esp32_device_001,2025-11-22T09:40:28.500000+13:00,24.4,-36.634069,174.739461,4,True
esp32_device_001,2025-11-22T09:40:29.750000+13:00,23.6,-36.634393,174.739839,4,True
esp32_device_001,2025-11-22T09:40:31+13:00,22.8,-36.634434,174.73996,4,False
esp32_device_001,2025-11-22T09:40:32+13:00,22.4,-36.634505,174.740018,4,True
esp32_device_001,2025-11-22T09:40:33+13:00,21.9,-36.634549,174.740088,4,True
esp32_device_001,2025-11-22T09:40:34+13:00,21.5,-36.634674,174.740327,4,True
esp32_device_001,2025-11-22T09:40:35+13:00,21.0,-36.634688,174.740368,4,True
esp32_device_001,2025-11-22T09:40:36+13:00,20.6,-36.634789,174.740646,4,False
esp32_device_001,2025-11-22T09:40:36.833333+13:00,20.5,-36.634834,174.740724,4,True
esp32_device_001,2025-11-22T09:40:37.666667+13:00,20.4,-36.634875,174.740863,4,True
esp32_device_001,2025-11-22T09:40:38.500000+13:00,20.2,-36.634897,174.740968,4,True
esp32_device_001,2025-11-22T09:40:39.333333+13:00,20.1,-36.634923,174.741112,4,True
esp32_device_001,2025-11-22T09:40:40.166667+13:00,20.0,-36.634950,174.741314,4,True
esp32_device_001,2025-11-22T09:40:41+13:00,19.9,-36.634949,174.741379,4,False
esp32_device_001,2025-11-22T09:40:42.666667+13:00,19.9,-36.634982,174.741585,4,True
esp32_device_001,2025-11-22T09:40:44.333333+13:00,19.8,-36.634997,174.741810,4,True
esp32_device_001,2025-11-22T09:40:46+13:00,19.8,-36.634987,174.741974,4,False
esp32_device_001,2025-11-22T09:40:51+13:00,19,-36.634842,174.742126,4,False
esp32_device_001,2025-11-22T09:40:53.500000+13:00,18.0,-36.634678,174.742168,4,True
esp32_device_001,2025-11-22T09:40:56+13:00,17,-36.634556,174.742142,4,False
esp32_device_001,2025-11-22T09:40:57.250000+13:00,16.6,-36.634377,174.742196,4,True
esp32_device_001,2025-11-22T09:40:58.500000+13:00,16.3,-36.634342,174.742204,4,True
esp32_device_001,2025-11-22T09:40:59.750000+13:00,15.9,-36.634310,174.742215,4,True
esp32_device_001,2025-11-22T09:41:01+13:00,15.6,-36.634243,174.742218,4,False
esp32_device_001,2025-11-22T09:41:03.500000+13:00,15.3,-36.634073,174.742356,4,True
esp32_device_001,2025-11-22T09:41:06+13:00,15.1,-36.63401,174.742401,4,False
esp32_device_001,2025-11-22T09:41:11+13:00,15.6,-36.63401,174.742706,4,False
esp32_device_001,2025-11-22T09:41:26+13:00,16.4,-36.634019,174.742861,4,True
esp32_device_001,2025-11-22T09:41:41+13:00,17.1,-36.634071,174.743103,4,False
esp32_device_001,2025-11-22T09:41:46+13:00,17.9,-36.634075,174.74321,4,False
esp32_device_001,2025-11-22T10:20:04+13:00,23,-36.634045,174.743149,5,False
esp32_device_001,2025-11-22T10:20:09+13:00,20.5,-36.634041,174.743011,5,False
esp32_device_001,2025-11-22T10:20:14+13:00,20,-36.63401,174.742828,5,False
esp32_device_001,2025-11-22T10:20:19+13:00,19.4,-36.634007,174.742523,5,False
esp32_device_001,2025-11-22T10:20:24+13:00,19.7,-36.634094,174.74234,5,False
esp32_device_001,2025-11-22T10:20:25.250000+13:00,20.1,-36.634310,174.742215,5,True
esp32_device_001,2025-11-22T10:20:26.500000+13:00,20.4,-36.634342,174.742204,5,True
esp32_device_001,2025-11-22T10:20:27.750000+13:00,20.8,-36.634377,174.742196,5,True
esp32_device_001,2025-11-22T10:20:29+13:00,21.1,-36.634388,174.742188,5,False
esp32_device_001,2025-11-22T10:20:31.500000+13:00,21.4,-36.634678,174.742168,5,True
esp32_device_001,2025-11-22T10:20:34+13:00,21.6,-36.634766,174.742142,5,False
esp32_device_001,2025-11-22T10:20:37.750000+13:00,22.0,-36.634917,174.742151,5,True
esp32_device_001,2025-11-22T10:20:41.500000+13:00,22.4,-36.634948,174.742148,5,True
esp32_device_001,2025-11-22T10:20:45.250000+13:00,22.7,-36.635013,174.742143,5,True
esp32_device_001,2025-11-22T10:20:49+13:00,23.1,-36.635006,174.742355,5,False
esp32_device_001,2025-11-22T10:20:50.500000+13:00,24.3,-36.635023,174.742401,5,True
esp32_device_001,2025-11-22T10:20:52+13:00,25.5,-36.635035,174.742658,5,True
esp32_device_001,2025-11-22T10:20:53.500000+13:00,26.7,-36.635046,174.742921,5,True
esp32_device_001,2025-11-22T10:20:55+13:00,27.9,-36.635063,174.743313,5,True
esp32_device_001,2025-11-22T10:20:56.500000+13:00,29.2,-36.635070,174.743468,5,True
esp32_device_001,2025-11-22T10:20:58+13:00,30.4,-36.635081,174.743714,5,True
esp32_device_001,2025-11-22T10:20:59.500000+13:00,31.6,-36.635093,174.744009,5,True
esp32_device_001,2025-11-22T10:21:01+13:00,32.8,-36.635105,174.744287,5,True
esp32_device_001,2025-11-22T10:21:02.500000+13:00,34.0,-36.635116,174.744538,5,True
esp32_device_001,2025-11-22T10:21:04+13:00,35.2,-36.635086,174.744553,5,False
esp32_device_001,2025-11-22T10:21:05.086957+13:00,36.1,-36.635129,174.744821,5,True
esp32_device_001,2025-11-22T10:21:06.173913+13:00,37.1,-36.635136,174.744990,5,True
esp32_device_001,2025-11-22T10:21:07.260870+13:00,38.0,-36.635146,174.745224,5,True
esp32_device_001,2025-11-22T10:21:08.347826+13:00,39.0,-36.635155,174.745422,5,True
esp32_device_001,2025-11-22T10:21:09.434783+13:00,39.9,-36.635156,174.745455,5,True
esp32_device_001,2025-11-22T10:21:10.521739+13:00,40.9,-36.635174,174.745870,5,True
esp32_device_001,2025-11-22T10:21:11.608696+13:00,41.8,-36.635180,174.746031,5,True
esp32_device_001,2025-11-22T10:21:12.695652+13:00,42.8,-36.635186,174.746173,5,True
esp32_device_001,2025-11-22T10:21:13.782609+13:00,43.7,-36.635164,174.746298,5,True
esp32_device_001,2025-11-22T10:21:14.869565+13:00,44.7,-36.635164,174.746400,5,True
esp32_device_001,2025-11-22T10:21:15.956522+13:00,45.6,-36.635166,174.746442,5,True
esp32_device_001,2025-11-22T10:21:17.043478+13:00,46.6,-36.635171,174.746554,5,True
esp32_device_001,2025-11-22T10:21:18.130435+13:00,47.5,-36.635178,174.746661,5,True
esp32_device_001,2025-11-22T10:21:19.217391+13:00,48.5,-36.635188,174.746809,5,True
esp32_device_001,2025-11-22T10:21:20.304348+13:00,49.4,-36.635197,174.746893,5,True
esp32_device_001,2025-11-22T10:21:21.391304+13:00,50.4,-36.635208,174.746963,5,True
esp32_device_001,2025-11-22T10:21:22.478261+13:00,51.3,-36.635244,174.747125,5,True
esp32_device_001,2025-11-22T10:21:23.565217+13:00,52.3,-36.635277,174.747258,5,True
esp32_device_001,2025-11-22T10:21:24.652174+13:00,53.2,-36.635319,174.747401,5,True
esp32_device_001,2025-11-22T10:21:25.739130+13:00,54.2,-36.635379,174.747545,5,True
esp32_device_001,2025-11-22T10:21:26.826087+13:00,55.1,-36.635441,174.747674,5,True
esp32_device_001,2025-11-22T10:21:27.913043+13:00,56.1,-36.635519,174.747818,5,True
esp32_device_001,2025-11-22T10:21:29+13:00,57,-36.635563,174.74791,5,False
esp32_device_001,2025-11-22T10:21:30.111111+13:00,57.4,-36.635610,174.747944,5,True
esp32_device_001,2025-11-22T10:21:31.222222+13:00,57.7,-36.635719,174.748078,5,True
esp32_device_001,2025-11-22T10:21:32.333333+13:00,58.1,-36.635785,174.748147,5,True
esp32_device_001,2025-11-22T10:21:33.444444+13:00,58.5,-36.635833,174.748195,5,True
esp32_device_001,2025-11-22T10:21:34.555556+13:00,58.8,-36.635850,174.748210,5,True
esp32_device_001,2025-11-22T10:21:35.666667+13:00,59.2,-36.635866,174.748225,5,True
esp32_device_001,2025-11-22T10:21:36.777778+13:00,59.6,-36.635940,174.748286,5,True
esp32_device_001,2025-11-22T10:21:37.888889+13:00,59.9,-36.636160,174.748477,5,True
esp32_device_001,2025-11-22T10:21:39+13:00,60.3,-36.636284,174.748581,5,False
esp32_device_001,2025-11-22T10:21:41.500000+13:00,58.8,-36.636529,174.748796,5,True
esp32_device_001,2025-11-22T10:21:44+13:00,57.4,-36.636542,174.748807,5,True
esp32_device_001,2025-11-22T10:21:46.500000+13:00,55.9,-36.636612,174.748871,5,True
esp32_device_001,2025-11-22T10:21:49+13:00,54.5,-36.636777,174.749130,5,True
esp32_device_001,2025-11-22T10:21:51.500000+13:00,53.0,-36.636853,174.749281,5,True
esp32_device_001,2025-11-22T10:21:54+13:00,51.6,-36.636953,174.749392,5,True
esp32_device_001,2025-11-22T10:21:56.500000+13:00,50.1,-36.637149,174.749748,5,True
esp32_device_001,2025-11-22T10:21:59+13:00,48.7,-36.637263,174.749956,5,True
esp32_device_001,2025-11-22T10:22:01.500000+13:00,47.2,-36.637392,174.750191,5,True
esp32_device_001,2025-11-22T10:22:04+13:00,45.8,-36.637619,174.750656,5,False
esp32_device_001,2025-11-22T10:22:09+13:00,45.3,-36.637997,174.751343,5,False
esp32_device_001,2025-11-22T10:22:12+13:00,45.3,-36.638063,174.751422,5,True
esp32_device_001,2025-11-22T10:22:15+13:00,45.2,-36.638620,174.752435,5,True
esp32_device_001,2025-11-22T10:22:18+13:00,45.2,-36.639026,174.753179,5,True
esp32_device_001,2025-11-22T10:22:21+13:00,45.1,-36.639032,174.753189,5,True
esp32_device_001,2025-11-22T10:22:24+13:00,45.1,-36.639103,174.753326,5,False
esp32_device_001,2025-11-22T10:22:26.142857+13:00,44.5,-36.639132,174.753354,5,True
esp32_device_001,2025-11-22T10:22:28.285714+13:00,43.9,-36.639217,174.753461,5,True
esp32_device_001,2025-11-22T10:22:30.428571+13:00,43.3,-36.639310,174.753585,5,True
esp32_device_001,2025-11-22T10:22:32.571429+13:00,42.7,-36.639440,174.753758,5,True
esp32_device_001,2025-11-22T10:22:34.714286+13:00,42.1,-36.639539,174.753929,5,True
esp32_device_001,2025-11-22T10:22:36.857143+13:00,41.5,-36.640234,174.755313,5,True
esp32_device_001,2025-11-22T10:22:39+13:00,40.9,-36.640289,174.755463,5,False
esp32_device_001,2025-11-22T10:22:44+13:00,42.5,-36.640916,174.756683,5,True
esp32_device_001,2025-11-22T10:22:49+13:00,44.2,-36.64093,174.756775,5,False
esp32_device_001,2025-11-22T10:22:50.750000+13:00,42.9,-36.640973,174.756866,5,True
esp32_device_001,2025-11-22T10:22:52.500000+13:00,41.6,-36.640982,174.756960,5,True
esp32_device_001,2025-11-22T10:22:54.250000+13:00,40.3,-36.640980,174.757038,5,True
esp32_device_001,2025-11-22T10:22:56+13:00,39.0,-36.640977,174.757116,5,True
esp32_device_001,2025-11-22T10:22:57.750000+13:00,37.7,-36.640951,174.757222,5,True
esp32_device_001,2025-11-22T10:22:59.500000+13:00,36.4,-36.640912,174.757318,5,True
esp32_device_001,2025-11-22T10:23:01.250000+13:00,35.1,-36.640843,174.757424,5,True
esp32_device_001,2025-11-22T10:23:03+13:00,33.8,-36.640773,174.757492,5,True
esp32_device_001,2025-11-22T10:23:04.750000+13:00,32.5,-36.640706,174.757545,5,True
esp32_device_001,2025-11-22T10:23:06.500000+13:00,31.2,-36.640226,174.757840,5,True
esp32_device_001,2025-11-22T10:23:08.250000+13:00,29.9,-36.639981,174.757993,5,True
esp32_device_001,2025-11-22T10:23:10+13:00,28.6,-36.639826,174.758091,5,True
esp32_device_001,2025-11-22T10:23:11.750000+13:00,27.3,-36.639764,174.758133,5,True
esp32_device_001,2025-11-22T10:23:13.500000+13:00,26.0,-36.639322,174.758412,5,True
esp32_device_001,2025-11-22T10:23:15.250000+13:00,24.7,-36.639233,174.758502,5,True
esp32_device_001,2025-11-22T10:23:17+13:00,23.4,-36.639159,174.758596,5,True
esp32_device_001,2025-11-22T10:23:18.750000+13:00,22.1,-36.638994,174.758844,5,True
esp32_device_001,2025-11-22T10:23:20.500000+13:00,20.8,-36.638627,174.759486,5,True
esp32_device_001,2025-11-22T10:23:22.250000+13:00,19.5,-36.638161,174.760278,5,True
esp32_device_001,2025-11-22T10:23:24+13:00,18.2,-36.637985,174.760544,5,False
esp32_device_001,2025-11-22T10:23:26.500000+13:00,17.8,-36.637647,174.761152,5,True
esp32_device_001,2025-11-22T10:23:29+13:00,17.4,-36.637589,174.761169,5,False
esp32_device_001,2025-11-22T10:23:30.666667+13:00,17.1,-36.637412,174.761384,5,True
esp32_device_001,2025-11-22T10:23:32.333333+13:00,16.7,-36.637208,174.761532,5,True
esp32_device_001,2025-11-22T10:23:34+13:00,16.4,-36.637039,174.761627,5,False
esp32_device_001,2025-11-22T10:23:36.500000+13:00,18.4,-36.636547,174.762030,5,True
esp32_device_001,2025-11-22T10:23:39+13:00,20.5,-36.636471,174.762039,5,False
esp32_device_001,2025-11-22T10:23:42+13:00,21.1,-36.636167,174.762302,5,True
esp32_device_001,2025-11-22T10:23:45+13:00,21.7,-36.635620,174.762693,5,True
esp32_device_001,2025-11-22T10:23:48+13:00,22.3,-36.635274,174.762977,5,True
esp32_device_001,2025-11-22T10:23:51+13:00,22.9,-36.635056,174.763193,5,True
esp32_device_001,2025-11-22T10:23:54+13:00,23.5,-36.634884,174.76326,5,False
esp32_device_001,2025-11-22T10:25:35+13:00,47.6,-36.624935,174.769669,6,False
esp32_device_001,2025-11-22T10:25:36.666667+13:00,46.4,-36.624457,174.769823,6,True
esp32_device_001,2025-11-22T10:25:38.333333+13:00,45.3,-36.624354,174.769851,6,True
esp32_device_001,2025-11-22T10:25:40+13:00,44.1,-36.624228,174.769903,6,True
esp32_device_001,2025-11-22T10:25:41.666667+13:00,42.9,-36.624125,174.769982,6,True
esp32_device_001,2025-11-22T10:25:43.333333+13:00,41.8,-36.624027,174.770074,6,True
esp32_device_001,2025-11-22T10:25:45+13:00,40.6,-36.623856,174.770218,6,False
esp32_device_001,2025-11-22T10:25:47.500000+13:00,38.2,-36.623832,174.770272,6,True
esp32_device_001,2025-11-22T10:25:50+13:00,35.9,-36.623367,174.770721,6,False
esp32_device_001,2025-11-22T10:25:51.666667+13:00,34.5,-36.623134,174.770989,6,True
esp32_device_001,2025-11-22T10:25:53.333333+13:00,33.2,-36.622951,174.771178,6,True
esp32_device_001,2025-11-22T10:25:55+13:00,31.8,-36.62291,174.771194,6,False
esp32_device_001,2025-11-22T10:25:57.500000+13:00,29.6,-36.622616,174.771523,6,True
esp32_device_001,2025-11-22T10:26:00+13:00,27.3,-36.622425,174.771667,6,False
esp32_device_001,2025-11-22T10:26:01.666667+13:00,26.1,-36.622362,174.771785,6,True
esp32_device_001,2025-11-22T10:26:03.333333+13:00,25.0,-36.622053,174.772103,6,True
esp32_device_001,2025-11-22T10:26:05+13:00,23.8,-36.621922,174.772186,6,False
esp32_device_001,2025-11-22T10:26:06.250000+13:00,24.3,-36.621819,174.772336,6,True
esp32_device_001,2025-11-22T10:26:07.500000+13:00,24.9,-36.621576,174.772596,6,True
esp32_device_001,2025-11-22T10:26:08.750000+13:00,25.4,-36.621503,174.772687,6,True
esp32_device_001,2025-11-22T10:26:10+13:00,25.9,-36.621452,174.77272,6,False
esp32_device_001,2025-11-22T10:26:11.250000+13:00,27.5,-36.621433,174.772781,6,True
esp32_device_001,2025-11-22T10:26:12.500000+13:00,29.2,-36.621224,174.773141,6,True
esp32_device_001,2025-11-22T10:26:13.750000+13:00,30.9,-36.621110,174.773291,6,True
esp32_device_001,2025-11-22T10:26:15+13:00,32.5,-36.621075,174.773285,6,False
esp32_device_001,2025-11-22T10:26:15.714286+13:00,33.4,-36.621040,174.773359,6,True
esp32_device_001,2025-11-22T10:26:16.428571+13:00,34.2,-36.620970,174.773416,6,True
esp32_device_001,2025-11-22T10:26:17.142857+13:00,35.1,-36.620901,174.773457,6,True
esp32_device_001,2025-11-22T10:26:17.857143+13:00,36.0,-36.620826,174.773486,6,True
esp32_device_001,2025-11-22T10:26:18.571429+13:00,36.9,-36.620753,174.773517,6,True
esp32_device_001,2025-11-22T10:26:19.285714+13:00,37.7,-36.620670,174.773536,6,True
esp32_device_001,2025-11-22T10:26:20+13:00,38.6,-36.620575,174.773499,6,False
esp32_device_001,2025-11-22T10:26:25+13:00,45.3,-36.619976,174.773621,6,False
esp32_device_001,2025-11-22T10:26:26.250000+13:00,46.8,-36.619731,174.773712,6,True
esp32_device_001,2025-11-22T10:26:27.500000+13:00,48.3,-36.619588,174.773740,6,True
esp32_device_001,2025-11-22T10:26:28.750000+13:00,49.8,-36.619495,174.773766,6,True
esp32_device_001,2025-11-22T10:26:30+13:00,51.3,-36.619389,174.773758,6,False
esp32_device_001,2025-11-22T10:26:31+13:00,52.6,-36.619161,174.773898,6,True
esp32_device_001,2025-11-22T10:26:32+13:00,53.9,-36.619073,174.773934,6,True
esp32_device_001,2025-11-22T10:26:33+13:00,55.1,-36.618985,174.773956,6,True
esp32_device_001,2025-11-22T10:26:34+13:00,56.4,-36.618894,174.773968,6,True
esp32_device_001,2025-11-22T10:26:35+13:00,57.7,-36.618855,174.773926,6,False
esp32_device_001,2025-11-22T10:26:40+13:00,63.8,-36.618305,174.773956,6,False
esp32_device_001,2025-11-22T10:26:41.666667+13:00,65.6,-36.618180,174.774008,6,True
esp32_device_001,2025-11-22T10:26:43.333333+13:00,67.4,-36.617987,174.774004,6,True
esp32_device_001,2025-11-22T10:26:45+13:00,69.2,-36.617764,174.773941,6,False
esp32_device_001,2025-11-22T10:26:46.250000+13:00,70.5,-36.617671,174.773983,6,True
esp32_device_001,2025-11-22T10:26:47.500000+13:00,71.8,-36.617366,174.773952,6,True
esp32_device_001,2025-11-22T10:26:48.750000+13:00,73.0,-36.617234,174.773946,6,True
esp32_device_001,2025-11-22T10:26:50+13:00,74.3,-36.617188,174.773895,6,False
esp32_device_001,2025-11-22T10:26:50.833333+13:00,75.1,-36.617160,174.773951,6,True
esp32_device_001,2025-11-22T10:26:51.666667+13:00,75.8,-36.617045,174.773964,6,True
esp32_device_001,2025-11-22T10:26:52.500000+13:00,76.6,-36.616928,174.773988,6,True
esp32_device_001,2025-11-22T10:26:53.333333+13:00,77.4,-36.616804,174.774024,6,True
esp32_device_001,2025-11-22T10:26:54.166667+13:00,78.1,-36.616699,174.774066,6,True
esp32_device_001,2025-11-22T10:26:55+13:00,78.9,-36.616596,174.774063,6,False
esp32_device_001,2025-11-22T10:26:56.666667+13:00,79.4,-36.616554,174.774143,6,True
esp32_device_001,2025-11-22T10:26:58.333333+13:00,79.9,-36.616414,174.774233,6,True
esp32_device_001,2025-11-22T10:27:00+13:00,80.4,-36.616093,174.774399,6,False
esp32_device_001,2025-11-22T10:27:01.250000+13:00,80.7,-36.616039,174.774493,6,True
esp32_device_001,2025-11-22T10:27:02.500000+13:00,81.0,-36.615842,174.774633,6,True
esp32_device_001,2025-11-22T10:27:03.750000+13:00,81.2,-36.615719,174.774716,6,True
esp32_device_001,2025-11-22T10:27:05+13:00,81.5,-36.615589,174.774719,6,False
esp32_device_001,2025-11-22T10:27:06+13:00,81.6,-36.615485,174.774830,6,True
esp32_device_001,2025-11-22T10:27:07+13:00,81.7,-36.615336,174.774877,6,True
esp32_device_001,2025-11-22T10:27:08+13:00,81.9,-36.615163,174.774910,6,True
esp32_device_001,2025-11-22T10:27:09+13:00,82.0,-36.615019,174.774918,6,True
esp32_device_001,2025-11-22T10:27:10+13:00,82.1,-36.61499,174.774857,6,False
esp32_device_001,2025-11-22T10:27:11.666667+13:00,82.2,-36.614610,174.774923,6,True
esp32_device_001,2025-11-22T10:27:13.333333+13:00,82.3,-36.614417,174.774926,6,True
esp32_device_001,2025-11-22T10:27:15+13:00,82.4,-36.614353,174.774872,6,False
esp32_device_001,2025-11-22T10:27:16+13:00,82.6,-36.614311,174.774933,6,True
esp32_device_001,2025-11-22T10:27:17+13:00,82.8,-36.614184,174.774954,6,True
esp32_device_001,2025-11-22T10:27:18+13:00,82.9,-36.614041,174.774989,6,True
esp32_device_001,2025-11-22T10:27:19+13:00,83.1,-36.613899,174.775046,6,True
esp32_device_001,2025-11-22T10:27:20+13:00,83.3,-36.613762,174.77507,6,False
esp32_device_001,2025-11-22T10:27:20.833333+13:00,83.0,-36.613761,174.775123,6,True
esp32_device_001,2025-11-22T10:27:21.666667+13:00,82.7,-36.613628,174.775212,6,True
esp32_device_001,2025-11-22T10:27:22.500000+13:00,82.3,-36.613517,174.775306,6,True
esp32_device_001,2025-11-22T10:27:23.333333+13:00,82.0,-36.613423,174.775400,6,True
esp32_device_001,2025-11-22T10:27:24.166667+13:00,81.7,-36.613356,174.775474,6,True
esp32_device_001,2025-11-22T10:27:25+13:00,81.4,-36.613258,174.775543,6,False
esp32_device_001,2025-11-22T10:27:26.666667+13:00,81.0,-36.613239,174.775635,6,True
esp32_device_001,2025-11-22T10:27:28.333333+13:00,80.7,-36.613155,174.775781,6,True
esp32_device_001,2025-11-22T10:27:30+13:00,80.3,-36.612888,174.776245,6,False
esp32_device_001,2025-11-22T10:27:32.500000+13:00,80.8,-36.612782,174.776527,6,True
esp32_device_001,2025-11-22T10:27:35+13:00,81.2,-36.612526,174.776993,6,False
esp32_device_001,2025-11-22T10:27:40+13:00,82.2,-36.612179,174.777695,6,False
esp32_device_001,2025-11-22T10:27:41.250000+13:00,82.5,-36.612162,174.777780,6,True
esp32_device_001,2025-11-22T10:27:42.500000+13:00,82.8,-36.612071,174.778024,6,True
esp32_device_001,2025-11-22T10:27:43.750000+13:00,83.0,-36.611996,174.778284,6,True
esp32_device_001,2025-11-22T10:27:45+13:00,83.3,-36.611958,174.778366,6,False
esp32_device_001,2025-11-22T10:27:46.666667+13:00,83.5,-36.611958,174.778444,6,True
esp32_device_001,2025-11-22T10:27:48.333333+13:00,83.8,-36.611880,174.778827,6,True
esp32_device_001,2025-11-22T10:27:50+13:00,84,-36.611839,174.778931,6,False
esp32_device_001,2025-11-22T10:27:51.250000+13:00,84.1,-36.611807,174.779002,6,True
esp32_device_001,2025-11-22T10:27:52.500000+13:00,84.2,-36.611801,174.779028,6,True
esp32_device_001,2025-11-22T10:27:53.750000+13:00,84.3,-36.611737,174.779349,6,True
esp32_device_001,2025-11-22T10:27:55+13:00,84.4,-36.611729,174.779373,6,False
esp32_device_001,2025-11-22T10:27:55.384615+13:00,84.4,-36.611698,174.779464,6,True
esp32_device_001,2025-11-22T10:27:55.769231+13:00,84.4,-36.611684,174.779514,6,True
esp32_device_001,2025-11-22T10:27:56.153846+13:00,84.4,-36.611660,174.779525,6,True
esp32_device_001,2025-11-22T10:27:56.538462+13:00,84.5,-36.611641,174.779545,6,True
esp32_device_001,2025-11-22T10:27:56.923077+13:00,84.5,-36.611627,174.779571,6,True
esp32_device_001,2025-11-22T10:27:57.307692+13:00,84.5,-36.611621,174.779601,6,True
esp32_device_001,2025-11-22T10:27:57.692308+13:00,84.5,-36.611621,174.779621,6,True
esp32_device_001,2025-11-22T10:27:58.076923+13:00,84.5,-36.611624,174.779641,6,True
esp32_device_001,2025-11-22T10:27:58.461538+13:00,84.5,-36.611637,174.779672,6,True
esp32_device_001,2025-11-22T10:27:58.846154+13:00,84.6,-36.611647,174.779685,6,True
esp32_device_001,2025-11-22T10:27:59.230769+13:00,84.6,-36.611659,174.779696,6,True
esp32_device_001,2025-11-22T10:27:59.615385+13:00,84.6,-36.611677,174.779706,6,True
esp32_device_001,2025-11-22T10:28:00+13:00,84.6,-36.61166,174.779755,6,False
esp32_device_001,2025-11-22T10:28:00.833333+13:00,84.3,-36.611665,174.779777,6,True
esp32_device_001,2025-11-22T10:28:01.666667+13:00,84.0,-36.611654,174.779910,6,True
esp32_device_001,2025-11-22T10:28:02.500000+13:00,83.8,-36.611605,174.780067,6,True
esp32_device_001,2025-11-22T10:28:03.333333+13:00,83.5,-36.611573,174.780164,6,True
esp32_device_001,2025-11-22T10:28:04.166667+13:00,83.2,-36.611562,174.780197,6,True
esp32_device_001,2025-11-22T10:28:05+13:00,82.9,-36.61153,174.780289,6,False
esp32_device_001,2025-11-22T10:28:06.250000+13:00,81.4,-36.611500,174.780362,6,True
esp32_device_001,2025-11-22T10:28:07.500000+13:00,79.8,-36.611402,174.780708,6,True
esp32_device_001,2025-11-22T10:28:08.750000+13:00,78.2,-36.611356,174.780839,6,True
esp32_device_001,2025-11-22T10:28:10+13:00,76.7,-36.611279,174.780991,6,False
esp32_device_001,2025-11-22T10:28:11.666667+13:00,73.6,-36.611292,174.781019,6,True
esp32_device_001,2025-11-22T10:28:13.333333+13:00,70.5,-36.611144,174.781416,6,True
esp32_device_001,2025-11-22T10:28:15+13:00,67.4,-36.611023,174.781754,6,False
esp32_device_001,2025-11-22T10:28:16+13:00,65.6,-36.611034,174.781778,6,True
esp32_device_001,2025-11-22T10:28:17+13:00,63.7,-36.610980,174.781998,6,True
esp32_device_001,2025-11-22T10:28:18+13:00,61.9,-36.610928,174.782267,6,True
esp32_device_001,2025-11-22T10:28:19+13:00,60.0,-36.610904,174.782429,6,True
esp32_device_001,2025-11-22T10:28:20+13:00,58.2,-36.610867,174.782547,6,False
esp32_device_001,2025-11-22T10:28:21.666667+13:00,55.4,-36.610883,174.782612,6,True
esp32_device_001,2025-11-22T10:28:23.333333+13:00,52.5,-36.610853,174.783090,6,True
esp32_device_001,2025-11-22T10:28:25+13:00,49.7,-36.610809,174.783401,6,False
esp32_device_001,2025-11-22T10:28:26.666667+13:00,47.0,-36.610814,174.783707,6,True
esp32_device_001,2025-11-22T10:28:28.333333+13:00,44.4,-36.610805,174.783846,6,True
esp32_device_001,2025-11-22T10:28:30+13:00,41.7,-36.610771,174.784241,6,False
esp32_device_001,2025-11-22T10:28:31.250000+13:00,40.0,-36.610797,174.784419,6,True
esp32_device_001,2025-11-22T10:28:32.500000+13:00,38.2,-36.610806,174.784599,6,True
esp32_device_001,2025-11-22T10:28:33.750000+13:00,36.5,-36.610845,174.784962,6,True
esp32_device_001,2025-11-22T10:28:35+13:00,34.7,-36.61084,174.78508,6,False
esp32_device_001,2025-11-22T10:28:37.500000+13:00,32.4,-36.610969,174.785897,6,True
esp32_device_001,2025-11-22T10:28:40+13:00,30,-36.610954,174.785919,6,False
esp32_device_001,2025-11-22T10:28:41.250000+13:00,29.1,-36.611029,174.786364,6,True
esp32_device_001,2025-11-22T10:28:42.500000+13:00,28.2,-36.611037,174.786425,6,True
esp32_device_001,2025-11-22T10:28:43.750000+13:00,27.4,-36.611055,174.786633,6,True
esp32_device_001,2025-11-22T10:28:45+13:00,26.5,-36.61105,174.786774,6,False
esp32_device_001,2025-11-22T10:28:46+13:00,25.8,-36.611072,174.786824,6,True
esp32_device_001,2025-11-22T10:28:47+13:00,25.1,-36.611080,174.787128,6,True
esp32_device_001,2025-11-22T10:28:48+13:00,24.3,-36.611078,174.787331,6,True
esp32_device_001,2025-11-22T10:28:49+13:00,23.6,-36.611067,174.787531,6,True
esp32_device_001,2025-11-22T10:28:50+13:00,22.9,-36.611031,174.787659,6,False
esp32_device_001,2025-11-22T10:28:50.833333+13:00,22.4,-36.611022,174.787966,6,True
esp32_device_001,2025-11-22T10:28:51.666667+13:00,21.9,-36.611001,174.788161,6,True
esp32_device_001,2025-11-22T10:28:52.500000+13:00,21.4,-36.610999,174.788354,6,True
esp32_device_001,2025-11-22T10:28:53.333333+13:00,20.9,-36.611005,174.788488,6,True
esp32_device_001,2025-11-22T10:28:54.166667+13:00,20.4,-36.611005,174.788510,6,True
esp32_device_001,2025-11-22T10:28:55+13:00,19.9,-36.610989,174.788544,6,False
esp32_device_001,2025-11-22T10:28:55.833333+13:00,19.8,-36.611027,174.788689,6,True
esp32_device_001,2025-11-22T10:28:56.666667+13:00,19.6,-36.611046,174.788802,6,True
esp32_device_001,2025-11-22T10:28:57.500000+13:00,19.5,-36.611071,174.788906,6,True
esp32_device_001,2025-11-22T10:28:58.333333+13:00,19.4,-36.611134,174.789109,6,True
esp32_device_001,2025-11-22T10:28:59.166667+13:00,19.2,-36.611210,174.789292,6,True
esp32_device_001,2025-11-22T10:29:00+13:00,19.1,-36.611198,174.789322,6,False
esp32_device_001,2025-11-22T10:29:01+13:00,18.8,-36.611257,174.789393,6,True
esp32_device_001,2025-11-22T10:29:02+13:00,18.4,-36.611333,174.789525,6,True
esp32_device_001,2025-11-22T10:29:03+13:00,18.1,-36.611438,174.789680,6,True
esp32_device_001,2025-11-22T10:29:04+13:00,17.7,-36.611556,174.789820,6,True
esp32_device_001,2025-11-22T10:29:05+13:00,17.4,-36.611622,174.789917,6,False
esp32_device_001,2025-11-22T10:29:06.250000+13:00,17.3,-36.611686,174.789950,6,True
esp32_device_001,2025-11-22T10:29:07.500000+13:00,17.1,-36.611743,174.789991,6,True
esp32_device_001,2025-11-22T10:29:08.750000+13:00,17.0,-36.611886,174.790095,6,True
esp32_device_001,2025-11-22T10:29:10+13:00,16.9,-36.612148,174.790268,6,False
esp32_device_001,2025-11-22T10:29:11.250000+13:00,16.9,-36.612238,174.790270,6,True
esp32_device_001,2025-11-22T10:29:12.500000+13:00,16.9,-36.612363,174.790325,6,True
esp32_device_001,2025-11-22T10:29:13.750000+13:00,16.8,-36.612716,174.790482,6,True
esp32_device_001,2025-11-22T10:29:15+13:00,16.8,-36.612698,174.790512,6,False
esp32_device_001,2025-11-22T10:29:15.125000+13:00,16.8,-36.612692,174.790580,6,True
esp32_device_001,2025-11-22T10:29:15.250000+13:00,16.8,-36.612685,174.790612,6,True
esp32_device_001,2025-11-22T10:29:15.375000+13:00,16.8,-36.612687,174.790650,6,True
esp32_device_001,2025-11-22T10:29:15.500000+13:00,16.8,-36.612701,174.790682,6,True
esp32_device_001,2025-11-22T10:29:15.625000+13:00,16.8,-36.612723,174.790720,6,True
esp32_device_001,2025-11-22T10:29:15.750000+13:00,16.8,-36.612763,174.790755,6,True
esp32_device_001,2025-11-22T10:29:15.875000+13:00,16.8,-36.613073,174.790919,6,True
esp32_device_001,2025-11-22T10:29:16+13:00,16.8,-36.613104,174.790935,6,True
esp32_device_001,2025-11-22T10:29:16.125000+13:00,16.8,-36.613616,174.791205,6,True
esp32_device_001,2025-11-22T10:29:16.250000+13:00,16.8,-36.613649,174.791222,6,True
esp32_device_001,2025-11-22T10:29:16.375000+13:00,16.8,-36.613680,174.791236,6,True
esp32_device_001,2025-11-22T10:29:16.500000+13:00,16.8,-36.613704,174.791239,6,True
esp32_device_001,2025-11-22T10:29:16.625000+13:00,16.8,-36.613734,174.791230,6,True
esp32_device_001,2025-11-22T10:29:16.750000+13:00,16.8,-36.613754,174.791215,6,True
esp32_device_001,2025-11-22T10:29:16.875000+13:00,16.8,-36.613788,174.791188,6,True
esp32_device_001,2025-11-22T10:29:17+13:00,16.8,-36.613828,174.791159,6,True
esp32_device_001,2025-11-22T10:29:17.125000+13:00,16.8,-36.613862,174.791135,6,True
esp32_device_001,2025-11-22T10:29:17.250000+13:00,16.8,-36.613883,174.791159,6,True
esp32_device_001,2025-11-22T10:29:17.375000+13:00,16.8,-36.613908,174.791176,6,True
esp32_device_001,2025-11-22T10:29:17.500000+13:00,16.8,-36.613936,174.791183,6,True
esp32_device_001,2025-11-22T10:29:17.625000+13:00,16.8,-36.613964,174.791180,6,True
esp32_device_001,2025-11-22T10:29:17.750000+13:00,16.8,-36.613997,174.791163,6,True
esp32_device_001,2025-11-22T10:29:17.875000+13:00,16.8,-36.614024,174.791133,6,True
esp32_device_001,2025-11-22T10:29:18+13:00,16.8,-36.614040,174.791093,6,True
esp32_device_001,2025-11-22T10:29:18.125000+13:00,16.8,-36.614044,174.791048,6,True
esp32_device_001,2025-11-22T10:29:18.250000+13:00,16.8,-36.614036,174.791004,6,True
esp32_device_001,2025-11-22T10:29:18.375000+13:00,16.8,-36.614016,174.790967,6,True
esp32_device_001,2025-11-22T10:29:18.500000+13:00,16.8,-36.613987,174.790941,6,True
esp32_device_001,2025-11-22T10:29:18.625000+13:00,16.8,-36.613941,174.790928,6,True
esp32_device_001,2025-11-22T10:29:18.750000+13:00,16.8,-36.613895,174.790942,6,True
esp32_device_001,2025-11-22T10:29:18.875000+13:00,16.8,-36.613763,174.790924,6,True
esp32_device_001,2025-11-22T10:29:19+13:00,16.8,-36.613753,174.790922,6,True
esp32_device_001,2025-11-22T10:29:19.125000+13:00,16.8,-36.613546,174.790861,6,True
esp32_device_001,2025-11-22T10:29:19.250000+13:00,16.8,-36.613529,174.790766,6,True
esp32_device_001,2025-11-22T10:29:19.375000+13:00,16.8,-36.613508,174.790645,6,True
esp32_device_001,2025-11-22T10:29:19.500000+13:00,16.8,-36.613165,174.790499,6,True
esp32_device_001,2025-11-22T10:29:19.625000+13:00,16.8,-36.613122,174.790576,6,True
esp32_device_001,2025-11-22T10:29:19.750000+13:00,16.8,-36.613078,174.790654,6,True
esp32_device_001,2025-11-22T10:29:19.875000+13:00,16.8,-36.613180,174.790695,6,True
esp32_device_001,2025-11-22T10:29:20+13:00,16.8,-36.613205,174.790741,6,False
esp32_device_001,2025-11-22T10:29:22.500000+13:00,16.5,-36.613546,174.790861,6,True
esp32_device_001,2025-11-22T10:29:25+13:00,16.2,-36.613659,174.790939,6,False
esp32_device_001,2025-11-22T10:29:30+13:00,15.6,-36.613808,174.791046,6,False
esp32_device_001,2025-11-22T10:29:35+13:00,15.3,-36.613937,174.791229,6,False
esp32_device_001,2025-11-22T10:29:36.666667+13:00,15.3,-36.613965,174.791282,6,True
esp32_device_001,2025-11-22T10:29:38.333333+13:00,15.3,-36.614043,174.791536,6,True
esp32_device_001,2025-11-22T10:29:40+13:00,15.3,-36.614105,174.791702,6,False
esp32_device_001,2025-11-22T10:29:45+13:00,15,-36.614155,174.792023,6,False
esp32_device_001,2025-11-22T10:33:52+13:00,12.8,-36.614113,174.792282,6,False
esp32_device_001,2025-11-22T10:33:57+13:00,13.3,-36.614185,174.792587,6,False
esp32_device_001,2025-11-22T10:34:02+13:00,13.9,-36.614315,174.792664,6,False
esp32_device_001,2025-11-22T10:34:07+13:00,13.1,-36.614414,174.792694,6,False
esp32_device_001,2025-11-22T10:34:08.666667+13:00,13.2,-36.614454,174.792837,6,True
esp32_device_001,2025-11-22T10:34:10.333333+13:00,13.3,-36.614525,174.792996,6,True
esp32_device_001,2025-11-22T10:34:12+13:00,13.4,-36.614552,174.79306,6,False
esp32_device_001,2025-11-22T10:34:13.250000+13:00,13.7,-36.614629,174.793211,6,True
esp32_device_001,2025-11-22T10:34:14.500000+13:00,14.0,-36.614664,174.793284,6,True
esp32_device_001,2025-11-22T10:34:15.750000+13:00,14.3,-36.614843,174.793510,6,True
esp32_device_001,2025-11-22T10:34:17+13:00,14.6,-36.614872,174.793594,6,False
esp32_device_001,2025-11-22T10:34:17.833333+13:00,14.8,-36.614968,174.793673,6,True
esp32_device_001,2025-11-22T10:34:18.666667+13:00,15.0,-36.615081,174.793801,6,True
esp32_device_001,2025-11-22T10:34:19.500000+13:00,15.2,-36.615151,174.793877,6,True
esp32_device_001,2025-11-22T10:34:20.333333+13:00,15.4,-36.615189,174.793912,6,True
esp32_device_001,2025-11-22T10:34:21.166667+13:00,15.6,-36.615245,174.793962,6,True
esp32_device_001,2025-11-22T10:34:22+13:00,15.8,-36.615318,174.794052,6,False
esp32_device_001,2025-11-22T10:34:22.833333+13:00,16.4,-36.615334,174.794046,6,True
esp32_device_001,2025-11-22T10:34:23.666667+13:00,17.0,-36.615473,174.794158,6,True
esp32_device_001,2025-11-22T10:34:24.500000+13:00,17.6,-36.615566,174.794224,6,True
esp32_device_001,2025-11-22T10:34:25.333333+13:00,18.3,-36.615650,174.794279,6,True
esp32_device_001,2025-11-22T10:34:26.166667+13:00,18.9,-36.615785,174.794353,6,True
esp32_device_001,2025-11-22T10:34:27+13:00,19.5,-36.615829,174.794403,6,False
esp32_device_001,2025-11-22T10:34:28+13:00,20.9,-36.615953,174.794437,6,True
esp32_device_001,2025-11-22T10:34:29+13:00,22.2,-36.616052,174.794493,6,True
esp32_device_001,2025-11-22T10:34:30+13:00,23.6,-36.616161,174.794571,6,True
esp32_device_001,2025-11-22T10:34:31+13:00,24.9,-36.616262,174.794661,6,True
esp32_device_001,2025-11-22T10:34:32+13:00,26.3,-36.616322,174.794754,6,False
esp32_device_001,2025-11-22T10:34:32.833333+13:00,27.2,-36.616369,174.794784,6,True
esp32_device_001,2025-11-22T10:34:33.666667+13:00,28.1,-36.616450,174.794887,6,True
esp32_device_001,2025-11-22T10:34:34.500000+13:00,29.0,-36.616510,174.794979,6,True
esp32_device_001,2025-11-22T10:34:35.333333+13:00,29.8,-36.616589,174.795134,6,True
esp32_device_001,2025-11-22T10:34:36.166667+13:00,30.7,-36.616652,174.795281,6,True
esp32_device_001,2025-11-22T10:34:37+13:00,31.6,-36.616646,174.795334,6,False
esp32_device_001,2025-11-22T10:34:37.714286+13:00,32.1,-36.616695,174.795420,6,True
esp32_device_001,2025-11-22T10:34:38.428571+13:00,32.5,-36.616728,174.795536,6,True
esp32_device_001,2025-11-22T10:34:39.142857+13:00,33.0,-36.616762,174.795711,6,True
esp32_device_001,2025-11-22T10:34:39.857143+13:00,33.5,-36.616777,174.795868,6,True
esp32_device_001,2025-11-22T10:34:40.571429+13:00,34.0,-36.616778,174.795889,6,True
esp32_device_001,2025-11-22T10:34:41.285714+13:00,34.4,-36.616780,174.796033,6,True
esp32_device_001,2025-11-22T10:34:42+13:00,34.9,-36.616749,174.796051,6,False
esp32_device_001,2025-11-22T10:34:42.833333+13:00,35.0,-36.616764,174.796191,6,True
esp32_device_001,2025-11-22T10:34:43.666667+13:00,35.1,-36.616749,174.796297,6,True
esp32_device_001,2025-11-22T10:34:44.500000+13:00,35.2,-36.616728,174.796403,6,True
esp32_device_001,2025-11-22T10:34:45.333333+13:00,35.3,-36.616672,174.796604,6,True
esp32_device_001,2025-11-22T10:34:46.166667+13:00,35.4,-36.616633,174.796719,6,True
esp32_device_001,2025-11-22T10:34:47+13:00,35.5,-36.616608,174.796738,6,False
esp32_device_001,2025-11-22T10:34:48.666667+13:00,35.5,-36.616532,174.797014,6,True
esp32_device_001,2025-11-22T10:34:50.333333+13:00,35.4,-36.616423,174.797318,6,True
esp32_device_001,2025-11-22T10:34:52+13:00,35.4,-36.616356,174.797424,6,False
esp32_device_001,2025-11-22T10:34:53.666667+13:00,35.2,-36.616303,174.797633,6,True
esp32_device_001,2025-11-22T10:34:55.333333+13:00,34.9,-36.616174,174.797942,6,True
esp32_device_001,2025-11-22T10:34:57+13:00,34.7,-36.616066,174.798111,6,False
esp32_device_001,2025-11-22T10:34:59.500000+13:00,34.3,-36.615999,174.798328,6,True
esp32_device_001,2025-11-22T10:35:02+13:00,33.9,-36.615753,174.798798,6,False
esp32_device_001,2025-11-22T10:35:03.666667+13:00,33.4,-36.615690,174.799000,6,True
esp32_device_001,2025-11-22T10:35:05.333333+13:00,32.8,-36.615616,174.799180,6,True
esp32_device_001,2025-11-22T10:35:07+13:00,32.3,-36.615471,174.799484,6,False
esp32_device_001,2025-11-22T10:35:08.666667+13:00,31.8,-36.615379,174.799827,6,True
esp32_device_001,2025-11-22T10:35:10.333333+13:00,31.4,-36.615244,174.800217,6,True
esp32_device_001,2025-11-22T10:35:12+13:00,30.9,-36.615211,174.800217,6,False
esp32_device_001,2025-11-22T10:35:12.833333+13:00,31.0,-36.615182,174.800357,6,True
esp32_device_001,2025-11-22T10:35:13.666667+13:00,31.0,-36.615112,174.800496,6,True
esp32_device_001,2025-11-22T10:35:14.500000+13:00,31.1,-36.615035,174.800632,6,True
esp32_device_001,2025-11-22T10:35:15.333333+13:00,31.2,-36.614954,174.800758,6,True
esp32_device_001,2025-11-22T10:35:16.166667+13:00,31.2,-36.614868,174.800879,6,True
esp32_device_001,2025-11-22T10:35:17+13:00,31.3,-36.614834,174.800873,6,False
esp32_device_001,2025-11-22T10:35:18.666667+13:00,31.7,-36.614771,174.800994,6,True
esp32_device_001,2025-11-22T10:35:20.333333+13:00,32.2,-36.614568,174.801213,6,True
esp32_device_001,2025-11-22T10:35:22+13:00,32.6,-36.614342,174.801407,6,False
esp32_device_001,2025-11-22T10:35:22.833333+13:00,32.9,-36.614147,174.801649,6,True
esp32_device_001,2025-11-22T10:35:23.666667+13:00,33.1,-36.614020,174.801759,6,True
esp32_device_001,2025-11-22T10:35:24.500000+13:00,33.4,-36.613953,174.801809,6,True
esp32_device_001,2025-11-22T10:35:25.333333+13:00,33.6,-36.613901,174.801847,6,True
esp32_device_001,2025-11-22T10:35:26.166667+13:00,33.9,-36.613871,174.801871,6,True
esp32_device_001,2025-11-22T10:35:27+13:00,34.1,-36.613808,174.801865,6,False
esp32_device_001,2025-11-22T10:35:28.250000+13:00,34.4,-36.613701,174.801972,6,True
esp32_device_001,2025-11-22T10:35:29.500000+13:00,34.7,-36.613578,174.802043,6,True
esp32_device_001,2025-11-22T10:35:30.750000+13:00,34.9,-36.613317,174.802134,6,True
esp32_device_001,2025-11-22T10:35:32+13:00,35.2,-36.613178,174.802124,6,False
esp32_device_001,2025-11-22T10:35:33.666667+13:00,36.0,-36.613120,174.802179,6,True
esp32_device_001,2025-11-22T10:35:35.333333+13:00,36.8,-36.612757,174.802234,6,True
esp32_device_001,2025-11-22T10:35:37+13:00,37.6,-36.612511,174.802216,6,False
esp32_device_001,2025-11-22T10:35:38.250000+13:00,38.5,-36.612475,174.802271,6,True
esp32_device_001,2025-11-22T10:35:39.500000+13:00,39.4,-36.612248,174.802304,6,True
esp32_device_001,2025-11-22T10:35:40.750000+13:00,40.3,-36.611982,174.802338,6,True
esp32_device_001,2025-11-22T10:35:42+13:00,41.2,-36.611851,174.802307,6,False
esp32_device_001,2025-11-22T10:35:43+13:00,42.0,-36.611774,174.802364,6,True
esp32_device_001,2025-11-22T10:35:44+13:00,42.7,-36.611563,174.802392,6,True
esp32_device_001,2025-11-22T10:35:45+13:00,43.5,-36.611374,174.802435,6,True
esp32_device_001,2025-11-22T10:35:46+13:00,44.2,-36.611234,174.802484,6,True
esp32_device_001,2025-11-22T10:35:47+13:00,45,-36.611187,174.80246,6,False
esp32_device_001,2025-11-22T10:35:47.833333+13:00,45.7,-36.611094,174.802547,6,True
esp32_device_001,2025-11-22T10:35:48.666667+13:00,46.4,-36.610996,174.802603,6,True
esp32_device_001,2025-11-22T10:35:49.500000+13:00,47.0,-36.610927,174.802648,6,True
esp32_device_001,2025-11-22T10:35:50.333333+13:00,47.7,-36.610788,174.802753,6,True
esp32_device_001,2025-11-22T10:35:51.166667+13:00,48.4,-36.610656,174.802863,6,True
esp32_device_001,2025-11-22T10:35:52+13:00,49.1,-36.610596,174.802872,6,False
esp32_device_001,2025-11-22T10:35:53+13:00,49.5,-36.610494,174.803004,6,True
esp32_device_001,2025-11-22T10:35:54+13:00,49.8,-36.610344,174.803126,6,True
esp32_device_001,2025-11-22T10:35:55+13:00,50.2,-36.610174,174.803238,6,True
esp32_device_001,2025-11-22T10:35:56+13:00,50.5,-36.610045,174.803299,6,True
esp32_device_001,2025-11-22T10:35:57+13:00,50.9,-36.610004,174.803268,6,False
esp32_device_001,2025-11-22T10:35:59.500000+13:00,50.1,-36.609853,174.803379,6,True
esp32_device_001,2025-11-22T10:36:02+13:00,49.4,-36.609364,174.803497,6,False
esp32_device_001,2025-11-22T10:36:03.250000+13:00,49.3,-36.609091,174.803633,6,True
esp32_device_001,2025-11-22T10:36:04.500000+13:00,49.2,-36.608984,174.803680,6,True
esp32_device_001,2025-11-22T10:36:05.750000+13:00,49.2,-36.608837,174.803771,6,True
esp32_device_001,2025-11-22T10:36:07+13:00,49.1,-36.608772,174.803772,6,False
esp32_device_001,2025-11-22T10:36:07.833333+13:00,49.5,-36.608746,174.803840,6,True
esp32_device_001,2025-11-22T10:36:08.666667+13:00,50.0,-36.608611,174.803934,6,True
esp32_device_001,2025-11-22T10:36:09.500000+13:00,50.5,-36.608489,174.804000,6,True
esp32_device_001,2025-11-22T10:36:10.333333+13:00,50.9,-36.608371,174.804033,6,True
esp32_device_001,2025-11-22T10:36:11.166667+13:00,51.3,-36.608301,174.804046,6,True
esp32_device_001,2025-11-22T10:36:12+13:00,51.8,-36.608227,174.804001,6,False
esp32_device_001,2025-11-22T10:36:12.833333+13:00,52.2,-36.608157,174.804045,6,True
esp32_device_001,2025-11-22T10:36:13.666667+13:00,52.7,-36.608091,174.804031,6,True
esp32_device_001,2025-11-22T10:36:14.500000+13:00,53.1,-36.608016,174.804009,6,True
esp32_device_001,2025-11-22T10:36:15.333333+13:00,53.6,-36.607866,174.803949,6,True
esp32_device_001,2025-11-22T10:36:16.166667+13:00,54.0,-36.607722,174.803893,6,True
esp32_device_001,2025-11-22T10:36:17+13:00,54.5,-36.607662,174.803848,6,False
esp32_device_001,2025-11-22T10:36:18.250000+13:00,54.3,-36.607560,174.803852,6,True
esp32_device_001,2025-11-22T10:36:19.500000+13:00,54.1,-36.607367,174.803810,6,True
esp32_device_001,2025-11-22T10:36:20.750000+13:00,54.0,-36.607102,174.803775,6,True
esp32_device_001,2025-11-22T10:36:22+13:00,53.8,-36.60709,174.803741,6,False
esp32_device_001,2025-11-22T10:36:23.250000+13:00,54.0,-36.606855,174.803740,6,True
esp32_device_001,2025-11-22T10:36:24.500000+13:00,54.1,-36.606627,174.803697,6,True
esp32_device_001,2025-11-22T10:36:25.750000+13:00,54.3,-36.606546,174.803675,6,True
esp32_device_001,2025-11-22T10:36:27+13:00,54.5,-36.606506,174.803619,6,False
esp32_device_001,2025-11-22T10:36:28.250000+13:00,54.9,-36.606455,174.803644,6,True
esp32_device_001,2025-11-22T10:36:29.500000+13:00,55.2,-36.606331,174.803588,6,True
esp32_device_001,2025-11-22T10:36:30.750000+13:00,55.6,-36.606157,174.803506,6,True
esp32_device_001,2025-11-22T10:36:32+13:00,56,-36.605953,174.803375,6,False
esp32_device_001,2025-11-22T10:36:33.666667+13:00,57.0,-36.605855,174.803361,6,True
esp32_device_001,2025-11-22T10:36:35.333333+13:00,58.1,-36.605565,174.803221,6,True
esp32_device_001,2025-11-22T10:36:37+13:00,59.1,-36.605415,174.803116,6,False
esp32_device_001,2025-11-22T10:36:39.500000+13:00,60.2,-36.605178,174.803024,6,True
esp32_device_001,2025-11-22T10:36:42+13:00,61.4,-36.604939,174.802856,6,False
