dev_esp32,timestamp,altitude,latitude,longitude,journey_id,synthetic
esp32_device_001,2025-10-31T07:53:08+13:00,60.9,-36.604729,174.802643,1,False
esp32_device_001,2025-10-31T07:53:13+13:00,60.9,-36.604713,174.802673,1,False
esp32_device_001,2025-10-31T07:53:18+13:00,60.5,-36.60461,174.802673,1,False
esp32_device_001,2025-10-31T07:53:23+13:00,59.3,-36.604347,174.802521,1,False
esp32_device_001,2025-10-31T07:53:25.500000+13:00,58.1,-36.604083,174.802380,1,True
esp32_device_001,2025-10-31T07:53:28+13:00,57,-36.603973,174.802292,1,False
esp32_device_001,2025-10-31T07:53:29+13:00,57.0,-36.603918,174.802283,1,True
esp32_device_001,2025-10-31T07:53:30+13:00,57.0,-36.603823,174.802199,1,True
esp32_device_001,2025-10-31T07:53:31+13:00,57.0,-36.603814,174.802194,1,True
esp32_device_001,2025-10-31T07:53:32+13:00,57.0,-36.603769,174.802171,1,True
esp32_device_001,2025-10-31T07:53:33+13:00,57,-36.603714,174.802155,1,False
esp32_device_001,2025-10-31T07:53:38+13:00,56.4,-36.603596,174.80188,1,False
esp32_device_001,2025-10-31T07:53:43+13:00,56.3,-36.603458,174.801331,1,False
esp32_device_001,2025-10-31T07:53:44.250000+13:00,56.3,-36.603446,174.801282,1,True
esp32_device_001,2025-10-31T07:53:45.500000+13:00,56.3,-36.603411,174.801140,1,True
esp32_device_001,2025-10-31T07:53:46.750000+13:00,56.4,-36.603379,174.801004,1,True
esp32_device_001,2025-10-31T07:53:48+13:00,56.4,-36.603298,174.800644,1,False
esp32_device_001,2025-10-31T07:53:49.666667+13:00,56.4,-36.603250,174.800456,1,True
esp32_device_001,2025-10-31T07:53:51.333333+13:00,56.5,-36.603160,174.800101,1,True
esp32_device_001,2025-10-31T07:53:53+13:00,56.5,-36.603119,174.799911,1,False
esp32_device_001,2025-10-31T07:53:53.625000+13:00,56.6,-36.603110,174.799895,1,True
esp32_device_001,2025-10-31T07:53:54.250000+13:00,56.7,-36.603092,174.799818,1,True
esp32_device_001,2025-10-31T07:53:54.875000+13:00,56.8,-36.603076,174.799733,1,True
esp32_device_001,2025-10-31T07:53:55.500000+13:00,56.9,-36.603065,174.799637,1,True
esp32_device_001,2025-10-31T07:53:56.125000+13:00,56.9,-36.603066,174.799538,1,True
esp32_device_001,2025-10-31T07:53:56.750000+13:00,57.0,-36.603082,174.799420,1,True
esp32_device_001,2025-10-31T07:53:57.375000+13:00,57.1,-36.603118,174.799312,1,True
esp32_device_001,2025-10-31T07:53:58+13:00,57.2,-36.603161,174.79921,1,False
esp32_device_001,2025-10-31T07:53:59.666667+13:00,57.6,-36.603219,174.799100,1,True
esp32_device_001,2025-10-31T07:54:01.333333+13:00,57.9,-36.603456,174.798650,1,True
esp32_device_001,2025-10-31T07:54:03+13:00,58.3,-36.603485,174.798599,1,False
esp32_device_001,2025-10-31T07:54:04.666667+13:00,58.5,-36.603792,174.798029,1,True
esp32_device_001,2025-10-31T07:54:06.333333+13:00,58.6,-36.603838,174.797944,1,True
esp32_device_001,2025-10-31T07:54:08+13:00,58.8,-36.603848,174.797928,1,False
esp32_device_001,2025-10-31T07:54:13+13:00,59,-36.60421,174.797256,1,False
esp32_device_001,2025-10-31T07:54:14.666667+13:00,58.8,-36.604265,174.797153,1,True
esp32_device_001,2025-10-31T07:54:16.333333+13:00,58.6,-36.604561,174.796597,1,True
esp32_device_001,2025-10-31T07:54:18+13:00,58.4,-36.604588,174.796555,1,False
esp32_device_001,2025-10-31T07:54:18.833333+13:00,58.0,-36.604613,174.796482,1,True
esp32_device_001,2025-10-31T07:54:19.666667+13:00,57.6,-36.604641,174.796412,1,True
esp32_device_001,2025-10-31T07:54:20.500000+13:00,57.1,-36.604663,174.796340,1,True
esp32_device_001,2025-10-31T07:54:21.333333+13:00,56.7,-36.604700,174.796218,1,True
esp32_device_001,2025-10-31T07:54:22.166667+13:00,56.3,-36.604755,174.795973,1,True
esp32_device_001,2025-10-31T07:54:23+13:00,55.9,-36.604797,174.795776,1,False
esp32_device_001,2025-10-31T07:54:25.500000+13:00,54.0,-36.604846,174.795514,1,True
esp32_device_001,2025-10-31T07:54:28+13:00,52.2,-36.604965,174.794968,1,False
esp32_device_001,2025-10-31T07:54:30.500000+13:00,49.5,-36.604989,174.794807,1,True
esp32_device_001,2025-10-31T07:54:33+13:00,46.7,-36.605133,174.794144,1,False
esp32_device_001,2025-10-31T07:54:33.714286+13:00,45.8,-36.605161,174.793931,1,True
esp32_device_001,2025-10-31T07:54:34.428571+13:00,44.9,-36.605175,174.793832,1,True
esp32_device_001,2025-10-31T07:54:35.142857+13:00,44.0,-36.605184,174.793754,1,True
esp32_device_001,2025-10-31T07:54:35.857143+13:00,43.0,-36.605186,174.793658,1,True
esp32_device_001,2025-10-31T07:54:36.571429+13:00,42.1,-36.605180,174.793563,1,True
esp32_device_001,2025-10-31T07:54:37.285714+13:00,41.2,-36.605172,174.793455,1,True
esp32_device_001,2025-10-31T07:54:38+13:00,40.3,-36.605167,174.793335,1,False
esp32_device_001,2025-10-31T07:54:40.500000+13:00,35.5,-36.605117,174.792976,1,True
esp32_device_001,2025-10-31T07:54:43+13:00,30.7,-36.605072,174.792496,1,False
esp32_device_001,2025-10-31T07:54:45.500000+13:00,26.6,-36.604955,174.791624,1,True
esp32_device_001,2025-10-31T07:54:48+13:00,22.6,-36.604961,174.791611,1,False
esp32_device_001,2025-10-31T07:54:50.500000+13:00,23.8,-36.604893,174.791112,1,True
esp32_device_001,2025-10-31T07:54:53+13:00,24.9,-36.604874,174.790741,1,False
esp32_device_001,2025-10-31T07:54:53.833333+13:00,25.7,-36.604858,174.790656,1,True
esp32_device_001,2025-10-31T07:54:54.666667+13:00,26.5,-36.604857,174.790521,1,True
esp32_device_001,2025-10-31T07:54:55.500000+13:00,27.3,-36.604861,174.790365,1,True
esp32_device_001,2025-10-31T07:54:56.333333+13:00,28.1,-36.604878,174.790160,1,True
esp32_device_001,2025-10-31T07:54:57.166667+13:00,28.9,-36.604900,174.789963,1,True
esp32_device_001,2025-10-31T07:54:58+13:00,29.7,-36.604923,174.789886,1,False
esp32_device_001,2025-10-31T07:55:00.500000+13:00,32.0,-36.604989,174.789355,1,True
esp32_device_001,2025-10-31T07:55:03+13:00,34.4,-36.605042,174.789017,1,False
esp32_device_001,2025-10-31T07:55:05.500000+13:00,37.0,-36.605073,174.788703,1,True
esp32_device_001,2025-10-31T07:55:08+13:00,39.7,-36.605148,174.788147,1,False
esp32_device_001,2025-10-31T07:55:13+13:00,47.4,-36.605255,174.787323,1,False
esp32_device_001,2025-10-31T07:55:13.833333+13:00,48.7,-36.605279,174.787059,1,True
esp32_device_001,2025-10-31T07:55:14.666667+13:00,50.0,-36.605316,174.786860,1,True
esp32_device_001,2025-10-31T07:55:15.500000+13:00,51.3,-36.605344,174.786755,1,True
esp32_device_001,2025-10-31T07:55:16.333333+13:00,52.6,-36.605379,174.786658,1,True
esp32_device_001,2025-10-31T07:55:17.166667+13:00,53.9,-36.605418,174.786562,1,True
esp32_device_001,2025-10-31T07:55:18+13:00,55.2,-36.605434,174.78656,1,False
esp32_device_001,2025-10-31T07:55:19+13:00,56.2,-36.605463,174.786476,1,True
esp32_device_001,2025-10-31T07:55:20+13:00,57.2,-36.605521,174.786380,1,True
esp32_device_001,2025-10-31T07:55:21+13:00,58.3,-36.605587,174.786292,1,True
esp32_device_001,2025-10-31T07:55:22+13:00,59.3,-36.605788,174.786079,1,True
esp32_device_001,2025-10-31T07:55:23+13:00,60.3,-36.605892,174.786011,1,False
esp32_device_001,2025-10-31T07:55:28+13:00,66.5,-36.606461,174.785507,1,False
esp32_device_001,2025-10-31T07:55:29.666667+13:00,68.3,-36.606576,174.785376,1,True
esp32_device_001,2025-10-31T07:55:31.333333+13:00,70.2,-36.606981,174.785015,1,True
esp32_device_001,2025-10-31T07:55:33+13:00,72,-36.607037,174.784988,1,False
esp32_device_001,2025-10-31T07:55:35.500000+13:00,72.3,-36.607484,174.784558,1,True
esp32_device_001,2025-10-31T07:55:38+13:00,72.6,-36.607639,174.784439,1,False
esp32_device_001,2025-10-31T07:55:40.500000+13:00,71.1,-36.608013,174.784081,1,True
esp32_device_001,2025-10-31T07:55:43+13:00,69.6,-36.60828,174.783859,1,False
esp32_device_001,2025-10-31T07:55:45.500000+13:00,67.8,-36.608449,174.783689,1,True
esp32_device_001,2025-10-31T07:55:48+13:00,66.1,-36.608929,174.783279,1,False
esp32_device_001,2025-10-31T07:55:48.833333+13:00,66.4,-36.608946,174.783241,1,True
esp32_device_001,2025-10-31T07:55:49.666667+13:00,66.8,-36.609180,174.783031,1,True
esp32_device_001,2025-10-31T07:55:50.500000+13:00,67.1,-36.609276,174.782917,1,True
esp32_device_001,2025-10-31T07:55:51.333333+13:00,67.4,-36.609367,174.782800,1,True
esp32_device_001,2025-10-31T07:55:52.166667+13:00,67.8,-36.609453,174.782670,1,True
esp32_device_001,2025-10-31T07:55:53+13:00,68.1,-36.609482,174.782639,1,False
esp32_device_001,2025-10-31T07:55:54+13:00,68.5,-36.609536,174.782519,1,True
esp32_device_001,2025-10-31T07:55:55+13:00,69.0,-36.609561,174.782467,1,True
esp32_device_001,2025-10-31T07:55:56+13:00,69.4,-36.609606,174.782367,1,True
esp32_device_001,2025-10-31T07:55:57+13:00,69.9,-36.609653,174.782248,1,True
esp32_device_001,2025-10-31T07:55:58+13:00,70.3,-36.60981,174.781799,1,False
esp32_device_001,2025-10-31T07:55:59+13:00,71.4,-36.609917,174.781437,1,True
esp32_device_001,2025-10-31T07:56:00+13:00,72.5,-36.610007,174.781160,1,True
esp32_device_001,2025-10-31T07:56:01+13:00,73.5,-36.610061,174.781046,1,True
esp32_device_001,2025-10-31T07:56:02+13:00,74.6,-36.610103,174.780963,1,True
esp32_device_001,2025-10-31T07:56:03+13:00,75.7,-36.610126,174.78096,1,False
esp32_device_001,2025-10-31T07:56:03.833333+13:00,76.5,-36.610280,174.780726,1,True
esp32_device_001,2025-10-31T07:56:04.666667+13:00,77.3,-36.610355,174.780651,1,True
esp32_device_001,2025-10-31T07:56:05.500000+13:00,78.2,-36.610433,174.780591,1,True
esp32_device_001,2025-10-31T07:56:06.333333+13:00,79.0,-36.610519,174.780537,1,True
esp32_device_001,2025-10-31T07:56:07.166667+13:00,79.8,-36.610602,174.780488,1,True
esp32_device_001,2025-10-31T07:56:08+13:00,80.6,-36.610687,174.780472,1,False
esp32_device_001,2025-10-31T07:56:08.600000+13:00,81.2,-36.610775,174.780398,1,True
esp32_device_001,2025-10-31T07:56:09.200000+13:00,81.8,-36.610853,174.780359,1,True
esp32_device_001,2025-10-31T07:56:09.800000+13:00,82.4,-36.610932,174.780316,1,True
esp32_device_001,2025-10-31T07:56:10.400000+13:00,83.0,-36.611178,174.780210,1,True
esp32_device_001,2025-10-31T07:56:11+13:00,83.6,-36.611259,174.780151,1,False
esp32_device_001,2025-10-31T07:56:12+13:00,83.5,-36.611301,174.780129,1,True
esp32_device_001,2025-10-31T07:56:13+13:00,83.4,-36.611409,174.780034,1,True
esp32_device_001,2025-10-31T07:56:14+13:00,83.2,-36.611529,174.779893,1,True
esp32_device_001,2025-10-31T07:56:15+13:00,83.1,-36.611619,174.779769,1,True
esp32_device_001,2025-10-31T07:56:16+13:00,83,-36.611637,174.77977,1,False
esp32_device_001,2025-10-31T07:56:21+13:00,82.8,-36.611771,174.77948,1,False
esp32_device_001,2025-10-31T07:56:22.250000+13:00,82.5,-36.611785,174.779398,1,True
esp32_device_001,2025-10-31T07:56:23.500000+13:00,82.1,-36.611847,174.779066,1,True
esp32_device_001,2025-10-31T07:56:24.750000+13:00,81.8,-36.611855,174.779023,1,True
esp32_device_001,2025-10-31T07:56:26+13:00,81.4,-36.611893,174.778854,1,False
esp32_device_001,2025-10-31T07:56:27.250000+13:00,81.0,-36.611880,174.778827,1,True
esp32_device_001,2025-10-31T07:56:28.500000+13:00,80.7,-36.611958,174.778444,1,True
esp32_device_001,2025-10-31T07:56:29.750000+13:00,80.3,-36.611996,174.778284,1,True
esp32_device_001,2025-10-31T07:56:31+13:00,79.9,-36.612083,174.778046,1,False
esp32_device_001,2025-10-31T07:56:32.666667+13:00,79.8,-36.612071,174.778024,1,True
esp32_device_001,2025-10-31T07:56:34.333333+13:00,79.6,-36.612162,174.777780,1,True
esp32_device_001,2025-10-31T07:56:36+13:00,79.5,-36.612362,174.777405,1,False
esp32_device_001,2025-10-31T07:56:41+13:00,80.2,-36.612614,174.776886,1,False
esp32_device_001,2025-10-31T07:56:43.500000+13:00,80.4,-36.612782,174.776527,1,True
esp32_device_001,2025-10-31T07:56:46+13:00,80.6,-36.612888,174.776352,1,False
esp32_device_001,2025-10-31T07:56:48.500000+13:00,81.2,-36.613155,174.775781,1,True
esp32_device_001,2025-10-31T07:56:51+13:00,81.9,-36.613194,174.775757,1,False
esp32_device_001,2025-10-31T07:56:52+13:00,82.3,-36.613239,174.775635,1,True
esp32_device_001,2025-10-31T07:56:53+13:00,82.8,-36.613356,174.775474,1,True
esp32_device_001,2025-10-31T07:56:54+13:00,83.2,-36.613423,174.775400,1,True
esp32_device_001,2025-10-31T07:56:55+13:00,83.7,-36.613517,174.775306,1,True
esp32_device_001,2025-10-31T07:56:56+13:00,84.1,-36.613617,174.775269,1,False
esp32_device_001,2025-10-31T07:56:56.833333+13:00,84.1,-36.613628,174.775212,1,True
esp32_device_001,2025-10-31T07:56:57.666667+13:00,84.0,-36.613761,174.775123,1,True
esp32_device_001,2025-10-31T07:56:58.500000+13:00,84.0,-36.613899,174.775046,1,True
esp32_device_001,2025-10-31T07:56:59.333333+13:00,84.0,-36.614041,174.774989,1,True
esp32_device_001,2025-10-31T07:57:00.166667+13:00,83.9,-36.614184,174.774954,1,True
esp32_device_001,2025-10-31T07:57:01+13:00,83.9,-36.614212,174.774979,1,False
esp32_device_001,2025-10-31T07:57:02.250000+13:00,83.8,-36.614311,174.774933,1,True
esp32_device_001,2025-10-31T07:57:03.500000+13:00,83.8,-36.614417,174.774926,1,True
esp32_device_001,2025-10-31T07:57:04.750000+13:00,83.7,-36.614610,174.774923,1,True
esp32_device_001,2025-10-31T07:57:06+13:00,83.6,-36.614883,174.774963,1,False
esp32_device_001,2025-10-31T07:57:07+13:00,83.6,-36.615019,174.774918,1,True
esp32_device_001,2025-10-31T07:57:08+13:00,83.6,-36.615163,174.774910,1,True
esp32_device_001,2025-10-31T07:57:09+13:00,83.7,-36.615336,174.774877,1,True
esp32_device_001,2025-10-31T07:57:10+13:00,83.7,-36.615485,174.774830,1,True
esp32_device_001,2025-10-31T07:57:11+13:00,83.7,-36.615547,174.774841,1,False
esp32_device_001,2025-10-31T07:57:12+13:00,83.3,-36.615606,174.774776,1,True
esp32_device_001,2025-10-31T07:57:13+13:00,83.0,-36.615719,174.774716,1,True
esp32_device_001,2025-10-31T07:57:14+13:00,82.6,-36.615842,174.774633,1,True
esp32_device_001,2025-10-31T07:57:15+13:00,82.3,-36.616039,174.774493,1,True
esp32_device_001,2025-10-31T07:57:16+13:00,81.9,-36.616158,174.77446,1,False
esp32_device_001,2025-10-31T07:57:17.250000+13:00,81.3,-36.616414,174.774233,1,True
esp32_device_001,2025-10-31T07:57:18.500000+13:00,80.7,-36.616554,174.774143,1,True
esp32_device_001,2025-10-31T07:57:19.750000+13:00,80.0,-36.616699,174.774066,1,True
esp32_device_001,2025-10-31T07:57:21+13:00,79.4,-36.616749,174.774094,1,False
esp32_device_001,2025-10-31T07:57:21.714286+13:00,78.4,-36.616804,174.774024,1,True
esp32_device_001,2025-10-31T07:57:22.428571+13:00,77.4,-36.616928,174.773988,1,True
esp32_device_001,2025-10-31T07:57:23.142857+13:00,76.4,-36.617045,174.773964,1,True
esp32_device_001,2025-10-31T07:57:23.857143+13:00,75.5,-36.617160,174.773951,1,True
esp32_device_001,2025-10-31T07:57:24.571429+13:00,74.5,-36.617234,174.773946,1,True
esp32_device_001,2025-10-31T07:57:25.285714+13:00,73.5,-36.617366,174.773952,1,True
esp32_device_001,2025-10-31T07:57:26+13:00,72.5,-36.617424,174.774002,1,False
esp32_device_001,2025-10-31T07:57:27.666667+13:00,70.9,-36.617671,174.773983,1,True
esp32_device_001,2025-10-31T07:57:29.333333+13:00,69.3,-36.617987,174.774004,1,True
esp32_device_001,2025-10-31T07:57:31+13:00,67.7,-36.618057,174.774048,1,False
esp32_device_001,2025-10-31T07:57:33.500000+13:00,64.8,-36.618180,174.774008,1,True
esp32_device_001,2025-10-31T07:57:36+13:00,61.8,-36.618637,174.774017,1,False
esp32_device_001,2025-10-31T07:57:37+13:00,60.6,-36.618894,174.773968,1,True
esp32_device_001,2025-10-31T07:57:38+13:00,59.5,-36.618985,174.773956,1,True
esp32_device_001,2025-10-31T07:57:39+13:00,58.3,-36.619073,174.773934,1,True
esp32_device_001,2025-10-31T07:57:40+13:00,57.2,-36.619161,174.773898,1,True
esp32_device_001,2025-10-31T07:57:41+13:00,56,-36.619194,174.773911,1,False
esp32_device_001,2025-10-31T07:57:42.250000+13:00,54.5,-36.619405,174.773801,1,True
esp32_device_001,2025-10-31T07:57:43.500000+13:00,53.1,-36.619495,174.773766,1,True
esp32_device_001,2025-10-31T07:57:44.750000+13:00,51.7,-36.619588,174.773740,1,True
esp32_device_001,2025-10-31T07:57:46+13:00,50.2,-36.619736,174.773743,1,False
esp32_device_001,2025-10-31T07:57:51+13:00,44.8,-36.620277,174.773651,1,False
esp32_device_001,2025-10-31T07:57:52.666667+13:00,42.9,-36.620670,174.773536,1,True
esp32_device_001,2025-10-31T07:57:54.333333+13:00,40.9,-36.620753,174.773517,1,True
esp32_device_001,2025-10-31T07:57:56+13:00,39,-36.620804,174.773544,1,False
esp32_device_001,2025-10-31T07:57:56.833333+13:00,38.0,-36.620826,174.773486,1,True
esp32_device_001,2025-10-31T07:57:57.666667+13:00,37.0,-36.620901,174.773457,1,True
esp32_device_001,2025-10-31T07:57:58.500000+13:00,36.0,-36.620970,174.773416,1,True
esp32_device_001,2025-10-31T07:57:59.333333+13:00,35.1,-36.621040,174.773359,1,True
esp32_device_001,2025-10-31T07:58:00.166667+13:00,34.1,-36.621110,174.773291,1,True
esp32_device_001,2025-10-31T07:58:01+13:00,33.1,-36.621223,174.773178,1,False
esp32_device_001,2025-10-31T07:58:02.250000+13:00,31.8,-36.621224,174.773141,1,True
esp32_device_001,2025-10-31T07:58:03.500000+13:00,30.4,-36.621433,174.772781,1,True
esp32_device_001,2025-10-31T07:58:04.750000+13:00,29.1,-36.621503,174.772687,1,True
esp32_device_001,2025-10-31T07:58:06+13:00,27.7,-36.621578,174.772644,1,False
esp32_device_001,2025-10-31T07:58:07.666667+13:00,27.7,-36.621576,174.772596,1,True
esp32_device_001,2025-10-31T07:58:09.333333+13:00,27.6,-36.621819,174.772336,1,True
esp32_device_001,2025-10-31T07:58:11+13:00,27.6,-36.622009,174.772186,1,False
esp32_device_001,2025-10-31T07:58:12.666667+13:00,28.6,-36.622053,174.772103,1,True
esp32_device_001,2025-10-31T07:58:14.333333+13:00,29.6,-36.622362,174.771785,1,True
esp32_device_001,2025-10-31T07:58:16+13:00,30.6,-36.622444,174.771744,1,False
esp32_device_001,2025-10-31T07:58:18.500000+13:00,32.5,-36.622616,174.771523,1,True
esp32_device_001,2025-10-31T07:58:21+13:00,34.4,-36.622898,174.771271,1,False
esp32_device_001,2025-10-31T07:58:22.666667+13:00,35.8,-36.622951,174.771178,1,True
esp32_device_001,2025-10-31T07:58:24.333333+13:00,37.1,-36.623134,174.770989,1,True
esp32_device_001,2025-10-31T07:58:26+13:00,38.5,-36.623367,174.770782,1,False
esp32_device_001,2025-10-31T07:58:31+13:00,42.5,-36.623825,174.770309,1,False
esp32_device_001,2025-10-31T07:58:32+13:00,43.2,-36.623832,174.770272,1,True
esp32_device_001,2025-10-31T07:58:33+13:00,44.0,-36.624027,174.770074,1,True
esp32_device_001,2025-10-31T07:58:34+13:00,44.7,-36.624125,174.769982,1,True
esp32_device_001,2025-10-31T07:58:35+13:00,45.5,-36.624228,174.769903,1,True
esp32_device_001,2025-10-31T07:58:36+13:00,46.2,-36.62429,174.769913,1,False
esp32_device_001,2025-10-31T07:58:37.666667+13:00,47.6,-36.624354,174.769851,1,True
esp32_device_001,2025-10-31T07:58:39.333333+13:00,49.1,-36.624457,174.769823,1,True
esp32_device_001,2025-10-31T07:58:41+13:00,50.5,-36.624828,174.769775,1,False
esp32_device_001,2025-10-31T07:58:43.500000+13:00,51.5,-36.625017,174.769697,1,True
esp32_device_001,2025-10-31T07:58:46+13:00,52.5,-36.625404,174.769638,1,False
esp32_device_001,2025-10-31T07:58:51+13:00,51.2,-36.626019,174.769501,1,False
esp32_device_001,2025-10-31T07:58:53.500000+13:00,50.2,-36.626606,174.769328,1,True
esp32_device_001,2025-10-31T07:58:56+13:00,49.2,-36.626667,174.769363,1,False
esp32_device_001,2025-10-31T07:58:57.250000+13:00,48.7,-36.626692,174.769309,1,True
esp32_device_001,2025-10-31T07:58:58.500000+13:00,48.2,-36.626872,174.769283,1,True
esp32_device_001,2025-10-31T07:58:59.750000+13:00,47.8,-36.627142,174.769252,1,True
esp32_device_001,2025-10-31T07:59:01+13:00,47.3,-36.627327,174.769272,1,False
esp32_device_001,2025-10-31T07:59:02+13:00,47.1,-36.627409,174.769221,1,True
esp32_device_001,2025-10-31T07:59:03+13:00,46.8,-36.627673,174.769186,1,True
esp32_device_001,2025-10-31T07:59:04+13:00,46.6,-36.627775,174.769163,1,True
esp32_device_001,2025-10-31T07:59:05+13:00,46.3,-36.627874,174.769128,1,True
esp32_device_001,2025-10-31T07:59:06+13:00,46.1,-36.627941,174.769135,1,False
esp32_device_001,2025-10-31T07:59:06.833333+13:00,45.9,-36.627971,174.769079,1,True
esp32_device_001,2025-10-31T07:59:07.666667+13:00,45.7,-36.628126,174.768961,1,True
esp32_device_001,2025-10-31T07:59:08.500000+13:00,45.5,-36.628163,174.768905,1,True
esp32_device_001,2025-10-31T07:59:09.333333+13:00,45.4,-36.628216,174.768816,1,True
esp32_device_001,2025-10-31T07:59:10.166667+13:00,45.2,-36.628263,174.768724,1,True
esp32_device_001,2025-10-31T07:59:11+13:00,45,-36.628296,174.768723,1,False
esp32_device_001,2025-10-31T07:59:12.666667+13:00,44.2,-36.628344,174.768510,1,True
esp32_device_001,2025-10-31T07:59:14.333333+13:00,43.4,-36.628416,174.768315,1,True
esp32_device_001,2025-10-31T07:59:16+13:00,42.6,-36.628517,174.768143,1,False
esp32_device_001,2025-10-31T07:59:16.833333+13:00,42.5,-36.628501,174.768115,1,True
esp32_device_001,2025-10-31T07:59:17.666667+13:00,42.5,-36.628566,174.768005,1,True
esp32_device_001,2025-10-31T07:59:18.500000+13:00,42.4,-36.628638,174.767915,1,True
esp32_device_001,2025-10-31T07:59:19.333333+13:00,42.3,-36.628722,174.767836,1,True
esp32_device_001,2025-10-31T07:59:20.166667+13:00,42.3,-36.628861,174.767741,1,True
esp32_device_001,2025-10-31T07:59:21+13:00,42.2,-36.628944,174.767731,1,False
esp32_device_001,2025-10-31T07:59:26+13:00,45,-36.629486,174.76738,1,False
esp32_device_001,2025-10-31T07:59:26.833333+13:00,45.4,-36.629496,174.767338,1,True
esp32_device_001,2025-10-31T07:59:27.666667+13:00,45.7,-36.629632,174.767235,1,True
esp32_device_001,2025-10-31T07:59:28.500000+13:00,46.0,-36.629712,174.767156,1,True
esp32_device_001,2025-10-31T07:59:29.333333+13:00,46.4,-36.629783,174.767073,1,True
esp32_device_001,2025-10-31T07:59:30.166667+13:00,46.8,-36.629859,174.766949,1,True
esp32_device_001,2025-10-31T07:59:31+13:00,47.1,-36.629917,174.766861,1,False
esp32_device_001,2025-10-31T07:59:32+13:00,46.6,-36.629914,174.766835,1,True
esp32_device_001,2025-10-31T07:59:33+13:00,46.1,-36.629978,174.766648,1,True
esp32_device_001,2025-10-31T07:59:34+13:00,45.7,-36.630032,174.766469,1,True
esp32_device_001,2025-10-31T07:59:35+13:00,45.2,-36.630039,174.766448,1,True
esp32_device_001,2025-10-31T07:59:36+13:00,44.7,-36.630119,174.766205,1,False
esp32_device_001,2025-10-31T07:59:37.666667+13:00,43.6,-36.630208,174.765890,1,True
esp32_device_001,2025-10-31T07:59:39.333333+13:00,42.5,-36.630292,174.765650,1,True
esp32_device_001,2025-10-31T07:59:41+13:00,41.4,-36.630341,174.765564,1,False
esp32_device_001,2025-10-31T07:59:43.500000+13:00,40.0,-36.630399,174.765408,1,True
esp32_device_001,2025-10-31T07:59:46+13:00,38.6,-36.630638,174.764923,1,False
esp32_device_001,2025-10-31T07:59:48.500000+13:00,37.4,-36.630910,174.764276,1,True
esp32_device_001,2025-10-31T07:59:51+13:00,36.2,-36.630943,174.764297,1,False
esp32_device_001,2025-10-31T07:59:51.714286+13:00,35.8,-36.631059,174.764076,1,True
esp32_device_001,2025-10-31T07:59:52.428571+13:00,35.4,-36.631129,174.763999,1,True
esp32_device_001,2025-10-31T07:59:53.142857+13:00,35.0,-36.631158,174.763989,1,True
esp32_device_001,2025-10-31T07:59:53.857143+13:00,34.5,-36.631183,174.763967,1,True
esp32_device_001,2025-10-31T07:59:54.571429+13:00,34.1,-36.631303,174.763907,1,True
esp32_device_001,2025-10-31T07:59:55.285714+13:00,33.7,-36.631327,174.763895,1,True
esp32_device_001,2025-10-31T07:59:56+13:00,33.3,-36.631393,174.763885,1,False
esp32_device_001,2025-10-31T07:59:57.666667+13:00,32.9,-36.631510,174.763791,1,True
esp32_device_001,2025-10-31T07:59:59.333333+13:00,32.4,-36.631801,174.763758,1,True
esp32_device_001,2025-10-31T08:00:01+13:00,32,-36.631985,174.763794,1,False
esp32_device_001,2025-10-31T08:00:02.250000+13:00,31.2,-36.632107,174.763723,1,True
esp32_device_001,2025-10-31T08:00:03.500000+13:00,30.5,-36.632136,174.763720,1,True
esp32_device_001,2025-10-31T08:00:04.750000+13:00,29.8,-36.632644,174.763665,1,True
esp32_device_001,2025-10-31T08:00:06+13:00,29,-36.632622,174.763718,1,False
esp32_device_001,2025-10-31T08:00:06.135135+13:00,28.9,-36.632649,174.763732,1,True
esp32_device_001,2025-10-31T08:00:06.270270+13:00,28.9,-36.632652,174.763784,1,True
esp32_device_001,2025-10-31T08:00:06.405405+13:00,28.8,-36.632652,174.763803,1,True
esp32_device_001,2025-10-31T08:00:06.540541+13:00,28.7,-36.632650,174.763868,1,True
esp32_device_001,2025-10-31T08:00:06.675676+13:00,28.7,-36.632619,174.763945,1,True
esp32_device_001,2025-10-31T08:00:06.810811+13:00,28.6,-36.631386,174.766056,1,True
esp32_device_001,2025-10-31T08:00:06.945946+13:00,28.5,-36.631252,174.766294,1,True
esp32_device_001,2025-10-31T08:00:07.081081+13:00,28.5,-36.631060,174.766743,1,True
esp32_device_001,2025-10-31T08:00:07.216216+13:00,28.4,-36.630814,174.767476,1,True
esp32_device_001,2025-10-31T08:00:07.351351+13:00,28.4,-36.630781,174.767526,1,True
esp32_device_001,2025-10-31T08:00:07.486486+13:00,28.3,-36.630762,174.767556,1,True
esp32_device_001,2025-10-31T08:00:07.621622+13:00,28.2,-36.630730,174.767604,1,True
esp32_device_001,2025-10-31T08:00:07.756757+13:00,28.2,-36.630682,174.767552,1,True
esp32_device_001,2025-10-31T08:00:07.891892+13:00,28.1,-36.630644,174.767501,1,True
esp32_device_001,2025-10-31T08:00:08.027027+13:00,28.0,-36.630614,174.767445,1,True
esp32_device_001,2025-10-31T08:00:08.162162+13:00,28.0,-36.630253,174.766720,1,True
esp32_device_001,2025-10-31T08:00:08.297297+13:00,27.9,-36.630161,174.766564,1,True
esp32_device_001,2025-10-31T08:00:08.432432+13:00,27.8,-36.630145,174.766546,1,True
esp32_device_001,2025-10-31T08:00:08.567568+13:00,27.8,-36.630125,174.766524,1,True
esp32_device_001,2025-10-31T08:00:08.702703+13:00,27.7,-36.630085,174.766485,1,True
esp32_device_001,2025-10-31T08:00:08.837838+13:00,27.6,-36.630039,174.766448,1,True
esp32_device_001,2025-10-31T08:00:08.972973+13:00,27.6,-36.630208,174.765890,1,True
esp32_device_001,2025-10-31T08:00:09.108108+13:00,27.5,-36.630292,174.765650,1,True
esp32_device_001,2025-10-31T08:00:09.243243+13:00,27.4,-36.630399,174.765408,1,True
esp32_device_001,2025-10-31T08:00:09.378378+13:00,27.4,-36.630910,174.764276,1,True
esp32_device_001,2025-10-31T08:00:09.513514+13:00,27.3,-36.631059,174.764076,1,True
esp32_device_001,2025-10-31T08:00:09.648649+13:00,27.2,-36.631129,174.763999,1,True
esp32_device_001,2025-10-31T08:00:09.783784+13:00,27.2,-36.631158,174.763989,1,True
esp32_device_001,2025-10-31T08:00:09.918919+13:00,27.1,-36.631183,174.763967,1,True
esp32_device_001,2025-10-31T08:00:10.054054+13:00,27.1,-36.631303,174.763907,1,True
esp32_device_001,2025-10-31T08:00:10.189189+13:00,27.0,-36.631327,174.763895,1,True
esp32_device_001,2025-10-31T08:00:10.324324+13:00,26.9,-36.631510,174.763791,1,True
esp32_device_001,2025-10-31T08:00:10.459459+13:00,26.9,-36.631801,174.763758,1,True
esp32_device_001,2025-10-31T08:00:10.594595+13:00,26.8,-36.632107,174.763723,1,True
esp32_device_001,2025-10-31T08:00:10.729730+13:00,26.7,-36.632136,174.763720,1,True
esp32_device_001,2025-10-31T08:00:10.864865+13:00,26.7,-36.632644,174.763665,1,True
esp32_device_001,2025-10-31T08:00:11+13:00,26.6,-36.633251,174.763641,1,False
esp32_device_001,2025-10-31T08:00:13.500000+13:00,26.1,-36.633681,174.763542,1,True
esp32_device_001,2025-10-31T08:00:16+13:00,25.6,-36.633869,174.76355,1,False
esp32_device_001,2025-10-31T08:00:18.500000+13:00,25.2,-36.634149,174.763464,1,True
esp32_device_001,2025-10-31T08:00:21+13:00,24.8,-36.634502,174.763458,1,False
esp32_device_001,2025-10-31T08:00:22.666667+13:00,24.9,-36.634709,174.763371,1,True
esp32_device_001,2025-10-31T08:00:24.333333+13:00,24.9,-36.634886,174.763306,1,True
esp32_device_001,2025-10-31T08:00:26+13:00,25,-36.635052,174.763245,1,False
esp32_device_001,2025-10-31T08:00:27.666667+13:00,25.3,-36.635056,174.763193,1,True
esp32_device_001,2025-10-31T08:00:29.333333+13:00,25.5,-36.635274,174.762977,1,True
esp32_device_001,2025-10-31T08:00:31+13:00,25.8,-36.635441,174.762878,1,False
esp32_device_001,2025-10-31T08:00:33.500000+13:00,25.5,-36.635620,174.762693,1,True
esp32_device_001,2025-10-31T08:00:36+13:00,25.2,-36.635883,174.762543,1,False
esp32_device_001,2025-10-31T08:00:38.500000+13:00,23.9,-36.636167,174.762302,1,True
esp32_device_001,2025-10-31T08:00:41+13:00,22.7,-36.636333,174.762222,1,False
esp32_device_001,2025-10-31T08:00:43.500000+13:00,20.4,-36.636547,174.762030,1,True
esp32_device_001,2025-10-31T08:00:46+13:00,18.2,-36.63673,174.761932,1,False
esp32_device_001,2025-10-31T08:00:51+13:00,16.2,-36.637131,174.761642,1,False
esp32_device_001,2025-10-31T08:00:52.666667+13:00,16.8,-36.637208,174.761532,1,True
esp32_device_001,2025-10-31T08:00:54.333333+13:00,17.4,-36.637412,174.761384,1,True
esp32_device_001,2025-10-31T08:00:56+13:00,18,-36.637577,174.761261,1,False
esp32_device_001,2025-10-31T08:00:58.500000+13:00,17.9,-36.637647,174.761152,1,True
esp32_device_001,2025-10-31T08:01:01+13:00,17.7,-36.637936,174.760727,1,False
esp32_device_001,2025-10-31T08:01:03.500000+13:00,17.5,-36.638161,174.760278,1,True
esp32_device_001,2025-10-31T08:01:06+13:00,17.4,-36.638302,174.760101,1,False
esp32_device_001,2025-10-31T08:01:08.500000+13:00,19.2,-36.638627,174.759486,1,True
esp32_device_001,2025-10-31T08:01:11+13:00,21.1,-36.638691,174.759445,1,False
esp32_device_001,2025-10-31T08:01:13.500000+13:00,23.1,-36.638994,174.758844,1,True
esp32_device_001,2025-10-31T08:01:16+13:00,25.2,-36.639099,174.758759,1,False
esp32_device_001,2025-10-31T08:01:17.250000+13:00,26.6,-36.639159,174.758596,1,True
esp32_device_001,2025-10-31T08:01:18.500000+13:00,28.1,-36.639233,174.758502,1,True
esp32_device_001,2025-10-31T08:01:19.750000+13:00,29.6,-36.639322,174.758412,1,True
esp32_device_001,2025-10-31T08:01:21+13:00,31,-36.639595,174.75827,1,False
esp32_device_001,2025-10-31T08:01:22.250000+13:00,32.4,-36.639764,174.758133,1,True
esp32_device_001,2025-10-31T08:01:23.500000+13:00,33.9,-36.639826,174.758091,1,True
esp32_device_001,2025-10-31T08:01:24.750000+13:00,35.3,-36.639981,174.757993,1,True
esp32_device_001,2025-10-31T08:01:26+13:00,36.7,-36.640167,174.757919,1,False
esp32_device_001,2025-10-31T08:01:28.500000+13:00,39.5,-36.640226,174.757840,1,True
esp32_device_001,2025-10-31T08:01:31+13:00,42.2,-36.640713,174.757584,1,False
esp32_device_001,2025-10-31T08:01:31.714286+13:00,42.4,-36.640773,174.757492,1,True
esp32_device_001,2025-10-31T08:01:32.428571+13:00,42.7,-36.640843,174.757424,1,True
esp32_device_001,2025-10-31T08:01:33.142857+13:00,42.9,-36.640912,174.757318,1,True
esp32_device_001,2025-10-31T08:01:33.857143+13:00,43.1,-36.640951,174.757222,1,True
esp32_device_001,2025-10-31T08:01:34.571429+13:00,43.3,-36.640977,174.757116,1,True
esp32_device_001,2025-10-31T08:01:35.285714+13:00,43.6,-36.640980,174.757038,1,True
esp32_device_001,2025-10-31T08:01:36+13:00,43.8,-36.640999,174.757004,1,False
esp32_device_001,2025-10-31T08:01:37+13:00,43.6,-36.640982,174.756960,1,True
esp32_device_001,2025-10-31T08:01:38+13:00,43.5,-36.640973,174.756866,1,True
esp32_device_001,2025-10-31T08:01:39+13:00,43.3,-36.640947,174.756772,1,True
esp32_device_001,2025-10-31T08:01:40+13:00,43.2,-36.640916,174.756683,1,True
esp32_device_001,2025-10-31T08:01:41+13:00,43,-36.640762,174.756332,1,False
esp32_device_001,2025-10-31T08:01:46+13:00,41.5,-36.640408,174.755615,1,False
esp32_device_001,2025-10-31T08:01:48.500000+13:00,40.9,-36.640234,174.755313,1,True
esp32_device_001,2025-10-31T08:01:51+13:00,40.2,-36.640045,174.754883,1,False
esp32_device_001,2025-10-31T08:01:56+13:00,40.8,-36.63969,174.754166,1,False
esp32_device_001,2025-10-31T08:01:57.250000+13:00,41.4,-36.639539,174.753929,1,True
esp32_device_001,2025-10-31T08:01:58.500000+13:00,42.0,-36.639440,174.753758,1,True
esp32_device_001,2025-10-31T08:01:59.750000+13:00,42.6,-36.639310,174.753585,1,True
esp32_device_001,2025-10-31T08:02:01+13:00,43.2,-36.639286,174.753525,1,False
esp32_device_001,2025-10-31T08:02:02+13:00,43.8,-36.639217,174.753461,1,True
esp32_device_001,2025-10-31T08:02:03+13:00,44.3,-36.639132,174.753354,1,True
esp32_device_001,2025-10-31T08:02:04+13:00,44.9,-36.639032,174.753189,1,True
esp32_device_001,2025-10-31T08:02:05+13:00,45.4,-36.639026,174.753179,1,True
esp32_device_001,2025-10-31T08:02:06+13:00,46,-36.638893,174.752914,1,False
esp32_device_001,2025-10-31T08:02:08.500000+13:00,46.1,-36.638620,174.752435,1,True
esp32_device_001,2025-10-31T08:02:11+13:00,46.3,-36.638535,174.752243,1,False
esp32_device_001,2025-10-31T08:02:16+13:00,45.4,-36.638161,174.751556,1,False
esp32_device_001,2025-10-31T08:02:18.500000+13:00,45.0,-36.638063,174.751422,1,True
esp32_device_001,2025-10-31T08:02:21+13:00,44.5,-36.637779,174.750854,1,False
esp32_device_001,2025-10-31T08:02:23.500000+13:00,46.4,-36.637392,174.750191,1,True
esp32_device_001,2025-10-31T08:02:26+13:00,48.2,-36.637413,174.750183,1,False
esp32_device_001,2025-10-31T08:02:26.172414+13:00,48.4,-36.637440,174.750163,1,True
esp32_device_001,2025-10-31T08:02:26.344828+13:00,48.5,-36.637452,174.750153,1,True
esp32_device_001,2025-10-31T08:02:26.517241+13:00,48.7,-36.637564,174.750058,1,True
esp32_device_001,2025-10-31T08:02:26.689655+13:00,48.8,-36.637600,174.749995,1,True
esp32_device_001,2025-10-31T08:02:26.862069+13:00,49.0,-36.637701,174.749551,1,True
esp32_device_001,2025-10-31T08:02:27.034483+13:00,49.1,-36.637733,174.749372,1,True
esp32_device_001,2025-10-31T08:02:27.206897+13:00,49.3,-36.637760,174.749285,1,True
esp32_device_001,2025-10-31T08:02:27.379310+13:00,49.4,-36.637785,174.749256,1,True
esp32_device_001,2025-10-31T08:02:27.551724+13:00,49.6,-36.637810,174.749239,1,True
esp32_device_001,2025-10-31T08:02:27.724138+13:00,49.8,-36.637835,174.749233,1,True
esp32_device_001,2025-10-31T08:02:27.896552+13:00,49.9,-36.637861,174.749234,1,True
esp32_device_001,2025-10-31T08:02:28.068966+13:00,50.1,-36.637886,174.749255,1,True
esp32_device_001,2025-10-31T08:02:28.241379+13:00,50.2,-36.637906,174.749280,1,True
esp32_device_001,2025-10-31T08:02:28.413793+13:00,50.4,-36.637886,174.749255,1,True
esp32_device_001,2025-10-31T08:02:28.586207+13:00,50.5,-36.637861,174.749234,1,True
esp32_device_001,2025-10-31T08:02:28.758621+13:00,50.7,-36.637835,174.749233,1,True
esp32_device_001,2025-10-31T08:02:28.931034+13:00,50.8,-36.637810,174.749239,1,True
esp32_device_001,2025-10-31T08:02:29.103448+13:00,51.0,-36.637785,174.749256,1,True
esp32_device_001,2025-10-31T08:02:29.275862+13:00,51.1,-36.637760,174.749285,1,True
esp32_device_001,2025-10-31T08:02:29.448276+13:00,51.3,-36.637733,174.749372,1,True
esp32_device_001,2025-10-31T08:02:29.620690+13:00,51.5,-36.637701,174.749551,1,True
esp32_device_001,2025-10-31T08:02:29.793103+13:00,51.6,-36.637600,174.749995,1,True
esp32_device_001,2025-10-31T08:02:29.965517+13:00,51.8,-36.637564,174.750058,1,True
esp32_device_001,2025-10-31T08:02:30.137931+13:00,51.9,-36.637452,174.750153,1,True
esp32_device_001,2025-10-31T08:02:30.310345+13:00,52.1,-36.637440,174.750163,1,True
esp32_device_001,2025-10-31T08:02:30.482759+13:00,52.2,-36.637392,174.750191,1,True
esp32_device_001,2025-10-31T08:02:30.655172+13:00,52.4,-36.637263,174.749956,1,True
esp32_device_001,2025-10-31T08:02:30.827586+13:00,52.5,-36.637149,174.749748,1,True
esp32_device_001,2025-10-31T08:02:31+13:00,52.7,-36.637074,174.749573,1,False
esp32_device_001,2025-10-31T08:02:32.250000+13:00,53.1,-36.636953,174.749392,1,True
esp32_device_001,2025-10-31T08:02:33.500000+13:00,53.5,-36.636906,174.749233,1,True
esp32_device_001,2025-10-31T08:02:34.750000+13:00,54.0,-36.636858,174.749144,1,True
esp32_device_001,2025-10-31T08:02:36+13:00,54.4,-36.636745,174.748993,1,False
esp32_device_001,2025-10-31T08:02:37.250000+13:00,54.4,-36.636720,174.748921,1,True
esp32_device_001,2025-10-31T08:02:38.500000+13:00,54.3,-36.636655,174.748818,1,True
esp32_device_001,2025-10-31T08:02:39.750000+13:00,54.2,-36.636582,174.748742,1,True
esp32_device_001,2025-10-31T08:02:41+13:00,54.2,-36.636379,174.748596,1,False
esp32_device_001,2025-10-31T08:02:41.714286+13:00,54.1,-36.636338,174.748538,1,True
esp32_device_001,2025-10-31T08:02:42.428571+13:00,54.1,-36.636192,174.748413,1,True
esp32_device_001,2025-10-31T08:02:43.142857+13:00,54.0,-36.636098,174.748333,1,True
esp32_device_001,2025-10-31T08:02:43.857143+13:00,54.0,-36.636073,174.748311,1,True
esp32_device_001,2025-10-31T08:02:44.571429+13:00,53.9,-36.635989,174.748239,1,True
esp32_device_001,2025-10-31T08:02:45.285714+13:00,53.9,-36.635940,174.748286,1,True
esp32_device_001,2025-10-31T08:02:46+13:00,53.8,-36.636036,174.748337,1,False
esp32_device_001,2025-10-31T08:03:11+13:00,43.7,-36.636024,174.748398,1,False
esp32_device_001,2025-10-31T08:03:16+13:00,40.6,-36.636059,174.748367,1,False
esp32_device_001,2025-10-31T08:03:21+13:00,37.2,-36.636135,174.748352,1,False
esp32_device_001,2025-10-31T08:03:26+13:00,55.4,-36.636009,174.748428,1,False
esp32_device_001,2025-10-31T08:03:26.192308+13:00,58.9,-36.636160,174.748477,1,True
esp32_device_001,2025-10-31T08:03:26.384615+13:00,62.4,-36.636529,174.748796,1,True
esp32_device_001,2025-10-31T08:03:26.576923+13:00,66.0,-36.636542,174.748807,1,True
esp32_device_001,2025-10-31T08:03:26.769231+13:00,69.5,-36.636612,174.748871,1,True
esp32_device_001,2025-10-31T08:03:26.961538+13:00,73.0,-36.636655,174.748818,1,True
esp32_device_001,2025-10-31T08:03:27.153846+13:00,76.5,-36.636582,174.748742,1,True
esp32_device_001,2025-10-31T08:03:27.346154+13:00,80.0,-36.636338,174.748538,1,True
esp32_device_001,2025-10-31T08:03:27.538462+13:00,83.6,-36.636192,174.748413,1,True
esp32_device_001,2025-10-31T08:03:27.730769+13:00,87.1,-36.636098,174.748333,1,True
esp32_device_001,2025-10-31T08:03:27.923077+13:00,90.6,-36.636073,174.748311,1,True
esp32_device_001,2025-10-31T08:03:28.115385+13:00,94.1,-36.635989,174.748239,1,True
esp32_device_001,2025-10-31T08:03:28.307692+13:00,97.6,-36.635940,174.748286,1,True
esp32_device_001,2025-10-31T08:03:28.500000+13:00,101.2,-36.635891,174.748339,1,True
esp32_device_001,2025-10-31T08:03:28.692308+13:00,104.7,-36.635877,174.748357,1,True
esp32_device_001,2025-10-31T08:03:28.884615+13:00,108.2,-36.635864,174.748379,1,True
esp32_device_001,2025-10-31T08:03:29.076923+13:00,111.7,-36.635854,174.748406,1,True
esp32_device_001,2025-10-31T08:03:29.269231+13:00,115.2,-36.635837,174.748455,1,True
esp32_device_001,2025-10-31T08:03:29.461538+13:00,118.7,-36.635821,174.748511,1,True
esp32_device_001,2025-10-31T08:03:29.653846+13:00,122.3,-36.635705,174.748920,1,True
esp32_device_001,2025-10-31T08:03:29.846154+13:00,125.8,-36.635646,174.749130,1,True
esp32_device_001,2025-10-31T08:03:30.038462+13:00,129.3,-36.635627,174.749196,1,True
esp32_device_001,2025-10-31T08:03:30.230769+13:00,132.8,-36.635592,174.749174,1,True
esp32_device_001,2025-10-31T08:03:30.423077+13:00,136.3,-36.635285,174.748988,1,True
esp32_device_001,2025-10-31T08:03:30.615385+13:00,139.9,-36.635192,174.748930,1,True
esp32_device_001,2025-10-31T08:03:30.807692+13:00,143.4,-36.635133,174.748902,1,True
esp32_device_001,2025-10-31T08:03:31+13:00,146.9,-36.63512,174.748672,1,False
esp32_device_001,2025-10-31T08:03:31.192308+13:00,143.6,-36.634790,174.748918,1,True
esp32_device_001,2025-10-31T08:03:31.384615+13:00,140.3,-36.635094,174.748888,1,True
esp32_device_001,2025-10-31T08:03:31.576923+13:00,137.0,-36.635133,174.748902,1,True
esp32_device_001,2025-10-31T08:03:31.769231+13:00,133.7,-36.635192,174.748930,1,True
esp32_device_001,2025-10-31T08:03:31.961538+13:00,130.3,-36.635285,174.748988,1,True
esp32_device_001,2025-10-31T08:03:32.153846+13:00,127.0,-36.635592,174.749174,1,True
esp32_device_001,2025-10-31T08:03:32.346154+13:00,123.7,-36.635627,174.749196,1,True
esp32_device_001,2025-10-31T08:03:32.538462+13:00,120.4,-36.635646,174.749130,1,True
esp32_device_001,2025-10-31T08:03:32.730769+13:00,117.1,-36.635705,174.748920,1,True
esp32_device_001,2025-10-31T08:03:32.923077+13:00,113.8,-36.635821,174.748511,1,True
esp32_device_001,2025-10-31T08:03:33.115385+13:00,110.5,-36.635837,174.748455,1,True
esp32_device_001,2025-10-31T08:03:33.307692+13:00,107.2,-36.635854,174.748406,1,True
esp32_device_001,2025-10-31T08:03:33.500000+13:00,103.8,-36.635864,174.748379,1,True
esp32_device_001,2025-10-31T08:03:33.692308+13:00,100.5,-36.635877,174.748357,1,True
esp32_device_001,2025-10-31T08:03:33.884615+13:00,97.2,-36.635891,174.748339,1,True
esp32_device_001,2025-10-31T08:03:34.076923+13:00,93.9,-36.635940,174.748286,1,True
esp32_device_001,2025-10-31T08:03:34.269231+13:00,90.6,-36.635989,174.748239,1,True
esp32_device_001,2025-10-31T08:03:34.461538+13:00,87.3,-36.635909,174.748165,1,True
esp32_device_001,2025-10-31T08:03:34.653846+13:00,84.0,-36.635835,174.748095,1,True
esp32_device_001,2025-10-31T08:03:34.846154+13:00,80.7,-36.635766,174.748024,1,True
esp32_device_001,2025-10-31T08:03:35.038462+13:00,77.4,-36.635697,174.747950,1,True
esp32_device_001,2025-10-31T08:03:35.230769+13:00,74.0,-36.635628,174.747866,1,True
esp32_device_001,2025-10-31T08:03:35.423077+13:00,70.7,-36.635567,174.747779,1,True
esp32_device_001,2025-10-31T08:03:35.615385+13:00,67.4,-36.635519,174.747818,1,True
esp32_device_001,2025-10-31T08:03:35.807692+13:00,64.1,-36.635610,174.747944,1,True
esp32_device_001,2025-10-31T08:03:36+13:00,60.8,-36.635582,174.748276,1,False
esp32_device_001,2025-10-31T08:03:36.161290+13:00,60.3,-36.635785,174.748147,1,True
esp32_device_001,2025-10-31T08:03:36.322581+13:00,59.8,-36.635833,174.748195,1,True
esp32_device_001,2025-10-31T08:03:36.483871+13:00,59.3,-36.635850,174.748210,1,True
esp32_device_001,2025-10-31T08:03:36.645161+13:00,58.8,-36.635866,174.748225,1,True
esp32_device_001,2025-10-31T08:03:36.806452+13:00,58.3,-36.635940,174.748286,1,True
esp32_device_001,2025-10-31T08:03:36.967742+13:00,57.7,-36.635989,174.748239,1,True
esp32_device_001,2025-10-31T08:03:37.129032+13:00,57.2,-36.635909,174.748165,1,True
esp32_device_001,2025-10-31T08:03:37.290323+13:00,56.7,-36.635835,174.748095,1,True
esp32_device_001,2025-10-31T08:03:37.451613+13:00,56.2,-36.635766,174.748024,1,True
esp32_device_001,2025-10-31T08:03:37.612903+13:00,55.7,-36.635697,174.747950,1,True
esp32_device_001,2025-10-31T08:03:37.774194+13:00,55.2,-36.635628,174.747866,1,True
esp32_device_001,2025-10-31T08:03:37.935484+13:00,54.7,-36.635567,174.747779,1,True
esp32_device_001,2025-10-31T08:03:38.096774+13:00,54.2,-36.635491,174.747643,1,True
esp32_device_001,2025-10-31T08:03:38.258065+13:00,53.7,-36.635389,174.747427,1,True
esp32_device_001,2025-10-31T08:03:38.419355+13:00,53.2,-36.635318,174.747207,1,True
esp32_device_001,2025-10-31T08:03:38.580645+13:00,52.6,-36.635276,174.747027,1,True
esp32_device_001,2025-10-31T08:03:38.741935+13:00,52.1,-36.635260,174.746927,1,True
esp32_device_001,2025-10-31T08:03:38.903226+13:00,51.6,-36.635248,174.746792,1,True
esp32_device_001,2025-10-31T08:03:39.064516+13:00,51.1,-36.635239,174.746662,1,True
esp32_device_001,2025-10-31T08:03:39.225806+13:00,50.6,-36.635231,174.746552,1,True
esp32_device_001,2025-10-31T08:03:39.387097+13:00,50.1,-36.635171,174.746554,1,True
esp32_device_001,2025-10-31T08:03:39.548387+13:00,49.6,-36.635178,174.746661,1,True
esp32_device_001,2025-10-31T08:03:39.709677+13:00,49.1,-36.635188,174.746809,1,True
esp32_device_001,2025-10-31T08:03:39.870968+13:00,48.6,-36.635197,174.746893,1,True
esp32_device_001,2025-10-31T08:03:40.032258+13:00,48.1,-36.635208,174.746963,1,True
esp32_device_001,2025-10-31T08:03:40.193548+13:00,47.5,-36.635244,174.747125,1,True
esp32_device_001,2025-10-31T08:03:40.354839+13:00,47.0,-36.635277,174.747258,1,True
esp32_device_001,2025-10-31T08:03:40.516129+13:00,46.5,-36.635319,174.747401,1,True
esp32_device_001,2025-10-31T08:03:40.677419+13:00,46.0,-36.635379,174.747545,1,True
esp32_device_001,2025-10-31T08:03:40.838710+13:00,45.5,-36.635441,174.747674,1,True
esp32_device_001,2025-10-31T08:03:41+13:00,45,-36.635437,174.747726,1,False
esp32_device_001,2025-10-31T08:03:41.312500+13:00,44.5,-36.635519,174.747818,1,True
esp32_device_001,2025-10-31T08:03:41.625000+13:00,44.1,-36.635567,174.747779,1,True
esp32_device_001,2025-10-31T08:03:41.937500+13:00,43.6,-36.635491,174.747643,1,True
esp32_device_001,2025-10-31T08:03:42.250000+13:00,43.1,-36.635389,174.747427,1,True
esp32_device_001,2025-10-31T08:03:42.562500+13:00,42.7,-36.635318,174.747207,1,True
esp32_device_001,2025-10-31T08:03:42.875000+13:00,42.2,-36.635276,174.747027,1,True
esp32_device_001,2025-10-31T08:03:43.187500+13:00,41.8,-36.635260,174.746927,1,True
esp32_device_001,2025-10-31T08:03:43.500000+13:00,41.3,-36.635248,174.746792,1,True
esp32_device_001,2025-10-31T08:03:43.812500+13:00,40.8,-36.635239,174.746662,1,True
esp32_device_001,2025-10-31T08:03:44.125000+13:00,40.4,-36.635231,174.746552,1,True
esp32_device_001,2025-10-31T08:03:44.437500+13:00,39.9,-36.635171,174.746554,1,True
esp32_device_001,2025-10-31T08:03:44.750000+13:00,39.5,-36.635178,174.746661,1,True
esp32_device_001,2025-10-31T08:03:45.062500+13:00,39.0,-36.635188,174.746809,1,True
esp32_device_001,2025-10-31T08:03:45.375000+13:00,38.5,-36.635197,174.746893,1,True
esp32_device_001,2025-10-31T08:03:45.687500+13:00,38.1,-36.635208,174.746963,1,True
esp32_device_001,2025-10-31T08:03:46+13:00,37.6,-36.635235,174.747086,1,False
esp32_device_001,2025-10-31T08:03:46.294118+13:00,37.3,-36.635244,174.747125,1,True
esp32_device_001,2025-10-31T08:03:46.588235+13:00,37.0,-36.635277,174.747258,1,True
esp32_device_001,2025-10-31T08:03:46.882353+13:00,36.7,-36.635319,174.747401,1,True
esp32_device_001,2025-10-31T08:03:47.176471+13:00,36.4,-36.635379,174.747545,1,True
esp32_device_001,2025-10-31T08:03:47.470588+13:00,36.1,-36.635441,174.747674,1,True
esp32_device_001,2025-10-31T08:03:47.764706+13:00,35.8,-36.635519,174.747818,1,True
esp32_device_001,2025-10-31T08:03:48.058824+13:00,35.5,-36.635567,174.747779,1,True
esp32_device_001,2025-10-31T08:03:48.352941+13:00,35.2,-36.635491,174.747643,1,True
esp32_device_001,2025-10-31T08:03:48.647059+13:00,35.0,-36.635389,174.747427,1,True
esp32_device_001,2025-10-31T08:03:48.941176+13:00,34.7,-36.635318,174.747207,1,True
esp32_device_001,2025-10-31T08:03:49.235294+13:00,34.4,-36.635276,174.747027,1,True
esp32_device_001,2025-10-31T08:03:49.529412+13:00,34.1,-36.635260,174.746927,1,True
esp32_device_001,2025-10-31T08:03:49.823529+13:00,33.8,-36.635248,174.746792,1,True
esp32_device_001,2025-10-31T08:03:50.117647+13:00,33.5,-36.635239,174.746662,1,True
esp32_device_001,2025-10-31T08:03:50.411765+13:00,33.2,-36.635231,174.746552,1,True
esp32_device_001,2025-10-31T08:03:50.705882+13:00,32.9,-36.635229,174.746439,1,True
esp32_device_001,2025-10-31T08:03:51+13:00,32.6,-36.635201,174.746338,1,False
esp32_device_001,2025-10-31T08:03:52+13:00,32.1,-36.635218,174.746297,1,True
esp32_device_001,2025-10-31T08:03:53+13:00,31.6,-36.635186,174.746173,1,True
esp32_device_001,2025-10-31T08:03:54+13:00,31.0,-36.635180,174.746031,1,True
esp32_device_001,2025-10-31T08:03:55+13:00,30.5,-36.635174,174.745870,1,True
esp32_device_001,2025-10-31T08:03:56+13:00,30,-36.635178,174.745544,1,False
esp32_device_001,2025-10-31T08:03:56.833333+13:00,29.6,-36.635156,174.745455,1,True
esp32_device_001,2025-10-31T08:03:57.666667+13:00,29.2,-36.635155,174.745422,1,True
esp32_device_001,2025-10-31T08:03:58.500000+13:00,28.9,-36.635146,174.745224,1,True
esp32_device_001,2025-10-31T08:03:59.333333+13:00,28.5,-36.635136,174.744990,1,True
esp32_device_001,2025-10-31T08:04:00.166667+13:00,28.1,-36.635129,174.744821,1,True
esp32_device_001,2025-10-31T08:04:01+13:00,27.7,-36.635143,174.744766,1,False
esp32_device_001,2025-10-31T08:04:02.250000+13:00,26.8,-36.635116,174.744538,1,True
esp32_device_001,2025-10-31T08:04:03.500000+13:00,25.9,-36.635105,174.744287,1,True
esp32_device_001,2025-10-31T08:04:04.750000+13:00,24.9,-36.635093,174.744009,1,True
esp32_device_001,2025-10-31T08:04:06+13:00,24,-36.635109,174.743973,1,False
esp32_device_001,2025-10-31T08:04:07.250000+13:00,23.0,-36.635081,174.743714,1,True
esp32_device_001,2025-10-31T08:04:08.500000+13:00,22.1,-36.635070,174.743468,1,True
esp32_device_001,2025-10-31T08:04:09.750000+13:00,21.1,-36.635063,174.743313,1,True
esp32_device_001,2025-10-31T08:04:11+13:00,20.1,-36.635078,174.743149,1,False
esp32_device_001,2025-10-31T08:04:12.666667+13:00,19.3,-36.635046,174.742921,1,True
esp32_device_001,2025-10-31T08:04:14.333333+13:00,18.5,-36.635035,174.742658,1,True
esp32_device_001,2025-10-31T08:04:16+13:00,17.7,-36.635029,174.742416,1,False
esp32_device_001,2025-10-31T08:04:21+13:00,17,-36.634987,174.742157,1,False
esp32_device_001,2025-10-31T08:04:22.666667+13:00,16.5,-36.634948,174.742148,1,True
esp32_device_001,2025-10-31T08:04:24.333333+13:00,16.1,-36.634917,174.742151,1,True
esp32_device_001,2025-10-31T08:04:26+13:00,15.6,-36.634697,174.742157,1,False
esp32_device_001,2025-10-31T08:04:27.666667+13:00,15.4,-36.634678,174.742168,1,True
esp32_device_001,2025-10-31T08:04:29.333333+13:00,15.2,-36.634377,174.742196,1,True
esp32_device_001,2025-10-31T08:04:31+13:00,15,-36.634346,174.742203,1,False
esp32_device_001,2025-10-31T08:04:32.666667+13:00,14.8,-36.634310,174.742215,1,True
esp32_device_001,2025-10-31T08:04:34.333333+13:00,14.7,-36.634073,174.742356,1,True
esp32_device_001,2025-10-31T08:04:36+13:00,14.5,-36.634052,174.742355,1,False
esp32_device_001,2025-10-31T08:04:41+13:00,14.2,-36.633995,174.742615,1,False
esp32_device_001,2025-10-31T08:04:46+13:00,14.4,-36.634014,174.74292,1,False
esp32_device_001,2025-10-31T08:04:51+13:00,14,-36.633945,174.743011,1,False
esp32_device_001,2025-10-31T08:04:56+13:00,16.1,-36.63398,174.743011,1,False
esp32_device_001,2025-10-31T08:05:01+13:00,17.9,-36.634052,174.743011,1,False
esp32_device_001,2025-10-31T08:05:06+13:00,18.9,-36.634068,174.743103,1,False
esp32_device_001,2025-10-31T08:11:23+13:00,18.7,-36.634056,174.743134,2,False
esp32_device_001,2025-10-31T08:11:28+13:00,17.4,-36.634022,174.742966,2,False
esp32_device_001,2025-10-31T08:11:33+13:00,17.4,-36.634003,174.742691,2,False
esp32_device_001,2025-10-31T08:11:38+13:00,17.7,-36.63401,174.742432,2,False
esp32_device_001,2025-10-31T08:11:43+13:00,17.3,-36.634205,174.742279,2,False
esp32_device_001,2025-10-31T08:11:44.250000+13:00,17.6,-36.634310,174.742215,2,True
esp32_device_001,2025-10-31T08:11:45.500000+13:00,17.8,-36.634342,174.742204,2,True
esp32_device_001,2025-10-31T08:11:46.750000+13:00,18.1,-36.634377,174.742196,2,True
esp32_device_001,2025-10-31T08:11:48+13:00,18.3,-36.634529,174.742188,2,False
esp32_device_001,2025-10-31T08:11:50.500000+13:00,19.2,-36.634678,174.742168,2,True
esp32_device_001,2025-10-31T08:11:53+13:00,20.1,-36.634834,174.742172,2,False
esp32_device_001,2025-10-31T08:11:58+13:00,20.5,-36.63493,174.742188,2,False
esp32_device_001,2025-10-31T08:12:03+13:00,20.3,-36.63493,174.742188,2,False
esp32_device_001,2025-10-31T08:12:08+13:00,20.6,-36.635021,174.742004,2,False
esp32_device_001,2025-10-31T08:12:09.666667+13:00,20.8,-36.634997,174.741810,2,True
esp32_device_001,2025-10-31T08:12:11.333333+13:00,20.9,-36.634982,174.741585,2,True
esp32_device_001,2025-10-31T08:12:13+13:00,21.1,-36.634987,174.741409,2,False
esp32_device_001,2025-10-31T08:12:13.833333+13:00,21.2,-36.634950,174.741314,2,True
esp32_device_001,2025-10-31T08:12:14.666667+13:00,21.4,-36.634923,174.741112,2,True
esp32_device_001,2025-10-31T08:12:15.500000+13:00,21.6,-36.634897,174.740968,2,True
esp32_device_001,2025-10-31T08:12:16.333333+13:00,21.7,-36.634875,174.740863,2,True
esp32_device_001,2025-10-31T08:12:17.166667+13:00,21.9,-36.634834,174.740724,2,True
esp32_device_001,2025-10-31T08:12:18+13:00,22,-36.634846,174.740677,2,False
esp32_device_001,2025-10-31T08:12:18.161290+13:00,22.0,-36.634836,174.740525,2,True
esp32_device_001,2025-10-31T08:12:18.322581+13:00,22.1,-36.634848,174.740454,2,True
esp32_device_001,2025-10-31T08:12:18.483871+13:00,22.1,-36.634872,174.740361,2,True
esp32_device_001,2025-10-31T08:12:18.645161+13:00,22.2,-36.634927,174.740266,2,True
esp32_device_001,2025-10-31T08:12:18.806452+13:00,22.2,-36.634937,174.740251,2,True
esp32_device_001,2025-10-31T08:12:18.967742+13:00,22.3,-36.635007,174.740149,2,True
esp32_device_001,2025-10-31T08:12:19.129032+13:00,22.3,-36.635140,174.740066,2,True
esp32_device_001,2025-10-31T08:12:19.290323+13:00,22.3,-36.635279,174.739953,2,True
esp32_device_001,2025-10-31T08:12:19.451613+13:00,22.4,-36.635251,174.739902,2,True
esp32_device_001,2025-10-31T08:12:19.612903+13:00,22.4,-36.635188,174.739790,2,True
esp32_device_001,2025-10-31T08:12:19.774194+13:00,22.5,-36.635176,174.739779,2,True
esp32_device_001,2025-10-31T08:12:19.935484+13:00,22.5,-36.635164,174.739771,2,True
esp32_device_001,2025-10-31T08:12:20.096774+13:00,22.5,-36.635153,174.739770,2,True
esp32_device_001,2025-10-31T08:12:20.258065+13:00,22.6,-36.635138,174.739773,2,True
esp32_device_001,2025-10-31T08:12:20.419355+13:00,22.6,-36.635126,174.739781,2,True
esp32_device_001,2025-10-31T08:12:20.580645+13:00,22.7,-36.634984,174.739885,2,True
esp32_device_001,2025-10-31T08:12:20.741935+13:00,22.7,-36.634825,174.739922,2,True
esp32_device_001,2025-10-31T08:12:20.903226+13:00,22.8,-36.634814,174.739918,2,True
esp32_device_001,2025-10-31T08:12:21.064516+13:00,22.8,-36.634805,174.739907,2,True
esp32_device_001,2025-10-31T08:12:21.225806+13:00,22.8,-36.634641,174.739600,2,True
esp32_device_001,2025-10-31T08:12:21.387097+13:00,22.9,-36.634585,174.739578,2,True
esp32_device_001,2025-10-31T08:12:21.548387+13:00,22.9,-36.634594,174.739533,2,True
esp32_device_001,2025-10-31T08:12:21.709677+13:00,23.0,-36.634490,174.739416,2,True
esp32_device_001,2025-10-31T08:12:21.870968+13:00,23.0,-36.634438,174.739356,2,True
esp32_device_001,2025-10-31T08:12:22.032258+13:00,23.0,-36.634375,174.739369,2,True
esp32_device_001,2025-10-31T08:12:22.193548+13:00,23.1,-36.634127,174.739417,2,True
esp32_device_001,2025-10-31T08:12:22.354839+13:00,23.1,-36.634042,174.739434,2,True
esp32_device_001,2025-10-31T08:12:22.516129+13:00,23.2,-36.634069,174.739461,2,True
esp32_device_001,2025-10-31T08:12:22.677419+13:00,23.2,-36.634393,174.739839,2,True
esp32_device_001,2025-10-31T08:12:22.838710+13:00,23.3,-36.634505,174.740018,2,True
esp32_device_001,2025-10-31T08:12:23+13:00,23.3,-36.634525,174.740005,2,False
esp32_device_001,2025-10-31T08:12:23.625000+13:00,23.7,-36.634526,174.739902,2,True
esp32_device_001,2025-10-31T08:12:24.250000+13:00,24.0,-36.634585,174.739578,2,True
esp32_device_001,2025-10-31T08:12:24.875000+13:00,24.4,-36.634594,174.739533,2,True
esp32_device_001,2025-10-31T08:12:25.500000+13:00,24.7,-36.634490,174.739416,2,True
esp32_device_001,2025-10-31T08:12:26.125000+13:00,25.1,-36.634438,174.739356,2,True
esp32_device_001,2025-10-31T08:12:26.750000+13:00,25.4,-36.634375,174.739369,2,True
esp32_device_001,2025-10-31T08:12:27.375000+13:00,25.8,-36.634127,174.739417,2,True
esp32_device_001,2025-10-31T08:12:28+13:00,26.1,-36.634064,174.739441,2,False
esp32_device_001,2025-10-31T08:12:29+13:00,26.7,-36.634042,174.739434,2,True
esp32_device_001,2025-10-31T08:12:30+13:00,27.3,-36.633867,174.739266,2,True
esp32_device_001,2025-10-31T08:12:31+13:00,27.8,-36.633699,174.739104,2,True
esp32_device_001,2025-10-31T08:12:32+13:00,28.4,-36.633648,174.739054,2,True
esp32_device_001,2025-10-31T08:12:33+13:00,29,-36.633568,174.738953,2,False
esp32_device_001,2025-10-31T08:12:34.250000+13:00,29.7,-36.633531,174.738950,2,True
esp32_device_001,2025-10-31T08:12:35.500000+13:00,30.4,-36.633458,174.738880,2,True
esp32_device_001,2025-10-31T08:12:36.750000+13:00,31.1,-36.633155,174.738590,2,True
esp32_device_001,2025-10-31T08:12:38+13:00,31.8,-36.63306,174.738449,2,False
esp32_device_001,2025-10-31T08:12:39.250000+13:00,32.5,-36.632991,174.738420,2,True
esp32_device_001,2025-10-31T08:12:40.500000+13:00,33.2,-36.632789,174.738210,2,True
esp32_device_001,2025-10-31T08:12:41.750000+13:00,33.9,-36.632708,174.738126,2,True
esp32_device_001,2025-10-31T08:12:43+13:00,34.6,-36.632545,174.73793,2,False
esp32_device_001,2025-10-31T08:12:44.250000+13:00,35.8,-36.632337,174.737716,2,True
esp32_device_001,2025-10-31T08:12:45.500000+13:00,36.9,-36.632300,174.737670,2,True
esp32_device_001,2025-10-31T08:12:46.750000+13:00,38.1,-36.632255,174.737614,2,True
esp32_device_001,2025-10-31T08:12:48+13:00,39.2,-36.632092,174.73735,2,False
esp32_device_001,2025-10-31T08:12:49.250000+13:00,40.3,-36.631997,174.737219,2,True
esp32_device_001,2025-10-31T08:12:50.500000+13:00,41.4,-36.631873,174.737030,2,True
esp32_device_001,2025-10-31T08:12:51.750000+13:00,42.5,-36.631731,174.736818,2,True
esp32_device_001,2025-10-31T08:12:53+13:00,43.6,-36.631683,174.73671,2,False
esp32_device_001,2025-10-31T08:12:54.666667+13:00,44.8,-36.631457,174.736402,2,True
esp32_device_001,2025-10-31T08:12:56.333333+13:00,46.0,-36.631348,174.736228,2,True
esp32_device_001,2025-10-31T08:12:58+13:00,47.2,-36.631283,174.736069,2,False
esp32_device_001,2025-10-31T08:12:59+13:00,47.6,-36.631249,174.736047,2,True
esp32_device_001,2025-10-31T08:13:00+13:00,48.0,-36.631161,174.735852,2,True
esp32_device_001,2025-10-31T08:13:01+13:00,48.4,-36.631092,174.735660,2,True
esp32_device_001,2025-10-31T08:13:02+13:00,48.8,-36.631010,174.735391,2,True
esp32_device_001,2025-10-31T08:13:03+13:00,49.2,-36.631004,174.735321,2,False
esp32_device_001,2025-10-31T08:13:04+13:00,49.0,-36.630961,174.735247,2,True
esp32_device_001,2025-10-31T08:13:05+13:00,48.9,-36.630906,174.735077,2,True
esp32_device_001,2025-10-31T08:13:06+13:00,48.7,-36.630786,174.734753,2,True
esp32_device_001,2025-10-31T08:13:07+13:00,48.6,-36.630748,174.734676,2,True
esp32_device_001,2025-10-31T08:13:08+13:00,48.4,-36.630753,174.73465,2,False
esp32_device_001,2025-10-31T08:13:09+13:00,47.6,-36.630685,174.734551,2,True
esp32_device_001,2025-10-31T08:13:10+13:00,46.8,-36.630673,174.734531,2,True
esp32_device_001,2025-10-31T08:13:11+13:00,46.1,-36.630596,174.734404,2,True
esp32_device_001,2025-10-31T08:13:12+13:00,45.3,-36.630517,174.734295,2,True
esp32_device_001,2025-10-31T08:13:13+13:00,44.5,-36.630371,174.734085,2,False
esp32_device_001,2025-10-31T08:13:14.666667+13:00,42.4,-36.630073,174.733716,2,True
esp32_device_001,2025-10-31T08:13:16.333333+13:00,40.3,-36.629953,174.733574,2,True
esp32_device_001,2025-10-31T08:13:18+13:00,38.2,-36.629929,174.733521,2,False
esp32_device_001,2025-10-31T08:13:19.666667+13:00,35.9,-36.629836,174.733434,2,True
esp32_device_001,2025-10-31T08:13:21.333333+13:00,33.7,-36.629673,174.733241,2,True
esp32_device_001,2025-10-31T08:13:23+13:00,31.4,-36.629475,174.733002,2,False
esp32_device_001,2025-10-31T08:13:24.250000+13:00,29.8,-36.629341,174.732831,2,True
esp32_device_001,2025-10-31T08:13:25.500000+13:00,28.2,-36.629202,174.732650,2,True
esp32_device_001,2025-10-31T08:13:26.750000+13:00,26.6,-36.629079,174.732468,2,True
esp32_device_001,2025-10-31T08:13:28+13:00,25,-36.629044,174.732437,2,False
esp32_device_001,2025-10-31T08:13:29.250000+13:00,24.1,-36.628971,174.732284,2,True
esp32_device_001,2025-10-31T08:13:30.500000+13:00,23.2,-36.628913,174.732173,2,True
esp32_device_001,2025-10-31T08:13:31.750000+13:00,22.4,-36.628841,174.732026,2,True
esp32_device_001,2025-10-31T08:13:33+13:00,21.5,-36.628738,174.731812,2,False
esp32_device_001,2025-10-31T08:13:34.250000+13:00,21.3,-36.628672,174.731656,2,True
esp32_device_001,2025-10-31T08:13:35.500000+13:00,21.1,-36.628591,174.731484,2,True
esp32_device_001,2025-10-31T08:13:36.750000+13:00,21.0,-36.628513,174.731316,2,True
esp32_device_001,2025-10-31T08:13:38+13:00,20.8,-36.628456,174.731155,2,False
esp32_device_001,2025-10-31T08:13:39+13:00,21.7,-36.628413,174.731095,2,True
esp32_device_001,2025-10-31T08:13:40+13:00,22.5,-36.628380,174.731012,2,True
esp32_device_001,2025-10-31T08:13:41+13:00,23.4,-36.628308,174.730844,2,True
esp32_device_001,2025-10-31T08:13:42+13:00,24.2,-36.628225,174.730619,2,True
esp32_device_001,2025-10-31T08:13:43+13:00,25.1,-36.628197,174.730484,2,False
esp32_device_001,2025-10-31T08:13:44.250000+13:00,26.6,-36.628162,174.730423,2,True
esp32_device_001,2025-10-31T08:13:45.500000+13:00,28.1,-36.628103,174.730221,2,True
esp32_device_001,2025-10-31T08:13:46.750000+13:00,29.5,-36.628065,174.730018,2,True
esp32_device_001,2025-10-31T08:13:48+13:00,31,-36.628063,174.729797,2,False
esp32_device_001,2025-10-31T08:13:49.666667+13:00,33.1,-36.628035,174.729713,2,True
esp32_device_001,2025-10-31T08:13:51.333333+13:00,35.1,-36.627999,174.729286,2,True
esp32_device_001,2025-10-31T08:13:53+13:00,37.2,-36.628002,174.72908,2,False
esp32_device_001,2025-10-31T08:13:54.666667+13:00,39.3,-36.627948,174.728827,2,True
esp32_device_001,2025-10-31T08:13:56.333333+13:00,41.5,-36.627898,174.728610,2,True
esp32_device_001,2025-10-31T08:13:58+13:00,43.6,-36.627834,174.728394,2,False
esp32_device_001,2025-10-31T08:13:59+13:00,44.9,-36.627763,174.728270,2,True
esp32_device_001,2025-10-31T08:14:00+13:00,46.1,-36.627678,174.728149,2,True
esp32_device_001,2025-10-31T08:14:01+13:00,47.4,-36.627562,174.728006,2,True
esp32_device_001,2025-10-31T08:14:02+13:00,48.6,-36.627441,174.727870,2,True
esp32_device_001,2025-10-31T08:14:03+13:00,49.9,-36.627388,174.727798,2,False
esp32_device_001,2025-10-31T08:14:05.500000+13:00,53.0,-36.626977,174.727357,2,True
esp32_device_001,2025-10-31T08:14:08+13:00,56.2,-36.626881,174.727249,2,False
esp32_device_001,2025-10-31T08:14:08.625000+13:00,57.0,-36.626829,174.727193,2,True
esp32_device_001,2025-10-31T08:14:09.250000+13:00,57.9,-36.626743,174.727087,2,True
esp32_device_001,2025-10-31T08:14:09.875000+13:00,58.7,-36.626690,174.727003,2,True
esp32_device_001,2025-10-31T08:14:10.500000+13:00,59.5,-36.626650,174.726923,2,True
esp32_device_001,2025-10-31T08:14:11.125000+13:00,60.4,-36.626607,174.726826,2,True
esp32_device_001,2025-10-31T08:14:11.750000+13:00,61.2,-36.626576,174.726720,2,True
esp32_device_001,2025-10-31T08:14:12.375000+13:00,62.1,-36.626554,174.726616,2,True
esp32_device_001,2025-10-31T08:14:13+13:00,62.9,-36.62656,174.726532,2,False
esp32_device_001,2025-10-31T08:14:14.250000+13:00,64.4,-36.626541,174.726506,2,True
esp32_device_001,2025-10-31T08:14:15.500000+13:00,65.8,-36.626523,174.726214,2,True
esp32_device_001,2025-10-31T08:14:16.750000+13:00,67.3,-36.626509,174.725736,2,True
esp32_device_001,2025-10-31T08:14:18+13:00,68.8,-36.626514,174.725693,2,False
esp32_device_001,2025-10-31T08:14:19+13:00,69.8,-36.626503,174.725525,2,True
esp32_device_001,2025-10-31T08:14:20+13:00,70.7,-36.626499,174.725398,2,True
esp32_device_001,2025-10-31T08:14:21+13:00,71.7,-36.626495,174.725233,2,True
esp32_device_001,2025-10-31T08:14:22+13:00,72.6,-36.626487,174.725074,2,True
esp32_device_001,2025-10-31T08:14:23+13:00,73.6,-36.626488,174.724808,2,False
esp32_device_001,2025-10-31T08:14:28+13:00,77.5,-36.626461,174.723923,2,False
esp32_device_001,2025-10-31T08:14:28.714286+13:00,78.0,-36.626439,174.723907,2,True
esp32_device_001,2025-10-31T08:14:29.428571+13:00,78.4,-36.626419,174.723729,2,True
esp32_device_001,2025-10-31T08:14:30.142857+13:00,78.9,-36.626399,174.723631,2,True
esp32_device_001,2025-10-31T08:14:30.857143+13:00,79.4,-36.626383,174.723551,2,True
esp32_device_001,2025-10-31T08:14:31.571429+13:00,79.9,-36.626348,174.723464,2,True
esp32_device_001,2025-10-31T08:14:32.285714+13:00,80.3,-36.626290,174.723365,2,True
esp32_device_001,2025-10-31T08:14:33+13:00,80.8,-36.626221,174.723236,2,False
esp32_device_001,2025-10-31T08:14:34.250000+13:00,81.2,-36.626129,174.723119,2,True
esp32_device_001,2025-10-31T08:14:35.500000+13:00,81.7,-36.626036,174.722978,2,True
esp32_device_001,2025-10-31T08:14:36.750000+13:00,82.1,-36.625935,174.722848,2,True
esp32_device_001,2025-10-31T08:14:38+13:00,82.6,-36.625782,174.722626,2,False
esp32_device_001,2025-10-31T08:14:38.833333+13:00,82.8,-36.625764,174.722628,2,True
esp32_device_001,2025-10-31T08:14:39.666667+13:00,83.1,-36.625714,174.722564,2,True
esp32_device_001,2025-10-31T08:14:40.500000+13:00,83.3,-36.625603,174.722447,2,True
esp32_device_001,2025-10-31T08:14:41.333333+13:00,83.5,-36.625480,174.722346,2,True
esp32_device_001,2025-10-31T08:14:42.166667+13:00,83.8,-36.625360,174.722309,2,True
esp32_device_001,2025-10-31T08:14:43+13:00,84,-36.625263,174.72229,2,False
esp32_device_001,2025-10-31T08:14:43.833333+13:00,83.9,-36.625190,174.722307,2,True
esp32_device_001,2025-10-31T08:14:44.666667+13:00,83.7,-36.625021,174.722323,2,True
esp32_device_001,2025-10-31T08:14:45.500000+13:00,83.6,-36.624892,174.722327,2,True
esp32_device_001,2025-10-31T08:14:46.333333+13:00,83.5,-36.624780,174.722324,2,True
esp32_device_001,2025-10-31T08:14:47.166667+13:00,83.3,-36.624705,174.722312,2,True
esp32_device_001,2025-10-31T08:14:48+13:00,83.2,-36.624683,174.722275,2,False
esp32_device_001,2025-10-31T08:14:48.833333+13:00,82.8,-36.624618,174.722276,2,True
esp32_device_001,2025-10-31T08:14:49.666667+13:00,82.3,-36.624535,174.722222,2,True
esp32_device_001,2025-10-31T08:14:50.500000+13:00,81.8,-36.624456,174.722148,2,True
esp32_device_001,2025-10-31T08:14:51.333333+13:00,81.4,-36.624391,174.722066,2,True
esp32_device_001,2025-10-31T08:14:52.166667+13:00,81.0,-36.624272,174.721903,2,True
esp32_device_001,2025-10-31T08:14:53+13:00,80.5,-36.624241,174.721832,2,False
esp32_device_001,2025-10-31T08:14:53.833333+13:00,79.7,-36.624165,174.721756,2,True
esp32_device_001,2025-10-31T08:14:54.666667+13:00,78.9,-36.624129,174.721706,2,True
esp32_device_001,2025-10-31T08:14:55.500000+13:00,78.0,-36.624034,174.721567,2,True
esp32_device_001,2025-10-31T08:14:56.333333+13:00,77.2,-36.623964,174.721449,2,True
esp32_device_001,2025-10-31T08:14:57.166667+13:00,76.4,-36.623910,174.721323,2,True
esp32_device_001,2025-10-31T08:14:58+13:00,75.6,-36.623871,174.721161,2,False
esp32_device_001,2025-10-31T08:14:59.250000+13:00,74.5,-36.623832,174.721112,2,True
esp32_device_001,2025-10-31T08:15:00.500000+13:00,73.5,-36.623660,174.720679,2,True
esp32_device_001,2025-10-31T08:15:01.750000+13:00,72.5,-36.623613,174.720602,2,True
esp32_device_001,2025-10-31T08:15:03+13:00,71.4,-36.623543,174.720474,2,False
esp32_device_001,2025-10-31T08:15:04+13:00,70.5,-36.623465,174.720411,2,True
esp32_device_001,2025-10-31T08:15:05+13:00,69.6,-36.623394,174.720349,2,True
esp32_device_001,2025-10-31T08:15:06+13:00,68.6,-36.623326,174.720297,2,True
esp32_device_001,2025-10-31T08:15:07+13:00,67.7,-36.623180,174.720217,2,True
esp32_device_001,2025-10-31T08:15:08+13:00,66.8,-36.62299,174.720123,2,False
esp32_device_001,2025-10-31T08:15:09+13:00,65.8,-36.622960,174.720123,2,True
esp32_device_001,2025-10-31T08:15:10+13:00,64.9,-36.622807,174.720055,2,True
esp32_device_001,2025-10-31T08:15:11+13:00,63.9,-36.622645,174.719974,2,True
esp32_device_001,2025-10-31T08:15:12+13:00,63.0,-36.622472,174.719856,2,True
esp32_device_001,2025-10-31T08:15:13+13:00,62,-36.622375,174.719757,2,False
esp32_device_001,2025-10-31T08:15:14+13:00,60.9,-36.622316,174.719727,2,True
esp32_device_001,2025-10-31T08:15:15+13:00,59.8,-36.622205,174.719602,2,True
esp32_device_001,2025-10-31T08:15:16+13:00,58.6,-36.622098,174.719468,2,True
esp32_device_001,2025-10-31T08:15:17+13:00,57.5,-36.622020,174.719349,2,True
esp32_device_001,2025-10-31T08:15:18+13:00,56.4,-36.621902,174.719116,2,False
esp32_device_001,2025-10-31T08:15:19.250000+13:00,55.1,-36.621889,174.719111,2,True
esp32_device_001,2025-10-31T08:15:20.500000+13:00,53.8,-36.621741,174.718848,2,True
esp32_device_001,2025-10-31T08:15:21.750000+13:00,52.4,-36.621711,174.718794,2,True
esp32_device_001,2025-10-31T08:15:23+13:00,51.1,-36.621521,174.718414,2,False
esp32_device_001,2025-10-31T08:15:24.250000+13:00,50.0,-36.621381,174.718171,2,True
esp32_device_001,2025-10-31T08:15:25.500000+13:00,48.9,-36.621220,174.717905,2,True
esp32_device_001,2025-10-31T08:15:26.750000+13:00,47.8,-36.621158,174.717815,2,True
esp32_device_001,2025-10-31T08:15:28+13:00,46.7,-36.621117,174.717728,2,False
esp32_device_001,2025-10-31T08:15:28.625000+13:00,46.5,-36.621097,174.717723,2,True
esp32_device_001,2025-10-31T08:15:29.250000+13:00,46.3,-36.621042,174.717661,2,True
esp32_device_001,2025-10-31T08:15:29.875000+13:00,46.1,-36.620980,174.717600,2,True
esp32_device_001,2025-10-31T08:15:30.500000+13:00,46.0,-36.620858,174.717482,2,True
esp32_device_001,2025-10-31T08:15:31.125000+13:00,45.8,-36.620733,174.717374,2,True
esp32_device_001,2025-10-31T08:15:31.750000+13:00,45.6,-36.620642,174.717310,2,True
esp32_device_001,2025-10-31T08:15:32.375000+13:00,45.4,-36.620550,174.717250,2,True
esp32_device_001,2025-10-31T08:15:33+13:00,45.2,-36.620529,174.717224,2,False
esp32_device_001,2025-10-31T08:15:38+13:00,47.6,-36.619843,174.716888,2,False
esp32_device_001,2025-10-31T08:15:39.250000+13:00,48.1,-36.619537,174.716760,2,True
esp32_device_001,2025-10-31T08:15:40.500000+13:00,48.6,-36.619502,174.716736,2,True
esp32_device_001,2025-10-31T08:15:41.750000+13:00,49.1,-36.619356,174.716638,2,True
esp32_device_001,2025-10-31T08:15:43+13:00,49.6,-36.619205,174.716476,2,False
esp32_device_001,2025-10-31T08:15:44.250000+13:00,49.4,-36.618904,174.716179,2,True
esp32_device_001,2025-10-31T08:15:45.500000+13:00,49.2,-36.618804,174.716033,2,True
esp32_device_001,2025-10-31T08:15:46.750000+13:00,48.9,-36.618700,174.715862,2,True
esp32_device_001,2025-10-31T08:15:48+13:00,48.7,-36.618675,174.71579,2,False
esp32_device_001,2025-10-31T08:15:49.666667+13:00,48.0,-36.618478,174.715468,2,True
esp32_device_001,2025-10-31T08:15:51.333333+13:00,47.2,-36.618328,174.715210,2,True
esp32_device_001,2025-10-31T08:15:53+13:00,46.5,-36.618217,174.715027,2,False
esp32_device_001,2025-10-31T08:15:54+13:00,46.5,-36.618079,174.714872,2,True
esp32_device_001,2025-10-31T08:15:55+13:00,46.6,-36.617952,174.714729,2,True
esp32_device_001,2025-10-31T08:15:56+13:00,46.6,-36.617846,174.714630,2,True
esp32_device_001,2025-10-31T08:15:57+13:00,46.7,-36.617732,174.714529,2,True
esp32_device_001,2025-10-31T08:15:58+13:00,46.7,-36.617653,174.714447,2,False
esp32_device_001,2025-10-31T08:15:59+13:00,47.0,-36.617592,174.714426,2,True
esp32_device_001,2025-10-31T08:16:00+13:00,47.3,-36.617522,174.714381,2,True
esp32_device_001,2025-10-31T08:16:01+13:00,47.7,-36.617427,174.714325,2,True
esp32_device_001,2025-10-31T08:16:02+13:00,48.0,-36.617243,174.714220,2,True
esp32_device_001,2025-10-31T08:16:03+13:00,48.3,-36.617172,174.714157,2,False
esp32_device_001,2025-10-31T08:16:08+13:00,48.7,-36.616947,174.71402,2,False
esp32_device_001,2025-10-31T08:16:10.500000+13:00,49.4,-36.616779,174.713964,2,True
esp32_device_001,2025-10-31T08:16:13+13:00,50,-36.616634,174.713867,2,False
esp32_device_001,2025-10-31T08:16:18+13:00,51.8,-36.616207,174.713669,2,False
esp32_device_001,2025-10-31T08:16:19.666667+13:00,52.6,-36.616150,174.713625,2,True
esp32_device_001,2025-10-31T08:16:21.333333+13:00,53.5,-36.615917,174.713500,2,True
esp32_device_001,2025-10-31T08:16:23+13:00,54.3,-36.615742,174.71344,2,False
esp32_device_001,2025-10-31T08:16:24.666667+13:00,54.8,-36.615682,174.713390,2,True
esp32_device_001,2025-10-31T08:16:26.333333+13:00,55.3,-36.615417,174.713291,2,True
esp32_device_001,2025-10-31T08:16:28+13:00,55.8,-36.615231,174.713257,2,False
esp32_device_001,2025-10-31T08:16:29+13:00,56.0,-36.615205,174.713235,2,True
esp32_device_001,2025-10-31T08:16:30+13:00,56.2,-36.615024,174.713205,2,True
esp32_device_001,2025-10-31T08:16:31+13:00,56.5,-36.614812,174.713186,2,True
esp32_device_001,2025-10-31T08:16:32+13:00,56.7,-36.614714,174.713182,2,True
esp32_device_001,2025-10-31T08:16:33+13:00,56.9,-36.614685,174.713181,2,False
esp32_device_001,2025-10-31T08:16:34.666667+13:00,57.5,-36.614533,174.713175,2,True
esp32_device_001,2025-10-31T08:16:36.333333+13:00,58.0,-36.614316,174.713193,2,True
esp32_device_001,2025-10-31T08:16:38+13:00,58.6,-36.61409,174.713196,2,False
esp32_device_001,2025-10-31T08:16:38.714286+13:00,58.9,-36.614072,174.713225,2,True
esp32_device_001,2025-10-31T08:16:39.428571+13:00,59.1,-36.613865,174.713268,2,True
esp32_device_001,2025-10-31T08:16:40.142857+13:00,59.4,-36.613845,174.713272,2,True
esp32_device_001,2025-10-31T08:16:40.857143+13:00,59.7,-36.613677,174.713301,2,True
esp32_device_001,2025-10-31T08:16:41.571429+13:00,60.0,-36.613576,174.713317,2,True
esp32_device_001,2025-10-31T08:16:42.285714+13:00,60.2,-36.613463,174.713334,2,True
esp32_device_001,2025-10-31T08:16:43+13:00,60.5,-36.613422,174.713303,2,False
esp32_device_001,2025-10-31T08:16:43.625000+13:00,60.9,-36.613331,174.713345,2,True
esp32_device_001,2025-10-31T08:16:44.250000+13:00,61.2,-36.613207,174.713336,2,True
esp32_device_001,2025-10-31T08:16:44.875000+13:00,61.6,-36.613097,174.713312,2,True
esp32_device_001,2025-10-31T08:16:45.500000+13:00,62.0,-36.612993,174.713277,2,True
esp32_device_001,2025-10-31T08:16:46.125000+13:00,62.4,-36.612900,174.713235,2,True
esp32_device_001,2025-10-31T08:16:46.750000+13:00,62.8,-36.612804,174.713180,2,True
esp32_device_001,2025-10-31T08:16:47.375000+13:00,63.1,-36.612731,174.713130,2,True
esp32_device_001,2025-10-31T08:16:48+13:00,63.5,-36.612732,174.713104,2,False
esp32_device_001,2025-10-31T08:16:49.250000+13:00,64.2,-36.612661,174.713075,2,True
esp32_device_001,2025-10-31T08:16:50.500000+13:00,65.0,-36.612567,174.712976,2,True
esp32_device_001,2025-10-31T08:16:51.750000+13:00,65.7,-36.612417,174.712766,2,True
esp32_device_001,2025-10-31T08:16:53+13:00,66.4,-36.612217,174.712418,2,False
esp32_device_001,2025-10-31T08:16:55.500000+13:00,68.3,-36.611885,174.711921,2,True
esp32_device_001,2025-10-31T08:16:58+13:00,70.2,-36.61174,174.71167,2,False
esp32_device_001,2025-10-31T08:17:03+13:00,74.1,-36.611259,174.710953,2,False
esp32_device_001,2025-10-31T08:17:03.714286+13:00,74.3,-36.611162,174.710841,2,True
esp32_device_001,2025-10-31T08:17:04.428571+13:00,74.5,-36.611108,174.710736,2,True
esp32_device_001,2025-10-31T08:17:05.142857+13:00,74.7,-36.611065,174.710624,2,True
esp32_device_001,2025-10-31T08:17:05.857143+13:00,74.8,-36.611032,174.710507,2,True
esp32_device_001,2025-10-31T08:17:06.571429+13:00,75.0,-36.611012,174.710397,2,True
esp32_device_001,2025-10-31T08:17:07.285714+13:00,75.2,-36.610998,174.710286,2,True
esp32_device_001,2025-10-31T08:17:08+13:00,75.4,-36.611015,174.71019,2,False
esp32_device_001,2025-10-31T08:17:09.250000+13:00,74.2,-36.611003,174.710078,2,True
esp32_device_001,2025-10-31T08:17:10.500000+13:00,73.0,-36.611018,174.709977,2,True
esp32_device_001,2025-10-31T08:17:11.750000+13:00,71.8,-36.611056,174.709764,2,True
esp32_device_001,2025-10-31T08:17:13+13:00,70.6,-36.611164,174.709351,2,False
esp32_device_001,2025-10-31T08:17:14+13:00,69.2,-36.611178,174.709198,2,True
esp32_device_001,2025-10-31T08:17:15+13:00,67.7,-36.611262,174.708807,2,True
esp32_device_001,2025-10-31T08:17:16+13:00,66.3,-36.611301,174.708629,2,True
esp32_device_001,2025-10-31T08:17:17+13:00,64.8,-36.611323,174.708528,2,True
esp32_device_001,2025-10-31T08:17:18+13:00,63.4,-36.611359,174.708481,2,False
esp32_device_001,2025-10-31T08:17:20.500000+13:00,60.5,-36.611504,174.707688,2,True
esp32_device_001,2025-10-31T08:17:23+13:00,57.6,-36.611542,174.707611,2,False
esp32_device_001,2025-10-31T08:17:23.833333+13:00,57.3,-36.611551,174.707450,2,True
esp32_device_001,2025-10-31T08:17:24.666667+13:00,57.0,-36.611563,174.707333,2,True
esp32_device_001,2025-10-31T08:17:25.500000+13:00,56.7,-36.611569,174.707232,2,True
esp32_device_001,2025-10-31T08:17:26.333333+13:00,56.3,-36.611566,174.706984,2,True
esp32_device_001,2025-10-31T08:17:27.166667+13:00,56.0,-36.611523,174.706775,2,True
esp32_device_001,2025-10-31T08:17:28+13:00,55.7,-36.611526,174.706726,2,False
esp32_device_001,2025-10-31T08:17:28.833333+13:00,55.6,-36.611496,174.706673,2,True
esp32_device_001,2025-10-31T08:17:29.666667+13:00,55.4,-36.611454,174.706561,2,True
esp32_device_001,2025-10-31T08:17:30.500000+13:00,55.3,-36.611385,174.706409,2,True
esp32_device_001,2025-10-31T08:17:31.333333+13:00,55.2,-36.611256,174.706179,2,True
esp32_device_001,2025-10-31T08:17:32.166667+13:00,55.0,-36.611132,174.705994,2,True
esp32_device_001,2025-10-31T08:17:33+13:00,54.9,-36.611111,174.705933,2,False
esp32_device_001,2025-10-31T08:17:34+13:00,54.8,-36.610967,174.705726,2,True
esp32_device_001,2025-10-31T08:17:35+13:00,54.8,-36.610876,174.705580,2,True
esp32_device_001,2025-10-31T08:17:36+13:00,54.7,-36.610838,174.705502,2,True
esp32_device_001,2025-10-31T08:17:37+13:00,54.7,-36.610783,174.705385,2,True
esp32_device_001,2025-10-31T08:17:38+13:00,54.6,-36.610714,174.705124,2,False
esp32_device_001,2025-10-31T08:17:40.500000+13:00,53.3,-36.610461,174.704336,2,True
esp32_device_001,2025-10-31T08:17:43+13:00,52,-36.610458,174.704254,2,False
esp32_device_001,2025-10-31T08:17:43.714286+13:00,51.8,-36.610407,174.704125,2,True
esp32_device_001,2025-10-31T08:17:44.428571+13:00,51.6,-36.610380,174.703930,2,True
esp32_device_001,2025-10-31T08:17:45.142857+13:00,51.4,-36.610369,174.703761,2,True
esp32_device_001,2025-10-31T08:17:45.857143+13:00,51.1,-36.610377,174.703657,2,True
esp32_device_001,2025-10-31T08:17:46.571429+13:00,50.9,-36.610393,174.703523,2,True
esp32_device_001,2025-10-31T08:17:47.285714+13:00,50.7,-36.610417,174.703404,2,True
esp32_device_001,2025-10-31T08:17:48+13:00,50.5,-36.610439,174.703384,2,False
esp32_device_001,2025-10-31T08:17:49.666667+13:00,49.5,-36.610455,174.703246,2,True
esp32_device_001,2025-10-31T08:17:51.333333+13:00,48.4,-36.610513,174.703087,2,True
esp32_device_001,2025-10-31T08:17:53+13:00,47.4,-36.610676,174.702667,2,False
esp32_device_001,2025-10-31T08:18:13+13:00,47.1,-36.610772,174.702399,2,True
esp32_device_001,2025-10-31T08:18:33+13:00,46.9,-36.610844,174.702209,2,True
esp32_device_001,2025-10-31T08:18:53+13:00,46.6,-36.610886,174.702133,2,False
esp32_device_001,2025-10-31T08:18:58+13:00,44.6,-36.610882,174.701797,2,False
esp32_device_001,2025-10-31T08:18:59.666667+13:00,43.2,-36.610866,174.701785,2,True
esp32_device_001,2025-10-31T08:19:01.333333+13:00,41.9,-36.610502,174.701687,2,True
esp32_device_001,2025-10-31T08:19:03+13:00,40.5,-36.610481,174.701614,2,False
esp32_device_001,2025-10-31T08:19:03.833333+13:00,39.8,-36.610376,174.701616,2,True
esp32_device_001,2025-10-31T08:19:04.666667+13:00,39.1,-36.610281,174.701538,2,True
esp32_device_001,2025-10-31T08:19:05.500000+13:00,38.4,-36.610230,174.701491,2,True
esp32_device_001,2025-10-31T08:19:06.333333+13:00,37.6,-36.610151,174.701400,2,True
esp32_device_001,2025-10-31T08:19:07.166667+13:00,36.9,-36.610071,174.701288,2,True
esp32_device_001,2025-10-31T08:19:08+13:00,36.2,-36.610081,174.701233,2,False
esp32_device_001,2025-10-31T08:19:09.666667+13:00,34.6,-36.609960,174.701106,2,True
esp32_device_001,2025-10-31T08:19:11.333333+13:00,33.1,-36.609845,174.700927,2,True
esp32_device_001,2025-10-31T08:19:13+13:00,31.5,-36.609768,174.70076,2,False
esp32_device_001,2025-10-31T08:19:15.500000+13:00,29.9,-36.609463,174.700333,2,True
esp32_device_001,2025-10-31T08:19:18+13:00,28.4,-36.609447,174.700287,2,False
esp32_device_001,2025-10-31T08:19:20.500000+13:00,27.5,-36.609382,174.700210,2,True
esp32_device_001,2025-10-31T08:19:23+13:00,26.7,-36.609146,174.699829,2,False
esp32_device_001,2025-10-31T08:19:23.178571+13:00,26.6,-36.609056,174.699735,2,True
esp32_device_001,2025-10-31T08:19:23.357143+13:00,26.6,-36.608950,174.699581,2,True
esp32_device_001,2025-10-31T08:19:23.535714+13:00,26.5,-36.609027,174.699503,2,True
esp32_device_001,2025-10-31T08:19:23.714286+13:00,26.5,-36.609095,174.699435,2,True
esp32_device_001,2025-10-31T08:19:23.892857+13:00,26.4,-36.609171,174.699307,2,True
esp32_device_001,2025-10-31T08:19:24.071429+13:00,26.4,-36.609305,174.699248,2,True
esp32_device_001,2025-10-31T08:19:24.250000+13:00,26.3,-36.609355,174.699231,2,True
esp32_device_001,2025-10-31T08:19:24.428571+13:00,26.3,-36.609434,174.699228,2,True
esp32_device_001,2025-10-31T08:19:24.607143+13:00,26.2,-36.609512,174.699259,2,True
esp32_device_001,2025-10-31T08:19:24.785714+13:00,26.2,-36.609565,174.699274,2,True
esp32_device_001,2025-10-31T08:19:24.964286+13:00,26.1,-36.609628,174.699313,2,True
esp32_device_001,2025-10-31T08:19:25.142857+13:00,26.1,-36.609616,174.699235,2,True
esp32_device_001,2025-10-31T08:19:25.321429+13:00,26.0,-36.609618,174.699170,2,True
esp32_device_001,2025-10-31T08:19:25.500000+13:00,25.9,-36.609629,174.699100,2,True
esp32_device_001,2025-10-31T08:19:25.678571+13:00,25.9,-36.609645,174.699042,2,True
esp32_device_001,2025-10-31T08:19:25.857143+13:00,25.8,-36.609640,174.699012,2,True
esp32_device_001,2025-10-31T08:19:26.035714+13:00,25.8,-36.609622,174.698996,2,True
esp32_device_001,2025-10-31T08:19:26.214286+13:00,25.7,-36.609569,174.698980,2,True
esp32_device_001,2025-10-31T08:19:26.392857+13:00,25.7,-36.609499,174.698961,2,True
esp32_device_001,2025-10-31T08:19:26.571429+13:00,25.6,-36.609485,174.699077,2,True
esp32_device_001,2025-10-31T08:19:26.750000+13:00,25.6,-36.609447,174.699188,2,True
esp32_device_001,2025-10-31T08:19:26.928571+13:00,25.5,-36.609434,174.699228,2,True
esp32_device_001,2025-10-31T08:19:27.107143+13:00,25.5,-36.609355,174.699231,2,True
esp32_device_001,2025-10-31T08:19:27.285714+13:00,25.4,-36.609305,174.699248,2,True
esp32_device_001,2025-10-31T08:19:27.464286+13:00,25.4,-36.609171,174.699307,2,True
esp32_device_001,2025-10-31T08:19:27.642857+13:00,25.3,-36.609059,174.699362,2,True
esp32_device_001,2025-10-31T08:19:27.821429+13:00,25.3,-36.608983,174.699438,2,True
esp32_device_001,2025-10-31T08:19:28+13:00,25.2,-36.608917,174.699493,2,False
esp32_device_001,2025-10-31T08:19:29.250000+13:00,24.9,-36.608907,174.699515,2,True
esp32_device_001,2025-10-31T08:19:30.500000+13:00,24.6,-36.608864,174.699439,2,True
esp32_device_001,2025-10-31T08:19:31.750000+13:00,24.3,-36.608800,174.699335,2,True
esp32_device_001,2025-10-31T08:19:33+13:00,24,-36.608719,174.699188,2,False
esp32_device_001,2025-10-31T08:19:34.666667+13:00,24.1,-36.608538,174.698963,2,True
esp32_device_001,2025-10-31T08:19:36.333333+13:00,24.3,-36.608486,174.698890,2,True
esp32_device_001,2025-10-31T08:19:38+13:00,24.4,-36.608425,174.698822,2,False
esp32_device_001,2025-10-31T08:19:40.500000+13:00,23.8,-36.608231,174.698653,2,True
esp32_device_001,2025-10-31T08:19:43+13:00,23.1,-36.608002,174.698517,2,False
esp32_device_001,2025-10-31T08:19:43.833333+13:00,22.7,-36.607897,174.698479,2,True
esp32_device_001,2025-10-31T08:19:44.666667+13:00,22.2,-36.607867,174.698465,2,True
esp32_device_001,2025-10-31T08:19:45.500000+13:00,21.8,-36.607846,174.698455,2,True
esp32_device_001,2025-10-31T08:19:46.333333+13:00,21.4,-36.607681,174.698389,2,True
esp32_device_001,2025-10-31T08:19:47.166667+13:00,20.9,-36.607631,174.698363,2,True
esp32_device_001,2025-10-31T08:19:48+13:00,20.5,-36.607502,174.698303,2,False
esp32_device_001,2025-10-31T08:19:49.250000+13:00,19.7,-36.607232,174.698222,2,True
esp32_device_001,2025-10-31T08:19:50.500000+13:00,18.9,-36.607109,174.698197,2,True
esp32_device_001,2025-10-31T08:19:51.750000+13:00,18.1,-36.607014,174.698177,2,True
esp32_device_001,2025-10-31T08:19:53+13:00,17.3,-36.606964,174.698151,2,False
esp32_device_001,2025-10-31T08:19:54.666667+13:00,16.7,-36.606765,174.698118,2,True
esp32_device_001,2025-10-31T08:19:56.333333+13:00,16.1,-36.606639,174.698090,2,True
esp32_device_001,2025-10-31T08:19:58+13:00,15.5,-36.606544,174.698044,2,False
esp32_device_001,2025-10-31T08:20:02.166667+13:00,15.1,-36.606465,174.698046,2,True
esp32_device_001,2025-10-31T08:20:06.333333+13:00,14.7,-36.606397,174.698027,2,True
esp32_device_001,2025-10-31T08:20:10.500000+13:00,14.2,-36.606358,174.698016,2,True
esp32_device_001,2025-10-31T08:20:14.666667+13:00,13.8,-36.606178,174.697964,2,True
esp32_device_001,2025-10-31T08:20:18.833333+13:00,13.4,-36.606112,174.697938,2,True
esp32_device_001,2025-10-31T08:20:23+13:00,13,-36.606087,174.697906,2,False
esp32_device_001,2025-10-31T08:20:24.250000+13:00,13.3,-36.605981,174.697878,2,True
esp32_device_001,2025-10-31T08:20:25.500000+13:00,13.6,-36.605863,174.697802,2,True
esp32_device_001,2025-10-31T08:20:26.750000+13:00,13.8,-36.605786,174.697747,2,True
esp32_device_001,2025-10-31T08:20:28+13:00,14.1,-36.605686,174.697601,2,False
esp32_device_001,2025-10-31T08:20:29.666667+13:00,14.3,-36.605574,174.697546,2,True
esp32_device_001,2025-10-31T08:20:31.333333+13:00,14.5,-36.605374,174.697365,2,True
esp32_device_001,2025-10-31T08:20:33+13:00,14.7,-36.605274,174.697235,2,False
esp32_device_001,2025-10-31T08:20:34.666667+13:00,15.1,-36.605180,174.697166,2,True
esp32_device_001,2025-10-31T08:20:36.333333+13:00,15.4,-36.604925,174.696905,2,True
esp32_device_001,2025-10-31T08:20:38+13:00,15.8,-36.604862,174.696838,2,False
esp32_device_001,2025-10-31T08:20:40.500000+13:00,17.3,-36.604448,174.696461,2,True
esp32_device_001,2025-10-31T08:20:43+13:00,18.8,-36.604412,174.696411,2,False
esp32_device_001,2025-10-31T08:20:48+13:00,21.2,-36.603966,174.695969,2,False
esp32_device_001,2025-10-31T08:20:53+13:00,23.2,-36.603493,174.695511,2,False
esp32_device_001,2025-10-31T08:20:55.500000+13:00,25.4,-36.603154,174.695174,2,True
esp32_device_001,2025-10-31T08:20:58+13:00,27.6,-36.603027,174.695038,2,False
esp32_device_001,2025-10-31T08:20:59.666667+13:00,29.4,-36.602996,174.695035,2,True
esp32_device_001,2025-10-31T08:21:01.333333+13:00,31.3,-36.602700,174.694734,2,True
esp32_device_001,2025-10-31T08:21:03+13:00,33.1,-36.602581,174.694595,2,False
esp32_device_001,2025-10-31T08:21:06.333333+13:00,33.6,-36.602479,174.694518,2,True
esp32_device_001,2025-10-31T08:21:09.666667+13:00,34.2,-36.602376,174.694351,2,True
esp32_device_001,2025-10-31T08:21:13+13:00,34.7,-36.602312,174.694276,2,True
esp32_device_001,2025-10-31T08:21:16.333333+13:00,35.3,-36.602278,174.694238,2,True
esp32_device_001,2025-10-31T08:21:19.666667+13:00,35.8,-36.602195,174.694146,2,True
esp32_device_001,2025-10-31T08:21:23+13:00,36.4,-36.602153,174.694204,2,True
esp32_device_001,2025-10-31T08:21:26.333333+13:00,36.9,-36.602239,174.694292,2,True
esp32_device_001,2025-10-31T08:21:29.666667+13:00,37.5,-36.602278,174.694238,2,True
esp32_device_001,2025-10-31T08:21:33+13:00,38,-36.602314,174.694229,2,False
esp32_device_001,2025-10-31T08:21:33.172414+13:00,37.9,-36.602315,174.694186,2,True
esp32_device_001,2025-10-31T08:21:33.344828+13:00,37.8,-36.602438,174.694015,2,True
esp32_device_001,2025-10-31T08:21:33.517241+13:00,37.8,-36.602508,174.693919,2,True
esp32_device_001,2025-10-31T08:21:33.689655+13:00,37.7,-36.602572,174.693749,2,True
esp32_device_001,2025-10-31T08:21:33.862069+13:00,37.6,-36.602724,174.693545,2,True
esp32_device_001,2025-10-31T08:21:34.034483+13:00,37.5,-36.602844,174.693392,2,True
esp32_device_001,2025-10-31T08:21:34.206897+13:00,37.4,-36.603455,174.692648,2,True
esp32_device_001,2025-10-31T08:21:34.379310+13:00,37.3,-36.603433,174.692559,2,True
esp32_device_001,2025-10-31T08:21:34.551724+13:00,37.3,-36.603448,174.692516,2,True
esp32_device_001,2025-10-31T08:21:34.724138+13:00,37.2,-36.603461,174.692477,2,True
esp32_device_001,2025-10-31T08:21:34.896552+13:00,37.1,-36.603480,174.692439,2,True
esp32_device_001,2025-10-31T08:21:35.068966+13:00,37.0,-36.603499,174.692408,2,True
esp32_device_001,2025-10-31T08:21:35.241379+13:00,36.9,-36.603525,174.692375,2,True
esp32_device_001,2025-10-31T08:21:35.413793+13:00,36.8,-36.603556,174.692341,2,True
esp32_device_001,2025-10-31T08:21:35.586207+13:00,36.8,-36.603617,174.692277,2,True
esp32_device_001,2025-10-31T08:21:35.758621+13:00,36.7,-36.603650,174.692250,2,True
esp32_device_001,2025-10-31T08:21:35.931034+13:00,36.6,-36.603675,174.692235,2,True
esp32_device_001,2025-10-31T08:21:36.103448+13:00,36.5,-36.603700,174.692226,2,True
esp32_device_001,2025-10-31T08:21:36.275862+13:00,36.4,-36.603716,174.692222,2,True
esp32_device_001,2025-10-31T08:21:36.448276+13:00,36.3,-36.603796,174.692205,2,True
esp32_device_001,2025-10-31T08:21:36.620690+13:00,36.3,-36.603455,174.692648,2,True
esp32_device_001,2025-10-31T08:21:36.793103+13:00,36.2,-36.602844,174.693392,2,True
esp32_device_001,2025-10-31T08:21:36.965517+13:00,36.1,-36.602724,174.693545,2,True
esp32_device_001,2025-10-31T08:21:37.137931+13:00,36.0,-36.602572,174.693749,2,True
esp32_device_001,2025-10-31T08:21:37.310345+13:00,35.9,-36.602440,174.693817,2,True
esp32_device_001,2025-10-31T08:21:37.482759+13:00,35.8,-36.602237,174.694090,2,True
esp32_device_001,2025-10-31T08:21:37.655172+13:00,35.8,-36.602195,174.694146,2,True
esp32_device_001,2025-10-31T08:21:37.827586+13:00,35.7,-36.602153,174.694204,2,True
esp32_device_001,2025-10-31T08:21:38+13:00,35.6,-36.602013,174.694336,2,False
esp32_device_001,2025-10-31T08:21:40.500000+13:00,33.2,-36.601688,174.694808,2,True
esp32_device_001,2025-10-31T08:21:43+13:00,30.8,-36.601639,174.694809,2,False
esp32_device_001,2025-10-31T08:21:44.250000+13:00,29.6,-36.601616,174.694913,2,True
esp32_device_001,2025-10-31T08:21:45.500000+13:00,28.4,-36.601503,174.695080,2,True
esp32_device_001,2025-10-31T08:21:46.750000+13:00,27.2,-36.601382,174.695252,2,True
esp32_device_001,2025-10-31T08:21:48+13:00,26,-36.601276,174.695312,2,False
esp32_device_001,2025-10-31T08:21:50.500000+13:00,23.8,-36.601173,174.695571,2,True
esp32_device_001,2025-10-31T08:21:53+13:00,21.5,-36.601101,174.695602,2,False
esp32_device_001,2025-10-31T08:21:58+13:00,18,-36.600983,174.695816,2,False
esp32_device_001,2025-10-31T08:22:03+13:00,17.6,-36.600922,174.695923,2,False
esp32_device_001,2025-10-31T08:22:08+13:00,16.8,-36.600857,174.69606,2,False
esp32_device_001,2025-10-31T08:22:13+13:00,16.3,-36.600819,174.696136,2,False
esp32_device_001,2025-10-31T08:22:18+13:00,15.4,-36.600765,174.696243,2,False
esp32_device_001,2025-10-31T08:22:23+13:00,12.6,-36.600613,174.696518,2,False
esp32_device_001,2025-10-31T08:22:24.666667+13:00,12.0,-36.600541,174.696682,2,True
esp32_device_001,2025-10-31T08:22:26.333333+13:00,11.3,-36.600489,174.696774,2,True
esp32_device_001,2025-10-31T08:22:28+13:00,10.7,-36.600365,174.696915,2,False
esp32_device_001,2025-10-31T08:22:29.666667+13:00,10.5,-36.600346,174.696981,2,True
esp32_device_001,2025-10-31T08:22:31.333333+13:00,10.3,-36.600191,174.697176,2,True
esp32_device_001,2025-10-31T08:22:33+13:00,10.1,-36.600082,174.697266,2,False
esp32_device_001,2025-10-31T08:22:35.500000+13:00,10.2,-36.599957,174.697430,2,True
esp32_device_001,2025-10-31T08:22:38+13:00,10.3,-36.599804,174.69754,2,False
esp32_device_001,2025-10-31T08:22:44.250000+13:00,9.7,-36.599730,174.697633,2,True
esp32_device_001,2025-10-31T08:22:50.500000+13:00,9.0,-36.599670,174.697679,2,True
esp32_device_001,2025-10-31T08:22:56.750000+13:00,8.3,-36.599528,174.697776,2,True
esp32_device_001,2025-10-31T08:23:03+13:00,7.7,-36.599422,174.697815,2,False
esp32_device_001,2025-10-31T08:23:04+13:00,7.7,-36.599325,174.697911,2,True
esp32_device_001,2025-10-31T08:23:05+13:00,7.7,-36.599282,174.697939,2,True
esp32_device_001,2025-10-31T08:23:06+13:00,7.6,-36.599272,174.697945,2,True
esp32_device_001,2025-10-31T08:23:07+13:00,7.6,-36.599205,174.697988,2,True
esp32_device_001,2025-10-31T08:23:08+13:00,7.6,-36.599117,174.698013,2,False
esp32_device_001,2025-10-31T08:23:10.500000+13:00,7.4,-36.599059,174.698081,2,True
esp32_device_001,2025-10-31T08:23:13+13:00,7.2,-36.598621,174.698273,2,False
esp32_device_001,2025-10-31T08:23:14.250000+13:00,7.6,-36.598532,174.698362,2,True
esp32_device_001,2025-10-31T08:23:15.500000+13:00,7.9,-36.598307,174.698453,2,True
esp32_device_001,2025-10-31T08:23:16.750000+13:00,8.3,-36.598184,174.698503,2,True
esp32_device_001,2025-10-31T08:23:18+13:00,8.7,-36.598015,174.698502,2,False
esp32_device_001,2025-10-31T08:23:19.666667+13:00,9.2,-36.597968,174.698583,2,True
esp32_device_001,2025-10-31T08:23:21.333333+13:00,9.8,-36.597817,174.698631,2,True
esp32_device_001,2025-10-31T08:23:23+13:00,10.3,-36.597378,174.698685,2,False
esp32_device_001,2025-10-31T08:23:24.666667+13:00,10.2,-36.597036,174.698866,2,True
esp32_device_001,2025-10-31T08:23:26.333333+13:00,10.2,-36.596850,174.698852,2,True
esp32_device_001,2025-10-31T08:23:28+13:00,10.1,-36.596798,174.698792,2,False
esp32_device_001,2025-10-31T08:23:29.250000+13:00,10.2,-36.596662,174.698890,2,True
esp32_device_001,2025-10-31T08:23:30.500000+13:00,10.2,-36.596530,174.698838,2,True
esp32_device_001,2025-10-31T08:23:31.750000+13:00,10.2,-36.596486,174.698813,2,True
esp32_device_001,2025-10-31T08:23:33+13:00,10.3,-36.596436,174.698746,2,False
esp32_device_001,2025-10-31T08:23:34+13:00,10.1,-36.596416,174.698740,2,True
esp32_device_001,2025-10-31T08:23:35+13:00,9.9,-36.596341,174.698630,2,True
esp32_device_001,2025-10-31T08:23:36+13:00,9.8,-36.596292,174.698500,2,True
esp32_device_001,2025-10-31T08:23:37+13:00,9.6,-36.596241,174.698358,2,True
esp32_device_001,2025-10-31T08:23:38+13:00,9.4,-36.596249,174.698303,2,False
esp32_device_001,2025-10-31T08:23:39+13:00,9.1,-36.596207,174.698265,2,True
esp32_device_001,2025-10-31T08:23:40+13:00,8.8,-36.596142,174.698085,2,True
esp32_device_001,2025-10-31T08:23:41+13:00,8.6,-36.596073,174.697895,2,True
esp32_device_001,2025-10-31T08:23:42+13:00,8.3,-36.596037,174.697797,2,True
esp32_device_001,2025-10-31T08:23:43+13:00,8,-36.596031,174.697678,2,False
esp32_device_001,2025-10-31T08:23:43.714286+13:00,8.0,-36.595920,174.697473,2,True
esp32_device_001,2025-10-31T08:23:44.428571+13:00,8.0,-36.595908,174.697441,2,True
esp32_device_001,2025-10-31T08:23:45.142857+13:00,8.0,-36.595904,174.697430,2,True
esp32_device_001,2025-10-31T08:23:45.857143+13:00,8.1,-36.595846,174.697261,2,True
esp32_device_001,2025-10-31T08:23:46.571429+13:00,8.1,-36.595814,174.697171,2,True
esp32_device_001,2025-10-31T08:23:47.285714+13:00,8.1,-36.595785,174.697086,2,True
esp32_device_001,2025-10-31T08:23:48+13:00,8.1,-36.595798,174.697037,2,False
esp32_device_001,2025-10-31T08:23:48.714286+13:00,8.0,-36.595745,174.696973,2,True
esp32_device_001,2025-10-31T08:23:49.428571+13:00,8.0,-36.595721,174.696903,2,True
esp32_device_001,2025-10-31T08:23:50.142857+13:00,7.9,-36.595679,174.696782,2,True
esp32_device_001,2025-10-31T08:23:50.857143+13:00,7.8,-36.595646,174.696686,2,True
esp32_device_001,2025-10-31T08:23:51.571429+13:00,7.7,-36.595631,174.696643,2,True
esp32_device_001,2025-10-31T08:23:52.285714+13:00,7.7,-36.595575,174.696492,2,True
esp32_device_001,2025-10-31T08:23:53+13:00,7.6,-36.595592,174.696411,2,False
esp32_device_001,2025-10-31T08:23:53.294118+13:00,7.7,-36.595542,174.696404,2,True
esp32_device_001,2025-10-31T08:23:53.588235+13:00,7.8,-36.595513,174.696324,2,True
esp32_device_001,2025-10-31T08:23:53.882353+13:00,7.9,-36.595488,174.696257,2,True
esp32_device_001,2025-10-31T08:23:54.176471+13:00,8.0,-36.595473,174.696216,2,True
esp32_device_001,2025-10-31T08:23:54.470588+13:00,8.1,-36.595407,174.696095,2,True
esp32_device_001,2025-10-31T08:23:54.764706+13:00,8.2,-36.595352,174.696028,2,True
esp32_device_001,2025-10-31T08:23:55.058824+13:00,8.3,-36.595279,174.695985,2,True
esp32_device_001,2025-10-31T08:23:55.352941+13:00,8.4,-36.595307,174.695893,2,True
esp32_device_001,2025-10-31T08:23:55.647059+13:00,8.5,-36.595323,174.695841,2,True
esp32_device_001,2025-10-31T08:23:55.941176+13:00,8.6,-36.595326,174.695814,2,True
esp32_device_001,2025-10-31T08:23:56.235294+13:00,8.7,-36.595323,174.695800,2,True
esp32_device_001,2025-10-31T08:23:56.529412+13:00,8.8,-36.595313,174.695778,2,True
esp32_device_001,2025-10-31T08:23:56.823529+13:00,8.9,-36.595323,174.695800,2,True
esp32_device_001,2025-10-31T08:23:57.117647+13:00,9.0,-36.595326,174.695814,2,True
esp32_device_001,2025-10-31T08:23:57.411765+13:00,9.1,-36.595323,174.695841,2,True
esp32_device_001,2025-10-31T08:23:57.705882+13:00,9.2,-36.595307,174.695893,2,True
esp32_device_001,2025-10-31T08:23:58+13:00,9.3,-36.595306,174.695969,2,False
esp32_device_001,2025-10-31T08:23:58.416667+13:00,9.3,-36.595279,174.695985,2,True
esp32_device_001,2025-10-31T08:23:58.833333+13:00,9.2,-36.595251,174.695968,2,True
esp32_device_001,2025-10-31T08:23:59.250000+13:00,9.2,-36.595136,174.695913,2,True
esp32_device_001,2025-10-31T08:23:59.666667+13:00,9.2,-36.595110,174.695901,2,True
esp32_device_001,2025-10-31T08:24:00.083333+13:00,9.2,-36.595094,174.695893,2,True
esp32_device_001,2025-10-31T08:24:00.500000+13:00,9.2,-36.594975,174.695837,2,True
esp32_device_001,2025-10-31T08:24:00.916667+13:00,9.1,-36.594964,174.695832,2,True
esp32_device_001,2025-10-31T08:24:01.333333+13:00,9.1,-36.594906,174.695804,2,True
esp32_device_001,2025-10-31T08:24:01.750000+13:00,9.1,-36.594881,174.695792,2,True
esp32_device_001,2025-10-31T08:24:02.166667+13:00,9.1,-36.594854,174.695780,2,True
esp32_device_001,2025-10-31T08:24:02.583333+13:00,9.0,-36.594818,174.695763,2,True
esp32_device_001,2025-10-31T08:24:03+13:00,9,-36.59483,174.695755,2,False
esp32_device_001,2025-10-31T08:24:03.250000+13:00,9.0,-36.594844,174.695684,2,True
esp32_device_001,2025-10-31T08:24:03.500000+13:00,9.0,-36.594849,174.695661,2,True
esp32_device_001,2025-10-31T08:24:03.750000+13:00,9.0,-36.594852,174.695634,2,True
esp32_device_001,2025-10-31T08:24:04+13:00,9.0,-36.594846,174.695622,2,True
esp32_device_001,2025-10-31T08:24:04.250000+13:00,9.0,-36.594842,174.695612,2,True
esp32_device_001,2025-10-31T08:24:04.500000+13:00,9.0,-36.594823,174.695594,2,True
esp32_device_001,2025-10-31T08:24:04.750000+13:00,9.0,-36.594802,174.695583,2,True
esp32_device_001,2025-10-31T08:24:05+13:00,9.0,-36.594778,174.695583,2,True
esp32_device_001,2025-10-31T08:24:05.250000+13:00,9.0,-36.594762,174.695588,2,True
esp32_device_001,2025-10-31T08:24:05.500000+13:00,8.9,-36.594749,174.695593,2,True
esp32_device_001,2025-10-31T08:24:05.750000+13:00,8.9,-36.594738,174.695602,2,True
esp32_device_001,2025-10-31T08:24:06+13:00,8.9,-36.594728,174.695615,2,True
esp32_device_001,2025-10-31T08:24:06.250000+13:00,8.9,-36.594725,174.695625,2,True
esp32_device_001,2025-10-31T08:24:06.500000+13:00,8.9,-36.594700,174.695707,2,True
esp32_device_001,2025-10-31T08:24:06.750000+13:00,8.9,-36.594653,174.695685,2,True
esp32_device_001,2025-10-31T08:24:07+13:00,8.9,-36.594539,174.695631,2,True
esp32_device_001,2025-10-31T08:24:07.250000+13:00,8.9,-36.594512,174.695618,2,True
esp32_device_001,2025-10-31T08:24:07.500000+13:00,8.9,-36.594387,174.695560,2,True
esp32_device_001,2025-10-31T08:24:07.750000+13:00,8.9,-36.594329,174.695532,2,True
esp32_device_001,2025-10-31T08:24:08+13:00,8.9,-36.59428,174.695496,2,False
esp32_device_001,2025-10-31T08:24:08.263158+13:00,8.9,-36.594262,174.695501,2,True
esp32_device_001,2025-10-31T08:24:08.526316+13:00,8.9,-36.594195,174.695469,2,True
esp32_device_001,2025-10-31T08:24:08.789474+13:00,8.9,-36.594171,174.695458,2,True
esp32_device_001,2025-10-31T08:24:09.052632+13:00,8.9,-36.594081,174.695416,2,True
esp32_device_001,2025-10-31T08:24:09.315789+13:00,8.9,-36.594047,174.695399,2,True
esp32_device_001,2025-10-31T08:24:09.578947+13:00,8.9,-36.594024,174.695389,2,True
esp32_device_001,2025-10-31T08:24:09.842105+13:00,8.9,-36.593993,174.695375,2,True
esp32_device_001,2025-10-31T08:24:10.105263+13:00,8.9,-36.593870,174.695319,2,True
esp32_device_001,2025-10-31T08:24:10.368421+13:00,8.9,-36.593715,174.695249,2,True
esp32_device_001,2025-10-31T08:24:10.631579+13:00,9.0,-36.593740,174.695164,2,True
esp32_device_001,2025-10-31T08:24:10.894737+13:00,9.0,-36.593801,174.694967,2,True
esp32_device_001,2025-10-31T08:24:11.157895+13:00,9.0,-36.593808,174.694950,2,True
esp32_device_001,2025-10-31T08:24:11.421053+13:00,9.0,-36.593821,174.694943,2,True
esp32_device_001,2025-10-31T08:24:11.684211+13:00,9.0,-36.593862,174.694944,2,True
esp32_device_001,2025-10-31T08:24:11.947368+13:00,9.0,-36.593821,174.694943,2,True
esp32_device_001,2025-10-31T08:24:12.210526+13:00,9.0,-36.593808,174.694950,2,True
esp32_device_001,2025-10-31T08:24:12.473684+13:00,9.0,-36.593801,174.694967,2,True
esp32_device_001,2025-10-31T08:24:12.736842+13:00,9.0,-36.593740,174.695164,2,True
esp32_device_001,2025-10-31T08:24:13+13:00,9,-36.593727,174.695236,2,False
esp32_device_001,2025-10-31T08:24:14+13:00,9.1,-36.593715,174.695249,2,True
esp32_device_001,2025-10-31T08:24:15+13:00,9.1,-36.593672,174.695229,2,True
esp32_device_001,2025-10-31T08:24:16+13:00,9.2,-36.593430,174.695119,2,True
esp32_device_001,2025-10-31T08:24:17+13:00,9.2,-36.593392,174.695102,2,True
esp32_device_001,2025-10-31T08:24:18+13:00,9.3,-36.593227,174.695007,2,False
esp32_device_001,2025-10-31T08:24:19.666667+13:00,9.3,-36.593034,174.694935,2,True
esp32_device_001,2025-10-31T08:24:21.333333+13:00,9.2,-36.592967,174.694903,2,True
esp32_device_001,2025-10-31T08:24:23+13:00,9.2,-36.59293,174.69487,2,False
esp32_device_001,2025-10-31T08:24:24+13:00,9.2,-36.592907,174.694875,2,True
esp32_device_001,2025-10-31T08:24:25+13:00,9.1,-36.592887,174.694866,2,True
esp32_device_001,2025-10-31T08:24:26+13:00,9.1,-36.592786,174.694819,2,True
esp32_device_001,2025-10-31T08:24:27+13:00,9.0,-36.592687,174.694772,2,True
esp32_device_001,2025-10-31T08:24:28+13:00,9,-36.59259,174.694717,2,False
esp32_device_001,2025-10-31T08:24:29+13:00,9.0,-36.592483,174.694679,2,True
esp32_device_001,2025-10-31T08:24:30+13:00,9.0,-36.592442,174.694660,2,True
esp32_device_001,2025-10-31T08:24:31+13:00,9.0,-36.592421,174.694651,2,True
esp32_device_001,2025-10-31T08:24:32+13:00,9.0,-36.592154,174.694525,2,True
esp32_device_001,2025-10-31T08:24:33+13:00,9,-36.59211,174.694489,2,False
esp32_device_001,2025-10-31T08:24:34+13:00,9.0,-36.592083,174.694491,2,True
esp32_device_001,2025-10-31T08:24:35+13:00,9.1,-36.591831,174.694373,2,True
esp32_device_001,2025-10-31T08:24:36+13:00,9.1,-36.591682,174.694303,2,True
esp32_device_001,2025-10-31T08:24:37+13:00,9.2,-36.591662,174.694293,2,True
esp32_device_001,2025-10-31T08:24:38+13:00,9.2,-36.591583,174.694244,2,False
esp32_device_001,2025-10-31T08:24:39.250000+13:00,9.3,-36.591502,174.694219,2,True
esp32_device_001,2025-10-31T08:24:40.500000+13:00,9.3,-36.591483,174.694210,2,True
esp32_device_001,2025-10-31T08:24:41.750000+13:00,9.4,-36.591244,174.694099,2,True
esp32_device_001,2025-10-31T08:24:43+13:00,9.5,-36.59108,174.694016,2,False
esp32_device_001,2025-10-31T08:24:44.250000+13:00,9.4,-36.591064,174.694014,2,True
esp32_device_001,2025-10-31T08:24:45.500000+13:00,9.4,-36.590914,174.693944,2,True
esp32_device_001,2025-10-31T08:24:46.750000+13:00,9.4,-36.590737,174.693861,2,True
esp32_device_001,2025-10-31T08:24:48+13:00,9.3,-36.59063,174.693802,2,False
esp32_device_001,2025-10-31T08:24:49.250000+13:00,9.4,-36.590617,174.693805,2,True
esp32_device_001,2025-10-31T08:24:50.500000+13:00,9.6,-36.590606,174.693799,2,True
esp32_device_001,2025-10-31T08:24:51.750000+13:00,9.7,-36.590384,174.693662,2,True
esp32_device_001,2025-10-31T08:24:53+13:00,9.8,-36.590366,174.693665,2,False
esp32_device_001,2025-10-31T08:24:58+13:00,10.6,-36.590168,174.693542,2,False
esp32_device_001,2025-10-31T08:24:58.625000+13:00,10.5,-36.590156,174.693512,2,True
esp32_device_001,2025-10-31T08:24:59.250000+13:00,10.5,-36.590134,174.693525,2,True
esp32_device_001,2025-10-31T08:24:59.875000+13:00,10.4,-36.590013,174.693494,2,True
esp32_device_001,2025-10-31T08:25:00.500000+13:00,10.3,-36.589892,174.693466,2,True
esp32_device_001,2025-10-31T08:25:01.125000+13:00,10.3,-36.589865,174.693453,2,True
esp32_device_001,2025-10-31T08:25:01.750000+13:00,10.2,-36.589836,174.693439,2,True
esp32_device_001,2025-10-31T08:25:02.375000+13:00,10.2,-36.589828,174.693436,2,True
esp32_device_001,2025-10-31T08:25:03+13:00,10.1,-36.589794,174.693405,2,False
esp32_device_001,2025-10-31T08:25:03.714286+13:00,10.1,-36.589722,174.693385,2,True
esp32_device_001,2025-10-31T08:25:04.428571+13:00,10.1,-36.589686,174.693367,2,True
esp32_device_001,2025-10-31T08:25:05.142857+13:00,10.1,-36.589665,174.693357,2,True
esp32_device_001,2025-10-31T08:25:05.857143+13:00,10.1,-36.589612,174.693331,2,True
esp32_device_001,2025-10-31T08:25:06.571429+13:00,10.1,-36.589543,174.693297,2,True
esp32_device_001,2025-10-31T08:25:07.285714+13:00,10.1,-36.589402,174.693228,2,True
esp32_device_001,2025-10-31T08:25:08+13:00,10.1,-36.589344,174.693176,2,False
esp32_device_001,2025-10-31T08:25:08.454545+13:00,10.1,-36.589177,174.693121,2,True
esp32_device_001,2025-10-31T08:25:08.909091+13:00,10.1,-36.588955,174.693008,2,True
esp32_device_001,2025-10-31T08:25:09.363636+13:00,10.2,-36.588888,174.692975,2,True
esp32_device_001,2025-10-31T08:25:09.818182+13:00,10.2,-36.588911,174.692896,2,True
esp32_device_001,2025-10-31T08:25:10.272727+13:00,10.2,-36.588994,174.692607,2,True
esp32_device_001,2025-10-31T08:25:10.727273+13:00,10.2,-36.588996,174.692578,2,True
esp32_device_001,2025-10-31T08:25:11.181818+13:00,10.2,-36.588991,174.692499,2,True
esp32_device_001,2025-10-31T08:25:11.636364+13:00,10.2,-36.588996,174.692578,2,True
esp32_device_001,2025-10-31T08:25:12.090909+13:00,10.3,-36.588994,174.692607,2,True
esp32_device_001,2025-10-31T08:25:12.545455+13:00,10.3,-36.588911,174.692896,2,True
esp32_device_001,2025-10-31T08:25:13+13:00,10.3,-36.588886,174.692963,2,False
esp32_device_001,2025-10-31T08:25:13.714286+13:00,10.3,-36.588744,174.692903,2,True
esp32_device_001,2025-10-31T08:25:14.428571+13:00,10.3,-36.588730,174.692896,2,True
esp32_device_001,2025-10-31T08:25:15.142857+13:00,10.3,-36.588700,174.692881,2,True
esp32_device_001,2025-10-31T08:25:15.857143+13:00,10.2,-36.588636,174.692850,2,True
esp32_device_001,2025-10-31T08:25:16.571429+13:00,10.2,-36.588533,174.692799,2,True
esp32_device_001,2025-10-31T08:25:17.285714+13:00,10.2,-36.588504,174.692784,2,True
esp32_device_001,2025-10-31T08:25:18+13:00,10.2,-36.588448,174.69278,2,False
esp32_device_001,2025-10-31T08:25:23+13:00,9.4,-36.588203,174.692764,2,False
esp32_device_001,2025-10-31T08:25:28+13:00,8.8,-36.588123,174.693039,2,False
esp32_device_001,2025-10-31T08:25:33+13:00,9.2,-36.588039,174.693329,2,False
esp32_device_001,2025-10-31T08:25:35.500000+13:00,9.1,-36.588001,174.693554,2,True
esp32_device_001,2025-10-31T08:25:38+13:00,8.9,-36.587948,174.693649,2,False
esp32_device_001,2025-10-31T08:25:39.666667+13:00,9.0,-36.587951,174.693733,2,True
esp32_device_001,2025-10-31T08:25:41.333333+13:00,9.0,-36.587941,174.693767,2,True
esp32_device_001,2025-10-31T08:25:43+13:00,9.1,-36.587849,174.694016,2,False
esp32_device_001,2025-10-31T09:42:29+13:00,8.4,-36.587315,174.695633,4,False
esp32_device_001,2025-10-31T09:42:34+13:00,6.7,-36.587261,174.695938,4,False
esp32_device_001,2025-10-31T09:42:35.666667+13:00,6.9,-36.587331,174.695938,4,True
esp32_device_001,2025-10-31T09:42:37.333333+13:00,7.0,-36.587317,174.695989,4,True
esp32_device_001,2025-10-31T09:42:39+13:00,7.2,-36.587173,174.696274,4,False
esp32_device_001,2025-10-31T09:42:44+13:00,7.2,-36.587132,174.696457,4,False
esp32_device_001,2025-10-31T09:43:04+13:00,7.4,-36.587185,174.696609,4,False
esp32_device_001,2025-10-31T09:43:09+13:00,8.5,-36.587425,174.696716,4,False
esp32_device_001,2025-10-31T09:43:14+13:00,8.3,-36.587837,174.696915,4,False
esp32_device_001,2025-10-31T09:43:15+13:00,8.1,-36.587971,174.696950,4,True
esp32_device_001,2025-10-31T09:43:16+13:00,7.9,-36.587994,174.696960,4,True
esp32_device_001,2025-10-31T09:43:17+13:00,7.7,-36.588104,174.697002,4,True
esp32_device_001,2025-10-31T09:43:18+13:00,7.5,-36.588209,174.697042,4,True
esp32_device_001,2025-10-31T09:43:19+13:00,7.3,-36.588215,174.697083,4,False
esp32_device_001,2025-10-31T09:43:20.250000+13:00,6.8,-36.588257,174.697093,4,True
esp32_device_001,2025-10-31T09:43:21.500000+13:00,6.2,-36.588277,174.697107,4,True
esp32_device_001,2025-10-31T09:43:22.750000+13:00,5.7,-36.588525,174.697210,4,True
esp32_device_001,2025-10-31T09:43:24+13:00,5.2,-36.58857,174.69725,4,False
esp32_device_001,2025-10-31T09:43:26.500000+13:00,4.8,-36.588829,174.697342,4,True
esp32_device_001,2025-10-31T09:43:29+13:00,4.5,-36.588882,174.697388,4,False
esp32_device_001,2025-10-31T09:43:34+13:00,6.4,-36.588943,174.697433,4,False
esp32_device_001,2025-10-31T09:43:39+13:00,7.8,-36.589146,174.697495,4,False
esp32_device_001,2025-10-31T09:43:44+13:00,8,-36.589401,174.697601,4,False
esp32_device_001,2025-10-31T09:43:45.666667+13:00,8.1,-36.589442,174.697614,4,True
esp32_device_001,2025-10-31T09:43:47.333333+13:00,8.2,-36.589538,174.697619,4,True
esp32_device_001,2025-10-31T09:43:49+13:00,8.3,-36.589639,174.697660,4,True
esp32_device_001,2025-10-31T09:43:50.666667+13:00,8.4,-36.589666,174.697672,4,True
esp32_device_001,2025-10-31T09:43:52.333333+13:00,8.5,-36.589934,174.697784,4,True
esp32_device_001,2025-10-31T09:43:54+13:00,8.6,-36.590031,174.697876,4,False
esp32_device_001,2025-10-31T09:43:55.666667+13:00,8.9,-36.590156,174.697877,4,True
esp32_device_001,2025-10-31T09:43:57.333333+13:00,9.2,-36.590247,174.697916,4,True
esp32_device_001,2025-10-31T09:43:59+13:00,9.5,-36.59029,174.697983,4,False
esp32_device_001,2025-10-31T09:44:01.500000+13:00,9.4,-36.590411,174.697985,4,True
esp32_device_001,2025-10-31T09:44:04+13:00,9.3,-36.590618,174.698105,4,False
esp32_device_001,2025-10-31T09:44:06.500000+13:00,9.3,-36.590925,174.698168,4,True
esp32_device_001,2025-10-31T09:44:09+13:00,9.3,-36.591022,174.698257,4,False
esp32_device_001,2025-10-31T09:44:10+13:00,9.1,-36.591092,174.698226,4,True
esp32_device_001,2025-10-31T09:44:11+13:00,8.9,-36.591222,174.698271,4,True
esp32_device_001,2025-10-31T09:44:12+13:00,8.7,-36.591274,174.698290,4,True
esp32_device_001,2025-10-31T09:44:13+13:00,8.5,-36.591313,174.698304,4,True
esp32_device_001,2025-10-31T09:44:14+13:00,8.3,-36.591389,174.698364,4,False
esp32_device_001,2025-10-31T09:44:14.714286+13:00,8.3,-36.591438,174.698349,4,True
esp32_device_001,2025-10-31T09:44:15.428571+13:00,8.3,-36.591527,174.698380,4,True
esp32_device_001,2025-10-31T09:44:16.142857+13:00,8.3,-36.591559,174.698391,4,True
esp32_device_001,2025-10-31T09:44:16.857143+13:00,8.2,-36.591763,174.698462,4,True
esp32_device_001,2025-10-31T09:44:17.571429+13:00,8.2,-36.591771,174.698464,4,True
esp32_device_001,2025-10-31T09:44:18.285714+13:00,8.2,-36.591791,174.698471,4,True
esp32_device_001,2025-10-31T09:44:19+13:00,8.2,-36.591869,174.698547,4,False
esp32_device_001,2025-10-31T09:44:20.250000+13:00,8.2,-36.592110,174.698583,4,True
esp32_device_001,2025-10-31T09:44:21.500000+13:00,8.1,-36.592133,174.698592,4,True
esp32_device_001,2025-10-31T09:44:22.750000+13:00,8.1,-36.592352,174.698671,4,True
esp32_device_001,2025-10-31T09:44:24+13:00,8.1,-36.59243,174.698746,4,False
esp32_device_001,2025-10-31T09:44:26.500000+13:00,8.0,-36.592804,174.698830,4,True
esp32_device_001,2025-10-31T09:44:29+13:00,7.9,-36.593006,174.698944,4,False
esp32_device_001,2025-10-31T09:44:30.250000+13:00,7.9,-36.593276,174.698999,4,True
esp32_device_001,2025-10-31T09:44:31.500000+13:00,8.0,-36.593307,174.699010,4,True
esp32_device_001,2025-10-31T09:44:32.750000+13:00,8.0,-36.593489,174.699074,4,True
esp32_device_001,2025-10-31T09:44:34+13:00,8,-36.593586,174.699158,4,False
esp32_device_001,2025-10-31T09:44:35+13:00,8.0,-36.593849,174.699200,4,True
esp32_device_001,2025-10-31T09:44:36+13:00,8.1,-36.593947,174.699234,4,True
esp32_device_001,2025-10-31T09:44:37+13:00,8.1,-36.593979,174.699245,4,True
esp32_device_001,2025-10-31T09:44:38+13:00,8.2,-36.594083,174.699282,4,True
esp32_device_001,2025-10-31T09:44:39+13:00,8.2,-36.594173,174.699371,4,False
esp32_device_001,2025-10-31T09:44:39.833333+13:00,8.3,-36.594224,174.699333,4,True
esp32_device_001,2025-10-31T09:44:40.666667+13:00,8.5,-36.594399,174.699382,4,True
esp32_device_001,2025-10-31T09:44:41.500000+13:00,8.6,-36.594467,174.699394,4,True
esp32_device_001,2025-10-31T09:44:42.333333+13:00,8.7,-36.594585,174.699406,4,True
esp32_device_001,2025-10-31T09:44:43.166667+13:00,8.9,-36.594661,174.699412,4,True
esp32_device_001,2025-10-31T09:44:44+13:00,9,-36.594734,174.699463,4,False
esp32_device_001,2025-10-31T09:44:45+13:00,9.2,-36.594831,174.699409,4,True
esp32_device_001,2025-10-31T09:44:46+13:00,9.4,-36.594885,174.699400,4,True
esp32_device_001,2025-10-31T09:44:47+13:00,9.5,-36.595058,174.699368,4,True
esp32_device_001,2025-10-31T09:44:48+13:00,9.7,-36.595145,174.699347,4,True
esp32_device_001,2025-10-31T09:44:49+13:00,9.9,-36.595333,174.699356,4,False
esp32_device_001,2025-10-31T09:44:50.666667+13:00,10.0,-36.595512,174.699253,4,True
esp32_device_001,2025-10-31T09:44:52.333333+13:00,10.2,-36.595757,174.699194,4,True
esp32_device_001,2025-10-31T09:44:54+13:00,10.3,-36.595966,174.699219,4,False
esp32_device_001,2025-10-31T09:44:54.192308+13:00,10.3,-36.596017,174.699128,4,True
esp32_device_001,2025-10-31T09:44:54.384615+13:00,10.3,-36.596160,174.699132,4,True
esp32_device_001,2025-10-31T09:44:54.576923+13:00,10.4,-36.596369,174.699079,4,True
esp32_device_001,2025-10-31T09:44:54.769231+13:00,10.4,-36.596394,174.699073,4,True
esp32_device_001,2025-10-31T09:44:54.961538+13:00,10.4,-36.596484,174.699054,4,True
esp32_device_001,2025-10-31T09:44:55.153846+13:00,10.4,-36.596505,174.699187,4,True
esp32_device_001,2025-10-31T09:44:55.346154+13:00,10.4,-36.596517,174.699257,4,True
esp32_device_001,2025-10-31T09:44:55.538462+13:00,10.5,-36.596524,174.699301,4,True
esp32_device_001,2025-10-31T09:44:55.730769+13:00,10.5,-36.596537,174.699377,4,True
esp32_device_001,2025-10-31T09:44:55.923077+13:00,10.5,-36.596545,174.699454,4,True
esp32_device_001,2025-10-31T09:44:56.115385+13:00,10.5,-36.596564,174.699470,4,True
esp32_device_001,2025-10-31T09:44:56.307692+13:00,10.5,-36.596576,174.699477,4,True
esp32_device_001,2025-10-31T09:44:56.500000+13:00,10.6,-36.596596,174.699480,4,True
esp32_device_001,2025-10-31T09:44:56.692308+13:00,10.6,-36.596616,174.699473,4,True
esp32_device_001,2025-10-31T09:44:56.884615+13:00,10.6,-36.596621,174.699469,4,True
esp32_device_001,2025-10-31T09:44:57.076923+13:00,10.6,-36.596632,174.699459,4,True
esp32_device_001,2025-10-31T09:44:57.269231+13:00,10.6,-36.596642,174.699442,4,True
esp32_device_001,2025-10-31T09:44:57.461538+13:00,10.6,-36.596644,174.699439,4,True
esp32_device_001,2025-10-31T09:44:57.653846+13:00,10.7,-36.596650,174.699415,4,True
esp32_device_001,2025-10-31T09:44:57.846154+13:00,10.7,-36.596649,174.699392,4,True
esp32_device_001,2025-10-31T09:44:58.038462+13:00,10.7,-36.596642,174.699371,4,True
esp32_device_001,2025-10-31T09:44:58.230769+13:00,10.7,-36.596631,174.699353,4,True
esp32_device_001,2025-10-31T09:44:58.423077+13:00,10.7,-36.596617,174.699282,4,True
esp32_device_001,2025-10-31T09:44:58.615385+13:00,10.8,-36.596593,174.699162,4,True
esp32_device_001,2025-10-31T09:44:58.807692+13:00,10.8,-36.596608,174.699102,4,True
esp32_device_001,2025-10-31T09:44:59+13:00,10.8,-36.596592,174.699066,4,False
esp32_device_001,2025-10-31T09:45:00+13:00,10.8,-36.596629,174.699054,4,True
esp32_device_001,2025-10-31T09:45:01+13:00,10.8,-36.596656,174.699014,4,True
esp32_device_001,2025-10-31T09:45:02+13:00,10.7,-36.596874,174.698964,4,True
esp32_device_001,2025-10-31T09:45:03+13:00,10.7,-36.597036,174.698866,4,True
esp32_device_001,2025-10-31T09:45:04+13:00,10.7,-36.597221,174.698914,4,False
esp32_device_001,2025-10-31T09:45:05.666667+13:00,10.4,-36.597389,174.698768,4,True
esp32_device_001,2025-10-31T09:45:07.333333+13:00,10.0,-36.597817,174.698631,4,True
esp32_device_001,2025-10-31T09:45:09+13:00,9.7,-36.597866,174.6987,4,False
esp32_device_001,2025-10-31T09:45:10.250000+13:00,9.3,-36.597968,174.698583,4,True
esp32_device_001,2025-10-31T09:45:11.500000+13:00,9.0,-36.598184,174.698503,4,True
esp32_device_001,2025-10-31T09:45:12.750000+13:00,8.7,-36.598307,174.698453,4,True
esp32_device_001,2025-10-31T09:45:14+13:00,8.3,-36.59845,174.698456,4,False
esp32_device_001,2025-10-31T09:45:16.500000+13:00,8.0,-36.598532,174.698362,4,True
esp32_device_001,2025-10-31T09:45:19+13:00,7.6,-36.598827,174.698273,4,False
esp32_device_001,2025-10-31T09:45:24+13:00,7.2,-36.598946,174.698212,4,False
esp32_device_001,2025-10-31T09:45:34+13:00,8.6,-36.599148,174.698074,4,False
esp32_device_001,2025-10-31T09:45:34.833333+13:00,8.7,-36.599205,174.697988,4,True
esp32_device_001,2025-10-31T09:45:35.666667+13:00,8.7,-36.599272,174.697945,4,True
esp32_device_001,2025-10-31T09:45:36.500000+13:00,8.8,-36.599282,174.697939,4,True
esp32_device_001,2025-10-31T09:45:37.333333+13:00,8.9,-36.599325,174.697911,4,True
esp32_device_001,2025-10-31T09:45:38.166667+13:00,8.9,-36.599528,174.697776,4,True
esp32_device_001,2025-10-31T09:45:39+13:00,9,-36.599567,174.6978,4,False
esp32_device_001,2025-10-31T09:45:40.250000+13:00,9.3,-36.599670,174.697679,4,True
esp32_device_001,2025-10-31T09:45:41.500000+13:00,9.6,-36.599730,174.697633,4,True
esp32_device_001,2025-10-31T09:45:42.750000+13:00,9.9,-36.599957,174.697430,4,True
esp32_device_001,2025-10-31T09:45:44+13:00,10.2,-36.600075,174.697342,4,False
esp32_device_001,2025-10-31T09:45:45.250000+13:00,10.8,-36.600191,174.697176,4,True
esp32_device_001,2025-10-31T09:45:46.500000+13:00,11.5,-36.600346,174.696981,4,True
esp32_device_001,2025-10-31T09:45:47.750000+13:00,12.2,-36.600489,174.696774,4,True
esp32_device_001,2025-10-31T09:45:49+13:00,12.8,-36.60054,174.696732,4,False
esp32_device_001,2025-10-31T09:45:50.666667+13:00,14.3,-36.600541,174.696682,4,True
esp32_device_001,2025-10-31T09:45:52.333333+13:00,15.7,-36.600763,174.696290,4,True
esp32_device_001,2025-10-31T09:45:54+13:00,17.2,-36.600929,174.696075,4,False
esp32_device_001,2025-10-31T09:45:55.666667+13:00,19.2,-36.600935,174.695966,4,True
esp32_device_001,2025-10-31T09:45:57.333333+13:00,21.2,-36.601173,174.695571,4,True
esp32_device_001,2025-10-31T09:45:59+13:00,23.2,-36.601337,174.695419,4,False
esp32_device_001,2025-10-31T09:46:00+13:00,24.1,-36.601382,174.695252,4,True
esp32_device_001,2025-10-31T09:46:01+13:00,25.0,-36.601503,174.695080,4,True
esp32_device_001,2025-10-31T09:46:02+13:00,25.9,-36.601583,174.695001,4,True
esp32_device_001,2025-10-31T09:46:03+13:00,26.8,-36.601707,174.694927,4,True
esp32_device_001,2025-10-31T09:46:04+13:00,27.7,-36.60181,174.694839,4,False
esp32_device_001,2025-10-31T09:46:05+13:00,28.4,-36.601923,174.694717,4,True
esp32_device_001,2025-10-31T09:46:06+13:00,29.1,-36.602067,174.694556,4,True
esp32_device_001,2025-10-31T09:46:07+13:00,29.7,-36.602129,174.694484,4,True
esp32_device_001,2025-10-31T09:46:08+13:00,30.4,-36.602172,174.694443,4,True
esp32_device_001,2025-10-31T09:46:09+13:00,31.1,-36.602211,174.694443,4,False
esp32_device_001,2025-10-31T09:46:09.833333+13:00,30.9,-36.602218,174.694422,4,True
esp32_device_001,2025-10-31T09:46:10.666667+13:00,30.7,-36.602260,174.694417,4,True
esp32_device_001,2025-10-31T09:46:11.500000+13:00,30.6,-36.602293,174.694418,4,True
esp32_device_001,2025-10-31T09:46:12.333333+13:00,30.4,-36.602378,174.694436,4,True
esp32_device_001,2025-10-31T09:46:13.166667+13:00,30.2,-36.602479,174.694518,4,True
esp32_device_001,2025-10-31T09:46:14+13:00,30,-36.602516,174.69458,4,False
esp32_device_001,2025-10-31T09:46:16.500000+13:00,27.6,-36.602700,174.694734,4,True
esp32_device_001,2025-10-31T09:46:19+13:00,25.1,-36.602936,174.694992,4,False
esp32_device_001,2025-10-31T09:48:25+13:00,50.2,-36.610363,174.703339,5,False
esp32_device_001,2025-10-31T09:48:26.250000+13:00,50.5,-36.610417,174.703404,5,True
esp32_device_001,2025-10-31T09:48:27.500000+13:00,50.7,-36.610393,174.703523,5,True
esp32_device_001,2025-10-31T09:48:28.750000+13:00,51.0,-36.610377,174.703657,5,True
esp32_device_001,2025-10-31T09:48:30+13:00,51.2,-36.610369,174.703761,5,True
esp32_device_001,2025-10-31T09:48:31.250000+13:00,51.5,-36.610380,174.703930,5,True
esp32_device_001,2025-10-31T09:48:32.500000+13:00,51.7,-36.610407,174.704125,5,True
esp32_device_001,2025-10-31T09:48:33.750000+13:00,52.0,-36.610461,174.704336,5,True
esp32_device_001,2025-10-31T09:48:35+13:00,52.2,-36.610611,174.705078,5,False
esp32_device_001,2025-10-31T09:48:35.833333+13:00,52.2,-36.610695,174.705137,5,True
esp32_device_001,2025-10-31T09:48:36.666667+13:00,52.3,-36.610783,174.705385,5,True
esp32_device_001,2025-10-31T09:48:37.500000+13:00,52.3,-36.610838,174.705502,5,True
esp32_device_001,2025-10-31T09:48:38.333333+13:00,52.3,-36.610876,174.705580,5,True
esp32_device_001,2025-10-31T09:48:39.166667+13:00,52.4,-36.610967,174.705726,5,True
esp32_device_001,2025-10-31T09:48:40+13:00,52.4,-36.610947,174.705826,5,False
esp32_device_001,2025-10-31T09:48:41.250000+13:00,52.4,-36.611132,174.705994,5,True
esp32_device_001,2025-10-31T09:48:42.500000+13:00,52.3,-36.611256,174.706179,5,True
esp32_device_001,2025-10-31T09:48:43.750000+13:00,52.2,-36.611385,174.706409,5,True
esp32_device_001,2025-10-31T09:48:45+13:00,52.2,-36.611366,174.706528,5,False
esp32_device_001,2025-10-31T09:48:45.714286+13:00,52.5,-36.611454,174.706561,5,True
esp32_device_001,2025-10-31T09:48:46.428571+13:00,52.9,-36.611496,174.706673,5,True
esp32_device_001,2025-10-31T09:48:47.142857+13:00,53.2,-36.611523,174.706775,5,True
esp32_device_001,2025-10-31T09:48:47.857143+13:00,53.6,-36.611566,174.706984,5,True
esp32_device_001,2025-10-31T09:48:48.571429+13:00,53.9,-36.611569,174.707232,5,True
esp32_device_001,2025-10-31T09:48:49.285714+13:00,54.3,-36.611563,174.707333,5,True
esp32_device_001,2025-10-31T09:48:50+13:00,54.6,-36.6115,174.707382,5,False
esp32_device_001,2025-10-31T09:48:51.666667+13:00,56.2,-36.611551,174.707450,5,True
esp32_device_001,2025-10-31T09:48:53.333333+13:00,57.8,-36.611504,174.707688,5,True
esp32_device_001,2025-10-31T09:48:55+13:00,59.4,-36.611336,174.708221,5,False
esp32_device_001,2025-10-31T09:48:56.250000+13:00,60.8,-36.611323,174.708528,5,True
esp32_device_001,2025-10-31T09:48:57.500000+13:00,62.2,-36.611301,174.708629,5,True
esp32_device_001,2025-10-31T09:48:58.750000+13:00,63.6,-36.611262,174.708807,5,True
esp32_device_001,2025-10-31T09:49:00+13:00,65,-36.611164,174.709045,5,False
esp32_device_001,2025-10-31T09:49:01.666667+13:00,66.7,-36.611178,174.709198,5,True
esp32_device_001,2025-10-31T09:49:03.333333+13:00,68.4,-36.611056,174.709764,5,True
esp32_device_001,2025-10-31T09:49:05+13:00,70.1,-36.611,174.709824,5,False
esp32_device_001,2025-10-31T09:49:05.714286+13:00,70.3,-36.611018,174.709977,5,True
esp32_device_001,2025-10-31T09:49:06.428571+13:00,70.6,-36.611003,174.710078,5,True
esp32_device_001,2025-10-31T09:49:07.142857+13:00,70.8,-36.610995,174.710182,5,True
esp32_device_001,2025-10-31T09:49:07.857143+13:00,71.0,-36.610998,174.710286,5,True
esp32_device_001,2025-10-31T09:49:08.571429+13:00,71.2,-36.611012,174.710397,5,True
esp32_device_001,2025-10-31T09:49:09.285714+13:00,71.5,-36.611032,174.710507,5,True
esp32_device_001,2025-10-31T09:49:10+13:00,71.7,-36.611004,174.710587,5,False
esp32_device_001,2025-10-31T09:49:11.250000+13:00,71.0,-36.611065,174.710624,5,True
esp32_device_001,2025-10-31T09:49:12.500000+13:00,70.4,-36.611108,174.710736,5,True
esp32_device_001,2025-10-31T09:49:13.750000+13:00,69.8,-36.611162,174.710841,5,True
esp32_device_001,2025-10-31T09:49:15+13:00,69.1,-36.611366,174.711227,5,False
esp32_device_001,2025-10-31T09:49:20+13:00,65.8,-36.61179,174.711868,5,False
esp32_device_001,2025-10-31T09:49:22.500000+13:00,63.9,-36.611885,174.711921,5,True
esp32_device_001,2025-10-31T09:49:25+13:00,62,-36.612213,174.712555,5,False
esp32_device_001,2025-10-31T09:49:26.250000+13:00,61.2,-36.612417,174.712766,5,True
esp32_device_001,2025-10-31T09:49:27.500000+13:00,60.5,-36.612567,174.712976,5,True
esp32_device_001,2025-10-31T09:49:28.750000+13:00,59.8,-36.612661,174.713075,5,True
esp32_device_001,2025-10-31T09:49:30+13:00,59,-36.612698,174.713181,5,False
esp32_device_001,2025-10-31T09:49:30.238095+13:00,58.9,-36.612804,174.713180,5,True
esp32_device_001,2025-10-31T09:49:30.476190+13:00,58.7,-36.612900,174.713235,5,True
esp32_device_001,2025-10-31T09:49:30.714286+13:00,58.6,-36.612993,174.713277,5,True
esp32_device_001,2025-10-31T09:49:30.952381+13:00,58.5,-36.613097,174.713312,5,True
esp32_device_001,2025-10-31T09:49:31.190476+13:00,58.3,-36.613207,174.713336,5,True
esp32_device_001,2025-10-31T09:49:31.428571+13:00,58.2,-36.613331,174.713345,5,True
esp32_device_001,2025-10-31T09:49:31.666667+13:00,58.1,-36.613411,174.713409,5,True
esp32_device_001,2025-10-31T09:49:31.904762+13:00,57.9,-36.613535,174.713500,5,True
esp32_device_001,2025-10-31T09:49:32.142857+13:00,57.8,-36.613561,174.713516,5,True
esp32_device_001,2025-10-31T09:49:32.380952+13:00,57.7,-36.613677,174.713584,5,True
esp32_device_001,2025-10-31T09:49:32.619048+13:00,57.5,-36.613757,174.713610,5,True
esp32_device_001,2025-10-31T09:49:32.857143+13:00,57.4,-36.613793,174.713616,5,True
esp32_device_001,2025-10-31T09:49:33.095238+13:00,57.3,-36.613749,174.713653,5,True
esp32_device_001,2025-10-31T09:49:33.333333+13:00,57.1,-36.613702,174.713674,5,True
esp32_device_001,2025-10-31T09:49:33.571429+13:00,57.0,-36.613663,174.713683,5,True
esp32_device_001,2025-10-31T09:49:33.809524+13:00,56.9,-36.613510,174.713648,5,True
esp32_device_001,2025-10-31T09:49:34.047619+13:00,56.7,-36.613409,174.713622,5,True
esp32_device_001,2025-10-31T09:49:34.285714+13:00,56.6,-36.613295,174.713565,5,True
esp32_device_001,2025-10-31T09:49:34.523810+13:00,56.5,-36.613237,174.713512,5,True
esp32_device_001,2025-10-31T09:49:34.761905+13:00,56.3,-36.613223,174.713437,5,True
esp32_device_001,2025-10-31T09:49:35+13:00,56.2,-36.613247,174.713379,5,False
esp32_device_001,2025-10-31T09:49:36.250000+13:00,55.8,-36.613207,174.713336,5,True
esp32_device_001,2025-10-31T09:49:37.500000+13:00,55.4,-36.613331,174.713345,5,True
esp32_device_001,2025-10-31T09:49:38.750000+13:00,55.0,-36.613463,174.713334,5,True
esp32_device_001,2025-10-31T09:49:40+13:00,54.6,-36.613537,174.713364,5,False
esp32_device_001,2025-10-31T09:49:45+13:00,54.8,-36.613564,174.713364,5,False
esp32_device_001,2025-10-31T09:49:50+13:00,55.3,-36.613663,174.713333,5,False
esp32_device_001,2025-10-31T09:49:51+13:00,55.1,-36.613677,174.713301,5,True
esp32_device_001,2025-10-31T09:49:52+13:00,55.0,-36.613845,174.713272,5,True
esp32_device_001,2025-10-31T09:49:53+13:00,54.8,-36.613865,174.713268,5,True
esp32_device_001,2025-10-31T09:49:54+13:00,54.7,-36.614072,174.713225,5,True
esp32_device_001,2025-10-31T09:49:55+13:00,54.5,-36.61412,174.713272,5,False
esp32_device_001,2025-10-31T09:49:56.250000+13:00,54.3,-36.614316,174.713193,5,True
esp32_device_001,2025-10-31T09:49:57.500000+13:00,54.0,-36.614533,174.713175,5,True
esp32_device_001,2025-10-31T09:49:58.750000+13:00,53.8,-36.614714,174.713182,5,True
esp32_device_001,2025-10-31T09:50:00+13:00,53.6,-36.614727,174.713242,5,False
esp32_device_001,2025-10-31T09:50:01.250000+13:00,53.1,-36.614812,174.713186,5,True
esp32_device_001,2025-10-31T09:50:02.500000+13:00,52.7,-36.615024,174.713205,5,True
esp32_device_001,2025-10-31T09:50:03.750000+13:00,52.2,-36.615205,174.713235,5,True
esp32_device_001,2025-10-31T09:50:05+13:00,51.7,-36.615299,174.713318,5,False
esp32_device_001,2025-10-31T09:50:06.666667+13:00,50.6,-36.615417,174.713291,5,True
esp32_device_001,2025-10-31T09:50:08.333333+13:00,49.5,-36.615682,174.713390,5,True
esp32_device_001,2025-10-31T09:50:10+13:00,48.4,-36.615818,174.713516,5,False
esp32_device_001,2025-10-31T09:50:11.666667+13:00,47.4,-36.615917,174.713500,5,True
esp32_device_001,2025-10-31T09:50:13.333333+13:00,46.5,-36.616150,174.713625,5,True
esp32_device_001,2025-10-31T09:50:15+13:00,45.5,-36.616306,174.713776,5,False
esp32_device_001,2025-10-31T09:50:17.500000+13:00,44.0,-36.616779,174.713964,5,True
esp32_device_001,2025-10-31T09:50:20+13:00,42.4,-36.616833,174.71405,5,False
esp32_device_001,2025-10-31T09:50:20.250000+13:00,42.3,-36.617243,174.714220,5,True
esp32_device_001,2025-10-31T09:50:20.500000+13:00,42.2,-36.617427,174.714325,5,True
esp32_device_001,2025-10-31T09:50:20.750000+13:00,42.0,-36.617393,174.714385,5,True
esp32_device_001,2025-10-31T09:50:21+13:00,41.9,-36.617372,174.714421,5,True
esp32_device_001,2025-10-31T09:50:21.250000+13:00,41.8,-36.617146,174.714880,5,True
esp32_device_001,2025-10-31T09:50:21.500000+13:00,41.7,-36.617129,174.714898,5,True
esp32_device_001,2025-10-31T09:50:21.750000+13:00,41.6,-36.617090,174.714940,5,True
esp32_device_001,2025-10-31T09:50:22+13:00,41.4,-36.617050,174.714974,5,True
esp32_device_001,2025-10-31T09:50:22.250000+13:00,41.3,-36.616682,174.715194,5,True
esp32_device_001,2025-10-31T09:50:22.500000+13:00,41.2,-36.616614,174.715235,5,True
esp32_device_001,2025-10-31T09:50:22.750000+13:00,41.1,-36.616490,174.715266,5,True
esp32_device_001,2025-10-31T09:50:23+13:00,41.0,-36.616614,174.715235,5,True
esp32_device_001,2025-10-31T09:50:23.250000+13:00,40.8,-36.616682,174.715194,5,True
esp32_device_001,2025-10-31T09:50:23.500000+13:00,40.7,-36.617050,174.714974,5,True
esp32_device_001,2025-10-31T09:50:23.750000+13:00,40.6,-36.617090,174.714940,5,True
esp32_device_001,2025-10-31T09:50:24+13:00,40.5,-36.617129,174.714898,5,True
esp32_device_001,2025-10-31T09:50:24.250000+13:00,40.4,-36.617146,174.714880,5,True
esp32_device_001,2025-10-31T09:50:24.500000+13:00,40.2,-36.617372,174.714421,5,True
esp32_device_001,2025-10-31T09:50:24.750000+13:00,40.1,-36.617393,174.714385,5,True
esp32_device_001,2025-10-31T09:50:25+13:00,40,-36.617428,174.714386,5,False
esp32_device_001,2025-10-31T09:50:25.714286+13:00,39.9,-36.617427,174.714325,5,True
esp32_device_001,2025-10-31T09:50:26.428571+13:00,39.7,-36.617522,174.714381,5,True
esp32_device_001,2025-10-31T09:50:27.142857+13:00,39.6,-36.617592,174.714426,5,True
esp32_device_001,2025-10-31T09:50:27.857143+13:00,39.5,-36.617732,174.714529,5,True
esp32_device_001,2025-10-31T09:50:28.571429+13:00,39.4,-36.617846,174.714630,5,True
esp32_device_001,2025-10-31T09:50:29.285714+13:00,39.2,-36.617952,174.714729,5,True
esp32_device_001,2025-10-31T09:50:30+13:00,39.1,-36.617992,174.714828,5,False
esp32_device_001,2025-10-31T09:50:31.250000+13:00,39.4,-36.618079,174.714872,5,True
esp32_device_001,2025-10-31T09:50:32.500000+13:00,39.8,-36.618207,174.715029,5,True
esp32_device_001,2025-10-31T09:50:33.750000+13:00,40.1,-36.618328,174.715210,5,True
esp32_device_001,2025-10-31T09:50:35+13:00,40.4,-36.618423,174.715424,5,False
esp32_device_001,2025-10-31T09:50:36.250000+13:00,41.0,-36.618478,174.715468,5,True
esp32_device_001,2025-10-31T09:50:37.500000+13:00,41.5,-36.618700,174.715862,5,True
esp32_device_001,2025-10-31T09:50:38.750000+13:00,42.0,-36.618804,174.716033,5,True
esp32_device_001,2025-10-31T09:50:40+13:00,42.6,-36.618828,174.716125,5,False
esp32_device_001,2025-10-31T09:50:41.666667+13:00,43.1,-36.618904,174.716179,5,True
esp32_device_001,2025-10-31T09:50:43.333333+13:00,43.6,-36.619184,174.716495,5,True
esp32_device_001,2025-10-31T09:50:45+13:00,44.1,-36.61935,174.716675,5,False
esp32_device_001,2025-10-31T09:50:46.666667+13:00,43.2,-36.619502,174.716736,5,True
esp32_device_001,2025-10-31T09:50:48.333333+13:00,42.4,-36.619537,174.716760,5,True
esp32_device_001,2025-10-31T09:50:50+13:00,41.5,-36.619968,174.71701,5,False
esp32_device_001,2025-10-31T09:50:52.500000+13:00,40.0,-36.620550,174.717250,5,True
esp32_device_001,2025-10-31T09:50:55+13:00,38.6,-36.620602,174.717346,5,False
esp32_device_001,2025-10-31T09:50:55.185185+13:00,38.7,-36.620642,174.717310,5,True
esp32_device_001,2025-10-31T09:50:55.370370+13:00,38.7,-36.620733,174.717374,5,True
esp32_device_001,2025-10-31T09:50:55.555556+13:00,38.8,-36.620858,174.717482,5,True
esp32_device_001,2025-10-31T09:50:55.740741+13:00,38.9,-36.620980,174.717600,5,True
esp32_device_001,2025-10-31T09:50:55.925926+13:00,39.0,-36.621042,174.717661,5,True
esp32_device_001,2025-10-31T09:50:56.111111+13:00,39.0,-36.621097,174.717723,5,True
esp32_device_001,2025-10-31T09:50:56.296296+13:00,39.1,-36.621158,174.717815,5,True
esp32_device_001,2025-10-31T09:50:56.481481+13:00,39.2,-36.621220,174.717905,5,True
esp32_device_001,2025-10-31T09:50:56.666667+13:00,39.2,-36.621381,174.718171,5,True
esp32_device_001,2025-10-31T09:50:56.851852+13:00,39.3,-36.621711,174.718794,5,True
esp32_device_001,2025-10-31T09:50:57.037037+13:00,39.4,-36.621610,174.718766,5,True
esp32_device_001,2025-10-31T09:50:57.222222+13:00,39.4,-36.621559,174.718758,5,True
esp32_device_001,2025-10-31T09:50:57.407407+13:00,39.5,-36.621520,174.718741,5,True
esp32_device_001,2025-10-31T09:50:57.592593+13:00,39.6,-36.621488,174.718714,5,True
esp32_device_001,2025-10-31T09:50:57.777778+13:00,39.7,-36.621446,174.718672,5,True
esp32_device_001,2025-10-31T09:50:57.962963+13:00,39.7,-36.621410,174.718629,5,True
esp32_device_001,2025-10-31T09:50:58.148148+13:00,39.8,-36.621379,174.718584,5,True
esp32_device_001,2025-10-31T09:50:58.333333+13:00,39.9,-36.621346,174.718530,5,True
esp32_device_001,2025-10-31T09:50:58.518519+13:00,39.9,-36.621324,174.718486,5,True
esp32_device_001,2025-10-31T09:50:58.703704+13:00,40.0,-36.621307,174.718449,5,True
esp32_device_001,2025-10-31T09:50:58.888889+13:00,40.1,-36.621294,174.718421,5,True
esp32_device_001,2025-10-31T09:50:59.074074+13:00,40.1,-36.621283,174.718383,5,True
esp32_device_001,2025-10-31T09:50:59.259259+13:00,40.2,-36.621215,174.718150,5,True
esp32_device_001,2025-10-31T09:50:59.444444+13:00,40.3,-36.621182,174.718064,5,True
esp32_device_001,2025-10-31T09:50:59.629630+13:00,40.4,-36.621170,174.718032,5,True
esp32_device_001,2025-10-31T09:50:59.814815+13:00,40.4,-36.621166,174.717957,5,True
esp32_device_001,2025-10-31T09:51:00+13:00,40.5,-36.621124,174.71785,5,False
esp32_device_001,2025-10-31T09:51:01.250000+13:00,41.7,-36.621158,174.717815,5,True
esp32_device_001,2025-10-31T09:51:02.500000+13:00,43.0,-36.621220,174.717905,5,True
esp32_device_001,2025-10-31T09:51:03.750000+13:00,44.2,-36.621381,174.718171,5,True
esp32_device_001,2025-10-31T09:51:05+13:00,45.4,-36.621498,174.718491,5,False
esp32_device_001,2025-10-31T09:51:06.250000+13:00,46.8,-36.621711,174.718794,5,True
esp32_device_001,2025-10-31T09:51:07.500000+13:00,48.1,-36.621741,174.718848,5,True
esp32_device_001,2025-10-31T09:51:08.750000+13:00,49.5,-36.621889,174.719111,5,True
esp32_device_001,2025-10-31T09:51:10+13:00,50.9,-36.621861,174.719147,5,False
esp32_device_001,2025-10-31T09:51:10.357143+13:00,51.3,-36.621836,174.719173,5,True
esp32_device_001,2025-10-31T09:51:10.714286+13:00,51.7,-36.621823,174.719188,5,True
esp32_device_001,2025-10-31T09:51:11.071429+13:00,52.1,-36.621813,174.719247,5,True
esp32_device_001,2025-10-31T09:51:11.428571+13:00,52.5,-36.621809,174.719284,5,True
esp32_device_001,2025-10-31T09:51:11.785714+13:00,52.9,-36.621764,174.719320,5,True
esp32_device_001,2025-10-31T09:51:12.142857+13:00,53.3,-36.621809,174.719284,5,True
esp32_device_001,2025-10-31T09:51:12.500000+13:00,53.8,-36.621813,174.719247,5,True
esp32_device_001,2025-10-31T09:51:12.857143+13:00,54.2,-36.621823,174.719188,5,True
esp32_device_001,2025-10-31T09:51:13.214286+13:00,54.6,-36.621836,174.719173,5,True
esp32_device_001,2025-10-31T09:51:13.571429+13:00,55.0,-36.621889,174.719111,5,True
esp32_device_001,2025-10-31T09:51:13.928571+13:00,55.4,-36.622020,174.719349,5,True
esp32_device_001,2025-10-31T09:51:14.285714+13:00,55.8,-36.622098,174.719468,5,True
esp32_device_001,2025-10-31T09:51:14.642857+13:00,56.2,-36.622205,174.719602,5,True
esp32_device_001,2025-10-31T09:51:15+13:00,56.6,-36.622261,174.719727,5,False
esp32_device_001,2025-10-31T09:51:16.250000+13:00,57.8,-36.622316,174.719727,5,True
esp32_device_001,2025-10-31T09:51:17.500000+13:00,59.0,-36.622472,174.719856,5,True
esp32_device_001,2025-10-31T09:51:18.750000+13:00,60.2,-36.622645,174.719974,5,True
esp32_device_001,2025-10-31T09:51:20+13:00,61.4,-36.622787,174.720093,5,False
esp32_device_001,2025-10-31T09:51:21.250000+13:00,62.5,-36.622960,174.720123,5,True
esp32_device_001,2025-10-31T09:51:22.500000+13:00,63.6,-36.623180,174.720217,5,True
esp32_device_001,2025-10-31T09:51:23.750000+13:00,64.7,-36.623326,174.720297,5,True
esp32_device_001,2025-10-31T09:51:25+13:00,65.8,-36.623344,174.720367,5,False
esp32_device_001,2025-10-31T09:51:25.833333+13:00,66.5,-36.623394,174.720349,5,True
esp32_device_001,2025-10-31T09:51:26.666667+13:00,67.2,-36.623465,174.720411,5,True
esp32_device_001,2025-10-31T09:51:27.500000+13:00,67.9,-36.623539,174.720494,5,True
esp32_device_001,2025-10-31T09:51:28.333333+13:00,68.7,-36.623613,174.720602,5,True
esp32_device_001,2025-10-31T09:51:29.166667+13:00,69.4,-36.623660,174.720679,5,True
esp32_device_001,2025-10-31T09:51:30+13:00,70.1,-36.623718,174.720901,5,False
esp32_device_001,2025-10-31T09:51:31.250000+13:00,71.2,-36.623832,174.721112,5,True
esp32_device_001,2025-10-31T09:51:32.500000+13:00,72.3,-36.623910,174.721323,5,True
esp32_device_001,2025-10-31T09:51:33.750000+13:00,73.5,-36.623964,174.721449,5,True
esp32_device_001,2025-10-31T09:51:35+13:00,74.6,-36.623985,174.721542,5,False
esp32_device_001,2025-10-31T09:51:35.833333+13:00,75.2,-36.624034,174.721567,5,True
esp32_device_001,2025-10-31T09:51:36.666667+13:00,75.8,-36.624129,174.721706,5,True
esp32_device_001,2025-10-31T09:51:37.500000+13:00,76.4,-36.624165,174.721756,5,True
esp32_device_001,2025-10-31T09:51:38.333333+13:00,77.1,-36.624272,174.721903,5,True
esp32_device_001,2025-10-31T09:51:39.166667+13:00,77.7,-36.624391,174.722066,5,True
esp32_device_001,2025-10-31T09:51:40+13:00,78.3,-36.624378,174.722107,5,False
esp32_device_001,2025-10-31T09:51:40.833333+13:00,78.8,-36.624456,174.722148,5,True
esp32_device_001,2025-10-31T09:51:41.666667+13:00,79.2,-36.624535,174.722222,5,True
esp32_device_001,2025-10-31T09:51:42.500000+13:00,79.7,-36.624618,174.722276,5,True
esp32_device_001,2025-10-31T09:51:43.333333+13:00,80.1,-36.624705,174.722312,5,True
esp32_device_001,2025-10-31T09:51:44.166667+13:00,80.5,-36.624780,174.722324,5,True
esp32_device_001,2025-10-31T09:51:45+13:00,81,-36.62487,174.722366,5,False
esp32_device_001,2025-10-31T09:51:46+13:00,80.9,-36.624892,174.722327,5,True
esp32_device_001,2025-10-31T09:51:47+13:00,80.8,-36.625021,174.722323,5,True
esp32_device_001,2025-10-31T09:51:48+13:00,80.6,-36.625190,174.722307,5,True
esp32_device_001,2025-10-31T09:51:49+13:00,80.5,-36.625360,174.722309,5,True
esp32_device_001,2025-10-31T09:51:50+13:00,80.4,-36.625412,174.722382,5,False
esp32_device_001,2025-10-31T09:51:51+13:00,79.8,-36.625480,174.722346,5,True
esp32_device_001,2025-10-31T09:51:52+13:00,79.2,-36.625603,174.722447,5,True
esp32_device_001,2025-10-31T09:51:53+13:00,78.6,-36.625714,174.722564,5,True
esp32_device_001,2025-10-31T09:51:54+13:00,78.0,-36.625764,174.722628,5,True
esp32_device_001,2025-10-31T09:51:55+13:00,77.4,-36.625881,174.722824,5,False
esp32_device_001,2025-10-31T09:51:56.250000+13:00,76.8,-36.625935,174.722848,5,True
esp32_device_001,2025-10-31T09:51:57.500000+13:00,76.2,-36.626036,174.722978,5,True
esp32_device_001,2025-10-31T09:51:58.750000+13:00,75.5,-36.626129,174.723119,5,True
esp32_device_001,2025-10-31T09:52:00+13:00,74.9,-36.626266,174.723389,5,False
esp32_device_001,2025-10-31T09:52:00.833333+13:00,74.3,-36.626348,174.723464,5,True
esp32_device_001,2025-10-31T09:52:01.666667+13:00,73.7,-36.626383,174.723551,5,True
esp32_device_001,2025-10-31T09:52:02.500000+13:00,73.1,-36.626399,174.723631,5,True
esp32_device_001,2025-10-31T09:52:03.333333+13:00,72.4,-36.626419,174.723729,5,True
esp32_device_001,2025-10-31T09:52:04.166667+13:00,71.8,-36.626439,174.723907,5,True
esp32_device_001,2025-10-31T09:52:05+13:00,71.2,-36.626431,174.724091,5,False
esp32_device_001,2025-10-31T09:52:10+13:00,68.9,-36.62645,174.724884,5,False
esp32_device_001,2025-10-31T09:52:11+13:00,68.3,-36.626487,174.725074,5,True
esp32_device_001,2025-10-31T09:52:12+13:00,67.6,-36.626495,174.725233,5,True
esp32_device_001,2025-10-31T09:52:13+13:00,67.0,-36.626499,174.725398,5,True
esp32_device_001,2025-10-31T09:52:14+13:00,66.3,-36.626503,174.725525,5,True
esp32_device_001,2025-10-31T09:52:15+13:00,65.7,-36.626476,174.725662,5,False
esp32_device_001,2025-10-31T09:52:16.666667+13:00,63.8,-36.626509,174.725736,5,True
esp32_device_001,2025-10-31T09:52:18.333333+13:00,62.0,-36.626523,174.726214,5,True
esp32_device_001,2025-10-31T09:52:20+13:00,60.1,-36.626514,174.726425,5,False
esp32_device_001,2025-10-31T09:52:20.714286+13:00,59.2,-36.626541,174.726506,5,True
esp32_device_001,2025-10-31T09:52:21.428571+13:00,58.3,-36.626554,174.726616,5,True
esp32_device_001,2025-10-31T09:52:22.142857+13:00,57.4,-36.626576,174.726720,5,True
esp32_device_001,2025-10-31T09:52:22.857143+13:00,56.6,-36.626607,174.726826,5,True
esp32_device_001,2025-10-31T09:52:23.571429+13:00,55.7,-36.626650,174.726923,5,True
esp32_device_001,2025-10-31T09:52:24.285714+13:00,54.8,-36.626690,174.727003,5,True
esp32_device_001,2025-10-31T09:52:25+13:00,53.9,-36.62674,174.727097,5,False
esp32_device_001,2025-10-31T09:52:26.666667+13:00,51.8,-36.626829,174.727193,5,True
esp32_device_001,2025-10-31T09:52:28.333333+13:00,49.8,-36.626977,174.727357,5,True
esp32_device_001,2025-10-31T09:52:30+13:00,47.7,-36.627216,174.727661,5,False
esp32_device_001,2025-10-31T09:52:31.250000+13:00,46.1,-36.627441,174.727870,5,True
esp32_device_001,2025-10-31T09:52:32.500000+13:00,44.5,-36.627562,174.728006,5,True
esp32_device_001,2025-10-31T09:52:33.750000+13:00,42.9,-36.627678,174.728149,5,True
esp32_device_001,2025-10-31T09:52:35+13:00,41.3,-36.627682,174.728195,5,False
esp32_device_001,2025-10-31T09:52:36+13:00,40.0,-36.627763,174.728270,5,True
esp32_device_001,2025-10-31T09:52:37+13:00,38.7,-36.627828,174.728395,5,True
esp32_device_001,2025-10-31T09:52:38+13:00,37.5,-36.627898,174.728610,5,True
esp32_device_001,2025-10-31T09:52:39+13:00,36.2,-36.627948,174.728827,5,True
esp32_device_001,2025-10-31T09:52:40+13:00,34.9,-36.627937,174.728882,5,False
esp32_device_001,2025-10-31T09:52:42.500000+13:00,31.5,-36.627999,174.729286,5,True
esp32_device_001,2025-10-31T09:52:45+13:00,28.1,-36.628021,174.729614,5,False
esp32_device_001,2025-10-31T09:52:46.250000+13:00,26.8,-36.628035,174.729713,5,True
esp32_device_001,2025-10-31T09:52:47.500000+13:00,25.5,-36.628065,174.730018,5,True
esp32_device_001,2025-10-31T09:52:48.750000+13:00,24.1,-36.628103,174.730221,5,True
esp32_device_001,2025-10-31T09:52:50+13:00,22.8,-36.628094,174.730301,5,False
esp32_device_001,2025-10-31T09:52:51.250000+13:00,21.5,-36.628162,174.730423,5,True
esp32_device_001,2025-10-31T09:52:52.500000+13:00,20.2,-36.628225,174.730619,5,True
esp32_device_001,2025-10-31T09:52:53.750000+13:00,18.9,-36.628308,174.730844,5,True
esp32_device_001,2025-10-31T09:52:55+13:00,17.6,-36.628315,174.730957,5,False
esp32_device_001,2025-10-31T09:52:56+13:00,17.3,-36.628380,174.731012,5,True
esp32_device_001,2025-10-31T09:52:57+13:00,17.0,-36.628413,174.731095,5,True
esp32_device_001,2025-10-31T09:52:58+13:00,16.8,-36.628513,174.731316,5,True
esp32_device_001,2025-10-31T09:52:59+13:00,16.5,-36.628591,174.731484,5,True
esp32_device_001,2025-10-31T09:53:00+13:00,16.2,-36.62859,174.731567,5,False
esp32_device_001,2025-10-31T09:53:01.250000+13:00,16.5,-36.628672,174.731656,5,True
esp32_device_001,2025-10-31T09:53:02.500000+13:00,16.8,-36.628841,174.732026,5,True
esp32_device_001,2025-10-31T09:53:03.750000+13:00,17.1,-36.628913,174.732173,5,True
esp32_device_001,2025-10-31T09:53:05+13:00,17.4,-36.628891,174.732208,5,False
esp32_device_001,2025-10-31T09:53:06.250000+13:00,18.9,-36.628971,174.732284,5,True
esp32_device_001,2025-10-31T09:53:07.500000+13:00,20.4,-36.629079,174.732468,5,True
esp32_device_001,2025-10-31T09:53:08.750000+13:00,21.9,-36.629202,174.732650,5,True
esp32_device_001,2025-10-31T09:53:10+13:00,23.4,-36.629261,174.732803,5,False
esp32_device_001,2025-10-31T09:53:11.666667+13:00,26.0,-36.629341,174.732831,5,True
esp32_device_001,2025-10-31T09:53:13.333333+13:00,28.6,-36.629673,174.733241,5,True
esp32_device_001,2025-10-31T09:53:15+13:00,31.2,-36.6297,174.733337,5,False
esp32_device_001,2025-10-31T09:53:16.250000+13:00,33.1,-36.629836,174.733434,5,True
esp32_device_001,2025-10-31T09:53:17.500000+13:00,35.0,-36.629953,174.733574,5,True
esp32_device_001,2025-10-31T09:53:18.750000+13:00,36.8,-36.630073,174.733716,5,True
esp32_device_001,2025-10-31T09:53:20+13:00,38.7,-36.630104,174.733856,5,False
esp32_device_001,2025-10-31T09:53:22+13:00,40.5,-36.630517,174.734295,5,True
esp32_device_001,2025-10-31T09:53:24+13:00,42.2,-36.630596,174.734404,5,True
esp32_device_001,2025-10-31T09:53:26+13:00,44,-36.630585,174.734497,5,False
esp32_device_001,2025-10-31T09:53:26.833333+13:00,44.1,-36.630673,174.734531,5,True
esp32_device_001,2025-10-31T09:53:27.666667+13:00,44.1,-36.630685,174.734551,5,True
esp32_device_001,2025-10-31T09:53:28.500000+13:00,44.2,-36.630748,174.734676,5,True
esp32_device_001,2025-10-31T09:53:29.333333+13:00,44.3,-36.630786,174.734753,5,True
esp32_device_001,2025-10-31T09:53:30.166667+13:00,44.3,-36.630906,174.735077,5,True
esp32_device_001,2025-10-31T09:53:31+13:00,44.4,-36.630875,174.735153,5,False
esp32_device_001,2025-10-31T09:53:31.098039+13:00,44.4,-36.630841,174.735163,5,True
esp32_device_001,2025-10-31T09:53:31.196078+13:00,44.4,-36.630782,174.735293,5,True
esp32_device_001,2025-10-31T09:53:31.294118+13:00,44.4,-36.630736,174.735503,5,True
esp32_device_001,2025-10-31T09:53:31.392157+13:00,44.3,-36.630606,174.736257,5,True
esp32_device_001,2025-10-31T09:53:31.490196+13:00,44.3,-36.630445,174.738415,5,True
esp32_device_001,2025-10-31T09:53:31.588235+13:00,44.3,-36.630448,174.738641,5,True
esp32_device_001,2025-10-31T09:53:31.686275+13:00,44.3,-36.630496,174.738856,5,True
esp32_device_001,2025-10-31T09:53:31.784314+13:00,44.3,-36.630585,174.739139,5,True
esp32_device_001,2025-10-31T09:53:31.882353+13:00,44.3,-36.630646,174.739318,5,True
esp32_device_001,2025-10-31T09:53:31.980392+13:00,44.3,-36.630656,174.739382,5,True
esp32_device_001,2025-10-31T09:53:32.078431+13:00,44.2,-36.630654,174.739404,5,True
esp32_device_001,2025-10-31T09:53:32.176471+13:00,44.2,-36.630644,174.739471,5,True
esp32_device_001,2025-10-31T09:53:32.274510+13:00,44.2,-36.630632,174.739536,5,True
esp32_device_001,2025-10-31T09:53:32.372549+13:00,44.2,-36.629574,174.739289,5,True
esp32_device_001,2025-10-31T09:53:32.470588+13:00,44.2,-36.629479,174.739267,5,True
esp32_device_001,2025-10-31T09:53:32.568627+13:00,44.2,-36.628918,174.739143,5,True
esp32_device_001,2025-10-31T09:53:32.666667+13:00,44.2,-36.628929,174.739079,5,True
esp32_device_001,2025-10-31T09:53:32.764706+13:00,44.2,-36.628937,174.739035,5,True
esp32_device_001,2025-10-31T09:53:32.862745+13:00,44.1,-36.629499,174.735827,5,True
esp32_device_001,2025-10-31T09:53:32.960784+13:00,44.1,-36.629514,174.735739,5,True
esp32_device_001,2025-10-31T09:53:33.058824+13:00,44.1,-36.629720,174.734591,5,True
esp32_device_001,2025-10-31T09:53:33.156863+13:00,44.1,-36.629744,174.734428,5,True
esp32_device_001,2025-10-31T09:53:33.254902+13:00,44.1,-36.629749,174.734346,5,True
esp32_device_001,2025-10-31T09:53:33.352941+13:00,44.1,-36.629737,174.734288,5,True
esp32_device_001,2025-10-31T09:53:33.450980+13:00,44.1,-36.629719,174.734249,5,True
esp32_device_001,2025-10-31T09:53:33.549020+13:00,44.0,-36.629636,174.734146,5,True
esp32_device_001,2025-10-31T09:53:33.647059+13:00,44.0,-36.629609,174.734113,5,True
esp32_device_001,2025-10-31T09:53:33.745098+13:00,44.0,-36.629523,174.734005,5,True
esp32_device_001,2025-10-31T09:53:33.843137+13:00,44.0,-36.629474,174.733922,5,True
esp32_device_001,2025-10-31T09:53:33.941176+13:00,44.0,-36.629454,174.733859,5,True
esp32_device_001,2025-10-31T09:53:34.039216+13:00,44.0,-36.629443,174.733791,5,True
esp32_device_001,2025-10-31T09:53:34.137255+13:00,44.0,-36.629436,174.733716,5,True
esp32_device_001,2025-10-31T09:53:34.235294+13:00,43.9,-36.629445,174.733641,5,True
esp32_device_001,2025-10-31T09:53:34.333333+13:00,43.9,-36.629469,174.733542,5,True
esp32_device_001,2025-10-31T09:53:34.431373+13:00,43.9,-36.629598,174.733352,5,True
esp32_device_001,2025-10-31T09:53:34.529412+13:00,43.9,-36.629631,174.733303,5,True
esp32_device_001,2025-10-31T09:53:34.627451+13:00,43.9,-36.629673,174.733241,5,True
esp32_device_001,2025-10-31T09:53:34.725490+13:00,43.9,-36.629836,174.733434,5,True
esp32_device_001,2025-10-31T09:53:34.823529+13:00,43.9,-36.629953,174.733574,5,True
esp32_device_001,2025-10-31T09:53:34.921569+13:00,43.9,-36.630073,174.733716,5,True
esp32_device_001,2025-10-31T09:53:35.019608+13:00,43.8,-36.630517,174.734295,5,True
esp32_device_001,2025-10-31T09:53:35.117647+13:00,43.8,-36.630596,174.734404,5,True
esp32_device_001,2025-10-31T09:53:35.215686+13:00,43.8,-36.630673,174.734531,5,True
esp32_device_001,2025-10-31T09:53:35.313725+13:00,43.8,-36.630685,174.734551,5,True
esp32_device_001,2025-10-31T09:53:35.411765+13:00,43.8,-36.630748,174.734676,5,True
esp32_device_001,2025-10-31T09:53:35.509804+13:00,43.8,-36.630786,174.734753,5,True
esp32_device_001,2025-10-31T09:53:35.607843+13:00,43.8,-36.630906,174.735077,5,True
esp32_device_001,2025-10-31T09:53:35.705882+13:00,43.7,-36.630961,174.735247,5,True
esp32_device_001,2025-10-31T09:53:35.803922+13:00,43.7,-36.631010,174.735391,5,True
esp32_device_001,2025-10-31T09:53:35.901961+13:00,43.7,-36.631092,174.735660,5,True
esp32_device_001,2025-10-31T09:53:36+13:00,43.7,-36.6311,174.73584,5,False
esp32_device_001,2025-10-31T09:53:37+13:00,43.2,-36.631161,174.735852,5,True
esp32_device_001,2025-10-31T09:53:38+13:00,42.7,-36.631249,174.736047,5,True
esp32_device_001,2025-10-31T09:53:39+13:00,42.3,-36.631348,174.736228,5,True
esp32_device_001,2025-10-31T09:53:40+13:00,41.8,-36.631457,174.736402,5,True
esp32_device_001,2025-10-31T09:53:41+13:00,41.3,-36.631424,174.73645,5,False
esp32_device_001,2025-10-31T09:53:43.500000+13:00,39.1,-36.631731,174.736818,5,True
esp32_device_001,2025-10-31T09:53:46+13:00,37,-36.631809,174.737045,5,False
esp32_device_001,2025-10-31T09:53:47.666667+13:00,35.3,-36.631873,174.737030,5,True
esp32_device_001,2025-10-31T09:53:49.333333+13:00,33.6,-36.631997,174.737219,5,True
esp32_device_001,2025-10-31T09:53:51+13:00,31.9,-36.63221,174.73764,5,False
esp32_device_001,2025-10-31T09:53:52.250000+13:00,30.9,-36.632255,174.737614,5,True
esp32_device_001,2025-10-31T09:53:53.500000+13:00,29.9,-36.632300,174.737670,5,True
esp32_device_001,2025-10-31T09:53:54.750000+13:00,28.9,-36.632337,174.737716,5,True
esp32_device_001,2025-10-31T09:53:56+13:00,27.9,-36.632671,174.738159,5,False
esp32_device_001,2025-10-31T09:53:57+13:00,27.1,-36.632708,174.738126,5,True
esp32_device_001,2025-10-31T09:53:58+13:00,26.3,-36.632789,174.738210,5,True
esp32_device_001,2025-10-31T09:53:59+13:00,25.5,-36.632991,174.738420,5,True
esp32_device_001,2025-10-31T09:54:00+13:00,24.7,-36.633155,174.738590,5,True
esp32_device_001,2025-10-31T09:54:01+13:00,23.9,-36.633156,174.738632,5,False
esp32_device_001,2025-10-31T09:54:02.250000+13:00,23.1,-36.633458,174.738880,5,True
esp32_device_001,2025-10-31T09:54:03.500000+13:00,22.4,-36.633531,174.738950,5,True
esp32_device_001,2025-10-31T09:54:04.750000+13:00,21.6,-36.633648,174.739054,5,True
esp32_device_001,2025-10-31T09:54:06+13:00,20.8,-36.633636,174.739105,5,False
esp32_device_001,2025-10-31T09:54:07+13:00,20.3,-36.633699,174.739104,5,True
esp32_device_001,2025-10-31T09:54:08+13:00,19.7,-36.633867,174.739266,5,True
esp32_device_001,2025-10-31T09:54:09+13:00,19.2,-36.634042,174.739434,5,True
esp32_device_001,2025-10-31T09:54:10+13:00,18.6,-36.634069,174.739461,5,True
esp32_device_001,2025-10-31T09:54:11+13:00,18.1,-36.634109,174.739594,5,False
esp32_device_001,2025-10-31T09:54:12.250000+13:00,17.6,-36.634393,174.739839,5,True
esp32_device_001,2025-10-31T09:54:13.500000+13:00,17.1,-36.634505,174.740018,5,True
esp32_device_001,2025-10-31T09:54:14.750000+13:00,16.6,-36.634549,174.740088,5,True
esp32_device_001,2025-10-31T09:54:16+13:00,16.1,-36.634533,174.740143,5,False
esp32_device_001,2025-10-31T09:54:17.250000+13:00,15.9,-36.634674,174.740327,5,True
esp32_device_001,2025-10-31T09:54:18.500000+13:00,15.6,-36.634688,174.740368,5,True
esp32_device_001,2025-10-31T09:54:19.750000+13:00,15.3,-36.634834,174.740724,5,True
esp32_device_001,2025-10-31T09:54:21+13:00,15.1,-36.634815,174.740784,5,False
esp32_device_001,2025-10-31T09:54:22+13:00,15.0,-36.634875,174.740863,5,True
esp32_device_001,2025-10-31T09:54:23+13:00,14.9,-36.634897,174.740968,5,True
esp32_device_001,2025-10-31T09:54:24+13:00,14.8,-36.634923,174.741112,5,True
esp32_device_001,2025-10-31T09:54:25+13:00,14.7,-36.634950,174.741314,5,True
esp32_device_001,2025-10-31T09:54:26+13:00,14.6,-36.634941,174.741486,5,False
esp32_device_001,2025-10-31T09:54:27.666667+13:00,14.8,-36.634982,174.741585,5,True
esp32_device_001,2025-10-31T09:54:29.333333+13:00,14.9,-36.634997,174.741810,5,True
esp32_device_001,2025-10-31T09:54:31+13:00,15.1,-36.634972,174.74202,5,False
esp32_device_001,2025-10-31T09:54:36+13:00,14.7,-36.634792,174.742142,5,False
esp32_device_001,2025-10-31T09:54:38.500000+13:00,13.6,-36.634678,174.742168,5,True
esp32_device_001,2025-10-31T09:54:41+13:00,12.6,-36.634514,174.742157,5,False
esp32_device_001,2025-10-31T09:54:42.250000+13:00,12.3,-36.634377,174.742196,5,True
esp32_device_001,2025-10-31T09:54:43.500000+13:00,11.9,-36.634342,174.742204,5,True
esp32_device_001,2025-10-31T09:54:44.750000+13:00,11.6,-36.634310,174.742215,5,True
esp32_device_001,2025-10-31T09:54:46+13:00,11.3,-36.634224,174.742233,5,False
esp32_device_001,2025-10-31T09:54:51+13:00,10.8,-36.634018,174.742401,5,False
esp32_device_001,2025-10-31T09:54:56+13:00,11.5,-36.63401,174.742691,5,False
esp32_device_001,2025-10-31T09:55:11+13:00,11.4,-36.634019,174.742861,5,True
esp32_device_001,2025-10-31T09:55:26+13:00,11.3,-36.634071,174.743103,5,False
esp32_device_001,2025-10-31T09:55:31+13:00,12.6,-36.634071,174.743195,5,False
esp32_device_001,2025-10-31T10:37:03+13:00,0,-36.637737,174.7509,6,False
esp32_device_001,2025-10-31T10:37:05.500000+13:00,0.0,-36.638063,174.751422,6,True
esp32_device_001,2025-10-31T10:37:08+13:00,0,-36.638081,174.751526,6,False
esp32_device_001,2025-10-31T10:37:13+13:00,0,-36.638401,174.752106,6,False
esp32_device_001,2025-10-31T10:37:15.500000+13:00,0.0,-36.638620,174.752435,6,True
esp32_device_001,2025-10-31T10:37:18+13:00,0,-36.638729,174.752701,6,False
esp32_device_001,2025-10-31T10:37:19.666667+13:00,0.0,-36.639026,174.753179,6,True
esp32_device_001,2025-10-31T10:37:21.333333+13:00,0.0,-36.639032,174.753189,6,True
esp32_device_001,2025-10-31T10:37:23+13:00,0,-36.639038,174.75325,6,False
esp32_device_001,2025-10-31T10:37:24.250000+13:00,0.0,-36.639132,174.753354,6,True
esp32_device_001,2025-10-31T10:37:25.500000+13:00,0.0,-36.639217,174.753461,6,True
esp32_device_001,2025-10-31T10:37:26.750000+13:00,0.0,-36.639310,174.753585,6,True
esp32_device_001,2025-10-31T10:37:28+13:00,0,-36.639336,174.753662,6,False
esp32_device_001,2025-10-31T10:37:29.666667+13:00,0.0,-36.639440,174.753758,6,True
esp32_device_001,2025-10-31T10:37:31.333333+13:00,0.0,-36.639539,174.753929,6,True
esp32_device_001,2025-10-31T10:37:33+13:00,0,-36.639668,174.754257,6,False
esp32_device_001,2025-10-31T10:37:38+13:00,0,-36.639996,174.754913,6,False
esp32_device_001,2025-10-31T10:37:40.500000+13:00,0.0,-36.640234,174.755313,6,True
esp32_device_001,2025-10-31T10:37:43+13:00,0,-36.640316,174.755539,6,False
esp32_device_001,2025-10-31T10:37:48+13:00,0,-36.640629,174.75618,6,False
esp32_device_001,2025-10-31T10:37:50.500000+13:00,17.5,-36.640916,174.756683,6,True
esp32_device_001,2025-10-31T10:37:53+13:00,35,-36.640907,174.75679,6,False
esp32_device_001,2025-10-31T10:37:53.625000+13:00,35.0,-36.640973,174.756866,6,True
esp32_device_001,2025-10-31T10:37:54.250000+13:00,35.0,-36.640982,174.756960,6,True
esp32_device_001,2025-10-31T10:37:54.875000+13:00,34.9,-36.640980,174.757038,6,True
esp32_device_001,2025-10-31T10:37:55.500000+13:00,34.9,-36.640977,174.757116,6,True
esp32_device_001,2025-10-31T10:37:56.125000+13:00,34.9,-36.640951,174.757222,6,True
esp32_device_001,2025-10-31T10:37:56.750000+13:00,34.8,-36.640912,174.757318,6,True
esp32_device_001,2025-10-31T10:37:57.375000+13:00,34.8,-36.640843,174.757424,6,True
esp32_device_001,2025-10-31T10:37:58+13:00,34.8,-36.640778,174.757416,6,False
esp32_device_001,2025-10-31T10:37:59.666667+13:00,33.4,-36.640773,174.757492,6,True
esp32_device_001,2025-10-31T10:38:01.333333+13:00,32.1,-36.640706,174.757545,6,True
esp32_device_001,2025-10-31T10:38:03+13:00,30.7,-36.640263,174.757767,6,False
esp32_device_001,2025-10-31T10:38:04+13:00,29.7,-36.640226,174.757840,6,True
esp32_device_001,2025-10-31T10:38:05+13:00,28.7,-36.639981,174.757993,6,True
esp32_device_001,2025-10-31T10:38:06+13:00,27.6,-36.639826,174.758091,6,True
esp32_device_001,2025-10-31T10:38:07+13:00,26.6,-36.639764,174.758133,6,True
esp32_device_001,2025-10-31T10:38:08+13:00,25.6,-36.639671,174.758118,6,False
esp32_device_001,2025-10-31T10:38:09.666667+13:00,24.0,-36.639322,174.758412,6,True
esp32_device_001,2025-10-31T10:38:11.333333+13:00,22.4,-36.639233,174.758502,6,True
esp32_device_001,2025-10-31T10:38:13+13:00,20.8,-36.63913,174.75856,6,False
esp32_device_001,2025-10-31T10:38:15.500000+13:00,18.1,-36.638994,174.758844,6,True
esp32_device_001,2025-10-31T10:38:18+13:00,15.4,-36.638699,174.759262,6,False
esp32_device_001,2025-10-31T10:38:20.500000+13:00,12.8,-36.638627,174.759486,6,True
esp32_device_001,2025-10-31T10:38:23+13:00,10.2,-36.638283,174.759979,6,False
esp32_device_001,2025-10-31T10:38:25.500000+13:00,10.3,-36.638161,174.760278,6,True
esp32_device_001,2025-10-31T10:38:28+13:00,10.5,-36.63789,174.760666,6,False
esp32_device_001,2025-10-31T10:38:30.500000+13:00,10.3,-36.637647,174.761152,6,True
esp32_device_001,2025-10-31T10:38:33+13:00,10.1,-36.637474,174.761261,6,False
esp32_device_001,2025-10-31T10:38:34.666667+13:00,9.7,-36.637412,174.761384,6,True
esp32_device_001,2025-10-31T10:38:36.333333+13:00,9.3,-36.637208,174.761532,6,True
esp32_device_001,2025-10-31T10:38:38+13:00,8.9,-36.63694,174.761688,6,False
esp32_device_001,2025-10-31T10:38:40.500000+13:00,10.8,-36.636547,174.762030,6,True
esp32_device_001,2025-10-31T10:38:43+13:00,12.7,-36.636379,174.7621,6,False
esp32_device_001,2025-10-31T10:38:45.500000+13:00,14.4,-36.636167,174.762302,6,True
esp32_device_001,2025-10-31T10:38:48+13:00,16.1,-36.635815,174.762497,6,False
esp32_device_001,2025-10-31T10:38:50.500000+13:00,16.1,-36.635620,174.762693,6,True
esp32_device_001,2025-10-31T10:38:53+13:00,16,-36.635284,174.762909,6,False
esp32_device_001,2025-10-31T10:38:54.250000+13:00,15.7,-36.635274,174.762977,6,True
esp32_device_001,2025-10-31T10:38:55.500000+13:00,15.4,-36.635056,174.763193,6,True
esp32_device_001,2025-10-31T10:38:56.750000+13:00,15.1,-36.634886,174.763306,6,True
esp32_device_001,2025-10-31T10:38:58+13:00,14.8,-36.634731,174.763306,6,False
esp32_device_001,2025-10-31T10:38:59.666667+13:00,15.4,-36.634709,174.763371,6,True
esp32_device_001,2025-10-31T10:39:01.333333+13:00,16.0,-36.634149,174.763464,6,True
esp32_device_001,2025-10-31T10:39:03+13:00,16.6,-36.634068,174.763443,6,False
esp32_device_001,2025-10-31T10:39:05.500000+13:00,18.1,-36.633681,174.763542,6,True
esp32_device_001,2025-10-31T10:39:08+13:00,19.5,-36.633404,174.76355,6,False
esp32_device_001,2025-10-31T10:39:13+13:00,22.4,-36.632767,174.763611,6,False
esp32_device_001,2025-10-31T10:39:15.500000+13:00,23.8,-36.632644,174.763665,6,True
esp32_device_001,2025-10-31T10:39:18+13:00,25.2,-36.632191,174.763672,6,False
esp32_device_001,2025-10-31T10:39:19.250000+13:00,26.0,-36.632136,174.763720,6,True
esp32_device_001,2025-10-31T10:39:20.500000+13:00,26.9,-36.632107,174.763723,6,True
esp32_device_001,2025-10-31T10:39:21.750000+13:00,27.7,-36.631801,174.763758,6,True
esp32_device_001,2025-10-31T10:39:23+13:00,28.5,-36.631649,174.763718,6,False
esp32_device_001,2025-10-31T10:39:24.250000+13:00,29.0,-36.631510,174.763791,6,True
esp32_device_001,2025-10-31T10:39:25.500000+13:00,29.4,-36.631427,174.763782,6,True
esp32_device_001,2025-10-31T10:39:26.750000+13:00,29.9,-36.631294,174.763793,6,True
esp32_device_001,2025-10-31T10:39:28+13:00,30.4,-36.631241,174.763748,6,False
esp32_device_001,2025-10-31T10:39:28.200000+13:00,30.4,-36.631175,174.763807,6,True
esp32_device_001,2025-10-31T10:39:28.400000+13:00,30.5,-36.631151,174.763790,6,True
esp32_device_001,2025-10-31T10:39:28.600000+13:00,30.5,-36.631122,174.763784,6,True
esp32_device_001,2025-10-31T10:39:28.800000+13:00,30.6,-36.631093,174.763789,6,True
esp32_device_001,2025-10-31T10:39:29+13:00,30.6,-36.631068,174.763807,6,True
esp32_device_001,2025-10-31T10:39:29.200000+13:00,30.6,-36.631048,174.763834,6,True
esp32_device_001,2025-10-31T10:39:29.400000+13:00,30.7,-36.630951,174.763854,6,True
esp32_device_001,2025-10-31T10:39:29.600000+13:00,30.7,-36.630928,174.763860,6,True
esp32_device_001,2025-10-31T10:39:29.800000+13:00,30.8,-36.630726,174.763932,6,True
esp32_device_001,2025-10-31T10:39:30+13:00,30.8,-36.630453,174.764009,6,True
esp32_device_001,2025-10-31T10:39:30.200000+13:00,30.8,-36.630462,174.764067,6,True
esp32_device_001,2025-10-31T10:39:30.400000+13:00,30.9,-36.630463,174.764075,6,True
esp32_device_001,2025-10-31T10:39:30.600000+13:00,30.9,-36.630467,174.764119,6,True
esp32_device_001,2025-10-31T10:39:30.800000+13:00,31.0,-36.630461,174.764141,6,True
esp32_device_001,2025-10-31T10:39:31+13:00,31.0,-36.630420,174.764226,6,True
esp32_device_001,2025-10-31T10:39:31.200000+13:00,31.0,-36.630461,174.764141,6,True
esp32_device_001,2025-10-31T10:39:31.400000+13:00,31.1,-36.630467,174.764119,6,True
esp32_device_001,2025-10-31T10:39:31.600000+13:00,31.1,-36.630463,174.764075,6,True
esp32_device_001,2025-10-31T10:39:31.800000+13:00,31.2,-36.630462,174.764067,6,True
esp32_device_001,2025-10-31T10:39:32+13:00,31.2,-36.630453,174.764009,6,True
esp32_device_001,2025-10-31T10:39:32.200000+13:00,31.2,-36.630726,174.763932,6,True
esp32_device_001,2025-10-31T10:39:32.400000+13:00,31.3,-36.630927,174.763932,6,True
esp32_device_001,2025-10-31T10:39:32.600000+13:00,31.3,-36.630937,174.763931,6,True
esp32_device_001,2025-10-31T10:39:32.800000+13:00,31.4,-36.630961,174.763932,6,True
esp32_device_001,2025-10-31T10:39:33+13:00,31.4,-36.631001,174.763962,6,False
esp32_device_001,2025-10-31T10:39:34.250000+13:00,32.0,-36.631041,174.763933,6,True
esp32_device_001,2025-10-31T10:39:35.500000+13:00,32.7,-36.630980,174.764075,6,True
esp32_device_001,2025-10-31T10:39:36.750000+13:00,33.4,-36.630910,174.764276,6,True
esp32_device_001,2025-10-31T10:39:38+13:00,34,-36.630775,174.764481,6,False
esp32_device_001,2025-10-31T10:39:43+13:00,36.9,-36.630478,174.765137,6,False
esp32_device_001,2025-10-31T10:39:44.666667+13:00,38.0,-36.630399,174.765408,6,True
esp32_device_001,2025-10-31T10:39:46.333333+13:00,39.2,-36.630292,174.765650,6,True
esp32_device_001,2025-10-31T10:39:48+13:00,40.3,-36.630177,174.765854,6,False
esp32_device_001,2025-10-31T10:39:49.250000+13:00,40.8,-36.630208,174.765890,6,True
esp32_device_001,2025-10-31T10:39:50.500000+13:00,41.3,-36.630039,174.766448,6,True
esp32_device_001,2025-10-31T10:39:51.750000+13:00,41.8,-36.630032,174.766469,6,True
esp32_device_001,2025-10-31T10:39:53+13:00,42.3,-36.629944,174.766617,6,False
esp32_device_001,2025-10-31T10:39:53.714286+13:00,42.0,-36.629978,174.766648,6,True
esp32_device_001,2025-10-31T10:39:54.428571+13:00,41.8,-36.629914,174.766835,6,True
esp32_device_001,2025-10-31T10:39:55.142857+13:00,41.5,-36.629859,174.766949,6,True
esp32_device_001,2025-10-31T10:39:55.857143+13:00,41.3,-36.629783,174.767073,6,True
esp32_device_001,2025-10-31T10:39:56.571429+13:00,41.0,-36.629712,174.767156,6,True
esp32_device_001,2025-10-31T10:39:57.285714+13:00,40.8,-36.629632,174.767235,6,True
esp32_device_001,2025-10-31T10:39:58+13:00,40.5,-36.629574,174.767212,6,False
esp32_device_001,2025-10-31T10:40:00.500000+13:00,38.6,-36.629496,174.767338,6,True
esp32_device_001,2025-10-31T10:40:03+13:00,36.7,-36.628963,174.767624,6,False
esp32_device_001,2025-10-31T10:40:03.625000+13:00,36.7,-36.628861,174.767741,6,True
esp32_device_001,2025-10-31T10:40:04.250000+13:00,36.7,-36.628836,174.767702,6,True
esp32_device_001,2025-10-31T10:40:04.875000+13:00,36.7,-36.628797,174.767695,6,True
esp32_device_001,2025-10-31T10:40:05.500000+13:00,36.8,-36.628732,174.767716,6,True
esp32_device_001,2025-10-31T10:40:06.125000+13:00,36.8,-36.628652,174.767769,6,True
esp32_device_001,2025-10-31T10:40:06.750000+13:00,36.8,-36.628512,174.767892,6,True
esp32_device_001,2025-10-31T10:40:07.375000+13:00,36.8,-36.628442,174.768004,6,True
esp32_device_001,2025-10-31T10:40:08+13:00,36.8,-36.628437,174.768143,6,False
esp32_device_001,2025-10-31T10:40:08.625000+13:00,37.1,-36.628359,174.768225,6,True
esp32_device_001,2025-10-31T10:40:09.250000+13:00,37.5,-36.628296,174.768430,6,True
esp32_device_001,2025-10-31T10:40:09.875000+13:00,37.9,-36.628298,174.768462,6,True
esp32_device_001,2025-10-31T10:40:10.500000+13:00,38.2,-36.628307,174.768484,6,True
esp32_device_001,2025-10-31T10:40:11.125000+13:00,38.5,-36.628344,174.768510,6,True
esp32_device_001,2025-10-31T10:40:11.750000+13:00,38.9,-36.628263,174.768724,6,True
esp32_device_001,2025-10-31T10:40:12.375000+13:00,39.2,-36.628216,174.768816,6,True
esp32_device_001,2025-10-31T10:40:13+13:00,39.6,-36.628128,174.768845,6,False
esp32_device_001,2025-10-31T10:40:13.714286+13:00,39.9,-36.628163,174.768905,6,True
esp32_device_001,2025-10-31T10:40:14.428571+13:00,40.1,-36.628126,174.768961,6,True
esp32_device_001,2025-10-31T10:40:15.142857+13:00,40.4,-36.627971,174.769079,6,True
esp32_device_001,2025-10-31T10:40:15.857143+13:00,40.6,-36.627874,174.769128,6,True
esp32_device_001,2025-10-31T10:40:16.571429+13:00,40.9,-36.627775,174.769163,6,True
esp32_device_001,2025-10-31T10:40:17.285714+13:00,41.1,-36.627673,174.769186,6,True
esp32_device_001,2025-10-31T10:40:18+13:00,41.4,-36.627548,174.769165,6,False
esp32_device_001,2025-10-31T10:40:19.250000+13:00,42.0,-36.627409,174.769221,6,True
esp32_device_001,2025-10-31T10:40:20.500000+13:00,42.7,-36.627142,174.769252,6,True
esp32_device_001,2025-10-31T10:40:21.750000+13:00,43.4,-36.626872,174.769283,6,True
esp32_device_001,2025-10-31T10:40:23+13:00,44,-36.62685,174.769241,6,False
esp32_device_001,2025-10-31T10:40:24.666667+13:00,45.0,-36.626692,174.769309,6,True
esp32_device_001,2025-10-31T10:40:26.333333+13:00,45.9,-36.626606,174.769328,6,True
esp32_device_001,2025-10-31T10:40:28+13:00,46.9,-36.626167,174.769379,6,False
esp32_device_001,2025-10-31T10:40:33+13:00,48.2,-36.625584,174.769531,6,False
esp32_device_001,2025-10-31T10:40:38+13:00,47.5,-36.625057,174.769638,6,False
esp32_device_001,2025-10-31T10:40:40.500000+13:00,46.1,-36.625017,174.769697,6,True
esp32_device_001,2025-10-31T10:40:43+13:00,44.7,-36.624496,174.76976,6,False
esp32_device_001,2025-10-31T10:40:43.833333+13:00,44.0,-36.624457,174.769823,6,True
esp32_device_001,2025-10-31T10:40:44.666667+13:00,43.3,-36.624354,174.769851,6,True
esp32_device_001,2025-10-31T10:40:45.500000+13:00,42.6,-36.624228,174.769903,6,True
esp32_device_001,2025-10-31T10:40:46.333333+13:00,41.9,-36.624125,174.769982,6,True
esp32_device_001,2025-10-31T10:40:47.166667+13:00,41.2,-36.624027,174.770074,6,True
esp32_device_001,2025-10-31T10:40:48+13:00,40.5,-36.623962,174.770081,6,False
esp32_device_001,2025-10-31T10:40:50.500000+13:00,38.4,-36.623832,174.770272,6,True
esp32_device_001,2025-10-31T10:40:53+13:00,36.2,-36.623474,174.770569,6,False
esp32_device_001,2025-10-31T10:40:55.500000+13:00,34.0,-36.623134,174.770989,6,True
esp32_device_001,2025-10-31T10:40:58+13:00,31.8,-36.622967,174.771103,6,False
esp32_device_001,2025-10-31T10:40:59.666667+13:00,30.3,-36.622951,174.771178,6,True
esp32_device_001,2025-10-31T10:41:01.333333+13:00,28.8,-36.622616,174.771523,6,True
esp32_device_001,2025-10-31T10:41:03+13:00,27.3,-36.622467,174.771606,6,False
esp32_device_001,2025-10-31T10:41:04.666667+13:00,25.8,-36.622362,174.771785,6,True
esp32_device_001,2025-10-31T10:41:06.333333+13:00,24.3,-36.622053,174.772103,6,True
esp32_device_001,2025-10-31T10:41:08+13:00,22.8,-36.621975,174.77211,6,False
esp32_device_001,2025-10-31T10:41:09.666667+13:00,22.6,-36.621819,174.772336,6,True
esp32_device_001,2025-10-31T10:41:11.333333+13:00,22.4,-36.621576,174.772596,6,True
esp32_device_001,2025-10-31T10:41:13+13:00,22.2,-36.62151,174.772614,6,False
esp32_device_001,2025-10-31T10:41:14.250000+13:00,23.4,-36.621503,174.772687,6,True
esp32_device_001,2025-10-31T10:41:15.500000+13:00,24.6,-36.621433,174.772781,6,True
esp32_device_001,2025-10-31T10:41:16.750000+13:00,25.9,-36.621224,174.773141,6,True
esp32_device_001,2025-10-31T10:41:18+13:00,27.1,-36.621136,174.773193,6,False
esp32_device_001,2025-10-31T10:41:18.625000+13:00,27.8,-36.621110,174.773291,6,True
esp32_device_001,2025-10-31T10:41:19.250000+13:00,28.5,-36.621040,174.773359,6,True
esp32_device_001,2025-10-31T10:41:19.875000+13:00,29.1,-36.620970,174.773416,6,True
esp32_device_001,2025-10-31T10:41:20.500000+13:00,29.8,-36.620901,174.773457,6,True
esp32_device_001,2025-10-31T10:41:21.125000+13:00,30.5,-36.620826,174.773486,6,True
esp32_device_001,2025-10-31T10:41:21.750000+13:00,31.1,-36.620753,174.773517,6,True
esp32_device_001,2025-10-31T10:41:22.375000+13:00,31.8,-36.620670,174.773536,6,True
esp32_device_001,2025-10-31T10:41:23+13:00,32.5,-36.620632,174.773514,6,False
esp32_device_001,2025-10-31T10:41:28+13:00,38.9,-36.620049,174.773621,6,False
esp32_device_001,2025-10-31T10:41:29.250000+13:00,40.6,-36.619731,174.773712,6,True
esp32_device_001,2025-10-31T10:41:30.500000+13:00,42.4,-36.619588,174.773740,6,True
esp32_device_001,2025-10-31T10:41:31.750000+13:00,44.1,-36.619495,174.773766,6,True
esp32_device_001,2025-10-31T10:41:33+13:00,45.9,-36.619473,174.773727,6,False
esp32_device_001,2025-10-31T10:41:34+13:00,47.0,-36.619405,174.773801,6,True
esp32_device_001,2025-10-31T10:41:35+13:00,48.1,-36.619161,174.773898,6,True
esp32_device_001,2025-10-31T10:41:36+13:00,49.1,-36.619073,174.773934,6,True
esp32_device_001,2025-10-31T10:41:37+13:00,50.2,-36.618985,174.773956,6,True
esp32_device_001,2025-10-31T10:41:38+13:00,51.3,-36.618908,174.773926,6,False
esp32_device_001,2025-10-31T10:41:40.500000+13:00,54.3,-36.618894,174.773968,6,True
esp32_device_001,2025-10-31T10:41:43+13:00,57.4,-36.618328,174.773956,6,False
esp32_device_001,2025-10-31T10:41:44.666667+13:00,59.0,-36.618180,174.774008,6,True
esp32_device_001,2025-10-31T10:41:46.333333+13:00,60.6,-36.617987,174.774004,6,True
esp32_device_001,2025-10-31T10:41:48+13:00,62.2,-36.617779,174.773956,6,False
esp32_device_001,2025-10-31T10:43:54+13:00,50.4,-36.60601,174.785828,7,False
esp32_device_001,2025-10-31T10:43:55.111111+13:00,49.5,-36.605788,174.786079,7,True
esp32_device_001,2025-10-31T10:43:56.222222+13:00,48.6,-36.605587,174.786292,7,True
esp32_device_001,2025-10-31T10:43:57.333333+13:00,47.6,-36.605521,174.786380,7,True
esp32_device_001,2025-10-31T10:43:58.444444+13:00,46.7,-36.605463,174.786476,7,True
esp32_device_001,2025-10-31T10:43:59.555556+13:00,45.8,-36.605418,174.786562,7,True
esp32_device_001,2025-10-31T10:44:00.666667+13:00,44.9,-36.605379,174.786658,7,True
esp32_device_001,2025-10-31T10:44:01.777778+13:00,43.9,-36.605344,174.786755,7,True
esp32_device_001,2025-10-31T10:44:02.888889+13:00,43.0,-36.605316,174.786860,7,True
esp32_device_001,2025-10-31T10:44:04+13:00,42.1,-36.605255,174.786972,7,False
esp32_device_001,2025-10-31T10:44:06.500000+13:00,38.1,-36.605279,174.787059,7,True
esp32_device_001,2025-10-31T10:44:09+13:00,34.1,-36.605164,174.787781,7,False
esp32_device_001,2025-10-31T10:44:14+13:00,28.5,-36.605057,174.788574,7,False
esp32_device_001,2025-10-31T10:44:16.500000+13:00,26.8,-36.605073,174.788703,7,True
esp32_device_001,2025-10-31T10:44:19+13:00,25.1,-36.604958,174.789307,7,False
esp32_device_001,2025-10-31T10:44:20.666667+13:00,24.2,-36.604989,174.789355,7,True
esp32_device_001,2025-10-31T10:44:22.333333+13:00,23.3,-36.604900,174.789963,7,True
esp32_device_001,2025-10-31T10:44:24+13:00,22.4,-36.604862,174.790054,7,False
esp32_device_001,2025-10-31T10:44:25+13:00,21.6,-36.604878,174.790160,7,True
esp32_device_001,2025-10-31T10:44:26+13:00,20.8,-36.604861,174.790365,7,True
esp32_device_001,2025-10-31T10:44:27+13:00,19.9,-36.604857,174.790521,7,True
esp32_device_001,2025-10-31T10:44:28+13:00,19.1,-36.604858,174.790656,7,True
esp32_device_001,2025-10-31T10:44:29+13:00,18.3,-36.604851,174.790863,7,False
esp32_device_001,2025-10-31T10:44:30.666667+13:00,17.3,-36.604893,174.791112,7,True
esp32_device_001,2025-10-31T10:44:32.333333+13:00,16.4,-36.604955,174.791624,7,True
esp32_device_001,2025-10-31T10:44:34+13:00,15.4,-36.604935,174.791641,7,False
esp32_device_001,2025-10-31T10:44:39+13:00,21.7,-36.605015,174.792389,7,False
esp32_device_001,2025-10-31T10:44:41.500000+13:00,26.1,-36.605117,174.792976,7,True
esp32_device_001,2025-10-31T10:44:44+13:00,30.6,-36.605106,174.793106,7,False
esp32_device_001,2025-10-31T10:44:45+13:00,32.0,-36.605172,174.793455,7,True
esp32_device_001,2025-10-31T10:44:46+13:00,33.4,-36.605180,174.793563,7,True
esp32_device_001,2025-10-31T10:44:47+13:00,34.8,-36.605186,174.793658,7,True
esp32_device_001,2025-10-31T10:44:48+13:00,36.2,-36.605184,174.793754,7,True
esp32_device_001,2025-10-31T10:44:49+13:00,37.6,-36.605141,174.793823,7,False
esp32_device_001,2025-10-31T10:44:52.333333+13:00,40.5,-36.605161,174.793931,7,True
esp32_device_001,2025-10-31T10:44:55.666667+13:00,43.4,-36.604989,174.794807,7,True
esp32_device_001,2025-10-31T10:44:59+13:00,46.3,-36.604862,174.795273,7,False
esp32_device_001,2025-10-31T10:45:00.666667+13:00,47.4,-36.604846,174.795514,7,True
esp32_device_001,2025-10-31T10:45:02.333333+13:00,48.4,-36.604755,174.795973,7,True
esp32_device_001,2025-10-31T10:45:04+13:00,49.5,-36.604729,174.79599,7,False
esp32_device_001,2025-10-31T10:45:04.833333+13:00,49.7,-36.604700,174.796218,7,True
esp32_device_001,2025-10-31T10:45:05.666667+13:00,49.9,-36.604663,174.796340,7,True
esp32_device_001,2025-10-31T10:45:06.500000+13:00,50.1,-36.604641,174.796412,7,True
esp32_device_001,2025-10-31T10:45:07.333333+13:00,50.4,-36.604613,174.796482,7,True
esp32_device_001,2025-10-31T10:45:08.166667+13:00,50.6,-36.604561,174.796597,7,True
esp32_device_001,2025-10-31T10:45:09+13:00,50.8,-36.60453,174.7966,7,False
esp32_device_001,2025-10-31T10:45:11.500000+13:00,51.5,-36.604265,174.797153,7,True
esp32_device_001,2025-10-31T10:45:14+13:00,52.1,-36.604187,174.797211,7,False
esp32_device_001,2025-10-31T10:45:19+13:00,52.5,-36.603821,174.797897,7,False
esp32_device_001,2025-10-31T10:45:20.666667+13:00,52.6,-36.603838,174.797944,7,True
esp32_device_001,2025-10-31T10:45:22.333333+13:00,52.7,-36.603792,174.798029,7,True
esp32_device_001,2025-10-31T10:45:24+13:00,52.8,-36.603485,174.798538,7,False
esp32_device_001,2025-10-31T10:45:25.666667+13:00,52.8,-36.603456,174.798650,7,True
esp32_device_001,2025-10-31T10:45:27.333333+13:00,52.8,-36.603219,174.799100,7,True
esp32_device_001,2025-10-31T10:45:29+13:00,52.8,-36.60318,174.799118,7,False
esp32_device_001,2025-10-31T10:45:29.833333+13:00,52.7,-36.603165,174.799204,7,True
esp32_device_001,2025-10-31T10:45:30.666667+13:00,52.6,-36.603118,174.799312,7,True
esp32_device_001,2025-10-31T10:45:31.500000+13:00,52.5,-36.603082,174.799420,7,True
esp32_device_001,2025-10-31T10:45:32.333333+13:00,52.5,-36.603066,174.799538,7,True
esp32_device_001,2025-10-31T10:45:33.166667+13:00,52.4,-36.603065,174.799637,7,True
esp32_device_001,2025-10-31T10:45:34+13:00,52.3,-36.603058,174.799744,7,False
esp32_device_001,2025-10-31T10:45:35.250000+13:00,52.1,-36.603092,174.799818,7,True
esp32_device_001,2025-10-31T10:45:36.500000+13:00,52.0,-36.603110,174.799895,7,True
esp32_device_001,2025-10-31T10:45:37.750000+13:00,51.8,-36.603160,174.800101,7,True
esp32_device_001,2025-10-31T10:45:39+13:00,51.6,-36.603226,174.800446,7,False
esp32_device_001,2025-10-31T10:45:40.250000+13:00,51.5,-36.603250,174.800456,7,True
esp32_device_001,2025-10-31T10:45:41.500000+13:00,51.3,-36.603379,174.801004,7,True
esp32_device_001,2025-10-31T10:45:42.750000+13:00,51.1,-36.603411,174.801140,7,True
esp32_device_001,2025-10-31T10:45:44+13:00,51,-36.603401,174.801163,7,False
esp32_device_001,2025-10-31T10:45:44.106383+13:00,51.0,-36.603369,174.801157,7,True
esp32_device_001,2025-10-31T10:45:44.212766+13:00,51.0,-36.603341,174.801168,7,True
esp32_device_001,2025-10-31T10:45:44.319149+13:00,51.0,-36.602485,174.801496,7,True
esp32_device_001,2025-10-31T10:45:44.425532+13:00,51.0,-36.602455,174.801507,7,True
esp32_device_001,2025-10-31T10:45:44.531915+13:00,51.0,-36.602406,174.801527,7,True
esp32_device_001,2025-10-31T10:45:44.638298+13:00,51.0,-36.602353,174.801322,7,True
esp32_device_001,2025-10-31T10:45:44.744681+13:00,51.0,-36.602273,174.800989,7,True
esp32_device_001,2025-10-31T10:45:44.851064+13:00,50.9,-36.602258,174.800908,7,True
esp32_device_001,2025-10-31T10:45:44.957447+13:00,50.9,-36.602244,174.800811,7,True
esp32_device_001,2025-10-31T10:45:45.063830+13:00,50.9,-36.602114,174.799693,7,True
esp32_device_001,2025-10-31T10:45:45.170213+13:00,50.9,-36.602084,174.799410,7,True
esp32_device_001,2025-10-31T10:45:45.276596+13:00,50.9,-36.602052,174.799127,7,True
esp32_device_001,2025-10-31T10:45:45.382979+13:00,50.9,-36.602050,174.799081,7,True
esp32_device_001,2025-10-31T10:45:45.489362+13:00,50.9,-36.602049,174.799033,7,True
esp32_device_001,2025-10-31T10:45:45.595745+13:00,50.9,-36.602055,174.798990,7,True
esp32_device_001,2025-10-31T10:45:45.702128+13:00,50.9,-36.602065,174.798941,7,True
esp32_device_001,2025-10-31T10:45:45.808511+13:00,50.9,-36.602079,174.798889,7,True
esp32_device_001,2025-10-31T10:45:45.914894+13:00,50.9,-36.602103,174.798823,7,True
esp32_device_001,2025-10-31T10:45:46.021277+13:00,50.9,-36.602126,174.798770,7,True
esp32_device_001,2025-10-31T10:45:46.127660+13:00,50.9,-36.602450,174.798157,7,True
esp32_device_001,2025-10-31T10:45:46.234043+13:00,50.9,-36.602637,174.797810,7,True
esp32_device_001,2025-10-31T10:45:46.340426+13:00,50.9,-36.602663,174.797757,7,True
esp32_device_001,2025-10-31T10:45:46.446809+13:00,50.9,-36.602689,174.797699,7,True
esp32_device_001,2025-10-31T10:45:46.553191+13:00,50.8,-36.602722,174.797614,7,True
esp32_device_001,2025-10-31T10:45:46.659574+13:00,50.8,-36.602781,174.797447,7,True
esp32_device_001,2025-10-31T10:45:46.765957+13:00,50.8,-36.602807,174.797371,7,True
esp32_device_001,2025-10-31T10:45:46.872340+13:00,50.8,-36.602847,174.797392,7,True
esp32_device_001,2025-10-31T10:45:46.978723+13:00,50.8,-36.602863,174.797400,7,True
esp32_device_001,2025-10-31T10:45:47.085106+13:00,50.8,-36.603286,174.797611,7,True
esp32_device_001,2025-10-31T10:45:47.191489+13:00,50.8,-36.603754,174.797996,7,True
esp32_device_001,2025-10-31T10:45:47.297872+13:00,50.8,-36.603792,174.798029,7,True
esp32_device_001,2025-10-31T10:45:47.404255+13:00,50.8,-36.603456,174.798650,7,True
esp32_device_001,2025-10-31T10:45:47.510638+13:00,50.8,-36.603219,174.799100,7,True
esp32_device_001,2025-10-31T10:45:47.617021+13:00,50.8,-36.603165,174.799204,7,True
esp32_device_001,2025-10-31T10:45:47.723404+13:00,50.8,-36.603118,174.799312,7,True
esp32_device_001,2025-10-31T10:45:47.829787+13:00,50.8,-36.603082,174.799420,7,True
esp32_device_001,2025-10-31T10:45:47.936170+13:00,50.8,-36.603066,174.799538,7,True
esp32_device_001,2025-10-31T10:45:48.042553+13:00,50.8,-36.603065,174.799637,7,True
esp32_device_001,2025-10-31T10:45:48.148936+13:00,50.8,-36.603076,174.799733,7,True
esp32_device_001,2025-10-31T10:45:48.255319+13:00,50.7,-36.603092,174.799818,7,True
esp32_device_001,2025-10-31T10:45:48.361702+13:00,50.7,-36.603110,174.799895,7,True
esp32_device_001,2025-10-31T10:45:48.468085+13:00,50.7,-36.603160,174.800101,7,True
esp32_device_001,2025-10-31T10:45:48.574468+13:00,50.7,-36.603250,174.800456,7,True
esp32_device_001,2025-10-31T10:45:48.680851+13:00,50.7,-36.603379,174.801004,7,True
esp32_device_001,2025-10-31T10:45:48.787234+13:00,50.7,-36.603411,174.801140,7,True
esp32_device_001,2025-10-31T10:45:48.893617+13:00,50.7,-36.603446,174.801282,7,True
esp32_device_001,2025-10-31T10:45:49+13:00,50.7,-36.603558,174.801834,7,False
esp32_device_001,2025-10-31T10:45:50+13:00,50.8,-36.603639,174.802077,7,True
esp32_device_001,2025-10-31T10:45:51+13:00,51.0,-36.603662,174.802168,7,True
esp32_device_001,2025-10-31T10:45:52+13:00,51.1,-36.603695,174.802307,7,True
esp32_device_001,2025-10-31T10:45:53+13:00,51.3,-36.603749,174.802281,7,True
esp32_device_001,2025-10-31T10:45:54+13:00,51.4,-36.603752,174.802231,7,False
esp32_device_001,2025-10-31T10:45:55.250000+13:00,51.5,-36.603801,174.802271,7,True
esp32_device_001,2025-10-31T10:45:56.500000+13:00,51.5,-36.603918,174.802283,7,True
esp32_device_001,2025-10-31T10:45:57.750000+13:00,51.6,-36.604083,174.802380,7,True
esp32_device_001,2025-10-31T10:45:59+13:00,51.7,-36.604122,174.802414,7,False
esp32_device_001,2025-10-31T10:46:01.500000+13:00,52.2,-36.604346,174.802540,7,True
esp32_device_001,2025-10-31T10:46:04+13:00,52.7,-36.604485,174.802628,7,False
esp32_device_001,2025-10-31T10:47:04+13:00,46.2,-36.604828,174.802505,7,False
