dev_esp32,timestamp,altitude,latitude,longitude,journey_id,synthetic
esp32_device_001,2025-10-08T09:11:14+13:00,65.7,-36.604778,174.802628,1,False
esp32_device_001,2025-10-08T09:11:19+13:00,65.7,-36.604771,174.802643,1,False
esp32_device_001,2025-10-08T09:11:24+13:00,65.2,-36.604725,174.802719,1,False
esp32_device_001,2025-10-08T09:20:07+13:00,58.6,-36.604527,174.802597,1,False
esp32_device_001,2025-10-08T09:20:09.500000+13:00,58.2,-36.604346,174.802540,1,True
esp32_device_001,2025-10-08T09:20:12+13:00,57.7,-36.604172,174.802399,1,False
esp32_device_001,2025-10-08T09:20:13.666667+13:00,57.6,-36.604083,174.802380,1,True
esp32_device_001,2025-10-08T09:20:15.333333+13:00,57.6,-36.603918,174.802283,1,True
esp32_device_001,2025-10-08T09:20:17+13:00,57.5,-36.603817,174.8022,1,False
esp32_device_001,2025-10-08T09:20:22+13:00,57.3,-36.603649,174.802032,1,False
esp32_device_001,2025-10-08T09:20:27+13:00,56.6,-36.603531,174.801559,1,False
esp32_device_001,2025-10-08T09:20:28.250000+13:00,56.6,-36.603446,174.801282,1,True
esp32_device_001,2025-10-08T09:20:29.500000+13:00,56.7,-36.603411,174.801140,1,True
esp32_device_001,2025-10-08T09:20:30.750000+13:00,56.7,-36.603379,174.801004,1,True
esp32_device_001,2025-10-08T09:20:32+13:00,56.7,-36.603371,174.800888,1,False
esp32_device_001,2025-10-08T09:20:34.500000+13:00,56.9,-36.603250,174.800456,1,True
esp32_device_001,2025-10-08T09:20:37+13:00,57.1,-36.603188,174.800156,1,False
esp32_device_001,2025-10-08T09:20:37.714286+13:00,57.1,-36.603160,174.800101,1,True
esp32_device_001,2025-10-08T09:20:38.428571+13:00,57.2,-36.603110,174.799895,1,True
esp32_device_001,2025-10-08T09:20:39.142857+13:00,57.2,-36.603092,174.799818,1,True
esp32_device_001,2025-10-08T09:20:39.857143+13:00,57.2,-36.603076,174.799733,1,True
esp32_device_001,2025-10-08T09:20:40.571429+13:00,57.2,-36.603065,174.799637,1,True
esp32_device_001,2025-10-08T09:20:41.285714+13:00,57.3,-36.603066,174.799538,1,True
esp32_device_001,2025-10-08T09:20:42+13:00,57.3,-36.603107,174.799454,1,False
esp32_device_001,2025-10-08T09:20:43+13:00,57.4,-36.603082,174.799420,1,True
esp32_device_001,2025-10-08T09:20:44+13:00,57.5,-36.603118,174.799312,1,True
esp32_device_001,2025-10-08T09:20:45+13:00,57.7,-36.603165,174.799204,1,True
esp32_device_001,2025-10-08T09:20:46+13:00,57.8,-36.603219,174.799100,1,True
esp32_device_001,2025-10-08T09:20:47+13:00,57.9,-36.603394,174.798798,1,False
esp32_device_001,2025-10-08T09:20:49.500000+13:00,58.1,-36.603456,174.798650,1,True
esp32_device_001,2025-10-08T09:20:52+13:00,58.3,-36.60376,174.798111,1,False
esp32_device_001,2025-10-08T09:20:53.666667+13:00,58.2,-36.603792,174.798029,1,True
esp32_device_001,2025-10-08T09:20:55.333333+13:00,58.2,-36.603838,174.797944,1,True
esp32_device_001,2025-10-08T09:20:57+13:00,58.1,-36.604145,174.797409,1,False
esp32_device_001,2025-10-08T09:20:59.500000+13:00,58.0,-36.604265,174.797153,1,True
esp32_device_001,2025-10-08T09:21:02+13:00,57.8,-36.604527,174.796677,1,False
esp32_device_001,2025-10-08T09:21:02.714286+13:00,57.5,-36.604561,174.796597,1,True
esp32_device_001,2025-10-08T09:21:03.428571+13:00,57.3,-36.604613,174.796482,1,True
esp32_device_001,2025-10-08T09:21:04.142857+13:00,57.0,-36.604641,174.796412,1,True
esp32_device_001,2025-10-08T09:21:04.857143+13:00,56.8,-36.604663,174.796340,1,True
esp32_device_001,2025-10-08T09:21:05.571429+13:00,56.5,-36.604700,174.796218,1,True
esp32_device_001,2025-10-08T09:21:06.285714+13:00,56.3,-36.604755,174.795973,1,True
esp32_device_001,2025-10-08T09:21:07+13:00,56,-36.604782,174.795898,1,False
esp32_device_001,2025-10-08T09:21:09.500000+13:00,53.5,-36.604846,174.795514,1,True
esp32_device_001,2025-10-08T09:21:12+13:00,51.1,-36.604946,174.795044,1,False
esp32_device_001,2025-10-08T09:21:14.500000+13:00,48.5,-36.604989,174.794807,1,True
esp32_device_001,2025-10-08T09:21:17+13:00,45.9,-36.605118,174.794189,1,False
esp32_device_001,2025-10-08T09:21:17.714286+13:00,44.9,-36.605161,174.793931,1,True
esp32_device_001,2025-10-08T09:21:18.428571+13:00,43.9,-36.605175,174.793832,1,True
esp32_device_001,2025-10-08T09:21:19.142857+13:00,42.9,-36.605184,174.793754,1,True
esp32_device_001,2025-10-08T09:21:19.857143+13:00,41.8,-36.605186,174.793658,1,True
esp32_device_001,2025-10-08T09:21:20.571429+13:00,40.8,-36.605180,174.793563,1,True
esp32_device_001,2025-10-08T09:21:21.285714+13:00,39.8,-36.605172,174.793455,1,True
esp32_device_001,2025-10-08T09:21:22+13:00,38.8,-36.605167,174.79332,1,False
esp32_device_001,2025-10-08T09:21:24.500000+13:00,34.3,-36.605117,174.792976,1,True
esp32_device_001,2025-10-08T09:21:27+13:00,29.8,-36.605053,174.79245,1,False
esp32_device_001,2025-10-08T09:21:29.500000+13:00,26.4,-36.604955,174.791624,1,True
esp32_device_001,2025-10-08T09:21:32+13:00,22.9,-36.604942,174.791534,1,False
esp32_device_001,2025-10-08T09:21:33.666667+13:00,23.9,-36.604893,174.791112,1,True
esp32_device_001,2025-10-08T09:21:35.333333+13:00,25.0,-36.604858,174.790656,1,True
esp32_device_001,2025-10-08T09:21:37+13:00,26,-36.604862,174.790634,1,False
esp32_device_001,2025-10-08T09:21:38+13:00,26.9,-36.604857,174.790521,1,True
esp32_device_001,2025-10-08T09:21:39+13:00,27.8,-36.604861,174.790365,1,True
esp32_device_001,2025-10-08T09:21:40+13:00,28.7,-36.604878,174.790160,1,True
esp32_device_001,2025-10-08T09:21:41+13:00,29.6,-36.604900,174.789963,1,True
esp32_device_001,2025-10-08T09:21:42+13:00,30.5,-36.604935,174.789764,1,False
esp32_device_001,2025-10-08T09:21:44.500000+13:00,32.7,-36.604989,174.789355,1,True
esp32_device_001,2025-10-08T09:21:47+13:00,34.9,-36.605053,174.78891,1,False
esp32_device_001,2025-10-08T09:21:49.500000+13:00,37.5,-36.605073,174.788703,1,True
esp32_device_001,2025-10-08T09:21:52+13:00,40,-36.605152,174.788071,1,False
esp32_device_001,2025-10-08T09:21:57+13:00,47.2,-36.605255,174.787277,1,False
esp32_device_001,2025-10-08T09:21:57.833333+13:00,48.4,-36.605279,174.787059,1,True
esp32_device_001,2025-10-08T09:21:58.666667+13:00,49.5,-36.605316,174.786860,1,True
esp32_device_001,2025-10-08T09:21:59.500000+13:00,50.7,-36.605344,174.786755,1,True
esp32_device_001,2025-10-08T09:22:00.333333+13:00,51.9,-36.605379,174.786658,1,True
esp32_device_001,2025-10-08T09:22:01.166667+13:00,53.0,-36.605418,174.786562,1,True
esp32_device_001,2025-10-08T09:22:02+13:00,54.2,-36.60545,174.78653,1,False
esp32_device_001,2025-10-08T09:22:03+13:00,55.3,-36.605463,174.786476,1,True
esp32_device_001,2025-10-08T09:22:04+13:00,56.3,-36.605521,174.786380,1,True
esp32_device_001,2025-10-08T09:22:05+13:00,57.4,-36.605587,174.786292,1,True
esp32_device_001,2025-10-08T09:22:06+13:00,58.4,-36.605788,174.786079,1,True
esp32_device_001,2025-10-08T09:22:07+13:00,59.5,-36.605915,174.78598,1,False
esp32_device_001,2025-10-08T09:22:12+13:00,65.6,-36.606434,174.785522,1,False
esp32_device_001,2025-10-08T09:22:14.500000+13:00,68.5,-36.606576,174.785376,1,True
esp32_device_001,2025-10-08T09:22:17+13:00,71.4,-36.606926,174.78508,1,False
esp32_device_001,2025-10-08T09:22:19.500000+13:00,72.8,-36.606981,174.785015,1,True
esp32_device_001,2025-10-08T09:22:22+13:00,74.3,-36.607445,174.784622,1,False
esp32_device_001,2025-10-08T09:22:24.500000+13:00,73.4,-36.607484,174.784558,1,True
esp32_device_001,2025-10-08T09:22:27+13:00,72.6,-36.608013,174.784088,1,False
esp32_device_001,2025-10-08T09:22:29.500000+13:00,70.8,-36.608449,174.783689,1,True
esp32_device_001,2025-10-08T09:22:32+13:00,69.1,-36.608627,174.783539,1,False
esp32_device_001,2025-10-08T09:22:33.666667+13:00,69.0,-36.608946,174.783241,1,True
esp32_device_001,2025-10-08T09:22:35.333333+13:00,68.8,-36.609180,174.783031,1,True
esp32_device_001,2025-10-08T09:22:37+13:00,68.7,-36.609253,174.782959,1,False
esp32_device_001,2025-10-08T09:22:37.625000+13:00,69.0,-36.609276,174.782917,1,True
esp32_device_001,2025-10-08T09:22:38.250000+13:00,69.3,-36.609367,174.782800,1,True
esp32_device_001,2025-10-08T09:22:38.875000+13:00,69.6,-36.609453,174.782670,1,True
esp32_device_001,2025-10-08T09:22:39.500000+13:00,69.9,-36.609536,174.782519,1,True
esp32_device_001,2025-10-08T09:22:40.125000+13:00,70.2,-36.609561,174.782467,1,True
esp32_device_001,2025-10-08T09:22:40.750000+13:00,70.5,-36.609606,174.782367,1,True
esp32_device_001,2025-10-08T09:22:41.375000+13:00,70.8,-36.609653,174.782248,1,True
esp32_device_001,2025-10-08T09:22:42+13:00,71.1,-36.609676,174.782211,1,False
esp32_device_001,2025-10-08T09:22:44.500000+13:00,72.8,-36.609917,174.781437,1,True
esp32_device_001,2025-10-08T09:22:47+13:00,74.6,-36.609947,174.781387,1,False
esp32_device_001,2025-10-08T09:22:48+13:00,75.8,-36.610007,174.781160,1,True
esp32_device_001,2025-10-08T09:22:49+13:00,76.9,-36.610061,174.781046,1,True
esp32_device_001,2025-10-08T09:22:50+13:00,78.1,-36.610103,174.780963,1,True
esp32_device_001,2025-10-08T09:22:51+13:00,79.2,-36.610280,174.780726,1,True
esp32_device_001,2025-10-08T09:22:52+13:00,80.4,-36.610332,174.780716,1,False
esp32_device_001,2025-10-08T09:22:52.714286+13:00,81.0,-36.610355,174.780651,1,True
esp32_device_001,2025-10-08T09:22:53.428571+13:00,81.7,-36.610433,174.780591,1,True
esp32_device_001,2025-10-08T09:22:54.142857+13:00,82.3,-36.610519,174.780537,1,True
esp32_device_001,2025-10-08T09:22:54.857143+13:00,83.0,-36.610602,174.780488,1,True
esp32_device_001,2025-10-08T09:22:55.571429+13:00,83.6,-36.610775,174.780398,1,True
esp32_device_001,2025-10-08T09:22:56.285714+13:00,84.3,-36.610853,174.780359,1,True
esp32_device_001,2025-10-08T09:22:57+13:00,84.9,-36.610897,174.780365,1,False
esp32_device_001,2025-10-08T09:22:58.250000+13:00,85.2,-36.610932,174.780316,1,True
esp32_device_001,2025-10-08T09:22:59.500000+13:00,85.6,-36.611178,174.780210,1,True
esp32_device_001,2025-10-08T09:23:00.750000+13:00,86.0,-36.611301,174.780129,1,True
esp32_device_001,2025-10-08T09:23:02+13:00,86.3,-36.611382,174.780045,1,False
esp32_device_001,2025-10-08T09:23:03.666667+13:00,86.2,-36.611409,174.780034,1,True
esp32_device_001,2025-10-08T09:23:05.333333+13:00,86.1,-36.611529,174.779893,1,True
esp32_device_001,2025-10-08T09:23:07+13:00,86,-36.611603,174.7798,1,False
esp32_device_001,2025-10-08T09:23:12+13:00,85.4,-36.611607,174.779785,1,False
esp32_device_001,2025-10-08T09:23:17+13:00,85.4,-36.611683,174.779739,1,False
esp32_device_001,2025-10-08T09:23:22+13:00,85,-36.611782,174.779449,1,False
esp32_device_001,2025-10-08T09:23:23.250000+13:00,84.7,-36.611785,174.779398,1,True
esp32_device_001,2025-10-08T09:23:24.500000+13:00,84.5,-36.611847,174.779066,1,True
esp32_device_001,2025-10-08T09:23:25.750000+13:00,84.2,-36.611855,174.779023,1,True
esp32_device_001,2025-10-08T09:23:27+13:00,83.9,-36.611885,174.77887,1,False
esp32_device_001,2025-10-08T09:23:28.250000+13:00,83.6,-36.611880,174.778827,1,True
esp32_device_001,2025-10-08T09:23:29.500000+13:00,83.2,-36.611958,174.778444,1,True
esp32_device_001,2025-10-08T09:23:30.750000+13:00,82.8,-36.611996,174.778284,1,True
esp32_device_001,2025-10-08T09:23:32+13:00,82.5,-36.612068,174.778076,1,False
esp32_device_001,2025-10-08T09:23:33.666667+13:00,82.6,-36.612071,174.778024,1,True
esp32_device_001,2025-10-08T09:23:35.333333+13:00,82.6,-36.612162,174.777780,1,True
esp32_device_001,2025-10-08T09:23:37+13:00,82.7,-36.612434,174.777252,1,False
esp32_device_001,2025-10-08T09:23:39.500000+13:00,83.3,-36.612782,174.776527,1,True
esp32_device_001,2025-10-08T09:23:42+13:00,84,-36.612843,174.776443,1,False
esp32_device_001,2025-10-08T09:23:44.500000+13:00,85.1,-36.613155,174.775781,1,True
esp32_device_001,2025-10-08T09:23:47+13:00,86.2,-36.613258,174.775665,1,False
esp32_device_001,2025-10-08T09:23:47.833333+13:00,86.7,-36.613356,174.775474,1,True
esp32_device_001,2025-10-08T09:23:48.666667+13:00,87.1,-36.613423,174.775400,1,True
esp32_device_001,2025-10-08T09:23:49.500000+13:00,87.6,-36.613517,174.775306,1,True
esp32_device_001,2025-10-08T09:23:50.333333+13:00,88.0,-36.613628,174.775212,1,True
esp32_device_001,2025-10-08T09:23:51.166667+13:00,88.5,-36.613761,174.775123,1,True
esp32_device_001,2025-10-08T09:23:52+13:00,88.9,-36.613831,174.775116,1,False
esp32_device_001,2025-10-08T09:23:52.833333+13:00,88.6,-36.613899,174.775046,1,True
esp32_device_001,2025-10-08T09:23:53.666667+13:00,88.2,-36.614041,174.774989,1,True
esp32_device_001,2025-10-08T09:23:54.500000+13:00,87.9,-36.614184,174.774954,1,True
esp32_device_001,2025-10-08T09:23:55.333333+13:00,87.6,-36.614311,174.774933,1,True
esp32_device_001,2025-10-08T09:23:56.166667+13:00,87.2,-36.614417,174.774926,1,True
esp32_device_001,2025-10-08T09:23:57+13:00,86.9,-36.614567,174.774948,1,False
esp32_device_001,2025-10-08T09:23:58.250000+13:00,86.5,-36.614610,174.774923,1,True
esp32_device_001,2025-10-08T09:23:59.500000+13:00,86.0,-36.615019,174.774918,1,True
esp32_device_001,2025-10-08T09:24:00.750000+13:00,85.5,-36.615163,174.774910,1,True
esp32_device_001,2025-10-08T09:24:02+13:00,85.1,-36.615314,174.774902,1,False
esp32_device_001,2025-10-08T09:24:02.833333+13:00,84.9,-36.615336,174.774877,1,True
esp32_device_001,2025-10-08T09:24:03.666667+13:00,84.6,-36.615485,174.774830,1,True
esp32_device_001,2025-10-08T09:24:04.500000+13:00,84.4,-36.615606,174.774776,1,True
esp32_device_001,2025-10-08T09:24:05.333333+13:00,84.2,-36.615719,174.774716,1,True
esp32_device_001,2025-10-08T09:24:06.166667+13:00,83.9,-36.615842,174.774633,1,True
esp32_device_001,2025-10-08T09:24:07+13:00,83.7,-36.615978,174.774567,1,False
esp32_device_001,2025-10-08T09:24:08.250000+13:00,83.4,-36.616039,174.774493,1,True
esp32_device_001,2025-10-08T09:24:09.500000+13:00,83.1,-36.616414,174.774233,1,True
esp32_device_001,2025-10-08T09:24:10.750000+13:00,82.7,-36.616554,174.774143,1,True
esp32_device_001,2025-10-08T09:24:12+13:00,82.4,-36.616604,174.774139,1,False
esp32_device_001,2025-10-08T09:24:12.714286+13:00,81.6,-36.616699,174.774066,1,True
esp32_device_001,2025-10-08T09:24:13.428571+13:00,80.8,-36.616804,174.774024,1,True
esp32_device_001,2025-10-08T09:24:14.142857+13:00,80.0,-36.616928,174.773988,1,True
esp32_device_001,2025-10-08T09:24:14.857143+13:00,79.2,-36.617045,174.773964,1,True
esp32_device_001,2025-10-08T09:24:15.571429+13:00,78.4,-36.617160,174.773951,1,True
esp32_device_001,2025-10-08T09:24:16.285714+13:00,77.6,-36.617234,174.773946,1,True
esp32_device_001,2025-10-08T09:24:17+13:00,76.8,-36.617302,174.773987,1,False
esp32_device_001,2025-10-08T09:24:18.250000+13:00,75.4,-36.617366,174.773952,1,True
esp32_device_001,2025-10-08T09:24:19.500000+13:00,74.0,-36.617671,174.773983,1,True
esp32_device_001,2025-10-08T09:24:20.750000+13:00,72.7,-36.617987,174.774004,1,True
esp32_device_001,2025-10-08T09:24:22+13:00,71.3,-36.617985,174.774033,1,False
esp32_device_001,2025-10-08T09:24:22.060976+13:00,71.2,-36.617986,174.774073,1,True
esp32_device_001,2025-10-08T09:24:22.121951+13:00,71.1,-36.617988,174.774108,1,True
esp32_device_001,2025-10-08T09:24:22.182927+13:00,71.1,-36.617989,174.774135,1,True
esp32_device_001,2025-10-08T09:24:22.243902+13:00,71.0,-36.618023,174.774211,1,True
esp32_device_001,2025-10-08T09:24:22.304878+13:00,70.9,-36.618143,174.774380,1,True
esp32_device_001,2025-10-08T09:24:22.365854+13:00,70.8,-36.618248,174.774502,1,True
esp32_device_001,2025-10-08T09:24:22.426829+13:00,70.7,-36.618375,174.774601,1,True
esp32_device_001,2025-10-08T09:24:22.487805+13:00,70.7,-36.618531,174.774677,1,True
esp32_device_001,2025-10-08T09:24:22.548780+13:00,70.6,-36.618826,174.774774,1,True
esp32_device_001,2025-10-08T09:24:22.609756+13:00,70.5,-36.619175,174.774897,1,True
esp32_device_001,2025-10-08T09:24:22.670732+13:00,70.4,-36.619227,174.774917,1,True
esp32_device_001,2025-10-08T09:24:22.731707+13:00,70.3,-36.619922,174.775450,1,True
esp32_device_001,2025-10-08T09:24:22.792683+13:00,70.3,-36.619987,174.775509,1,True
esp32_device_001,2025-10-08T09:24:22.853659+13:00,70.2,-36.620036,174.775579,1,True
esp32_device_001,2025-10-08T09:24:22.914634+13:00,70.1,-36.620114,174.775777,1,True
esp32_device_001,2025-10-08T09:24:22.975610+13:00,70.0,-36.620505,174.777150,1,True
esp32_device_001,2025-10-08T09:24:23.036585+13:00,70.0,-36.620598,174.777480,1,True
esp32_device_001,2025-10-08T09:24:23.097561+13:00,69.9,-36.620621,174.777560,1,True
esp32_device_001,2025-10-08T09:24:23.158537+13:00,69.8,-36.620642,174.777634,1,True
esp32_device_001,2025-10-08T09:24:23.219512+13:00,69.7,-36.620669,174.777724,1,True
esp32_device_001,2025-10-08T09:24:23.280488+13:00,69.6,-36.620688,174.777799,1,True
esp32_device_001,2025-10-08T09:24:23.341463+13:00,69.6,-36.620748,174.778038,1,True
esp32_device_001,2025-10-08T09:24:23.402439+13:00,69.5,-36.620769,174.778907,1,True
esp32_device_001,2025-10-08T09:24:23.463415+13:00,69.4,-36.620760,174.779143,1,True
esp32_device_001,2025-10-08T09:24:23.524390+13:00,69.3,-36.620744,174.779253,1,True
esp32_device_001,2025-10-08T09:24:23.585366+13:00,69.2,-36.620714,174.779372,1,True
esp32_device_001,2025-10-08T09:24:23.646341+13:00,69.2,-36.620672,174.779432,1,True
esp32_device_001,2025-10-08T09:24:23.707317+13:00,69.1,-36.620629,174.779474,1,True
esp32_device_001,2025-10-08T09:24:23.768293+13:00,69.0,-36.620585,174.779524,1,True
esp32_device_001,2025-10-08T09:24:23.829268+13:00,68.9,-36.619744,174.780460,1,True
esp32_device_001,2025-10-08T09:24:23.890244+13:00,68.8,-36.619691,174.780527,1,True
esp32_device_001,2025-10-08T09:24:23.951220+13:00,68.8,-36.619656,174.780586,1,True
esp32_device_001,2025-10-08T09:24:24.012195+13:00,68.7,-36.619088,174.781724,1,True
esp32_device_001,2025-10-08T09:24:24.073171+13:00,68.6,-36.619075,174.781756,1,True
esp32_device_001,2025-10-08T09:24:24.134146+13:00,68.5,-36.619064,174.781793,1,True
esp32_device_001,2025-10-08T09:24:24.195122+13:00,68.4,-36.618795,174.782857,1,True
esp32_device_001,2025-10-08T09:24:24.256098+13:00,68.4,-36.618767,174.782940,1,True
esp32_device_001,2025-10-08T09:24:24.317073+13:00,68.3,-36.618729,174.783003,1,True
esp32_device_001,2025-10-08T09:24:24.378049+13:00,68.2,-36.617933,174.784019,1,True
esp32_device_001,2025-10-08T09:24:24.439024+13:00,68.1,-36.617578,174.784438,1,True
esp32_device_001,2025-10-08T09:24:24.500000+13:00,68.0,-36.617933,174.784019,1,True
esp32_device_001,2025-10-08T09:24:24.560976+13:00,68.0,-36.618729,174.783003,1,True
esp32_device_001,2025-10-08T09:24:24.621951+13:00,67.9,-36.618767,174.782940,1,True
esp32_device_001,2025-10-08T09:24:24.682927+13:00,67.8,-36.618795,174.782857,1,True
esp32_device_001,2025-10-08T09:24:24.743902+13:00,67.7,-36.619064,174.781793,1,True
esp32_device_001,2025-10-08T09:24:24.804878+13:00,67.7,-36.619075,174.781756,1,True
esp32_device_001,2025-10-08T09:24:24.865854+13:00,67.6,-36.619088,174.781724,1,True
esp32_device_001,2025-10-08T09:24:24.926829+13:00,67.5,-36.619656,174.780586,1,True
esp32_device_001,2025-10-08T09:24:24.987805+13:00,67.4,-36.619691,174.780527,1,True
esp32_device_001,2025-10-08T09:24:25.048780+13:00,67.3,-36.619744,174.780460,1,True
esp32_device_001,2025-10-08T09:24:25.109756+13:00,67.3,-36.620585,174.779524,1,True
esp32_device_001,2025-10-08T09:24:25.170732+13:00,67.2,-36.620629,174.779474,1,True
esp32_device_001,2025-10-08T09:24:25.231707+13:00,67.1,-36.620672,174.779432,1,True
esp32_device_001,2025-10-08T09:24:25.292683+13:00,67.0,-36.620714,174.779372,1,True
esp32_device_001,2025-10-08T09:24:25.353659+13:00,66.9,-36.620744,174.779253,1,True
esp32_device_001,2025-10-08T09:24:25.414634+13:00,66.9,-36.620760,174.779143,1,True
esp32_device_001,2025-10-08T09:24:25.475610+13:00,66.8,-36.620769,174.778907,1,True
esp32_device_001,2025-10-08T09:24:25.536585+13:00,66.7,-36.620748,174.778038,1,True
esp32_device_001,2025-10-08T09:24:25.597561+13:00,66.6,-36.620688,174.777799,1,True
esp32_device_001,2025-10-08T09:24:25.658537+13:00,66.5,-36.620669,174.777724,1,True
esp32_device_001,2025-10-08T09:24:25.719512+13:00,66.5,-36.620642,174.777634,1,True
esp32_device_001,2025-10-08T09:24:25.780488+13:00,66.4,-36.620621,174.777560,1,True
esp32_device_001,2025-10-08T09:24:25.841463+13:00,66.3,-36.620598,174.777480,1,True
esp32_device_001,2025-10-08T09:24:25.902439+13:00,66.2,-36.620505,174.777150,1,True
esp32_device_001,2025-10-08T09:24:25.963415+13:00,66.1,-36.620114,174.775777,1,True
esp32_device_001,2025-10-08T09:24:26.024390+13:00,66.1,-36.620036,174.775579,1,True
esp32_device_001,2025-10-08T09:24:26.085366+13:00,66.0,-36.619987,174.775509,1,True
esp32_device_001,2025-10-08T09:24:26.146341+13:00,65.9,-36.619922,174.775450,1,True
esp32_device_001,2025-10-08T09:24:26.207317+13:00,65.8,-36.619227,174.774917,1,True
esp32_device_001,2025-10-08T09:24:26.268293+13:00,65.8,-36.619175,174.774897,1,True
esp32_device_001,2025-10-08T09:24:26.329268+13:00,65.7,-36.618826,174.774774,1,True
esp32_device_001,2025-10-08T09:24:26.390244+13:00,65.6,-36.618531,174.774677,1,True
esp32_device_001,2025-10-08T09:24:26.451220+13:00,65.5,-36.618375,174.774601,1,True
esp32_device_001,2025-10-08T09:24:26.512195+13:00,65.4,-36.618248,174.774502,1,True
esp32_device_001,2025-10-08T09:24:26.573171+13:00,65.4,-36.618143,174.774380,1,True
esp32_device_001,2025-10-08T09:24:26.634146+13:00,65.3,-36.618023,174.774211,1,True
esp32_device_001,2025-10-08T09:24:26.695122+13:00,65.2,-36.617989,174.774135,1,True
esp32_device_001,2025-10-08T09:24:26.756098+13:00,65.1,-36.617988,174.774108,1,True
esp32_device_001,2025-10-08T09:24:26.817073+13:00,65.0,-36.617986,174.774073,1,True
esp32_device_001,2025-10-08T09:24:26.878049+13:00,65.0,-36.617987,174.774004,1,True
esp32_device_001,2025-10-08T09:24:26.939024+13:00,64.9,-36.618180,174.774008,1,True
esp32_device_001,2025-10-08T09:24:27+13:00,64.8,-36.618641,174.774017,1,False
esp32_device_001,2025-10-08T09:24:28+13:00,63.5,-36.618894,174.773968,1,True
esp32_device_001,2025-10-08T09:24:29+13:00,62.2,-36.618985,174.773956,1,True
esp32_device_001,2025-10-08T09:24:30+13:00,60.8,-36.619073,174.773934,1,True
esp32_device_001,2025-10-08T09:24:31+13:00,59.5,-36.619161,174.773898,1,True
esp32_device_001,2025-10-08T09:24:32+13:00,58.2,-36.619244,174.77388,1,False
esp32_device_001,2025-10-08T09:24:33+13:00,57.0,-36.619405,174.773801,1,True
esp32_device_001,2025-10-08T09:24:34+13:00,55.9,-36.619495,174.773766,1,True
esp32_device_001,2025-10-08T09:24:35+13:00,54.7,-36.619588,174.773740,1,True
esp32_device_001,2025-10-08T09:24:36+13:00,53.6,-36.619731,174.773712,1,True
esp32_device_001,2025-10-08T09:24:37+13:00,52.4,-36.619839,174.773712,1,False
esp32_device_001,2025-10-08T09:24:42+13:00,47.5,-36.620438,174.77359,1,False
esp32_device_001,2025-10-08T09:24:42.833333+13:00,46.7,-36.620670,174.773536,1,True
esp32_device_001,2025-10-08T09:24:43.666667+13:00,45.9,-36.620753,174.773517,1,True
esp32_device_001,2025-10-08T09:24:44.500000+13:00,45.1,-36.620826,174.773486,1,True
esp32_device_001,2025-10-08T09:24:45.333333+13:00,44.3,-36.620901,174.773457,1,True
esp32_device_001,2025-10-08T09:24:46.166667+13:00,43.5,-36.620970,174.773416,1,True
esp32_device_001,2025-10-08T09:24:47+13:00,42.7,-36.620987,174.773392,1,False
esp32_device_001,2025-10-08T09:24:48.250000+13:00,40.9,-36.621040,174.773359,1,True
esp32_device_001,2025-10-08T09:24:49.500000+13:00,39.0,-36.621110,174.773291,1,True
esp32_device_001,2025-10-08T09:24:50.750000+13:00,37.1,-36.621224,174.773141,1,True
esp32_device_001,2025-10-08T09:24:52+13:00,35.3,-36.621387,174.772873,1,False
esp32_device_001,2025-10-08T09:24:53+13:00,34.4,-36.621433,174.772781,1,True
esp32_device_001,2025-10-08T09:24:54+13:00,33.6,-36.621503,174.772687,1,True
esp32_device_001,2025-10-08T09:24:55+13:00,32.7,-36.621576,174.772596,1,True
esp32_device_001,2025-10-08T09:24:56+13:00,31.9,-36.621819,174.772336,1,True
esp32_device_001,2025-10-08T09:24:57+13:00,31,-36.621849,174.772324,1,False
esp32_device_001,2025-10-08T09:24:59.500000+13:00,32.4,-36.622053,174.772103,1,True
esp32_device_001,2025-10-08T09:25:02+13:00,33.8,-36.622353,174.77182,1,False
esp32_device_001,2025-10-08T09:25:03.666667+13:00,35.3,-36.622362,174.771785,1,True
esp32_device_001,2025-10-08T09:25:05.333333+13:00,36.9,-36.622616,174.771523,1,True
esp32_device_001,2025-10-08T09:25:07+13:00,38.4,-36.622849,174.771317,1,False
esp32_device_001,2025-10-08T09:25:08.666667+13:00,40.1,-36.622951,174.771178,1,True
esp32_device_001,2025-10-08T09:25:10.333333+13:00,41.8,-36.623134,174.770989,1,True
esp32_device_001,2025-10-08T09:25:12+13:00,43.5,-36.623348,174.770798,1,False
esp32_device_001,2025-10-08T09:25:14.500000+13:00,45.8,-36.623832,174.770272,1,True
esp32_device_001,2025-10-08T09:25:17+13:00,48.1,-36.623856,174.770264,1,False
esp32_device_001,2025-10-08T09:25:18+13:00,49.0,-36.624027,174.770074,1,True
esp32_device_001,2025-10-08T09:25:19+13:00,49.9,-36.624125,174.769982,1,True
esp32_device_001,2025-10-08T09:25:20+13:00,50.7,-36.624228,174.769903,1,True
esp32_device_001,2025-10-08T09:25:21+13:00,51.6,-36.624354,174.769851,1,True
esp32_device_001,2025-10-08T09:25:22+13:00,52.5,-36.624401,174.769867,1,False
esp32_device_001,2025-10-08T09:25:24.500000+13:00,54.1,-36.624457,174.769823,1,True
esp32_device_001,2025-10-08T09:25:27+13:00,55.7,-36.624989,174.769714,1,False
esp32_device_001,2025-10-08T09:25:29.500000+13:00,55.9,-36.625017,174.769697,1,True
esp32_device_001,2025-10-08T09:25:32+13:00,56,-36.625599,174.769577,1,False
esp32_device_001,2025-10-08T09:25:37+13:00,53.8,-36.626244,174.76944,1,False
esp32_device_001,2025-10-08T09:25:38.250000+13:00,53.0,-36.626606,174.769328,1,True
esp32_device_001,2025-10-08T09:25:39.500000+13:00,52.3,-36.626692,174.769309,1,True
esp32_device_001,2025-10-08T09:25:40.750000+13:00,51.5,-36.626872,174.769283,1,True
esp32_device_001,2025-10-08T09:25:42+13:00,50.8,-36.626896,174.769318,1,False
esp32_device_001,2025-10-08T09:25:43.666667+13:00,49.9,-36.627142,174.769252,1,True
esp32_device_001,2025-10-08T09:25:45.333333+13:00,49.1,-36.627409,174.769221,1,True
esp32_device_001,2025-10-08T09:25:47+13:00,48.2,-36.627529,174.769241,1,False
esp32_device_001,2025-10-08T09:25:48+13:00,47.9,-36.627673,174.769186,1,True
esp32_device_001,2025-10-08T09:25:49+13:00,47.7,-36.627775,174.769163,1,True
esp32_device_001,2025-10-08T09:25:50+13:00,47.4,-36.627874,174.769128,1,True
esp32_device_001,2025-10-08T09:25:51+13:00,47.2,-36.627971,174.769079,1,True
esp32_device_001,2025-10-08T09:25:52+13:00,46.9,-36.628082,174.769012,1,False
esp32_device_001,2025-10-08T09:25:52.833333+13:00,46.5,-36.628126,174.768961,1,True
esp32_device_001,2025-10-08T09:25:53.666667+13:00,46.1,-36.628163,174.768905,1,True
esp32_device_001,2025-10-08T09:25:54.500000+13:00,45.6,-36.628216,174.768816,1,True
esp32_device_001,2025-10-08T09:25:55.333333+13:00,45.2,-36.628263,174.768724,1,True
esp32_device_001,2025-10-08T09:25:56.166667+13:00,44.8,-36.628344,174.768510,1,True
esp32_device_001,2025-10-08T09:25:57+13:00,44.4,-36.628407,174.768387,1,False
esp32_device_001,2025-10-08T09:25:57.833333+13:00,44.2,-36.628416,174.768315,1,True
esp32_device_001,2025-10-08T09:25:58.666667+13:00,44.0,-36.628501,174.768115,1,True
esp32_device_001,2025-10-08T09:25:59.500000+13:00,43.8,-36.628566,174.768005,1,True
esp32_device_001,2025-10-08T09:26:00.333333+13:00,43.5,-36.628638,174.767915,1,True
esp32_device_001,2025-10-08T09:26:01.166667+13:00,43.3,-36.628722,174.767836,1,True
esp32_device_001,2025-10-08T09:26:02+13:00,43.1,-36.628807,174.767807,1,False
esp32_device_001,2025-10-08T09:26:04.500000+13:00,44.2,-36.628861,174.767741,1,True
esp32_device_001,2025-10-08T09:26:07+13:00,45.3,-36.629372,174.767456,1,False
esp32_device_001,2025-10-08T09:26:08+13:00,45.9,-36.629496,174.767338,1,True
esp32_device_001,2025-10-08T09:26:09+13:00,46.5,-36.629632,174.767235,1,True
esp32_device_001,2025-10-08T09:26:10+13:00,47.1,-36.629712,174.767156,1,True
esp32_device_001,2025-10-08T09:26:11+13:00,47.7,-36.629783,174.767073,1,True
esp32_device_001,2025-10-08T09:26:12+13:00,48.3,-36.629848,174.767014,1,False
esp32_device_001,2025-10-08T09:26:12.833333+13:00,48.2,-36.629859,174.766949,1,True
esp32_device_001,2025-10-08T09:26:13.666667+13:00,48.2,-36.629914,174.766835,1,True
esp32_device_001,2025-10-08T09:26:14.500000+13:00,48.1,-36.629978,174.766648,1,True
esp32_device_001,2025-10-08T09:26:15.333333+13:00,48.1,-36.630032,174.766469,1,True
esp32_device_001,2025-10-08T09:26:16.166667+13:00,48.0,-36.630039,174.766448,1,True
esp32_device_001,2025-10-08T09:26:17+13:00,48,-36.630096,174.766327,1,False
esp32_device_001,2025-10-08T09:26:18.666667+13:00,47.2,-36.630208,174.765890,1,True
esp32_device_001,2025-10-08T09:26:20.333333+13:00,46.4,-36.630292,174.765650,1,True
esp32_device_001,2025-10-08T09:26:22+13:00,45.6,-36.630337,174.765594,1,False
esp32_device_001,2025-10-08T09:26:24.500000+13:00,44.0,-36.630399,174.765408,1,True
esp32_device_001,2025-10-08T09:26:27+13:00,42.5,-36.63065,174.764908,1,False
esp32_device_001,2025-10-08T09:26:32+13:00,40.2,-36.630936,174.764328,1,False
esp32_device_001,2025-10-08T09:26:33.250000+13:00,40.0,-36.630910,174.764276,1,True
esp32_device_001,2025-10-08T09:26:34.500000+13:00,39.8,-36.631059,174.764076,1,True
esp32_device_001,2025-10-08T09:26:35.750000+13:00,39.5,-36.631129,174.763999,1,True
esp32_device_001,2025-10-08T09:26:37+13:00,39.3,-36.631161,174.764023,1,False
esp32_device_001,2025-10-08T09:26:38+13:00,38.9,-36.631183,174.763967,1,True
esp32_device_001,2025-10-08T09:26:39+13:00,38.5,-36.631303,174.763907,1,True
esp32_device_001,2025-10-08T09:26:40+13:00,38.2,-36.631327,174.763895,1,True
esp32_device_001,2025-10-08T09:26:41+13:00,37.8,-36.631510,174.763791,1,True
esp32_device_001,2025-10-08T09:26:42+13:00,37.4,-36.631588,174.763824,1,False
esp32_device_001,2025-10-08T09:26:43.250000+13:00,36.7,-36.631801,174.763758,1,True
esp32_device_001,2025-10-08T09:26:44.500000+13:00,36.0,-36.632107,174.763723,1,True
esp32_device_001,2025-10-08T09:26:45.750000+13:00,35.4,-36.632136,174.763720,1,True
esp32_device_001,2025-10-08T09:26:47+13:00,34.7,-36.632164,174.763748,1,False
esp32_device_001,2025-10-08T09:26:49.500000+13:00,32.9,-36.632644,174.763665,1,True
esp32_device_001,2025-10-08T09:26:52+13:00,31.1,-36.632801,174.763687,1,False
esp32_device_001,2025-10-08T09:26:57+13:00,27.8,-36.63345,174.763611,1,False
esp32_device_001,2025-10-08T09:26:59.500000+13:00,27.0,-36.633681,174.763542,1,True
esp32_device_001,2025-10-08T09:27:02+13:00,26.1,-36.634109,174.763519,1,False
esp32_device_001,2025-10-08T09:27:03.666667+13:00,25.9,-36.634149,174.763464,1,True
esp32_device_001,2025-10-08T09:27:05.333333+13:00,25.8,-36.634709,174.763371,1,True
esp32_device_001,2025-10-08T09:27:07+13:00,25.6,-36.63475,174.763382,1,False
esp32_device_001,2025-10-08T09:27:08.666667+13:00,26.0,-36.634886,174.763306,1,True
esp32_device_001,2025-10-08T09:27:10.333333+13:00,26.5,-36.635056,174.763193,1,True
esp32_device_001,2025-10-08T09:27:12+13:00,26.9,-36.635288,174.762985,1,False
esp32_device_001,2025-10-08T09:27:14.500000+13:00,26.8,-36.635620,174.762693,1,True
esp32_device_001,2025-10-08T09:27:17+13:00,26.7,-36.635838,174.762558,1,False
esp32_device_001,2025-10-08T09:27:19.500000+13:00,25.0,-36.636167,174.762302,1,True
esp32_device_001,2025-10-08T09:27:22+13:00,23.4,-36.636398,174.762161,1,False
esp32_device_001,2025-10-08T09:27:24.500000+13:00,21.5,-36.636547,174.762030,1,True
esp32_device_001,2025-10-08T09:27:27+13:00,19.7,-36.63699,174.761719,1,False
esp32_device_001,2025-10-08T09:27:28.666667+13:00,20.2,-36.637208,174.761532,1,True
esp32_device_001,2025-10-08T09:27:30.333333+13:00,20.7,-36.637412,174.761384,1,True
esp32_device_001,2025-10-08T09:27:32+13:00,21.2,-36.637543,174.761292,1,False
esp32_device_001,2025-10-08T09:27:34.500000+13:00,21.3,-36.637647,174.761152,1,True
esp32_device_001,2025-10-08T09:27:37+13:00,21.4,-36.637943,174.760712,1,False
esp32_device_001,2025-10-08T09:27:39.500000+13:00,22.3,-36.638161,174.760278,1,True
esp32_device_001,2025-10-08T09:27:42+13:00,23.2,-36.638348,174.76001,1,False
esp32_device_001,2025-10-08T09:27:44.500000+13:00,25.6,-36.638627,174.759486,1,True
esp32_device_001,2025-10-08T09:27:47+13:00,28.1,-36.638744,174.759338,1,False
esp32_device_001,2025-10-08T09:27:49.500000+13:00,30.5,-36.638994,174.758844,1,True
esp32_device_001,2025-10-08T09:27:52+13:00,32.9,-36.639149,174.758682,1,False
esp32_device_001,2025-10-08T09:27:53.250000+13:00,34.4,-36.639159,174.758596,1,True
esp32_device_001,2025-10-08T09:27:54.500000+13:00,35.9,-36.639233,174.758502,1,True
esp32_device_001,2025-10-08T09:27:55.750000+13:00,37.4,-36.639322,174.758412,1,True
esp32_device_001,2025-10-08T09:27:57+13:00,38.9,-36.639675,174.758209,1,False
esp32_device_001,2025-10-08T09:27:58+13:00,40.0,-36.639764,174.758133,1,True
esp32_device_001,2025-10-08T09:27:59+13:00,41.0,-36.639826,174.758091,1,True
esp32_device_001,2025-10-08T09:28:00+13:00,42.1,-36.639981,174.757993,1,True
esp32_device_001,2025-10-08T09:28:01+13:00,43.1,-36.640226,174.757840,1,True
esp32_device_001,2025-10-08T09:28:02+13:00,44.2,-36.640251,174.757874,1,False
esp32_device_001,2025-10-08T09:28:04.500000+13:00,46.5,-36.640706,174.757545,1,True
esp32_device_001,2025-10-08T09:28:07+13:00,48.7,-36.640778,174.757538,1,False
esp32_device_001,2025-10-08T09:28:07.625000+13:00,48.8,-36.640773,174.757492,1,True
esp32_device_001,2025-10-08T09:28:08.250000+13:00,48.9,-36.640843,174.757424,1,True
esp32_device_001,2025-10-08T09:28:08.875000+13:00,49.0,-36.640912,174.757318,1,True
esp32_device_001,2025-10-08T09:28:09.500000+13:00,49.0,-36.640951,174.757222,1,True
esp32_device_001,2025-10-08T09:28:10.125000+13:00,49.1,-36.640977,174.757116,1,True
esp32_device_001,2025-10-08T09:28:10.750000+13:00,49.2,-36.640980,174.757038,1,True
esp32_device_001,2025-10-08T09:28:11.375000+13:00,49.3,-36.640982,174.756960,1,True
esp32_device_001,2025-10-08T09:28:12+13:00,49.4,-36.640995,174.756943,1,False
esp32_device_001,2025-10-08T09:28:13.250000+13:00,49.0,-36.640973,174.756866,1,True
esp32_device_001,2025-10-08T09:28:14.500000+13:00,48.6,-36.640947,174.756772,1,True
esp32_device_001,2025-10-08T09:28:15.750000+13:00,48.3,-36.640916,174.756683,1,True
esp32_device_001,2025-10-08T09:28:17+13:00,47.9,-36.640747,174.756287,1,False
esp32_device_001,2025-10-08T09:28:22+13:00,46,-36.640411,174.75563,1,False
esp32_device_001,2025-10-08T09:28:24.500000+13:00,45.2,-36.640234,174.755313,1,True
esp32_device_001,2025-10-08T09:28:27+13:00,44.4,-36.640087,174.754959,1,False
esp32_device_001,2025-10-08T09:28:32+13:00,44.8,-36.639782,174.754349,1,False
esp32_device_001,2025-10-08T09:28:33.666667+13:00,45.3,-36.639539,174.753929,1,True
esp32_device_001,2025-10-08T09:28:35.333333+13:00,45.9,-36.639440,174.753758,1,True
esp32_device_001,2025-10-08T09:28:37+13:00,46.4,-36.639446,174.753723,1,False
esp32_device_001,2025-10-08T09:28:38.250000+13:00,47.0,-36.639310,174.753585,1,True
esp32_device_001,2025-10-08T09:28:39.500000+13:00,47.5,-36.639217,174.753461,1,True
esp32_device_001,2025-10-08T09:28:40.750000+13:00,48.1,-36.639132,174.753354,1,True
esp32_device_001,2025-10-08T09:28:42+13:00,48.7,-36.639057,174.753174,1,False
esp32_device_001,2025-10-08T09:28:44.500000+13:00,49.4,-36.639026,174.753179,1,True
esp32_device_001,2025-10-08T09:28:47+13:00,50,-36.638714,174.752563,1,False
esp32_device_001,2025-10-08T09:28:49.500000+13:00,49.8,-36.638620,174.752435,1,True
esp32_device_001,2025-10-08T09:28:52+13:00,49.6,-36.638378,174.751953,1,False
esp32_device_001,2025-10-08T09:28:54.500000+13:00,48.5,-36.638063,174.751422,1,True
esp32_device_001,2025-10-08T09:28:57+13:00,47.5,-36.638031,174.751312,1,False
esp32_device_001,2025-10-08T09:29:02+13:00,47.9,-36.637657,174.750626,1,False
esp32_device_001,2025-10-08T09:29:04.500000+13:00,50.1,-36.637392,174.750191,1,True
esp32_device_001,2025-10-08T09:29:07+13:00,52.4,-36.63731,174.75,1,False
esp32_device_001,2025-10-08T09:29:08.666667+13:00,53.5,-36.637263,174.749956,1,True
esp32_device_001,2025-10-08T09:29:10.333333+13:00,54.5,-36.637149,174.749748,1,True
esp32_device_001,2025-10-08T09:29:12+13:00,55.6,-36.637032,174.749496,1,False
esp32_device_001,2025-10-08T09:29:18.250000+13:00,55.9,-36.636953,174.749392,1,True
esp32_device_001,2025-10-08T09:29:24.500000+13:00,56.2,-36.636906,174.749233,1,True
esp32_device_001,2025-10-08T09:29:30.750000+13:00,56.4,-36.636858,174.749144,1,True
esp32_device_001,2025-10-08T09:29:37+13:00,56.7,-36.636757,174.749023,1,False
esp32_device_001,2025-10-08T09:29:38.250000+13:00,56.8,-36.636720,174.748921,1,True
esp32_device_001,2025-10-08T09:29:39.500000+13:00,56.9,-36.636655,174.748818,1,True
esp32_device_001,2025-10-08T09:29:40.750000+13:00,56.9,-36.636582,174.748742,1,True
esp32_device_001,2025-10-08T09:29:42+13:00,57,-36.636524,174.748718,1,False
esp32_device_001,2025-10-08T09:29:43.666667+13:00,56.6,-36.636338,174.748538,1,True
esp32_device_001,2025-10-08T09:29:45.333333+13:00,56.3,-36.636192,174.748413,1,True
esp32_device_001,2025-10-08T09:29:47+13:00,55.9,-36.636181,174.748413,1,False
esp32_device_001,2025-10-08T09:29:48+13:00,55.5,-36.636098,174.748333,1,True
esp32_device_001,2025-10-08T09:29:49+13:00,55.2,-36.636073,174.748311,1,True
esp32_device_001,2025-10-08T09:29:50+13:00,54.8,-36.635989,174.748239,1,True
esp32_device_001,2025-10-08T09:29:51+13:00,54.5,-36.635909,174.748165,1,True
esp32_device_001,2025-10-08T09:29:52+13:00,54.1,-36.635845,174.748093,1,False
esp32_device_001,2025-10-08T09:29:53+13:00,53.2,-36.635766,174.748024,1,True
esp32_device_001,2025-10-08T09:29:54+13:00,52.4,-36.635697,174.747950,1,True
esp32_device_001,2025-10-08T09:29:55+13:00,51.5,-36.635628,174.747866,1,True
esp32_device_001,2025-10-08T09:29:56+13:00,50.7,-36.635567,174.747779,1,True
esp32_device_001,2025-10-08T09:29:57+13:00,49.8,-36.635498,174.747665,1,False
esp32_device_001,2025-10-08T09:29:57.357143+13:00,49.5,-36.635491,174.747643,1,True
esp32_device_001,2025-10-08T09:29:57.714286+13:00,49.2,-36.635389,174.747427,1,True
esp32_device_001,2025-10-08T09:29:58.071429+13:00,48.8,-36.635318,174.747207,1,True
esp32_device_001,2025-10-08T09:29:58.428571+13:00,48.5,-36.635276,174.747027,1,True
esp32_device_001,2025-10-08T09:29:58.785714+13:00,48.2,-36.635260,174.746927,1,True
esp32_device_001,2025-10-08T09:29:59.142857+13:00,47.9,-36.635248,174.746792,1,True
esp32_device_001,2025-10-08T09:29:59.500000+13:00,47.5,-36.635239,174.746662,1,True
esp32_device_001,2025-10-08T09:29:59.857143+13:00,47.2,-36.635231,174.746552,1,True
esp32_device_001,2025-10-08T09:30:00.214286+13:00,46.9,-36.635171,174.746554,1,True
esp32_device_001,2025-10-08T09:30:00.571429+13:00,46.6,-36.635178,174.746661,1,True
esp32_device_001,2025-10-08T09:30:00.928571+13:00,46.3,-36.635188,174.746809,1,True
esp32_device_001,2025-10-08T09:30:01.285714+13:00,45.9,-36.635197,174.746893,1,True
esp32_device_001,2025-10-08T09:30:01.642857+13:00,45.6,-36.635208,174.746963,1,True
esp32_device_001,2025-10-08T09:30:02+13:00,45.3,-36.635254,174.747055,1,False
esp32_device_001,2025-10-08T09:30:02.294118+13:00,45.1,-36.635244,174.747125,1,True
esp32_device_001,2025-10-08T09:30:02.588235+13:00,44.9,-36.635277,174.747258,1,True
esp32_device_001,2025-10-08T09:30:02.882353+13:00,44.6,-36.635319,174.747401,1,True
esp32_device_001,2025-10-08T09:30:03.176471+13:00,44.4,-36.635379,174.747545,1,True
esp32_device_001,2025-10-08T09:30:03.470588+13:00,44.2,-36.635441,174.747674,1,True
esp32_device_001,2025-10-08T09:30:03.764706+13:00,44.0,-36.635519,174.747818,1,True
esp32_device_001,2025-10-08T09:30:04.058824+13:00,43.8,-36.635567,174.747779,1,True
esp32_device_001,2025-10-08T09:30:04.352941+13:00,43.6,-36.635491,174.747643,1,True
esp32_device_001,2025-10-08T09:30:04.647059+13:00,43.3,-36.635389,174.747427,1,True
esp32_device_001,2025-10-08T09:30:04.941176+13:00,43.1,-36.635318,174.747207,1,True
esp32_device_001,2025-10-08T09:30:05.235294+13:00,42.9,-36.635276,174.747027,1,True
esp32_device_001,2025-10-08T09:30:05.529412+13:00,42.7,-36.635260,174.746927,1,True
esp32_device_001,2025-10-08T09:30:05.823529+13:00,42.5,-36.635248,174.746792,1,True
esp32_device_001,2025-10-08T09:30:06.117647+13:00,42.3,-36.635239,174.746662,1,True
esp32_device_001,2025-10-08T09:30:06.411765+13:00,42.0,-36.635231,174.746552,1,True
esp32_device_001,2025-10-08T09:30:06.705882+13:00,41.8,-36.635229,174.746439,1,True
esp32_device_001,2025-10-08T09:30:07+13:00,41.6,-36.635204,174.746384,1,False
esp32_device_001,2025-10-08T09:30:08+13:00,41.2,-36.635218,174.746297,1,True
esp32_device_001,2025-10-08T09:30:09+13:00,40.9,-36.635186,174.746173,1,True
esp32_device_001,2025-10-08T09:30:10+13:00,40.5,-36.635180,174.746031,1,True
esp32_device_001,2025-10-08T09:30:11+13:00,40.2,-36.635174,174.745870,1,True
esp32_device_001,2025-10-08T09:30:12+13:00,39.8,-36.63517,174.745682,1,False
esp32_device_001,2025-10-08T09:30:13.250000+13:00,39.4,-36.635156,174.745455,1,True
esp32_device_001,2025-10-08T09:30:14.500000+13:00,39.0,-36.635155,174.745422,1,True
esp32_device_001,2025-10-08T09:30:15.750000+13:00,38.6,-36.635146,174.745224,1,True
esp32_device_001,2025-10-08T09:30:17+13:00,38.2,-36.635139,174.744995,1,False
esp32_device_001,2025-10-08T09:30:18.666667+13:00,37.2,-36.635129,174.744821,1,True
esp32_device_001,2025-10-08T09:30:20.333333+13:00,36.2,-36.635116,174.744538,1,True
esp32_device_001,2025-10-08T09:30:22+13:00,35.2,-36.635113,174.744339,1,False
esp32_device_001,2025-10-08T09:30:23.250000+13:00,34.5,-36.635105,174.744287,1,True
esp32_device_001,2025-10-08T09:30:24.500000+13:00,33.8,-36.635093,174.744009,1,True
esp32_device_001,2025-10-08T09:30:25.750000+13:00,33.0,-36.635081,174.743714,1,True
esp32_device_001,2025-10-08T09:30:27+13:00,32.3,-36.635086,174.743683,1,False
esp32_device_001,2025-10-08T09:30:28.666667+13:00,31.2,-36.635070,174.743468,1,True
esp32_device_001,2025-10-08T09:30:30.333333+13:00,30.2,-36.635063,174.743313,1,True
esp32_device_001,2025-10-08T09:30:32+13:00,29.1,-36.635059,174.742996,1,False
esp32_device_001,2025-10-08T09:30:33.250000+13:00,28.7,-36.635046,174.742921,1,True
esp32_device_001,2025-10-08T09:30:34.500000+13:00,28.3,-36.635035,174.742658,1,True
esp32_device_001,2025-10-08T09:30:35.750000+13:00,27.9,-36.635023,174.742401,1,True
esp32_device_001,2025-10-08T09:30:37+13:00,27.5,-36.635029,174.742294,1,False
esp32_device_001,2025-10-08T09:30:38.250000+13:00,27.4,-36.635013,174.742143,1,True
esp32_device_001,2025-10-08T09:30:39.500000+13:00,27.3,-36.635007,174.742021,1,True
esp32_device_001,2025-10-08T09:30:40.750000+13:00,27.2,-36.634997,174.741810,1,True
esp32_device_001,2025-10-08T09:30:42+13:00,27.1,-36.635036,174.741852,1,False
esp32_device_001,2025-10-08T09:30:47+13:00,27.6,-36.635155,174.741806,1,False
esp32_device_001,2025-10-08T09:30:52+13:00,28.9,-36.635284,174.741806,1,False
esp32_device_001,2025-10-08T09:30:57+13:00,30.1,-36.635391,174.74176,1,False
esp32_device_001,2025-10-08T09:31:02+13:00,29.6,-36.635391,174.741547,1,False
esp32_device_001,2025-10-08T09:32:42+13:00,30.3,-36.635388,174.741268,1,True
esp32_device_001,2025-10-08T09:34:22+13:00,31,-36.635345,174.741058,1,False
esp32_device_001,2025-10-08T09:34:27+13:00,28.7,-36.63522,174.740997,1,False
esp32_device_001,2025-10-08T09:34:32+13:00,26.4,-36.635067,174.741074,1,False
esp32_device_001,2025-10-08T09:34:37+13:00,26.1,-36.63496,174.741074,1,False
esp32_device_001,2025-10-08T09:34:38+13:00,25.9,-36.634923,174.741112,1,True
esp32_device_001,2025-10-08T09:34:39+13:00,25.7,-36.634897,174.740968,1,True
esp32_device_001,2025-10-08T09:34:40+13:00,25.5,-36.634875,174.740863,1,True
esp32_device_001,2025-10-08T09:34:41+13:00,25.3,-36.634834,174.740724,1,True
esp32_device_001,2025-10-08T09:34:42+13:00,25.1,-36.634853,174.740707,1,False
esp32_device_001,2025-10-08T09:34:42.238095+13:00,25.1,-36.634836,174.740525,1,True
esp32_device_001,2025-10-08T09:34:42.476190+13:00,25.1,-36.634848,174.740454,1,True
esp32_device_001,2025-10-08T09:34:42.714286+13:00,25.1,-36.634872,174.740361,1,True
esp32_device_001,2025-10-08T09:34:42.952381+13:00,25.2,-36.634927,174.740266,1,True
esp32_device_001,2025-10-08T09:34:43.190476+13:00,25.2,-36.634937,174.740251,1,True
esp32_device_001,2025-10-08T09:34:43.428571+13:00,25.2,-36.635007,174.740149,1,True
esp32_device_001,2025-10-08T09:34:43.666667+13:00,25.2,-36.635140,174.740066,1,True
esp32_device_001,2025-10-08T09:34:43.904762+13:00,25.2,-36.635161,174.740126,1,True
esp32_device_001,2025-10-08T09:34:44.142857+13:00,25.2,-36.635207,174.740255,1,True
esp32_device_001,2025-10-08T09:34:44.380952+13:00,25.2,-36.635257,174.740431,1,True
esp32_device_001,2025-10-08T09:34:44.619048+13:00,25.3,-36.635187,174.740485,1,True
esp32_device_001,2025-10-08T09:34:44.857143+13:00,25.3,-36.635257,174.740431,1,True
esp32_device_001,2025-10-08T09:34:45.095238+13:00,25.3,-36.635207,174.740255,1,True
esp32_device_001,2025-10-08T09:34:45.333333+13:00,25.3,-36.635161,174.740126,1,True
esp32_device_001,2025-10-08T09:34:45.571429+13:00,25.3,-36.635140,174.740066,1,True
esp32_device_001,2025-10-08T09:34:45.809524+13:00,25.3,-36.635007,174.740149,1,True
esp32_device_001,2025-10-08T09:34:46.047619+13:00,25.3,-36.634902,174.740177,1,True
esp32_device_001,2025-10-08T09:34:46.285714+13:00,25.4,-36.634888,174.740180,1,True
esp32_device_001,2025-10-08T09:34:46.523810+13:00,25.4,-36.634768,174.740200,1,True
esp32_device_001,2025-10-08T09:34:46.761905+13:00,25.4,-36.634724,174.740187,1,True
esp32_device_001,2025-10-08T09:34:47+13:00,25.4,-36.634571,174.740067,1,False
esp32_device_001,2025-10-08T09:34:48.250000+13:00,26.0,-36.634549,174.740088,1,True
esp32_device_001,2025-10-08T09:34:49.500000+13:00,26.6,-36.634505,174.740018,1,True
esp32_device_001,2025-10-08T09:34:50.750000+13:00,27.3,-36.634393,174.739839,1,True
esp32_device_001,2025-10-08T09:34:52+13:00,27.9,-36.634087,174.739456,1,False
esp32_device_001,2025-10-08T09:34:52.833333+13:00,28.7,-36.634069,174.739461,1,True
esp32_device_001,2025-10-08T09:34:53.666667+13:00,29.5,-36.634042,174.739434,1,True
esp32_device_001,2025-10-08T09:34:54.500000+13:00,30.3,-36.633867,174.739266,1,True
esp32_device_001,2025-10-08T09:34:55.333333+13:00,31.2,-36.633699,174.739104,1,True
esp32_device_001,2025-10-08T09:34:56.166667+13:00,32.0,-36.633648,174.739054,1,True
esp32_device_001,2025-10-08T09:34:57+13:00,32.8,-36.633541,174.738922,1,False
esp32_device_001,2025-10-08T09:34:58.666667+13:00,34.2,-36.633458,174.738880,1,True
esp32_device_001,2025-10-08T09:35:00.333333+13:00,35.7,-36.633155,174.738590,1,True
esp32_device_001,2025-10-08T09:35:02+13:00,37.1,-36.633018,174.738388,1,False
esp32_device_001,2025-10-08T09:35:03.666667+13:00,38.5,-36.632789,174.738210,1,True
esp32_device_001,2025-10-08T09:35:05.333333+13:00,40.0,-36.632708,174.738126,1,True
esp32_device_001,2025-10-08T09:35:07+13:00,41.4,-36.632515,174.7379,1,False
esp32_device_001,2025-10-08T09:35:08.250000+13:00,42.5,-36.632337,174.737716,1,True
esp32_device_001,2025-10-08T09:35:09.500000+13:00,43.5,-36.632300,174.737670,1,True
esp32_device_001,2025-10-08T09:35:10.750000+13:00,44.6,-36.632255,174.737614,1,True
esp32_device_001,2025-10-08T09:35:12+13:00,45.7,-36.632061,174.737305,1,False
esp32_device_001,2025-10-08T09:35:13.250000+13:00,46.9,-36.631997,174.737219,1,True
esp32_device_001,2025-10-08T09:35:14.500000+13:00,48.2,-36.631873,174.737030,1,True
esp32_device_001,2025-10-08T09:35:15.750000+13:00,49.4,-36.631731,174.736818,1,True
esp32_device_001,2025-10-08T09:35:17+13:00,50.6,-36.631664,174.736679,1,False
esp32_device_001,2025-10-08T09:35:18.666667+13:00,51.7,-36.631457,174.736402,1,True
esp32_device_001,2025-10-08T09:35:20.333333+13:00,52.9,-36.631348,174.736228,1,True
esp32_device_001,2025-10-08T09:35:22+13:00,54,-36.631298,174.736099,1,False
esp32_device_001,2025-10-08T09:35:23.250000+13:00,54.6,-36.631249,174.736047,1,True
esp32_device_001,2025-10-08T09:35:24.500000+13:00,55.2,-36.631161,174.735852,1,True
esp32_device_001,2025-10-08T09:35:25.750000+13:00,55.8,-36.631092,174.735660,1,True
esp32_device_001,2025-10-08T09:35:27+13:00,56.4,-36.631031,174.735413,1,False
esp32_device_001,2025-10-08T09:35:28+13:00,56.4,-36.631010,174.735391,1,True
esp32_device_001,2025-10-08T09:35:29+13:00,56.5,-36.630961,174.735247,1,True
esp32_device_001,2025-10-08T09:35:30+13:00,56.5,-36.630906,174.735077,1,True
esp32_device_001,2025-10-08T09:35:31+13:00,56.6,-36.630786,174.734753,1,True
esp32_device_001,2025-10-08T09:35:32+13:00,56.6,-36.630779,174.734695,1,False
esp32_device_001,2025-10-08T09:35:32.833333+13:00,55.8,-36.630748,174.734676,1,True
esp32_device_001,2025-10-08T09:35:33.666667+13:00,55.1,-36.630685,174.734551,1,True
esp32_device_001,2025-10-08T09:35:34.500000+13:00,54.3,-36.630673,174.734531,1,True
esp32_device_001,2025-10-08T09:35:35.333333+13:00,53.5,-36.630596,174.734404,1,True
esp32_device_001,2025-10-08T09:35:36.166667+13:00,52.8,-36.630517,174.734295,1,True
esp32_device_001,2025-10-08T09:35:37+13:00,52,-36.630379,174.734085,1,False
esp32_device_001,2025-10-08T09:35:38.666667+13:00,49.1,-36.630073,174.733716,1,True
esp32_device_001,2025-10-08T09:35:40.333333+13:00,46.3,-36.629953,174.733574,1,True
esp32_device_001,2025-10-08T09:35:42+13:00,43.4,-36.629883,174.733475,1,False
esp32_device_001,2025-10-08T09:35:43.666667+13:00,40.6,-36.629836,174.733434,1,True
esp32_device_001,2025-10-08T09:35:45.333333+13:00,37.9,-36.629673,174.733241,1,True
esp32_device_001,2025-10-08T09:35:47+13:00,35.1,-36.629387,174.732895,1,False
esp32_device_001,2025-10-08T09:35:48.250000+13:00,33.5,-36.629341,174.732831,1,True
esp32_device_001,2025-10-08T09:35:49.500000+13:00,31.8,-36.629202,174.732650,1,True
esp32_device_001,2025-10-08T09:35:50.750000+13:00,30.1,-36.629079,174.732468,1,True
esp32_device_001,2025-10-08T09:35:52+13:00,28.5,-36.628983,174.73233,1,False
esp32_device_001,2025-10-08T09:35:53.250000+13:00,27.8,-36.628971,174.732284,1,True
esp32_device_001,2025-10-08T09:35:54.500000+13:00,27.1,-36.628913,174.732173,1,True
esp32_device_001,2025-10-08T09:35:55.750000+13:00,26.3,-36.628841,174.732026,1,True
esp32_device_001,2025-10-08T09:35:57+13:00,25.6,-36.628685,174.731689,1,False
esp32_device_001,2025-10-08T09:35:58+13:00,25.7,-36.628672,174.731656,1,True
esp32_device_001,2025-10-08T09:35:59+13:00,25.8,-36.628591,174.731484,1,True
esp32_device_001,2025-10-08T09:36:00+13:00,26.0,-36.628513,174.731316,1,True
esp32_device_001,2025-10-08T09:36:01+13:00,26.1,-36.628413,174.731095,1,True
esp32_device_001,2025-10-08T09:36:02+13:00,26.2,-36.628395,174.731018,1,False
esp32_device_001,2025-10-08T09:36:03+13:00,27.2,-36.628380,174.731012,1,True
esp32_device_001,2025-10-08T09:36:04+13:00,28.1,-36.628308,174.730844,1,True
esp32_device_001,2025-10-08T09:36:05+13:00,29.1,-36.628225,174.730619,1,True
esp32_device_001,2025-10-08T09:36:06+13:00,30.0,-36.628162,174.730423,1,True
esp32_device_001,2025-10-08T09:36:07+13:00,31,-36.628143,174.730331,1,False
esp32_device_001,2025-10-08T09:36:08.250000+13:00,32.6,-36.628103,174.730221,1,True
esp32_device_001,2025-10-08T09:36:09.500000+13:00,34.3,-36.628065,174.730018,1,True
esp32_device_001,2025-10-08T09:36:10.750000+13:00,36.0,-36.628035,174.729713,1,True
esp32_device_001,2025-10-08T09:36:12+13:00,37.6,-36.62804,174.729584,1,False
esp32_device_001,2025-10-08T09:36:14.500000+13:00,41.2,-36.627999,174.729286,1,True
esp32_device_001,2025-10-08T09:36:17+13:00,44.7,-36.627956,174.728851,1,False
esp32_device_001,2025-10-08T09:36:18+13:00,46.0,-36.627948,174.728827,1,True
esp32_device_001,2025-10-08T09:36:19+13:00,47.3,-36.627898,174.728610,1,True
esp32_device_001,2025-10-08T09:36:20+13:00,48.5,-36.627828,174.728395,1,True
esp32_device_001,2025-10-08T09:36:21+13:00,49.8,-36.627763,174.728270,1,True
esp32_device_001,2025-10-08T09:36:22+13:00,51.1,-36.627693,174.728165,1,False
esp32_device_001,2025-10-08T09:36:23.250000+13:00,52.8,-36.627678,174.728149,1,True
esp32_device_001,2025-10-08T09:36:24.500000+13:00,54.5,-36.627562,174.728006,1,True
esp32_device_001,2025-10-08T09:36:25.750000+13:00,56.3,-36.627441,174.727870,1,True
esp32_device_001,2025-10-08T09:36:27+13:00,58,-36.627201,174.7276,1,False
esp32_device_001,2025-10-08T09:36:28.250000+13:00,59.5,-36.626977,174.727357,1,True
esp32_device_001,2025-10-08T09:36:29.500000+13:00,61.0,-36.626829,174.727193,1,True
esp32_device_001,2025-10-08T09:36:30.750000+13:00,62.6,-36.626743,174.727087,1,True
esp32_device_001,2025-10-08T09:36:32+13:00,64.1,-36.626724,174.727036,1,False
esp32_device_001,2025-10-08T09:36:32.714286+13:00,65.1,-36.626690,174.727003,1,True
esp32_device_001,2025-10-08T09:36:33.428571+13:00,66.1,-36.626650,174.726923,1,True
esp32_device_001,2025-10-08T09:36:34.142857+13:00,67.1,-36.626607,174.726826,1,True
esp32_device_001,2025-10-08T09:36:34.857143+13:00,68.1,-36.626576,174.726720,1,True
esp32_device_001,2025-10-08T09:36:35.571429+13:00,69.1,-36.626554,174.726616,1,True
esp32_device_001,2025-10-08T09:36:36.285714+13:00,70.1,-36.626541,174.726506,1,True
esp32_device_001,2025-10-08T09:36:37+13:00,71.1,-36.626534,174.726318,1,False
esp32_device_001,2025-10-08T09:36:38.250000+13:00,72.4,-36.626523,174.726214,1,True
esp32_device_001,2025-10-08T09:36:39.500000+13:00,73.8,-36.626509,174.725736,1,True
esp32_device_001,2025-10-08T09:36:40.750000+13:00,75.2,-36.626503,174.725525,1,True
esp32_device_001,2025-10-08T09:36:42+13:00,76.5,-36.626507,174.72551,1,False
esp32_device_001,2025-10-08T09:36:43.250000+13:00,77.5,-36.626499,174.725398,1,True
esp32_device_001,2025-10-08T09:36:44.500000+13:00,78.6,-36.626495,174.725233,1,True
esp32_device_001,2025-10-08T09:36:45.750000+13:00,79.7,-36.626487,174.725074,1,True
esp32_device_001,2025-10-08T09:36:47+13:00,80.7,-36.626476,174.724625,1,False
esp32_device_001,2025-10-08T09:36:49.500000+13:00,82.2,-36.626439,174.723907,1,True
esp32_device_001,2025-10-08T09:36:52+13:00,83.7,-36.626434,174.723755,1,False
esp32_device_001,2025-10-08T09:36:52.714286+13:00,84.1,-36.626419,174.723729,1,True
esp32_device_001,2025-10-08T09:36:53.428571+13:00,84.6,-36.626399,174.723631,1,True
esp32_device_001,2025-10-08T09:36:54.142857+13:00,85.0,-36.626383,174.723551,1,True
esp32_device_001,2025-10-08T09:36:54.857143+13:00,85.4,-36.626348,174.723464,1,True
esp32_device_001,2025-10-08T09:36:55.571429+13:00,85.8,-36.626290,174.723365,1,True
esp32_device_001,2025-10-08T09:36:56.285714+13:00,86.3,-36.626129,174.723119,1,True
esp32_device_001,2025-10-08T09:36:57+13:00,86.7,-36.626129,174.723099,1,False
esp32_device_001,2025-10-08T09:36:58+13:00,87.0,-36.626036,174.722978,1,True
esp32_device_001,2025-10-08T09:36:59+13:00,87.3,-36.625935,174.722848,1,True
esp32_device_001,2025-10-08T09:37:00+13:00,87.6,-36.625764,174.722628,1,True
esp32_device_001,2025-10-08T09:37:01+13:00,87.9,-36.625714,174.722564,1,True
esp32_device_001,2025-10-08T09:37:02+13:00,88.2,-36.625702,174.722534,1,False
esp32_device_001,2025-10-08T09:37:03+13:00,88.5,-36.625603,174.722447,1,True
esp32_device_001,2025-10-08T09:37:04+13:00,88.8,-36.625480,174.722346,1,True
esp32_device_001,2025-10-08T09:37:05+13:00,89.1,-36.625360,174.722309,1,True
esp32_device_001,2025-10-08T09:37:06+13:00,89.4,-36.625190,174.722307,1,True
esp32_device_001,2025-10-08T09:37:07+13:00,89.7,-36.625153,174.72229,1,False
esp32_device_001,2025-10-08T09:37:07.833333+13:00,89.8,-36.625021,174.722323,1,True
esp32_device_001,2025-10-08T09:37:08.666667+13:00,89.9,-36.624892,174.722327,1,True
esp32_device_001,2025-10-08T09:37:09.500000+13:00,90.1,-36.624780,174.722324,1,True
esp32_device_001,2025-10-08T09:37:10.333333+13:00,90.2,-36.624705,174.722312,1,True
esp32_device_001,2025-10-08T09:37:11.166667+13:00,90.3,-36.624618,174.722276,1,True
esp32_device_001,2025-10-08T09:37:12+13:00,90.4,-36.62458,174.722229,1,False
esp32_device_001,2025-10-08T09:37:12.714286+13:00,89.5,-36.624535,174.722222,1,True
esp32_device_001,2025-10-08T09:37:13.428571+13:00,88.5,-36.624456,174.722148,1,True
esp32_device_001,2025-10-08T09:37:14.142857+13:00,87.6,-36.624391,174.722066,1,True
esp32_device_001,2025-10-08T09:37:14.857143+13:00,86.6,-36.624272,174.721903,1,True
esp32_device_001,2025-10-08T09:37:15.571429+13:00,85.7,-36.624165,174.721756,1,True
esp32_device_001,2025-10-08T09:37:16.285714+13:00,84.7,-36.624129,174.721706,1,True
esp32_device_001,2025-10-08T09:37:17+13:00,83.8,-36.624123,174.721664,1,False
esp32_device_001,2025-10-08T09:37:18+13:00,82.7,-36.624034,174.721567,1,True
esp32_device_001,2025-10-08T09:37:19+13:00,81.6,-36.623964,174.721449,1,True
esp32_device_001,2025-10-08T09:37:20+13:00,80.4,-36.623910,174.721323,1,True
esp32_device_001,2025-10-08T09:37:21+13:00,79.3,-36.623832,174.721112,1,True
esp32_device_001,2025-10-08T09:37:22+13:00,78.2,-36.623779,174.720917,1,False
esp32_device_001,2025-10-08T09:37:22.833333+13:00,77.5,-36.623660,174.720679,1,True
esp32_device_001,2025-10-08T09:37:23.666667+13:00,76.9,-36.623613,174.720602,1,True
esp32_device_001,2025-10-08T09:37:24.500000+13:00,76.2,-36.623539,174.720494,1,True
esp32_device_001,2025-10-08T09:37:25.333333+13:00,75.5,-36.623465,174.720411,1,True
esp32_device_001,2025-10-08T09:37:26.166667+13:00,74.9,-36.623394,174.720349,1,True
esp32_device_001,2025-10-08T09:37:27+13:00,74.2,-36.623371,174.720306,1,False
esp32_device_001,2025-10-08T09:37:28+13:00,73.5,-36.623326,174.720297,1,True
esp32_device_001,2025-10-08T09:37:29+13:00,72.9,-36.623180,174.720217,1,True
esp32_device_001,2025-10-08T09:37:30+13:00,72.2,-36.622960,174.720123,1,True
esp32_device_001,2025-10-08T09:37:31+13:00,71.6,-36.622807,174.720055,1,True
esp32_device_001,2025-10-08T09:37:32+13:00,70.9,-36.622803,174.720032,1,False
esp32_device_001,2025-10-08T09:37:33.250000+13:00,69.6,-36.622645,174.719974,1,True
esp32_device_001,2025-10-08T09:37:34.500000+13:00,68.3,-36.622472,174.719856,1,True
esp32_device_001,2025-10-08T09:37:35.750000+13:00,67.1,-36.622316,174.719727,1,True
esp32_device_001,2025-10-08T09:37:37+13:00,65.8,-36.622265,174.719635,1,False
esp32_device_001,2025-10-08T09:37:38+13:00,64.7,-36.622205,174.719602,1,True
esp32_device_001,2025-10-08T09:37:39+13:00,63.5,-36.622098,174.719468,1,True
esp32_device_001,2025-10-08T09:37:40+13:00,62.4,-36.622020,174.719349,1,True
esp32_device_001,2025-10-08T09:37:41+13:00,61.2,-36.621889,174.719111,1,True
esp32_device_001,2025-10-08T09:37:42+13:00,60.1,-36.621861,174.719025,1,False
esp32_device_001,2025-10-08T09:37:43.666667+13:00,58.4,-36.621741,174.718848,1,True
esp32_device_001,2025-10-08T09:37:45.333333+13:00,56.8,-36.621711,174.718794,1,True
esp32_device_001,2025-10-08T09:37:47+13:00,55.1,-36.621506,174.718369,1,False
esp32_device_001,2025-10-08T09:37:48.250000+13:00,53.9,-36.621381,174.718171,1,True
esp32_device_001,2025-10-08T09:37:49.500000+13:00,52.7,-36.621220,174.717905,1,True
esp32_device_001,2025-10-08T09:37:50.750000+13:00,51.4,-36.621158,174.717815,1,True
esp32_device_001,2025-10-08T09:37:52+13:00,50.2,-36.621109,174.717712,1,False
esp32_device_001,2025-10-08T09:37:52.714286+13:00,50.0,-36.621042,174.717661,1,True
esp32_device_001,2025-10-08T09:37:53.428571+13:00,49.9,-36.620980,174.717600,1,True
esp32_device_001,2025-10-08T09:37:54.142857+13:00,49.7,-36.620858,174.717482,1,True
esp32_device_001,2025-10-08T09:37:54.857143+13:00,49.5,-36.620733,174.717374,1,True
esp32_device_001,2025-10-08T09:37:55.571429+13:00,49.3,-36.620642,174.717310,1,True
esp32_device_001,2025-10-08T09:37:56.285714+13:00,49.2,-36.620550,174.717250,1,True
esp32_device_001,2025-10-08T09:37:57+13:00,49,-36.620537,174.717224,1,False
esp32_device_001,2025-10-08T09:38:02+13:00,51.8,-36.619869,174.716904,1,False
esp32_device_001,2025-10-08T09:38:03.250000+13:00,52.5,-36.619537,174.716760,1,True
esp32_device_001,2025-10-08T09:38:04.500000+13:00,53.2,-36.619502,174.716736,1,True
esp32_device_001,2025-10-08T09:38:05.750000+13:00,54.0,-36.619356,174.716638,1,True
esp32_device_001,2025-10-08T09:38:07+13:00,54.7,-36.619316,174.716583,1,False
esp32_device_001,2025-10-08T09:38:08.666667+13:00,54.3,-36.619184,174.716495,1,True
esp32_device_001,2025-10-08T09:38:10.333333+13:00,54.0,-36.618904,174.716179,1,True
esp32_device_001,2025-10-08T09:38:12+13:00,53.6,-36.618839,174.716064,1,False
esp32_device_001,2025-10-08T09:38:13.250000+13:00,53.1,-36.618804,174.716033,1,True
esp32_device_001,2025-10-08T09:38:14.500000+13:00,52.6,-36.618700,174.715862,1,True
esp32_device_001,2025-10-08T09:38:15.750000+13:00,52.1,-36.618478,174.715468,1,True
esp32_device_001,2025-10-08T09:38:17+13:00,51.6,-36.618439,174.715378,1,False
esp32_device_001,2025-10-08T09:38:18.250000+13:00,51.2,-36.618328,174.715210,1,True
esp32_device_001,2025-10-08T09:38:19.500000+13:00,50.9,-36.618207,174.715029,1,True
esp32_device_001,2025-10-08T09:38:20.750000+13:00,50.6,-36.618079,174.714872,1,True
esp32_device_001,2025-10-08T09:38:22+13:00,50.2,-36.617985,174.714752,1,False
esp32_device_001,2025-10-08T09:38:22.714286+13:00,50.4,-36.617952,174.714729,1,True
esp32_device_001,2025-10-08T09:38:23.428571+13:00,50.7,-36.617846,174.714630,1,True
esp32_device_001,2025-10-08T09:38:24.142857+13:00,50.9,-36.617732,174.714529,1,True
esp32_device_001,2025-10-08T09:38:24.857143+13:00,51.2,-36.617592,174.714426,1,True
esp32_device_001,2025-10-08T09:38:25.571429+13:00,51.4,-36.617522,174.714381,1,True
esp32_device_001,2025-10-08T09:38:26.285714+13:00,51.7,-36.617427,174.714325,1,True
esp32_device_001,2025-10-08T09:38:27+13:00,51.9,-36.617455,174.71431,1,False
esp32_device_001,2025-10-08T09:38:27.312500+13:00,52.0,-36.617477,174.714246,1,True
esp32_device_001,2025-10-08T09:38:27.625000+13:00,52.2,-36.617658,174.713878,1,True
esp32_device_001,2025-10-08T09:38:27.937500+13:00,52.3,-36.617720,174.713806,1,True
esp32_device_001,2025-10-08T09:38:28.250000+13:00,52.5,-36.617774,174.713772,1,True
esp32_device_001,2025-10-08T09:38:28.562500+13:00,52.6,-36.617603,174.713216,1,True
esp32_device_001,2025-10-08T09:38:28.875000+13:00,52.7,-36.617307,174.713347,1,True
esp32_device_001,2025-10-08T09:38:29.187500+13:00,52.9,-36.617268,174.713381,1,True
esp32_device_001,2025-10-08T09:38:29.500000+13:00,53.0,-36.617307,174.713347,1,True
esp32_device_001,2025-10-08T09:38:29.812500+13:00,53.1,-36.617603,174.713216,1,True
esp32_device_001,2025-10-08T09:38:30.125000+13:00,53.3,-36.617774,174.713772,1,True
esp32_device_001,2025-10-08T09:38:30.437500+13:00,53.4,-36.617720,174.713806,1,True
esp32_device_001,2025-10-08T09:38:30.750000+13:00,53.5,-36.617658,174.713878,1,True
esp32_device_001,2025-10-08T09:38:31.062500+13:00,53.7,-36.617477,174.714246,1,True
esp32_device_001,2025-10-08T09:38:31.375000+13:00,53.8,-36.617427,174.714325,1,True
esp32_device_001,2025-10-08T09:38:31.687500+13:00,54.0,-36.617243,174.714220,1,True
esp32_device_001,2025-10-08T09:38:32+13:00,54.1,-36.616894,174.714005,1,False
esp32_device_001,2025-10-08T09:38:34.500000+13:00,55.2,-36.616779,174.713964,1,True
esp32_device_001,2025-10-08T09:38:37+13:00,56.3,-36.616348,174.713699,1,False
esp32_device_001,2025-10-08T09:38:38.666667+13:00,57.2,-36.616150,174.713625,1,True
esp32_device_001,2025-10-08T09:38:40.333333+13:00,58.1,-36.615917,174.713500,1,True
esp32_device_001,2025-10-08T09:38:42+13:00,59,-36.615784,174.713394,1,False
esp32_device_001,2025-10-08T09:38:43.250000+13:00,59.6,-36.615682,174.713390,1,True
esp32_device_001,2025-10-08T09:38:44.500000+13:00,60.2,-36.615417,174.713291,1,True
esp32_device_001,2025-10-08T09:38:45.750000+13:00,60.9,-36.615205,174.713235,1,True
esp32_device_001,2025-10-08T09:38:47+13:00,61.5,-36.615177,174.713196,1,False
esp32_device_001,2025-10-08T09:38:48.250000+13:00,61.9,-36.615024,174.713205,1,True
esp32_device_001,2025-10-08T09:38:49.500000+13:00,62.2,-36.614812,174.713186,1,True
esp32_device_001,2025-10-08T09:38:50.750000+13:00,62.6,-36.614714,174.713182,1,True
esp32_device_001,2025-10-08T09:38:52+13:00,63,-36.614563,174.713165,1,False
esp32_device_001,2025-10-08T09:38:53.666667+13:00,63.5,-36.614533,174.713175,1,True
esp32_device_001,2025-10-08T09:38:55.333333+13:00,63.9,-36.614316,174.713193,1,True
esp32_device_001,2025-10-08T09:38:57+13:00,64.4,-36.614235,174.713181,1,False
esp32_device_001,2025-10-08T09:39:02+13:00,65.7,-36.614056,174.713211,1,False
esp32_device_001,2025-10-08T09:39:03.250000+13:00,66.2,-36.613865,174.713268,1,True
esp32_device_001,2025-10-08T09:39:04.500000+13:00,66.6,-36.613845,174.713272,1,True
esp32_device_001,2025-10-08T09:39:05.750000+13:00,67.0,-36.613677,174.713301,1,True
esp32_device_001,2025-10-08T09:39:07+13:00,67.5,-36.613632,174.713287,1,False
esp32_device_001,2025-10-08T09:39:07.833333+13:00,67.7,-36.613576,174.713317,1,True
esp32_device_001,2025-10-08T09:39:08.666667+13:00,68.0,-36.613463,174.713334,1,True
esp32_device_001,2025-10-08T09:39:09.500000+13:00,68.2,-36.613331,174.713345,1,True
esp32_device_001,2025-10-08T09:39:10.333333+13:00,68.4,-36.613207,174.713336,1,True
esp32_device_001,2025-10-08T09:39:11.166667+13:00,68.7,-36.613097,174.713312,1,True
esp32_device_001,2025-10-08T09:39:12+13:00,68.9,-36.613056,174.713257,1,False
esp32_device_001,2025-10-08T09:39:12.714286+13:00,69.3,-36.612993,174.713277,1,True
esp32_device_001,2025-10-08T09:39:13.428571+13:00,69.6,-36.612900,174.713235,1,True
esp32_device_001,2025-10-08T09:39:14.142857+13:00,70.0,-36.612804,174.713180,1,True
esp32_device_001,2025-10-08T09:39:14.857143+13:00,70.4,-36.612731,174.713130,1,True
esp32_device_001,2025-10-08T09:39:15.571429+13:00,70.8,-36.612661,174.713075,1,True
esp32_device_001,2025-10-08T09:39:16.285714+13:00,71.1,-36.612567,174.712976,1,True
esp32_device_001,2025-10-08T09:39:17+13:00,71.5,-36.61253,174.712875,1,False
esp32_device_001,2025-10-08T09:39:19.500000+13:00,72.8,-36.612417,174.712766,1,True
esp32_device_001,2025-10-08T09:39:22+13:00,74,-36.612099,174.712219,1,False
esp32_device_001,2025-10-08T09:39:24.500000+13:00,76.0,-36.611885,174.711921,1,True
esp32_device_001,2025-10-08T09:39:27+13:00,78,-36.611633,174.711502,1,False
esp32_device_001,2025-10-08T09:39:32+13:00,82,-36.611187,174.710831,1,False
esp32_device_001,2025-10-08T09:39:32.555556+13:00,82.0,-36.611162,174.710841,1,True
esp32_device_001,2025-10-08T09:39:33.111111+13:00,82.1,-36.611108,174.710736,1,True
esp32_device_001,2025-10-08T09:39:33.666667+13:00,82.1,-36.611065,174.710624,1,True
esp32_device_001,2025-10-08T09:39:34.222222+13:00,82.2,-36.611032,174.710507,1,True
esp32_device_001,2025-10-08T09:39:34.777778+13:00,82.2,-36.611012,174.710397,1,True
esp32_device_001,2025-10-08T09:39:35.333333+13:00,82.3,-36.610998,174.710286,1,True
esp32_device_001,2025-10-08T09:39:35.888889+13:00,82.3,-36.610995,174.710182,1,True
esp32_device_001,2025-10-08T09:39:36.444444+13:00,82.4,-36.611003,174.710078,1,True
esp32_device_001,2025-10-08T09:39:37+13:00,82.4,-36.611027,174.710068,1,False
esp32_device_001,2025-10-08T09:39:38.250000+13:00,81.1,-36.611018,174.709977,1,True
esp32_device_001,2025-10-08T09:39:39.500000+13:00,79.7,-36.611056,174.709764,1,True
esp32_device_001,2025-10-08T09:39:40.750000+13:00,78.3,-36.611178,174.709198,1,True
esp32_device_001,2025-10-08T09:39:42+13:00,77,-36.611202,174.709198,1,False
esp32_device_001,2025-10-08T09:39:42.147059+13:00,76.8,-36.611348,174.709147,1,True
esp32_device_001,2025-10-08T09:39:42.294118+13:00,76.5,-36.611409,174.709127,1,True
esp32_device_001,2025-10-08T09:39:42.441176+13:00,76.3,-36.611607,174.709080,1,True
esp32_device_001,2025-10-08T09:39:42.588235+13:00,76.0,-36.611727,174.709008,1,True
esp32_device_001,2025-10-08T09:39:42.735294+13:00,75.8,-36.611824,174.708941,1,True
esp32_device_001,2025-10-08T09:39:42.882353+13:00,75.6,-36.611890,174.708878,1,True
esp32_device_001,2025-10-08T09:39:43.029412+13:00,75.3,-36.611924,174.708817,1,True
esp32_device_001,2025-10-08T09:39:43.176471+13:00,75.1,-36.611943,174.708759,1,True
esp32_device_001,2025-10-08T09:39:43.323529+13:00,74.9,-36.611944,174.708703,1,True
esp32_device_001,2025-10-08T09:39:43.470588+13:00,74.6,-36.611931,174.708656,1,True
esp32_device_001,2025-10-08T09:39:43.617647+13:00,74.4,-36.611908,174.708637,1,True
esp32_device_001,2025-10-08T09:39:43.764706+13:00,74.1,-36.611868,174.708621,1,True
esp32_device_001,2025-10-08T09:39:43.911765+13:00,73.9,-36.611826,174.708608,1,True
esp32_device_001,2025-10-08T09:39:44.058824+13:00,73.7,-36.611806,174.708604,1,True
esp32_device_001,2025-10-08T09:39:44.205882+13:00,73.4,-36.611785,174.708713,1,True
esp32_device_001,2025-10-08T09:39:44.352941+13:00,73.2,-36.611806,174.708604,1,True
esp32_device_001,2025-10-08T09:39:44.500000+13:00,73.0,-36.611826,174.708608,1,True
esp32_device_001,2025-10-08T09:39:44.647059+13:00,72.7,-36.611868,174.708621,1,True
esp32_device_001,2025-10-08T09:39:44.794118+13:00,72.5,-36.611908,174.708637,1,True
esp32_device_001,2025-10-08T09:39:44.941176+13:00,72.2,-36.611931,174.708656,1,True
esp32_device_001,2025-10-08T09:39:45.088235+13:00,72.0,-36.611944,174.708703,1,True
esp32_device_001,2025-10-08T09:39:45.235294+13:00,71.8,-36.611943,174.708759,1,True
esp32_device_001,2025-10-08T09:39:45.382353+13:00,71.5,-36.611924,174.708817,1,True
esp32_device_001,2025-10-08T09:39:45.529412+13:00,71.3,-36.611890,174.708878,1,True
esp32_device_001,2025-10-08T09:39:45.676471+13:00,71.0,-36.611824,174.708941,1,True
esp32_device_001,2025-10-08T09:39:45.823529+13:00,70.8,-36.611727,174.709008,1,True
esp32_device_001,2025-10-08T09:39:45.970588+13:00,70.6,-36.611607,174.709080,1,True
esp32_device_001,2025-10-08T09:39:46.117647+13:00,70.3,-36.611409,174.709127,1,True
esp32_device_001,2025-10-08T09:39:46.264706+13:00,70.1,-36.611348,174.709147,1,True
esp32_device_001,2025-10-08T09:39:46.411765+13:00,69.9,-36.611178,174.709198,1,True
esp32_device_001,2025-10-08T09:39:46.558824+13:00,69.6,-36.611262,174.708807,1,True
esp32_device_001,2025-10-08T09:39:46.705882+13:00,69.4,-36.611301,174.708629,1,True
esp32_device_001,2025-10-08T09:39:46.852941+13:00,69.1,-36.611323,174.708528,1,True
esp32_device_001,2025-10-08T09:39:47+13:00,68.9,-36.611427,174.708282,1,False
esp32_device_001,2025-10-08T09:39:48.666667+13:00,67.4,-36.611504,174.707688,1,True
esp32_device_001,2025-10-08T09:39:50.333333+13:00,65.8,-36.611551,174.707450,1,True
esp32_device_001,2025-10-08T09:39:52+13:00,64.3,-36.611603,174.707352,1,False
esp32_device_001,2025-10-08T09:39:52.714286+13:00,63.9,-36.611563,174.707333,1,True
esp32_device_001,2025-10-08T09:39:53.428571+13:00,63.6,-36.611569,174.707232,1,True
esp32_device_001,2025-10-08T09:39:54.142857+13:00,63.2,-36.611566,174.706984,1,True
esp32_device_001,2025-10-08T09:39:54.857143+13:00,62.8,-36.611523,174.706775,1,True
esp32_device_001,2025-10-08T09:39:55.571429+13:00,62.4,-36.611496,174.706673,1,True
esp32_device_001,2025-10-08T09:39:56.285714+13:00,62.1,-36.611454,174.706561,1,True
esp32_device_001,2025-10-08T09:39:57+13:00,61.7,-36.611458,174.706451,1,False
esp32_device_001,2025-10-08T09:39:58.250000+13:00,61.5,-36.611385,174.706409,1,True
esp32_device_001,2025-10-08T09:39:59.500000+13:00,61.4,-36.611256,174.706179,1,True
esp32_device_001,2025-10-08T09:40:00.750000+13:00,61.2,-36.611132,174.705994,1,True
esp32_device_001,2025-10-08T09:40:02+13:00,61,-36.611,174.705688,1,False
esp32_device_001,2025-10-08T09:40:03+13:00,60.9,-36.610876,174.705580,1,True
esp32_device_001,2025-10-08T09:40:04+13:00,60.8,-36.610838,174.705502,1,True
esp32_device_001,2025-10-08T09:40:05+13:00,60.7,-36.610783,174.705385,1,True
esp32_device_001,2025-10-08T09:40:06+13:00,60.6,-36.610695,174.705137,1,True
esp32_device_001,2025-10-08T09:40:07+13:00,60.5,-36.61068,174.70491,1,False
esp32_device_001,2025-10-08T09:40:09.500000+13:00,60.0,-36.610461,174.704336,1,True
esp32_device_001,2025-10-08T09:40:12+13:00,59.6,-36.610466,174.704132,1,False
esp32_device_001,2025-10-08T09:40:12.714286+13:00,59.4,-36.610407,174.704125,1,True
esp32_device_001,2025-10-08T09:40:13.428571+13:00,59.2,-36.610380,174.703930,1,True
esp32_device_001,2025-10-08T09:40:14.142857+13:00,59.0,-36.610369,174.703761,1,True
esp32_device_001,2025-10-08T09:40:14.857143+13:00,58.8,-36.610377,174.703657,1,True
esp32_device_001,2025-10-08T09:40:15.571429+13:00,58.6,-36.610393,174.703523,1,True
esp32_device_001,2025-10-08T09:40:16.285714+13:00,58.4,-36.610417,174.703404,1,True
esp32_device_001,2025-10-08T09:40:17+13:00,58.2,-36.6105,174.703354,1,False
esp32_device_001,2025-10-08T09:40:18.666667+13:00,57.2,-36.610455,174.703246,1,True
esp32_device_001,2025-10-08T09:40:20.333333+13:00,56.1,-36.610513,174.703087,1,True
esp32_device_001,2025-10-08T09:40:22+13:00,55.1,-36.61076,174.702606,1,False
esp32_device_001,2025-10-08T09:40:22.151515+13:00,55.0,-36.610772,174.702399,1,True
esp32_device_001,2025-10-08T09:40:22.303030+13:00,54.8,-36.610844,174.702209,1,True
esp32_device_001,2025-10-08T09:40:22.454545+13:00,54.7,-36.610918,174.702013,1,True
esp32_device_001,2025-10-08T09:40:22.606061+13:00,54.6,-36.610930,174.701977,1,True
esp32_device_001,2025-10-08T09:40:22.757576+13:00,54.4,-36.610954,174.701903,1,True
esp32_device_001,2025-10-08T09:40:22.909091+13:00,54.3,-36.611084,174.701927,1,True
esp32_device_001,2025-10-08T09:40:23.060606+13:00,54.1,-36.611167,174.701928,1,True
esp32_device_001,2025-10-08T09:40:23.212121+13:00,54.0,-36.611261,174.701954,1,True
esp32_device_001,2025-10-08T09:40:23.363636+13:00,53.9,-36.611361,174.702056,1,True
esp32_device_001,2025-10-08T09:40:23.515152+13:00,53.7,-36.611420,174.702227,1,True
esp32_device_001,2025-10-08T09:40:23.666667+13:00,53.6,-36.612312,174.701706,1,True
esp32_device_001,2025-10-08T09:40:23.818182+13:00,53.5,-36.612387,174.701706,1,True
esp32_device_001,2025-10-08T09:40:23.969697+13:00,53.3,-36.612477,174.701757,1,True
esp32_device_001,2025-10-08T09:40:24.121212+13:00,53.2,-36.612523,174.701798,1,True
esp32_device_001,2025-10-08T09:40:24.272727+13:00,53.1,-36.612556,174.701854,1,True
esp32_device_001,2025-10-08T09:40:24.424242+13:00,52.9,-36.612594,174.701975,1,True
esp32_device_001,2025-10-08T09:40:24.575758+13:00,52.8,-36.612661,174.702195,1,True
esp32_device_001,2025-10-08T09:40:24.727273+13:00,52.6,-36.612661,174.702268,1,True
esp32_device_001,2025-10-08T09:40:24.878788+13:00,52.5,-36.612656,174.702302,1,True
esp32_device_001,2025-10-08T09:40:25.030303+13:00,52.4,-36.612649,174.702345,1,True
esp32_device_001,2025-10-08T09:40:25.181818+13:00,52.2,-36.612606,174.702461,1,True
esp32_device_001,2025-10-08T09:40:25.333333+13:00,52.1,-36.612527,174.702547,1,True
esp32_device_001,2025-10-08T09:40:25.484848+13:00,52.0,-36.611794,174.703012,1,True
esp32_device_001,2025-10-08T09:40:25.636364+13:00,51.8,-36.611749,174.702946,1,True
esp32_device_001,2025-10-08T09:40:25.787879+13:00,51.7,-36.611530,174.702546,1,True
esp32_device_001,2025-10-08T09:40:25.939394+13:00,51.6,-36.611420,174.702227,1,True
esp32_device_001,2025-10-08T09:40:26.090909+13:00,51.4,-36.611361,174.702056,1,True
esp32_device_001,2025-10-08T09:40:26.242424+13:00,51.3,-36.611261,174.701954,1,True
esp32_device_001,2025-10-08T09:40:26.393939+13:00,51.1,-36.611177,174.701885,1,True
esp32_device_001,2025-10-08T09:40:26.545455+13:00,51.0,-36.611128,174.701864,1,True
esp32_device_001,2025-10-08T09:40:26.696970+13:00,50.9,-36.611106,174.701854,1,True
esp32_device_001,2025-10-08T09:40:26.848485+13:00,50.7,-36.611068,174.701838,1,True
esp32_device_001,2025-10-08T09:40:27+13:00,50.6,-36.611042,174.701859,1,False
esp32_device_001,2025-10-08T09:40:27.833333+13:00,50.0,-36.610983,174.701816,1,True
esp32_device_001,2025-10-08T09:40:28.666667+13:00,49.4,-36.611028,174.701684,1,True
esp32_device_001,2025-10-08T09:40:29.500000+13:00,48.8,-36.611072,174.701515,1,True
esp32_device_001,2025-10-08T09:40:30.333333+13:00,48.2,-36.611104,174.701371,1,True
esp32_device_001,2025-10-08T09:40:31.166667+13:00,47.6,-36.611143,174.701186,1,True
esp32_device_001,2025-10-08T09:40:32+13:00,47,-36.611214,174.70105,1,False
esp32_device_001,2025-10-08T09:40:33.666667+13:00,46.9,-36.611177,174.700986,1,True
esp32_device_001,2025-10-08T09:40:35.333333+13:00,46.7,-36.611261,174.700444,1,True
esp32_device_001,2025-10-08T09:40:37+13:00,46.6,-36.61134,174.700226,1,False
esp32_device_001,2025-10-08T09:40:37.384615+13:00,46.4,-36.611414,174.699424,1,True
esp32_device_001,2025-10-08T09:40:37.769231+13:00,46.3,-36.611646,174.699495,1,True
esp32_device_001,2025-10-08T09:40:38.153846+13:00,46.1,-36.611606,174.699613,1,True
esp32_device_001,2025-10-08T09:40:38.538462+13:00,46.0,-36.611561,174.699720,1,True
esp32_device_001,2025-10-08T09:40:38.923077+13:00,45.8,-36.611545,174.699827,1,True
esp32_device_001,2025-10-08T09:40:39.307692+13:00,45.7,-36.611565,174.699889,1,True
esp32_device_001,2025-10-08T09:40:39.692308+13:00,45.5,-36.611688,174.699967,1,True
esp32_device_001,2025-10-08T09:40:40.076923+13:00,45.4,-36.611565,174.699889,1,True
esp32_device_001,2025-10-08T09:40:40.461538+13:00,45.2,-36.611545,174.699827,1,True
esp32_device_001,2025-10-08T09:40:40.846154+13:00,45.1,-36.611561,174.699720,1,True
esp32_device_001,2025-10-08T09:40:41.230769+13:00,44.9,-36.611606,174.699613,1,True
esp32_device_001,2025-10-08T09:40:41.615385+13:00,44.8,-36.611646,174.699495,1,True
esp32_device_001,2025-10-08T09:40:42+13:00,44.6,-36.611458,174.699402,1,False
esp32_device_001,2025-10-08T09:40:44.500000+13:00,41.9,-36.611414,174.699424,1,True
esp32_device_001,2025-10-08T09:40:47+13:00,39.1,-36.611584,174.698532,1,False
esp32_device_001,2025-10-08T09:40:49.500000+13:00,36.5,-36.611681,174.697836,1,True
esp32_device_001,2025-10-08T09:40:52+13:00,34,-36.61174,174.697586,1,False
esp32_device_001,2025-10-08T09:40:54.500000+13:00,33.6,-36.611802,174.697124,1,True
esp32_device_001,2025-10-08T09:40:57+13:00,33.2,-36.611897,174.696716,1,False
esp32_device_001,2025-10-08T09:40:58.666667+13:00,34.9,-36.611904,174.696568,1,True
esp32_device_001,2025-10-08T09:41:00.333333+13:00,36.5,-36.611927,174.696452,1,True
esp32_device_001,2025-10-08T09:41:02+13:00,38.2,-36.612045,174.695923,1,False
esp32_device_001,2025-10-08T09:41:04.500000+13:00,39.0,-36.612110,174.695512,1,True
esp32_device_001,2025-10-08T09:41:07+13:00,39.9,-36.612198,174.695145,1,False
esp32_device_001,2025-10-08T09:41:08.666667+13:00,39.5,-36.612258,174.694747,1,True
esp32_device_001,2025-10-08T09:41:10.333333+13:00,39.0,-36.612349,174.694401,1,True
esp32_device_001,2025-10-08T09:41:12+13:00,38.6,-36.612392,174.694305,1,False
esp32_device_001,2025-10-08T09:41:13.666667+13:00,38.2,-36.612466,174.693951,1,True
esp32_device_001,2025-10-08T09:41:15.333333+13:00,37.9,-36.612511,174.693781,1,True
esp32_device_001,2025-10-08T09:41:17+13:00,37.5,-36.612621,174.693451,1,False
esp32_device_001,2025-10-08T09:41:22+13:00,40.8,-36.612862,174.692596,1,False
esp32_device_001,2025-10-08T09:41:22.833333+13:00,41.8,-36.612859,174.692530,1,True
esp32_device_001,2025-10-08T09:41:23.666667+13:00,42.8,-36.612892,174.692403,1,True
esp32_device_001,2025-10-08T09:41:24.500000+13:00,43.8,-36.612976,174.692123,1,True
esp32_device_001,2025-10-08T09:41:25.333333+13:00,44.7,-36.613039,174.691939,1,True
esp32_device_001,2025-10-08T09:41:26.166667+13:00,45.7,-36.613111,174.691759,1,True
esp32_device_001,2025-10-08T09:41:27+13:00,46.7,-36.613148,174.691772,1,False
esp32_device_001,2025-10-08T09:41:28.250000+13:00,48.5,-36.613201,174.691576,1,True
esp32_device_001,2025-10-08T09:41:29.500000+13:00,50.2,-36.613323,174.691353,1,True
esp32_device_001,2025-10-08T09:41:30.750000+13:00,52.0,-36.613442,174.691149,1,True
esp32_device_001,2025-10-08T09:41:32+13:00,53.7,-36.613544,174.691025,1,False
esp32_device_001,2025-10-08T09:41:32.833333+13:00,54.3,-36.613543,174.690982,1,True
esp32_device_001,2025-10-08T09:41:33.666667+13:00,54.9,-36.613630,174.690817,1,True
esp32_device_001,2025-10-08T09:41:34.500000+13:00,55.5,-36.613718,174.690637,1,True
esp32_device_001,2025-10-08T09:41:35.333333+13:00,56.0,-36.613767,174.690512,1,True
esp32_device_001,2025-10-08T09:41:36.166667+13:00,56.6,-36.613813,174.690382,1,True
esp32_device_001,2025-10-08T09:41:37+13:00,57.2,-36.613869,174.690262,1,False
esp32_device_001,2025-10-08T09:41:38+13:00,57.5,-36.613867,174.690187,1,True
esp32_device_001,2025-10-08T09:41:39+13:00,57.7,-36.613902,174.689968,1,True
esp32_device_001,2025-10-08T09:41:40+13:00,58.0,-36.613919,174.689746,1,True
esp32_device_001,2025-10-08T09:41:41+13:00,58.2,-36.613921,174.689568,1,True
esp32_device_001,2025-10-08T09:41:42+13:00,58.5,-36.613926,174.689377,1,False
esp32_device_001,2025-10-08T09:41:43.250000+13:00,59.5,-36.613904,174.689269,1,True
esp32_device_001,2025-10-08T09:41:44.500000+13:00,60.6,-36.613880,174.689063,1,True
esp32_device_001,2025-10-08T09:41:45.750000+13:00,61.7,-36.613849,174.688854,1,True
esp32_device_001,2025-10-08T09:41:47+13:00,62.7,-36.613811,174.688492,1,False
esp32_device_001,2025-10-08T09:41:48+13:00,63.5,-36.613779,174.688406,1,True
esp32_device_001,2025-10-08T09:41:49+13:00,64.3,-36.613736,174.688139,1,True
esp32_device_001,2025-10-08T09:41:50+13:00,65.0,-36.613682,174.687807,1,True
esp32_device_001,2025-10-08T09:41:51+13:00,65.8,-36.613673,174.687707,1,True
esp32_device_001,2025-10-08T09:41:52+13:00,66.6,-36.613693,174.687653,1,False
esp32_device_001,2025-10-08T09:41:53.250000+13:00,67.3,-36.613661,174.687576,1,True
esp32_device_001,2025-10-08T09:41:54.500000+13:00,67.9,-36.613660,174.687347,1,True
esp32_device_001,2025-10-08T09:41:55.750000+13:00,68.6,-36.613658,174.687117,1,True
esp32_device_001,2025-10-08T09:41:57+13:00,69.3,-36.613705,174.686798,1,False
esp32_device_001,2025-10-08T09:41:57.833333+13:00,68.9,-36.613679,174.686742,1,True
esp32_device_001,2025-10-08T09:41:58.666667+13:00,68.4,-36.613683,174.686689,1,True
esp32_device_001,2025-10-08T09:41:59.500000+13:00,68.0,-36.613712,174.686435,1,True
esp32_device_001,2025-10-08T09:42:00.333333+13:00,67.6,-36.613725,174.686265,1,True
esp32_device_001,2025-10-08T09:42:01.166667+13:00,67.1,-36.613748,174.686157,1,True
esp32_device_001,2025-10-08T09:42:02+13:00,66.7,-36.613747,174.685944,1,False
esp32_device_001,2025-10-08T09:42:02.833333+13:00,66.2,-36.613758,174.685739,1,True
esp32_device_001,2025-10-08T09:42:03.666667+13:00,65.6,-36.613782,174.685486,1,True
esp32_device_001,2025-10-08T09:42:04.500000+13:00,65.0,-36.613809,174.685304,1,True
esp32_device_001,2025-10-08T09:42:05.333333+13:00,64.5,-36.613831,174.685200,1,True
esp32_device_001,2025-10-08T09:42:06.166667+13:00,64.0,-36.613865,174.685062,1,True
esp32_device_001,2025-10-08T09:42:07+13:00,63.4,-36.613869,174.685043,1,False
esp32_device_001,2025-10-08T09:42:08.250000+13:00,63.2,-36.613945,174.684841,1,True
esp32_device_001,2025-10-08T09:42:09.500000+13:00,63.0,-36.614167,174.684346,1,True
esp32_device_001,2025-10-08T09:42:10.750000+13:00,62.8,-36.614206,174.684276,1,True
esp32_device_001,2025-10-08T09:42:12+13:00,62.6,-36.614239,174.68428,1,False
esp32_device_001,2025-10-08T09:42:14.500000+13:00,62.4,-36.614403,174.683925,1,True
esp32_device_001,2025-10-08T09:42:17+13:00,62.1,-36.614643,174.683533,1,False
esp32_device_001,2025-10-08T09:42:18.250000+13:00,61.8,-36.614683,174.683432,1,True
esp32_device_001,2025-10-08T09:42:19.500000+13:00,61.5,-36.614821,174.683208,1,True
esp32_device_001,2025-10-08T09:42:20.750000+13:00,61.2,-36.614866,174.683135,1,True
esp32_device_001,2025-10-08T09:42:22+13:00,60.9,-36.615047,174.682861,1,False
esp32_device_001,2025-10-08T09:42:24.500000+13:00,60.4,-36.615371,174.682311,1,True
esp32_device_001,2025-10-08T09:42:27+13:00,59.9,-36.61544,174.682236,1,False
esp32_device_001,2025-10-08T09:42:32+13:00,58.8,-36.615803,174.681625,1,False
esp32_device_001,2025-10-08T09:42:33.666667+13:00,58.2,-36.615870,174.681498,1,True
esp32_device_001,2025-10-08T09:42:35.333333+13:00,57.5,-36.615913,174.681413,1,True
esp32_device_001,2025-10-08T09:42:37+13:00,56.9,-36.616112,174.680969,1,False
esp32_device_001,2025-10-08T09:42:38.250000+13:00,56.2,-36.616128,174.680906,1,True
esp32_device_001,2025-10-08T09:42:39.500000+13:00,55.5,-36.616210,174.680715,1,True
esp32_device_001,2025-10-08T09:42:40.750000+13:00,54.9,-36.616324,174.680474,1,True
esp32_device_001,2025-10-08T09:42:42+13:00,54.2,-36.616425,174.680313,1,False
esp32_device_001,2025-10-08T09:42:43.666667+13:00,52.3,-36.616617,174.679965,1,True
esp32_device_001,2025-10-08T09:42:45.333333+13:00,50.5,-36.616732,174.679797,1,True
esp32_device_001,2025-10-08T09:42:47+13:00,48.6,-36.616806,174.679703,1,False
esp32_device_001,2025-10-08T09:42:48.666667+13:00,46.0,-36.616854,174.679597,1,True
esp32_device_001,2025-10-08T09:42:50.333333+13:00,43.4,-36.617107,174.679246,1,True
esp32_device_001,2025-10-08T09:42:52+13:00,40.8,-36.617294,174.679047,1,False
esp32_device_001,2025-10-08T09:42:54.500000+13:00,37.0,-36.617339,174.678976,1,True
esp32_device_001,2025-10-08T09:42:57+13:00,33.2,-36.617794,174.678467,1,False
esp32_device_001,2025-10-08T09:42:59.500000+13:00,30.0,-36.618191,174.677996,1,True
esp32_device_001,2025-10-08T09:43:02+13:00,26.7,-36.618244,174.677963,1,False
esp32_device_001,2025-10-08T09:43:04.500000+13:00,25.2,-36.618618,174.677519,1,True
esp32_device_001,2025-10-08T09:43:07+13:00,23.8,-36.61869,174.677444,1,False
esp32_device_001,2025-10-08T09:43:08.666667+13:00,23.4,-36.618731,174.677381,1,True
esp32_device_001,2025-10-08T09:43:10.333333+13:00,23.0,-36.619006,174.676980,1,True
esp32_device_001,2025-10-08T09:43:12+13:00,22.6,-36.61911,174.676849,1,False
esp32_device_001,2025-10-08T09:43:13.250000+13:00,22.6,-36.619201,174.676662,1,True
esp32_device_001,2025-10-08T09:43:14.500000+13:00,22.6,-36.619313,174.676509,1,True
esp32_device_001,2025-10-08T09:43:15.750000+13:00,22.5,-36.619434,174.676321,1,True
esp32_device_001,2025-10-08T09:43:17+13:00,22.5,-36.619534,174.676208,1,False
esp32_device_001,2025-10-08T09:43:19.500000+13:00,23.1,-36.619888,174.675646,1,True
esp32_device_001,2025-10-08T09:43:22+13:00,23.8,-36.619987,174.675537,1,False
esp32_device_001,2025-10-08T09:43:24.500000+13:00,26.6,-36.620115,174.675289,1,True
esp32_device_001,2025-10-08T09:43:27+13:00,29.4,-36.620407,174.674896,1,False
esp32_device_001,2025-10-08T09:43:29.500000+13:00,31.5,-36.620648,174.674392,1,True
esp32_device_001,2025-10-08T09:43:32+13:00,33.6,-36.620705,174.674332,1,False
esp32_device_001,2025-10-08T09:43:34.500000+13:00,34.7,-36.620829,174.673991,1,True
esp32_device_001,2025-10-08T09:43:37+13:00,35.7,-36.620869,174.673965,1,False
esp32_device_001,2025-10-08T09:43:52+13:00,36.7,-36.620971,174.673612,1,True
esp32_device_001,2025-10-08T09:44:07+13:00,37.6,-36.62109,174.673431,1,False
esp32_device_001,2025-10-08T09:44:09.500000+13:00,37.9,-36.621048,174.673392,1,True
esp32_device_001,2025-10-08T09:44:12+13:00,38.1,-36.621288,174.672897,1,False
esp32_device_001,2025-10-08T09:44:17+13:00,38.1,-36.62146,174.672379,1,False
esp32_device_001,2025-10-08T09:44:17.096154+13:00,38.1,-36.621541,174.672204,1,True
esp32_device_001,2025-10-08T09:44:17.192308+13:00,38.1,-36.621591,174.672104,1,True
esp32_device_001,2025-10-08T09:44:17.288462+13:00,38.0,-36.621626,174.672009,1,True
esp32_device_001,2025-10-08T09:44:17.384615+13:00,38.0,-36.621673,174.671929,1,True
esp32_device_001,2025-10-08T09:44:17.480769+13:00,38.0,-36.621705,174.671890,1,True
esp32_device_001,2025-10-08T09:44:17.576923+13:00,38.0,-36.621804,174.671838,1,True
esp32_device_001,2025-10-08T09:44:17.673077+13:00,37.9,-36.622386,174.671942,1,True
esp32_device_001,2025-10-08T09:44:17.769231+13:00,37.9,-36.622552,174.671979,1,True
esp32_device_001,2025-10-08T09:44:17.865385+13:00,37.9,-36.622698,174.672014,1,True
esp32_device_001,2025-10-08T09:44:17.961538+13:00,37.9,-36.622908,174.672079,1,True
esp32_device_001,2025-10-08T09:44:18.057692+13:00,37.8,-36.623137,174.672190,1,True
esp32_device_001,2025-10-08T09:44:18.153846+13:00,37.8,-36.623468,174.672351,1,True
esp32_device_001,2025-10-08T09:44:18.250000+13:00,37.8,-36.623669,174.672453,1,True
esp32_device_001,2025-10-08T09:44:18.346154+13:00,37.8,-36.623850,174.672528,1,True
esp32_device_001,2025-10-08T09:44:18.442308+13:00,37.7,-36.623972,174.672565,1,True
esp32_device_001,2025-10-08T09:44:18.538462+13:00,37.7,-36.624103,174.672591,1,True
esp32_device_001,2025-10-08T09:44:18.634615+13:00,37.7,-36.624362,174.672610,1,True
esp32_device_001,2025-10-08T09:44:18.730769+13:00,37.6,-36.624632,174.672617,1,True
esp32_device_001,2025-10-08T09:44:18.826923+13:00,37.6,-36.624649,174.672617,1,True
esp32_device_001,2025-10-08T09:44:18.923077+13:00,37.6,-36.624783,174.672620,1,True
esp32_device_001,2025-10-08T09:44:19.019231+13:00,37.6,-36.624777,174.672811,1,True
esp32_device_001,2025-10-08T09:44:19.115385+13:00,37.5,-36.624763,174.673250,1,True
esp32_device_001,2025-10-08T09:44:19.211538+13:00,37.5,-36.624646,174.673270,1,True
esp32_device_001,2025-10-08T09:44:19.307692+13:00,37.5,-36.624626,174.673274,1,True
esp32_device_001,2025-10-08T09:44:19.403846+13:00,37.5,-36.624526,174.673328,1,True
esp32_device_001,2025-10-08T09:44:19.500000+13:00,37.5,-36.624460,174.673432,1,True
esp32_device_001,2025-10-08T09:44:19.596154+13:00,37.4,-36.624556,174.673377,1,True
esp32_device_001,2025-10-08T09:44:19.692308+13:00,37.4,-36.624627,174.673362,1,True
esp32_device_001,2025-10-08T09:44:19.788462+13:00,37.4,-36.624656,174.673360,1,True
esp32_device_001,2025-10-08T09:44:19.884615+13:00,37.4,-36.624683,174.673359,1,True
esp32_device_001,2025-10-08T09:44:19.980769+13:00,37.3,-36.624761,174.673354,1,True
esp32_device_001,2025-10-08T09:44:20.076923+13:00,37.3,-36.624763,174.673250,1,True
esp32_device_001,2025-10-08T09:44:20.173077+13:00,37.3,-36.624777,174.672811,1,True
esp32_device_001,2025-10-08T09:44:20.269231+13:00,37.2,-36.624783,174.672620,1,True
esp32_device_001,2025-10-08T09:44:20.365385+13:00,37.2,-36.624649,174.672617,1,True
esp32_device_001,2025-10-08T09:44:20.461538+13:00,37.2,-36.624632,174.672617,1,True
esp32_device_001,2025-10-08T09:44:20.557692+13:00,37.2,-36.624362,174.672610,1,True
esp32_device_001,2025-10-08T09:44:20.653846+13:00,37.1,-36.624103,174.672591,1,True
esp32_device_001,2025-10-08T09:44:20.750000+13:00,37.1,-36.623972,174.672565,1,True
esp32_device_001,2025-10-08T09:44:20.846154+13:00,37.1,-36.623850,174.672528,1,True
esp32_device_001,2025-10-08T09:44:20.942308+13:00,37.1,-36.623669,174.672453,1,True
esp32_device_001,2025-10-08T09:44:21.038462+13:00,37.0,-36.623468,174.672351,1,True
esp32_device_001,2025-10-08T09:44:21.134615+13:00,37.0,-36.623137,174.672190,1,True
esp32_device_001,2025-10-08T09:44:21.230769+13:00,37.0,-36.622908,174.672079,1,True
esp32_device_001,2025-10-08T09:44:21.326923+13:00,37.0,-36.622733,174.671965,1,True
esp32_device_001,2025-10-08T09:44:21.423077+13:00,36.9,-36.622658,174.671925,1,True
esp32_device_001,2025-10-08T09:44:21.519231+13:00,36.9,-36.622583,174.671893,1,True
esp32_device_001,2025-10-08T09:44:21.615385+13:00,36.9,-36.622446,174.671852,1,True
esp32_device_001,2025-10-08T09:44:21.711538+13:00,36.9,-36.621954,174.671762,1,True
esp32_device_001,2025-10-08T09:44:21.807692+13:00,36.8,-36.621780,174.671730,1,True
esp32_device_001,2025-10-08T09:44:21.903846+13:00,36.8,-36.621697,174.671717,1,True
esp32_device_001,2025-10-08T09:44:22+13:00,36.8,-36.621647,174.671707,1,False
esp32_device_001,2025-10-08T09:44:23.250000+13:00,36.0,-36.621590,174.671699,1,True
esp32_device_001,2025-10-08T09:44:24.500000+13:00,35.2,-36.621614,174.671618,1,True
esp32_device_001,2025-10-08T09:44:25.750000+13:00,34.4,-36.621671,174.671432,1,True
esp32_device_001,2025-10-08T09:44:27+13:00,33.6,-36.621834,174.671036,1,False
esp32_device_001,2025-10-08T09:44:28.666667+13:00,32.7,-36.621808,174.670904,1,True
esp32_device_001,2025-10-08T09:44:30.333333+13:00,31.9,-36.621953,174.670524,1,True
esp32_device_001,2025-10-08T09:44:32+13:00,31,-36.622036,174.670319,1,False
esp32_device_001,2025-10-08T09:44:32.178571+13:00,31.0,-36.622162,174.670201,1,True
esp32_device_001,2025-10-08T09:44:32.357143+13:00,30.9,-36.622218,174.670146,1,True
esp32_device_001,2025-10-08T09:44:32.535714+13:00,30.9,-36.622334,174.670102,1,True
esp32_device_001,2025-10-08T09:44:32.714286+13:00,30.8,-36.622374,174.670124,1,True
esp32_device_001,2025-10-08T09:44:32.892857+13:00,30.8,-36.622446,174.670126,1,True
esp32_device_001,2025-10-08T09:44:33.071429+13:00,30.7,-36.622483,174.670142,1,True
esp32_device_001,2025-10-08T09:44:33.250000+13:00,30.7,-36.622535,174.670159,1,True
esp32_device_001,2025-10-08T09:44:33.428571+13:00,30.6,-36.622557,174.670164,1,True
esp32_device_001,2025-10-08T09:44:33.607143+13:00,30.6,-36.622578,174.670161,1,True
esp32_device_001,2025-10-08T09:44:33.785714+13:00,30.5,-36.622618,174.670153,1,True
esp32_device_001,2025-10-08T09:44:33.964286+13:00,30.5,-36.622729,174.670125,1,True
esp32_device_001,2025-10-08T09:44:34.142857+13:00,30.4,-36.622736,174.669858,1,True
esp32_device_001,2025-10-08T09:44:34.321429+13:00,30.4,-36.622911,174.669805,1,True
esp32_device_001,2025-10-08T09:44:34.500000+13:00,30.4,-36.622736,174.669858,1,True
esp32_device_001,2025-10-08T09:44:34.678571+13:00,30.3,-36.622729,174.670125,1,True
esp32_device_001,2025-10-08T09:44:34.857143+13:00,30.3,-36.622618,174.670153,1,True
esp32_device_001,2025-10-08T09:44:35.035714+13:00,30.2,-36.622578,174.670161,1,True
esp32_device_001,2025-10-08T09:44:35.214286+13:00,30.2,-36.622557,174.670164,1,True
esp32_device_001,2025-10-08T09:44:35.392857+13:00,30.1,-36.622535,174.670159,1,True
esp32_device_001,2025-10-08T09:44:35.571429+13:00,30.1,-36.622483,174.670142,1,True
esp32_device_001,2025-10-08T09:44:35.750000+13:00,30.0,-36.622446,174.670126,1,True
esp32_device_001,2025-10-08T09:44:35.928571+13:00,30.0,-36.622394,174.670062,1,True
esp32_device_001,2025-10-08T09:44:36.107143+13:00,29.9,-36.622357,174.670043,1,True
esp32_device_001,2025-10-08T09:44:36.285714+13:00,29.9,-36.622339,174.670034,1,True
esp32_device_001,2025-10-08T09:44:36.464286+13:00,29.8,-36.622256,174.669879,1,True
esp32_device_001,2025-10-08T09:44:36.642857+13:00,29.8,-36.622233,174.669804,1,True
esp32_device_001,2025-10-08T09:44:36.821429+13:00,29.7,-36.622214,174.669698,1,True
esp32_device_001,2025-10-08T09:44:37+13:00,29.7,-36.622276,174.669601,1,False
esp32_device_001,2025-10-08T09:44:38+13:00,29.7,-36.622225,174.669532,1,True
esp32_device_001,2025-10-08T09:44:39+13:00,29.7,-36.622285,174.669394,1,True
esp32_device_001,2025-10-08T09:44:40+13:00,29.7,-36.622345,174.669255,1,True
esp32_device_001,2025-10-08T09:44:41+13:00,29.7,-36.622408,174.669115,1,True
esp32_device_001,2025-10-08T09:44:42+13:00,29.7,-36.622517,174.669022,1,False
esp32_device_001,2025-10-08T09:44:44.500000+13:00,29.9,-36.622614,174.668705,1,True
esp32_device_001,2025-10-08T09:44:47+13:00,30,-36.622696,174.668655,1,False
esp32_device_001,2025-10-08T09:45:03.666667+13:00,31.4,-36.622673,174.668589,1,True
esp32_device_001,2025-10-08T09:45:20.333333+13:00,32.8,-36.622776,174.668391,1,True
esp32_device_001,2025-10-08T09:45:37+13:00,34.2,-36.622887,174.668289,1,False
esp32_device_001,2025-10-08T09:45:42+13:00,34.1,-36.622925,174.668228,1,False
esp32_device_001,2025-10-08T09:45:43.666667+13:00,34.1,-36.622936,174.668086,1,True
esp32_device_001,2025-10-08T09:45:45.333333+13:00,34.0,-36.622955,174.668052,1,True
esp32_device_001,2025-10-08T09:45:47+13:00,34,-36.623081,174.667938,1,False
esp32_device_001,2025-10-08T09:45:47.113636+13:00,34.0,-36.623150,174.667896,1,True
esp32_device_001,2025-10-08T09:45:47.227273+13:00,34.0,-36.623342,174.667575,1,True
esp32_device_001,2025-10-08T09:45:47.340909+13:00,34.0,-36.623404,174.667508,1,True
esp32_device_001,2025-10-08T09:45:47.454545+13:00,34.0,-36.623452,174.667456,1,True
esp32_device_001,2025-10-08T09:45:47.568182+13:00,34.0,-36.623533,174.667405,1,True
esp32_device_001,2025-10-08T09:45:47.681818+13:00,34.0,-36.623704,174.667341,1,True
esp32_device_001,2025-10-08T09:45:47.795455+13:00,34.0,-36.623815,174.667396,1,True
esp32_device_001,2025-10-08T09:45:47.909091+13:00,33.9,-36.623848,174.667413,1,True
esp32_device_001,2025-10-08T09:45:48.022727+13:00,33.9,-36.624059,174.667517,1,True
esp32_device_001,2025-10-08T09:45:48.136364+13:00,33.9,-36.624548,174.667788,1,True
esp32_device_001,2025-10-08T09:45:48.250000+13:00,33.9,-36.624845,174.667946,1,True
esp32_device_001,2025-10-08T09:45:48.363636+13:00,33.9,-36.624943,174.667998,1,True
esp32_device_001,2025-10-08T09:45:48.477273+13:00,33.9,-36.625015,174.668077,1,True
esp32_device_001,2025-10-08T09:45:48.590909+13:00,33.9,-36.625037,174.668099,1,True
esp32_device_001,2025-10-08T09:45:48.704545+13:00,33.9,-36.625080,174.668163,1,True
esp32_device_001,2025-10-08T09:45:48.818182+13:00,33.9,-36.625100,174.668199,1,True
esp32_device_001,2025-10-08T09:45:48.931818+13:00,33.9,-36.625129,174.668225,1,True
esp32_device_001,2025-10-08T09:45:49.045455+13:00,33.9,-36.625158,174.668237,1,True
esp32_device_001,2025-10-08T09:45:49.159091+13:00,33.9,-36.625188,174.668239,1,True
esp32_device_001,2025-10-08T09:45:49.272727+13:00,33.9,-36.625218,174.668230,1,True
esp32_device_001,2025-10-08T09:45:49.386364+13:00,33.9,-36.625245,174.668211,1,True
esp32_device_001,2025-10-08T09:45:49.500000+13:00,33.9,-36.625266,174.668184,1,True
esp32_device_001,2025-10-08T09:45:49.613636+13:00,33.8,-36.625283,174.668143,1,True
esp32_device_001,2025-10-08T09:45:49.727273+13:00,33.8,-36.625288,174.668097,1,True
esp32_device_001,2025-10-08T09:45:49.840909+13:00,33.8,-36.625280,174.668051,1,True
esp32_device_001,2025-10-08T09:45:49.954545+13:00,33.8,-36.625260,174.668011,1,True
esp32_device_001,2025-10-08T09:45:50.068182+13:00,33.8,-36.625230,174.667981,1,True
esp32_device_001,2025-10-08T09:45:50.181818+13:00,33.8,-36.625194,174.667966,1,True
esp32_device_001,2025-10-08T09:45:50.295455+13:00,33.8,-36.625156,174.667968,1,True
esp32_device_001,2025-10-08T09:45:50.409091+13:00,33.8,-36.625135,174.667976,1,True
esp32_device_001,2025-10-08T09:45:50.522727+13:00,33.8,-36.625116,174.667989,1,True
esp32_device_001,2025-10-08T09:45:50.636364+13:00,33.8,-36.625054,174.668003,1,True
esp32_device_001,2025-10-08T09:45:50.750000+13:00,33.8,-36.624943,174.667998,1,True
esp32_device_001,2025-10-08T09:45:50.863636+13:00,33.8,-36.624845,174.667946,1,True
esp32_device_001,2025-10-08T09:45:50.977273+13:00,33.8,-36.624548,174.667788,1,True
esp32_device_001,2025-10-08T09:45:51.090909+13:00,33.8,-36.624059,174.667517,1,True
esp32_device_001,2025-10-08T09:45:51.204545+13:00,33.7,-36.623848,174.667413,1,True
esp32_device_001,2025-10-08T09:45:51.318182+13:00,33.7,-36.623815,174.667396,1,True
esp32_device_001,2025-10-08T09:45:51.431818+13:00,33.7,-36.623704,174.667341,1,True
esp32_device_001,2025-10-08T09:45:51.545455+13:00,33.7,-36.623561,174.667270,1,True
esp32_device_001,2025-10-08T09:45:51.659091+13:00,33.7,-36.623532,174.667256,1,True
esp32_device_001,2025-10-08T09:45:51.772727+13:00,33.7,-36.623418,174.667199,1,True
esp32_device_001,2025-10-08T09:45:51.886364+13:00,33.7,-36.623361,174.667305,1,True
esp32_device_001,2025-10-08T09:45:52+13:00,33.7,-36.623371,174.667419,1,False
esp32_device_001,2025-10-08T09:45:52.238095+13:00,33.7,-36.623293,174.667431,1,True
esp32_device_001,2025-10-08T09:45:52.476190+13:00,33.7,-36.622998,174.667972,1,True
esp32_device_001,2025-10-08T09:45:52.714286+13:00,33.6,-36.622910,174.667907,1,True
esp32_device_001,2025-10-08T09:45:52.952381+13:00,33.6,-36.622835,174.667850,1,True
esp32_device_001,2025-10-08T09:45:53.190476+13:00,33.6,-36.622623,174.668262,1,True
esp32_device_001,2025-10-08T09:45:53.428571+13:00,33.6,-36.622688,174.668317,1,True
esp32_device_001,2025-10-08T09:45:53.666667+13:00,33.5,-36.622776,174.668391,1,True
esp32_device_001,2025-10-08T09:45:53.904762+13:00,33.5,-36.622936,174.668086,1,True
esp32_device_001,2025-10-08T09:45:54.142857+13:00,33.5,-36.622955,174.668052,1,True
esp32_device_001,2025-10-08T09:45:54.380952+13:00,33.5,-36.623150,174.667896,1,True
esp32_device_001,2025-10-08T09:45:54.619048+13:00,33.4,-36.623342,174.667575,1,True
esp32_device_001,2025-10-08T09:45:54.857143+13:00,33.4,-36.623404,174.667508,1,True
esp32_device_001,2025-10-08T09:45:55.095238+13:00,33.4,-36.623452,174.667456,1,True
esp32_device_001,2025-10-08T09:45:55.333333+13:00,33.4,-36.623533,174.667405,1,True
esp32_device_001,2025-10-08T09:45:55.571429+13:00,33.3,-36.623704,174.667341,1,True
esp32_device_001,2025-10-08T09:45:55.809524+13:00,33.3,-36.623815,174.667396,1,True
esp32_device_001,2025-10-08T09:45:56.047619+13:00,33.3,-36.623684,174.667162,1,True
esp32_device_001,2025-10-08T09:45:56.285714+13:00,33.3,-36.623665,174.667127,1,True
esp32_device_001,2025-10-08T09:45:56.523810+13:00,33.2,-36.623640,174.667050,1,True
esp32_device_001,2025-10-08T09:45:56.761905+13:00,33.2,-36.623641,174.666941,1,True
esp32_device_001,2025-10-08T09:45:57+13:00,33.2,-36.623661,174.666885,1,False
esp32_device_001,2025-10-08T09:45:59.500000+13:00,32.8,-36.623688,174.666696,1,True
esp32_device_001,2025-10-08T09:46:02+13:00,32.4,-36.623936,174.666382,1,False
esp32_device_001,2025-10-08T09:46:02.833333+13:00,32.3,-36.623974,174.666192,1,True
esp32_device_001,2025-10-08T09:46:03.666667+13:00,32.1,-36.624002,174.666136,1,True
esp32_device_001,2025-10-08T09:46:04.500000+13:00,32.0,-36.624109,174.665920,1,True
esp32_device_001,2025-10-08T09:46:05.333333+13:00,31.9,-36.624147,174.665840,1,True
esp32_device_001,2025-10-08T09:46:06.166667+13:00,31.7,-36.624190,174.665755,1,True
esp32_device_001,2025-10-08T09:46:07+13:00,31.6,-36.624237,174.665771,1,False
esp32_device_001,2025-10-08T09:46:08.250000+13:00,32.0,-36.624224,174.665678,1,True
esp32_device_001,2025-10-08T09:46:09.500000+13:00,32.4,-36.624332,174.665435,1,True
esp32_device_001,2025-10-08T09:46:10.750000+13:00,32.8,-36.624361,174.665374,1,True
esp32_device_001,2025-10-08T09:46:12+13:00,33.2,-36.624516,174.665146,1,False
esp32_device_001,2025-10-08T09:46:13.666667+13:00,34.1,-36.624567,174.664918,1,True
esp32_device_001,2025-10-08T09:46:15.333333+13:00,35.0,-36.624780,174.664615,1,True
esp32_device_001,2025-10-08T09:46:17+13:00,35.9,-36.624798,174.664566,1,False
esp32_device_001,2025-10-08T09:46:18.666667+13:00,36.2,-36.624835,174.664531,1,True
esp32_device_001,2025-10-08T09:46:20.333333+13:00,36.5,-36.624960,174.664334,1,True
esp32_device_001,2025-10-08T09:46:22+13:00,36.8,-36.625126,174.664062,1,False
esp32_device_001,2025-10-08T09:46:23.666667+13:00,37.0,-36.625157,174.664027,1,True
esp32_device_001,2025-10-08T09:46:25.333333+13:00,37.1,-36.625395,174.663687,1,True
esp32_device_001,2025-10-08T09:46:27+13:00,37.3,-36.625515,174.663544,1,False
esp32_device_001,2025-10-08T09:46:28.666667+13:00,36.7,-36.625564,174.663507,1,True
esp32_device_001,2025-10-08T09:46:30.333333+13:00,36.0,-36.625768,174.663363,1,True
esp32_device_001,2025-10-08T09:46:32+13:00,35.4,-36.626122,174.663239,1,False
esp32_device_001,2025-10-08T09:46:34.500000+13:00,33.3,-36.626152,174.663219,1,True
esp32_device_001,2025-10-08T09:46:37+13:00,31.2,-36.626915,174.663162,1,False
esp32_device_001,2025-10-08T09:46:42+13:00,29.2,-36.627827,174.663071,1,False
esp32_device_001,2025-10-08T09:46:44.500000+13:00,29.1,-36.628616,174.662951,1,True
esp32_device_001,2025-10-08T09:46:47+13:00,29.1,-36.628811,174.66301,1,False
esp32_device_001,2025-10-08T09:46:52+13:00,29.8,-36.629833,174.662979,1,False
esp32_device_001,2025-10-08T09:46:57+13:00,31.4,-36.630775,174.662918,1,False
esp32_device_001,2025-10-08T09:47:02+13:00,33.5,-36.63171,174.662872,1,False
esp32_device_001,2025-10-08T09:47:07+13:00,35.5,-36.633269,174.662850,1,True
esp32_device_001,2025-10-08T09:47:12+13:00,37.6,-36.633732,174.662827,1,False
esp32_device_001,2025-10-08T09:47:14.500000+13:00,38.9,-36.634423,174.662834,1,True
esp32_device_001,2025-10-08T09:47:17+13:00,40.1,-36.634666,174.662827,1,False
esp32_device_001,2025-10-08T09:47:22+13:00,41.8,-36.635635,174.662811,1,False
esp32_device_001,2025-10-08T09:47:27+13:00,43.6,-36.636677,174.662796,1,False
esp32_device_001,2025-10-08T09:47:32+13:00,45.5,-36.637772,174.662781,1,False
esp32_device_001,2025-10-08T09:47:37+13:00,47.5,-36.638878,174.662766,1,False
esp32_device_001,2025-10-08T09:47:42+13:00,49.3,-36.640015,174.66275,1,False
esp32_device_001,2025-10-08T09:47:44.500000+13:00,50.2,-36.640500,174.662770,1,True
esp32_device_001,2025-10-08T09:47:47+13:00,51.2,-36.641193,174.662735,1,False
esp32_device_001,2025-10-08T09:47:52+13:00,52.9,-36.64238,174.66272,1,False
esp32_device_001,2025-10-08T09:47:57+13:00,54.9,-36.643597,174.662704,1,False
esp32_device_001,2025-10-08T09:48:02+13:00,56.6,-36.644848,174.662689,1,False
esp32_device_001,2025-10-08T09:48:07+13:00,58.2,-36.647295,174.662700,1,True
esp32_device_001,2025-10-08T09:48:12+13:00,59.9,-36.647366,174.66272,1,False
esp32_device_001,2025-10-08T09:48:17+13:00,61.4,-36.648586,174.662811,1,False
esp32_device_001,2025-10-08T09:48:19.500000+13:00,62.0,-36.649022,174.662835,1,True
esp32_device_001,2025-10-08T09:48:22+13:00,62.7,-36.64978,174.662979,1,False
esp32_device_001,2025-10-08T09:48:25.333333+13:00,63.7,-36.649962,174.662973,1,True
esp32_device_001,2025-10-08T09:48:28.666667+13:00,64.6,-36.651025,174.663232,1,True
esp32_device_001,2025-10-08T09:48:32+13:00,65.6,-36.652081,174.663544,1,False
esp32_device_001,2025-10-08T09:48:34.500000+13:00,66.5,-36.652472,174.663633,1,True
esp32_device_001,2025-10-08T09:48:37+13:00,67.5,-36.653206,174.66394,1,False
esp32_device_001,2025-10-08T09:48:39.500000+13:00,67.2,-36.653433,174.664007,1,True
esp32_device_001,2025-10-08T09:48:42+13:00,66.8,-36.654658,174.664528,1,True
esp32_device_001,2025-10-08T09:48:44.500000+13:00,66.5,-36.655249,174.664833,1,True
esp32_device_001,2025-10-08T09:48:47+13:00,66.1,-36.655852,174.665170,1,True
esp32_device_001,2025-10-08T09:48:49.500000+13:00,65.8,-36.656411,174.665502,1,True
esp32_device_001,2025-10-08T09:48:52+13:00,65.4,-36.656616,174.665665,1,False
esp32_device_001,2025-10-08T09:48:53.666667+13:00,64.9,-36.656990,174.665870,1,True
esp32_device_001,2025-10-08T09:48:55.333333+13:00,64.5,-36.657581,174.666272,1,True
esp32_device_001,2025-10-08T09:48:57+13:00,64,-36.657742,174.666443,1,False
esp32_device_001,2025-10-08T09:48:59.500000+13:00,63.6,-36.658483,174.666949,1,True
esp32_device_001,2025-10-08T09:49:02+13:00,63.3,-36.658833,174.667267,1,False
esp32_device_001,2025-10-08T09:49:03.666667+13:00,63.0,-36.659081,174.667447,1,True
esp32_device_001,2025-10-08T09:49:05.333333+13:00,62.6,-36.659689,174.667971,1,True
esp32_device_001,2025-10-08T09:49:07+13:00,62.3,-36.65987,174.668182,1,False
esp32_device_001,2025-10-08T09:49:08.666667+13:00,61.8,-36.660326,174.668585,1,True
esp32_device_001,2025-10-08T09:49:10.333333+13:00,61.3,-36.660667,174.668932,1,True
esp32_device_001,2025-10-08T09:49:12+13:00,60.8,-36.660858,174.669159,1,False
esp32_device_001,2025-10-08T09:49:13.666667+13:00,60.2,-36.661006,174.669285,1,True
esp32_device_001,2025-10-08T09:49:15.333333+13:00,59.5,-36.661402,174.669716,1,True
esp32_device_001,2025-10-08T09:49:17+13:00,58.9,-36.661797,174.670227,1,False
esp32_device_001,2025-10-08T09:49:18.666667+13:00,58.5,-36.661901,174.670296,1,True
esp32_device_001,2025-10-08T09:49:20.333333+13:00,58.1,-36.662287,174.670772,1,True
esp32_device_001,2025-10-08T09:49:22+13:00,57.7,-36.662697,174.671356,1,False
esp32_device_001,2025-10-08T09:49:23.666667+13:00,57.2,-36.663032,174.671717,1,True
esp32_device_001,2025-10-08T09:49:25.333333+13:00,56.8,-36.663470,174.672334,1,True
esp32_device_001,2025-10-08T09:49:27+13:00,56.3,-36.663544,174.672546,1,False
esp32_device_001,2025-10-08T09:49:32+13:00,56.7,-36.664352,174.673737,1,False
esp32_device_001,2025-10-08T09:49:34.500000+13:00,57.3,-36.664994,174.674616,1,True
esp32_device_001,2025-10-08T09:49:37+13:00,57.9,-36.665157,174.674911,1,False
esp32_device_001,2025-10-08T09:49:39.500000+13:00,58.6,-36.665758,174.675750,1,True
esp32_device_001,2025-10-08T09:49:42+13:00,59.3,-36.665951,174.676071,1,False
esp32_device_001,2025-10-08T09:49:43.666667+13:00,59.8,-36.666255,174.676483,1,True
esp32_device_001,2025-10-08T09:49:45.333333+13:00,60.2,-36.666531,174.676889,1,True
esp32_device_001,2025-10-08T09:49:47+13:00,60.7,-36.66674,174.677231,1,False
esp32_device_001,2025-10-08T09:49:52+13:00,62.4,-36.667538,174.678391,1,False
esp32_device_001,2025-10-08T09:49:54.500000+13:00,62.7,-36.667704,174.678594,1,True
esp32_device_001,2025-10-08T09:49:57+13:00,63,-36.668388,174.679535,1,False
esp32_device_001,2025-10-08T09:49:58.666667+13:00,63.8,-36.668790,174.679967,1,True
esp32_device_001,2025-10-08T09:50:00.333333+13:00,64.7,-36.669174,174.680408,1,True
esp32_device_001,2025-10-08T09:50:02+13:00,65.5,-36.669319,174.680588,1,False
esp32_device_001,2025-10-08T09:50:03.666667+13:00,66.0,-36.669725,174.680960,1,True
esp32_device_001,2025-10-08T09:50:05.333333+13:00,66.5,-36.670289,174.681477,1,True
esp32_device_001,2025-10-08T09:50:07+13:00,67,-36.670303,174.681519,1,False
esp32_device_001,2025-10-08T09:50:09.500000+13:00,67.7,-36.670688,174.681835,1,True
esp32_device_001,2025-10-08T09:50:12+13:00,68.3,-36.671337,174.682343,1,False
esp32_device_001,2025-10-08T09:50:13.666667+13:00,68.6,-36.671718,174.682572,1,True
esp32_device_001,2025-10-08T09:50:15.333333+13:00,69.0,-36.672143,174.682850,1,True
esp32_device_001,2025-10-08T09:50:17+13:00,69.3,-36.672428,174.68306,1,False
esp32_device_001,2025-10-08T09:50:22+13:00,67.9,-36.67355,174.683655,1,False
esp32_device_001,2025-10-08T09:50:24.500000+13:00,66.0,-36.674140,174.683925,1,True
esp32_device_001,2025-10-08T09:50:27+13:00,64.1,-36.674644,174.68428,1,False
esp32_device_001,2025-10-08T09:50:28.666667+13:00,62.5,-36.675009,174.684500,1,True
esp32_device_001,2025-10-08T09:50:30.333333+13:00,60.8,-36.675417,174.684817,1,True
esp32_device_001,2025-10-08T09:50:32+13:00,59.2,-36.675674,174.685074,1,False
esp32_device_001,2025-10-08T09:50:33.666667+13:00,57.4,-36.675949,174.685264,1,True
esp32_device_001,2025-10-08T09:50:35.333333+13:00,55.7,-36.676486,174.685825,1,True
esp32_device_001,2025-10-08T09:50:37+13:00,53.9,-36.676609,174.68602,1,False
esp32_device_001,2025-10-08T09:50:39.500000+13:00,51.0,-36.676964,174.686404,1,True
esp32_device_001,2025-10-08T09:50:42+13:00,48.1,-36.677444,174.687103,1,False
esp32_device_001,2025-10-08T09:50:43.666667+13:00,46.2,-36.677517,174.687123,1,True
esp32_device_001,2025-10-08T09:50:45.333333+13:00,44.2,-36.677962,174.687864,1,True
esp32_device_001,2025-10-08T09:50:47+13:00,42.3,-36.678158,174.688309,1,False
esp32_device_001,2025-10-08T09:50:49.500000+13:00,40.0,-36.678549,174.689085,1,True
esp32_device_001,2025-10-08T09:50:52+13:00,37.6,-36.678749,174.689606,1,False
esp32_device_001,2025-10-08T09:50:53.666667+13:00,36.9,-36.678872,174.689835,1,True
esp32_device_001,2025-10-08T09:50:55.333333+13:00,36.1,-36.679132,174.690632,1,True
esp32_device_001,2025-10-08T09:50:57+13:00,35.4,-36.679203,174.690994,1,False
esp32_device_001,2025-10-08T09:51:02+13:00,36,-36.679558,174.692413,1,False
esp32_device_001,2025-10-08T09:51:04.500000+13:00,36.5,-36.679801,174.693263,1,True
esp32_device_001,2025-10-08T09:51:07+13:00,37,-36.679955,174.693832,1,False
esp32_device_001,2025-10-08T09:51:08.666667+13:00,37.1,-36.680228,174.694518,1,True
esp32_device_001,2025-10-08T09:51:10.333333+13:00,37.3,-36.680503,174.695128,1,True
esp32_device_001,2025-10-08T09:51:12+13:00,37.4,-36.6805,174.69516,1,False
esp32_device_001,2025-10-08T09:51:13.666667+13:00,36.9,-36.680861,174.695841,1,True
esp32_device_001,2025-10-08T09:51:15.333333+13:00,36.3,-36.681166,174.696348,1,True
esp32_device_001,2025-10-08T09:51:17+13:00,35.8,-36.681187,174.696396,1,False
esp32_device_001,2025-10-08T09:51:18.666667+13:00,34.6,-36.681607,174.696983,1,True
esp32_device_001,2025-10-08T09:51:20.333333+13:00,33.4,-36.681991,174.697436,1,True
esp32_device_001,2025-10-08T09:51:22+13:00,32.2,-36.682011,174.697495,1,False
esp32_device_001,2025-10-08T09:51:23.666667+13:00,30.9,-36.682370,174.697872,1,True
esp32_device_001,2025-10-08T09:51:25.333333+13:00,29.6,-36.682727,174.698257,1,True
esp32_device_001,2025-10-08T09:51:27+13:00,28.3,-36.682926,174.698486,1,False
esp32_device_001,2025-10-08T09:51:28.250000+13:00,27.8,-36.683312,174.698848,1,True
esp32_device_001,2025-10-08T09:51:29.500000+13:00,27.2,-36.683608,174.699140,1,True
esp32_device_001,2025-10-08T09:51:30.750000+13:00,26.7,-36.683747,174.699275,1,True
esp32_device_001,2025-10-08T09:51:32+13:00,26.2,-36.683796,174.699417,1,False
esp32_device_001,2025-10-08T09:51:33.666667+13:00,26.6,-36.684079,174.699607,1,True
esp32_device_001,2025-10-08T09:51:35.333333+13:00,27.1,-36.684409,174.699925,1,True
esp32_device_001,2025-10-08T09:51:37+13:00,27.5,-36.684742,174.700228,1,True
esp32_device_001,2025-10-08T09:51:38.666667+13:00,27.9,-36.685107,174.700537,1,True
esp32_device_001,2025-10-08T09:51:40.333333+13:00,28.4,-36.685499,174.700846,1,True
esp32_device_001,2025-10-08T09:51:42+13:00,28.8,-36.685684,174.700958,1,False
esp32_device_001,2025-10-08T09:51:43.250000+13:00,29.1,-36.685914,174.701144,1,True
esp32_device_001,2025-10-08T09:51:44.500000+13:00,29.4,-36.686363,174.701446,1,True
esp32_device_001,2025-10-08T09:51:45.750000+13:00,29.6,-36.686808,174.701712,1,True
esp32_device_001,2025-10-08T09:51:47+13:00,29.9,-36.686836,174.701721,1,False
esp32_device_001,2025-10-08T09:51:48+13:00,30.0,-36.687174,174.701918,1,True
esp32_device_001,2025-10-08T09:51:49+13:00,30.1,-36.687395,174.702029,1,True
esp32_device_001,2025-10-08T09:51:50+13:00,30.3,-36.687616,174.702137,1,True
esp32_device_001,2025-10-08T09:51:51+13:00,30.4,-36.688011,174.702323,1,True
esp32_device_001,2025-10-08T09:51:52+13:00,30.5,-36.688053,174.702347,1,False
esp32_device_001,2025-10-08T09:51:53.250000+13:00,30.9,-36.688395,174.702482,1,True
esp32_device_001,2025-10-08T09:51:54.500000+13:00,31.3,-36.688740,174.702615,1,True
esp32_device_001,2025-10-08T09:51:55.750000+13:00,31.7,-36.689031,174.702716,1,True
esp32_device_001,2025-10-08T09:51:57+13:00,32.1,-36.689266,174.702789,1,False
esp32_device_001,2025-10-08T09:51:58+13:00,32.2,-36.689310,174.702806,1,True
esp32_device_001,2025-10-08T09:51:59+13:00,32.3,-36.689611,174.702892,1,True
esp32_device_001,2025-10-08T09:52:00+13:00,32.5,-36.689892,174.702968,1,True
esp32_device_001,2025-10-08T09:52:01+13:00,32.6,-36.690259,174.703048,1,True
esp32_device_001,2025-10-08T09:52:02+13:00,32.7,-36.690487,174.703094,1,False
esp32_device_001,2025-10-08T09:52:07+13:00,33.6,-36.691669,174.703308,1,False
esp32_device_001,2025-10-08T09:52:12+13:00,37.3,-36.692213,174.703409,1,True
esp32_device_001,2025-10-08T09:52:17+13:00,41.0,-36.692838,174.703520,1,True
esp32_device_001,2025-10-08T09:52:22+13:00,44.7,-36.694730,174.703861,1,True
esp32_device_001,2025-10-08T09:52:27+13:00,48.4,-36.696848,174.704237,1,True
esp32_device_001,2025-10-08T09:52:32+13:00,52.1,-36.697759,174.704412,1,True
esp32_device_001,2025-10-08T09:52:37+13:00,55.9,-36.699205,174.704699,1,True
esp32_device_001,2025-10-08T09:52:42+13:00,59.6,-36.701318,174.705068,1,True
esp32_device_001,2025-10-08T09:52:47+13:00,63.3,-36.702495,174.705291,1,True
esp32_device_001,2025-10-08T09:52:52+13:00,67.0,-36.703582,174.705472,1,True
esp32_device_001,2025-10-08T09:53:02+13:00,74.4,-36.705055,174.705704,1,False
esp32_device_001,2025-10-08T09:53:07+13:00,78.7,-36.706555,174.706032,1,True
esp32_device_001,2025-10-08T09:53:12+13:00,82.9,-36.707588,174.706223,1,False
esp32_device_001,2025-10-08T09:53:14.500000+13:00,84.6,-36.708227,174.706399,1,True
esp32_device_001,2025-10-08T09:53:17+13:00,86.2,-36.708836,174.706558,1,False
esp32_device_001,2025-10-08T09:53:18.666667+13:00,86.8,-36.708948,174.706606,1,True
esp32_device_001,2025-10-08T09:53:20.333333+13:00,87.5,-36.709716,174.706883,1,True
esp32_device_001,2025-10-08T09:53:22+13:00,88.1,-36.710052,174.707047,1,False
esp32_device_001,2025-10-08T09:53:27+13:00,87.1,-36.710878,174.707481,1,True
esp32_device_001,2025-10-08T09:53:32+13:00,86.1,-36.711649,174.707938,1,True
esp32_device_001,2025-10-08T09:53:37+13:00,85.1,-36.713338,174.709139,1,True
esp32_device_001,2025-10-08T09:53:42+13:00,84.1,-36.714012,174.709674,1,True
esp32_device_001,2025-10-08T09:53:47+13:00,83.1,-36.716658,174.711546,1,True
esp32_device_001,2025-10-08T09:53:52+13:00,82.1,-36.717265,174.711962,1,True
esp32_device_001,2025-10-08T09:53:57+13:00,81.1,-36.718356,174.712605,1,True
esp32_device_001,2025-10-08T09:54:02+13:00,80.1,-36.718591,174.712735,1,True
esp32_device_001,2025-10-08T09:54:07+13:00,79.1,-36.719632,174.713233,1,True
esp32_device_001,2025-10-08T09:54:12+13:00,78.1,-36.720224,174.713488,1,True
esp32_device_001,2025-10-08T09:54:17+13:00,77.1,-36.721416,174.713935,1,True
esp32_device_001,2025-10-08T09:54:22+13:00,76.1,-36.722666,174.714322,1,True
esp32_device_001,2025-10-08T09:54:27+13:00,75.1,-36.723314,174.714470,1,True
esp32_device_001,2025-10-08T09:54:32+13:00,74.1,-36.724363,174.714672,1,True
esp32_device_001,2025-10-08T09:54:37+13:00,73.1,-36.727661,174.715039,1,True
esp32_device_001,2025-10-08T09:54:42+13:00,72.1,-36.729173,174.715191,1,True
esp32_device_001,2025-10-08T09:54:47+13:00,71.1,-36.730258,174.715400,1,True
esp32_device_001,2025-10-08T09:54:52+13:00,70.1,-36.730720,174.715524,1,True
esp32_device_001,2025-10-08T09:54:57+13:00,69.1,-36.732067,174.716003,1,False
esp32_device_001,2025-10-08T09:54:58.666667+13:00,66.8,-36.732317,174.716140,1,True
esp32_device_001,2025-10-08T09:55:00.333333+13:00,64.4,-36.732863,174.716424,1,True
esp32_device_001,2025-10-08T09:55:02+13:00,62.1,-36.733231,174.716599,1,False
esp32_device_001,2025-10-08T09:55:03.666667+13:00,59.9,-36.733387,174.716702,1,True
esp32_device_001,2025-10-08T09:55:05.333333+13:00,57.7,-36.733690,174.716889,1,True
esp32_device_001,2025-10-08T09:55:07+13:00,55.5,-36.734356,174.7173,1,False
esp32_device_001,2025-10-08T09:55:08.250000+13:00,53.9,-36.734489,174.717397,1,True
esp32_device_001,2025-10-08T09:55:09.500000+13:00,52.4,-36.734910,174.717661,1,True
esp32_device_001,2025-10-08T09:55:10.750000+13:00,50.8,-36.735415,174.717948,1,True
esp32_device_001,2025-10-08T09:55:12+13:00,49.2,-36.735489,174.717957,1,False
esp32_device_001,2025-10-08T09:55:13.875000+13:00,48.9,-36.735781,174.718152,1,True
esp32_device_001,2025-10-08T09:55:15.750000+13:00,48.6,-36.736236,174.718370,1,True
esp32_device_001,2025-10-08T09:55:17.625000+13:00,48.3,-36.736702,174.718597,1,True
esp32_device_001,2025-10-08T09:55:19.500000+13:00,48.0,-36.737412,174.718898,1,True
esp32_device_001,2025-10-08T09:55:21.375000+13:00,47.6,-36.737950,174.719112,1,True
esp32_device_001,2025-10-08T09:55:23.250000+13:00,47.3,-36.738445,174.719324,1,True
esp32_device_001,2025-10-08T09:55:25.125000+13:00,47.0,-36.738836,174.719456,1,True
esp32_device_001,2025-10-08T09:55:27+13:00,46.7,-36.73901,174.719437,1,False
esp32_device_001,2025-10-08T09:55:29.272727+13:00,47.3,-36.739310,174.719584,1,True
esp32_device_001,2025-10-08T09:55:31.545455+13:00,47.8,-36.739882,174.719735,1,True
esp32_device_001,2025-10-08T09:55:33.818182+13:00,48.4,-36.740126,174.719793,1,True
esp32_device_001,2025-10-08T09:55:36.090909+13:00,49.0,-36.740885,174.719958,1,True
esp32_device_001,2025-10-08T09:55:38.363636+13:00,49.5,-36.741576,174.720155,1,True
esp32_device_001,2025-10-08T09:55:40.636364+13:00,50.1,-36.742283,174.720388,1,True
esp32_device_001,2025-10-08T09:55:42.909091+13:00,50.6,-36.742959,174.720663,1,True
esp32_device_001,2025-10-08T09:55:45.181818+13:00,51.2,-36.743468,174.720894,1,True
esp32_device_001,2025-10-08T09:55:47.454545+13:00,51.8,-36.744045,174.721220,1,True
esp32_device_001,2025-10-08T09:55:49.727273+13:00,52.3,-36.744640,174.721560,1,True
esp32_device_001,2025-10-08T09:55:52+13:00,52.9,-36.744762,174.721603,1,False
esp32_device_001,2025-10-08T09:56:04.363636+13:00,55.5,-36.744993,174.721763,1,True
esp32_device_001,2025-10-08T09:56:16.727273+13:00,58.0,-36.745386,174.722029,1,True
esp32_device_001,2025-10-08T09:56:29.090909+13:00,60.6,-36.745571,174.722168,1,True
esp32_device_001,2025-10-08T09:56:41.454545+13:00,63.1,-36.746452,174.722758,1,True
esp32_device_001,2025-10-08T09:56:53.818182+13:00,65.7,-36.747438,174.723469,1,True
esp32_device_001,2025-10-08T09:57:06.181818+13:00,68.2,-36.748863,174.724522,1,True
esp32_device_001,2025-10-08T09:57:18.545455+13:00,70.8,-36.749480,174.725001,1,True
esp32_device_001,2025-10-08T09:57:30.909091+13:00,73.3,-36.749822,174.725286,1,True
esp32_device_001,2025-10-08T09:57:43.272727+13:00,75.9,-36.750676,174.725998,1,True
esp32_device_001,2025-10-08T09:57:55.636364+13:00,78.4,-36.750889,174.726184,1,True
esp32_device_001,2025-10-08T09:58:08+13:00,81,-36.751472,174.7267,1,False
esp32_device_001,2025-10-08T09:58:13+13:00,81,-36.751755,174.726974,1,False
esp32_device_001,2025-10-08T09:58:15.500000+13:00,81.0,-36.751867,174.727095,1,True
esp32_device_001,2025-10-08T09:58:18+13:00,81,-36.752071,174.72728,1,False
esp32_device_001,2025-10-08T09:58:23+13:00,81,-36.752369,174.72757,1,False
esp32_device_001,2025-10-08T09:58:28+13:00,81,-36.752605,174.727814,1,False
esp32_device_001,2025-10-08T09:58:33+13:00,81,-36.752827,174.728058,1,False
esp32_device_001,2025-10-08T09:58:38+13:00,81,-36.753021,174.728256,1,False
esp32_device_001,2025-10-08T09:58:43+13:00,81,-36.753384,174.728638,1,False
esp32_device_001,2025-10-08T09:58:45.500000+13:00,81.0,-36.753722,174.729020,1,True
esp32_device_001,2025-10-08T09:58:48+13:00,81,-36.75391,174.729202,1,False
esp32_device_001,2025-10-08T09:58:53+13:00,81,-36.754505,174.729874,1,False
esp32_device_001,2025-10-08T09:58:55.500000+13:00,81.0,-36.754720,174.730155,1,True
esp32_device_001,2025-10-08T09:58:58+13:00,81,-36.755215,174.730728,1,False
esp32_device_001,2025-10-08T09:59:00.500000+13:00,81.0,-36.755492,174.731088,1,True
esp32_device_001,2025-10-08T09:59:03+13:00,81,-36.755989,174.731674,1,False
esp32_device_001,2025-10-08T09:59:05.500000+13:00,81.0,-36.756156,174.731895,1,True
esp32_device_001,2025-10-08T09:59:08+13:00,81,-36.756809,174.732666,1,False
esp32_device_001,2025-10-08T09:59:10.500000+13:00,81.0,-36.757176,174.733158,1,True
esp32_device_001,2025-10-08T09:59:13+13:00,81,-36.757648,174.733688,1,False
esp32_device_001,2025-10-08T09:59:15.500000+13:00,81.0,-36.758161,174.734328,1,True
esp32_device_001,2025-10-08T09:59:18+13:00,81,-36.758503,174.734711,1,False
esp32_device_001,2025-10-08T09:59:20.500000+13:00,81.0,-36.758999,174.735328,1,True
esp32_device_001,2025-10-08T09:59:23+13:00,81,-36.759388,174.735718,1,False
esp32_device_001,2025-10-08T09:59:25.500000+13:00,81.0,-36.759936,174.736311,1,True
esp32_device_001,2025-10-08T09:59:28+13:00,81,-36.760311,174.736633,1,False
esp32_device_001,2025-10-08T09:59:30.500000+13:00,81.0,-36.760937,174.737216,1,True
esp32_device_001,2025-10-08T09:59:33+13:00,81,-36.761269,174.737457,1,False
esp32_device_001,2025-10-08T09:59:35.500000+13:00,81.0,-36.761742,174.737842,1,True
esp32_device_001,2025-10-08T09:59:38+13:00,81,-36.762264,174.73819,1,False
esp32_device_001,2025-10-08T09:59:43+13:00,81,-36.763313,174.738846,1,False
esp32_device_001,2025-10-08T09:59:45.500000+13:00,81.0,-36.763425,174.738933,1,True
esp32_device_001,2025-10-08T09:59:48+13:00,81,-36.764412,174.73941,1,False
esp32_device_001,2025-10-08T09:59:50.500000+13:00,81.0,-36.764656,174.739541,1,True
esp32_device_001,2025-10-08T09:59:53+13:00,81,-36.765541,174.739883,1,False
esp32_device_001,2025-10-08T09:59:55.500000+13:00,81.0,-36.765604,174.739924,1,True
esp32_device_001,2025-10-08T09:59:58+13:00,81,-36.766678,174.740311,1,False
esp32_device_001,2025-10-08T10:00:00.500000+13:00,81.0,-36.767743,174.740763,1,True
esp32_device_001,2025-10-08T10:00:03+13:00,81,-36.767803,174.740784,1,False
esp32_device_001,2025-10-08T10:00:04.666667+13:00,81.0,-36.768154,174.740945,1,True
esp32_device_001,2025-10-08T10:00:06.333333+13:00,81.0,-36.768804,174.741273,1,True
esp32_device_001,2025-10-08T10:00:08+13:00,81,-36.768913,174.741333,1,False
esp32_device_001,2025-10-08T10:00:10.500000+13:00,81.0,-36.769622,174.741700,1,True
esp32_device_001,2025-10-08T10:00:13+13:00,81,-36.770016,174.741913,1,False
esp32_device_001,2025-10-08T10:00:18+13:00,81,-36.771118,174.742493,1,False
esp32_device_001,2025-10-08T10:00:19.666667+13:00,81.0,-36.771630,174.742753,1,True
esp32_device_001,2025-10-08T10:00:21.333333+13:00,81.0,-36.772019,174.742960,1,True
esp32_device_001,2025-10-08T10:00:23+13:00,81,-36.772232,174.743073,1,False
esp32_device_001,2025-10-08T10:00:25.500000+13:00,81.0,-36.772931,174.743441,1,True
esp32_device_001,2025-10-08T10:00:28+13:00,81,-36.773338,174.743668,1,False
esp32_device_001,2025-10-08T10:00:29.666667+13:00,81.0,-36.773572,174.743787,1,True
esp32_device_001,2025-10-08T10:00:31.333333+13:00,81.0,-36.774301,174.744198,1,True
esp32_device_001,2025-10-08T10:00:33+13:00,81,-36.774395,174.744308,1,False
esp32_device_001,2025-10-08T10:00:33.078125+13:00,81.0,-36.775104,174.744692,1,True
esp32_device_001,2025-10-08T10:00:33.156250+13:00,81.0,-36.776783,174.745749,1,True
esp32_device_001,2025-10-08T10:00:33.234375+13:00,81.0,-36.777910,174.746450,1,True
esp32_device_001,2025-10-08T10:00:33.312500+13:00,81.0,-36.779692,174.747566,1,True
esp32_device_001,2025-10-08T10:00:33.390625+13:00,81.0,-36.780233,174.747903,1,True
esp32_device_001,2025-10-08T10:00:33.468750+13:00,81.0,-36.784329,174.750467,1,True
esp32_device_001,2025-10-08T10:00:33.546875+13:00,81.0,-36.784987,174.750878,1,True
esp32_device_001,2025-10-08T10:00:33.625000+13:00,81.0,-36.785341,174.751215,1,True
esp32_device_001,2025-10-08T10:00:33.703125+13:00,81.0,-36.785828,174.751628,1,True
esp32_device_001,2025-10-08T10:00:33.781250+13:00,81.0,-36.786211,174.751923,1,True
esp32_device_001,2025-10-08T10:00:33.859375+13:00,81.0,-36.786523,174.752169,1,True
esp32_device_001,2025-10-08T10:00:33.937500+13:00,81.0,-36.787088,174.752605,1,True
esp32_device_001,2025-10-08T10:00:34.015625+13:00,81.0,-36.787275,174.752753,1,True
esp32_device_001,2025-10-08T10:00:34.093750+13:00,81.0,-36.787694,174.753064,1,True
esp32_device_001,2025-10-08T10:00:34.171875+13:00,81.0,-36.787712,174.753078,1,True
esp32_device_001,2025-10-08T10:00:34.250000+13:00,81.0,-36.787745,174.753097,1,True
esp32_device_001,2025-10-08T10:00:34.328125+13:00,81.0,-36.787836,174.753155,1,True
esp32_device_001,2025-10-08T10:00:34.406250+13:00,81.0,-36.787959,174.753227,1,True
esp32_device_001,2025-10-08T10:00:34.484375+13:00,81.0,-36.788125,174.753029,1,True
esp32_device_001,2025-10-08T10:00:34.562500+13:00,81.0,-36.788411,174.752664,1,True
esp32_device_001,2025-10-08T10:00:34.640625+13:00,81.0,-36.788479,174.752584,1,True
esp32_device_001,2025-10-08T10:00:34.718750+13:00,81.0,-36.788606,174.752416,1,True
esp32_device_001,2025-10-08T10:00:34.796875+13:00,81.0,-36.788501,174.752309,1,True
esp32_device_001,2025-10-08T10:00:34.875000+13:00,81.0,-36.788414,174.752248,1,True
esp32_device_001,2025-10-08T10:00:34.953125+13:00,81.0,-36.788342,174.752210,1,True
esp32_device_001,2025-10-08T10:00:35.031250+13:00,81.0,-36.787993,174.752072,1,True
esp32_device_001,2025-10-08T10:00:35.109375+13:00,81.0,-36.787803,174.751995,1,True
esp32_device_001,2025-10-08T10:00:35.187500+13:00,81.0,-36.787613,174.751918,1,True
esp32_device_001,2025-10-08T10:00:35.265625+13:00,81.0,-36.787307,174.751797,1,True
esp32_device_001,2025-10-08T10:00:35.343750+13:00,81.0,-36.786782,174.751589,1,True
esp32_device_001,2025-10-08T10:00:35.421875+13:00,81.0,-36.786541,174.751485,1,True
esp32_device_001,2025-10-08T10:00:35.500000+13:00,81.0,-36.786287,174.751364,1,True
esp32_device_001,2025-10-08T10:00:35.578125+13:00,81.0,-36.786010,174.751212,1,True
esp32_device_001,2025-10-08T10:00:35.656250+13:00,81.0,-36.785386,174.750832,1,True
esp32_device_001,2025-10-08T10:00:35.734375+13:00,81.0,-36.784414,174.750255,1,True
esp32_device_001,2025-10-08T10:00:35.812500+13:00,81.0,-36.784056,174.750056,1,True
esp32_device_001,2025-10-08T10:00:35.890625+13:00,81.0,-36.783718,174.749951,1,True
esp32_device_001,2025-10-08T10:00:35.968750+13:00,81.0,-36.780226,174.747766,1,True
esp32_device_001,2025-10-08T10:00:36.046875+13:00,81.0,-36.779675,174.747424,1,True
esp32_device_001,2025-10-08T10:00:36.125000+13:00,81.0,-36.778853,174.746914,1,True
esp32_device_001,2025-10-08T10:00:36.203125+13:00,81.0,-36.778480,174.746681,1,True
esp32_device_001,2025-10-08T10:00:36.281250+13:00,81.0,-36.777992,174.746378,1,True
esp32_device_001,2025-10-08T10:00:36.359375+13:00,81.0,-36.776343,174.745345,1,True
esp32_device_001,2025-10-08T10:00:36.437500+13:00,81.0,-36.775245,174.744659,1,True
esp32_device_001,2025-10-08T10:00:36.515625+13:00,81.0,-36.774729,174.744187,1,True
esp32_device_001,2025-10-08T10:00:36.593750+13:00,81.0,-36.774274,174.743853,1,True
esp32_device_001,2025-10-08T10:00:36.671875+13:00,81.0,-36.773651,174.743405,1,True
esp32_device_001,2025-10-08T10:00:36.750000+13:00,81.0,-36.772940,174.742901,1,True
esp32_device_001,2025-10-08T10:00:36.828125+13:00,81.0,-36.772694,174.742723,1,True
esp32_device_001,2025-10-08T10:00:36.906250+13:00,81.0,-36.772387,174.742491,1,True
esp32_device_001,2025-10-08T10:00:36.984375+13:00,81.0,-36.772295,174.742467,1,True
esp32_device_001,2025-10-08T10:00:37.062500+13:00,81.0,-36.772149,174.742372,1,True
esp32_device_001,2025-10-08T10:00:37.140625+13:00,81.0,-36.772076,174.742321,1,True
esp32_device_001,2025-10-08T10:00:37.218750+13:00,81.0,-36.771967,174.742249,1,True
esp32_device_001,2025-10-08T10:00:37.296875+13:00,81.0,-36.771738,174.742933,1,True
esp32_device_001,2025-10-08T10:00:37.375000+13:00,81.0,-36.771677,174.743145,1,True
esp32_device_001,2025-10-08T10:00:37.453125+13:00,81.0,-36.771767,174.743190,1,True
esp32_device_001,2025-10-08T10:00:37.531250+13:00,81.0,-36.771955,174.743277,1,True
esp32_device_001,2025-10-08T10:00:37.609375+13:00,81.0,-36.772422,174.743483,1,True
esp32_device_001,2025-10-08T10:00:37.687500+13:00,81.0,-36.772941,174.743701,1,True
esp32_device_001,2025-10-08T10:00:37.765625+13:00,81.0,-36.773299,174.743840,1,True
esp32_device_001,2025-10-08T10:00:37.843750+13:00,81.0,-36.773817,174.744059,1,True
esp32_device_001,2025-10-08T10:00:37.921875+13:00,81.0,-36.774240,174.744284,1,True
esp32_device_001,2025-10-08T10:00:38+13:00,81,-36.775352,174.744919,1,False
esp32_device_001,2025-10-08T10:00:40.500000+13:00,81.0,-36.775558,174.745078,1,True
esp32_device_001,2025-10-08T10:00:43+13:00,81,-36.776283,174.745499,1,False
esp32_device_001,2025-10-08T10:00:44.666667+13:00,81.0,-36.776470,174.745617,1,True
esp32_device_001,2025-10-08T10:00:46.333333+13:00,81.0,-36.776783,174.745749,1,True
esp32_device_001,2025-10-08T10:00:48+13:00,81,-36.777206,174.746078,1,False
esp32_device_001,2025-10-08T10:00:50.500000+13:00,81.0,-36.777910,174.746450,1,True
esp32_device_001,2025-10-08T10:00:53+13:00,81,-36.778114,174.746643,1,False
esp32_device_001,2025-10-08T10:00:58+13:00,81,-36.778984,174.747192,1,False
esp32_device_001,2025-10-08T10:01:00.500000+13:00,81.0,-36.779692,174.747566,1,True
esp32_device_001,2025-10-08T10:01:03+13:00,81,-36.779831,174.747726,1,False
esp32_device_001,2025-10-08T10:01:05.500000+13:00,58.0,-36.780233,174.747903,1,True
esp32_device_001,2025-10-08T10:01:08+13:00,34.9,-36.780663,174.74826,1,False
esp32_device_001,2025-10-08T10:01:13+13:00,33.6,-36.781475,174.748764,1,False
esp32_device_001,2025-10-08T10:01:18+13:00,32.8,-36.782337,174.749298,1,False
esp32_device_001,2025-10-08T10:01:23+13:00,32.2,-36.78323,174.749863,1,False
esp32_device_001,2025-10-08T10:01:28+13:00,32.3,-36.784191,174.750488,1,False
esp32_device_001,2025-10-08T10:01:29.666667+13:00,32.5,-36.784329,174.750467,1,True
esp32_device_001,2025-10-08T10:01:31.333333+13:00,32.7,-36.784987,174.750878,1,True
esp32_device_001,2025-10-08T10:01:33+13:00,32.9,-36.785213,174.751144,1,False
esp32_device_001,2025-10-08T10:01:33.076923+13:00,32.9,-36.785341,174.751215,1,True
esp32_device_001,2025-10-08T10:01:33.153846+13:00,32.9,-36.785828,174.751628,1,True
esp32_device_001,2025-10-08T10:01:33.230769+13:00,32.9,-36.786211,174.751923,1,True
esp32_device_001,2025-10-08T10:01:33.307692+13:00,32.9,-36.786523,174.752169,1,True
esp32_device_001,2025-10-08T10:01:33.384615+13:00,32.9,-36.787088,174.752605,1,True
esp32_device_001,2025-10-08T10:01:33.461538+13:00,32.9,-36.787275,174.752753,1,True
esp32_device_001,2025-10-08T10:01:33.538462+13:00,32.9,-36.787694,174.753064,1,True
esp32_device_001,2025-10-08T10:01:33.615385+13:00,32.9,-36.787712,174.753078,1,True
esp32_device_001,2025-10-08T10:01:33.692308+13:00,32.9,-36.787745,174.753097,1,True
esp32_device_001,2025-10-08T10:01:33.769231+13:00,32.9,-36.787836,174.753155,1,True
esp32_device_001,2025-10-08T10:01:33.846154+13:00,32.9,-36.787959,174.753227,1,True
esp32_device_001,2025-10-08T10:01:33.923077+13:00,32.9,-36.788125,174.753029,1,True
esp32_device_001,2025-10-08T10:01:34+13:00,32.9,-36.788411,174.752664,1,True
esp32_device_001,2025-10-08T10:01:34.076923+13:00,32.9,-36.788479,174.752584,1,True
esp32_device_001,2025-10-08T10:01:34.153846+13:00,32.9,-36.788606,174.752416,1,True
esp32_device_001,2025-10-08T10:01:34.230769+13:00,32.9,-36.788501,174.752309,1,True
esp32_device_001,2025-10-08T10:01:34.307692+13:00,33.0,-36.788414,174.752248,1,True
esp32_device_001,2025-10-08T10:01:34.384615+13:00,33.0,-36.788342,174.752210,1,True
esp32_device_001,2025-10-08T10:01:34.461538+13:00,33.0,-36.787993,174.752072,1,True
esp32_device_001,2025-10-08T10:01:34.538462+13:00,33.0,-36.787803,174.751995,1,True
esp32_device_001,2025-10-08T10:01:34.615385+13:00,33.0,-36.787613,174.751918,1,True
esp32_device_001,2025-10-08T10:01:34.692308+13:00,33.0,-36.787307,174.751797,1,True
esp32_device_001,2025-10-08T10:01:34.769231+13:00,33.0,-36.786782,174.751589,1,True
esp32_device_001,2025-10-08T10:01:34.846154+13:00,33.0,-36.786541,174.751485,1,True
esp32_device_001,2025-10-08T10:01:34.923077+13:00,33.0,-36.786287,174.751364,1,True
esp32_device_001,2025-10-08T10:01:35+13:00,33.0,-36.786010,174.751212,1,True
esp32_device_001,2025-10-08T10:01:35.076923+13:00,33.0,-36.785386,174.750832,1,True
esp32_device_001,2025-10-08T10:01:35.153846+13:00,33.0,-36.784414,174.750255,1,True
esp32_device_001,2025-10-08T10:01:35.230769+13:00,33.0,-36.784056,174.750056,1,True
esp32_device_001,2025-10-08T10:01:35.307692+13:00,33.0,-36.783718,174.749951,1,True
esp32_device_001,2025-10-08T10:01:35.384615+13:00,33.0,-36.780226,174.747766,1,True
esp32_device_001,2025-10-08T10:01:35.461538+13:00,33.0,-36.779675,174.747424,1,True
esp32_device_001,2025-10-08T10:01:35.538462+13:00,33.0,-36.778853,174.746914,1,True
esp32_device_001,2025-10-08T10:01:35.615385+13:00,33.0,-36.778480,174.746681,1,True
esp32_device_001,2025-10-08T10:01:35.692308+13:00,33.0,-36.777992,174.746378,1,True
esp32_device_001,2025-10-08T10:01:35.769231+13:00,33.0,-36.776343,174.745345,1,True
esp32_device_001,2025-10-08T10:01:35.846154+13:00,33.0,-36.775245,174.744659,1,True
esp32_device_001,2025-10-08T10:01:35.923077+13:00,33.0,-36.774729,174.744187,1,True
esp32_device_001,2025-10-08T10:01:36+13:00,33.0,-36.774274,174.743853,1,True
esp32_device_001,2025-10-08T10:01:36.076923+13:00,33.0,-36.773651,174.743405,1,True
esp32_device_001,2025-10-08T10:01:36.153846+13:00,33.0,-36.772940,174.742901,1,True
esp32_device_001,2025-10-08T10:01:36.230769+13:00,33.0,-36.772694,174.742723,1,True
esp32_device_001,2025-10-08T10:01:36.307692+13:00,33.0,-36.772387,174.742491,1,True
esp32_device_001,2025-10-08T10:01:36.384615+13:00,33.0,-36.772295,174.742467,1,True
esp32_device_001,2025-10-08T10:01:36.461538+13:00,33.0,-36.772149,174.742372,1,True
esp32_device_001,2025-10-08T10:01:36.538462+13:00,33.0,-36.772076,174.742321,1,True
esp32_device_001,2025-10-08T10:01:36.615385+13:00,33.0,-36.771967,174.742249,1,True
esp32_device_001,2025-10-08T10:01:36.692308+13:00,33.0,-36.771738,174.742933,1,True
esp32_device_001,2025-10-08T10:01:36.769231+13:00,33.1,-36.771677,174.743145,1,True
esp32_device_001,2025-10-08T10:01:36.846154+13:00,33.1,-36.771767,174.743190,1,True
esp32_device_001,2025-10-08T10:01:36.923077+13:00,33.1,-36.771955,174.743277,1,True
esp32_device_001,2025-10-08T10:01:37+13:00,33.1,-36.772422,174.743483,1,True
esp32_device_001,2025-10-08T10:01:37.076923+13:00,33.1,-36.772941,174.743701,1,True
esp32_device_001,2025-10-08T10:01:37.153846+13:00,33.1,-36.773299,174.743840,1,True
esp32_device_001,2025-10-08T10:01:37.230769+13:00,33.1,-36.773817,174.744059,1,True
esp32_device_001,2025-10-08T10:01:37.307692+13:00,33.1,-36.774240,174.744284,1,True
esp32_device_001,2025-10-08T10:01:37.384615+13:00,33.1,-36.775558,174.745078,1,True
esp32_device_001,2025-10-08T10:01:37.461538+13:00,33.1,-36.776470,174.745617,1,True
esp32_device_001,2025-10-08T10:01:37.538462+13:00,33.1,-36.776783,174.745749,1,True
esp32_device_001,2025-10-08T10:01:37.615385+13:00,33.1,-36.777910,174.746450,1,True
esp32_device_001,2025-10-08T10:01:37.692308+13:00,33.1,-36.779692,174.747566,1,True
esp32_device_001,2025-10-08T10:01:37.769231+13:00,33.1,-36.780233,174.747903,1,True
esp32_device_001,2025-10-08T10:01:37.846154+13:00,33.1,-36.784329,174.750467,1,True
esp32_device_001,2025-10-08T10:01:37.923077+13:00,33.1,-36.784987,174.750878,1,True
esp32_device_001,2025-10-08T10:01:38+13:00,33.1,-36.786232,174.751785,1,False
esp32_device_001,2025-10-08T10:01:43+13:00,34.2,-36.787209,174.752396,1,False
esp32_device_001,2025-10-08T10:01:43.050000+13:00,34.2,-36.788028,174.752784,1,True
esp32_device_001,2025-10-08T10:01:43.100000+13:00,34.2,-36.788292,174.752951,1,True
esp32_device_001,2025-10-08T10:01:43.150000+13:00,34.2,-36.790468,174.754311,1,True
esp32_device_001,2025-10-08T10:01:43.200000+13:00,34.2,-36.790997,174.754655,1,True
esp32_device_001,2025-10-08T10:01:43.250000+13:00,34.2,-36.791694,174.755137,1,True
esp32_device_001,2025-10-08T10:01:43.300000+13:00,34.2,-36.792587,174.755804,1,True
esp32_device_001,2025-10-08T10:01:43.350000+13:00,34.2,-36.793179,174.756295,1,True
esp32_device_001,2025-10-08T10:01:43.400000+13:00,34.3,-36.793359,174.756444,1,True
esp32_device_001,2025-10-08T10:01:43.450000+13:00,34.3,-36.794038,174.757061,1,True
esp32_device_001,2025-10-08T10:01:43.500000+13:00,34.3,-36.794150,174.757172,1,True
esp32_device_001,2025-10-08T10:01:43.550000+13:00,34.3,-36.795740,174.758745,1,True
esp32_device_001,2025-10-08T10:01:43.600000+13:00,34.3,-36.796111,174.759253,1,True
esp32_device_001,2025-10-08T10:01:43.650000+13:00,34.3,-36.796449,174.759644,1,True
esp32_device_001,2025-10-08T10:01:43.700000+13:00,34.3,-36.797070,174.760344,1,True
esp32_device_001,2025-10-08T10:01:43.750000+13:00,34.3,-36.797373,174.760660,1,True
esp32_device_001,2025-10-08T10:01:43.800000+13:00,34.3,-36.797649,174.760902,1,True
esp32_device_001,2025-10-08T10:01:43.850000+13:00,34.3,-36.797932,174.761138,1,True
esp32_device_001,2025-10-08T10:01:43.900000+13:00,34.3,-36.798067,174.761224,1,True
esp32_device_001,2025-10-08T10:01:43.950000+13:00,34.3,-36.798274,174.761354,1,True
esp32_device_001,2025-10-08T10:01:44+13:00,34.3,-36.798381,174.761420,1,True
esp32_device_001,2025-10-08T10:01:44.050000+13:00,34.3,-36.798565,174.761532,1,True
esp32_device_001,2025-10-08T10:01:44.100000+13:00,34.4,-36.798843,174.761696,1,True
esp32_device_001,2025-10-08T10:01:44.150000+13:00,34.4,-36.798879,174.761717,1,True
esp32_device_001,2025-10-08T10:01:44.200000+13:00,34.4,-36.798973,174.761753,1,True
esp32_device_001,2025-10-08T10:01:44.250000+13:00,34.4,-36.799019,174.761761,1,True
esp32_device_001,2025-10-08T10:01:44.300000+13:00,34.4,-36.799063,174.761758,1,True
esp32_device_001,2025-10-08T10:01:44.350000+13:00,34.4,-36.799111,174.761747,1,True
esp32_device_001,2025-10-08T10:01:44.400000+13:00,34.4,-36.799204,174.761594,1,True
esp32_device_001,2025-10-08T10:01:44.450000+13:00,34.4,-36.799346,174.761361,1,True
esp32_device_001,2025-10-08T10:01:44.500000+13:00,34.4,-36.799434,174.761232,1,True
esp32_device_001,2025-10-08T10:01:44.550000+13:00,34.4,-36.799568,174.761052,1,True
esp32_device_001,2025-10-08T10:01:44.600000+13:00,34.4,-36.799626,174.760976,1,True
esp32_device_001,2025-10-08T10:01:44.650000+13:00,34.4,-36.800148,174.760398,1,True
esp32_device_001,2025-10-08T10:01:44.700000+13:00,34.4,-36.800197,174.760346,1,True
esp32_device_001,2025-10-08T10:01:44.750000+13:00,34.4,-36.800240,174.760316,1,True
esp32_device_001,2025-10-08T10:01:44.800000+13:00,34.5,-36.800301,174.760288,1,True
esp32_device_001,2025-10-08T10:01:44.850000+13:00,34.5,-36.800364,174.760278,1,True
esp32_device_001,2025-10-08T10:01:44.900000+13:00,34.5,-36.800426,174.760278,1,True
esp32_device_001,2025-10-08T10:01:44.950000+13:00,34.5,-36.800488,174.760289,1,True
esp32_device_001,2025-10-08T10:01:45+13:00,34.5,-36.800549,174.760320,1,True
esp32_device_001,2025-10-08T10:01:45.050000+13:00,34.5,-36.800595,174.760351,1,True
esp32_device_001,2025-10-08T10:01:45.100000+13:00,34.5,-36.800640,174.760392,1,True
esp32_device_001,2025-10-08T10:01:45.150000+13:00,34.5,-36.800685,174.760454,1,True
esp32_device_001,2025-10-08T10:01:45.200000+13:00,34.5,-36.800714,174.760518,1,True
esp32_device_001,2025-10-08T10:01:45.250000+13:00,34.5,-36.800734,174.760574,1,True
esp32_device_001,2025-10-08T10:01:45.300000+13:00,34.5,-36.800749,174.760664,1,True
esp32_device_001,2025-10-08T10:01:45.350000+13:00,34.5,-36.800753,174.760725,1,True
esp32_device_001,2025-10-08T10:01:45.400000+13:00,34.5,-36.800752,174.760786,1,True
esp32_device_001,2025-10-08T10:01:45.450000+13:00,34.5,-36.800735,174.760859,1,True
esp32_device_001,2025-10-08T10:01:45.500000+13:00,34.5,-36.800718,174.760923,1,True
esp32_device_001,2025-10-08T10:01:45.550000+13:00,34.6,-36.800690,174.760984,1,True
esp32_device_001,2025-10-08T10:01:45.600000+13:00,34.6,-36.800659,174.761030,1,True
esp32_device_001,2025-10-08T10:01:45.650000+13:00,34.6,-36.800627,174.761071,1,True
esp32_device_001,2025-10-08T10:01:45.700000+13:00,34.6,-36.800588,174.761102,1,True
esp32_device_001,2025-10-08T10:01:45.750000+13:00,34.6,-36.800549,174.761126,1,True
esp32_device_001,2025-10-08T10:01:45.800000+13:00,34.6,-36.800490,174.761151,1,True
esp32_device_001,2025-10-08T10:01:45.850000+13:00,34.6,-36.800433,174.761170,1,True
esp32_device_001,2025-10-08T10:01:45.900000+13:00,34.6,-36.800320,174.761186,1,True
esp32_device_001,2025-10-08T10:01:45.950000+13:00,34.6,-36.800190,174.761190,1,True
esp32_device_001,2025-10-08T10:01:46+13:00,34.6,-36.800081,174.761195,1,True
esp32_device_001,2025-10-08T10:01:46.050000+13:00,34.6,-36.799959,174.761193,1,True
esp32_device_001,2025-10-08T10:01:46.100000+13:00,34.6,-36.799800,174.761178,1,True
esp32_device_001,2025-10-08T10:01:46.150000+13:00,34.6,-36.799651,174.761154,1,True
esp32_device_001,2025-10-08T10:01:46.200000+13:00,34.6,-36.799450,174.761108,1,True
esp32_device_001,2025-10-08T10:01:46.250000+13:00,34.7,-36.799129,174.761010,1,True
esp32_device_001,2025-10-08T10:01:46.300000+13:00,34.7,-36.798836,174.760907,1,True
esp32_device_001,2025-10-08T10:01:46.350000+13:00,34.7,-36.798591,174.760812,1,True
esp32_device_001,2025-10-08T10:01:46.400000+13:00,34.7,-36.798328,174.760684,1,True
esp32_device_001,2025-10-08T10:01:46.450000+13:00,34.7,-36.797887,174.760422,1,True
esp32_device_001,2025-10-08T10:01:46.500000+13:00,34.7,-36.797545,174.760279,1,True
esp32_device_001,2025-10-08T10:01:46.550000+13:00,34.7,-36.797192,174.759966,1,True
esp32_device_001,2025-10-08T10:01:46.600000+13:00,34.7,-36.796833,174.759627,1,True
esp32_device_001,2025-10-08T10:01:46.650000+13:00,34.7,-36.795900,174.758648,1,True
esp32_device_001,2025-10-08T10:01:46.700000+13:00,34.7,-36.795102,174.757864,1,True
esp32_device_001,2025-10-08T10:01:46.750000+13:00,34.7,-36.794539,174.757309,1,True
esp32_device_001,2025-10-08T10:01:46.800000+13:00,34.7,-36.794252,174.757027,1,True
esp32_device_001,2025-10-08T10:01:46.850000+13:00,34.7,-36.794083,174.756869,1,True
esp32_device_001,2025-10-08T10:01:46.900000+13:00,34.7,-36.793265,174.756135,1,True
esp32_device_001,2025-10-08T10:01:46.950000+13:00,34.8,-36.792708,174.755688,1,True
esp32_device_001,2025-10-08T10:01:47+13:00,34.8,-36.792212,174.755342,1,True
esp32_device_001,2025-10-08T10:01:47.050000+13:00,34.8,-36.791867,174.754964,1,True
esp32_device_001,2025-10-08T10:01:47.100000+13:00,34.8,-36.791475,174.754669,1,True
esp32_device_001,2025-10-08T10:01:47.150000+13:00,34.8,-36.790475,174.753949,1,True
esp32_device_001,2025-10-08T10:01:47.200000+13:00,34.8,-36.790191,174.753745,1,True
esp32_device_001,2025-10-08T10:01:47.250000+13:00,34.8,-36.789563,174.753281,1,True
esp32_device_001,2025-10-08T10:01:47.300000+13:00,34.8,-36.789231,174.753012,1,True
esp32_device_001,2025-10-08T10:01:47.350000+13:00,34.8,-36.789059,174.752861,1,True
esp32_device_001,2025-10-08T10:01:47.400000+13:00,34.8,-36.788955,174.752771,1,True
esp32_device_001,2025-10-08T10:01:47.450000+13:00,34.8,-36.788826,174.752637,1,True
esp32_device_001,2025-10-08T10:01:47.500000+13:00,34.8,-36.788674,174.752486,1,True
esp32_device_001,2025-10-08T10:01:47.550000+13:00,34.8,-36.788651,174.752462,1,True
esp32_device_001,2025-10-08T10:01:47.600000+13:00,34.8,-36.788606,174.752416,1,True
esp32_device_001,2025-10-08T10:01:47.650000+13:00,34.9,-36.788501,174.752309,1,True
esp32_device_001,2025-10-08T10:01:47.700000+13:00,34.9,-36.788281,174.752580,1,True
esp32_device_001,2025-10-08T10:01:47.750000+13:00,34.9,-36.787995,174.752948,1,True
esp32_device_001,2025-10-08T10:01:47.800000+13:00,34.9,-36.787948,174.753008,1,True
esp32_device_001,2025-10-08T10:01:47.850000+13:00,34.9,-36.787836,174.753155,1,True
esp32_device_001,2025-10-08T10:01:47.900000+13:00,34.9,-36.787959,174.753227,1,True
esp32_device_001,2025-10-08T10:01:47.950000+13:00,34.9,-36.788125,174.753029,1,True
esp32_device_001,2025-10-08T10:01:48+13:00,34.9,-36.788128,174.752975,1,False
esp32_device_001,2025-10-08T10:01:48.090909+13:00,34.9,-36.788411,174.752664,1,True
esp32_device_001,2025-10-08T10:01:48.181818+13:00,34.9,-36.788479,174.752584,1,True
esp32_device_001,2025-10-08T10:01:48.272727+13:00,34.9,-36.788606,174.752416,1,True
esp32_device_001,2025-10-08T10:01:48.363636+13:00,34.9,-36.788501,174.752309,1,True
esp32_device_001,2025-10-08T10:01:48.454545+13:00,34.9,-36.788414,174.752248,1,True
esp32_device_001,2025-10-08T10:01:48.545455+13:00,34.9,-36.788342,174.752210,1,True
esp32_device_001,2025-10-08T10:01:48.636364+13:00,34.9,-36.787993,174.752072,1,True
esp32_device_001,2025-10-08T10:01:48.727273+13:00,34.9,-36.787803,174.751995,1,True
esp32_device_001,2025-10-08T10:01:48.818182+13:00,34.9,-36.787613,174.751918,1,True
esp32_device_001,2025-10-08T10:01:48.909091+13:00,34.9,-36.787307,174.751797,1,True
esp32_device_001,2025-10-08T10:01:49+13:00,34.9,-36.786782,174.751589,1,True
esp32_device_001,2025-10-08T10:01:49.090909+13:00,34.9,-36.786541,174.751485,1,True
esp32_device_001,2025-10-08T10:01:49.181818+13:00,34.9,-36.786287,174.751364,1,True
esp32_device_001,2025-10-08T10:01:49.272727+13:00,35.0,-36.786010,174.751212,1,True
esp32_device_001,2025-10-08T10:01:49.363636+13:00,35.0,-36.785386,174.750832,1,True
esp32_device_001,2025-10-08T10:01:49.454545+13:00,35.0,-36.784414,174.750255,1,True
esp32_device_001,2025-10-08T10:01:49.545455+13:00,35.0,-36.784056,174.750056,1,True
esp32_device_001,2025-10-08T10:01:49.636364+13:00,35.0,-36.783718,174.749951,1,True
esp32_device_001,2025-10-08T10:01:49.727273+13:00,35.0,-36.780226,174.747766,1,True
esp32_device_001,2025-10-08T10:01:49.818182+13:00,35.0,-36.779675,174.747424,1,True
esp32_device_001,2025-10-08T10:01:49.909091+13:00,35.0,-36.778853,174.746914,1,True
esp32_device_001,2025-10-08T10:01:50+13:00,35.0,-36.778480,174.746681,1,True
esp32_device_001,2025-10-08T10:01:50.090909+13:00,35.0,-36.777992,174.746378,1,True
esp32_device_001,2025-10-08T10:01:50.181818+13:00,35.0,-36.776343,174.745345,1,True
esp32_device_001,2025-10-08T10:01:50.272727+13:00,35.0,-36.775245,174.744659,1,True
esp32_device_001,2025-10-08T10:01:50.363636+13:00,35.0,-36.774729,174.744187,1,True
esp32_device_001,2025-10-08T10:01:50.454545+13:00,35.0,-36.774274,174.743853,1,True
esp32_device_001,2025-10-08T10:01:50.545455+13:00,35.0,-36.773651,174.743405,1,True
esp32_device_001,2025-10-08T10:01:50.636364+13:00,35.0,-36.772940,174.742901,1,True
esp32_device_001,2025-10-08T10:01:50.727273+13:00,35.0,-36.772694,174.742723,1,True
esp32_device_001,2025-10-08T10:01:50.818182+13:00,35.0,-36.772387,174.742491,1,True
esp32_device_001,2025-10-08T10:01:50.909091+13:00,35.0,-36.772295,174.742467,1,True
esp32_device_001,2025-10-08T10:01:51+13:00,35.0,-36.772149,174.742372,1,True
esp32_device_001,2025-10-08T10:01:51.090909+13:00,35.0,-36.772076,174.742321,1,True
esp32_device_001,2025-10-08T10:01:51.181818+13:00,35.0,-36.771967,174.742249,1,True
esp32_device_001,2025-10-08T10:01:51.272727+13:00,35.0,-36.771738,174.742933,1,True
esp32_device_001,2025-10-08T10:01:51.363636+13:00,35.0,-36.771677,174.743145,1,True
esp32_device_001,2025-10-08T10:01:51.454545+13:00,35.0,-36.771767,174.743190,1,True
esp32_device_001,2025-10-08T10:01:51.545455+13:00,35.0,-36.771955,174.743277,1,True
esp32_device_001,2025-10-08T10:01:51.636364+13:00,35.0,-36.772422,174.743483,1,True
esp32_device_001,2025-10-08T10:01:51.727273+13:00,35.0,-36.772941,174.743701,1,True
esp32_device_001,2025-10-08T10:01:51.818182+13:00,35.1,-36.773299,174.743840,1,True
esp32_device_001,2025-10-08T10:01:51.909091+13:00,35.1,-36.773817,174.744059,1,True
esp32_device_001,2025-10-08T10:01:52+13:00,35.1,-36.774240,174.744284,1,True
esp32_device_001,2025-10-08T10:01:52.090909+13:00,35.1,-36.775558,174.745078,1,True
esp32_device_001,2025-10-08T10:01:52.181818+13:00,35.1,-36.776470,174.745617,1,True
esp32_device_001,2025-10-08T10:01:52.272727+13:00,35.1,-36.776783,174.745749,1,True
esp32_device_001,2025-10-08T10:01:52.363636+13:00,35.1,-36.777910,174.746450,1,True
esp32_device_001,2025-10-08T10:01:52.454545+13:00,35.1,-36.779692,174.747566,1,True
esp32_device_001,2025-10-08T10:01:52.545455+13:00,35.1,-36.780233,174.747903,1,True
esp32_device_001,2025-10-08T10:01:52.636364+13:00,35.1,-36.784329,174.750467,1,True
esp32_device_001,2025-10-08T10:01:52.727273+13:00,35.1,-36.784987,174.750878,1,True
esp32_device_001,2025-10-08T10:01:52.818182+13:00,35.1,-36.788028,174.752784,1,True
esp32_device_001,2025-10-08T10:01:52.909091+13:00,35.1,-36.788292,174.752951,1,True
esp32_device_001,2025-10-08T10:01:53+13:00,35.1,-36.788857,174.753448,1,False
esp32_device_001,2025-10-08T10:01:58+13:00,34.6,-36.789345,174.753738,1,False
esp32_device_001,2025-10-08T10:01:58.049505+13:00,34.6,-36.790468,174.754311,1,True
esp32_device_001,2025-10-08T10:01:58.099010+13:00,34.6,-36.790997,174.754655,1,True
esp32_device_001,2025-10-08T10:01:58.148515+13:00,34.6,-36.791694,174.755137,1,True
esp32_device_001,2025-10-08T10:01:58.198020+13:00,34.6,-36.792587,174.755804,1,True
esp32_device_001,2025-10-08T10:01:58.247525+13:00,34.6,-36.793179,174.756295,1,True
esp32_device_001,2025-10-08T10:01:58.297030+13:00,34.6,-36.793359,174.756444,1,True
esp32_device_001,2025-10-08T10:01:58.346535+13:00,34.6,-36.794038,174.757061,1,True
esp32_device_001,2025-10-08T10:01:58.396040+13:00,34.6,-36.794150,174.757172,1,True
esp32_device_001,2025-10-08T10:01:58.445545+13:00,34.6,-36.795740,174.758745,1,True
esp32_device_001,2025-10-08T10:01:58.495050+13:00,34.6,-36.796111,174.759253,1,True
esp32_device_001,2025-10-08T10:01:58.544554+13:00,34.6,-36.796449,174.759644,1,True
esp32_device_001,2025-10-08T10:01:58.594059+13:00,34.6,-36.797070,174.760344,1,True
esp32_device_001,2025-10-08T10:01:58.643564+13:00,34.6,-36.797373,174.760660,1,True
esp32_device_001,2025-10-08T10:01:58.693069+13:00,34.6,-36.797649,174.760902,1,True
esp32_device_001,2025-10-08T10:01:58.742574+13:00,34.6,-36.797932,174.761138,1,True
esp32_device_001,2025-10-08T10:01:58.792079+13:00,34.6,-36.798067,174.761224,1,True
esp32_device_001,2025-10-08T10:01:58.841584+13:00,34.6,-36.798274,174.761354,1,True
esp32_device_001,2025-10-08T10:01:58.891089+13:00,34.6,-36.798381,174.761420,1,True
esp32_device_001,2025-10-08T10:01:58.940594+13:00,34.6,-36.798565,174.761532,1,True
esp32_device_001,2025-10-08T10:01:58.990099+13:00,34.6,-36.798843,174.761696,1,True
esp32_device_001,2025-10-08T10:01:59.039604+13:00,34.6,-36.798879,174.761717,1,True
esp32_device_001,2025-10-08T10:01:59.089109+13:00,34.6,-36.798973,174.761753,1,True
esp32_device_001,2025-10-08T10:01:59.138614+13:00,34.6,-36.799019,174.761761,1,True
esp32_device_001,2025-10-08T10:01:59.188119+13:00,34.6,-36.799063,174.761758,1,True
esp32_device_001,2025-10-08T10:01:59.237624+13:00,34.6,-36.799111,174.761747,1,True
esp32_device_001,2025-10-08T10:01:59.287129+13:00,34.6,-36.799204,174.761594,1,True
esp32_device_001,2025-10-08T10:01:59.336634+13:00,34.6,-36.799346,174.761361,1,True
esp32_device_001,2025-10-08T10:01:59.386139+13:00,34.6,-36.799434,174.761232,1,True
esp32_device_001,2025-10-08T10:01:59.435644+13:00,34.6,-36.799568,174.761052,1,True
esp32_device_001,2025-10-08T10:01:59.485149+13:00,34.6,-36.799626,174.760976,1,True
esp32_device_001,2025-10-08T10:01:59.534653+13:00,34.6,-36.800148,174.760398,1,True
esp32_device_001,2025-10-08T10:01:59.584158+13:00,34.6,-36.800197,174.760346,1,True
esp32_device_001,2025-10-08T10:01:59.633663+13:00,34.6,-36.800240,174.760316,1,True
esp32_device_001,2025-10-08T10:01:59.683168+13:00,34.6,-36.800301,174.760288,1,True
esp32_device_001,2025-10-08T10:01:59.732673+13:00,34.6,-36.800364,174.760278,1,True
esp32_device_001,2025-10-08T10:01:59.782178+13:00,34.6,-36.800426,174.760278,1,True
esp32_device_001,2025-10-08T10:01:59.831683+13:00,34.6,-36.800488,174.760289,1,True
esp32_device_001,2025-10-08T10:01:59.881188+13:00,34.6,-36.800549,174.760320,1,True
esp32_device_001,2025-10-08T10:01:59.930693+13:00,34.6,-36.800595,174.760351,1,True
esp32_device_001,2025-10-08T10:01:59.980198+13:00,34.6,-36.800640,174.760392,1,True
esp32_device_001,2025-10-08T10:02:00.029703+13:00,34.6,-36.800685,174.760454,1,True
esp32_device_001,2025-10-08T10:02:00.079208+13:00,34.6,-36.800714,174.760518,1,True
esp32_device_001,2025-10-08T10:02:00.128713+13:00,34.6,-36.800734,174.760574,1,True
esp32_device_001,2025-10-08T10:02:00.178218+13:00,34.6,-36.800749,174.760664,1,True
esp32_device_001,2025-10-08T10:02:00.227723+13:00,34.6,-36.800753,174.760725,1,True
esp32_device_001,2025-10-08T10:02:00.277228+13:00,34.6,-36.800752,174.760786,1,True
esp32_device_001,2025-10-08T10:02:00.326733+13:00,34.6,-36.800735,174.760859,1,True
esp32_device_001,2025-10-08T10:02:00.376238+13:00,34.6,-36.800718,174.760923,1,True
esp32_device_001,2025-10-08T10:02:00.425743+13:00,34.6,-36.800690,174.760984,1,True
esp32_device_001,2025-10-08T10:02:00.475248+13:00,34.6,-36.800659,174.761030,1,True
esp32_device_001,2025-10-08T10:02:00.524752+13:00,34.7,-36.800627,174.761071,1,True
esp32_device_001,2025-10-08T10:02:00.574257+13:00,34.7,-36.800588,174.761102,1,True
esp32_device_001,2025-10-08T10:02:00.623762+13:00,34.7,-36.800549,174.761126,1,True
esp32_device_001,2025-10-08T10:02:00.673267+13:00,34.7,-36.800490,174.761151,1,True
esp32_device_001,2025-10-08T10:02:00.722772+13:00,34.7,-36.800433,174.761170,1,True
esp32_device_001,2025-10-08T10:02:00.772277+13:00,34.7,-36.800320,174.761186,1,True
esp32_device_001,2025-10-08T10:02:00.821782+13:00,34.7,-36.800190,174.761190,1,True
esp32_device_001,2025-10-08T10:02:00.871287+13:00,34.7,-36.800081,174.761195,1,True
esp32_device_001,2025-10-08T10:02:00.920792+13:00,34.7,-36.799959,174.761193,1,True
esp32_device_001,2025-10-08T10:02:00.970297+13:00,34.7,-36.799800,174.761178,1,True
esp32_device_001,2025-10-08T10:02:01.019802+13:00,34.7,-36.799651,174.761154,1,True
esp32_device_001,2025-10-08T10:02:01.069307+13:00,34.7,-36.799450,174.761108,1,True
esp32_device_001,2025-10-08T10:02:01.118812+13:00,34.7,-36.799129,174.761010,1,True
esp32_device_001,2025-10-08T10:02:01.168317+13:00,34.7,-36.798836,174.760907,1,True
esp32_device_001,2025-10-08T10:02:01.217822+13:00,34.7,-36.798591,174.760812,1,True
esp32_device_001,2025-10-08T10:02:01.267327+13:00,34.7,-36.798328,174.760684,1,True
esp32_device_001,2025-10-08T10:02:01.316832+13:00,34.7,-36.797887,174.760422,1,True
esp32_device_001,2025-10-08T10:02:01.366337+13:00,34.7,-36.797545,174.760279,1,True
esp32_device_001,2025-10-08T10:02:01.415842+13:00,34.7,-36.797192,174.759966,1,True
esp32_device_001,2025-10-08T10:02:01.465347+13:00,34.7,-36.796833,174.759627,1,True
esp32_device_001,2025-10-08T10:02:01.514851+13:00,34.7,-36.795900,174.758648,1,True
esp32_device_001,2025-10-08T10:02:01.564356+13:00,34.7,-36.795102,174.757864,1,True
esp32_device_001,2025-10-08T10:02:01.613861+13:00,34.7,-36.794539,174.757309,1,True
esp32_device_001,2025-10-08T10:02:01.663366+13:00,34.7,-36.794252,174.757027,1,True
esp32_device_001,2025-10-08T10:02:01.712871+13:00,34.7,-36.794083,174.756869,1,True
esp32_device_001,2025-10-08T10:02:01.762376+13:00,34.7,-36.793265,174.756135,1,True
esp32_device_001,2025-10-08T10:02:01.811881+13:00,34.7,-36.792708,174.755688,1,True
esp32_device_001,2025-10-08T10:02:01.861386+13:00,34.7,-36.792212,174.755342,1,True
esp32_device_001,2025-10-08T10:02:01.910891+13:00,34.7,-36.791867,174.754964,1,True
esp32_device_001,2025-10-08T10:02:01.960396+13:00,34.7,-36.791475,174.754669,1,True
esp32_device_001,2025-10-08T10:02:02.009901+13:00,34.7,-36.790475,174.753949,1,True
esp32_device_001,2025-10-08T10:02:02.059406+13:00,34.7,-36.790191,174.753745,1,True
esp32_device_001,2025-10-08T10:02:02.108911+13:00,34.7,-36.789563,174.753281,1,True
esp32_device_001,2025-10-08T10:02:02.158416+13:00,34.7,-36.789231,174.753012,1,True
esp32_device_001,2025-10-08T10:02:02.207921+13:00,34.7,-36.789059,174.752861,1,True
esp32_device_001,2025-10-08T10:02:02.257426+13:00,34.7,-36.788955,174.752771,1,True
esp32_device_001,2025-10-08T10:02:02.306931+13:00,34.7,-36.788826,174.752637,1,True
esp32_device_001,2025-10-08T10:02:02.356436+13:00,34.7,-36.788674,174.752486,1,True
esp32_device_001,2025-10-08T10:02:02.405941+13:00,34.7,-36.788651,174.752462,1,True
esp32_device_001,2025-10-08T10:02:02.455446+13:00,34.7,-36.788606,174.752416,1,True
esp32_device_001,2025-10-08T10:02:02.504950+13:00,34.7,-36.788501,174.752309,1,True
esp32_device_001,2025-10-08T10:02:02.554455+13:00,34.7,-36.788281,174.752580,1,True
esp32_device_001,2025-10-08T10:02:02.603960+13:00,34.7,-36.787995,174.752948,1,True
esp32_device_001,2025-10-08T10:02:02.653465+13:00,34.7,-36.787948,174.753008,1,True
esp32_device_001,2025-10-08T10:02:02.702970+13:00,34.7,-36.787836,174.753155,1,True
esp32_device_001,2025-10-08T10:02:02.752475+13:00,34.7,-36.787959,174.753227,1,True
esp32_device_001,2025-10-08T10:02:02.801980+13:00,34.7,-36.788045,174.753267,1,True
esp32_device_001,2025-10-08T10:02:02.851485+13:00,34.7,-36.788275,174.753369,1,True
esp32_device_001,2025-10-08T10:02:02.900990+13:00,34.7,-36.788817,174.753623,1,True
esp32_device_001,2025-10-08T10:02:02.950495+13:00,34.7,-36.789178,174.753790,1,True
esp32_device_001,2025-10-08T10:02:03+13:00,34.7,-36.789673,174.753952,1,False
esp32_device_001,2025-10-08T10:02:08+13:00,34.5,-36.78989,174.754074,1,False
esp32_device_001,2025-10-08T10:02:13+13:00,33.7,-36.790081,174.754196,1,False
esp32_device_001,2025-10-08T10:02:18+13:00,32.9,-36.79031,174.754333,1,False
esp32_device_001,2025-10-08T10:02:23+13:00,32,-36.790535,174.754471,1,False
esp32_device_001,2025-10-08T10:02:28+13:00,30.6,-36.790764,174.754623,1,False
esp32_device_001,2025-10-08T10:02:33+13:00,29.3,-36.791,174.754776,1,False
esp32_device_001,2025-10-08T10:02:38+13:00,27.6,-36.791241,174.754929,1,False
esp32_device_001,2025-10-08T10:02:43+13:00,26.6,-36.791405,174.755051,1,False
esp32_device_001,2025-10-08T10:02:48+13:00,26.2,-36.791523,174.755127,1,False
esp32_device_001,2025-10-08T10:02:53+13:00,25.5,-36.791679,174.755249,1,False
esp32_device_001,2025-10-08T10:02:58+13:00,23.9,-36.791874,174.755386,1,False
esp32_device_001,2025-10-08T10:03:03+13:00,22.9,-36.792099,174.755554,1,False
esp32_device_001,2025-10-08T10:03:08+13:00,22.1,-36.792366,174.755753,1,False
esp32_device_001,2025-10-08T10:03:10.500000+13:00,20.8,-36.792587,174.755804,1,True
esp32_device_001,2025-10-08T10:03:13+13:00,19.5,-36.792812,174.756119,1,False
esp32_device_001,2025-10-08T10:03:14.666667+13:00,18.7,-36.793179,174.756295,1,True
esp32_device_001,2025-10-08T10:03:16.333333+13:00,17.8,-36.793359,174.756444,1,True
esp32_device_001,2025-10-08T10:03:18+13:00,17,-36.79335,174.756561,1,False
esp32_device_001,2025-10-08T10:03:23+13:00,15.2,-36.793884,174.757034,1,False
esp32_device_001,2025-10-08T10:03:24.666667+13:00,15.3,-36.794038,174.757061,1,True
esp32_device_001,2025-10-08T10:03:26.333333+13:00,15.4,-36.794150,174.757172,1,True
esp32_device_001,2025-10-08T10:03:28+13:00,15.5,-36.794331,174.757462,1,False
esp32_device_001,2025-10-08T10:03:33+13:00,16.9,-36.794758,174.757874,1,False
esp32_device_001,2025-10-08T10:03:38+13:00,18.7,-36.7952,174.758316,1,False
esp32_device_001,2025-10-08T10:03:43+13:00,20,-36.795662,174.758774,1,False
esp32_device_001,2025-10-08T10:03:44.666667+13:00,20.1,-36.795740,174.758745,1,True
esp32_device_001,2025-10-08T10:03:46.333333+13:00,20.3,-36.796111,174.759253,1,True
esp32_device_001,2025-10-08T10:03:48+13:00,20.4,-36.796215,174.759338,1,False
esp32_device_001,2025-10-08T10:03:48.048544+13:00,20.4,-36.796449,174.759644,1,True
esp32_device_001,2025-10-08T10:03:48.097087+13:00,20.4,-36.797070,174.760344,1,True
esp32_device_001,2025-10-08T10:03:48.145631+13:00,20.4,-36.797373,174.760660,1,True
esp32_device_001,2025-10-08T10:03:48.194175+13:00,20.4,-36.797649,174.760902,1,True
esp32_device_001,2025-10-08T10:03:48.242718+13:00,20.4,-36.797932,174.761138,1,True
esp32_device_001,2025-10-08T10:03:48.291262+13:00,20.4,-36.798067,174.761224,1,True
esp32_device_001,2025-10-08T10:03:48.339806+13:00,20.4,-36.798274,174.761354,1,True
esp32_device_001,2025-10-08T10:03:48.388350+13:00,20.4,-36.798381,174.761420,1,True
esp32_device_001,2025-10-08T10:03:48.436893+13:00,20.4,-36.798565,174.761532,1,True
esp32_device_001,2025-10-08T10:03:48.485437+13:00,20.4,-36.798843,174.761696,1,True
esp32_device_001,2025-10-08T10:03:48.533981+13:00,20.4,-36.798879,174.761717,1,True
esp32_device_001,2025-10-08T10:03:48.582524+13:00,20.4,-36.798973,174.761753,1,True
esp32_device_001,2025-10-08T10:03:48.631068+13:00,20.4,-36.799019,174.761761,1,True
esp32_device_001,2025-10-08T10:03:48.679612+13:00,20.4,-36.799063,174.761758,1,True
esp32_device_001,2025-10-08T10:03:48.728155+13:00,20.4,-36.799111,174.761747,1,True
esp32_device_001,2025-10-08T10:03:48.776699+13:00,20.4,-36.799204,174.761594,1,True
esp32_device_001,2025-10-08T10:03:48.825243+13:00,20.4,-36.799346,174.761361,1,True
esp32_device_001,2025-10-08T10:03:48.873786+13:00,20.5,-36.799434,174.761232,1,True
esp32_device_001,2025-10-08T10:03:48.922330+13:00,20.5,-36.799568,174.761052,1,True
esp32_device_001,2025-10-08T10:03:48.970874+13:00,20.5,-36.799626,174.760976,1,True
esp32_device_001,2025-10-08T10:03:49.019417+13:00,20.5,-36.800148,174.760398,1,True
esp32_device_001,2025-10-08T10:03:49.067961+13:00,20.5,-36.800197,174.760346,1,True
esp32_device_001,2025-10-08T10:03:49.116505+13:00,20.5,-36.800240,174.760316,1,True
esp32_device_001,2025-10-08T10:03:49.165049+13:00,20.5,-36.800301,174.760288,1,True
esp32_device_001,2025-10-08T10:03:49.213592+13:00,20.5,-36.800364,174.760278,1,True
esp32_device_001,2025-10-08T10:03:49.262136+13:00,20.5,-36.800426,174.760278,1,True
esp32_device_001,2025-10-08T10:03:49.310680+13:00,20.5,-36.800488,174.760289,1,True
esp32_device_001,2025-10-08T10:03:49.359223+13:00,20.5,-36.800549,174.760320,1,True
esp32_device_001,2025-10-08T10:03:49.407767+13:00,20.5,-36.800595,174.760351,1,True
esp32_device_001,2025-10-08T10:03:49.456311+13:00,20.5,-36.800640,174.760392,1,True
esp32_device_001,2025-10-08T10:03:49.504854+13:00,20.5,-36.800685,174.760454,1,True
esp32_device_001,2025-10-08T10:03:49.553398+13:00,20.5,-36.800714,174.760518,1,True
esp32_device_001,2025-10-08T10:03:49.601942+13:00,20.5,-36.800734,174.760574,1,True
esp32_device_001,2025-10-08T10:03:49.650485+13:00,20.5,-36.800749,174.760664,1,True
esp32_device_001,2025-10-08T10:03:49.699029+13:00,20.5,-36.800753,174.760725,1,True
esp32_device_001,2025-10-08T10:03:49.747573+13:00,20.5,-36.800752,174.760786,1,True
esp32_device_001,2025-10-08T10:03:49.796117+13:00,20.5,-36.800735,174.760859,1,True
esp32_device_001,2025-10-08T10:03:49.844660+13:00,20.5,-36.800718,174.760923,1,True
esp32_device_001,2025-10-08T10:03:49.893204+13:00,20.5,-36.800690,174.760984,1,True
esp32_device_001,2025-10-08T10:03:49.941748+13:00,20.5,-36.800659,174.761030,1,True
esp32_device_001,2025-10-08T10:03:49.990291+13:00,20.5,-36.800627,174.761071,1,True
esp32_device_001,2025-10-08T10:03:50.038835+13:00,20.5,-36.800588,174.761102,1,True
esp32_device_001,2025-10-08T10:03:50.087379+13:00,20.5,-36.800549,174.761126,1,True
esp32_device_001,2025-10-08T10:03:50.135922+13:00,20.5,-36.800490,174.761151,1,True
esp32_device_001,2025-10-08T10:03:50.184466+13:00,20.5,-36.800433,174.761170,1,True
esp32_device_001,2025-10-08T10:03:50.233010+13:00,20.5,-36.800320,174.761186,1,True
esp32_device_001,2025-10-08T10:03:50.281553+13:00,20.5,-36.800190,174.761190,1,True
esp32_device_001,2025-10-08T10:03:50.330097+13:00,20.5,-36.800081,174.761195,1,True
esp32_device_001,2025-10-08T10:03:50.378641+13:00,20.5,-36.799959,174.761193,1,True
esp32_device_001,2025-10-08T10:03:50.427184+13:00,20.5,-36.799800,174.761178,1,True
esp32_device_001,2025-10-08T10:03:50.475728+13:00,20.5,-36.799651,174.761154,1,True
esp32_device_001,2025-10-08T10:03:50.524272+13:00,20.6,-36.799450,174.761108,1,True
esp32_device_001,2025-10-08T10:03:50.572816+13:00,20.6,-36.799129,174.761010,1,True
esp32_device_001,2025-10-08T10:03:50.621359+13:00,20.6,-36.798836,174.760907,1,True
esp32_device_001,2025-10-08T10:03:50.669903+13:00,20.6,-36.798591,174.760812,1,True
esp32_device_001,2025-10-08T10:03:50.718447+13:00,20.6,-36.798328,174.760684,1,True
esp32_device_001,2025-10-08T10:03:50.766990+13:00,20.6,-36.797887,174.760422,1,True
esp32_device_001,2025-10-08T10:03:50.815534+13:00,20.6,-36.797545,174.760279,1,True
esp32_device_001,2025-10-08T10:03:50.864078+13:00,20.6,-36.797192,174.759966,1,True
esp32_device_001,2025-10-08T10:03:50.912621+13:00,20.6,-36.796833,174.759627,1,True
esp32_device_001,2025-10-08T10:03:50.961165+13:00,20.6,-36.795900,174.758648,1,True
esp32_device_001,2025-10-08T10:03:51.009709+13:00,20.6,-36.795102,174.757864,1,True
esp32_device_001,2025-10-08T10:03:51.058252+13:00,20.6,-36.794539,174.757309,1,True
esp32_device_001,2025-10-08T10:03:51.106796+13:00,20.6,-36.794252,174.757027,1,True
esp32_device_001,2025-10-08T10:03:51.155340+13:00,20.6,-36.794083,174.756869,1,True
esp32_device_001,2025-10-08T10:03:51.203883+13:00,20.6,-36.793265,174.756135,1,True
esp32_device_001,2025-10-08T10:03:51.252427+13:00,20.6,-36.792708,174.755688,1,True
esp32_device_001,2025-10-08T10:03:51.300971+13:00,20.6,-36.792212,174.755342,1,True
esp32_device_001,2025-10-08T10:03:51.349515+13:00,20.6,-36.791867,174.754964,1,True
esp32_device_001,2025-10-08T10:03:51.398058+13:00,20.6,-36.791475,174.754669,1,True
esp32_device_001,2025-10-08T10:03:51.446602+13:00,20.6,-36.790475,174.753949,1,True
esp32_device_001,2025-10-08T10:03:51.495146+13:00,20.6,-36.790191,174.753745,1,True
esp32_device_001,2025-10-08T10:03:51.543689+13:00,20.6,-36.789563,174.753281,1,True
esp32_device_001,2025-10-08T10:03:51.592233+13:00,20.6,-36.789231,174.753012,1,True
esp32_device_001,2025-10-08T10:03:51.640777+13:00,20.6,-36.789059,174.752861,1,True
esp32_device_001,2025-10-08T10:03:51.689320+13:00,20.6,-36.788955,174.752771,1,True
esp32_device_001,2025-10-08T10:03:51.737864+13:00,20.6,-36.788826,174.752637,1,True
esp32_device_001,2025-10-08T10:03:51.786408+13:00,20.6,-36.788674,174.752486,1,True
esp32_device_001,2025-10-08T10:03:51.834951+13:00,20.6,-36.788651,174.752462,1,True
esp32_device_001,2025-10-08T10:03:51.883495+13:00,20.6,-36.788606,174.752416,1,True
esp32_device_001,2025-10-08T10:03:51.932039+13:00,20.6,-36.788501,174.752309,1,True
esp32_device_001,2025-10-08T10:03:51.980583+13:00,20.6,-36.788281,174.752580,1,True
esp32_device_001,2025-10-08T10:03:52.029126+13:00,20.6,-36.787995,174.752948,1,True
esp32_device_001,2025-10-08T10:03:52.077670+13:00,20.6,-36.787948,174.753008,1,True
esp32_device_001,2025-10-08T10:03:52.126214+13:00,20.6,-36.787836,174.753155,1,True
esp32_device_001,2025-10-08T10:03:52.174757+13:00,20.7,-36.787959,174.753227,1,True
esp32_device_001,2025-10-08T10:03:52.223301+13:00,20.7,-36.788045,174.753267,1,True
esp32_device_001,2025-10-08T10:03:52.271845+13:00,20.7,-36.788275,174.753369,1,True
esp32_device_001,2025-10-08T10:03:52.320388+13:00,20.7,-36.788817,174.753623,1,True
esp32_device_001,2025-10-08T10:03:52.368932+13:00,20.7,-36.789178,174.753790,1,True
esp32_device_001,2025-10-08T10:03:52.417476+13:00,20.7,-36.789739,174.754069,1,True
esp32_device_001,2025-10-08T10:03:52.466019+13:00,20.7,-36.790605,174.754528,1,True
esp32_device_001,2025-10-08T10:03:52.514563+13:00,20.7,-36.790997,174.754655,1,True
esp32_device_001,2025-10-08T10:03:52.563107+13:00,20.7,-36.791694,174.755137,1,True
esp32_device_001,2025-10-08T10:03:52.611650+13:00,20.7,-36.792587,174.755804,1,True
esp32_device_001,2025-10-08T10:03:52.660194+13:00,20.7,-36.793179,174.756295,1,True
esp32_device_001,2025-10-08T10:03:52.708738+13:00,20.7,-36.793359,174.756444,1,True
esp32_device_001,2025-10-08T10:03:52.757282+13:00,20.7,-36.794038,174.757061,1,True
esp32_device_001,2025-10-08T10:03:52.805825+13:00,20.7,-36.794150,174.757172,1,True
esp32_device_001,2025-10-08T10:03:52.854369+13:00,20.7,-36.795740,174.758745,1,True
esp32_device_001,2025-10-08T10:03:52.902913+13:00,20.7,-36.796327,174.759327,1,True
esp32_device_001,2025-10-08T10:03:52.951456+13:00,20.7,-36.796756,174.759749,1,True
esp32_device_001,2025-10-08T10:03:53+13:00,20.7,-36.796829,174.759918,1,False
esp32_device_001,2025-10-08T10:03:54.666667+13:00,20.4,-36.796972,174.759944,1,True
esp32_device_001,2025-10-08T10:03:56.333333+13:00,20.2,-36.797261,174.760209,1,True
esp32_device_001,2025-10-08T10:03:58+13:00,19.9,-36.797428,174.760452,1,False
esp32_device_001,2025-10-08T10:03:59.250000+13:00,19.8,-36.797478,174.760396,1,True
esp32_device_001,2025-10-08T10:04:00.500000+13:00,19.8,-36.797706,174.760570,1,True
esp32_device_001,2025-10-08T10:04:01.750000+13:00,19.8,-36.797922,174.760726,1,True
esp32_device_001,2025-10-08T10:04:03+13:00,19.7,-36.798061,174.76091,1,False
esp32_device_001,2025-10-08T10:04:04.250000+13:00,19.6,-36.798142,174.760866,1,True
esp32_device_001,2025-10-08T10:04:05.500000+13:00,19.5,-36.798376,174.760996,1,True
esp32_device_001,2025-10-08T10:04:06.750000+13:00,19.4,-36.798601,174.761107,1,True
esp32_device_001,2025-10-08T10:04:08+13:00,19.3,-36.798725,174.761246,1,False
esp32_device_001,2025-10-08T10:04:08.026316+13:00,19.3,-36.798849,174.761217,1,True
esp32_device_001,2025-10-08T10:04:08.052632+13:00,19.3,-36.799173,174.761335,1,True
esp32_device_001,2025-10-08T10:04:08.078947+13:00,19.3,-36.799419,174.761405,1,True
esp32_device_001,2025-10-08T10:04:08.105263+13:00,19.3,-36.799695,174.761467,1,True
esp32_device_001,2025-10-08T10:04:08.131579+13:00,19.3,-36.799975,174.761513,1,True
esp32_device_001,2025-10-08T10:04:08.157895+13:00,19.3,-36.800302,174.761539,1,True
esp32_device_001,2025-10-08T10:04:08.184211+13:00,19.3,-36.800558,174.761550,1,True
esp32_device_001,2025-10-08T10:04:08.210526+13:00,19.3,-36.800794,174.761533,1,True
esp32_device_001,2025-10-08T10:04:08.236842+13:00,19.3,-36.801077,174.761510,1,True
esp32_device_001,2025-10-08T10:04:08.263158+13:00,19.3,-36.801389,174.761458,1,True
esp32_device_001,2025-10-08T10:04:08.289474+13:00,19.3,-36.801705,174.761380,1,True
esp32_device_001,2025-10-08T10:04:08.315789+13:00,19.3,-36.802523,174.761099,1,True
esp32_device_001,2025-10-08T10:04:08.342105+13:00,19.3,-36.803404,174.760755,1,True
esp32_device_001,2025-10-08T10:04:08.368421+13:00,19.3,-36.803809,174.760594,1,True
esp32_device_001,2025-10-08T10:04:08.394737+13:00,19.3,-36.804296,174.760356,1,True
esp32_device_001,2025-10-08T10:04:08.421053+13:00,19.3,-36.804416,174.760293,1,True
esp32_device_001,2025-10-08T10:04:08.447368+13:00,19.3,-36.804983,174.759975,1,True
esp32_device_001,2025-10-08T10:04:08.473684+13:00,19.3,-36.805332,174.759751,1,True
esp32_device_001,2025-10-08T10:04:08.500000+13:00,19.3,-36.805595,174.759582,1,True
esp32_device_001,2025-10-08T10:04:08.526316+13:00,19.3,-36.805922,174.759348,1,True
esp32_device_001,2025-10-08T10:04:08.552632+13:00,19.3,-36.806326,174.759048,1,True
esp32_device_001,2025-10-08T10:04:08.578947+13:00,19.3,-36.806980,174.758506,1,True
esp32_device_001,2025-10-08T10:04:08.605263+13:00,19.3,-36.807673,174.757858,1,True
esp32_device_001,2025-10-08T10:04:08.631579+13:00,19.3,-36.809033,174.756585,1,True
esp32_device_001,2025-10-08T10:04:08.657895+13:00,19.3,-36.810418,174.755278,1,True
esp32_device_001,2025-10-08T10:04:08.684211+13:00,19.3,-36.810829,174.755024,1,True
esp32_device_001,2025-10-08T10:04:08.710526+13:00,19.3,-36.811416,174.754553,1,True
esp32_device_001,2025-10-08T10:04:08.736842+13:00,19.3,-36.811692,174.754332,1,True
esp32_device_001,2025-10-08T10:04:08.763158+13:00,19.3,-36.811977,174.754127,1,True
esp32_device_001,2025-10-08T10:04:08.789474+13:00,19.3,-36.812301,174.753940,1,True
esp32_device_001,2025-10-08T10:04:08.815789+13:00,19.3,-36.812486,174.753839,1,True
esp32_device_001,2025-10-08T10:04:08.842105+13:00,19.2,-36.812687,174.753744,1,True
esp32_device_001,2025-10-08T10:04:08.868421+13:00,19.2,-36.812792,174.753694,1,True
esp32_device_001,2025-10-08T10:04:08.894737+13:00,19.2,-36.812866,174.753659,1,True
esp32_device_001,2025-10-08T10:04:08.921053+13:00,19.2,-36.813001,174.753580,1,True
esp32_device_001,2025-10-08T10:04:08.947368+13:00,19.2,-36.813087,174.753525,1,True
esp32_device_001,2025-10-08T10:04:08.973684+13:00,19.2,-36.813133,174.753488,1,True
esp32_device_001,2025-10-08T10:04:09+13:00,19.2,-36.813190,174.753437,1,True
esp32_device_001,2025-10-08T10:04:09.026316+13:00,19.2,-36.813225,174.753401,1,True
esp32_device_001,2025-10-08T10:04:09.052632+13:00,19.2,-36.813291,174.753327,1,True
esp32_device_001,2025-10-08T10:04:09.078947+13:00,19.2,-36.813328,174.753276,1,True
esp32_device_001,2025-10-08T10:04:09.105263+13:00,19.2,-36.813362,174.753224,1,True
esp32_device_001,2025-10-08T10:04:09.131579+13:00,19.2,-36.813405,174.753151,1,True
esp32_device_001,2025-10-08T10:04:09.157895+13:00,19.2,-36.813441,174.753075,1,True
esp32_device_001,2025-10-08T10:04:09.184211+13:00,19.2,-36.813466,174.752997,1,True
esp32_device_001,2025-10-08T10:04:09.210526+13:00,19.2,-36.813491,174.752920,1,True
esp32_device_001,2025-10-08T10:04:09.236842+13:00,19.2,-36.813509,174.752841,1,True
esp32_device_001,2025-10-08T10:04:09.263158+13:00,19.2,-36.813524,174.752759,1,True
esp32_device_001,2025-10-08T10:04:09.289474+13:00,19.2,-36.813534,174.752682,1,True
esp32_device_001,2025-10-08T10:04:09.315789+13:00,19.2,-36.813537,174.752611,1,True
esp32_device_001,2025-10-08T10:04:09.342105+13:00,19.2,-36.813536,174.752547,1,True
esp32_device_001,2025-10-08T10:04:09.368421+13:00,19.2,-36.813533,174.752483,1,True
esp32_device_001,2025-10-08T10:04:09.394737+13:00,19.2,-36.813527,174.752430,1,True
esp32_device_001,2025-10-08T10:04:09.421053+13:00,19.2,-36.813519,174.752369,1,True
esp32_device_001,2025-10-08T10:04:09.447368+13:00,19.2,-36.813510,174.752307,1,True
esp32_device_001,2025-10-08T10:04:09.473684+13:00,19.2,-36.813502,174.752265,1,True
esp32_device_001,2025-10-08T10:04:09.500000+13:00,19.2,-36.813487,174.752206,1,True
esp32_device_001,2025-10-08T10:04:09.526316+13:00,19.2,-36.813469,174.752148,1,True
esp32_device_001,2025-10-08T10:04:09.552632+13:00,19.2,-36.813449,174.752101,1,True
esp32_device_001,2025-10-08T10:04:09.578947+13:00,19.2,-36.813419,174.752037,1,True
esp32_device_001,2025-10-08T10:04:09.605263+13:00,19.2,-36.813389,174.751979,1,True
esp32_device_001,2025-10-08T10:04:09.631579+13:00,19.2,-36.813360,174.751931,1,True
esp32_device_001,2025-10-08T10:04:09.657895+13:00,19.2,-36.813310,174.751858,1,True
esp32_device_001,2025-10-08T10:04:09.684211+13:00,19.2,-36.813262,174.751795,1,True
esp32_device_001,2025-10-08T10:04:09.710526+13:00,19.2,-36.813208,174.751738,1,True
esp32_device_001,2025-10-08T10:04:09.736842+13:00,19.2,-36.813143,174.751675,1,True
esp32_device_001,2025-10-08T10:04:09.763158+13:00,19.2,-36.813077,174.751622,1,True
esp32_device_001,2025-10-08T10:04:09.789474+13:00,19.2,-36.813006,174.751573,1,True
esp32_device_001,2025-10-08T10:04:09.815789+13:00,19.2,-36.812875,174.751496,1,True
esp32_device_001,2025-10-08T10:04:09.842105+13:00,19.2,-36.812773,174.751434,1,True
esp32_device_001,2025-10-08T10:04:09.868421+13:00,19.2,-36.812726,174.751402,1,True
esp32_device_001,2025-10-08T10:04:09.894737+13:00,19.2,-36.812665,174.751359,1,True
esp32_device_001,2025-10-08T10:04:09.921053+13:00,19.2,-36.812604,174.751311,1,True
esp32_device_001,2025-10-08T10:04:09.947368+13:00,19.2,-36.812544,174.751258,1,True
esp32_device_001,2025-10-08T10:04:09.973684+13:00,19.2,-36.812497,174.751207,1,True
esp32_device_001,2025-10-08T10:04:10+13:00,19.2,-36.812466,174.751170,1,True
esp32_device_001,2025-10-08T10:04:10.026316+13:00,19.2,-36.812424,174.751110,1,True
esp32_device_001,2025-10-08T10:04:10.052632+13:00,19.2,-36.812365,174.751006,1,True
esp32_device_001,2025-10-08T10:04:10.078947+13:00,19.2,-36.812318,174.750895,1,True
esp32_device_001,2025-10-08T10:04:10.105263+13:00,19.2,-36.812290,174.750798,1,True
esp32_device_001,2025-10-08T10:04:10.131579+13:00,19.2,-36.812273,174.750697,1,True
esp32_device_001,2025-10-08T10:04:10.157895+13:00,19.2,-36.812233,174.750324,1,True
esp32_device_001,2025-10-08T10:04:10.184211+13:00,19.2,-36.812235,174.750256,1,True
esp32_device_001,2025-10-08T10:04:10.210526+13:00,19.2,-36.812236,174.750156,1,True
esp32_device_001,2025-10-08T10:04:10.236842+13:00,19.2,-36.812239,174.749708,1,True
esp32_device_001,2025-10-08T10:04:10.263158+13:00,19.2,-36.812268,174.748032,1,True
esp32_device_001,2025-10-08T10:04:10.289474+13:00,19.2,-36.812262,174.747884,1,True
esp32_device_001,2025-10-08T10:04:10.315789+13:00,19.2,-36.812236,174.747630,1,True
esp32_device_001,2025-10-08T10:04:10.342105+13:00,19.2,-36.812334,174.747591,1,True
esp32_device_001,2025-10-08T10:04:10.368421+13:00,19.2,-36.812387,174.747563,1,True
esp32_device_001,2025-10-08T10:04:10.394737+13:00,19.2,-36.812351,174.747447,1,True
esp32_device_001,2025-10-08T10:04:10.421053+13:00,19.2,-36.812297,174.747471,1,True
esp32_device_001,2025-10-08T10:04:10.447368+13:00,19.2,-36.812220,174.747504,1,True
esp32_device_001,2025-10-08T10:04:10.473684+13:00,19.2,-36.812227,174.747544,1,True
esp32_device_001,2025-10-08T10:04:10.500000+13:00,19.1,-36.812236,174.747630,1,True
esp32_device_001,2025-10-08T10:04:10.526316+13:00,19.1,-36.812262,174.747884,1,True
esp32_device_001,2025-10-08T10:04:10.552632+13:00,19.1,-36.812268,174.748032,1,True
esp32_device_001,2025-10-08T10:04:10.578947+13:00,19.1,-36.812239,174.749708,1,True
esp32_device_001,2025-10-08T10:04:10.605263+13:00,19.1,-36.812236,174.750156,1,True
esp32_device_001,2025-10-08T10:04:10.631579+13:00,19.1,-36.812235,174.750256,1,True
esp32_device_001,2025-10-08T10:04:10.657895+13:00,19.1,-36.812233,174.750324,1,True
esp32_device_001,2025-10-08T10:04:10.684211+13:00,19.1,-36.812210,174.750514,1,True
esp32_device_001,2025-10-08T10:04:10.710526+13:00,19.1,-36.812199,174.750612,1,True
esp32_device_001,2025-10-08T10:04:10.736842+13:00,19.1,-36.812197,174.750775,1,True
esp32_device_001,2025-10-08T10:04:10.763158+13:00,19.1,-36.812198,174.751007,1,True
esp32_device_001,2025-10-08T10:04:10.789474+13:00,19.1,-36.812195,174.751089,1,True
esp32_device_001,2025-10-08T10:04:10.815789+13:00,19.1,-36.812193,174.751164,1,True
esp32_device_001,2025-10-08T10:04:10.842105+13:00,19.1,-36.812141,174.751437,1,True
esp32_device_001,2025-10-08T10:04:10.868421+13:00,19.1,-36.812115,174.751539,1,True
esp32_device_001,2025-10-08T10:04:10.894737+13:00,19.1,-36.812082,174.751657,1,True
esp32_device_001,2025-10-08T10:04:10.921053+13:00,19.1,-36.811995,174.751917,1,True
esp32_device_001,2025-10-08T10:04:10.947368+13:00,19.1,-36.811783,174.752554,1,True
esp32_device_001,2025-10-08T10:04:10.973684+13:00,19.1,-36.811456,174.753461,1,True
esp32_device_001,2025-10-08T10:04:11+13:00,19.1,-36.811391,174.753636,1,True
esp32_device_001,2025-10-08T10:04:11.026316+13:00,19.1,-36.811349,174.753731,1,True
esp32_device_001,2025-10-08T10:04:11.052632+13:00,19.1,-36.811315,174.753811,1,True
esp32_device_001,2025-10-08T10:04:11.078947+13:00,19.1,-36.811256,174.753914,1,True
esp32_device_001,2025-10-08T10:04:11.105263+13:00,19.1,-36.811186,174.754033,1,True
esp32_device_001,2025-10-08T10:04:11.131579+13:00,19.1,-36.811092,174.754174,1,True
esp32_device_001,2025-10-08T10:04:11.157895+13:00,19.1,-36.810990,174.754312,1,True
esp32_device_001,2025-10-08T10:04:11.184211+13:00,19.1,-36.810847,174.754476,1,True
esp32_device_001,2025-10-08T10:04:11.210526+13:00,19.1,-36.810383,174.754959,1,True
esp32_device_001,2025-10-08T10:04:11.236842+13:00,19.1,-36.810026,174.755493,1,True
esp32_device_001,2025-10-08T10:04:11.263158+13:00,19.1,-36.808052,174.757351,1,True
esp32_device_001,2025-10-08T10:04:11.289474+13:00,19.1,-36.807602,174.757771,1,True
esp32_device_001,2025-10-08T10:04:11.315789+13:00,19.1,-36.807008,174.758320,1,True
esp32_device_001,2025-10-08T10:04:11.342105+13:00,19.1,-36.806422,174.758828,1,True
esp32_device_001,2025-10-08T10:04:11.368421+13:00,19.1,-36.805906,174.759229,1,True
esp32_device_001,2025-10-08T10:04:11.394737+13:00,19.1,-36.805414,174.759569,1,True
esp32_device_001,2025-10-08T10:04:11.421053+13:00,19.1,-36.805016,174.759820,1,True
esp32_device_001,2025-10-08T10:04:11.447368+13:00,19.1,-36.804612,174.760055,1,True
esp32_device_001,2025-10-08T10:04:11.473684+13:00,19.1,-36.804376,174.760176,1,True
esp32_device_001,2025-10-08T10:04:11.500000+13:00,19.1,-36.804257,174.760231,1,True
esp32_device_001,2025-10-08T10:04:11.526316+13:00,19.1,-36.804151,174.760287,1,True
esp32_device_001,2025-10-08T10:04:11.552632+13:00,19.1,-36.803749,174.760344,1,True
esp32_device_001,2025-10-08T10:04:11.578947+13:00,19.1,-36.803270,174.760479,1,True
esp32_device_001,2025-10-08T10:04:11.605263+13:00,19.1,-36.803024,174.760542,1,True
esp32_device_001,2025-10-08T10:04:11.631579+13:00,19.1,-36.802812,174.760581,1,True
esp32_device_001,2025-10-08T10:04:11.657895+13:00,19.1,-36.802497,174.760638,1,True
esp32_device_001,2025-10-08T10:04:11.684211+13:00,19.1,-36.802218,174.760683,1,True
esp32_device_001,2025-10-08T10:04:11.710526+13:00,19.1,-36.802060,174.760696,1,True
esp32_device_001,2025-10-08T10:04:11.736842+13:00,19.1,-36.801941,174.760690,1,True
esp32_device_001,2025-10-08T10:04:11.763158+13:00,19.1,-36.801839,174.760682,1,True
esp32_device_001,2025-10-08T10:04:11.789474+13:00,19.1,-36.801716,174.760663,1,True
esp32_device_001,2025-10-08T10:04:11.815789+13:00,19.1,-36.801620,174.760646,1,True
esp32_device_001,2025-10-08T10:04:11.842105+13:00,19.1,-36.801501,174.760607,1,True
esp32_device_001,2025-10-08T10:04:11.868421+13:00,19.1,-36.801389,174.760563,1,True
esp32_device_001,2025-10-08T10:04:11.894737+13:00,19.1,-36.801236,174.760492,1,True
esp32_device_001,2025-10-08T10:04:11.921053+13:00,19.1,-36.801074,174.760404,1,True
esp32_device_001,2025-10-08T10:04:11.947368+13:00,19.1,-36.800886,174.760287,1,True
esp32_device_001,2025-10-08T10:04:11.973684+13:00,19.1,-36.800732,174.760186,1,True
esp32_device_001,2025-10-08T10:04:12+13:00,19.1,-36.800550,174.760080,1,True
esp32_device_001,2025-10-08T10:04:12.026316+13:00,19.1,-36.800413,174.760020,1,True
esp32_device_001,2025-10-08T10:04:12.052632+13:00,19.1,-36.800176,174.759964,1,True
esp32_device_001,2025-10-08T10:04:12.078947+13:00,19.1,-36.800127,174.759961,1,True
esp32_device_001,2025-10-08T10:04:12.105263+13:00,19.1,-36.800058,174.759969,1,True
esp32_device_001,2025-10-08T10:04:12.131579+13:00,19.1,-36.800017,174.759982,1,True
esp32_device_001,2025-10-08T10:04:12.157895+13:00,19.1,-36.799973,174.760007,1,True
esp32_device_001,2025-10-08T10:04:12.184211+13:00,19.0,-36.799925,174.760047,1,True
esp32_device_001,2025-10-08T10:04:12.210526+13:00,19.0,-36.799867,174.760187,1,True
esp32_device_001,2025-10-08T10:04:12.236842+13:00,19.0,-36.799799,174.760336,1,True
esp32_device_001,2025-10-08T10:04:12.263158+13:00,19.0,-36.799736,174.760465,1,True
esp32_device_001,2025-10-08T10:04:12.289474+13:00,19.0,-36.799640,174.760653,1,True
esp32_device_001,2025-10-08T10:04:12.315789+13:00,19.0,-36.799427,174.761014,1,True
esp32_device_001,2025-10-08T10:04:12.342105+13:00,19.0,-36.799149,174.761474,1,True
esp32_device_001,2025-10-08T10:04:12.368421+13:00,19.0,-36.799099,174.761555,1,True
esp32_device_001,2025-10-08T10:04:12.394737+13:00,19.0,-36.799059,174.761616,1,True
esp32_device_001,2025-10-08T10:04:12.421053+13:00,19.0,-36.798973,174.761753,1,True
esp32_device_001,2025-10-08T10:04:12.447368+13:00,19.0,-36.798871,174.761921,1,True
esp32_device_001,2025-10-08T10:04:12.473684+13:00,19.0,-36.798793,174.762054,1,True
esp32_device_001,2025-10-08T10:04:12.500000+13:00,19.0,-36.798713,174.762191,1,True
esp32_device_001,2025-10-08T10:04:12.526316+13:00,19.0,-36.798635,174.762319,1,True
esp32_device_001,2025-10-08T10:04:12.552632+13:00,19.0,-36.798546,174.762465,1,True
esp32_device_001,2025-10-08T10:04:12.578947+13:00,19.0,-36.798333,174.762652,1,True
esp32_device_001,2025-10-08T10:04:12.605263+13:00,19.0,-36.798213,174.762750,1,True
esp32_device_001,2025-10-08T10:04:12.631579+13:00,19.0,-36.798164,174.762775,1,True
esp32_device_001,2025-10-08T10:04:12.657895+13:00,19.0,-36.798117,174.762793,1,True
esp32_device_001,2025-10-08T10:04:12.684211+13:00,19.0,-36.798062,174.762805,1,True
esp32_device_001,2025-10-08T10:04:12.710526+13:00,19.0,-36.798157,174.762890,1,True
esp32_device_001,2025-10-08T10:04:12.736842+13:00,19.0,-36.798179,174.762910,1,True
esp32_device_001,2025-10-08T10:04:12.763158+13:00,19.0,-36.798243,174.762972,1,True
esp32_device_001,2025-10-08T10:04:12.789474+13:00,19.0,-36.798319,174.763043,1,True
esp32_device_001,2025-10-08T10:04:12.815789+13:00,19.0,-36.798448,174.762831,1,True
esp32_device_001,2025-10-08T10:04:12.842105+13:00,19.0,-36.798716,174.762390,1,True
esp32_device_001,2025-10-08T10:04:12.868421+13:00,19.0,-36.798818,174.762232,1,True
esp32_device_001,2025-10-08T10:04:12.894737+13:00,19.0,-36.798901,174.762095,1,True
esp32_device_001,2025-10-08T10:04:12.921053+13:00,19.0,-36.799048,174.761851,1,True
esp32_device_001,2025-10-08T10:04:12.947368+13:00,19.0,-36.799111,174.761747,1,True
esp32_device_001,2025-10-08T10:04:12.973684+13:00,19.0,-36.799204,174.761594,1,True
esp32_device_001,2025-10-08T10:04:13+13:00,19,-36.799305,174.761459,1,False
esp32_device_001,2025-10-08T10:04:13.050505+13:00,19.0,-36.799346,174.761361,1,True
esp32_device_001,2025-10-08T10:04:13.101010+13:00,19.0,-36.799434,174.761232,1,True
esp32_device_001,2025-10-08T10:04:13.151515+13:00,19.0,-36.799568,174.761052,1,True
esp32_device_001,2025-10-08T10:04:13.202020+13:00,19.0,-36.799626,174.760976,1,True
esp32_device_001,2025-10-08T10:04:13.252525+13:00,19.0,-36.800148,174.760398,1,True
esp32_device_001,2025-10-08T10:04:13.303030+13:00,19.0,-36.800197,174.760346,1,True
esp32_device_001,2025-10-08T10:04:13.353535+13:00,19.0,-36.800240,174.760316,1,True
esp32_device_001,2025-10-08T10:04:13.404040+13:00,19.0,-36.800301,174.760288,1,True
esp32_device_001,2025-10-08T10:04:13.454545+13:00,19.0,-36.800364,174.760278,1,True
esp32_device_001,2025-10-08T10:04:13.505051+13:00,18.9,-36.800426,174.760278,1,True
esp32_device_001,2025-10-08T10:04:13.555556+13:00,18.9,-36.800488,174.760289,1,True
esp32_device_001,2025-10-08T10:04:13.606061+13:00,18.9,-36.800549,174.760320,1,True
esp32_device_001,2025-10-08T10:04:13.656566+13:00,18.9,-36.800595,174.760351,1,True
esp32_device_001,2025-10-08T10:04:13.707071+13:00,18.9,-36.800640,174.760392,1,True
esp32_device_001,2025-10-08T10:04:13.757576+13:00,18.9,-36.800685,174.760454,1,True
esp32_device_001,2025-10-08T10:04:13.808081+13:00,18.9,-36.800714,174.760518,1,True
esp32_device_001,2025-10-08T10:04:13.858586+13:00,18.9,-36.800734,174.760574,1,True
esp32_device_001,2025-10-08T10:04:13.909091+13:00,18.9,-36.800749,174.760664,1,True
esp32_device_001,2025-10-08T10:04:13.959596+13:00,18.9,-36.800753,174.760725,1,True
esp32_device_001,2025-10-08T10:04:14.010101+13:00,18.9,-36.800752,174.760786,1,True
esp32_device_001,2025-10-08T10:04:14.060606+13:00,18.9,-36.800735,174.760859,1,True
esp32_device_001,2025-10-08T10:04:14.111111+13:00,18.9,-36.800718,174.760923,1,True
esp32_device_001,2025-10-08T10:04:14.161616+13:00,18.9,-36.800690,174.760984,1,True
esp32_device_001,2025-10-08T10:04:14.212121+13:00,18.9,-36.800659,174.761030,1,True
esp32_device_001,2025-10-08T10:04:14.262626+13:00,18.9,-36.800627,174.761071,1,True
esp32_device_001,2025-10-08T10:04:14.313131+13:00,18.9,-36.800588,174.761102,1,True
esp32_device_001,2025-10-08T10:04:14.363636+13:00,18.9,-36.800549,174.761126,1,True
esp32_device_001,2025-10-08T10:04:14.414141+13:00,18.9,-36.800490,174.761151,1,True
esp32_device_001,2025-10-08T10:04:14.464646+13:00,18.9,-36.800433,174.761170,1,True
esp32_device_001,2025-10-08T10:04:14.515152+13:00,18.8,-36.800320,174.761186,1,True
esp32_device_001,2025-10-08T10:04:14.565657+13:00,18.8,-36.800190,174.761190,1,True
esp32_device_001,2025-10-08T10:04:14.616162+13:00,18.8,-36.800081,174.761195,1,True
esp32_device_001,2025-10-08T10:04:14.666667+13:00,18.8,-36.799959,174.761193,1,True
esp32_device_001,2025-10-08T10:04:14.717172+13:00,18.8,-36.799800,174.761178,1,True
esp32_device_001,2025-10-08T10:04:14.767677+13:00,18.8,-36.799651,174.761154,1,True
esp32_device_001,2025-10-08T10:04:14.818182+13:00,18.8,-36.799450,174.761108,1,True
esp32_device_001,2025-10-08T10:04:14.868687+13:00,18.8,-36.799129,174.761010,1,True
esp32_device_001,2025-10-08T10:04:14.919192+13:00,18.8,-36.798836,174.760907,1,True
esp32_device_001,2025-10-08T10:04:14.969697+13:00,18.8,-36.798591,174.760812,1,True
esp32_device_001,2025-10-08T10:04:15.020202+13:00,18.8,-36.798328,174.760684,1,True
esp32_device_001,2025-10-08T10:04:15.070707+13:00,18.8,-36.797887,174.760422,1,True
esp32_device_001,2025-10-08T10:04:15.121212+13:00,18.8,-36.797545,174.760279,1,True
esp32_device_001,2025-10-08T10:04:15.171717+13:00,18.8,-36.797192,174.759966,1,True
esp32_device_001,2025-10-08T10:04:15.222222+13:00,18.8,-36.796833,174.759627,1,True
esp32_device_001,2025-10-08T10:04:15.272727+13:00,18.8,-36.795900,174.758648,1,True
esp32_device_001,2025-10-08T10:04:15.323232+13:00,18.8,-36.795102,174.757864,1,True
esp32_device_001,2025-10-08T10:04:15.373737+13:00,18.8,-36.794539,174.757309,1,True
esp32_device_001,2025-10-08T10:04:15.424242+13:00,18.8,-36.794252,174.757027,1,True
esp32_device_001,2025-10-08T10:04:15.474747+13:00,18.8,-36.794083,174.756869,1,True
esp32_device_001,2025-10-08T10:04:15.525253+13:00,18.7,-36.793265,174.756135,1,True
esp32_device_001,2025-10-08T10:04:15.575758+13:00,18.7,-36.792708,174.755688,1,True
esp32_device_001,2025-10-08T10:04:15.626263+13:00,18.7,-36.792212,174.755342,1,True
esp32_device_001,2025-10-08T10:04:15.676768+13:00,18.7,-36.791867,174.754964,1,True
esp32_device_001,2025-10-08T10:04:15.727273+13:00,18.7,-36.791475,174.754669,1,True
esp32_device_001,2025-10-08T10:04:15.777778+13:00,18.7,-36.790475,174.753949,1,True
esp32_device_001,2025-10-08T10:04:15.828283+13:00,18.7,-36.790191,174.753745,1,True
esp32_device_001,2025-10-08T10:04:15.878788+13:00,18.7,-36.789563,174.753281,1,True
esp32_device_001,2025-10-08T10:04:15.929293+13:00,18.7,-36.789231,174.753012,1,True
esp32_device_001,2025-10-08T10:04:15.979798+13:00,18.7,-36.789059,174.752861,1,True
esp32_device_001,2025-10-08T10:04:16.030303+13:00,18.7,-36.788955,174.752771,1,True
esp32_device_001,2025-10-08T10:04:16.080808+13:00,18.7,-36.788826,174.752637,1,True
esp32_device_001,2025-10-08T10:04:16.131313+13:00,18.7,-36.788674,174.752486,1,True
esp32_device_001,2025-10-08T10:04:16.181818+13:00,18.7,-36.788651,174.752462,1,True
esp32_device_001,2025-10-08T10:04:16.232323+13:00,18.7,-36.788606,174.752416,1,True
esp32_device_001,2025-10-08T10:04:16.282828+13:00,18.7,-36.788501,174.752309,1,True
esp32_device_001,2025-10-08T10:04:16.333333+13:00,18.7,-36.788281,174.752580,1,True
esp32_device_001,2025-10-08T10:04:16.383838+13:00,18.7,-36.787995,174.752948,1,True
esp32_device_001,2025-10-08T10:04:16.434343+13:00,18.7,-36.787948,174.753008,1,True
esp32_device_001,2025-10-08T10:04:16.484848+13:00,18.7,-36.787836,174.753155,1,True
esp32_device_001,2025-10-08T10:04:16.535354+13:00,18.6,-36.787959,174.753227,1,True
esp32_device_001,2025-10-08T10:04:16.585859+13:00,18.6,-36.788045,174.753267,1,True
esp32_device_001,2025-10-08T10:04:16.636364+13:00,18.6,-36.788275,174.753369,1,True
esp32_device_001,2025-10-08T10:04:16.686869+13:00,18.6,-36.788817,174.753623,1,True
esp32_device_001,2025-10-08T10:04:16.737374+13:00,18.6,-36.789178,174.753790,1,True
esp32_device_001,2025-10-08T10:04:16.787879+13:00,18.6,-36.789739,174.754069,1,True
esp32_device_001,2025-10-08T10:04:16.838384+13:00,18.6,-36.790605,174.754528,1,True
esp32_device_001,2025-10-08T10:04:16.888889+13:00,18.6,-36.790997,174.754655,1,True
esp32_device_001,2025-10-08T10:04:16.939394+13:00,18.6,-36.791694,174.755137,1,True
esp32_device_001,2025-10-08T10:04:16.989899+13:00,18.6,-36.792587,174.755804,1,True
esp32_device_001,2025-10-08T10:04:17.040404+13:00,18.6,-36.793179,174.756295,1,True
esp32_device_001,2025-10-08T10:04:17.090909+13:00,18.6,-36.793359,174.756444,1,True
esp32_device_001,2025-10-08T10:04:17.141414+13:00,18.6,-36.794038,174.757061,1,True
esp32_device_001,2025-10-08T10:04:17.191919+13:00,18.6,-36.794150,174.757172,1,True
esp32_device_001,2025-10-08T10:04:17.242424+13:00,18.6,-36.795740,174.758745,1,True
esp32_device_001,2025-10-08T10:04:17.292929+13:00,18.6,-36.796327,174.759327,1,True
esp32_device_001,2025-10-08T10:04:17.343434+13:00,18.6,-36.796756,174.759749,1,True
esp32_device_001,2025-10-08T10:04:17.393939+13:00,18.6,-36.796972,174.759944,1,True
esp32_device_001,2025-10-08T10:04:17.444444+13:00,18.6,-36.797261,174.760209,1,True
esp32_device_001,2025-10-08T10:04:17.494949+13:00,18.6,-36.797478,174.760396,1,True
esp32_device_001,2025-10-08T10:04:17.545455+13:00,18.5,-36.797706,174.760570,1,True
esp32_device_001,2025-10-08T10:04:17.595960+13:00,18.5,-36.797922,174.760726,1,True
esp32_device_001,2025-10-08T10:04:17.646465+13:00,18.5,-36.798142,174.760866,1,True
esp32_device_001,2025-10-08T10:04:17.696970+13:00,18.5,-36.798376,174.760996,1,True
esp32_device_001,2025-10-08T10:04:17.747475+13:00,18.5,-36.798601,174.761107,1,True
esp32_device_001,2025-10-08T10:04:17.797980+13:00,18.5,-36.798849,174.761217,1,True
esp32_device_001,2025-10-08T10:04:17.848485+13:00,18.5,-36.799173,174.761335,1,True
esp32_device_001,2025-10-08T10:04:17.898990+13:00,18.5,-36.799419,174.761405,1,True
esp32_device_001,2025-10-08T10:04:17.949495+13:00,18.5,-36.799695,174.761467,1,True
esp32_device_001,2025-10-08T10:04:18+13:00,18.5,-36.799706,174.761551,1,False
esp32_device_001,2025-10-08T10:04:23+13:00,18.4,-36.799946,174.761581,1,False
esp32_device_001,2025-10-08T10:04:28+13:00,18.3,-36.800121,174.761597,1,False
esp32_device_001,2025-10-08T10:04:30.500000+13:00,18.2,-36.800302,174.761539,1,True
esp32_device_001,2025-10-08T10:04:33+13:00,18.1,-36.800392,174.761612,1,False
esp32_device_001,2025-10-08T10:04:35.500000+13:00,18.4,-36.800558,174.761550,1,True
esp32_device_001,2025-10-08T10:04:38+13:00,18.7,-36.800705,174.761612,1,False
esp32_device_001,2025-10-08T10:04:40.500000+13:00,18.5,-36.800794,174.761533,1,True
esp32_device_001,2025-10-08T10:04:43+13:00,18.3,-36.80101,174.761581,1,False
esp32_device_001,2025-10-08T10:04:45.500000+13:00,18.5,-36.801077,174.761510,1,True
esp32_device_001,2025-10-08T10:04:48+13:00,18.6,-36.801304,174.761536,1,False
esp32_device_001,2025-10-08T10:04:53+13:00,18.6,-36.801537,174.76149,1,False
esp32_device_001,2025-10-08T10:04:58+13:00,19.6,-36.801777,174.761429,1,False
esp32_device_001,2025-10-08T10:05:00.500000+13:00,19.1,-36.802011,174.761403,1,True
esp32_device_001,2025-10-08T10:05:03+13:00,18.5,-36.802044,174.761337,1,False
esp32_device_001,2025-10-08T10:05:08+13:00,18.2,-36.802303,174.761246,1,False
esp32_device_001,2025-10-08T10:05:10.500000+13:00,18.0,-36.802523,174.761099,1,True
esp32_device_001,2025-10-08T10:05:13+13:00,17.9,-36.802616,174.761124,1,False
esp32_device_001,2025-10-08T10:05:18+13:00,18,-36.802883,174.761017,1,False
esp32_device_001,2025-10-08T10:05:23+13:00,18.6,-36.803154,174.760925,1,False
esp32_device_001,2025-10-08T10:05:25.500000+13:00,18.9,-36.803404,174.760755,1,True
esp32_device_001,2025-10-08T10:05:28+13:00,19.1,-36.803444,174.760803,1,False
esp32_device_001,2025-10-08T10:05:33+13:00,19.5,-36.803795,174.760651,1,False
esp32_device_001,2025-10-08T10:05:35.500000+13:00,19.7,-36.803809,174.760594,1,True
esp32_device_001,2025-10-08T10:05:38+13:00,19.9,-36.804203,174.760468,1,False
esp32_device_001,2025-10-08T10:05:39.666667+13:00,19.4,-36.804296,174.760356,1,True
esp32_device_001,2025-10-08T10:05:41.333333+13:00,19.0,-36.804416,174.760293,1,True
esp32_device_001,2025-10-08T10:05:43+13:00,18.5,-36.804733,174.760193,1,False
esp32_device_001,2025-10-08T10:05:45.500000+13:00,17.8,-36.804983,174.759975,1,True
esp32_device_001,2025-10-08T10:05:48+13:00,17.1,-36.805347,174.759827,1,False
esp32_device_001,2025-10-08T10:05:49.250000+13:00,16.7,-36.805332,174.759751,1,True
esp32_device_001,2025-10-08T10:05:50.500000+13:00,16.2,-36.805595,174.759582,1,True
esp32_device_001,2025-10-08T10:05:51.750000+13:00,15.8,-36.805922,174.759348,1,True
esp32_device_001,2025-10-08T10:05:53+13:00,15.4,-36.805996,174.759384,1,False
esp32_device_001,2025-10-08T10:05:55.500000+13:00,15.1,-36.806326,174.759048,1,True
esp32_device_001,2025-10-08T10:05:58+13:00,14.7,-36.806591,174.758926,1,False
esp32_device_001,2025-10-08T10:06:00.500000+13:00,14.9,-36.806980,174.758506,1,True
esp32_device_001,2025-10-08T10:06:03+13:00,15.1,-36.807144,174.758438,1,False
esp32_device_001,2025-10-08T10:06:08+13:00,15,-36.807667,174.75795,1,False
esp32_device_001,2025-10-08T10:06:10.500000+13:00,14.9,-36.807673,174.757858,1,True
esp32_device_001,2025-10-08T10:06:13+13:00,14.9,-36.808235,174.757416,1,False
esp32_device_001,2025-10-08T10:06:18+13:00,15,-36.808819,174.756866,1,False
esp32_device_001,2025-10-08T10:06:20.500000+13:00,15.0,-36.809033,174.756585,1,True
esp32_device_001,2025-10-08T10:06:23+13:00,15,-36.809402,174.756302,1,False
esp32_device_001,2025-10-08T10:06:28+13:00,15.1,-36.810013,174.755737,1,False
esp32_device_001,2025-10-08T10:06:30.500000+13:00,14.9,-36.810418,174.755278,1,True
esp32_device_001,2025-10-08T10:06:33+13:00,14.7,-36.810638,174.755157,1,False
esp32_device_001,2025-10-08T10:06:35.500000+13:00,14.4,-36.810829,174.755024,1,True
esp32_device_001,2025-10-08T10:06:38+13:00,14.1,-36.811306,174.754639,1,False
esp32_device_001,2025-10-08T10:06:39.250000+13:00,14.1,-36.811416,174.754553,1,True
esp32_device_001,2025-10-08T10:06:40.500000+13:00,14.0,-36.811692,174.754332,1,True
esp32_device_001,2025-10-08T10:06:41.750000+13:00,13.9,-36.811977,174.754127,1,True
esp32_device_001,2025-10-08T10:06:43+13:00,13.9,-36.812016,174.754105,1,False
esp32_device_001,2025-10-08T10:06:44.250000+13:00,14.1,-36.812301,174.753940,1,True
esp32_device_001,2025-10-08T10:06:45.500000+13:00,14.3,-36.812486,174.753839,1,True
esp32_device_001,2025-10-08T10:06:46.750000+13:00,14.5,-36.812687,174.753744,1,True
esp32_device_001,2025-10-08T10:06:48+13:00,14.7,-36.812759,174.753708,1,False
esp32_device_001,2025-10-08T10:06:48.500000+13:00,15.1,-36.812792,174.753694,1,True
esp32_device_001,2025-10-08T10:06:49+13:00,15.6,-36.812866,174.753659,1,True
esp32_device_001,2025-10-08T10:06:49.500000+13:00,16.0,-36.813001,174.753580,1,True
esp32_device_001,2025-10-08T10:06:50+13:00,16.4,-36.813087,174.753525,1,True
esp32_device_001,2025-10-08T10:06:50.500000+13:00,16.9,-36.813133,174.753488,1,True
esp32_device_001,2025-10-08T10:06:51+13:00,17.3,-36.813190,174.753437,1,True
esp32_device_001,2025-10-08T10:06:51.500000+13:00,17.7,-36.813225,174.753401,1,True
esp32_device_001,2025-10-08T10:06:52+13:00,18.1,-36.813291,174.753327,1,True
esp32_device_001,2025-10-08T10:06:52.500000+13:00,18.6,-36.813328,174.753276,1,True
esp32_device_001,2025-10-08T10:06:53+13:00,19,-36.813335,174.753235,1,False
esp32_device_001,2025-10-08T10:06:53.500000+13:00,19.3,-36.813362,174.753224,1,True
esp32_device_001,2025-10-08T10:06:54+13:00,19.6,-36.813405,174.753151,1,True
esp32_device_001,2025-10-08T10:06:54.500000+13:00,19.8,-36.813441,174.753075,1,True
esp32_device_001,2025-10-08T10:06:55+13:00,20.1,-36.813466,174.752997,1,True
esp32_device_001,2025-10-08T10:06:55.500000+13:00,20.4,-36.813491,174.752920,1,True
esp32_device_001,2025-10-08T10:06:56+13:00,20.7,-36.813509,174.752841,1,True
esp32_device_001,2025-10-08T10:06:56.500000+13:00,21.0,-36.813524,174.752759,1,True
esp32_device_001,2025-10-08T10:06:57+13:00,21.2,-36.813534,174.752682,1,True
esp32_device_001,2025-10-08T10:06:57.500000+13:00,21.5,-36.813537,174.752611,1,True
esp32_device_001,2025-10-08T10:06:58+13:00,21.8,-36.813519,174.752548,1,False
esp32_device_001,2025-10-08T10:06:58.416667+13:00,21.8,-36.813533,174.752483,1,True
esp32_device_001,2025-10-08T10:06:58.833333+13:00,21.7,-36.813527,174.752430,1,True
esp32_device_001,2025-10-08T10:06:59.250000+13:00,21.7,-36.813519,174.752369,1,True
esp32_device_001,2025-10-08T10:06:59.666667+13:00,21.7,-36.813510,174.752307,1,True
esp32_device_001,2025-10-08T10:07:00.083333+13:00,21.6,-36.813502,174.752265,1,True
esp32_device_001,2025-10-08T10:07:00.500000+13:00,21.6,-36.813487,174.752206,1,True
esp32_device_001,2025-10-08T10:07:00.916667+13:00,21.6,-36.813469,174.752148,1,True
esp32_device_001,2025-10-08T10:07:01.333333+13:00,21.5,-36.813449,174.752101,1,True
esp32_device_001,2025-10-08T10:07:01.750000+13:00,21.5,-36.813419,174.752037,1,True
esp32_device_001,2025-10-08T10:07:02.166667+13:00,21.5,-36.813389,174.751979,1,True
esp32_device_001,2025-10-08T10:07:02.583333+13:00,21.4,-36.813360,174.751931,1,True
esp32_device_001,2025-10-08T10:07:03+13:00,21.4,-36.813343,174.751907,1,False
esp32_device_001,2025-10-08T10:07:03.714286+13:00,21.1,-36.813310,174.751858,1,True
esp32_device_001,2025-10-08T10:07:04.428571+13:00,20.7,-36.813262,174.751795,1,True
esp32_device_001,2025-10-08T10:07:05.142857+13:00,20.4,-36.813208,174.751738,1,True
esp32_device_001,2025-10-08T10:07:05.857143+13:00,20.0,-36.813143,174.751675,1,True
esp32_device_001,2025-10-08T10:07:06.571429+13:00,19.7,-36.813077,174.751622,1,True
esp32_device_001,2025-10-08T10:07:07.285714+13:00,19.3,-36.813006,174.751573,1,True
esp32_device_001,2025-10-08T10:07:08+13:00,19,-36.812939,174.751526,1,False
esp32_device_001,2025-10-08T10:07:08.714286+13:00,18.6,-36.812875,174.751496,1,True
esp32_device_001,2025-10-08T10:07:09.428571+13:00,18.3,-36.812773,174.751434,1,True
esp32_device_001,2025-10-08T10:07:10.142857+13:00,17.9,-36.812726,174.751402,1,True
esp32_device_001,2025-10-08T10:07:10.857143+13:00,17.6,-36.812665,174.751359,1,True
esp32_device_001,2025-10-08T10:07:11.571429+13:00,17.2,-36.812604,174.751311,1,True
esp32_device_001,2025-10-08T10:07:12.285714+13:00,16.9,-36.812544,174.751258,1,True
esp32_device_001,2025-10-08T10:07:13+13:00,16.5,-36.812523,174.751251,1,False
esp32_device_001,2025-10-08T10:07:17.166667+13:00,16.3,-36.812497,174.751207,1,True
esp32_device_001,2025-10-08T10:07:21.333333+13:00,16.1,-36.812466,174.751170,1,True
esp32_device_001,2025-10-08T10:07:25.500000+13:00,15.8,-36.812424,174.751110,1,True
esp32_device_001,2025-10-08T10:07:29.666667+13:00,15.6,-36.812365,174.751006,1,True
esp32_device_001,2025-10-08T10:07:33.833333+13:00,15.4,-36.812318,174.750895,1,True
esp32_device_001,2025-10-08T10:07:38+13:00,15.2,-36.812305,174.75087,1,False
esp32_device_001,2025-10-08T10:07:39.666667+13:00,15.3,-36.812290,174.750798,1,True
esp32_device_001,2025-10-08T10:07:41.333333+13:00,15.5,-36.812273,174.750697,1,True
esp32_device_001,2025-10-08T10:07:43+13:00,15.6,-36.812244,174.750336,1,False
esp32_device_001,2025-10-08T10:07:44.250000+13:00,16.4,-36.812233,174.750324,1,True
esp32_device_001,2025-10-08T10:07:45.500000+13:00,17.2,-36.812235,174.750256,1,True
esp32_device_001,2025-10-08T10:07:46.750000+13:00,18.1,-36.812236,174.750156,1,True
esp32_device_001,2025-10-08T10:07:48+13:00,18.9,-36.812252,174.74971,1,False
esp32_device_001,2025-10-08T10:07:53+13:00,22.5,-36.812267,174.749008,1,False
esp32_device_001,2025-10-08T10:07:58+13:00,26.7,-36.812286,174.748245,1,False
esp32_device_001,2025-10-08T10:07:59.250000+13:00,27.7,-36.812268,174.748032,1,True
esp32_device_001,2025-10-08T10:08:00.500000+13:00,28.7,-36.812262,174.747884,1,True
esp32_device_001,2025-10-08T10:08:01.750000+13:00,29.7,-36.812236,174.747630,1,True
esp32_device_001,2025-10-08T10:08:03+13:00,30.7,-36.812237,174.747543,1,False
esp32_device_001,2025-10-08T10:08:03.833333+13:00,30.9,-36.812220,174.747504,1,True
esp32_device_001,2025-10-08T10:08:04.666667+13:00,31.2,-36.812212,174.747460,1,True
esp32_device_001,2025-10-08T10:08:05.500000+13:00,31.4,-36.812177,174.747327,1,True
esp32_device_001,2025-10-08T10:08:06.333333+13:00,31.6,-36.812131,174.747186,1,True
esp32_device_001,2025-10-08T10:08:07.166667+13:00,31.9,-36.812122,174.747158,1,True
esp32_device_001,2025-10-08T10:08:08+13:00,32.1,-36.812069,174.746918,1,False
esp32_device_001,2025-10-08T10:08:09.666667+13:00,32.0,-36.812026,174.746845,1,True
esp32_device_001,2025-10-08T10:08:11.333333+13:00,31.8,-36.811994,174.746739,1,True
esp32_device_001,2025-10-08T10:08:13+13:00,31.7,-36.811893,174.746338,1,False
esp32_device_001,2025-10-08T10:08:14.666667+13:00,32.1,-36.811823,174.746158,1,True
esp32_device_001,2025-10-08T10:08:16.333333+13:00,32.5,-36.811790,174.746047,1,True
esp32_device_001,2025-10-08T10:08:18+13:00,32.9,-36.811722,174.745758,1,False
esp32_device_001,2025-10-08T10:08:20.500000+13:00,33.5,-36.811573,174.745330,1,True
esp32_device_001,2025-10-08T10:08:23+13:00,34.2,-36.81155,174.745178,1,False
esp32_device_001,2025-10-08T10:08:24.250000+13:00,34.7,-36.811524,174.745168,1,True
esp32_device_001,2025-10-08T10:08:25.500000+13:00,35.2,-36.811431,174.744857,1,True
esp32_device_001,2025-10-08T10:08:26.750000+13:00,35.6,-36.811374,174.744680,1,True
esp32_device_001,2025-10-08T10:08:28+13:00,36.1,-36.811386,174.744629,1,False
esp32_device_001,2025-10-08T10:08:29+13:00,36.3,-36.811353,174.744615,1,True
esp32_device_001,2025-10-08T10:08:30+13:00,36.6,-36.811341,174.744578,1,True
esp32_device_001,2025-10-08T10:08:31+13:00,36.8,-36.811252,174.744300,1,True
esp32_device_001,2025-10-08T10:08:32+13:00,37.1,-36.811212,174.744165,1,True
esp32_device_001,2025-10-08T10:08:33+13:00,37.3,-36.811207,174.744049,1,False
esp32_device_001,2025-10-08T10:08:58+13:00,39.3,-36.811131,174.743774,1,False
esp32_device_001,2025-10-08T10:08:59.250000+13:00,39.7,-36.811085,174.743740,1,True
esp32_device_001,2025-10-08T10:09:00.500000+13:00,40.1,-36.811029,174.743556,1,True
esp32_device_001,2025-10-08T10:09:01.750000+13:00,40.5,-36.810990,174.743422,1,True
esp32_device_001,2025-10-08T10:09:03+13:00,40.9,-36.811001,174.743347,1,False
esp32_device_001,2025-10-08T10:09:05.500000+13:00,41.8,-36.810894,174.743086,1,True
esp32_device_001,2025-10-08T10:09:08+13:00,42.8,-36.810837,174.742813,1,False
esp32_device_001,2025-10-08T10:09:09.666667+13:00,43.3,-36.810761,174.742631,1,True
esp32_device_001,2025-10-08T10:09:11.333333+13:00,43.8,-36.810744,174.742540,1,True
esp32_device_001,2025-10-08T10:09:13+13:00,44.3,-36.810749,174.742279,1,False
esp32_device_001,2025-10-08T10:09:14.666667+13:00,45.1,-36.810722,174.742233,1,True
esp32_device_001,2025-10-08T10:09:16.333333+13:00,45.9,-36.810700,174.741813,1,True
esp32_device_001,2025-10-08T10:09:18+13:00,46.7,-36.810715,174.741669,1,False
esp32_device_001,2025-10-08T10:09:20.500000+13:00,48.6,-36.810685,174.741515,1,True
esp32_device_001,2025-10-08T10:09:23+13:00,50.5,-36.81068,174.741089,1,False
esp32_device_001,2025-10-08T10:09:25.500000+13:00,52.2,-36.810638,174.740533,1,True
esp32_device_001,2025-10-08T10:09:28+13:00,53.9,-36.810642,174.740509,1,False
esp32_device_001,2025-10-08T10:09:30.500000+13:00,55.8,-36.810635,174.740475,1,True
esp32_device_001,2025-10-08T10:09:33+13:00,57.6,-36.810608,174.739929,1,False
esp32_device_001,2025-10-08T10:09:34.666667+13:00,57.9,-36.810594,174.739707,1,True
esp32_device_001,2025-10-08T10:09:36.333333+13:00,58.3,-36.810582,174.739478,1,True
esp32_device_001,2025-10-08T10:09:38+13:00,58.6,-36.810577,174.739395,1,False
esp32_device_001,2025-10-08T10:09:40.500000+13:00,58.2,-36.810549,174.738883,1,True
esp32_device_001,2025-10-08T10:09:43+13:00,57.8,-36.810547,174.738846,1,False
esp32_device_001,2025-10-08T10:09:44.250000+13:00,57.5,-36.810537,174.738608,1,True
esp32_device_001,2025-10-08T10:09:45.500000+13:00,57.2,-36.810532,174.738479,1,True
esp32_device_001,2025-10-08T10:09:46.750000+13:00,56.9,-36.810522,174.738311,1,True
esp32_device_001,2025-10-08T10:09:48+13:00,56.6,-36.810516,174.738266,1,False
esp32_device_001,2025-10-08T10:09:50.500000+13:00,56.4,-36.810511,174.738113,1,True
esp32_device_001,2025-10-08T10:09:53+13:00,56.1,-36.810482,174.737671,1,False
esp32_device_001,2025-10-08T10:09:54.666667+13:00,56.8,-36.810472,174.737394,1,True
esp32_device_001,2025-10-08T10:09:56.333333+13:00,57.5,-36.810457,174.737120,1,True
esp32_device_001,2025-10-08T10:09:58+13:00,58.2,-36.810448,174.737091,1,False
esp32_device_001,2025-10-08T10:10:00.500000+13:00,59.2,-36.810451,174.736949,1,True
esp32_device_001,2025-10-08T10:10:03+13:00,60.1,-36.810413,174.736465,1,False
esp32_device_001,2025-10-08T10:10:05.500000+13:00,60.4,-36.810393,174.735986,1,True
esp32_device_001,2025-10-08T10:10:08+13:00,60.6,-36.810379,174.73587,1,False
esp32_device_001,2025-10-08T10:10:13+13:00,59.6,-36.810345,174.735245,1,False
esp32_device_001,2025-10-08T10:10:15.500000+13:00,59.3,-36.810354,174.735206,1,True
esp32_device_001,2025-10-08T10:10:18+13:00,59,-36.81031,174.73468,1,False
esp32_device_001,2025-10-08T10:10:19.666667+13:00,59.8,-36.810313,174.734471,1,True
esp32_device_001,2025-10-08T10:10:21.333333+13:00,60.6,-36.810304,174.734328,1,True
esp32_device_001,2025-10-08T10:10:23+13:00,61.4,-36.810284,174.734192,1,False
esp32_device_001,2025-10-08T10:10:28+13:00,64.3,-36.810284,174.733688,1,False
esp32_device_001,2025-10-08T10:10:29.666667+13:00,65.6,-36.810259,174.733521,1,True
esp32_device_001,2025-10-08T10:10:31.333333+13:00,67.0,-36.810236,174.733126,1,True
esp32_device_001,2025-10-08T10:10:33+13:00,68.3,-36.810249,174.733124,1,False
esp32_device_001,2025-10-08T10:10:34+13:00,68.6,-36.810236,174.733126,1,True
esp32_device_001,2025-10-08T10:10:35+13:00,68.9,-36.810229,174.733016,1,True
esp32_device_001,2025-10-08T10:10:36+13:00,69.1,-36.810224,174.732929,1,True
esp32_device_001,2025-10-08T10:10:37+13:00,69.4,-36.810218,174.732821,1,True
esp32_device_001,2025-10-08T10:10:38+13:00,69.7,-36.810211,174.732498,1,False
esp32_device_001,2025-10-08T10:10:40.500000+13:00,69.9,-36.810183,174.732221,1,True
esp32_device_001,2025-10-08T10:10:43+13:00,70.1,-36.810177,174.731857,1,False
esp32_device_001,2025-10-08T10:10:48+13:00,69.9,-36.810146,174.731262,1,False
esp32_device_001,2025-10-08T10:10:53+13:00,70,-36.810246,174.73111,1,False
esp32_device_001,2025-10-08T10:10:58+13:00,70.1,-36.810436,174.731125,1,False
esp32_device_001,2025-10-08T10:11:03+13:00,69.7,-36.810642,174.731094,1,False
esp32_device_001,2025-10-08T10:11:08+13:00,71.5,-36.810791,174.731064,1,False
esp32_device_001,2025-10-08T10:11:13+13:00,71.4,-36.810932,174.731003,1,False
esp32_device_001,2025-10-08T10:11:18+13:00,71.7,-36.811062,174.730988,1,False
esp32_device_001,2025-10-08T10:11:23+13:00,71.5,-36.811184,174.730972,1,False
esp32_device_001,2025-10-08T10:11:28+13:00,68.8,-36.811306,174.730972,1,False
esp32_device_001,2025-10-08T10:11:33+13:00,67.3,-36.811405,174.730988,1,False
esp32_device_001,2025-10-08T11:19:43+13:00,50.8,-36.811501,174.731216,4,False
esp32_device_001,2025-10-08T11:19:48+13:00,54.1,-36.81147,174.731125,4,False
esp32_device_001,2025-10-08T11:19:53+13:00,55.9,-36.811455,174.731018,4,False
esp32_device_001,2025-10-08T11:19:58+13:00,58.1,-36.811363,174.730972,4,False
esp32_device_001,2025-10-08T11:20:03+13:00,60.2,-36.811272,174.731003,4,False
esp32_device_001,2025-10-08T11:20:08+13:00,63.5,-36.811176,174.730988,4,False
esp32_device_001,2025-10-08T11:20:13+13:00,65,-36.8111,174.730988,4,False
esp32_device_001,2025-10-08T11:20:18+13:00,66.8,-36.81097,174.731018,4,False
esp32_device_001,2025-10-08T11:20:23+13:00,67,-36.810822,174.731064,4,False
esp32_device_001,2025-10-08T11:20:28+13:00,67.4,-36.810684,174.731079,4,False
esp32_device_001,2025-10-08T11:20:33+13:00,69,-36.810486,174.731094,4,False
esp32_device_001,2025-10-08T11:20:38+13:00,70,-36.810303,174.731094,4,False
esp32_device_001,2025-10-08T11:20:43+13:00,70,-36.810211,174.731094,4,False
esp32_device_001,2025-10-08T11:20:48+13:00,70.3,-36.810192,174.731094,4,False
esp32_device_001,2025-10-08T11:20:53+13:00,70.5,-36.810127,174.731293,4,False
esp32_device_001,2025-10-08T11:20:58+13:00,70.8,-36.810146,174.731796,4,False
esp32_device_001,2025-10-08T11:21:00.500000+13:00,70.6,-36.810183,174.732221,4,True
esp32_device_001,2025-10-08T11:21:03+13:00,70.4,-36.810184,174.732452,4,False
esp32_device_001,2025-10-08T11:21:04+13:00,70.0,-36.810218,174.732821,4,True
esp32_device_001,2025-10-08T11:21:05+13:00,69.6,-36.810224,174.732929,4,True
esp32_device_001,2025-10-08T11:21:06+13:00,69.3,-36.810229,174.733016,4,True
esp32_device_001,2025-10-08T11:21:07+13:00,68.9,-36.810236,174.733126,4,True
esp32_device_001,2025-10-08T11:21:08+13:00,68.5,-36.810226,174.7332,4,False
esp32_device_001,2025-10-08T11:21:10.500000+13:00,66.4,-36.810259,174.733521,4,True
esp32_device_001,2025-10-08T11:21:13+13:00,64.3,-36.810272,174.733917,4,False
esp32_device_001,2025-10-08T11:21:14.666667+13:00,63.1,-36.810304,174.734328,4,True
esp32_device_001,2025-10-08T11:21:16.333333+13:00,61.8,-36.810313,174.734471,4,True
esp32_device_001,2025-10-08T11:21:18+13:00,60.6,-36.810307,174.734589,4,False
esp32_device_001,2025-10-08T11:21:23+13:00,60.7,-36.810349,174.735214,4,False
esp32_device_001,2025-10-08T11:21:28+13:00,61.3,-36.810375,174.735748,4,False
esp32_device_001,2025-10-08T11:21:30.500000+13:00,61.5,-36.810393,174.735986,4,True
esp32_device_001,2025-10-08T11:21:33+13:00,61.7,-36.810406,174.736298,4,False
esp32_device_001,2025-10-08T11:21:38+13:00,60.1,-36.810436,174.736893,4,False
esp32_device_001,2025-10-08T11:21:39.250000+13:00,59.7,-36.810451,174.736949,4,True
esp32_device_001,2025-10-08T11:21:40.500000+13:00,59.3,-36.810457,174.737120,4,True
esp32_device_001,2025-10-08T11:21:41.750000+13:00,58.9,-36.810472,174.737394,4,True
esp32_device_001,2025-10-08T11:21:43+13:00,58.5,-36.810471,174.737534,4,False
esp32_device_001,2025-10-08T11:21:44.666667+13:00,58.1,-36.810486,174.737665,4,True
esp32_device_001,2025-10-08T11:21:46.333333+13:00,57.7,-36.810511,174.738113,4,True
esp32_device_001,2025-10-08T11:21:48+13:00,57.3,-36.810513,174.738205,4,False
esp32_device_001,2025-10-08T11:21:49.250000+13:00,57.8,-36.810522,174.738311,4,True
esp32_device_001,2025-10-08T11:21:50.500000+13:00,58.3,-36.810532,174.738479,4,True
esp32_device_001,2025-10-08T11:21:51.750000+13:00,58.8,-36.810537,174.738608,4,True
esp32_device_001,2025-10-08T11:21:53+13:00,59.3,-36.810539,174.738754,4,False
esp32_device_001,2025-10-08T11:21:55.500000+13:00,59.8,-36.810549,174.738883,4,True
esp32_device_001,2025-10-08T11:21:58+13:00,60.3,-36.810562,174.739273,4,False
esp32_device_001,2025-10-08T11:21:59.666667+13:00,59.8,-36.810582,174.739478,4,True
esp32_device_001,2025-10-08T11:22:01.333333+13:00,59.2,-36.810594,174.739707,4,True
esp32_device_001,2025-10-08T11:22:03+13:00,58.7,-36.810596,174.739899,4,False
esp32_device_001,2025-10-08T11:22:04.666667+13:00,57.4,-36.810635,174.740475,4,True
esp32_device_001,2025-10-08T11:22:06.333333+13:00,56.0,-36.810638,174.740533,4,True
esp32_device_001,2025-10-08T11:22:08+13:00,54.7,-36.810631,174.74057,4,False
esp32_device_001,2025-10-08T11:22:13+13:00,50.1,-36.810654,174.741272,4,False
esp32_device_001,2025-10-08T11:22:14.666667+13:00,48.7,-36.810685,174.741515,4,True
esp32_device_001,2025-10-08T11:22:16.333333+13:00,47.4,-36.810700,174.741813,4,True
esp32_device_001,2025-10-08T11:22:18+13:00,46,-36.810677,174.741974,4,False
esp32_device_001,2025-10-08T11:22:19.666667+13:00,45.3,-36.810722,174.742233,4,True
esp32_device_001,2025-10-08T11:22:21.333333+13:00,44.5,-36.810744,174.742540,4,True
esp32_device_001,2025-10-08T11:22:23+13:00,43.8,-36.810726,174.74263,4,False
esp32_device_001,2025-10-08T11:22:24.250000+13:00,43.0,-36.810761,174.742631,4,True
esp32_device_001,2025-10-08T11:22:25.500000+13:00,42.1,-36.810814,174.742823,4,True
esp32_device_001,2025-10-08T11:22:26.750000+13:00,41.3,-36.810894,174.743086,4,True
esp32_device_001,2025-10-08T11:22:28+13:00,40.5,-36.810867,174.743195,4,False
esp32_device_001,2025-10-08T11:22:29.250000+13:00,40.2,-36.810971,174.743355,4,True
esp32_device_001,2025-10-08T11:22:30.500000+13:00,39.9,-36.810990,174.743422,4,True
esp32_device_001,2025-10-08T11:22:31.750000+13:00,39.5,-36.811029,174.743556,4,True
esp32_device_001,2025-10-08T11:22:33+13:00,39.2,-36.810989,174.743668,4,False
esp32_device_001,2025-10-08T11:22:33.714286+13:00,39.0,-36.811085,174.743740,4,True
esp32_device_001,2025-10-08T11:22:34.428571+13:00,38.9,-36.811149,174.743952,4,True
esp32_device_001,2025-10-08T11:22:35.142857+13:00,38.7,-36.811172,174.744026,4,True
esp32_device_001,2025-10-08T11:22:35.857143+13:00,38.6,-36.811212,174.744165,4,True
esp32_device_001,2025-10-08T11:22:36.571429+13:00,38.4,-36.811134,174.744199,4,True
esp32_device_001,2025-10-08T11:22:37.285714+13:00,38.3,-36.811086,174.744220,4,True
esp32_device_001,2025-10-08T11:22:38+13:00,38.1,-36.811115,174.744095,4,False
esp32_device_001,2025-10-08T11:22:43+13:00,37.6,-36.811211,174.7444,4,False
esp32_device_001,2025-10-08T11:22:44.250000+13:00,37.4,-36.811341,174.744578,4,True
esp32_device_001,2025-10-08T11:22:45.500000+13:00,37.2,-36.811353,174.744615,4,True
esp32_device_001,2025-10-08T11:22:46.750000+13:00,36.9,-36.811374,174.744680,4,True
esp32_device_001,2025-10-08T11:22:48+13:00,36.7,-36.811356,174.744843,4,False
esp32_device_001,2025-10-08T11:22:48.714286+13:00,36.4,-36.811431,174.744857,4,True
esp32_device_001,2025-10-08T11:22:49.428571+13:00,36.2,-36.811524,174.745168,4,True
esp32_device_001,2025-10-08T11:22:50.142857+13:00,35.9,-36.811573,174.745330,4,True
esp32_device_001,2025-10-08T11:22:50.857143+13:00,35.7,-36.811500,174.745365,4,True
esp32_device_001,2025-10-08T11:22:51.571429+13:00,35.4,-36.810752,174.745728,4,True
esp32_device_001,2025-10-08T11:22:52.285714+13:00,35.2,-36.811500,174.745365,4,True
esp32_device_001,2025-10-08T11:22:53+13:00,34.9,-36.811535,174.745422,4,False
esp32_device_001,2025-10-08T11:22:55.500000+13:00,33.8,-36.811573,174.745330,4,True
esp32_device_001,2025-10-08T11:22:58+13:00,32.7,-36.811726,174.746063,4,False
esp32_device_001,2025-10-08T11:22:59.250000+13:00,32.5,-36.811790,174.746047,4,True
esp32_device_001,2025-10-08T11:23:00.500000+13:00,32.4,-36.811823,174.746158,4,True
esp32_device_001,2025-10-08T11:23:01.750000+13:00,32.2,-36.811994,174.746739,4,True
esp32_device_001,2025-10-08T11:23:03+13:00,32,-36.811928,174.746719,4,False
esp32_device_001,2025-10-08T11:23:03.625000+13:00,31.8,-36.811915,174.746741,4,True
esp32_device_001,2025-10-08T11:23:04.250000+13:00,31.6,-36.811208,174.746759,4,True
esp32_device_001,2025-10-08T11:23:04.875000+13:00,31.5,-36.811915,174.746741,4,True
esp32_device_001,2025-10-08T11:23:05.500000+13:00,31.3,-36.811994,174.746739,4,True
esp32_device_001,2025-10-08T11:23:06.125000+13:00,31.1,-36.812026,174.746845,4,True
esp32_device_001,2025-10-08T11:23:06.750000+13:00,31.0,-36.812122,174.747158,4,True
esp32_device_001,2025-10-08T11:23:07.375000+13:00,30.8,-36.812131,174.747186,4,True
esp32_device_001,2025-10-08T11:23:08+13:00,30.6,-36.812119,174.74736,4,False
esp32_device_001,2025-10-08T11:23:08.714286+13:00,30.2,-36.812212,174.747460,4,True
esp32_device_001,2025-10-08T11:23:09.428571+13:00,29.7,-36.812220,174.747504,4,True
esp32_device_001,2025-10-08T11:23:10.142857+13:00,29.3,-36.812227,174.747544,4,True
esp32_device_001,2025-10-08T11:23:10.857143+13:00,28.9,-36.812236,174.747630,4,True
esp32_device_001,2025-10-08T11:23:11.571429+13:00,28.5,-36.812262,174.747884,4,True
esp32_device_001,2025-10-08T11:23:12.285714+13:00,28.0,-36.812268,174.748032,4,True
esp32_device_001,2025-10-08T11:23:13+13:00,27.6,-36.812199,174.748047,4,False
esp32_device_001,2025-10-08T11:23:18+13:00,23.8,-36.812187,174.748764,4,False
esp32_device_001,2025-10-08T11:23:23+13:00,20.5,-36.81218,174.74939,4,False
esp32_device_001,2025-10-08T11:23:25.500000+13:00,18.6,-36.812239,174.749708,4,True
esp32_device_001,2025-10-08T11:23:28+13:00,16.7,-36.812168,174.749786,4,False
esp32_device_001,2025-10-08T11:23:33+13:00,13.5,-36.81213,174.750092,4,False
esp32_device_001,2025-10-08T11:23:33.020325+13:00,13.5,-36.812236,174.750156,4,True
esp32_device_001,2025-10-08T11:23:33.040650+13:00,13.5,-36.812235,174.750256,4,True
esp32_device_001,2025-10-08T11:23:33.060976+13:00,13.5,-36.812233,174.750324,4,True
esp32_device_001,2025-10-08T11:23:33.081301+13:00,13.5,-36.812210,174.750514,4,True
esp32_device_001,2025-10-08T11:23:33.101626+13:00,13.5,-36.812199,174.750612,4,True
esp32_device_001,2025-10-08T11:23:33.121951+13:00,13.5,-36.812197,174.750775,4,True
esp32_device_001,2025-10-08T11:23:33.142276+13:00,13.5,-36.812198,174.751007,4,True
esp32_device_001,2025-10-08T11:23:33.162602+13:00,13.5,-36.812195,174.751089,4,True
esp32_device_001,2025-10-08T11:23:33.182927+13:00,13.5,-36.812193,174.751164,4,True
esp32_device_001,2025-10-08T11:23:33.203252+13:00,13.5,-36.812201,174.751359,4,True
esp32_device_001,2025-10-08T11:23:33.223577+13:00,13.5,-36.812201,174.751461,4,True
esp32_device_001,2025-10-08T11:23:33.243902+13:00,13.5,-36.812196,174.751561,4,True
esp32_device_001,2025-10-08T11:23:33.264228+13:00,13.6,-36.812185,174.751681,4,True
esp32_device_001,2025-10-08T11:23:33.284553+13:00,13.6,-36.812172,174.751783,4,True
esp32_device_001,2025-10-08T11:23:33.304878+13:00,13.6,-36.812155,174.751875,4,True
esp32_device_001,2025-10-08T11:23:33.325203+13:00,13.6,-36.812131,174.751984,4,True
esp32_device_001,2025-10-08T11:23:33.345528+13:00,13.6,-36.812104,174.752092,4,True
esp32_device_001,2025-10-08T11:23:33.365854+13:00,13.6,-36.812045,174.752277,4,True
esp32_device_001,2025-10-08T11:23:33.386179+13:00,13.6,-36.811977,174.752479,4,True
esp32_device_001,2025-10-08T11:23:33.406504+13:00,13.6,-36.811908,174.752680,4,True
esp32_device_001,2025-10-08T11:23:33.426829+13:00,13.6,-36.811866,174.752816,4,True
esp32_device_001,2025-10-08T11:23:33.447154+13:00,13.6,-36.811841,174.752927,4,True
esp32_device_001,2025-10-08T11:23:33.467480+13:00,13.6,-36.811825,174.753035,4,True
esp32_device_001,2025-10-08T11:23:33.487805+13:00,13.6,-36.811819,174.753157,4,True
esp32_device_001,2025-10-08T11:23:33.508130+13:00,13.6,-36.811820,174.753260,4,True
esp32_device_001,2025-10-08T11:23:33.528455+13:00,13.6,-36.811824,174.753319,4,True
esp32_device_001,2025-10-08T11:23:33.548780+13:00,13.6,-36.811841,174.753417,4,True
esp32_device_001,2025-10-08T11:23:33.569106+13:00,13.6,-36.811861,174.753512,4,True
esp32_device_001,2025-10-08T11:23:33.589431+13:00,13.6,-36.811883,174.753600,4,True
esp32_device_001,2025-10-08T11:23:33.609756+13:00,13.6,-36.811913,174.753685,4,True
esp32_device_001,2025-10-08T11:23:33.630081+13:00,13.6,-36.811949,174.753759,4,True
esp32_device_001,2025-10-08T11:23:33.650407+13:00,13.6,-36.811984,174.753837,4,True
esp32_device_001,2025-10-08T11:23:33.670732+13:00,13.6,-36.812021,174.753898,4,True
esp32_device_001,2025-10-08T11:23:33.691057+13:00,13.6,-36.812071,174.753968,4,True
esp32_device_001,2025-10-08T11:23:33.711382+13:00,13.6,-36.812135,174.754044,4,True
esp32_device_001,2025-10-08T11:23:33.731707+13:00,13.6,-36.812190,174.754103,4,True
esp32_device_001,2025-10-08T11:23:33.752033+13:00,13.7,-36.812232,174.754140,4,True
esp32_device_001,2025-10-08T11:23:33.772358+13:00,13.7,-36.812287,174.754181,4,True
esp32_device_001,2025-10-08T11:23:33.792683+13:00,13.7,-36.812400,174.754245,4,True
esp32_device_001,2025-10-08T11:23:33.813008+13:00,13.7,-36.812471,174.754271,4,True
esp32_device_001,2025-10-08T11:23:33.833333+13:00,13.7,-36.812551,174.754297,4,True
esp32_device_001,2025-10-08T11:23:33.853659+13:00,13.7,-36.812622,174.754309,4,True
esp32_device_001,2025-10-08T11:23:33.873984+13:00,13.7,-36.812688,174.754314,4,True
esp32_device_001,2025-10-08T11:23:33.894309+13:00,13.7,-36.812738,174.754313,4,True
esp32_device_001,2025-10-08T11:23:33.914634+13:00,13.7,-36.812807,174.754310,4,True
esp32_device_001,2025-10-08T11:23:33.934959+13:00,13.7,-36.812877,174.754297,4,True
esp32_device_001,2025-10-08T11:23:33.955285+13:00,13.7,-36.812946,174.754278,4,True
esp32_device_001,2025-10-08T11:23:33.975610+13:00,13.7,-36.813018,174.754251,4,True
esp32_device_001,2025-10-08T11:23:33.995935+13:00,13.7,-36.813096,174.754213,4,True
esp32_device_001,2025-10-08T11:23:34.016260+13:00,13.7,-36.813172,174.754168,4,True
esp32_device_001,2025-10-08T11:23:34.036585+13:00,13.7,-36.813247,174.754117,4,True
esp32_device_001,2025-10-08T11:23:34.056911+13:00,13.7,-36.813321,174.754058,4,True
esp32_device_001,2025-10-08T11:23:34.077236+13:00,13.7,-36.813390,174.753992,4,True
esp32_device_001,2025-10-08T11:23:34.097561+13:00,13.7,-36.813444,174.753933,4,True
esp32_device_001,2025-10-08T11:23:34.117886+13:00,13.7,-36.813494,174.753867,4,True
esp32_device_001,2025-10-08T11:23:34.138211+13:00,13.7,-36.813549,174.753791,4,True
esp32_device_001,2025-10-08T11:23:34.158537+13:00,13.7,-36.813602,174.753700,4,True
esp32_device_001,2025-10-08T11:23:34.178862+13:00,13.7,-36.813645,174.753621,4,True
esp32_device_001,2025-10-08T11:23:34.199187+13:00,13.7,-36.813689,174.753519,4,True
esp32_device_001,2025-10-08T11:23:34.219512+13:00,13.7,-36.813729,174.753417,4,True
esp32_device_001,2025-10-08T11:23:34.239837+13:00,13.7,-36.813770,174.753307,4,True
esp32_device_001,2025-10-08T11:23:34.260163+13:00,13.8,-36.813807,174.753202,4,True
esp32_device_001,2025-10-08T11:23:34.280488+13:00,13.8,-36.813847,174.753082,4,True
esp32_device_001,2025-10-08T11:23:34.300813+13:00,13.8,-36.813893,174.752955,4,True
esp32_device_001,2025-10-08T11:23:34.321138+13:00,13.8,-36.813941,174.752817,4,True
esp32_device_001,2025-10-08T11:23:34.341463+13:00,13.8,-36.814002,174.752665,4,True
esp32_device_001,2025-10-08T11:23:34.361789+13:00,13.8,-36.814031,174.752597,4,True
esp32_device_001,2025-10-08T11:23:34.382114+13:00,13.8,-36.814078,174.752504,4,True
esp32_device_001,2025-10-08T11:23:34.402439+13:00,13.8,-36.814120,174.752439,4,True
esp32_device_001,2025-10-08T11:23:34.422764+13:00,13.8,-36.814156,174.752384,4,True
esp32_device_001,2025-10-08T11:23:34.443089+13:00,13.8,-36.814361,174.752060,4,True
esp32_device_001,2025-10-08T11:23:34.463415+13:00,13.8,-36.814609,174.751761,4,True
esp32_device_001,2025-10-08T11:23:34.483740+13:00,13.8,-36.814735,174.751639,4,True
esp32_device_001,2025-10-08T11:23:34.504065+13:00,13.8,-36.814801,174.751587,4,True
esp32_device_001,2025-10-08T11:23:34.524390+13:00,13.8,-36.814880,174.751532,4,True
esp32_device_001,2025-10-08T11:23:34.544715+13:00,13.8,-36.815004,174.751444,4,True
esp32_device_001,2025-10-08T11:23:34.565041+13:00,13.8,-36.815117,174.751371,4,True
esp32_device_001,2025-10-08T11:23:34.585366+13:00,13.8,-36.815158,174.751345,4,True
esp32_device_001,2025-10-08T11:23:34.605691+13:00,13.8,-36.815329,174.751202,4,True
esp32_device_001,2025-10-08T11:23:34.626016+13:00,13.8,-36.815571,174.751111,4,True
esp32_device_001,2025-10-08T11:23:34.646341+13:00,13.8,-36.815851,174.751027,4,True
esp32_device_001,2025-10-08T11:23:34.666667+13:00,13.8,-36.816216,174.750937,4,True
esp32_device_001,2025-10-08T11:23:34.686992+13:00,13.8,-36.817110,174.750716,4,True
esp32_device_001,2025-10-08T11:23:34.707317+13:00,13.8,-36.818149,174.750467,4,True
esp32_device_001,2025-10-08T11:23:34.727642+13:00,13.8,-36.818967,174.750249,4,True
esp32_device_001,2025-10-08T11:23:34.747967+13:00,13.8,-36.819297,174.750155,4,True
esp32_device_001,2025-10-08T11:23:34.768293+13:00,13.9,-36.819686,174.750143,4,True
esp32_device_001,2025-10-08T11:23:34.788618+13:00,13.9,-36.820047,174.750130,4,True
esp32_device_001,2025-10-08T11:23:34.808943+13:00,13.9,-36.820494,174.750155,4,True
esp32_device_001,2025-10-08T11:23:34.829268+13:00,13.9,-36.820767,174.750186,4,True
esp32_device_001,2025-10-08T11:23:34.849593+13:00,13.9,-36.821120,174.750247,4,True
esp32_device_001,2025-10-08T11:23:34.869919+13:00,13.9,-36.821833,174.750369,4,True
esp32_device_001,2025-10-08T11:23:34.890244+13:00,13.9,-36.822338,174.750454,4,True
esp32_device_001,2025-10-08T11:23:34.910569+13:00,13.9,-36.822764,174.750491,4,True
esp32_device_001,2025-10-08T11:23:34.930894+13:00,13.9,-36.822933,174.750491,4,True
esp32_device_001,2025-10-08T11:23:34.951220+13:00,13.9,-36.823112,174.750473,4,True
esp32_device_001,2025-10-08T11:23:34.971545+13:00,13.9,-36.823357,174.750426,4,True
esp32_device_001,2025-10-08T11:23:34.991870+13:00,13.9,-36.823609,174.750346,4,True
esp32_device_001,2025-10-08T11:23:35.012195+13:00,13.9,-36.823859,174.750238,4,True
esp32_device_001,2025-10-08T11:23:35.032520+13:00,13.9,-36.824092,174.750116,4,True
esp32_device_001,2025-10-08T11:23:35.052846+13:00,13.9,-36.824317,174.749982,4,True
esp32_device_001,2025-10-08T11:23:35.073171+13:00,13.9,-36.824539,174.749839,4,True
esp32_device_001,2025-10-08T11:23:35.093496+13:00,13.9,-36.826939,174.748253,4,True
esp32_device_001,2025-10-08T11:23:35.113821+13:00,13.9,-36.827737,174.747726,4,True
esp32_device_001,2025-10-08T11:23:35.134146+13:00,13.9,-36.828262,174.747379,4,True
esp32_device_001,2025-10-08T11:23:35.154472+13:00,13.9,-36.828854,174.746988,4,True
esp32_device_001,2025-10-08T11:23:35.174797+13:00,13.9,-36.829228,174.746741,4,True
esp32_device_001,2025-10-08T11:23:35.195122+13:00,13.9,-36.829572,174.746514,4,True
esp32_device_001,2025-10-08T11:23:35.215447+13:00,13.9,-36.830193,174.746103,4,True
esp32_device_001,2025-10-08T11:23:35.235772+13:00,13.9,-36.830840,174.745676,4,True
esp32_device_001,2025-10-08T11:23:35.256098+13:00,14.0,-36.835089,174.742869,4,True
esp32_device_001,2025-10-08T11:23:35.276423+13:00,14.0,-36.835540,174.742653,4,True
esp32_device_001,2025-10-08T11:23:35.296748+13:00,14.0,-36.835729,174.742553,4,True
esp32_device_001,2025-10-08T11:23:35.317073+13:00,14.0,-36.836327,174.742237,4,True
esp32_device_001,2025-10-08T11:23:35.337398+13:00,14.0,-36.836454,174.742179,4,True
esp32_device_001,2025-10-08T11:23:35.357724+13:00,14.0,-36.836565,174.742135,4,True
esp32_device_001,2025-10-08T11:23:35.378049+13:00,14.0,-36.836665,174.742103,4,True
esp32_device_001,2025-10-08T11:23:35.398374+13:00,14.0,-36.836767,174.742078,4,True
esp32_device_001,2025-10-08T11:23:35.418699+13:00,14.0,-36.836891,174.742058,4,True
esp32_device_001,2025-10-08T11:23:35.439024+13:00,14.0,-36.836960,174.742054,4,True
esp32_device_001,2025-10-08T11:23:35.459350+13:00,14.0,-36.837037,174.742049,4,True
esp32_device_001,2025-10-08T11:23:35.479675+13:00,14.0,-36.837183,174.742046,4,True
esp32_device_001,2025-10-08T11:23:35.500000+13:00,14.0,-36.837342,174.742045,4,True
esp32_device_001,2025-10-08T11:23:35.520325+13:00,14.0,-36.837431,174.742051,4,True
esp32_device_001,2025-10-08T11:23:35.540650+13:00,14.0,-36.837552,174.742062,4,True
esp32_device_001,2025-10-08T11:23:35.560976+13:00,14.0,-36.837617,174.742053,4,True
esp32_device_001,2025-10-08T11:23:35.581301+13:00,14.0,-36.837709,174.742040,4,True
esp32_device_001,2025-10-08T11:23:35.601626+13:00,14.0,-36.837833,174.742010,4,True
esp32_device_001,2025-10-08T11:23:35.621951+13:00,14.0,-36.838619,174.741776,4,True
esp32_device_001,2025-10-08T11:23:35.642276+13:00,14.0,-36.838945,174.741677,4,True
esp32_device_001,2025-10-08T11:23:35.662602+13:00,14.0,-36.839260,174.741590,4,True
esp32_device_001,2025-10-08T11:23:35.682927+13:00,14.0,-36.839439,174.741558,4,True
esp32_device_001,2025-10-08T11:23:35.703252+13:00,14.0,-36.839521,174.741557,4,True
esp32_device_001,2025-10-08T11:23:35.723577+13:00,14.0,-36.839639,174.741565,4,True
esp32_device_001,2025-10-08T11:23:35.743902+13:00,14.0,-36.839755,174.741599,4,True
esp32_device_001,2025-10-08T11:23:35.764228+13:00,14.1,-36.839883,174.741671,4,True
esp32_device_001,2025-10-08T11:23:35.784553+13:00,14.1,-36.840040,174.741793,4,True
esp32_device_001,2025-10-08T11:23:35.804878+13:00,14.1,-36.840112,174.741857,4,True
esp32_device_001,2025-10-08T11:23:35.825203+13:00,14.1,-36.840177,174.741916,4,True
esp32_device_001,2025-10-08T11:23:35.845528+13:00,14.1,-36.840207,174.741944,4,True
esp32_device_001,2025-10-08T11:23:35.865854+13:00,14.1,-36.840373,174.742088,4,True
esp32_device_001,2025-10-08T11:23:35.886179+13:00,14.1,-36.840403,174.742010,4,True
esp32_device_001,2025-10-08T11:23:35.906504+13:00,14.1,-36.840407,174.741993,4,True
esp32_device_001,2025-10-08T11:23:35.926829+13:00,14.1,-36.840426,174.741927,4,True
esp32_device_001,2025-10-08T11:23:35.947154+13:00,14.1,-36.840459,174.741776,4,True
esp32_device_001,2025-10-08T11:23:35.967480+13:00,14.1,-36.840528,174.741401,4,True
esp32_device_001,2025-10-08T11:23:35.987805+13:00,14.1,-36.840847,174.739696,4,True
esp32_device_001,2025-10-08T11:23:36.008130+13:00,14.1,-36.840861,174.739625,4,True
esp32_device_001,2025-10-08T11:23:36.028455+13:00,14.1,-36.840875,174.739563,4,True
esp32_device_001,2025-10-08T11:23:36.048780+13:00,14.1,-36.840830,174.739557,4,True
esp32_device_001,2025-10-08T11:23:36.069106+13:00,14.1,-36.840793,174.739552,4,True
esp32_device_001,2025-10-08T11:23:36.089431+13:00,14.1,-36.840757,174.739548,4,True
esp32_device_001,2025-10-08T11:23:36.109756+13:00,14.1,-36.840623,174.739531,4,True
esp32_device_001,2025-10-08T11:23:36.130081+13:00,14.1,-36.840607,174.739523,4,True
esp32_device_001,2025-10-08T11:23:36.150407+13:00,14.1,-36.840595,174.739517,4,True
esp32_device_001,2025-10-08T11:23:36.170732+13:00,14.1,-36.840580,174.739512,4,True
esp32_device_001,2025-10-08T11:23:36.191057+13:00,14.1,-36.840567,174.739509,4,True
esp32_device_001,2025-10-08T11:23:36.211382+13:00,14.1,-36.840554,174.739506,4,True
esp32_device_001,2025-10-08T11:23:36.231707+13:00,14.1,-36.840534,174.739506,4,True
esp32_device_001,2025-10-08T11:23:36.252033+13:00,14.2,-36.840203,174.739524,4,True
esp32_device_001,2025-10-08T11:23:36.272358+13:00,14.2,-36.840010,174.739522,4,True
esp32_device_001,2025-10-08T11:23:36.292683+13:00,14.2,-36.839276,174.739523,4,True
esp32_device_001,2025-10-08T11:23:36.313008+13:00,14.2,-36.838726,174.739567,4,True
esp32_device_001,2025-10-08T11:23:36.333333+13:00,14.2,-36.838587,174.739589,4,True
esp32_device_001,2025-10-08T11:23:36.353659+13:00,14.2,-36.838493,174.739622,4,True
esp32_device_001,2025-10-08T11:23:36.373984+13:00,14.2,-36.838362,174.739673,4,True
esp32_device_001,2025-10-08T11:23:36.394309+13:00,14.2,-36.838288,174.739711,4,True
esp32_device_001,2025-10-08T11:23:36.414634+13:00,14.2,-36.838245,174.739733,4,True
esp32_device_001,2025-10-08T11:23:36.434959+13:00,14.2,-36.838151,174.739797,4,True
esp32_device_001,2025-10-08T11:23:36.455285+13:00,14.2,-36.838070,174.739864,4,True
esp32_device_001,2025-10-08T11:23:36.475610+13:00,14.2,-36.837958,174.739957,4,True
esp32_device_001,2025-10-08T11:23:36.495935+13:00,14.2,-36.837860,174.740052,4,True
esp32_device_001,2025-10-08T11:23:36.516260+13:00,14.2,-36.837793,174.740129,4,True
esp32_device_001,2025-10-08T11:23:36.536585+13:00,14.2,-36.837617,174.740359,4,True
esp32_device_001,2025-10-08T11:23:36.556911+13:00,14.2,-36.837493,174.740542,4,True
esp32_device_001,2025-10-08T11:23:36.577236+13:00,14.2,-36.837251,174.740885,4,True
esp32_device_001,2025-10-08T11:23:36.597561+13:00,14.2,-36.837149,174.741007,4,True
esp32_device_001,2025-10-08T11:23:36.617886+13:00,14.2,-36.837025,174.741130,4,True
esp32_device_001,2025-10-08T11:23:36.638211+13:00,14.2,-36.836915,174.741234,4,True
esp32_device_001,2025-10-08T11:23:36.658537+13:00,14.2,-36.836790,174.741338,4,True
esp32_device_001,2025-10-08T11:23:36.678862+13:00,14.2,-36.836725,174.741385,4,True
esp32_device_001,2025-10-08T11:23:36.699187+13:00,14.2,-36.836461,174.741577,4,True
esp32_device_001,2025-10-08T11:23:36.719512+13:00,14.2,-36.836258,174.741753,4,True
esp32_device_001,2025-10-08T11:23:36.739837+13:00,14.2,-36.836146,174.741838,4,True
esp32_device_001,2025-10-08T11:23:36.760163+13:00,14.3,-36.835594,174.742220,4,True
esp32_device_001,2025-10-08T11:23:36.780488+13:00,14.3,-36.830755,174.745413,4,True
esp32_device_001,2025-10-08T11:23:36.800813+13:00,14.3,-36.830090,174.745851,4,True
esp32_device_001,2025-10-08T11:23:36.821138+13:00,14.3,-36.829482,174.746253,4,True
esp32_device_001,2025-10-08T11:23:36.841463+13:00,14.3,-36.829127,174.746487,4,True
esp32_device_001,2025-10-08T11:23:36.861789+13:00,14.3,-36.828740,174.746742,4,True
esp32_device_001,2025-10-08T11:23:36.882114+13:00,14.3,-36.828163,174.747123,4,True
esp32_device_001,2025-10-08T11:23:36.902439+13:00,14.3,-36.827631,174.747475,4,True
esp32_device_001,2025-10-08T11:23:36.922764+13:00,14.3,-36.826833,174.748001,4,True
esp32_device_001,2025-10-08T11:23:36.943089+13:00,14.3,-36.824432,174.749586,4,True
esp32_device_001,2025-10-08T11:23:36.963415+13:00,14.3,-36.824211,174.749724,4,True
esp32_device_001,2025-10-08T11:23:36.983740+13:00,14.3,-36.823995,174.749847,4,True
esp32_device_001,2025-10-08T11:23:37.004065+13:00,14.3,-36.823771,174.749967,4,True
esp32_device_001,2025-10-08T11:23:37.024390+13:00,14.3,-36.823542,174.750062,4,True
esp32_device_001,2025-10-08T11:23:37.044715+13:00,14.3,-36.823312,174.750135,4,True
esp32_device_001,2025-10-08T11:23:37.065041+13:00,14.3,-36.823081,174.750180,4,True
esp32_device_001,2025-10-08T11:23:37.085366+13:00,14.3,-36.822927,174.750192,4,True
esp32_device_001,2025-10-08T11:23:37.105691+13:00,14.3,-36.822769,174.750200,4,True
esp32_device_001,2025-10-08T11:23:37.126016+13:00,14.3,-36.822492,174.750187,4,True
esp32_device_001,2025-10-08T11:23:37.146341+13:00,14.3,-36.822253,174.750154,4,True
esp32_device_001,2025-10-08T11:23:37.166667+13:00,14.3,-36.821995,174.750106,4,True
esp32_device_001,2025-10-08T11:23:37.186992+13:00,14.3,-36.821823,174.750061,4,True
esp32_device_001,2025-10-08T11:23:37.207317+13:00,14.3,-36.821467,174.749972,4,True
esp32_device_001,2025-10-08T11:23:37.227642+13:00,14.3,-36.821111,174.749881,4,True
esp32_device_001,2025-10-08T11:23:37.247967+13:00,14.3,-36.820760,174.749773,4,True
esp32_device_001,2025-10-08T11:23:37.268293+13:00,14.4,-36.820583,174.749712,4,True
esp32_device_001,2025-10-08T11:23:37.288618+13:00,14.4,-36.820231,174.749649,4,True
esp32_device_001,2025-10-08T11:23:37.308943+13:00,14.4,-36.820038,174.749665,4,True
esp32_device_001,2025-10-08T11:23:37.329268+13:00,14.4,-36.819778,174.749724,4,True
esp32_device_001,2025-10-08T11:23:37.349593+13:00,14.4,-36.819614,174.749728,4,True
esp32_device_001,2025-10-08T11:23:37.369919+13:00,14.4,-36.819433,174.749739,4,True
esp32_device_001,2025-10-08T11:23:37.390244+13:00,14.4,-36.819249,174.749763,4,True
esp32_device_001,2025-10-08T11:23:37.410569+13:00,14.4,-36.818987,174.749815,4,True
esp32_device_001,2025-10-08T11:23:37.430894+13:00,14.4,-36.818645,174.749910,4,True
esp32_device_001,2025-10-08T11:23:37.451220+13:00,14.4,-36.818194,174.750041,4,True
esp32_device_001,2025-10-08T11:23:37.471545+13:00,14.4,-36.817640,174.750207,4,True
esp32_device_001,2025-10-08T11:23:37.491870+13:00,14.4,-36.816495,174.750540,4,True
esp32_device_001,2025-10-08T11:23:37.512195+13:00,14.4,-36.816217,174.750624,4,True
esp32_device_001,2025-10-08T11:23:37.532520+13:00,14.4,-36.816019,174.750683,4,True
esp32_device_001,2025-10-08T11:23:37.552846+13:00,14.4,-36.815759,174.750780,4,True
esp32_device_001,2025-10-08T11:23:37.573171+13:00,14.4,-36.815105,174.750955,4,True
esp32_device_001,2025-10-08T11:23:37.593496+13:00,14.4,-36.814856,174.751106,4,True
esp32_device_001,2025-10-08T11:23:37.613821+13:00,14.4,-36.814652,174.751246,4,True
esp32_device_001,2025-10-08T11:23:37.634146+13:00,14.4,-36.814431,174.751376,4,True
esp32_device_001,2025-10-08T11:23:37.654472+13:00,14.4,-36.814243,174.751454,4,True
esp32_device_001,2025-10-08T11:23:37.674797+13:00,14.4,-36.814082,174.751502,4,True
esp32_device_001,2025-10-08T11:23:37.695122+13:00,14.4,-36.814007,174.751521,4,True
esp32_device_001,2025-10-08T11:23:37.715447+13:00,14.4,-36.813923,174.751533,4,True
esp32_device_001,2025-10-08T11:23:37.735772+13:00,14.4,-36.813855,174.751539,4,True
esp32_device_001,2025-10-08T11:23:37.756098+13:00,14.5,-36.813773,174.751540,4,True
esp32_device_001,2025-10-08T11:23:37.776423+13:00,14.5,-36.813697,174.751535,4,True
esp32_device_001,2025-10-08T11:23:37.796748+13:00,14.5,-36.813587,174.751517,4,True
esp32_device_001,2025-10-08T11:23:37.817073+13:00,14.5,-36.813494,174.751495,4,True
esp32_device_001,2025-10-08T11:23:37.837398+13:00,14.5,-36.813395,174.751460,4,True
esp32_device_001,2025-10-08T11:23:37.857724+13:00,14.5,-36.813339,174.751435,4,True
esp32_device_001,2025-10-08T11:23:37.878049+13:00,14.5,-36.812931,174.751245,4,True
esp32_device_001,2025-10-08T11:23:37.898374+13:00,14.5,-36.812547,174.750985,4,True
esp32_device_001,2025-10-08T11:23:37.918699+13:00,14.5,-36.812387,174.750821,4,True
esp32_device_001,2025-10-08T11:23:37.939024+13:00,14.5,-36.812327,174.750754,4,True
esp32_device_001,2025-10-08T11:23:37.959350+13:00,14.5,-36.812273,174.750697,4,True
esp32_device_001,2025-10-08T11:23:37.979675+13:00,14.5,-36.812199,174.750612,4,True
esp32_device_001,2025-10-08T11:23:38+13:00,14.5,-36.812145,174.750473,4,False
esp32_device_001,2025-10-08T11:23:38.333333+13:00,14.5,-36.812066,174.750497,4,True
esp32_device_001,2025-10-08T11:23:38.666667+13:00,14.5,-36.812025,174.750473,4,True
esp32_device_001,2025-10-08T11:23:39+13:00,14.6,-36.811981,174.750453,4,True
esp32_device_001,2025-10-08T11:23:39.333333+13:00,14.6,-36.811922,174.750430,4,True
esp32_device_001,2025-10-08T11:23:39.666667+13:00,14.6,-36.811841,174.750430,4,True
esp32_device_001,2025-10-08T11:23:40+13:00,14.6,-36.811924,174.750488,4,True
esp32_device_001,2025-10-08T11:23:40.333333+13:00,14.6,-36.811969,174.750522,4,True
esp32_device_001,2025-10-08T11:23:40.666667+13:00,14.7,-36.812085,174.750616,4,True
esp32_device_001,2025-10-08T11:23:41+13:00,14.7,-36.812121,174.750648,4,True
esp32_device_001,2025-10-08T11:23:41.333333+13:00,14.7,-36.812146,174.750675,4,True
esp32_device_001,2025-10-08T11:23:41.666667+13:00,14.7,-36.812163,174.750700,4,True
esp32_device_001,2025-10-08T11:23:42+13:00,14.7,-36.812181,174.750733,4,True
esp32_device_001,2025-10-08T11:23:42.333333+13:00,14.8,-36.812197,174.750775,4,True
esp32_device_001,2025-10-08T11:23:42.666667+13:00,14.8,-36.812198,174.751007,4,True
esp32_device_001,2025-10-08T11:23:43+13:00,14.8,-36.812153,174.751022,4,False
esp32_device_001,2025-10-08T11:23:44+13:00,15.2,-36.812195,174.751089,4,True
esp32_device_001,2025-10-08T11:23:45+13:00,15.5,-36.812193,174.751164,4,True
esp32_device_001,2025-10-08T11:23:46+13:00,15.9,-36.812141,174.751437,4,True
esp32_device_001,2025-10-08T11:23:47+13:00,16.2,-36.812115,174.751539,4,True
esp32_device_001,2025-10-08T11:23:48+13:00,16.6,-36.812088,174.751556,4,False
esp32_device_001,2025-10-08T11:23:50+13:00,16.6,-36.812082,174.751657,4,True
esp32_device_001,2025-10-08T11:23:52+13:00,16.6,-36.811995,174.751917,4,True
esp32_device_001,2025-10-08T11:23:54+13:00,16.6,-36.811878,174.752197,4,False
esp32_device_001,2025-10-08T11:23:56.500000+13:00,16.6,-36.811783,174.752554,4,True
esp32_device_001,2025-10-08T11:23:59+13:00,16.6,-36.811649,174.752838,4,False
esp32_device_001,2025-10-08T11:24:01.500000+13:00,16.6,-36.811456,174.753461,4,True
esp32_device_001,2025-10-08T11:24:04+13:00,16.6,-36.811401,174.753525,4,False
esp32_device_001,2025-10-08T11:24:04.714286+13:00,16.6,-36.811391,174.753636,4,True
esp32_device_001,2025-10-08T11:24:05.428571+13:00,16.6,-36.811349,174.753731,4,True
esp32_device_001,2025-10-08T11:24:06.142857+13:00,16.6,-36.811315,174.753811,4,True
esp32_device_001,2025-10-08T11:24:06.857143+13:00,16.6,-36.811256,174.753914,4,True
esp32_device_001,2025-10-08T11:24:07.571429+13:00,16.6,-36.811186,174.754033,4,True
esp32_device_001,2025-10-08T11:24:08.285714+13:00,16.6,-36.811092,174.754174,4,True
esp32_device_001,2025-10-08T11:24:09+13:00,16.6,-36.811001,174.754242,4,False
esp32_device_001,2025-10-08T11:24:10.666667+13:00,16.6,-36.810990,174.754312,4,True
esp32_device_001,2025-10-08T11:24:12.333333+13:00,16.6,-36.810847,174.754476,4,True
esp32_device_001,2025-10-08T11:24:14+13:00,16.6,-36.810383,174.754898,4,False
esp32_device_001,2025-10-08T11:24:15.666667+13:00,16.6,-36.810383,174.754959,4,True
esp32_device_001,2025-10-08T11:24:17.333333+13:00,16.6,-36.810026,174.755493,4,True
esp32_device_001,2025-10-08T11:24:19+13:00,16.6,-36.809681,174.7556,4,False
esp32_device_001,2025-10-08T11:24:24+13:00,16.6,-36.808887,174.756378,4,False
esp32_device_001,2025-10-08T11:24:29+13:00,16.6,-36.808109,174.757141,4,False
esp32_device_001,2025-10-08T11:24:30.666667+13:00,16.6,-36.808052,174.757351,4,True
esp32_device_001,2025-10-08T11:24:32.333333+13:00,16.6,-36.807602,174.757771,4,True
esp32_device_001,2025-10-08T11:24:34+13:00,16.6,-36.807381,174.757843,4,False
esp32_device_001,2025-10-08T11:24:36.500000+13:00,16.6,-36.807008,174.758320,4,True
esp32_device_001,2025-10-08T11:24:39+13:00,16.6,-36.806568,174.758606,4,False
esp32_device_001,2025-10-08T11:24:40.666667+13:00,16.6,-36.806422,174.758828,4,True
esp32_device_001,2025-10-08T11:24:42.333333+13:00,16.6,-36.805906,174.759229,4,True
esp32_device_001,2025-10-08T11:24:44+13:00,16.6,-36.805748,174.759247,4,False
esp32_device_001,2025-10-08T11:24:45.666667+13:00,16.6,-36.805414,174.759569,4,True
esp32_device_001,2025-10-08T11:24:47.333333+13:00,16.6,-36.805016,174.759820,4,True
esp32_device_001,2025-10-08T11:24:49+13:00,16.6,-36.804939,174.759766,4,False
esp32_device_001,2025-10-08T11:24:50+13:00,16.6,-36.804612,174.760055,4,True
esp32_device_001,2025-10-08T11:24:51+13:00,16.6,-36.804376,174.760176,4,True
esp32_device_001,2025-10-08T11:24:52+13:00,16.6,-36.804257,174.760231,4,True
esp32_device_001,2025-10-08T11:24:53+13:00,16.6,-36.804151,174.760287,4,True
esp32_device_001,2025-10-08T11:24:54+13:00,16.6,-36.804024,174.760254,4,False
esp32_device_001,2025-10-08T11:24:54.022727+13:00,16.6,-36.803749,174.760344,4,True
esp32_device_001,2025-10-08T11:24:54.045455+13:00,16.6,-36.803270,174.760479,4,True
esp32_device_001,2025-10-08T11:24:54.068182+13:00,16.6,-36.803024,174.760542,4,True
esp32_device_001,2025-10-08T11:24:54.090909+13:00,16.6,-36.802812,174.760581,4,True
esp32_device_001,2025-10-08T11:24:54.113636+13:00,16.6,-36.802497,174.760638,4,True
esp32_device_001,2025-10-08T11:24:54.136364+13:00,16.6,-36.802218,174.760683,4,True
esp32_device_001,2025-10-08T11:24:54.159091+13:00,16.6,-36.802060,174.760696,4,True
esp32_device_001,2025-10-08T11:24:54.181818+13:00,16.6,-36.801941,174.760690,4,True
esp32_device_001,2025-10-08T11:24:54.204545+13:00,16.6,-36.801839,174.760682,4,True
esp32_device_001,2025-10-08T11:24:54.227273+13:00,16.6,-36.801716,174.760663,4,True
esp32_device_001,2025-10-08T11:24:54.250000+13:00,16.6,-36.801620,174.760646,4,True
esp32_device_001,2025-10-08T11:24:54.272727+13:00,16.6,-36.801501,174.760607,4,True
esp32_device_001,2025-10-08T11:24:54.295455+13:00,16.6,-36.801389,174.760563,4,True
esp32_device_001,2025-10-08T11:24:54.318182+13:00,16.6,-36.801236,174.760492,4,True
esp32_device_001,2025-10-08T11:24:54.340909+13:00,16.6,-36.801074,174.760404,4,True
esp32_device_001,2025-10-08T11:24:54.363636+13:00,16.6,-36.800886,174.760287,4,True
esp32_device_001,2025-10-08T11:24:54.386364+13:00,16.6,-36.800732,174.760186,4,True
esp32_device_001,2025-10-08T11:24:54.409091+13:00,16.6,-36.800550,174.760080,4,True
esp32_device_001,2025-10-08T11:24:54.431818+13:00,16.6,-36.800413,174.760020,4,True
esp32_device_001,2025-10-08T11:24:54.454545+13:00,16.6,-36.800176,174.759964,4,True
esp32_device_001,2025-10-08T11:24:54.477273+13:00,16.6,-36.800127,174.759961,4,True
esp32_device_001,2025-10-08T11:24:54.500000+13:00,16.6,-36.800058,174.759969,4,True
esp32_device_001,2025-10-08T11:24:54.522727+13:00,16.6,-36.800017,174.759982,4,True
esp32_device_001,2025-10-08T11:24:54.545455+13:00,16.6,-36.799973,174.760007,4,True
esp32_device_001,2025-10-08T11:24:54.568182+13:00,16.6,-36.799925,174.760047,4,True
esp32_device_001,2025-10-08T11:24:54.590909+13:00,16.6,-36.799867,174.760187,4,True
esp32_device_001,2025-10-08T11:24:54.613636+13:00,16.6,-36.799799,174.760336,4,True
esp32_device_001,2025-10-08T11:24:54.636364+13:00,16.6,-36.799736,174.760465,4,True
esp32_device_001,2025-10-08T11:24:54.659091+13:00,16.6,-36.799640,174.760653,4,True
esp32_device_001,2025-10-08T11:24:54.681818+13:00,16.6,-36.799427,174.761014,4,True
esp32_device_001,2025-10-08T11:24:54.704545+13:00,16.6,-36.799149,174.761474,4,True
esp32_device_001,2025-10-08T11:24:54.727273+13:00,16.6,-36.799099,174.761555,4,True
esp32_device_001,2025-10-08T11:24:54.750000+13:00,16.6,-36.799059,174.761616,4,True
esp32_device_001,2025-10-08T11:24:54.772727+13:00,16.6,-36.798973,174.761753,4,True
esp32_device_001,2025-10-08T11:24:54.795455+13:00,16.6,-36.798871,174.761921,4,True
esp32_device_001,2025-10-08T11:24:54.818182+13:00,16.6,-36.798793,174.762054,4,True
esp32_device_001,2025-10-08T11:24:54.840909+13:00,16.6,-36.798713,174.762191,4,True
esp32_device_001,2025-10-08T11:24:54.863636+13:00,16.6,-36.798635,174.762319,4,True
esp32_device_001,2025-10-08T11:24:54.886364+13:00,16.6,-36.798546,174.762465,4,True
esp32_device_001,2025-10-08T11:24:54.909091+13:00,16.6,-36.798297,174.762879,4,True
esp32_device_001,2025-10-08T11:24:54.931818+13:00,16.6,-36.798243,174.762972,4,True
esp32_device_001,2025-10-08T11:24:54.954545+13:00,16.6,-36.798040,174.763322,4,True
esp32_device_001,2025-10-08T11:24:54.977273+13:00,16.6,-36.797914,174.763544,4,True
esp32_device_001,2025-10-08T11:24:55+13:00,16.6,-36.797531,174.764206,4,True
esp32_device_001,2025-10-08T11:24:55.022727+13:00,16.6,-36.797420,174.764401,4,True
esp32_device_001,2025-10-08T11:24:55.045455+13:00,16.6,-36.797257,174.764674,4,True
esp32_device_001,2025-10-08T11:24:55.068182+13:00,16.6,-36.797101,174.764808,4,True
esp32_device_001,2025-10-08T11:24:55.090909+13:00,16.6,-36.797003,174.764882,4,True
esp32_device_001,2025-10-08T11:24:55.113636+13:00,16.6,-36.796949,174.764920,4,True
esp32_device_001,2025-10-08T11:24:55.136364+13:00,16.6,-36.796912,174.764937,4,True
esp32_device_001,2025-10-08T11:24:55.159091+13:00,16.6,-36.796879,174.764945,4,True
esp32_device_001,2025-10-08T11:24:55.181818+13:00,16.6,-36.796842,174.764946,4,True
esp32_device_001,2025-10-08T11:24:55.204545+13:00,16.6,-36.796807,174.764934,4,True
esp32_device_001,2025-10-08T11:24:55.227273+13:00,16.6,-36.796746,174.764904,4,True
esp32_device_001,2025-10-08T11:24:55.250000+13:00,16.6,-36.796537,174.764710,4,True
esp32_device_001,2025-10-08T11:24:55.272727+13:00,16.6,-36.796445,174.764625,4,True
esp32_device_001,2025-10-08T11:24:55.295455+13:00,16.6,-36.796060,174.764222,4,True
esp32_device_001,2025-10-08T11:24:55.318182+13:00,16.6,-36.795925,174.764091,4,True
esp32_device_001,2025-10-08T11:24:55.340909+13:00,16.6,-36.795711,174.763903,4,True
esp32_device_001,2025-10-08T11:24:55.363636+13:00,16.6,-36.795683,174.763949,4,True
esp32_device_001,2025-10-08T11:24:55.386364+13:00,16.6,-36.795891,174.764148,4,True
esp32_device_001,2025-10-08T11:24:55.409091+13:00,16.6,-36.796445,174.764701,4,True
esp32_device_001,2025-10-08T11:24:55.431818+13:00,16.6,-36.796642,174.764944,4,True
esp32_device_001,2025-10-08T11:24:55.454545+13:00,16.6,-36.796827,174.765134,4,True
esp32_device_001,2025-10-08T11:24:55.477273+13:00,16.6,-36.796858,174.765165,4,True
esp32_device_001,2025-10-08T11:24:55.500000+13:00,16.6,-36.796921,174.765235,4,True
esp32_device_001,2025-10-08T11:24:55.522727+13:00,16.6,-36.797061,174.765362,4,True
esp32_device_001,2025-10-08T11:24:55.545455+13:00,16.6,-36.797128,174.765252,4,True
esp32_device_001,2025-10-08T11:24:55.568182+13:00,16.6,-36.797467,174.764618,4,True
esp32_device_001,2025-10-08T11:24:55.590909+13:00,16.6,-36.797652,174.764295,4,True
esp32_device_001,2025-10-08T11:24:55.613636+13:00,16.6,-36.797695,174.764221,4,True
esp32_device_001,2025-10-08T11:24:55.636364+13:00,16.6,-36.797809,174.764068,4,True
esp32_device_001,2025-10-08T11:24:55.659091+13:00,16.6,-36.798153,174.763510,4,True
esp32_device_001,2025-10-08T11:24:55.681818+13:00,16.6,-36.798326,174.763223,4,True
esp32_device_001,2025-10-08T11:24:55.704545+13:00,16.6,-36.798685,174.762631,4,True
esp32_device_001,2025-10-08T11:24:55.727273+13:00,16.6,-36.798882,174.762303,4,True
esp32_device_001,2025-10-08T11:24:55.750000+13:00,16.6,-36.798912,174.762251,4,True
esp32_device_001,2025-10-08T11:24:55.772727+13:00,16.6,-36.798993,174.762120,4,True
esp32_device_001,2025-10-08T11:24:55.795455+13:00,16.6,-36.799047,174.762049,4,True
esp32_device_001,2025-10-08T11:24:55.818182+13:00,16.6,-36.799100,174.761988,4,True
esp32_device_001,2025-10-08T11:24:55.840909+13:00,16.6,-36.799164,174.761936,4,True
esp32_device_001,2025-10-08T11:24:55.863636+13:00,16.6,-36.799233,174.761888,4,True
esp32_device_001,2025-10-08T11:24:55.886364+13:00,16.6,-36.799287,174.761862,4,True
esp32_device_001,2025-10-08T11:24:55.909091+13:00,16.6,-36.799336,174.761843,4,True
esp32_device_001,2025-10-08T11:24:55.931818+13:00,16.6,-36.799424,174.761816,4,True
esp32_device_001,2025-10-08T11:24:55.954545+13:00,16.6,-36.799497,174.761811,4,True
esp32_device_001,2025-10-08T11:24:55.977273+13:00,16.6,-36.799565,174.761812,4,True
esp32_device_001,2025-10-08T11:24:56+13:00,16.6,-36.799852,174.761819,4,True
esp32_device_001,2025-10-08T11:24:56.022727+13:00,16.6,-36.800111,174.761818,4,True
esp32_device_001,2025-10-08T11:24:56.045455+13:00,16.6,-36.800430,174.761795,4,True
esp32_device_001,2025-10-08T11:24:56.068182+13:00,16.6,-36.800669,174.761770,4,True
esp32_device_001,2025-10-08T11:24:56.090909+13:00,16.6,-36.801088,174.761693,4,True
esp32_device_001,2025-10-08T11:24:56.113636+13:00,16.6,-36.801587,174.761554,4,True
esp32_device_001,2025-10-08T11:24:56.136364+13:00,16.6,-36.802011,174.761403,4,True
esp32_device_001,2025-10-08T11:24:56.159091+13:00,16.6,-36.802523,174.761099,4,True
esp32_device_001,2025-10-08T11:24:56.181818+13:00,16.6,-36.803404,174.760755,4,True
esp32_device_001,2025-10-08T11:24:56.204545+13:00,16.6,-36.803809,174.760594,4,True
esp32_device_001,2025-10-08T11:24:56.227273+13:00,16.6,-36.804296,174.760356,4,True
esp32_device_001,2025-10-08T11:24:56.250000+13:00,16.6,-36.804416,174.760293,4,True
esp32_device_001,2025-10-08T11:24:56.272727+13:00,16.6,-36.804983,174.759975,4,True
esp32_device_001,2025-10-08T11:24:56.295455+13:00,16.6,-36.805332,174.759751,4,True
esp32_device_001,2025-10-08T11:24:56.318182+13:00,16.6,-36.805595,174.759582,4,True
esp32_device_001,2025-10-08T11:24:56.340909+13:00,16.6,-36.805922,174.759348,4,True
esp32_device_001,2025-10-08T11:24:56.363636+13:00,16.6,-36.806326,174.759048,4,True
esp32_device_001,2025-10-08T11:24:56.386364+13:00,16.6,-36.806980,174.758506,4,True
esp32_device_001,2025-10-08T11:24:56.409091+13:00,16.6,-36.807673,174.757858,4,True
esp32_device_001,2025-10-08T11:24:56.431818+13:00,16.6,-36.809033,174.756585,4,True
esp32_device_001,2025-10-08T11:24:56.454545+13:00,16.6,-36.810418,174.755278,4,True
esp32_device_001,2025-10-08T11:24:56.477273+13:00,16.6,-36.810829,174.755024,4,True
esp32_device_001,2025-10-08T11:24:56.500000+13:00,16.6,-36.811416,174.754553,4,True
esp32_device_001,2025-10-08T11:24:56.522727+13:00,16.6,-36.811692,174.754332,4,True
esp32_device_001,2025-10-08T11:24:56.545455+13:00,16.6,-36.811977,174.754127,4,True
esp32_device_001,2025-10-08T11:24:56.568182+13:00,16.6,-36.812301,174.753940,4,True
esp32_device_001,2025-10-08T11:24:56.590909+13:00,16.6,-36.812486,174.753839,4,True
esp32_device_001,2025-10-08T11:24:56.613636+13:00,16.6,-36.812687,174.753744,4,True
esp32_device_001,2025-10-08T11:24:56.636364+13:00,16.6,-36.812792,174.753694,4,True
esp32_device_001,2025-10-08T11:24:56.659091+13:00,16.6,-36.812866,174.753659,4,True
esp32_device_001,2025-10-08T11:24:56.681818+13:00,16.6,-36.813001,174.753580,4,True
esp32_device_001,2025-10-08T11:24:56.704545+13:00,16.6,-36.813087,174.753525,4,True
esp32_device_001,2025-10-08T11:24:56.727273+13:00,16.6,-36.813133,174.753488,4,True
esp32_device_001,2025-10-08T11:24:56.750000+13:00,16.6,-36.813190,174.753437,4,True
esp32_device_001,2025-10-08T11:24:56.772727+13:00,16.6,-36.813225,174.753401,4,True
esp32_device_001,2025-10-08T11:24:56.795455+13:00,16.6,-36.813291,174.753327,4,True
esp32_device_001,2025-10-08T11:24:56.818182+13:00,16.6,-36.813328,174.753276,4,True
esp32_device_001,2025-10-08T11:24:56.840909+13:00,16.6,-36.813362,174.753224,4,True
esp32_device_001,2025-10-08T11:24:56.863636+13:00,16.6,-36.813405,174.753151,4,True
esp32_device_001,2025-10-08T11:24:56.886364+13:00,16.6,-36.813441,174.753075,4,True
esp32_device_001,2025-10-08T11:24:56.909091+13:00,16.6,-36.813466,174.752997,4,True
esp32_device_001,2025-10-08T11:24:56.931818+13:00,16.6,-36.813491,174.752920,4,True
esp32_device_001,2025-10-08T11:24:56.954545+13:00,16.6,-36.813509,174.752841,4,True
esp32_device_001,2025-10-08T11:24:56.977273+13:00,16.6,-36.813524,174.752759,4,True
esp32_device_001,2025-10-08T11:24:57+13:00,16.6,-36.813534,174.752682,4,True
esp32_device_001,2025-10-08T11:24:57.022727+13:00,16.6,-36.813537,174.752611,4,True
esp32_device_001,2025-10-08T11:24:57.045455+13:00,16.6,-36.813536,174.752547,4,True
esp32_device_001,2025-10-08T11:24:57.068182+13:00,16.6,-36.813533,174.752483,4,True
esp32_device_001,2025-10-08T11:24:57.090909+13:00,16.6,-36.813527,174.752430,4,True
esp32_device_001,2025-10-08T11:24:57.113636+13:00,16.6,-36.813519,174.752369,4,True
esp32_device_001,2025-10-08T11:24:57.136364+13:00,16.6,-36.813510,174.752307,4,True
esp32_device_001,2025-10-08T11:24:57.159091+13:00,16.6,-36.813502,174.752265,4,True
esp32_device_001,2025-10-08T11:24:57.181818+13:00,16.6,-36.813487,174.752206,4,True
esp32_device_001,2025-10-08T11:24:57.204545+13:00,16.6,-36.813469,174.752148,4,True
esp32_device_001,2025-10-08T11:24:57.227273+13:00,16.6,-36.813449,174.752101,4,True
esp32_device_001,2025-10-08T11:24:57.250000+13:00,16.6,-36.813419,174.752037,4,True
esp32_device_001,2025-10-08T11:24:57.272727+13:00,16.6,-36.813389,174.751979,4,True
esp32_device_001,2025-10-08T11:24:57.295455+13:00,16.6,-36.813360,174.751931,4,True
esp32_device_001,2025-10-08T11:24:57.318182+13:00,16.6,-36.813310,174.751858,4,True
esp32_device_001,2025-10-08T11:24:57.340909+13:00,16.6,-36.813262,174.751795,4,True
esp32_device_001,2025-10-08T11:24:57.363636+13:00,16.6,-36.813208,174.751738,4,True
esp32_device_001,2025-10-08T11:24:57.386364+13:00,16.6,-36.813143,174.751675,4,True
esp32_device_001,2025-10-08T11:24:57.409091+13:00,16.6,-36.813077,174.751622,4,True
esp32_device_001,2025-10-08T11:24:57.431818+13:00,16.6,-36.813006,174.751573,4,True
esp32_device_001,2025-10-08T11:24:57.454545+13:00,16.6,-36.812875,174.751496,4,True
esp32_device_001,2025-10-08T11:24:57.477273+13:00,16.6,-36.812773,174.751434,4,True
esp32_device_001,2025-10-08T11:24:57.500000+13:00,16.6,-36.812726,174.751402,4,True
esp32_device_001,2025-10-08T11:24:57.522727+13:00,16.6,-36.812665,174.751359,4,True
esp32_device_001,2025-10-08T11:24:57.545455+13:00,16.6,-36.812604,174.751311,4,True
esp32_device_001,2025-10-08T11:24:57.568182+13:00,16.6,-36.812544,174.751258,4,True
esp32_device_001,2025-10-08T11:24:57.590909+13:00,16.6,-36.812497,174.751207,4,True
esp32_device_001,2025-10-08T11:24:57.613636+13:00,16.6,-36.812466,174.751170,4,True
esp32_device_001,2025-10-08T11:24:57.636364+13:00,16.6,-36.812424,174.751110,4,True
esp32_device_001,2025-10-08T11:24:57.659091+13:00,16.6,-36.812365,174.751006,4,True
esp32_device_001,2025-10-08T11:24:57.681818+13:00,16.6,-36.812318,174.750895,4,True
esp32_device_001,2025-10-08T11:24:57.704545+13:00,16.6,-36.812290,174.750798,4,True
esp32_device_001,2025-10-08T11:24:57.727273+13:00,16.6,-36.812273,174.750697,4,True
esp32_device_001,2025-10-08T11:24:57.750000+13:00,16.6,-36.812233,174.750324,4,True
esp32_device_001,2025-10-08T11:24:57.772727+13:00,16.6,-36.812235,174.750256,4,True
esp32_device_001,2025-10-08T11:24:57.795455+13:00,16.6,-36.812236,174.750156,4,True
esp32_device_001,2025-10-08T11:24:57.818182+13:00,16.6,-36.812239,174.749708,4,True
esp32_device_001,2025-10-08T11:24:57.840909+13:00,16.6,-36.812268,174.748032,4,True
esp32_device_001,2025-10-08T11:24:57.863636+13:00,16.6,-36.812262,174.747884,4,True
esp32_device_001,2025-10-08T11:24:57.886364+13:00,16.6,-36.812236,174.747630,4,True
esp32_device_001,2025-10-08T11:24:57.909091+13:00,16.6,-36.812334,174.747591,4,True
esp32_device_001,2025-10-08T11:24:57.931818+13:00,16.6,-36.812387,174.747563,4,True
esp32_device_001,2025-10-08T11:24:57.954545+13:00,16.6,-36.812351,174.747447,4,True
esp32_device_001,2025-10-08T11:24:57.977273+13:00,16.6,-36.812297,174.747471,4,True
esp32_device_001,2025-10-08T11:24:58+13:00,16.6,-36.812220,174.747504,4,True
esp32_device_001,2025-10-08T11:24:58.022727+13:00,16.6,-36.812227,174.747544,4,True
esp32_device_001,2025-10-08T11:24:58.045455+13:00,16.6,-36.812236,174.747630,4,True
esp32_device_001,2025-10-08T11:24:58.068182+13:00,16.6,-36.812262,174.747884,4,True
esp32_device_001,2025-10-08T11:24:58.090909+13:00,16.6,-36.812268,174.748032,4,True
esp32_device_001,2025-10-08T11:24:58.113636+13:00,16.6,-36.812239,174.749708,4,True
esp32_device_001,2025-10-08T11:24:58.136364+13:00,16.6,-36.812236,174.750156,4,True
esp32_device_001,2025-10-08T11:24:58.159091+13:00,16.6,-36.812235,174.750256,4,True
esp32_device_001,2025-10-08T11:24:58.181818+13:00,16.6,-36.812233,174.750324,4,True
esp32_device_001,2025-10-08T11:24:58.204545+13:00,16.6,-36.812210,174.750514,4,True
esp32_device_001,2025-10-08T11:24:58.227273+13:00,16.6,-36.812199,174.750612,4,True
esp32_device_001,2025-10-08T11:24:58.250000+13:00,16.6,-36.812197,174.750775,4,True
esp32_device_001,2025-10-08T11:24:58.272727+13:00,16.6,-36.812198,174.751007,4,True
esp32_device_001,2025-10-08T11:24:58.295455+13:00,16.6,-36.812195,174.751089,4,True
esp32_device_001,2025-10-08T11:24:58.318182+13:00,16.6,-36.812193,174.751164,4,True
esp32_device_001,2025-10-08T11:24:58.340909+13:00,16.6,-36.812141,174.751437,4,True
esp32_device_001,2025-10-08T11:24:58.363636+13:00,16.6,-36.812115,174.751539,4,True
esp32_device_001,2025-10-08T11:24:58.386364+13:00,16.6,-36.812082,174.751657,4,True
esp32_device_001,2025-10-08T11:24:58.409091+13:00,16.6,-36.811995,174.751917,4,True
esp32_device_001,2025-10-08T11:24:58.431818+13:00,16.6,-36.811783,174.752554,4,True
esp32_device_001,2025-10-08T11:24:58.454545+13:00,16.6,-36.811456,174.753461,4,True
esp32_device_001,2025-10-08T11:24:58.477273+13:00,16.6,-36.811391,174.753636,4,True
esp32_device_001,2025-10-08T11:24:58.500000+13:00,16.6,-36.811349,174.753731,4,True
esp32_device_001,2025-10-08T11:24:58.522727+13:00,16.6,-36.811315,174.753811,4,True
esp32_device_001,2025-10-08T11:24:58.545455+13:00,16.6,-36.811256,174.753914,4,True
esp32_device_001,2025-10-08T11:24:58.568182+13:00,16.6,-36.811186,174.754033,4,True
esp32_device_001,2025-10-08T11:24:58.590909+13:00,16.6,-36.811092,174.754174,4,True
esp32_device_001,2025-10-08T11:24:58.613636+13:00,16.6,-36.810990,174.754312,4,True
esp32_device_001,2025-10-08T11:24:58.636364+13:00,16.6,-36.810847,174.754476,4,True
esp32_device_001,2025-10-08T11:24:58.659091+13:00,16.6,-36.810383,174.754959,4,True
esp32_device_001,2025-10-08T11:24:58.681818+13:00,16.6,-36.810026,174.755493,4,True
esp32_device_001,2025-10-08T11:24:58.704545+13:00,16.6,-36.808052,174.757351,4,True
esp32_device_001,2025-10-08T11:24:58.727273+13:00,16.6,-36.807602,174.757771,4,True
esp32_device_001,2025-10-08T11:24:58.750000+13:00,16.6,-36.807008,174.758320,4,True
esp32_device_001,2025-10-08T11:24:58.772727+13:00,16.6,-36.806422,174.758828,4,True
esp32_device_001,2025-10-08T11:24:58.795455+13:00,16.6,-36.805906,174.759229,4,True
esp32_device_001,2025-10-08T11:24:58.818182+13:00,16.6,-36.805414,174.759569,4,True
esp32_device_001,2025-10-08T11:24:58.840909+13:00,16.6,-36.805016,174.759820,4,True
esp32_device_001,2025-10-08T11:24:58.863636+13:00,16.6,-36.804612,174.760055,4,True
esp32_device_001,2025-10-08T11:24:58.886364+13:00,16.6,-36.804376,174.760176,4,True
esp32_device_001,2025-10-08T11:24:58.909091+13:00,16.6,-36.804257,174.760231,4,True
esp32_device_001,2025-10-08T11:24:58.931818+13:00,16.6,-36.804151,174.760287,4,True
esp32_device_001,2025-10-08T11:24:58.954545+13:00,16.6,-36.803742,174.760475,4,True
esp32_device_001,2025-10-08T11:24:58.977273+13:00,16.6,-36.803369,174.760635,4,True
esp32_device_001,2025-10-08T11:24:59+13:00,16.6,-36.803009,174.760696,4,False
esp32_device_001,2025-10-08T11:25:00.666667+13:00,16.6,-36.802982,174.760788,4,True
esp32_device_001,2025-10-08T11:25:02.333333+13:00,16.6,-36.802368,174.761019,4,True
esp32_device_001,2025-10-08T11:25:04+13:00,16.6,-36.80196,174.761078,4,False
esp32_device_001,2025-10-08T11:25:05+13:00,16.6,-36.801943,174.761169,4,True
esp32_device_001,2025-10-08T11:25:06+13:00,16.6,-36.801690,174.761242,4,True
esp32_device_001,2025-10-08T11:25:07+13:00,16.6,-36.801332,174.761328,4,True
esp32_device_001,2025-10-08T11:25:08+13:00,16.6,-36.801049,174.761364,4,True
esp32_device_001,2025-10-08T11:25:09+13:00,16.6,-36.800945,174.761292,4,False
esp32_device_001,2025-10-08T11:25:10+13:00,16.6,-36.800789,174.761387,4,True
esp32_device_001,2025-10-08T11:25:11+13:00,16.6,-36.800525,174.761396,4,True
esp32_device_001,2025-10-08T11:25:12+13:00,16.6,-36.800263,174.761387,4,True
esp32_device_001,2025-10-08T11:25:13+13:00,16.6,-36.799997,174.761365,4,True
esp32_device_001,2025-10-08T11:25:14+13:00,16.6,-36.799969,174.761276,4,False
esp32_device_001,2025-10-08T11:25:15.250000+13:00,16.6,-36.799637,174.761299,4,True
esp32_device_001,2025-10-08T11:25:16.500000+13:00,16.6,-36.799488,174.761268,4,True
esp32_device_001,2025-10-08T11:25:17.750000+13:00,16.6,-36.799174,174.761180,4,True
esp32_device_001,2025-10-08T11:25:19+13:00,16.6,-36.798981,174.761047,4,False
esp32_device_001,2025-10-08T11:25:19.046729+13:00,16.6,-36.798854,174.761064,4,True
esp32_device_001,2025-10-08T11:25:19.093458+13:00,16.6,-36.798593,174.760950,4,True
esp32_device_001,2025-10-08T11:25:19.140187+13:00,16.6,-36.798341,174.760819,4,True
esp32_device_001,2025-10-08T11:25:19.186916+13:00,16.6,-36.798161,174.760712,4,True
esp32_device_001,2025-10-08T11:25:19.233645+13:00,16.6,-36.797946,174.760573,4,True
esp32_device_001,2025-10-08T11:25:19.280374+13:00,16.6,-36.797784,174.760460,4,True
esp32_device_001,2025-10-08T11:25:19.327103+13:00,16.6,-36.797545,174.760279,4,True
esp32_device_001,2025-10-08T11:25:19.373832+13:00,16.6,-36.797192,174.759966,4,True
esp32_device_001,2025-10-08T11:25:19.420561+13:00,16.6,-36.796833,174.759627,4,True
esp32_device_001,2025-10-08T11:25:19.467290+13:00,16.6,-36.795900,174.758648,4,True
esp32_device_001,2025-10-08T11:25:19.514019+13:00,16.6,-36.795102,174.757864,4,True
esp32_device_001,2025-10-08T11:25:19.560748+13:00,16.6,-36.794539,174.757309,4,True
esp32_device_001,2025-10-08T11:25:19.607477+13:00,16.6,-36.794252,174.757027,4,True
esp32_device_001,2025-10-08T11:25:19.654206+13:00,16.6,-36.794083,174.756869,4,True
esp32_device_001,2025-10-08T11:25:19.700935+13:00,16.6,-36.793265,174.756135,4,True
esp32_device_001,2025-10-08T11:25:19.747664+13:00,16.6,-36.792708,174.755688,4,True
esp32_device_001,2025-10-08T11:25:19.794393+13:00,16.6,-36.792212,174.755342,4,True
esp32_device_001,2025-10-08T11:25:19.841121+13:00,16.6,-36.791867,174.754964,4,True
esp32_device_001,2025-10-08T11:25:19.887850+13:00,16.6,-36.791475,174.754669,4,True
esp32_device_001,2025-10-08T11:25:19.934579+13:00,16.6,-36.790475,174.753949,4,True
esp32_device_001,2025-10-08T11:25:19.981308+13:00,16.6,-36.790191,174.753745,4,True
esp32_device_001,2025-10-08T11:25:20.028037+13:00,16.6,-36.789563,174.753281,4,True
esp32_device_001,2025-10-08T11:25:20.074766+13:00,16.6,-36.789231,174.753012,4,True
esp32_device_001,2025-10-08T11:25:20.121495+13:00,16.6,-36.789059,174.752861,4,True
esp32_device_001,2025-10-08T11:25:20.168224+13:00,16.6,-36.788955,174.752771,4,True
esp32_device_001,2025-10-08T11:25:20.214953+13:00,16.6,-36.788826,174.752637,4,True
esp32_device_001,2025-10-08T11:25:20.261682+13:00,16.6,-36.788674,174.752486,4,True
esp32_device_001,2025-10-08T11:25:20.308411+13:00,16.6,-36.788651,174.752462,4,True
esp32_device_001,2025-10-08T11:25:20.355140+13:00,16.6,-36.788606,174.752416,4,True
esp32_device_001,2025-10-08T11:25:20.401869+13:00,16.6,-36.788501,174.752309,4,True
esp32_device_001,2025-10-08T11:25:20.448598+13:00,16.6,-36.788281,174.752580,4,True
esp32_device_001,2025-10-08T11:25:20.495327+13:00,16.6,-36.787995,174.752948,4,True
esp32_device_001,2025-10-08T11:25:20.542056+13:00,16.6,-36.787948,174.753008,4,True
esp32_device_001,2025-10-08T11:25:20.588785+13:00,16.6,-36.787836,174.753155,4,True
esp32_device_001,2025-10-08T11:25:20.635514+13:00,16.6,-36.787959,174.753227,4,True
esp32_device_001,2025-10-08T11:25:20.682243+13:00,16.6,-36.788045,174.753267,4,True
esp32_device_001,2025-10-08T11:25:20.728972+13:00,16.6,-36.788275,174.753369,4,True
esp32_device_001,2025-10-08T11:25:20.775701+13:00,16.6,-36.788817,174.753623,4,True
esp32_device_001,2025-10-08T11:25:20.822430+13:00,16.6,-36.789178,174.753790,4,True
esp32_device_001,2025-10-08T11:25:20.869159+13:00,16.6,-36.789739,174.754069,4,True
esp32_device_001,2025-10-08T11:25:20.915888+13:00,16.6,-36.790605,174.754528,4,True
esp32_device_001,2025-10-08T11:25:20.962617+13:00,16.6,-36.790997,174.754655,4,True
esp32_device_001,2025-10-08T11:25:21.009346+13:00,16.6,-36.791694,174.755137,4,True
esp32_device_001,2025-10-08T11:25:21.056075+13:00,16.6,-36.792587,174.755804,4,True
esp32_device_001,2025-10-08T11:25:21.102804+13:00,16.6,-36.793179,174.756295,4,True
esp32_device_001,2025-10-08T11:25:21.149533+13:00,16.6,-36.793359,174.756444,4,True
esp32_device_001,2025-10-08T11:25:21.196262+13:00,16.6,-36.794038,174.757061,4,True
esp32_device_001,2025-10-08T11:25:21.242991+13:00,16.6,-36.794150,174.757172,4,True
esp32_device_001,2025-10-08T11:25:21.289720+13:00,16.6,-36.795740,174.758745,4,True
esp32_device_001,2025-10-08T11:25:21.336449+13:00,16.6,-36.796111,174.759253,4,True
esp32_device_001,2025-10-08T11:25:21.383178+13:00,16.6,-36.796449,174.759644,4,True
esp32_device_001,2025-10-08T11:25:21.429907+13:00,16.6,-36.797070,174.760344,4,True
esp32_device_001,2025-10-08T11:25:21.476636+13:00,16.6,-36.797373,174.760660,4,True
esp32_device_001,2025-10-08T11:25:21.523364+13:00,16.6,-36.797649,174.760902,4,True
esp32_device_001,2025-10-08T11:25:21.570093+13:00,16.6,-36.797932,174.761138,4,True
esp32_device_001,2025-10-08T11:25:21.616822+13:00,16.6,-36.798067,174.761224,4,True
esp32_device_001,2025-10-08T11:25:21.663551+13:00,16.6,-36.798274,174.761354,4,True
esp32_device_001,2025-10-08T11:25:21.710280+13:00,16.6,-36.798381,174.761420,4,True
esp32_device_001,2025-10-08T11:25:21.757009+13:00,16.6,-36.798565,174.761532,4,True
esp32_device_001,2025-10-08T11:25:21.803738+13:00,16.6,-36.798843,174.761696,4,True
esp32_device_001,2025-10-08T11:25:21.850467+13:00,16.6,-36.798879,174.761717,4,True
esp32_device_001,2025-10-08T11:25:21.897196+13:00,16.6,-36.798973,174.761753,4,True
esp32_device_001,2025-10-08T11:25:21.943925+13:00,16.6,-36.799019,174.761761,4,True
esp32_device_001,2025-10-08T11:25:21.990654+13:00,16.6,-36.799063,174.761758,4,True
esp32_device_001,2025-10-08T11:25:22.037383+13:00,16.6,-36.799111,174.761747,4,True
esp32_device_001,2025-10-08T11:25:22.084112+13:00,16.6,-36.799204,174.761594,4,True
esp32_device_001,2025-10-08T11:25:22.130841+13:00,16.6,-36.799346,174.761361,4,True
esp32_device_001,2025-10-08T11:25:22.177570+13:00,16.6,-36.799434,174.761232,4,True
esp32_device_001,2025-10-08T11:25:22.224299+13:00,16.6,-36.799568,174.761052,4,True
esp32_device_001,2025-10-08T11:25:22.271028+13:00,16.6,-36.799626,174.760976,4,True
esp32_device_001,2025-10-08T11:25:22.317757+13:00,16.6,-36.800148,174.760398,4,True
esp32_device_001,2025-10-08T11:25:22.364486+13:00,16.6,-36.800197,174.760346,4,True
esp32_device_001,2025-10-08T11:25:22.411215+13:00,16.6,-36.800240,174.760316,4,True
esp32_device_001,2025-10-08T11:25:22.457944+13:00,16.6,-36.800301,174.760288,4,True
esp32_device_001,2025-10-08T11:25:22.504673+13:00,16.6,-36.800364,174.760278,4,True
esp32_device_001,2025-10-08T11:25:22.551402+13:00,16.6,-36.800426,174.760278,4,True
esp32_device_001,2025-10-08T11:25:22.598131+13:00,16.6,-36.800488,174.760289,4,True
esp32_device_001,2025-10-08T11:25:22.644860+13:00,16.6,-36.800549,174.760320,4,True
esp32_device_001,2025-10-08T11:25:22.691589+13:00,16.6,-36.800595,174.760351,4,True
esp32_device_001,2025-10-08T11:25:22.738318+13:00,16.6,-36.800640,174.760392,4,True
esp32_device_001,2025-10-08T11:25:22.785047+13:00,16.6,-36.800685,174.760454,4,True
esp32_device_001,2025-10-08T11:25:22.831776+13:00,16.6,-36.800714,174.760518,4,True
esp32_device_001,2025-10-08T11:25:22.878505+13:00,16.6,-36.800734,174.760574,4,True
esp32_device_001,2025-10-08T11:25:22.925234+13:00,16.6,-36.800749,174.760664,4,True
esp32_device_001,2025-10-08T11:25:22.971963+13:00,16.6,-36.800753,174.760725,4,True
esp32_device_001,2025-10-08T11:25:23.018692+13:00,16.6,-36.800752,174.760786,4,True
esp32_device_001,2025-10-08T11:25:23.065421+13:00,16.6,-36.800735,174.760859,4,True
esp32_device_001,2025-10-08T11:25:23.112150+13:00,16.6,-36.800718,174.760923,4,True
esp32_device_001,2025-10-08T11:25:23.158879+13:00,16.6,-36.800690,174.760984,4,True
esp32_device_001,2025-10-08T11:25:23.205607+13:00,16.6,-36.800659,174.761030,4,True
esp32_device_001,2025-10-08T11:25:23.252336+13:00,16.6,-36.800627,174.761071,4,True
esp32_device_001,2025-10-08T11:25:23.299065+13:00,16.6,-36.800588,174.761102,4,True
esp32_device_001,2025-10-08T11:25:23.345794+13:00,16.6,-36.800549,174.761126,4,True
esp32_device_001,2025-10-08T11:25:23.392523+13:00,16.6,-36.800490,174.761151,4,True
esp32_device_001,2025-10-08T11:25:23.439252+13:00,16.6,-36.800433,174.761170,4,True
esp32_device_001,2025-10-08T11:25:23.485981+13:00,16.6,-36.800320,174.761186,4,True
esp32_device_001,2025-10-08T11:25:23.532710+13:00,16.6,-36.800190,174.761190,4,True
esp32_device_001,2025-10-08T11:25:23.579439+13:00,16.6,-36.800081,174.761195,4,True
esp32_device_001,2025-10-08T11:25:23.626168+13:00,16.6,-36.799959,174.761193,4,True
esp32_device_001,2025-10-08T11:25:23.672897+13:00,16.6,-36.799800,174.761178,4,True
esp32_device_001,2025-10-08T11:25:23.719626+13:00,16.6,-36.799651,174.761154,4,True
esp32_device_001,2025-10-08T11:25:23.766355+13:00,16.6,-36.799450,174.761108,4,True
esp32_device_001,2025-10-08T11:25:23.813084+13:00,16.6,-36.799129,174.761010,4,True
esp32_device_001,2025-10-08T11:25:23.859813+13:00,16.6,-36.798836,174.760907,4,True
esp32_device_001,2025-10-08T11:25:23.906542+13:00,16.6,-36.798591,174.760812,4,True
esp32_device_001,2025-10-08T11:25:23.953271+13:00,16.6,-36.798328,174.760684,4,True
esp32_device_001,2025-10-08T11:25:24+13:00,16.6,-36.798023,174.760559,4,False
esp32_device_001,2025-10-08T11:25:24.039683+13:00,16.6,-36.797887,174.760422,4,True
esp32_device_001,2025-10-08T11:25:24.079365+13:00,16.6,-36.797545,174.760279,4,True
esp32_device_001,2025-10-08T11:25:24.119048+13:00,16.6,-36.797192,174.759966,4,True
esp32_device_001,2025-10-08T11:25:24.158730+13:00,16.6,-36.796833,174.759627,4,True
esp32_device_001,2025-10-08T11:25:24.198413+13:00,16.6,-36.795900,174.758648,4,True
esp32_device_001,2025-10-08T11:25:24.238095+13:00,16.6,-36.795102,174.757864,4,True
esp32_device_001,2025-10-08T11:25:24.277778+13:00,16.6,-36.794539,174.757309,4,True
esp32_device_001,2025-10-08T11:25:24.317460+13:00,16.6,-36.794252,174.757027,4,True
esp32_device_001,2025-10-08T11:25:24.357143+13:00,16.6,-36.794083,174.756869,4,True
esp32_device_001,2025-10-08T11:25:24.396825+13:00,16.6,-36.793265,174.756135,4,True
esp32_device_001,2025-10-08T11:25:24.436508+13:00,16.6,-36.792708,174.755688,4,True
esp32_device_001,2025-10-08T11:25:24.476190+13:00,16.6,-36.792212,174.755342,4,True
esp32_device_001,2025-10-08T11:25:24.515873+13:00,16.6,-36.791867,174.754964,4,True
esp32_device_001,2025-10-08T11:25:24.555556+13:00,16.6,-36.791475,174.754669,4,True
esp32_device_001,2025-10-08T11:25:24.595238+13:00,16.6,-36.790475,174.753949,4,True
esp32_device_001,2025-10-08T11:25:24.634921+13:00,16.6,-36.790191,174.753745,4,True
esp32_device_001,2025-10-08T11:25:24.674603+13:00,16.6,-36.789563,174.753281,4,True
esp32_device_001,2025-10-08T11:25:24.714286+13:00,16.6,-36.789231,174.753012,4,True
esp32_device_001,2025-10-08T11:25:24.753968+13:00,16.6,-36.789059,174.752861,4,True
esp32_device_001,2025-10-08T11:25:24.793651+13:00,16.6,-36.788955,174.752771,4,True
esp32_device_001,2025-10-08T11:25:24.833333+13:00,16.6,-36.788826,174.752637,4,True
esp32_device_001,2025-10-08T11:25:24.873016+13:00,16.6,-36.788674,174.752486,4,True
esp32_device_001,2025-10-08T11:25:24.912698+13:00,16.6,-36.788651,174.752462,4,True
esp32_device_001,2025-10-08T11:25:24.952381+13:00,16.6,-36.788606,174.752416,4,True
esp32_device_001,2025-10-08T11:25:24.992063+13:00,16.6,-36.788501,174.752309,4,True
esp32_device_001,2025-10-08T11:25:25.031746+13:00,16.6,-36.788281,174.752580,4,True
esp32_device_001,2025-10-08T11:25:25.071429+13:00,16.6,-36.787995,174.752948,4,True
esp32_device_001,2025-10-08T11:25:25.111111+13:00,16.6,-36.787948,174.753008,4,True
esp32_device_001,2025-10-08T11:25:25.150794+13:00,16.6,-36.787836,174.753155,4,True
esp32_device_001,2025-10-08T11:25:25.190476+13:00,16.6,-36.787959,174.753227,4,True
esp32_device_001,2025-10-08T11:25:25.230159+13:00,16.6,-36.788045,174.753267,4,True
esp32_device_001,2025-10-08T11:25:25.269841+13:00,16.6,-36.788275,174.753369,4,True
esp32_device_001,2025-10-08T11:25:25.309524+13:00,16.6,-36.788817,174.753623,4,True
esp32_device_001,2025-10-08T11:25:25.349206+13:00,16.6,-36.789178,174.753790,4,True
esp32_device_001,2025-10-08T11:25:25.388889+13:00,16.6,-36.789739,174.754069,4,True
esp32_device_001,2025-10-08T11:25:25.428571+13:00,16.6,-36.790605,174.754528,4,True
esp32_device_001,2025-10-08T11:25:25.468254+13:00,16.6,-36.790997,174.754655,4,True
esp32_device_001,2025-10-08T11:25:25.507937+13:00,16.6,-36.791694,174.755137,4,True
esp32_device_001,2025-10-08T11:25:25.547619+13:00,16.6,-36.792587,174.755804,4,True
esp32_device_001,2025-10-08T11:25:25.587302+13:00,16.6,-36.793179,174.756295,4,True
esp32_device_001,2025-10-08T11:25:25.626984+13:00,16.6,-36.793359,174.756444,4,True
esp32_device_001,2025-10-08T11:25:25.666667+13:00,16.6,-36.794038,174.757061,4,True
esp32_device_001,2025-10-08T11:25:25.706349+13:00,16.6,-36.794150,174.757172,4,True
esp32_device_001,2025-10-08T11:25:25.746032+13:00,16.6,-36.795740,174.758745,4,True
esp32_device_001,2025-10-08T11:25:25.785714+13:00,16.6,-36.796111,174.759253,4,True
esp32_device_001,2025-10-08T11:25:25.825397+13:00,16.6,-36.796449,174.759644,4,True
esp32_device_001,2025-10-08T11:25:25.865079+13:00,16.6,-36.797070,174.760344,4,True
esp32_device_001,2025-10-08T11:25:25.904762+13:00,16.6,-36.797373,174.760660,4,True
esp32_device_001,2025-10-08T11:25:25.944444+13:00,16.6,-36.797649,174.760902,4,True
esp32_device_001,2025-10-08T11:25:25.984127+13:00,16.6,-36.797932,174.761138,4,True
esp32_device_001,2025-10-08T11:25:26.023810+13:00,16.6,-36.798067,174.761224,4,True
esp32_device_001,2025-10-08T11:25:26.063492+13:00,16.6,-36.798274,174.761354,4,True
esp32_device_001,2025-10-08T11:25:26.103175+13:00,16.6,-36.798381,174.761420,4,True
esp32_device_001,2025-10-08T11:25:26.142857+13:00,16.6,-36.798565,174.761532,4,True
esp32_device_001,2025-10-08T11:25:26.182540+13:00,16.6,-36.798843,174.761696,4,True
esp32_device_001,2025-10-08T11:25:26.222222+13:00,16.6,-36.798879,174.761717,4,True
esp32_device_001,2025-10-08T11:25:26.261905+13:00,16.6,-36.798973,174.761753,4,True
esp32_device_001,2025-10-08T11:25:26.301587+13:00,16.6,-36.799019,174.761761,4,True
esp32_device_001,2025-10-08T11:25:26.341270+13:00,16.6,-36.799063,174.761758,4,True
esp32_device_001,2025-10-08T11:25:26.380952+13:00,16.6,-36.799111,174.761747,4,True
esp32_device_001,2025-10-08T11:25:26.420635+13:00,16.6,-36.799204,174.761594,4,True
esp32_device_001,2025-10-08T11:25:26.460317+13:00,16.6,-36.799346,174.761361,4,True
esp32_device_001,2025-10-08T11:25:26.500000+13:00,16.6,-36.799434,174.761232,4,True
esp32_device_001,2025-10-08T11:25:26.539683+13:00,16.6,-36.799568,174.761052,4,True
esp32_device_001,2025-10-08T11:25:26.579365+13:00,16.6,-36.799626,174.760976,4,True
esp32_device_001,2025-10-08T11:25:26.619048+13:00,16.6,-36.799792,174.760730,4,True
esp32_device_001,2025-10-08T11:25:26.658730+13:00,16.6,-36.799899,174.760534,4,True
esp32_device_001,2025-10-08T11:25:26.698413+13:00,16.6,-36.799991,174.760320,4,True
esp32_device_001,2025-10-08T11:25:26.738095+13:00,16.6,-36.800031,174.760218,4,True
esp32_device_001,2025-10-08T11:25:26.777778+13:00,16.6,-36.800084,174.760075,4,True
esp32_device_001,2025-10-08T11:25:26.817460+13:00,16.6,-36.800127,174.759961,4,True
esp32_device_001,2025-10-08T11:25:26.857143+13:00,16.6,-36.800189,174.759712,4,True
esp32_device_001,2025-10-08T11:25:26.896825+13:00,16.6,-36.800216,174.759553,4,True
esp32_device_001,2025-10-08T11:25:26.936508+13:00,16.6,-36.800234,174.759378,4,True
esp32_device_001,2025-10-08T11:25:26.976190+13:00,16.6,-36.800237,174.759201,4,True
esp32_device_001,2025-10-08T11:25:27.015873+13:00,16.6,-36.800217,174.759000,4,True
esp32_device_001,2025-10-08T11:25:27.055556+13:00,16.6,-36.800180,174.758805,4,True
esp32_device_001,2025-10-08T11:25:27.095238+13:00,16.6,-36.800123,174.758614,4,True
esp32_device_001,2025-10-08T11:25:27.134921+13:00,16.6,-36.800050,174.758435,4,True
esp32_device_001,2025-10-08T11:25:27.174603+13:00,16.6,-36.799829,174.757970,4,True
esp32_device_001,2025-10-08T11:25:27.214286+13:00,16.6,-36.799572,174.757522,4,True
esp32_device_001,2025-10-08T11:25:27.253968+13:00,16.6,-36.799480,174.757410,4,True
esp32_device_001,2025-10-08T11:25:27.293651+13:00,16.6,-36.799410,174.757310,4,True
esp32_device_001,2025-10-08T11:25:27.333333+13:00,16.6,-36.799371,174.757273,4,True
esp32_device_001,2025-10-08T11:25:27.373016+13:00,16.6,-36.799313,174.757216,4,True
esp32_device_001,2025-10-08T11:25:27.412698+13:00,16.6,-36.799085,174.756992,4,True
esp32_device_001,2025-10-08T11:25:27.452381+13:00,16.6,-36.799046,174.757054,4,True
esp32_device_001,2025-10-08T11:25:27.492063+13:00,16.6,-36.799182,174.757181,4,True
esp32_device_001,2025-10-08T11:25:27.531746+13:00,16.6,-36.799232,174.757242,4,True
esp32_device_001,2025-10-08T11:25:27.571429+13:00,16.6,-36.799264,174.757281,4,True
esp32_device_001,2025-10-08T11:25:27.611111+13:00,16.6,-36.799297,174.757319,4,True
esp32_device_001,2025-10-08T11:25:27.650794+13:00,16.6,-36.799319,174.757344,4,True
esp32_device_001,2025-10-08T11:25:27.690476+13:00,16.6,-36.799351,174.757380,4,True
esp32_device_001,2025-10-08T11:25:27.730159+13:00,16.6,-36.799436,174.757501,4,True
esp32_device_001,2025-10-08T11:25:27.769841+13:00,16.6,-36.799688,174.757973,4,True
esp32_device_001,2025-10-08T11:25:27.809524+13:00,16.6,-36.799796,174.758230,4,True
esp32_device_001,2025-10-08T11:25:27.849206+13:00,16.6,-36.799905,174.758502,4,True
esp32_device_001,2025-10-08T11:25:27.888889+13:00,16.6,-36.799950,174.758657,4,True
esp32_device_001,2025-10-08T11:25:27.928571+13:00,16.6,-36.799998,174.758875,4,True
esp32_device_001,2025-10-08T11:25:27.968254+13:00,16.6,-36.800028,174.759114,4,True
esp32_device_001,2025-10-08T11:25:28.007937+13:00,16.6,-36.800038,174.759334,4,True
esp32_device_001,2025-10-08T11:25:28.047619+13:00,16.6,-36.800031,174.759471,4,True
esp32_device_001,2025-10-08T11:25:28.087302+13:00,16.6,-36.800012,174.759647,4,True
esp32_device_001,2025-10-08T11:25:28.126984+13:00,16.6,-36.799984,174.759818,4,True
esp32_device_001,2025-10-08T11:25:28.166667+13:00,16.6,-36.799941,174.759997,4,True
esp32_device_001,2025-10-08T11:25:28.206349+13:00,16.6,-36.799925,174.760047,4,True
esp32_device_001,2025-10-08T11:25:28.246032+13:00,16.6,-36.799867,174.760187,4,True
esp32_device_001,2025-10-08T11:25:28.285714+13:00,16.6,-36.799799,174.760336,4,True
esp32_device_001,2025-10-08T11:25:28.325397+13:00,16.6,-36.799631,174.760467,4,True
esp32_device_001,2025-10-08T11:25:28.365079+13:00,16.6,-36.799568,174.760516,4,True
esp32_device_001,2025-10-08T11:25:28.404762+13:00,16.6,-36.799523,174.760550,4,True
esp32_device_001,2025-10-08T11:25:28.444444+13:00,16.6,-36.799458,174.760586,4,True
esp32_device_001,2025-10-08T11:25:28.484127+13:00,16.6,-36.799389,174.760613,4,True
esp32_device_001,2025-10-08T11:25:28.523810+13:00,16.6,-36.799310,174.760633,4,True
esp32_device_001,2025-10-08T11:25:28.563492+13:00,16.6,-36.799223,174.760645,4,True
esp32_device_001,2025-10-08T11:25:28.603175+13:00,16.6,-36.799076,174.760643,4,True
esp32_device_001,2025-10-08T11:25:28.642857+13:00,16.6,-36.798922,174.760631,4,True
esp32_device_001,2025-10-08T11:25:28.682540+13:00,16.6,-36.798731,174.760600,4,True
esp32_device_001,2025-10-08T11:25:28.722222+13:00,16.6,-36.798538,174.760559,4,True
esp32_device_001,2025-10-08T11:25:28.761905+13:00,16.6,-36.798371,174.760506,4,True
esp32_device_001,2025-10-08T11:25:28.801587+13:00,16.6,-36.798186,174.760437,4,True
esp32_device_001,2025-10-08T11:25:28.841270+13:00,16.6,-36.797989,174.760346,4,True
esp32_device_001,2025-10-08T11:25:28.880952+13:00,16.6,-36.797808,174.760244,4,True
esp32_device_001,2025-10-08T11:25:28.920635+13:00,16.6,-36.797460,174.760008,4,True
esp32_device_001,2025-10-08T11:25:28.960317+13:00,16.6,-36.797192,174.759772,4,True
esp32_device_001,2025-10-08T11:25:29+13:00,16.6,-36.797142,174.759827,4,False
esp32_device_001,2025-10-08T11:25:31.500000+13:00,16.6,-36.796833,174.759627,4,True
esp32_device_001,2025-10-08T11:25:34+13:00,16.6,-36.796276,174.759003,4,False
esp32_device_001,2025-10-08T11:25:36.500000+13:00,16.6,-36.795900,174.758648,4,True
esp32_device_001,2025-10-08T11:25:39+13:00,16.6,-36.795406,174.758133,4,False
esp32_device_001,2025-10-08T11:25:40.666667+13:00,16.6,-36.795102,174.757864,4,True
esp32_device_001,2025-10-08T11:25:42.333333+13:00,16.6,-36.794539,174.757309,4,True
esp32_device_001,2025-10-08T11:25:44+13:00,16.6,-36.794529,174.757263,4,False
esp32_device_001,2025-10-08T11:25:45.666667+13:00,16.6,-36.794252,174.757027,4,True
esp32_device_001,2025-10-08T11:25:47.333333+13:00,16.6,-36.794083,174.756869,4,True
esp32_device_001,2025-10-08T11:25:49+13:00,16.6,-36.793671,174.756439,4,False
esp32_device_001,2025-10-08T11:25:51.500000+13:00,16.6,-36.793265,174.756135,4,True
esp32_device_001,2025-10-08T11:25:54+13:00,16.6,-36.792774,174.755692,4,False
esp32_device_001,2025-10-08T11:25:55.666667+13:00,16.6,-36.792708,174.755688,4,True
esp32_device_001,2025-10-08T11:25:57.333333+13:00,16.6,-36.792212,174.755342,4,True
esp32_device_001,2025-10-08T11:25:59+13:00,16.6,-36.791866,174.755005,4,False
esp32_device_001,2025-10-08T11:26:00.666667+13:00,16.6,-36.791867,174.754964,4,True
esp32_device_001,2025-10-08T11:26:02.333333+13:00,16.6,-36.791475,174.754669,4,True
esp32_device_001,2025-10-08T11:26:04+13:00,16.6,-36.790981,174.754379,4,False
esp32_device_001,2025-10-08T11:26:04.049020+13:00,16.6,-36.790475,174.753949,4,True
esp32_device_001,2025-10-08T11:26:04.098039+13:00,16.6,-36.790191,174.753745,4,True
esp32_device_001,2025-10-08T11:26:04.147059+13:00,16.6,-36.789563,174.753281,4,True
esp32_device_001,2025-10-08T11:26:04.196078+13:00,16.6,-36.789231,174.753012,4,True
esp32_device_001,2025-10-08T11:26:04.245098+13:00,16.6,-36.789059,174.752861,4,True
esp32_device_001,2025-10-08T11:26:04.294118+13:00,16.6,-36.788955,174.752771,4,True
esp32_device_001,2025-10-08T11:26:04.343137+13:00,16.6,-36.788826,174.752637,4,True
esp32_device_001,2025-10-08T11:26:04.392157+13:00,16.6,-36.788674,174.752486,4,True
esp32_device_001,2025-10-08T11:26:04.441176+13:00,16.6,-36.788651,174.752462,4,True
esp32_device_001,2025-10-08T11:26:04.490196+13:00,16.6,-36.788606,174.752416,4,True
esp32_device_001,2025-10-08T11:26:04.539216+13:00,16.6,-36.788501,174.752309,4,True
esp32_device_001,2025-10-08T11:26:04.588235+13:00,16.6,-36.788281,174.752580,4,True
esp32_device_001,2025-10-08T11:26:04.637255+13:00,16.6,-36.787995,174.752948,4,True
esp32_device_001,2025-10-08T11:26:04.686275+13:00,16.6,-36.787948,174.753008,4,True
esp32_device_001,2025-10-08T11:26:04.735294+13:00,16.6,-36.787836,174.753155,4,True
esp32_device_001,2025-10-08T11:26:04.784314+13:00,16.6,-36.787959,174.753227,4,True
esp32_device_001,2025-10-08T11:26:04.833333+13:00,16.6,-36.788045,174.753267,4,True
esp32_device_001,2025-10-08T11:26:04.882353+13:00,16.6,-36.788275,174.753369,4,True
esp32_device_001,2025-10-08T11:26:04.931373+13:00,16.6,-36.788817,174.753623,4,True
esp32_device_001,2025-10-08T11:26:04.980392+13:00,16.6,-36.789178,174.753790,4,True
esp32_device_001,2025-10-08T11:26:05.029412+13:00,16.6,-36.789739,174.754069,4,True
esp32_device_001,2025-10-08T11:26:05.078431+13:00,16.6,-36.790605,174.754528,4,True
esp32_device_001,2025-10-08T11:26:05.127451+13:00,16.6,-36.790997,174.754655,4,True
esp32_device_001,2025-10-08T11:26:05.176471+13:00,16.6,-36.791694,174.755137,4,True
esp32_device_001,2025-10-08T11:26:05.225490+13:00,16.6,-36.792587,174.755804,4,True
esp32_device_001,2025-10-08T11:26:05.274510+13:00,16.6,-36.793179,174.756295,4,True
esp32_device_001,2025-10-08T11:26:05.323529+13:00,16.6,-36.793359,174.756444,4,True
esp32_device_001,2025-10-08T11:26:05.372549+13:00,16.6,-36.794038,174.757061,4,True
esp32_device_001,2025-10-08T11:26:05.421569+13:00,16.6,-36.794150,174.757172,4,True
esp32_device_001,2025-10-08T11:26:05.470588+13:00,16.6,-36.795740,174.758745,4,True
esp32_device_001,2025-10-08T11:26:05.519608+13:00,16.6,-36.796111,174.759253,4,True
esp32_device_001,2025-10-08T11:26:05.568627+13:00,16.6,-36.796449,174.759644,4,True
esp32_device_001,2025-10-08T11:26:05.617647+13:00,16.6,-36.797070,174.760344,4,True
esp32_device_001,2025-10-08T11:26:05.666667+13:00,16.6,-36.797373,174.760660,4,True
esp32_device_001,2025-10-08T11:26:05.715686+13:00,16.6,-36.797649,174.760902,4,True
esp32_device_001,2025-10-08T11:26:05.764706+13:00,16.6,-36.797932,174.761138,4,True
esp32_device_001,2025-10-08T11:26:05.813725+13:00,16.6,-36.798067,174.761224,4,True
esp32_device_001,2025-10-08T11:26:05.862745+13:00,16.6,-36.798274,174.761354,4,True
esp32_device_001,2025-10-08T11:26:05.911765+13:00,16.6,-36.798381,174.761420,4,True
esp32_device_001,2025-10-08T11:26:05.960784+13:00,16.6,-36.798565,174.761532,4,True
esp32_device_001,2025-10-08T11:26:06.009804+13:00,16.6,-36.798843,174.761696,4,True
esp32_device_001,2025-10-08T11:26:06.058824+13:00,16.6,-36.798879,174.761717,4,True
esp32_device_001,2025-10-08T11:26:06.107843+13:00,16.6,-36.798973,174.761753,4,True
esp32_device_001,2025-10-08T11:26:06.156863+13:00,16.6,-36.799019,174.761761,4,True
esp32_device_001,2025-10-08T11:26:06.205882+13:00,16.6,-36.799063,174.761758,4,True
esp32_device_001,2025-10-08T11:26:06.254902+13:00,16.6,-36.799111,174.761747,4,True
esp32_device_001,2025-10-08T11:26:06.303922+13:00,16.6,-36.799204,174.761594,4,True
esp32_device_001,2025-10-08T11:26:06.352941+13:00,16.6,-36.799346,174.761361,4,True
esp32_device_001,2025-10-08T11:26:06.401961+13:00,16.6,-36.799434,174.761232,4,True
esp32_device_001,2025-10-08T11:26:06.450980+13:00,16.6,-36.799568,174.761052,4,True
esp32_device_001,2025-10-08T11:26:06.500000+13:00,16.6,-36.799626,174.760976,4,True
esp32_device_001,2025-10-08T11:26:06.549020+13:00,16.6,-36.800148,174.760398,4,True
esp32_device_001,2025-10-08T11:26:06.598039+13:00,16.6,-36.800197,174.760346,4,True
esp32_device_001,2025-10-08T11:26:06.647059+13:00,16.6,-36.800240,174.760316,4,True
esp32_device_001,2025-10-08T11:26:06.696078+13:00,16.6,-36.800301,174.760288,4,True
esp32_device_001,2025-10-08T11:26:06.745098+13:00,16.6,-36.800364,174.760278,4,True
esp32_device_001,2025-10-08T11:26:06.794118+13:00,16.6,-36.800426,174.760278,4,True
esp32_device_001,2025-10-08T11:26:06.843137+13:00,16.6,-36.800488,174.760289,4,True
esp32_device_001,2025-10-08T11:26:06.892157+13:00,16.6,-36.800549,174.760320,4,True
esp32_device_001,2025-10-08T11:26:06.941176+13:00,16.6,-36.800595,174.760351,4,True
esp32_device_001,2025-10-08T11:26:06.990196+13:00,16.6,-36.800640,174.760392,4,True
esp32_device_001,2025-10-08T11:26:07.039216+13:00,16.6,-36.800685,174.760454,4,True
esp32_device_001,2025-10-08T11:26:07.088235+13:00,16.6,-36.800714,174.760518,4,True
esp32_device_001,2025-10-08T11:26:07.137255+13:00,16.6,-36.800734,174.760574,4,True
esp32_device_001,2025-10-08T11:26:07.186275+13:00,16.6,-36.800749,174.760664,4,True
esp32_device_001,2025-10-08T11:26:07.235294+13:00,16.6,-36.800753,174.760725,4,True
esp32_device_001,2025-10-08T11:26:07.284314+13:00,16.6,-36.800752,174.760786,4,True
esp32_device_001,2025-10-08T11:26:07.333333+13:00,16.6,-36.800735,174.760859,4,True
esp32_device_001,2025-10-08T11:26:07.382353+13:00,16.6,-36.800718,174.760923,4,True
esp32_device_001,2025-10-08T11:26:07.431373+13:00,16.6,-36.800690,174.760984,4,True
esp32_device_001,2025-10-08T11:26:07.480392+13:00,16.6,-36.800659,174.761030,4,True
esp32_device_001,2025-10-08T11:26:07.529412+13:00,16.6,-36.800627,174.761071,4,True
esp32_device_001,2025-10-08T11:26:07.578431+13:00,16.6,-36.800588,174.761102,4,True
esp32_device_001,2025-10-08T11:26:07.627451+13:00,16.6,-36.800549,174.761126,4,True
esp32_device_001,2025-10-08T11:26:07.676471+13:00,16.6,-36.800490,174.761151,4,True
esp32_device_001,2025-10-08T11:26:07.725490+13:00,16.6,-36.800433,174.761170,4,True
esp32_device_001,2025-10-08T11:26:07.774510+13:00,16.6,-36.800320,174.761186,4,True
esp32_device_001,2025-10-08T11:26:07.823529+13:00,16.6,-36.800190,174.761190,4,True
esp32_device_001,2025-10-08T11:26:07.872549+13:00,16.6,-36.800081,174.761195,4,True
esp32_device_001,2025-10-08T11:26:07.921569+13:00,16.6,-36.799959,174.761193,4,True
esp32_device_001,2025-10-08T11:26:07.970588+13:00,16.6,-36.799800,174.761178,4,True
esp32_device_001,2025-10-08T11:26:08.019608+13:00,16.6,-36.799651,174.761154,4,True
esp32_device_001,2025-10-08T11:26:08.068627+13:00,16.6,-36.799450,174.761108,4,True
esp32_device_001,2025-10-08T11:26:08.117647+13:00,16.6,-36.799129,174.761010,4,True
esp32_device_001,2025-10-08T11:26:08.166667+13:00,16.6,-36.798836,174.760907,4,True
esp32_device_001,2025-10-08T11:26:08.215686+13:00,16.6,-36.798591,174.760812,4,True
esp32_device_001,2025-10-08T11:26:08.264706+13:00,16.6,-36.798328,174.760684,4,True
esp32_device_001,2025-10-08T11:26:08.313725+13:00,16.6,-36.797887,174.760422,4,True
esp32_device_001,2025-10-08T11:26:08.362745+13:00,16.6,-36.797545,174.760279,4,True
esp32_device_001,2025-10-08T11:26:08.411765+13:00,16.6,-36.797192,174.759966,4,True
esp32_device_001,2025-10-08T11:26:08.460784+13:00,16.6,-36.796833,174.759627,4,True
esp32_device_001,2025-10-08T11:26:08.509804+13:00,16.6,-36.795900,174.758648,4,True
esp32_device_001,2025-10-08T11:26:08.558824+13:00,16.6,-36.795102,174.757864,4,True
esp32_device_001,2025-10-08T11:26:08.607843+13:00,16.6,-36.794539,174.757309,4,True
esp32_device_001,2025-10-08T11:26:08.656863+13:00,16.6,-36.794252,174.757027,4,True
esp32_device_001,2025-10-08T11:26:08.705882+13:00,16.6,-36.794083,174.756869,4,True
esp32_device_001,2025-10-08T11:26:08.754902+13:00,16.6,-36.793265,174.756135,4,True
esp32_device_001,2025-10-08T11:26:08.803922+13:00,16.6,-36.792708,174.755688,4,True
esp32_device_001,2025-10-08T11:26:08.852941+13:00,16.6,-36.792212,174.755342,4,True
esp32_device_001,2025-10-08T11:26:08.901961+13:00,16.6,-36.791349,174.754715,4,True
esp32_device_001,2025-10-08T11:26:08.950980+13:00,16.6,-36.790632,174.754248,4,True
esp32_device_001,2025-10-08T11:26:09+13:00,16.6,-36.790192,174.753891,4,False
esp32_device_001,2025-10-08T11:26:14+13:00,16.6,-36.789474,174.753433,4,False
esp32_device_001,2025-10-08T11:26:19+13:00,16.6,-36.788742,174.752975,4,False
esp32_device_001,2025-10-08T11:26:20.666667+13:00,16.6,-36.788378,174.752839,4,True
esp32_device_001,2025-10-08T11:26:22.333333+13:00,16.6,-36.788116,174.752672,4,True
esp32_device_001,2025-10-08T11:26:24+13:00,16.6,-36.787968,174.752502,4,False
esp32_device_001,2025-10-08T11:26:29+13:00,16.6,-36.787125,174.751984,4,False
esp32_device_001,2025-10-08T11:26:34+13:00,16.6,-36.786263,174.75145,4,False
esp32_device_001,2025-10-08T11:26:34.080645+13:00,16.6,-36.783718,174.749951,4,True
esp32_device_001,2025-10-08T11:26:34.161290+13:00,16.6,-36.780226,174.747766,4,True
esp32_device_001,2025-10-08T11:26:34.241935+13:00,16.6,-36.779675,174.747424,4,True
esp32_device_001,2025-10-08T11:26:34.322581+13:00,16.6,-36.778853,174.746914,4,True
esp32_device_001,2025-10-08T11:26:34.403226+13:00,16.6,-36.778480,174.746681,4,True
esp32_device_001,2025-10-08T11:26:34.483871+13:00,16.6,-36.777992,174.746378,4,True
esp32_device_001,2025-10-08T11:26:34.564516+13:00,16.6,-36.776343,174.745345,4,True
esp32_device_001,2025-10-08T11:26:34.645161+13:00,16.6,-36.775245,174.744659,4,True
esp32_device_001,2025-10-08T11:26:34.725806+13:00,16.6,-36.774729,174.744187,4,True
esp32_device_001,2025-10-08T11:26:34.806452+13:00,16.6,-36.774274,174.743853,4,True
esp32_device_001,2025-10-08T11:26:34.887097+13:00,16.6,-36.773651,174.743405,4,True
esp32_device_001,2025-10-08T11:26:34.967742+13:00,16.6,-36.772940,174.742901,4,True
esp32_device_001,2025-10-08T11:26:35.048387+13:00,16.6,-36.772694,174.742723,4,True
esp32_device_001,2025-10-08T11:26:35.129032+13:00,16.6,-36.772387,174.742491,4,True
esp32_device_001,2025-10-08T11:26:35.209677+13:00,16.6,-36.772295,174.742467,4,True
esp32_device_001,2025-10-08T11:26:35.290323+13:00,16.6,-36.772149,174.742372,4,True
esp32_device_001,2025-10-08T11:26:35.370968+13:00,16.6,-36.772076,174.742321,4,True
esp32_device_001,2025-10-08T11:26:35.451613+13:00,16.6,-36.771967,174.742249,4,True
esp32_device_001,2025-10-08T11:26:35.532258+13:00,16.6,-36.771738,174.742933,4,True
esp32_device_001,2025-10-08T11:26:35.612903+13:00,16.6,-36.771677,174.743145,4,True
esp32_device_001,2025-10-08T11:26:35.693548+13:00,16.6,-36.771767,174.743190,4,True
esp32_device_001,2025-10-08T11:26:35.774194+13:00,16.6,-36.771955,174.743277,4,True
esp32_device_001,2025-10-08T11:26:35.854839+13:00,16.6,-36.772422,174.743483,4,True
esp32_device_001,2025-10-08T11:26:35.935484+13:00,16.6,-36.772941,174.743701,4,True
esp32_device_001,2025-10-08T11:26:36.016129+13:00,16.6,-36.773299,174.743840,4,True
esp32_device_001,2025-10-08T11:26:36.096774+13:00,16.6,-36.773817,174.744059,4,True
esp32_device_001,2025-10-08T11:26:36.177419+13:00,16.6,-36.774240,174.744284,4,True
esp32_device_001,2025-10-08T11:26:36.258065+13:00,16.6,-36.775558,174.745078,4,True
esp32_device_001,2025-10-08T11:26:36.338710+13:00,16.6,-36.776470,174.745617,4,True
esp32_device_001,2025-10-08T11:26:36.419355+13:00,16.6,-36.776783,174.745749,4,True
esp32_device_001,2025-10-08T11:26:36.500000+13:00,16.6,-36.777910,174.746450,4,True
esp32_device_001,2025-10-08T11:26:36.580645+13:00,16.6,-36.779692,174.747566,4,True
esp32_device_001,2025-10-08T11:26:36.661290+13:00,16.6,-36.780233,174.747903,4,True
esp32_device_001,2025-10-08T11:26:36.741935+13:00,16.6,-36.784329,174.750467,4,True
esp32_device_001,2025-10-08T11:26:36.822581+13:00,16.6,-36.784987,174.750878,4,True
esp32_device_001,2025-10-08T11:26:36.903226+13:00,16.6,-36.785341,174.751215,4,True
esp32_device_001,2025-10-08T11:26:36.983871+13:00,16.6,-36.785828,174.751628,4,True
esp32_device_001,2025-10-08T11:26:37.064516+13:00,16.6,-36.786211,174.751923,4,True
esp32_device_001,2025-10-08T11:26:37.145161+13:00,16.6,-36.786523,174.752169,4,True
esp32_device_001,2025-10-08T11:26:37.225806+13:00,16.6,-36.787088,174.752605,4,True
esp32_device_001,2025-10-08T11:26:37.306452+13:00,16.6,-36.787275,174.752753,4,True
esp32_device_001,2025-10-08T11:26:37.387097+13:00,16.6,-36.787694,174.753064,4,True
esp32_device_001,2025-10-08T11:26:37.467742+13:00,16.6,-36.787712,174.753078,4,True
esp32_device_001,2025-10-08T11:26:37.548387+13:00,16.6,-36.787745,174.753097,4,True
esp32_device_001,2025-10-08T11:26:37.629032+13:00,16.6,-36.787836,174.753155,4,True
esp32_device_001,2025-10-08T11:26:37.709677+13:00,16.6,-36.787959,174.753227,4,True
esp32_device_001,2025-10-08T11:26:37.790323+13:00,16.6,-36.788125,174.753029,4,True
esp32_device_001,2025-10-08T11:26:37.870968+13:00,16.6,-36.788411,174.752664,4,True
esp32_device_001,2025-10-08T11:26:37.951613+13:00,16.6,-36.788479,174.752584,4,True
esp32_device_001,2025-10-08T11:26:38.032258+13:00,16.6,-36.788606,174.752416,4,True
esp32_device_001,2025-10-08T11:26:38.112903+13:00,16.6,-36.788501,174.752309,4,True
esp32_device_001,2025-10-08T11:26:38.193548+13:00,16.6,-36.788414,174.752248,4,True
esp32_device_001,2025-10-08T11:26:38.274194+13:00,16.6,-36.788342,174.752210,4,True
esp32_device_001,2025-10-08T11:26:38.354839+13:00,16.6,-36.787993,174.752072,4,True
esp32_device_001,2025-10-08T11:26:38.435484+13:00,16.6,-36.787803,174.751995,4,True
esp32_device_001,2025-10-08T11:26:38.516129+13:00,16.6,-36.787613,174.751918,4,True
esp32_device_001,2025-10-08T11:26:38.596774+13:00,16.6,-36.787307,174.751797,4,True
esp32_device_001,2025-10-08T11:26:38.677419+13:00,16.6,-36.786782,174.751589,4,True
esp32_device_001,2025-10-08T11:26:38.758065+13:00,16.6,-36.786541,174.751485,4,True
esp32_device_001,2025-10-08T11:26:38.838710+13:00,16.6,-36.786287,174.751364,4,True
esp32_device_001,2025-10-08T11:26:38.919355+13:00,16.6,-36.786010,174.751212,4,True
esp32_device_001,2025-10-08T11:26:39+13:00,16.6,-36.785385,174.7509,4,False
esp32_device_001,2025-10-08T11:26:41.500000+13:00,16.6,-36.785386,174.750832,4,True
esp32_device_001,2025-10-08T11:26:44+13:00,16.6,-36.784458,174.750336,4,False
esp32_device_001,2025-10-08T11:26:45.250000+13:00,16.6,-36.784414,174.750255,4,True
esp32_device_001,2025-10-08T11:26:46.500000+13:00,16.6,-36.784056,174.750056,4,True
esp32_device_001,2025-10-08T11:26:47.750000+13:00,16.6,-36.783718,174.749951,4,True
esp32_device_001,2025-10-08T11:26:49+13:00,16.6,-36.783562,174.749771,4,False
esp32_device_001,2025-10-08T11:26:54+13:00,16.6,-36.782642,174.749176,4,False
esp32_device_001,2025-10-08T11:26:59+13:00,16.6,-36.781754,174.748611,4,False
esp32_device_001,2025-10-08T11:27:04+13:00,16.6,-36.780918,174.748093,4,False
esp32_device_001,2025-10-08T11:27:06.500000+13:00,16.6,-36.780226,174.747766,4,True
esp32_device_001,2025-10-08T11:27:09+13:00,16.6,-36.780087,174.747559,4,False
esp32_device_001,2025-10-08T11:27:11.500000+13:00,16.6,-36.779675,174.747424,4,True
esp32_device_001,2025-10-08T11:27:14+13:00,16.6,-36.779251,174.74704,4,False
esp32_device_001,2025-10-08T11:27:15.666667+13:00,16.6,-36.778853,174.746914,4,True
esp32_device_001,2025-10-08T11:27:17.333333+13:00,16.6,-36.778480,174.746681,4,True
esp32_device_001,2025-10-08T11:27:19+13:00,16.6,-36.778404,174.746506,4,False
esp32_device_001,2025-10-08T11:27:21.500000+13:00,16.6,-36.777992,174.746378,4,True
esp32_device_001,2025-10-08T11:27:24+13:00,16.6,-36.777519,174.745956,4,False
esp32_device_001,2025-10-08T11:27:29+13:00,16.6,-36.776596,174.745377,4,False
esp32_device_001,2025-10-08T11:27:31.500000+13:00,16.6,-36.776343,174.745345,4,True
esp32_device_001,2025-10-08T11:27:34+13:00,16.6,-36.775658,174.744797,4,False
esp32_device_001,2025-10-08T11:27:36.500000+13:00,16.6,-36.775245,174.744659,4,True
esp32_device_001,2025-10-08T11:27:39+13:00,16.6,-36.774769,174.744171,4,False
esp32_device_001,2025-10-08T11:27:40.666667+13:00,16.6,-36.774729,174.744187,4,True
esp32_device_001,2025-10-08T11:27:42.333333+13:00,16.6,-36.774274,174.743853,4,True
esp32_device_001,2025-10-08T11:27:44+13:00,16.6,-36.773945,174.743576,4,False
esp32_device_001,2025-10-08T11:27:46.500000+13:00,16.6,-36.773651,174.743405,4,True
esp32_device_001,2025-10-08T11:27:49+13:00,16.6,-36.77319,174.743027,4,False
esp32_device_001,2025-10-08T11:27:50.666667+13:00,16.6,-36.772940,174.742901,4,True
esp32_device_001,2025-10-08T11:27:52.333333+13:00,16.6,-36.772694,174.742723,4,True
esp32_device_001,2025-10-08T11:27:54+13:00,16.6,-36.77256,174.742538,4,False
esp32_device_001,2025-10-08T11:27:55+13:00,16.6,-36.772387,174.742491,4,True
esp32_device_001,2025-10-08T11:27:56+13:00,16.6,-36.772261,174.742341,4,True
esp32_device_001,2025-10-08T11:27:57+13:00,16.6,-36.772221,174.742255,4,True
esp32_device_001,2025-10-08T11:27:58+13:00,16.6,-36.772217,174.742232,4,True
esp32_device_001,2025-10-08T11:27:59+13:00,16.6,-36.772236,174.742188,4,False
esp32_device_001,2025-10-08T11:28:00.250000+13:00,16.6,-36.772205,174.742151,4,True
esp32_device_001,2025-10-08T11:28:01.500000+13:00,16.6,-36.772200,174.742078,4,True
esp32_device_001,2025-10-08T11:28:02.750000+13:00,16.6,-36.772205,174.741994,4,True
esp32_device_001,2025-10-08T11:28:04+13:00,16.6,-36.772346,174.74173,4,False
esp32_device_001,2025-10-08T11:28:05.250000+13:00,16.6,-36.772370,174.741584,4,True
esp32_device_001,2025-10-08T11:28:06.500000+13:00,16.6,-36.772466,174.741447,4,True
esp32_device_001,2025-10-08T11:28:07.750000+13:00,16.6,-36.772501,174.741411,4,True
esp32_device_001,2025-10-08T11:28:09+13:00,16.6,-36.772514,174.741379,4,False
esp32_device_001,2025-10-08T11:28:14+13:00,16.6,-36.772549,174.741272,4,False
esp32_device_001,2025-10-08T11:28:19+13:00,16.6,-36.772564,174.741272,4,False
esp32_device_001,2025-10-08T11:28:29+13:00,31,-36.772522,174.74115,4,False
esp32_device_001,2025-10-08T11:28:34+13:00,31,-36.772682,174.74118,4,False
esp32_device_001,2025-10-08T11:28:34.714286+13:00,31.0,-36.772623,174.741224,4,True
esp32_device_001,2025-10-08T11:28:35.428571+13:00,31.0,-36.772614,174.741218,4,True
esp32_device_001,2025-10-08T11:28:36.142857+13:00,31.0,-36.772602,174.741210,4,True
esp32_device_001,2025-10-08T11:28:36.857143+13:00,31.0,-36.772541,174.741164,4,True
esp32_device_001,2025-10-08T11:28:37.571429+13:00,31.0,-36.772588,174.741067,4,True
esp32_device_001,2025-10-08T11:28:38.285714+13:00,31.0,-36.772684,174.740906,4,True
esp32_device_001,2025-10-08T11:28:39+13:00,31,-36.772987,174.741043,4,False
esp32_device_001,2025-10-08T11:28:39.312500+13:00,31.0,-36.772741,174.740779,4,True
esp32_device_001,2025-10-08T11:28:39.625000+13:00,31.0,-36.772680,174.740859,4,True
esp32_device_001,2025-10-08T11:28:39.937500+13:00,31.0,-36.772572,174.740984,4,True
esp32_device_001,2025-10-08T11:28:40.250000+13:00,31.0,-36.772554,174.741011,4,True
esp32_device_001,2025-10-08T11:28:40.562500+13:00,31.0,-36.772544,174.741025,4,True
esp32_device_001,2025-10-08T11:28:40.875000+13:00,31.0,-36.772481,174.741111,4,True
esp32_device_001,2025-10-08T11:28:41.187500+13:00,31.0,-36.772433,174.741197,4,True
esp32_device_001,2025-10-08T11:28:41.500000+13:00,31.0,-36.772501,174.741252,4,True
esp32_device_001,2025-10-08T11:28:41.812500+13:00,31.0,-36.772551,174.741289,4,True
esp32_device_001,2025-10-08T11:28:42.125000+13:00,31.0,-36.772632,174.741349,4,True
esp32_device_001,2025-10-08T11:28:42.437500+13:00,31.0,-36.772729,174.741413,4,True
esp32_device_001,2025-10-08T11:28:42.750000+13:00,31.0,-36.772798,174.741434,4,True
esp32_device_001,2025-10-08T11:28:43.062500+13:00,31.0,-36.772875,174.741459,4,True
esp32_device_001,2025-10-08T11:28:43.375000+13:00,31.0,-36.773168,174.741656,4,True
esp32_device_001,2025-10-08T11:28:43.687500+13:00,31.0,-36.773210,174.741683,4,True
esp32_device_001,2025-10-08T11:28:44+13:00,31,-36.77335,174.741608,4,False
esp32_device_001,2025-10-08T11:28:45.666667+13:00,31.0,-36.773308,174.741749,4,True
esp32_device_001,2025-10-08T11:28:47.333333+13:00,31.0,-36.773381,174.741799,4,True
esp32_device_001,2025-10-08T11:28:49+13:00,31,-36.773731,174.741974,4,False
esp32_device_001,2025-10-08T11:28:50.666667+13:00,31.0,-36.773808,174.742085,4,True
esp32_device_001,2025-10-08T11:28:52.333333+13:00,31.0,-36.774075,174.742265,4,True
esp32_device_001,2025-10-08T11:28:54+13:00,31,-36.774155,174.742264,4,False
esp32_device_001,2025-10-08T11:28:55.666667+13:00,31.0,-36.774407,174.742487,4,True
esp32_device_001,2025-10-08T11:28:57.333333+13:00,31.0,-36.774469,174.742526,4,True
esp32_device_001,2025-10-08T11:28:59+13:00,31,-36.774574,174.742554,4,False
esp32_device_001,2025-10-08T11:29:01.500000+13:00,31.0,-36.774704,174.742675,4,True
esp32_device_001,2025-10-08T11:29:04+13:00,31,-36.775021,174.742844,4,False
esp32_device_001,2025-10-08T11:29:09+13:00,31,-36.775433,174.743118,4,False
esp32_device_001,2025-10-08T11:29:14+13:00,31,-36.775772,174.743347,4,False
esp32_device_001,2025-10-08T11:29:19+13:00,31,-36.775864,174.743408,4,False
esp32_device_001,2025-10-08T11:29:24+13:00,31,-36.775993,174.7435,4,False
esp32_device_001,2025-10-08T11:29:25.666667+13:00,31.0,-36.776013,174.743493,4,True
esp32_device_001,2025-10-08T11:29:27.333333+13:00,31.0,-36.776088,174.743549,4,True
esp32_device_001,2025-10-08T11:29:29+13:00,31,-36.776264,174.743668,4,False
esp32_device_001,2025-10-08T11:29:42.333333+13:00,31.0,-36.776432,174.743769,4,True
esp32_device_001,2025-10-08T11:29:55.666667+13:00,31.0,-36.776459,174.743786,4,True
esp32_device_001,2025-10-08T11:30:09+13:00,31,-36.776596,174.743866,4,False
esp32_device_001,2025-10-08T11:30:14+13:00,31,-36.776752,174.743958,4,False
esp32_device_001,2025-10-08T11:30:14.714286+13:00,31.0,-36.776785,174.743989,4,True
esp32_device_001,2025-10-08T11:30:15.428571+13:00,31.0,-36.776856,174.744033,4,True
esp32_device_001,2025-10-08T11:30:16.142857+13:00,31.0,-36.776910,174.744067,4,True
esp32_device_001,2025-10-08T11:30:16.857143+13:00,31.0,-36.776934,174.744084,4,True
esp32_device_001,2025-10-08T11:30:17.571429+13:00,31.0,-36.777011,174.744134,4,True
esp32_device_001,2025-10-08T11:30:18.285714+13:00,31.0,-36.777099,174.744045,4,True
esp32_device_001,2025-10-08T11:30:19+13:00,31,-36.777111,174.744034,4,False
esp32_device_001,2025-10-08T11:30:20.250000+13:00,31.0,-36.777181,174.743953,4,True
esp32_device_001,2025-10-08T11:30:21.500000+13:00,31.0,-36.777260,174.743856,4,True
esp32_device_001,2025-10-08T11:30:22.750000+13:00,31.0,-36.777322,174.743776,4,True
esp32_device_001,2025-10-08T11:30:24+13:00,31,-36.777458,174.743622,4,False
esp32_device_001,2025-10-08T11:30:25.666667+13:00,31.0,-36.777600,174.743420,4,True
esp32_device_001,2025-10-08T11:30:27.333333+13:00,31.0,-36.777725,174.743254,4,True
esp32_device_001,2025-10-08T11:30:29+13:00,31,-36.777748,174.743256,4,False
esp32_device_001,2025-10-08T11:30:30.666667+13:00,31.0,-36.777808,174.743150,4,True
esp32_device_001,2025-10-08T11:30:32.333333+13:00,31.0,-36.777945,174.742966,4,True
esp32_device_001,2025-10-08T11:30:34+13:00,31,-36.778046,174.742874,4,False
esp32_device_001,2025-10-08T11:30:35+13:00,31.0,-36.778188,174.742654,4,True
esp32_device_001,2025-10-08T11:30:36+13:00,31.0,-36.778209,174.742627,4,True
esp32_device_001,2025-10-08T11:30:37+13:00,31.0,-36.778298,174.742511,4,True
esp32_device_001,2025-10-08T11:30:38+13:00,31.0,-36.778384,174.742406,4,True
esp32_device_001,2025-10-08T11:30:39+13:00,31,-36.778412,174.742416,4,False
esp32_device_001,2025-10-08T11:30:40+13:00,31.0,-36.778411,174.742374,4,True
esp32_device_001,2025-10-08T11:30:41+13:00,31.0,-36.778520,174.742241,4,True
esp32_device_001,2025-10-08T11:30:42+13:00,31.0,-36.778628,174.742108,4,True
esp32_device_001,2025-10-08T11:30:43+13:00,31.0,-36.778666,174.742062,4,True
esp32_device_001,2025-10-08T11:30:44+13:00,31,-36.778851,174.741852,4,False
esp32_device_001,2025-10-08T11:30:46.500000+13:00,31.0,-36.779136,174.741463,4,True
esp32_device_001,2025-10-08T11:30:49+13:00,31,-36.779327,174.741241,4,False
esp32_device_001,2025-10-08T11:30:50.666667+13:00,31.0,-36.779530,174.740947,4,True
esp32_device_001,2025-10-08T11:30:52.333333+13:00,31.0,-36.779557,174.740912,4,True
esp32_device_001,2025-10-08T11:30:54+13:00,31,-36.779804,174.740631,4,False
esp32_device_001,2025-10-08T11:30:56.500000+13:00,31.0,-36.779942,174.740419,4,True
esp32_device_001,2025-10-08T11:30:59+13:00,31,-36.780224,174.740097,4,False
esp32_device_001,2025-10-08T11:31:01.500000+13:00,31.0,-36.780269,174.740002,4,True
esp32_device_001,2025-10-08T11:31:04+13:00,31,-36.780613,174.739609,4,False
esp32_device_001,2025-10-08T11:31:04.833333+13:00,31.0,-36.780610,174.739566,4,True
esp32_device_001,2025-10-08T11:31:05.666667+13:00,31.0,-36.780707,174.739443,4,True
esp32_device_001,2025-10-08T11:31:06.500000+13:00,31.0,-36.780739,174.739403,4,True
esp32_device_001,2025-10-08T11:31:07.333333+13:00,31.0,-36.780821,174.739296,4,True
esp32_device_001,2025-10-08T11:31:08.166667+13:00,31.0,-36.780845,174.739265,4,True
esp32_device_001,2025-10-08T11:31:09+13:00,31,-36.780972,174.739151,4,False
esp32_device_001,2025-10-08T11:31:11.500000+13:00,31.0,-36.781195,174.738815,4,True
esp32_device_001,2025-10-08T11:31:14+13:00,31,-36.78133,174.738693,4,False
esp32_device_001,2025-10-08T11:31:15.250000+13:00,31.0,-36.781329,174.738645,4,True
esp32_device_001,2025-10-08T11:31:16.500000+13:00,31.0,-36.781532,174.738388,4,True
esp32_device_001,2025-10-08T11:31:17.750000+13:00,31.0,-36.781546,174.738370,4,True
esp32_device_001,2025-10-08T11:31:19+13:00,31,-36.781651,174.738266,4,False
esp32_device_001,2025-10-08T11:31:20.250000+13:00,31.0,-36.781646,174.738243,4,True
esp32_device_001,2025-10-08T11:31:21.500000+13:00,31.0,-36.781736,174.738130,4,True
esp32_device_001,2025-10-08T11:31:22.750000+13:00,31.0,-36.781871,174.737959,4,True
esp32_device_001,2025-10-08T11:31:24+13:00,31,-36.781971,174.737885,4,False
esp32_device_001,2025-10-08T11:31:24.625000+13:00,31.0,-36.782032,174.737751,4,True
esp32_device_001,2025-10-08T11:31:25.250000+13:00,31.0,-36.782150,174.737602,4,True
esp32_device_001,2025-10-08T11:31:25.875000+13:00,31.0,-36.782156,174.737595,4,True
esp32_device_001,2025-10-08T11:31:26.500000+13:00,31.0,-36.782169,174.737578,4,True
esp32_device_001,2025-10-08T11:31:27.125000+13:00,31.0,-36.782202,174.737537,4,True
esp32_device_001,2025-10-08T11:31:27.750000+13:00,31.0,-36.782229,174.737501,4,True
esp32_device_001,2025-10-08T11:31:28.375000+13:00,31.0,-36.782241,174.737486,4,True
esp32_device_001,2025-10-08T11:31:29+13:00,31,-36.782288,174.737488,4,False
esp32_device_001,2025-10-08T11:31:30.666667+13:00,31.0,-36.782363,174.737329,4,True
esp32_device_001,2025-10-08T11:31:32.333333+13:00,31.0,-36.782489,174.737170,4,True
esp32_device_001,2025-10-08T11:31:34+13:00,31,-36.782539,174.737167,4,False
esp32_device_001,2025-10-08T11:31:39+13:00,31,-36.782803,174.737213,4,False
esp32_device_001,2025-10-08T11:31:41.500000+13:00,31.0,-36.783073,174.737487,4,True
esp32_device_001,2025-10-08T11:31:44+13:00,31,-36.783089,174.737549,4,False
esp32_device_001,2025-10-08T11:31:45.666667+13:00,31.0,-36.783131,174.737556,4,True
esp32_device_001,2025-10-08T11:31:47.333333+13:00,31.0,-36.783389,174.737864,4,True
esp32_device_001,2025-10-08T11:31:49+13:00,31,-36.783398,174.737915,4,False
esp32_device_001,2025-10-08T11:31:54+13:00,31,-36.783588,174.738144,4,False
esp32_device_001,2025-10-08T11:32:24+13:00,31,-36.783836,174.738434,4,False
esp32_device_001,2025-10-08T11:32:29+13:00,31,-36.7841,174.738754,4,False
esp32_device_001,2025-10-08T11:32:30.250000+13:00,31.0,-36.784204,174.738837,4,True
esp32_device_001,2025-10-08T11:32:31.500000+13:00,31.0,-36.784304,174.738959,4,True
esp32_device_001,2025-10-08T11:32:32.750000+13:00,31.0,-36.784323,174.738981,4,True
esp32_device_001,2025-10-08T11:32:34+13:00,31,-36.78434,174.739059,4,False
esp32_device_001,2025-10-08T11:32:39+13:00,31,-36.784203,174.739349,4,False
esp32_device_001,2025-10-08T11:32:40.666667+13:00,31.0,-36.784026,174.739649,4,True
esp32_device_001,2025-10-08T11:32:42.333333+13:00,31.0,-36.783996,174.739686,4,True
esp32_device_001,2025-10-08T11:32:44+13:00,31,-36.783951,174.739655,4,False
esp32_device_001,2025-10-08T11:32:49+13:00,31,-36.783764,174.739716,4,False
esp32_device_001,2025-10-08T11:32:54+13:00,31,-36.783623,174.739655,4,False
esp32_device_001,2025-10-08T11:32:59+13:00,31,-36.783485,174.739822,4,False
esp32_device_001,2025-10-08T11:33:04+13:00,31,-36.783329,174.740021,4,False
esp32_device_001,2025-10-08T12:23:51+13:00,34.3,-36.783154,174.740234,5,False
esp32_device_001,2025-10-08T12:23:56+13:00,33.5,-36.783092,174.740326,5,False
esp32_device_001,2025-10-08T12:24:21+13:00,27.1,-36.783199,174.740616,5,False
esp32_device_001,2025-10-08T12:24:26+13:00,26.8,-36.783024,174.74086,5,False
esp32_device_001,2025-10-08T12:24:26.714286+13:00,26.8,-36.782995,174.740836,5,True
esp32_device_001,2025-10-08T12:24:27.428571+13:00,26.8,-36.782200,174.739866,5,True
esp32_device_001,2025-10-08T12:24:28.142857+13:00,26.8,-36.782342,174.739687,5,True
esp32_device_001,2025-10-08T12:24:28.857143+13:00,26.7,-36.783136,174.740639,5,True
esp32_device_001,2025-10-08T12:24:29.571429+13:00,26.7,-36.783187,174.740700,5,True
esp32_device_001,2025-10-08T12:24:30.285714+13:00,26.7,-36.783040,174.740892,5,True
esp32_device_001,2025-10-08T12:24:31+13:00,26.7,-36.782684,174.741302,5,False
esp32_device_001,2025-10-08T12:24:33.500000+13:00,26.1,-36.782508,174.741567,5,True
esp32_device_001,2025-10-08T12:24:36+13:00,25.6,-36.782265,174.741837,5,False
esp32_device_001,2025-10-08T12:24:38.500000+13:00,25.4,-36.781923,174.742304,5,True
esp32_device_001,2025-10-08T12:24:41+13:00,25.2,-36.78186,174.74234,5,False
esp32_device_001,2025-10-08T12:24:46+13:00,24.3,-36.78154,174.742767,5,False
esp32_device_001,2025-10-08T12:24:47.666667+13:00,24.5,-36.781396,174.742973,5,True
esp32_device_001,2025-10-08T12:24:49.333333+13:00,24.7,-36.781322,174.743068,5,True
esp32_device_001,2025-10-08T12:24:51+13:00,24.9,-36.781181,174.743195,5,False
esp32_device_001,2025-10-08T12:24:53.500000+13:00,26.2,-36.781194,174.743234,5,True
esp32_device_001,2025-10-08T12:24:56+13:00,27.6,-36.78083,174.743637,5,False
esp32_device_001,2025-10-08T12:24:57.666667+13:00,27.5,-36.780814,174.743715,5,True
esp32_device_001,2025-10-08T12:24:59.333333+13:00,27.3,-36.780535,174.744068,5,True
esp32_device_001,2025-10-08T12:25:01+13:00,27.2,-36.780491,174.744049,5,False
esp32_device_001,2025-10-08T12:25:01.384615+13:00,27.1,-36.780485,174.744011,5,True
esp32_device_001,2025-10-08T12:25:01.769231+13:00,26.9,-36.780407,174.743922,5,True
esp32_device_001,2025-10-08T12:25:02.153846+13:00,26.8,-36.780315,174.744038,5,True
esp32_device_001,2025-10-08T12:25:02.538462+13:00,26.7,-36.780226,174.743930,5,True
esp32_device_001,2025-10-08T12:25:02.923077+13:00,26.5,-36.780228,174.744021,5,True
esp32_device_001,2025-10-08T12:25:03.307692+13:00,26.4,-36.780353,174.744178,5,True
esp32_device_001,2025-10-08T12:25:03.692308+13:00,26.3,-36.780401,174.744238,5,True
esp32_device_001,2025-10-08T12:25:04.076923+13:00,26.2,-36.780316,174.744346,5,True
esp32_device_001,2025-10-08T12:25:04.461538+13:00,26.0,-36.780268,174.744286,5,True
esp32_device_001,2025-10-08T12:25:04.846154+13:00,25.9,-36.780068,174.744043,5,True
esp32_device_001,2025-10-08T12:25:05.230769+13:00,25.8,-36.779950,174.744213,5,True
esp32_device_001,2025-10-08T12:25:05.615385+13:00,25.6,-36.780140,174.744449,5,True
esp32_device_001,2025-10-08T12:25:06+13:00,25.5,-36.780132,174.744492,5,False
esp32_device_001,2025-10-08T12:25:06.833333+13:00,25.4,-36.780188,174.744508,5,True
esp32_device_001,2025-10-08T12:25:07.666667+13:00,25.2,-36.780143,174.744565,5,True
esp32_device_001,2025-10-08T12:25:08.500000+13:00,25.1,-36.780100,174.744620,5,True
esp32_device_001,2025-10-08T12:25:09.333333+13:00,24.9,-36.780013,174.744731,5,True
esp32_device_001,2025-10-08T12:25:10.166667+13:00,24.8,-36.779808,174.744993,5,True
esp32_device_001,2025-10-08T12:25:11+13:00,24.6,-36.779758,174.744965,5,False
esp32_device_001,2025-10-08T12:25:11.454545+13:00,24.6,-36.779712,174.744893,5,True
esp32_device_001,2025-10-08T12:25:11.909091+13:00,24.6,-36.779671,174.744854,5,True
esp32_device_001,2025-10-08T12:25:12.363636+13:00,24.6,-36.779614,174.744823,5,True
esp32_device_001,2025-10-08T12:25:12.818182+13:00,24.6,-36.779555,174.744797,5,True
esp32_device_001,2025-10-08T12:25:13.272727+13:00,24.6,-36.779619,174.744901,5,True
esp32_device_001,2025-10-08T12:25:13.727273+13:00,24.6,-36.779660,174.744958,5,True
esp32_device_001,2025-10-08T12:25:14.181818+13:00,24.6,-36.779694,174.745005,5,True
esp32_device_001,2025-10-08T12:25:14.636364+13:00,24.6,-36.779741,174.745078,5,True
esp32_device_001,2025-10-08T12:25:15.090909+13:00,24.6,-36.779683,174.745150,5,True
esp32_device_001,2025-10-08T12:25:15.545455+13:00,24.6,-36.779534,174.745341,5,True
esp32_device_001,2025-10-08T12:25:16+13:00,24.6,-36.779404,174.745377,5,False
esp32_device_001,2025-10-08T12:25:16.625000+13:00,24.7,-36.779443,174.745458,5,True
esp32_device_001,2025-10-08T12:25:17.250000+13:00,24.9,-36.779284,174.745515,5,True
esp32_device_001,2025-10-08T12:25:17.875000+13:00,25.0,-36.779228,174.745539,5,True
esp32_device_001,2025-10-08T12:25:18.500000+13:00,25.1,-36.779185,174.745558,5,True
esp32_device_001,2025-10-08T12:25:19.125000+13:00,25.3,-36.779182,174.745559,5,True
esp32_device_001,2025-10-08T12:25:19.750000+13:00,25.4,-36.779162,174.745563,5,True
esp32_device_001,2025-10-08T12:25:20.375000+13:00,25.6,-36.779138,174.745564,5,True
esp32_device_001,2025-10-08T12:25:21+13:00,25.7,-36.779125,174.745529,5,False
esp32_device_001,2025-10-08T12:25:22.666667+13:00,25.7,-36.779094,174.745558,5,True
esp32_device_001,2025-10-08T12:25:24.333333+13:00,25.8,-36.778892,174.745355,5,True
esp32_device_001,2025-10-08T12:25:26+13:00,25.8,-36.778801,174.745285,5,False
esp32_device_001,2025-10-08T12:25:27.250000+13:00,25.6,-36.778736,174.745245,5,True
esp32_device_001,2025-10-08T12:25:28.500000+13:00,25.5,-36.778585,174.745204,5,True
esp32_device_001,2025-10-08T12:25:29.750000+13:00,25.4,-36.778441,174.745115,5,True
esp32_device_001,2025-10-08T12:25:31+13:00,25.2,-36.778332,174.744965,5,False
esp32_device_001,2025-10-08T12:25:33.500000+13:00,25.2,-36.778057,174.744857,5,True
esp32_device_001,2025-10-08T12:25:36+13:00,25.3,-36.777847,174.744644,5,False
esp32_device_001,2025-10-08T12:25:41+13:00,25.8,-36.777538,174.744446,5,False
esp32_device_001,2025-10-08T12:25:46+13:00,26.3,-36.777466,174.7444,5,False
esp32_device_001,2025-10-08T12:25:51+13:00,26.3,-36.777435,174.744385,5,False
esp32_device_001,2025-10-08T12:25:56+13:00,27,-36.777203,174.744232,5,False
esp32_device_001,2025-10-08T12:25:56.500000+13:00,27.0,-36.777173,174.744245,5,True
esp32_device_001,2025-10-08T12:25:57+13:00,27.0,-36.777162,174.744237,5,True
esp32_device_001,2025-10-08T12:25:57.500000+13:00,27.1,-36.777140,174.744222,5,True
esp32_device_001,2025-10-08T12:25:58+13:00,27.1,-36.777112,174.744205,5,True
esp32_device_001,2025-10-08T12:25:58.500000+13:00,27.1,-36.777011,174.744134,5,True
esp32_device_001,2025-10-08T12:25:59+13:00,27.1,-36.776934,174.744084,5,True
esp32_device_001,2025-10-08T12:25:59.500000+13:00,27.1,-36.776910,174.744067,5,True
esp32_device_001,2025-10-08T12:26:00+13:00,27.2,-36.776856,174.744033,5,True
esp32_device_001,2025-10-08T12:26:00.500000+13:00,27.2,-36.776785,174.743989,5,True
esp32_device_001,2025-10-08T12:26:01+13:00,27.2,-36.776787,174.743942,5,False
esp32_device_001,2025-10-08T12:26:02.250000+13:00,27.2,-36.776742,174.743962,5,True
esp32_device_001,2025-10-08T12:26:03.500000+13:00,27.2,-36.776459,174.743786,5,True
esp32_device_001,2025-10-08T12:26:04.750000+13:00,27.2,-36.776432,174.743769,5,True
esp32_device_001,2025-10-08T12:26:06+13:00,27.2,-36.776291,174.743622,5,False
esp32_device_001,2025-10-08T12:26:07.666667+13:00,27.3,-36.776088,174.743549,5,True
esp32_device_001,2025-10-08T12:26:09.333333+13:00,27.5,-36.776013,174.743493,5,True
esp32_device_001,2025-10-08T12:26:11+13:00,27.6,-36.775799,174.743301,5,False
esp32_device_001,2025-10-08T12:26:16+13:00,27.8,-36.77528,174.742966,5,False
esp32_device_001,2025-10-08T12:26:21+13:00,28,-36.774788,174.742645,5,False
esp32_device_001,2025-10-08T12:26:22.250000+13:00,28.0,-36.774704,174.742675,5,True
esp32_device_001,2025-10-08T12:26:23.500000+13:00,28.1,-36.774469,174.742526,5,True
esp32_device_001,2025-10-08T12:26:24.750000+13:00,28.1,-36.774407,174.742487,5,True
esp32_device_001,2025-10-08T12:26:26+13:00,28.1,-36.774372,174.742386,5,False
esp32_device_001,2025-10-08T12:26:28.500000+13:00,28.1,-36.774075,174.742265,5,True
esp32_device_001,2025-10-08T12:26:31+13:00,28.1,-36.773914,174.742081,5,False
esp32_device_001,2025-10-08T12:26:33.500000+13:00,28.2,-36.773808,174.742085,5,True
esp32_device_001,2025-10-08T12:26:36+13:00,28.3,-36.773399,174.741745,5,False
esp32_device_001,2025-10-08T12:26:37+13:00,28.2,-36.773308,174.741749,5,True
esp32_device_001,2025-10-08T12:26:38+13:00,28.1,-36.773210,174.741683,5,True
esp32_device_001,2025-10-08T12:26:39+13:00,28.0,-36.773168,174.741656,5,True
esp32_device_001,2025-10-08T12:26:40+13:00,27.9,-36.772875,174.741459,5,True
esp32_device_001,2025-10-08T12:26:41+13:00,27.8,-36.772907,174.741394,5,False
esp32_device_001,2025-10-08T12:26:41.625000+13:00,27.9,-36.772742,174.741310,5,True
esp32_device_001,2025-10-08T12:26:42.250000+13:00,27.9,-36.772623,174.741224,5,True
esp32_device_001,2025-10-08T12:26:42.875000+13:00,28.0,-36.772614,174.741218,5,True
esp32_device_001,2025-10-08T12:26:43.500000+13:00,28.1,-36.772602,174.741210,5,True
esp32_device_001,2025-10-08T12:26:44.125000+13:00,28.2,-36.772541,174.741164,5,True
esp32_device_001,2025-10-08T12:26:44.750000+13:00,28.2,-36.772481,174.741111,5,True
esp32_device_001,2025-10-08T12:26:45.375000+13:00,28.3,-36.772450,174.741074,5,True
esp32_device_001,2025-10-08T12:26:46+13:00,28.4,-36.772385,174.740982,5,False
esp32_device_001,2025-10-08T12:26:47.666667+13:00,29.4,-36.772351,174.740957,5,True
esp32_device_001,2025-10-08T12:26:49.333333+13:00,30.5,-36.772224,174.740772,5,True
esp32_device_001,2025-10-08T12:26:51+13:00,31.5,-36.771954,174.740387,5,False
esp32_device_001,2025-10-08T12:26:52.250000+13:00,31.9,-36.771909,174.740295,5,True
esp32_device_001,2025-10-08T12:26:53.500000+13:00,32.4,-36.771852,174.740190,5,True
esp32_device_001,2025-10-08T12:26:54.750000+13:00,32.8,-36.771804,174.740074,5,True
esp32_device_001,2025-10-08T12:26:56+13:00,33.3,-36.771652,174.739716,5,False
esp32_device_001,2025-10-08T12:26:57.250000+13:00,33.4,-36.771615,174.739564,5,True
esp32_device_001,2025-10-08T12:26:58.500000+13:00,33.6,-36.771584,174.739481,5,True
esp32_device_001,2025-10-08T12:26:59.750000+13:00,33.8,-36.771535,174.739346,5,True
esp32_device_001,2025-10-08T12:27:01+13:00,33.9,-36.771427,174.739075,5,False
esp32_device_001,2025-10-08T12:27:13.500000+13:00,34.3,-36.771317,174.738740,5,True
esp32_device_001,2025-10-08T12:27:26+13:00,34.7,-36.771253,174.738564,5,True
esp32_device_001,2025-10-08T12:27:38.500000+13:00,35.1,-36.771227,174.738503,5,True
esp32_device_001,2025-10-08T12:27:51+13:00,35.5,-36.771214,174.738495,5,False
esp32_device_001,2025-10-08T12:27:52.250000+13:00,35.7,-36.771181,174.738399,5,True
esp32_device_001,2025-10-08T12:27:53.500000+13:00,35.9,-36.771142,174.738311,5,True
esp32_device_001,2025-10-08T12:27:54.750000+13:00,36.1,-36.770993,174.738060,5,True
esp32_device_001,2025-10-08T12:27:56+13:00,36.3,-36.770935,174.738007,5,False
esp32_device_001,2025-10-08T12:27:57.666667+13:00,37.0,-36.770710,174.737704,5,True
esp32_device_001,2025-10-08T12:27:59.333333+13:00,37.7,-36.770594,174.737571,5,True
esp32_device_001,2025-10-08T12:28:01+13:00,38.4,-36.770542,174.737518,5,False
esp32_device_001,2025-10-08T12:28:01.857143+13:00,38.4,-36.770465,174.737428,5,True
esp32_device_001,2025-10-08T12:28:02.714286+13:00,38.4,-36.770406,174.737360,5,True
esp32_device_001,2025-10-08T12:28:03.571429+13:00,38.4,-36.770341,174.737282,5,True
esp32_device_001,2025-10-08T12:28:04.428571+13:00,38.4,-36.770303,174.737234,5,True
esp32_device_001,2025-10-08T12:28:05.285714+13:00,38.4,-36.770269,174.737191,5,True
esp32_device_001,2025-10-08T12:28:06.142857+13:00,38.4,-36.770185,174.737222,5,True
esp32_device_001,2025-10-08T12:28:07+13:00,38.4,-36.770145,174.737259,5,False
esp32_device_001,2025-10-08T12:28:07.833333+13:00,38.4,-36.770115,174.737252,5,True
esp32_device_001,2025-10-08T12:28:08.666667+13:00,38.4,-36.770044,174.737283,5,True
esp32_device_001,2025-10-08T12:28:09.500000+13:00,38.4,-36.769957,174.737331,5,True
esp32_device_001,2025-10-08T12:28:10.333333+13:00,38.4,-36.769877,174.737408,5,True
esp32_device_001,2025-10-08T12:28:11.166667+13:00,38.4,-36.769838,174.737419,5,True
esp32_device_001,2025-10-08T12:28:12+13:00,38.4,-36.769699,174.737381,5,False
esp32_device_001,2025-10-08T12:28:12.714286+13:00,38.4,-36.769590,174.737493,5,True
esp32_device_001,2025-10-08T12:28:13.428571+13:00,38.4,-36.769527,174.737501,5,True
esp32_device_001,2025-10-08T12:28:14.142857+13:00,38.4,-36.769476,174.737498,5,True
esp32_device_001,2025-10-08T12:28:14.857143+13:00,38.4,-36.769403,174.737478,5,True
esp32_device_001,2025-10-08T12:28:15.571429+13:00,38.4,-36.769345,174.737447,5,True
esp32_device_001,2025-10-08T12:28:16.285714+13:00,38.4,-36.769286,174.737408,5,True
esp32_device_001,2025-10-08T12:28:17+13:00,38.4,-36.769241,174.737259,5,False
esp32_device_001,2025-10-08T12:28:17.312500+13:00,38.4,-36.769008,174.737112,5,True
esp32_device_001,2025-10-08T12:28:17.625000+13:00,38.4,-36.768871,174.736967,5,True
esp32_device_001,2025-10-08T12:28:17.937500+13:00,38.4,-36.768915,174.736894,5,True
esp32_device_001,2025-10-08T12:28:18.250000+13:00,38.4,-36.768950,174.736837,5,True
esp32_device_001,2025-10-08T12:28:18.562500+13:00,38.4,-36.768953,174.736761,5,True
esp32_device_001,2025-10-08T12:28:18.875000+13:00,38.4,-36.768933,174.736620,5,True
esp32_device_001,2025-10-08T12:28:19.187500+13:00,38.4,-36.768927,174.736506,5,True
esp32_device_001,2025-10-08T12:28:19.500000+13:00,38.4,-36.768944,174.735979,5,True
esp32_device_001,2025-10-08T12:28:19.812500+13:00,38.4,-36.768958,174.735952,5,True
esp32_device_001,2025-10-08T12:28:20.125000+13:00,38.4,-36.768999,174.735937,5,True
esp32_device_001,2025-10-08T12:28:20.437500+13:00,38.4,-36.769112,174.735945,5,True
esp32_device_001,2025-10-08T12:28:20.750000+13:00,38.4,-36.769130,174.735979,5,True
esp32_device_001,2025-10-08T12:28:21.062500+13:00,38.4,-36.769185,174.736920,5,True
esp32_device_001,2025-10-08T12:28:21.375000+13:00,38.4,-36.769165,174.736938,5,True
esp32_device_001,2025-10-08T12:28:21.687500+13:00,38.4,-36.769049,174.736943,5,True
esp32_device_001,2025-10-08T12:28:22+13:00,38.4,-36.768997,174.736984,5,False
esp32_device_001,2025-10-08T12:28:27+13:00,38.4,-36.768913,174.736893,5,False
esp32_device_001,2025-10-08T12:28:27.833333+13:00,38.4,-36.768871,174.736967,5,True
esp32_device_001,2025-10-08T12:28:28.666667+13:00,38.4,-36.768816,174.736909,5,True
esp32_device_001,2025-10-08T12:28:29.500000+13:00,38.4,-36.768777,174.736868,5,True
esp32_device_001,2025-10-08T12:28:30.333333+13:00,38.4,-36.768735,174.736815,5,True
esp32_device_001,2025-10-08T12:28:31.166667+13:00,38.4,-36.768703,174.736781,5,True
esp32_device_001,2025-10-08T12:28:32+13:00,38.4,-36.7687,174.736664,5,False
esp32_device_001,2025-10-08T12:28:32.454545+13:00,38.4,-36.768647,174.736718,5,True
esp32_device_001,2025-10-08T12:28:32.909091+13:00,38.4,-36.768533,174.736590,5,True
esp32_device_001,2025-10-08T12:28:33.363636+13:00,38.4,-36.768389,174.736426,5,True
esp32_device_001,2025-10-08T12:28:33.818182+13:00,38.4,-36.768334,174.736370,5,True
esp32_device_001,2025-10-08T12:28:34.272727+13:00,38.4,-36.768273,174.736305,5,True
esp32_device_001,2025-10-08T12:28:34.727273+13:00,38.4,-36.768304,174.736255,5,True
esp32_device_001,2025-10-08T12:28:35.181818+13:00,38.4,-36.768337,174.736202,5,True
esp32_device_001,2025-10-08T12:28:35.636364+13:00,38.4,-36.768402,174.735038,5,True
esp32_device_001,2025-10-08T12:28:36.090909+13:00,38.4,-36.768337,174.736202,5,True
esp32_device_001,2025-10-08T12:28:36.545455+13:00,38.4,-36.768304,174.736255,5,True
esp32_device_001,2025-10-08T12:28:37+13:00,38.4,-36.768314,174.736298,5,False
esp32_device_001,2025-10-08T12:28:38+13:00,38.4,-36.768273,174.736305,5,True
esp32_device_001,2025-10-08T12:28:39+13:00,38.4,-36.767866,174.735886,5,True
esp32_device_001,2025-10-08T12:28:40+13:00,38.4,-36.767841,174.735862,5,True
esp32_device_001,2025-10-08T12:28:41+13:00,38.4,-36.767816,174.735838,5,True
esp32_device_001,2025-10-08T12:28:42+13:00,38.4,-36.767857,174.735809,5,False
esp32_device_001,2025-10-08T12:28:42.500000+13:00,38.4,-36.767838,174.735770,5,True
esp32_device_001,2025-10-08T12:28:43+13:00,38.4,-36.767855,174.735714,5,True
esp32_device_001,2025-10-08T12:28:43.500000+13:00,38.4,-36.767838,174.735770,5,True
esp32_device_001,2025-10-08T12:28:44+13:00,38.4,-36.767816,174.735838,5,True
esp32_device_001,2025-10-08T12:28:44.500000+13:00,38.4,-36.767784,174.735806,5,True
esp32_device_001,2025-10-08T12:28:45+13:00,38.4,-36.767710,174.735727,5,True
esp32_device_001,2025-10-08T12:28:45.500000+13:00,38.4,-36.767692,174.735708,5,True
esp32_device_001,2025-10-08T12:28:46+13:00,38.4,-36.767571,174.735577,5,True
esp32_device_001,2025-10-08T12:28:46.500000+13:00,38.4,-36.767464,174.735463,5,True
esp32_device_001,2025-10-08T12:28:47+13:00,38.4,-36.76738,174.735306,5,False
esp32_device_001,2025-10-08T12:28:48.250000+13:00,38.4,-36.767318,174.735306,5,True
esp32_device_001,2025-10-08T12:28:49.500000+13:00,38.4,-36.767215,174.735202,5,True
esp32_device_001,2025-10-08T12:28:50.750000+13:00,38.4,-36.766986,174.734965,5,True
esp32_device_001,2025-10-08T12:28:52+13:00,38.4,-36.766911,174.734818,5,False
esp32_device_001,2025-10-08T12:28:53.250000+13:00,38.4,-36.766857,174.734829,5,True
esp32_device_001,2025-10-08T12:28:54.500000+13:00,38.4,-36.766751,174.734723,5,True
esp32_device_001,2025-10-08T12:28:55.750000+13:00,38.4,-36.766664,174.734637,5,True
esp32_device_001,2025-10-08T12:28:57+13:00,38.4,-36.76646,174.734329,5,False
esp32_device_001,2025-10-08T12:28:57.833333+13:00,38.4,-36.766390,174.734364,5,True
esp32_device_001,2025-10-08T12:28:58.666667+13:00,38.4,-36.766319,174.734304,5,True
esp32_device_001,2025-10-08T12:28:59.500000+13:00,38.4,-36.766254,174.734248,5,True
esp32_device_001,2025-10-08T12:29:00.333333+13:00,38.4,-36.766116,174.734166,5,True
esp32_device_001,2025-10-08T12:29:01.166667+13:00,38.4,-36.766048,174.734139,5,True
esp32_device_001,2025-10-08T12:29:02+13:00,38.4,-36.76593,174.734024,5,False
esp32_device_001,2025-10-08T12:29:02.625000+13:00,38.4,-36.765869,174.734069,5,True
esp32_device_001,2025-10-08T12:29:03.250000+13:00,38.4,-36.765797,174.734044,5,True
esp32_device_001,2025-10-08T12:29:03.875000+13:00,38.4,-36.765658,174.733997,5,True
esp32_device_001,2025-10-08T12:29:04.500000+13:00,38.4,-36.765467,174.733895,5,True
esp32_device_001,2025-10-08T12:29:05.125000+13:00,38.4,-36.765460,174.733887,5,True
esp32_device_001,2025-10-08T12:29:05.750000+13:00,38.4,-36.765423,174.733859,5,True
esp32_device_001,2025-10-08T12:29:06.375000+13:00,38.4,-36.765373,174.733807,5,True
esp32_device_001,2025-10-08T12:29:07+13:00,38.4,-36.765385,174.733749,5,False
esp32_device_001,2025-10-08T12:29:07.263158+13:00,38.4,-36.765347,174.733776,5,True
esp32_device_001,2025-10-08T12:29:07.526316+13:00,38.4,-36.765256,174.733656,5,True
esp32_device_001,2025-10-08T12:29:07.789474+13:00,38.4,-36.765207,174.733588,5,True
esp32_device_001,2025-10-08T12:29:08.052632+13:00,38.4,-36.765126,174.733485,5,True
esp32_device_001,2025-10-08T12:29:08.315789+13:00,38.4,-36.765105,174.733457,5,True
esp32_device_001,2025-10-08T12:29:08.578947+13:00,38.4,-36.765036,174.733370,5,True
esp32_device_001,2025-10-08T12:29:08.842105+13:00,38.4,-36.765028,174.733363,5,True
esp32_device_001,2025-10-08T12:29:09.105263+13:00,38.4,-36.765058,174.733318,5,True
esp32_device_001,2025-10-08T12:29:09.368421+13:00,38.4,-36.765065,174.733307,5,True
esp32_device_001,2025-10-08T12:29:09.631579+13:00,38.4,-36.765098,174.733256,5,True
esp32_device_001,2025-10-08T12:29:09.894737+13:00,38.4,-36.765175,174.733132,5,True
esp32_device_001,2025-10-08T12:29:10.157895+13:00,38.4,-36.765207,174.733059,5,True
esp32_device_001,2025-10-08T12:29:10.421053+13:00,38.4,-36.765196,174.732938,5,True
esp32_device_001,2025-10-08T12:29:10.684211+13:00,38.4,-36.765207,174.733059,5,True
esp32_device_001,2025-10-08T12:29:10.947368+13:00,38.4,-36.765175,174.733132,5,True
esp32_device_001,2025-10-08T12:29:11.210526+13:00,38.4,-36.765098,174.733256,5,True
esp32_device_001,2025-10-08T12:29:11.473684+13:00,38.4,-36.765065,174.733307,5,True
esp32_device_001,2025-10-08T12:29:11.736842+13:00,38.4,-36.765058,174.733318,5,True
esp32_device_001,2025-10-08T12:29:12+13:00,38.4,-36.765053,174.733353,5,False
esp32_device_001,2025-10-08T12:29:12.277778+13:00,38.4,-36.765028,174.733363,5,True
esp32_device_001,2025-10-08T12:29:12.555556+13:00,38.4,-36.764990,174.733331,5,True
esp32_device_001,2025-10-08T12:29:12.833333+13:00,38.4,-36.764965,174.733311,5,True
esp32_device_001,2025-10-08T12:29:13.111111+13:00,38.4,-36.764909,174.733264,5,True
esp32_device_001,2025-10-08T12:29:13.388889+13:00,38.4,-36.764904,174.733255,5,True
esp32_device_001,2025-10-08T12:29:13.666667+13:00,38.4,-36.764897,174.733244,5,True
esp32_device_001,2025-10-08T12:29:13.944444+13:00,38.4,-36.764889,174.733234,5,True
esp32_device_001,2025-10-08T12:29:14.222222+13:00,38.4,-36.764879,174.733227,5,True
esp32_device_001,2025-10-08T12:29:14.500000+13:00,38.4,-36.764869,174.733221,5,True
esp32_device_001,2025-10-08T12:29:14.777778+13:00,38.4,-36.764857,174.733218,5,True
esp32_device_001,2025-10-08T12:29:15.055556+13:00,38.4,-36.764846,174.733216,5,True
esp32_device_001,2025-10-08T12:29:15.333333+13:00,38.4,-36.764791,174.733192,5,True
esp32_device_001,2025-10-08T12:29:15.611111+13:00,38.4,-36.764713,174.733167,5,True
esp32_device_001,2025-10-08T12:29:15.888889+13:00,38.4,-36.764712,174.733118,5,True
esp32_device_001,2025-10-08T12:29:16.166667+13:00,38.4,-36.764712,174.733097,5,True
esp32_device_001,2025-10-08T12:29:16.444444+13:00,38.4,-36.764718,174.732964,5,True
esp32_device_001,2025-10-08T12:29:16.722222+13:00,38.4,-36.764712,174.733097,5,True
esp32_device_001,2025-10-08T12:29:17+13:00,38.4,-36.764687,174.733124,5,False
esp32_device_001,2025-10-08T12:29:17.625000+13:00,38.4,-36.764713,174.733167,5,True
esp32_device_001,2025-10-08T12:29:18.250000+13:00,38.4,-36.764696,174.733161,5,True
esp32_device_001,2025-10-08T12:29:18.875000+13:00,38.4,-36.764658,174.733149,5,True
esp32_device_001,2025-10-08T12:29:19.500000+13:00,38.4,-36.764635,174.733139,5,True
esp32_device_001,2025-10-08T12:29:20.125000+13:00,38.4,-36.764507,174.733083,5,True
esp32_device_001,2025-10-08T12:29:20.750000+13:00,38.4,-36.764342,174.733033,5,True
esp32_device_001,2025-10-08T12:29:21.375000+13:00,38.4,-36.764220,174.732979,5,True
esp32_device_001,2025-10-08T12:29:22+13:00,38.4,-36.764145,174.73291,5,False
esp32_device_001,2025-10-08T12:29:22.454545+13:00,38.4,-36.764114,174.732932,5,True
esp32_device_001,2025-10-08T12:29:22.909091+13:00,38.4,-36.764068,174.732910,5,True
esp32_device_001,2025-10-08T12:29:23.363636+13:00,38.4,-36.764020,174.732887,5,True
esp32_device_001,2025-10-08T12:29:23.818182+13:00,38.4,-36.763983,174.732868,5,True
esp32_device_001,2025-10-08T12:29:24.272727+13:00,38.4,-36.763906,174.732831,5,True
esp32_device_001,2025-10-08T12:29:24.727273+13:00,38.4,-36.763891,174.732824,5,True
esp32_device_001,2025-10-08T12:29:25.181818+13:00,38.4,-36.763841,174.732800,5,True
esp32_device_001,2025-10-08T12:29:25.636364+13:00,38.4,-36.763777,174.732754,5,True
esp32_device_001,2025-10-08T12:29:26.090909+13:00,38.4,-36.763709,174.732697,5,True
esp32_device_001,2025-10-08T12:29:26.545455+13:00,38.4,-36.763664,174.732639,5,True
esp32_device_001,2025-10-08T12:29:27+13:00,38.4,-36.763672,174.73259,5,False
esp32_device_001,2025-10-08T12:29:27.333333+13:00,38.4,-36.763616,174.732582,5,True
esp32_device_001,2025-10-08T12:29:27.666667+13:00,38.4,-36.763584,174.732537,5,True
esp32_device_001,2025-10-08T12:29:28+13:00,38.4,-36.763529,174.732461,5,True
esp32_device_001,2025-10-08T12:29:28.333333+13:00,38.4,-36.763424,174.732300,5,True
esp32_device_001,2025-10-08T12:29:28.666667+13:00,38.4,-36.763394,174.732263,5,True
esp32_device_001,2025-10-08T12:29:29+13:00,38.4,-36.763315,174.732172,5,True
esp32_device_001,2025-10-08T12:29:29.333333+13:00,38.4,-36.763269,174.732127,5,True
esp32_device_001,2025-10-08T12:29:29.666667+13:00,38.4,-36.763289,174.732068,5,True
esp32_device_001,2025-10-08T12:29:30+13:00,38.4,-36.763338,174.731923,5,True
esp32_device_001,2025-10-08T12:29:30.333333+13:00,38.4,-36.763442,174.731816,5,True
esp32_device_001,2025-10-08T12:29:30.666667+13:00,38.4,-36.763552,174.731721,5,True
esp32_device_001,2025-10-08T12:29:31+13:00,38.4,-36.763442,174.731816,5,True
esp32_device_001,2025-10-08T12:29:31.333333+13:00,38.4,-36.763338,174.731923,5,True
esp32_device_001,2025-10-08T12:29:31.666667+13:00,38.4,-36.763289,174.732068,5,True
esp32_device_001,2025-10-08T12:29:32+13:00,38.4,-36.763283,174.732101,5,False
esp32_device_001,2025-10-08T12:29:32.227273+13:00,38.4,-36.763269,174.732127,5,True
esp32_device_001,2025-10-08T12:29:32.454545+13:00,38.4,-36.763200,174.732071,5,True
esp32_device_001,2025-10-08T12:29:32.681818+13:00,38.4,-36.763162,174.732044,5,True
esp32_device_001,2025-10-08T12:29:32.909091+13:00,38.4,-36.763047,174.731976,5,True
esp32_device_001,2025-10-08T12:29:33.136364+13:00,38.4,-36.763004,174.731948,5,True
esp32_device_001,2025-10-08T12:29:33.363636+13:00,38.4,-36.762911,174.731884,5,True
esp32_device_001,2025-10-08T12:29:33.590909+13:00,38.4,-36.762834,174.731832,5,True
esp32_device_001,2025-10-08T12:29:33.818182+13:00,38.4,-36.762772,174.731777,5,True
esp32_device_001,2025-10-08T12:29:34.045455+13:00,38.4,-36.762794,174.731721,5,True
esp32_device_001,2025-10-08T12:29:34.272727+13:00,38.4,-36.762801,174.731705,5,True
esp32_device_001,2025-10-08T12:29:34.500000+13:00,38.4,-36.762855,174.731652,5,True
esp32_device_001,2025-10-08T12:29:34.727273+13:00,38.4,-36.762951,174.731536,5,True
esp32_device_001,2025-10-08T12:29:34.954545+13:00,38.4,-36.763043,174.731423,5,True
esp32_device_001,2025-10-08T12:29:35.181818+13:00,38.4,-36.763090,174.731310,5,True
esp32_device_001,2025-10-08T12:29:35.409091+13:00,38.4,-36.763102,174.731220,5,True
esp32_device_001,2025-10-08T12:29:35.636364+13:00,38.4,-36.763090,174.731310,5,True
esp32_device_001,2025-10-08T12:29:35.863636+13:00,38.4,-36.763043,174.731423,5,True
esp32_device_001,2025-10-08T12:29:36.090909+13:00,38.4,-36.762951,174.731536,5,True
esp32_device_001,2025-10-08T12:29:36.318182+13:00,38.4,-36.762855,174.731652,5,True
esp32_device_001,2025-10-08T12:29:36.545455+13:00,38.4,-36.762801,174.731705,5,True
esp32_device_001,2025-10-08T12:29:36.772727+13:00,38.4,-36.762794,174.731721,5,True
esp32_device_001,2025-10-08T12:29:37+13:00,38.4,-36.762791,174.73175,5,False
esp32_device_001,2025-10-08T12:29:37.625000+13:00,38.4,-36.762772,174.731777,5,True
esp32_device_001,2025-10-08T12:29:38.250000+13:00,38.4,-36.762730,174.731740,5,True
esp32_device_001,2025-10-08T12:29:38.875000+13:00,38.4,-36.762668,174.731686,5,True
esp32_device_001,2025-10-08T12:29:39.500000+13:00,38.4,-36.762628,174.731623,5,True
esp32_device_001,2025-10-08T12:29:40.125000+13:00,38.4,-36.762579,174.731500,5,True
esp32_device_001,2025-10-08T12:29:40.750000+13:00,38.4,-36.762563,174.731460,5,True
esp32_device_001,2025-10-08T12:29:41.375000+13:00,38.4,-36.762528,174.731318,5,True
esp32_device_001,2025-10-08T12:29:42+13:00,38.4,-36.762547,174.731186,5,False
esp32_device_001,2025-10-08T12:29:42.714286+13:00,38.4,-36.762514,174.731077,5,True
esp32_device_001,2025-10-08T12:29:43.428571+13:00,38.4,-36.762513,174.731062,5,True
esp32_device_001,2025-10-08T12:29:44.142857+13:00,38.4,-36.762512,174.731036,5,True
esp32_device_001,2025-10-08T12:29:44.857143+13:00,38.4,-36.762503,174.730822,5,True
esp32_device_001,2025-10-08T12:29:45.571429+13:00,38.4,-36.762491,174.730563,5,True
esp32_device_001,2025-10-08T12:29:46.285714+13:00,38.4,-36.762488,174.730462,5,True
esp32_device_001,2025-10-08T12:29:47+13:00,38.4,-36.762516,174.730484,5,False
esp32_device_001,2025-10-08T12:29:47.185185+13:00,38.4,-36.762552,174.730458,5,True
esp32_device_001,2025-10-08T12:29:47.370370+13:00,38.4,-36.762638,174.730452,5,True
esp32_device_001,2025-10-08T12:29:47.555556+13:00,38.4,-36.762727,174.730478,5,True
esp32_device_001,2025-10-08T12:29:47.740741+13:00,38.4,-36.762638,174.730452,5,True
esp32_device_001,2025-10-08T12:29:47.925926+13:00,38.4,-36.762552,174.730458,5,True
esp32_device_001,2025-10-08T12:29:48.111111+13:00,38.4,-36.762488,174.730462,5,True
esp32_device_001,2025-10-08T12:29:48.296296+13:00,38.4,-36.762487,174.730423,5,True
esp32_device_001,2025-10-08T12:29:48.481481+13:00,38.4,-36.762486,174.730371,5,True
esp32_device_001,2025-10-08T12:29:48.666667+13:00,38.4,-36.762484,174.730307,5,True
esp32_device_001,2025-10-08T12:29:48.851852+13:00,38.4,-36.762480,174.730156,5,True
esp32_device_001,2025-10-08T12:29:49.037037+13:00,38.4,-36.762476,174.730001,5,True
esp32_device_001,2025-10-08T12:29:49.222222+13:00,38.4,-36.762473,174.729905,5,True
esp32_device_001,2025-10-08T12:29:49.407407+13:00,38.4,-36.762472,174.729870,5,True
esp32_device_001,2025-10-08T12:29:49.592593+13:00,38.4,-36.762472,174.729847,5,True
esp32_device_001,2025-10-08T12:29:49.777778+13:00,38.4,-36.762469,174.729747,5,True
esp32_device_001,2025-10-08T12:29:49.962963+13:00,38.4,-36.762468,174.729711,5,True
esp32_device_001,2025-10-08T12:29:50.148148+13:00,38.4,-36.762467,174.729661,5,True
esp32_device_001,2025-10-08T12:29:50.333333+13:00,38.4,-36.762527,174.729665,5,True
esp32_device_001,2025-10-08T12:29:50.518519+13:00,38.4,-36.762912,174.729690,5,True
esp32_device_001,2025-10-08T12:29:50.703704+13:00,38.4,-36.763032,174.729687,5,True
esp32_device_001,2025-10-08T12:29:50.888889+13:00,38.4,-36.763214,174.729698,5,True
esp32_device_001,2025-10-08T12:29:51.074074+13:00,38.4,-36.763339,174.729675,5,True
esp32_device_001,2025-10-08T12:29:51.259259+13:00,38.4,-36.763214,174.729698,5,True
esp32_device_001,2025-10-08T12:29:51.444444+13:00,38.4,-36.763032,174.729687,5,True
esp32_device_001,2025-10-08T12:29:51.629630+13:00,38.4,-36.762912,174.729690,5,True
esp32_device_001,2025-10-08T12:29:51.814815+13:00,38.4,-36.762527,174.729665,5,True
esp32_device_001,2025-10-08T12:29:52+13:00,38.4,-36.762493,174.729691,5,False
esp32_device_001,2025-10-08T12:29:52.454545+13:00,38.4,-36.762467,174.729661,5,True
esp32_device_001,2025-10-08T12:29:52.909091+13:00,38.4,-36.762466,174.729629,5,True
esp32_device_001,2025-10-08T12:29:53.363636+13:00,38.4,-36.762459,174.729362,5,True
esp32_device_001,2025-10-08T12:29:53.818182+13:00,38.4,-36.762457,174.729281,5,True
esp32_device_001,2025-10-08T12:29:54.272727+13:00,38.4,-36.762455,174.729228,5,True
esp32_device_001,2025-10-08T12:29:54.727273+13:00,38.4,-36.762454,174.729172,5,True
esp32_device_001,2025-10-08T12:29:55.181818+13:00,38.4,-36.762452,174.729101,5,True
esp32_device_001,2025-10-08T12:29:55.636364+13:00,38.4,-36.762449,174.728992,5,True
esp32_device_001,2025-10-08T12:29:56.090909+13:00,38.4,-36.762448,174.728945,5,True
esp32_device_001,2025-10-08T12:29:56.545455+13:00,38.4,-36.762447,174.728915,5,True
esp32_device_001,2025-10-08T12:29:57+13:00,38.4,-36.762463,174.728882,5,False
esp32_device_001,2025-10-08T12:29:57.500000+13:00,38.4,-36.762445,174.728847,5,True
esp32_device_001,2025-10-08T12:29:58+13:00,38.4,-36.762442,174.728753,5,True
esp32_device_001,2025-10-08T12:29:58.500000+13:00,38.4,-36.762437,174.728560,5,True
esp32_device_001,2025-10-08T12:29:59+13:00,38.4,-36.762436,174.728531,5,True
esp32_device_001,2025-10-08T12:29:59.500000+13:00,38.4,-36.762435,174.728506,5,True
esp32_device_001,2025-10-08T12:30:00+13:00,38.4,-36.762433,174.728421,5,True
esp32_device_001,2025-10-08T12:30:00.500000+13:00,38.4,-36.762432,174.728385,5,True
esp32_device_001,2025-10-08T12:30:01+13:00,38.4,-36.762428,174.728273,5,True
esp32_device_001,2025-10-08T12:30:01.500000+13:00,38.4,-36.762425,174.728157,5,True
esp32_device_001,2025-10-08T12:30:02+13:00,38.4,-36.762436,174.728058,5,False
esp32_device_001,2025-10-08T12:30:02.555556+13:00,38.4,-36.762418,174.727923,5,True
esp32_device_001,2025-10-08T12:30:03.111111+13:00,38.4,-36.762417,174.727860,5,True
esp32_device_001,2025-10-08T12:30:03.666667+13:00,38.4,-36.762416,174.727839,5,True
esp32_device_001,2025-10-08T12:30:04.222222+13:00,38.4,-36.762410,174.727642,5,True
esp32_device_001,2025-10-08T12:30:04.777778+13:00,38.4,-36.762406,174.727528,5,True
esp32_device_001,2025-10-08T12:30:05.333333+13:00,38.4,-36.762404,174.727475,5,True
esp32_device_001,2025-10-08T12:30:05.888889+13:00,38.4,-36.762404,174.727443,5,True
esp32_device_001,2025-10-08T12:30:06.444444+13:00,38.4,-36.762403,174.727404,5,True
esp32_device_001,2025-10-08T12:30:07+13:00,38.4,-36.762405,174.727234,5,False
esp32_device_001,2025-10-08T12:30:07.555556+13:00,38.4,-36.762387,174.727165,5,True
esp32_device_001,2025-10-08T12:30:08.111111+13:00,38.4,-36.762384,174.727133,5,True
esp32_device_001,2025-10-08T12:30:08.666667+13:00,38.4,-36.762369,174.727011,5,True
esp32_device_001,2025-10-08T12:30:09.222222+13:00,38.4,-36.762359,174.726926,5,True
esp32_device_001,2025-10-08T12:30:09.777778+13:00,38.4,-36.762332,174.726811,5,True
esp32_device_001,2025-10-08T12:30:10.333333+13:00,38.4,-36.762289,174.726634,5,True
esp32_device_001,2025-10-08T12:30:10.888889+13:00,38.4,-36.762275,174.726580,5,True
esp32_device_001,2025-10-08T12:30:11.444444+13:00,38.4,-36.762259,174.726510,5,True
esp32_device_001,2025-10-08T12:30:12+13:00,38.4,-36.762276,174.72644,5,False
esp32_device_001,2025-10-08T12:30:12.625000+13:00,38.4,-36.762231,174.726395,5,True
esp32_device_001,2025-10-08T12:30:13.250000+13:00,38.4,-36.762192,174.726230,5,True
esp32_device_001,2025-10-08T12:30:13.875000+13:00,38.4,-36.762181,174.726185,5,True
esp32_device_001,2025-10-08T12:30:14.500000+13:00,38.4,-36.762150,174.726053,5,True
esp32_device_001,2025-10-08T12:30:15.125000+13:00,38.4,-36.762137,174.726000,5,True
esp32_device_001,2025-10-08T12:30:15.750000+13:00,38.4,-36.762111,174.725907,5,True
esp32_device_001,2025-10-08T12:30:16.375000+13:00,38.4,-36.762079,174.725789,5,True
esp32_device_001,2025-10-08T12:30:17+13:00,38.4,-36.762066,174.725647,5,False
esp32_device_001,2025-10-08T12:30:17.555556+13:00,38.4,-36.762032,174.725618,5,True
esp32_device_001,2025-10-08T12:30:18.111111+13:00,38.4,-36.761992,174.725470,5,True
esp32_device_001,2025-10-08T12:30:18.666667+13:00,38.4,-36.761977,174.725413,5,True
esp32_device_001,2025-10-08T12:30:19.222222+13:00,38.4,-36.761925,174.725218,5,True
esp32_device_001,2025-10-08T12:30:19.777778+13:00,38.4,-36.761915,174.725183,5,True
esp32_device_001,2025-10-08T12:30:20.333333+13:00,38.4,-36.761912,174.725170,5,True
esp32_device_001,2025-10-08T12:30:20.888889+13:00,38.4,-36.761874,174.725029,5,True
esp32_device_001,2025-10-08T12:30:21.444444+13:00,38.4,-36.761842,174.724909,5,True
esp32_device_001,2025-10-08T12:30:22+13:00,38.4,-36.76186,174.724899,5,False
esp32_device_001,2025-10-08T12:30:22.357143+13:00,38.4,-36.761905,174.724904,5,True
esp32_device_001,2025-10-08T12:30:22.714286+13:00,38.4,-36.761998,174.724898,5,True
esp32_device_001,2025-10-08T12:30:23.071429+13:00,38.4,-36.762146,174.724928,5,True
esp32_device_001,2025-10-08T12:30:23.428571+13:00,38.4,-36.761998,174.724898,5,True
esp32_device_001,2025-10-08T12:30:23.785714+13:00,38.4,-36.761905,174.724904,5,True
esp32_device_001,2025-10-08T12:30:24.142857+13:00,38.4,-36.761842,174.724909,5,True
esp32_device_001,2025-10-08T12:30:24.500000+13:00,38.4,-36.761827,174.724851,5,True
esp32_device_001,2025-10-08T12:30:24.857143+13:00,38.4,-36.761750,174.724539,5,True
esp32_device_001,2025-10-08T12:30:25.214286+13:00,38.4,-36.761736,174.724485,5,True
esp32_device_001,2025-10-08T12:30:25.571429+13:00,38.4,-36.761726,174.724445,5,True
esp32_device_001,2025-10-08T12:30:25.928571+13:00,38.4,-36.761709,174.724377,5,True
esp32_device_001,2025-10-08T12:30:26.285714+13:00,38.4,-36.761692,174.724317,5,True
esp32_device_001,2025-10-08T12:30:26.642857+13:00,38.4,-36.761672,174.724241,5,True
esp32_device_001,2025-10-08T12:30:27+13:00,38.4,-36.761677,174.724182,5,False
esp32_device_001,2025-10-08T12:30:28+13:00,38.4,-36.761655,174.724178,5,True
esp32_device_001,2025-10-08T12:30:29+13:00,38.4,-36.761604,174.723969,5,True
esp32_device_001,2025-10-08T12:30:30+13:00,38.4,-36.761579,174.723885,5,True
esp32_device_001,2025-10-08T12:30:31+13:00,38.4,-36.761555,174.723714,5,True
esp32_device_001,2025-10-08T12:30:32+13:00,38.4,-36.761562,174.723648,5,False
esp32_device_001,2025-10-08T12:30:32.357143+13:00,38.4,-36.761538,174.723585,5,True
esp32_device_001,2025-10-08T12:30:32.714286+13:00,38.4,-36.761526,174.723507,5,True
esp32_device_001,2025-10-08T12:30:33.071429+13:00,38.4,-36.761529,174.723497,5,True
esp32_device_001,2025-10-08T12:30:33.428571+13:00,38.4,-36.761534,174.723477,5,True
esp32_device_001,2025-10-08T12:30:33.785714+13:00,38.4,-36.761535,174.723457,5,True
esp32_device_001,2025-10-08T12:30:34.142857+13:00,38.4,-36.761534,174.723436,5,True
esp32_device_001,2025-10-08T12:30:34.500000+13:00,38.4,-36.761530,174.723416,5,True
esp32_device_001,2025-10-08T12:30:34.857143+13:00,38.4,-36.761523,174.723398,5,True
esp32_device_001,2025-10-08T12:30:35.214286+13:00,38.4,-36.761514,174.723381,5,True
esp32_device_001,2025-10-08T12:30:35.571429+13:00,38.4,-36.761502,174.723366,5,True
esp32_device_001,2025-10-08T12:30:35.928571+13:00,38.4,-36.761489,174.723354,5,True
esp32_device_001,2025-10-08T12:30:36.285714+13:00,38.4,-36.761474,174.723345,5,True
esp32_device_001,2025-10-08T12:30:36.642857+13:00,38.4,-36.761469,174.723343,5,True
esp32_device_001,2025-10-08T12:30:37+13:00,38.4,-36.761433,174.723221,5,False
esp32_device_001,2025-10-08T12:30:38+13:00,38.4,-36.761404,174.723187,5,True
esp32_device_001,2025-10-08T12:30:39+13:00,38.4,-36.761365,174.723094,5,True
esp32_device_001,2025-10-08T12:30:40+13:00,38.4,-36.761353,174.723060,5,True
esp32_device_001,2025-10-08T12:30:41+13:00,38.4,-36.761260,174.722795,5,True
esp32_device_001,2025-10-08T12:30:42+13:00,38.4,-36.761215,174.722641,5,False
esp32_device_001,2025-10-08T12:30:43.666667+13:00,38.4,-36.761157,174.722501,5,True
esp32_device_001,2025-10-08T12:30:45.333333+13:00,38.4,-36.761100,174.722337,5,True
esp32_device_001,2025-10-08T12:30:47+13:00,38.4,-36.760967,174.722,5,False
esp32_device_001,2025-10-08T12:30:47.714286+13:00,38.4,-36.760881,174.721898,5,True
esp32_device_001,2025-10-08T12:30:48.428571+13:00,38.4,-36.760866,174.721866,5,True
esp32_device_001,2025-10-08T12:30:49.142857+13:00,38.4,-36.760811,174.721742,5,True
esp32_device_001,2025-10-08T12:30:49.857143+13:00,38.4,-36.760780,174.721676,5,True
esp32_device_001,2025-10-08T12:30:50.571429+13:00,38.4,-36.760730,174.721589,5,True
esp32_device_001,2025-10-08T12:30:51.285714+13:00,38.4,-36.760684,174.721512,5,True
esp32_device_001,2025-10-08T12:30:52+13:00,38.4,-36.760632,174.72139,5,False
esp32_device_001,2025-10-08T12:30:53.666667+13:00,38.4,-36.760559,174.721335,5,True
esp32_device_001,2025-10-08T12:30:55.333333+13:00,38.4,-36.760365,174.721153,5,True
esp32_device_001,2025-10-08T12:30:57+13:00,38.4,-36.760143,174.720963,5,False
esp32_device_001,2025-10-08T12:31:02+13:00,38.4,-36.759628,174.720612,5,False
esp32_device_001,2025-10-08T12:31:03.666667+13:00,38.4,-36.759487,174.720538,5,True
esp32_device_001,2025-10-08T12:31:05.333333+13:00,38.4,-36.759307,174.720387,5,True
esp32_device_001,2025-10-08T12:31:07+13:00,38.4,-36.759171,174.72023,5,False
esp32_device_001,2025-10-08T12:31:07.500000+13:00,38.4,-36.759134,174.720198,5,True
esp32_device_001,2025-10-08T12:31:08+13:00,38.4,-36.759074,174.720152,5,True
esp32_device_001,2025-10-08T12:31:08.500000+13:00,38.4,-36.759068,174.720148,5,True
esp32_device_001,2025-10-08T12:31:09+13:00,38.4,-36.759035,174.720129,5,True
esp32_device_001,2025-10-08T12:31:09.500000+13:00,38.4,-36.758982,174.720106,5,True
esp32_device_001,2025-10-08T12:31:10+13:00,38.4,-36.758937,174.720087,5,True
esp32_device_001,2025-10-08T12:31:10.500000+13:00,38.4,-36.758906,174.720062,5,True
esp32_device_001,2025-10-08T12:31:11+13:00,38.4,-36.758877,174.720029,5,True
esp32_device_001,2025-10-08T12:31:11.500000+13:00,38.4,-36.758857,174.719991,5,True
esp32_device_001,2025-10-08T12:31:12+13:00,38.4,-36.758846,174.719955,5,False
esp32_device_001,2025-10-08T12:31:12.357143+13:00,38.4,-36.758829,174.719925,5,True
esp32_device_001,2025-10-08T12:31:12.714286+13:00,38.4,-36.758822,174.719902,5,True
esp32_device_001,2025-10-08T12:31:13.071429+13:00,38.4,-36.758812,174.719882,5,True
esp32_device_001,2025-10-08T12:31:13.428571+13:00,38.4,-36.758798,174.719865,5,True
esp32_device_001,2025-10-08T12:31:13.785714+13:00,38.4,-36.758790,174.719857,5,True
esp32_device_001,2025-10-08T12:31:14.142857+13:00,38.4,-36.758767,174.719844,5,True
esp32_device_001,2025-10-08T12:31:14.500000+13:00,38.4,-36.758751,174.719839,5,True
esp32_device_001,2025-10-08T12:31:14.857143+13:00,38.4,-36.758735,174.719838,5,True
esp32_device_001,2025-10-08T12:31:15.214286+13:00,38.4,-36.758719,174.719841,5,True
esp32_device_001,2025-10-08T12:31:15.571429+13:00,38.4,-36.758675,174.719819,5,True
esp32_device_001,2025-10-08T12:31:15.928571+13:00,38.4,-36.758653,174.719805,5,True
esp32_device_001,2025-10-08T12:31:16.285714+13:00,38.4,-36.758627,174.719778,5,True
esp32_device_001,2025-10-08T12:31:16.642857+13:00,38.4,-36.758604,174.719750,5,True
esp32_device_001,2025-10-08T12:31:17+13:00,38.4,-36.758579,174.719696,5,False
esp32_device_001,2025-10-08T12:31:18.250000+13:00,38.4,-36.758555,174.719690,5,True
esp32_device_001,2025-10-08T12:31:19.500000+13:00,38.4,-36.758420,174.719560,5,True
esp32_device_001,2025-10-08T12:31:20.750000+13:00,38.4,-36.758312,174.719458,5,True
esp32_device_001,2025-10-08T12:31:22+13:00,38.4,-36.758251,174.719376,5,False
esp32_device_001,2025-10-08T12:31:22.714286+13:00,38.4,-36.758226,174.719400,5,True
esp32_device_001,2025-10-08T12:31:23.428571+13:00,38.4,-36.758137,174.719355,5,True
esp32_device_001,2025-10-08T12:31:24.142857+13:00,38.4,-36.758040,174.719322,5,True
esp32_device_001,2025-10-08T12:31:24.857143+13:00,38.4,-36.757968,174.719299,5,True
esp32_device_001,2025-10-08T12:31:25.571429+13:00,38.4,-36.757907,174.719289,5,True
esp32_device_001,2025-10-08T12:31:26.285714+13:00,38.4,-36.757839,174.719281,5,True
esp32_device_001,2025-10-08T12:31:27+13:00,38.4,-36.757801,174.719223,5,False
esp32_device_001,2025-10-08T12:31:27.555556+13:00,38.4,-36.757782,174.719278,5,True
esp32_device_001,2025-10-08T12:31:28.111111+13:00,38.4,-36.757715,174.719266,5,True
esp32_device_001,2025-10-08T12:31:28.666667+13:00,38.4,-36.757625,174.719257,5,True
esp32_device_001,2025-10-08T12:31:29.222222+13:00,38.4,-36.757548,174.719261,5,True
esp32_device_001,2025-10-08T12:31:29.777778+13:00,38.4,-36.757497,174.719268,5,True
esp32_device_001,2025-10-08T12:31:30.333333+13:00,38.4,-36.757465,174.719276,5,True
esp32_device_001,2025-10-08T12:31:30.888889+13:00,38.4,-36.757438,174.719283,5,True
esp32_device_001,2025-10-08T12:31:31.444444+13:00,38.4,-36.757377,174.719298,5,True
esp32_device_001,2025-10-08T12:31:32+13:00,38.4,-36.757347,174.719284,5,False
esp32_device_001,2025-10-08T12:31:32.333333+13:00,38.4,-36.757285,174.719322,5,True
esp32_device_001,2025-10-08T12:31:32.666667+13:00,38.4,-36.757208,174.719327,5,True
esp32_device_001,2025-10-08T12:31:33+13:00,38.4,-36.757137,174.719323,5,True
esp32_device_001,2025-10-08T12:31:33.333333+13:00,38.4,-36.757125,174.719313,5,True
esp32_device_001,2025-10-08T12:31:33.666667+13:00,38.4,-36.757113,174.719305,5,True
esp32_device_001,2025-10-08T12:31:34+13:00,38.4,-36.757100,174.719299,5,True
esp32_device_001,2025-10-08T12:31:34.333333+13:00,38.4,-36.757082,174.719295,5,True
esp32_device_001,2025-10-08T12:31:34.666667+13:00,38.4,-36.757064,174.719294,5,True
esp32_device_001,2025-10-08T12:31:35+13:00,38.4,-36.757046,174.719298,5,True
esp32_device_001,2025-10-08T12:31:35.333333+13:00,38.4,-36.757029,174.719305,5,True
esp32_device_001,2025-10-08T12:31:35.666667+13:00,38.4,-36.757013,174.719315,5,True
esp32_device_001,2025-10-08T12:31:36+13:00,38.4,-36.756999,174.719329,5,True
esp32_device_001,2025-10-08T12:31:36.333333+13:00,38.4,-36.756988,174.719344,5,True
esp32_device_001,2025-10-08T12:31:36.666667+13:00,38.4,-36.756979,174.719361,5,True
esp32_device_001,2025-10-08T12:31:37+13:00,38.4,-36.75695,174.71936,5,False
esp32_device_001,2025-10-08T12:31:37.714286+13:00,38.4,-36.756967,174.719400,5,True
esp32_device_001,2025-10-08T12:31:38.428571+13:00,38.4,-36.756936,174.719417,5,True
esp32_device_001,2025-10-08T12:31:39.142857+13:00,38.4,-36.756898,174.719448,5,True
esp32_device_001,2025-10-08T12:31:39.857143+13:00,38.4,-36.756845,174.719485,5,True
esp32_device_001,2025-10-08T12:31:40.571429+13:00,38.4,-36.756753,174.719535,5,True
esp32_device_001,2025-10-08T12:31:41.285714+13:00,38.4,-36.756671,174.719574,5,True
esp32_device_001,2025-10-08T12:31:42+13:00,38.4,-36.756554,174.719604,5,False
esp32_device_001,2025-10-08T12:31:43.666667+13:00,38.4,-36.756502,174.719691,5,True
esp32_device_001,2025-10-08T12:31:45.333333+13:00,38.4,-36.756382,174.719748,5,True
esp32_device_001,2025-10-08T12:31:47+13:00,38.4,-36.756077,174.719894,5,False
esp32_device_001,2025-10-08T12:31:49.500000+13:00,38.4,-36.755728,174.720186,5,True
esp32_device_001,2025-10-08T12:31:52+13:00,38.4,-36.755566,174.72023,5,False
esp32_device_001,2025-10-08T12:31:53.666667+13:00,38.4,-36.755422,174.720391,5,True
esp32_device_001,2025-10-08T12:31:55.333333+13:00,38.4,-36.755135,174.720546,5,True
esp32_device_001,2025-10-08T12:31:57+13:00,38.4,-36.755043,174.720535,5,False
esp32_device_001,2025-10-08T12:31:58.250000+13:00,38.4,-36.754915,174.720652,5,True
esp32_device_001,2025-10-08T12:31:59.500000+13:00,38.4,-36.754787,174.720699,5,True
esp32_device_001,2025-10-08T12:32:00.750000+13:00,38.4,-36.754499,174.720803,5,True
esp32_device_001,2025-10-08T12:32:02+13:00,38.4,-36.754444,174.720779,5,False
esp32_device_001,2025-10-08T12:32:04.500000+13:00,38.4,-36.754214,174.720905,5,True
esp32_device_001,2025-10-08T12:32:07+13:00,38.4,-36.753853,174.720978,5,False
esp32_device_001,2025-10-08T12:32:09.500000+13:00,38.4,-36.753529,174.721151,5,True
esp32_device_001,2025-10-08T12:32:12+13:00,38.4,-36.75341,174.721146,5,False
esp32_device_001,2025-10-08T12:32:12.185185+13:00,38.4,-36.753355,174.721199,5,True
esp32_device_001,2025-10-08T12:32:12.370370+13:00,38.4,-36.753340,174.721202,5,True
esp32_device_001,2025-10-08T12:32:12.555556+13:00,38.4,-36.753268,174.721224,5,True
esp32_device_001,2025-10-08T12:32:12.740741+13:00,38.4,-36.753220,174.721238,5,True
esp32_device_001,2025-10-08T12:32:12.925926+13:00,38.4,-36.753191,174.721237,5,True
esp32_device_001,2025-10-08T12:32:13.111111+13:00,38.4,-36.753109,174.721133,5,True
esp32_device_001,2025-10-08T12:32:13.296296+13:00,38.4,-36.753108,174.721130,5,True
esp32_device_001,2025-10-08T12:32:13.481481+13:00,38.4,-36.753051,174.721037,5,True
esp32_device_001,2025-10-08T12:32:13.666667+13:00,38.4,-36.752941,174.720819,5,True
esp32_device_001,2025-10-08T12:32:13.851852+13:00,38.4,-36.752935,174.720788,5,True
esp32_device_001,2025-10-08T12:32:14.037037+13:00,38.4,-36.752891,174.720836,5,True
esp32_device_001,2025-10-08T12:32:14.222222+13:00,38.4,-36.752870,174.720859,5,True
esp32_device_001,2025-10-08T12:32:14.407407+13:00,38.4,-36.752745,174.720920,5,True
esp32_device_001,2025-10-08T12:32:14.592593+13:00,38.4,-36.752694,174.720922,5,True
esp32_device_001,2025-10-08T12:32:14.777778+13:00,38.4,-36.752547,174.720882,5,True
esp32_device_001,2025-10-08T12:32:14.962963+13:00,38.4,-36.752694,174.720922,5,True
esp32_device_001,2025-10-08T12:32:15.148148+13:00,38.4,-36.752745,174.720920,5,True
esp32_device_001,2025-10-08T12:32:15.333333+13:00,38.4,-36.752870,174.720859,5,True
esp32_device_001,2025-10-08T12:32:15.518519+13:00,38.4,-36.752891,174.720836,5,True
esp32_device_001,2025-10-08T12:32:15.703704+13:00,38.4,-36.752935,174.720788,5,True
esp32_device_001,2025-10-08T12:32:15.888889+13:00,38.4,-36.752941,174.720819,5,True
esp32_device_001,2025-10-08T12:32:16.074074+13:00,38.4,-36.752975,174.720981,5,True
esp32_device_001,2025-10-08T12:32:16.259259+13:00,38.4,-36.753021,174.721094,5,True
esp32_device_001,2025-10-08T12:32:16.444444+13:00,38.4,-36.753058,174.721163,5,True
esp32_device_001,2025-10-08T12:32:16.629630+13:00,38.4,-36.753060,174.721169,5,True
esp32_device_001,2025-10-08T12:32:16.814815+13:00,38.4,-36.753089,174.721237,5,True
esp32_device_001,2025-10-08T12:32:17+13:00,38.4,-36.753105,174.721313,5,False
esp32_device_001,2025-10-08T12:32:17.833333+13:00,38.4,-36.753109,174.721326,5,True
esp32_device_001,2025-10-08T12:32:18.666667+13:00,38.4,-36.753106,174.721361,5,True
esp32_device_001,2025-10-08T12:32:19.500000+13:00,38.4,-36.753051,174.721447,5,True
esp32_device_001,2025-10-08T12:32:20.333333+13:00,38.4,-36.753010,174.721512,5,True
esp32_device_001,2025-10-08T12:32:21.166667+13:00,38.4,-36.752942,174.721627,5,True
esp32_device_001,2025-10-08T12:32:22+13:00,38.4,-36.752834,174.721619,5,False
esp32_device_001,2025-10-08T12:32:27.714286+13:00,41.1,-36.752813,174.721744,5,True
esp32_device_001,2025-10-08T12:32:33.428571+13:00,43.9,-36.752753,174.721777,5,True
esp32_device_001,2025-10-08T12:32:39.142857+13:00,46.6,-36.752696,174.721800,5,True
esp32_device_001,2025-10-08T12:32:44.857143+13:00,49.3,-36.752619,174.721820,5,True
esp32_device_001,2025-10-08T12:32:50.571429+13:00,52.0,-36.752539,174.721804,5,True
esp32_device_001,2025-10-08T12:32:56.285714+13:00,54.8,-36.752527,174.721685,5,True
esp32_device_001,2025-10-08T12:33:02+13:00,57.5,-36.752476,174.72168,5,False
esp32_device_001,2025-10-08T12:33:07+13:00,57.6,-36.752569,174.721472,5,True
esp32_device_001,2025-10-08T12:33:12+13:00,57.6,-36.752612,174.721315,5,True
esp32_device_001,2025-10-08T12:33:17+13:00,57.7,-36.752623,174.721275,5,True
esp32_device_001,2025-10-08T12:33:22+13:00,57.7,-36.752612,174.721315,5,True
esp32_device_001,2025-10-08T12:33:27+13:00,57.8,-36.752569,174.721472,5,True
esp32_device_001,2025-10-08T12:33:32+13:00,57.8,-36.752524,174.721661,5,True
esp32_device_001,2025-10-08T12:33:37+13:00,57.9,-36.752527,174.721685,5,True
esp32_device_001,2025-10-08T12:33:42+13:00,58.0,-36.752539,174.721804,5,True
esp32_device_001,2025-10-08T12:33:47+13:00,58.0,-36.752461,174.721779,5,True
esp32_device_001,2025-10-08T12:33:52+13:00,58.1,-36.752361,174.721737,5,True
esp32_device_001,2025-10-08T12:33:57+13:00,58.1,-36.752209,174.721672,5,True
esp32_device_001,2025-10-08T12:34:02+13:00,58.2,-36.752175,174.721655,5,True
esp32_device_001,2025-10-08T12:34:07+13:00,58.2,-36.752062,174.721604,5,True
esp32_device_001,2025-10-08T12:34:12+13:00,58.3,-36.751934,174.721481,5,False
esp32_device_001,2025-10-08T12:34:13.666667+13:00,58.3,-36.751797,174.721478,5,True
esp32_device_001,2025-10-08T12:34:15.333333+13:00,58.3,-36.751448,174.721304,5,True
esp32_device_001,2025-10-08T12:34:17+13:00,58.3,-36.751423,174.721252,5,False
esp32_device_001,2025-10-08T12:34:17.046729+13:00,58.3,-36.751361,174.721252,5,True
esp32_device_001,2025-10-08T12:34:17.093458+13:00,58.3,-36.751292,174.721200,5,True
esp32_device_001,2025-10-08T12:34:17.140187+13:00,58.3,-36.751221,174.721133,5,True
esp32_device_001,2025-10-08T12:34:17.186916+13:00,58.3,-36.751173,174.721081,5,True
esp32_device_001,2025-10-08T12:34:17.233645+13:00,58.3,-36.751116,174.721004,5,True
esp32_device_001,2025-10-08T12:34:17.280374+13:00,58.3,-36.751080,174.720945,5,True
esp32_device_001,2025-10-08T12:34:17.327103+13:00,58.3,-36.751040,174.720875,5,True
esp32_device_001,2025-10-08T12:34:17.373832+13:00,58.3,-36.750995,174.720778,5,True
esp32_device_001,2025-10-08T12:34:17.420561+13:00,58.3,-36.750971,174.720812,5,True
esp32_device_001,2025-10-08T12:34:17.467290+13:00,58.3,-36.750953,174.720844,5,True
esp32_device_001,2025-10-08T12:34:17.514019+13:00,58.3,-36.750939,174.720879,5,True
esp32_device_001,2025-10-08T12:34:17.560748+13:00,58.3,-36.750930,174.720924,5,True
esp32_device_001,2025-10-08T12:34:17.607477+13:00,58.3,-36.750926,174.720975,5,True
esp32_device_001,2025-10-08T12:34:17.654206+13:00,58.3,-36.751035,174.721143,5,True
esp32_device_001,2025-10-08T12:34:17.700935+13:00,58.3,-36.751091,174.721212,5,True
esp32_device_001,2025-10-08T12:34:17.747664+13:00,58.3,-36.751160,174.721277,5,True
esp32_device_001,2025-10-08T12:34:17.794393+13:00,58.3,-36.751269,174.721369,5,True
esp32_device_001,2025-10-08T12:34:17.841121+13:00,58.3,-36.751380,174.721442,5,True
esp32_device_001,2025-10-08T12:34:17.887850+13:00,58.3,-36.751486,174.721495,5,True
esp32_device_001,2025-10-08T12:34:17.934579+13:00,58.3,-36.751595,174.721540,5,True
esp32_device_001,2025-10-08T12:34:17.981308+13:00,58.3,-36.751746,174.721585,5,True
esp32_device_001,2025-10-08T12:34:18.028037+13:00,58.3,-36.751922,174.721669,5,True
esp32_device_001,2025-10-08T12:34:18.074766+13:00,58.3,-36.752029,174.721717,5,True
esp32_device_001,2025-10-08T12:34:18.121495+13:00,58.3,-36.752062,174.721604,5,True
esp32_device_001,2025-10-08T12:34:18.168224+13:00,58.3,-36.752095,174.721452,5,True
esp32_device_001,2025-10-08T12:34:18.214953+13:00,58.3,-36.752123,174.721355,5,True
esp32_device_001,2025-10-08T12:34:18.261682+13:00,58.3,-36.752314,174.720548,5,True
esp32_device_001,2025-10-08T12:34:18.308411+13:00,58.3,-36.752431,174.719892,5,True
esp32_device_001,2025-10-08T12:34:18.355140+13:00,58.3,-36.752506,174.719225,5,True
esp32_device_001,2025-10-08T12:34:18.401869+13:00,58.3,-36.752542,174.718481,5,True
esp32_device_001,2025-10-08T12:34:18.448598+13:00,58.3,-36.752620,174.717613,5,True
esp32_device_001,2025-10-08T12:34:18.495327+13:00,58.3,-36.752715,174.716705,5,True
esp32_device_001,2025-10-08T12:34:18.542056+13:00,58.3,-36.752718,174.716168,5,True
esp32_device_001,2025-10-08T12:34:18.588785+13:00,58.3,-36.752768,174.715507,5,True
esp32_device_001,2025-10-08T12:34:18.635514+13:00,58.3,-36.752864,174.714373,5,True
esp32_device_001,2025-10-08T12:34:18.682243+13:00,58.3,-36.752922,174.713597,5,True
esp32_device_001,2025-10-08T12:34:18.728972+13:00,58.3,-36.752995,174.712908,5,True
esp32_device_001,2025-10-08T12:34:18.775701+13:00,58.3,-36.753086,174.712203,5,True
esp32_device_001,2025-10-08T12:34:18.822430+13:00,58.3,-36.753189,174.711555,5,True
esp32_device_001,2025-10-08T12:34:18.869159+13:00,58.3,-36.753336,174.710829,5,True
esp32_device_001,2025-10-08T12:34:18.915888+13:00,58.3,-36.753394,174.710630,5,True
esp32_device_001,2025-10-08T12:34:18.962617+13:00,58.3,-36.753660,174.709704,5,True
esp32_device_001,2025-10-08T12:34:19.009346+13:00,58.3,-36.753781,174.709327,5,True
esp32_device_001,2025-10-08T12:34:19.056075+13:00,58.3,-36.753999,174.708737,5,True
esp32_device_001,2025-10-08T12:34:19.102804+13:00,58.3,-36.754218,174.708214,5,True
esp32_device_001,2025-10-08T12:34:19.149533+13:00,58.3,-36.754399,174.707806,5,True
esp32_device_001,2025-10-08T12:34:19.196262+13:00,58.3,-36.754623,174.707352,5,True
esp32_device_001,2025-10-08T12:34:19.242991+13:00,58.3,-36.754647,174.707304,5,True
esp32_device_001,2025-10-08T12:34:19.289720+13:00,58.3,-36.754971,174.706827,5,True
esp32_device_001,2025-10-08T12:34:19.336449+13:00,58.3,-36.755432,174.706196,5,True
esp32_device_001,2025-10-08T12:34:19.383178+13:00,58.3,-36.755714,174.705829,5,True
esp32_device_001,2025-10-08T12:34:19.429907+13:00,58.3,-36.756038,174.705442,5,True
esp32_device_001,2025-10-08T12:34:19.476636+13:00,58.3,-36.756305,174.705097,5,True
esp32_device_001,2025-10-08T12:34:19.523364+13:00,58.3,-36.756474,174.704885,5,True
esp32_device_001,2025-10-08T12:34:19.570093+13:00,58.3,-36.756689,174.704626,5,True
esp32_device_001,2025-10-08T12:34:19.616822+13:00,58.3,-36.756873,174.704432,5,True
esp32_device_001,2025-10-08T12:34:19.663551+13:00,58.3,-36.757011,174.704313,5,True
esp32_device_001,2025-10-08T12:34:19.710280+13:00,58.3,-36.757237,174.704144,5,True
esp32_device_001,2025-10-08T12:34:19.757009+13:00,58.3,-36.757384,174.703997,5,True
esp32_device_001,2025-10-08T12:34:19.803738+13:00,58.3,-36.757468,174.703910,5,True
esp32_device_001,2025-10-08T12:34:19.850467+13:00,58.3,-36.757484,174.703892,5,True
esp32_device_001,2025-10-08T12:34:19.897196+13:00,58.3,-36.757529,174.703832,5,True
esp32_device_001,2025-10-08T12:34:19.943925+13:00,58.3,-36.757551,174.703786,5,True
esp32_device_001,2025-10-08T12:34:19.990654+13:00,58.3,-36.757571,174.703734,5,True
esp32_device_001,2025-10-08T12:34:20.037383+13:00,58.3,-36.757588,174.703664,5,True
esp32_device_001,2025-10-08T12:34:20.084112+13:00,58.3,-36.757558,174.703627,5,True
esp32_device_001,2025-10-08T12:34:20.130841+13:00,58.3,-36.757318,174.703331,5,True
esp32_device_001,2025-10-08T12:34:20.177570+13:00,58.3,-36.757284,174.703286,5,True
esp32_device_001,2025-10-08T12:34:20.224299+13:00,58.3,-36.757231,174.703217,5,True
esp32_device_001,2025-10-08T12:34:20.271028+13:00,58.3,-36.757121,174.703317,5,True
esp32_device_001,2025-10-08T12:34:20.317757+13:00,58.3,-36.757056,174.703364,5,True
esp32_device_001,2025-10-08T12:34:20.364486+13:00,58.3,-36.756965,174.703465,5,True
esp32_device_001,2025-10-08T12:34:20.411215+13:00,58.3,-36.756791,174.703649,5,True
esp32_device_001,2025-10-08T12:34:20.457944+13:00,58.3,-36.756617,174.703852,5,True
esp32_device_001,2025-10-08T12:34:20.504673+13:00,58.3,-36.756435,174.704081,5,True
esp32_device_001,2025-10-08T12:34:20.551402+13:00,58.3,-36.756237,174.704359,5,True
esp32_device_001,2025-10-08T12:34:20.598131+13:00,58.3,-36.756043,174.704645,5,True
esp32_device_001,2025-10-08T12:34:20.644860+13:00,58.3,-36.755794,174.705047,5,True
esp32_device_001,2025-10-08T12:34:20.691589+13:00,58.3,-36.755296,174.705850,5,True
esp32_device_001,2025-10-08T12:34:20.738318+13:00,58.3,-36.755164,174.706067,5,True
esp32_device_001,2025-10-08T12:34:20.785047+13:00,58.3,-36.755046,174.706385,5,True
esp32_device_001,2025-10-08T12:34:20.831776+13:00,58.3,-36.754429,174.707507,5,True
esp32_device_001,2025-10-08T12:34:20.878505+13:00,58.3,-36.754329,174.707715,5,True
esp32_device_001,2025-10-08T12:34:20.925234+13:00,58.3,-36.754140,174.708130,5,True
esp32_device_001,2025-10-08T12:34:20.971963+13:00,58.3,-36.753903,174.708695,5,True
esp32_device_001,2025-10-08T12:34:21.018692+13:00,58.3,-36.753720,174.709197,5,True
esp32_device_001,2025-10-08T12:34:21.065421+13:00,58.3,-36.753575,174.709636,5,True
esp32_device_001,2025-10-08T12:34:21.112150+13:00,58.3,-36.753267,174.710724,5,True
esp32_device_001,2025-10-08T12:34:21.158879+13:00,58.3,-36.753128,174.711329,5,True
esp32_device_001,2025-10-08T12:34:21.205607+13:00,58.3,-36.753016,174.712000,5,True
esp32_device_001,2025-10-08T12:34:21.252336+13:00,58.3,-36.752913,174.712712,5,True
esp32_device_001,2025-10-08T12:34:21.299065+13:00,58.3,-36.752841,174.713449,5,True
esp32_device_001,2025-10-08T12:34:21.345794+13:00,58.3,-36.752771,174.714241,5,True
esp32_device_001,2025-10-08T12:34:21.392523+13:00,58.3,-36.752679,174.714624,5,True
esp32_device_001,2025-10-08T12:34:21.439252+13:00,58.3,-36.752510,174.715671,5,True
esp32_device_001,2025-10-08T12:34:21.485981+13:00,58.3,-36.752228,174.717500,5,True
esp32_device_001,2025-10-08T12:34:21.532710+13:00,58.3,-36.752008,174.718617,5,True
esp32_device_001,2025-10-08T12:34:21.579439+13:00,58.3,-36.751903,174.719108,5,True
esp32_device_001,2025-10-08T12:34:21.626168+13:00,58.3,-36.751840,174.719352,5,True
esp32_device_001,2025-10-08T12:34:21.672897+13:00,58.3,-36.751762,174.719621,5,True
esp32_device_001,2025-10-08T12:34:21.719626+13:00,58.3,-36.751678,174.719827,5,True
esp32_device_001,2025-10-08T12:34:21.766355+13:00,58.3,-36.751583,174.720018,5,True
esp32_device_001,2025-10-08T12:34:21.813084+13:00,58.3,-36.751468,174.720235,5,True
esp32_device_001,2025-10-08T12:34:21.859813+13:00,58.3,-36.751273,174.720501,5,True
esp32_device_001,2025-10-08T12:34:21.906542+13:00,58.3,-36.751104,174.720664,5,True
esp32_device_001,2025-10-08T12:34:21.953271+13:00,58.3,-36.751065,174.720699,5,True
esp32_device_001,2025-10-08T12:34:22+13:00,58.3,-36.751007,174.720718,5,False
esp32_device_001,2025-10-08T12:34:22.500000+13:00,58.3,-36.750995,174.720778,5,True
esp32_device_001,2025-10-08T12:34:23+13:00,58.3,-36.750969,174.720713,5,True
esp32_device_001,2025-10-08T12:34:23.500000+13:00,58.3,-36.750939,174.720625,5,True
esp32_device_001,2025-10-08T12:34:24+13:00,58.3,-36.750912,174.720519,5,True
esp32_device_001,2025-10-08T12:34:24.500000+13:00,58.3,-36.750897,174.720414,5,True
esp32_device_001,2025-10-08T12:34:25+13:00,58.3,-36.750887,174.720282,5,True
esp32_device_001,2025-10-08T12:34:25.500000+13:00,58.3,-36.750888,174.720176,5,True
esp32_device_001,2025-10-08T12:34:26+13:00,58.3,-36.750897,174.720059,5,True
esp32_device_001,2025-10-08T12:34:26.500000+13:00,58.3,-36.750913,174.719952,5,True
esp32_device_001,2025-10-08T12:34:27+13:00,58.3,-36.750946,174.71994,5,False
esp32_device_001,2025-10-08T12:34:27.714286+13:00,58.3,-36.750941,174.719849,5,True
esp32_device_001,2025-10-08T12:34:28.428571+13:00,58.3,-36.750975,174.719749,5,True
esp32_device_001,2025-10-08T12:34:29.142857+13:00,58.3,-36.751019,174.719644,5,True
esp32_device_001,2025-10-08T12:34:29.857143+13:00,58.3,-36.751072,174.719551,5,True
esp32_device_001,2025-10-08T12:34:30.571429+13:00,58.3,-36.751127,174.719471,5,True
esp32_device_001,2025-10-08T12:34:31.285714+13:00,58.3,-36.751196,174.719383,5,True
esp32_device_001,2025-10-08T12:34:32+13:00,58.3,-36.751297,174.719284,5,False
esp32_device_001,2025-10-08T12:34:32.833333+13:00,58.3,-36.751290,174.719217,5,True
esp32_device_001,2025-10-08T12:34:33.666667+13:00,58.3,-36.751442,174.719060,5,True
esp32_device_001,2025-10-08T12:34:34.500000+13:00,58.3,-36.751512,174.718982,5,True
esp32_device_001,2025-10-08T12:34:35.333333+13:00,58.3,-36.751574,174.718906,5,True
esp32_device_001,2025-10-08T12:34:36.166667+13:00,58.3,-36.751638,174.718810,5,True
esp32_device_001,2025-10-08T12:34:37+13:00,58.3,-36.751713,174.71875,5,False
esp32_device_001,2025-10-08T12:34:37.833333+13:00,58.3,-36.751741,174.718616,5,True
esp32_device_001,2025-10-08T12:34:38.666667+13:00,58.3,-36.751784,174.718504,5,True
esp32_device_001,2025-10-08T12:34:39.500000+13:00,58.3,-36.751814,174.718387,5,True
esp32_device_001,2025-10-08T12:34:40.333333+13:00,58.3,-36.751835,174.718308,5,True
esp32_device_001,2025-10-08T12:34:41.166667+13:00,58.3,-36.751858,174.718196,5,True
esp32_device_001,2025-10-08T12:34:42+13:00,58.3,-36.751926,174.718033,5,False
esp32_device_001,2025-10-08T12:34:47+13:00,58.3,-36.752071,174.71727,5,False
esp32_device_001,2025-10-08T12:34:49.500000+13:00,58.3,-36.752052,174.717120,5,True
esp32_device_001,2025-10-08T12:34:52+13:00,58.3,-36.752205,174.716522,5,False
esp32_device_001,2025-10-08T12:34:53+13:00,58.3,-36.752189,174.716390,5,True
esp32_device_001,2025-10-08T12:34:54+13:00,58.3,-36.752209,174.716243,5,True
esp32_device_001,2025-10-08T12:34:55+13:00,58.3,-36.752220,174.716071,5,True
esp32_device_001,2025-10-08T12:34:56+13:00,58.3,-36.752207,174.715896,5,True
esp32_device_001,2025-10-08T12:34:57+13:00,58.3,-36.752243,174.71582,5,False
esp32_device_001,2025-10-08T12:34:58+13:00,58.3,-36.752178,174.715666,5,True
esp32_device_001,2025-10-08T12:34:59+13:00,58.3,-36.752160,174.715547,5,True
esp32_device_001,2025-10-08T12:35:00+13:00,58.3,-36.752131,174.715457,5,True
esp32_device_001,2025-10-08T12:35:01+13:00,58.3,-36.752086,174.715332,5,True
esp32_device_001,2025-10-08T12:35:02+13:00,58.3,-36.752079,174.715225,5,False
esp32_device_001,2025-10-08T12:35:03+13:00,58.3,-36.752020,174.715175,5,True
esp32_device_001,2025-10-08T12:35:04+13:00,58.3,-36.751929,174.715003,5,True
esp32_device_001,2025-10-08T12:35:05+13:00,58.3,-36.751827,174.714875,5,True
esp32_device_001,2025-10-08T12:35:06+13:00,58.3,-36.751778,174.714815,5,True
esp32_device_001,2025-10-08T12:35:07+13:00,58.3,-36.751789,174.714767,5,False
esp32_device_001,2025-10-08T12:35:08+13:00,58.3,-36.751757,174.714790,5,True
esp32_device_001,2025-10-08T12:35:09+13:00,58.3,-36.751730,174.714755,5,True
esp32_device_001,2025-10-08T12:35:10+13:00,58.3,-36.751604,174.714615,5,True
esp32_device_001,2025-10-08T12:35:11+13:00,58.3,-36.751476,174.714468,5,True
esp32_device_001,2025-10-08T12:35:12+13:00,58.3,-36.751461,174.714371,5,False
esp32_device_001,2025-10-08T12:35:13.250000+13:00,58.3,-36.751246,174.714222,5,True
esp32_device_001,2025-10-08T12:35:14.500000+13:00,58.3,-36.751188,174.714161,5,True
esp32_device_001,2025-10-08T12:35:15.750000+13:00,58.3,-36.751121,174.714092,5,True
esp32_device_001,2025-10-08T12:35:17+13:00,58.3,-36.751118,174.71402,5,False
esp32_device_001,2025-10-08T12:35:17.454545+13:00,58.3,-36.751364,174.713711,5,True
esp32_device_001,2025-10-08T12:35:17.909091+13:00,58.3,-36.751494,174.713836,5,True
esp32_device_001,2025-10-08T12:35:18.363636+13:00,58.3,-36.751246,174.714222,5,True
esp32_device_001,2025-10-08T12:35:18.818182+13:00,58.3,-36.751188,174.714161,5,True
esp32_device_001,2025-10-08T12:35:19.272727+13:00,58.3,-36.751121,174.714092,5,True
esp32_device_001,2025-10-08T12:35:19.727273+13:00,58.3,-36.751043,174.714008,5,True
esp32_device_001,2025-10-08T12:35:20.181818+13:00,58.3,-36.750986,174.713947,5,True
esp32_device_001,2025-10-08T12:35:20.636364+13:00,58.3,-36.750904,174.713858,5,True
esp32_device_001,2025-10-08T12:35:21.090909+13:00,58.3,-36.750741,174.713679,5,True
esp32_device_001,2025-10-08T12:35:21.545455+13:00,58.3,-36.750707,174.713638,5,True
esp32_device_001,2025-10-08T12:35:22+13:00,58.3,-36.750725,174.713577,5,False
esp32_device_001,2025-10-08T12:35:22.625000+13:00,58.3,-36.750651,174.713560,5,True
esp32_device_001,2025-10-08T12:35:23.250000+13:00,58.3,-36.750600,174.713480,5,True
esp32_device_001,2025-10-08T12:35:23.875000+13:00,58.3,-36.750545,174.713363,5,True
esp32_device_001,2025-10-08T12:35:24.500000+13:00,58.3,-36.750508,174.713269,5,True
esp32_device_001,2025-10-08T12:35:25.125000+13:00,58.3,-36.750477,174.713163,5,True
esp32_device_001,2025-10-08T12:35:25.750000+13:00,58.3,-36.750458,174.713072,5,True
esp32_device_001,2025-10-08T12:35:26.375000+13:00,58.3,-36.750447,174.712998,5,True
esp32_device_001,2025-10-08T12:35:27+13:00,58.3,-36.750484,174.712952,5,False
esp32_device_001,2025-10-08T12:35:27.714286+13:00,58.3,-36.750437,174.712887,5,True
esp32_device_001,2025-10-08T12:35:28.428571+13:00,58.3,-36.750434,174.712796,5,True
esp32_device_001,2025-10-08T12:35:29.142857+13:00,58.3,-36.750438,174.712705,5,True
esp32_device_001,2025-10-08T12:35:29.857143+13:00,58.3,-36.750443,174.712626,5,True
esp32_device_001,2025-10-08T12:35:30.571429+13:00,58.3,-36.750452,174.712560,5,True
esp32_device_001,2025-10-08T12:35:31.285714+13:00,58.3,-36.750463,174.712482,5,True
esp32_device_001,2025-10-08T12:35:32+13:00,58.3,-36.750523,174.71228,5,False
esp32_device_001,2025-10-08T12:35:33.666667+13:00,58.3,-36.750512,174.712228,5,True
esp32_device_001,2025-10-08T12:35:35.333333+13:00,58.3,-36.750584,174.711838,5,True
esp32_device_001,2025-10-08T12:35:37+13:00,58.3,-36.750618,174.711792,5,False
esp32_device_001,2025-10-08T12:35:42+13:00,58.3,-36.750664,174.711548,5,False
esp32_device_001,2025-10-08T12:35:44.500000+13:00,56.8,-36.750931,174.711596,5,True
esp32_device_001,2025-10-08T12:35:47+13:00,55.4,-36.750946,174.711530,5,True
esp32_device_001,2025-10-08T12:35:49.500000+13:00,54.0,-36.751309,174.711636,5,True
esp32_device_001,2025-10-08T12:35:52+13:00,52.5,-36.750946,174.711530,5,True
esp32_device_001,2025-10-08T12:35:54.500000+13:00,51.0,-36.750931,174.711596,5,True
esp32_device_001,2025-10-08T12:35:57+13:00,49.6,-36.750639,174.711512,5,True
esp32_device_001,2025-10-08T12:35:59.500000+13:00,48.2,-36.750708,174.711150,5,True
esp32_device_001,2025-10-08T12:36:02+13:00,46.7,-36.750759,174.711044,5,False
esp32_device_001,2025-10-08T12:36:03.250000+13:00,46.7,-36.750751,174.710916,5,True
esp32_device_001,2025-10-08T12:36:04.500000+13:00,46.7,-36.750774,174.710743,5,True
esp32_device_001,2025-10-08T12:36:05.750000+13:00,46.7,-36.750788,174.710648,5,True
esp32_device_001,2025-10-08T12:36:07+13:00,46.7,-36.750824,174.710632,5,False
esp32_device_001,2025-10-08T12:36:07.384615+13:00,46.7,-36.750801,174.710550,5,True
esp32_device_001,2025-10-08T12:36:07.769231+13:00,46.7,-36.750855,174.710123,5,True
esp32_device_001,2025-10-08T12:36:08.153846+13:00,46.7,-36.750914,174.709669,5,True
esp32_device_001,2025-10-08T12:36:08.538462+13:00,46.7,-36.751168,174.709716,5,True
esp32_device_001,2025-10-08T12:36:08.923077+13:00,46.7,-36.751319,174.709753,5,True
esp32_device_001,2025-10-08T12:36:09.307692+13:00,46.7,-36.751458,174.709787,5,True
esp32_device_001,2025-10-08T12:36:09.692308+13:00,46.7,-36.751370,174.710330,5,True
esp32_device_001,2025-10-08T12:36:10.076923+13:00,46.7,-36.751358,174.710343,5,True
esp32_device_001,2025-10-08T12:36:10.461538+13:00,46.7,-36.751342,174.710347,5,True
esp32_device_001,2025-10-08T12:36:10.846154+13:00,46.7,-36.751322,174.710339,5,True
esp32_device_001,2025-10-08T12:36:11.230769+13:00,46.7,-36.751227,174.710217,5,True
esp32_device_001,2025-10-08T12:36:11.615385+13:00,46.7,-36.751206,174.710208,5,True
esp32_device_001,2025-10-08T12:36:12+13:00,46.7,-36.750881,174.710114,5,False
esp32_device_001,2025-10-08T12:36:13.666667+13:00,46.7,-36.750855,174.710123,5,True
esp32_device_001,2025-10-08T12:36:15.333333+13:00,46.7,-36.750914,174.709669,5,True
esp32_device_001,2025-10-08T12:36:17+13:00,46.7,-36.75095,174.709564,5,False
esp32_device_001,2025-10-08T12:36:18.666667+13:00,46.7,-36.750946,174.709448,5,True
esp32_device_001,2025-10-08T12:36:20.333333+13:00,46.7,-36.750958,174.709378,5,True
esp32_device_001,2025-10-08T12:36:22+13:00,46.7,-36.751026,174.709061,5,False
esp32_device_001,2025-10-08T12:36:22.833333+13:00,46.7,-36.751026,174.708951,5,True
esp32_device_001,2025-10-08T12:36:23.666667+13:00,46.7,-36.751085,174.708568,5,True
esp32_device_001,2025-10-08T12:36:24.500000+13:00,46.7,-36.751653,174.708720,5,True
esp32_device_001,2025-10-08T12:36:25.333333+13:00,46.7,-36.751688,174.708513,5,True
esp32_device_001,2025-10-08T12:36:26.166667+13:00,46.7,-36.751653,174.708720,5,True
esp32_device_001,2025-10-08T12:36:27+13:00,46.7,-36.751099,174.708588,5,False
esp32_device_001,2025-10-08T12:36:28.666667+13:00,46.7,-36.751085,174.708568,5,True
esp32_device_001,2025-10-08T12:36:30.333333+13:00,46.7,-36.751149,174.708158,5,True
esp32_device_001,2025-10-08T12:36:32+13:00,46.7,-36.751179,174.708115,5,False
esp32_device_001,2025-10-08T12:36:33.666667+13:00,46.7,-36.751166,174.708049,5,True
esp32_device_001,2025-10-08T12:36:35.333333+13:00,46.7,-36.751195,174.707865,5,True
esp32_device_001,2025-10-08T12:36:37+13:00,46.7,-36.751221,174.707779,5,False
esp32_device_001,2025-10-08T12:36:42+13:00,46.7,-36.751263,174.707474,5,False
esp32_device_001,2025-10-08T12:36:47+13:00,46.7,-36.751343,174.707153,5,False
esp32_device_001,2025-10-08T12:36:52+13:00,46.7,-36.75116,174.707031,5,False
esp32_device_001,2025-10-08T12:36:53.250000+13:00,46.7,-36.751171,174.707069,5,True
esp32_device_001,2025-10-08T12:36:54.500000+13:00,46.7,-36.751159,174.707086,5,True
esp32_device_001,2025-10-08T12:36:55.750000+13:00,46.7,-36.750981,174.707082,5,True
esp32_device_001,2025-10-08T12:36:57+13:00,46.7,-36.750816,174.707001,5,False
esp32_device_001,2025-10-08T12:36:58.250000+13:00,46.7,-36.750761,174.707060,5,True
esp32_device_001,2025-10-08T12:36:59.500000+13:00,46.7,-36.750612,174.706980,5,True
esp32_device_001,2025-10-08T12:37:00.750000+13:00,46.7,-36.750547,174.706943,5,True
esp32_device_001,2025-10-08T12:37:02+13:00,46.7,-36.750465,174.706848,5,False
esp32_device_001,2025-10-08T12:37:03.666667+13:00,46.7,-36.750137,174.706710,5,True
esp32_device_001,2025-10-08T12:37:05.333333+13:00,46.7,-36.750003,174.706633,5,True
esp32_device_001,2025-10-08T12:37:07+13:00,46.7,-36.750023,174.706589,5,False
esp32_device_001,2025-10-08T12:37:07.454545+13:00,47.7,-36.750053,174.706465,5,True
esp32_device_001,2025-10-08T12:37:07.909091+13:00,48.7,-36.750174,174.706454,5,True
esp32_device_001,2025-10-08T12:37:08.363636+13:00,49.7,-36.750408,174.706594,5,True
esp32_device_001,2025-10-08T12:37:08.818182+13:00,50.7,-36.750506,174.706657,5,True
esp32_device_001,2025-10-08T12:37:09.272727+13:00,51.7,-36.750567,174.706773,5,True
esp32_device_001,2025-10-08T12:37:09.727273+13:00,52.8,-36.750547,174.706943,5,True
esp32_device_001,2025-10-08T12:37:10.181818+13:00,53.8,-36.750137,174.706710,5,True
esp32_device_001,2025-10-08T12:37:10.636364+13:00,54.8,-36.750003,174.706633,5,True
esp32_device_001,2025-10-08T12:37:11.090909+13:00,55.8,-36.749944,174.706600,5,True
esp32_device_001,2025-10-08T12:37:11.545455+13:00,56.8,-36.749741,174.706469,5,True
esp32_device_001,2025-10-08T12:37:12+13:00,57.8,-36.749615,174.706329,5,False
esp32_device_001,2025-10-08T12:37:12.333333+13:00,57.8,-36.749535,174.706302,5,True
esp32_device_001,2025-10-08T12:37:12.666667+13:00,57.8,-36.749490,174.706270,5,True
esp32_device_001,2025-10-08T12:37:13+13:00,57.8,-36.749487,174.706254,5,True
esp32_device_001,2025-10-08T12:37:13.333333+13:00,57.8,-36.749482,174.706238,5,True
esp32_device_001,2025-10-08T12:37:13.666667+13:00,57.8,-36.749475,174.706223,5,True
esp32_device_001,2025-10-08T12:37:14+13:00,57.8,-36.749466,174.706210,5,True
esp32_device_001,2025-10-08T12:37:14.333333+13:00,57.8,-36.749455,174.706199,5,True
esp32_device_001,2025-10-08T12:37:14.666667+13:00,57.8,-36.749443,174.706190,5,True
esp32_device_001,2025-10-08T12:37:15+13:00,57.8,-36.749429,174.706184,5,True
esp32_device_001,2025-10-08T12:37:15.333333+13:00,57.8,-36.749415,174.706181,5,True
esp32_device_001,2025-10-08T12:37:15.666667+13:00,57.8,-36.749400,174.706181,5,True
esp32_device_001,2025-10-08T12:37:16+13:00,57.8,-36.749386,174.706184,5,True
esp32_device_001,2025-10-08T12:37:16.333333+13:00,57.8,-36.749372,174.706191,5,True
esp32_device_001,2025-10-08T12:37:16.666667+13:00,57.8,-36.749369,174.706193,5,True
esp32_device_001,2025-10-08T12:37:17+13:00,57.8,-36.749332,174.706131,5,False
esp32_device_001,2025-10-08T12:37:18.666667+13:00,57.7,-36.749265,174.706148,5,True
esp32_device_001,2025-10-08T12:37:20.333333+13:00,57.6,-36.749035,174.706053,5,True
esp32_device_001,2025-10-08T12:37:22+13:00,57.5,-36.748936,174.705933,5,False
esp32_device_001,2025-10-08T12:37:23+13:00,57.4,-36.748823,174.705927,5,True
esp32_device_001,2025-10-08T12:37:24+13:00,57.2,-36.748730,174.705873,5,True
esp32_device_001,2025-10-08T12:37:25+13:00,57.1,-36.748645,174.705828,5,True
esp32_device_001,2025-10-08T12:37:26+13:00,56.9,-36.748560,174.705791,5,True
esp32_device_001,2025-10-08T12:37:27+13:00,56.8,-36.748528,174.705734,5,False
esp32_device_001,2025-10-08T12:37:28+13:00,56.2,-36.748464,174.705756,5,True
esp32_device_001,2025-10-08T12:37:29+13:00,55.6,-36.748366,174.705728,5,True
esp32_device_001,2025-10-08T12:37:30+13:00,54.9,-36.748166,174.705682,5,True
esp32_device_001,2025-10-08T12:37:31+13:00,54.3,-36.748103,174.705667,5,True
esp32_device_001,2025-10-08T12:37:32+13:00,53.7,-36.748062,174.705597,5,False
esp32_device_001,2025-10-08T12:37:33.250000+13:00,53.7,-36.747917,174.705625,5,True
esp32_device_001,2025-10-08T12:37:34.500000+13:00,53.7,-36.747738,174.705588,5,True
esp32_device_001,2025-10-08T12:37:35.750000+13:00,53.7,-36.747609,174.705561,5,True
esp32_device_001,2025-10-08T12:37:37+13:00,53.7,-36.747551,174.70549,5,False
esp32_device_001,2025-10-08T12:37:38.666667+13:00,52.6,-36.747480,174.705533,5,True
esp32_device_001,2025-10-08T12:37:40.333333+13:00,51.4,-36.747090,174.705450,5,True
esp32_device_001,2025-10-08T12:37:42+13:00,50.3,-36.747021,174.705383,5,False
esp32_device_001,2025-10-08T12:37:43.250000+13:00,50.1,-36.746825,174.705394,5,True
esp32_device_001,2025-10-08T12:37:44.500000+13:00,50.0,-36.746734,174.705374,5,True
esp32_device_001,2025-10-08T12:37:45.750000+13:00,49.8,-36.746648,174.705357,5,True
esp32_device_001,2025-10-08T12:37:47+13:00,49.6,-36.746506,174.705276,5,False
esp32_device_001,2025-10-08T12:37:49.500000+13:00,49.0,-36.746341,174.705291,5,True
esp32_device_001,2025-10-08T12:37:52+13:00,48.3,-36.745983,174.70517,5,False
esp32_device_001,2025-10-08T12:37:53.250000+13:00,48.0,-36.745647,174.705144,5,True
esp32_device_001,2025-10-08T12:37:54.500000+13:00,47.7,-36.745550,174.705123,5,True
esp32_device_001,2025-10-08T12:37:55.750000+13:00,47.4,-36.745517,174.705116,5,True
esp32_device_001,2025-10-08T12:37:57+13:00,47.1,-36.745476,174.705063,5,False
esp32_device_001,2025-10-08T12:37:58.250000+13:00,46.9,-36.745391,174.705089,5,True
esp32_device_001,2025-10-08T12:37:59.500000+13:00,46.8,-36.745077,174.705021,5,True
esp32_device_001,2025-10-08T12:38:00.750000+13:00,46.6,-36.745028,174.705011,5,True
esp32_device_001,2025-10-08T12:38:02+13:00,46.4,-36.744999,174.704956,5,False
esp32_device_001,2025-10-08T12:38:03.666667+13:00,46.4,-36.744958,174.704995,5,True
esp32_device_001,2025-10-08T12:38:05.333333+13:00,46.4,-36.744892,174.704981,5,True
esp32_device_001,2025-10-08T12:38:07+13:00,46.4,-36.74453,174.704865,5,False
esp32_device_001,2025-10-08T12:38:08.666667+13:00,46.2,-36.744496,174.704896,5,True
esp32_device_001,2025-10-08T12:38:10.333333+13:00,46.0,-36.744294,174.704852,5,True
esp32_device_001,2025-10-08T12:38:12+13:00,45.8,-36.744038,174.704758,5,False
esp32_device_001,2025-10-08T12:38:12.714286+13:00,45.9,-36.743985,174.704786,5,True
esp32_device_001,2025-10-08T12:38:13.428571+13:00,45.9,-36.743963,174.704781,5,True
esp32_device_001,2025-10-08T12:38:14.142857+13:00,46.0,-36.743515,174.704686,5,True
esp32_device_001,2025-10-08T12:38:14.857143+13:00,46.0,-36.743529,174.704519,5,True
esp32_device_001,2025-10-08T12:38:15.571429+13:00,46.1,-36.743520,174.703691,5,True
esp32_device_001,2025-10-08T12:38:16.285714+13:00,46.1,-36.743529,174.704519,5,True
esp32_device_001,2025-10-08T12:38:17+13:00,46.2,-36.743526,174.704651,5,False
esp32_device_001,2025-10-08T12:38:18.666667+13:00,46.3,-36.743515,174.704686,5,True
esp32_device_001,2025-10-08T12:38:20.333333+13:00,46.3,-36.743194,174.704617,5,True
esp32_device_001,2025-10-08T12:38:22+13:00,46.4,-36.743008,174.704544,5,False
esp32_device_001,2025-10-08T12:38:24.500000+13:00,45.8,-36.742702,174.704512,5,True
esp32_device_001,2025-10-08T12:38:27+13:00,45.2,-36.742519,174.704437,5,False
esp32_device_001,2025-10-08T12:38:32+13:00,44.9,-36.742352,174.704391,5,False
esp32_device_001,2025-10-08T12:38:32.277778+13:00,44.9,-36.742199,174.704418,5,True
esp32_device_001,2025-10-08T12:38:32.555556+13:00,44.8,-36.742056,174.704392,5,True
esp32_device_001,2025-10-08T12:38:32.833333+13:00,44.8,-36.741811,174.704347,5,True
esp32_device_001,2025-10-08T12:38:33.111111+13:00,44.7,-36.741563,174.704204,5,True
esp32_device_001,2025-10-08T12:38:33.388889+13:00,44.7,-36.741525,174.704177,5,True
esp32_device_001,2025-10-08T12:38:33.666667+13:00,44.6,-36.741484,174.704143,5,True
esp32_device_001,2025-10-08T12:38:33.944444+13:00,44.6,-36.741448,174.704099,5,True
esp32_device_001,2025-10-08T12:38:34.222222+13:00,44.5,-36.741430,174.704042,5,True
esp32_device_001,2025-10-08T12:38:34.500000+13:00,44.5,-36.741419,174.703980,5,True
esp32_device_001,2025-10-08T12:38:34.777778+13:00,44.5,-36.741409,174.703896,5,True
esp32_device_001,2025-10-08T12:38:35.055556+13:00,44.4,-36.741483,174.703649,5,True
esp32_device_001,2025-10-08T12:38:35.333333+13:00,44.4,-36.741570,174.703394,5,True
esp32_device_001,2025-10-08T12:38:35.611111+13:00,44.3,-36.741605,174.703287,5,True
esp32_device_001,2025-10-08T12:38:35.888889+13:00,44.3,-36.741793,174.703372,5,True
esp32_device_001,2025-10-08T12:38:36.166667+13:00,44.2,-36.741605,174.703914,5,True
esp32_device_001,2025-10-08T12:38:36.444444+13:00,44.2,-36.741682,174.704066,5,True
esp32_device_001,2025-10-08T12:38:36.722222+13:00,44.1,-36.742073,174.704139,5,True
esp32_device_001,2025-10-08T12:38:37+13:00,44.1,-36.742088,174.704315,5,False
esp32_device_001,2025-10-08T12:38:38.666667+13:00,43.5,-36.742056,174.704392,5,True
esp32_device_001,2025-10-08T12:38:40.333333+13:00,42.8,-36.741811,174.704347,5,True
esp32_device_001,2025-10-08T12:38:42+13:00,42.2,-36.741684,174.704224,5,False
esp32_device_001,2025-10-08T12:38:42.833333+13:00,42.1,-36.741563,174.704204,5,True
esp32_device_001,2025-10-08T12:38:43.666667+13:00,42.0,-36.741525,174.704177,5,True
esp32_device_001,2025-10-08T12:38:44.500000+13:00,41.9,-36.741484,174.704143,5,True
esp32_device_001,2025-10-08T12:38:45.333333+13:00,41.8,-36.741448,174.704099,5,True
esp32_device_001,2025-10-08T12:38:46.166667+13:00,41.7,-36.741430,174.704042,5,True
esp32_device_001,2025-10-08T12:38:47+13:00,41.6,-36.741455,174.703995,5,False
esp32_device_001,2025-10-08T12:38:48.250000+13:00,41.8,-36.741419,174.703980,5,True
esp32_device_001,2025-10-08T12:38:49.500000+13:00,42.0,-36.741409,174.703896,5,True
esp32_device_001,2025-10-08T12:38:50.750000+13:00,42.2,-36.741483,174.703649,5,True
esp32_device_001,2025-10-08T12:38:52+13:00,42.4,-36.741573,174.703568,5,False
esp32_device_001,2025-10-08T12:38:53.250000+13:00,42.7,-36.741570,174.703394,5,True
esp32_device_001,2025-10-08T12:38:54.500000+13:00,43.0,-36.741605,174.703287,5,True
esp32_device_001,2025-10-08T12:38:55.750000+13:00,43.4,-36.741648,174.703154,5,True
esp32_device_001,2025-10-08T12:38:57+13:00,43.7,-36.741756,174.702988,5,False
esp32_device_001,2025-10-08T12:38:58.666667+13:00,44.1,-36.741754,174.702826,5,True
esp32_device_001,2025-10-08T12:39:00.333333+13:00,44.4,-36.741807,174.702640,5,True
esp32_device_001,2025-10-08T12:39:02+13:00,44.8,-36.741943,174.702332,5,False
esp32_device_001,2025-10-08T12:39:03.250000+13:00,44.9,-36.741921,174.702213,5,True
esp32_device_001,2025-10-08T12:39:04.500000+13:00,45.0,-36.741964,174.702027,5,True
esp32_device_001,2025-10-08T12:39:05.750000+13:00,45.2,-36.741986,174.701928,5,True
esp32_device_001,2025-10-08T12:39:07+13:00,45.3,-36.742096,174.70166,5,False
esp32_device_001,2025-10-08T12:39:12+13:00,45.7,-36.742233,174.700989,5,False
esp32_device_001,2025-10-08T12:39:12.833333+13:00,45.5,-36.742213,174.700911,5,True
esp32_device_001,2025-10-08T12:39:13.666667+13:00,45.2,-36.742232,174.700819,5,True
esp32_device_001,2025-10-08T12:39:14.500000+13:00,45.0,-36.742248,174.700721,5,True
esp32_device_001,2025-10-08T12:39:15.333333+13:00,44.8,-36.742263,174.700568,5,True
esp32_device_001,2025-10-08T12:39:16.166667+13:00,44.5,-36.742271,174.700413,5,True
esp32_device_001,2025-10-08T12:39:17+13:00,44.3,-36.742317,174.700317,5,False
esp32_device_001,2025-10-08T12:39:18+13:00,43.6,-36.742278,174.700260,5,True
esp32_device_001,2025-10-08T12:39:19+13:00,42.9,-36.742278,174.700034,5,True
esp32_device_001,2025-10-08T12:39:20+13:00,42.2,-36.742278,174.699921,5,True
esp32_device_001,2025-10-08T12:39:21+13:00,41.5,-36.742281,174.699785,5,True
esp32_device_001,2025-10-08T12:39:22+13:00,40.8,-36.742321,174.699661,5,False
esp32_device_001,2025-10-08T12:39:23.666667+13:00,39.8,-36.742288,174.699284,5,True
esp32_device_001,2025-10-08T12:39:25.333333+13:00,38.8,-36.742351,174.699286,5,True
esp32_device_001,2025-10-08T12:39:27+13:00,37.8,-36.742424,174.69931,5,False
esp32_device_001,2025-10-08T12:39:32+13:00,37.6,-36.742687,174.699295,5,False
esp32_device_001,2025-10-08T12:39:37+13:00,37.6,-36.742947,174.699295,5,False
esp32_device_001,2025-10-08T13:17:19+13:00,46.4,-36.747742,174.699295,6,False
esp32_device_001,2025-10-08T13:17:20.428571+13:00,46.7,-36.747782,174.699302,6,True
esp32_device_001,2025-10-08T13:17:21.857143+13:00,46.9,-36.747859,174.699369,6,True
esp32_device_001,2025-10-08T13:17:23.285714+13:00,47.2,-36.748054,174.699539,6,True
esp32_device_001,2025-10-08T13:17:24.714286+13:00,47.4,-36.748105,174.699584,6,True
esp32_device_001,2025-10-08T13:17:26.142857+13:00,47.7,-36.748381,174.699824,6,True
esp32_device_001,2025-10-08T13:17:27.571429+13:00,47.9,-36.748465,174.699898,6,True
esp32_device_001,2025-10-08T13:17:29+13:00,48.2,-36.748562,174.700012,6,False
esp32_device_001,2025-10-08T13:17:31.500000+13:00,48.8,-36.748641,174.700050,6,True
esp32_device_001,2025-10-08T13:17:34+13:00,49.3,-36.74897,174.700363,6,False
esp32_device_001,2025-10-08T13:17:35.250000+13:00,49.5,-36.749161,174.700508,6,True
esp32_device_001,2025-10-08T13:17:36.500000+13:00,49.7,-36.749220,174.700559,6,True
esp32_device_001,2025-10-08T13:17:37.750000+13:00,49.9,-36.749309,174.700636,6,True
esp32_device_001,2025-10-08T13:17:39+13:00,50.1,-36.749325,174.700684,6,False
esp32_device_001,2025-10-08T13:17:41.500000+13:00,50.5,-36.749363,174.700683,6,True
esp32_device_001,2025-10-08T13:17:44+13:00,50.8,-36.749687,174.700989,6,False
esp32_device_001,2025-10-08T13:17:44.833333+13:00,51.0,-36.749711,174.700986,6,True
esp32_device_001,2025-10-08T13:17:45.666667+13:00,51.3,-36.749748,174.701020,6,True
esp32_device_001,2025-10-08T13:17:46.500000+13:00,51.5,-36.749862,174.701132,6,True
esp32_device_001,2025-10-08T13:17:47.333333+13:00,51.7,-36.749910,174.701181,6,True
esp32_device_001,2025-10-08T13:17:48.166667+13:00,52.0,-36.750042,174.701327,6,True
esp32_device_001,2025-10-08T13:17:49+13:00,52.2,-36.750057,174.70137,6,False
esp32_device_001,2025-10-08T13:17:50+13:00,52.7,-36.750177,174.701483,6,True
esp32_device_001,2025-10-08T13:17:51+13:00,53.2,-36.750256,174.701578,6,True
esp32_device_001,2025-10-08T13:17:52+13:00,53.6,-36.750327,174.701679,6,True
esp32_device_001,2025-10-08T13:17:53+13:00,54.1,-36.750390,174.701774,6,True
esp32_device_001,2025-10-08T13:17:54+13:00,54.6,-36.750389,174.701813,6,False
esp32_device_001,2025-10-08T13:18:35+13:00,55,-36.750523,174.701965,6,False
esp32_device_001,2025-10-08T13:18:35.277778+13:00,55.0,-36.750580,174.702079,6,True
esp32_device_001,2025-10-08T13:18:35.555556+13:00,55.0,-36.750530,174.702126,6,True
esp32_device_001,2025-10-08T13:18:35.833333+13:00,55.0,-36.750324,174.702325,6,True
esp32_device_001,2025-10-08T13:18:36.111111+13:00,55.0,-36.750257,174.702391,6,True
esp32_device_001,2025-10-08T13:18:36.388889+13:00,55.0,-36.750199,174.702445,6,True
esp32_device_001,2025-10-08T13:18:36.666667+13:00,55.0,-36.750024,174.702613,6,True
esp32_device_001,2025-10-08T13:18:36.944444+13:00,55.0,-36.750128,174.702800,6,True
esp32_device_001,2025-10-08T13:18:37.222222+13:00,55.0,-36.750276,174.702659,6,True
esp32_device_001,2025-10-08T13:18:37.500000+13:00,55.0,-36.750303,174.702633,6,True
esp32_device_001,2025-10-08T13:18:37.777778+13:00,55.0,-36.750199,174.702445,6,True
esp32_device_001,2025-10-08T13:18:38.055556+13:00,55.0,-36.750257,174.702391,6,True
esp32_device_001,2025-10-08T13:18:38.333333+13:00,55.0,-36.750324,174.702325,6,True
esp32_device_001,2025-10-08T13:18:38.611111+13:00,55.0,-36.750530,174.702126,6,True
esp32_device_001,2025-10-08T13:18:38.888889+13:00,55.0,-36.750580,174.702079,6,True
esp32_device_001,2025-10-08T13:18:39.166667+13:00,55.0,-36.750390,174.701774,6,True
esp32_device_001,2025-10-08T13:18:39.444444+13:00,55.0,-36.750327,174.701679,6,True
esp32_device_001,2025-10-08T13:18:39.722222+13:00,55.0,-36.750256,174.701578,6,True
esp32_device_001,2025-10-08T13:18:40+13:00,55,-36.750267,174.701523,6,False
esp32_device_001,2025-10-08T13:18:40.416667+13:00,55.0,-36.750315,174.701526,6,True
esp32_device_001,2025-10-08T13:18:40.833333+13:00,55.0,-36.750440,174.701412,6,True
esp32_device_001,2025-10-08T13:18:41.250000+13:00,55.0,-36.750254,174.701117,6,True
esp32_device_001,2025-10-08T13:18:41.666667+13:00,55.0,-36.750514,174.700863,6,True
esp32_device_001,2025-10-08T13:18:42.083333+13:00,55.0,-36.750450,174.700762,6,True
esp32_device_001,2025-10-08T13:18:42.500000+13:00,55.0,-36.750867,174.700353,6,True
esp32_device_001,2025-10-08T13:18:42.916667+13:00,55.0,-36.750751,174.700167,6,True
esp32_device_001,2025-10-08T13:18:43.333333+13:00,55.0,-36.750714,174.700106,6,True
esp32_device_001,2025-10-08T13:18:43.750000+13:00,55.0,-36.750133,174.700793,6,True
esp32_device_001,2025-10-08T13:18:44.166667+13:00,55.0,-36.749998,174.700955,6,True
esp32_device_001,2025-10-08T13:18:44.583333+13:00,55.0,-36.749909,174.701070,6,True
esp32_device_001,2025-10-08T13:18:45+13:00,55,-36.749897,174.701111,6,False
esp32_device_001,2025-10-08T13:18:46.250000+13:00,55.0,-36.749862,174.701132,6,True
esp32_device_001,2025-10-08T13:18:47.500000+13:00,55.0,-36.749748,174.701020,6,True
esp32_device_001,2025-10-08T13:18:48.750000+13:00,55.0,-36.749711,174.700986,6,True
esp32_device_001,2025-10-08T13:18:50+13:00,55,-36.749489,174.700745,6,False
esp32_device_001,2025-10-08T13:18:51+13:00,55.0,-36.749363,174.700683,6,True
esp32_device_001,2025-10-08T13:18:52+13:00,55.0,-36.749309,174.700636,6,True
esp32_device_001,2025-10-08T13:18:53+13:00,55.0,-36.749220,174.700559,6,True
esp32_device_001,2025-10-08T13:18:54+13:00,55.0,-36.749161,174.700508,6,True
esp32_device_001,2025-10-08T13:18:55+13:00,55,-36.749069,174.700378,6,False
esp32_device_001,2025-10-08T13:18:57.500000+13:00,55.0,-36.748641,174.700050,6,True
esp32_device_001,2025-10-08T13:19:00+13:00,55,-36.748657,174.700012,6,False
esp32_device_001,2025-10-08T13:19:00.714286+13:00,55.0,-36.748713,174.699910,6,True
esp32_device_001,2025-10-08T13:19:01.428571+13:00,55.0,-36.748840,174.699914,6,True
esp32_device_001,2025-10-08T13:19:02.142857+13:00,55.0,-36.748713,174.699910,6,True
esp32_device_001,2025-10-08T13:19:02.857143+13:00,55.0,-36.748641,174.700050,6,True
esp32_device_001,2025-10-08T13:19:03.571429+13:00,55.0,-36.748465,174.699898,6,True
esp32_device_001,2025-10-08T13:19:04.285714+13:00,55.0,-36.748381,174.699824,6,True
esp32_device_001,2025-10-08T13:19:05+13:00,55,-36.748211,174.699615,6,False
esp32_device_001,2025-10-08T13:19:05.833333+13:00,55.0,-36.748105,174.699584,6,True
esp32_device_001,2025-10-08T13:19:06.666667+13:00,55.0,-36.748054,174.699539,6,True
esp32_device_001,2025-10-08T13:19:07.500000+13:00,55.0,-36.747859,174.699369,6,True
esp32_device_001,2025-10-08T13:19:08.333333+13:00,55.0,-36.747782,174.699302,6,True
esp32_device_001,2025-10-08T13:19:09.166667+13:00,55.0,-36.747731,174.699257,6,True
esp32_device_001,2025-10-08T13:19:10+13:00,55,-36.747734,174.699203,6,False
esp32_device_001,2025-10-08T13:19:10.833333+13:00,55.0,-36.748044,174.698730,6,True
esp32_device_001,2025-10-08T13:19:11.666667+13:00,55.0,-36.747908,174.698624,6,True
esp32_device_001,2025-10-08T13:19:12.500000+13:00,55.0,-36.747604,174.699147,6,True
esp32_device_001,2025-10-08T13:19:13.333333+13:00,55.0,-36.747360,174.698933,6,True
esp32_device_001,2025-10-08T13:19:14.166667+13:00,55.0,-36.747288,174.698871,6,True
esp32_device_001,2025-10-08T13:19:15+13:00,55,-36.747292,174.698807,6,False
esp32_device_001,2025-10-08T13:19:15.178571+13:00,55.0,-36.747409,174.698672,6,True
esp32_device_001,2025-10-08T13:19:15.357143+13:00,55.0,-36.747169,174.698456,6,True
esp32_device_001,2025-10-08T13:19:15.535714+13:00,55.0,-36.747148,174.698429,6,True
esp32_device_001,2025-10-08T13:19:15.714286+13:00,55.0,-36.747137,174.698385,6,True
esp32_device_001,2025-10-08T13:19:15.892857+13:00,55.0,-36.747144,174.698353,6,True
esp32_device_001,2025-10-08T13:19:16.071429+13:00,55.0,-36.747437,174.697848,6,True
esp32_device_001,2025-10-08T13:19:16.250000+13:00,55.0,-36.747322,174.697751,6,True
esp32_device_001,2025-10-08T13:19:16.428571+13:00,55.0,-36.747203,174.697702,6,True
esp32_device_001,2025-10-08T13:19:16.607143+13:00,55.0,-36.747022,174.698103,6,True
esp32_device_001,2025-10-08T13:19:16.785714+13:00,55.0,-36.746955,174.698187,6,True
esp32_device_001,2025-10-08T13:19:16.964286+13:00,55.0,-36.746878,174.698304,6,True
esp32_device_001,2025-10-08T13:19:17.142857+13:00,55.0,-36.746828,174.698370,6,True
esp32_device_001,2025-10-08T13:19:17.321429+13:00,55.0,-36.746795,174.698378,6,True
esp32_device_001,2025-10-08T13:19:17.500000+13:00,55.0,-36.746770,174.698396,6,True
esp32_device_001,2025-10-08T13:19:17.678571+13:00,55.0,-36.746750,174.698422,6,True
esp32_device_001,2025-10-08T13:19:17.857143+13:00,55.0,-36.746738,174.698454,6,True
esp32_device_001,2025-10-08T13:19:18.035714+13:00,55.0,-36.746734,174.698490,6,True
esp32_device_001,2025-10-08T13:19:18.214286+13:00,55.0,-36.746740,174.698535,6,True
esp32_device_001,2025-10-08T13:19:18.392857+13:00,55.0,-36.746756,174.698567,6,True
esp32_device_001,2025-10-08T13:19:18.571429+13:00,55.0,-36.746779,174.698592,6,True
esp32_device_001,2025-10-08T13:19:18.750000+13:00,55.0,-36.746807,174.698607,6,True
esp32_device_001,2025-10-08T13:19:18.928571+13:00,55.0,-36.746837,174.698610,6,True
esp32_device_001,2025-10-08T13:19:19.107143+13:00,55.0,-36.746870,174.698600,6,True
esp32_device_001,2025-10-08T13:19:19.285714+13:00,55.0,-36.746995,174.698657,6,True
esp32_device_001,2025-10-08T13:19:19.464286+13:00,55.0,-36.747183,174.698779,6,True
esp32_device_001,2025-10-08T13:19:19.642857+13:00,55.0,-36.747051,174.698627,6,True
esp32_device_001,2025-10-08T13:19:19.821429+13:00,55.0,-36.746979,174.698550,6,True
esp32_device_001,2025-10-08T13:19:20+13:00,55,-36.746986,174.698517,6,False
esp32_device_001,2025-10-08T13:19:25+13:00,55,-36.746796,174.698395,6,False
esp32_device_001,2025-10-08T13:19:25.714286+13:00,55.0,-36.746770,174.698396,6,True
esp32_device_001,2025-10-08T13:19:26.428571+13:00,55.0,-36.746750,174.698422,6,True
esp32_device_001,2025-10-08T13:19:27.142857+13:00,55.0,-36.746738,174.698454,6,True
esp32_device_001,2025-10-08T13:19:27.857143+13:00,55.0,-36.746734,174.698490,6,True
esp32_device_001,2025-10-08T13:19:28.571429+13:00,55.0,-36.746740,174.698535,6,True
esp32_device_001,2025-10-08T13:19:29.285714+13:00,55.0,-36.746723,174.698638,6,True
esp32_device_001,2025-10-08T13:19:30+13:00,55,-36.746708,174.698715,6,False
esp32_device_001,2025-10-08T13:19:31.666667+13:00,55.0,-36.746641,174.698879,6,True
esp32_device_001,2025-10-08T13:19:33.333333+13:00,55.0,-36.746569,174.699016,6,True
esp32_device_001,2025-10-08T13:19:35+13:00,55,-36.746506,174.699158,6,False
esp32_device_001,2025-10-08T13:19:36.250000+13:00,55.0,-36.746472,174.699227,6,True
esp32_device_001,2025-10-08T13:19:37.500000+13:00,55.0,-36.746350,174.699449,6,True
esp32_device_001,2025-10-08T13:19:38.750000+13:00,55.0,-36.746326,174.699479,6,True
esp32_device_001,2025-10-08T13:19:40+13:00,55,-36.746269,174.699524,6,False
esp32_device_001,2025-10-08T13:19:40.833333+13:00,55.0,-36.746251,174.699538,6,True
esp32_device_001,2025-10-08T13:19:41.666667+13:00,55.0,-36.746210,174.699562,6,True
esp32_device_001,2025-10-08T13:19:42.500000+13:00,55.0,-36.746161,174.699583,6,True
esp32_device_001,2025-10-08T13:19:43.333333+13:00,55.0,-36.746095,174.699600,6,True
esp32_device_001,2025-10-08T13:19:44.166667+13:00,55.0,-36.746039,174.699599,6,True
esp32_device_001,2025-10-08T13:19:45+13:00,55,-36.745934,174.69957,6,False
esp32_device_001,2025-10-08T13:19:46.666667+13:00,55.0,-36.745769,174.699563,6,True
esp32_device_001,2025-10-08T13:19:48.333333+13:00,55.0,-36.745689,174.699552,6,True
esp32_device_001,2025-10-08T13:19:50+13:00,55,-36.745522,174.699509,6,False
esp32_device_001,2025-10-08T13:19:51.666667+13:00,55.0,-36.745393,174.699512,6,True
esp32_device_001,2025-10-08T13:19:53.333333+13:00,55.0,-36.745175,174.699482,6,True
esp32_device_001,2025-10-08T13:19:55+13:00,55,-36.74511,174.699448,6,False
esp32_device_001,2025-10-08T13:19:56.250000+13:00,55.0,-36.745065,174.699467,6,True
esp32_device_001,2025-10-08T13:19:57.500000+13:00,55.0,-36.744874,174.699441,6,True
esp32_device_001,2025-10-08T13:19:58.750000+13:00,55.0,-36.744748,174.699424,6,True
esp32_device_001,2025-10-08T13:20:00+13:00,55,-36.744698,174.699387,6,False
esp32_device_001,2025-10-08T13:20:02.500000+13:00,55.0,-36.744473,174.699389,6,True
esp32_device_001,2025-10-08T13:20:05+13:00,55,-36.744267,174.699326,6,False
esp32_device_001,2025-10-08T13:20:45+13:00,41.1,-36.744225,174.699356,6,False
esp32_device_001,2025-10-08T13:20:45.714286+13:00,41.1,-36.744177,174.699343,6,True
esp32_device_001,2025-10-08T13:20:46.428571+13:00,41.1,-36.744164,174.699596,6,True
esp32_device_001,2025-10-08T13:20:47.142857+13:00,41.1,-36.743955,174.699560,6,True
esp32_device_001,2025-10-08T13:20:47.857143+13:00,41.1,-36.744164,174.699596,6,True
esp32_device_001,2025-10-08T13:20:48.571429+13:00,41.1,-36.744177,174.699343,6,True
esp32_device_001,2025-10-08T13:20:49.285714+13:00,41.1,-36.744473,174.699389,6,True
esp32_device_001,2025-10-08T13:20:50+13:00,41.1,-36.744617,174.699417,6,False
esp32_device_001,2025-10-08T13:20:58.750000+13:00,42.1,-36.744748,174.699424,6,True
esp32_device_001,2025-10-08T13:21:07.500000+13:00,43.0,-36.744874,174.699441,6,True
esp32_device_001,2025-10-08T13:21:16.250000+13:00,44.0,-36.745065,174.699467,6,True
esp32_device_001,2025-10-08T13:21:25+13:00,45,-36.745129,174.699478,6,False
esp32_device_001,2025-10-08T13:21:26.666667+13:00,45.0,-36.745175,174.699482,6,True
esp32_device_001,2025-10-08T13:21:28.333333+13:00,45.0,-36.745393,174.699512,6,True
esp32_device_001,2025-10-08T13:21:30+13:00,45,-36.74559,174.699554,6,False
esp32_device_001,2025-10-08T13:21:31.250000+13:00,45.0,-36.745689,174.699552,6,True
esp32_device_001,2025-10-08T13:21:32.500000+13:00,45.0,-36.745769,174.699563,6,True
esp32_device_001,2025-10-08T13:21:33.750000+13:00,45.0,-36.746039,174.699599,6,True
esp32_device_001,2025-10-08T13:21:35+13:00,45,-36.746082,174.6996,6,False
esp32_device_001,2025-10-08T13:21:35.714286+13:00,45.0,-36.746095,174.699600,6,True
esp32_device_001,2025-10-08T13:21:36.428571+13:00,45.0,-36.746161,174.699583,6,True
esp32_device_001,2025-10-08T13:21:37.142857+13:00,45.0,-36.746210,174.699562,6,True
esp32_device_001,2025-10-08T13:21:37.857143+13:00,45.0,-36.746251,174.699538,6,True
esp32_device_001,2025-10-08T13:21:38.571429+13:00,45.0,-36.746326,174.699479,6,True
esp32_device_001,2025-10-08T13:21:39.285714+13:00,45.0,-36.746350,174.699449,6,True
esp32_device_001,2025-10-08T13:21:40+13:00,45,-36.746414,174.699356,6,False
esp32_device_001,2025-10-08T13:21:41.250000+13:00,45.0,-36.746472,174.699227,6,True
esp32_device_001,2025-10-08T13:21:42.500000+13:00,45.0,-36.746569,174.699016,6,True
esp32_device_001,2025-10-08T13:21:43.750000+13:00,45.0,-36.746641,174.698879,6,True
esp32_device_001,2025-10-08T13:21:45+13:00,45,-36.746658,174.698868,6,False
esp32_device_001,2025-10-08T13:21:50+13:00,45,-36.746811,174.698639,6,False
esp32_device_001,2025-10-08T13:21:55+13:00,45,-36.746902,174.698425,6,False
esp32_device_001,2025-10-08T13:21:55.714286+13:00,45.0,-36.746893,174.698398,6,True
esp32_device_001,2025-10-08T13:21:56.428571+13:00,45.0,-36.746862,174.698377,6,True
esp32_device_001,2025-10-08T13:21:57.142857+13:00,45.0,-36.746828,174.698370,6,True
esp32_device_001,2025-10-08T13:21:57.857143+13:00,45.0,-36.746795,174.698378,6,True
esp32_device_001,2025-10-08T13:21:58.571429+13:00,45.0,-36.746713,174.698350,6,True
esp32_device_001,2025-10-08T13:21:59.285714+13:00,45.0,-36.746676,174.698327,6,True
esp32_device_001,2025-10-08T13:22:00+13:00,45,-36.746593,174.698257,6,False
esp32_device_001,2025-10-08T13:22:01.666667+13:00,45.0,-36.746463,174.698224,6,True
esp32_device_001,2025-10-08T13:22:03.333333+13:00,45.0,-36.746372,174.698163,6,True
esp32_device_001,2025-10-08T13:22:05+13:00,45,-36.746201,174.698013,6,False
esp32_device_001,2025-10-08T13:22:10+13:00,45.1,-36.746098,174.697952,6,False
esp32_device_001,2025-10-08T13:22:15+13:00,45.1,-36.746025,174.698044,6,False
esp32_device_001,2025-10-08T13:32:33+13:00,51,-36.746029,174.698074,6,False
esp32_device_001,2025-10-08T13:32:34.538462+13:00,50.8,-36.745986,174.698197,6,True
esp32_device_001,2025-10-08T13:32:36.076923+13:00,50.6,-36.746148,174.698279,6,True
esp32_device_001,2025-10-08T13:32:37.615385+13:00,50.4,-36.745986,174.698197,6,True
esp32_device_001,2025-10-08T13:32:39.153846+13:00,50.2,-36.746030,174.698040,6,True
esp32_device_001,2025-10-08T13:32:40.692308+13:00,50.0,-36.746052,174.697960,6,True
esp32_device_001,2025-10-08T13:32:42.230769+13:00,49.8,-36.746372,174.698163,6,True
esp32_device_001,2025-10-08T13:32:43.769231+13:00,49.5,-36.746463,174.698224,6,True
esp32_device_001,2025-10-08T13:32:45.307692+13:00,49.3,-36.746586,174.698350,6,True
esp32_device_001,2025-10-08T13:32:46.846154+13:00,49.1,-36.746624,174.698382,6,True
esp32_device_001,2025-10-08T13:32:48.384615+13:00,48.9,-36.746685,174.698434,6,True
esp32_device_001,2025-10-08T13:32:49.923077+13:00,48.7,-36.746734,174.698490,6,True
esp32_device_001,2025-10-08T13:32:51.461538+13:00,48.5,-36.746740,174.698535,6,True
esp32_device_001,2025-10-08T13:32:53+13:00,48.3,-36.746727,174.698547,6,False
esp32_device_001,2025-10-08T13:33:02.285714+13:00,48.1,-36.746723,174.698638,6,True
esp32_device_001,2025-10-08T13:33:11.571429+13:00,48.0,-36.746641,174.698879,6,True
esp32_device_001,2025-10-08T13:33:20.857143+13:00,47.8,-36.746569,174.699016,6,True
esp32_device_001,2025-10-08T13:33:30.142857+13:00,47.6,-36.746472,174.699227,6,True
esp32_device_001,2025-10-08T13:33:39.428571+13:00,47.4,-36.746350,174.699449,6,True
esp32_device_001,2025-10-08T13:33:48.714286+13:00,47.3,-36.746326,174.699479,6,True
esp32_device_001,2025-10-08T13:33:58+13:00,47.1,-36.746246,174.699524,6,False
esp32_device_001,2025-10-08T13:33:59+13:00,46.9,-36.746210,174.699562,6,True
esp32_device_001,2025-10-08T13:34:00+13:00,46.8,-36.746161,174.699583,6,True
esp32_device_001,2025-10-08T13:34:01+13:00,46.6,-36.746095,174.699600,6,True
esp32_device_001,2025-10-08T13:34:02+13:00,46.5,-36.746039,174.699599,6,True
esp32_device_001,2025-10-08T13:34:03+13:00,46.3,-36.745895,174.699554,6,False
esp32_device_001,2025-10-08T13:34:04.666667+13:00,46.1,-36.745769,174.699563,6,True
esp32_device_001,2025-10-08T13:34:06.333333+13:00,45.9,-36.745689,174.699552,6,True
esp32_device_001,2025-10-08T13:34:08+13:00,45.7,-36.745438,174.699493,6,False
esp32_device_001,2025-10-08T13:34:09.250000+13:00,45.4,-36.745393,174.699512,6,True
esp32_device_001,2025-10-08T13:34:10.500000+13:00,45.2,-36.745175,174.699482,6,True
esp32_device_001,2025-10-08T13:34:11.750000+13:00,44.9,-36.745065,174.699467,6,True
esp32_device_001,2025-10-08T13:34:13+13:00,44.6,-36.744923,174.699417,6,False
esp32_device_001,2025-10-08T13:34:14.250000+13:00,44.3,-36.744874,174.699441,6,True
esp32_device_001,2025-10-08T13:34:15.500000+13:00,44.0,-36.744748,174.699424,6,True
esp32_device_001,2025-10-08T13:34:16.750000+13:00,43.7,-36.744473,174.699389,6,True
esp32_device_001,2025-10-08T13:34:18+13:00,43.4,-36.744392,174.699341,6,False
esp32_device_001,2025-10-08T13:34:19.666667+13:00,43.0,-36.744177,174.699343,6,True
esp32_device_001,2025-10-08T13:34:21.333333+13:00,42.6,-36.743864,174.699304,6,True
esp32_device_001,2025-10-08T13:34:23+13:00,42.2,-36.743835,174.69928,6,False
esp32_device_001,2025-10-08T13:34:25.500000+13:00,41.9,-36.743714,174.699293,6,True
esp32_device_001,2025-10-08T13:34:28+13:00,41.6,-36.743569,174.699289,6,True
esp32_device_001,2025-10-08T13:34:30.500000+13:00,41.3,-36.743001,174.699288,6,True
esp32_device_001,2025-10-08T13:34:33+13:00,41,-36.742744,174.699249,6,False
esp32_device_001,2025-10-08T13:34:44.250000+13:00,41.3,-36.742653,174.699287,6,True
esp32_device_001,2025-10-08T13:34:55.500000+13:00,41.5,-36.742351,174.699286,6,True
esp32_device_001,2025-10-08T13:35:06.750000+13:00,41.8,-36.742288,174.699284,6,True
esp32_device_001,2025-10-08T13:35:18+13:00,42.1,-36.742279,174.699356,6,False
esp32_device_001,2025-10-08T13:35:20.545455+13:00,42.1,-36.742281,174.699785,6,True
esp32_device_001,2025-10-08T13:35:23.090909+13:00,42.1,-36.742278,174.699921,6,True
esp32_device_001,2025-10-08T13:35:25.636364+13:00,42.2,-36.742278,174.700034,6,True
esp32_device_001,2025-10-08T13:35:28.181818+13:00,42.2,-36.742278,174.700260,6,True
esp32_device_001,2025-10-08T13:35:30.727273+13:00,42.2,-36.742271,174.700413,6,True
esp32_device_001,2025-10-08T13:35:33.272727+13:00,42.2,-36.742263,174.700568,6,True
esp32_device_001,2025-10-08T13:35:35.818182+13:00,42.3,-36.742248,174.700721,6,True
esp32_device_001,2025-10-08T13:35:38.363636+13:00,42.3,-36.742232,174.700819,6,True
esp32_device_001,2025-10-08T13:35:40.909091+13:00,42.3,-36.742213,174.700911,6,True
esp32_device_001,2025-10-08T13:35:43.454545+13:00,42.3,-36.742049,174.701649,6,True
esp32_device_001,2025-10-08T13:35:46+13:00,42.4,-36.741986,174.701928,6,True
esp32_device_001,2025-10-08T13:35:48.545455+13:00,42.4,-36.741964,174.702027,6,True
esp32_device_001,2025-10-08T13:35:51.090909+13:00,42.4,-36.741921,174.702213,6,True
esp32_device_001,2025-10-08T13:35:53.636364+13:00,42.4,-36.741807,174.702640,6,True
esp32_device_001,2025-10-08T13:35:56.181818+13:00,42.5,-36.741754,174.702826,6,True
esp32_device_001,2025-10-08T13:35:58.727273+13:00,42.5,-36.741648,174.703154,6,True
esp32_device_001,2025-10-08T13:36:01.272727+13:00,42.5,-36.741605,174.703287,6,True
esp32_device_001,2025-10-08T13:36:03.818182+13:00,42.5,-36.741570,174.703394,6,True
esp32_device_001,2025-10-08T13:36:06.363636+13:00,42.5,-36.741483,174.703649,6,True
esp32_device_001,2025-10-08T13:36:08.909091+13:00,42.6,-36.741409,174.703896,6,True
esp32_device_001,2025-10-08T13:36:11.454545+13:00,42.6,-36.741363,174.704046,6,True
esp32_device_001,2025-10-08T13:36:14+13:00,42.6,-36.741350,174.704100,6,True
esp32_device_001,2025-10-08T13:36:16.545455+13:00,42.6,-36.741336,174.704175,6,True
esp32_device_001,2025-10-08T13:36:19.090909+13:00,42.7,-36.741327,174.704243,6,True
esp32_device_001,2025-10-08T13:36:21.636364+13:00,42.7,-36.741194,174.704214,6,True
esp32_device_001,2025-10-08T13:36:24.181818+13:00,42.7,-36.741171,174.704208,6,True
esp32_device_001,2025-10-08T13:36:26.727273+13:00,42.7,-36.740882,174.704144,6,True
esp32_device_001,2025-10-08T13:36:29.272727+13:00,42.8,-36.740767,174.704124,6,True
esp32_device_001,2025-10-08T13:36:31.818182+13:00,42.8,-36.740560,174.704091,6,True
esp32_device_001,2025-10-08T13:36:34.363636+13:00,42.8,-36.740238,174.704040,6,True
esp32_device_001,2025-10-08T13:36:36.909091+13:00,42.8,-36.739999,174.704002,6,True
esp32_device_001,2025-10-08T13:36:39.454545+13:00,42.9,-36.739683,174.703959,6,True
esp32_device_001,2025-10-08T13:36:42+13:00,42.9,-36.739543,174.703939,6,True
esp32_device_001,2025-10-08T13:36:44.545455+13:00,42.9,-36.739345,174.703907,6,True
esp32_device_001,2025-10-08T13:36:47.090909+13:00,42.9,-36.739141,174.703880,6,True
esp32_device_001,2025-10-08T13:36:49.636364+13:00,43.0,-36.738958,174.703854,6,True
esp32_device_001,2025-10-08T13:36:52.181818+13:00,43.0,-36.738723,174.703816,6,True
esp32_device_001,2025-10-08T13:36:54.727273+13:00,43.0,-36.738457,174.703785,6,True
esp32_device_001,2025-10-08T13:36:57.272727+13:00,43.0,-36.738354,174.703774,6,True
esp32_device_001,2025-10-08T13:36:59.818182+13:00,43.0,-36.738212,174.703777,6,True
esp32_device_001,2025-10-08T13:37:02.363636+13:00,43.1,-36.738108,174.703792,6,True
esp32_device_001,2025-10-08T13:37:04.909091+13:00,43.1,-36.737928,174.703848,6,True
esp32_device_001,2025-10-08T13:37:07.454545+13:00,43.1,-36.737423,174.704068,6,True
esp32_device_001,2025-10-08T13:37:10+13:00,43.1,-36.737052,174.704250,6,True
esp32_device_001,2025-10-08T13:37:12.545455+13:00,43.2,-36.736772,174.704401,6,True
esp32_device_001,2025-10-08T13:37:15.090909+13:00,43.2,-36.736644,174.704476,6,True
esp32_device_001,2025-10-08T13:37:17.636364+13:00,43.2,-36.736578,174.704514,6,True
esp32_device_001,2025-10-08T13:37:20.181818+13:00,43.2,-36.736522,174.704551,6,True
esp32_device_001,2025-10-08T13:37:22.727273+13:00,43.3,-36.736463,174.704593,6,True
esp32_device_001,2025-10-08T13:37:25.272727+13:00,43.3,-36.736395,174.704652,6,True
esp32_device_001,2025-10-08T13:37:27.818182+13:00,43.3,-36.736340,174.704714,6,True
esp32_device_001,2025-10-08T13:37:30.363636+13:00,43.3,-36.736286,174.704782,6,True
esp32_device_001,2025-10-08T13:37:32.909091+13:00,43.4,-36.736175,174.704949,6,True
esp32_device_001,2025-10-08T13:37:35.454545+13:00,43.4,-36.736018,174.705196,6,True
esp32_device_001,2025-10-08T13:37:38+13:00,43.4,-36.735851,174.705429,6,False
esp32_device_001,2025-10-08T13:37:40.500000+13:00,47.6,-36.735855,174.705462,6,True
esp32_device_001,2025-10-08T13:37:43+13:00,51.8,-36.735508,174.706055,6,False
esp32_device_001,2025-10-08T13:37:43.833333+13:00,53.3,-36.735520,174.706085,6,True
esp32_device_001,2025-10-08T13:37:44.666667+13:00,54.7,-36.735446,174.706198,6,True
esp32_device_001,2025-10-08T13:37:45.500000+13:00,56.2,-36.735368,174.706292,6,True
esp32_device_001,2025-10-08T13:37:46.333333+13:00,57.7,-36.735279,174.706377,6,True
esp32_device_001,2025-10-08T13:37:47.166667+13:00,59.1,-36.735188,174.706450,6,True
esp32_device_001,2025-10-08T13:37:48+13:00,60.6,-36.735062,174.706467,6,False
esp32_device_001,2025-10-08T13:37:50.666667+13:00,60.3,-36.734824,174.706667,6,True
esp32_device_001,2025-10-08T13:37:53.333333+13:00,59.9,-36.734757,174.706711,6,True
esp32_device_001,2025-10-08T13:37:56+13:00,59.6,-36.734695,174.706764,6,True
esp32_device_001,2025-10-08T13:37:58.666667+13:00,59.3,-36.734646,174.706810,6,True
esp32_device_001,2025-10-08T13:38:01.333333+13:00,58.9,-36.734615,174.706845,6,True
esp32_device_001,2025-10-08T13:38:04+13:00,58.6,-36.734276,174.707237,6,True
esp32_device_001,2025-10-08T13:38:06.666667+13:00,58.3,-36.734200,174.707318,6,True
esp32_device_001,2025-10-08T13:38:09.333333+13:00,57.9,-36.734069,174.707452,6,True
esp32_device_001,2025-10-08T13:38:12+13:00,57.6,-36.733888,174.707604,6,True
esp32_device_001,2025-10-08T13:38:14.666667+13:00,57.3,-36.733839,174.707653,6,True
esp32_device_001,2025-10-08T13:38:17.333333+13:00,56.9,-36.733723,174.707750,6,True
esp32_device_001,2025-10-08T13:38:20+13:00,56.6,-36.733699,174.707770,6,True
esp32_device_001,2025-10-08T13:38:22.666667+13:00,56.3,-36.733632,174.707825,6,True
esp32_device_001,2025-10-08T13:38:25.333333+13:00,55.9,-36.733532,174.707905,6,True
esp32_device_001,2025-10-08T13:38:28+13:00,55.6,-36.733477,174.707951,6,True
esp32_device_001,2025-10-08T13:38:30.666667+13:00,55.3,-36.733342,174.708065,6,True
esp32_device_001,2025-10-08T13:38:33.333333+13:00,54.9,-36.733232,174.708161,6,True
esp32_device_001,2025-10-08T13:38:36+13:00,54.6,-36.733161,174.708222,6,True
esp32_device_001,2025-10-08T13:38:38.666667+13:00,54.3,-36.733052,174.708309,6,True
esp32_device_001,2025-10-08T13:38:41.333333+13:00,53.9,-36.732956,174.708376,6,True
esp32_device_001,2025-10-08T13:38:44+13:00,53.6,-36.732877,174.708422,6,True
esp32_device_001,2025-10-08T13:38:46.666667+13:00,53.3,-36.732779,174.708387,6,True
esp32_device_001,2025-10-08T13:38:49.333333+13:00,52.9,-36.732756,174.708369,6,True
esp32_device_001,2025-10-08T13:38:52+13:00,52.6,-36.732749,174.708360,6,True
esp32_device_001,2025-10-08T13:38:54.666667+13:00,52.3,-36.732736,174.708344,6,True
esp32_device_001,2025-10-08T13:38:57.333333+13:00,51.9,-36.732711,174.708296,6,True
esp32_device_001,2025-10-08T13:39:00+13:00,51.6,-36.732678,174.708232,6,True
esp32_device_001,2025-10-08T13:39:02.666667+13:00,51.3,-36.732609,174.708294,6,True
esp32_device_001,2025-10-08T13:39:05.333333+13:00,50.9,-36.732454,174.708394,6,True
esp32_device_001,2025-10-08T13:39:08+13:00,50.6,-36.732327,174.708389,6,False
esp32_device_001,2025-10-08T13:39:16.333333+13:00,51.7,-36.732235,174.708432,6,True
esp32_device_001,2025-10-08T13:39:24.666667+13:00,52.9,-36.732166,174.708389,6,True
esp32_device_001,2025-10-08T13:39:33+13:00,54,-36.732059,174.708267,6,False
esp32_device_001,2025-10-08T13:40:13+13:00,63.1,-36.732067,174.708282,6,False
esp32_device_001,2025-10-08T14:26:27+13:00,68.7,-36.732052,174.70813,7,False
esp32_device_001,2025-10-08T14:26:32+13:00,72,-36.73193,174.707947,7,False
esp32_device_001,2025-10-08T14:26:37+13:00,73.3,-36.731823,174.707764,7,False
esp32_device_001,2025-10-08T14:26:42+13:00,74.9,-36.731686,174.707733,7,False
esp32_device_001,2025-10-08T14:26:47+13:00,74.8,-36.731522,174.707794,7,False
esp32_device_001,2025-10-08T14:26:52+13:00,72.4,-36.731327,174.707855,7,False
esp32_device_001,2025-10-08T14:26:57+13:00,69.5,-36.731262,174.707703,7,False
esp32_device_001,2025-10-08T14:27:02+13:00,66.4,-36.731209,174.707428,7,False
esp32_device_001,2025-10-08T14:27:07+13:00,64.4,-36.731205,174.70723,7,False
esp32_device_001,2025-10-08T14:27:12+13:00,63.8,-36.731377,174.707077,7,False
esp32_device_001,2025-10-08T14:27:17+13:00,63.2,-36.731518,174.70694,7,False
esp32_device_001,2025-10-08T14:27:22+13:00,63.6,-36.731674,174.706802,7,False
esp32_device_001,2025-10-08T14:27:27+13:00,63,-36.731705,174.706589,7,False
esp32_device_001,2025-10-08T14:27:32+13:00,62,-36.731579,174.706375,7,False
esp32_device_001,2025-10-08T14:27:37+13:00,61.6,-36.73151,174.706223,7,False
esp32_device_001,2025-10-08T14:27:42+13:00,61.1,-36.731441,174.706116,7,False
esp32_device_001,2025-10-08T14:27:47+13:00,59.4,-36.73138,174.706009,7,False
esp32_device_001,2025-10-08T14:27:52+13:00,58.7,-36.731331,174.705933,7,False
esp32_device_001,2025-10-08T14:27:57+13:00,58,-36.731236,174.70578,7,False
esp32_device_001,2025-10-08T14:28:02+13:00,56.9,-36.731148,174.705643,7,False
esp32_device_001,2025-10-08T14:28:07+13:00,57.1,-36.731075,174.705521,7,False
esp32_device_001,2025-10-08T14:28:12+13:00,57.2,-36.730988,174.705368,7,False
esp32_device_001,2025-10-08T14:28:17+13:00,56.5,-36.730904,174.705231,7,False
esp32_device_001,2025-10-08T14:28:22+13:00,56.3,-36.730804,174.705078,7,False
esp32_device_001,2025-10-08T14:28:27+13:00,56.5,-36.730667,174.705139,7,False
esp32_device_001,2025-10-08T14:28:32+13:00,56.9,-36.730724,174.705307,7,False
esp32_device_001,2025-10-08T14:28:37+13:00,56.7,-36.730808,174.70546,7,False
esp32_device_001,2025-10-08T14:28:42+13:00,56.4,-36.730885,174.705597,7,False
esp32_device_001,2025-10-08T14:28:47+13:00,56,-36.730961,174.705566,7,False
esp32_device_001,2025-10-08T14:37:43+13:00,57.5,-36.730854,174.705444,7,False
esp32_device_001,2025-10-08T14:37:48+13:00,56.4,-36.73077,174.705307,7,False
esp32_device_001,2025-10-08T14:37:53+13:00,55.7,-36.730686,174.7052,7,False
esp32_device_001,2025-10-08T14:37:58+13:00,56,-36.730549,174.705231,7,False
esp32_device_001,2025-10-08T14:38:03+13:00,56.4,-36.730366,174.705399,7,False
esp32_device_001,2025-10-08T14:38:08+13:00,58.2,-36.730259,174.70549,7,False
esp32_device_001,2025-10-08T14:38:13+13:00,60.8,-36.73016,174.705582,7,False
esp32_device_001,2025-10-08T14:38:18+13:00,59.8,-36.730133,174.705597,7,False
esp32_device_001,2025-10-08T14:38:23+13:00,59.1,-36.729961,174.705505,7,False
esp32_device_001,2025-10-08T14:38:24+13:00,58.7,-36.729949,174.705499,7,True
esp32_device_001,2025-10-08T14:38:25+13:00,58.3,-36.729877,174.705427,7,True
esp32_device_001,2025-10-08T14:38:26+13:00,58.0,-36.729809,174.705363,7,True
esp32_device_001,2025-10-08T14:38:27+13:00,57.6,-36.729734,174.705293,7,True
esp32_device_001,2025-10-08T14:38:28+13:00,57.2,-36.729671,174.705246,7,False
esp32_device_001,2025-10-08T14:38:33+13:00,56.3,-36.7295,174.705124,7,False
esp32_device_001,2025-10-08T14:38:38+13:00,55.1,-36.72934,174.704971,7,False
esp32_device_001,2025-10-08T14:38:38.500000+13:00,55.0,-36.729304,174.704972,7,True
esp32_device_001,2025-10-08T14:38:39+13:00,54.8,-36.729302,174.704921,7,True
esp32_device_001,2025-10-08T14:38:39.500000+13:00,54.6,-36.729289,174.704872,7,True
esp32_device_001,2025-10-08T14:38:40+13:00,54.5,-36.729268,174.704829,7,True
esp32_device_001,2025-10-08T14:38:40.500000+13:00,54.4,-36.729232,174.704787,7,True
esp32_device_001,2025-10-08T14:38:41+13:00,54.2,-36.729187,174.704761,7,True
esp32_device_001,2025-10-08T14:38:41.500000+13:00,54.1,-36.729139,174.704752,7,True
esp32_device_001,2025-10-08T14:38:42+13:00,53.9,-36.729090,174.704762,7,True
esp32_device_001,2025-10-08T14:38:42.500000+13:00,53.8,-36.729059,174.704778,7,True
esp32_device_001,2025-10-08T14:38:43+13:00,53.6,-36.729073,174.704819,7,False
esp32_device_001,2025-10-08T14:38:43.714286+13:00,53.6,-36.729018,174.704819,7,True
esp32_device_001,2025-10-08T14:38:44.428571+13:00,53.7,-36.728989,174.704874,7,True
esp32_device_001,2025-10-08T14:38:45.142857+13:00,53.7,-36.728975,174.704937,7,True
esp32_device_001,2025-10-08T14:38:45.857143+13:00,53.7,-36.728979,174.705003,7,True
esp32_device_001,2025-10-08T14:38:46.571429+13:00,53.7,-36.728987,174.705038,7,True
esp32_device_001,2025-10-08T14:38:47.285714+13:00,53.8,-36.729001,174.705070,7,True
esp32_device_001,2025-10-08T14:38:48+13:00,53.8,-36.728989,174.705215,7,False
esp32_device_001,2025-10-08T14:38:49+13:00,54.1,-36.728983,174.705262,7,True
esp32_device_001,2025-10-08T14:38:50+13:00,54.4,-36.728988,174.705308,7,True
esp32_device_001,2025-10-08T14:38:51+13:00,54.7,-36.729009,174.705521,7,True
esp32_device_001,2025-10-08T14:38:52+13:00,55.0,-36.729022,174.705686,7,True
esp32_device_001,2025-10-08T14:38:53+13:00,55.3,-36.729004,174.70578,7,False
esp32_device_001,2025-10-08T14:38:54.250000+13:00,55.6,-36.729036,174.705876,7,True
esp32_device_001,2025-10-08T14:38:55.500000+13:00,56.0,-36.729063,174.706148,7,True
esp32_device_001,2025-10-08T14:38:56.750000+13:00,56.4,-36.729081,174.706268,7,True
esp32_device_001,2025-10-08T14:38:58+13:00,56.7,-36.729088,174.706329,7,False
esp32_device_001,2025-10-08T14:38:59.666667+13:00,56.7,-36.729110,174.706368,7,True
esp32_device_001,2025-10-08T14:39:01.333333+13:00,56.8,-36.729210,174.706589,7,True
esp32_device_001,2025-10-08T14:39:03+13:00,56.8,-36.729225,174.706665,7,False
esp32_device_001,2025-10-08T14:39:08+13:00,58.9,-36.729309,174.706696,7,False
esp32_device_001,2025-10-08T14:39:13+13:00,59,-36.729321,174.706757,7,False
esp32_device_001,2025-10-08T14:39:14.666667+13:00,58.9,-36.729270,174.706728,7,True
esp32_device_001,2025-10-08T14:39:16.333333+13:00,58.7,-36.729210,174.706589,7,True
esp32_device_001,2025-10-08T14:39:18+13:00,58.6,-36.729206,174.706406,7,False
esp32_device_001,2025-10-08T14:39:22+13:00,56.6,-36.729110,174.706368,7,True
esp32_device_001,2025-10-08T14:39:26+13:00,54.6,-36.729081,174.706268,7,True
esp32_device_001,2025-10-08T14:39:30+13:00,52.5,-36.729125,174.706236,7,True
esp32_device_001,2025-10-08T14:39:34+13:00,50.5,-36.729221,174.706166,7,True
esp32_device_001,2025-10-08T14:39:38+13:00,48.5,-36.729473,174.706329,7,False
esp32_device_001,2025-10-08T14:39:43+13:00,42.2,-36.72937,174.706268,7,False
esp32_device_001,2025-10-08T14:39:48+13:00,38.6,-36.729355,174.706299,7,False
esp32_device_001,2025-10-08T14:39:53+13:00,21.4,-36.72937,174.706406,7,False
esp32_device_001,2025-10-08T14:39:58+13:00,38.6,-36.729473,174.706467,7,False
esp32_device_001,2025-10-08T14:40:03+13:00,51.7,-36.729477,174.706436,7,False
esp32_device_001,2025-10-08T16:00:48+13:00,6.8,-36.729034,174.70665,8,False
esp32_device_001,2025-10-08T16:00:48.357143+13:00,7.2,-36.728946,174.706530,8,True
esp32_device_001,2025-10-08T16:00:48.714286+13:00,7.6,-36.728947,174.706487,8,True
esp32_device_001,2025-10-08T16:00:49.071429+13:00,7.9,-36.728932,174.706425,8,True
esp32_device_001,2025-10-08T16:00:49.428571+13:00,8.3,-36.728865,174.706252,8,True
esp32_device_001,2025-10-08T16:00:49.785714+13:00,8.7,-36.728801,174.706084,8,True
esp32_device_001,2025-10-08T16:00:50.142857+13:00,9.1,-36.728760,174.705974,8,True
esp32_device_001,2025-10-08T16:00:50.500000+13:00,9.5,-36.728747,174.705945,8,True
esp32_device_001,2025-10-08T16:00:50.857143+13:00,9.9,-36.728731,174.705932,8,True
esp32_device_001,2025-10-08T16:00:51.214286+13:00,10.2,-36.728712,174.705929,8,True
esp32_device_001,2025-10-08T16:00:51.571429+13:00,10.6,-36.728694,174.705935,8,True
esp32_device_001,2025-10-08T16:00:51.928571+13:00,11.0,-36.728612,174.705989,8,True
esp32_device_001,2025-10-08T16:00:52.285714+13:00,11.4,-36.728596,174.705992,8,True
esp32_device_001,2025-10-08T16:00:52.642857+13:00,11.8,-36.728582,174.705993,8,True
esp32_device_001,2025-10-08T16:00:53+13:00,12.1,-36.728569,174.705986,8,True
esp32_device_001,2025-10-08T16:00:53.357143+13:00,12.5,-36.728557,174.705974,8,True
esp32_device_001,2025-10-08T16:00:53.714286+13:00,12.9,-36.728547,174.705952,8,True
esp32_device_001,2025-10-08T16:00:54.071429+13:00,13.3,-36.728529,174.705898,8,True
esp32_device_001,2025-10-08T16:00:54.428571+13:00,13.7,-36.728505,174.705839,8,True
esp32_device_001,2025-10-08T16:00:54.785714+13:00,14.1,-36.728629,174.705765,8,True
esp32_device_001,2025-10-08T16:00:55.142857+13:00,14.4,-36.728717,174.705712,8,True
esp32_device_001,2025-10-08T16:00:55.500000+13:00,14.8,-36.728740,174.705704,8,True
esp32_device_001,2025-10-08T16:00:55.857143+13:00,15.2,-36.728794,174.705685,8,True
esp32_device_001,2025-10-08T16:00:56.214286+13:00,15.6,-36.728833,174.705682,8,True
esp32_device_001,2025-10-08T16:00:56.571429+13:00,16.0,-36.728886,174.705694,8,True
esp32_device_001,2025-10-08T16:00:56.928571+13:00,16.4,-36.728920,174.705692,8,True
esp32_device_001,2025-10-08T16:00:57.285714+13:00,16.7,-36.728955,174.705689,8,True
esp32_device_001,2025-10-08T16:00:57.642857+13:00,17.1,-36.729022,174.705686,8,True
esp32_device_001,2025-10-08T16:00:58+13:00,17.5,-36.728996,174.705643,8,False
esp32_device_001,2025-10-08T16:00:58.833333+13:00,20.1,-36.729009,174.705521,8,True
esp32_device_001,2025-10-08T16:00:59.666667+13:00,22.7,-36.729022,174.705451,8,True
esp32_device_001,2025-10-08T16:01:00.500000+13:00,25.3,-36.729040,174.705391,8,True
esp32_device_001,2025-10-08T16:01:01.333333+13:00,27.9,-36.729060,174.705348,8,True
esp32_device_001,2025-10-08T16:01:02.166667+13:00,30.5,-36.729065,174.705338,8,True
esp32_device_001,2025-10-08T16:01:03+13:00,33.1,-36.729126,174.705246,8,False
esp32_device_001,2025-10-08T16:01:03.625000+13:00,33.9,-36.729154,174.705163,8,True
esp32_device_001,2025-10-08T16:01:04.250000+13:00,34.8,-36.729183,174.705156,8,True
esp32_device_001,2025-10-08T16:01:04.875000+13:00,35.6,-36.729211,174.705143,8,True
esp32_device_001,2025-10-08T16:01:05.500000+13:00,36.5,-36.729248,174.705114,8,True
esp32_device_001,2025-10-08T16:01:06.125000+13:00,37.3,-36.729276,174.705073,8,True
esp32_device_001,2025-10-08T16:01:06.750000+13:00,38.1,-36.729295,174.705025,8,True
esp32_device_001,2025-10-08T16:01:07.375000+13:00,39.0,-36.729304,174.704972,8,True
esp32_device_001,2025-10-08T16:01:08+13:00,39.8,-36.729267,174.704941,8,False
esp32_device_001,2025-10-08T16:01:13+13:00,41.6,-36.729042,174.704773,8,False
esp32_device_001,2025-10-08T16:01:14.250000+13:00,41.6,-36.728879,174.704708,8,True
esp32_device_001,2025-10-08T16:01:15.500000+13:00,41.7,-36.728688,174.704653,8,True
esp32_device_001,2025-10-08T16:01:16.750000+13:00,41.7,-36.728670,174.704647,8,True
esp32_device_001,2025-10-08T16:01:18+13:00,41.7,-36.728622,174.704636,8,False
esp32_device_001,2025-10-08T16:01:19.250000+13:00,42.0,-36.728540,174.704622,8,True
esp32_device_001,2025-10-08T16:01:20.500000+13:00,42.2,-36.728314,174.704607,8,True
esp32_device_001,2025-10-08T16:01:21.750000+13:00,42.5,-36.728144,174.704610,8,True
esp32_device_001,2025-10-08T16:01:23+13:00,42.8,-36.728096,174.704605,8,False
esp32_device_001,2025-10-08T16:01:24.250000+13:00,43.0,-36.727946,174.704627,8,True
esp32_device_001,2025-10-08T16:01:25.500000+13:00,43.1,-36.727768,174.704654,8,True
esp32_device_001,2025-10-08T16:01:26.750000+13:00,43.3,-36.727605,174.704693,8,True
esp32_device_001,2025-10-08T16:01:28+13:00,43.5,-36.727539,174.704697,8,False
esp32_device_001,2025-10-08T16:01:29.250000+13:00,43.5,-36.727420,174.704746,8,True
esp32_device_001,2025-10-08T16:01:30.500000+13:00,43.5,-36.727265,174.704808,8,True
esp32_device_001,2025-10-08T16:01:31.750000+13:00,43.6,-36.727132,174.704864,8,True
esp32_device_001,2025-10-08T16:01:33+13:00,43.6,-36.726982,174.704926,8,False
esp32_device_001,2025-10-08T16:01:33.200000+13:00,43.6,-36.726957,174.704883,8,True
esp32_device_001,2025-10-08T16:01:33.400000+13:00,43.5,-36.726951,174.704870,8,True
esp32_device_001,2025-10-08T16:01:33.600000+13:00,43.5,-36.726927,174.704808,8,True
esp32_device_001,2025-10-08T16:01:33.800000+13:00,43.5,-36.726884,174.704721,8,True
esp32_device_001,2025-10-08T16:01:34+13:00,43.4,-36.727041,174.704642,8,True
esp32_device_001,2025-10-08T16:01:34.200000+13:00,43.4,-36.727215,174.704540,8,True
esp32_device_001,2025-10-08T16:01:34.400000+13:00,43.3,-36.727242,174.704518,8,True
esp32_device_001,2025-10-08T16:01:34.600000+13:00,43.3,-36.727299,174.704474,8,True
esp32_device_001,2025-10-08T16:01:34.800000+13:00,43.3,-36.727396,174.704383,8,True
esp32_device_001,2025-10-08T16:01:35+13:00,43.2,-36.727455,174.704413,8,True
esp32_device_001,2025-10-08T16:01:35.200000+13:00,43.2,-36.727475,174.704517,8,True
esp32_device_001,2025-10-08T16:01:35.400000+13:00,43.2,-36.727479,174.704559,8,True
esp32_device_001,2025-10-08T16:01:35.600000+13:00,43.1,-36.727480,174.704601,8,True
esp32_device_001,2025-10-08T16:01:35.800000+13:00,43.1,-36.727473,174.704637,8,True
esp32_device_001,2025-10-08T16:01:36+13:00,43.1,-36.727463,174.704674,8,True
esp32_device_001,2025-10-08T16:01:36.200000+13:00,43.0,-36.727462,174.704677,8,True
esp32_device_001,2025-10-08T16:01:36.400000+13:00,43.0,-36.727420,174.704746,8,True
esp32_device_001,2025-10-08T16:01:36.600000+13:00,43.0,-36.727265,174.704808,8,True
esp32_device_001,2025-10-08T16:01:36.800000+13:00,42.9,-36.727132,174.704864,8,True
esp32_device_001,2025-10-08T16:01:37+13:00,42.9,-36.726981,174.704939,8,True
esp32_device_001,2025-10-08T16:01:37.200000+13:00,42.8,-36.726885,174.704991,8,True
esp32_device_001,2025-10-08T16:01:37.400000+13:00,42.8,-36.726793,174.705049,8,True
esp32_device_001,2025-10-08T16:01:37.600000+13:00,42.8,-36.726698,174.705112,8,True
esp32_device_001,2025-10-08T16:01:37.800000+13:00,42.7,-36.726505,174.705251,8,True
esp32_device_001,2025-10-08T16:01:38+13:00,42.7,-36.726448,174.705276,8,False
esp32_device_001,2025-10-08T16:01:39.250000+13:00,42.6,-36.726367,174.705362,8,True
esp32_device_001,2025-10-08T16:01:40.500000+13:00,42.5,-36.726056,174.705594,8,True
esp32_device_001,2025-10-08T16:01:41.750000+13:00,42.5,-36.725999,174.705634,8,True
esp32_device_001,2025-10-08T16:01:43+13:00,42.4,-36.725956,174.705643,8,False
esp32_device_001,2025-10-08T16:01:43.666667+13:00,42.5,-36.725937,174.705676,8,True
esp32_device_001,2025-10-08T16:01:44.333333+13:00,42.7,-36.725881,174.705713,8,True
esp32_device_001,2025-10-08T16:01:45+13:00,42.8,-36.725822,174.705743,8,True
esp32_device_001,2025-10-08T16:01:45.666667+13:00,42.9,-36.725735,174.705780,8,True
esp32_device_001,2025-10-08T16:01:46.333333+13:00,43.1,-36.725647,174.705820,8,True
esp32_device_001,2025-10-08T16:01:47+13:00,43.2,-36.725611,174.705804,8,True
esp32_device_001,2025-10-08T16:01:47.666667+13:00,43.3,-36.725573,174.705800,8,True
esp32_device_001,2025-10-08T16:01:48.333333+13:00,43.5,-36.725457,174.705748,8,True
esp32_device_001,2025-10-08T16:01:49+13:00,43.6,-36.725441,174.705688,8,False
esp32_device_001,2025-10-08T16:01:50+13:00,43.1,-36.725345,174.705683,8,True
esp32_device_001,2025-10-08T16:01:51+13:00,42.5,-36.725243,174.705624,8,True
esp32_device_001,2025-10-08T16:01:52+13:00,42.0,-36.725122,174.705554,8,True
esp32_device_001,2025-10-08T16:01:53+13:00,41.4,-36.725010,174.705510,8,True
esp32_device_001,2025-10-08T16:01:54+13:00,40.9,-36.72496,174.70546,8,False
esp32_device_001,2025-10-08T16:01:54.714286+13:00,40.4,-36.724866,174.705462,8,True
esp32_device_001,2025-10-08T16:01:55.428571+13:00,40.0,-36.724751,174.705411,8,True
esp32_device_001,2025-10-08T16:01:56.142857+13:00,39.5,-36.724695,174.705385,8,True
esp32_device_001,2025-10-08T16:01:56.857143+13:00,39.0,-36.724625,174.705348,8,True
esp32_device_001,2025-10-08T16:01:57.571429+13:00,38.5,-36.724536,174.705288,8,True
esp32_device_001,2025-10-08T16:01:58.285714+13:00,38.1,-36.724450,174.705214,8,True
esp32_device_001,2025-10-08T16:01:59+13:00,37.6,-36.724453,174.705185,8,False
esp32_device_001,2025-10-08T16:02:00+13:00,36.9,-36.724390,174.705158,8,True
esp32_device_001,2025-10-08T16:02:01+13:00,36.2,-36.724328,174.705092,8,True
esp32_device_001,2025-10-08T16:02:02+13:00,35.6,-36.724229,174.704951,8,True
esp32_device_001,2025-10-08T16:02:03+13:00,34.9,-36.724209,174.704919,8,True
esp32_device_001,2025-10-08T16:02:04+13:00,34.2,-36.724072,174.704666,8,False
esp32_device_001,2025-10-08T16:02:05+13:00,33.7,-36.723983,174.704529,8,True
esp32_device_001,2025-10-08T16:02:06+13:00,33.1,-36.723888,174.704403,8,True
esp32_device_001,2025-10-08T16:02:07+13:00,32.6,-36.723793,174.704293,8,True
esp32_device_001,2025-10-08T16:02:08+13:00,32.0,-36.723695,174.704199,8,True
esp32_device_001,2025-10-08T16:02:09+13:00,31.5,-36.72366,174.704178,8,False
esp32_device_001,2025-10-08T16:02:10.250000+13:00,31.1,-36.723583,174.704103,8,True
esp32_device_001,2025-10-08T16:02:11.500000+13:00,30.7,-36.723486,174.704035,8,True
esp32_device_001,2025-10-08T16:02:12.750000+13:00,30.3,-36.723442,174.704004,8,True
esp32_device_001,2025-10-08T16:02:14+13:00,29.9,-36.723293,174.703934,8,False
esp32_device_001,2025-10-08T16:02:19+13:00,29.6,-36.723209,174.703857,8,False
esp32_device_001,2025-10-08T16:02:24+13:00,28.7,-36.723118,174.703766,8,False
esp32_device_001,2025-10-08T16:02:29+13:00,29,-36.722878,174.703751,8,False
esp32_device_001,2025-10-08T16:02:30.666667+13:00,29.0,-36.722853,174.703768,8,True
esp32_device_001,2025-10-08T16:02:32.333333+13:00,28.9,-36.722710,174.704142,8,True
esp32_device_001,2025-10-08T16:02:34+13:00,28.9,-36.722702,174.704178,8,False
esp32_device_001,2025-10-08T16:02:36.500000+13:00,29.7,-36.722646,174.704261,8,True
esp32_device_001,2025-10-08T16:02:39+13:00,30.5,-36.722347,174.704773,8,False
esp32_device_001,2025-10-08T16:02:41.500000+13:00,31.0,-36.722144,174.705200,8,True
esp32_device_001,2025-10-08T16:02:44+13:00,31.5,-36.722,174.70549,8,False
esp32_device_001,2025-10-08T16:02:45.666667+13:00,31.3,-36.721744,174.706115,8,True
esp32_device_001,2025-10-08T16:02:47.333333+13:00,31.0,-36.721690,174.706232,8,True
esp32_device_001,2025-10-08T16:02:49+13:00,30.8,-36.721664,174.706253,8,False
esp32_device_001,2025-10-08T16:02:50.666667+13:00,31.3,-36.721516,174.706614,8,True
esp32_device_001,2025-10-08T16:02:52.333333+13:00,31.8,-36.721478,174.706693,8,True
esp32_device_001,2025-10-08T16:02:54+13:00,32.3,-36.721302,174.707047,8,False
esp32_device_001,2025-10-08T16:02:56.500000+13:00,33.3,-36.721000,174.707694,8,True
esp32_device_001,2025-10-08T16:02:59+13:00,34.4,-36.720947,174.707779,8,False
esp32_device_001,2025-10-08T16:02:59.833333+13:00,34.4,-36.720886,174.707933,8,True
esp32_device_001,2025-10-08T16:03:00.666667+13:00,34.3,-36.720866,174.707975,8,True
esp32_device_001,2025-10-08T16:03:01.500000+13:00,34.2,-36.720851,174.708005,8,True
esp32_device_001,2025-10-08T16:03:02.333333+13:00,34.2,-36.720837,174.708032,8,True
esp32_device_001,2025-10-08T16:03:03.166667+13:00,34.1,-36.720736,174.708218,8,True
esp32_device_001,2025-10-08T16:03:04+13:00,34.1,-36.72065,174.708267,8,False
esp32_device_001,2025-10-08T16:03:04.714286+13:00,34.0,-36.720607,174.708383,8,True
esp32_device_001,2025-10-08T16:03:05.428571+13:00,34.0,-36.720570,174.708401,8,True
esp32_device_001,2025-10-08T16:03:06.142857+13:00,33.9,-36.720539,174.708432,8,True
esp32_device_001,2025-10-08T16:03:06.857143+13:00,33.9,-36.720516,174.708473,8,True
esp32_device_001,2025-10-08T16:03:07.571429+13:00,33.8,-36.720504,174.708521,8,True
esp32_device_001,2025-10-08T16:03:08.285714+13:00,33.8,-36.720504,174.708570,8,True
esp32_device_001,2025-10-08T16:03:09+13:00,33.7,-36.720444,174.708649,8,False
esp32_device_001,2025-10-08T16:03:12.333333+13:00,33.6,-36.720434,174.708830,8,True
esp32_device_001,2025-10-08T16:03:15.666667+13:00,33.6,-36.720345,174.709021,8,True
esp32_device_001,2025-10-08T16:03:19+13:00,33.5,-36.720321,174.709072,8,True
esp32_device_001,2025-10-08T16:03:22.333333+13:00,33.4,-36.720289,174.709139,8,True
esp32_device_001,2025-10-08T16:03:25.666667+13:00,33.4,-36.720242,174.709239,8,True
esp32_device_001,2025-10-08T16:03:29+13:00,33.3,-36.720207,174.70929,8,False
esp32_device_001,2025-10-08T16:03:31.500000+13:00,33.8,-36.720128,174.709481,8,True
esp32_device_001,2025-10-08T16:03:34+13:00,34.2,-36.720055,174.70961,8,False
esp32_device_001,2025-10-08T16:03:39+13:00,35.6,-36.719875,174.709976,8,False
esp32_device_001,2025-10-08T16:03:41.500000+13:00,36.2,-36.719848,174.710055,8,True
esp32_device_001,2025-10-08T16:03:44+13:00,36.8,-36.719635,174.710449,8,False
esp32_device_001,2025-10-08T16:03:45.666667+13:00,37.3,-36.719567,174.710629,8,True
esp32_device_001,2025-10-08T16:03:47.333333+13:00,37.7,-36.719491,174.710775,8,True
esp32_device_001,2025-10-08T16:03:49+13:00,38.2,-36.71936,174.710983,8,False
esp32_device_001,2025-10-08T16:03:50.666667+13:00,38.2,-36.719328,174.711065,8,True
esp32_device_001,2025-10-08T16:03:52.333333+13:00,38.2,-36.719154,174.711363,8,True
esp32_device_001,2025-10-08T16:03:54+13:00,38.2,-36.719044,174.711472,8,False
esp32_device_001,2025-10-08T16:03:59+13:00,38.4,-36.718758,174.711914,8,False
esp32_device_001,2025-10-08T16:04:00+13:00,38.5,-36.718710,174.711944,8,True
esp32_device_001,2025-10-08T16:04:01+13:00,38.5,-36.718641,174.712032,8,True
esp32_device_001,2025-10-08T16:04:02+13:00,38.6,-36.718574,174.712065,8,True
esp32_device_001,2025-10-08T16:04:03+13:00,38.6,-36.718431,174.712084,8,True
esp32_device_001,2025-10-08T16:04:04+13:00,38.7,-36.718407,174.712036,8,False
esp32_device_001,2025-10-08T16:04:06.500000+13:00,40.3,-36.718150,174.711933,8,True
esp32_device_001,2025-10-08T16:04:09+13:00,41.9,-36.717903,174.711761,8,False
esp32_device_001,2025-10-08T16:04:10.666667+13:00,43.9,-36.717863,174.711775,8,True
esp32_device_001,2025-10-08T16:04:12.333333+13:00,45.9,-36.717334,174.711496,8,True
esp32_device_001,2025-10-08T16:04:14+13:00,47.9,-36.717232,174.711411,8,False
esp32_device_001,2025-10-08T16:04:19+13:00,54.4,-36.716484,174.711029,8,False
esp32_device_001,2025-10-08T16:04:21.500000+13:00,57.1,-36.716175,174.710876,8,True
esp32_device_001,2025-10-08T16:04:24+13:00,59.8,-36.715752,174.710617,8,False
esp32_device_001,2025-10-08T16:04:29+13:00,63.9,-36.715057,174.710144,8,False
esp32_device_001,2025-10-08T16:04:31.500000+13:00,65.8,-36.714979,174.710144,8,True
esp32_device_001,2025-10-08T16:04:34+13:00,67.6,-36.714386,174.709656,8,False
esp32_device_001,2025-10-08T16:04:39+13:00,71.7,-36.713715,174.709152,8,False
esp32_device_001,2025-10-08T16:04:41.500000+13:00,74.1,-36.713112,174.708740,8,True
esp32_device_001,2025-10-08T16:04:44+13:00,76.5,-36.713005,174.708618,8,False
esp32_device_001,2025-10-08T16:04:49+13:00,80.6,-36.712219,174.708054,8,False
esp32_device_001,2025-10-08T16:04:51.500000+13:00,81.8,-36.711837,174.707823,8,True
esp32_device_001,2025-10-08T16:04:54+13:00,83.1,-36.711411,174.70755,8,False
esp32_device_001,2025-10-08T16:04:56.500000+13:00,83.8,-36.710862,174.707282,8,True
esp32_device_001,2025-10-08T16:04:59+13:00,84.6,-36.710659,174.707153,8,False
esp32_device_001,2025-10-08T16:05:01.500000+13:00,84.9,-36.710079,174.706890,8,True
esp32_device_001,2025-10-08T16:05:04+13:00,85.3,-36.709984,174.706833,8,False
esp32_device_001,2025-10-08T16:05:06.500000+13:00,85.2,-36.709745,174.706729,8,True
esp32_device_001,2025-10-08T16:05:09+13:00,85.1,-36.709358,174.706573,8,False
esp32_device_001,2025-10-08T16:05:11.500000+13:00,85.0,-36.709312,174.706566,8,True
esp32_device_001,2025-10-08T16:05:14+13:00,84.9,-36.708836,174.706406,8,False
esp32_device_001,2025-10-08T16:05:16.500000+13:00,84.3,-36.708591,174.706334,8,True
esp32_device_001,2025-10-08T16:05:19+13:00,83.7,-36.70837,174.706268,8,False
esp32_device_001,2025-10-08T16:05:21.500000+13:00,83.1,-36.708259,174.706252,8,True
esp32_device_001,2025-10-08T16:05:24+13:00,82.5,-36.707939,174.706146,8,False
esp32_device_001,2025-10-08T16:05:26.500000+13:00,82.0,-36.707704,174.706115,8,True
esp32_device_001,2025-10-08T16:05:29+13:00,81.6,-36.707588,174.70607,8,False
esp32_device_001,2025-10-08T16:05:34+13:00,80.9,-36.70723,174.705978,8,False
esp32_device_001,2025-10-08T16:05:36.500000+13:00,80.2,-36.706952,174.705942,8,True
esp32_device_001,2025-10-08T16:05:39+13:00,79.4,-36.706779,174.705872,8,False
esp32_device_001,2025-10-08T16:05:44+13:00,77.9,-36.706326,174.70578,8,False
esp32_device_001,2025-10-08T16:05:47.333333+13:00,76.5,-36.705592,174.705657,8,True
esp32_device_001,2025-10-08T16:05:50.666667+13:00,75.0,-36.705525,174.705642,8,True
esp32_device_001,2025-10-08T16:05:54+13:00,73.6,-36.705303,174.705566,8,False
esp32_device_001,2025-10-08T16:05:59+13:00,70.4,-36.704639,174.70546,8,False
esp32_device_001,2025-10-08T16:06:04+13:00,66.8,-36.703915,174.705322,8,False
esp32_device_001,2025-10-08T16:06:09+13:00,62.6,-36.703114,174.705185,8,False
esp32_device_001,2025-10-08T16:06:14+13:00,58,-36.702286,174.705032,8,False
esp32_device_001,2025-10-08T16:06:16.500000+13:00,55.6,-36.701732,174.704963,8,True
esp32_device_001,2025-10-08T16:06:19+13:00,53.3,-36.701424,174.70488,8,False
esp32_device_001,2025-10-08T16:06:21.500000+13:00,51.0,-36.700696,174.704775,8,True
esp32_device_001,2025-10-08T16:06:24+13:00,48.6,-36.700577,174.704727,8,False
esp32_device_001,2025-10-08T16:07:19+13:00,26.4,-36.691399,174.703079,9,False
esp32_device_001,2025-10-08T16:07:21.500000+13:00,26.2,-36.690793,174.703009,9,True
esp32_device_001,2025-10-08T16:07:24+13:00,26.1,-36.69043,174.702896,9,False
esp32_device_001,2025-10-08T16:08:50+13:00,40.3,-36.678272,174.687943,10,False
esp32_device_001,2025-10-08T16:08:53.333333+13:00,43.1,-36.677904,174.687353,10,True
esp32_device_001,2025-10-08T16:08:56.666667+13:00,46.0,-36.677509,174.686754,10,True
esp32_device_001,2025-10-08T16:09:00+13:00,48.8,-36.677082,174.686188,10,False
esp32_device_001,2025-10-08T16:09:01.666667+13:00,50.0,-36.677050,174.686170,10,True
esp32_device_001,2025-10-08T16:09:03.333333+13:00,51.3,-36.676558,174.685667,10,True
esp32_device_001,2025-10-08T16:09:05+13:00,52.5,-36.676411,174.685455,10,False
esp32_device_001,2025-10-08T16:09:07.500000+13:00,54.1,-36.676043,174.685136,10,True
esp32_device_001,2025-10-08T16:09:10+13:00,55.7,-36.675743,174.68483,10,False
esp32_device_001,2025-10-08T16:09:12.500000+13:00,57.2,-36.675388,174.684605,10,True
esp32_device_001,2025-10-08T16:09:15+13:00,58.7,-36.675159,174.684372,10,False
esp32_device_001,2025-10-08T16:09:17.500000+13:00,59.7,-36.674677,174.684134,10,True
esp32_device_001,2025-10-08T16:09:20+13:00,60.6,-36.674599,174.684006,10,False
esp32_device_001,2025-10-08T16:09:22.500000+13:00,61.5,-36.674112,174.683765,10,True
esp32_device_001,2025-10-08T16:09:25+13:00,62.3,-36.674034,174.683685,10,False
esp32_device_001,2025-10-08T16:09:27.500000+13:00,63.0,-36.673499,174.683441,10,True
esp32_device_001,2025-10-08T16:09:30+13:00,63.8,-36.673443,174.683395,10,False
esp32_device_001,2025-10-08T16:09:35+13:00,64.4,-36.672764,174.683029,10,False
esp32_device_001,2025-10-08T16:09:40+13:00,64.7,-36.672165,174.682678,10,False
esp32_device_001,2025-10-08T16:09:41.666667+13:00,64.5,-36.672121,174.682672,10,True
esp32_device_001,2025-10-08T16:09:43.333333+13:00,64.4,-36.671795,174.682462,10,True
esp32_device_001,2025-10-08T16:09:45+13:00,64.2,-36.67165,174.682343,10,False
esp32_device_001,2025-10-08T16:09:51+13:00,63.4,-36.671001,174.68187,10,False
esp32_device_001,2025-10-08T16:09:56+13:00,62.7,-36.67049,174.681458,10,False
esp32_device_001,2025-10-08T16:10:01+13:00,62.4,-36.670006,174.681015,10,False
esp32_device_001,2025-10-08T16:10:03.500000+13:00,62.1,-36.669938,174.680991,10,True
esp32_device_001,2025-10-08T16:10:06+13:00,61.8,-36.669552,174.680588,10,False
esp32_device_001,2025-10-08T16:10:08.500000+13:00,61.5,-36.669239,174.680281,10,True
esp32_device_001,2025-10-08T16:10:11+13:00,61.3,-36.669178,174.680191,10,False
esp32_device_001,2025-10-08T16:10:16+13:00,60.8,-36.668846,174.679825,10,False
esp32_device_001,2025-10-08T16:10:21+13:00,60.2,-36.668507,174.679413,10,False
esp32_device_001,2025-10-08T16:10:23.500000+13:00,60.0,-36.668490,174.679407,10,True
esp32_device_001,2025-10-08T16:10:26+13:00,59.9,-36.668171,174.678986,10,False
esp32_device_001,2025-10-08T16:10:28.500000+13:00,59.5,-36.667779,174.678521,10,True
esp32_device_001,2025-10-08T16:10:31+13:00,59.2,-36.667789,174.678452,10,False
esp32_device_001,2025-10-08T16:10:36+13:00,57.8,-36.667358,174.677856,10,False
esp32_device_001,2025-10-08T16:10:41+13:00,56.7,-36.666912,174.6772,10,False
esp32_device_001,2025-10-08T16:10:46+13:00,55.9,-36.666451,174.676514,10,False
esp32_device_001,2025-10-08T16:10:48.500000+13:00,55.5,-36.666181,174.676178,10,True
esp32_device_001,2025-10-08T16:10:51+13:00,55.1,-36.665966,174.675797,10,False
esp32_device_001,2025-10-08T16:10:56+13:00,54.5,-36.665436,174.675018,10,False
esp32_device_001,2025-10-08T16:11:01+13:00,53.7,-36.664848,174.674149,10,False
esp32_device_001,2025-10-08T16:11:03.500000+13:00,53.5,-36.664804,174.674169,10,True
esp32_device_001,2025-10-08T16:11:06+13:00,53.4,-36.664223,174.673248,10,False
esp32_device_001,2025-10-08T16:11:11+13:00,52.4,-36.663582,174.672302,10,False
esp32_device_001,2025-10-08T16:11:12.666667+13:00,52.6,-36.663546,174.672281,10,True
esp32_device_001,2025-10-08T16:11:14.333333+13:00,52.7,-36.663136,174.671717,10,True
esp32_device_001,2025-10-08T16:11:16+13:00,52.9,-36.66291,174.671356,10,False
esp32_device_001,2025-10-08T16:11:18.500000+13:00,53.5,-36.662502,174.670875,10,True
esp32_device_001,2025-10-08T16:11:21+13:00,54.1,-36.662201,174.670441,10,False
esp32_device_001,2025-10-08T16:11:22.666667+13:00,54.5,-36.662000,174.670214,10,True
esp32_device_001,2025-10-08T16:11:24.333333+13:00,54.9,-36.661692,174.669855,10,True
esp32_device_001,2025-10-08T16:11:26+13:00,55.3,-36.661465,174.669571,10,False
esp32_device_001,2025-10-08T16:11:27.666667+13:00,55.7,-36.661278,174.669383,10,True
esp32_device_001,2025-10-08T16:11:29.333333+13:00,56.0,-36.660788,174.668863,10,True
esp32_device_001,2025-10-08T16:11:31+13:00,56.4,-36.660778,174.668839,10,False
esp32_device_001,2025-10-08T16:11:33.500000+13:00,56.8,-36.660302,174.668374,10,True
esp32_device_001,2025-10-08T16:11:36+13:00,57.2,-36.660172,174.668228,10,False
esp32_device_001,2025-10-08T16:11:38.500000+13:00,57.6,-36.659863,174.667961,10,True
esp32_device_001,2025-10-08T16:11:41+13:00,58,-36.659718,174.667801,10,False
esp32_device_001,2025-10-08T16:11:43.500000+13:00,58.4,-36.659420,174.667558,10,True
esp32_device_001,2025-10-08T16:11:46+13:00,58.7,-36.659367,174.667496,10,False
esp32_device_001,2025-10-08T16:11:51+13:00,59.5,-36.659096,174.667252,10,False
esp32_device_001,2025-10-08T16:11:56+13:00,59.6,-36.658913,174.667114,10,False
esp32_device_001,2025-10-08T16:12:01+13:00,60.1,-36.658749,174.666962,10,False
esp32_device_001,2025-10-08T16:12:06+13:00,60.3,-36.658592,174.66684,10,False
esp32_device_001,2025-10-08T16:12:11+13:00,60.3,-36.658451,174.666733,10,False
esp32_device_001,2025-10-08T16:12:16+13:00,59.8,-36.658272,174.666595,10,False
esp32_device_001,2025-10-08T16:12:21+13:00,58.2,-36.658035,174.666443,10,False
esp32_device_001,2025-10-08T16:12:23.500000+13:00,58.0,-36.657766,174.666242,10,True
esp32_device_001,2025-10-08T16:12:26+13:00,57.9,-36.657688,174.666199,10,False
esp32_device_001,2025-10-08T16:12:31+13:00,53.1,-36.657322,174.665909,10,False
esp32_device_001,2025-10-08T16:12:33.500000+13:00,51.7,-36.657209,174.665849,10,True
esp32_device_001,2025-10-08T16:12:36+13:00,50.2,-36.657009,174.665726,10,False
esp32_device_001,2025-10-08T16:12:38.500000+13:00,50.7,-36.656894,174.665641,10,True
esp32_device_001,2025-10-08T16:12:41+13:00,51.1,-36.656734,174.665512,10,False
esp32_device_001,2025-10-08T16:12:43.500000+13:00,53.1,-36.656568,174.665435,10,True
esp32_device_001,2025-10-08T16:12:46+13:00,55.1,-36.656422,174.665314,10,False
esp32_device_001,2025-10-08T16:12:51+13:00,55.9,-36.656075,174.665131,10,False
esp32_device_001,2025-10-08T16:12:53.500000+13:00,56.2,-36.655928,174.665048,10,True
esp32_device_001,2025-10-08T16:12:56+13:00,56.6,-36.655746,174.664948,10,False
esp32_device_001,2025-10-08T16:13:01+13:00,58.1,-36.655449,174.66478,10,False
esp32_device_001,2025-10-08T16:13:03.500000+13:00,58.7,-36.655148,174.664626,10,True
esp32_device_001,2025-10-08T16:13:06+13:00,59.2,-36.655071,174.664581,10,False
esp32_device_001,2025-10-08T16:13:11+13:00,60.1,-36.654598,174.664352,10,False
esp32_device_001,2025-10-08T16:13:13.500000+13:00,60.6,-36.654152,174.664119,10,True
esp32_device_001,2025-10-08T16:13:16+13:00,61.1,-36.654076,174.664108,10,False
esp32_device_001,2025-10-08T16:13:21+13:00,61.6,-36.65353,174.663864,10,False
esp32_device_001,2025-10-08T16:13:23.500000+13:00,61.8,-36.652996,174.663649,10,True
esp32_device_001,2025-10-08T16:13:26+13:00,62,-36.652927,174.663635,10,False
esp32_device_001,2025-10-08T16:13:28.500000+13:00,62.0,-36.652732,174.663552,10,True
esp32_device_001,2025-10-08T16:13:31+13:00,62,-36.652332,174.663422,10,False
esp32_device_001,2025-10-08T16:13:36+13:00,61.5,-36.651745,174.663239,10,False
esp32_device_001,2025-10-08T16:13:38.500000+13:00,61.0,-36.651176,174.663088,10,True
esp32_device_001,2025-10-08T16:13:41+13:00,60.4,-36.651157,174.663071,10,False
esp32_device_001,2025-10-08T16:13:46+13:00,58.9,-36.650513,174.662918,10,False
esp32_device_001,2025-10-08T16:13:51+13:00,57.7,-36.649296,174.662702,10,True
esp32_device_001,2025-10-08T16:13:56+13:00,56.5,-36.649254,174.662689,10,False
esp32_device_001,2025-10-08T16:14:01+13:00,55.4,-36.648598,174.662598,10,False
esp32_device_001,2025-10-08T16:14:03.500000+13:00,54.9,-36.647995,174.662573,10,True
esp32_device_001,2025-10-08T16:14:06+13:00,54.4,-36.647953,174.662537,10,False
esp32_device_001,2025-10-08T16:14:11+13:00,53.4,-36.647247,174.662506,10,False
esp32_device_001,2025-10-08T16:14:16+13:00,52.1,-36.646484,174.662491,10,False
esp32_device_001,2025-10-08T16:14:18.500000+13:00,51.5,-36.646025,174.662513,10,True
esp32_device_001,2025-10-08T16:14:21+13:00,51,-36.645702,174.662506,10,False
esp32_device_001,2025-10-08T16:14:26+13:00,49.7,-36.644905,174.662521,10,False
esp32_device_001,2025-10-08T16:14:31+13:00,48.3,-36.644047,174.662521,10,False
esp32_device_001,2025-10-08T16:14:39.750000+13:00,45.9,-36.643939,174.662556,10,True
esp32_device_001,2025-10-08T16:14:48.500000+13:00,43.5,-36.641039,174.662582,10,True
esp32_device_001,2025-10-08T16:14:57.250000+13:00,41.2,-36.638587,174.662625,10,True
esp32_device_001,2025-10-08T16:15:06+13:00,38.8,-36.638283,174.662598,10,False
esp32_device_001,2025-10-08T16:15:11+13:00,37.5,-36.637402,174.662613,10,False
esp32_device_001,2025-10-08T16:15:16+13:00,36,-36.636551,174.662628,10,False
esp32_device_001,2025-10-08T16:15:21+13:00,34.9,-36.635742,174.662643,10,False
esp32_device_001,2025-10-08T16:15:28.500000+13:00,33.1,-36.635164,174.662676,10,True
esp32_device_001,2025-10-08T16:15:36+13:00,31.3,-36.633251,174.662674,10,False
esp32_device_001,2025-10-08T16:15:40+13:00,30.2,-36.633156,174.662705,10,True
esp32_device_001,2025-10-08T16:15:44+13:00,29.1,-36.632625,174.662711,10,True
esp32_device_001,2025-10-08T16:15:48+13:00,28.0,-36.632120,174.662708,10,True
esp32_device_001,2025-10-08T16:15:52+13:00,26.9,-36.631246,174.662710,10,True
esp32_device_001,2025-10-08T16:15:56+13:00,25.8,-36.629105,174.662689,10,False
esp32_device_001,2025-10-08T16:15:58.500000+13:00,25.5,-36.628852,174.662722,10,True
esp32_device_001,2025-10-08T16:16:01+13:00,25.2,-36.628273,174.662643,10,False
esp32_device_001,2025-10-08T16:16:02.666667+13:00,25.6,-36.627984,174.662615,10,True
esp32_device_001,2025-10-08T16:16:04.333333+13:00,25.9,-36.627588,174.662555,10,True
esp32_device_001,2025-10-08T16:16:06+13:00,26.3,-36.627556,174.662552,10,False
esp32_device_001,2025-10-08T16:16:08.500000+13:00,27.9,-36.627182,174.662461,10,True
esp32_device_001,2025-10-08T16:16:11+13:00,29.4,-36.627037,174.66243,10,False
esp32_device_001,2025-10-08T16:16:13.500000+13:00,31.0,-36.626937,174.662402,10,True
esp32_device_001,2025-10-08T16:16:16+13:00,32.6,-36.626747,174.662354,10,False
esp32_device_001,2025-10-08T16:16:21+13:00,34.6,-36.626583,174.662308,10,False
esp32_device_001,2025-10-08T16:16:26+13:00,36.0,-36.626333,174.662184,10,True
esp32_device_001,2025-10-08T16:16:31+13:00,37.4,-36.626308,174.662201,10,False
esp32_device_001,2025-10-08T16:16:33.500000+13:00,38.4,-36.626119,174.662118,10,True
esp32_device_001,2025-10-08T16:16:36+13:00,39.4,-36.625957,174.662048,10,False
esp32_device_001,2025-10-08T16:16:37+13:00,39.6,-36.625929,174.662036,10,True
esp32_device_001,2025-10-08T16:16:38+13:00,39.8,-36.625826,174.661966,10,True
esp32_device_001,2025-10-08T16:16:39+13:00,40.1,-36.625776,174.661930,10,True
esp32_device_001,2025-10-08T16:16:40+13:00,40.3,-36.625732,174.661892,10,True
esp32_device_001,2025-10-08T16:16:41+13:00,40.5,-36.625717,174.661865,10,False
esp32_device_001,2025-10-08T16:16:46+13:00,40.5,-36.625599,174.661606,10,False
esp32_device_001,2025-10-08T16:16:51+13:00,40.9,-36.625523,174.661545,10,False
esp32_device_001,2025-10-08T16:16:51.833333+13:00,40.8,-36.625519,174.661508,10,True
esp32_device_001,2025-10-08T16:16:52.666667+13:00,40.8,-36.625478,174.661497,10,True
esp32_device_001,2025-10-08T16:16:53.500000+13:00,40.7,-36.625437,174.661496,10,True
esp32_device_001,2025-10-08T16:16:54.333333+13:00,40.6,-36.625396,174.661506,10,True
esp32_device_001,2025-10-08T16:16:55.166667+13:00,40.6,-36.625359,174.661524,10,True
esp32_device_001,2025-10-08T16:16:56+13:00,40.5,-36.625327,174.661546,10,True
esp32_device_001,2025-10-08T16:16:56.833333+13:00,40.4,-36.625304,174.661569,10,True
esp32_device_001,2025-10-08T16:16:57.666667+13:00,40.4,-36.625283,174.661595,10,True
esp32_device_001,2025-10-08T16:16:58.500000+13:00,40.3,-36.625268,174.661618,10,True
esp32_device_001,2025-10-08T16:16:59.333333+13:00,40.2,-36.625252,174.661655,10,True
esp32_device_001,2025-10-08T16:17:00.166667+13:00,40.2,-36.625239,174.661697,10,True
esp32_device_001,2025-10-08T16:17:01+13:00,40.1,-36.625233,174.661754,10,True
esp32_device_001,2025-10-08T16:17:01.833333+13:00,40.0,-36.625234,174.661821,10,True
esp32_device_001,2025-10-08T16:17:02.666667+13:00,40.0,-36.625240,174.661882,10,True
esp32_device_001,2025-10-08T16:17:03.500000+13:00,39.9,-36.625247,174.661951,10,True
esp32_device_001,2025-10-08T16:17:04.333333+13:00,39.8,-36.625252,174.662035,10,True
esp32_device_001,2025-10-08T16:17:05.166667+13:00,39.8,-36.625253,174.662138,10,True
esp32_device_001,2025-10-08T16:17:06+13:00,39.7,-36.625267,174.66217,10,False
esp32_device_001,2025-10-08T16:17:08.105263+13:00,39.4,-36.625248,174.662251,10,True
esp32_device_001,2025-10-08T16:17:10.210526+13:00,39.1,-36.625236,174.662375,10,True
esp32_device_001,2025-10-08T16:17:12.315789+13:00,38.8,-36.625217,174.662523,10,True
esp32_device_001,2025-10-08T16:17:14.421053+13:00,38.4,-36.625129,174.663191,10,True
esp32_device_001,2025-10-08T16:17:16.526316+13:00,38.1,-36.625112,174.663275,10,True
esp32_device_001,2025-10-08T16:17:18.631579+13:00,37.8,-36.625096,174.663333,10,True
esp32_device_001,2025-10-08T16:17:20.736842+13:00,37.5,-36.625075,174.663393,10,True
esp32_device_001,2025-10-08T16:17:22.842105+13:00,37.2,-36.625053,174.663456,10,True
esp32_device_001,2025-10-08T16:17:24.947368+13:00,36.9,-36.624976,174.663587,10,True
esp32_device_001,2025-10-08T16:17:27.052632+13:00,36.5,-36.624943,174.663643,10,True
esp32_device_001,2025-10-08T16:17:29.157895+13:00,36.2,-36.624902,174.663658,10,True
esp32_device_001,2025-10-08T16:17:31.263158+13:00,35.9,-36.624865,174.663686,10,True
esp32_device_001,2025-10-08T16:17:33.368421+13:00,35.6,-36.624835,174.663725,10,True
esp32_device_001,2025-10-08T16:17:35.473684+13:00,35.3,-36.624814,174.663772,10,True
esp32_device_001,2025-10-08T16:17:37.578947+13:00,35.0,-36.624804,174.663824,10,True
esp32_device_001,2025-10-08T16:17:39.684211+13:00,34.6,-36.624802,174.663852,10,True
esp32_device_001,2025-10-08T16:17:41.789474+13:00,34.3,-36.624804,174.663879,10,True
esp32_device_001,2025-10-08T16:17:43.894737+13:00,34.0,-36.624819,174.663938,10,True
esp32_device_001,2025-10-08T16:17:46+13:00,33.7,-36.624809,174.663971,10,False
esp32_device_001,2025-10-08T16:17:48.500000+13:00,33.3,-36.624780,174.664192,10,True
esp32_device_001,2025-10-08T16:17:51+13:00,32.9,-36.624741,174.664322,10,False
esp32_device_001,2025-10-08T16:17:53.500000+13:00,32.0,-36.624727,174.664484,10,True
esp32_device_001,2025-10-08T16:17:56+13:00,31.2,-36.624596,174.664749,10,False
esp32_device_001,2025-10-08T16:17:58.500000+13:00,30.1,-36.624567,174.664918,10,True
esp32_device_001,2025-10-08T16:18:01+13:00,29,-36.624401,174.665192,10,False
esp32_device_001,2025-10-08T16:18:03.500000+13:00,28.4,-36.624361,174.665374,10,True
esp32_device_001,2025-10-08T16:18:06+13:00,27.7,-36.624264,174.665497,10,False
esp32_device_001,2025-10-08T16:18:06.785714+13:00,27.7,-36.624221,174.665489,10,True
esp32_device_001,2025-10-08T16:18:07.571429+13:00,27.7,-36.624075,174.665564,10,True
esp32_device_001,2025-10-08T16:18:08.357143+13:00,27.6,-36.624003,174.665552,10,True
esp32_device_001,2025-10-08T16:18:09.142857+13:00,27.6,-36.623976,174.665468,10,True
esp32_device_001,2025-10-08T16:18:09.928571+13:00,27.6,-36.623965,174.665363,10,True
esp32_device_001,2025-10-08T16:18:10.714286+13:00,27.6,-36.623979,174.665286,10,True
esp32_device_001,2025-10-08T16:18:11.500000+13:00,27.6,-36.624006,174.665162,10,True
esp32_device_001,2025-10-08T16:18:12.285714+13:00,27.6,-36.624023,174.665057,10,True
esp32_device_001,2025-10-08T16:18:13.071429+13:00,27.5,-36.624024,174.664966,10,True
esp32_device_001,2025-10-08T16:18:13.857143+13:00,27.5,-36.624018,174.664752,10,True
esp32_device_001,2025-10-08T16:18:14.642857+13:00,27.5,-36.624005,174.664647,10,True
esp32_device_001,2025-10-08T16:18:15.428571+13:00,27.5,-36.623995,174.664626,10,True
esp32_device_001,2025-10-08T16:18:16.214286+13:00,27.5,-36.623969,174.664569,10,True
esp32_device_001,2025-10-08T16:18:17+13:00,27.5,-36.623930,174.664517,10,True
esp32_device_001,2025-10-08T16:18:17.785714+13:00,27.4,-36.623866,174.664464,10,True
esp32_device_001,2025-10-08T16:18:18.571429+13:00,27.4,-36.623795,174.664447,10,True
esp32_device_001,2025-10-08T16:18:19.357143+13:00,27.4,-36.623726,174.664444,10,True
esp32_device_001,2025-10-08T16:18:20.142857+13:00,27.4,-36.623691,174.664445,10,True
esp32_device_001,2025-10-08T16:18:20.928571+13:00,27.4,-36.623606,174.664462,10,True
esp32_device_001,2025-10-08T16:18:21.714286+13:00,27.4,-36.623567,174.664471,10,True
esp32_device_001,2025-10-08T16:18:22.500000+13:00,27.3,-36.623490,174.664488,10,True
esp32_device_001,2025-10-08T16:18:23.285714+13:00,27.3,-36.623241,174.664547,10,True
esp32_device_001,2025-10-08T16:18:24.071429+13:00,27.3,-36.623127,174.664549,10,True
esp32_device_001,2025-10-08T16:18:24.857143+13:00,27.3,-36.623045,174.664525,10,True
esp32_device_001,2025-10-08T16:18:25.642857+13:00,27.3,-36.622975,174.664494,10,True
esp32_device_001,2025-10-08T16:18:26.428571+13:00,27.3,-36.622875,174.664438,10,True
esp32_device_001,2025-10-08T16:18:27.214286+13:00,27.2,-36.622533,174.664205,10,True
esp32_device_001,2025-10-08T16:18:28+13:00,27.2,-36.622325,174.664054,10,True
esp32_device_001,2025-10-08T16:18:28.785714+13:00,27.2,-36.622189,174.663956,10,True
esp32_device_001,2025-10-08T16:18:29.571429+13:00,27.2,-36.622208,174.663907,10,True
esp32_device_001,2025-10-08T16:18:30.357143+13:00,27.2,-36.622226,174.663865,10,True
esp32_device_001,2025-10-08T16:18:31.142857+13:00,27.2,-36.622247,174.663823,10,True
esp32_device_001,2025-10-08T16:18:31.928571+13:00,27.1,-36.622277,174.663774,10,True
esp32_device_001,2025-10-08T16:18:32.714286+13:00,27.1,-36.622372,174.663724,10,True
esp32_device_001,2025-10-08T16:18:33.500000+13:00,27.1,-36.622511,174.663696,10,True
esp32_device_001,2025-10-08T16:18:34.285714+13:00,27.1,-36.622662,174.663711,10,True
esp32_device_001,2025-10-08T16:18:35.071429+13:00,27.1,-36.623050,174.663776,10,True
esp32_device_001,2025-10-08T16:18:35.857143+13:00,27.0,-36.623293,174.663822,10,True
esp32_device_001,2025-10-08T16:18:36.642857+13:00,27.0,-36.623367,174.663836,10,True
esp32_device_001,2025-10-08T16:18:37.428571+13:00,27.0,-36.623418,174.663858,10,True
esp32_device_001,2025-10-08T16:18:38.214286+13:00,27.0,-36.623454,174.663885,10,True
esp32_device_001,2025-10-08T16:18:39+13:00,27.0,-36.623488,174.663956,10,True
esp32_device_001,2025-10-08T16:18:39.785714+13:00,27.0,-36.623515,174.664088,10,True
esp32_device_001,2025-10-08T16:18:40.571429+13:00,26.9,-36.623549,174.664325,10,True
esp32_device_001,2025-10-08T16:18:41.357143+13:00,26.9,-36.623560,174.664407,10,True
esp32_device_001,2025-10-08T16:18:42.142857+13:00,26.9,-36.623567,174.664471,10,True
esp32_device_001,2025-10-08T16:18:42.928571+13:00,26.9,-36.623606,174.664462,10,True
esp32_device_001,2025-10-08T16:18:43.714286+13:00,26.9,-36.623691,174.664445,10,True
esp32_device_001,2025-10-08T16:18:44.500000+13:00,26.9,-36.623726,174.664444,10,True
esp32_device_001,2025-10-08T16:18:45.285714+13:00,26.8,-36.623795,174.664447,10,True
esp32_device_001,2025-10-08T16:18:46.071429+13:00,26.8,-36.623866,174.664464,10,True
esp32_device_001,2025-10-08T16:18:46.857143+13:00,26.8,-36.623930,174.664517,10,True
esp32_device_001,2025-10-08T16:18:47.642857+13:00,26.8,-36.623969,174.664569,10,True
esp32_device_001,2025-10-08T16:18:48.428571+13:00,26.8,-36.623995,174.664626,10,True
esp32_device_001,2025-10-08T16:18:49.214286+13:00,26.8,-36.624005,174.664647,10,True
esp32_device_001,2025-10-08T16:18:50+13:00,26.7,-36.624018,174.664752,10,True
esp32_device_001,2025-10-08T16:18:50.785714+13:00,26.7,-36.624024,174.664966,10,True
esp32_device_001,2025-10-08T16:18:51.571429+13:00,26.7,-36.624023,174.665057,10,True
esp32_device_001,2025-10-08T16:18:52.357143+13:00,26.7,-36.624006,174.665162,10,True
esp32_device_001,2025-10-08T16:18:53.142857+13:00,26.7,-36.623979,174.665286,10,True
esp32_device_001,2025-10-08T16:18:53.928571+13:00,26.7,-36.623965,174.665363,10,True
esp32_device_001,2025-10-08T16:18:54.714286+13:00,26.6,-36.623929,174.665536,10,True
esp32_device_001,2025-10-08T16:18:55.500000+13:00,26.6,-36.623929,174.665621,10,True
esp32_device_001,2025-10-08T16:18:56.285714+13:00,26.6,-36.623943,174.665715,10,True
esp32_device_001,2025-10-08T16:18:57.071429+13:00,26.6,-36.623986,174.665809,10,True
esp32_device_001,2025-10-08T16:18:57.857143+13:00,26.6,-36.624013,174.665889,10,True
esp32_device_001,2025-10-08T16:18:58.642857+13:00,26.6,-36.624012,174.665959,10,True
esp32_device_001,2025-10-08T16:18:59.428571+13:00,26.5,-36.623997,174.666043,10,True
esp32_device_001,2025-10-08T16:19:00.214286+13:00,26.5,-36.623974,174.666192,10,True
esp32_device_001,2025-10-08T16:19:01+13:00,26.5,-36.62376,174.666504,10,False
esp32_device_001,2025-10-08T16:19:03.500000+13:00,26.5,-36.623688,174.666696,10,True
esp32_device_001,2025-10-08T16:19:06+13:00,26.5,-36.623497,174.666977,10,False
esp32_device_001,2025-10-08T16:19:06.500000+13:00,26.5,-36.623517,174.667015,10,True
esp32_device_001,2025-10-08T16:19:07+13:00,26.5,-36.623499,174.667048,10,True
esp32_device_001,2025-10-08T16:19:07.500000+13:00,26.5,-36.623418,174.667199,10,True
esp32_device_001,2025-10-08T16:19:08+13:00,26.5,-36.623310,174.667130,10,True
esp32_device_001,2025-10-08T16:19:08.500000+13:00,26.5,-36.623284,174.667113,10,True
esp32_device_001,2025-10-08T16:19:09+13:00,26.5,-36.623210,174.667057,10,True
esp32_device_001,2025-10-08T16:19:09.500000+13:00,26.5,-36.623177,174.667126,10,True
esp32_device_001,2025-10-08T16:19:10+13:00,26.5,-36.623248,174.667249,10,True
esp32_device_001,2025-10-08T16:19:10.500000+13:00,26.5,-36.623259,174.667280,10,True
esp32_device_001,2025-10-08T16:19:11+13:00,26.5,-36.62326,174.667419,10,False
esp32_device_001,2025-10-08T16:19:13.500000+13:00,26.6,-36.623293,174.667431,10,True
esp32_device_001,2025-10-08T16:19:16+13:00,26.6,-36.623035,174.667847,10,False
esp32_device_001,2025-10-08T16:19:17.250000+13:00,26.7,-36.622998,174.667972,10,True
esp32_device_001,2025-10-08T16:19:18.500000+13:00,26.8,-36.622955,174.668052,10,True
esp32_device_001,2025-10-08T16:19:19.750000+13:00,26.9,-36.622936,174.668086,10,True
esp32_device_001,2025-10-08T16:19:21+13:00,27,-36.622807,174.668259,10,False
esp32_device_001,2025-10-08T16:19:22.500000+13:00,27.2,-36.622776,174.668391,10,True
esp32_device_001,2025-10-08T16:19:24+13:00,27.4,-36.622673,174.668589,10,True
esp32_device_001,2025-10-08T16:19:25.500000+13:00,27.6,-36.622614,174.668705,10,True
esp32_device_001,2025-10-08T16:19:27+13:00,27.8,-36.622408,174.669115,10,True
esp32_device_001,2025-10-08T16:19:28.500000+13:00,27.9,-36.622345,174.669255,10,True
esp32_device_001,2025-10-08T16:19:30+13:00,28.1,-36.622285,174.669394,10,True
esp32_device_001,2025-10-08T16:19:31.500000+13:00,28.3,-36.622225,174.669532,10,True
esp32_device_001,2025-10-08T16:19:33+13:00,28.5,-36.622078,174.669892,10,True
esp32_device_001,2025-10-08T16:19:34.500000+13:00,28.7,-36.622055,174.669950,10,True
esp32_device_001,2025-10-08T16:19:36+13:00,28.9,-36.622055,174.669968,10,False
esp32_device_001,2025-10-08T16:19:38.500000+13:00,30.2,-36.621930,174.670321,10,True
esp32_device_001,2025-10-08T16:19:41+13:00,31.6,-36.621803,174.670715,10,False
esp32_device_001,2025-10-08T16:19:42.666667+13:00,32.3,-36.621732,174.670807,10,True
esp32_device_001,2025-10-08T16:19:44.333333+13:00,32.9,-36.621676,174.670987,10,True
esp32_device_001,2025-10-08T16:19:46+13:00,33.6,-36.621647,174.67128,10,False
esp32_device_001,2025-10-08T16:20:52+13:00,36.4,-36.62159,174.671478,10,False
esp32_device_001,2025-10-08T16:21:02+13:00,37.2,-36.62151,174.671753,10,False
esp32_device_001,2025-10-08T16:21:02.147059+13:00,37.2,-36.621564,174.671790,10,True
esp32_device_001,2025-10-08T16:21:02.294118+13:00,37.2,-36.621590,174.671699,10,True
esp32_device_001,2025-10-08T16:21:02.441176+13:00,37.2,-36.621486,174.671675,10,True
esp32_device_001,2025-10-08T16:21:02.588235+13:00,37.2,-36.621428,174.671663,10,True
esp32_device_001,2025-10-08T16:21:02.735294+13:00,37.2,-36.621284,174.671633,10,True
esp32_device_001,2025-10-08T16:21:02.882353+13:00,37.2,-36.620580,174.671499,10,True
esp32_device_001,2025-10-08T16:21:03.029412+13:00,37.2,-36.620270,174.671431,10,True
esp32_device_001,2025-10-08T16:21:03.176471+13:00,37.2,-36.620190,174.671396,10,True
esp32_device_001,2025-10-08T16:21:03.323529+13:00,37.2,-36.620141,174.671357,10,True
esp32_device_001,2025-10-08T16:21:03.470588+13:00,37.2,-36.620128,174.671325,10,True
esp32_device_001,2025-10-08T16:21:03.617647+13:00,37.2,-36.620108,174.671298,10,True
esp32_device_001,2025-10-08T16:21:03.764706+13:00,37.2,-36.620082,174.671281,10,True
esp32_device_001,2025-10-08T16:21:03.911765+13:00,37.2,-36.620051,174.671273,10,True
esp32_device_001,2025-10-08T16:21:04.058824+13:00,37.2,-36.620020,174.671279,10,True
esp32_device_001,2025-10-08T16:21:04.205882+13:00,37.2,-36.619991,174.671297,10,True
esp32_device_001,2025-10-08T16:21:04.352941+13:00,37.2,-36.619969,174.671326,10,True
esp32_device_001,2025-10-08T16:21:04.500000+13:00,37.2,-36.619956,174.671362,10,True
esp32_device_001,2025-10-08T16:21:04.647059+13:00,37.2,-36.619953,174.671401,10,True
esp32_device_001,2025-10-08T16:21:04.794118+13:00,37.2,-36.619961,174.671440,10,True
esp32_device_001,2025-10-08T16:21:04.941176+13:00,37.2,-36.619978,174.671473,10,True
esp32_device_001,2025-10-08T16:21:05.088235+13:00,37.2,-36.620003,174.671498,10,True
esp32_device_001,2025-10-08T16:21:05.235294+13:00,37.2,-36.620028,174.671510,10,True
esp32_device_001,2025-10-08T16:21:05.382353+13:00,37.2,-36.620055,174.671512,10,True
esp32_device_001,2025-10-08T16:21:05.529412+13:00,37.2,-36.620082,174.671505,10,True
esp32_device_001,2025-10-08T16:21:05.676471+13:00,37.2,-36.620106,174.671489,10,True
esp32_device_001,2025-10-08T16:21:05.823529+13:00,37.2,-36.620411,174.671549,10,True
esp32_device_001,2025-10-08T16:21:05.970588+13:00,37.2,-36.620617,174.671590,10,True
esp32_device_001,2025-10-08T16:21:06.117647+13:00,37.2,-36.620951,174.671656,10,True
esp32_device_001,2025-10-08T16:21:06.264706+13:00,37.2,-36.621143,174.671695,10,True
esp32_device_001,2025-10-08T16:21:06.411765+13:00,37.2,-36.621290,174.671823,10,True
esp32_device_001,2025-10-08T16:21:06.558824+13:00,37.2,-36.621325,174.671868,10,True
esp32_device_001,2025-10-08T16:21:06.705882+13:00,37.2,-36.621354,174.671931,10,True
esp32_device_001,2025-10-08T16:21:06.852941+13:00,37.2,-36.621390,174.672040,10,True
esp32_device_001,2025-10-08T16:21:07+13:00,37.2,-36.621326,174.672394,10,False
esp32_device_001,2025-10-08T16:21:08.666667+13:00,36.9,-36.621173,174.672720,10,True
esp32_device_001,2025-10-08T16:21:10.333333+13:00,36.7,-36.621047,174.673094,10,True
esp32_device_001,2025-10-08T16:21:12+13:00,36.4,-36.621082,174.673141,10,False
esp32_device_001,2025-10-08T16:21:13.250000+13:00,35.8,-36.620965,174.673325,10,True
esp32_device_001,2025-10-08T16:21:14.500000+13:00,35.1,-36.620921,174.673458,10,True
esp32_device_001,2025-10-08T16:21:15.750000+13:00,34.4,-36.620797,174.673828,10,True
esp32_device_001,2025-10-08T16:21:17+13:00,33.8,-36.620781,174.673904,10,False
esp32_device_001,2025-10-08T16:21:19.500000+13:00,31.6,-36.620596,174.674284,10,True
esp32_device_001,2025-10-08T16:21:22+13:00,29.4,-36.620407,174.674652,10,False
esp32_device_001,2025-10-08T16:21:23.666667+13:00,27.2,-36.620317,174.674762,10,True
esp32_device_001,2025-10-08T16:21:25.333333+13:00,25.1,-36.620044,174.675173,10,True
esp32_device_001,2025-10-08T16:21:27+13:00,22.9,-36.619938,174.675385,10,False
esp32_device_001,2025-10-08T16:21:29.500000+13:00,22.2,-36.619803,174.675565,10,True
esp32_device_001,2025-10-08T16:21:32+13:00,21.5,-36.61945,174.676117,10,False
esp32_device_001,2025-10-08T16:21:33.666667+13:00,21.3,-36.619358,174.676238,10,True
esp32_device_001,2025-10-08T16:21:35.333333+13:00,21.2,-36.619140,174.676568,10,True
esp32_device_001,2025-10-08T16:21:37+13:00,21,-36.618992,174.676819,10,False
esp32_device_001,2025-10-08T16:21:38.250000+13:00,21.0,-36.618920,174.676899,10,True
esp32_device_001,2025-10-08T16:21:39.500000+13:00,20.9,-36.618756,174.677121,10,True
esp32_device_001,2025-10-08T16:21:40.750000+13:00,20.9,-36.618620,174.677325,10,True
esp32_device_001,2025-10-08T16:21:42+13:00,20.9,-36.618515,174.677475,10,False
esp32_device_001,2025-10-08T16:21:44.500000+13:00,23.0,-36.618106,174.677945,10,True
esp32_device_001,2025-10-08T16:21:47+13:00,25.1,-36.618023,174.678055,10,False
esp32_device_001,2025-10-08T16:21:53+13:00,34.4,-36.617405,174.678711,10,False
esp32_device_001,2025-10-08T16:21:54.666667+13:00,37.4,-36.617258,174.678905,10,True
esp32_device_001,2025-10-08T16:21:56.333333+13:00,40.3,-36.617022,174.679173,10,True
esp32_device_001,2025-10-08T16:21:58+13:00,43.3,-36.616817,174.679398,10,False
esp32_device_001,2025-10-08T16:21:59.250000+13:00,45.1,-36.616776,174.679472,10,True
esp32_device_001,2025-10-08T16:22:00.500000+13:00,47.0,-36.616646,174.679634,10,True
esp32_device_001,2025-10-08T16:22:01.750000+13:00,48.9,-36.616520,174.679844,10,True
esp32_device_001,2025-10-08T16:22:03+13:00,50.7,-36.616493,174.679932,10,False
esp32_device_001,2025-10-08T16:22:23+13:00,49,-36.616386,174.680145,10,False
esp32_device_001,2025-10-08T16:22:28+13:00,49.5,-36.616348,174.680222,10,False
esp32_device_001,2025-10-08T16:22:33+13:00,51,-36.61623,174.680481,10,False
esp32_device_001,2025-10-08T16:22:35.500000+13:00,52.2,-36.616194,174.680508,10,True
esp32_device_001,2025-10-08T16:22:38+13:00,53.5,-36.616013,174.680969,10,False
esp32_device_001,2025-10-08T16:22:39.250000+13:00,53.8,-36.615976,174.681017,10,True
esp32_device_001,2025-10-08T16:22:40.500000+13:00,54.1,-36.615836,174.681356,10,True
esp32_device_001,2025-10-08T16:22:41.750000+13:00,54.5,-36.615795,174.681435,10,True
esp32_device_001,2025-10-08T16:22:43+13:00,54.8,-36.615692,174.681641,10,False
esp32_device_001,2025-10-08T16:22:48+13:00,56.6,-36.615387,174.682144,10,False
esp32_device_001,2025-10-08T16:22:50.500000+13:00,56.0,-36.615308,174.682247,10,True
esp32_device_001,2025-10-08T16:22:53+13:00,55.4,-36.615181,174.68248,10,False
esp32_device_001,2025-10-08T16:22:58+13:00,55.7,-36.614964,174.682816,10,False
esp32_device_001,2025-10-08T16:23:00.500000+13:00,56.0,-36.614786,174.683088,10,True
esp32_device_001,2025-10-08T16:23:03+13:00,56.2,-36.614742,174.683167,10,False
esp32_device_001,2025-10-08T16:23:28+13:00,56.8,-36.614600,174.683381,10,True
esp32_device_001,2025-10-08T16:23:53+13:00,57.3,-36.614529,174.683502,10,False
esp32_device_001,2025-10-08T16:23:58+13:00,57.4,-36.614388,174.683731,10,False
esp32_device_001,2025-10-08T16:24:03+13:00,57.7,-36.614323,174.683838,10,False
esp32_device_001,2025-10-08T16:24:08+13:00,58.1,-36.614243,174.68396,10,False
esp32_device_001,2025-10-08T16:24:13+13:00,58.4,-36.614162,174.684097,10,False
esp32_device_001,2025-10-08T16:24:23+13:00,58.8,-36.614143,174.684100,10,True
esp32_device_001,2025-10-08T16:24:33+13:00,59.2,-36.613968,174.684418,10,False
esp32_device_001,2025-10-08T16:24:34.250000+13:00,59.2,-36.613903,174.684491,10,True
esp32_device_001,2025-10-08T16:24:35.500000+13:00,59.3,-36.613796,174.684649,10,True
esp32_device_001,2025-10-08T16:24:36.750000+13:00,59.4,-36.613719,174.684762,10,True
esp32_device_001,2025-10-08T16:24:38+13:00,59.4,-36.613708,174.684814,10,False
esp32_device_001,2025-10-08T16:27:54+13:00,49.5,-36.610718,174.702316,11,False
esp32_device_001,2025-10-08T16:27:55.666667+13:00,50.1,-36.610772,174.702399,11,True
esp32_device_001,2025-10-08T16:27:57.333333+13:00,50.8,-36.610513,174.703087,11,True
esp32_device_001,2025-10-08T16:27:59+13:00,51.4,-36.610455,174.703246,11,True
esp32_device_001,2025-10-08T16:28:00.666667+13:00,52.0,-36.610417,174.703404,11,True
esp32_device_001,2025-10-08T16:28:02.333333+13:00,52.7,-36.610393,174.703523,11,True
esp32_device_001,2025-10-08T16:28:04+13:00,53.3,-36.610325,174.703568,11,False
esp32_device_001,2025-10-08T16:28:05+13:00,53.3,-36.610377,174.703657,11,True
esp32_device_001,2025-10-08T16:28:06+13:00,53.3,-36.610369,174.703761,11,True
esp32_device_001,2025-10-08T16:28:07+13:00,53.3,-36.610380,174.703930,11,True
esp32_device_001,2025-10-08T16:28:08+13:00,53.3,-36.610407,174.704125,11,True
esp32_device_001,2025-10-08T16:28:09+13:00,53.3,-36.610394,174.7043,11,False
esp32_device_001,2025-10-08T16:28:11.500000+13:00,54.0,-36.610461,174.704336,11,True
esp32_device_001,2025-10-08T16:28:14+13:00,54.8,-36.610588,174.704987,11,False
esp32_device_001,2025-10-08T16:28:15.250000+13:00,55.1,-36.610695,174.705137,11,True
esp32_device_001,2025-10-08T16:28:16.500000+13:00,55.5,-36.610783,174.705385,11,True
esp32_device_001,2025-10-08T16:28:17.750000+13:00,55.9,-36.610838,174.705502,11,True
esp32_device_001,2025-10-08T16:28:19+13:00,56.2,-36.610832,174.705627,11,False
esp32_device_001,2025-10-08T16:28:20.666667+13:00,56.1,-36.610967,174.705726,11,True
esp32_device_001,2025-10-08T16:28:22.333333+13:00,55.9,-36.611132,174.705994,11,True
esp32_device_001,2025-10-08T16:28:24+13:00,55.8,-36.611187,174.706207,11,False
esp32_device_001,2025-10-08T16:28:24.833333+13:00,55.8,-36.611256,174.706179,11,True
esp32_device_001,2025-10-08T16:28:25.666667+13:00,55.8,-36.611385,174.706409,11,True
esp32_device_001,2025-10-08T16:28:26.500000+13:00,55.8,-36.611454,174.706561,11,True
esp32_device_001,2025-10-08T16:28:27.333333+13:00,55.8,-36.611496,174.706673,11,True
esp32_device_001,2025-10-08T16:28:28.166667+13:00,55.8,-36.611523,174.706775,11,True
esp32_device_001,2025-10-08T16:28:29+13:00,55.8,-36.611462,174.706833,11,False
esp32_device_001,2025-10-08T16:28:30+13:00,56.4,-36.611566,174.706984,11,True
esp32_device_001,2025-10-08T16:28:31+13:00,57.0,-36.611569,174.707232,11,True
esp32_device_001,2025-10-08T16:28:32+13:00,57.5,-36.611563,174.707333,11,True
esp32_device_001,2025-10-08T16:28:33+13:00,58.1,-36.611551,174.707450,11,True
esp32_device_001,2025-10-08T16:28:34+13:00,58.7,-36.611473,174.707504,11,False
esp32_device_001,2025-10-08T16:28:36.500000+13:00,61.2,-36.611504,174.707688,11,True
esp32_device_001,2025-10-08T16:28:39+13:00,63.6,-36.611328,174.708206,11,False
esp32_device_001,2025-10-08T16:28:40.250000+13:00,64.8,-36.611323,174.708528,11,True
esp32_device_001,2025-10-08T16:28:41.500000+13:00,66.0,-36.611301,174.708629,11,True
esp32_device_001,2025-10-08T16:28:42.750000+13:00,67.3,-36.611262,174.708807,11,True
esp32_device_001,2025-10-08T16:28:44+13:00,68.5,-36.611176,174.708908,11,False
esp32_device_001,2025-10-08T16:28:46.500000+13:00,70.8,-36.611178,174.709198,11,True
esp32_device_001,2025-10-08T16:28:49+13:00,73.1,-36.611031,174.709595,11,False
esp32_device_001,2025-10-08T16:28:50+13:00,73.6,-36.611056,174.709764,11,True
esp32_device_001,2025-10-08T16:28:51+13:00,74.1,-36.611018,174.709977,11,True
esp32_device_001,2025-10-08T16:28:52+13:00,74.7,-36.611003,174.710078,11,True
esp32_device_001,2025-10-08T16:28:53+13:00,75.2,-36.610995,174.710182,11,True
esp32_device_001,2025-10-08T16:28:54+13:00,75.7,-36.610998,174.710286,11,True
esp32_device_001,2025-10-08T16:28:55+13:00,76.2,-36.610954,174.710358,11,False
esp32_device_001,2025-10-08T16:28:55.833333+13:00,75.8,-36.611012,174.710397,11,True
esp32_device_001,2025-10-08T16:28:56.666667+13:00,75.5,-36.611032,174.710507,11,True
esp32_device_001,2025-10-08T16:28:57.500000+13:00,75.2,-36.611065,174.710624,11,True
esp32_device_001,2025-10-08T16:28:58.333333+13:00,74.8,-36.611108,174.710736,11,True
esp32_device_001,2025-10-08T16:28:59.166667+13:00,74.4,-36.611162,174.710841,11,True
esp32_device_001,2025-10-08T16:29:00+13:00,74.1,-36.611198,174.710983,11,False
esp32_device_001,2025-10-08T16:29:05+13:00,70,-36.611595,174.711594,11,False
esp32_device_001,2025-10-08T16:29:07.500000+13:00,68.0,-36.611885,174.711921,11,True
esp32_device_001,2025-10-08T16:29:10+13:00,65.9,-36.612003,174.712219,11,False
esp32_device_001,2025-10-08T16:29:12.500000+13:00,64.7,-36.612417,174.712766,11,True
esp32_device_001,2025-10-08T16:29:15+13:00,63.5,-36.612411,174.71286,11,False
esp32_device_001,2025-10-08T16:29:15.833333+13:00,63.2,-36.612567,174.712976,11,True
esp32_device_001,2025-10-08T16:29:16.666667+13:00,62.8,-36.612661,174.713075,11,True
esp32_device_001,2025-10-08T16:29:17.500000+13:00,62.5,-36.612731,174.713130,11,True
esp32_device_001,2025-10-08T16:29:18.333333+13:00,62.2,-36.612804,174.713180,11,True
esp32_device_001,2025-10-08T16:29:19.166667+13:00,61.8,-36.612900,174.713235,11,True
esp32_device_001,2025-10-08T16:29:20+13:00,61.5,-36.6129,174.713303,11,False
esp32_device_001,2025-10-08T16:29:20.833333+13:00,61.1,-36.612993,174.713277,11,True
esp32_device_001,2025-10-08T16:29:21.666667+13:00,60.8,-36.613097,174.713312,11,True
esp32_device_001,2025-10-08T16:29:22.500000+13:00,60.4,-36.613207,174.713336,11,True
esp32_device_001,2025-10-08T16:29:23.333333+13:00,60.0,-36.613331,174.713345,11,True
esp32_device_001,2025-10-08T16:29:24.166667+13:00,59.7,-36.613411,174.713409,11,True
esp32_device_001,2025-10-08T16:29:25+13:00,59.3,-36.613483,174.713394,11,False
esp32_device_001,2025-10-08T16:29:25.066667+13:00,59.3,-36.613535,174.713500,11,True
esp32_device_001,2025-10-08T16:29:25.133333+13:00,59.2,-36.613561,174.713516,11,True
esp32_device_001,2025-10-08T16:29:25.200000+13:00,59.2,-36.613677,174.713584,11,True
esp32_device_001,2025-10-08T16:29:25.266667+13:00,59.2,-36.613757,174.713610,11,True
esp32_device_001,2025-10-08T16:29:25.333333+13:00,59.1,-36.613793,174.713616,11,True
esp32_device_001,2025-10-08T16:29:25.400000+13:00,59.1,-36.613905,174.713632,11,True
esp32_device_001,2025-10-08T16:29:25.466667+13:00,59.1,-36.613980,174.713649,11,True
esp32_device_001,2025-10-08T16:29:25.533333+13:00,59.1,-36.614327,174.713741,11,True
esp32_device_001,2025-10-08T16:29:25.600000+13:00,59.0,-36.614509,174.713827,11,True
esp32_device_001,2025-10-08T16:29:25.666667+13:00,59.0,-36.614623,174.713977,11,True
esp32_device_001,2025-10-08T16:29:25.733333+13:00,59.0,-36.614678,174.714091,11,True
esp32_device_001,2025-10-08T16:29:25.800000+13:00,58.9,-36.614722,174.714273,11,True
esp32_device_001,2025-10-08T16:29:25.866667+13:00,58.9,-36.614727,174.714473,11,True
esp32_device_001,2025-10-08T16:29:25.933333+13:00,58.9,-36.614717,174.714673,11,True
esp32_device_001,2025-10-08T16:29:26+13:00,58.8,-36.614689,174.714875,11,True
esp32_device_001,2025-10-08T16:29:26.066667+13:00,58.8,-36.614672,174.714994,11,True
esp32_device_001,2025-10-08T16:29:26.133333+13:00,58.8,-36.614514,174.715641,11,True
esp32_device_001,2025-10-08T16:29:26.200000+13:00,58.7,-36.614489,174.715837,11,True
esp32_device_001,2025-10-08T16:29:26.266667+13:00,58.7,-36.614461,174.716447,11,True
esp32_device_001,2025-10-08T16:29:26.333333+13:00,58.7,-36.614449,174.716703,11,True
esp32_device_001,2025-10-08T16:29:26.400000+13:00,58.7,-36.614433,174.716958,11,True
esp32_device_001,2025-10-08T16:29:26.466667+13:00,58.6,-36.614385,174.717961,11,True
esp32_device_001,2025-10-08T16:29:26.533333+13:00,58.6,-36.614368,174.718114,11,True
esp32_device_001,2025-10-08T16:29:26.600000+13:00,58.6,-36.614225,174.718651,11,True
esp32_device_001,2025-10-08T16:29:26.666667+13:00,58.5,-36.614276,174.718674,11,True
esp32_device_001,2025-10-08T16:29:26.733333+13:00,58.5,-36.614429,174.718730,11,True
esp32_device_001,2025-10-08T16:29:26.800000+13:00,58.5,-36.614519,174.718743,11,True
esp32_device_001,2025-10-08T16:29:26.866667+13:00,58.4,-36.614599,174.718740,11,True
esp32_device_001,2025-10-08T16:29:26.933333+13:00,58.4,-36.614676,174.718723,11,True
esp32_device_001,2025-10-08T16:29:27+13:00,58.4,-36.614771,174.718688,11,True
esp32_device_001,2025-10-08T16:29:27.066667+13:00,58.3,-36.614849,174.718640,11,True
esp32_device_001,2025-10-08T16:29:27.133333+13:00,58.3,-36.614886,174.718616,11,True
esp32_device_001,2025-10-08T16:29:27.200000+13:00,58.3,-36.615660,174.717912,11,True
esp32_device_001,2025-10-08T16:29:27.266667+13:00,58.3,-36.615767,174.717768,11,True
esp32_device_001,2025-10-08T16:29:27.333333+13:00,58.2,-36.615782,174.717749,11,True
esp32_device_001,2025-10-08T16:29:27.400000+13:00,58.2,-36.615767,174.717768,11,True
esp32_device_001,2025-10-08T16:29:27.466667+13:00,58.2,-36.615660,174.717912,11,True
esp32_device_001,2025-10-08T16:29:27.533333+13:00,58.1,-36.614886,174.718616,11,True
esp32_device_001,2025-10-08T16:29:27.600000+13:00,58.1,-36.614849,174.718640,11,True
esp32_device_001,2025-10-08T16:29:27.666667+13:00,58.1,-36.614771,174.718688,11,True
esp32_device_001,2025-10-08T16:29:27.733333+13:00,58.0,-36.614676,174.718723,11,True
esp32_device_001,2025-10-08T16:29:27.800000+13:00,58.0,-36.614599,174.718740,11,True
esp32_device_001,2025-10-08T16:29:27.866667+13:00,58.0,-36.614519,174.718743,11,True
esp32_device_001,2025-10-08T16:29:27.933333+13:00,58.0,-36.614429,174.718730,11,True
esp32_device_001,2025-10-08T16:29:28+13:00,57.9,-36.614276,174.718674,11,True
esp32_device_001,2025-10-08T16:29:28.066667+13:00,57.9,-36.614225,174.718651,11,True
esp32_device_001,2025-10-08T16:29:28.133333+13:00,57.9,-36.614368,174.718114,11,True
esp32_device_001,2025-10-08T16:29:28.200000+13:00,57.8,-36.614385,174.717961,11,True
esp32_device_001,2025-10-08T16:29:28.266667+13:00,57.8,-36.614433,174.716958,11,True
esp32_device_001,2025-10-08T16:29:28.333333+13:00,57.8,-36.614449,174.716703,11,True
esp32_device_001,2025-10-08T16:29:28.400000+13:00,57.7,-36.614461,174.716447,11,True
esp32_device_001,2025-10-08T16:29:28.466667+13:00,57.7,-36.614489,174.715837,11,True
esp32_device_001,2025-10-08T16:29:28.533333+13:00,57.7,-36.614514,174.715641,11,True
esp32_device_001,2025-10-08T16:29:28.600000+13:00,57.6,-36.614672,174.714994,11,True
esp32_device_001,2025-10-08T16:29:28.666667+13:00,57.6,-36.614689,174.714875,11,True
esp32_device_001,2025-10-08T16:29:28.733333+13:00,57.6,-36.614717,174.714673,11,True
esp32_device_001,2025-10-08T16:29:28.800000+13:00,57.6,-36.614727,174.714473,11,True
esp32_device_001,2025-10-08T16:29:28.866667+13:00,57.5,-36.614722,174.714273,11,True
esp32_device_001,2025-10-08T16:29:28.933333+13:00,57.5,-36.614678,174.714091,11,True
esp32_device_001,2025-10-08T16:29:29+13:00,57.5,-36.614623,174.713977,11,True
esp32_device_001,2025-10-08T16:29:29.066667+13:00,57.4,-36.614509,174.713827,11,True
esp32_device_001,2025-10-08T16:29:29.133333+13:00,57.4,-36.614327,174.713741,11,True
esp32_device_001,2025-10-08T16:29:29.200000+13:00,57.4,-36.613980,174.713649,11,True
esp32_device_001,2025-10-08T16:29:29.266667+13:00,57.3,-36.613905,174.713632,11,True
esp32_device_001,2025-10-08T16:29:29.333333+13:00,57.3,-36.613816,174.713598,11,True
esp32_device_001,2025-10-08T16:29:29.400000+13:00,57.3,-36.613764,174.713566,11,True
esp32_device_001,2025-10-08T16:29:29.466667+13:00,57.2,-36.613725,174.713523,11,True
esp32_device_001,2025-10-08T16:29:29.533333+13:00,57.2,-36.613701,174.713481,11,True
esp32_device_001,2025-10-08T16:29:29.600000+13:00,57.2,-36.613697,174.713457,11,True
esp32_device_001,2025-10-08T16:29:29.666667+13:00,57.2,-36.613693,174.713434,11,True
esp32_device_001,2025-10-08T16:29:29.733333+13:00,57.1,-36.613677,174.713301,11,True
esp32_device_001,2025-10-08T16:29:29.800000+13:00,57.1,-36.613845,174.713272,11,True
esp32_device_001,2025-10-08T16:29:29.866667+13:00,57.1,-36.613865,174.713268,11,True
esp32_device_001,2025-10-08T16:29:29.933333+13:00,57.0,-36.614072,174.713225,11,True
esp32_device_001,2025-10-08T16:29:30+13:00,57,-36.614128,174.713287,11,False
esp32_device_001,2025-10-08T16:29:31.666667+13:00,56.5,-36.614316,174.713193,11,True
esp32_device_001,2025-10-08T16:29:33.333333+13:00,56.0,-36.614533,174.713175,11,True
esp32_device_001,2025-10-08T16:29:35+13:00,55.5,-36.614639,174.713242,11,False
esp32_device_001,2025-10-08T16:29:40+13:00,54.7,-36.61483,174.713257,11,False
esp32_device_001,2025-10-08T16:29:45+13:00,53.7,-36.614998,174.713272,11,False
esp32_device_001,2025-10-08T16:29:50+13:00,52.2,-36.615234,174.713318,11,False
esp32_device_001,2025-10-08T16:29:52.500000+13:00,51.3,-36.615417,174.713291,11,True
esp32_device_001,2025-10-08T16:29:55+13:00,50.4,-36.615551,174.713409,11,False
esp32_device_001,2025-10-08T16:29:57.500000+13:00,49.5,-36.615682,174.713390,11,True
esp32_device_001,2025-10-08T16:30:00+13:00,48.6,-36.615902,174.713547,11,False
esp32_device_001,2025-10-08T16:30:02.500000+13:00,47.9,-36.616150,174.713625,11,True
esp32_device_001,2025-10-08T16:30:05+13:00,47.1,-36.616299,174.71376,11,False
esp32_device_001,2025-10-08T16:30:10+13:00,45.2,-36.616753,174.713989,11,False
esp32_device_001,2025-10-08T16:30:11.666667+13:00,44.5,-36.616779,174.713964,11,True
esp32_device_001,2025-10-08T16:30:13.333333+13:00,43.8,-36.617243,174.714220,11,True
esp32_device_001,2025-10-08T16:30:15+13:00,43.1,-36.617271,174.714279,11,False
esp32_device_001,2025-10-08T16:30:16+13:00,42.7,-36.617427,174.714325,11,True
esp32_device_001,2025-10-08T16:30:17+13:00,42.3,-36.617522,174.714381,11,True
esp32_device_001,2025-10-08T16:30:18+13:00,42.0,-36.617592,174.714426,11,True
esp32_device_001,2025-10-08T16:30:19+13:00,41.6,-36.617732,174.714529,11,True
esp32_device_001,2025-10-08T16:30:20+13:00,41.2,-36.617786,174.714615,11,False
esp32_device_001,2025-10-08T16:30:21+13:00,41.3,-36.617846,174.714630,11,True
esp32_device_001,2025-10-08T16:30:22+13:00,41.4,-36.617952,174.714729,11,True
esp32_device_001,2025-10-08T16:30:23+13:00,41.5,-36.618079,174.714872,11,True
esp32_device_001,2025-10-08T16:30:24+13:00,41.6,-36.618207,174.715029,11,True
esp32_device_001,2025-10-08T16:30:25+13:00,41.7,-36.618229,174.715134,11,False
esp32_device_001,2025-10-08T16:30:26.666667+13:00,42.3,-36.618328,174.715210,11,True
esp32_device_001,2025-10-08T16:30:28.333333+13:00,42.9,-36.618478,174.715468,11,True
esp32_device_001,2025-10-08T16:30:30+13:00,43.5,-36.618599,174.715759,11,False
esp32_device_001,2025-10-08T16:30:31.250000+13:00,43.9,-36.618700,174.715862,11,True
esp32_device_001,2025-10-08T16:30:32.500000+13:00,44.3,-36.618804,174.716033,11,True
esp32_device_001,2025-10-08T16:30:33.750000+13:00,44.7,-36.618904,174.716179,11,True
esp32_device_001,2025-10-08T16:30:35+13:00,45.1,-36.618996,174.716339,11,False
esp32_device_001,2025-10-08T16:30:35.217391+13:00,45.1,-36.619184,174.716495,11,True
esp32_device_001,2025-10-08T16:30:35.434783+13:00,45.2,-36.619356,174.716638,11,True
esp32_device_001,2025-10-08T16:30:35.652174+13:00,45.2,-36.619502,174.716736,11,True
esp32_device_001,2025-10-08T16:30:35.869565+13:00,45.2,-36.619441,174.716816,11,True
esp32_device_001,2025-10-08T16:30:36.086957+13:00,45.3,-36.619432,174.716828,11,True
esp32_device_001,2025-10-08T16:30:36.304348+13:00,45.3,-36.619405,174.716841,11,True
esp32_device_001,2025-10-08T16:30:36.521739+13:00,45.3,-36.619390,174.716845,11,True
esp32_device_001,2025-10-08T16:30:36.739130+13:00,45.4,-36.619370,174.716844,11,True
esp32_device_001,2025-10-08T16:30:36.956522+13:00,45.4,-36.619216,174.716710,11,True
esp32_device_001,2025-10-08T16:30:37.173913+13:00,45.4,-36.619199,174.716700,11,True
esp32_device_001,2025-10-08T16:30:37.391304+13:00,45.5,-36.619164,174.716676,11,True
esp32_device_001,2025-10-08T16:30:37.608696+13:00,45.5,-36.619142,174.716671,11,True
esp32_device_001,2025-10-08T16:30:37.826087+13:00,45.6,-36.619119,174.716671,11,True
esp32_device_001,2025-10-08T16:30:38.043478+13:00,45.6,-36.619142,174.716671,11,True
esp32_device_001,2025-10-08T16:30:38.260870+13:00,45.6,-36.619164,174.716676,11,True
esp32_device_001,2025-10-08T16:30:38.478261+13:00,45.7,-36.619199,174.716700,11,True
esp32_device_001,2025-10-08T16:30:38.695652+13:00,45.7,-36.619216,174.716710,11,True
esp32_device_001,2025-10-08T16:30:38.913043+13:00,45.7,-36.619370,174.716844,11,True
esp32_device_001,2025-10-08T16:30:39.130435+13:00,45.8,-36.619390,174.716845,11,True
esp32_device_001,2025-10-08T16:30:39.347826+13:00,45.8,-36.619405,174.716841,11,True
esp32_device_001,2025-10-08T16:30:39.565217+13:00,45.8,-36.619432,174.716828,11,True
esp32_device_001,2025-10-08T16:30:39.782609+13:00,45.9,-36.619441,174.716816,11,True
esp32_device_001,2025-10-08T16:30:40+13:00,45.9,-36.619469,174.716766,11,False
esp32_device_001,2025-10-08T16:30:41.666667+13:00,45.0,-36.619502,174.716736,11,True
esp32_device_001,2025-10-08T16:30:43.333333+13:00,44.2,-36.619537,174.716760,11,True
esp32_device_001,2025-10-08T16:30:45+13:00,43.3,-36.619976,174.71701,11,False
esp32_device_001,2025-10-08T16:30:50+13:00,41.3,-36.620502,174.71727,11,False
esp32_device_001,2025-10-08T16:30:50.833333+13:00,41.4,-36.620550,174.717250,11,True
esp32_device_001,2025-10-08T16:30:51.666667+13:00,41.5,-36.620642,174.717310,11,True
esp32_device_001,2025-10-08T16:30:52.500000+13:00,41.6,-36.620733,174.717374,11,True
esp32_device_001,2025-10-08T16:30:53.333333+13:00,41.7,-36.620858,174.717482,11,True
esp32_device_001,2025-10-08T16:30:54.166667+13:00,41.8,-36.620980,174.717600,11,True
esp32_device_001,2025-10-08T16:30:55+13:00,41.9,-36.620956,174.717621,11,False
esp32_device_001,2025-10-08T16:30:55.166667+13:00,42.0,-36.620936,174.717663,11,True
esp32_device_001,2025-10-08T16:30:55.333333+13:00,42.1,-36.620841,174.717800,11,True
esp32_device_001,2025-10-08T16:30:55.500000+13:00,42.1,-36.620725,174.717942,11,True
esp32_device_001,2025-10-08T16:30:55.666667+13:00,42.2,-36.620676,174.717952,11,True
esp32_device_001,2025-10-08T16:30:55.833333+13:00,42.3,-36.620647,174.717949,11,True
esp32_device_001,2025-10-08T16:30:56+13:00,42.4,-36.620605,174.717947,11,True
esp32_device_001,2025-10-08T16:30:56.166667+13:00,42.4,-36.620426,174.718077,11,True
esp32_device_001,2025-10-08T16:30:56.333333+13:00,42.5,-36.620405,174.718105,11,True
esp32_device_001,2025-10-08T16:30:56.500000+13:00,42.6,-36.620396,174.718127,11,True
esp32_device_001,2025-10-08T16:30:56.666667+13:00,42.7,-36.620394,174.718156,11,True
esp32_device_001,2025-10-08T16:30:56.833333+13:00,42.7,-36.620398,174.718180,11,True
esp32_device_001,2025-10-08T16:30:57+13:00,42.8,-36.620407,174.718197,11,True
esp32_device_001,2025-10-08T16:30:57.166667+13:00,42.9,-36.620418,174.718214,11,True
esp32_device_001,2025-10-08T16:30:57.333333+13:00,43.0,-36.620433,174.718225,11,True
esp32_device_001,2025-10-08T16:30:57.500000+13:00,43.0,-36.620450,174.718234,11,True
esp32_device_001,2025-10-08T16:30:57.666667+13:00,43.1,-36.620471,174.718238,11,True
esp32_device_001,2025-10-08T16:30:57.833333+13:00,43.2,-36.620492,174.718229,11,True
esp32_device_001,2025-10-08T16:30:58+13:00,43.3,-36.620550,174.718175,11,True
esp32_device_001,2025-10-08T16:30:58.166667+13:00,43.4,-36.620623,174.718099,11,True
esp32_device_001,2025-10-08T16:30:58.333333+13:00,43.4,-36.620679,174.718041,11,True
esp32_device_001,2025-10-08T16:30:58.500000+13:00,43.5,-36.620695,174.718001,11,True
esp32_device_001,2025-10-08T16:30:58.666667+13:00,43.6,-36.620725,174.717942,11,True
esp32_device_001,2025-10-08T16:30:58.833333+13:00,43.7,-36.620841,174.717800,11,True
esp32_device_001,2025-10-08T16:30:59+13:00,43.7,-36.620936,174.717663,11,True
esp32_device_001,2025-10-08T16:30:59.166667+13:00,43.8,-36.620980,174.717600,11,True
esp32_device_001,2025-10-08T16:30:59.333333+13:00,43.9,-36.621042,174.717661,11,True
esp32_device_001,2025-10-08T16:30:59.500000+13:00,44.0,-36.621097,174.717723,11,True
esp32_device_001,2025-10-08T16:30:59.666667+13:00,44.0,-36.621158,174.717815,11,True
esp32_device_001,2025-10-08T16:30:59.833333+13:00,44.1,-36.621220,174.717905,11,True
esp32_device_001,2025-10-08T16:31:00+13:00,44.2,-36.621212,174.717972,11,False
esp32_device_001,2025-10-08T16:31:02.500000+13:00,45.7,-36.621381,174.718171,11,True
esp32_device_001,2025-10-08T16:31:05+13:00,47.1,-36.621403,174.718307,11,False
esp32_device_001,2025-10-08T16:31:07.500000+13:00,49.0,-36.621711,174.718794,11,True
esp32_device_001,2025-10-08T16:31:10+13:00,51,-36.621658,174.718765,11,False
esp32_device_001,2025-10-08T16:31:10.217391+13:00,51.2,-36.621610,174.718766,11,True
esp32_device_001,2025-10-08T16:31:10.434783+13:00,51.4,-36.621559,174.718758,11,True
esp32_device_001,2025-10-08T16:31:10.652174+13:00,51.6,-36.621520,174.718741,11,True
esp32_device_001,2025-10-08T16:31:10.869565+13:00,51.8,-36.621488,174.718714,11,True
esp32_device_001,2025-10-08T16:31:11.086957+13:00,52.0,-36.621446,174.718672,11,True
esp32_device_001,2025-10-08T16:31:11.304348+13:00,52.2,-36.621410,174.718629,11,True
esp32_device_001,2025-10-08T16:31:11.521739+13:00,52.4,-36.621379,174.718584,11,True
esp32_device_001,2025-10-08T16:31:11.739130+13:00,52.6,-36.621346,174.718530,11,True
esp32_device_001,2025-10-08T16:31:11.956522+13:00,52.8,-36.621324,174.718486,11,True
esp32_device_001,2025-10-08T16:31:12.173913+13:00,53.0,-36.621307,174.718449,11,True
esp32_device_001,2025-10-08T16:31:12.391304+13:00,53.2,-36.621294,174.718421,11,True
esp32_device_001,2025-10-08T16:31:12.608696+13:00,53.4,-36.621283,174.718383,11,True
esp32_device_001,2025-10-08T16:31:12.826087+13:00,53.6,-36.621215,174.718150,11,True
esp32_device_001,2025-10-08T16:31:13.043478+13:00,53.8,-36.621182,174.718064,11,True
esp32_device_001,2025-10-08T16:31:13.260870+13:00,54.0,-36.621170,174.718032,11,True
esp32_device_001,2025-10-08T16:31:13.478261+13:00,54.2,-36.621166,174.717957,11,True
esp32_device_001,2025-10-08T16:31:13.695652+13:00,54.4,-36.621158,174.717815,11,True
esp32_device_001,2025-10-08T16:31:13.913043+13:00,54.6,-36.621220,174.717905,11,True
esp32_device_001,2025-10-08T16:31:14.130435+13:00,54.8,-36.621381,174.718171,11,True
esp32_device_001,2025-10-08T16:31:14.347826+13:00,55.0,-36.621711,174.718794,11,True
esp32_device_001,2025-10-08T16:31:14.565217+13:00,55.2,-36.621741,174.718848,11,True
esp32_device_001,2025-10-08T16:31:14.782609+13:00,55.4,-36.621889,174.719111,11,True
esp32_device_001,2025-10-08T16:31:15+13:00,55.6,-36.621983,174.719345,11,False
esp32_device_001,2025-10-08T16:31:16+13:00,56.4,-36.622020,174.719349,11,True
esp32_device_001,2025-10-08T16:31:17+13:00,57.2,-36.622098,174.719468,11,True
esp32_device_001,2025-10-08T16:31:18+13:00,58.0,-36.622205,174.719602,11,True
esp32_device_001,2025-10-08T16:31:19+13:00,58.8,-36.622316,174.719727,11,True
esp32_device_001,2025-10-08T16:31:20+13:00,59.6,-36.622398,174.719849,11,False
esp32_device_001,2025-10-08T16:31:21.250000+13:00,60.6,-36.622472,174.719856,11,True
esp32_device_001,2025-10-08T16:31:22.500000+13:00,61.5,-36.622645,174.719974,11,True
esp32_device_001,2025-10-08T16:31:23.750000+13:00,62.5,-36.622807,174.720055,11,True
esp32_device_001,2025-10-08T16:31:25+13:00,63.5,-36.622902,174.720139,11,False
esp32_device_001,2025-10-08T16:31:26+13:00,64.2,-36.622960,174.720123,11,True
esp32_device_001,2025-10-08T16:31:27+13:00,64.9,-36.623180,174.720217,11,True
esp32_device_001,2025-10-08T16:31:28+13:00,65.7,-36.623326,174.720297,11,True
esp32_device_001,2025-10-08T16:31:29+13:00,66.4,-36.623394,174.720349,11,True
esp32_device_001,2025-10-08T16:31:30+13:00,67.1,-36.623394,174.720398,11,False
esp32_device_001,2025-10-08T16:31:31+13:00,68.0,-36.623465,174.720411,11,True
esp32_device_001,2025-10-08T16:31:32+13:00,68.9,-36.623539,174.720494,11,True
esp32_device_001,2025-10-08T16:31:33+13:00,69.9,-36.623613,174.720602,11,True
esp32_device_001,2025-10-08T16:31:34+13:00,70.8,-36.623660,174.720679,11,True
esp32_device_001,2025-10-08T16:31:35+13:00,71.7,-36.623718,174.720901,11,False
esp32_device_001,2025-10-08T16:31:36.250000+13:00,72.7,-36.623832,174.721112,11,True
esp32_device_001,2025-10-08T16:31:37.500000+13:00,73.7,-36.623910,174.721323,11,True
esp32_device_001,2025-10-08T16:31:38.750000+13:00,74.6,-36.623964,174.721449,11,True
esp32_device_001,2025-10-08T16:31:40+13:00,75.6,-36.623966,174.721527,11,False
esp32_device_001,2025-10-08T16:31:41+13:00,76.3,-36.624034,174.721567,11,True
esp32_device_001,2025-10-08T16:31:42+13:00,77.1,-36.624129,174.721706,11,True
esp32_device_001,2025-10-08T16:31:43+13:00,77.8,-36.624165,174.721756,11,True
esp32_device_001,2025-10-08T16:31:44+13:00,78.6,-36.624272,174.721903,11,True
esp32_device_001,2025-10-08T16:31:45+13:00,79.3,-36.624332,174.722046,11,False
esp32_device_001,2025-10-08T16:31:45.833333+13:00,79.7,-36.624391,174.722066,11,True
esp32_device_001,2025-10-08T16:31:46.666667+13:00,80.0,-36.624456,174.722148,11,True
esp32_device_001,2025-10-08T16:31:47.500000+13:00,80.3,-36.624535,174.722222,11,True
esp32_device_001,2025-10-08T16:31:48.333333+13:00,80.7,-36.624618,174.722276,11,True
esp32_device_001,2025-10-08T16:31:49.166667+13:00,81.1,-36.624705,174.722312,11,True
esp32_device_001,2025-10-08T16:31:50+13:00,81.4,-36.624763,174.722336,11,False
esp32_device_001,2025-10-08T16:31:51+13:00,81.1,-36.624780,174.722324,11,True
esp32_device_001,2025-10-08T16:31:52+13:00,80.9,-36.624892,174.722327,11,True
esp32_device_001,2025-10-08T16:31:53+13:00,80.6,-36.625021,174.722323,11,True
esp32_device_001,2025-10-08T16:31:54+13:00,80.4,-36.625190,174.722307,11,True
esp32_device_001,2025-10-08T16:31:55+13:00,80.1,-36.625294,174.722336,11,False
esp32_device_001,2025-10-08T16:31:55.833333+13:00,79.8,-36.625360,174.722309,11,True
esp32_device_001,2025-10-08T16:31:56.666667+13:00,79.5,-36.625480,174.722346,11,True
esp32_device_001,2025-10-08T16:31:57.500000+13:00,79.2,-36.625603,174.722447,11,True
esp32_device_001,2025-10-08T16:31:58.333333+13:00,79.0,-36.625714,174.722564,11,True
esp32_device_001,2025-10-08T16:31:59.166667+13:00,78.7,-36.625764,174.722628,11,True
esp32_device_001,2025-10-08T16:32:00+13:00,78.4,-36.625763,174.722687,11,False
esp32_device_001,2025-10-08T16:32:00.454545+13:00,78.3,-36.625793,174.722751,11,True
esp32_device_001,2025-10-08T16:32:00.909091+13:00,78.2,-36.625839,174.722859,11,True
esp32_device_001,2025-10-08T16:32:01.363636+13:00,78.2,-36.625987,174.723128,11,True
esp32_device_001,2025-10-08T16:32:01.818182+13:00,78.1,-36.626254,174.723535,11,True
esp32_device_001,2025-10-08T16:32:02.272727+13:00,78.0,-36.626320,174.723600,11,True
esp32_device_001,2025-10-08T16:32:02.727273+13:00,77.9,-36.626356,174.723617,11,True
esp32_device_001,2025-10-08T16:32:03.181818+13:00,77.8,-36.626399,174.723631,11,True
esp32_device_001,2025-10-08T16:32:03.636364+13:00,77.7,-36.626383,174.723551,11,True
esp32_device_001,2025-10-08T16:32:04.090909+13:00,77.7,-36.626348,174.723464,11,True
esp32_device_001,2025-10-08T16:32:04.545455+13:00,77.6,-36.626290,174.723365,11,True
esp32_device_001,2025-10-08T16:32:05+13:00,77.5,-36.626122,174.72316,11,False
esp32_device_001,2025-10-08T16:32:06+13:00,77.0,-36.626290,174.723365,11,True
esp32_device_001,2025-10-08T16:32:07+13:00,76.5,-36.626348,174.723464,11,True
esp32_device_001,2025-10-08T16:32:08+13:00,76.1,-36.626383,174.723551,11,True
esp32_device_001,2025-10-08T16:32:09+13:00,75.6,-36.626399,174.723631,11,True
esp32_device_001,2025-10-08T16:32:10+13:00,75.1,-36.626396,174.723724,11,False
esp32_device_001,2025-10-08T16:32:11.666667+13:00,74.4,-36.626419,174.723729,11,True
esp32_device_001,2025-10-08T16:32:13.333333+13:00,73.8,-36.626439,174.723907,11,True
esp32_device_001,2025-10-08T16:32:15+13:00,73.1,-36.626434,174.724396,11,False
esp32_device_001,2025-10-08T16:32:17.500000+13:00,72.0,-36.626487,174.725074,11,True
esp32_device_001,2025-10-08T16:32:20+13:00,70.9,-36.626453,174.725113,11,False
esp32_device_001,2025-10-08T16:32:20.131579+13:00,70.8,-36.626419,174.725109,11,True
esp32_device_001,2025-10-08T16:32:20.263158+13:00,70.7,-36.626388,174.725137,11,True
esp32_device_001,2025-10-08T16:32:20.394737+13:00,70.6,-36.626359,174.725179,11,True
esp32_device_001,2025-10-08T16:32:20.526316+13:00,70.5,-36.626322,174.725254,11,True
esp32_device_001,2025-10-08T16:32:20.657895+13:00,70.4,-36.626309,174.725305,11,True
esp32_device_001,2025-10-08T16:32:20.789474+13:00,70.3,-36.626268,174.725481,11,True
esp32_device_001,2025-10-08T16:32:20.921053+13:00,70.2,-36.625462,174.727876,11,True
esp32_device_001,2025-10-08T16:32:21.052632+13:00,70.1,-36.625446,174.728038,11,True
esp32_device_001,2025-10-08T16:32:21.184211+13:00,70.0,-36.625450,174.728110,11,True
esp32_device_001,2025-10-08T16:32:21.315789+13:00,69.9,-36.625703,174.729417,11,True
esp32_device_001,2025-10-08T16:32:21.447368+13:00,69.8,-36.625803,174.729386,11,True
esp32_device_001,2025-10-08T16:32:21.578947+13:00,69.7,-36.626391,174.729223,11,True
esp32_device_001,2025-10-08T16:32:21.710526+13:00,69.6,-36.626449,174.729203,11,True
esp32_device_001,2025-10-08T16:32:21.842105+13:00,69.5,-36.626483,174.729185,11,True
esp32_device_001,2025-10-08T16:32:21.973684+13:00,69.4,-36.626561,174.729122,11,True
esp32_device_001,2025-10-08T16:32:22.105263+13:00,69.3,-36.626611,174.729094,11,True
esp32_device_001,2025-10-08T16:32:22.236842+13:00,69.2,-36.626660,174.729080,11,True
esp32_device_001,2025-10-08T16:32:22.368421+13:00,69.1,-36.626704,174.729080,11,True
esp32_device_001,2025-10-08T16:32:22.500000+13:00,69.1,-36.626660,174.729080,11,True
esp32_device_001,2025-10-08T16:32:22.631579+13:00,69.0,-36.626611,174.729094,11,True
esp32_device_001,2025-10-08T16:32:22.763158+13:00,68.9,-36.626561,174.729122,11,True
esp32_device_001,2025-10-08T16:32:22.894737+13:00,68.8,-36.626483,174.729185,11,True
esp32_device_001,2025-10-08T16:32:23.026316+13:00,68.7,-36.626449,174.729203,11,True
esp32_device_001,2025-10-08T16:32:23.157895+13:00,68.6,-36.626391,174.729223,11,True
esp32_device_001,2025-10-08T16:32:23.289474+13:00,68.5,-36.625803,174.729386,11,True
esp32_device_001,2025-10-08T16:32:23.421053+13:00,68.4,-36.625703,174.729417,11,True
esp32_device_001,2025-10-08T16:32:23.552632+13:00,68.3,-36.625450,174.728110,11,True
esp32_device_001,2025-10-08T16:32:23.684211+13:00,68.2,-36.625446,174.728038,11,True
esp32_device_001,2025-10-08T16:32:23.815789+13:00,68.1,-36.625462,174.727876,11,True
esp32_device_001,2025-10-08T16:32:23.947368+13:00,68.0,-36.626268,174.725481,11,True
esp32_device_001,2025-10-08T16:32:24.078947+13:00,67.9,-36.626345,174.725330,11,True
esp32_device_001,2025-10-08T16:32:24.210526+13:00,67.8,-36.626358,174.725305,11,True
esp32_device_001,2025-10-08T16:32:24.342105+13:00,67.7,-36.626432,174.725246,11,True
esp32_device_001,2025-10-08T16:32:24.473684+13:00,67.6,-36.626495,174.725233,11,True
esp32_device_001,2025-10-08T16:32:24.605263+13:00,67.5,-36.626499,174.725398,11,True
esp32_device_001,2025-10-08T16:32:24.736842+13:00,67.4,-36.626503,174.725525,11,True
esp32_device_001,2025-10-08T16:32:24.868421+13:00,67.3,-36.626509,174.725736,11,True
esp32_device_001,2025-10-08T16:32:25+13:00,67.2,-36.62648,174.725861,11,False
esp32_device_001,2025-10-08T16:32:26.250000+13:00,65.7,-36.626523,174.726214,11,True
esp32_device_001,2025-10-08T16:32:27.500000+13:00,64.2,-36.626541,174.726506,11,True
esp32_device_001,2025-10-08T16:32:28.750000+13:00,62.7,-36.626554,174.726616,11,True
esp32_device_001,2025-10-08T16:32:30+13:00,61.2,-36.626534,174.726654,11,False
esp32_device_001,2025-10-08T16:32:30.714286+13:00,60.3,-36.626576,174.726720,11,True
esp32_device_001,2025-10-08T16:32:31.428571+13:00,59.5,-36.626607,174.726826,11,True
esp32_device_001,2025-10-08T16:32:32.142857+13:00,58.6,-36.626650,174.726923,11,True
esp32_device_001,2025-10-08T16:32:32.857143+13:00,57.8,-36.626690,174.727003,11,True
esp32_device_001,2025-10-08T16:32:33.571429+13:00,56.9,-36.626743,174.727087,11,True
esp32_device_001,2025-10-08T16:32:34.285714+13:00,56.1,-36.626829,174.727193,11,True
esp32_device_001,2025-10-08T16:32:35+13:00,55.2,-36.626854,174.727249,11,False
esp32_device_001,2025-10-08T16:32:37.500000+13:00,52.5,-36.626977,174.727357,11,True
esp32_device_001,2025-10-08T16:32:40+13:00,49.7,-36.627262,174.727707,11,False
esp32_device_001,2025-10-08T16:32:41.666667+13:00,48.1,-36.627441,174.727870,11,True
esp32_device_001,2025-10-08T16:32:43.333333+13:00,46.5,-36.627562,174.728006,11,True
esp32_device_001,2025-10-08T16:32:45+13:00,44.9,-36.627594,174.728088,11,False
esp32_device_001,2025-10-08T16:32:46.250000+13:00,43.8,-36.627678,174.728149,11,True
esp32_device_001,2025-10-08T16:32:47.500000+13:00,42.6,-36.627763,174.728270,11,True
esp32_device_001,2025-10-08T16:32:48.750000+13:00,41.5,-36.627828,174.728395,11,True
esp32_device_001,2025-10-08T16:32:50+13:00,40.4,-36.627834,174.7285,11,False
esp32_device_001,2025-10-08T16:32:52+13:00,40.4,-36.627898,174.728610,11,True
esp32_device_001,2025-10-08T16:32:54+13:00,40.4,-36.627948,174.728827,11,True
esp32_device_001,2025-10-08T16:32:56+13:00,40.4,-36.627968,174.729095,11,False
esp32_device_001,2025-10-08T16:32:58.500000+13:00,40.4,-36.627999,174.729286,11,True
esp32_device_001,2025-10-08T16:33:01+13:00,40.4,-36.628014,174.729584,11,False
esp32_device_001,2025-10-08T16:33:01.500000+13:00,40.4,-36.628035,174.729713,11,True
esp32_device_001,2025-10-08T16:33:02+13:00,40.4,-36.628065,174.730018,11,True
esp32_device_001,2025-10-08T16:33:02.500000+13:00,40.4,-36.628011,174.730080,11,True
esp32_device_001,2025-10-08T16:33:03+13:00,40.4,-36.627992,174.730102,11,True
esp32_device_001,2025-10-08T16:33:03.500000+13:00,40.4,-36.627954,174.730145,11,True
esp32_device_001,2025-10-08T16:33:04+13:00,40.4,-36.627386,174.730681,11,True
esp32_device_001,2025-10-08T16:33:04.500000+13:00,40.4,-36.627954,174.730145,11,True
esp32_device_001,2025-10-08T16:33:05+13:00,40.4,-36.627992,174.730102,11,True
esp32_device_001,2025-10-08T16:33:05.500000+13:00,40.4,-36.628011,174.730080,11,True
esp32_device_001,2025-10-08T16:33:06+13:00,40.4,-36.628044,174.730042,11,False
esp32_device_001,2025-10-08T16:33:07.250000+13:00,40.4,-36.628065,174.730018,11,True
esp32_device_001,2025-10-08T16:33:08.500000+13:00,40.4,-36.628103,174.730221,11,True
esp32_device_001,2025-10-08T16:33:09.750000+13:00,40.4,-36.628162,174.730423,11,True
esp32_device_001,2025-10-08T16:33:11+13:00,40.4,-36.628174,174.73056,11,False
esp32_device_001,2025-10-08T16:33:12+13:00,40.4,-36.628225,174.730619,11,True
esp32_device_001,2025-10-08T16:33:13+13:00,40.4,-36.628308,174.730844,11,True
esp32_device_001,2025-10-08T16:33:14+13:00,40.4,-36.628380,174.731012,11,True
esp32_device_001,2025-10-08T16:33:15+13:00,40.4,-36.628413,174.731095,11,True
esp32_device_001,2025-10-08T16:33:16+13:00,40.4,-36.62838,174.73111,11,False
esp32_device_001,2025-10-08T16:33:16.294118+13:00,40.4,-36.628362,174.731132,11,True
esp32_device_001,2025-10-08T16:33:16.588235+13:00,40.4,-36.628324,174.731171,11,True
esp32_device_001,2025-10-08T16:33:16.882353+13:00,40.4,-36.628212,174.731298,11,True
esp32_device_001,2025-10-08T16:33:17.176471+13:00,40.4,-36.628110,174.731441,11,True
esp32_device_001,2025-10-08T16:33:17.470588+13:00,40.4,-36.628025,174.731635,11,True
esp32_device_001,2025-10-08T16:33:17.764706+13:00,40.4,-36.627932,174.731961,11,True
esp32_device_001,2025-10-08T16:33:18.058824+13:00,40.4,-36.627882,174.732115,11,True
esp32_device_001,2025-10-08T16:33:18.352941+13:00,40.4,-36.627675,174.732414,11,True
esp32_device_001,2025-10-08T16:33:18.647059+13:00,40.4,-36.627714,174.732452,11,True
esp32_device_001,2025-10-08T16:33:18.941176+13:00,40.4,-36.627791,174.732523,11,True
esp32_device_001,2025-10-08T16:33:19.235294+13:00,40.4,-36.627818,174.732571,11,True
esp32_device_001,2025-10-08T16:33:19.529412+13:00,40.4,-36.627857,174.732539,11,True
esp32_device_001,2025-10-08T16:33:19.823529+13:00,40.4,-36.628245,174.732223,11,True
esp32_device_001,2025-10-08T16:33:20.117647+13:00,40.4,-36.628318,174.731927,11,True
esp32_device_001,2025-10-08T16:33:20.411765+13:00,40.4,-36.628478,174.731808,11,True
esp32_device_001,2025-10-08T16:33:20.705882+13:00,40.4,-36.628621,174.731693,11,True
esp32_device_001,2025-10-08T16:33:21+13:00,40.4,-36.628616,174.731644,11,False
esp32_device_001,2025-10-08T16:33:22.666667+13:00,40.4,-36.628672,174.731656,11,True
esp32_device_001,2025-10-08T16:33:24.333333+13:00,40.4,-36.628841,174.732026,11,True
esp32_device_001,2025-10-08T16:33:26+13:00,40.4,-36.628849,174.732147,11,False
esp32_device_001,2025-10-08T16:33:27.250000+13:00,40.4,-36.628913,174.732173,11,True
esp32_device_001,2025-10-08T16:33:28.500000+13:00,40.4,-36.628971,174.732284,11,True
esp32_device_001,2025-10-08T16:33:29.750000+13:00,40.4,-36.629079,174.732468,11,True
esp32_device_001,2025-10-08T16:33:31+13:00,40.4,-36.629074,174.732544,11,False
esp32_device_001,2025-10-08T16:33:32.666667+13:00,40.4,-36.629202,174.732650,11,True
esp32_device_001,2025-10-08T16:33:34.333333+13:00,40.4,-36.629341,174.732831,11,True
esp32_device_001,2025-10-08T16:33:36+13:00,40.4,-36.629372,174.732941,11,False
esp32_device_001,2025-10-08T16:33:38.500000+13:00,40.4,-36.629673,174.733241,11,True
esp32_device_001,2025-10-08T16:33:41+13:00,40.4,-36.629688,174.733322,11,False
esp32_device_001,2025-10-08T16:33:42.666667+13:00,40.4,-36.629836,174.733434,11,True
esp32_device_001,2025-10-08T16:33:44.333333+13:00,40.4,-36.629953,174.733574,11,True
esp32_device_001,2025-10-08T16:33:46+13:00,40.4,-36.630032,174.733749,11,False
esp32_device_001,2025-10-08T16:33:48.500000+13:00,40.4,-36.630073,174.733716,11,True
esp32_device_001,2025-10-08T16:33:51+13:00,40.4,-36.630405,174.734222,11,False
esp32_device_001,2025-10-08T16:33:51.714286+13:00,40.4,-36.630517,174.734295,11,True
esp32_device_001,2025-10-08T16:33:52.428571+13:00,40.4,-36.630596,174.734404,11,True
esp32_device_001,2025-10-08T16:33:53.142857+13:00,40.4,-36.630673,174.734531,11,True
esp32_device_001,2025-10-08T16:33:53.857143+13:00,40.4,-36.630685,174.734551,11,True
esp32_device_001,2025-10-08T16:33:54.571429+13:00,40.4,-36.630748,174.734676,11,True
esp32_device_001,2025-10-08T16:33:55.285714+13:00,40.4,-36.630786,174.734753,11,True
esp32_device_001,2025-10-08T16:33:56+13:00,40.4,-36.630764,174.734802,11,False
esp32_device_001,2025-10-08T16:33:57.250000+13:00,40.4,-36.630906,174.735077,11,True
esp32_device_001,2025-10-08T16:33:58.500000+13:00,40.4,-36.630961,174.735247,11,True
esp32_device_001,2025-10-08T16:33:59.750000+13:00,40.4,-36.631010,174.735391,11,True
esp32_device_001,2025-10-08T16:34:01+13:00,40.4,-36.631004,174.735535,11,False
esp32_device_001,2025-10-08T16:34:02.250000+13:00,40.4,-36.631092,174.735660,11,True
esp32_device_001,2025-10-08T16:34:03.500000+13:00,40.4,-36.631161,174.735852,11,True
esp32_device_001,2025-10-08T16:34:04.750000+13:00,40.4,-36.631249,174.736047,11,True
esp32_device_001,2025-10-08T16:34:06+13:00,40.4,-36.631298,174.736237,11,False
esp32_device_001,2025-10-08T16:34:07.666667+13:00,40.4,-36.631348,174.736228,11,True
esp32_device_001,2025-10-08T16:34:09.333333+13:00,40.4,-36.631457,174.736402,11,True
esp32_device_001,2025-10-08T16:34:11+13:00,40.4,-36.63166,174.736801,11,False
esp32_device_001,2025-10-08T16:34:12.250000+13:00,40.4,-36.631731,174.736818,11,True
esp32_device_001,2025-10-08T16:34:13.500000+13:00,40.4,-36.631873,174.737030,11,True
esp32_device_001,2025-10-08T16:34:14.750000+13:00,40.4,-36.631997,174.737219,11,True
esp32_device_001,2025-10-08T16:34:16+13:00,40.4,-36.632034,174.737381,11,False
esp32_device_001,2025-10-08T16:34:17.250000+13:00,40.4,-36.632255,174.737614,11,True
esp32_device_001,2025-10-08T16:34:18.500000+13:00,40.4,-36.632300,174.737670,11,True
esp32_device_001,2025-10-08T16:34:19.750000+13:00,40.4,-36.632337,174.737716,11,True
esp32_device_001,2025-10-08T16:34:21+13:00,40.4,-36.632458,174.73793,11,False
esp32_device_001,2025-10-08T16:34:22.666667+13:00,40.4,-36.632708,174.738126,11,True
esp32_device_001,2025-10-08T16:34:24.333333+13:00,40.4,-36.632789,174.738210,11,True
esp32_device_001,2025-10-08T16:34:26+13:00,40.4,-36.632858,174.738342,11,False
esp32_device_001,2025-10-08T16:34:27.666667+13:00,40.4,-36.632991,174.738420,11,True
esp32_device_001,2025-10-08T16:34:29.333333+13:00,40.4,-36.633155,174.738590,11,True
esp32_device_001,2025-10-08T16:34:31+13:00,40.4,-36.633251,174.738724,11,False
esp32_device_001,2025-10-08T16:34:32+13:00,40.4,-36.633458,174.738880,11,True
esp32_device_001,2025-10-08T16:34:33+13:00,40.4,-36.633531,174.738950,11,True
esp32_device_001,2025-10-08T16:34:34+13:00,40.4,-36.633648,174.739054,11,True
esp32_device_001,2025-10-08T16:34:35+13:00,40.4,-36.633699,174.739104,11,True
esp32_device_001,2025-10-08T16:34:36+13:00,40.4,-36.633694,174.739166,11,False
esp32_device_001,2025-10-08T16:34:37.250000+13:00,40.4,-36.633867,174.739266,11,True
esp32_device_001,2025-10-08T16:34:38.500000+13:00,40.4,-36.634042,174.739434,11,True
esp32_device_001,2025-10-08T16:34:39.750000+13:00,40.4,-36.634069,174.739461,11,True
esp32_device_001,2025-10-08T16:34:41+13:00,40.4,-36.634144,174.739624,11,False
esp32_device_001,2025-10-08T16:34:42.250000+13:00,40.4,-36.634393,174.739839,11,True
esp32_device_001,2025-10-08T16:34:43.500000+13:00,40.4,-36.634505,174.740018,11,True
esp32_device_001,2025-10-08T16:34:44.750000+13:00,40.4,-36.634549,174.740088,11,True
esp32_device_001,2025-10-08T16:34:46+13:00,40.4,-36.634567,174.740204,11,False
esp32_device_001,2025-10-08T16:34:47+13:00,40.4,-36.634674,174.740327,11,True
esp32_device_001,2025-10-08T16:34:48+13:00,40.4,-36.634688,174.740368,11,True
esp32_device_001,2025-10-08T16:34:49+13:00,40.4,-36.634834,174.740724,11,True
esp32_device_001,2025-10-08T16:34:50+13:00,40.4,-36.634875,174.740863,11,True
esp32_device_001,2025-10-08T16:34:51+13:00,40.4,-36.634838,174.740921,11,False
esp32_device_001,2025-10-08T16:34:52+13:00,40.4,-36.634897,174.740968,11,True
esp32_device_001,2025-10-08T16:34:53+13:00,40.4,-36.634923,174.741112,11,True
esp32_device_001,2025-10-08T16:34:54+13:00,40.4,-36.634950,174.741314,11,True
esp32_device_001,2025-10-08T16:34:55+13:00,40.4,-36.634982,174.741585,11,True
esp32_device_001,2025-10-08T16:34:56+13:00,40.4,-36.634945,174.741638,11,False
esp32_device_001,2025-10-08T16:34:57.250000+13:00,40.4,-36.634997,174.741810,11,True
esp32_device_001,2025-10-08T16:34:58.500000+13:00,40.4,-36.635007,174.742021,11,True
esp32_device_001,2025-10-08T16:34:59.750000+13:00,40.4,-36.635013,174.742143,11,True
esp32_device_001,2025-10-08T16:35:01+13:00,40.4,-36.634979,174.742325,11,False
esp32_device_001,2025-10-08T16:35:02.250000+13:00,40.4,-36.635023,174.742401,11,True
esp32_device_001,2025-10-08T16:35:03.500000+13:00,40.4,-36.635035,174.742658,11,True
esp32_device_001,2025-10-08T16:35:04.750000+13:00,40.4,-36.635046,174.742921,11,True
esp32_device_001,2025-10-08T16:35:06+13:00,40.4,-36.63501,174.742996,11,False
esp32_device_001,2025-10-08T16:35:07.250000+13:00,40.4,-36.635063,174.743313,11,True
esp32_device_001,2025-10-08T16:35:08.500000+13:00,40.4,-36.635070,174.743468,11,True
esp32_device_001,2025-10-08T16:35:09.750000+13:00,40.4,-36.635081,174.743714,11,True
esp32_device_001,2025-10-08T16:35:11+13:00,40.4,-36.635036,174.743729,11,False
esp32_device_001,2025-10-08T16:35:12.666667+13:00,40.4,-36.635093,174.744009,11,True
esp32_device_001,2025-10-08T16:35:14.333333+13:00,40.4,-36.635105,174.744287,11,True
esp32_device_001,2025-10-08T16:35:16+13:00,40.4,-36.635067,174.744461,11,False
esp32_device_001,2025-10-08T16:35:17.250000+13:00,40.4,-36.635116,174.744538,11,True
esp32_device_001,2025-10-08T16:35:18.500000+13:00,40.4,-36.635129,174.744821,11,True
esp32_device_001,2025-10-08T16:35:19.750000+13:00,40.4,-36.635136,174.744990,11,True
esp32_device_001,2025-10-08T16:35:21+13:00,40.4,-36.635101,174.745102,11,False
esp32_device_001,2025-10-08T16:35:22.250000+13:00,40.4,-36.635146,174.745224,11,True
esp32_device_001,2025-10-08T16:35:23.500000+13:00,40.4,-36.635155,174.745422,11,True
esp32_device_001,2025-10-08T16:35:24.750000+13:00,40.4,-36.635156,174.745455,11,True
esp32_device_001,2025-10-08T16:35:26+13:00,40.4,-36.635132,174.745682,11,False
esp32_device_001,2025-10-08T16:35:33.500000+13:00,40.5,-36.635174,174.745870,11,True
esp32_device_001,2025-10-08T16:35:41+13:00,40.5,-36.635180,174.746031,11,True
esp32_device_001,2025-10-08T16:35:48.500000+13:00,40.6,-36.635186,174.746173,11,True
esp32_device_001,2025-10-08T16:35:56+13:00,40.7,-36.635132,174.746216,11,False
esp32_device_001,2025-10-08T16:36:01+13:00,41.3,-36.635136,174.746292,11,False
esp32_device_001,2025-10-08T16:36:06+13:00,43.6,-36.635155,174.746567,11,False
esp32_device_001,2025-10-08T16:36:07+13:00,44.3,-36.635178,174.746661,11,True
esp32_device_001,2025-10-08T16:36:08+13:00,45.0,-36.635188,174.746809,11,True
esp32_device_001,2025-10-08T16:36:09+13:00,45.8,-36.635197,174.746893,11,True
esp32_device_001,2025-10-08T16:36:10+13:00,46.5,-36.635208,174.746963,11,True
esp32_device_001,2025-10-08T16:36:11+13:00,47.2,-36.63522,174.74704,11,False
esp32_device_001,2025-10-08T16:36:12.250000+13:00,48.1,-36.635244,174.747125,11,True
esp32_device_001,2025-10-08T16:36:13.500000+13:00,49.0,-36.635277,174.747258,11,True
esp32_device_001,2025-10-08T16:36:14.750000+13:00,49.8,-36.635319,174.747401,11,True
esp32_device_001,2025-10-08T16:36:16+13:00,50.7,-36.635357,174.747498,11,False
esp32_device_001,2025-10-08T16:36:17.250000+13:00,51.4,-36.635379,174.747545,11,True
esp32_device_001,2025-10-08T16:36:18.500000+13:00,52.2,-36.635441,174.747674,11,True
esp32_device_001,2025-10-08T16:36:19.750000+13:00,52.9,-36.635519,174.747818,11,True
esp32_device_001,2025-10-08T16:36:21+13:00,53.6,-36.63554,174.747864,11,False
esp32_device_001,2025-10-08T16:36:28.500000+13:00,54.1,-36.635610,174.747944,11,True
esp32_device_001,2025-10-08T16:36:36+13:00,54.5,-36.635719,174.748078,11,True
esp32_device_001,2025-10-08T16:36:43.500000+13:00,55.0,-36.635785,174.748147,11,True
esp32_device_001,2025-10-08T16:36:51+13:00,55.5,-36.635807,174.74823,11,False
esp32_device_001,2025-10-08T16:36:56+13:00,55.4,-36.635994,174.748367,11,False
esp32_device_001,2025-10-08T16:37:01+13:00,54.8,-36.636192,174.74852,11,False
esp32_device_001,2025-10-08T16:37:06+13:00,53.9,-36.636353,174.748642,11,False
esp32_device_001,2025-10-08T16:37:07.250000+13:00,54.2,-36.636529,174.748796,11,True
esp32_device_001,2025-10-08T16:37:08.500000+13:00,54.6,-36.636542,174.748807,11,True
esp32_device_001,2025-10-08T16:37:09.750000+13:00,54.9,-36.636612,174.748871,11,True
esp32_device_001,2025-10-08T16:37:11+13:00,55.3,-36.636612,174.748917,11,False
esp32_device_001,2025-10-08T16:37:12.666667+13:00,54.5,-36.636777,174.749130,11,True
esp32_device_001,2025-10-08T16:37:14.333333+13:00,53.7,-36.636853,174.749281,11,True
esp32_device_001,2025-10-08T16:37:16+13:00,52.9,-36.636917,174.74939,11,False
esp32_device_001,2025-10-08T16:37:17.666667+13:00,51.3,-36.636953,174.749392,11,True
esp32_device_001,2025-10-08T16:37:19.333333+13:00,49.8,-36.637149,174.749748,11,True
esp32_device_001,2025-10-08T16:37:21+13:00,48.2,-36.63723,174.749969,11,False
esp32_device_001,2025-10-08T16:37:22.666667+13:00,46.1,-36.637263,174.749956,11,True
esp32_device_001,2025-10-08T16:37:24.333333+13:00,44.0,-36.637392,174.750191,11,True
esp32_device_001,2025-10-08T16:37:26+13:00,41.9,-36.637562,174.75058,11,False
esp32_device_001,2025-10-08T16:37:31+13:00,40.4,-36.63789,174.751175,11,False
esp32_device_001,2025-10-08T16:37:33.500000+13:00,41.2,-36.638063,174.751422,11,True
esp32_device_001,2025-10-08T16:37:36+13:00,42.1,-36.638191,174.751724,11,False
esp32_device_001,2025-10-08T16:37:41+13:00,43.6,-36.6385,174.752289,11,False
esp32_device_001,2025-10-08T16:37:43.500000+13:00,43.5,-36.638620,174.752435,11,True
esp32_device_001,2025-10-08T16:37:46+13:00,43.3,-36.638836,174.752914,11,False
esp32_device_001,2025-10-08T16:37:47+13:00,42.7,-36.639026,174.753179,11,True
esp32_device_001,2025-10-08T16:37:48+13:00,42.1,-36.639032,174.753189,11,True
esp32_device_001,2025-10-08T16:37:49+13:00,41.6,-36.639132,174.753354,11,True
esp32_device_001,2025-10-08T16:37:50+13:00,41.0,-36.639217,174.753461,11,True
esp32_device_001,2025-10-08T16:37:51+13:00,40.4,-36.639244,174.75354,11,False
esp32_device_001,2025-10-08T16:37:52.250000+13:00,39.6,-36.639310,174.753585,11,True
esp32_device_001,2025-10-08T16:37:53.500000+13:00,38.8,-36.639440,174.753758,11,True
esp32_device_001,2025-10-08T16:37:54.750000+13:00,37.9,-36.639539,174.753929,11,True
esp32_device_001,2025-10-08T16:37:56+13:00,37.1,-36.639664,174.754242,11,False
esp32_device_001,2025-10-08T16:38:01+13:00,36,-36.640026,174.754974,11,False
esp32_device_001,2025-10-08T16:38:03.500000+13:00,36.6,-36.640234,174.755313,11,True
esp32_device_001,2025-10-08T16:38:06+13:00,37.2,-36.640339,174.7556,11,False
esp32_device_001,2025-10-08T16:38:11+13:00,39.2,-36.640636,174.75618,11,False
esp32_device_001,2025-10-08T16:38:12.666667+13:00,39.8,-36.640916,174.756683,11,True
esp32_device_001,2025-10-08T16:38:14.333333+13:00,40.3,-36.640947,174.756772,11,True
esp32_device_001,2025-10-08T16:38:16+13:00,40.9,-36.640911,174.756805,11,False
esp32_device_001,2025-10-08T16:38:16.625000+13:00,40.9,-36.640973,174.756866,11,True
esp32_device_001,2025-10-08T16:38:17.250000+13:00,40.9,-36.640982,174.756960,11,True
esp32_device_001,2025-10-08T16:38:17.875000+13:00,40.9,-36.640980,174.757038,11,True
esp32_device_001,2025-10-08T16:38:18.500000+13:00,40.8,-36.640977,174.757116,11,True
esp32_device_001,2025-10-08T16:38:19.125000+13:00,40.8,-36.640951,174.757222,11,True
esp32_device_001,2025-10-08T16:38:19.750000+13:00,40.8,-36.640912,174.757318,11,True
esp32_device_001,2025-10-08T16:38:20.375000+13:00,40.8,-36.640843,174.757424,11,True
esp32_device_001,2025-10-08T16:38:21+13:00,40.8,-36.640778,174.757431,11,False
esp32_device_001,2025-10-08T16:38:22.666667+13:00,39.6,-36.640773,174.757492,11,True
esp32_device_001,2025-10-08T16:38:24.333333+13:00,38.3,-36.640706,174.757545,11,True
esp32_device_001,2025-10-08T16:38:26+13:00,37.1,-36.640255,174.757782,11,False
esp32_device_001,2025-10-08T16:38:27+13:00,37.1,-36.640226,174.757840,11,True
esp32_device_001,2025-10-08T16:38:28+13:00,37.1,-36.639981,174.757993,11,True
esp32_device_001,2025-10-08T16:38:29+13:00,37.1,-36.639826,174.758091,11,True
esp32_device_001,2025-10-08T16:38:30+13:00,37.1,-36.639764,174.758133,11,True
esp32_device_001,2025-10-08T16:38:31+13:00,37.1,-36.639709,174.758102,11,False
esp32_device_001,2025-10-08T16:38:32.666667+13:00,33.9,-36.639322,174.758412,11,True
esp32_device_001,2025-10-08T16:38:34.333333+13:00,30.8,-36.639233,174.758502,11,True
esp32_device_001,2025-10-08T16:38:36+13:00,27.6,-36.639187,174.758514,11,False
esp32_device_001,2025-10-08T16:38:37.666667+13:00,27.6,-36.639159,174.758596,11,True
esp32_device_001,2025-10-08T16:38:39.333333+13:00,27.6,-36.638994,174.758844,11,True
esp32_device_001,2025-10-08T16:38:41+13:00,27.6,-36.638813,174.759079,11,False
esp32_device_001,2025-10-08T16:38:43.500000+13:00,22.6,-36.638627,174.759486,11,True
esp32_device_001,2025-10-08T16:38:46+13:00,17.5,-36.638474,174.759659,11,False
esp32_device_001,2025-10-08T16:38:48.500000+13:00,15.8,-36.638161,174.760278,11,True
esp32_device_001,2025-10-08T16:38:51+13:00,14.1,-36.638107,174.7603,11,False
esp32_device_001,2025-10-08T16:38:56+13:00,14.4,-36.637772,174.76088,11,False
esp32_device_001,2025-10-08T16:38:58.500000+13:00,13.9,-36.637647,174.761152,11,True
esp32_device_001,2025-10-08T16:39:01+13:00,13.4,-36.637402,174.761337,11,False
esp32_device_001,2025-10-08T16:39:02.666667+13:00,13.4,-36.637412,174.761384,11,True
esp32_device_001,2025-10-08T16:39:04.333333+13:00,13.4,-36.637208,174.761532,11,True
esp32_device_001,2025-10-08T16:39:06+13:00,13.4,-36.636894,174.761719,11,False
esp32_device_001,2025-10-08T16:39:08.500000+13:00,15.4,-36.636547,174.762030,11,True
esp32_device_001,2025-10-08T16:39:11+13:00,17.4,-36.636391,174.762085,11,False
esp32_device_001,2025-10-08T16:39:13.500000+13:00,18.6,-36.636167,174.762302,11,True
esp32_device_001,2025-10-08T16:39:16+13:00,19.8,-36.63591,174.762436,11,False
esp32_device_001,2025-10-08T16:39:18.500000+13:00,20.2,-36.635620,174.762693,11,True
esp32_device_001,2025-10-08T16:39:21+13:00,20.7,-36.635418,174.762802,11,False
esp32_device_001,2025-10-08T16:39:22.666667+13:00,20.2,-36.635274,174.762977,11,True
esp32_device_001,2025-10-08T16:39:24.333333+13:00,19.8,-36.635056,174.763193,11,True
esp32_device_001,2025-10-08T16:39:26+13:00,19.3,-36.634933,174.763214,11,False
esp32_device_001,2025-10-08T16:39:27.666667+13:00,19.4,-36.634886,174.763306,11,True
esp32_device_001,2025-10-08T16:39:29.333333+13:00,19.5,-36.634709,174.763371,11,True
esp32_device_001,2025-10-08T16:39:31+13:00,19.6,-36.634392,174.763382,11,False
esp32_device_001,2025-10-08T16:39:33.500000+13:00,20.1,-36.634149,174.763464,11,True
esp32_device_001,2025-10-08T16:39:36+13:00,20.5,-36.633812,174.763474,11,False
esp32_device_001,2025-10-08T16:39:38.500000+13:00,21.3,-36.633681,174.763542,11,True
esp32_device_001,2025-10-08T16:39:41+13:00,22.1,-36.633205,174.76358,11,False
esp32_device_001,2025-10-08T16:39:46+13:00,24.5,-36.632637,174.763626,11,False
esp32_device_001,2025-10-08T16:39:48.500000+13:00,26.0,-36.632136,174.763720,11,True
esp32_device_001,2025-10-08T16:39:51+13:00,27.5,-36.632122,174.763687,11,False
esp32_device_001,2025-10-08T16:39:51.454545+13:00,27.7,-36.632092,174.763658,11,True
esp32_device_001,2025-10-08T16:39:51.909091+13:00,28.0,-36.632066,174.763621,11,True
esp32_device_001,2025-10-08T16:39:52.363636+13:00,28.2,-36.632009,174.763585,11,True
esp32_device_001,2025-10-08T16:39:52.818182+13:00,28.4,-36.631935,174.763589,11,True
esp32_device_001,2025-10-08T16:39:53.272727+13:00,28.6,-36.631860,174.763604,11,True
esp32_device_001,2025-10-08T16:39:53.727273+13:00,28.9,-36.631833,174.763612,11,True
esp32_device_001,2025-10-08T16:39:54.181818+13:00,29.1,-36.631814,174.763618,11,True
esp32_device_001,2025-10-08T16:39:54.636364+13:00,29.3,-36.631784,174.763640,11,True
esp32_device_001,2025-10-08T16:39:55.090909+13:00,29.5,-36.631770,174.763664,11,True
esp32_device_001,2025-10-08T16:39:55.545455+13:00,29.8,-36.631801,174.763758,11,True
esp32_device_001,2025-10-08T16:39:56+13:00,30,-36.631725,174.763733,11,False
esp32_device_001,2025-10-08T16:40:01+13:00,31.1,-36.631554,174.763748,11,False
esp32_device_001,2025-10-08T16:40:06+13:00,32,-36.631466,174.763748,11,False
esp32_device_001,2025-10-08T16:40:06.208333+13:00,32.0,-36.631427,174.763782,11,True
esp32_device_001,2025-10-08T16:40:06.416667+13:00,32.1,-36.631294,174.763793,11,True
esp32_device_001,2025-10-08T16:40:06.625000+13:00,32.1,-36.631246,174.763799,11,True
esp32_device_001,2025-10-08T16:40:06.833333+13:00,32.2,-36.631175,174.763807,11,True
esp32_device_001,2025-10-08T16:40:07.041667+13:00,32.2,-36.631151,174.763790,11,True
esp32_device_001,2025-10-08T16:40:07.250000+13:00,32.3,-36.631122,174.763784,11,True
esp32_device_001,2025-10-08T16:40:07.458333+13:00,32.3,-36.631093,174.763789,11,True
esp32_device_001,2025-10-08T16:40:07.666667+13:00,32.4,-36.631068,174.763807,11,True
esp32_device_001,2025-10-08T16:40:07.875000+13:00,32.4,-36.631048,174.763834,11,True
esp32_device_001,2025-10-08T16:40:08.083333+13:00,32.5,-36.631037,174.763867,11,True
esp32_device_001,2025-10-08T16:40:08.291667+13:00,32.5,-36.631034,174.763890,11,True
esp32_device_001,2025-10-08T16:40:08.500000+13:00,32.5,-36.631041,174.763933,11,True
esp32_device_001,2025-10-08T16:40:08.708333+13:00,32.6,-36.631054,174.763960,11,True
esp32_device_001,2025-10-08T16:40:08.916667+13:00,32.6,-36.631072,174.763981,11,True
esp32_device_001,2025-10-08T16:40:09.125000+13:00,32.7,-36.631100,174.763996,11,True
esp32_device_001,2025-10-08T16:40:09.333333+13:00,32.7,-36.631129,174.763999,11,True
esp32_device_001,2025-10-08T16:40:09.541667+13:00,32.8,-36.631158,174.763989,11,True
esp32_device_001,2025-10-08T16:40:09.750000+13:00,32.8,-36.631183,174.763967,11,True
esp32_device_001,2025-10-08T16:40:09.958333+13:00,32.9,-36.631200,174.763936,11,True
esp32_device_001,2025-10-08T16:40:10.166667+13:00,32.9,-36.631207,174.763900,11,True
esp32_device_001,2025-10-08T16:40:10.375000+13:00,33.0,-36.631205,174.763863,11,True
esp32_device_001,2025-10-08T16:40:10.583333+13:00,33.0,-36.631193,174.763832,11,True
esp32_device_001,2025-10-08T16:40:10.791667+13:00,33.1,-36.631175,174.763807,11,True
esp32_device_001,2025-10-08T16:40:11+13:00,33.1,-36.631187,174.763779,11,False
esp32_device_001,2025-10-08T16:40:11.416667+13:00,33.1,-36.631199,174.763688,11,True
esp32_device_001,2025-10-08T16:40:11.833333+13:00,33.2,-36.631227,174.763488,11,True
esp32_device_001,2025-10-08T16:40:12.250000+13:00,33.2,-36.631152,174.763622,11,True
esp32_device_001,2025-10-08T16:40:12.666667+13:00,33.3,-36.631118,174.763702,11,True
esp32_device_001,2025-10-08T16:40:13.083333+13:00,33.4,-36.631111,174.763728,11,True
esp32_device_001,2025-10-08T16:40:13.500000+13:00,33.4,-36.631093,174.763789,11,True
esp32_device_001,2025-10-08T16:40:13.916667+13:00,33.5,-36.631068,174.763807,11,True
esp32_device_001,2025-10-08T16:40:14.333333+13:00,33.5,-36.631048,174.763834,11,True
esp32_device_001,2025-10-08T16:40:14.750000+13:00,33.6,-36.631037,174.763867,11,True
esp32_device_001,2025-10-08T16:40:15.166667+13:00,33.6,-36.631034,174.763890,11,True
esp32_device_001,2025-10-08T16:40:15.583333+13:00,33.7,-36.631041,174.763933,11,True
esp32_device_001,2025-10-08T16:40:16+13:00,33.7,-36.630962,174.764069,11,False
esp32_device_001,2025-10-08T16:40:18.500000+13:00,34.5,-36.630910,174.764276,11,True
esp32_device_001,2025-10-08T16:40:21+13:00,35.4,-36.630745,174.764587,11,False
esp32_device_001,2025-10-08T16:40:26+13:00,38,-36.630455,174.765213,11,False
esp32_device_001,2025-10-08T16:40:27.250000+13:00,38.6,-36.630399,174.765408,11,True
esp32_device_001,2025-10-08T16:40:28.500000+13:00,39.2,-36.630292,174.765650,11,True
esp32_device_001,2025-10-08T16:40:29.750000+13:00,39.9,-36.630208,174.765890,11,True
esp32_device_001,2025-10-08T16:40:31+13:00,40.5,-36.630169,174.76593,11,False
esp32_device_001,2025-10-08T16:40:32.250000+13:00,41.1,-36.630039,174.766448,11,True
esp32_device_001,2025-10-08T16:40:33.500000+13:00,41.8,-36.630032,174.766469,11,True
esp32_device_001,2025-10-08T16:40:34.750000+13:00,42.4,-36.629978,174.766648,11,True
esp32_device_001,2025-10-08T16:40:36+13:00,43,-36.629948,174.766693,11,False
esp32_device_001,2025-10-08T16:40:36.833333+13:00,42.8,-36.629914,174.766835,11,True
esp32_device_001,2025-10-08T16:40:37.666667+13:00,42.6,-36.629859,174.766949,11,True
esp32_device_001,2025-10-08T16:40:38.500000+13:00,42.5,-36.629783,174.767073,11,True
esp32_device_001,2025-10-08T16:40:39.333333+13:00,42.3,-36.629712,174.767156,11,True
esp32_device_001,2025-10-08T16:40:40.166667+13:00,42.1,-36.629632,174.767235,11,True
esp32_device_001,2025-10-08T16:40:41+13:00,41.9,-36.629547,174.767273,11,False
esp32_device_001,2025-10-08T16:40:43.500000+13:00,40.1,-36.629496,174.767338,11,True
esp32_device_001,2025-10-08T16:40:46+13:00,38.4,-36.628944,174.767654,11,False
esp32_device_001,2025-10-08T16:40:46.833333+13:00,38.4,-36.628861,174.767741,11,True
esp32_device_001,2025-10-08T16:40:47.666667+13:00,38.4,-36.628722,174.767836,11,True
esp32_device_001,2025-10-08T16:40:48.500000+13:00,38.3,-36.628638,174.767915,11,True
esp32_device_001,2025-10-08T16:40:49.333333+13:00,38.3,-36.628566,174.768005,11,True
esp32_device_001,2025-10-08T16:40:50.166667+13:00,38.3,-36.628501,174.768115,11,True
esp32_device_001,2025-10-08T16:40:51+13:00,38.3,-36.628452,174.768158,11,False
esp32_device_001,2025-10-08T16:40:52+13:00,38.7,-36.628416,174.768315,11,True
esp32_device_001,2025-10-08T16:40:53+13:00,39.2,-36.628344,174.768510,11,True
esp32_device_001,2025-10-08T16:40:54+13:00,39.6,-36.628263,174.768724,11,True
esp32_device_001,2025-10-08T16:40:55+13:00,40.1,-36.628216,174.768816,11,True
esp32_device_001,2025-10-08T16:40:56+13:00,40.5,-36.62817,174.768829,11,False
esp32_device_001,2025-10-08T16:40:56.714286+13:00,40.7,-36.628163,174.768905,11,True
esp32_device_001,2025-10-08T16:40:57.428571+13:00,40.9,-36.628126,174.768961,11,True
esp32_device_001,2025-10-08T16:40:58.142857+13:00,41.1,-36.627971,174.769079,11,True
esp32_device_001,2025-10-08T16:40:58.857143+13:00,41.4,-36.627874,174.769128,11,True
esp32_device_001,2025-10-08T16:40:59.571429+13:00,41.6,-36.627775,174.769163,11,True
esp32_device_001,2025-10-08T16:41:00.285714+13:00,41.8,-36.627673,174.769186,11,True
esp32_device_001,2025-10-08T16:41:01+13:00,42,-36.627632,174.769165,11,False
esp32_device_001,2025-10-08T16:41:02.666667+13:00,42.7,-36.627409,174.769221,11,True
esp32_device_001,2025-10-08T16:41:04.333333+13:00,43.5,-36.627142,174.769252,11,True
esp32_device_001,2025-10-08T16:41:06+13:00,44.2,-36.62701,174.769226,11,False
esp32_device_001,2025-10-08T16:41:07.250000+13:00,44.8,-36.626872,174.769283,11,True
esp32_device_001,2025-10-08T16:41:08.500000+13:00,45.5,-36.626692,174.769309,11,True
esp32_device_001,2025-10-08T16:41:09.750000+13:00,46.1,-36.626606,174.769328,11,True
esp32_device_001,2025-10-08T16:41:11+13:00,46.7,-36.626392,174.769348,11,False
esp32_device_001,2025-10-08T16:41:16+13:00,48.5,-36.625805,174.769485,11,False
esp32_device_001,2025-10-08T16:41:21+13:00,49,-36.625263,174.769608,11,False
esp32_device_001,2025-10-08T16:41:23.500000+13:00,48.2,-36.625017,174.769697,11,True
esp32_device_001,2025-10-08T16:41:26+13:00,47.4,-36.624748,174.769714,11,False
esp32_device_001,2025-10-08T16:41:27.250000+13:00,46.4,-36.624457,174.769823,11,True
esp32_device_001,2025-10-08T16:41:28.500000+13:00,45.4,-36.624354,174.769851,11,True
esp32_device_001,2025-10-08T16:41:29.750000+13:00,44.4,-36.624228,174.769903,11,True
esp32_device_001,2025-10-08T16:41:31+13:00,43.4,-36.624184,174.769913,11,False
esp32_device_001,2025-10-08T16:41:32.250000+13:00,42.4,-36.624125,174.769982,11,True
esp32_device_001,2025-10-08T16:41:33.500000+13:00,41.5,-36.624027,174.770074,11,True
esp32_device_001,2025-10-08T16:41:34.750000+13:00,40.5,-36.623832,174.770272,11,True
esp32_device_001,2025-10-08T16:41:36+13:00,39.5,-36.62368,174.770386,11,False
esp32_device_001,2025-10-08T16:41:41+13:00,34.9,-36.623177,174.770905,11,False
esp32_device_001,2025-10-08T16:41:42.666667+13:00,33.6,-36.623134,174.770989,11,True
esp32_device_001,2025-10-08T16:41:44.333333+13:00,32.4,-36.622951,174.771178,11,True
esp32_device_001,2025-10-08T16:41:46+13:00,31.1,-36.622707,174.771378,11,False
esp32_device_001,2025-10-08T16:41:47.666667+13:00,29.8,-36.622616,174.771523,11,True
esp32_device_001,2025-10-08T16:41:49.333333+13:00,28.5,-36.622362,174.771785,11,True
esp32_device_001,2025-10-08T16:41:51+13:00,27.2,-36.622242,174.771851,11,False
esp32_device_001,2025-10-08T16:41:52.666667+13:00,26.4,-36.622053,174.772103,11,True
esp32_device_001,2025-10-08T16:41:54.333333+13:00,25.7,-36.621819,174.772336,11,True
esp32_device_001,2025-10-08T16:41:56+13:00,24.9,-36.621773,174.772339,11,False
esp32_device_001,2025-10-08T16:41:57.250000+13:00,25.5,-36.621576,174.772596,11,True
esp32_device_001,2025-10-08T16:41:58.500000+13:00,26.1,-36.621503,174.772687,11,True
esp32_device_001,2025-10-08T16:41:59.750000+13:00,26.8,-36.621433,174.772781,11,True
esp32_device_001,2025-10-08T16:42:01+13:00,27.4,-36.621361,174.772858,11,False
esp32_device_001,2025-10-08T16:42:02.250000+13:00,28.7,-36.621224,174.773141,11,True
esp32_device_001,2025-10-08T16:42:03.500000+13:00,30.1,-36.621110,174.773291,11,True
esp32_device_001,2025-10-08T16:42:04.750000+13:00,31.4,-36.621040,174.773359,11,True
esp32_device_001,2025-10-08T16:42:06+13:00,32.7,-36.620979,174.773361,11,False
esp32_device_001,2025-10-08T16:42:06.833333+13:00,33.5,-36.620970,174.773416,11,True
esp32_device_001,2025-10-08T16:42:07.666667+13:00,34.3,-36.620901,174.773457,11,True
esp32_device_001,2025-10-08T16:42:08.500000+13:00,35.1,-36.620826,174.773486,11,True
esp32_device_001,2025-10-08T16:42:09.333333+13:00,35.9,-36.620753,174.773517,11,True
esp32_device_001,2025-10-08T16:42:10.166667+13:00,36.7,-36.620670,174.773536,11,True
esp32_device_001,2025-10-08T16:42:11+13:00,37.5,-36.620426,174.773544,11,False
esp32_device_001,2025-10-08T16:42:16+13:00,43.6,-36.619835,174.773651,11,False
esp32_device_001,2025-10-08T16:42:17+13:00,45.0,-36.619731,174.773712,11,True
esp32_device_001,2025-10-08T16:42:18+13:00,46.3,-36.619588,174.773740,11,True
esp32_device_001,2025-10-08T16:42:19+13:00,47.7,-36.619495,174.773766,11,True
esp32_device_001,2025-10-08T16:42:20+13:00,49.0,-36.619405,174.773801,11,True
esp32_device_001,2025-10-08T16:42:21+13:00,50.4,-36.619255,174.773834,11,False
esp32_device_001,2025-10-08T16:42:22+13:00,51.7,-36.619161,174.773898,11,True
esp32_device_001,2025-10-08T16:42:23+13:00,53.0,-36.619073,174.773934,11,True
esp32_device_001,2025-10-08T16:42:24+13:00,54.3,-36.618985,174.773956,11,True
esp32_device_001,2025-10-08T16:42:25+13:00,55.6,-36.618894,174.773968,11,True
esp32_device_001,2025-10-08T16:42:26+13:00,56.9,-36.61866,174.773956,11,False
esp32_device_001,2025-10-08T16:42:28.500000+13:00,60.0,-36.618180,174.774008,11,True
esp32_device_001,2025-10-08T16:42:31+13:00,63.2,-36.618034,174.773956,11,False
esp32_device_001,2025-10-08T16:42:32.666667+13:00,65.2,-36.617987,174.774004,11,True
esp32_device_001,2025-10-08T16:42:34.333333+13:00,67.1,-36.617671,174.773983,11,True
esp32_device_001,2025-10-08T16:42:36+13:00,69.1,-36.617371,174.773911,11,False
esp32_device_001,2025-10-08T16:42:36.833333+13:00,70.2,-36.617234,174.773946,11,True
esp32_device_001,2025-10-08T16:42:37.666667+13:00,71.4,-36.617160,174.773951,11,True
esp32_device_001,2025-10-08T16:42:38.500000+13:00,72.5,-36.617045,174.773964,11,True
esp32_device_001,2025-10-08T16:42:39.333333+13:00,73.6,-36.616928,174.773988,11,True
esp32_device_001,2025-10-08T16:42:40.166667+13:00,74.8,-36.616804,174.774024,11,True
esp32_device_001,2025-10-08T16:42:41+13:00,75.9,-36.616699,174.774033,11,False
esp32_device_001,2025-10-08T16:42:42.666667+13:00,76.9,-36.616554,174.774143,11,True
esp32_device_001,2025-10-08T16:42:44.333333+13:00,78.0,-36.616414,174.774233,11,True
esp32_device_001,2025-10-08T16:42:46+13:00,79,-36.616066,174.774445,11,False
esp32_device_001,2025-10-08T16:42:46.833333+13:00,79.3,-36.616039,174.774493,11,True
esp32_device_001,2025-10-08T16:42:47.666667+13:00,79.6,-36.615842,174.774633,11,True
esp32_device_001,2025-10-08T16:42:48.500000+13:00,80.0,-36.615719,174.774716,11,True
esp32_device_001,2025-10-08T16:42:49.333333+13:00,80.3,-36.615606,174.774776,11,True
esp32_device_001,2025-10-08T16:42:50.166667+13:00,80.6,-36.615485,174.774830,11,True
esp32_device_001,2025-10-08T16:42:51+13:00,80.9,-36.615433,174.774811,11,False
esp32_device_001,2025-10-08T16:42:52.250000+13:00,81.1,-36.615336,174.774877,11,True
esp32_device_001,2025-10-08T16:42:53.500000+13:00,81.2,-36.615163,174.774910,11,True
esp32_device_001,2025-10-08T16:42:54.750000+13:00,81.3,-36.615019,174.774918,11,True
esp32_device_001,2025-10-08T16:42:56+13:00,81.5,-36.614815,174.774887,11,False
esp32_device_001,2025-10-08T16:42:57.666667+13:00,81.8,-36.614610,174.774923,11,True
esp32_device_001,2025-10-08T16:42:59.333333+13:00,82.1,-36.614417,174.774926,11,True
esp32_device_001,2025-10-08T16:43:01+13:00,82.4,-36.614395,174.774918,11,False
esp32_device_001,2025-10-08T16:43:02.250000+13:00,82.6,-36.614311,174.774933,11,True
esp32_device_001,2025-10-08T16:43:03.500000+13:00,82.7,-36.614184,174.774954,11,True
esp32_device_001,2025-10-08T16:43:04.750000+13:00,82.8,-36.614041,174.774989,11,True
esp32_device_001,2025-10-08T16:43:06+13:00,83,-36.61401,174.774994,11,False
esp32_device_001,2025-10-08T16:43:07.250000+13:00,82.8,-36.613899,174.775046,11,True
esp32_device_001,2025-10-08T16:43:08.500000+13:00,82.7,-36.613761,174.775123,11,True
esp32_device_001,2025-10-08T16:43:09.750000+13:00,82.5,-36.613628,174.775212,11,True
esp32_device_001,2025-10-08T16:43:11+13:00,82.3,-36.613602,174.775192,11,False
esp32_device_001,2025-10-08T16:43:12+13:00,81.8,-36.613517,174.775306,11,True
esp32_device_001,2025-10-08T16:43:13+13:00,81.3,-36.613423,174.775400,11,True
esp32_device_001,2025-10-08T16:43:14+13:00,80.7,-36.613356,174.775474,11,True
esp32_device_001,2025-10-08T16:43:15+13:00,80.2,-36.613239,174.775635,11,True
esp32_device_001,2025-10-08T16:43:16+13:00,79.7,-36.613216,174.775635,11,False
esp32_device_001,2025-10-08T16:43:18.500000+13:00,78.8,-36.613155,174.775781,11,True
esp32_device_001,2025-10-08T16:43:21+13:00,77.8,-36.612881,174.776245,11,False
esp32_device_001,2025-10-08T16:43:23.500000+13:00,77.0,-36.612782,174.776527,11,True
esp32_device_001,2025-10-08T16:43:26+13:00,76.2,-36.612522,174.776962,11,False
esp32_device_001,2025-10-08T16:43:31+13:00,74.9,-36.612167,174.777679,11,False
esp32_device_001,2025-10-08T16:43:32.250000+13:00,75.2,-36.612162,174.777780,11,True
esp32_device_001,2025-10-08T16:43:33.500000+13:00,75.5,-36.612071,174.778024,11,True
esp32_device_001,2025-10-08T16:43:34.750000+13:00,75.8,-36.611996,174.778284,11,True
esp32_device_001,2025-10-08T16:43:36+13:00,76.1,-36.611927,174.778412,11,False
esp32_device_001,2025-10-08T16:43:37.250000+13:00,76.4,-36.611958,174.778444,11,True
esp32_device_001,2025-10-08T16:43:38.500000+13:00,76.7,-36.611880,174.778827,11,True
esp32_device_001,2025-10-08T16:43:39.750000+13:00,76.9,-36.611807,174.779002,11,True
esp32_device_001,2025-10-08T16:43:41+13:00,77.2,-36.611801,174.779022,11,False
esp32_device_001,2025-10-08T16:43:46+13:00,77.5,-36.611759,174.779236,11,False
esp32_device_001,2025-10-08T16:43:51+13:00,78.6,-36.611664,174.779495,11,False
esp32_device_001,2025-10-08T16:43:51.714286+13:00,78.6,-36.611660,174.779525,11,True
esp32_device_001,2025-10-08T16:43:52.428571+13:00,78.6,-36.611641,174.779545,11,True
esp32_device_001,2025-10-08T16:43:53.142857+13:00,78.6,-36.611627,174.779571,11,True
esp32_device_001,2025-10-08T16:43:53.857143+13:00,78.6,-36.611621,174.779601,11,True
esp32_device_001,2025-10-08T16:43:54.571429+13:00,78.6,-36.611595,174.779684,11,True
esp32_device_001,2025-10-08T16:43:55.285714+13:00,78.6,-36.611518,174.779812,11,True
esp32_device_001,2025-10-08T16:43:56+13:00,78.6,-36.611431,174.779907,11,False
esp32_device_001,2025-10-08T16:43:57.666667+13:00,78.3,-36.611360,174.780007,11,True
esp32_device_001,2025-10-08T16:43:59.333333+13:00,78.0,-36.611153,174.780157,11,True
esp32_device_001,2025-10-08T16:44:01+13:00,77.7,-36.610947,174.780258,11,False
esp32_device_001,2025-10-08T16:44:01.714286+13:00,77.2,-36.610932,174.780316,11,True
esp32_device_001,2025-10-08T16:44:02.428571+13:00,76.6,-36.610853,174.780359,11,True
esp32_device_001,2025-10-08T16:44:03.142857+13:00,76.1,-36.610775,174.780398,11,True
esp32_device_001,2025-10-08T16:44:03.857143+13:00,75.6,-36.610602,174.780488,11,True
esp32_device_001,2025-10-08T16:44:04.571429+13:00,75.1,-36.610519,174.780537,11,True
esp32_device_001,2025-10-08T16:44:05.285714+13:00,74.5,-36.610433,174.780591,11,True
esp32_device_001,2025-10-08T16:44:06+13:00,74,-36.610359,174.780609,11,False
esp32_device_001,2025-10-08T16:44:06.833333+13:00,73.0,-36.610355,174.780651,11,True
esp32_device_001,2025-10-08T16:44:07.666667+13:00,71.9,-36.610280,174.780726,11,True
esp32_device_001,2025-10-08T16:44:08.500000+13:00,70.8,-36.610103,174.780963,11,True
esp32_device_001,2025-10-08T16:44:09.333333+13:00,69.8,-36.610061,174.781046,11,True
esp32_device_001,2025-10-08T16:44:10.166667+13:00,68.8,-36.610007,174.781160,11,True
esp32_device_001,2025-10-08T16:44:11+13:00,67.7,-36.60994,174.781281,11,False
esp32_device_001,2025-10-08T16:44:13.500000+13:00,65.3,-36.609917,174.781437,11,True
esp32_device_001,2025-10-08T16:44:16+13:00,62.9,-36.609653,174.78215,11,False
esp32_device_001,2025-10-08T16:44:16.625000+13:00,62.6,-36.609653,174.782248,11,True
esp32_device_001,2025-10-08T16:44:17.250000+13:00,62.4,-36.609606,174.782367,11,True
esp32_device_001,2025-10-08T16:44:17.875000+13:00,62.1,-36.609561,174.782467,11,True
esp32_device_001,2025-10-08T16:44:18.500000+13:00,61.9,-36.609536,174.782519,11,True
esp32_device_001,2025-10-08T16:44:19.125000+13:00,61.6,-36.609453,174.782670,11,True
esp32_device_001,2025-10-08T16:44:19.750000+13:00,61.4,-36.609367,174.782800,11,True
esp32_device_001,2025-10-08T16:44:20.375000+13:00,61.1,-36.609276,174.782917,11,True
esp32_device_001,2025-10-08T16:44:21+13:00,60.9,-36.609257,174.782883,11,False
esp32_device_001,2025-10-08T16:44:21.333333+13:00,60.9,-36.608959,174.782811,11,True
esp32_device_001,2025-10-08T16:44:21.666667+13:00,60.9,-36.608920,174.782800,11,True
esp32_device_001,2025-10-08T16:44:22+13:00,60.9,-36.608898,174.782799,11,True
esp32_device_001,2025-10-08T16:44:22.333333+13:00,60.9,-36.608867,174.782802,11,True
esp32_device_001,2025-10-08T16:44:22.666667+13:00,60.9,-36.608851,174.782811,11,True
esp32_device_001,2025-10-08T16:44:23+13:00,60.9,-36.608841,174.782829,11,True
esp32_device_001,2025-10-08T16:44:23.333333+13:00,60.9,-36.608833,174.782846,11,True
esp32_device_001,2025-10-08T16:44:23.666667+13:00,61.0,-36.608835,174.782867,11,True
esp32_device_001,2025-10-08T16:44:24+13:00,61.0,-36.608836,174.782879,11,True
esp32_device_001,2025-10-08T16:44:24.333333+13:00,61.0,-36.608837,174.782898,11,True
esp32_device_001,2025-10-08T16:44:24.666667+13:00,61.0,-36.608841,174.782923,11,True
esp32_device_001,2025-10-08T16:44:25+13:00,61.0,-36.608896,174.783104,11,True
esp32_device_001,2025-10-08T16:44:25.333333+13:00,61.0,-36.608913,174.783158,11,True
esp32_device_001,2025-10-08T16:44:25.666667+13:00,61.0,-36.608946,174.783241,11,True
esp32_device_001,2025-10-08T16:44:26+13:00,61,-36.608707,174.783417,11,False
esp32_device_001,2025-10-08T16:44:28.500000+13:00,62.3,-36.608449,174.783689,11,True
esp32_device_001,2025-10-08T16:44:31+13:00,63.6,-36.608139,174.78392,11,False
esp32_device_001,2025-10-08T16:44:33.500000+13:00,65.0,-36.608013,174.784081,11,True
esp32_device_001,2025-10-08T16:44:36+13:00,66.4,-36.607643,174.784363,11,False
esp32_device_001,2025-10-08T16:44:38.500000+13:00,66.6,-36.607484,174.784558,11,True
esp32_device_001,2025-10-08T16:44:41+13:00,66.7,-36.607189,174.784775,11,False
esp32_device_001,2025-10-08T16:44:43.500000+13:00,65.6,-36.606981,174.785015,11,True
esp32_device_001,2025-10-08T16:44:46+13:00,64.4,-36.606712,174.785202,11,False
esp32_device_001,2025-10-08T16:44:48.500000+13:00,62.2,-36.606576,174.785376,11,True
esp32_device_001,2025-10-08T16:44:51+13:00,60,-36.606224,174.785645,11,False
esp32_device_001,2025-10-08T16:44:53.500000+13:00,57.9,-36.605788,174.786079,11,True
esp32_device_001,2025-10-08T16:44:56+13:00,55.8,-36.605724,174.786102,11,False
esp32_device_001,2025-10-08T16:44:57+13:00,54.7,-36.605587,174.786292,11,True
esp32_device_001,2025-10-08T16:44:58+13:00,53.6,-36.605521,174.786380,11,True
esp32_device_001,2025-10-08T16:44:59+13:00,52.5,-36.605463,174.786476,11,True
esp32_device_001,2025-10-08T16:45:00+13:00,51.4,-36.605418,174.786562,11,True
esp32_device_001,2025-10-08T16:45:01+13:00,50.3,-36.60535,174.786652,11,False
esp32_device_001,2025-10-08T16:45:02.250000+13:00,48.2,-36.605344,174.786755,11,True
esp32_device_001,2025-10-08T16:45:03.500000+13:00,46.2,-36.605316,174.786860,11,True
esp32_device_001,2025-10-08T16:45:04.750000+13:00,44.1,-36.605279,174.787059,11,True
esp32_device_001,2025-10-08T16:45:06+13:00,42.1,-36.605206,174.787384,11,False
esp32_device_001,2025-10-08T16:45:11+13:00,34.8,-36.60511,174.788193,11,False
esp32_device_001,2025-10-08T16:45:13.500000+13:00,32.1,-36.605073,174.788703,11,True
esp32_device_001,2025-10-08T16:45:16+13:00,29.5,-36.605007,174.789001,11,False
esp32_device_001,2025-10-08T16:45:18.500000+13:00,27.2,-36.604989,174.789355,11,True
esp32_device_001,2025-10-08T16:45:21+13:00,25,-36.604897,174.789795,11,False
esp32_device_001,2025-10-08T16:45:22.250000+13:00,23.9,-36.604900,174.789963,11,True
esp32_device_001,2025-10-08T16:45:23.500000+13:00,22.9,-36.604878,174.790160,11,True
esp32_device_001,2025-10-08T16:45:24.750000+13:00,21.9,-36.604861,174.790365,11,True
esp32_device_001,2025-10-08T16:45:26+13:00,20.8,-36.604832,174.790527,11,False
esp32_device_001,2025-10-08T16:45:27.666667+13:00,19.9,-36.604858,174.790656,11,True
esp32_device_001,2025-10-08T16:45:29.333333+13:00,19.0,-36.604893,174.791112,11,True
esp32_device_001,2025-10-08T16:45:31+13:00,18.1,-36.604828,174.791077,11,False
esp32_device_001,2025-10-08T16:45:36+13:00,17.3,-36.604694,174.791321,11,False
esp32_device_001,2025-10-08T16:45:41+13:00,16.8,-36.604618,174.791534,11,False
esp32_device_001,2025-10-08T16:45:46+13:00,16.9,-36.604568,174.791611,11,False
esp32_device_001,2025-10-08T16:48:46+13:00,19.3,-36.604588,174.79158,11,False
esp32_device_001,2025-10-08T16:48:51+13:00,19.3,-36.604626,174.791534,11,False
esp32_device_001,2025-10-08T16:48:56+13:00,19.3,-36.604687,174.791367,11,False
esp32_device_001,2025-10-08T16:49:01+13:00,19.2,-36.604755,174.791168,11,False
esp32_device_001,2025-10-08T16:49:06+13:00,19.6,-36.604889,174.79126,11,False
esp32_device_001,2025-10-08T16:49:08.500000+13:00,19.8,-36.604955,174.791624,11,True
esp32_device_001,2025-10-08T16:49:11+13:00,20,-36.60495,174.791779,11,False
esp32_device_001,2025-10-08T16:49:16+13:00,27,-36.605022,174.792465,11,False
esp32_device_001,2025-10-08T16:49:18.500000+13:00,30.7,-36.605117,174.792976,11,True
esp32_device_001,2025-10-08T16:49:21+13:00,34.4,-36.605106,174.793167,11,False
esp32_device_001,2025-10-08T16:49:21.833333+13:00,35.4,-36.605172,174.793455,11,True
esp32_device_001,2025-10-08T16:49:22.666667+13:00,36.5,-36.605180,174.793563,11,True
esp32_device_001,2025-10-08T16:49:23.500000+13:00,37.5,-36.605186,174.793658,11,True
esp32_device_001,2025-10-08T16:49:24.333333+13:00,38.5,-36.605184,174.793754,11,True
esp32_device_001,2025-10-08T16:49:25.166667+13:00,39.6,-36.605175,174.793832,11,True
esp32_device_001,2025-10-08T16:49:26+13:00,40.6,-36.605129,174.793854,11,False
esp32_device_001,2025-10-08T16:49:28.500000+13:00,43.2,-36.605161,174.793931,11,True
esp32_device_001,2025-10-08T16:49:31+13:00,45.7,-36.605,174.794571,11,False
esp32_device_001,2025-10-08T16:49:33.500000+13:00,47.0,-36.604989,174.794807,11,True
esp32_device_001,2025-10-08T16:49:36+13:00,48.4,-36.604843,174.795364,11,False
esp32_device_001,2025-10-08T16:49:37.666667+13:00,49.6,-36.604846,174.795514,11,True
esp32_device_001,2025-10-08T16:49:39.333333+13:00,50.8,-36.604755,174.795973,11,True
esp32_device_001,2025-10-08T16:49:41+13:00,52,-36.604675,174.796188,11,False
esp32_device_001,2025-10-08T16:49:41.833333+13:00,52.2,-36.604700,174.796218,11,True
esp32_device_001,2025-10-08T16:49:42.666667+13:00,52.4,-36.604663,174.796340,11,True
esp32_device_001,2025-10-08T16:49:43.500000+13:00,52.6,-36.604641,174.796412,11,True
esp32_device_001,2025-10-08T16:49:44.333333+13:00,52.8,-36.604613,174.796482,11,True
esp32_device_001,2025-10-08T16:49:45.166667+13:00,53.0,-36.604561,174.796597,11,True
esp32_device_001,2025-10-08T16:49:46+13:00,53.2,-36.604359,174.796921,11,False
esp32_device_001,2025-10-08T16:49:48.500000+13:00,53.1,-36.604265,174.797153,11,True
esp32_device_001,2025-10-08T16:49:51+13:00,53,-36.603973,174.797638,11,False
esp32_device_001,2025-10-08T16:49:52.666667+13:00,52.6,-36.603838,174.797944,11,True
esp32_device_001,2025-10-08T16:49:54.333333+13:00,52.3,-36.603792,174.798029,11,True
esp32_device_001,2025-10-08T16:49:56+13:00,51.9,-36.603596,174.79834,11,False
esp32_device_001,2025-10-08T16:49:58.500000+13:00,51.6,-36.603456,174.798650,11,True
esp32_device_001,2025-10-08T16:50:01+13:00,51.3,-36.603241,174.798996,11,False
esp32_device_001,2025-10-08T16:50:01.714286+13:00,51.3,-36.603219,174.799100,11,True
esp32_device_001,2025-10-08T16:50:02.428571+13:00,51.3,-36.603165,174.799204,11,True
esp32_device_001,2025-10-08T16:50:03.142857+13:00,51.3,-36.603118,174.799312,11,True
esp32_device_001,2025-10-08T16:50:03.857143+13:00,51.3,-36.603082,174.799420,11,True
esp32_device_001,2025-10-08T16:50:04.571429+13:00,51.3,-36.603066,174.799538,11,True
esp32_device_001,2025-10-08T16:50:05.285714+13:00,51.3,-36.603065,174.799637,11,True
esp32_device_001,2025-10-08T16:50:06+13:00,51.3,-36.60305,174.799683,11,False
esp32_device_001,2025-10-08T16:50:07+13:00,51.3,-36.603076,174.799733,11,True
esp32_device_001,2025-10-08T16:50:08+13:00,51.3,-36.603092,174.799818,11,True
esp32_device_001,2025-10-08T16:50:09+13:00,51.2,-36.603110,174.799895,11,True
esp32_device_001,2025-10-08T16:50:10+13:00,51.2,-36.603160,174.800101,11,True
esp32_device_001,2025-10-08T16:50:11+13:00,51.2,-36.603218,174.80043,11,False
esp32_device_001,2025-10-08T16:50:12.250000+13:00,51.2,-36.603250,174.800456,11,True
esp32_device_001,2025-10-08T16:50:13.500000+13:00,51.3,-36.603379,174.801004,11,True
esp32_device_001,2025-10-08T16:50:14.750000+13:00,51.4,-36.603411,174.801140,11,True
esp32_device_001,2025-10-08T16:50:16+13:00,51.4,-36.603394,174.801178,11,False
esp32_device_001,2025-10-08T16:50:16.106383+13:00,51.4,-36.603369,174.801157,11,True
esp32_device_001,2025-10-08T16:50:16.212766+13:00,51.4,-36.603341,174.801168,11,True
esp32_device_001,2025-10-08T16:50:16.319149+13:00,51.4,-36.602485,174.801496,11,True
esp32_device_001,2025-10-08T16:50:16.425532+13:00,51.4,-36.602455,174.801507,11,True
esp32_device_001,2025-10-08T16:50:16.531915+13:00,51.4,-36.602406,174.801527,11,True
esp32_device_001,2025-10-08T16:50:16.638298+13:00,51.4,-36.602353,174.801322,11,True
esp32_device_001,2025-10-08T16:50:16.744681+13:00,51.4,-36.602273,174.800989,11,True
esp32_device_001,2025-10-08T16:50:16.851064+13:00,51.4,-36.602258,174.800908,11,True
esp32_device_001,2025-10-08T16:50:16.957447+13:00,51.4,-36.602244,174.800811,11,True
esp32_device_001,2025-10-08T16:50:17.063830+13:00,51.4,-36.602114,174.799693,11,True
esp32_device_001,2025-10-08T16:50:17.170213+13:00,51.4,-36.602084,174.799410,11,True
esp32_device_001,2025-10-08T16:50:17.276596+13:00,51.5,-36.602052,174.799127,11,True
esp32_device_001,2025-10-08T16:50:17.382979+13:00,51.5,-36.602050,174.799081,11,True
esp32_device_001,2025-10-08T16:50:17.489362+13:00,51.5,-36.602049,174.799033,11,True
esp32_device_001,2025-10-08T16:50:17.595745+13:00,51.5,-36.602055,174.798990,11,True
esp32_device_001,2025-10-08T16:50:17.702128+13:00,51.5,-36.602065,174.798941,11,True
esp32_device_001,2025-10-08T16:50:17.808511+13:00,51.5,-36.602079,174.798889,11,True
esp32_device_001,2025-10-08T16:50:17.914894+13:00,51.5,-36.602103,174.798823,11,True
esp32_device_001,2025-10-08T16:50:18.021277+13:00,51.5,-36.602126,174.798770,11,True
esp32_device_001,2025-10-08T16:50:18.127660+13:00,51.5,-36.602450,174.798157,11,True
esp32_device_001,2025-10-08T16:50:18.234043+13:00,51.5,-36.602637,174.797810,11,True
esp32_device_001,2025-10-08T16:50:18.340426+13:00,51.5,-36.602663,174.797757,11,True
esp32_device_001,2025-10-08T16:50:18.446809+13:00,51.5,-36.602689,174.797699,11,True
esp32_device_001,2025-10-08T16:50:18.553191+13:00,51.5,-36.602722,174.797614,11,True
esp32_device_001,2025-10-08T16:50:18.659574+13:00,51.5,-36.602781,174.797447,11,True
esp32_device_001,2025-10-08T16:50:18.765957+13:00,51.5,-36.602807,174.797371,11,True
esp32_device_001,2025-10-08T16:50:18.872340+13:00,51.5,-36.602847,174.797392,11,True
esp32_device_001,2025-10-08T16:50:18.978723+13:00,51.5,-36.602863,174.797400,11,True
esp32_device_001,2025-10-08T16:50:19.085106+13:00,51.5,-36.603286,174.797611,11,True
esp32_device_001,2025-10-08T16:50:19.191489+13:00,51.5,-36.603754,174.797996,11,True
esp32_device_001,2025-10-08T16:50:19.297872+13:00,51.5,-36.603792,174.798029,11,True
esp32_device_001,2025-10-08T16:50:19.404255+13:00,51.5,-36.603456,174.798650,11,True
esp32_device_001,2025-10-08T16:50:19.510638+13:00,51.5,-36.603219,174.799100,11,True
esp32_device_001,2025-10-08T16:50:19.617021+13:00,51.5,-36.603165,174.799204,11,True
esp32_device_001,2025-10-08T16:50:19.723404+13:00,51.5,-36.603118,174.799312,11,True
esp32_device_001,2025-10-08T16:50:19.829787+13:00,51.6,-36.603082,174.799420,11,True
esp32_device_001,2025-10-08T16:50:19.936170+13:00,51.6,-36.603066,174.799538,11,True
esp32_device_001,2025-10-08T16:50:20.042553+13:00,51.6,-36.603065,174.799637,11,True
esp32_device_001,2025-10-08T16:50:20.148936+13:00,51.6,-36.603076,174.799733,11,True
esp32_device_001,2025-10-08T16:50:20.255319+13:00,51.6,-36.603092,174.799818,11,True
esp32_device_001,2025-10-08T16:50:20.361702+13:00,51.6,-36.603110,174.799895,11,True
esp32_device_001,2025-10-08T16:50:20.468085+13:00,51.6,-36.603160,174.800101,11,True
esp32_device_001,2025-10-08T16:50:20.574468+13:00,51.6,-36.603250,174.800456,11,True
esp32_device_001,2025-10-08T16:50:20.680851+13:00,51.6,-36.603379,174.801004,11,True
esp32_device_001,2025-10-08T16:50:20.787234+13:00,51.6,-36.603411,174.801140,11,True
esp32_device_001,2025-10-08T16:50:20.893617+13:00,51.6,-36.603446,174.801282,11,True
esp32_device_001,2025-10-08T16:50:21+13:00,51.6,-36.603554,174.801865,11,False
esp32_device_001,2025-10-08T16:50:22+13:00,51.7,-36.603639,174.802077,11,True
esp32_device_001,2025-10-08T16:50:23+13:00,51.8,-36.603662,174.802168,11,True
esp32_device_001,2025-10-08T16:50:24+13:00,51.9,-36.603695,174.802307,11,True
esp32_device_001,2025-10-08T16:50:25+13:00,52.0,-36.603749,174.802281,11,True
esp32_device_001,2025-10-08T16:50:26+13:00,52.1,-36.603779,174.802261,11,False
esp32_device_001,2025-10-08T16:50:27.250000+13:00,52.2,-36.603801,174.802271,11,True
esp32_device_001,2025-10-08T16:50:28.500000+13:00,52.3,-36.603918,174.802283,11,True
esp32_device_001,2025-10-08T16:50:29.750000+13:00,52.4,-36.604083,174.802380,11,True
esp32_device_001,2025-10-08T16:50:31+13:00,52.5,-36.604179,174.80246,11,False
esp32_device_001,2025-10-08T16:50:33.500000+13:00,53.4,-36.604346,174.802540,11,True
esp32_device_001,2025-10-08T16:50:36+13:00,54.2,-36.604599,174.802719,11,False
