dev_esp32,timestamp,altitude,latitude,longitude,journey_id,synthetic
esp32_device_001,2025-10-18T07:46:55+13:00,57.8,-36.604748,174.80249,1,False
esp32_device_001,2025-10-18T07:47:00+13:00,57.8,-36.604733,174.802536,1,False
esp32_device_001,2025-10-18T07:47:02.638889+13:00,57.6,-36.604346,174.802540,1,True
esp32_device_001,2025-10-18T07:47:05.277778+13:00,57.3,-36.604083,174.802380,1,True
esp32_device_001,2025-10-18T07:47:07.916667+13:00,57.1,-36.603918,174.802283,1,True
esp32_device_001,2025-10-18T07:47:10.555556+13:00,56.9,-36.603823,174.802199,1,True
esp32_device_001,2025-10-18T07:47:13.194444+13:00,56.6,-36.603814,174.802194,1,True
esp32_device_001,2025-10-18T07:47:15.833333+13:00,56.4,-36.603769,174.802171,1,True
esp32_device_001,2025-10-18T07:47:18.472222+13:00,56.1,-36.603704,174.802153,1,True
esp32_device_001,2025-10-18T07:47:21.111111+13:00,55.9,-36.603662,174.802168,1,True
esp32_device_001,2025-10-18T07:47:23.750000+13:00,55.7,-36.603639,174.802077,1,True
esp32_device_001,2025-10-18T07:47:26.388889+13:00,55.4,-36.603446,174.801282,1,True
esp32_device_001,2025-10-18T07:47:29.027778+13:00,55.2,-36.603411,174.801140,1,True
esp32_device_001,2025-10-18T07:47:31.666667+13:00,55.0,-36.603379,174.801004,1,True
esp32_device_001,2025-10-18T07:47:34.305556+13:00,54.7,-36.603250,174.800456,1,True
esp32_device_001,2025-10-18T07:47:36.944444+13:00,54.5,-36.603160,174.800101,1,True
esp32_device_001,2025-10-18T07:47:39.583333+13:00,54.3,-36.603110,174.799895,1,True
esp32_device_001,2025-10-18T07:47:42.222222+13:00,54.0,-36.603092,174.799818,1,True
esp32_device_001,2025-10-18T07:47:44.861111+13:00,53.8,-36.603076,174.799733,1,True
esp32_device_001,2025-10-18T07:47:47.500000+13:00,53.5,-36.603065,174.799637,1,True
esp32_device_001,2025-10-18T07:47:50.138889+13:00,53.3,-36.603066,174.799538,1,True
esp32_device_001,2025-10-18T07:47:52.777778+13:00,53.1,-36.603082,174.799420,1,True
esp32_device_001,2025-10-18T07:47:55.416667+13:00,52.8,-36.603118,174.799312,1,True
esp32_device_001,2025-10-18T07:47:58.055556+13:00,52.6,-36.603165,174.799204,1,True
esp32_device_001,2025-10-18T07:48:00.694444+13:00,52.4,-36.603219,174.799100,1,True
esp32_device_001,2025-10-18T07:48:03.333333+13:00,52.1,-36.603456,174.798650,1,True
esp32_device_001,2025-10-18T07:48:05.972222+13:00,51.9,-36.603792,174.798029,1,True
esp32_device_001,2025-10-18T07:48:08.611111+13:00,51.7,-36.603838,174.797944,1,True
esp32_device_001,2025-10-18T07:48:11.250000+13:00,51.4,-36.604265,174.797153,1,True
esp32_device_001,2025-10-18T07:48:13.888889+13:00,51.2,-36.604561,174.796597,1,True
esp32_device_001,2025-10-18T07:48:16.527778+13:00,51.0,-36.604613,174.796482,1,True
esp32_device_001,2025-10-18T07:48:19.166667+13:00,50.7,-36.604641,174.796412,1,True
esp32_device_001,2025-10-18T07:48:21.805556+13:00,50.5,-36.604663,174.796340,1,True
esp32_device_001,2025-10-18T07:48:24.444444+13:00,50.2,-36.604700,174.796218,1,True
esp32_device_001,2025-10-18T07:48:27.083333+13:00,50.0,-36.604755,174.795973,1,True
esp32_device_001,2025-10-18T07:48:29.722222+13:00,49.8,-36.604846,174.795514,1,True
esp32_device_001,2025-10-18T07:48:32.361111+13:00,49.5,-36.604989,174.794807,1,True
esp32_device_001,2025-10-18T07:48:35+13:00,49.3,-36.605015,174.794769,1,False
esp32_device_001,2025-10-18T07:48:36.428571+13:00,47.3,-36.605161,174.793931,1,True
esp32_device_001,2025-10-18T07:48:37.857143+13:00,45.4,-36.605175,174.793832,1,True
esp32_device_001,2025-10-18T07:48:39.285714+13:00,43.4,-36.605184,174.793754,1,True
esp32_device_001,2025-10-18T07:48:40.714286+13:00,41.4,-36.605186,174.793658,1,True
esp32_device_001,2025-10-18T07:48:42.142857+13:00,39.4,-36.605180,174.793563,1,True
esp32_device_001,2025-10-18T07:48:43.571429+13:00,37.5,-36.605172,174.793455,1,True
esp32_device_001,2025-10-18T07:48:45+13:00,35.5,-36.605125,174.79306,1,False
esp32_device_001,2025-10-18T07:48:47.500000+13:00,31.2,-36.605117,174.792976,1,True
esp32_device_001,2025-10-18T07:48:50+13:00,26.9,-36.605026,174.792191,1,False
esp32_device_001,2025-10-18T07:48:52.500000+13:00,24.7,-36.604955,174.791624,1,True
esp32_device_001,2025-10-18T07:48:55+13:00,22.5,-36.604919,174.79126,1,False
esp32_device_001,2025-10-18T07:48:56.250000+13:00,23.5,-36.604893,174.791112,1,True
esp32_device_001,2025-10-18T07:48:57.500000+13:00,24.5,-36.604858,174.790656,1,True
esp32_device_001,2025-10-18T07:48:58.750000+13:00,25.5,-36.604857,174.790521,1,True
esp32_device_001,2025-10-18T07:49:00+13:00,26.5,-36.604874,174.79039,1,False
esp32_device_001,2025-10-18T07:49:01.250000+13:00,27.7,-36.604861,174.790365,1,True
esp32_device_001,2025-10-18T07:49:02.500000+13:00,28.9,-36.604878,174.790160,1,True
esp32_device_001,2025-10-18T07:49:03.750000+13:00,30.1,-36.604900,174.789963,1,True
esp32_device_001,2025-10-18T07:49:05+13:00,31.3,-36.604977,174.789551,1,False
esp32_device_001,2025-10-18T07:49:07.500000+13:00,33.7,-36.604989,174.789355,1,True
esp32_device_001,2025-10-18T07:49:10+13:00,36.1,-36.605099,174.788727,1,False
esp32_device_001,2025-10-18T07:49:12.500000+13:00,38.9,-36.605073,174.788703,1,True
esp32_device_001,2025-10-18T07:49:15+13:00,41.7,-36.605198,174.787918,1,False
esp32_device_001,2025-10-18T07:49:20+13:00,48.9,-36.605297,174.78717,1,False
esp32_device_001,2025-10-18T07:49:20.833333+13:00,50.0,-36.605279,174.787059,1,True
esp32_device_001,2025-10-18T07:49:21.666667+13:00,51.1,-36.605316,174.786860,1,True
esp32_device_001,2025-10-18T07:49:22.500000+13:00,52.1,-36.605344,174.786755,1,True
esp32_device_001,2025-10-18T07:49:23.333333+13:00,53.2,-36.605379,174.786658,1,True
esp32_device_001,2025-10-18T07:49:24.166667+13:00,54.3,-36.605418,174.786562,1,True
esp32_device_001,2025-10-18T07:49:25+13:00,55.4,-36.605492,174.786499,1,False
esp32_device_001,2025-10-18T07:49:26.250000+13:00,57.0,-36.605521,174.786380,1,True
esp32_device_001,2025-10-18T07:49:27.500000+13:00,58.5,-36.605587,174.786292,1,True
esp32_device_001,2025-10-18T07:49:28.750000+13:00,60.0,-36.605788,174.786079,1,True
esp32_device_001,2025-10-18T07:49:30+13:00,61.6,-36.605949,174.785965,1,False
esp32_device_001,2025-10-18T07:49:35+13:00,66.5,-36.606487,174.785492,1,False
esp32_device_001,2025-10-18T07:49:36.666667+13:00,68.1,-36.606576,174.785376,1,True
esp32_device_001,2025-10-18T07:49:38.333333+13:00,69.8,-36.606981,174.785015,1,True
esp32_device_001,2025-10-18T07:49:40+13:00,71.4,-36.607037,174.784988,1,False
esp32_device_001,2025-10-18T07:49:42.500000+13:00,72.1,-36.607484,174.784558,1,True
esp32_device_001,2025-10-18T07:49:45+13:00,72.8,-36.607567,174.784515,1,False
esp32_device_001,2025-10-18T07:49:47.500000+13:00,72.2,-36.608013,174.784081,1,True
esp32_device_001,2025-10-18T07:49:50+13:00,71.7,-36.608116,174.783997,1,False
esp32_device_001,2025-10-18T07:49:52.500000+13:00,69.8,-36.608449,174.783689,1,True
esp32_device_001,2025-10-18T07:49:55+13:00,67.9,-36.608673,174.783493,1,False
esp32_device_001,2025-10-18T07:49:56.666667+13:00,67.7,-36.608946,174.783241,1,True
esp32_device_001,2025-10-18T07:49:58.333333+13:00,67.4,-36.609180,174.783031,1,True
esp32_device_001,2025-10-18T07:50:00+13:00,67.2,-36.609215,174.78302,1,False
esp32_device_001,2025-10-18T07:50:00.833333+13:00,67.6,-36.609276,174.782917,1,True
esp32_device_001,2025-10-18T07:50:01.666667+13:00,68.0,-36.609367,174.782800,1,True
esp32_device_001,2025-10-18T07:50:02.500000+13:00,68.4,-36.609453,174.782670,1,True
esp32_device_001,2025-10-18T07:50:03.333333+13:00,68.8,-36.609536,174.782519,1,True
esp32_device_001,2025-10-18T07:50:04.166667+13:00,69.2,-36.609561,174.782467,1,True
esp32_device_001,2025-10-18T07:50:05+13:00,69.6,-36.609623,174.782379,1,False
esp32_device_001,2025-10-18T07:50:07.500000+13:00,71.0,-36.609653,174.782248,1,True
esp32_device_001,2025-10-18T07:50:10+13:00,72.5,-36.60989,174.781601,1,False
esp32_device_001,2025-10-18T07:50:11+13:00,73.6,-36.609917,174.781437,1,True
esp32_device_001,2025-10-18T07:50:12+13:00,74.7,-36.610007,174.781160,1,True
esp32_device_001,2025-10-18T07:50:13+13:00,75.9,-36.610061,174.781046,1,True
esp32_device_001,2025-10-18T07:50:14+13:00,77.0,-36.610103,174.780963,1,True
esp32_device_001,2025-10-18T07:50:15+13:00,78.1,-36.610203,174.780869,1,False
esp32_device_001,2025-10-18T07:50:15.833333+13:00,78.9,-36.610280,174.780726,1,True
esp32_device_001,2025-10-18T07:50:16.666667+13:00,79.7,-36.610355,174.780651,1,True
esp32_device_001,2025-10-18T07:50:17.500000+13:00,80.4,-36.610433,174.780591,1,True
esp32_device_001,2025-10-18T07:50:18.333333+13:00,81.2,-36.610519,174.780537,1,True
esp32_device_001,2025-10-18T07:50:19.166667+13:00,82.0,-36.610602,174.780488,1,True
esp32_device_001,2025-10-18T07:50:20+13:00,82.8,-36.610725,174.780441,1,False
esp32_device_001,2025-10-18T07:50:21+13:00,83.2,-36.610775,174.780398,1,True
esp32_device_001,2025-10-18T07:50:22+13:00,83.5,-36.610853,174.780359,1,True
esp32_device_001,2025-10-18T07:50:23+13:00,83.9,-36.610932,174.780316,1,True
esp32_device_001,2025-10-18T07:50:24+13:00,84.2,-36.611178,174.780210,1,True
esp32_device_001,2025-10-18T07:50:25+13:00,84.6,-36.611229,174.780167,1,False
esp32_device_001,2025-10-18T07:50:26.250000+13:00,84.8,-36.611301,174.780129,1,True
esp32_device_001,2025-10-18T07:50:27.500000+13:00,84.9,-36.611409,174.780034,1,True
esp32_device_001,2025-10-18T07:50:28.750000+13:00,85.1,-36.611529,174.779893,1,True
esp32_device_001,2025-10-18T07:50:30+13:00,85.3,-36.611572,174.779831,1,False
esp32_device_001,2025-10-18T07:50:30.500000+13:00,85.3,-36.611619,174.779769,1,True
esp32_device_001,2025-10-18T07:50:31+13:00,85.3,-36.611659,174.779696,1,True
esp32_device_001,2025-10-18T07:50:31.500000+13:00,85.3,-36.611677,174.779706,1,True
esp32_device_001,2025-10-18T07:50:32+13:00,85.3,-36.611703,174.779710,1,True
esp32_device_001,2025-10-18T07:50:32.500000+13:00,85.2,-36.611721,174.779707,1,True
esp32_device_001,2025-10-18T07:50:33+13:00,85.2,-36.611738,174.779698,1,True
esp32_device_001,2025-10-18T07:50:33.500000+13:00,85.2,-36.611758,174.779679,1,True
esp32_device_001,2025-10-18T07:50:34+13:00,85.2,-36.611772,174.779654,1,True
esp32_device_001,2025-10-18T07:50:34.500000+13:00,85.2,-36.611778,174.779625,1,True
esp32_device_001,2025-10-18T07:50:35+13:00,85.2,-36.611778,174.779602,1,False
esp32_device_001,2025-10-18T07:50:36+13:00,85.0,-36.611773,174.779570,1,True
esp32_device_001,2025-10-18T07:50:37+13:00,84.8,-36.611763,174.779550,1,True
esp32_device_001,2025-10-18T07:50:38+13:00,84.5,-36.611761,174.779548,1,True
esp32_device_001,2025-10-18T07:50:39+13:00,84.3,-36.611785,174.779398,1,True
esp32_device_001,2025-10-18T07:50:40+13:00,84.1,-36.611839,174.77916,1,False
esp32_device_001,2025-10-18T07:50:41.250000+13:00,83.8,-36.611847,174.779066,1,True
esp32_device_001,2025-10-18T07:50:42.500000+13:00,83.4,-36.611855,174.779023,1,True
esp32_device_001,2025-10-18T07:50:43.750000+13:00,83.1,-36.611880,174.778827,1,True
esp32_device_001,2025-10-18T07:50:45+13:00,82.8,-36.61198,174.778473,1,False
esp32_device_001,2025-10-18T07:50:46+13:00,82.6,-36.611958,174.778444,1,True
esp32_device_001,2025-10-18T07:50:47+13:00,82.5,-36.611996,174.778284,1,True
esp32_device_001,2025-10-18T07:50:48+13:00,82.3,-36.612071,174.778024,1,True
esp32_device_001,2025-10-18T07:50:49+13:00,82.2,-36.612162,174.777780,1,True
esp32_device_001,2025-10-18T07:50:50+13:00,82,-36.612213,174.777725,1,False
esp32_device_001,2025-10-18T07:50:55+13:00,83.2,-36.612553,174.777054,1,False
esp32_device_001,2025-10-18T07:50:57.500000+13:00,84.3,-36.612782,174.776527,1,True
esp32_device_001,2025-10-18T07:51:00+13:00,85.5,-36.612885,174.776398,1,False
esp32_device_001,2025-10-18T07:51:02.500000+13:00,86.7,-36.613155,174.775781,1,True
esp32_device_001,2025-10-18T07:51:05+13:00,87.8,-36.613232,174.775726,1,False
esp32_device_001,2025-10-18T07:51:05.833333+13:00,88.2,-36.613239,174.775635,1,True
esp32_device_001,2025-10-18T07:51:06.666667+13:00,88.6,-36.613356,174.775474,1,True
esp32_device_001,2025-10-18T07:51:07.500000+13:00,88.9,-36.613423,174.775400,1,True
esp32_device_001,2025-10-18T07:51:08.333333+13:00,89.3,-36.613517,174.775306,1,True
esp32_device_001,2025-10-18T07:51:09.166667+13:00,89.7,-36.613628,174.775212,1,True
esp32_device_001,2025-10-18T07:51:10+13:00,90.1,-36.613705,174.775208,1,False
esp32_device_001,2025-10-18T07:51:10.833333+13:00,89.8,-36.613761,174.775123,1,True
esp32_device_001,2025-10-18T07:51:11.666667+13:00,89.6,-36.613899,174.775046,1,True
esp32_device_001,2025-10-18T07:51:12.500000+13:00,89.3,-36.614041,174.774989,1,True
esp32_device_001,2025-10-18T07:51:13.333333+13:00,89.1,-36.614184,174.774954,1,True
esp32_device_001,2025-10-18T07:51:14.166667+13:00,88.8,-36.614311,174.774933,1,True
esp32_device_001,2025-10-18T07:51:15+13:00,88.6,-36.614357,174.774963,1,False
esp32_device_001,2025-10-18T07:51:16.250000+13:00,87.9,-36.614417,174.774926,1,True
esp32_device_001,2025-10-18T07:51:17.500000+13:00,87.3,-36.614610,174.774923,1,True
esp32_device_001,2025-10-18T07:51:18.750000+13:00,86.7,-36.615019,174.774918,1,True
esp32_device_001,2025-10-18T07:51:20+13:00,86,-36.61507,174.774948,1,False
esp32_device_001,2025-10-18T07:51:20.833333+13:00,85.6,-36.615163,174.774910,1,True
esp32_device_001,2025-10-18T07:51:21.666667+13:00,85.3,-36.615336,174.774877,1,True
esp32_device_001,2025-10-18T07:51:22.500000+13:00,84.9,-36.615485,174.774830,1,True
esp32_device_001,2025-10-18T07:51:23.333333+13:00,84.5,-36.615606,174.774776,1,True
esp32_device_001,2025-10-18T07:51:24.166667+13:00,84.2,-36.615719,174.774716,1,True
esp32_device_001,2025-10-18T07:51:25+13:00,83.8,-36.615749,174.774734,1,False
esp32_device_001,2025-10-18T07:51:26.666667+13:00,83.3,-36.615842,174.774633,1,True
esp32_device_001,2025-10-18T07:51:28.333333+13:00,82.7,-36.616039,174.774493,1,True
esp32_device_001,2025-10-18T07:51:30+13:00,82.2,-36.616348,174.774323,1,False
esp32_device_001,2025-10-18T07:51:30.833333+13:00,81.2,-36.616414,174.774233,1,True
esp32_device_001,2025-10-18T07:51:31.666667+13:00,80.3,-36.616554,174.774143,1,True
esp32_device_001,2025-10-18T07:51:32.500000+13:00,79.3,-36.616699,174.774066,1,True
esp32_device_001,2025-10-18T07:51:33.333333+13:00,78.4,-36.616804,174.774024,1,True
esp32_device_001,2025-10-18T07:51:34.166667+13:00,77.5,-36.616928,174.773988,1,True
esp32_device_001,2025-10-18T07:51:35+13:00,76.5,-36.61697,174.774017,1,False
esp32_device_001,2025-10-18T07:51:36+13:00,75.4,-36.617045,174.773964,1,True
esp32_device_001,2025-10-18T07:51:37+13:00,74.2,-36.617160,174.773951,1,True
esp32_device_001,2025-10-18T07:51:38+13:00,73.1,-36.617234,174.773946,1,True
esp32_device_001,2025-10-18T07:51:39+13:00,71.9,-36.617366,174.773952,1,True
esp32_device_001,2025-10-18T07:51:40+13:00,70.8,-36.617634,174.774002,1,False
esp32_device_001,2025-10-18T07:51:41.250000+13:00,69.5,-36.617671,174.773983,1,True
esp32_device_001,2025-10-18T07:51:42.500000+13:00,68.2,-36.617987,174.774004,1,True
esp32_device_001,2025-10-18T07:51:43.750000+13:00,67.0,-36.618180,174.774008,1,True
esp32_device_001,2025-10-18T07:51:45+13:00,65.7,-36.618275,174.774033,1,False
esp32_device_001,2025-10-18T07:51:50+13:00,59.6,-36.618885,174.773987,1,False
esp32_device_001,2025-10-18T07:51:50.833333+13:00,58.4,-36.618894,174.773968,1,True
esp32_device_001,2025-10-18T07:51:51.666667+13:00,57.3,-36.618985,174.773956,1,True
esp32_device_001,2025-10-18T07:51:52.500000+13:00,56.1,-36.619073,174.773934,1,True
esp32_device_001,2025-10-18T07:51:53.333333+13:00,54.9,-36.619161,174.773898,1,True
esp32_device_001,2025-10-18T07:51:54.166667+13:00,53.8,-36.619405,174.773801,1,True
esp32_device_001,2025-10-18T07:51:55+13:00,52.6,-36.619453,174.773804,1,False
esp32_device_001,2025-10-18T07:51:56.250000+13:00,51.0,-36.619495,174.773766,1,True
esp32_device_001,2025-10-18T07:51:57.500000+13:00,49.3,-36.619588,174.773740,1,True
esp32_device_001,2025-10-18T07:51:58.750000+13:00,47.6,-36.619731,174.773712,1,True
esp32_device_001,2025-10-18T07:52:00+13:00,46,-36.620045,174.773682,1,False
esp32_device_001,2025-10-18T07:52:05+13:00,40.1,-36.620636,174.773575,1,False
esp32_device_001,2025-10-18T07:52:05.625000+13:00,39.4,-36.620670,174.773536,1,True
esp32_device_001,2025-10-18T07:52:06.250000+13:00,38.7,-36.620753,174.773517,1,True
esp32_device_001,2025-10-18T07:52:06.875000+13:00,38.0,-36.620826,174.773486,1,True
esp32_device_001,2025-10-18T07:52:07.500000+13:00,37.4,-36.620901,174.773457,1,True
esp32_device_001,2025-10-18T07:52:08.125000+13:00,36.7,-36.620970,174.773416,1,True
esp32_device_001,2025-10-18T07:52:08.750000+13:00,36.0,-36.621040,174.773359,1,True
esp32_device_001,2025-10-18T07:52:09.375000+13:00,35.3,-36.621110,174.773291,1,True
esp32_device_001,2025-10-18T07:52:10+13:00,34.6,-36.621147,174.77327,1,False
esp32_device_001,2025-10-18T07:52:11.250000+13:00,33.0,-36.621224,174.773141,1,True
esp32_device_001,2025-10-18T07:52:12.500000+13:00,31.3,-36.621433,174.772781,1,True
esp32_device_001,2025-10-18T07:52:13.750000+13:00,29.6,-36.621503,174.772687,1,True
esp32_device_001,2025-10-18T07:52:15+13:00,28,-36.621525,174.77269,1,False
esp32_device_001,2025-10-18T07:52:16.666667+13:00,28.0,-36.621576,174.772596,1,True
esp32_device_001,2025-10-18T07:52:18.333333+13:00,28.0,-36.621819,174.772336,1,True
esp32_device_001,2025-10-18T07:52:20+13:00,28,-36.622009,174.772171,1,False
esp32_device_001,2025-10-18T07:52:21.666667+13:00,29.3,-36.622053,174.772103,1,True
esp32_device_001,2025-10-18T07:52:23.333333+13:00,30.6,-36.622362,174.771785,1,True
esp32_device_001,2025-10-18T07:52:25+13:00,31.9,-36.622505,174.771683,1,False
esp32_device_001,2025-10-18T07:52:26.666667+13:00,33.4,-36.622616,174.771523,1,True
esp32_device_001,2025-10-18T07:52:28.333333+13:00,34.8,-36.622951,174.771178,1,True
esp32_device_001,2025-10-18T07:52:30+13:00,36.3,-36.623013,174.771149,1,False
esp32_device_001,2025-10-18T07:52:32.500000+13:00,38.6,-36.623134,174.770989,1,True
esp32_device_001,2025-10-18T07:52:35+13:00,40.9,-36.623512,174.77063,1,False
esp32_device_001,2025-10-18T07:52:37.500000+13:00,43.2,-36.623832,174.770272,1,True
esp32_device_001,2025-10-18T07:52:40+13:00,45.5,-36.624016,174.770126,1,False
esp32_device_001,2025-10-18T07:52:40.833333+13:00,46.3,-36.624027,174.770074,1,True
esp32_device_001,2025-10-18T07:52:41.666667+13:00,47.1,-36.624125,174.769982,1,True
esp32_device_001,2025-10-18T07:52:42.500000+13:00,47.9,-36.624228,174.769903,1,True
esp32_device_001,2025-10-18T07:52:43.333333+13:00,48.6,-36.624354,174.769851,1,True
esp32_device_001,2025-10-18T07:52:44.166667+13:00,49.4,-36.624457,174.769823,1,True
esp32_device_001,2025-10-18T07:52:45+13:00,50.2,-36.624626,174.769806,1,False
esp32_device_001,2025-10-18T07:52:47.500000+13:00,51.5,-36.625017,174.769697,1,True
esp32_device_001,2025-10-18T07:52:50+13:00,52.8,-36.625271,174.769653,1,False
esp32_device_001,2025-10-18T07:52:55+13:00,51.6,-36.625904,174.769516,1,False
esp32_device_001,2025-10-18T07:53:00+13:00,49.1,-36.626556,174.769363,1,False
esp32_device_001,2025-10-18T07:53:01+13:00,48.4,-36.626606,174.769328,1,True
esp32_device_001,2025-10-18T07:53:02+13:00,47.8,-36.626692,174.769309,1,True
esp32_device_001,2025-10-18T07:53:03+13:00,47.1,-36.626872,174.769283,1,True
esp32_device_001,2025-10-18T07:53:04+13:00,46.5,-36.627142,174.769252,1,True
esp32_device_001,2025-10-18T07:53:05+13:00,45.8,-36.627205,174.769272,1,False
esp32_device_001,2025-10-18T07:53:06.250000+13:00,45.2,-36.627409,174.769221,1,True
esp32_device_001,2025-10-18T07:53:07.500000+13:00,44.7,-36.627673,174.769186,1,True
esp32_device_001,2025-10-18T07:53:08.750000+13:00,44.1,-36.627775,174.769163,1,True
esp32_device_001,2025-10-18T07:53:10+13:00,43.6,-36.627846,174.769165,1,False
esp32_device_001,2025-10-18T07:53:10.714286+13:00,43.4,-36.627874,174.769128,1,True
esp32_device_001,2025-10-18T07:53:11.428571+13:00,43.2,-36.627971,174.769079,1,True
esp32_device_001,2025-10-18T07:53:12.142857+13:00,43.0,-36.628126,174.768961,1,True
esp32_device_001,2025-10-18T07:53:12.857143+13:00,42.9,-36.628163,174.768905,1,True
esp32_device_001,2025-10-18T07:53:13.571429+13:00,42.7,-36.628216,174.768816,1,True
esp32_device_001,2025-10-18T07:53:14.285714+13:00,42.5,-36.628263,174.768724,1,True
esp32_device_001,2025-10-18T07:53:15+13:00,42.3,-36.6283,174.768677,1,False
esp32_device_001,2025-10-18T07:53:16+13:00,41.9,-36.628344,174.768510,1,True
esp32_device_001,2025-10-18T07:53:17+13:00,41.6,-36.628416,174.768315,1,True
esp32_device_001,2025-10-18T07:53:18+13:00,41.2,-36.628501,174.768115,1,True
esp32_device_001,2025-10-18T07:53:19+13:00,40.9,-36.628566,174.768005,1,True
esp32_device_001,2025-10-18T07:53:20+13:00,40.5,-36.628639,174.76796,1,False
esp32_device_001,2025-10-18T07:53:21.250000+13:00,41.0,-36.628638,174.767915,1,True
esp32_device_001,2025-10-18T07:53:22.500000+13:00,41.5,-36.628722,174.767836,1,True
esp32_device_001,2025-10-18T07:53:23.750000+13:00,41.9,-36.628861,174.767741,1,True
esp32_device_001,2025-10-18T07:53:25+13:00,42.4,-36.629253,174.767517,1,False
esp32_device_001,2025-10-18T07:53:26.250000+13:00,43.2,-36.629496,174.767338,1,True
esp32_device_001,2025-10-18T07:53:27.500000+13:00,44.0,-36.629632,174.767235,1,True
esp32_device_001,2025-10-18T07:53:28.750000+13:00,44.8,-36.629712,174.767156,1,True
esp32_device_001,2025-10-18T07:53:30+13:00,45.6,-36.629795,174.767075,1,False
esp32_device_001,2025-10-18T07:53:30.833333+13:00,45.7,-36.629859,174.766949,1,True
esp32_device_001,2025-10-18T07:53:31.666667+13:00,45.9,-36.629914,174.766835,1,True
esp32_device_001,2025-10-18T07:53:32.500000+13:00,46.0,-36.629978,174.766648,1,True
esp32_device_001,2025-10-18T07:53:33.333333+13:00,46.1,-36.630032,174.766469,1,True
esp32_device_001,2025-10-18T07:53:34.166667+13:00,46.3,-36.630039,174.766448,1,True
esp32_device_001,2025-10-18T07:53:35+13:00,46.4,-36.630077,174.766388,1,False
esp32_device_001,2025-10-18T07:53:36+13:00,45.5,-36.630208,174.765890,1,True
esp32_device_001,2025-10-18T07:53:37+13:00,44.5,-36.630292,174.765650,1,True
esp32_device_001,2025-10-18T07:53:38+13:00,43.6,-36.630314,174.76564,1,False
esp32_device_001,2025-10-18T07:53:40.500000+13:00,42.2,-36.630399,174.765408,1,True
esp32_device_001,2025-10-18T07:53:43+13:00,40.9,-36.630627,174.764954,1,False
esp32_device_001,2025-10-18T07:53:45.500000+13:00,39.7,-36.630910,174.764276,1,True
esp32_device_001,2025-10-18T07:53:48+13:00,38.5,-36.630947,174.764297,1,False
esp32_device_001,2025-10-18T07:53:48.833333+13:00,38.0,-36.631059,174.764076,1,True
esp32_device_001,2025-10-18T07:53:49.666667+13:00,37.6,-36.631129,174.763999,1,True
esp32_device_001,2025-10-18T07:53:50.500000+13:00,37.1,-36.631158,174.763989,1,True
esp32_device_001,2025-10-18T07:53:51.333333+13:00,36.6,-36.631183,174.763967,1,True
esp32_device_001,2025-10-18T07:53:52.166667+13:00,36.2,-36.631303,174.763907,1,True
esp32_device_001,2025-10-18T07:53:53+13:00,35.7,-36.631325,174.763901,1,False
esp32_device_001,2025-10-18T07:53:54.666667+13:00,34.5,-36.631510,174.763791,1,True
esp32_device_001,2025-10-18T07:53:56.333333+13:00,33.2,-36.631801,174.763758,1,True
esp32_device_001,2025-10-18T07:53:58+13:00,32,-36.631866,174.763794,1,False
esp32_device_001,2025-10-18T07:53:59.666667+13:00,30.7,-36.632107,174.763723,1,True
esp32_device_001,2025-10-18T07:54:01.333333+13:00,29.4,-36.632136,174.763720,1,True
esp32_device_001,2025-10-18T07:54:03+13:00,28.1,-36.632465,174.763718,1,False
esp32_device_001,2025-10-18T07:54:05.500000+13:00,26.6,-36.632644,174.763665,1,True
esp32_device_001,2025-10-18T07:54:08+13:00,25.2,-36.633064,174.763657,1,False
esp32_device_001,2025-10-18T07:54:13+13:00,23,-36.633656,174.76358,1,False
esp32_device_001,2025-10-18T07:54:14.666667+13:00,22.5,-36.633681,174.763542,1,True
esp32_device_001,2025-10-18T07:54:16.333333+13:00,22.1,-36.634149,174.763464,1,True
esp32_device_001,2025-10-18T07:54:18+13:00,21.6,-36.634277,174.763489,1,False
esp32_device_001,2025-10-18T07:54:18.125000+13:00,21.6,-36.634709,174.763371,1,True
esp32_device_001,2025-10-18T07:54:18.250000+13:00,21.6,-36.634886,174.763306,1,True
esp32_device_001,2025-10-18T07:54:18.375000+13:00,21.6,-36.634915,174.763373,1,True
esp32_device_001,2025-10-18T07:54:18.500000+13:00,21.6,-36.634926,174.763415,1,True
esp32_device_001,2025-10-18T07:54:18.625000+13:00,21.6,-36.634929,174.763428,1,True
esp32_device_001,2025-10-18T07:54:18.750000+13:00,21.5,-36.634934,174.763472,1,True
esp32_device_001,2025-10-18T07:54:18.875000+13:00,21.5,-36.634924,174.763552,1,True
esp32_device_001,2025-10-18T07:54:19+13:00,21.5,-36.634888,174.763638,1,True
esp32_device_001,2025-10-18T07:54:19.125000+13:00,21.5,-36.634755,174.763902,1,True
esp32_device_001,2025-10-18T07:54:19.250000+13:00,21.5,-36.634809,174.763938,1,True
esp32_device_001,2025-10-18T07:54:19.375000+13:00,21.5,-36.634820,174.763945,1,True
esp32_device_001,2025-10-18T07:54:19.500000+13:00,21.5,-36.635369,174.764274,1,True
esp32_device_001,2025-10-18T07:54:19.625000+13:00,21.5,-36.635435,174.764340,1,True
esp32_device_001,2025-10-18T07:54:19.750000+13:00,21.5,-36.635492,174.764413,1,True
esp32_device_001,2025-10-18T07:54:19.875000+13:00,21.4,-36.635531,174.764468,1,True
esp32_device_001,2025-10-18T07:54:20+13:00,21.4,-36.635843,174.764196,1,True
esp32_device_001,2025-10-18T07:54:20.125000+13:00,21.4,-36.635869,174.764109,1,True
esp32_device_001,2025-10-18T07:54:20.250000+13:00,21.4,-36.635853,174.764036,1,True
esp32_device_001,2025-10-18T07:54:20.375000+13:00,21.4,-36.635797,174.763983,1,True
esp32_device_001,2025-10-18T07:54:20.500000+13:00,21.4,-36.635784,174.763726,1,True
esp32_device_001,2025-10-18T07:54:20.625000+13:00,21.4,-36.635802,174.763664,1,True
esp32_device_001,2025-10-18T07:54:20.750000+13:00,21.4,-36.635784,174.763726,1,True
esp32_device_001,2025-10-18T07:54:20.875000+13:00,21.4,-36.635797,174.763983,1,True
esp32_device_001,2025-10-18T07:54:21+13:00,21.4,-36.635853,174.764036,1,True
esp32_device_001,2025-10-18T07:54:21.125000+13:00,21.4,-36.635869,174.764109,1,True
esp32_device_001,2025-10-18T07:54:21.250000+13:00,21.3,-36.635843,174.764196,1,True
esp32_device_001,2025-10-18T07:54:21.375000+13:00,21.3,-36.635531,174.764468,1,True
esp32_device_001,2025-10-18T07:54:21.500000+13:00,21.3,-36.635492,174.764413,1,True
esp32_device_001,2025-10-18T07:54:21.625000+13:00,21.3,-36.635435,174.764340,1,True
esp32_device_001,2025-10-18T07:54:21.750000+13:00,21.3,-36.635369,174.764274,1,True
esp32_device_001,2025-10-18T07:54:21.875000+13:00,21.3,-36.634820,174.763945,1,True
esp32_device_001,2025-10-18T07:54:22+13:00,21.3,-36.634809,174.763938,1,True
esp32_device_001,2025-10-18T07:54:22.125000+13:00,21.3,-36.634755,174.763902,1,True
esp32_device_001,2025-10-18T07:54:22.250000+13:00,21.3,-36.634888,174.763638,1,True
esp32_device_001,2025-10-18T07:54:22.375000+13:00,21.2,-36.634924,174.763552,1,True
esp32_device_001,2025-10-18T07:54:22.500000+13:00,21.2,-36.634934,174.763472,1,True
esp32_device_001,2025-10-18T07:54:22.625000+13:00,21.2,-36.634929,174.763428,1,True
esp32_device_001,2025-10-18T07:54:22.750000+13:00,21.2,-36.634926,174.763415,1,True
esp32_device_001,2025-10-18T07:54:22.875000+13:00,21.2,-36.634915,174.763373,1,True
esp32_device_001,2025-10-18T07:54:23+13:00,21.2,-36.634895,174.763336,1,False
esp32_device_001,2025-10-18T07:54:24.250000+13:00,21.5,-36.634886,174.763306,1,True
esp32_device_001,2025-10-18T07:54:25.500000+13:00,21.8,-36.635056,174.763193,1,True
esp32_device_001,2025-10-18T07:54:26.750000+13:00,22.1,-36.635274,174.762977,1,True
esp32_device_001,2025-10-18T07:54:28+13:00,22.4,-36.63541,174.762894,1,False
esp32_device_001,2025-10-18T07:54:30.500000+13:00,22.0,-36.635620,174.762693,1,True
esp32_device_001,2025-10-18T07:54:33+13:00,21.6,-36.635952,174.762482,1,False
esp32_device_001,2025-10-18T07:54:35.500000+13:00,19.9,-36.636167,174.762302,1,True
esp32_device_001,2025-10-18T07:54:38+13:00,18.1,-36.636494,174.7621,1,False
esp32_device_001,2025-10-18T07:54:40.500000+13:00,16.2,-36.636547,174.762030,1,True
esp32_device_001,2025-10-18T07:54:43+13:00,14.3,-36.637062,174.761673,1,False
esp32_device_001,2025-10-18T07:54:44.666667+13:00,14.8,-36.637208,174.761532,1,True
esp32_device_001,2025-10-18T07:54:46.333333+13:00,15.4,-36.637412,174.761384,1,True
esp32_device_001,2025-10-18T07:54:48+13:00,15.9,-36.637596,174.761246,1,False
esp32_device_001,2025-10-18T07:54:50.500000+13:00,16.1,-36.637647,174.761152,1,True
esp32_device_001,2025-10-18T07:54:53+13:00,16.4,-36.637985,174.760651,1,False
esp32_device_001,2025-10-18T07:54:55.500000+13:00,17.4,-36.638161,174.760278,1,True
esp32_device_001,2025-10-18T07:54:58+13:00,18.4,-36.638371,174.759995,1,False
esp32_device_001,2025-10-18T07:55:00.500000+13:00,20.9,-36.638627,174.759486,1,True
esp32_device_001,2025-10-18T07:55:03+13:00,23.4,-36.63876,174.759323,1,False
esp32_device_001,2025-10-18T07:55:05.500000+13:00,26.2,-36.638994,174.758844,1,True
esp32_device_001,2025-10-18T07:55:08+13:00,29.1,-36.639172,174.758667,1,False
esp32_device_001,2025-10-18T07:55:09.250000+13:00,30.4,-36.639159,174.758596,1,True
esp32_device_001,2025-10-18T07:55:10.500000+13:00,31.8,-36.639233,174.758502,1,True
esp32_device_001,2025-10-18T07:55:11.750000+13:00,33.1,-36.639322,174.758412,1,True
esp32_device_001,2025-10-18T07:55:13+13:00,34.4,-36.639721,174.758194,1,False
esp32_device_001,2025-10-18T07:55:14+13:00,35.4,-36.639764,174.758133,1,True
esp32_device_001,2025-10-18T07:55:15+13:00,36.4,-36.639826,174.758091,1,True
esp32_device_001,2025-10-18T07:55:16+13:00,37.5,-36.639981,174.757993,1,True
esp32_device_001,2025-10-18T07:55:17+13:00,38.5,-36.640226,174.757840,1,True
esp32_device_001,2025-10-18T07:55:18+13:00,39.5,-36.640297,174.757858,1,False
esp32_device_001,2025-10-18T07:55:20.500000+13:00,41.6,-36.640706,174.757545,1,True
esp32_device_001,2025-10-18T07:55:23+13:00,43.7,-36.640804,174.757523,1,False
esp32_device_001,2025-10-18T07:55:23.833333+13:00,43.9,-36.640843,174.757424,1,True
esp32_device_001,2025-10-18T07:55:24.666667+13:00,44.1,-36.640912,174.757318,1,True
esp32_device_001,2025-10-18T07:55:25.500000+13:00,44.3,-36.640951,174.757222,1,True
esp32_device_001,2025-10-18T07:55:26.333333+13:00,44.5,-36.640977,174.757116,1,True
esp32_device_001,2025-10-18T07:55:27.166667+13:00,44.7,-36.640980,174.757038,1,True
esp32_device_001,2025-10-18T07:55:28+13:00,44.9,-36.64101,174.756973,1,False
esp32_device_001,2025-10-18T07:55:29+13:00,44.7,-36.640982,174.756960,1,True
esp32_device_001,2025-10-18T07:55:30+13:00,44.4,-36.640973,174.756866,1,True
esp32_device_001,2025-10-18T07:55:31+13:00,44.2,-36.640947,174.756772,1,True
esp32_device_001,2025-10-18T07:55:32+13:00,43.9,-36.640916,174.756683,1,True
esp32_device_001,2025-10-18T07:55:33+13:00,43.7,-36.640793,174.756363,1,False
esp32_device_001,2025-10-18T07:55:38+13:00,42.5,-36.640469,174.755707,1,False
esp32_device_001,2025-10-18T07:55:41.181818+13:00,42.8,-36.640234,174.755313,1,True
esp32_device_001,2025-10-18T07:55:44.363636+13:00,43.1,-36.639539,174.753929,1,True
esp32_device_001,2025-10-18T07:55:47.545455+13:00,43.4,-36.639440,174.753758,1,True
esp32_device_001,2025-10-18T07:55:50.727273+13:00,43.7,-36.639310,174.753585,1,True
esp32_device_001,2025-10-18T07:55:53.909091+13:00,44.0,-36.639217,174.753461,1,True
esp32_device_001,2025-10-18T07:55:57.090909+13:00,44.2,-36.639132,174.753354,1,True
esp32_device_001,2025-10-18T07:56:00.272727+13:00,44.5,-36.639032,174.753189,1,True
esp32_device_001,2025-10-18T07:56:03.454545+13:00,44.8,-36.639026,174.753179,1,True
esp32_device_001,2025-10-18T07:56:06.636364+13:00,45.1,-36.638620,174.752435,1,True
esp32_device_001,2025-10-18T07:56:09.818182+13:00,45.4,-36.638063,174.751422,1,True
esp32_device_001,2025-10-18T07:56:13+13:00,45.7,-36.637897,174.751053,1,False
esp32_device_001,2025-10-18T07:56:18+13:00,48.6,-36.637535,174.750381,1,False
esp32_device_001,2025-10-18T07:56:19.666667+13:00,50.3,-36.637392,174.750191,1,True
esp32_device_001,2025-10-18T07:56:21.333333+13:00,52.0,-36.637263,174.749956,1,True
esp32_device_001,2025-10-18T07:56:23+13:00,53.7,-36.637203,174.749786,1,False
esp32_device_001,2025-10-18T07:56:24.666667+13:00,54.5,-36.637149,174.749748,1,True
esp32_device_001,2025-10-18T07:56:26.333333+13:00,55.3,-36.636953,174.749392,1,True
esp32_device_001,2025-10-18T07:56:28+13:00,56.1,-36.636971,174.749359,1,False
esp32_device_001,2025-10-18T07:56:31.333333+13:00,56.2,-36.636906,174.749233,1,True
esp32_device_001,2025-10-18T07:56:34.666667+13:00,56.4,-36.636858,174.749144,1,True
esp32_device_001,2025-10-18T07:56:38+13:00,56.5,-36.63678,174.749039,1,False
esp32_device_001,2025-10-18T07:56:39.250000+13:00,56.3,-36.636720,174.748921,1,True
esp32_device_001,2025-10-18T07:56:40.500000+13:00,56.0,-36.636655,174.748818,1,True
esp32_device_001,2025-10-18T07:56:41.750000+13:00,55.8,-36.636582,174.748742,1,True
esp32_device_001,2025-10-18T07:56:43+13:00,55.5,-36.636338,174.748538,1,True
esp32_device_001,2025-10-18T07:56:44.250000+13:00,55.3,-36.636192,174.748413,1,True
esp32_device_001,2025-10-18T07:56:45.500000+13:00,55.0,-36.636098,174.748333,1,True
esp32_device_001,2025-10-18T07:56:46.750000+13:00,54.8,-36.636073,174.748311,1,True
esp32_device_001,2025-10-18T07:56:48+13:00,54.6,-36.635989,174.748239,1,True
esp32_device_001,2025-10-18T07:56:49.250000+13:00,54.3,-36.635909,174.748165,1,True
esp32_device_001,2025-10-18T07:56:50.500000+13:00,54.1,-36.635835,174.748095,1,True
esp32_device_001,2025-10-18T07:56:51.750000+13:00,53.8,-36.635766,174.748024,1,True
esp32_device_001,2025-10-18T07:56:53+13:00,53.6,-36.635746,174.747986,1,False
esp32_device_001,2025-10-18T07:56:54+13:00,52.5,-36.635697,174.747950,1,True
esp32_device_001,2025-10-18T07:56:55+13:00,51.5,-36.635628,174.747866,1,True
esp32_device_001,2025-10-18T07:56:56+13:00,50.4,-36.635567,174.747779,1,True
esp32_device_001,2025-10-18T07:56:57+13:00,49.4,-36.635491,174.747643,1,True
esp32_device_001,2025-10-18T07:56:58+13:00,48.3,-36.635433,174.747528,1,False
esp32_device_001,2025-10-18T07:56:59+13:00,47.3,-36.635389,174.747427,1,True
esp32_device_001,2025-10-18T07:57:00+13:00,46.3,-36.635318,174.747207,1,True
esp32_device_001,2025-10-18T07:57:01+13:00,45.3,-36.635276,174.747027,1,True
esp32_device_001,2025-10-18T07:57:02+13:00,44.3,-36.635260,174.746927,1,True
esp32_device_001,2025-10-18T07:57:03+13:00,43.2,-36.635248,174.746792,1,True
esp32_device_001,2025-10-18T07:57:04+13:00,42.2,-36.635239,174.746662,1,True
esp32_device_001,2025-10-18T07:57:05+13:00,41.2,-36.635231,174.746552,1,True
esp32_device_001,2025-10-18T07:57:06+13:00,40.2,-36.635229,174.746439,1,True
esp32_device_001,2025-10-18T07:57:07+13:00,39.2,-36.635218,174.746297,1,True
esp32_device_001,2025-10-18T07:57:08+13:00,38.2,-36.635231,174.746262,1,False
esp32_device_001,2025-10-18T07:57:09.111111+13:00,37.6,-36.635186,174.746173,1,True
esp32_device_001,2025-10-18T07:57:10.222222+13:00,37.0,-36.635180,174.746031,1,True
esp32_device_001,2025-10-18T07:57:11.333333+13:00,36.5,-36.635174,174.745870,1,True
esp32_device_001,2025-10-18T07:57:12.444444+13:00,35.9,-36.635156,174.745455,1,True
esp32_device_001,2025-10-18T07:57:13.555556+13:00,35.3,-36.635155,174.745422,1,True
esp32_device_001,2025-10-18T07:57:14.666667+13:00,34.7,-36.635146,174.745224,1,True
esp32_device_001,2025-10-18T07:57:15.777778+13:00,34.2,-36.635136,174.744990,1,True
esp32_device_001,2025-10-18T07:57:16.888889+13:00,33.6,-36.635129,174.744821,1,True
esp32_device_001,2025-10-18T07:57:18+13:00,33,-36.635151,174.744797,1,False
esp32_device_001,2025-10-18T07:57:19.666667+13:00,31.8,-36.635116,174.744538,1,True
esp32_device_001,2025-10-18T07:57:21.333333+13:00,30.7,-36.635105,174.744287,1,True
esp32_device_001,2025-10-18T07:57:23+13:00,29.5,-36.635113,174.744064,1,False
esp32_device_001,2025-10-18T07:57:23.416667+13:00,29.2,-36.635093,174.744009,1,True
esp32_device_001,2025-10-18T07:57:23.833333+13:00,28.8,-36.635081,174.743714,1,True
esp32_device_001,2025-10-18T07:57:24.250000+13:00,28.5,-36.635070,174.743468,1,True
esp32_device_001,2025-10-18T07:57:24.666667+13:00,28.1,-36.635134,174.743462,1,True
esp32_device_001,2025-10-18T07:57:25.083333+13:00,27.8,-36.635420,174.743438,1,True
esp32_device_001,2025-10-18T07:57:25.500000+13:00,27.4,-36.635426,174.743414,1,True
esp32_device_001,2025-10-18T07:57:25.916667+13:00,27.1,-36.635420,174.743307,1,True
esp32_device_001,2025-10-18T07:57:26.333333+13:00,26.8,-36.635409,174.743279,1,True
esp32_device_001,2025-10-18T07:57:26.750000+13:00,26.4,-36.635370,174.743273,1,True
esp32_device_001,2025-10-18T07:57:27.166667+13:00,26.1,-36.635197,174.743280,1,True
esp32_device_001,2025-10-18T07:57:27.583333+13:00,25.7,-36.635123,174.743298,1,True
esp32_device_001,2025-10-18T07:57:28+13:00,25.4,-36.635086,174.743286,1,False
esp32_device_001,2025-10-18T07:57:29.250000+13:00,24.8,-36.635063,174.743313,1,True
esp32_device_001,2025-10-18T07:57:30.500000+13:00,24.3,-36.635046,174.742921,1,True
esp32_device_001,2025-10-18T07:57:31.750000+13:00,23.8,-36.635035,174.742658,1,True
esp32_device_001,2025-10-18T07:57:33+13:00,23.2,-36.635044,174.742523,1,False
esp32_device_001,2025-10-18T07:57:38+13:00,23,-36.635025,174.742218,1,False
esp32_device_001,2025-10-18T07:57:40.500000+13:00,22.4,-36.635013,174.742143,1,True
esp32_device_001,2025-10-18T07:57:43+13:00,21.9,-36.634948,174.742148,1,True
esp32_device_001,2025-10-18T07:57:45.500000+13:00,21.3,-36.634917,174.742151,1,True
esp32_device_001,2025-10-18T07:57:48+13:00,20.7,-36.63472,174.742142,1,False
esp32_device_001,2025-10-18T07:57:50.500000+13:00,19.1,-36.634678,174.742168,1,True
esp32_device_001,2025-10-18T07:57:53+13:00,17.5,-36.634377,174.742172,1,False
esp32_device_001,2025-10-18T07:57:53.333333+13:00,17.4,-36.634342,174.742204,1,True
esp32_device_001,2025-10-18T07:57:53.666667+13:00,17.4,-36.634310,174.742215,1,True
esp32_device_001,2025-10-18T07:57:54+13:00,17.3,-36.634073,174.742356,1,True
esp32_device_001,2025-10-18T07:57:54.333333+13:00,17.3,-36.634052,174.742306,1,True
esp32_device_001,2025-10-18T07:57:54.666667+13:00,17.2,-36.633955,174.742069,1,True
esp32_device_001,2025-10-18T07:57:55+13:00,17.1,-36.633927,174.742001,1,True
esp32_device_001,2025-10-18T07:57:55.333333+13:00,17.1,-36.633909,174.741957,1,True
esp32_device_001,2025-10-18T07:57:55.666667+13:00,17.0,-36.633937,174.741921,1,True
esp32_device_001,2025-10-18T07:57:56+13:00,17.0,-36.634154,174.741553,1,True
esp32_device_001,2025-10-18T07:57:56.333333+13:00,16.9,-36.633937,174.741921,1,True
esp32_device_001,2025-10-18T07:57:56.666667+13:00,16.8,-36.633909,174.741957,1,True
esp32_device_001,2025-10-18T07:57:57+13:00,16.8,-36.633927,174.742001,1,True
esp32_device_001,2025-10-18T07:57:57.333333+13:00,16.7,-36.633955,174.742069,1,True
esp32_device_001,2025-10-18T07:57:57.666667+13:00,16.7,-36.634052,174.742306,1,True
esp32_device_001,2025-10-18T07:57:58+13:00,16.6,-36.634083,174.74231,1,False
esp32_device_001,2025-10-18T07:58:03+13:00,17.1,-36.633995,174.742569,1,False
esp32_device_001,2025-10-18T07:58:05.500000+13:00,17.5,-36.634019,174.742861,1,True
esp32_device_001,2025-10-18T07:58:08+13:00,17.9,-36.634014,174.742905,1,False
esp32_device_001,2025-10-18T07:58:13+13:00,17.9,-36.633942,174.742996,1,False
esp32_device_001,2025-10-18T07:58:18+13:00,17.5,-36.633957,174.742996,1,False
esp32_device_001,2025-10-18T07:58:23+13:00,17.4,-36.634033,174.742981,1,False
esp32_device_001,2025-10-18T07:58:33+13:00,18.9,-36.634068,174.743179,1,False
esp32_device_001,2025-10-18T08:04:00+13:00,17.5,-36.634079,174.743103,1,False
esp32_device_001,2025-10-18T08:04:05+13:00,17.3,-36.634019,174.742861,1,True
esp32_device_001,2025-10-18T08:04:10+13:00,17.1,-36.634022,174.742767,1,False
esp32_device_001,2025-10-18T08:04:12.500000+13:00,16.9,-36.634001,174.742519,1,True
esp32_device_001,2025-10-18T08:04:15+13:00,16.6,-36.633989,174.742408,1,True
esp32_device_001,2025-10-18T08:04:17.500000+13:00,16.4,-36.634073,174.742356,1,True
esp32_device_001,2025-10-18T08:04:20+13:00,16.2,-36.634109,174.74234,1,False
esp32_device_001,2025-10-18T08:04:22.500000+13:00,16.7,-36.634310,174.742215,1,True
esp32_device_001,2025-10-18T08:04:25+13:00,17.3,-36.634342,174.742204,1,True
esp32_device_001,2025-10-18T08:04:27.500000+13:00,17.8,-36.634377,174.742196,1,True
esp32_device_001,2025-10-18T08:04:30+13:00,18.3,-36.634678,174.742168,1,True
esp32_device_001,2025-10-18T08:04:32.500000+13:00,18.9,-36.634917,174.742151,1,True
esp32_device_001,2025-10-18T08:04:35+13:00,19.4,-36.63493,174.742172,1,False
esp32_device_001,2025-10-18T08:04:40+13:00,20,-36.634953,174.742157,1,False
esp32_device_001,2025-10-18T08:04:41.428571+13:00,20.0,-36.635013,174.742143,1,True
esp32_device_001,2025-10-18T08:04:42.857143+13:00,20.1,-36.635007,174.742021,1,True
esp32_device_001,2025-10-18T08:04:44.285714+13:00,20.1,-36.634997,174.741810,1,True
esp32_device_001,2025-10-18T08:04:45.714286+13:00,20.1,-36.634982,174.741585,1,True
esp32_device_001,2025-10-18T08:04:47.142857+13:00,20.1,-36.634950,174.741314,1,True
esp32_device_001,2025-10-18T08:04:48.571429+13:00,20.2,-36.634923,174.741112,1,True
esp32_device_001,2025-10-18T08:04:50+13:00,20.2,-36.634933,174.741089,1,False
esp32_device_001,2025-10-18T08:04:50.227273+13:00,20.3,-36.634897,174.740968,1,True
esp32_device_001,2025-10-18T08:04:50.454545+13:00,20.3,-36.634875,174.740863,1,True
esp32_device_001,2025-10-18T08:04:50.681818+13:00,20.4,-36.634834,174.740724,1,True
esp32_device_001,2025-10-18T08:04:50.909091+13:00,20.4,-36.634688,174.740368,1,True
esp32_device_001,2025-10-18T08:04:51.136364+13:00,20.5,-36.634674,174.740327,1,True
esp32_device_001,2025-10-18T08:04:51.363636+13:00,20.6,-36.634549,174.740088,1,True
esp32_device_001,2025-10-18T08:04:51.590909+13:00,20.6,-36.634505,174.740018,1,True
esp32_device_001,2025-10-18T08:04:51.818182+13:00,20.7,-36.634526,174.739902,1,True
esp32_device_001,2025-10-18T08:04:52.045455+13:00,20.7,-36.634585,174.739578,1,True
esp32_device_001,2025-10-18T08:04:52.272727+13:00,20.8,-36.634594,174.739533,1,True
esp32_device_001,2025-10-18T08:04:52.500000+13:00,20.9,-36.634490,174.739416,1,True
esp32_device_001,2025-10-18T08:04:52.727273+13:00,20.9,-36.634438,174.739356,1,True
esp32_device_001,2025-10-18T08:04:52.954545+13:00,21.0,-36.634375,174.739369,1,True
esp32_device_001,2025-10-18T08:04:53.181818+13:00,21.0,-36.634127,174.739417,1,True
esp32_device_001,2025-10-18T08:04:53.409091+13:00,21.1,-36.634042,174.739434,1,True
esp32_device_001,2025-10-18T08:04:53.636364+13:00,21.1,-36.634069,174.739461,1,True
esp32_device_001,2025-10-18T08:04:53.863636+13:00,21.2,-36.634393,174.739839,1,True
esp32_device_001,2025-10-18T08:04:54.090909+13:00,21.3,-36.634505,174.740018,1,True
esp32_device_001,2025-10-18T08:04:54.318182+13:00,21.3,-36.634549,174.740088,1,True
esp32_device_001,2025-10-18T08:04:54.545455+13:00,21.4,-36.634674,174.740327,1,True
esp32_device_001,2025-10-18T08:04:54.772727+13:00,21.4,-36.634688,174.740368,1,True
esp32_device_001,2025-10-18T08:04:55+13:00,21.5,-36.634712,174.740341,1,False
esp32_device_001,2025-10-18T08:04:55.227273+13:00,21.6,-36.634902,174.740240,1,True
esp32_device_001,2025-10-18T08:04:55.454545+13:00,21.7,-36.634924,174.740222,1,True
esp32_device_001,2025-10-18T08:04:55.681818+13:00,21.9,-36.635007,174.740149,1,True
esp32_device_001,2025-10-18T08:04:55.909091+13:00,22.0,-36.635140,174.740066,1,True
esp32_device_001,2025-10-18T08:04:56.136364+13:00,22.1,-36.635279,174.739953,1,True
esp32_device_001,2025-10-18T08:04:56.363636+13:00,22.2,-36.635251,174.739902,1,True
esp32_device_001,2025-10-18T08:04:56.590909+13:00,22.4,-36.635188,174.739790,1,True
esp32_device_001,2025-10-18T08:04:56.818182+13:00,22.5,-36.635176,174.739779,1,True
esp32_device_001,2025-10-18T08:04:57.045455+13:00,22.6,-36.635164,174.739771,1,True
esp32_device_001,2025-10-18T08:04:57.272727+13:00,22.7,-36.635153,174.739770,1,True
esp32_device_001,2025-10-18T08:04:57.500000+13:00,22.9,-36.635138,174.739773,1,True
esp32_device_001,2025-10-18T08:04:57.727273+13:00,23.0,-36.635126,174.739781,1,True
esp32_device_001,2025-10-18T08:04:57.954545+13:00,23.1,-36.634984,174.739885,1,True
esp32_device_001,2025-10-18T08:04:58.181818+13:00,23.2,-36.634825,174.739922,1,True
esp32_device_001,2025-10-18T08:04:58.409091+13:00,23.3,-36.634814,174.739918,1,True
esp32_device_001,2025-10-18T08:04:58.636364+13:00,23.5,-36.634805,174.739907,1,True
esp32_device_001,2025-10-18T08:04:58.863636+13:00,23.6,-36.634641,174.739600,1,True
esp32_device_001,2025-10-18T08:04:59.090909+13:00,23.7,-36.634585,174.739578,1,True
esp32_device_001,2025-10-18T08:04:59.318182+13:00,23.8,-36.634526,174.739902,1,True
esp32_device_001,2025-10-18T08:04:59.545455+13:00,24.0,-36.634505,174.740018,1,True
esp32_device_001,2025-10-18T08:04:59.772727+13:00,24.1,-36.634393,174.739839,1,True
esp32_device_001,2025-10-18T08:05:00+13:00,24.2,-36.634308,174.739716,1,False
esp32_device_001,2025-10-18T08:05:01.250000+13:00,25.1,-36.634069,174.739461,1,True
esp32_device_001,2025-10-18T08:05:02.500000+13:00,26.1,-36.634042,174.739434,1,True
esp32_device_001,2025-10-18T08:05:03.750000+13:00,27.1,-36.633867,174.739266,1,True
esp32_device_001,2025-10-18T08:05:05+13:00,28,-36.63382,174.739197,1,False
esp32_device_001,2025-10-18T08:05:06+13:00,28.8,-36.633699,174.739104,1,True
esp32_device_001,2025-10-18T08:05:07+13:00,29.6,-36.633648,174.739054,1,True
esp32_device_001,2025-10-18T08:05:08+13:00,30.4,-36.633531,174.738950,1,True
esp32_device_001,2025-10-18T08:05:09+13:00,31.2,-36.633458,174.738880,1,True
esp32_device_001,2025-10-18T08:05:10+13:00,32,-36.633316,174.738678,1,False
esp32_device_001,2025-10-18T08:05:11.250000+13:00,33.1,-36.633155,174.738590,1,True
esp32_device_001,2025-10-18T08:05:12.500000+13:00,34.1,-36.632991,174.738420,1,True
esp32_device_001,2025-10-18T08:05:13.750000+13:00,35.2,-36.632789,174.738210,1,True
esp32_device_001,2025-10-18T08:05:15+13:00,36.3,-36.632771,174.738144,1,False
esp32_device_001,2025-10-18T08:05:16+13:00,37.2,-36.632708,174.738126,1,True
esp32_device_001,2025-10-18T08:05:17+13:00,38.0,-36.632337,174.737716,1,True
esp32_device_001,2025-10-18T08:05:18+13:00,38.9,-36.632300,174.737670,1,True
esp32_device_001,2025-10-18T08:05:19+13:00,39.7,-36.632255,174.737614,1,True
esp32_device_001,2025-10-18T08:05:20+13:00,40.6,-36.632248,174.737549,1,False
esp32_device_001,2025-10-18T08:05:21.666667+13:00,42.1,-36.631997,174.737219,1,True
esp32_device_001,2025-10-18T08:05:23.333333+13:00,43.7,-36.631873,174.737030,1,True
esp32_device_001,2025-10-18T08:05:25+13:00,45.2,-36.631802,174.736877,1,False
esp32_device_001,2025-10-18T08:05:26.428571+13:00,46.1,-36.631731,174.736818,1,True
esp32_device_001,2025-10-18T08:05:27.857143+13:00,46.9,-36.631457,174.736402,1,True
esp32_device_001,2025-10-18T08:05:29.285714+13:00,47.8,-36.631348,174.736228,1,True
esp32_device_001,2025-10-18T08:05:30.714286+13:00,48.7,-36.631249,174.736047,1,True
esp32_device_001,2025-10-18T08:05:32.142857+13:00,49.6,-36.631161,174.735852,1,True
esp32_device_001,2025-10-18T08:05:33.571429+13:00,50.4,-36.631092,174.735660,1,True
esp32_device_001,2025-10-18T08:05:35+13:00,51.3,-36.631062,174.735489,1,False
esp32_device_001,2025-10-18T08:05:36+13:00,50.9,-36.631010,174.735391,1,True
esp32_device_001,2025-10-18T08:05:37+13:00,50.6,-36.630961,174.735247,1,True
esp32_device_001,2025-10-18T08:05:38+13:00,50.2,-36.630906,174.735077,1,True
esp32_device_001,2025-10-18T08:05:39+13:00,49.9,-36.630786,174.734753,1,True
esp32_device_001,2025-10-18T08:05:40+13:00,49.5,-36.630748,174.734676,1,True
esp32_device_001,2025-10-18T08:05:41+13:00,49.2,-36.630685,174.734551,1,True
esp32_device_001,2025-10-18T08:05:42+13:00,48.8,-36.630673,174.734531,1,True
esp32_device_001,2025-10-18T08:05:43+13:00,48.5,-36.630596,174.734404,1,True
esp32_device_001,2025-10-18T08:05:44+13:00,48.1,-36.630517,174.734295,1,True
esp32_device_001,2025-10-18T08:05:45+13:00,47.8,-36.630417,174.734131,1,False
esp32_device_001,2025-10-18T08:05:46.666667+13:00,45.1,-36.630073,174.733716,1,True
esp32_device_001,2025-10-18T08:05:48.333333+13:00,42.5,-36.629953,174.733574,1,True
esp32_device_001,2025-10-18T08:05:50+13:00,39.8,-36.629948,174.733536,1,False
esp32_device_001,2025-10-18T08:05:51.666667+13:00,37.1,-36.629836,174.733434,1,True
esp32_device_001,2025-10-18T08:05:53.333333+13:00,34.3,-36.629673,174.733241,1,True
esp32_device_001,2025-10-18T08:05:55+13:00,31.6,-36.629513,174.733017,1,False
esp32_device_001,2025-10-18T08:05:56.666667+13:00,29.6,-36.629341,174.732831,1,True
esp32_device_001,2025-10-18T08:05:58.333333+13:00,27.5,-36.629202,174.732650,1,True
esp32_device_001,2025-10-18T08:06:00+13:00,25.5,-36.629139,174.732559,1,False
esp32_device_001,2025-10-18T08:06:01.250000+13:00,24.5,-36.629079,174.732468,1,True
esp32_device_001,2025-10-18T08:06:02.500000+13:00,23.4,-36.628971,174.732284,1,True
esp32_device_001,2025-10-18T08:06:03.750000+13:00,22.4,-36.628913,174.732173,1,True
esp32_device_001,2025-10-18T08:06:05+13:00,21.4,-36.62886,174.732056,1,False
esp32_device_001,2025-10-18T08:06:06.666667+13:00,20.9,-36.628841,174.732026,1,True
esp32_device_001,2025-10-18T08:06:08.333333+13:00,20.5,-36.628672,174.731656,1,True
esp32_device_001,2025-10-18T08:06:10+13:00,20,-36.62862,174.731491,1,False
esp32_device_001,2025-10-18T08:06:11+13:00,20.3,-36.628591,174.731484,1,True
esp32_device_001,2025-10-18T08:06:12+13:00,20.6,-36.628513,174.731316,1,True
esp32_device_001,2025-10-18T08:06:13+13:00,20.9,-36.628413,174.731095,1,True
esp32_device_001,2025-10-18T08:06:14+13:00,21.2,-36.628380,174.731012,1,True
esp32_device_001,2025-10-18T08:06:15+13:00,21.5,-36.628361,174.730911,1,False
esp32_device_001,2025-10-18T08:06:16.250000+13:00,22.7,-36.628308,174.730844,1,True
esp32_device_001,2025-10-18T08:06:17.500000+13:00,23.9,-36.628225,174.730619,1,True
esp32_device_001,2025-10-18T08:06:18.750000+13:00,25.2,-36.628162,174.730423,1,True
esp32_device_001,2025-10-18T08:06:20+13:00,26.4,-36.628147,174.730301,1,False
esp32_device_001,2025-10-18T08:06:21.666667+13:00,28.4,-36.628103,174.730221,1,True
esp32_device_001,2025-10-18T08:06:23.333333+13:00,30.4,-36.628065,174.730018,1,True
esp32_device_001,2025-10-18T08:06:25+13:00,32.4,-36.628035,174.729713,1,True
esp32_device_001,2025-10-18T08:06:26.666667+13:00,34.4,-36.627999,174.729286,1,True
esp32_device_001,2025-10-18T08:06:28.333333+13:00,36.4,-36.627948,174.728827,1,True
esp32_device_001,2025-10-18T08:06:30+13:00,38.5,-36.627898,174.728610,1,True
esp32_device_001,2025-10-18T08:06:31.666667+13:00,40.5,-36.627828,174.728395,1,True
esp32_device_001,2025-10-18T08:06:33.333333+13:00,42.5,-36.627763,174.728270,1,True
esp32_device_001,2025-10-18T08:06:35+13:00,44.5,-36.627678,174.728149,1,True
esp32_device_001,2025-10-18T08:06:36.666667+13:00,46.5,-36.627562,174.728006,1,True
esp32_device_001,2025-10-18T08:06:38.333333+13:00,48.5,-36.627441,174.727870,1,True
esp32_device_001,2025-10-18T08:06:40+13:00,50.5,-36.627304,174.727692,1,False
esp32_device_001,2025-10-18T08:06:41.250000+13:00,52.0,-36.626977,174.727357,1,True
esp32_device_001,2025-10-18T08:06:42.500000+13:00,53.4,-36.626829,174.727193,1,True
esp32_device_001,2025-10-18T08:06:43.750000+13:00,54.9,-36.626743,174.727087,1,True
esp32_device_001,2025-10-18T08:06:45+13:00,56.3,-36.626690,174.727003,1,True
esp32_device_001,2025-10-18T08:06:46.250000+13:00,57.8,-36.626650,174.726923,1,True
esp32_device_001,2025-10-18T08:06:47.500000+13:00,59.2,-36.626607,174.726826,1,True
esp32_device_001,2025-10-18T08:06:48.750000+13:00,60.7,-36.626576,174.726720,1,True
esp32_device_001,2025-10-18T08:06:50+13:00,62.1,-36.626554,174.726616,1,True
esp32_device_001,2025-10-18T08:06:51.250000+13:00,63.6,-36.626541,174.726506,1,True
esp32_device_001,2025-10-18T08:06:52.500000+13:00,65.1,-36.626523,174.726214,1,True
esp32_device_001,2025-10-18T08:06:53.750000+13:00,66.5,-36.626509,174.725736,1,True
esp32_device_001,2025-10-18T08:06:55+13:00,68.0,-36.626503,174.725525,1,True
esp32_device_001,2025-10-18T08:06:56.250000+13:00,69.4,-36.626499,174.725398,1,True
esp32_device_001,2025-10-18T08:06:57.500000+13:00,70.9,-36.626495,174.725233,1,True
esp32_device_001,2025-10-18T08:06:58.750000+13:00,72.3,-36.626487,174.725074,1,True
esp32_device_001,2025-10-18T08:07:00+13:00,73.8,-36.626492,174.724731,1,False
esp32_device_001,2025-10-18T08:07:05+13:00,77.3,-36.626465,174.723923,1,False
esp32_device_001,2025-10-18T08:07:05.714286+13:00,77.7,-36.626439,174.723907,1,True
esp32_device_001,2025-10-18T08:07:06.428571+13:00,78.0,-36.626419,174.723729,1,True
esp32_device_001,2025-10-18T08:07:07.142857+13:00,78.4,-36.626399,174.723631,1,True
esp32_device_001,2025-10-18T08:07:07.857143+13:00,78.8,-36.626383,174.723551,1,True
esp32_device_001,2025-10-18T08:07:08.571429+13:00,79.2,-36.626348,174.723464,1,True
esp32_device_001,2025-10-18T08:07:09.285714+13:00,79.5,-36.626290,174.723365,1,True
esp32_device_001,2025-10-18T08:07:10+13:00,79.9,-36.626232,174.723236,1,False
esp32_device_001,2025-10-18T08:07:11.250000+13:00,80.3,-36.626129,174.723119,1,True
esp32_device_001,2025-10-18T08:07:12.500000+13:00,80.8,-36.626036,174.722978,1,True
esp32_device_001,2025-10-18T08:07:13.750000+13:00,81.2,-36.625935,174.722848,1,True
esp32_device_001,2025-10-18T08:07:15+13:00,81.6,-36.625809,174.722641,1,False
esp32_device_001,2025-10-18T08:07:15.833333+13:00,81.9,-36.625764,174.722628,1,True
esp32_device_001,2025-10-18T08:07:16.666667+13:00,82.3,-36.625714,174.722564,1,True
esp32_device_001,2025-10-18T08:07:17.500000+13:00,82.6,-36.625603,174.722447,1,True
esp32_device_001,2025-10-18T08:07:18.333333+13:00,82.9,-36.625480,174.722346,1,True
esp32_device_001,2025-10-18T08:07:19.166667+13:00,83.3,-36.625360,174.722309,1,True
esp32_device_001,2025-10-18T08:07:20+13:00,83.6,-36.625286,174.722275,1,False
esp32_device_001,2025-10-18T08:07:20.769231+13:00,83.3,-36.625190,174.722307,1,True
esp32_device_001,2025-10-18T08:07:21.538462+13:00,83.0,-36.625021,174.722323,1,True
esp32_device_001,2025-10-18T08:07:22.307692+13:00,82.6,-36.624892,174.722327,1,True
esp32_device_001,2025-10-18T08:07:23.076923+13:00,82.3,-36.624780,174.722324,1,True
esp32_device_001,2025-10-18T08:07:23.846154+13:00,82.0,-36.624705,174.722312,1,True
esp32_device_001,2025-10-18T08:07:24.615385+13:00,81.7,-36.624618,174.722276,1,True
esp32_device_001,2025-10-18T08:07:25.384615+13:00,81.3,-36.624535,174.722222,1,True
esp32_device_001,2025-10-18T08:07:26.153846+13:00,81.0,-36.624456,174.722148,1,True
esp32_device_001,2025-10-18T08:07:26.923077+13:00,80.7,-36.624445,174.722058,1,True
esp32_device_001,2025-10-18T08:07:27.692308+13:00,80.4,-36.624401,174.721948,1,True
esp32_device_001,2025-10-18T08:07:28.461538+13:00,80.0,-36.624388,174.721928,1,True
esp32_device_001,2025-10-18T08:07:29.230769+13:00,79.7,-36.624322,174.721828,1,True
esp32_device_001,2025-10-18T08:07:30+13:00,79.4,-36.624256,174.721802,1,False
esp32_device_001,2025-10-18T08:07:30.625000+13:00,78.8,-36.624230,174.721688,1,True
esp32_device_001,2025-10-18T08:07:31.250000+13:00,78.2,-36.624165,174.721756,1,True
esp32_device_001,2025-10-18T08:07:31.875000+13:00,77.5,-36.624129,174.721706,1,True
esp32_device_001,2025-10-18T08:07:32.500000+13:00,76.9,-36.624034,174.721567,1,True
esp32_device_001,2025-10-18T08:07:33.125000+13:00,76.3,-36.623964,174.721449,1,True
esp32_device_001,2025-10-18T08:07:33.750000+13:00,75.7,-36.623910,174.721323,1,True
esp32_device_001,2025-10-18T08:07:34.375000+13:00,75.0,-36.623832,174.721112,1,True
esp32_device_001,2025-10-18T08:07:35+13:00,74.4,-36.623882,174.72113,1,False
esp32_device_001,2025-10-18T08:07:35.277778+13:00,74.2,-36.624004,174.721143,1,True
esp32_device_001,2025-10-18T08:07:35.555556+13:00,74.0,-36.624086,174.721157,1,True
esp32_device_001,2025-10-18T08:07:35.833333+13:00,73.7,-36.625679,174.720233,1,True
esp32_device_001,2025-10-18T08:07:36.111111+13:00,73.5,-36.625774,174.720190,1,True
esp32_device_001,2025-10-18T08:07:36.388889+13:00,73.3,-36.626115,174.719968,1,True
esp32_device_001,2025-10-18T08:07:36.666667+13:00,73.1,-36.626341,174.719785,1,True
esp32_device_001,2025-10-18T08:07:36.944444+13:00,72.9,-36.626426,174.719731,1,True
esp32_device_001,2025-10-18T08:07:37.222222+13:00,72.6,-36.626478,174.719700,1,True
esp32_device_001,2025-10-18T08:07:37.500000+13:00,72.4,-36.626506,174.719656,1,True
esp32_device_001,2025-10-18T08:07:37.777778+13:00,72.2,-36.626520,174.719608,1,True
esp32_device_001,2025-10-18T08:07:38.055556+13:00,72.0,-36.626514,174.719551,1,True
esp32_device_001,2025-10-18T08:07:38.333333+13:00,71.8,-36.626518,174.719483,1,True
esp32_device_001,2025-10-18T08:07:38.611111+13:00,71.5,-36.626534,174.719444,1,True
esp32_device_001,2025-10-18T08:07:38.888889+13:00,71.3,-36.626677,174.719122,1,True
esp32_device_001,2025-10-18T08:07:39.166667+13:00,71.1,-36.626534,174.719444,1,True
esp32_device_001,2025-10-18T08:07:39.444444+13:00,70.9,-36.626518,174.719483,1,True
esp32_device_001,2025-10-18T08:07:39.722222+13:00,70.7,-36.626514,174.719551,1,True
esp32_device_001,2025-10-18T08:07:40+13:00,70.5,-36.626520,174.719608,1,True
esp32_device_001,2025-10-18T08:07:40.277778+13:00,70.2,-36.626506,174.719656,1,True
esp32_device_001,2025-10-18T08:07:40.555556+13:00,70.0,-36.626478,174.719700,1,True
esp32_device_001,2025-10-18T08:07:40.833333+13:00,69.8,-36.626426,174.719731,1,True
esp32_device_001,2025-10-18T08:07:41.111111+13:00,69.6,-36.626341,174.719785,1,True
esp32_device_001,2025-10-18T08:07:41.388889+13:00,69.4,-36.626115,174.719968,1,True
esp32_device_001,2025-10-18T08:07:41.666667+13:00,69.1,-36.625774,174.720190,1,True
esp32_device_001,2025-10-18T08:07:41.944444+13:00,68.9,-36.625679,174.720233,1,True
esp32_device_001,2025-10-18T08:07:42.222222+13:00,68.7,-36.624086,174.721157,1,True
esp32_device_001,2025-10-18T08:07:42.500000+13:00,68.5,-36.624004,174.721143,1,True
esp32_device_001,2025-10-18T08:07:42.777778+13:00,68.3,-36.623832,174.721112,1,True
esp32_device_001,2025-10-18T08:07:43.055556+13:00,68.0,-36.623660,174.720679,1,True
esp32_device_001,2025-10-18T08:07:43.333333+13:00,67.8,-36.623613,174.720602,1,True
esp32_device_001,2025-10-18T08:07:43.611111+13:00,67.6,-36.623539,174.720494,1,True
esp32_device_001,2025-10-18T08:07:43.888889+13:00,67.4,-36.623465,174.720411,1,True
esp32_device_001,2025-10-18T08:07:44.166667+13:00,67.2,-36.623394,174.720349,1,True
esp32_device_001,2025-10-18T08:07:44.444444+13:00,66.9,-36.623326,174.720297,1,True
esp32_device_001,2025-10-18T08:07:44.722222+13:00,66.7,-36.623180,174.720217,1,True
esp32_device_001,2025-10-18T08:07:45+13:00,66.5,-36.622967,174.720093,1,False
esp32_device_001,2025-10-18T08:07:46.250000+13:00,65.2,-36.622807,174.720055,1,True
esp32_device_001,2025-10-18T08:07:47.500000+13:00,63.9,-36.622645,174.719974,1,True
esp32_device_001,2025-10-18T08:07:48.750000+13:00,62.5,-36.622472,174.719856,1,True
esp32_device_001,2025-10-18T08:07:50+13:00,61.2,-36.62236,174.719711,1,False
esp32_device_001,2025-10-18T08:07:50.833333+13:00,60.2,-36.622316,174.719727,1,True
esp32_device_001,2025-10-18T08:07:51.666667+13:00,59.2,-36.622205,174.719602,1,True
esp32_device_001,2025-10-18T08:07:52.500000+13:00,58.2,-36.622098,174.719468,1,True
esp32_device_001,2025-10-18T08:07:53.333333+13:00,57.1,-36.622020,174.719349,1,True
esp32_device_001,2025-10-18T08:07:54.166667+13:00,56.1,-36.621889,174.719111,1,True
esp32_device_001,2025-10-18T08:07:55+13:00,55.1,-36.621895,174.719055,1,False
esp32_device_001,2025-10-18T08:07:56.666667+13:00,53.2,-36.621741,174.718848,1,True
esp32_device_001,2025-10-18T08:07:58.333333+13:00,51.4,-36.621711,174.718794,1,True
esp32_device_001,2025-10-18T08:08:00+13:00,49.5,-36.621498,174.718338,1,False
esp32_device_001,2025-10-18T08:08:01+13:00,48.6,-36.621381,174.718171,1,True
esp32_device_001,2025-10-18T08:08:02+13:00,47.7,-36.621220,174.717905,1,True
esp32_device_001,2025-10-18T08:08:03+13:00,46.7,-36.621158,174.717815,1,True
esp32_device_001,2025-10-18T08:08:04+13:00,45.8,-36.621097,174.717723,1,True
esp32_device_001,2025-10-18T08:08:05+13:00,44.9,-36.621056,174.717621,1,False
esp32_device_001,2025-10-18T08:08:05.833333+13:00,44.8,-36.620980,174.717600,1,True
esp32_device_001,2025-10-18T08:08:06.666667+13:00,44.6,-36.620858,174.717482,1,True
esp32_device_001,2025-10-18T08:08:07.500000+13:00,44.5,-36.620733,174.717374,1,True
esp32_device_001,2025-10-18T08:08:08.333333+13:00,44.4,-36.620642,174.717310,1,True
esp32_device_001,2025-10-18T08:08:09.166667+13:00,44.2,-36.620550,174.717250,1,True
esp32_device_001,2025-10-18T08:08:10+13:00,44.1,-36.620449,174.717163,1,False
esp32_device_001,2025-10-18T08:08:15+13:00,47.3,-36.619778,174.716843,1,False
esp32_device_001,2025-10-18T08:08:16.250000+13:00,47.2,-36.619537,174.716760,1,True
esp32_device_001,2025-10-18T08:08:17.500000+13:00,47.0,-36.619502,174.716736,1,True
esp32_device_001,2025-10-18T08:08:18.750000+13:00,46.9,-36.619356,174.716638,1,True
esp32_device_001,2025-10-18T08:08:20+13:00,46.8,-36.619184,174.716495,1,True
esp32_device_001,2025-10-18T08:08:21.250000+13:00,46.7,-36.618904,174.716179,1,True
esp32_device_001,2025-10-18T08:08:22.500000+13:00,46.5,-36.618804,174.716033,1,True
esp32_device_001,2025-10-18T08:08:23.750000+13:00,46.4,-36.618700,174.715862,1,True
esp32_device_001,2025-10-18T08:08:25+13:00,46.3,-36.618656,174.715729,1,False
esp32_device_001,2025-10-18T08:08:26.250000+13:00,45.9,-36.618478,174.715468,1,True
esp32_device_001,2025-10-18T08:08:27.500000+13:00,45.5,-36.618328,174.715210,1,True
esp32_device_001,2025-10-18T08:08:28.750000+13:00,45.0,-36.618207,174.715029,1,True
esp32_device_001,2025-10-18T08:08:30+13:00,44.6,-36.618202,174.714981,1,False
esp32_device_001,2025-10-18T08:08:31+13:00,44.6,-36.618079,174.714872,1,True
esp32_device_001,2025-10-18T08:08:32+13:00,44.6,-36.617952,174.714729,1,True
esp32_device_001,2025-10-18T08:08:33+13:00,44.6,-36.617846,174.714630,1,True
esp32_device_001,2025-10-18T08:08:34+13:00,44.6,-36.617732,174.714529,1,True
esp32_device_001,2025-10-18T08:08:35+13:00,44.6,-36.617596,174.714401,1,False
esp32_device_001,2025-10-18T08:08:36.875000+13:00,45.8,-36.617522,174.714381,1,True
esp32_device_001,2025-10-18T08:08:38.750000+13:00,47.1,-36.617427,174.714325,1,True
esp32_device_001,2025-10-18T08:08:40.625000+13:00,48.3,-36.617243,174.714220,1,True
esp32_device_001,2025-10-18T08:08:42.500000+13:00,49.5,-36.616779,174.713964,1,True
esp32_device_001,2025-10-18T08:08:44.375000+13:00,50.8,-36.616150,174.713625,1,True
esp32_device_001,2025-10-18T08:08:46.250000+13:00,52.0,-36.615917,174.713500,1,True
esp32_device_001,2025-10-18T08:08:48.125000+13:00,53.3,-36.615682,174.713390,1,True
esp32_device_001,2025-10-18T08:08:50+13:00,54.5,-36.615498,174.713257,1,False
esp32_device_001,2025-10-18T08:08:50.833333+13:00,55.0,-36.615417,174.713291,1,True
esp32_device_001,2025-10-18T08:08:51.666667+13:00,55.4,-36.615205,174.713235,1,True
esp32_device_001,2025-10-18T08:08:52.500000+13:00,55.9,-36.615024,174.713205,1,True
esp32_device_001,2025-10-18T08:08:53.333333+13:00,56.4,-36.614812,174.713186,1,True
esp32_device_001,2025-10-18T08:08:54.166667+13:00,56.8,-36.614714,174.713182,1,True
esp32_device_001,2025-10-18T08:08:55+13:00,57.3,-36.614746,174.71312,1,False
esp32_device_001,2025-10-18T08:08:55.294118+13:00,57.4,-36.614708,174.713047,1,True
esp32_device_001,2025-10-18T08:08:55.588235+13:00,57.5,-36.614706,174.712988,1,True
esp32_device_001,2025-10-18T08:08:55.882353+13:00,57.6,-36.614704,174.712954,1,True
esp32_device_001,2025-10-18T08:08:56.176471+13:00,57.7,-36.614688,174.712905,1,True
esp32_device_001,2025-10-18T08:08:56.470588+13:00,57.8,-36.614626,174.712857,1,True
esp32_device_001,2025-10-18T08:08:56.764706+13:00,57.8,-36.614012,174.712832,1,True
esp32_device_001,2025-10-18T08:08:57.058824+13:00,57.9,-36.613918,174.712848,1,True
esp32_device_001,2025-10-18T08:08:57.352941+13:00,58.0,-36.613826,174.712881,1,True
esp32_device_001,2025-10-18T08:08:57.647059+13:00,58.1,-36.613709,174.712922,1,True
esp32_device_001,2025-10-18T08:08:57.941176+13:00,58.2,-36.613565,174.712889,1,True
esp32_device_001,2025-10-18T08:08:58.235294+13:00,58.3,-36.613494,174.712848,1,True
esp32_device_001,2025-10-18T08:08:58.529412+13:00,58.4,-36.613161,174.712352,1,True
esp32_device_001,2025-10-18T08:08:58.823529+13:00,58.5,-36.613494,174.712848,1,True
esp32_device_001,2025-10-18T08:08:59.117647+13:00,58.6,-36.613565,174.712889,1,True
esp32_device_001,2025-10-18T08:08:59.411765+13:00,58.7,-36.613709,174.712922,1,True
esp32_device_001,2025-10-18T08:08:59.705882+13:00,58.8,-36.613826,174.712881,1,True
esp32_device_001,2025-10-18T08:09:00+13:00,58.8,-36.613918,174.712848,1,True
esp32_device_001,2025-10-18T08:09:00.294118+13:00,58.9,-36.614012,174.712832,1,True
esp32_device_001,2025-10-18T08:09:00.588235+13:00,59.0,-36.614626,174.712857,1,True
esp32_device_001,2025-10-18T08:09:00.882353+13:00,59.1,-36.614688,174.712905,1,True
esp32_device_001,2025-10-18T08:09:01.176471+13:00,59.2,-36.614704,174.712954,1,True
esp32_device_001,2025-10-18T08:09:01.470588+13:00,59.3,-36.614706,174.712988,1,True
esp32_device_001,2025-10-18T08:09:01.764706+13:00,59.4,-36.614708,174.713047,1,True
esp32_device_001,2025-10-18T08:09:02.058824+13:00,59.5,-36.614714,174.713182,1,True
esp32_device_001,2025-10-18T08:09:02.352941+13:00,59.6,-36.614533,174.713175,1,True
esp32_device_001,2025-10-18T08:09:02.647059+13:00,59.7,-36.614316,174.713193,1,True
esp32_device_001,2025-10-18T08:09:02.941176+13:00,59.8,-36.614072,174.713225,1,True
esp32_device_001,2025-10-18T08:09:03.235294+13:00,59.9,-36.613865,174.713268,1,True
esp32_device_001,2025-10-18T08:09:03.529412+13:00,59.9,-36.613845,174.713272,1,True
esp32_device_001,2025-10-18T08:09:03.823529+13:00,60.0,-36.613677,174.713301,1,True
esp32_device_001,2025-10-18T08:09:04.117647+13:00,60.1,-36.613576,174.713317,1,True
esp32_device_001,2025-10-18T08:09:04.411765+13:00,60.2,-36.613463,174.713334,1,True
esp32_device_001,2025-10-18T08:09:04.705882+13:00,60.3,-36.613331,174.713345,1,True
esp32_device_001,2025-10-18T08:09:05+13:00,60.4,-36.613266,174.713257,1,False
esp32_device_001,2025-10-18T08:09:06+13:00,61.0,-36.613207,174.713336,1,True
esp32_device_001,2025-10-18T08:09:07+13:00,61.6,-36.613097,174.713312,1,True
esp32_device_001,2025-10-18T08:09:08+13:00,62.3,-36.612993,174.713277,1,True
esp32_device_001,2025-10-18T08:09:09+13:00,62.9,-36.612900,174.713235,1,True
esp32_device_001,2025-10-18T08:09:10+13:00,63.5,-36.612804,174.713180,1,True
esp32_device_001,2025-10-18T08:09:11+13:00,64.1,-36.612731,174.713130,1,True
esp32_device_001,2025-10-18T08:09:12+13:00,64.7,-36.612661,174.713075,1,True
esp32_device_001,2025-10-18T08:09:13+13:00,65.4,-36.612567,174.712976,1,True
esp32_device_001,2025-10-18T08:09:14+13:00,66.0,-36.612417,174.712766,1,True
esp32_device_001,2025-10-18T08:09:15+13:00,66.6,-36.612141,174.712234,1,False
esp32_device_001,2025-10-18T08:09:17.500000+13:00,68.4,-36.611885,174.711921,1,True
esp32_device_001,2025-10-18T08:09:20+13:00,70.2,-36.611679,174.711517,1,False
esp32_device_001,2025-10-18T08:09:21.111111+13:00,70.7,-36.611162,174.710841,1,True
esp32_device_001,2025-10-18T08:09:22.222222+13:00,71.1,-36.611108,174.710736,1,True
esp32_device_001,2025-10-18T08:09:23.333333+13:00,71.6,-36.611065,174.710624,1,True
esp32_device_001,2025-10-18T08:09:24.444444+13:00,72.0,-36.611032,174.710507,1,True
esp32_device_001,2025-10-18T08:09:25.555556+13:00,72.5,-36.611012,174.710397,1,True
esp32_device_001,2025-10-18T08:09:26.666667+13:00,72.9,-36.610998,174.710286,1,True
esp32_device_001,2025-10-18T08:09:27.777778+13:00,73.4,-36.610995,174.710182,1,True
esp32_device_001,2025-10-18T08:09:28.888889+13:00,73.8,-36.611003,174.710078,1,True
esp32_device_001,2025-10-18T08:09:30+13:00,74.3,-36.611057,174.710052,1,False
esp32_device_001,2025-10-18T08:09:31.666667+13:00,72.7,-36.611018,174.709977,1,True
esp32_device_001,2025-10-18T08:09:33.333333+13:00,71.2,-36.611056,174.709764,1,True
esp32_device_001,2025-10-18T08:09:35+13:00,69.6,-36.611178,174.709198,1,True
esp32_device_001,2025-10-18T08:09:36.666667+13:00,68.1,-36.611262,174.708807,1,True
esp32_device_001,2025-10-18T08:09:38.333333+13:00,66.5,-36.611301,174.708629,1,True
esp32_device_001,2025-10-18T08:09:40+13:00,65.0,-36.611323,174.708528,1,True
esp32_device_001,2025-10-18T08:09:41.666667+13:00,63.4,-36.611504,174.707688,1,True
esp32_device_001,2025-10-18T08:09:43.333333+13:00,61.9,-36.611551,174.707450,1,True
esp32_device_001,2025-10-18T08:09:45+13:00,60.3,-36.611599,174.707489,1,False
esp32_device_001,2025-10-18T08:09:45.172414+13:00,60.3,-36.611635,174.707469,1,True
esp32_device_001,2025-10-18T08:09:45.344828+13:00,60.2,-36.611681,174.707480,1,True
esp32_device_001,2025-10-18T08:09:45.517241+13:00,60.2,-36.611804,174.707509,1,True
esp32_device_001,2025-10-18T08:09:45.689655+13:00,60.1,-36.611822,174.707511,1,True
esp32_device_001,2025-10-18T08:09:45.862069+13:00,60.1,-36.612438,174.707572,1,True
esp32_device_001,2025-10-18T08:09:46.034483+13:00,60.0,-36.612506,174.707580,1,True
esp32_device_001,2025-10-18T08:09:46.206897+13:00,60.0,-36.612660,174.707594,1,True
esp32_device_001,2025-10-18T08:09:46.379310+13:00,59.9,-36.612757,174.707620,1,True
esp32_device_001,2025-10-18T08:09:46.551724+13:00,59.9,-36.612848,174.707644,1,True
esp32_device_001,2025-10-18T08:09:46.724138+13:00,59.8,-36.612949,174.707687,1,True
esp32_device_001,2025-10-18T08:09:46.896552+13:00,59.8,-36.613023,174.707701,1,True
esp32_device_001,2025-10-18T08:09:47.068966+13:00,59.7,-36.613287,174.707829,1,True
esp32_device_001,2025-10-18T08:09:47.241379+13:00,59.7,-36.613454,174.707969,1,True
esp32_device_001,2025-10-18T08:09:47.413793+13:00,59.6,-36.613483,174.707993,1,True
esp32_device_001,2025-10-18T08:09:47.586207+13:00,59.6,-36.613593,174.708152,1,True
esp32_device_001,2025-10-18T08:09:47.758621+13:00,59.5,-36.613675,174.708303,1,True
esp32_device_001,2025-10-18T08:09:47.931034+13:00,59.5,-36.613695,174.708339,1,True
esp32_device_001,2025-10-18T08:09:48.103448+13:00,59.4,-36.613871,174.708681,1,True
esp32_device_001,2025-10-18T08:09:48.275862+13:00,59.4,-36.613897,174.708730,1,True
esp32_device_001,2025-10-18T08:09:48.448276+13:00,59.3,-36.613919,174.708831,1,True
esp32_device_001,2025-10-18T08:09:48.620690+13:00,59.3,-36.613951,174.708975,1,True
esp32_device_001,2025-10-18T08:09:48.793103+13:00,59.2,-36.613968,174.709126,1,True
esp32_device_001,2025-10-18T08:09:48.965517+13:00,59.2,-36.613986,174.709366,1,True
esp32_device_001,2025-10-18T08:09:49.137931+13:00,59.1,-36.614021,174.709493,1,True
esp32_device_001,2025-10-18T08:09:49.310345+13:00,59.1,-36.614073,174.709643,1,True
esp32_device_001,2025-10-18T08:09:49.482759+13:00,59.0,-36.614215,174.710057,1,True
esp32_device_001,2025-10-18T08:09:49.655172+13:00,59.0,-36.614241,174.710156,1,True
esp32_device_001,2025-10-18T08:09:49.827586+13:00,58.9,-36.614287,174.710264,1,True
esp32_device_001,2025-10-18T08:09:50+13:00,58.9,-36.614373,174.710364,1,True
esp32_device_001,2025-10-18T08:09:50.172414+13:00,58.9,-36.614387,174.710368,1,True
esp32_device_001,2025-10-18T08:09:50.344828+13:00,58.8,-36.614403,174.710372,1,True
esp32_device_001,2025-10-18T08:09:50.517241+13:00,58.8,-36.614427,174.710364,1,True
esp32_device_001,2025-10-18T08:09:50.689655+13:00,58.7,-36.614455,174.710331,1,True
esp32_device_001,2025-10-18T08:09:50.862069+13:00,58.7,-36.614462,174.710296,1,True
esp32_device_001,2025-10-18T08:09:51.034483+13:00,58.6,-36.614459,174.710269,1,True
esp32_device_001,2025-10-18T08:09:51.206897+13:00,58.6,-36.614446,174.710243,1,True
esp32_device_001,2025-10-18T08:09:51.379310+13:00,58.5,-36.614427,174.710226,1,True
esp32_device_001,2025-10-18T08:09:51.551724+13:00,58.5,-36.614382,174.710204,1,True
esp32_device_001,2025-10-18T08:09:51.724138+13:00,58.4,-36.614335,174.710186,1,True
esp32_device_001,2025-10-18T08:09:51.896552+13:00,58.4,-36.614241,174.710156,1,True
esp32_device_001,2025-10-18T08:09:52.068966+13:00,58.3,-36.614215,174.710057,1,True
esp32_device_001,2025-10-18T08:09:52.241379+13:00,58.3,-36.614073,174.709643,1,True
esp32_device_001,2025-10-18T08:09:52.413793+13:00,58.2,-36.614021,174.709493,1,True
esp32_device_001,2025-10-18T08:09:52.586207+13:00,58.2,-36.613986,174.709366,1,True
esp32_device_001,2025-10-18T08:09:52.758621+13:00,58.1,-36.613968,174.709126,1,True
esp32_device_001,2025-10-18T08:09:52.931034+13:00,58.1,-36.613951,174.708975,1,True
esp32_device_001,2025-10-18T08:09:53.103448+13:00,58.0,-36.613919,174.708831,1,True
esp32_device_001,2025-10-18T08:09:53.275862+13:00,58.0,-36.613897,174.708730,1,True
esp32_device_001,2025-10-18T08:09:53.448276+13:00,57.9,-36.613871,174.708681,1,True
esp32_device_001,2025-10-18T08:09:53.620690+13:00,57.9,-36.613695,174.708339,1,True
esp32_device_001,2025-10-18T08:09:53.793103+13:00,57.8,-36.613675,174.708303,1,True
esp32_device_001,2025-10-18T08:09:53.965517+13:00,57.8,-36.613593,174.708152,1,True
esp32_device_001,2025-10-18T08:09:54.137931+13:00,57.7,-36.613483,174.707993,1,True
esp32_device_001,2025-10-18T08:09:54.310345+13:00,57.7,-36.613454,174.707969,1,True
esp32_device_001,2025-10-18T08:09:54.482759+13:00,57.6,-36.613287,174.707829,1,True
esp32_device_001,2025-10-18T08:09:54.655172+13:00,57.6,-36.613023,174.707701,1,True
esp32_device_001,2025-10-18T08:09:54.827586+13:00,57.5,-36.612968,174.707617,1,True
esp32_device_001,2025-10-18T08:09:55+13:00,57.5,-36.612932,174.707581,1,True
esp32_device_001,2025-10-18T08:09:55.172414+13:00,57.5,-36.612889,174.707548,1,True
esp32_device_001,2025-10-18T08:09:55.344828+13:00,57.4,-36.612852,174.707537,1,True
esp32_device_001,2025-10-18T08:09:55.517241+13:00,57.4,-36.612813,174.707539,1,True
esp32_device_001,2025-10-18T08:09:55.689655+13:00,57.3,-36.612781,174.707545,1,True
esp32_device_001,2025-10-18T08:09:55.862069+13:00,57.3,-36.612746,174.707555,1,True
esp32_device_001,2025-10-18T08:09:56.034483+13:00,57.2,-36.612720,174.707567,1,True
esp32_device_001,2025-10-18T08:09:56.206897+13:00,57.2,-36.612660,174.707594,1,True
esp32_device_001,2025-10-18T08:09:56.379310+13:00,57.1,-36.612506,174.707580,1,True
esp32_device_001,2025-10-18T08:09:56.551724+13:00,57.1,-36.612438,174.707572,1,True
esp32_device_001,2025-10-18T08:09:56.724138+13:00,57.0,-36.611822,174.707511,1,True
esp32_device_001,2025-10-18T08:09:56.896552+13:00,57.0,-36.611804,174.707509,1,True
esp32_device_001,2025-10-18T08:09:57.068966+13:00,56.9,-36.611681,174.707480,1,True
esp32_device_001,2025-10-18T08:09:57.241379+13:00,56.9,-36.611635,174.707469,1,True
esp32_device_001,2025-10-18T08:09:57.413793+13:00,56.8,-36.611551,174.707450,1,True
esp32_device_001,2025-10-18T08:09:57.586207+13:00,56.8,-36.611563,174.707333,1,True
esp32_device_001,2025-10-18T08:09:57.758621+13:00,56.7,-36.611569,174.707232,1,True
esp32_device_001,2025-10-18T08:09:57.931034+13:00,56.7,-36.611566,174.706984,1,True
esp32_device_001,2025-10-18T08:09:58.103448+13:00,56.6,-36.611523,174.706775,1,True
esp32_device_001,2025-10-18T08:09:58.275862+13:00,56.6,-36.611496,174.706673,1,True
esp32_device_001,2025-10-18T08:09:58.448276+13:00,56.5,-36.611454,174.706561,1,True
esp32_device_001,2025-10-18T08:09:58.620690+13:00,56.5,-36.611385,174.706409,1,True
esp32_device_001,2025-10-18T08:09:58.793103+13:00,56.4,-36.611256,174.706179,1,True
esp32_device_001,2025-10-18T08:09:58.965517+13:00,56.4,-36.611132,174.705994,1,True
esp32_device_001,2025-10-18T08:09:59.137931+13:00,56.3,-36.610967,174.705726,1,True
esp32_device_001,2025-10-18T08:09:59.310345+13:00,56.3,-36.610876,174.705580,1,True
esp32_device_001,2025-10-18T08:09:59.482759+13:00,56.2,-36.610838,174.705502,1,True
esp32_device_001,2025-10-18T08:09:59.655172+13:00,56.2,-36.610783,174.705385,1,True
esp32_device_001,2025-10-18T08:09:59.827586+13:00,56.1,-36.610695,174.705137,1,True
esp32_device_001,2025-10-18T08:10:00+13:00,56.1,-36.610737,174.705093,1,False
esp32_device_001,2025-10-18T08:10:02.500000+13:00,55.0,-36.610461,174.704336,1,True
esp32_device_001,2025-10-18T08:10:05+13:00,53.8,-36.610493,174.704239,1,False
esp32_device_001,2025-10-18T08:10:05.714286+13:00,53.5,-36.610407,174.704125,1,True
esp32_device_001,2025-10-18T08:10:06.428571+13:00,53.2,-36.610380,174.703930,1,True
esp32_device_001,2025-10-18T08:10:07.142857+13:00,52.9,-36.610369,174.703761,1,True
esp32_device_001,2025-10-18T08:10:07.857143+13:00,52.5,-36.610377,174.703657,1,True
esp32_device_001,2025-10-18T08:10:08.571429+13:00,52.2,-36.610393,174.703523,1,True
esp32_device_001,2025-10-18T08:10:09.285714+13:00,51.9,-36.610417,174.703404,1,True
esp32_device_001,2025-10-18T08:10:10+13:00,51.6,-36.610493,174.7034,1,False
esp32_device_001,2025-10-18T08:10:10.285714+13:00,51.5,-36.610455,174.703246,1,True
esp32_device_001,2025-10-18T08:10:10.571429+13:00,51.3,-36.610513,174.703087,1,True
esp32_device_001,2025-10-18T08:10:10.857143+13:00,51.2,-36.610772,174.702399,1,True
esp32_device_001,2025-10-18T08:10:11.142857+13:00,51.1,-36.610844,174.702209,1,True
esp32_device_001,2025-10-18T08:10:11.428571+13:00,51.0,-36.610918,174.702013,1,True
esp32_device_001,2025-10-18T08:10:11.714286+13:00,50.8,-36.610930,174.701977,1,True
esp32_device_001,2025-10-18T08:10:12+13:00,50.7,-36.610954,174.701903,1,True
esp32_device_001,2025-10-18T08:10:12.285714+13:00,50.6,-36.611084,174.701927,1,True
esp32_device_001,2025-10-18T08:10:12.571429+13:00,50.5,-36.611167,174.701928,1,True
esp32_device_001,2025-10-18T08:10:12.857143+13:00,50.3,-36.611261,174.701954,1,True
esp32_device_001,2025-10-18T08:10:13.142857+13:00,50.2,-36.611361,174.702056,1,True
esp32_device_001,2025-10-18T08:10:13.428571+13:00,50.1,-36.611420,174.702227,1,True
esp32_device_001,2025-10-18T08:10:13.714286+13:00,50.0,-36.612312,174.701706,1,True
esp32_device_001,2025-10-18T08:10:14+13:00,49.8,-36.612387,174.701706,1,True
esp32_device_001,2025-10-18T08:10:14.285714+13:00,49.7,-36.612477,174.701757,1,True
esp32_device_001,2025-10-18T08:10:14.571429+13:00,49.6,-36.612523,174.701798,1,True
esp32_device_001,2025-10-18T08:10:14.857143+13:00,49.5,-36.612556,174.701854,1,True
esp32_device_001,2025-10-18T08:10:15.142857+13:00,49.3,-36.612594,174.701975,1,True
esp32_device_001,2025-10-18T08:10:15.428571+13:00,49.2,-36.612661,174.702195,1,True
esp32_device_001,2025-10-18T08:10:15.714286+13:00,49.1,-36.612661,174.702268,1,True
esp32_device_001,2025-10-18T08:10:16+13:00,49.0,-36.612656,174.702302,1,True
esp32_device_001,2025-10-18T08:10:16.285714+13:00,48.8,-36.612649,174.702345,1,True
esp32_device_001,2025-10-18T08:10:16.571429+13:00,48.7,-36.612606,174.702461,1,True
esp32_device_001,2025-10-18T08:10:16.857143+13:00,48.6,-36.612527,174.702547,1,True
esp32_device_001,2025-10-18T08:10:17.142857+13:00,48.5,-36.611794,174.703012,1,True
esp32_device_001,2025-10-18T08:10:17.428571+13:00,48.3,-36.611749,174.702946,1,True
esp32_device_001,2025-10-18T08:10:17.714286+13:00,48.2,-36.611530,174.702546,1,True
esp32_device_001,2025-10-18T08:10:18+13:00,48.1,-36.611420,174.702227,1,True
esp32_device_001,2025-10-18T08:10:18.285714+13:00,48.0,-36.611361,174.702056,1,True
esp32_device_001,2025-10-18T08:10:18.571429+13:00,47.8,-36.611261,174.701954,1,True
esp32_device_001,2025-10-18T08:10:18.857143+13:00,47.7,-36.611177,174.701885,1,True
esp32_device_001,2025-10-18T08:10:19.142857+13:00,47.6,-36.611128,174.701864,1,True
esp32_device_001,2025-10-18T08:10:19.428571+13:00,47.5,-36.611106,174.701854,1,True
esp32_device_001,2025-10-18T08:10:19.714286+13:00,47.3,-36.611068,174.701838,1,True
esp32_device_001,2025-10-18T08:10:20+13:00,47.2,-36.611042,174.701874,1,False
esp32_device_001,2025-10-18T08:10:20.833333+13:00,46.6,-36.610983,174.701816,1,True
esp32_device_001,2025-10-18T08:10:21.666667+13:00,46.1,-36.611028,174.701684,1,True
esp32_device_001,2025-10-18T08:10:22.500000+13:00,45.5,-36.611072,174.701515,1,True
esp32_device_001,2025-10-18T08:10:23.333333+13:00,44.9,-36.611104,174.701371,1,True
esp32_device_001,2025-10-18T08:10:24.166667+13:00,44.4,-36.611143,174.701186,1,True
esp32_device_001,2025-10-18T08:10:25+13:00,43.8,-36.611229,174.70105,1,False
esp32_device_001,2025-10-18T08:10:26.666667+13:00,43.7,-36.611177,174.700986,1,True
esp32_device_001,2025-10-18T08:10:28.333333+13:00,43.7,-36.611261,174.700444,1,True
esp32_device_001,2025-10-18T08:10:30+13:00,43.6,-36.611359,174.700226,1,False
esp32_device_001,2025-10-18T08:10:30.384615+13:00,43.5,-36.611414,174.699424,1,True
esp32_device_001,2025-10-18T08:10:30.769231+13:00,43.4,-36.611646,174.699495,1,True
esp32_device_001,2025-10-18T08:10:31.153846+13:00,43.4,-36.611606,174.699613,1,True
esp32_device_001,2025-10-18T08:10:31.538462+13:00,43.3,-36.611561,174.699720,1,True
esp32_device_001,2025-10-18T08:10:31.923077+13:00,43.2,-36.611545,174.699827,1,True
esp32_device_001,2025-10-18T08:10:32.307692+13:00,43.1,-36.611565,174.699889,1,True
esp32_device_001,2025-10-18T08:10:32.692308+13:00,43.1,-36.611688,174.699967,1,True
esp32_device_001,2025-10-18T08:10:33.076923+13:00,43.0,-36.611565,174.699889,1,True
esp32_device_001,2025-10-18T08:10:33.461538+13:00,42.9,-36.611545,174.699827,1,True
esp32_device_001,2025-10-18T08:10:33.846154+13:00,42.8,-36.611561,174.699720,1,True
esp32_device_001,2025-10-18T08:10:34.230769+13:00,42.8,-36.611606,174.699613,1,True
esp32_device_001,2025-10-18T08:10:34.615385+13:00,42.7,-36.611646,174.699495,1,True
esp32_device_001,2025-10-18T08:10:35+13:00,42.6,-36.611469,174.699463,1,False
esp32_device_001,2025-10-18T08:10:40+13:00,37.7,-36.611414,174.699424,1,True
esp32_device_001,2025-10-18T08:10:45+13:00,32.7,-36.611683,174.698013,1,False
esp32_device_001,2025-10-18T08:10:47.500000+13:00,31.7,-36.611681,174.697836,1,True
esp32_device_001,2025-10-18T08:10:50+13:00,30.7,-36.611801,174.697342,1,False
esp32_device_001,2025-10-18T08:10:52.500000+13:00,31.1,-36.611802,174.697124,1,True
esp32_device_001,2025-10-18T08:10:55+13:00,31.6,-36.611923,174.696655,1,False
esp32_device_001,2025-10-18T08:10:58+13:00,33.0,-36.611904,174.696568,1,True
esp32_device_001,2025-10-18T08:11:01+13:00,34.3,-36.611927,174.696452,1,True
esp32_device_001,2025-10-18T08:11:04+13:00,35.6,-36.612110,174.695512,1,True
esp32_device_001,2025-10-18T08:11:07+13:00,37.0,-36.612258,174.694747,1,True
esp32_device_001,2025-10-18T08:11:10+13:00,38.4,-36.612349,174.694401,1,True
esp32_device_001,2025-10-18T08:11:13+13:00,39.7,-36.612466,174.693951,1,True
esp32_device_001,2025-10-18T08:11:16+13:00,41.0,-36.612511,174.693781,1,True
esp32_device_001,2025-10-18T08:11:19+13:00,42.4,-36.612859,174.692530,1,True
esp32_device_001,2025-10-18T08:11:22+13:00,43.8,-36.612892,174.692403,1,True
esp32_device_001,2025-10-18T08:11:25+13:00,45.1,-36.612961,174.692322,1,False
esp32_device_001,2025-10-18T08:11:26.315789+13:00,46.0,-36.612976,174.692123,1,True
esp32_device_001,2025-10-18T08:11:27.631579+13:00,46.8,-36.613039,174.691939,1,True
esp32_device_001,2025-10-18T08:11:28.947368+13:00,47.7,-36.613111,174.691759,1,True
esp32_device_001,2025-10-18T08:11:30.263158+13:00,48.6,-36.613201,174.691576,1,True
esp32_device_001,2025-10-18T08:11:31.578947+13:00,49.4,-36.613323,174.691353,1,True
esp32_device_001,2025-10-18T08:11:32.894737+13:00,50.3,-36.613442,174.691149,1,True
esp32_device_001,2025-10-18T08:11:34.210526+13:00,51.1,-36.613543,174.690982,1,True
esp32_device_001,2025-10-18T08:11:35.526316+13:00,52.0,-36.613630,174.690817,1,True
esp32_device_001,2025-10-18T08:11:36.842105+13:00,52.9,-36.613718,174.690637,1,True
esp32_device_001,2025-10-18T08:11:38.157895+13:00,53.7,-36.613767,174.690512,1,True
esp32_device_001,2025-10-18T08:11:39.473684+13:00,54.6,-36.613813,174.690382,1,True
esp32_device_001,2025-10-18T08:11:40.789474+13:00,55.5,-36.613867,174.690187,1,True
esp32_device_001,2025-10-18T08:11:42.105263+13:00,56.3,-36.613902,174.689968,1,True
esp32_device_001,2025-10-18T08:11:43.421053+13:00,57.2,-36.613919,174.689746,1,True
esp32_device_001,2025-10-18T08:11:44.736842+13:00,58.0,-36.613921,174.689568,1,True
esp32_device_001,2025-10-18T08:11:46.052632+13:00,58.9,-36.613910,174.689388,1,True
esp32_device_001,2025-10-18T08:11:47.368421+13:00,59.8,-36.613904,174.689269,1,True
esp32_device_001,2025-10-18T08:11:48.684211+13:00,60.6,-36.613880,174.689063,1,True
esp32_device_001,2025-10-18T08:11:50+13:00,61.5,-36.613907,174.68895,1,False
esp32_device_001,2025-10-18T08:11:51.428571+13:00,62.2,-36.613849,174.688854,1,True
esp32_device_001,2025-10-18T08:11:52.857143+13:00,62.8,-36.613779,174.688406,1,True
esp32_device_001,2025-10-18T08:11:54.285714+13:00,63.5,-36.613736,174.688139,1,True
esp32_device_001,2025-10-18T08:11:55.714286+13:00,64.2,-36.613682,174.687807,1,True
esp32_device_001,2025-10-18T08:11:57.142857+13:00,64.9,-36.613673,174.687707,1,True
esp32_device_001,2025-10-18T08:11:58.571429+13:00,65.5,-36.613661,174.687576,1,True
esp32_device_001,2025-10-18T08:12:00+13:00,66.2,-36.613701,174.687454,1,False
esp32_device_001,2025-10-18T08:12:01.250000+13:00,66.6,-36.613660,174.687347,1,True
esp32_device_001,2025-10-18T08:12:02.500000+13:00,67.0,-36.613658,174.687117,1,True
esp32_device_001,2025-10-18T08:12:03.750000+13:00,67.4,-36.613679,174.686742,1,True
esp32_device_001,2025-10-18T08:12:05+13:00,67.8,-36.613728,174.686691,1,False
esp32_device_001,2025-10-18T08:12:06.250000+13:00,67.1,-36.613712,174.686435,1,True
esp32_device_001,2025-10-18T08:12:07.500000+13:00,66.4,-36.613725,174.686265,1,True
esp32_device_001,2025-10-18T08:12:08.750000+13:00,65.7,-36.613748,174.686157,1,True
esp32_device_001,2025-10-18T08:12:10+13:00,65,-36.613762,174.685974,1,False
esp32_device_001,2025-10-18T08:12:11.250000+13:00,64.0,-36.613758,174.685739,1,True
esp32_device_001,2025-10-18T08:12:12.500000+13:00,62.9,-36.613782,174.685486,1,True
esp32_device_001,2025-10-18T08:12:13.750000+13:00,61.8,-36.613809,174.685304,1,True
esp32_device_001,2025-10-18T08:12:15+13:00,60.8,-36.613827,174.685226,1,False
esp32_device_001,2025-10-18T08:12:16.250000+13:00,60.5,-36.613831,174.685200,1,True
esp32_device_001,2025-10-18T08:12:17.500000+13:00,60.3,-36.613865,174.685062,1,True
esp32_device_001,2025-10-18T08:12:18.750000+13:00,60.0,-36.613945,174.684841,1,True
esp32_device_001,2025-10-18T08:12:20+13:00,59.8,-36.614132,174.684479,1,False
esp32_device_001,2025-10-18T08:12:21.250000+13:00,59.5,-36.614167,174.684346,1,True
esp32_device_001,2025-10-18T08:12:22.500000+13:00,59.3,-36.614206,174.684276,1,True
esp32_device_001,2025-10-18T08:12:23.750000+13:00,59.0,-36.614403,174.683925,1,True
esp32_device_001,2025-10-18T08:12:25+13:00,58.8,-36.614544,174.683701,1,False
esp32_device_001,2025-10-18T08:12:26.250000+13:00,58.5,-36.614683,174.683432,1,True
esp32_device_001,2025-10-18T08:12:27.500000+13:00,58.2,-36.614821,174.683208,1,True
esp32_device_001,2025-10-18T08:12:28.750000+13:00,58.0,-36.614866,174.683135,1,True
esp32_device_001,2025-10-18T08:12:30+13:00,57.7,-36.614986,174.682922,1,False
esp32_device_001,2025-10-18T08:12:32.500000+13:00,56.9,-36.615371,174.682311,1,True
esp32_device_001,2025-10-18T08:12:35+13:00,56,-36.615448,174.68219,1,False
esp32_device_001,2025-10-18T08:12:36.875000+13:00,54.8,-36.615870,174.681498,1,True
esp32_device_001,2025-10-18T08:12:38.750000+13:00,53.5,-36.615913,174.681413,1,True
esp32_device_001,2025-10-18T08:12:40.625000+13:00,52.3,-36.616128,174.680906,1,True
esp32_device_001,2025-10-18T08:12:42.500000+13:00,51.0,-36.616210,174.680715,1,True
esp32_device_001,2025-10-18T08:12:44.375000+13:00,49.8,-36.616324,174.680474,1,True
esp32_device_001,2025-10-18T08:12:46.250000+13:00,48.6,-36.616415,174.680303,1,True
esp32_device_001,2025-10-18T08:12:48.125000+13:00,47.3,-36.616617,174.679965,1,True
esp32_device_001,2025-10-18T08:12:50+13:00,46.1,-36.616703,174.679825,1,False
esp32_device_001,2025-10-18T08:12:52+13:00,42.5,-36.616732,174.679797,1,True
esp32_device_001,2025-10-18T08:12:54+13:00,38.9,-36.616854,174.679597,1,True
esp32_device_001,2025-10-18T08:12:56+13:00,35.3,-36.617107,174.679246,1,True
esp32_device_001,2025-10-18T08:12:58+13:00,31.7,-36.617339,174.678976,1,True
esp32_device_001,2025-10-18T08:13:00+13:00,28.1,-36.617855,174.67836,1,False
esp32_device_001,2025-10-18T08:13:01.875000+13:00,27.0,-36.618191,174.677996,1,True
esp32_device_001,2025-10-18T08:13:03.750000+13:00,26.0,-36.618618,174.677519,1,True
esp32_device_001,2025-10-18T08:13:05.625000+13:00,24.9,-36.618731,174.677381,1,True
esp32_device_001,2025-10-18T08:13:07.500000+13:00,23.9,-36.619006,174.676980,1,True
esp32_device_001,2025-10-18T08:13:09.375000+13:00,22.8,-36.619201,174.676662,1,True
esp32_device_001,2025-10-18T08:13:11.250000+13:00,21.7,-36.619313,174.676509,1,True
esp32_device_001,2025-10-18T08:13:13.125000+13:00,20.7,-36.619434,174.676321,1,True
esp32_device_001,2025-10-18T08:13:15+13:00,19.6,-36.619553,174.676147,1,False
esp32_device_001,2025-10-18T08:13:16.666667+13:00,20.3,-36.619888,174.675646,1,True
esp32_device_001,2025-10-18T08:13:18.333333+13:00,20.9,-36.619972,174.675518,1,True
esp32_device_001,2025-10-18T08:13:20+13:00,21.6,-36.62006,174.675385,1,False
esp32_device_001,2025-10-18T08:13:22+13:00,23.9,-36.620115,174.675289,1,True
esp32_device_001,2025-10-18T08:13:24+13:00,26.3,-36.620383,174.674862,1,True
esp32_device_001,2025-10-18T08:13:26+13:00,28.6,-36.620648,174.674392,1,True
esp32_device_001,2025-10-18T08:13:28+13:00,31.0,-36.620829,174.673991,1,True
esp32_device_001,2025-10-18T08:13:30+13:00,33.3,-36.620934,174.673752,1,False
esp32_device_001,2025-10-18T08:13:31.666667+13:00,34.2,-36.620971,174.673612,1,True
esp32_device_001,2025-10-18T08:13:33.333333+13:00,35.0,-36.621048,174.673392,1,True
esp32_device_001,2025-10-18T08:13:35+13:00,35.9,-36.62122,174.672943,1,False
esp32_device_001,2025-10-18T08:13:40+13:00,36.1,-36.621234,174.672861,1,True
esp32_device_001,2025-10-18T08:13:45+13:00,36.4,-36.621445,174.672256,1,False
esp32_device_001,2025-10-18T08:13:46.875000+13:00,35.7,-36.621522,174.671926,1,True
esp32_device_001,2025-10-18T08:13:48.750000+13:00,34.9,-36.621564,174.671790,1,True
esp32_device_001,2025-10-18T08:13:50.625000+13:00,34.2,-36.621590,174.671699,1,True
esp32_device_001,2025-10-18T08:13:52.500000+13:00,33.5,-36.621486,174.671675,1,True
esp32_device_001,2025-10-18T08:13:54.375000+13:00,32.8,-36.621428,174.671663,1,True
esp32_device_001,2025-10-18T08:13:56.250000+13:00,32.0,-36.621284,174.671633,1,True
esp32_device_001,2025-10-18T08:13:58.125000+13:00,31.3,-36.620580,174.671499,1,True
esp32_device_001,2025-10-18T08:14:00+13:00,30.6,-36.620270,174.671431,1,True
esp32_device_001,2025-10-18T08:14:01.875000+13:00,29.9,-36.620190,174.671396,1,True
esp32_device_001,2025-10-18T08:14:03.750000+13:00,29.1,-36.620141,174.671357,1,True
esp32_device_001,2025-10-18T08:14:05.625000+13:00,28.4,-36.620128,174.671325,1,True
esp32_device_001,2025-10-18T08:14:07.500000+13:00,27.7,-36.620108,174.671298,1,True
esp32_device_001,2025-10-18T08:14:09.375000+13:00,27.0,-36.620082,174.671281,1,True
esp32_device_001,2025-10-18T08:14:11.250000+13:00,26.2,-36.620051,174.671273,1,True
esp32_device_001,2025-10-18T08:14:13.125000+13:00,25.5,-36.620020,174.671279,1,True
esp32_device_001,2025-10-18T08:14:15+13:00,24.8,-36.620018,174.67131,1,False
esp32_device_001,2025-10-18T08:14:16.111111+13:00,24.8,-36.619991,174.671297,1,True
esp32_device_001,2025-10-18T08:14:17.222222+13:00,24.7,-36.619969,174.671326,1,True
esp32_device_001,2025-10-18T08:14:18.333333+13:00,24.7,-36.619956,174.671362,1,True
esp32_device_001,2025-10-18T08:14:19.444444+13:00,24.7,-36.619953,174.671401,1,True
esp32_device_001,2025-10-18T08:14:20.555556+13:00,24.6,-36.619961,174.671440,1,True
esp32_device_001,2025-10-18T08:14:21.666667+13:00,24.6,-36.619978,174.671473,1,True
esp32_device_001,2025-10-18T08:14:22.777778+13:00,24.6,-36.620003,174.671498,1,True
esp32_device_001,2025-10-18T08:14:23.888889+13:00,24.5,-36.619986,174.671538,1,True
esp32_device_001,2025-10-18T08:14:25+13:00,24.5,-36.619877,174.671814,1,False
esp32_device_001,2025-10-18T08:14:27.500000+13:00,24.6,-36.619819,174.672098,1,True
esp32_device_001,2025-10-18T08:14:30+13:00,24.7,-36.619899,174.672131,1,True
esp32_device_001,2025-10-18T08:14:32.500000+13:00,24.8,-36.620003,174.672175,1,True
esp32_device_001,2025-10-18T08:14:35+13:00,24.9,-36.620018,174.672211,1,False
esp32_device_001,2025-10-18T08:59:45+13:00,27.2,-36.620525,174.672729,2,False
esp32_device_001,2025-10-18T08:59:50+13:00,26.1,-36.620586,174.672562,2,False
esp32_device_001,2025-10-18T08:59:55+13:00,25.5,-36.620609,174.672485,2,False
esp32_device_001,2025-10-18T09:00:00+13:00,25.4,-36.620548,174.672379,2,False
esp32_device_001,2025-10-18T09:00:05+13:00,25.9,-36.620331,174.672287,2,False
esp32_device_001,2025-10-18T09:00:10+13:00,26.3,-36.620083,174.672195,2,False
esp32_device_001,2025-10-18T09:00:15+13:00,26.3,-36.619873,174.672104,2,False
esp32_device_001,2025-10-18T09:00:20+13:00,25.9,-36.619869,174.671951,2,False
esp32_device_001,2025-10-18T09:00:25+13:00,24.9,-36.619968,174.671646,2,False
esp32_device_001,2025-10-18T09:00:30+13:00,24.5,-36.620033,174.671555,2,False
esp32_device_001,2025-10-18T09:00:35+13:00,25.6,-36.620148,174.671509,2,False
esp32_device_001,2025-10-18T09:00:37.500000+13:00,27.0,-36.620411,174.671549,2,True
esp32_device_001,2025-10-18T09:00:40+13:00,28.4,-36.620461,174.6716,2,False
esp32_device_001,2025-10-18T09:00:42.500000+13:00,30.1,-36.620617,174.671590,2,True
esp32_device_001,2025-10-18T09:00:45+13:00,31.9,-36.620907,174.671692,2,False
esp32_device_001,2025-10-18T09:00:46.666667+13:00,32.7,-36.620951,174.671656,2,True
esp32_device_001,2025-10-18T09:00:48.333333+13:00,33.6,-36.621143,174.671695,2,True
esp32_device_001,2025-10-18T09:00:50+13:00,34.4,-36.621277,174.671814,2,False
esp32_device_001,2025-10-18T09:00:55+13:00,34.3,-36.621334,174.672119,2,False
esp32_device_001,2025-10-18T09:00:57.500000+13:00,34.1,-36.621173,174.672720,2,True
esp32_device_001,2025-10-18T09:01:00+13:00,34,-36.62114,174.67276,2,False
esp32_device_001,2025-10-18T09:01:01.250000+13:00,33.5,-36.621047,174.673094,2,True
esp32_device_001,2025-10-18T09:01:02.500000+13:00,33.1,-36.620965,174.673325,2,True
esp32_device_001,2025-10-18T09:01:03.750000+13:00,32.7,-36.620921,174.673458,2,True
esp32_device_001,2025-10-18T09:01:05+13:00,32.2,-36.620857,174.673645,2,False
esp32_device_001,2025-10-18T09:01:06.666667+13:00,30.7,-36.620797,174.673828,2,True
esp32_device_001,2025-10-18T09:01:08.333333+13:00,29.1,-36.620596,174.674284,2,True
esp32_device_001,2025-10-18T09:01:10+13:00,27.6,-36.620476,174.674515,2,False
esp32_device_001,2025-10-18T09:01:11.666667+13:00,25.2,-36.620317,174.674762,2,True
esp32_device_001,2025-10-18T09:01:13.333333+13:00,22.8,-36.620044,174.675173,2,True
esp32_device_001,2025-10-18T09:01:15+13:00,20.4,-36.619953,174.675369,2,False
esp32_device_001,2025-10-18T09:01:17.500000+13:00,20.0,-36.619803,174.675565,2,True
esp32_device_001,2025-10-18T09:01:20+13:00,19.7,-36.619423,174.676163,2,False
esp32_device_001,2025-10-18T09:01:21.666667+13:00,19.9,-36.619358,174.676238,2,True
esp32_device_001,2025-10-18T09:01:23.333333+13:00,20.1,-36.619140,174.676568,2,True
esp32_device_001,2025-10-18T09:01:25+13:00,20.3,-36.618919,174.67691,2,False
esp32_device_001,2025-10-18T09:01:26.666667+13:00,21.0,-36.618756,174.677121,2,True
esp32_device_001,2025-10-18T09:01:28.333333+13:00,21.8,-36.618620,174.677325,2,True
esp32_device_001,2025-10-18T09:01:30+13:00,22.5,-36.618385,174.677643,2,False
esp32_device_001,2025-10-18T09:01:32.500000+13:00,26.1,-36.618106,174.677945,2,True
esp32_device_001,2025-10-18T09:01:35+13:00,29.6,-36.617794,174.678329,2,False
esp32_device_001,2025-10-18T09:01:37.500000+13:00,33.5,-36.617258,174.678905,2,True
esp32_device_001,2025-10-18T09:01:40+13:00,37.4,-36.617229,174.67897,2,False
esp32_device_001,2025-10-18T09:01:41.666667+13:00,40.0,-36.617022,174.679173,2,True
esp32_device_001,2025-10-18T09:01:43.333333+13:00,42.7,-36.616776,174.679472,2,True
esp32_device_001,2025-10-18T09:01:45+13:00,45.3,-36.616673,174.679642,2,False
esp32_device_001,2025-10-18T09:01:46+13:00,46.5,-36.616646,174.679634,2,True
esp32_device_001,2025-10-18T09:01:47+13:00,47.7,-36.616520,174.679844,2,True
esp32_device_001,2025-10-18T09:01:48+13:00,48.9,-36.616411,174.680031,2,True
esp32_device_001,2025-10-18T09:01:49+13:00,50.1,-36.616287,174.680294,2,True
esp32_device_001,2025-10-18T09:01:50+13:00,51.3,-36.616226,174.680466,2,False
esp32_device_001,2025-10-18T09:01:51.250000+13:00,51.7,-36.616194,174.680508,2,True
esp32_device_001,2025-10-18T09:01:52.500000+13:00,52.0,-36.615976,174.681017,2,True
esp32_device_001,2025-10-18T09:01:53.750000+13:00,52.4,-36.615836,174.681356,2,True
esp32_device_001,2025-10-18T09:01:55+13:00,52.8,-36.61581,174.681396,2,False
esp32_device_001,2025-10-18T09:01:56.666667+13:00,53.7,-36.615795,174.681435,2,True
esp32_device_001,2025-10-18T09:01:58.333333+13:00,54.6,-36.615308,174.682247,2,True
esp32_device_001,2025-10-18T09:02:00+13:00,55.5,-36.615307,174.682266,2,False
esp32_device_001,2025-10-18T09:02:05+13:00,58.8,-36.614796,174.68306,2,False
esp32_device_001,2025-10-18T09:02:06.666667+13:00,59.6,-36.614786,174.683088,2,True
esp32_device_001,2025-10-18T09:02:08.333333+13:00,60.4,-36.614600,174.683381,2,True
esp32_device_001,2025-10-18T09:02:10+13:00,61.2,-36.61433,174.683792,2,False
esp32_device_001,2025-10-18T09:02:12.500000+13:00,61.9,-36.614143,174.684100,2,True
esp32_device_001,2025-10-18T09:02:15+13:00,62.6,-36.613941,174.684448,2,False
esp32_device_001,2025-10-18T09:02:16.250000+13:00,62.9,-36.613903,174.684491,2,True
esp32_device_001,2025-10-18T09:02:17.500000+13:00,63.2,-36.613796,174.684649,2,True
esp32_device_001,2025-10-18T09:02:18.750000+13:00,63.5,-36.613719,174.684762,2,True
esp32_device_001,2025-10-18T09:02:20+13:00,63.8,-36.61364,174.684875,2,False
esp32_device_001,2025-10-18T09:02:24.166667+13:00,64.5,-36.613486,174.685049,2,True
esp32_device_001,2025-10-18T09:02:28.333333+13:00,65.1,-36.613467,174.685073,2,True
esp32_device_001,2025-10-18T09:02:32.500000+13:00,65.8,-36.613417,174.685124,2,True
esp32_device_001,2025-10-18T09:02:36.666667+13:00,66.5,-36.613321,174.685197,2,True
esp32_device_001,2025-10-18T09:02:40.833333+13:00,67.1,-36.613380,174.685302,2,True
esp32_device_001,2025-10-18T09:02:45+13:00,67.8,-36.6134,174.685349,2,False
esp32_device_001,2025-10-18T09:02:46.250000+13:00,68.1,-36.613427,174.685384,2,True
esp32_device_001,2025-10-18T09:02:47.500000+13:00,68.3,-36.613494,174.685503,2,True
esp32_device_001,2025-10-18T09:02:48.750000+13:00,68.6,-36.613570,174.685649,2,True
esp32_device_001,2025-10-18T09:02:50+13:00,68.9,-36.613575,174.68576,2,False
esp32_device_001,2025-10-18T09:02:51.250000+13:00,69.6,-36.613629,174.685845,2,True
esp32_device_001,2025-10-18T09:02:52.500000+13:00,70.3,-36.613647,174.685948,2,True
esp32_device_001,2025-10-18T09:02:53.750000+13:00,71.0,-36.613661,174.686102,2,True
esp32_device_001,2025-10-18T09:02:55+13:00,71.7,-36.613625,174.686325,2,False
esp32_device_001,2025-10-18T09:02:56.666667+13:00,71.8,-36.613683,174.686689,2,True
esp32_device_001,2025-10-18T09:02:58.333333+13:00,71.8,-36.613679,174.686742,2,True
esp32_device_001,2025-10-18T09:03:00+13:00,71.9,-36.613609,174.686981,2,False
esp32_device_001,2025-10-18T09:03:01.250000+13:00,70.9,-36.613658,174.687117,2,True
esp32_device_001,2025-10-18T09:03:02.500000+13:00,70.0,-36.613660,174.687347,2,True
esp32_device_001,2025-10-18T09:03:03.750000+13:00,69.0,-36.613661,174.687576,2,True
esp32_device_001,2025-10-18T09:03:05+13:00,68,-36.613632,174.687714,2,False
esp32_device_001,2025-10-18T09:03:06.250000+13:00,67.0,-36.613682,174.687807,2,True
esp32_device_001,2025-10-18T09:03:07.500000+13:00,65.9,-36.613736,174.688139,2,True
esp32_device_001,2025-10-18T09:03:08.750000+13:00,64.8,-36.613779,174.688406,2,True
esp32_device_001,2025-10-18T09:03:10+13:00,63.8,-36.613754,174.688492,2,False
esp32_device_001,2025-10-18T09:03:11.250000+13:00,63.0,-36.613849,174.688854,2,True
esp32_device_001,2025-10-18T09:03:12.500000+13:00,62.3,-36.613880,174.689063,2,True
esp32_device_001,2025-10-18T09:03:13.750000+13:00,61.5,-36.613904,174.689269,2,True
esp32_device_001,2025-10-18T09:03:15+13:00,60.8,-36.613869,174.689285,2,False
esp32_device_001,2025-10-18T09:03:15.125000+13:00,60.8,-36.613910,174.689388,2,True
esp32_device_001,2025-10-18T09:03:15.250000+13:00,60.7,-36.613921,174.689568,2,True
esp32_device_001,2025-10-18T09:03:15.375000+13:00,60.7,-36.613919,174.689746,2,True
esp32_device_001,2025-10-18T09:03:15.500000+13:00,60.6,-36.613902,174.689968,2,True
esp32_device_001,2025-10-18T09:03:15.625000+13:00,60.6,-36.613867,174.690187,2,True
esp32_device_001,2025-10-18T09:03:15.750000+13:00,60.5,-36.613810,174.690152,2,True
esp32_device_001,2025-10-18T09:03:15.875000+13:00,60.5,-36.613786,174.690138,2,True
esp32_device_001,2025-10-18T09:03:16+13:00,60.5,-36.613331,174.689834,2,True
esp32_device_001,2025-10-18T09:03:16.125000+13:00,60.4,-36.613201,174.689743,2,True
esp32_device_001,2025-10-18T09:03:16.250000+13:00,60.4,-36.613139,174.689678,2,True
esp32_device_001,2025-10-18T09:03:16.375000+13:00,60.3,-36.613109,174.689633,2,True
esp32_device_001,2025-10-18T09:03:16.500000+13:00,60.3,-36.613083,174.689673,2,True
esp32_device_001,2025-10-18T09:03:16.625000+13:00,60.2,-36.613028,174.689758,2,True
esp32_device_001,2025-10-18T09:03:16.750000+13:00,60.2,-36.612996,174.689824,2,True
esp32_device_001,2025-10-18T09:03:16.875000+13:00,60.2,-36.612968,174.689819,2,True
esp32_device_001,2025-10-18T09:03:17+13:00,60.1,-36.612938,174.689848,2,True
esp32_device_001,2025-10-18T09:03:17.125000+13:00,60.1,-36.612927,174.689868,2,True
esp32_device_001,2025-10-18T09:03:17.250000+13:00,60.0,-36.612919,174.689895,2,True
esp32_device_001,2025-10-18T09:03:17.375000+13:00,60.0,-36.612909,174.690049,2,True
esp32_device_001,2025-10-18T09:03:17.500000+13:00,60.0,-36.612900,174.690128,2,True
esp32_device_001,2025-10-18T09:03:17.625000+13:00,59.9,-36.612900,174.690159,2,True
esp32_device_001,2025-10-18T09:03:17.750000+13:00,59.9,-36.612905,174.690178,2,True
esp32_device_001,2025-10-18T09:03:17.875000+13:00,59.8,-36.612915,174.690193,2,True
esp32_device_001,2025-10-18T09:03:18+13:00,59.8,-36.612932,174.690203,2,True
esp32_device_001,2025-10-18T09:03:18.125000+13:00,59.7,-36.612990,174.690217,2,True
esp32_device_001,2025-10-18T09:03:18.250000+13:00,59.7,-36.613014,174.690165,2,True
esp32_device_001,2025-10-18T09:03:18.375000+13:00,59.7,-36.613033,174.690055,2,True
esp32_device_001,2025-10-18T09:03:18.500000+13:00,59.6,-36.613045,174.689955,2,True
esp32_device_001,2025-10-18T09:03:18.625000+13:00,59.6,-36.613038,174.689898,2,True
esp32_device_001,2025-10-18T09:03:18.750000+13:00,59.5,-36.613016,174.689850,2,True
esp32_device_001,2025-10-18T09:03:18.875000+13:00,59.5,-36.612996,174.689824,2,True
esp32_device_001,2025-10-18T09:03:19+13:00,59.4,-36.613028,174.689758,2,True
esp32_device_001,2025-10-18T09:03:19.125000+13:00,59.4,-36.613083,174.689673,2,True
esp32_device_001,2025-10-18T09:03:19.250000+13:00,59.4,-36.613109,174.689633,2,True
esp32_device_001,2025-10-18T09:03:19.375000+13:00,59.3,-36.613139,174.689678,2,True
esp32_device_001,2025-10-18T09:03:19.500000+13:00,59.3,-36.613201,174.689743,2,True
esp32_device_001,2025-10-18T09:03:19.625000+13:00,59.2,-36.613331,174.689834,2,True
esp32_device_001,2025-10-18T09:03:19.750000+13:00,59.2,-36.613786,174.690138,2,True
esp32_device_001,2025-10-18T09:03:19.875000+13:00,59.1,-36.613810,174.690152,2,True
esp32_device_001,2025-10-18T09:03:20+13:00,59.1,-36.613831,174.69014,2,False
esp32_device_001,2025-10-18T09:03:20.833333+13:00,58.5,-36.613867,174.690187,2,True
esp32_device_001,2025-10-18T09:03:21.666667+13:00,58.0,-36.613813,174.690382,2,True
esp32_device_001,2025-10-18T09:03:22.500000+13:00,57.4,-36.613767,174.690512,2,True
esp32_device_001,2025-10-18T09:03:23.333333+13:00,56.8,-36.613718,174.690637,2,True
esp32_device_001,2025-10-18T09:03:24.166667+13:00,56.3,-36.613630,174.690817,2,True
esp32_device_001,2025-10-18T09:03:25+13:00,55.7,-36.613533,174.690903,2,False
esp32_device_001,2025-10-18T09:03:25.161290+13:00,55.5,-36.613543,174.690982,2,True
esp32_device_001,2025-10-18T09:03:25.322581+13:00,55.4,-36.613442,174.691149,2,True
esp32_device_001,2025-10-18T09:03:25.483871+13:00,55.2,-36.613386,174.691096,2,True
esp32_device_001,2025-10-18T09:03:25.645161+13:00,55.0,-36.613357,174.691075,2,True
esp32_device_001,2025-10-18T09:03:25.806452+13:00,54.8,-36.613306,174.691067,2,True
esp32_device_001,2025-10-18T09:03:25.967742+13:00,54.7,-36.613261,174.691079,2,True
esp32_device_001,2025-10-18T09:03:26.129032+13:00,54.5,-36.613205,174.691111,2,True
esp32_device_001,2025-10-18T09:03:26.290323+13:00,54.3,-36.613167,174.691135,2,True
esp32_device_001,2025-10-18T09:03:26.451613+13:00,54.2,-36.612885,174.691375,2,True
esp32_device_001,2025-10-18T09:03:26.612903+13:00,54.0,-36.612729,174.691519,2,True
esp32_device_001,2025-10-18T09:03:26.774194+13:00,53.8,-36.612690,174.691553,2,True
esp32_device_001,2025-10-18T09:03:26.935484+13:00,53.6,-36.612651,174.691612,2,True
esp32_device_001,2025-10-18T09:03:27.096774+13:00,53.5,-36.612623,174.691669,2,True
esp32_device_001,2025-10-18T09:03:27.258065+13:00,53.3,-36.612594,174.691744,2,True
esp32_device_001,2025-10-18T09:03:27.419355+13:00,53.1,-36.612576,174.691804,2,True
esp32_device_001,2025-10-18T09:03:27.580645+13:00,53.0,-36.612566,174.691857,2,True
esp32_device_001,2025-10-18T09:03:27.741935+13:00,52.8,-36.612563,174.691914,2,True
esp32_device_001,2025-10-18T09:03:27.903226+13:00,52.6,-36.612579,174.691993,2,True
esp32_device_001,2025-10-18T09:03:28.064516+13:00,52.5,-36.612596,174.692050,2,True
esp32_device_001,2025-10-18T09:03:28.225806+13:00,52.3,-36.612614,174.692104,2,True
esp32_device_001,2025-10-18T09:03:28.387097+13:00,52.1,-36.612649,174.692172,2,True
esp32_device_001,2025-10-18T09:03:28.548387+13:00,51.9,-36.612696,174.692245,2,True
esp32_device_001,2025-10-18T09:03:28.709677+13:00,51.8,-36.612761,174.692316,2,True
esp32_device_001,2025-10-18T09:03:28.870968+13:00,51.6,-36.612785,174.692336,2,True
esp32_device_001,2025-10-18T09:03:29.032258+13:00,51.4,-36.612815,174.692360,2,True
esp32_device_001,2025-10-18T09:03:29.193548+13:00,51.3,-36.612845,174.692381,2,True
esp32_device_001,2025-10-18T09:03:29.354839+13:00,51.1,-36.612892,174.692403,2,True
esp32_device_001,2025-10-18T09:03:29.516129+13:00,50.9,-36.612976,174.692123,2,True
esp32_device_001,2025-10-18T09:03:29.677419+13:00,50.7,-36.613039,174.691939,2,True
esp32_device_001,2025-10-18T09:03:29.838710+13:00,50.6,-36.613111,174.691759,2,True
esp32_device_001,2025-10-18T09:03:30+13:00,50.4,-36.613144,174.691589,2,False
esp32_device_001,2025-10-18T09:03:30.185185+13:00,50.0,-36.613201,174.691576,2,True
esp32_device_001,2025-10-18T09:03:30.370370+13:00,49.6,-36.613323,174.691353,2,True
esp32_device_001,2025-10-18T09:03:30.555556+13:00,49.3,-36.613442,174.691149,2,True
esp32_device_001,2025-10-18T09:03:30.740741+13:00,48.9,-36.613386,174.691096,2,True
esp32_device_001,2025-10-18T09:03:30.925926+13:00,48.5,-36.613357,174.691075,2,True
esp32_device_001,2025-10-18T09:03:31.111111+13:00,48.1,-36.613306,174.691067,2,True
esp32_device_001,2025-10-18T09:03:31.296296+13:00,47.8,-36.613261,174.691079,2,True
esp32_device_001,2025-10-18T09:03:31.481481+13:00,47.4,-36.613205,174.691111,2,True
esp32_device_001,2025-10-18T09:03:31.666667+13:00,47.0,-36.613167,174.691135,2,True
esp32_device_001,2025-10-18T09:03:31.851852+13:00,46.6,-36.612885,174.691375,2,True
esp32_device_001,2025-10-18T09:03:32.037037+13:00,46.2,-36.612729,174.691519,2,True
esp32_device_001,2025-10-18T09:03:32.222222+13:00,45.9,-36.612690,174.691553,2,True
esp32_device_001,2025-10-18T09:03:32.407407+13:00,45.5,-36.612651,174.691612,2,True
esp32_device_001,2025-10-18T09:03:32.592593+13:00,45.1,-36.612623,174.691669,2,True
esp32_device_001,2025-10-18T09:03:32.777778+13:00,44.7,-36.612594,174.691744,2,True
esp32_device_001,2025-10-18T09:03:32.962963+13:00,44.4,-36.612576,174.691804,2,True
esp32_device_001,2025-10-18T09:03:33.148148+13:00,44.0,-36.612566,174.691857,2,True
esp32_device_001,2025-10-18T09:03:33.333333+13:00,43.6,-36.612563,174.691914,2,True
esp32_device_001,2025-10-18T09:03:33.518519+13:00,43.2,-36.612579,174.691993,2,True
esp32_device_001,2025-10-18T09:03:33.703704+13:00,42.8,-36.612596,174.692050,2,True
esp32_device_001,2025-10-18T09:03:33.888889+13:00,42.5,-36.612614,174.692104,2,True
esp32_device_001,2025-10-18T09:03:34.074074+13:00,42.1,-36.612649,174.692172,2,True
esp32_device_001,2025-10-18T09:03:34.259259+13:00,41.7,-36.612696,174.692245,2,True
esp32_device_001,2025-10-18T09:03:34.444444+13:00,41.3,-36.612761,174.692316,2,True
esp32_device_001,2025-10-18T09:03:34.629630+13:00,41.0,-36.612785,174.692336,2,True
esp32_device_001,2025-10-18T09:03:34.814815+13:00,40.6,-36.612815,174.692360,2,True
esp32_device_001,2025-10-18T09:03:35+13:00,40.2,-36.612862,174.692322,2,False
esp32_device_001,2025-10-18T09:03:36.666667+13:00,39.1,-36.612892,174.692403,2,True
esp32_device_001,2025-10-18T09:03:38.333333+13:00,38.1,-36.612859,174.692530,2,True
esp32_device_001,2025-10-18T09:03:40+13:00,37,-36.612644,174.69313,2,False
esp32_device_001,2025-10-18T09:03:42.500000+13:00,36.6,-36.612511,174.693781,2,True
esp32_device_001,2025-10-18T09:03:45+13:00,36.2,-36.612427,174.693909,2,False
esp32_device_001,2025-10-18T09:03:46.666667+13:00,36.7,-36.612466,174.693951,2,True
esp32_device_001,2025-10-18T09:03:48.333333+13:00,37.2,-36.612349,174.694401,2,True
esp32_device_001,2025-10-18T09:03:50+13:00,37.7,-36.612225,174.694687,2,False
esp32_device_001,2025-10-18T09:03:52.500000+13:00,37.5,-36.612258,174.694747,2,True
esp32_device_001,2025-10-18T09:03:55+13:00,37.3,-36.612064,174.695496,2,False
esp32_device_001,2025-10-18T09:03:56+13:00,36.6,-36.611927,174.696452,2,True
esp32_device_001,2025-10-18T09:03:57+13:00,35.9,-36.611891,174.696446,2,True
esp32_device_001,2025-10-18T09:03:58+13:00,35.3,-36.611870,174.696423,2,True
esp32_device_001,2025-10-18T09:03:59+13:00,34.6,-36.611853,174.696360,2,True
esp32_device_001,2025-10-18T09:04:00+13:00,33.9,-36.611904,174.696304,2,False
esp32_device_001,2025-10-18T09:04:00.227273+13:00,33.8,-36.611856,174.696256,2,True
esp32_device_001,2025-10-18T09:04:00.454545+13:00,33.7,-36.611874,174.696036,2,True
esp32_device_001,2025-10-18T09:04:00.681818+13:00,33.6,-36.611902,174.695786,2,True
esp32_device_001,2025-10-18T09:04:00.909091+13:00,33.6,-36.611940,174.695534,2,True
esp32_device_001,2025-10-18T09:04:01.136364+13:00,33.5,-36.611981,174.695291,2,True
esp32_device_001,2025-10-18T09:04:01.363636+13:00,33.4,-36.612030,174.695072,2,True
esp32_device_001,2025-10-18T09:04:01.590909+13:00,33.3,-36.612064,174.694911,2,True
esp32_device_001,2025-10-18T09:04:01.818182+13:00,33.2,-36.612126,174.694719,2,True
esp32_device_001,2025-10-18T09:04:02.045455+13:00,33.1,-36.612189,174.694505,2,True
esp32_device_001,2025-10-18T09:04:02.272727+13:00,33.0,-36.612245,174.694311,2,True
esp32_device_001,2025-10-18T09:04:02.500000+13:00,33.0,-36.612332,174.694033,2,True
esp32_device_001,2025-10-18T09:04:02.727273+13:00,32.9,-36.612420,174.693726,2,True
esp32_device_001,2025-10-18T09:04:02.954545+13:00,32.8,-36.612463,174.693754,2,True
esp32_device_001,2025-10-18T09:04:03.181818+13:00,32.7,-36.612511,174.693781,2,True
esp32_device_001,2025-10-18T09:04:03.409091+13:00,32.6,-36.612466,174.693951,2,True
esp32_device_001,2025-10-18T09:04:03.636364+13:00,32.5,-36.612349,174.694401,2,True
esp32_device_001,2025-10-18T09:04:03.863636+13:00,32.4,-36.612258,174.694747,2,True
esp32_device_001,2025-10-18T09:04:04.090909+13:00,32.3,-36.612110,174.695512,2,True
esp32_device_001,2025-10-18T09:04:04.318182+13:00,32.3,-36.611927,174.696452,2,True
esp32_device_001,2025-10-18T09:04:04.545455+13:00,32.2,-36.611904,174.696568,2,True
esp32_device_001,2025-10-18T09:04:04.772727+13:00,32.1,-36.611802,174.697124,2,True
esp32_device_001,2025-10-18T09:04:05+13:00,32,-36.611744,174.697174,2,False
esp32_device_001,2025-10-18T09:04:07.500000+13:00,33.5,-36.611681,174.697836,2,True
esp32_device_001,2025-10-18T09:04:10+13:00,34.9,-36.611599,174.698029,2,False
esp32_device_001,2025-10-18T09:04:15+13:00,39.1,-36.611473,174.698761,2,False
esp32_device_001,2025-10-18T09:04:17.500000+13:00,41.3,-36.611414,174.699424,2,True
esp32_device_001,2025-10-18T09:04:20+13:00,43.5,-36.611336,174.69957,2,False
esp32_device_001,2025-10-18T09:04:25+13:00,44.2,-36.611198,174.700409,2,False
esp32_device_001,2025-10-18T09:04:26.666667+13:00,44.3,-36.611261,174.700444,2,True
esp32_device_001,2025-10-18T09:04:28.333333+13:00,44.5,-36.611177,174.700986,2,True
esp32_device_001,2025-10-18T09:04:30+13:00,44.6,-36.611076,174.701126,2,False
esp32_device_001,2025-10-18T09:04:35+13:00,45.2,-36.611012,174.701431,2,False
esp32_device_001,2025-10-18T09:04:36.250000+13:00,45.6,-36.611072,174.701515,2,True
esp32_device_001,2025-10-18T09:04:37.500000+13:00,46.0,-36.611028,174.701684,2,True
esp32_device_001,2025-10-18T09:04:38.750000+13:00,46.4,-36.610983,174.701816,2,True
esp32_device_001,2025-10-18T09:04:40+13:00,46.8,-36.610897,174.701797,2,False
esp32_device_001,2025-10-18T09:04:40.192308+13:00,47.0,-36.610866,174.701785,2,True
esp32_device_001,2025-10-18T09:04:40.384615+13:00,47.1,-36.610502,174.701687,2,True
esp32_device_001,2025-10-18T09:04:40.576923+13:00,47.3,-36.610376,174.701616,2,True
esp32_device_001,2025-10-18T09:04:40.769231+13:00,47.4,-36.610349,174.701717,2,True
esp32_device_001,2025-10-18T09:04:40.961538+13:00,47.6,-36.610331,174.701772,2,True
esp32_device_001,2025-10-18T09:04:41.153846+13:00,47.7,-36.610306,174.701856,2,True
esp32_device_001,2025-10-18T09:04:41.346154+13:00,47.9,-36.610277,174.702093,2,True
esp32_device_001,2025-10-18T09:04:41.538462+13:00,48.0,-36.610256,174.702206,2,True
esp32_device_001,2025-10-18T09:04:41.730769+13:00,48.2,-36.610236,174.702261,2,True
esp32_device_001,2025-10-18T09:04:41.923077+13:00,48.3,-36.610209,174.702355,2,True
esp32_device_001,2025-10-18T09:04:42.115385+13:00,48.5,-36.610123,174.702643,2,True
esp32_device_001,2025-10-18T09:04:42.307692+13:00,48.6,-36.610209,174.702355,2,True
esp32_device_001,2025-10-18T09:04:42.500000+13:00,48.8,-36.610236,174.702261,2,True
esp32_device_001,2025-10-18T09:04:42.692308+13:00,49.0,-36.610256,174.702206,2,True
esp32_device_001,2025-10-18T09:04:42.884615+13:00,49.1,-36.610277,174.702093,2,True
esp32_device_001,2025-10-18T09:04:43.076923+13:00,49.3,-36.610306,174.701856,2,True
esp32_device_001,2025-10-18T09:04:43.269231+13:00,49.4,-36.610331,174.701772,2,True
esp32_device_001,2025-10-18T09:04:43.461538+13:00,49.6,-36.610349,174.701717,2,True
esp32_device_001,2025-10-18T09:04:43.653846+13:00,49.7,-36.610376,174.701616,2,True
esp32_device_001,2025-10-18T09:04:43.846154+13:00,49.9,-36.610502,174.701687,2,True
esp32_device_001,2025-10-18T09:04:44.038462+13:00,50.0,-36.610732,174.701912,2,True
esp32_device_001,2025-10-18T09:04:44.230769+13:00,50.2,-36.610768,174.701983,2,True
esp32_device_001,2025-10-18T09:04:44.423077+13:00,50.3,-36.610796,174.702059,2,True
esp32_device_001,2025-10-18T09:04:44.615385+13:00,50.5,-36.610844,174.702209,2,True
esp32_device_001,2025-10-18T09:04:44.807692+13:00,50.6,-36.610772,174.702399,2,True
esp32_device_001,2025-10-18T09:04:45+13:00,50.8,-36.610661,174.702423,2,False
esp32_device_001,2025-10-18T09:04:47.500000+13:00,52.1,-36.610513,174.703087,2,True
esp32_device_001,2025-10-18T09:04:50+13:00,53.4,-36.610401,174.703125,2,False
esp32_device_001,2025-10-18T09:04:50.833333+13:00,53.7,-36.610455,174.703246,2,True
esp32_device_001,2025-10-18T09:04:51.666667+13:00,54.0,-36.610417,174.703404,2,True
esp32_device_001,2025-10-18T09:04:52.500000+13:00,54.3,-36.610393,174.703523,2,True
esp32_device_001,2025-10-18T09:04:53.333333+13:00,54.6,-36.610377,174.703657,2,True
esp32_device_001,2025-10-18T09:04:54.166667+13:00,54.9,-36.610369,174.703761,2,True
esp32_device_001,2025-10-18T09:04:55+13:00,55.2,-36.610302,174.703827,2,False
esp32_device_001,2025-10-18T09:04:56.250000+13:00,55.2,-36.610380,174.703930,2,True
esp32_device_001,2025-10-18T09:04:57.500000+13:00,55.2,-36.610407,174.704125,2,True
esp32_device_001,2025-10-18T09:04:58.750000+13:00,55.3,-36.610461,174.704336,2,True
esp32_device_001,2025-10-18T09:05:00+13:00,55.3,-36.610443,174.704544,2,False
esp32_device_001,2025-10-18T09:05:02.500000+13:00,56.5,-36.610695,174.705137,2,True
esp32_device_001,2025-10-18T09:05:05+13:00,57.8,-36.610668,174.705261,2,False
esp32_device_001,2025-10-18T09:05:06+13:00,57.7,-36.610783,174.705385,2,True
esp32_device_001,2025-10-18T09:05:07+13:00,57.6,-36.610838,174.705502,2,True
esp32_device_001,2025-10-18T09:05:08+13:00,57.4,-36.610876,174.705580,2,True
esp32_device_001,2025-10-18T09:05:09+13:00,57.3,-36.610967,174.705726,2,True
esp32_device_001,2025-10-18T09:05:10+13:00,57.2,-36.611023,174.705963,2,False
esp32_device_001,2025-10-18T09:05:11+13:00,57.1,-36.611132,174.705994,2,True
esp32_device_001,2025-10-18T09:05:12+13:00,57.1,-36.611256,174.706179,2,True
esp32_device_001,2025-10-18T09:05:13+13:00,57.0,-36.611385,174.706409,2,True
esp32_device_001,2025-10-18T09:05:14+13:00,57.0,-36.611454,174.706561,2,True
esp32_device_001,2025-10-18T09:05:15+13:00,56.9,-36.611404,174.70665,2,False
esp32_device_001,2025-10-18T09:05:15.714286+13:00,57.2,-36.611496,174.706673,2,True
esp32_device_001,2025-10-18T09:05:16.428571+13:00,57.6,-36.611523,174.706775,2,True
esp32_device_001,2025-10-18T09:05:17.142857+13:00,57.9,-36.611566,174.706984,2,True
esp32_device_001,2025-10-18T09:05:17.857143+13:00,58.2,-36.611569,174.707232,2,True
esp32_device_001,2025-10-18T09:05:18.571429+13:00,58.5,-36.611563,174.707333,2,True
esp32_device_001,2025-10-18T09:05:19.285714+13:00,58.9,-36.611551,174.707450,2,True
esp32_device_001,2025-10-18T09:05:20+13:00,59.2,-36.611481,174.707458,2,False
esp32_device_001,2025-10-18T09:05:22.500000+13:00,61.4,-36.611504,174.707688,2,True
esp32_device_001,2025-10-18T09:05:25+13:00,63.6,-36.611324,174.708206,2,False
esp32_device_001,2025-10-18T09:05:26.250000+13:00,65.0,-36.611323,174.708528,2,True
esp32_device_001,2025-10-18T09:05:27.500000+13:00,66.4,-36.611301,174.708629,2,True
esp32_device_001,2025-10-18T09:05:28.750000+13:00,67.8,-36.611262,174.708807,2,True
esp32_device_001,2025-10-18T09:05:30+13:00,69.2,-36.611145,174.709045,2,False
esp32_device_001,2025-10-18T09:05:31.666667+13:00,71.0,-36.611178,174.709198,2,True
esp32_device_001,2025-10-18T09:05:33.333333+13:00,72.8,-36.611056,174.709764,2,True
esp32_device_001,2025-10-18T09:05:35+13:00,74.6,-36.61097,174.709854,2,False
esp32_device_001,2025-10-18T09:05:35.714286+13:00,74.8,-36.611018,174.709977,2,True
esp32_device_001,2025-10-18T09:05:36.428571+13:00,75.0,-36.611003,174.710078,2,True
esp32_device_001,2025-10-18T09:05:37.142857+13:00,75.2,-36.610995,174.710182,2,True
esp32_device_001,2025-10-18T09:05:37.857143+13:00,75.4,-36.610998,174.710286,2,True
esp32_device_001,2025-10-18T09:05:38.571429+13:00,75.6,-36.611012,174.710397,2,True
esp32_device_001,2025-10-18T09:05:39.285714+13:00,75.8,-36.611032,174.710507,2,True
esp32_device_001,2025-10-18T09:05:40+13:00,76,-36.610973,174.710556,2,False
esp32_device_001,2025-10-18T09:05:41.250000+13:00,75.3,-36.611065,174.710624,2,True
esp32_device_001,2025-10-18T09:05:42.500000+13:00,74.7,-36.611108,174.710736,2,True
esp32_device_001,2025-10-18T09:05:43.750000+13:00,74.0,-36.611162,174.710841,2,True
esp32_device_001,2025-10-18T09:05:45+13:00,73.3,-36.611309,174.711182,2,False
esp32_device_001,2025-10-18T09:05:50+13:00,69.1,-36.611748,174.711853,2,False
esp32_device_001,2025-10-18T09:05:52.500000+13:00,67.5,-36.611885,174.711921,2,True
esp32_device_001,2025-10-18T09:05:55+13:00,66,-36.612198,174.712555,2,False
esp32_device_001,2025-10-18T09:05:55.128205+13:00,65.9,-36.612417,174.712766,2,True
esp32_device_001,2025-10-18T09:05:55.256410+13:00,65.9,-36.612567,174.712976,2,True
esp32_device_001,2025-10-18T09:05:55.384615+13:00,65.8,-36.612661,174.713075,2,True
esp32_device_001,2025-10-18T09:05:55.512821+13:00,65.7,-36.612610,174.713163,2,True
esp32_device_001,2025-10-18T09:05:55.641026+13:00,65.7,-36.612592,174.713199,2,True
esp32_device_001,2025-10-18T09:05:55.769231+13:00,65.6,-36.612280,174.713836,2,True
esp32_device_001,2025-10-18T09:05:55.897436+13:00,65.6,-36.612193,174.714012,2,True
esp32_device_001,2025-10-18T09:05:56.025641+13:00,65.5,-36.612161,174.714064,2,True
esp32_device_001,2025-10-18T09:05:56.153846+13:00,65.4,-36.612130,174.714108,2,True
esp32_device_001,2025-10-18T09:05:56.282051+13:00,65.4,-36.612084,174.714156,2,True
esp32_device_001,2025-10-18T09:05:56.410256+13:00,65.3,-36.612048,174.714177,2,True
esp32_device_001,2025-10-18T09:05:56.538462+13:00,65.2,-36.611997,174.714206,2,True
esp32_device_001,2025-10-18T09:05:56.666667+13:00,65.2,-36.611946,174.714226,2,True
esp32_device_001,2025-10-18T09:05:56.794872+13:00,65.1,-36.611880,174.714239,2,True
esp32_device_001,2025-10-18T09:05:56.923077+13:00,65.0,-36.611823,174.714244,2,True
esp32_device_001,2025-10-18T09:05:57.051282+13:00,65.0,-36.611769,174.714242,2,True
esp32_device_001,2025-10-18T09:05:57.179487+13:00,64.9,-36.611745,174.714240,2,True
esp32_device_001,2025-10-18T09:05:57.307692+13:00,64.8,-36.611717,174.714236,2,True
esp32_device_001,2025-10-18T09:05:57.435897+13:00,64.8,-36.611693,174.714287,2,True
esp32_device_001,2025-10-18T09:05:57.564103+13:00,64.7,-36.611672,174.714332,2,True
esp32_device_001,2025-10-18T09:05:57.692308+13:00,64.7,-36.611303,174.715076,2,True
esp32_device_001,2025-10-18T09:05:57.820513+13:00,64.6,-36.611672,174.714332,2,True
esp32_device_001,2025-10-18T09:05:57.948718+13:00,64.5,-36.611693,174.714287,2,True
esp32_device_001,2025-10-18T09:05:58.076923+13:00,64.5,-36.611717,174.714236,2,True
esp32_device_001,2025-10-18T09:05:58.205128+13:00,64.4,-36.611745,174.714240,2,True
esp32_device_001,2025-10-18T09:05:58.333333+13:00,64.3,-36.611769,174.714242,2,True
esp32_device_001,2025-10-18T09:05:58.461538+13:00,64.3,-36.611823,174.714244,2,True
esp32_device_001,2025-10-18T09:05:58.589744+13:00,64.2,-36.611880,174.714239,2,True
esp32_device_001,2025-10-18T09:05:58.717949+13:00,64.1,-36.611946,174.714226,2,True
esp32_device_001,2025-10-18T09:05:58.846154+13:00,64.1,-36.611997,174.714206,2,True
esp32_device_001,2025-10-18T09:05:58.974359+13:00,64.0,-36.612048,174.714177,2,True
esp32_device_001,2025-10-18T09:05:59.102564+13:00,63.9,-36.612084,174.714156,2,True
esp32_device_001,2025-10-18T09:05:59.230769+13:00,63.9,-36.612130,174.714108,2,True
esp32_device_001,2025-10-18T09:05:59.358974+13:00,63.8,-36.612161,174.714064,2,True
esp32_device_001,2025-10-18T09:05:59.487179+13:00,63.8,-36.612193,174.714012,2,True
esp32_device_001,2025-10-18T09:05:59.615385+13:00,63.7,-36.612280,174.713836,2,True
esp32_device_001,2025-10-18T09:05:59.743590+13:00,63.6,-36.612592,174.713199,2,True
esp32_device_001,2025-10-18T09:05:59.871795+13:00,63.6,-36.612610,174.713163,2,True
esp32_device_001,2025-10-18T09:06:00+13:00,63.5,-36.612598,174.71312,2,False
esp32_device_001,2025-10-18T09:06:01+13:00,63.3,-36.612661,174.713075,2,True
esp32_device_001,2025-10-18T09:06:02+13:00,63.1,-36.612731,174.713130,2,True
esp32_device_001,2025-10-18T09:06:03+13:00,62.9,-36.612804,174.713180,2,True
esp32_device_001,2025-10-18T09:06:04+13:00,62.7,-36.612900,174.713235,2,True
esp32_device_001,2025-10-18T09:06:05+13:00,62.5,-36.612888,174.713318,2,False
esp32_device_001,2025-10-18T09:06:10+13:00,62.5,-36.613018,174.713379,2,False
esp32_device_001,2025-10-18T09:06:11.666667+13:00,62.4,-36.613097,174.713312,2,True
esp32_device_001,2025-10-18T09:06:13.333333+13:00,62.2,-36.613207,174.713336,2,True
esp32_device_001,2025-10-18T09:06:15+13:00,62.1,-36.6133,174.713425,2,False
esp32_device_001,2025-10-18T09:06:16+13:00,61.6,-36.613331,174.713345,2,True
esp32_device_001,2025-10-18T09:06:17+13:00,61.1,-36.613463,174.713334,2,True
esp32_device_001,2025-10-18T09:06:18+13:00,60.5,-36.613576,174.713317,2,True
esp32_device_001,2025-10-18T09:06:19+13:00,60.0,-36.613677,174.713301,2,True
esp32_device_001,2025-10-18T09:06:20+13:00,59.5,-36.613808,174.713348,2,False
esp32_device_001,2025-10-18T09:06:21+13:00,59.2,-36.613845,174.713272,2,True
esp32_device_001,2025-10-18T09:06:22+13:00,58.9,-36.613865,174.713268,2,True
esp32_device_001,2025-10-18T09:06:23+13:00,58.5,-36.614072,174.713225,2,True
esp32_device_001,2025-10-18T09:06:24+13:00,58.2,-36.614316,174.713193,2,True
esp32_device_001,2025-10-18T09:06:25+13:00,57.9,-36.614365,174.713257,2,False
esp32_device_001,2025-10-18T09:06:26.250000+13:00,57.7,-36.614533,174.713175,2,True
esp32_device_001,2025-10-18T09:06:27.500000+13:00,57.5,-36.614714,174.713182,2,True
esp32_device_001,2025-10-18T09:06:28.750000+13:00,57.3,-36.614812,174.713186,2,True
esp32_device_001,2025-10-18T09:06:30+13:00,57.1,-36.614899,174.713257,2,False
esp32_device_001,2025-10-18T09:06:31.666667+13:00,56.5,-36.615024,174.713205,2,True
esp32_device_001,2025-10-18T09:06:33.333333+13:00,55.9,-36.615205,174.713235,2,True
esp32_device_001,2025-10-18T09:06:35+13:00,55.3,-36.61541,174.713348,2,False
esp32_device_001,2025-10-18T09:06:37.500000+13:00,54.7,-36.615682,174.713390,2,True
esp32_device_001,2025-10-18T09:06:40+13:00,54.1,-36.615879,174.713531,2,False
esp32_device_001,2025-10-18T09:06:41.666667+13:00,53.4,-36.615917,174.713500,2,True
esp32_device_001,2025-10-18T09:06:43.333333+13:00,52.8,-36.616150,174.713625,2,True
esp32_device_001,2025-10-18T09:06:45+13:00,52.1,-36.61631,174.71376,2,False
esp32_device_001,2025-10-18T09:06:50+13:00,50.1,-36.61676,174.714005,2,False
esp32_device_001,2025-10-18T09:06:55+13:00,48.8,-36.617226,174.714264,2,False
esp32_device_001,2025-10-18T09:06:56.250000+13:00,48.4,-36.617427,174.714325,2,True
esp32_device_001,2025-10-18T09:06:57.500000+13:00,48.1,-36.617522,174.714381,2,True
esp32_device_001,2025-10-18T09:06:58.750000+13:00,47.8,-36.617592,174.714426,2,True
esp32_device_001,2025-10-18T09:07:00+13:00,47.4,-36.617691,174.714554,2,False
esp32_device_001,2025-10-18T09:07:01+13:00,47.3,-36.617732,174.714529,2,True
esp32_device_001,2025-10-18T09:07:02+13:00,47.1,-36.617846,174.714630,2,True
esp32_device_001,2025-10-18T09:07:03+13:00,47.0,-36.617952,174.714729,2,True
esp32_device_001,2025-10-18T09:07:04+13:00,46.8,-36.618079,174.714872,2,True
esp32_device_001,2025-10-18T09:07:05+13:00,46.7,-36.618134,174.715012,2,False
esp32_device_001,2025-10-18T09:07:06.250000+13:00,47.0,-36.618207,174.715029,2,True
esp32_device_001,2025-10-18T09:07:07.500000+13:00,47.3,-36.618328,174.715210,2,True
esp32_device_001,2025-10-18T09:07:08.750000+13:00,47.6,-36.618478,174.715468,2,True
esp32_device_001,2025-10-18T09:07:10+13:00,47.9,-36.618534,174.715652,2,False
esp32_device_001,2025-10-18T09:07:11.250000+13:00,48.2,-36.618700,174.715862,2,True
esp32_device_001,2025-10-18T09:07:12.500000+13:00,48.5,-36.618804,174.716033,2,True
esp32_device_001,2025-10-18T09:07:13.750000+13:00,48.9,-36.618904,174.716179,2,True
esp32_device_001,2025-10-18T09:07:15+13:00,49.2,-36.618935,174.716278,2,False
esp32_device_001,2025-10-18T09:07:16.666667+13:00,49.6,-36.619184,174.716495,2,True
esp32_device_001,2025-10-18T09:07:18.333333+13:00,50.1,-36.619356,174.716638,2,True
esp32_device_001,2025-10-18T09:07:20+13:00,50.5,-36.619404,174.716721,2,False
esp32_device_001,2025-10-18T09:07:21.666667+13:00,49.7,-36.619502,174.716736,2,True
esp32_device_001,2025-10-18T09:07:23.333333+13:00,49.0,-36.619537,174.716760,2,True
esp32_device_001,2025-10-18T09:07:25+13:00,48.2,-36.619984,174.71701,2,False
esp32_device_001,2025-10-18T09:07:27.500000+13:00,47.3,-36.620550,174.717250,2,True
esp32_device_001,2025-10-18T09:07:30+13:00,46.4,-36.62056,174.717316,2,False
esp32_device_001,2025-10-18T09:07:30.714286+13:00,46.6,-36.620642,174.717310,2,True
esp32_device_001,2025-10-18T09:07:31.428571+13:00,46.8,-36.620733,174.717374,2,True
esp32_device_001,2025-10-18T09:07:32.142857+13:00,47.0,-36.620858,174.717482,2,True
esp32_device_001,2025-10-18T09:07:32.857143+13:00,47.1,-36.620980,174.717600,2,True
esp32_device_001,2025-10-18T09:07:33.571429+13:00,47.3,-36.621042,174.717661,2,True
esp32_device_001,2025-10-18T09:07:34.285714+13:00,47.5,-36.621097,174.717723,2,True
esp32_device_001,2025-10-18T09:07:35+13:00,47.7,-36.621071,174.717773,2,False
esp32_device_001,2025-10-18T09:07:36.250000+13:00,48.6,-36.621158,174.717815,2,True
esp32_device_001,2025-10-18T09:07:37.500000+13:00,49.5,-36.621220,174.717905,2,True
esp32_device_001,2025-10-18T09:07:38.750000+13:00,50.3,-36.621381,174.718171,2,True
esp32_device_001,2025-10-18T09:07:40+13:00,51.2,-36.621433,174.718369,2,False
esp32_device_001,2025-10-18T09:07:41.666667+13:00,52.7,-36.621711,174.718794,2,True
esp32_device_001,2025-10-18T09:07:43.333333+13:00,54.3,-36.621741,174.718848,2,True
esp32_device_001,2025-10-18T09:07:45+13:00,55.8,-36.621761,174.718964,2,False
esp32_device_001,2025-10-18T09:07:46.250000+13:00,57.0,-36.621889,174.719111,2,True
esp32_device_001,2025-10-18T09:07:47.500000+13:00,58.2,-36.622020,174.719349,2,True
esp32_device_001,2025-10-18T09:07:48.750000+13:00,59.5,-36.622098,174.719468,2,True
esp32_device_001,2025-10-18T09:07:50+13:00,60.7,-36.622135,174.719574,2,False
esp32_device_001,2025-10-18T09:07:51.250000+13:00,61.7,-36.622205,174.719602,2,True
esp32_device_001,2025-10-18T09:07:52.500000+13:00,62.7,-36.622316,174.719727,2,True
esp32_device_001,2025-10-18T09:07:53.750000+13:00,63.7,-36.622472,174.719856,2,True
esp32_device_001,2025-10-18T09:07:55+13:00,64.7,-36.622555,174.719971,2,False
esp32_device_001,2025-10-18T09:07:56.250000+13:00,65.5,-36.622645,174.719974,2,True
esp32_device_001,2025-10-18T09:07:57.500000+13:00,66.2,-36.622807,174.720055,2,True
esp32_device_001,2025-10-18T09:07:58.750000+13:00,67.0,-36.622960,174.720123,2,True
esp32_device_001,2025-10-18T09:08:00+13:00,67.7,-36.623016,174.720184,2,False
esp32_device_001,2025-10-18T09:08:01.250000+13:00,68.3,-36.623180,174.720217,2,True
esp32_device_001,2025-10-18T09:08:02.500000+13:00,68.9,-36.623326,174.720297,2,True
esp32_device_001,2025-10-18T09:08:03.750000+13:00,69.5,-36.623394,174.720349,2,True
esp32_device_001,2025-10-18T09:08:05+13:00,70.1,-36.62344,174.720444,2,False
esp32_device_001,2025-10-18T09:08:06.250000+13:00,70.9,-36.623539,174.720494,2,True
esp32_device_001,2025-10-18T09:08:07.500000+13:00,71.7,-36.623613,174.720602,2,True
esp32_device_001,2025-10-18T09:08:08.750000+13:00,72.5,-36.623660,174.720679,2,True
esp32_device_001,2025-10-18T09:08:10+13:00,73.3,-36.623737,174.720963,2,False
esp32_device_001,2025-10-18T09:08:11.250000+13:00,74.3,-36.623832,174.721112,2,True
esp32_device_001,2025-10-18T09:08:12.500000+13:00,75.2,-36.623910,174.721323,2,True
esp32_device_001,2025-10-18T09:08:13.750000+13:00,76.2,-36.623964,174.721449,2,True
esp32_device_001,2025-10-18T09:08:15+13:00,77.2,-36.623955,174.721497,2,False
esp32_device_001,2025-10-18T09:08:16+13:00,77.7,-36.624034,174.721567,2,True
esp32_device_001,2025-10-18T09:08:17+13:00,78.2,-36.624129,174.721706,2,True
esp32_device_001,2025-10-18T09:08:18+13:00,78.6,-36.624165,174.721756,2,True
esp32_device_001,2025-10-18T09:08:19+13:00,79.1,-36.624272,174.721903,2,True
esp32_device_001,2025-10-18T09:08:20+13:00,79.6,-36.624264,174.721954,2,False
esp32_device_001,2025-10-18T09:08:20.098039+13:00,79.7,-36.624227,174.721950,2,True
esp32_device_001,2025-10-18T09:08:20.196078+13:00,79.7,-36.624183,174.722000,2,True
esp32_device_001,2025-10-18T09:08:20.294118+13:00,79.8,-36.623732,174.722512,2,True
esp32_device_001,2025-10-18T09:08:20.392157+13:00,79.8,-36.623668,174.722597,2,True
esp32_device_001,2025-10-18T09:08:20.490196+13:00,79.9,-36.623622,174.722707,2,True
esp32_device_001,2025-10-18T09:08:20.588235+13:00,80.0,-36.623616,174.722787,2,True
esp32_device_001,2025-10-18T09:08:20.686275+13:00,80.0,-36.623622,174.722872,2,True
esp32_device_001,2025-10-18T09:08:20.784314+13:00,80.1,-36.623637,174.722969,2,True
esp32_device_001,2025-10-18T09:08:20.882353+13:00,80.1,-36.623661,174.723185,2,True
esp32_device_001,2025-10-18T09:08:20.980392+13:00,80.2,-36.623657,174.723310,2,True
esp32_device_001,2025-10-18T09:08:21.078431+13:00,80.2,-36.623635,174.723408,2,True
esp32_device_001,2025-10-18T09:08:21.176471+13:00,80.3,-36.623592,174.723528,2,True
esp32_device_001,2025-10-18T09:08:21.274510+13:00,80.4,-36.623557,174.723592,2,True
esp32_device_001,2025-10-18T09:08:21.372549+13:00,80.4,-36.623519,174.723648,2,True
esp32_device_001,2025-10-18T09:08:21.470588+13:00,80.5,-36.623461,174.723728,2,True
esp32_device_001,2025-10-18T09:08:21.568627+13:00,80.5,-36.623451,174.723738,2,True
esp32_device_001,2025-10-18T09:08:21.666667+13:00,80.6,-36.623408,174.723786,2,True
esp32_device_001,2025-10-18T09:08:21.764706+13:00,80.7,-36.623322,174.723860,2,True
esp32_device_001,2025-10-18T09:08:21.862745+13:00,80.7,-36.622361,174.724753,2,True
esp32_device_001,2025-10-18T09:08:21.960784+13:00,80.8,-36.622381,174.724785,2,True
esp32_device_001,2025-10-18T09:08:22.058824+13:00,80.8,-36.622434,174.724869,2,True
esp32_device_001,2025-10-18T09:08:22.156863+13:00,80.9,-36.622741,174.725360,2,True
esp32_device_001,2025-10-18T09:08:22.254902+13:00,81.0,-36.622822,174.725305,2,True
esp32_device_001,2025-10-18T09:08:22.352941+13:00,81.0,-36.623644,174.724751,2,True
esp32_device_001,2025-10-18T09:08:22.450980+13:00,81.1,-36.623777,174.724609,2,True
esp32_device_001,2025-10-18T09:08:22.549020+13:00,81.1,-36.623718,174.724512,2,True
esp32_device_001,2025-10-18T09:08:22.647059+13:00,81.2,-36.623367,174.723934,2,True
esp32_device_001,2025-10-18T09:08:22.745098+13:00,81.2,-36.623322,174.723860,2,True
esp32_device_001,2025-10-18T09:08:22.843137+13:00,81.3,-36.623408,174.723786,2,True
esp32_device_001,2025-10-18T09:08:22.941176+13:00,81.4,-36.623451,174.723738,2,True
esp32_device_001,2025-10-18T09:08:23.039216+13:00,81.4,-36.623461,174.723728,2,True
esp32_device_001,2025-10-18T09:08:23.137255+13:00,81.5,-36.623519,174.723648,2,True
esp32_device_001,2025-10-18T09:08:23.235294+13:00,81.5,-36.623557,174.723592,2,True
esp32_device_001,2025-10-18T09:08:23.333333+13:00,81.6,-36.623592,174.723528,2,True
esp32_device_001,2025-10-18T09:08:23.431373+13:00,81.7,-36.623635,174.723408,2,True
esp32_device_001,2025-10-18T09:08:23.529412+13:00,81.7,-36.623657,174.723310,2,True
esp32_device_001,2025-10-18T09:08:23.627451+13:00,81.8,-36.623661,174.723185,2,True
esp32_device_001,2025-10-18T09:08:23.725490+13:00,81.8,-36.623637,174.722969,2,True
esp32_device_001,2025-10-18T09:08:23.823529+13:00,81.9,-36.623622,174.722872,2,True
esp32_device_001,2025-10-18T09:08:23.921569+13:00,82.0,-36.623616,174.722787,2,True
esp32_device_001,2025-10-18T09:08:24.019608+13:00,82.0,-36.623622,174.722707,2,True
esp32_device_001,2025-10-18T09:08:24.117647+13:00,82.1,-36.623668,174.722597,2,True
esp32_device_001,2025-10-18T09:08:24.215686+13:00,82.1,-36.623732,174.722512,2,True
esp32_device_001,2025-10-18T09:08:24.313725+13:00,82.2,-36.624183,174.722000,2,True
esp32_device_001,2025-10-18T09:08:24.411765+13:00,82.2,-36.624227,174.721950,2,True
esp32_device_001,2025-10-18T09:08:24.509804+13:00,82.3,-36.624272,174.721903,2,True
esp32_device_001,2025-10-18T09:08:24.607843+13:00,82.4,-36.624391,174.722066,2,True
esp32_device_001,2025-10-18T09:08:24.705882+13:00,82.4,-36.624456,174.722148,2,True
esp32_device_001,2025-10-18T09:08:24.803922+13:00,82.5,-36.624535,174.722222,2,True
esp32_device_001,2025-10-18T09:08:24.901961+13:00,82.5,-36.624618,174.722276,2,True
esp32_device_001,2025-10-18T09:08:25+13:00,82.6,-36.624649,174.722321,2,False
esp32_device_001,2025-10-18T09:08:26+13:00,82.5,-36.624705,174.722312,2,True
esp32_device_001,2025-10-18T09:08:27+13:00,82.4,-36.624780,174.722324,2,True
esp32_device_001,2025-10-18T09:08:28+13:00,82.3,-36.624892,174.722327,2,True
esp32_device_001,2025-10-18T09:08:29+13:00,82.2,-36.625021,174.722323,2,True
esp32_device_001,2025-10-18T09:08:30+13:00,82.1,-36.625156,174.722336,2,False
esp32_device_001,2025-10-18T09:08:31+13:00,81.7,-36.625190,174.722307,2,True
esp32_device_001,2025-10-18T09:08:32+13:00,81.3,-36.625360,174.722309,2,True
esp32_device_001,2025-10-18T09:08:33+13:00,80.8,-36.625480,174.722346,2,True
esp32_device_001,2025-10-18T09:08:34+13:00,80.4,-36.625603,174.722447,2,True
esp32_device_001,2025-10-18T09:08:35+13:00,80,-36.625679,174.72258,2,False
esp32_device_001,2025-10-18T09:08:36+13:00,79.8,-36.625714,174.722564,2,True
esp32_device_001,2025-10-18T09:08:37+13:00,79.5,-36.625764,174.722628,2,True
esp32_device_001,2025-10-18T09:08:38+13:00,79.3,-36.625935,174.722848,2,True
esp32_device_001,2025-10-18T09:08:39+13:00,79.0,-36.626036,174.722978,2,True
esp32_device_001,2025-10-18T09:08:40+13:00,78.8,-36.626091,174.723114,2,False
esp32_device_001,2025-10-18T09:08:40.833333+13:00,78.5,-36.626129,174.723119,2,True
esp32_device_001,2025-10-18T09:08:41.666667+13:00,78.2,-36.626290,174.723365,2,True
esp32_device_001,2025-10-18T09:08:42.500000+13:00,77.9,-36.626348,174.723464,2,True
esp32_device_001,2025-10-18T09:08:43.333333+13:00,77.6,-36.626383,174.723551,2,True
esp32_device_001,2025-10-18T09:08:44.166667+13:00,77.3,-36.626399,174.723631,2,True
esp32_device_001,2025-10-18T09:08:45+13:00,77,-36.626381,174.723663,2,False
esp32_device_001,2025-10-18T09:08:46.666667+13:00,76.5,-36.626419,174.723729,2,True
esp32_device_001,2025-10-18T09:08:48.333333+13:00,76.1,-36.626439,174.723907,2,True
esp32_device_001,2025-10-18T09:08:50+13:00,75.6,-36.626431,174.72435,2,False
esp32_device_001,2025-10-18T09:08:52.500000+13:00,74.3,-36.626487,174.725074,2,True
esp32_device_001,2025-10-18T09:08:55+13:00,73,-36.626446,174.725052,2,False
esp32_device_001,2025-10-18T09:08:55.135135+13:00,72.9,-36.626419,174.725109,2,True
esp32_device_001,2025-10-18T09:08:55.270270+13:00,72.8,-36.626388,174.725137,2,True
esp32_device_001,2025-10-18T09:08:55.405405+13:00,72.7,-36.626359,174.725179,2,True
esp32_device_001,2025-10-18T09:08:55.540541+13:00,72.5,-36.626322,174.725254,2,True
esp32_device_001,2025-10-18T09:08:55.675676+13:00,72.4,-36.626309,174.725305,2,True
esp32_device_001,2025-10-18T09:08:55.810811+13:00,72.3,-36.626268,174.725481,2,True
esp32_device_001,2025-10-18T09:08:55.945946+13:00,72.2,-36.625462,174.727876,2,True
esp32_device_001,2025-10-18T09:08:56.081081+13:00,72.1,-36.625446,174.728038,2,True
esp32_device_001,2025-10-18T09:08:56.216216+13:00,72.0,-36.625450,174.728110,2,True
esp32_device_001,2025-10-18T09:08:56.351351+13:00,71.9,-36.625703,174.729417,2,True
esp32_device_001,2025-10-18T09:08:56.486486+13:00,71.8,-36.625803,174.729386,2,True
esp32_device_001,2025-10-18T09:08:56.621622+13:00,71.6,-36.626391,174.729223,2,True
esp32_device_001,2025-10-18T09:08:56.756757+13:00,71.5,-36.626449,174.729203,2,True
esp32_device_001,2025-10-18T09:08:56.891892+13:00,71.4,-36.626483,174.729185,2,True
esp32_device_001,2025-10-18T09:08:57.027027+13:00,71.3,-36.626561,174.729122,2,True
esp32_device_001,2025-10-18T09:08:57.162162+13:00,71.2,-36.626611,174.729094,2,True
esp32_device_001,2025-10-18T09:08:57.297297+13:00,71.1,-36.626660,174.729080,2,True
esp32_device_001,2025-10-18T09:08:57.432432+13:00,71.0,-36.626704,174.729080,2,True
esp32_device_001,2025-10-18T09:08:57.567568+13:00,70.8,-36.626660,174.729080,2,True
esp32_device_001,2025-10-18T09:08:57.702703+13:00,70.7,-36.626611,174.729094,2,True
esp32_device_001,2025-10-18T09:08:57.837838+13:00,70.6,-36.626561,174.729122,2,True
esp32_device_001,2025-10-18T09:08:57.972973+13:00,70.5,-36.626483,174.729185,2,True
esp32_device_001,2025-10-18T09:08:58.108108+13:00,70.4,-36.626449,174.729203,2,True
esp32_device_001,2025-10-18T09:08:58.243243+13:00,70.3,-36.626391,174.729223,2,True
esp32_device_001,2025-10-18T09:08:58.378378+13:00,70.2,-36.625803,174.729386,2,True
esp32_device_001,2025-10-18T09:08:58.513514+13:00,70.0,-36.625703,174.729417,2,True
esp32_device_001,2025-10-18T09:08:58.648649+13:00,69.9,-36.625450,174.728110,2,True
esp32_device_001,2025-10-18T09:08:58.783784+13:00,69.8,-36.625446,174.728038,2,True
esp32_device_001,2025-10-18T09:08:58.918919+13:00,69.7,-36.625462,174.727876,2,True
esp32_device_001,2025-10-18T09:08:59.054054+13:00,69.6,-36.626268,174.725481,2,True
esp32_device_001,2025-10-18T09:08:59.189189+13:00,69.5,-36.626345,174.725330,2,True
esp32_device_001,2025-10-18T09:08:59.324324+13:00,69.4,-36.626358,174.725305,2,True
esp32_device_001,2025-10-18T09:08:59.459459+13:00,69.3,-36.626432,174.725246,2,True
esp32_device_001,2025-10-18T09:08:59.594595+13:00,69.1,-36.626495,174.725233,2,True
esp32_device_001,2025-10-18T09:08:59.729730+13:00,69.0,-36.626499,174.725398,2,True
esp32_device_001,2025-10-18T09:08:59.864865+13:00,68.9,-36.626503,174.725525,2,True
esp32_device_001,2025-10-18T09:09:00+13:00,68.8,-36.626469,174.725693,2,False
esp32_device_001,2025-10-18T09:09:01.666667+13:00,66.8,-36.626509,174.725736,2,True
esp32_device_001,2025-10-18T09:09:03.333333+13:00,64.9,-36.626523,174.726214,2,True
esp32_device_001,2025-10-18T09:09:05+13:00,62.9,-36.626495,174.72641,2,False
esp32_device_001,2025-10-18T09:09:05.714286+13:00,62.0,-36.626541,174.726506,2,True
esp32_device_001,2025-10-18T09:09:06.428571+13:00,61.1,-36.626554,174.726616,2,True
esp32_device_001,2025-10-18T09:09:07.142857+13:00,60.2,-36.626576,174.726720,2,True
esp32_device_001,2025-10-18T09:09:07.857143+13:00,59.4,-36.626607,174.726826,2,True
esp32_device_001,2025-10-18T09:09:08.571429+13:00,58.5,-36.626650,174.726923,2,True
esp32_device_001,2025-10-18T09:09:09.285714+13:00,57.6,-36.626690,174.727003,2,True
esp32_device_001,2025-10-18T09:09:10+13:00,56.7,-36.62669,174.727066,2,False
esp32_device_001,2025-10-18T09:09:11.250000+13:00,55.6,-36.626743,174.727087,2,True
esp32_device_001,2025-10-18T09:09:12.500000+13:00,54.4,-36.626829,174.727193,2,True
esp32_device_001,2025-10-18T09:09:13.750000+13:00,53.2,-36.626977,174.727357,2,True
esp32_device_001,2025-10-18T09:09:15+13:00,52.1,-36.62709,174.727539,2,False
esp32_device_001,2025-10-18T09:09:15.208333+13:00,51.9,-36.627441,174.727870,2,True
esp32_device_001,2025-10-18T09:09:15.416667+13:00,51.7,-36.627562,174.728006,2,True
esp32_device_001,2025-10-18T09:09:15.625000+13:00,51.5,-36.627678,174.728149,2,True
esp32_device_001,2025-10-18T09:09:15.833333+13:00,51.3,-36.627763,174.728270,2,True
esp32_device_001,2025-10-18T09:09:16.041667+13:00,51.1,-36.627828,174.728395,2,True
esp32_device_001,2025-10-18T09:09:16.250000+13:00,50.9,-36.627898,174.728610,2,True
esp32_device_001,2025-10-18T09:09:16.458333+13:00,50.7,-36.627948,174.728827,2,True
esp32_device_001,2025-10-18T09:09:16.666667+13:00,50.5,-36.627999,174.729286,2,True
esp32_device_001,2025-10-18T09:09:16.875000+13:00,50.3,-36.628035,174.729713,2,True
esp32_device_001,2025-10-18T09:09:17.083333+13:00,50.1,-36.628065,174.730018,2,True
esp32_device_001,2025-10-18T09:09:17.291667+13:00,49.9,-36.628011,174.730080,2,True
esp32_device_001,2025-10-18T09:09:17.500000+13:00,49.8,-36.627992,174.730102,2,True
esp32_device_001,2025-10-18T09:09:17.708333+13:00,49.6,-36.627954,174.730145,2,True
esp32_device_001,2025-10-18T09:09:17.916667+13:00,49.4,-36.627822,174.729898,2,True
esp32_device_001,2025-10-18T09:09:18.125000+13:00,49.2,-36.627778,174.729816,2,True
esp32_device_001,2025-10-18T09:09:18.333333+13:00,49.0,-36.627721,174.729650,2,True
esp32_device_001,2025-10-18T09:09:18.541667+13:00,48.8,-36.627706,174.729508,2,True
esp32_device_001,2025-10-18T09:09:18.750000+13:00,48.6,-36.627748,174.729369,2,True
esp32_device_001,2025-10-18T09:09:18.958333+13:00,48.4,-36.627867,174.729041,2,True
esp32_device_001,2025-10-18T09:09:19.166667+13:00,48.2,-36.627863,174.728884,2,True
esp32_device_001,2025-10-18T09:09:19.375000+13:00,48.0,-36.627802,174.728633,2,True
esp32_device_001,2025-10-18T09:09:19.583333+13:00,47.8,-36.627648,174.728302,2,True
esp32_device_001,2025-10-18T09:09:19.791667+13:00,47.6,-36.627484,174.728046,2,True
esp32_device_001,2025-10-18T09:09:20+13:00,47.4,-36.627506,174.727997,2,False
esp32_device_001,2025-10-18T09:09:20.714286+13:00,46.8,-36.627465,174.727968,2,True
esp32_device_001,2025-10-18T09:09:21.428571+13:00,46.1,-36.627441,174.727870,2,True
esp32_device_001,2025-10-18T09:09:22.142857+13:00,45.5,-36.627562,174.728006,2,True
esp32_device_001,2025-10-18T09:09:22.857143+13:00,44.8,-36.627678,174.728149,2,True
esp32_device_001,2025-10-18T09:09:23.571429+13:00,44.2,-36.627763,174.728270,2,True
esp32_device_001,2025-10-18T09:09:24.285714+13:00,43.5,-36.627828,174.728395,2,True
esp32_device_001,2025-10-18T09:09:25+13:00,42.9,-36.627811,174.728455,2,False
esp32_device_001,2025-10-18T09:09:26.666667+13:00,41.7,-36.627898,174.728610,2,True
esp32_device_001,2025-10-18T09:09:28.333333+13:00,40.4,-36.627948,174.728827,2,True
esp32_device_001,2025-10-18T09:09:30+13:00,39.2,-36.62793,174.728897,2,False
esp32_device_001,2025-10-18T09:09:32.500000+13:00,36.6,-36.627999,174.729286,2,True
esp32_device_001,2025-10-18T09:09:35+13:00,34,-36.627998,174.72937,2,False
esp32_device_001,2025-10-18T09:09:37.500000+13:00,31.6,-36.628035,174.729713,2,True
esp32_device_001,2025-10-18T09:09:40+13:00,29.1,-36.628036,174.729904,2,False
esp32_device_001,2025-10-18T09:09:41.666667+13:00,27.8,-36.628065,174.730018,2,True
esp32_device_001,2025-10-18T09:09:43.333333+13:00,26.4,-36.628103,174.730221,2,True
esp32_device_001,2025-10-18T09:09:45+13:00,25.1,-36.628113,174.730377,2,False
esp32_device_001,2025-10-18T09:09:46.666667+13:00,24.0,-36.628162,174.730423,2,True
esp32_device_001,2025-10-18T09:09:48.333333+13:00,22.8,-36.628225,174.730619,2,True
esp32_device_001,2025-10-18T09:09:50+13:00,21.7,-36.628265,174.73082,2,False
esp32_device_001,2025-10-18T09:09:51.250000+13:00,21.4,-36.628308,174.730844,2,True
esp32_device_001,2025-10-18T09:09:52.500000+13:00,21.0,-36.628380,174.731012,2,True
esp32_device_001,2025-10-18T09:09:53.750000+13:00,20.6,-36.628413,174.731095,2,True
esp32_device_001,2025-10-18T09:09:55+13:00,20.3,-36.628452,174.731262,2,False
esp32_device_001,2025-10-18T09:09:56.250000+13:00,20.2,-36.628513,174.731316,2,True
esp32_device_001,2025-10-18T09:09:57.500000+13:00,20.2,-36.628591,174.731484,2,True
esp32_device_001,2025-10-18T09:09:58.750000+13:00,20.2,-36.628672,174.731656,2,True
esp32_device_001,2025-10-18T09:10:00+13:00,20.1,-36.628635,174.731659,2,False
esp32_device_001,2025-10-18T09:10:00.384615+13:00,20.2,-36.628621,174.731693,2,True
esp32_device_001,2025-10-18T09:10:00.769231+13:00,20.3,-36.628478,174.731808,2,True
esp32_device_001,2025-10-18T09:10:01.153846+13:00,20.4,-36.628318,174.731927,2,True
esp32_device_001,2025-10-18T09:10:01.538462+13:00,20.5,-36.628245,174.732223,2,True
esp32_device_001,2025-10-18T09:10:01.923077+13:00,20.6,-36.628341,174.732147,2,True
esp32_device_001,2025-10-18T09:10:02.307692+13:00,20.7,-36.628519,174.732007,2,True
esp32_device_001,2025-10-18T09:10:02.692308+13:00,20.8,-36.628559,174.731975,2,True
esp32_device_001,2025-10-18T09:10:03.076923+13:00,20.9,-36.628502,174.731856,2,True
esp32_device_001,2025-10-18T09:10:03.461538+13:00,21.0,-36.628478,174.731808,2,True
esp32_device_001,2025-10-18T09:10:03.846154+13:00,21.1,-36.628621,174.731693,2,True
esp32_device_001,2025-10-18T09:10:04.230769+13:00,21.2,-36.628672,174.731656,2,True
esp32_device_001,2025-10-18T09:10:04.615385+13:00,21.3,-36.628841,174.732026,2,True
esp32_device_001,2025-10-18T09:10:05+13:00,21.4,-36.628864,174.732162,2,False
esp32_device_001,2025-10-18T09:10:05.625000+13:00,21.9,-36.628913,174.732173,2,True
esp32_device_001,2025-10-18T09:10:06.250000+13:00,22.4,-36.628971,174.732284,2,True
esp32_device_001,2025-10-18T09:10:06.875000+13:00,23.0,-36.629079,174.732468,2,True
esp32_device_001,2025-10-18T09:10:07.500000+13:00,23.5,-36.629202,174.732650,2,True
esp32_device_001,2025-10-18T09:10:08.125000+13:00,24.0,-36.629155,174.732690,2,True
esp32_device_001,2025-10-18T09:10:08.750000+13:00,24.6,-36.628674,174.733094,2,True
esp32_device_001,2025-10-18T09:10:09.375000+13:00,25.1,-36.629155,174.732690,2,True
esp32_device_001,2025-10-18T09:10:10+13:00,25.6,-36.629173,174.732681,2,False
esp32_device_001,2025-10-18T09:10:11.666667+13:00,27.4,-36.629202,174.732650,2,True
esp32_device_001,2025-10-18T09:10:13.333333+13:00,29.2,-36.629341,174.732831,2,True
esp32_device_001,2025-10-18T09:10:15+13:00,31,-36.629543,174.733139,2,False
esp32_device_001,2025-10-18T09:10:16.250000+13:00,32.9,-36.629673,174.733241,2,True
esp32_device_001,2025-10-18T09:10:17.500000+13:00,34.9,-36.629836,174.733434,2,True
esp32_device_001,2025-10-18T09:10:18.750000+13:00,36.8,-36.629953,174.733574,2,True
esp32_device_001,2025-10-18T09:10:20+13:00,38.7,-36.62994,174.733612,2,False
esp32_device_001,2025-10-18T09:10:22.500000+13:00,41.7,-36.630073,174.733716,2,True
esp32_device_001,2025-10-18T09:10:25+13:00,44.6,-36.630272,174.734024,2,False
esp32_device_001,2025-10-18T09:10:26.666667+13:00,45.8,-36.630517,174.734295,2,True
esp32_device_001,2025-10-18T09:10:28.333333+13:00,47.0,-36.630596,174.734404,2,True
esp32_device_001,2025-10-18T09:10:30+13:00,48.2,-36.630611,174.734482,2,False
esp32_device_001,2025-10-18T09:10:31+13:00,48.6,-36.630673,174.734531,2,True
esp32_device_001,2025-10-18T09:10:32+13:00,49.0,-36.630685,174.734551,2,True
esp32_device_001,2025-10-18T09:10:33+13:00,49.4,-36.630748,174.734676,2,True
esp32_device_001,2025-10-18T09:10:34+13:00,49.8,-36.630786,174.734753,2,True
esp32_device_001,2025-10-18T09:10:35+13:00,50.2,-36.630859,174.735046,2,False
esp32_device_001,2025-10-18T09:10:36.250000+13:00,49.8,-36.630906,174.735077,2,True
esp32_device_001,2025-10-18T09:10:37.500000+13:00,49.5,-36.630961,174.735247,2,True
esp32_device_001,2025-10-18T09:10:38.750000+13:00,49.1,-36.631010,174.735391,2,True
esp32_device_001,2025-10-18T09:10:40+13:00,48.7,-36.631046,174.735626,2,False
esp32_device_001,2025-10-18T09:10:41+13:00,48.3,-36.631092,174.735660,2,True
esp32_device_001,2025-10-18T09:10:42+13:00,47.8,-36.631161,174.735852,2,True
esp32_device_001,2025-10-18T09:10:43+13:00,47.4,-36.631249,174.736047,2,True
esp32_device_001,2025-10-18T09:10:44+13:00,46.9,-36.631348,174.736228,2,True
esp32_device_001,2025-10-18T09:10:45+13:00,46.5,-36.631336,174.736282,2,False
esp32_device_001,2025-10-18T09:10:45.147059+13:00,46.4,-36.631457,174.736402,2,True
esp32_device_001,2025-10-18T09:10:45.294118+13:00,46.3,-36.631731,174.736818,2,True
esp32_device_001,2025-10-18T09:10:45.441176+13:00,46.2,-36.631873,174.737030,2,True
esp32_device_001,2025-10-18T09:10:45.588235+13:00,46.0,-36.631997,174.737219,2,True
esp32_device_001,2025-10-18T09:10:45.735294+13:00,45.9,-36.632255,174.737614,2,True
esp32_device_001,2025-10-18T09:10:45.882353+13:00,45.8,-36.632300,174.737670,2,True
esp32_device_001,2025-10-18T09:10:46.029412+13:00,45.7,-36.632337,174.737716,2,True
esp32_device_001,2025-10-18T09:10:46.176471+13:00,45.6,-36.632708,174.738126,2,True
esp32_device_001,2025-10-18T09:10:46.323529+13:00,45.5,-36.632789,174.738210,2,True
esp32_device_001,2025-10-18T09:10:46.470588+13:00,45.4,-36.632991,174.738420,2,True
esp32_device_001,2025-10-18T09:10:46.617647+13:00,45.2,-36.633155,174.738590,2,True
esp32_device_001,2025-10-18T09:10:46.764706+13:00,45.1,-36.633458,174.738880,2,True
esp32_device_001,2025-10-18T09:10:46.911765+13:00,45.0,-36.633531,174.738950,2,True
esp32_device_001,2025-10-18T09:10:47.058824+13:00,44.9,-36.633502,174.739026,2,True
esp32_device_001,2025-10-18T09:10:47.205882+13:00,44.8,-36.633494,174.739055,2,True
esp32_device_001,2025-10-18T09:10:47.352941+13:00,44.7,-36.633476,174.739115,2,True
esp32_device_001,2025-10-18T09:10:47.500000+13:00,44.5,-36.633467,174.739249,2,True
esp32_device_001,2025-10-18T09:10:47.647059+13:00,44.4,-36.633513,174.740123,2,True
esp32_device_001,2025-10-18T09:10:47.794118+13:00,44.3,-36.633537,174.740581,2,True
esp32_device_001,2025-10-18T09:10:47.941176+13:00,44.2,-36.633493,174.740585,2,True
esp32_device_001,2025-10-18T09:10:48.088235+13:00,44.1,-36.633440,174.740588,2,True
esp32_device_001,2025-10-18T09:10:48.235294+13:00,44.0,-36.633405,174.740587,2,True
esp32_device_001,2025-10-18T09:10:48.382353+13:00,43.9,-36.633374,174.740568,2,True
esp32_device_001,2025-10-18T09:10:48.529412+13:00,43.7,-36.633342,174.740540,2,True
esp32_device_001,2025-10-18T09:10:48.676471+13:00,43.6,-36.632949,174.740140,2,True
esp32_device_001,2025-10-18T09:10:48.823529+13:00,43.5,-36.632044,174.739201,2,True
esp32_device_001,2025-10-18T09:10:48.970588+13:00,43.4,-36.631743,174.738876,2,True
esp32_device_001,2025-10-18T09:10:49.117647+13:00,43.3,-36.631659,174.738736,2,True
esp32_device_001,2025-10-18T09:10:49.264706+13:00,43.2,-36.631603,174.738554,2,True
esp32_device_001,2025-10-18T09:10:49.411765+13:00,43.1,-36.631589,174.738447,2,True
esp32_device_001,2025-10-18T09:10:49.558824+13:00,42.9,-36.631690,174.737026,2,True
esp32_device_001,2025-10-18T09:10:49.705882+13:00,42.8,-36.631707,174.736940,2,True
esp32_device_001,2025-10-18T09:10:49.852941+13:00,42.7,-36.631709,174.736930,2,True
esp32_device_001,2025-10-18T09:10:50+13:00,42.6,-36.631714,174.736877,2,False
esp32_device_001,2025-10-18T09:10:51.250000+13:00,41.5,-36.631731,174.736818,2,True
esp32_device_001,2025-10-18T09:10:52.500000+13:00,40.4,-36.631873,174.737030,2,True
esp32_device_001,2025-10-18T09:10:53.750000+13:00,39.3,-36.631997,174.737219,2,True
esp32_device_001,2025-10-18T09:10:55+13:00,38.2,-36.632107,174.737488,2,False
esp32_device_001,2025-10-18T09:10:56.250000+13:00,37.4,-36.632255,174.737614,2,True
esp32_device_001,2025-10-18T09:10:57.500000+13:00,36.5,-36.632300,174.737670,2,True
esp32_device_001,2025-10-18T09:10:58.750000+13:00,35.6,-36.632337,174.737716,2,True
esp32_device_001,2025-10-18T09:11:00+13:00,34.8,-36.632572,174.738052,2,False
esp32_device_001,2025-10-18T09:11:01.250000+13:00,34.1,-36.632708,174.738126,2,True
esp32_device_001,2025-10-18T09:11:02.500000+13:00,33.3,-36.632789,174.738210,2,True
esp32_device_001,2025-10-18T09:11:03.750000+13:00,32.6,-36.632991,174.738420,2,True
esp32_device_001,2025-10-18T09:11:05+13:00,31.9,-36.633076,174.738556,2,False
esp32_device_001,2025-10-18T09:11:06.250000+13:00,31.3,-36.633155,174.738590,2,True
esp32_device_001,2025-10-18T09:11:07.500000+13:00,30.6,-36.633458,174.738880,2,True
esp32_device_001,2025-10-18T09:11:08.750000+13:00,30.0,-36.633531,174.738950,2,True
esp32_device_001,2025-10-18T09:11:10+13:00,29.4,-36.633572,174.739044,2,False
esp32_device_001,2025-10-18T09:11:10.833333+13:00,29.0,-36.633648,174.739054,2,True
esp32_device_001,2025-10-18T09:11:11.666667+13:00,28.6,-36.633699,174.739104,2,True
esp32_device_001,2025-10-18T09:11:12.500000+13:00,28.2,-36.633867,174.739266,2,True
esp32_device_001,2025-10-18T09:11:13.333333+13:00,27.8,-36.634042,174.739434,2,True
esp32_device_001,2025-10-18T09:11:14.166667+13:00,27.4,-36.634069,174.739461,2,True
esp32_device_001,2025-10-18T09:11:15+13:00,27,-36.63406,174.739532,2,False
esp32_device_001,2025-10-18T09:11:16.666667+13:00,26.1,-36.634393,174.739839,2,True
esp32_device_001,2025-10-18T09:11:18.333333+13:00,25.1,-36.634505,174.740018,2,True
esp32_device_001,2025-10-18T09:11:20+13:00,24.2,-36.634487,174.740082,2,False
esp32_device_001,2025-10-18T09:11:21.250000+13:00,23.6,-36.634549,174.740088,2,True
esp32_device_001,2025-10-18T09:11:22.500000+13:00,22.9,-36.634674,174.740327,2,True
esp32_device_001,2025-10-18T09:11:23.750000+13:00,22.2,-36.634688,174.740368,2,True
esp32_device_001,2025-10-18T09:11:25+13:00,21.6,-36.634789,174.740723,2,False
esp32_device_001,2025-10-18T09:11:25.833333+13:00,21.6,-36.634834,174.740724,2,True
esp32_device_001,2025-10-18T09:11:26.666667+13:00,21.5,-36.634875,174.740863,2,True
esp32_device_001,2025-10-18T09:11:27.500000+13:00,21.5,-36.634897,174.740968,2,True
esp32_device_001,2025-10-18T09:11:28.333333+13:00,21.4,-36.634923,174.741112,2,True
esp32_device_001,2025-10-18T09:11:29.166667+13:00,21.4,-36.634950,174.741314,2,True
esp32_device_001,2025-10-18T09:11:30+13:00,21.3,-36.634922,174.74144,2,False
esp32_device_001,2025-10-18T09:11:31.666667+13:00,21.4,-36.634982,174.741585,2,True
esp32_device_001,2025-10-18T09:11:33.333333+13:00,21.5,-36.634997,174.741810,2,True
esp32_device_001,2025-10-18T09:11:35+13:00,21.6,-36.634964,174.74202,2,False
esp32_device_001,2025-10-18T09:11:40+13:00,20.9,-36.634766,174.742142,2,False
esp32_device_001,2025-10-18T09:11:42.500000+13:00,20.0,-36.634678,174.742168,2,True
esp32_device_001,2025-10-18T09:11:45+13:00,19.2,-36.634434,174.742172,2,False
esp32_device_001,2025-10-18T09:11:46.250000+13:00,18.9,-36.634377,174.742196,2,True
esp32_device_001,2025-10-18T09:11:47.500000+13:00,18.6,-36.634342,174.742204,2,True
esp32_device_001,2025-10-18T09:11:48.750000+13:00,18.3,-36.634310,174.742215,2,True
esp32_device_001,2025-10-18T09:11:50+13:00,18,-36.634121,174.742279,2,False
esp32_device_001,2025-10-18T09:11:55+13:00,17.2,-36.633984,174.742523,2,False
esp32_device_001,2025-10-18T09:12:00+13:00,17.8,-36.634007,174.742859,2,False
esp32_device_001,2025-10-18T09:12:20+13:00,19,-36.634052,174.743042,2,False
esp32_device_001,2025-10-18T09:12:25+13:00,19.5,-36.634064,174.743149,2,False
esp32_device_001,2025-10-18T10:14:24+13:00,17.2,-36.634064,174.743103,3,False
esp32_device_001,2025-10-18T10:14:29+13:00,17.2,-36.634029,174.742966,3,False
esp32_device_001,2025-10-18T10:14:34+13:00,17.2,-36.634014,174.742737,3,False
esp32_device_001,2025-10-18T10:14:39+13:00,17.2,-36.634007,174.742462,3,False
esp32_device_001,2025-10-18T10:14:44+13:00,17.2,-36.63414,174.742325,3,False
esp32_device_001,2025-10-18T10:14:45.250000+13:00,17.2,-36.634310,174.742215,3,True
esp32_device_001,2025-10-18T10:14:46.500000+13:00,17.2,-36.634342,174.742204,3,True
esp32_device_001,2025-10-18T10:14:47.750000+13:00,17.2,-36.634377,174.742196,3,True
esp32_device_001,2025-10-18T10:14:49+13:00,17.2,-36.634438,174.742203,3,False
esp32_device_001,2025-10-18T10:14:51.500000+13:00,17.2,-36.634678,174.742168,3,True
esp32_device_001,2025-10-18T10:14:54+13:00,17.2,-36.634781,174.742188,3,False
esp32_device_001,2025-10-18T10:14:59+13:00,17.2,-36.634941,174.742218,3,False
esp32_device_001,2025-10-18T10:15:04+13:00,17.2,-36.634991,174.742447,3,False
esp32_device_001,2025-10-18T10:15:05.666667+13:00,17.2,-36.635035,174.742658,3,True
esp32_device_001,2025-10-18T10:15:07.333333+13:00,17.2,-36.635046,174.742921,3,True
esp32_device_001,2025-10-18T10:15:09+13:00,17.2,-36.635017,174.743042,3,False
esp32_device_001,2025-10-18T10:15:10.250000+13:00,17.2,-36.635063,174.743313,3,True
esp32_device_001,2025-10-18T10:15:11.500000+13:00,17.2,-36.635070,174.743468,3,True
esp32_device_001,2025-10-18T10:15:12.750000+13:00,17.2,-36.635081,174.743714,3,True
esp32_device_001,2025-10-18T10:15:14+13:00,17.2,-36.635033,174.743744,3,False
esp32_device_001,2025-10-18T10:15:15.666667+13:00,17.2,-36.635093,174.744009,3,True
esp32_device_001,2025-10-18T10:15:17.333333+13:00,17.2,-36.635105,174.744287,3,True
esp32_device_001,2025-10-18T10:15:19+13:00,17.2,-36.635063,174.7444,3,False
esp32_device_001,2025-10-18T10:15:20.250000+13:00,17.2,-36.635116,174.744538,3,True
esp32_device_001,2025-10-18T10:15:21.500000+13:00,17.2,-36.635129,174.744821,3,True
esp32_device_001,2025-10-18T10:15:22.750000+13:00,17.2,-36.635136,174.744990,3,True
esp32_device_001,2025-10-18T10:15:24+13:00,17.2,-36.635094,174.745026,3,False
esp32_device_001,2025-10-18T10:15:25.250000+13:00,17.2,-36.635146,174.745224,3,True
esp32_device_001,2025-10-18T10:15:26.500000+13:00,17.2,-36.635155,174.745422,3,True
esp32_device_001,2025-10-18T10:15:27.750000+13:00,17.2,-36.635156,174.745455,3,True
esp32_device_001,2025-10-18T10:15:29+13:00,17.2,-36.635128,174.745605,3,False
esp32_device_001,2025-10-18T10:15:30.250000+13:00,17.2,-36.635174,174.745870,3,True
esp32_device_001,2025-10-18T10:15:31.500000+13:00,17.2,-36.635180,174.746031,3,True
esp32_device_001,2025-10-18T10:15:32.750000+13:00,17.2,-36.635186,174.746173,3,True
esp32_device_001,2025-10-18T10:15:34+13:00,17.2,-36.635136,174.746201,3,False
esp32_device_001,2025-10-18T10:15:34.833333+13:00,17.2,-36.635164,174.746298,3,True
esp32_device_001,2025-10-18T10:15:35.666667+13:00,17.2,-36.635164,174.746400,3,True
esp32_device_001,2025-10-18T10:15:36.500000+13:00,17.2,-36.635166,174.746442,3,True
esp32_device_001,2025-10-18T10:15:37.333333+13:00,17.2,-36.635171,174.746554,3,True
esp32_device_001,2025-10-18T10:15:38.166667+13:00,17.2,-36.635178,174.746661,3,True
esp32_device_001,2025-10-18T10:15:39+13:00,17.2,-36.635178,174.746796,3,False
esp32_device_001,2025-10-18T10:15:39.714286+13:00,17.2,-36.635188,174.746809,3,True
esp32_device_001,2025-10-18T10:15:40.428571+13:00,17.2,-36.635197,174.746893,3,True
esp32_device_001,2025-10-18T10:15:41.142857+13:00,17.2,-36.635208,174.746963,3,True
esp32_device_001,2025-10-18T10:15:41.857143+13:00,17.2,-36.635244,174.747125,3,True
esp32_device_001,2025-10-18T10:15:42.571429+13:00,17.2,-36.635277,174.747258,3,True
esp32_device_001,2025-10-18T10:15:43.285714+13:00,17.2,-36.635319,174.747401,3,True
esp32_device_001,2025-10-18T10:15:44+13:00,17.2,-36.635326,174.747421,3,False
esp32_device_001,2025-10-18T10:15:45.250000+13:00,17.2,-36.635379,174.747545,3,True
esp32_device_001,2025-10-18T10:15:46.500000+13:00,17.2,-36.635441,174.747674,3,True
esp32_device_001,2025-10-18T10:15:47.750000+13:00,17.2,-36.635519,174.747818,3,True
esp32_device_001,2025-10-18T10:15:49+13:00,17.2,-36.635597,174.747955,3,False
esp32_device_001,2025-10-18T10:15:49.714286+13:00,17.2,-36.635719,174.748078,3,True
esp32_device_001,2025-10-18T10:15:50.428571+13:00,17.2,-36.635785,174.748147,3,True
esp32_device_001,2025-10-18T10:15:51.142857+13:00,17.2,-36.635833,174.748195,3,True
esp32_device_001,2025-10-18T10:15:51.857143+13:00,17.2,-36.635850,174.748210,3,True
esp32_device_001,2025-10-18T10:15:52.571429+13:00,17.2,-36.635866,174.748225,3,True
esp32_device_001,2025-10-18T10:15:53.285714+13:00,17.2,-36.635940,174.748286,3,True
esp32_device_001,2025-10-18T10:15:54+13:00,17.2,-36.635963,174.748337,3,False
esp32_device_001,2025-10-18T10:15:56.500000+13:00,17.2,-36.636160,174.748477,3,True
esp32_device_001,2025-10-18T10:15:59+13:00,17.2,-36.636372,174.748672,3,False
esp32_device_001,2025-10-18T10:16:00.250000+13:00,17.2,-36.636529,174.748796,3,True
esp32_device_001,2025-10-18T10:16:01.500000+13:00,17.2,-36.636542,174.748807,3,True
esp32_device_001,2025-10-18T10:16:02.750000+13:00,17.2,-36.636612,174.748871,3,True
esp32_device_001,2025-10-18T10:16:04+13:00,17.2,-36.636742,174.74913,3,False
esp32_device_001,2025-10-18T10:16:05.250000+13:00,17.2,-36.636777,174.749130,3,True
esp32_device_001,2025-10-18T10:16:06.500000+13:00,17.2,-36.636853,174.749281,3,True
esp32_device_001,2025-10-18T10:16:07.750000+13:00,17.2,-36.636953,174.749392,3,True
esp32_device_001,2025-10-18T10:16:09+13:00,17.2,-36.637066,174.749695,3,False
esp32_device_001,2025-10-18T10:16:10.250000+13:00,17.2,-36.637149,174.749748,3,True
esp32_device_001,2025-10-18T10:16:11.500000+13:00,17.2,-36.637263,174.749956,3,True
esp32_device_001,2025-10-18T10:16:12.750000+13:00,17.2,-36.637392,174.750191,3,True
esp32_device_001,2025-10-18T10:16:14+13:00,17.2,-36.637398,174.750305,3,False
esp32_device_001,2025-10-18T10:16:19+13:00,17.2,-36.637733,174.750931,3,False
esp32_device_001,2025-10-18T10:16:21.500000+13:00,17.2,-36.638063,174.751422,3,True
esp32_device_001,2025-10-18T10:16:24+13:00,17.2,-36.638088,174.751556,3,False
esp32_device_001,2025-10-18T10:16:29+13:00,17.2,-36.638432,174.752197,3,False
esp32_device_001,2025-10-18T10:16:31.500000+13:00,17.2,-36.638620,174.752435,3,True
esp32_device_001,2025-10-18T10:16:34+13:00,17.2,-36.638783,174.752823,3,False
esp32_device_001,2025-10-18T10:16:35.250000+13:00,17.2,-36.639026,174.753179,3,True
esp32_device_001,2025-10-18T10:16:36.500000+13:00,17.2,-36.639032,174.753189,3,True
esp32_device_001,2025-10-18T10:16:37.750000+13:00,17.2,-36.639132,174.753354,3,True
esp32_device_001,2025-10-18T10:16:39+13:00,17.2,-36.639156,174.753448,3,False
esp32_device_001,2025-10-18T10:16:40+13:00,17.2,-36.639217,174.753461,3,True
esp32_device_001,2025-10-18T10:16:41+13:00,17.2,-36.639310,174.753585,3,True
esp32_device_001,2025-10-18T10:16:42+13:00,17.2,-36.639440,174.753758,3,True
esp32_device_001,2025-10-18T10:16:43+13:00,17.2,-36.639539,174.753929,3,True
esp32_device_001,2025-10-18T10:16:44+13:00,17.2,-36.639549,174.754044,3,False
esp32_device_001,2025-10-18T10:16:49+13:00,17.2,-36.63987,174.754684,3,False
esp32_device_001,2025-10-18T10:16:54+13:00,17.2,-36.640194,174.755325,3,False
esp32_device_001,2025-10-18T10:16:56.500000+13:00,17.2,-36.640234,174.755313,3,True
esp32_device_001,2025-10-18T10:16:59+13:00,17.2,-36.640518,174.755966,3,False
esp32_device_001,2025-10-18T10:17:04+13:00,17.2,-36.640839,174.756622,3,False
esp32_device_001,2025-10-18T10:17:04.555556+13:00,17.2,-36.640916,174.756683,3,True
esp32_device_001,2025-10-18T10:17:05.111111+13:00,17.2,-36.640947,174.756772,3,True
esp32_device_001,2025-10-18T10:17:05.666667+13:00,17.2,-36.640973,174.756866,3,True
esp32_device_001,2025-10-18T10:17:06.222222+13:00,17.2,-36.640982,174.756960,3,True
esp32_device_001,2025-10-18T10:17:06.777778+13:00,17.2,-36.640980,174.757038,3,True
esp32_device_001,2025-10-18T10:17:07.333333+13:00,17.2,-36.640977,174.757116,3,True
esp32_device_001,2025-10-18T10:17:07.888889+13:00,17.2,-36.640951,174.757222,3,True
esp32_device_001,2025-10-18T10:17:08.444444+13:00,17.2,-36.640912,174.757318,3,True
esp32_device_001,2025-10-18T10:17:09+13:00,17.2,-36.640842,174.757339,3,False
esp32_device_001,2025-10-18T10:17:10.250000+13:00,17.2,-36.640843,174.757424,3,True
esp32_device_001,2025-10-18T10:17:11.500000+13:00,17.2,-36.640773,174.757492,3,True
esp32_device_001,2025-10-18T10:17:12.750000+13:00,17.2,-36.640706,174.757545,3,True
esp32_device_001,2025-10-18T10:17:14+13:00,17.2,-36.640316,174.757751,3,False
esp32_device_001,2025-10-18T10:17:15.250000+13:00,17.2,-36.640226,174.757840,3,True
esp32_device_001,2025-10-18T10:17:16.500000+13:00,17.2,-36.639981,174.757993,3,True
esp32_device_001,2025-10-18T10:17:17.750000+13:00,17.2,-36.639826,174.758091,3,True
esp32_device_001,2025-10-18T10:17:19+13:00,17.2,-36.639782,174.758072,3,False
esp32_device_001,2025-10-18T10:17:20.666667+13:00,17.2,-36.639764,174.758133,3,True
esp32_device_001,2025-10-18T10:17:22.333333+13:00,17.2,-36.639322,174.758412,3,True
esp32_device_001,2025-10-18T10:17:24+13:00,17.2,-36.639267,174.758423,3,False
esp32_device_001,2025-10-18T10:17:25.250000+13:00,17.2,-36.639233,174.758502,3,True
esp32_device_001,2025-10-18T10:17:26.500000+13:00,17.2,-36.639159,174.758596,3,True
esp32_device_001,2025-10-18T10:17:27.750000+13:00,17.2,-36.638994,174.758844,3,True
esp32_device_001,2025-10-18T10:17:29+13:00,17.2,-36.63887,174.759003,3,False
esp32_device_001,2025-10-18T10:17:31.500000+13:00,17.2,-36.638627,174.759486,3,True
esp32_device_001,2025-10-18T10:17:34+13:00,17.2,-36.6385,174.759613,3,False
esp32_device_001,2025-10-18T10:17:39+13:00,17.2,-36.638123,174.760254,3,False
esp32_device_001,2025-10-18T10:17:44+13:00,17.2,-36.637783,174.760849,3,False
esp32_device_001,2025-10-18T10:17:44.500000+13:00,17.2,-36.637647,174.761152,3,True
esp32_device_001,2025-10-18T10:17:45+13:00,17.2,-36.637412,174.761384,3,True
esp32_device_001,2025-10-18T10:17:45.500000+13:00,17.2,-36.637490,174.761404,3,True
esp32_device_001,2025-10-18T10:17:46+13:00,17.2,-36.637674,174.761451,3,True
esp32_device_001,2025-10-18T10:17:46.500000+13:00,17.2,-36.637749,174.761784,3,True
esp32_device_001,2025-10-18T10:17:47+13:00,17.2,-36.637822,174.762039,3,True
esp32_device_001,2025-10-18T10:17:47.500000+13:00,17.2,-36.637749,174.761784,3,True
esp32_device_001,2025-10-18T10:17:48+13:00,17.2,-36.637674,174.761451,3,True
esp32_device_001,2025-10-18T10:17:48.500000+13:00,17.2,-36.637490,174.761404,3,True
esp32_device_001,2025-10-18T10:17:49+13:00,17.2,-36.637386,174.761337,3,False
esp32_device_001,2025-10-18T10:17:51.500000+13:00,17.2,-36.637208,174.761532,3,True
esp32_device_001,2025-10-18T10:17:54+13:00,17.2,-36.63689,174.761719,3,False
esp32_device_001,2025-10-18T10:17:56.500000+13:00,17.2,-36.636547,174.762030,3,True
esp32_device_001,2025-10-18T10:17:59+13:00,17.2,-36.636379,174.7621,3,False
esp32_device_001,2025-10-18T10:18:01.500000+13:00,17.2,-36.636167,174.762302,3,True
esp32_device_001,2025-10-18T10:18:04+13:00,17.2,-36.63586,174.762466,3,False
esp32_device_001,2025-10-18T10:18:06.500000+13:00,17.2,-36.635620,174.762693,3,True
esp32_device_001,2025-10-18T10:18:09+13:00,17.2,-36.635338,174.762863,3,False
esp32_device_001,2025-10-18T10:18:10.250000+13:00,17.2,-36.635274,174.762977,3,True
esp32_device_001,2025-10-18T10:18:11.500000+13:00,17.2,-36.635056,174.763193,3,True
esp32_device_001,2025-10-18T10:18:12.750000+13:00,17.2,-36.634886,174.763306,3,True
esp32_device_001,2025-10-18T10:18:14+13:00,17.2,-36.634823,174.763275,3,False
esp32_device_001,2025-10-18T10:18:16.500000+13:00,17.2,-36.634709,174.763371,3,True
esp32_device_001,2025-10-18T10:18:19+13:00,17.2,-36.634174,174.763412,3,False
esp32_device_001,2025-10-18T10:18:20.666667+13:00,17.2,-36.634149,174.763464,3,True
esp32_device_001,2025-10-18T10:18:22.333333+13:00,17.2,-36.633681,174.763542,3,True
esp32_device_001,2025-10-18T10:18:24+13:00,17.2,-36.633526,174.763535,3,False
esp32_device_001,2025-10-18T10:18:29+13:00,17.2,-36.632885,174.763611,3,False
esp32_device_001,2025-10-18T10:18:31.500000+13:00,17.2,-36.632644,174.763665,3,True
esp32_device_001,2025-10-18T10:18:34+13:00,17.2,-36.632275,174.763672,3,False
esp32_device_001,2025-10-18T10:18:35.250000+13:00,17.2,-36.632136,174.763720,3,True
esp32_device_001,2025-10-18T10:18:36.500000+13:00,17.2,-36.632107,174.763723,3,True
esp32_device_001,2025-10-18T10:18:37.750000+13:00,17.2,-36.631801,174.763758,3,True
esp32_device_001,2025-10-18T10:18:39+13:00,17.2,-36.631714,174.763733,3,False
esp32_device_001,2025-10-18T10:18:40.250000+13:00,17.2,-36.631510,174.763791,3,True
esp32_device_001,2025-10-18T10:18:41.500000+13:00,17.2,-36.631427,174.763782,3,True
esp32_device_001,2025-10-18T10:18:42.750000+13:00,17.2,-36.631294,174.763793,3,True
esp32_device_001,2025-10-18T10:18:44+13:00,17.2,-36.631245,174.763779,3,False
esp32_device_001,2025-10-18T10:18:44.500000+13:00,17.2,-36.631175,174.763807,3,True
esp32_device_001,2025-10-18T10:18:45+13:00,17.2,-36.631151,174.763790,3,True
esp32_device_001,2025-10-18T10:18:45.500000+13:00,17.2,-36.631122,174.763784,3,True
esp32_device_001,2025-10-18T10:18:46+13:00,17.2,-36.631093,174.763789,3,True
esp32_device_001,2025-10-18T10:18:46.500000+13:00,17.2,-36.631068,174.763807,3,True
esp32_device_001,2025-10-18T10:18:47+13:00,17.2,-36.631048,174.763834,3,True
esp32_device_001,2025-10-18T10:18:47.500000+13:00,17.2,-36.631037,174.763867,3,True
esp32_device_001,2025-10-18T10:18:48+13:00,17.2,-36.631034,174.763890,3,True
esp32_device_001,2025-10-18T10:18:48.500000+13:00,17.2,-36.631041,174.763933,3,True
esp32_device_001,2025-10-18T10:18:49+13:00,17.2,-36.630985,174.763992,3,False
esp32_device_001,2025-10-18T10:18:50.666667+13:00,17.2,-36.630980,174.764075,3,True
esp32_device_001,2025-10-18T10:18:52.333333+13:00,17.2,-36.630910,174.764276,3,True
esp32_device_001,2025-10-18T10:18:54+13:00,17.2,-36.630783,174.764496,3,False
esp32_device_001,2025-10-18T10:18:59+13:00,34.7,-36.63052,174.765076,3,False
esp32_device_001,2025-10-18T10:19:00.666667+13:00,35.5,-36.630399,174.765408,3,True
esp32_device_001,2025-10-18T10:19:02.333333+13:00,36.4,-36.630292,174.765650,3,True
esp32_device_001,2025-10-18T10:19:04+13:00,37.2,-36.630238,174.765717,3,False
esp32_device_001,2025-10-18T10:19:06.500000+13:00,37.9,-36.630208,174.765890,3,True
esp32_device_001,2025-10-18T10:19:09+13:00,38.6,-36.630035,174.766403,3,False
esp32_device_001,2025-10-18T10:19:09.833333+13:00,38.5,-36.630039,174.766448,3,True
esp32_device_001,2025-10-18T10:19:10.666667+13:00,38.4,-36.630032,174.766469,3,True
esp32_device_001,2025-10-18T10:19:11.500000+13:00,38.4,-36.629978,174.766648,3,True
esp32_device_001,2025-10-18T10:19:12.333333+13:00,38.3,-36.629914,174.766835,3,True
esp32_device_001,2025-10-18T10:19:13.166667+13:00,38.2,-36.629859,174.766949,3,True
esp32_device_001,2025-10-18T10:19:14+13:00,38.1,-36.629765,174.767059,3,False
esp32_device_001,2025-10-18T10:19:15.250000+13:00,37.5,-36.629712,174.767156,3,True
esp32_device_001,2025-10-18T10:19:16.500000+13:00,37.0,-36.629632,174.767235,3,True
esp32_device_001,2025-10-18T10:19:17.750000+13:00,36.5,-36.629496,174.767338,3,True
esp32_device_001,2025-10-18T10:19:19+13:00,35.9,-36.62925,174.767456,3,False
esp32_device_001,2025-10-18T10:19:21.500000+13:00,35.4,-36.628861,174.767741,3,True
esp32_device_001,2025-10-18T10:19:24+13:00,34.9,-36.628704,174.767822,3,False
esp32_device_001,2025-10-18T10:19:25+13:00,35.2,-36.628638,174.767915,3,True
esp32_device_001,2025-10-18T10:19:26+13:00,35.5,-36.628566,174.768005,3,True
esp32_device_001,2025-10-18T10:19:27+13:00,35.9,-36.628501,174.768115,3,True
esp32_device_001,2025-10-18T10:19:28+13:00,36.2,-36.628416,174.768315,3,True
esp32_device_001,2025-10-18T10:19:29+13:00,36.5,-36.628365,174.768387,3,False
esp32_device_001,2025-10-18T10:19:29.833333+13:00,36.8,-36.628344,174.768510,3,True
esp32_device_001,2025-10-18T10:19:30.666667+13:00,37.2,-36.628263,174.768724,3,True
esp32_device_001,2025-10-18T10:19:31.500000+13:00,37.5,-36.628216,174.768816,3,True
esp32_device_001,2025-10-18T10:19:32.333333+13:00,37.8,-36.628163,174.768905,3,True
esp32_device_001,2025-10-18T10:19:33.166667+13:00,38.2,-36.628126,174.768961,3,True
esp32_device_001,2025-10-18T10:19:34+13:00,38.5,-36.628029,174.768982,3,False
esp32_device_001,2025-10-18T10:19:35+13:00,38.9,-36.627971,174.769079,3,True
esp32_device_001,2025-10-18T10:19:36+13:00,39.3,-36.627874,174.769128,3,True
esp32_device_001,2025-10-18T10:19:37+13:00,39.7,-36.627775,174.769163,3,True
esp32_device_001,2025-10-18T10:19:38+13:00,40.1,-36.627673,174.769186,3,True
esp32_device_001,2025-10-18T10:19:39+13:00,40.5,-36.627457,174.76918,3,False
esp32_device_001,2025-10-18T10:19:40.250000+13:00,41.1,-36.627409,174.769221,3,True
esp32_device_001,2025-10-18T10:19:41.500000+13:00,41.7,-36.627142,174.769252,3,True
esp32_device_001,2025-10-18T10:19:42.750000+13:00,42.3,-36.626872,174.769283,3,True
esp32_device_001,2025-10-18T10:19:44+13:00,42.9,-36.626846,174.769257,3,False
esp32_device_001,2025-10-18T10:19:45.666667+13:00,43.6,-36.626692,174.769309,3,True
esp32_device_001,2025-10-18T10:19:47.333333+13:00,44.2,-36.626606,174.769328,3,True
esp32_device_001,2025-10-18T10:19:49+13:00,44.9,-36.626266,174.769379,3,False
esp32_device_001,2025-10-18T10:19:54+13:00,46.7,-36.625679,174.769501,3,False
esp32_device_001,2025-10-18T10:19:59+13:00,47,-36.625111,174.769638,3,False
esp32_device_001,2025-10-18T10:20:01.500000+13:00,45.4,-36.625017,174.769697,3,True
esp32_device_001,2025-10-18T10:20:04+13:00,43.8,-36.624527,174.76976,3,False
esp32_device_001,2025-10-18T10:20:04.833333+13:00,43.1,-36.624457,174.769823,3,True
esp32_device_001,2025-10-18T10:20:05.666667+13:00,42.4,-36.624354,174.769851,3,True
esp32_device_001,2025-10-18T10:20:06.500000+13:00,41.7,-36.624228,174.769903,3,True
esp32_device_001,2025-10-18T10:20:07.333333+13:00,41.0,-36.624125,174.769982,3,True
esp32_device_001,2025-10-18T10:20:08.166667+13:00,40.3,-36.624027,174.770074,3,True
esp32_device_001,2025-10-18T10:20:09+13:00,39.6,-36.623993,174.770081,3,False
esp32_device_001,2025-10-18T10:20:11.500000+13:00,37.4,-36.623832,174.770272,3,True
esp32_device_001,2025-10-18T10:20:14+13:00,35.2,-36.623528,174.770538,3,False
esp32_device_001,2025-10-18T10:20:16.500000+13:00,33.1,-36.623134,174.770989,3,True
esp32_device_001,2025-10-18T10:20:19+13:00,31,-36.623055,174.771042,3,False
esp32_device_001,2025-10-18T10:20:20.666667+13:00,29.7,-36.622951,174.771178,3,True
esp32_device_001,2025-10-18T10:20:22.333333+13:00,28.5,-36.622616,174.771523,3,True
esp32_device_001,2025-10-18T10:20:24+13:00,27.2,-36.622551,174.771545,3,False
esp32_device_001,2025-10-18T10:20:26.500000+13:00,25.1,-36.622362,174.771785,3,True
esp32_device_001,2025-10-18T10:20:29+13:00,23,-36.622086,174.772018,3,False
esp32_device_001,2025-10-18T10:20:30.666667+13:00,23.1,-36.622053,174.772103,3,True
esp32_device_001,2025-10-18T10:20:32.333333+13:00,23.2,-36.621819,174.772336,3,True
esp32_device_001,2025-10-18T10:20:34+13:00,23.3,-36.621639,174.772491,3,False
esp32_device_001,2025-10-18T10:20:35.250000+13:00,24.4,-36.621576,174.772596,3,True
esp32_device_001,2025-10-18T10:20:36.500000+13:00,25.4,-36.621503,174.772687,3,True
esp32_device_001,2025-10-18T10:20:37.750000+13:00,26.4,-36.621433,174.772781,3,True
esp32_device_001,2025-10-18T10:20:39+13:00,27.5,-36.621277,174.772995,3,False
esp32_device_001,2025-10-18T10:20:39.833333+13:00,28.3,-36.621224,174.773141,3,True
esp32_device_001,2025-10-18T10:20:40.666667+13:00,29.1,-36.621110,174.773291,3,True
esp32_device_001,2025-10-18T10:20:41.500000+13:00,29.9,-36.621040,174.773359,3,True
esp32_device_001,2025-10-18T10:20:42.333333+13:00,30.7,-36.620970,174.773416,3,True
esp32_device_001,2025-10-18T10:20:43.166667+13:00,31.5,-36.620901,174.773457,3,True
esp32_device_001,2025-10-18T10:20:44+13:00,32.3,-36.620884,174.773438,3,False
esp32_device_001,2025-10-18T10:20:45.250000+13:00,33.2,-36.620826,174.773486,3,True
esp32_device_001,2025-10-18T10:20:46.500000+13:00,34.0,-36.620753,174.773517,3,True
esp32_device_001,2025-10-18T10:20:47.750000+13:00,34.9,-36.620670,174.773536,3,True
esp32_device_001,2025-10-18T10:20:49+13:00,35.8,-36.620335,174.773575,3,False
esp32_device_001,2025-10-18T10:20:54+13:00,38.3,-36.619774,174.773682,3,False
esp32_device_001,2025-10-18T10:20:55+13:00,39.7,-36.619731,174.773712,3,True
esp32_device_001,2025-10-18T10:20:56+13:00,41.2,-36.619588,174.773740,3,True
esp32_device_001,2025-10-18T10:20:57+13:00,42.6,-36.619495,174.773766,3,True
esp32_device_001,2025-10-18T10:20:58+13:00,44.1,-36.619405,174.773801,3,True
esp32_device_001,2025-10-18T10:20:59+13:00,45.5,-36.61919,174.773865,3,False
esp32_device_001,2025-10-18T10:21:00+13:00,46.9,-36.619161,174.773898,3,True
esp32_device_001,2025-10-18T10:21:01+13:00,48.4,-36.619073,174.773934,3,True
esp32_device_001,2025-10-18T10:21:02+13:00,49.8,-36.618985,174.773956,3,True
esp32_device_001,2025-10-18T10:21:03+13:00,51.3,-36.618894,174.773968,3,True
esp32_device_001,2025-10-18T10:21:04+13:00,52.7,-36.618584,174.773972,3,False
esp32_device_001,2025-10-18T10:21:05.666667+13:00,54.8,-36.618180,174.774008,3,True
esp32_device_001,2025-10-18T10:21:07.333333+13:00,56.9,-36.617987,174.774004,3,True
esp32_device_001,2025-10-18T10:21:09+13:00,59,-36.617954,174.773972,3,False
esp32_device_001,2025-10-18T10:21:10.666667+13:00,60.6,-36.617671,174.773983,3,True
esp32_device_001,2025-10-18T10:21:12.333333+13:00,62.1,-36.617366,174.773952,3,True
esp32_device_001,2025-10-18T10:21:14+13:00,63.7,-36.617352,174.773911,3,False
esp32_device_001,2025-10-18T10:21:14.833333+13:00,65.0,-36.617234,174.773946,3,True
esp32_device_001,2025-10-18T10:21:15.666667+13:00,66.3,-36.617160,174.773951,3,True
esp32_device_001,2025-10-18T10:21:16.500000+13:00,67.6,-36.617045,174.773964,3,True
esp32_device_001,2025-10-18T10:21:17.333333+13:00,68.9,-36.616928,174.773988,3,True
esp32_device_001,2025-10-18T10:21:18.166667+13:00,70.2,-36.616804,174.774024,3,True
esp32_device_001,2025-10-18T10:21:19+13:00,71.5,-36.616753,174.774017,3,False
esp32_device_001,2025-10-18T10:21:20.250000+13:00,72.3,-36.616699,174.774066,3,True
esp32_device_001,2025-10-18T10:21:21.500000+13:00,73.2,-36.616554,174.774143,3,True
esp32_device_001,2025-10-18T10:21:22.750000+13:00,74.0,-36.616414,174.774233,3,True
esp32_device_001,2025-10-18T10:21:24+13:00,74.8,-36.616173,174.774368,3,False
esp32_device_001,2025-10-18T10:21:25.250000+13:00,75.3,-36.616039,174.774493,3,True
esp32_device_001,2025-10-18T10:21:26.500000+13:00,75.8,-36.615842,174.774633,3,True
esp32_device_001,2025-10-18T10:21:27.750000+13:00,76.2,-36.615719,174.774716,3,True
esp32_device_001,2025-10-18T10:21:29+13:00,76.7,-36.615601,174.77475,3,False
esp32_device_001,2025-10-18T10:21:30+13:00,77.0,-36.615485,174.774830,3,True
esp32_device_001,2025-10-18T10:21:31+13:00,77.2,-36.615336,174.774877,3,True
esp32_device_001,2025-10-18T10:21:32+13:00,77.5,-36.615163,174.774910,3,True
esp32_device_001,2025-10-18T10:21:33+13:00,77.7,-36.615019,174.774918,3,True
esp32_device_001,2025-10-18T10:21:34+13:00,78,-36.614979,174.774887,3,False
esp32_device_001,2025-10-18T10:21:35.666667+13:00,78.2,-36.614610,174.774923,3,True
esp32_device_001,2025-10-18T10:21:37.333333+13:00,78.5,-36.614417,174.774926,3,True
esp32_device_001,2025-10-18T10:21:39+13:00,78.7,-36.614357,174.774887,3,False
esp32_device_001,2025-10-18T10:21:40+13:00,79.2,-36.614311,174.774933,3,True
esp32_device_001,2025-10-18T10:21:41+13:00,79.6,-36.614184,174.774954,3,True
esp32_device_001,2025-10-18T10:21:42+13:00,80.1,-36.614041,174.774989,3,True
esp32_device_001,2025-10-18T10:21:43+13:00,80.5,-36.613899,174.775046,3,True
esp32_device_001,2025-10-18T10:21:44+13:00,81,-36.613766,174.775085,3,False
esp32_device_001,2025-10-18T10:21:44.833333+13:00,80.8,-36.613761,174.775123,3,True
esp32_device_001,2025-10-18T10:21:45.666667+13:00,80.5,-36.613628,174.775212,3,True
esp32_device_001,2025-10-18T10:21:46.500000+13:00,80.3,-36.613517,174.775306,3,True
esp32_device_001,2025-10-18T10:21:47.333333+13:00,80.1,-36.613423,174.775400,3,True
esp32_device_001,2025-10-18T10:21:48.166667+13:00,79.8,-36.613356,174.775474,3,True
esp32_device_001,2025-10-18T10:21:49+13:00,79.6,-36.613266,174.775543,3,False
esp32_device_001,2025-10-18T10:21:50.666667+13:00,78.8,-36.613239,174.775635,3,True
esp32_device_001,2025-10-18T10:21:52.333333+13:00,78.1,-36.613155,174.775781,3,True
esp32_device_001,2025-10-18T10:21:54+13:00,77.3,-36.612904,174.776199,3,False
esp32_device_001,2025-10-18T10:21:56.500000+13:00,76.8,-36.612782,174.776527,3,True
esp32_device_001,2025-10-18T10:21:59+13:00,76.4,-36.612556,174.776871,3,False
esp32_device_001,2025-10-18T10:22:04+13:00,76.9,-36.612225,174.777527,3,False
esp32_device_001,2025-10-18T10:22:05.666667+13:00,77.1,-36.612162,174.777780,3,True
esp32_device_001,2025-10-18T10:22:07.333333+13:00,77.3,-36.612071,174.778024,3,True
esp32_device_001,2025-10-18T10:22:09+13:00,77.5,-36.611965,174.778229,3,False
esp32_device_001,2025-10-18T10:22:10.250000+13:00,77.8,-36.611996,174.778284,3,True
esp32_device_001,2025-10-18T10:22:11.500000+13:00,78.0,-36.611958,174.778444,3,True
esp32_device_001,2025-10-18T10:22:12.750000+13:00,78.2,-36.611880,174.778827,3,True
esp32_device_001,2025-10-18T10:22:14+13:00,78.5,-36.61182,174.778946,3,False
esp32_device_001,2025-10-18T10:22:14.714286+13:00,78.6,-36.611807,174.779002,3,True
esp32_device_001,2025-10-18T10:22:15.428571+13:00,78.8,-36.611801,174.779028,3,True
esp32_device_001,2025-10-18T10:22:16.142857+13:00,78.9,-36.611737,174.779349,3,True
esp32_device_001,2025-10-18T10:22:16.857143+13:00,79.1,-36.611698,174.779464,3,True
esp32_device_001,2025-10-18T10:22:17.571429+13:00,79.2,-36.611684,174.779514,3,True
esp32_device_001,2025-10-18T10:22:18.285714+13:00,79.4,-36.611660,174.779525,3,True
esp32_device_001,2025-10-18T10:22:19+13:00,79.5,-36.611645,174.779541,3,False
esp32_device_001,2025-10-18T10:22:19.833333+13:00,79.5,-36.611627,174.779571,3,True
esp32_device_001,2025-10-18T10:22:20.666667+13:00,79.4,-36.611621,174.779601,3,True
esp32_device_001,2025-10-18T10:22:21.500000+13:00,79.4,-36.611595,174.779684,3,True
esp32_device_001,2025-10-18T10:22:22.333333+13:00,79.4,-36.611518,174.779812,3,True
esp32_device_001,2025-10-18T10:22:23.166667+13:00,79.3,-36.611360,174.780007,3,True
esp32_device_001,2025-10-18T10:22:24+13:00,79.3,-36.61129,174.78006,3,False
esp32_device_001,2025-10-18T10:22:25.250000+13:00,78.9,-36.611153,174.780157,3,True
esp32_device_001,2025-10-18T10:22:26.500000+13:00,78.4,-36.610932,174.780316,3,True
esp32_device_001,2025-10-18T10:22:27.750000+13:00,78.0,-36.610853,174.780359,3,True
esp32_device_001,2025-10-18T10:22:29+13:00,77.6,-36.610771,174.780365,3,False
esp32_device_001,2025-10-18T10:22:29.833333+13:00,76.9,-36.610602,174.780488,3,True
esp32_device_001,2025-10-18T10:22:30.666667+13:00,76.3,-36.610519,174.780537,3,True
esp32_device_001,2025-10-18T10:22:31.500000+13:00,75.6,-36.610433,174.780591,3,True
esp32_device_001,2025-10-18T10:22:32.333333+13:00,74.9,-36.610355,174.780651,3,True
esp32_device_001,2025-10-18T10:22:33.166667+13:00,74.3,-36.610280,174.780726,3,True
esp32_device_001,2025-10-18T10:22:34+13:00,73.6,-36.610241,174.780731,3,False
esp32_device_001,2025-10-18T10:22:35.250000+13:00,72.2,-36.610103,174.780963,3,True
esp32_device_001,2025-10-18T10:22:36.500000+13:00,70.9,-36.610061,174.781046,3,True
esp32_device_001,2025-10-18T10:22:37.750000+13:00,69.5,-36.610007,174.781160,3,True
esp32_device_001,2025-10-18T10:22:39+13:00,68.2,-36.609901,174.781403,3,False
esp32_device_001,2025-10-18T10:22:41.500000+13:00,66.2,-36.609917,174.781437,3,True
esp32_device_001,2025-10-18T10:22:44+13:00,64.3,-36.609623,174.782242,3,False
esp32_device_001,2025-10-18T10:22:44.714286+13:00,63.9,-36.609606,174.782367,3,True
esp32_device_001,2025-10-18T10:22:45.428571+13:00,63.6,-36.609561,174.782467,3,True
esp32_device_001,2025-10-18T10:22:46.142857+13:00,63.2,-36.609536,174.782519,3,True
esp32_device_001,2025-10-18T10:22:46.857143+13:00,62.8,-36.609453,174.782670,3,True
esp32_device_001,2025-10-18T10:22:47.571429+13:00,62.4,-36.609367,174.782800,3,True
esp32_device_001,2025-10-18T10:22:48.285714+13:00,62.1,-36.609276,174.782917,3,True
esp32_device_001,2025-10-18T10:22:49+13:00,61.7,-36.60918,174.782974,3,False
esp32_device_001,2025-10-18T10:22:50.666667+13:00,61.9,-36.609180,174.783031,3,True
esp32_device_001,2025-10-18T10:22:52.333333+13:00,62.0,-36.608946,174.783241,3,True
esp32_device_001,2025-10-18T10:22:54+13:00,62.2,-36.60857,174.783539,3,False
esp32_device_001,2025-10-18T10:22:55.666667+13:00,63.5,-36.608449,174.783689,3,True
esp32_device_001,2025-10-18T10:22:57.333333+13:00,64.7,-36.608013,174.784081,3,True
esp32_device_001,2025-10-18T10:22:59+13:00,66,-36.607983,174.784058,3,False
esp32_device_001,2025-10-18T10:23:01.500000+13:00,66.8,-36.607484,174.784558,3,True
esp32_device_001,2025-10-18T10:23:04+13:00,67.5,-36.607433,174.784561,3,False
esp32_device_001,2025-10-18T10:23:06.500000+13:00,66.7,-36.606981,174.785015,3,True
esp32_device_001,2025-10-18T10:23:09+13:00,65.8,-36.606918,174.785034,3,False
esp32_device_001,2025-10-18T10:23:11.500000+13:00,63.2,-36.606576,174.785376,3,True
esp32_device_001,2025-10-18T10:23:14+13:00,60.7,-36.606396,174.785492,3,False
esp32_device_001,2025-10-18T10:23:19+13:00,55.6,-36.605869,174.785965,3,False
esp32_device_001,2025-10-18T10:23:20+13:00,54.6,-36.605788,174.786079,3,True
esp32_device_001,2025-10-18T10:23:21+13:00,53.5,-36.605587,174.786292,3,True
esp32_device_001,2025-10-18T10:23:22+13:00,52.5,-36.605521,174.786380,3,True
esp32_device_001,2025-10-18T10:23:23+13:00,51.4,-36.605463,174.786476,3,True
esp32_device_001,2025-10-18T10:23:24+13:00,50.4,-36.605415,174.786514,3,False
esp32_device_001,2025-10-18T10:23:24.833333+13:00,49.0,-36.605418,174.786562,3,True
esp32_device_001,2025-10-18T10:23:25.666667+13:00,47.7,-36.605379,174.786658,3,True
esp32_device_001,2025-10-18T10:23:26.500000+13:00,46.3,-36.605344,174.786755,3,True
esp32_device_001,2025-10-18T10:23:27.333333+13:00,44.9,-36.605316,174.786860,3,True
esp32_device_001,2025-10-18T10:23:28.166667+13:00,43.6,-36.605279,174.787059,3,True
esp32_device_001,2025-10-18T10:23:29+13:00,42.2,-36.605232,174.787277,3,False
esp32_device_001,2025-10-18T10:23:34+13:00,34.2,-36.605141,174.788101,3,False
esp32_device_001,2025-10-18T10:23:36.500000+13:00,31.6,-36.605073,174.788703,3,True
esp32_device_001,2025-10-18T10:23:39+13:00,28.9,-36.60503,174.78891,3,False
esp32_device_001,2025-10-18T10:23:41.500000+13:00,26.6,-36.604989,174.789355,3,True
esp32_device_001,2025-10-18T10:23:44+13:00,24.3,-36.604912,174.789734,3,False
esp32_device_001,2025-10-18T10:23:45+13:00,23.4,-36.604900,174.789963,3,True
esp32_device_001,2025-10-18T10:23:46+13:00,22.5,-36.604878,174.790160,3,True
esp32_device_001,2025-10-18T10:23:47+13:00,21.5,-36.604861,174.790365,3,True
esp32_device_001,2025-10-18T10:23:48+13:00,20.6,-36.604857,174.790521,3,True
esp32_device_001,2025-10-18T10:23:49+13:00,19.7,-36.604843,174.790573,3,False
esp32_device_001,2025-10-18T10:23:50.666667+13:00,18.5,-36.604858,174.790656,3,True
esp32_device_001,2025-10-18T10:23:52.333333+13:00,17.2,-36.604893,174.791112,3,True
esp32_device_001,2025-10-18T10:23:54+13:00,16,-36.604916,174.791443,3,False
esp32_device_001,2025-10-18T10:23:56.500000+13:00,18.9,-36.604955,174.791624,3,True
esp32_device_001,2025-10-18T10:23:59+13:00,21.7,-36.605011,174.792282,3,False
esp32_device_001,2025-10-18T10:24:01.500000+13:00,26.0,-36.605117,174.792976,3,True
esp32_device_001,2025-10-18T10:24:04+13:00,30.3,-36.605106,174.793045,3,False
esp32_device_001,2025-10-18T10:24:05+13:00,31.6,-36.605172,174.793455,3,True
esp32_device_001,2025-10-18T10:24:06+13:00,33.0,-36.605180,174.793563,3,True
esp32_device_001,2025-10-18T10:24:07+13:00,34.3,-36.605186,174.793658,3,True
esp32_device_001,2025-10-18T10:24:08+13:00,35.7,-36.605184,174.793754,3,True
esp32_device_001,2025-10-18T10:24:09+13:00,37,-36.605164,174.793777,3,False
esp32_device_001,2025-10-18T10:24:10.666667+13:00,38.7,-36.605175,174.793832,3,True
esp32_device_001,2025-10-18T10:24:12.333333+13:00,40.4,-36.605161,174.793931,3,True
esp32_device_001,2025-10-18T10:24:14+13:00,42.1,-36.60503,174.794495,3,False
esp32_device_001,2025-10-18T10:24:16.500000+13:00,43.9,-36.604989,174.794807,3,True
esp32_device_001,2025-10-18T10:24:19+13:00,45.6,-36.604874,174.795273,3,False
esp32_device_001,2025-10-18T10:24:20.666667+13:00,46.9,-36.604846,174.795514,3,True
esp32_device_001,2025-10-18T10:24:22.333333+13:00,48.1,-36.604755,174.795973,3,True
esp32_device_001,2025-10-18T10:24:24+13:00,49.4,-36.604721,174.796051,3,False
esp32_device_001,2025-10-18T10:24:24.833333+13:00,49.8,-36.604700,174.796218,3,True
esp32_device_001,2025-10-18T10:24:25.666667+13:00,50.3,-36.604663,174.796340,3,True
esp32_device_001,2025-10-18T10:24:26.500000+13:00,50.7,-36.604641,174.796412,3,True
esp32_device_001,2025-10-18T10:24:27.333333+13:00,51.1,-36.604613,174.796482,3,True
esp32_device_001,2025-10-18T10:24:28.166667+13:00,51.6,-36.604561,174.796597,3,True
esp32_device_001,2025-10-18T10:24:29+13:00,52,-36.604477,174.796722,3,False
esp32_device_001,2025-10-18T10:24:31.500000+13:00,52.1,-36.604265,174.797153,3,True
esp32_device_001,2025-10-18T10:24:34+13:00,52.2,-36.60413,174.797363,3,False
esp32_device_001,2025-10-18T10:24:34.106383+13:00,52.2,-36.603838,174.797944,3,True
esp32_device_001,2025-10-18T10:24:34.212766+13:00,52.2,-36.603792,174.798029,3,True
esp32_device_001,2025-10-18T10:24:34.319149+13:00,52.2,-36.603456,174.798650,3,True
esp32_device_001,2025-10-18T10:24:34.425532+13:00,52.2,-36.603219,174.799100,3,True
esp32_device_001,2025-10-18T10:24:34.531915+13:00,52.2,-36.603165,174.799204,3,True
esp32_device_001,2025-10-18T10:24:34.638298+13:00,52.2,-36.603118,174.799312,3,True
esp32_device_001,2025-10-18T10:24:34.744681+13:00,52.2,-36.603082,174.799420,3,True
esp32_device_001,2025-10-18T10:24:34.851064+13:00,52.3,-36.603066,174.799538,3,True
esp32_device_001,2025-10-18T10:24:34.957447+13:00,52.3,-36.603065,174.799637,3,True
esp32_device_001,2025-10-18T10:24:35.063830+13:00,52.3,-36.603076,174.799733,3,True
esp32_device_001,2025-10-18T10:24:35.170213+13:00,52.3,-36.603092,174.799818,3,True
esp32_device_001,2025-10-18T10:24:35.276596+13:00,52.3,-36.603110,174.799895,3,True
esp32_device_001,2025-10-18T10:24:35.382979+13:00,52.3,-36.603160,174.800101,3,True
esp32_device_001,2025-10-18T10:24:35.489362+13:00,52.3,-36.603250,174.800456,3,True
esp32_device_001,2025-10-18T10:24:35.595745+13:00,52.3,-36.603379,174.801004,3,True
esp32_device_001,2025-10-18T10:24:35.702128+13:00,52.3,-36.603411,174.801140,3,True
esp32_device_001,2025-10-18T10:24:35.808511+13:00,52.3,-36.603369,174.801157,3,True
esp32_device_001,2025-10-18T10:24:35.914894+13:00,52.3,-36.603341,174.801168,3,True
esp32_device_001,2025-10-18T10:24:36.021277+13:00,52.3,-36.602485,174.801496,3,True
esp32_device_001,2025-10-18T10:24:36.127660+13:00,52.3,-36.602455,174.801507,3,True
esp32_device_001,2025-10-18T10:24:36.234043+13:00,52.3,-36.602406,174.801527,3,True
esp32_device_001,2025-10-18T10:24:36.340426+13:00,52.3,-36.602353,174.801322,3,True
esp32_device_001,2025-10-18T10:24:36.446809+13:00,52.3,-36.602273,174.800989,3,True
esp32_device_001,2025-10-18T10:24:36.553191+13:00,52.4,-36.602258,174.800908,3,True
esp32_device_001,2025-10-18T10:24:36.659574+13:00,52.4,-36.602244,174.800811,3,True
esp32_device_001,2025-10-18T10:24:36.765957+13:00,52.4,-36.602114,174.799693,3,True
esp32_device_001,2025-10-18T10:24:36.872340+13:00,52.4,-36.602084,174.799410,3,True
esp32_device_001,2025-10-18T10:24:36.978723+13:00,52.4,-36.602052,174.799127,3,True
esp32_device_001,2025-10-18T10:24:37.085106+13:00,52.4,-36.602050,174.799081,3,True
esp32_device_001,2025-10-18T10:24:37.191489+13:00,52.4,-36.602049,174.799033,3,True
esp32_device_001,2025-10-18T10:24:37.297872+13:00,52.4,-36.602055,174.798990,3,True
esp32_device_001,2025-10-18T10:24:37.404255+13:00,52.4,-36.602065,174.798941,3,True
esp32_device_001,2025-10-18T10:24:37.510638+13:00,52.4,-36.602079,174.798889,3,True
esp32_device_001,2025-10-18T10:24:37.617021+13:00,52.4,-36.602103,174.798823,3,True
esp32_device_001,2025-10-18T10:24:37.723404+13:00,52.4,-36.602126,174.798770,3,True
esp32_device_001,2025-10-18T10:24:37.829787+13:00,52.4,-36.602450,174.798157,3,True
esp32_device_001,2025-10-18T10:24:37.936170+13:00,52.4,-36.602637,174.797810,3,True
esp32_device_001,2025-10-18T10:24:38.042553+13:00,52.4,-36.602663,174.797757,3,True
esp32_device_001,2025-10-18T10:24:38.148936+13:00,52.4,-36.602689,174.797699,3,True
esp32_device_001,2025-10-18T10:24:38.255319+13:00,52.5,-36.602722,174.797614,3,True
esp32_device_001,2025-10-18T10:24:38.361702+13:00,52.5,-36.602781,174.797447,3,True
esp32_device_001,2025-10-18T10:24:38.468085+13:00,52.5,-36.602807,174.797371,3,True
esp32_device_001,2025-10-18T10:24:38.574468+13:00,52.5,-36.602847,174.797392,3,True
esp32_device_001,2025-10-18T10:24:38.680851+13:00,52.5,-36.602863,174.797400,3,True
esp32_device_001,2025-10-18T10:24:38.787234+13:00,52.5,-36.603286,174.797611,3,True
esp32_device_001,2025-10-18T10:24:38.893617+13:00,52.5,-36.603754,174.797996,3,True
esp32_device_001,2025-10-18T10:24:39+13:00,52.5,-36.603783,174.797989,3,False
esp32_device_001,2025-10-18T10:24:41.500000+13:00,52.5,-36.603792,174.798029,3,True
esp32_device_001,2025-10-18T10:24:44+13:00,52.4,-36.603436,174.79863,3,False
esp32_device_001,2025-10-18T10:24:45.666667+13:00,52.5,-36.603219,174.799100,3,True
esp32_device_001,2025-10-18T10:24:47.333333+13:00,52.6,-36.603165,174.799204,3,True
esp32_device_001,2025-10-18T10:24:49+13:00,52.7,-36.603111,174.79924,3,False
esp32_device_001,2025-10-18T10:24:49.714286+13:00,52.6,-36.603118,174.799312,3,True
esp32_device_001,2025-10-18T10:24:50.428571+13:00,52.6,-36.603082,174.799420,3,True
esp32_device_001,2025-10-18T10:24:51.142857+13:00,52.5,-36.603066,174.799538,3,True
esp32_device_001,2025-10-18T10:24:51.857143+13:00,52.5,-36.603065,174.799637,3,True
esp32_device_001,2025-10-18T10:24:52.571429+13:00,52.4,-36.603076,174.799733,3,True
esp32_device_001,2025-10-18T10:24:53.285714+13:00,52.4,-36.603092,174.799818,3,True
esp32_device_001,2025-10-18T10:24:54+13:00,52.3,-36.603085,174.799911,3,False
esp32_device_001,2025-10-18T10:24:55.666667+13:00,52.2,-36.603160,174.800101,3,True
esp32_device_001,2025-10-18T10:24:57.333333+13:00,52.1,-36.603250,174.800456,3,True
esp32_device_001,2025-10-18T10:24:59+13:00,52,-36.603264,174.800644,3,False
esp32_device_001,2025-10-18T10:25:00.250000+13:00,51.9,-36.603379,174.801004,3,True
esp32_device_001,2025-10-18T10:25:01.500000+13:00,51.9,-36.603411,174.801140,3,True
esp32_device_001,2025-10-18T10:25:02.750000+13:00,51.8,-36.603446,174.801282,3,True
esp32_device_001,2025-10-18T10:25:04+13:00,51.7,-36.603439,174.801376,3,False
esp32_device_001,2025-10-18T10:25:09+13:00,52.5,-36.603588,174.802002,3,False
esp32_device_001,2025-10-18T10:25:09.833333+13:00,52.5,-36.603639,174.802077,3,True
esp32_device_001,2025-10-18T10:25:10.666667+13:00,52.4,-36.603662,174.802168,3,True
esp32_device_001,2025-10-18T10:25:11.500000+13:00,52.4,-36.603695,174.802307,3,True
esp32_device_001,2025-10-18T10:25:12.333333+13:00,52.4,-36.603749,174.802281,3,True
esp32_device_001,2025-10-18T10:25:13.166667+13:00,52.3,-36.603801,174.802271,3,True
esp32_device_001,2025-10-18T10:25:14+13:00,52.3,-36.603855,174.802277,3,False
esp32_device_001,2025-10-18T10:25:15.666667+13:00,52.5,-36.603918,174.802283,3,True
esp32_device_001,2025-10-18T10:25:17.333333+13:00,52.6,-36.604083,174.802380,3,True
esp32_device_001,2025-10-18T10:25:19+13:00,52.8,-36.604271,174.802521,3,False
esp32_device_001,2025-10-18T10:25:21.500000+13:00,53.5,-36.604346,174.802540,3,True
esp32_device_001,2025-10-18T10:25:24+13:00,54.1,-36.60463,174.802734,3,False
esp32_device_001,2025-10-18T16:50:33+13:00,53.5,-36.604797,174.802658,4,False
esp32_device_001,2025-10-18T16:50:38+13:00,54.4,-36.604759,174.802719,4,False
esp32_device_001,2025-10-18T16:53:06+13:00,52.6,-36.604507,174.802612,4,False
esp32_device_001,2025-10-18T16:53:08.500000+13:00,51.9,-36.604346,174.802540,4,True
esp32_device_001,2025-10-18T16:53:11+13:00,51.2,-36.604214,174.802444,4,False
esp32_device_001,2025-10-18T16:53:12.666667+13:00,51.2,-36.604083,174.802380,4,True
esp32_device_001,2025-10-18T16:53:14.333333+13:00,51.2,-36.603918,174.802283,4,True
esp32_device_001,2025-10-18T16:53:16+13:00,51.2,-36.603905,174.802246,4,False
esp32_device_001,2025-10-18T16:53:21+13:00,50.6,-36.603687,174.802124,4,False
esp32_device_001,2025-10-18T16:53:22.666667+13:00,50.3,-36.603662,174.802168,4,True
esp32_device_001,2025-10-18T16:53:24.333333+13:00,50.0,-36.603639,174.802077,4,True
esp32_device_001,2025-10-18T16:53:26+13:00,49.7,-36.603577,174.801788,4,False
esp32_device_001,2025-10-18T16:53:28.500000+13:00,49.5,-36.603446,174.801282,4,True
esp32_device_001,2025-10-18T16:53:31+13:00,49.3,-36.603443,174.801224,4,False
esp32_device_001,2025-10-18T16:53:32.666667+13:00,49.3,-36.603411,174.801140,4,True
esp32_device_001,2025-10-18T16:53:34.333333+13:00,49.3,-36.603379,174.801004,4,True
esp32_device_001,2025-10-18T16:53:36+13:00,49.3,-36.603279,174.800552,4,False
esp32_device_001,2025-10-18T16:53:37.250000+13:00,49.2,-36.603250,174.800456,4,True
esp32_device_001,2025-10-18T16:53:38.500000+13:00,49.1,-36.603160,174.800101,4,True
esp32_device_001,2025-10-18T16:53:39.750000+13:00,49.1,-36.603110,174.799895,4,True
esp32_device_001,2025-10-18T16:53:41+13:00,49,-36.6031,174.79985,4,False
esp32_device_001,2025-10-18T16:53:41.625000+13:00,49.0,-36.603092,174.799818,4,True
esp32_device_001,2025-10-18T16:53:42.250000+13:00,49.0,-36.603076,174.799733,4,True
esp32_device_001,2025-10-18T16:53:42.875000+13:00,49.0,-36.603065,174.799637,4,True
esp32_device_001,2025-10-18T16:53:43.500000+13:00,49.0,-36.603066,174.799538,4,True
esp32_device_001,2025-10-18T16:53:44.125000+13:00,49.0,-36.603082,174.799420,4,True
esp32_device_001,2025-10-18T16:53:44.750000+13:00,49.0,-36.603118,174.799312,4,True
esp32_device_001,2025-10-18T16:53:45.375000+13:00,49.0,-36.603165,174.799204,4,True
esp32_device_001,2025-10-18T16:53:46+13:00,49,-36.603191,174.799164,4,False
esp32_device_001,2025-10-18T16:53:47.666667+13:00,48.8,-36.603219,174.799100,4,True
esp32_device_001,2025-10-18T16:53:49.333333+13:00,48.6,-36.603456,174.798650,4,True
esp32_device_001,2025-10-18T16:53:51+13:00,48.4,-36.603527,174.798523,4,False
esp32_device_001,2025-10-18T16:53:52.666667+13:00,48.4,-36.603792,174.798029,4,True
esp32_device_001,2025-10-18T16:53:54.333333+13:00,48.4,-36.603838,174.797944,4,True
esp32_device_001,2025-10-18T16:53:56+13:00,48.4,-36.603893,174.797852,4,False
esp32_device_001,2025-10-18T16:54:01+13:00,48.8,-36.604263,174.79718,4,False
esp32_device_001,2025-10-18T16:54:02.666667+13:00,48.6,-36.604265,174.797153,4,True
esp32_device_001,2025-10-18T16:54:04.333333+13:00,48.5,-36.604561,174.796597,4,True
esp32_device_001,2025-10-18T16:54:06+13:00,48.3,-36.604614,174.796494,4,False
esp32_device_001,2025-10-18T16:54:07+13:00,48.0,-36.604641,174.796412,4,True
esp32_device_001,2025-10-18T16:54:08+13:00,47.8,-36.604663,174.796340,4,True
esp32_device_001,2025-10-18T16:54:09+13:00,47.5,-36.604700,174.796218,4,True
esp32_device_001,2025-10-18T16:54:10+13:00,47.3,-36.604755,174.795973,4,True
esp32_device_001,2025-10-18T16:54:11+13:00,47,-36.604843,174.795761,4,False
esp32_device_001,2025-10-18T16:54:13.500000+13:00,44.0,-36.604846,174.795514,4,True
esp32_device_001,2025-10-18T16:54:16+13:00,41.1,-36.604977,174.794998,4,False
esp32_device_001,2025-10-18T16:54:18.500000+13:00,38.7,-36.604989,174.794807,4,True
esp32_device_001,2025-10-18T16:54:21+13:00,36.3,-36.605125,174.79422,4,False
esp32_device_001,2025-10-18T16:54:21.714286+13:00,36.3,-36.605161,174.793931,4,True
esp32_device_001,2025-10-18T16:54:22.428571+13:00,36.3,-36.605175,174.793832,4,True
esp32_device_001,2025-10-18T16:54:23.142857+13:00,36.3,-36.605184,174.793754,4,True
esp32_device_001,2025-10-18T16:54:23.857143+13:00,36.3,-36.605186,174.793658,4,True
esp32_device_001,2025-10-18T16:54:24.571429+13:00,36.3,-36.605180,174.793563,4,True
esp32_device_001,2025-10-18T16:54:25.285714+13:00,36.3,-36.605172,174.793455,4,True
esp32_device_001,2025-10-18T16:54:26+13:00,36.3,-36.60519,174.793411,4,False
esp32_device_001,2025-10-18T16:54:28.500000+13:00,28.4,-36.605117,174.792976,4,True
esp32_device_001,2025-10-18T16:54:31+13:00,20.5,-36.605087,174.792618,4,False
esp32_device_001,2025-10-18T16:54:36+13:00,12.1,-36.604992,174.791809,4,False
esp32_device_001,2025-10-18T16:54:37.666667+13:00,12.3,-36.604955,174.791624,4,True
esp32_device_001,2025-10-18T16:54:39.333333+13:00,12.6,-36.604893,174.791112,4,True
esp32_device_001,2025-10-18T16:54:41+13:00,12.8,-36.6049,174.791,4,False
esp32_device_001,2025-10-18T16:54:42.250000+13:00,13.8,-36.604858,174.790656,4,True
esp32_device_001,2025-10-18T16:54:43.500000+13:00,14.8,-36.604857,174.790521,4,True
esp32_device_001,2025-10-18T16:54:44.750000+13:00,15.9,-36.604861,174.790365,4,True
esp32_device_001,2025-10-18T16:54:46+13:00,16.9,-36.604889,174.790207,4,False
esp32_device_001,2025-10-18T16:54:47.666667+13:00,18.5,-36.604878,174.790160,4,True
esp32_device_001,2025-10-18T16:54:49.333333+13:00,20.2,-36.604900,174.789963,4,True
esp32_device_001,2025-10-18T16:54:51+13:00,21.8,-36.605,174.789383,4,False
esp32_device_001,2025-10-18T16:54:52.666667+13:00,23.5,-36.604989,174.789355,4,True
esp32_device_001,2025-10-18T16:54:54.333333+13:00,25.2,-36.605073,174.788703,4,True
esp32_device_001,2025-10-18T16:54:56+13:00,26.9,-36.605106,174.788544,4,False
esp32_device_001,2025-10-18T16:55:01+13:00,26.9,-36.605217,174.787674,4,False
esp32_device_001,2025-10-18T16:55:03.500000+13:00,33.7,-36.605279,174.787059,4,True
esp32_device_001,2025-10-18T16:55:06+13:00,40.5,-36.605335,174.78688,4,False
esp32_device_001,2025-10-18T16:55:06.625000+13:00,41.4,-36.605316,174.786860,4,True
esp32_device_001,2025-10-18T16:55:07.250000+13:00,42.2,-36.605344,174.786755,4,True
esp32_device_001,2025-10-18T16:55:07.875000+13:00,43.0,-36.605379,174.786658,4,True
esp32_device_001,2025-10-18T16:55:08.500000+13:00,43.9,-36.605418,174.786562,4,True
esp32_device_001,2025-10-18T16:55:09.125000+13:00,44.8,-36.605463,174.786476,4,True
esp32_device_001,2025-10-18T16:55:09.750000+13:00,45.6,-36.605521,174.786380,4,True
esp32_device_001,2025-10-18T16:55:10.375000+13:00,46.4,-36.605587,174.786292,4,True
esp32_device_001,2025-10-18T16:55:11+13:00,47.3,-36.605648,174.78624,4,False
esp32_device_001,2025-10-18T16:55:13.500000+13:00,50.0,-36.605788,174.786079,4,True
esp32_device_001,2025-10-18T16:55:16+13:00,52.6,-36.606152,174.785767,4,False
esp32_device_001,2025-10-18T16:55:18.500000+13:00,55.8,-36.606576,174.785376,4,True
esp32_device_001,2025-10-18T16:55:21+13:00,58.9,-36.606686,174.785278,4,False
esp32_device_001,2025-10-18T16:55:23.500000+13:00,61.1,-36.606981,174.785015,4,True
esp32_device_001,2025-10-18T16:55:26+13:00,63.3,-36.607204,174.784821,4,False
esp32_device_001,2025-10-18T16:55:28.500000+13:00,63.5,-36.607484,174.784558,4,True
esp32_device_001,2025-10-18T16:55:31+13:00,63.8,-36.607769,174.784302,4,False
esp32_device_001,2025-10-18T16:55:33.500000+13:00,62.2,-36.608013,174.784081,4,True
esp32_device_001,2025-10-18T16:55:36+13:00,60.6,-36.608372,174.783768,4,False
esp32_device_001,2025-10-18T16:55:37.666667+13:00,60.6,-36.608449,174.783689,4,True
esp32_device_001,2025-10-18T16:55:39.333333+13:00,60.6,-36.608946,174.783241,4,True
esp32_device_001,2025-10-18T16:55:41+13:00,60.6,-36.608967,174.783234,4,False
esp32_device_001,2025-10-18T16:55:42+13:00,60.6,-36.609180,174.783031,4,True
esp32_device_001,2025-10-18T16:55:43+13:00,60.6,-36.609276,174.782917,4,True
esp32_device_001,2025-10-18T16:55:44+13:00,60.6,-36.609367,174.782800,4,True
esp32_device_001,2025-10-18T16:55:45+13:00,60.6,-36.609453,174.782670,4,True
esp32_device_001,2025-10-18T16:55:46+13:00,60.6,-36.609474,174.782639,4,False
esp32_device_001,2025-10-18T16:55:47+13:00,60.6,-36.609536,174.782519,4,True
esp32_device_001,2025-10-18T16:55:48+13:00,60.6,-36.609561,174.782467,4,True
esp32_device_001,2025-10-18T16:55:49+13:00,60.6,-36.609606,174.782367,4,True
esp32_device_001,2025-10-18T16:55:50+13:00,60.6,-36.609653,174.782248,4,True
esp32_device_001,2025-10-18T16:55:51+13:00,60.6,-36.609795,174.78186,4,False
esp32_device_001,2025-10-18T16:55:52.666667+13:00,60.6,-36.609917,174.781437,4,True
esp32_device_001,2025-10-18T16:55:54.333333+13:00,60.6,-36.610007,174.781160,4,True
esp32_device_001,2025-10-18T16:55:56+13:00,60.6,-36.610073,174.781067,4,False
esp32_device_001,2025-10-18T16:55:56.833333+13:00,60.6,-36.610103,174.780963,4,True
esp32_device_001,2025-10-18T16:55:57.666667+13:00,60.6,-36.610280,174.780726,4,True
esp32_device_001,2025-10-18T16:55:58.500000+13:00,60.6,-36.610355,174.780651,4,True
esp32_device_001,2025-10-18T16:55:59.333333+13:00,60.6,-36.610433,174.780591,4,True
esp32_device_001,2025-10-18T16:56:00.166667+13:00,60.6,-36.610519,174.780537,4,True
esp32_device_001,2025-10-18T16:56:01+13:00,60.6,-36.610558,174.780533,4,False
esp32_device_001,2025-10-18T16:56:02+13:00,60.6,-36.610602,174.780488,4,True
esp32_device_001,2025-10-18T16:56:03+13:00,60.6,-36.610775,174.780398,4,True
esp32_device_001,2025-10-18T16:56:04+13:00,60.6,-36.610853,174.780359,4,True
esp32_device_001,2025-10-18T16:56:05+13:00,60.6,-36.610932,174.780316,4,True
esp32_device_001,2025-10-18T16:56:06+13:00,60.6,-36.611137,174.780212,4,False
esp32_device_001,2025-10-18T16:56:07+13:00,60.6,-36.611178,174.780210,4,True
esp32_device_001,2025-10-18T16:56:08+13:00,60.6,-36.611301,174.780129,4,True
esp32_device_001,2025-10-18T16:56:09+13:00,60.6,-36.611409,174.780034,4,True
esp32_device_001,2025-10-18T16:56:10+13:00,60.6,-36.611529,174.779893,4,True
esp32_device_001,2025-10-18T16:56:11+13:00,60.6,-36.611546,174.779846,4,False
esp32_device_001,2025-10-18T16:56:11.500000+13:00,60.6,-36.611619,174.779769,4,True
esp32_device_001,2025-10-18T16:56:12+13:00,60.6,-36.611659,174.779696,4,True
esp32_device_001,2025-10-18T16:56:12.500000+13:00,60.6,-36.611677,174.779706,4,True
esp32_device_001,2025-10-18T16:56:13+13:00,60.6,-36.611703,174.779710,4,True
esp32_device_001,2025-10-18T16:56:13.500000+13:00,60.6,-36.611721,174.779707,4,True
esp32_device_001,2025-10-18T16:56:14+13:00,60.6,-36.611738,174.779698,4,True
esp32_device_001,2025-10-18T16:56:14.500000+13:00,60.6,-36.611758,174.779679,4,True
esp32_device_001,2025-10-18T16:56:15+13:00,60.6,-36.611772,174.779654,4,True
esp32_device_001,2025-10-18T16:56:15.500000+13:00,60.6,-36.611778,174.779625,4,True
esp32_device_001,2025-10-18T16:56:16+13:00,60.6,-36.611771,174.779587,4,False
esp32_device_001,2025-10-18T16:56:17+13:00,60.6,-36.611773,174.779570,4,True
esp32_device_001,2025-10-18T16:56:18+13:00,60.6,-36.611763,174.779550,4,True
esp32_device_001,2025-10-18T16:56:19+13:00,60.6,-36.611761,174.779548,4,True
esp32_device_001,2025-10-18T16:56:20+13:00,60.6,-36.611785,174.779398,4,True
esp32_device_001,2025-10-18T16:56:21+13:00,60.6,-36.611835,174.779114,4,False
esp32_device_001,2025-10-18T16:56:22+13:00,60.6,-36.611847,174.779066,4,True
esp32_device_001,2025-10-18T16:56:23+13:00,60.6,-36.611855,174.779023,4,True
esp32_device_001,2025-10-18T16:56:24+13:00,60.6,-36.611880,174.778827,4,True
esp32_device_001,2025-10-18T16:56:25+13:00,60.6,-36.611958,174.778444,4,True
esp32_device_001,2025-10-18T16:56:26+13:00,60.6,-36.611977,174.778397,4,False
esp32_device_001,2025-10-18T16:56:27.250000+13:00,60.6,-36.611996,174.778284,4,True
esp32_device_001,2025-10-18T16:56:28.500000+13:00,60.6,-36.612071,174.778024,4,True
esp32_device_001,2025-10-18T16:56:29.750000+13:00,60.6,-36.612162,174.777780,4,True
esp32_device_001,2025-10-18T16:56:31+13:00,60.6,-36.612251,174.777603,4,False
esp32_device_001,2025-10-18T16:56:36+13:00,60.6,-36.612606,174.776917,4,False
esp32_device_001,2025-10-18T16:56:38.500000+13:00,60.6,-36.612782,174.776527,4,True
esp32_device_001,2025-10-18T16:56:41+13:00,60.6,-36.612949,174.776215,4,False
esp32_device_001,2025-10-18T16:56:42.666667+13:00,60.6,-36.613155,174.775781,4,True
esp32_device_001,2025-10-18T16:56:44.333333+13:00,60.6,-36.613239,174.775635,4,True
esp32_device_001,2025-10-18T16:56:46+13:00,60.6,-36.613312,174.775558,4,False
esp32_device_001,2025-10-18T16:56:46.833333+13:00,60.6,-36.613356,174.775474,4,True
esp32_device_001,2025-10-18T16:56:47.666667+13:00,60.6,-36.613423,174.775400,4,True
esp32_device_001,2025-10-18T16:56:48.500000+13:00,60.6,-36.613517,174.775306,4,True
esp32_device_001,2025-10-18T16:56:49.333333+13:00,60.6,-36.613628,174.775212,4,True
esp32_device_001,2025-10-18T16:56:50.166667+13:00,60.6,-36.613761,174.775123,4,True
esp32_device_001,2025-10-18T16:56:51+13:00,60.6,-36.613819,174.775101,4,False
esp32_device_001,2025-10-18T16:56:51.833333+13:00,60.6,-36.613899,174.775046,4,True
esp32_device_001,2025-10-18T16:56:52.666667+13:00,60.6,-36.614041,174.774989,4,True
esp32_device_001,2025-10-18T16:56:53.500000+13:00,60.6,-36.614184,174.774954,4,True
esp32_device_001,2025-10-18T16:56:54.333333+13:00,60.6,-36.614311,174.774933,4,True
esp32_device_001,2025-10-18T16:56:55.166667+13:00,60.6,-36.614417,174.774926,4,True
esp32_device_001,2025-10-18T16:56:56+13:00,60.6,-36.614464,174.774948,4,False
esp32_device_001,2025-10-18T16:56:57.666667+13:00,60.6,-36.614610,174.774923,4,True
esp32_device_001,2025-10-18T16:56:59.333333+13:00,60.6,-36.615019,174.774918,4,True
esp32_device_001,2025-10-18T16:57:01+13:00,60.6,-36.615143,174.774933,4,False
esp32_device_001,2025-10-18T16:57:01.833333+13:00,60.6,-36.615163,174.774910,4,True
esp32_device_001,2025-10-18T16:57:02.666667+13:00,60.6,-36.615336,174.774877,4,True
esp32_device_001,2025-10-18T16:57:03.500000+13:00,60.6,-36.615485,174.774830,4,True
esp32_device_001,2025-10-18T16:57:04.333333+13:00,60.6,-36.615606,174.774776,4,True
esp32_device_001,2025-10-18T16:57:05.166667+13:00,60.6,-36.615719,174.774716,4,True
esp32_device_001,2025-10-18T16:57:06+13:00,60.6,-36.615768,174.774704,4,False
esp32_device_001,2025-10-18T16:57:07.666667+13:00,60.6,-36.615842,174.774633,4,True
esp32_device_001,2025-10-18T16:57:09.333333+13:00,60.6,-36.616039,174.774493,4,True
esp32_device_001,2025-10-18T16:57:11+13:00,60.6,-36.616341,174.774307,4,False
esp32_device_001,2025-10-18T16:57:11.833333+13:00,60.6,-36.616414,174.774233,4,True
esp32_device_001,2025-10-18T16:57:12.666667+13:00,60.6,-36.616554,174.774143,4,True
esp32_device_001,2025-10-18T16:57:13.500000+13:00,60.6,-36.616699,174.774066,4,True
esp32_device_001,2025-10-18T16:57:14.333333+13:00,60.6,-36.616804,174.774024,4,True
esp32_device_001,2025-10-18T16:57:15.166667+13:00,60.6,-36.616928,174.773988,4,True
esp32_device_001,2025-10-18T16:57:16+13:00,60.6,-36.616951,174.774002,4,False
esp32_device_001,2025-10-18T16:57:17+13:00,60.6,-36.617045,174.773964,4,True
esp32_device_001,2025-10-18T16:57:18+13:00,60.6,-36.617160,174.773951,4,True
esp32_device_001,2025-10-18T16:57:19+13:00,60.6,-36.617234,174.773946,4,True
esp32_device_001,2025-10-18T16:57:20+13:00,60.6,-36.617366,174.773952,4,True
esp32_device_001,2025-10-18T16:57:21+13:00,60.6,-36.617638,174.774002,4,False
esp32_device_001,2025-10-18T16:57:22.250000+13:00,60.6,-36.617671,174.773983,4,True
esp32_device_001,2025-10-18T16:57:23.500000+13:00,60.6,-36.617987,174.774004,4,True
esp32_device_001,2025-10-18T16:57:24.750000+13:00,60.6,-36.618180,174.774008,4,True
esp32_device_001,2025-10-18T16:57:26+13:00,60.6,-36.61832,174.774017,4,False
esp32_device_001,2025-10-18T16:57:27.666667+13:00,60.6,-36.618894,174.773968,4,True
esp32_device_001,2025-10-18T16:57:29.333333+13:00,60.6,-36.618985,174.773956,4,True
esp32_device_001,2025-10-18T16:57:31+13:00,60.6,-36.619011,174.773956,4,False
esp32_device_001,2025-10-18T16:57:31.833333+13:00,60.6,-36.619073,174.773934,4,True
esp32_device_001,2025-10-18T16:57:32.666667+13:00,60.6,-36.619161,174.773898,4,True
esp32_device_001,2025-10-18T16:57:33.500000+13:00,60.6,-36.619405,174.773801,4,True
esp32_device_001,2025-10-18T16:57:34.333333+13:00,60.6,-36.619495,174.773766,4,True
esp32_device_001,2025-10-18T16:57:35.166667+13:00,60.6,-36.619588,174.773740,4,True
esp32_device_001,2025-10-18T16:57:36+13:00,60.6,-36.619663,174.773727,4,False
esp32_device_001,2025-10-18T16:57:38.500000+13:00,60.6,-36.619731,174.773712,4,True
esp32_device_001,2025-10-18T16:57:41+13:00,60.6,-36.620289,174.773621,4,False
esp32_device_001,2025-10-18T16:57:42.250000+13:00,60.6,-36.620670,174.773536,4,True
esp32_device_001,2025-10-18T16:57:43.500000+13:00,60.6,-36.620753,174.773517,4,True
esp32_device_001,2025-10-18T16:57:44.750000+13:00,60.6,-36.620826,174.773486,4,True
esp32_device_001,2025-10-18T16:57:46+13:00,60.6,-36.620888,174.773468,4,False
esp32_device_001,2025-10-18T16:57:46.833333+13:00,60.6,-36.620901,174.773457,4,True
esp32_device_001,2025-10-18T16:57:47.666667+13:00,60.6,-36.620970,174.773416,4,True
esp32_device_001,2025-10-18T16:57:48.500000+13:00,60.6,-36.621040,174.773359,4,True
esp32_device_001,2025-10-18T16:57:49.333333+13:00,60.6,-36.621110,174.773291,4,True
esp32_device_001,2025-10-18T16:57:50.166667+13:00,60.6,-36.621224,174.773141,4,True
esp32_device_001,2025-10-18T16:57:51+13:00,60.6,-36.621326,174.772964,4,False
esp32_device_001,2025-10-18T16:57:52.250000+13:00,60.6,-36.621433,174.772781,4,True
esp32_device_001,2025-10-18T16:57:53.500000+13:00,60.6,-36.621503,174.772687,4,True
esp32_device_001,2025-10-18T16:57:54.750000+13:00,60.6,-36.621576,174.772596,4,True
esp32_device_001,2025-10-18T16:57:56+13:00,60.6,-36.621765,174.772385,4,False
esp32_device_001,2025-10-18T16:57:57.666667+13:00,60.6,-36.621819,174.772336,4,True
esp32_device_001,2025-10-18T16:57:59.333333+13:00,60.6,-36.622053,174.772103,4,True
esp32_device_001,2025-10-18T16:58:01+13:00,60.6,-36.622269,174.771896,4,False
esp32_device_001,2025-10-18T16:58:02.666667+13:00,60.6,-36.622362,174.771785,4,True
esp32_device_001,2025-10-18T16:58:04.333333+13:00,60.6,-36.622616,174.771523,4,True
esp32_device_001,2025-10-18T16:58:06+13:00,60.6,-36.622761,174.771378,4,False
esp32_device_001,2025-10-18T16:58:07.666667+13:00,60.6,-36.622951,174.771178,4,True
esp32_device_001,2025-10-18T16:58:09.333333+13:00,60.6,-36.623134,174.770989,4,True
esp32_device_001,2025-10-18T16:58:11+13:00,60.6,-36.62328,174.770844,4,False
esp32_device_001,2025-10-18T16:58:16+13:00,60.6,-36.623806,174.770309,4,False
esp32_device_001,2025-10-18T16:58:17+13:00,60.6,-36.623832,174.770272,4,True
esp32_device_001,2025-10-18T16:58:18+13:00,60.6,-36.624027,174.770074,4,True
esp32_device_001,2025-10-18T16:58:19+13:00,60.6,-36.624125,174.769982,4,True
esp32_device_001,2025-10-18T16:58:20+13:00,60.6,-36.624228,174.769903,4,True
esp32_device_001,2025-10-18T16:58:21+13:00,60.6,-36.624348,174.769882,4,False
esp32_device_001,2025-10-18T16:58:22.666667+13:00,60.6,-36.624354,174.769851,4,True
esp32_device_001,2025-10-18T16:58:24.333333+13:00,60.6,-36.624457,174.769823,4,True
esp32_device_001,2025-10-18T16:58:26+13:00,60.6,-36.624977,174.769714,4,False
esp32_device_001,2025-10-18T16:58:28.500000+13:00,60.6,-36.625017,174.769697,4,True
esp32_device_001,2025-10-18T16:58:31+13:00,60.6,-36.625622,174.769577,4,False
esp32_device_001,2025-10-18T16:58:36+13:00,42,-36.62627,174.769424,4,False
esp32_device_001,2025-10-18T16:58:37.250000+13:00,41.3,-36.626606,174.769328,4,True
esp32_device_001,2025-10-18T16:58:38.500000+13:00,40.6,-36.626692,174.769309,4,True
esp32_device_001,2025-10-18T16:58:39.750000+13:00,40.0,-36.626872,174.769283,4,True
esp32_device_001,2025-10-18T16:58:41+13:00,39.3,-36.626915,174.769302,4,False
esp32_device_001,2025-10-18T16:58:42.666667+13:00,38.6,-36.627142,174.769252,4,True
esp32_device_001,2025-10-18T16:58:44.333333+13:00,37.9,-36.627409,174.769221,4,True
esp32_device_001,2025-10-18T16:58:46+13:00,37.2,-36.627567,174.769226,4,False
esp32_device_001,2025-10-18T16:58:46.833333+13:00,37.0,-36.627673,174.769186,4,True
esp32_device_001,2025-10-18T16:58:47.666667+13:00,36.8,-36.627775,174.769163,4,True
esp32_device_001,2025-10-18T16:58:48.500000+13:00,36.5,-36.627874,174.769128,4,True
esp32_device_001,2025-10-18T16:58:49.333333+13:00,36.3,-36.627971,174.769079,4,True
esp32_device_001,2025-10-18T16:58:50.166667+13:00,36.1,-36.628126,174.768961,4,True
esp32_device_001,2025-10-18T16:58:51+13:00,35.9,-36.628136,174.768936,4,False
esp32_device_001,2025-10-18T16:58:51.833333+13:00,35.6,-36.628163,174.768905,4,True
esp32_device_001,2025-10-18T16:58:52.666667+13:00,35.2,-36.628216,174.768816,4,True
esp32_device_001,2025-10-18T16:58:53.500000+13:00,34.9,-36.628263,174.768724,4,True
esp32_device_001,2025-10-18T16:58:54.333333+13:00,34.6,-36.628344,174.768510,4,True
esp32_device_001,2025-10-18T16:58:55.166667+13:00,34.2,-36.628416,174.768315,4,True
esp32_device_001,2025-10-18T16:58:56+13:00,33.9,-36.628437,174.768265,4,False
esp32_device_001,2025-10-18T16:58:56.833333+13:00,34.0,-36.628501,174.768115,4,True
esp32_device_001,2025-10-18T16:58:57.666667+13:00,34.1,-36.628566,174.768005,4,True
esp32_device_001,2025-10-18T16:58:58.500000+13:00,34.1,-36.628638,174.767915,4,True
esp32_device_001,2025-10-18T16:58:59.333333+13:00,34.2,-36.628722,174.767836,4,True
esp32_device_001,2025-10-18T16:59:00.166667+13:00,34.3,-36.628861,174.767741,4,True
esp32_device_001,2025-10-18T16:59:01+13:00,34.4,-36.628906,174.767715,4,False
esp32_device_001,2025-10-18T16:59:06+13:00,37,-36.629509,174.767349,4,False
esp32_device_001,2025-10-18T16:59:06.833333+13:00,37.4,-36.629632,174.767235,4,True
esp32_device_001,2025-10-18T16:59:07.666667+13:00,37.7,-36.629712,174.767156,4,True
esp32_device_001,2025-10-18T16:59:08.500000+13:00,38.1,-36.629783,174.767073,4,True
esp32_device_001,2025-10-18T16:59:09.333333+13:00,38.5,-36.629859,174.766949,4,True
esp32_device_001,2025-10-18T16:59:10.166667+13:00,38.8,-36.629914,174.766835,4,True
esp32_device_001,2025-10-18T16:59:11+13:00,39.2,-36.629944,174.766769,4,False
esp32_device_001,2025-10-18T16:59:12.250000+13:00,38.6,-36.629978,174.766648,4,True
esp32_device_001,2025-10-18T16:59:13.500000+13:00,38.0,-36.630032,174.766469,4,True
esp32_device_001,2025-10-18T16:59:14.750000+13:00,37.3,-36.630039,174.766448,4,True
esp32_device_001,2025-10-18T16:59:16+13:00,36.7,-36.630184,174.765991,4,False
esp32_device_001,2025-10-18T16:59:17.250000+13:00,36.0,-36.630208,174.765890,4,True
esp32_device_001,2025-10-18T16:59:18.500000+13:00,35.4,-36.630292,174.765650,4,True
esp32_device_001,2025-10-18T16:59:19.750000+13:00,34.7,-36.630399,174.765408,4,True
esp32_device_001,2025-10-18T16:59:21+13:00,34,-36.63047,174.765259,4,False
esp32_device_001,2025-10-18T16:59:26+13:00,31.8,-36.630798,174.764542,4,False
esp32_device_001,2025-10-18T16:59:27.666667+13:00,31.1,-36.630910,174.764276,4,True
esp32_device_001,2025-10-18T16:59:29.333333+13:00,30.5,-36.631059,174.764076,4,True
esp32_device_001,2025-10-18T16:59:31+13:00,29.8,-36.631123,174.764038,4,False
esp32_device_001,2025-10-18T16:59:31.714286+13:00,29.4,-36.631129,174.763999,4,True
esp32_device_001,2025-10-18T16:59:32.428571+13:00,28.9,-36.631158,174.763989,4,True
esp32_device_001,2025-10-18T16:59:33.142857+13:00,28.5,-36.631183,174.763967,4,True
esp32_device_001,2025-10-18T16:59:33.857143+13:00,28.1,-36.631303,174.763907,4,True
esp32_device_001,2025-10-18T16:59:34.571429+13:00,27.7,-36.631327,174.763895,4,True
esp32_device_001,2025-10-18T16:59:35.285714+13:00,27.2,-36.631510,174.763791,4,True
esp32_device_001,2025-10-18T16:59:36+13:00,26.8,-36.631603,174.763809,4,False
esp32_device_001,2025-10-18T16:59:37.250000+13:00,25.9,-36.631801,174.763758,4,True
esp32_device_001,2025-10-18T16:59:38.500000+13:00,25.0,-36.632107,174.763723,4,True
esp32_device_001,2025-10-18T16:59:39.750000+13:00,24.0,-36.632136,174.763720,4,True
esp32_device_001,2025-10-18T16:59:41+13:00,23.1,-36.632183,174.763733,4,False
esp32_device_001,2025-10-18T16:59:43.500000+13:00,21.6,-36.632644,174.763665,4,True
esp32_device_001,2025-10-18T16:59:46+13:00,20,-36.63282,174.763672,4,False
esp32_device_001,2025-10-18T16:59:51+13:00,17.4,-36.633484,174.763596,4,False
esp32_device_001,2025-10-18T16:59:53.500000+13:00,16.9,-36.633681,174.763542,4,True
esp32_device_001,2025-10-18T16:59:56+13:00,16.4,-36.634155,174.763489,4,False
esp32_device_001,2025-10-18T16:59:58.500000+13:00,16.1,-36.634709,174.763371,4,True
esp32_device_001,2025-10-18T17:00:01+13:00,15.8,-36.634785,174.763367,4,False
esp32_device_001,2025-10-18T17:00:02.250000+13:00,16.1,-36.634886,174.763306,4,True
esp32_device_001,2025-10-18T17:00:03.500000+13:00,16.3,-36.635056,174.763193,4,True
esp32_device_001,2025-10-18T17:00:04.750000+13:00,16.6,-36.635274,174.762977,4,True
esp32_device_001,2025-10-18T17:00:06+13:00,16.8,-36.6353,174.76297,4,False
esp32_device_001,2025-10-18T17:00:08.500000+13:00,16.6,-36.635620,174.762693,4,True
esp32_device_001,2025-10-18T17:00:11+13:00,16.4,-36.635857,174.762543,4,False
esp32_device_001,2025-10-18T17:00:13.500000+13:00,14.8,-36.636167,174.762302,4,True
esp32_device_001,2025-10-18T17:00:16+13:00,13.1,-36.636448,174.762115,4,False
esp32_device_001,2025-10-18T17:00:18.500000+13:00,11.1,-36.636547,174.762030,4,True
esp32_device_001,2025-10-18T17:00:21+13:00,9.1,-36.63707,174.761658,4,False
esp32_device_001,2025-10-18T17:00:22.666667+13:00,9.7,-36.637208,174.761532,4,True
esp32_device_001,2025-10-18T17:00:24.333333+13:00,10.2,-36.637412,174.761384,4,True
esp32_device_001,2025-10-18T17:00:26+13:00,10.8,-36.63763,174.761185,4,False
esp32_device_001,2025-10-18T17:00:28.500000+13:00,10.6,-36.637647,174.761152,4,True
esp32_device_001,2025-10-18T17:00:31+13:00,10.3,-36.638035,174.760529,4,False
esp32_device_001,2025-10-18T17:00:33.500000+13:00,11.2,-36.638161,174.760278,4,True
esp32_device_001,2025-10-18T17:00:36+13:00,12.1,-36.638432,174.759857,4,False
esp32_device_001,2025-10-18T17:00:38.500000+13:00,14.4,-36.638627,174.759486,4,True
esp32_device_001,2025-10-18T17:00:41+13:00,16.8,-36.638824,174.759171,4,False
esp32_device_001,2025-10-18T17:00:42.666667+13:00,18.5,-36.638994,174.758844,4,True
esp32_device_001,2025-10-18T17:00:44.333333+13:00,20.3,-36.639159,174.758596,4,True
esp32_device_001,2025-10-18T17:00:46+13:00,22,-36.639248,174.75853,4,False
esp32_device_001,2025-10-18T17:00:47.666667+13:00,23.6,-36.639322,174.758412,4,True
esp32_device_001,2025-10-18T17:00:49.333333+13:00,25.3,-36.639764,174.758133,4,True
esp32_device_001,2025-10-18T17:00:51+13:00,26.9,-36.639797,174.758133,4,False
esp32_device_001,2025-10-18T17:00:52.250000+13:00,28.1,-36.639826,174.758091,4,True
esp32_device_001,2025-10-18T17:00:53.500000+13:00,29.4,-36.639981,174.757993,4,True
esp32_device_001,2025-10-18T17:00:54.750000+13:00,30.6,-36.640226,174.757840,4,True
esp32_device_001,2025-10-18T17:00:56+13:00,31.8,-36.640377,174.757782,4,False
esp32_device_001,2025-10-18T17:00:57.250000+13:00,32.9,-36.640706,174.757545,4,True
esp32_device_001,2025-10-18T17:00:58.500000+13:00,34.0,-36.640773,174.757492,4,True
esp32_device_001,2025-10-18T17:00:59.750000+13:00,35.0,-36.640843,174.757424,4,True
esp32_device_001,2025-10-18T17:01:01+13:00,36.1,-36.640888,174.75737,4,False
esp32_device_001,2025-10-18T17:01:01.625000+13:00,36.1,-36.640912,174.757318,4,True
esp32_device_001,2025-10-18T17:01:02.250000+13:00,36.1,-36.640951,174.757222,4,True
esp32_device_001,2025-10-18T17:01:02.875000+13:00,36.1,-36.640977,174.757116,4,True
esp32_device_001,2025-10-18T17:01:03.500000+13:00,36.0,-36.640980,174.757038,4,True
esp32_device_001,2025-10-18T17:01:04.125000+13:00,36.0,-36.640982,174.756960,4,True
esp32_device_001,2025-10-18T17:01:04.750000+13:00,36.0,-36.640973,174.756866,4,True
esp32_device_001,2025-10-18T17:01:05.375000+13:00,36.0,-36.640947,174.756772,4,True
esp32_device_001,2025-10-18T17:01:06+13:00,36,-36.640942,174.756714,4,False
esp32_device_001,2025-10-18T17:01:08.500000+13:00,35.1,-36.640916,174.756683,4,True
esp32_device_001,2025-10-18T17:01:11+13:00,34.3,-36.640621,174.756042,4,False
esp32_device_001,2025-10-18T17:01:16+13:00,32.6,-36.64027,174.755341,4,False
esp32_device_001,2025-10-18T17:01:18.500000+13:00,32.5,-36.640234,174.755313,4,True
esp32_device_001,2025-10-18T17:01:21+13:00,32.4,-36.639912,174.754623,4,False
esp32_device_001,2025-10-18T17:01:23.500000+13:00,33.3,-36.639539,174.753929,4,True
esp32_device_001,2025-10-18T17:01:26+13:00,34.2,-36.639538,174.753906,4,False
esp32_device_001,2025-10-18T17:01:27+13:00,34.8,-36.639440,174.753758,4,True
esp32_device_001,2025-10-18T17:01:28+13:00,35.4,-36.639310,174.753585,4,True
esp32_device_001,2025-10-18T17:01:29+13:00,35.9,-36.639217,174.753461,4,True
esp32_device_001,2025-10-18T17:01:30+13:00,36.5,-36.639132,174.753354,4,True
esp32_device_001,2025-10-18T17:01:31+13:00,37.1,-36.639111,174.753265,4,False
esp32_device_001,2025-10-18T17:01:32.666667+13:00,37.7,-36.639032,174.753189,4,True
esp32_device_001,2025-10-18T17:01:34.333333+13:00,38.3,-36.639026,174.753179,4,True
esp32_device_001,2025-10-18T17:01:36+13:00,38.9,-36.638737,174.752625,4,False
esp32_device_001,2025-10-18T17:01:38.500000+13:00,38.7,-36.638620,174.752435,4,True
esp32_device_001,2025-10-18T17:01:41+13:00,38.5,-36.638374,174.751953,4,False
esp32_device_001,2025-10-18T17:01:43.500000+13:00,37.5,-36.638063,174.751422,4,True
esp32_device_001,2025-10-18T17:01:46+13:00,36.4,-36.638,174.751266,4,False
esp32_device_001,2025-10-18T17:01:51+13:00,37,-36.637623,174.75058,4,False
esp32_device_001,2025-10-18T17:01:53.500000+13:00,40.0,-36.637392,174.750191,4,True
esp32_device_001,2025-10-18T17:01:56+13:00,43,-36.637291,174.749969,4,False
esp32_device_001,2025-10-18T17:01:57.666667+13:00,44.1,-36.637263,174.749956,4,True
esp32_device_001,2025-10-18T17:01:59.333333+13:00,45.3,-36.637149,174.749748,4,True
esp32_device_001,2025-10-18T17:02:01+13:00,46.4,-36.637062,174.749557,4,False
esp32_device_001,2025-10-18T17:02:06+13:00,47.4,-36.636921,174.749298,4,False
esp32_device_001,2025-10-18T17:02:12.666667+13:00,47.3,-36.636906,174.749233,4,True
esp32_device_001,2025-10-18T17:02:19.333333+13:00,47.1,-36.636858,174.749144,4,True
esp32_device_001,2025-10-18T17:02:26+13:00,47,-36.636703,174.748932,4,False
esp32_device_001,2025-10-18T17:02:27.666667+13:00,47.0,-36.636655,174.748818,4,True
esp32_device_001,2025-10-18T17:02:29.333333+13:00,47.0,-36.636582,174.748742,4,True
esp32_device_001,2025-10-18T17:02:31+13:00,47,-36.636398,174.748596,4,False
esp32_device_001,2025-10-18T17:02:31.250000+13:00,47.0,-36.636338,174.748538,4,True
esp32_device_001,2025-10-18T17:02:31.500000+13:00,47.0,-36.636192,174.748413,4,True
esp32_device_001,2025-10-18T17:02:31.750000+13:00,47.0,-36.636098,174.748333,4,True
esp32_device_001,2025-10-18T17:02:32+13:00,47.0,-36.636073,174.748311,4,True
esp32_device_001,2025-10-18T17:02:32.250000+13:00,47.0,-36.635989,174.748239,4,True
esp32_device_001,2025-10-18T17:02:32.500000+13:00,46.9,-36.635909,174.748165,4,True
esp32_device_001,2025-10-18T17:02:32.750000+13:00,46.9,-36.635835,174.748095,4,True
esp32_device_001,2025-10-18T17:02:33+13:00,46.9,-36.635766,174.748024,4,True
esp32_device_001,2025-10-18T17:02:33.250000+13:00,46.9,-36.635697,174.747950,4,True
esp32_device_001,2025-10-18T17:02:33.500000+13:00,46.9,-36.635628,174.747866,4,True
esp32_device_001,2025-10-18T17:02:33.750000+13:00,46.9,-36.635567,174.747779,4,True
esp32_device_001,2025-10-18T17:02:34+13:00,46.9,-36.635519,174.747818,4,True
esp32_device_001,2025-10-18T17:02:34.250000+13:00,46.9,-36.635610,174.747944,4,True
esp32_device_001,2025-10-18T17:02:34.500000+13:00,46.9,-36.635719,174.748078,4,True
esp32_device_001,2025-10-18T17:02:34.750000+13:00,46.8,-36.635785,174.748147,4,True
esp32_device_001,2025-10-18T17:02:35+13:00,46.8,-36.635833,174.748195,4,True
esp32_device_001,2025-10-18T17:02:35.250000+13:00,46.8,-36.635850,174.748210,4,True
esp32_device_001,2025-10-18T17:02:35.500000+13:00,46.8,-36.635866,174.748225,4,True
esp32_device_001,2025-10-18T17:02:35.750000+13:00,46.8,-36.635940,174.748286,4,True
esp32_device_001,2025-10-18T17:02:36+13:00,46.8,-36.635986,174.748245,4,False
esp32_device_001,2025-10-18T17:02:37+13:00,46.4,-36.635909,174.748165,4,True
esp32_device_001,2025-10-18T17:02:38+13:00,45.9,-36.635835,174.748095,4,True
esp32_device_001,2025-10-18T17:02:39+13:00,45.5,-36.635766,174.748024,4,True
esp32_device_001,2025-10-18T17:02:40+13:00,45.0,-36.635697,174.747950,4,True
esp32_device_001,2025-10-18T17:02:41+13:00,44.6,-36.63567,174.74791,4,False
esp32_device_001,2025-10-18T17:02:46+13:00,43.3,-36.635529,174.747726,4,False
esp32_device_001,2025-10-18T17:02:51+13:00,41.4,-36.635403,174.747513,4,False
esp32_device_001,2025-10-18T17:02:51.357143+13:00,41.1,-36.635389,174.747427,4,True
esp32_device_001,2025-10-18T17:02:51.714286+13:00,40.9,-36.635318,174.747207,4,True
esp32_device_001,2025-10-18T17:02:52.071429+13:00,40.6,-36.635276,174.747027,4,True
esp32_device_001,2025-10-18T17:02:52.428571+13:00,40.4,-36.635260,174.746927,4,True
esp32_device_001,2025-10-18T17:02:52.785714+13:00,40.1,-36.635248,174.746792,4,True
esp32_device_001,2025-10-18T17:02:53.142857+13:00,39.9,-36.635239,174.746662,4,True
esp32_device_001,2025-10-18T17:02:53.500000+13:00,39.6,-36.635231,174.746552,4,True
esp32_device_001,2025-10-18T17:02:53.857143+13:00,39.3,-36.635171,174.746554,4,True
esp32_device_001,2025-10-18T17:02:54.214286+13:00,39.1,-36.635178,174.746661,4,True
esp32_device_001,2025-10-18T17:02:54.571429+13:00,38.8,-36.635188,174.746809,4,True
esp32_device_001,2025-10-18T17:02:54.928571+13:00,38.6,-36.635197,174.746893,4,True
esp32_device_001,2025-10-18T17:02:55.285714+13:00,38.3,-36.635208,174.746963,4,True
esp32_device_001,2025-10-18T17:02:55.642857+13:00,38.1,-36.635244,174.747125,4,True
esp32_device_001,2025-10-18T17:02:56+13:00,37.8,-36.635269,174.747131,4,False
esp32_device_001,2025-10-18T17:02:56.357143+13:00,37.5,-36.635277,174.747258,4,True
esp32_device_001,2025-10-18T17:02:56.714286+13:00,37.2,-36.635319,174.747401,4,True
esp32_device_001,2025-10-18T17:02:57.071429+13:00,36.9,-36.635379,174.747545,4,True
esp32_device_001,2025-10-18T17:02:57.428571+13:00,36.6,-36.635441,174.747674,4,True
esp32_device_001,2025-10-18T17:02:57.785714+13:00,36.3,-36.635519,174.747818,4,True
esp32_device_001,2025-10-18T17:02:58.142857+13:00,36.0,-36.635567,174.747779,4,True
esp32_device_001,2025-10-18T17:02:58.500000+13:00,35.7,-36.635491,174.747643,4,True
esp32_device_001,2025-10-18T17:02:58.857143+13:00,35.4,-36.635389,174.747427,4,True
esp32_device_001,2025-10-18T17:02:59.214286+13:00,35.1,-36.635318,174.747207,4,True
esp32_device_001,2025-10-18T17:02:59.571429+13:00,34.8,-36.635276,174.747027,4,True
esp32_device_001,2025-10-18T17:02:59.928571+13:00,34.5,-36.635260,174.746927,4,True
esp32_device_001,2025-10-18T17:03:00.285714+13:00,34.2,-36.635248,174.746792,4,True
esp32_device_001,2025-10-18T17:03:00.642857+13:00,33.9,-36.635239,174.746662,4,True
esp32_device_001,2025-10-18T17:03:01+13:00,33.6,-36.635212,174.746613,4,False
esp32_device_001,2025-10-18T17:03:01.294118+13:00,33.4,-36.635231,174.746552,4,True
esp32_device_001,2025-10-18T17:03:01.588235+13:00,33.2,-36.635229,174.746439,4,True
esp32_device_001,2025-10-18T17:03:01.882353+13:00,33.0,-36.635218,174.746297,4,True
esp32_device_001,2025-10-18T17:03:02.176471+13:00,32.8,-36.635186,174.746173,4,True
esp32_device_001,2025-10-18T17:03:02.470588+13:00,32.6,-36.635248,174.746184,4,True
esp32_device_001,2025-10-18T17:03:02.764706+13:00,32.4,-36.635298,174.746192,4,True
esp32_device_001,2025-10-18T17:03:03.058824+13:00,32.2,-36.635572,174.746173,4,True
esp32_device_001,2025-10-18T17:03:03.352941+13:00,32.0,-36.635589,174.746160,4,True
esp32_device_001,2025-10-18T17:03:03.647059+13:00,31.7,-36.635604,174.746143,4,True
esp32_device_001,2025-10-18T17:03:03.941176+13:00,31.5,-36.635610,174.746123,4,True
esp32_device_001,2025-10-18T17:03:04.235294+13:00,31.3,-36.635610,174.746100,4,True
esp32_device_001,2025-10-18T17:03:04.529412+13:00,31.1,-36.635606,174.746064,4,True
esp32_device_001,2025-10-18T17:03:04.823529+13:00,30.9,-36.635586,174.746040,4,True
esp32_device_001,2025-10-18T17:03:05.117647+13:00,30.7,-36.635562,174.746036,4,True
esp32_device_001,2025-10-18T17:03:05.411765+13:00,30.5,-36.635301,174.746051,4,True
esp32_device_001,2025-10-18T17:03:05.705882+13:00,30.3,-36.635246,174.746042,4,True
esp32_device_001,2025-10-18T17:03:06+13:00,30.1,-36.635193,174.746017,4,False
esp32_device_001,2025-10-18T17:03:07.666667+13:00,29.8,-36.635180,174.746031,4,True
esp32_device_001,2025-10-18T17:03:09.333333+13:00,29.4,-36.635174,174.745870,4,True
esp32_device_001,2025-10-18T17:03:11+13:00,29.1,-36.63517,174.745499,4,False
esp32_device_001,2025-10-18T17:03:12.250000+13:00,28.8,-36.635156,174.745455,4,True
esp32_device_001,2025-10-18T17:03:13.500000+13:00,28.5,-36.635155,174.745422,4,True
esp32_device_001,2025-10-18T17:03:14.750000+13:00,28.1,-36.635146,174.745224,4,True
esp32_device_001,2025-10-18T17:03:16+13:00,27.8,-36.635147,174.744995,4,False
esp32_device_001,2025-10-18T17:03:17.666667+13:00,27.2,-36.635129,174.744821,4,True
esp32_device_001,2025-10-18T17:03:19.333333+13:00,26.6,-36.635116,174.744538,4,True
esp32_device_001,2025-10-18T17:03:21+13:00,26,-36.635124,174.744446,4,False
esp32_device_001,2025-10-18T17:03:22.666667+13:00,24.9,-36.635105,174.744287,4,True
esp32_device_001,2025-10-18T17:03:24.333333+13:00,23.9,-36.635093,174.744009,4,True
esp32_device_001,2025-10-18T17:03:26+13:00,22.8,-36.635098,174.743851,4,False
esp32_device_001,2025-10-18T17:03:27.250000+13:00,21.9,-36.635081,174.743714,4,True
esp32_device_001,2025-10-18T17:03:28.500000+13:00,21.0,-36.635070,174.743468,4,True
esp32_device_001,2025-10-18T17:03:29.750000+13:00,20.0,-36.635063,174.743313,4,True
esp32_device_001,2025-10-18T17:03:31+13:00,19.1,-36.635071,174.743149,4,False
esp32_device_001,2025-10-18T17:03:32.666667+13:00,18.5,-36.635046,174.742921,4,True
esp32_device_001,2025-10-18T17:03:34.333333+13:00,18.0,-36.635035,174.742658,4,True
esp32_device_001,2025-10-18T17:03:36+13:00,17.4,-36.635044,174.742447,4,False
esp32_device_001,2025-10-18T17:03:37.428571+13:00,17.3,-36.635023,174.742401,4,True
esp32_device_001,2025-10-18T17:03:38.857143+13:00,17.2,-36.635013,174.742143,4,True
esp32_device_001,2025-10-18T17:03:40.285714+13:00,17.1,-36.635007,174.742021,4,True
esp32_device_001,2025-10-18T17:03:41.714286+13:00,16.9,-36.634997,174.741810,4,True
esp32_device_001,2025-10-18T17:03:43.142857+13:00,16.8,-36.634982,174.741585,4,True
esp32_device_001,2025-10-18T17:03:44.571429+13:00,16.7,-36.634950,174.741314,4,True
esp32_device_001,2025-10-18T17:03:46+13:00,16.6,-36.634972,174.741272,4,False
esp32_device_001,2025-10-18T17:03:47.250000+13:00,16.5,-36.634923,174.741112,4,True
esp32_device_001,2025-10-18T17:03:48.500000+13:00,16.4,-36.634897,174.740968,4,True
esp32_device_001,2025-10-18T17:03:49.750000+13:00,16.2,-36.634875,174.740863,4,True
esp32_device_001,2025-10-18T17:03:51+13:00,16.1,-36.634884,174.740799,4,False
esp32_device_001,2025-10-18T17:03:52.250000+13:00,16.1,-36.634834,174.740724,4,True
esp32_device_001,2025-10-18T17:03:53.500000+13:00,16.1,-36.634688,174.740368,4,True
esp32_device_001,2025-10-18T17:03:54.750000+13:00,16.0,-36.634674,174.740327,4,True
esp32_device_001,2025-10-18T17:03:56+13:00,16,-36.634689,174.74025,4,False
esp32_device_001,2025-10-18T17:03:57.250000+13:00,16.2,-36.634549,174.740088,4,True
esp32_device_001,2025-10-18T17:03:58.500000+13:00,16.4,-36.634505,174.740018,4,True
esp32_device_001,2025-10-18T17:03:59.750000+13:00,16.6,-36.634393,174.739839,4,True
esp32_device_001,2025-10-18T17:04:01+13:00,16.8,-36.634399,174.739807,4,False
esp32_device_001,2025-10-18T17:04:02.666667+13:00,17.4,-36.634069,174.739461,4,True
esp32_device_001,2025-10-18T17:04:04.333333+13:00,17.9,-36.634042,174.739434,4,True
esp32_device_001,2025-10-18T17:04:06+13:00,18.5,-36.633995,174.739349,4,False
esp32_device_001,2025-10-18T17:04:07.428571+13:00,18.9,-36.633867,174.739266,4,True
esp32_device_001,2025-10-18T17:04:08.857143+13:00,19.3,-36.633699,174.739104,4,True
esp32_device_001,2025-10-18T17:04:10.285714+13:00,19.7,-36.633648,174.739054,4,True
esp32_device_001,2025-10-18T17:04:11.714286+13:00,20.2,-36.633531,174.738950,4,True
esp32_device_001,2025-10-18T17:04:13.142857+13:00,20.6,-36.633458,174.738880,4,True
esp32_device_001,2025-10-18T17:04:14.571429+13:00,21.0,-36.633155,174.738590,4,True
esp32_device_001,2025-10-18T17:04:16+13:00,21.4,-36.633045,174.738388,4,False
esp32_device_001,2025-10-18T17:04:17.428571+13:00,22.3,-36.632991,174.738420,4,True
esp32_device_001,2025-10-18T17:04:18.857143+13:00,23.2,-36.632789,174.738210,4,True
esp32_device_001,2025-10-18T17:04:20.285714+13:00,24.1,-36.632708,174.738126,4,True
esp32_device_001,2025-10-18T17:04:21.714286+13:00,24.9,-36.632337,174.737716,4,True
esp32_device_001,2025-10-18T17:04:23.142857+13:00,25.8,-36.632300,174.737670,4,True
esp32_device_001,2025-10-18T17:04:24.571429+13:00,26.7,-36.632255,174.737614,4,True
esp32_device_001,2025-10-18T17:04:26+13:00,27.6,-36.632072,174.737289,4,False
esp32_device_001,2025-10-18T17:04:27.428571+13:00,29.0,-36.631997,174.737219,4,True
esp32_device_001,2025-10-18T17:04:28.857143+13:00,30.5,-36.631873,174.737030,4,True
esp32_device_001,2025-10-18T17:04:30.285714+13:00,31.9,-36.631731,174.736818,4,True
esp32_device_001,2025-10-18T17:04:31.714286+13:00,33.3,-36.631457,174.736402,4,True
esp32_device_001,2025-10-18T17:04:33.142857+13:00,34.7,-36.631348,174.736228,4,True
esp32_device_001,2025-10-18T17:04:34.571429+13:00,36.2,-36.631249,174.736047,4,True
esp32_device_001,2025-10-18T17:04:36+13:00,37.6,-36.63121,174.735886,4,False
esp32_device_001,2025-10-18T17:04:37+13:00,38.3,-36.631161,174.735852,4,True
esp32_device_001,2025-10-18T17:04:38+13:00,39.0,-36.631092,174.735660,4,True
esp32_device_001,2025-10-18T17:04:39+13:00,39.7,-36.631010,174.735391,4,True
esp32_device_001,2025-10-18T17:04:40+13:00,40.4,-36.630961,174.735247,4,True
esp32_device_001,2025-10-18T17:04:41+13:00,41.1,-36.630936,174.735077,4,False
esp32_device_001,2025-10-18T17:04:41.833333+13:00,41.6,-36.630906,174.735077,4,True
esp32_device_001,2025-10-18T17:04:42.666667+13:00,42.0,-36.630786,174.734753,4,True
esp32_device_001,2025-10-18T17:04:43.500000+13:00,42.5,-36.630748,174.734676,4,True
esp32_device_001,2025-10-18T17:04:44.333333+13:00,43.0,-36.630685,174.734551,4,True
esp32_device_001,2025-10-18T17:04:45.166667+13:00,43.4,-36.630673,174.734531,4,True
esp32_device_001,2025-10-18T17:04:46+13:00,43.9,-36.630634,174.734421,4,False
esp32_device_001,2025-10-18T17:04:47.666667+13:00,43.0,-36.630596,174.734404,4,True
esp32_device_001,2025-10-18T17:04:49.333333+13:00,42.0,-36.630517,174.734295,4,True
esp32_device_001,2025-10-18T17:04:51+13:00,41.1,-36.630257,174.733917,4,False
esp32_device_001,2025-10-18T17:04:51.555556+13:00,40.6,-36.630073,174.733716,4,True
esp32_device_001,2025-10-18T17:04:52.111111+13:00,40.1,-36.629953,174.733574,4,True
esp32_device_001,2025-10-18T17:04:52.666667+13:00,39.7,-36.629836,174.733434,4,True
esp32_device_001,2025-10-18T17:04:53.222222+13:00,39.2,-36.629872,174.733385,4,True
esp32_device_001,2025-10-18T17:04:53.777778+13:00,38.7,-36.629933,174.733262,4,True
esp32_device_001,2025-10-18T17:04:54.333333+13:00,38.2,-36.630025,174.733063,4,True
esp32_device_001,2025-10-18T17:04:54.888889+13:00,37.8,-36.629933,174.733262,4,True
esp32_device_001,2025-10-18T17:04:55.444444+13:00,37.3,-36.629872,174.733385,4,True
esp32_device_001,2025-10-18T17:04:56+13:00,36.8,-36.62986,174.733429,4,False
esp32_device_001,2025-10-18T17:04:57.666667+13:00,32.2,-36.629836,174.733434,4,True
esp32_device_001,2025-10-18T17:04:59.333333+13:00,27.5,-36.629673,174.733241,4,True
esp32_device_001,2025-10-18T17:05:01+13:00,22.9,-36.62944,174.732956,4,False
esp32_device_001,2025-10-18T17:05:02.428571+13:00,22.0,-36.629341,174.732831,4,True
esp32_device_001,2025-10-18T17:05:03.857143+13:00,21.2,-36.629202,174.732650,4,True
esp32_device_001,2025-10-18T17:05:05.285714+13:00,20.3,-36.629079,174.732468,4,True
esp32_device_001,2025-10-18T17:05:06.714286+13:00,19.5,-36.628971,174.732284,4,True
esp32_device_001,2025-10-18T17:05:08.142857+13:00,18.6,-36.628913,174.732173,4,True
esp32_device_001,2025-10-18T17:05:09.571429+13:00,17.8,-36.628841,174.732026,4,True
esp32_device_001,2025-10-18T17:05:11+13:00,16.9,-36.628765,174.731873,4,False
esp32_device_001,2025-10-18T17:05:12.666667+13:00,15.9,-36.628672,174.731656,4,True
esp32_device_001,2025-10-18T17:05:14.333333+13:00,14.8,-36.628591,174.731484,4,True
esp32_device_001,2025-10-18T17:05:16+13:00,13.8,-36.628567,174.731415,4,False
esp32_device_001,2025-10-18T17:05:17.250000+13:00,13.7,-36.628513,174.731316,4,True
esp32_device_001,2025-10-18T17:05:18.500000+13:00,13.6,-36.628413,174.731095,4,True
esp32_device_001,2025-10-18T17:05:19.750000+13:00,13.5,-36.628380,174.731012,4,True
esp32_device_001,2025-10-18T17:05:21+13:00,13.4,-36.628334,174.730881,4,False
esp32_device_001,2025-10-18T17:05:22.250000+13:00,13.9,-36.628308,174.730844,4,True
esp32_device_001,2025-10-18T17:05:23.500000+13:00,14.4,-36.628225,174.730619,4,True
esp32_device_001,2025-10-18T17:05:24.750000+13:00,15.0,-36.628162,174.730423,4,True
esp32_device_001,2025-10-18T17:05:26+13:00,15.5,-36.628124,174.730255,4,False
esp32_device_001,2025-10-18T17:05:27.250000+13:00,16.9,-36.628103,174.730221,4,True
esp32_device_001,2025-10-18T17:05:28.500000+13:00,18.2,-36.628065,174.730018,4,True
esp32_device_001,2025-10-18T17:05:29.750000+13:00,19.6,-36.628035,174.729713,4,True
esp32_device_001,2025-10-18T17:05:31+13:00,21,-36.628044,174.729584,4,False
esp32_device_001,2025-10-18T17:05:33.500000+13:00,23.9,-36.627999,174.729286,4,True
esp32_device_001,2025-10-18T17:05:36+13:00,26.7,-36.627968,174.728882,4,False
esp32_device_001,2025-10-18T17:05:37+13:00,28.1,-36.627948,174.728827,4,True
esp32_device_001,2025-10-18T17:05:38+13:00,29.4,-36.627898,174.728610,4,True
esp32_device_001,2025-10-18T17:05:39+13:00,30.8,-36.627828,174.728395,4,True
esp32_device_001,2025-10-18T17:05:40+13:00,32.1,-36.627763,174.728270,4,True
esp32_device_001,2025-10-18T17:05:41+13:00,33.5,-36.62772,174.72818,4,False
esp32_device_001,2025-10-18T17:05:42.250000+13:00,35.1,-36.627678,174.728149,4,True
esp32_device_001,2025-10-18T17:05:43.500000+13:00,36.8,-36.627562,174.728006,4,True
esp32_device_001,2025-10-18T17:05:44.750000+13:00,38.4,-36.627441,174.727870,4,True
esp32_device_001,2025-10-18T17:05:46+13:00,40,-36.627224,174.7276,4,False
esp32_device_001,2025-10-18T17:05:47+13:00,41.3,-36.626977,174.727357,4,True
esp32_device_001,2025-10-18T17:05:48+13:00,42.7,-36.626829,174.727193,4,True
esp32_device_001,2025-10-18T17:05:49+13:00,44.0,-36.626743,174.727087,4,True
esp32_device_001,2025-10-18T17:05:50+13:00,45.3,-36.626690,174.727003,4,True
esp32_device_001,2025-10-18T17:05:51+13:00,46.6,-36.626650,174.726923,4,True
esp32_device_001,2025-10-18T17:05:52+13:00,48.0,-36.626607,174.726826,4,True
esp32_device_001,2025-10-18T17:05:53+13:00,49.3,-36.626576,174.726720,4,True
esp32_device_001,2025-10-18T17:05:54+13:00,50.6,-36.626554,174.726616,4,True
esp32_device_001,2025-10-18T17:05:55+13:00,52.0,-36.626541,174.726506,4,True
esp32_device_001,2025-10-18T17:05:56+13:00,53.3,-36.626537,174.726303,4,False
esp32_device_001,2025-10-18T17:05:57.250000+13:00,55.0,-36.626523,174.726214,4,True
esp32_device_001,2025-10-18T17:05:58.500000+13:00,56.6,-36.626509,174.725736,4,True
esp32_device_001,2025-10-18T17:05:59.750000+13:00,58.3,-36.626503,174.725525,4,True
esp32_device_001,2025-10-18T17:06:01+13:00,60,-36.626514,174.72551,4,False
esp32_device_001,2025-10-18T17:06:02.250000+13:00,61.4,-36.626499,174.725398,4,True
esp32_device_001,2025-10-18T17:06:03.500000+13:00,62.8,-36.626495,174.725233,4,True
esp32_device_001,2025-10-18T17:06:04.750000+13:00,64.2,-36.626487,174.725074,4,True
esp32_device_001,2025-10-18T17:06:06+13:00,65.6,-36.626484,174.724701,4,False
esp32_device_001,2025-10-18T17:06:11+13:00,69.4,-36.626461,174.723892,4,False
esp32_device_001,2025-10-18T17:06:11.833333+13:00,70.3,-36.626419,174.723729,4,True
esp32_device_001,2025-10-18T17:06:12.666667+13:00,71.2,-36.626399,174.723631,4,True
esp32_device_001,2025-10-18T17:06:13.500000+13:00,72.2,-36.626383,174.723551,4,True
esp32_device_001,2025-10-18T17:06:14.333333+13:00,73.1,-36.626348,174.723464,4,True
esp32_device_001,2025-10-18T17:06:15.166667+13:00,74.0,-36.626290,174.723365,4,True
esp32_device_001,2025-10-18T17:06:16+13:00,74.9,-36.626213,174.72319,4,False
esp32_device_001,2025-10-18T17:06:16.227273+13:00,75.0,-36.626129,174.723119,4,True
esp32_device_001,2025-10-18T17:06:16.454545+13:00,75.0,-36.626036,174.722978,4,True
esp32_device_001,2025-10-18T17:06:16.681818+13:00,75.1,-36.625935,174.722848,4,True
esp32_device_001,2025-10-18T17:06:16.909091+13:00,75.2,-36.625764,174.722628,4,True
esp32_device_001,2025-10-18T17:06:17.136364+13:00,75.2,-36.625792,174.722525,4,True
esp32_device_001,2025-10-18T17:06:17.363636+13:00,75.3,-36.625795,174.722514,4,True
esp32_device_001,2025-10-18T17:06:17.590909+13:00,75.3,-36.625774,174.722400,4,True
esp32_device_001,2025-10-18T17:06:17.818182+13:00,75.4,-36.625722,174.722299,4,True
esp32_device_001,2025-10-18T17:06:18.045455+13:00,75.5,-36.625570,174.722199,4,True
esp32_device_001,2025-10-18T17:06:18.272727+13:00,75.5,-36.625411,174.722120,4,True
esp32_device_001,2025-10-18T17:06:18.500000+13:00,75.6,-36.625328,174.722019,4,True
esp32_device_001,2025-10-18T17:06:18.727273+13:00,75.7,-36.625317,174.721988,4,True
esp32_device_001,2025-10-18T17:06:18.954545+13:00,75.7,-36.625430,174.721853,4,True
esp32_device_001,2025-10-18T17:06:19.181818+13:00,75.8,-36.625317,174.721988,4,True
esp32_device_001,2025-10-18T17:06:19.409091+13:00,75.9,-36.625328,174.722019,4,True
esp32_device_001,2025-10-18T17:06:19.636364+13:00,75.9,-36.625411,174.722120,4,True
esp32_device_001,2025-10-18T17:06:19.863636+13:00,76.0,-36.625570,174.722199,4,True
esp32_device_001,2025-10-18T17:06:20.090909+13:00,76.0,-36.625722,174.722299,4,True
esp32_device_001,2025-10-18T17:06:20.318182+13:00,76.1,-36.625774,174.722400,4,True
esp32_device_001,2025-10-18T17:06:20.545455+13:00,76.2,-36.625795,174.722514,4,True
esp32_device_001,2025-10-18T17:06:20.772727+13:00,76.2,-36.625792,174.722525,4,True
esp32_device_001,2025-10-18T17:06:21+13:00,76.3,-36.625786,174.72261,4,False
esp32_device_001,2025-10-18T17:06:21.833333+13:00,76.4,-36.625764,174.722628,4,True
esp32_device_001,2025-10-18T17:06:22.666667+13:00,76.6,-36.625714,174.722564,4,True
esp32_device_001,2025-10-18T17:06:23.500000+13:00,76.7,-36.625603,174.722447,4,True
esp32_device_001,2025-10-18T17:06:24.333333+13:00,76.8,-36.625480,174.722346,4,True
esp32_device_001,2025-10-18T17:06:25.166667+13:00,77.0,-36.625360,174.722309,4,True
esp32_device_001,2025-10-18T17:06:26+13:00,77.1,-36.625286,174.72226,4,False
esp32_device_001,2025-10-18T17:06:26.769231+13:00,77.0,-36.625190,174.722307,4,True
esp32_device_001,2025-10-18T17:06:27.538462+13:00,77.0,-36.625021,174.722323,4,True
esp32_device_001,2025-10-18T17:06:28.307692+13:00,76.9,-36.624892,174.722327,4,True
esp32_device_001,2025-10-18T17:06:29.076923+13:00,76.9,-36.624780,174.722324,4,True
esp32_device_001,2025-10-18T17:06:29.846154+13:00,76.8,-36.624705,174.722312,4,True
esp32_device_001,2025-10-18T17:06:30.615385+13:00,76.7,-36.624618,174.722276,4,True
esp32_device_001,2025-10-18T17:06:31.384615+13:00,76.7,-36.624535,174.722222,4,True
esp32_device_001,2025-10-18T17:06:32.153846+13:00,76.6,-36.624456,174.722148,4,True
esp32_device_001,2025-10-18T17:06:32.923077+13:00,76.5,-36.624445,174.722058,4,True
esp32_device_001,2025-10-18T17:06:33.692308+13:00,76.5,-36.624401,174.721948,4,True
esp32_device_001,2025-10-18T17:06:34.461538+13:00,76.4,-36.624388,174.721928,4,True
esp32_device_001,2025-10-18T17:06:35.230769+13:00,76.4,-36.624322,174.721828,4,True
esp32_device_001,2025-10-18T17:06:36+13:00,76.3,-36.624256,174.721802,4,False
esp32_device_001,2025-10-18T17:06:36.625000+13:00,75.9,-36.624230,174.721688,4,True
esp32_device_001,2025-10-18T17:06:37.250000+13:00,75.5,-36.624165,174.721756,4,True
esp32_device_001,2025-10-18T17:06:37.875000+13:00,75.2,-36.624129,174.721706,4,True
esp32_device_001,2025-10-18T17:06:38.500000+13:00,74.8,-36.624034,174.721567,4,True
esp32_device_001,2025-10-18T17:06:39.125000+13:00,74.4,-36.623964,174.721449,4,True
esp32_device_001,2025-10-18T17:06:39.750000+13:00,74.0,-36.623910,174.721323,4,True
esp32_device_001,2025-10-18T17:06:40.375000+13:00,73.7,-36.623832,174.721112,4,True
esp32_device_001,2025-10-18T17:06:41+13:00,73.3,-36.623875,174.721146,4,False
esp32_device_001,2025-10-18T17:06:41.161290+13:00,73.2,-36.624004,174.721143,4,True
esp32_device_001,2025-10-18T17:06:41.322581+13:00,73.0,-36.624086,174.721157,4,True
esp32_device_001,2025-10-18T17:06:41.483871+13:00,72.9,-36.625679,174.720233,4,True
esp32_device_001,2025-10-18T17:06:41.645161+13:00,72.7,-36.625774,174.720190,4,True
esp32_device_001,2025-10-18T17:06:41.806452+13:00,72.6,-36.626115,174.719968,4,True
esp32_device_001,2025-10-18T17:06:41.967742+13:00,72.5,-36.626341,174.719785,4,True
esp32_device_001,2025-10-18T17:06:42.129032+13:00,72.3,-36.626426,174.719731,4,True
esp32_device_001,2025-10-18T17:06:42.290323+13:00,72.2,-36.626478,174.719700,4,True
esp32_device_001,2025-10-18T17:06:42.451613+13:00,72.1,-36.626506,174.719656,4,True
esp32_device_001,2025-10-18T17:06:42.612903+13:00,71.9,-36.626520,174.719608,4,True
esp32_device_001,2025-10-18T17:06:42.774194+13:00,71.8,-36.626514,174.719551,4,True
esp32_device_001,2025-10-18T17:06:42.935484+13:00,71.6,-36.626518,174.719483,4,True
esp32_device_001,2025-10-18T17:06:43.096774+13:00,71.5,-36.626534,174.719444,4,True
esp32_device_001,2025-10-18T17:06:43.258065+13:00,71.4,-36.626677,174.719122,4,True
esp32_device_001,2025-10-18T17:06:43.419355+13:00,71.2,-36.626534,174.719444,4,True
esp32_device_001,2025-10-18T17:06:43.580645+13:00,71.1,-36.626518,174.719483,4,True
esp32_device_001,2025-10-18T17:06:43.741935+13:00,70.9,-36.626514,174.719551,4,True
esp32_device_001,2025-10-18T17:06:43.903226+13:00,70.8,-36.626520,174.719608,4,True
esp32_device_001,2025-10-18T17:06:44.064516+13:00,70.7,-36.626506,174.719656,4,True
esp32_device_001,2025-10-18T17:06:44.225806+13:00,70.5,-36.626478,174.719700,4,True
esp32_device_001,2025-10-18T17:06:44.387097+13:00,70.4,-36.626426,174.719731,4,True
esp32_device_001,2025-10-18T17:06:44.548387+13:00,70.2,-36.626341,174.719785,4,True
esp32_device_001,2025-10-18T17:06:44.709677+13:00,70.1,-36.626115,174.719968,4,True
esp32_device_001,2025-10-18T17:06:44.870968+13:00,70.0,-36.625774,174.720190,4,True
esp32_device_001,2025-10-18T17:06:45.032258+13:00,69.8,-36.625679,174.720233,4,True
esp32_device_001,2025-10-18T17:06:45.193548+13:00,69.7,-36.624086,174.721157,4,True
esp32_device_001,2025-10-18T17:06:45.354839+13:00,69.6,-36.624004,174.721143,4,True
esp32_device_001,2025-10-18T17:06:45.516129+13:00,69.4,-36.623832,174.721112,4,True
esp32_device_001,2025-10-18T17:06:45.677419+13:00,69.3,-36.623660,174.720679,4,True
esp32_device_001,2025-10-18T17:06:45.838710+13:00,69.1,-36.623613,174.720602,4,True
esp32_device_001,2025-10-18T17:06:46+13:00,69,-36.623558,174.720459,4,False
esp32_device_001,2025-10-18T17:06:47+13:00,68.1,-36.623465,174.720411,4,True
esp32_device_001,2025-10-18T17:06:48+13:00,67.2,-36.623394,174.720349,4,True
esp32_device_001,2025-10-18T17:06:49+13:00,66.2,-36.623326,174.720297,4,True
esp32_device_001,2025-10-18T17:06:50+13:00,65.3,-36.623180,174.720217,4,True
esp32_device_001,2025-10-18T17:06:51+13:00,64.4,-36.623016,174.720108,4,False
esp32_device_001,2025-10-18T17:06:52+13:00,63.6,-36.622960,174.720123,4,True
esp32_device_001,2025-10-18T17:06:53+13:00,62.7,-36.622807,174.720055,4,True
esp32_device_001,2025-10-18T17:06:54+13:00,61.9,-36.622645,174.719974,4,True
esp32_device_001,2025-10-18T17:06:55+13:00,61.0,-36.622472,174.719856,4,True
esp32_device_001,2025-10-18T17:06:56+13:00,60.2,-36.62241,174.719757,4,False
esp32_device_001,2025-10-18T17:06:57+13:00,59.3,-36.622316,174.719727,4,True
esp32_device_001,2025-10-18T17:06:58+13:00,58.4,-36.622205,174.719602,4,True
esp32_device_001,2025-10-18T17:06:59+13:00,57.6,-36.622098,174.719468,4,True
esp32_device_001,2025-10-18T17:07:00+13:00,56.7,-36.622020,174.719349,4,True
esp32_device_001,2025-10-18T17:07:01+13:00,55.8,-36.621929,174.719147,4,False
esp32_device_001,2025-10-18T17:07:02.428571+13:00,54.2,-36.621889,174.719111,4,True
esp32_device_001,2025-10-18T17:07:03.857143+13:00,52.6,-36.621741,174.718848,4,True
esp32_device_001,2025-10-18T17:07:05.285714+13:00,51.0,-36.621711,174.718794,4,True
esp32_device_001,2025-10-18T17:07:06.714286+13:00,49.5,-36.621381,174.718171,4,True
esp32_device_001,2025-10-18T17:07:08.142857+13:00,47.9,-36.621220,174.717905,4,True
esp32_device_001,2025-10-18T17:07:09.571429+13:00,46.3,-36.621158,174.717815,4,True
esp32_device_001,2025-10-18T17:07:11+13:00,44.7,-36.621105,174.717697,4,False
esp32_device_001,2025-10-18T17:07:11.714286+13:00,44.0,-36.621042,174.717661,4,True
esp32_device_001,2025-10-18T17:07:12.428571+13:00,43.3,-36.620980,174.717600,4,True
esp32_device_001,2025-10-18T17:07:13.142857+13:00,42.6,-36.620858,174.717482,4,True
esp32_device_001,2025-10-18T17:07:13.857143+13:00,41.9,-36.620733,174.717374,4,True
esp32_device_001,2025-10-18T17:07:14.571429+13:00,41.2,-36.620642,174.717310,4,True
esp32_device_001,2025-10-18T17:07:15.285714+13:00,40.5,-36.620550,174.717250,4,True
esp32_device_001,2025-10-18T17:07:16+13:00,39.8,-36.620472,174.717178,4,False
esp32_device_001,2025-10-18T17:07:18+13:00,39.9,-36.619537,174.716760,4,True
esp32_device_001,2025-10-18T17:07:20+13:00,40.1,-36.619502,174.716736,4,True
esp32_device_001,2025-10-18T17:07:22+13:00,40.2,-36.619356,174.716638,4,True
esp32_device_001,2025-10-18T17:07:24+13:00,40.4,-36.619184,174.716495,4,True
esp32_device_001,2025-10-18T17:07:26+13:00,40.5,-36.619114,174.716385,4,False
esp32_device_001,2025-10-18T17:07:27.250000+13:00,40.9,-36.618904,174.716179,4,True
esp32_device_001,2025-10-18T17:07:28.500000+13:00,41.2,-36.618804,174.716033,4,True
esp32_device_001,2025-10-18T17:07:29.750000+13:00,41.5,-36.618700,174.715862,4,True
esp32_device_001,2025-10-18T17:07:31+13:00,41.9,-36.618614,174.715668,4,False
esp32_device_001,2025-10-18T17:07:32.250000+13:00,41.3,-36.618478,174.715468,4,True
esp32_device_001,2025-10-18T17:07:33.500000+13:00,40.8,-36.618328,174.715210,4,True
esp32_device_001,2025-10-18T17:07:34.750000+13:00,40.2,-36.618207,174.715029,4,True
esp32_device_001,2025-10-18T17:07:36+13:00,39.6,-36.618141,174.71492,4,False
esp32_device_001,2025-10-18T17:07:36.833333+13:00,39.3,-36.618079,174.714872,4,True
esp32_device_001,2025-10-18T17:07:37.666667+13:00,38.9,-36.617952,174.714729,4,True
esp32_device_001,2025-10-18T17:07:38.500000+13:00,38.6,-36.617846,174.714630,4,True
esp32_device_001,2025-10-18T17:07:39.333333+13:00,38.3,-36.617732,174.714529,4,True
esp32_device_001,2025-10-18T17:07:40.166667+13:00,37.9,-36.617592,174.714426,4,True
esp32_device_001,2025-10-18T17:07:41+13:00,37.6,-36.617542,174.714355,4,False
esp32_device_001,2025-10-18T17:07:42.666667+13:00,37.9,-36.617427,174.714325,4,True
esp32_device_001,2025-10-18T17:07:44.333333+13:00,38.1,-36.617243,174.714220,4,True
esp32_device_001,2025-10-18T17:07:46+13:00,38.4,-36.616905,174.713989,4,False
esp32_device_001,2025-10-18T17:07:48.500000+13:00,39.7,-36.616779,174.713964,4,True
esp32_device_001,2025-10-18T17:07:51+13:00,41,-36.616249,174.713623,4,False
esp32_device_001,2025-10-18T17:07:52.250000+13:00,41.9,-36.616150,174.713625,4,True
esp32_device_001,2025-10-18T17:07:53.500000+13:00,42.8,-36.615917,174.713500,4,True
esp32_device_001,2025-10-18T17:07:54.750000+13:00,43.6,-36.615682,174.713390,4,True
esp32_device_001,2025-10-18T17:07:56+13:00,44.5,-36.615585,174.713303,4,False
esp32_device_001,2025-10-18T17:07:57.250000+13:00,45.1,-36.615417,174.713291,4,True
esp32_device_001,2025-10-18T17:07:58.500000+13:00,45.8,-36.615205,174.713235,4,True
esp32_device_001,2025-10-18T17:07:59.750000+13:00,46.4,-36.615024,174.713205,4,True
esp32_device_001,2025-10-18T17:08:01+13:00,47.0,-36.614812,174.713186,4,True
esp32_device_001,2025-10-18T17:08:02.250000+13:00,47.7,-36.614714,174.713182,4,True
esp32_device_001,2025-10-18T17:08:03.500000+13:00,48.3,-36.614533,174.713175,4,True
esp32_device_001,2025-10-18T17:08:04.750000+13:00,49.0,-36.614316,174.713193,4,True
esp32_device_001,2025-10-18T17:08:06+13:00,49.6,-36.614166,174.713135,4,False
esp32_device_001,2025-10-18T17:08:06.769231+13:00,49.8,-36.614072,174.713225,4,True
esp32_device_001,2025-10-18T17:08:07.538462+13:00,50.0,-36.613865,174.713268,4,True
esp32_device_001,2025-10-18T17:08:08.307692+13:00,50.1,-36.613845,174.713272,4,True
esp32_device_001,2025-10-18T17:08:09.076923+13:00,50.3,-36.613677,174.713301,4,True
esp32_device_001,2025-10-18T17:08:09.846154+13:00,50.5,-36.613576,174.713317,4,True
esp32_device_001,2025-10-18T17:08:10.615385+13:00,50.7,-36.613463,174.713334,4,True
esp32_device_001,2025-10-18T17:08:11.384615+13:00,50.8,-36.613331,174.713345,4,True
esp32_device_001,2025-10-18T17:08:12.153846+13:00,51.0,-36.613207,174.713336,4,True
esp32_device_001,2025-10-18T17:08:12.923077+13:00,51.2,-36.613097,174.713312,4,True
esp32_device_001,2025-10-18T17:08:13.692308+13:00,51.4,-36.612993,174.713277,4,True
esp32_device_001,2025-10-18T17:08:14.461538+13:00,51.5,-36.612900,174.713235,4,True
esp32_device_001,2025-10-18T17:08:15.230769+13:00,51.7,-36.612804,174.713180,4,True
esp32_device_001,2025-10-18T17:08:16+13:00,51.9,-36.612808,174.713089,4,False
esp32_device_001,2025-10-18T17:08:17+13:00,52.5,-36.612731,174.713130,4,True
esp32_device_001,2025-10-18T17:08:18+13:00,53.1,-36.612661,174.713075,4,True
esp32_device_001,2025-10-18T17:08:19+13:00,53.7,-36.612567,174.712976,4,True
esp32_device_001,2025-10-18T17:08:20+13:00,54.3,-36.612417,174.712766,4,True
esp32_device_001,2025-10-18T17:08:21+13:00,54.9,-36.612316,174.712509,4,False
esp32_device_001,2025-10-18T17:08:26+13:00,58.9,-36.611885,174.711921,4,True
esp32_device_001,2025-10-18T17:08:31+13:00,62.9,-36.61145,174.711166,4,False
esp32_device_001,2025-10-18T17:08:32+13:00,64.0,-36.611162,174.710841,4,True
esp32_device_001,2025-10-18T17:08:33+13:00,65.2,-36.611108,174.710736,4,True
esp32_device_001,2025-10-18T17:08:34+13:00,66.3,-36.611065,174.710624,4,True
esp32_device_001,2025-10-18T17:08:35+13:00,67.5,-36.611032,174.710507,4,True
esp32_device_001,2025-10-18T17:08:36+13:00,68.6,-36.611012,174.710397,4,True
esp32_device_001,2025-10-18T17:08:37+13:00,69.8,-36.611057,174.710327,4,False
esp32_device_001,2025-10-18T17:08:38.250000+13:00,68.7,-36.610998,174.710286,4,True
esp32_device_001,2025-10-18T17:08:39.500000+13:00,67.7,-36.610995,174.710182,4,True
esp32_device_001,2025-10-18T17:08:40.750000+13:00,66.6,-36.611003,174.710078,4,True
esp32_device_001,2025-10-18T17:08:42+13:00,65.5,-36.611018,174.709977,4,True
esp32_device_001,2025-10-18T17:08:43.250000+13:00,64.5,-36.611056,174.709764,4,True
esp32_device_001,2025-10-18T17:08:44.500000+13:00,63.4,-36.611178,174.709198,4,True
esp32_device_001,2025-10-18T17:08:45.750000+13:00,62.4,-36.611262,174.708807,4,True
esp32_device_001,2025-10-18T17:08:47+13:00,61.3,-36.611332,174.70871,4,False
esp32_device_001,2025-10-18T17:08:48.666667+13:00,59.5,-36.611301,174.708629,4,True
esp32_device_001,2025-10-18T17:08:50.333333+13:00,57.8,-36.611323,174.708528,4,True
esp32_device_001,2025-10-18T17:08:52+13:00,56,-36.611511,174.707855,4,False
esp32_device_001,2025-10-18T17:08:53+13:00,55.5,-36.611504,174.707688,4,True
esp32_device_001,2025-10-18T17:08:54+13:00,55.0,-36.611551,174.707450,4,True
esp32_device_001,2025-10-18T17:08:55+13:00,54.4,-36.611563,174.707333,4,True
esp32_device_001,2025-10-18T17:08:56+13:00,53.9,-36.611569,174.707232,4,True
esp32_device_001,2025-10-18T17:08:57+13:00,53.4,-36.611603,174.707001,4,False
esp32_device_001,2025-10-18T17:08:57.833333+13:00,53.1,-36.611566,174.706984,4,True
esp32_device_001,2025-10-18T17:08:58.666667+13:00,52.9,-36.611523,174.706775,4,True
esp32_device_001,2025-10-18T17:08:59.500000+13:00,52.6,-36.611496,174.706673,4,True
esp32_device_001,2025-10-18T17:09:00.333333+13:00,52.3,-36.611454,174.706561,4,True
esp32_device_001,2025-10-18T17:09:01.166667+13:00,52.1,-36.611385,174.706409,4,True
esp32_device_001,2025-10-18T17:09:02+13:00,51.8,-36.61134,174.706223,4,False
esp32_device_001,2025-10-18T17:09:03+13:00,51.7,-36.611256,174.706179,4,True
esp32_device_001,2025-10-18T17:09:04+13:00,51.6,-36.611132,174.705994,4,True
esp32_device_001,2025-10-18T17:09:05+13:00,51.4,-36.610967,174.705726,4,True
esp32_device_001,2025-10-18T17:09:06+13:00,51.3,-36.610876,174.705580,4,True
esp32_device_001,2025-10-18T17:09:07+13:00,51.2,-36.610905,174.705505,4,False
esp32_device_001,2025-10-18T17:09:08.250000+13:00,50.8,-36.610838,174.705502,4,True
esp32_device_001,2025-10-18T17:09:09.500000+13:00,50.5,-36.610783,174.705385,4,True
esp32_device_001,2025-10-18T17:09:10.750000+13:00,50.1,-36.610695,174.705137,4,True
esp32_device_001,2025-10-18T17:09:12+13:00,49.7,-36.610611,174.704697,4,False
esp32_device_001,2025-10-18T17:09:13.250000+13:00,49.5,-36.610461,174.704336,4,True
esp32_device_001,2025-10-18T17:09:14.500000+13:00,49.2,-36.610407,174.704125,4,True
esp32_device_001,2025-10-18T17:09:15.750000+13:00,49.0,-36.610380,174.703930,4,True
esp32_device_001,2025-10-18T17:09:17+13:00,48.8,-36.610439,174.703857,4,False
esp32_device_001,2025-10-18T17:09:17.714286+13:00,48.5,-36.610369,174.703761,4,True
esp32_device_001,2025-10-18T17:09:18.428571+13:00,48.3,-36.610377,174.703657,4,True
esp32_device_001,2025-10-18T17:09:19.142857+13:00,48.0,-36.610393,174.703523,4,True
esp32_device_001,2025-10-18T17:09:19.857143+13:00,47.7,-36.610417,174.703404,4,True
esp32_device_001,2025-10-18T17:09:20.571429+13:00,47.4,-36.610455,174.703246,4,True
esp32_device_001,2025-10-18T17:09:21.285714+13:00,47.2,-36.610513,174.703087,4,True
esp32_device_001,2025-10-18T17:09:22+13:00,46.9,-36.610573,174.703064,4,False
esp32_device_001,2025-10-18T17:09:24.500000+13:00,45.6,-36.610772,174.702399,4,True
esp32_device_001,2025-10-18T17:09:27+13:00,44.3,-36.610863,174.702316,4,False
esp32_device_001,2025-10-18T17:09:27.714286+13:00,43.8,-36.610844,174.702209,4,True
esp32_device_001,2025-10-18T17:09:28.428571+13:00,43.2,-36.610918,174.702013,4,True
esp32_device_001,2025-10-18T17:09:29.142857+13:00,42.7,-36.610930,174.701977,4,True
esp32_device_001,2025-10-18T17:09:29.857143+13:00,42.1,-36.610954,174.701903,4,True
esp32_device_001,2025-10-18T17:09:30.571429+13:00,41.6,-36.610983,174.701816,4,True
esp32_device_001,2025-10-18T17:09:31.285714+13:00,41.0,-36.611028,174.701684,4,True
esp32_device_001,2025-10-18T17:09:32+13:00,40.5,-36.611122,174.701538,4,False
esp32_device_001,2025-10-18T17:09:33.250000+13:00,40.0,-36.611104,174.701371,4,True
esp32_device_001,2025-10-18T17:09:34.500000+13:00,39.4,-36.611143,174.701186,4,True
esp32_device_001,2025-10-18T17:09:35.750000+13:00,38.8,-36.611177,174.700986,4,True
esp32_device_001,2025-10-18T17:09:37+13:00,38.3,-36.611267,174.700684,4,False
esp32_device_001,2025-10-18T17:09:39.500000+13:00,38.2,-36.611261,174.700444,4,True
esp32_device_001,2025-10-18T17:09:42+13:00,38.1,-36.611389,174.699905,4,False
esp32_device_001,2025-10-18T17:09:44.500000+13:00,36.5,-36.611414,174.699424,4,True
esp32_device_001,2025-10-18T17:09:47+13:00,34.9,-36.6115,174.699142,4,False
esp32_device_001,2025-10-18T17:09:52+13:00,29.5,-36.611618,174.698318,4,False
esp32_device_001,2025-10-18T17:09:54.500000+13:00,27.5,-36.611681,174.697836,4,True
esp32_device_001,2025-10-18T17:09:57+13:00,25.5,-36.611759,174.697479,4,False
esp32_device_001,2025-10-18T17:09:59.500000+13:00,25.6,-36.611802,174.697124,4,True
esp32_device_001,2025-10-18T17:10:02+13:00,25.6,-36.611908,174.69664,4,False
esp32_device_001,2025-10-18T17:10:03.666667+13:00,26.9,-36.611904,174.696568,4,True
esp32_device_001,2025-10-18T17:10:05.333333+13:00,28.3,-36.611927,174.696452,4,True
esp32_device_001,2025-10-18T17:10:07+13:00,29.6,-36.612057,174.695877,4,False
esp32_device_001,2025-10-18T17:10:09.500000+13:00,30.7,-36.612110,174.695512,4,True
esp32_device_001,2025-10-18T17:10:12+13:00,31.8,-36.612202,174.695129,4,False
esp32_device_001,2025-10-18T17:10:13.666667+13:00,31.5,-36.612258,174.694747,4,True
esp32_device_001,2025-10-18T17:10:15.333333+13:00,31.1,-36.612349,174.694401,4,True
esp32_device_001,2025-10-18T17:10:17+13:00,30.8,-36.61237,174.694382,4,False
esp32_device_001,2025-10-18T17:10:18.666667+13:00,30.3,-36.612466,174.693951,4,True
esp32_device_001,2025-10-18T17:10:20.333333+13:00,29.9,-36.612511,174.693781,4,True
esp32_device_001,2025-10-18T17:10:22+13:00,29.4,-36.612583,174.693604,4,False
esp32_device_001,2025-10-18T17:10:27+13:00,32.1,-36.612816,174.692764,4,False
esp32_device_001,2025-10-18T17:10:28.250000+13:00,33.9,-36.612859,174.692530,4,True
esp32_device_001,2025-10-18T17:10:29.500000+13:00,35.6,-36.612892,174.692403,4,True
esp32_device_001,2025-10-18T17:10:30.750000+13:00,37.4,-36.612976,174.692123,4,True
esp32_device_001,2025-10-18T17:10:32+13:00,39.1,-36.613049,174.691986,4,False
esp32_device_001,2025-10-18T17:10:33+13:00,40.5,-36.613039,174.691939,4,True
esp32_device_001,2025-10-18T17:10:34+13:00,41.9,-36.613111,174.691759,4,True
esp32_device_001,2025-10-18T17:10:35+13:00,43.3,-36.613201,174.691576,4,True
esp32_device_001,2025-10-18T17:10:36+13:00,44.7,-36.613323,174.691353,4,True
esp32_device_001,2025-10-18T17:10:37+13:00,46.1,-36.613361,174.691345,4,False
esp32_device_001,2025-10-18T17:10:38.250000+13:00,47.1,-36.613442,174.691149,4,True
esp32_device_001,2025-10-18T17:10:39.500000+13:00,48.1,-36.613543,174.690982,4,True
esp32_device_001,2025-10-18T17:10:40.750000+13:00,49.1,-36.613630,174.690817,4,True
esp32_device_001,2025-10-18T17:10:42+13:00,50.1,-36.613708,174.690704,4,False
esp32_device_001,2025-10-18T17:10:43+13:00,50.4,-36.613718,174.690637,4,True
esp32_device_001,2025-10-18T17:10:44+13:00,50.8,-36.613767,174.690512,4,True
esp32_device_001,2025-10-18T17:10:45+13:00,51.1,-36.613813,174.690382,4,True
esp32_device_001,2025-10-18T17:10:46+13:00,51.5,-36.613867,174.690187,4,True
esp32_device_001,2025-10-18T17:10:47+13:00,51.8,-36.613918,174.689987,4,False
esp32_device_001,2025-10-18T17:10:48+13:00,51.9,-36.613902,174.689968,4,True
esp32_device_001,2025-10-18T17:10:49+13:00,52.1,-36.613919,174.689746,4,True
esp32_device_001,2025-10-18T17:10:50+13:00,52.2,-36.613921,174.689568,4,True
esp32_device_001,2025-10-18T17:10:51+13:00,52.4,-36.613910,174.689388,4,True
esp32_device_001,2025-10-18T17:10:52+13:00,52.5,-36.613926,174.689301,4,False
esp32_device_001,2025-10-18T17:10:53.250000+13:00,53.0,-36.613904,174.689269,4,True
esp32_device_001,2025-10-18T17:10:54.500000+13:00,53.6,-36.613880,174.689063,4,True
esp32_device_001,2025-10-18T17:10:55.750000+13:00,54.2,-36.613849,174.688854,4,True
esp32_device_001,2025-10-18T17:10:57+13:00,54.7,-36.613846,174.68866,4,False
esp32_device_001,2025-10-18T17:10:58.666667+13:00,55.8,-36.613779,174.688406,4,True
esp32_device_001,2025-10-18T17:11:00.333333+13:00,56.8,-36.613736,174.688139,4,True
esp32_device_001,2025-10-18T17:11:02+13:00,57.9,-36.613731,174.687943,4,False
esp32_device_001,2025-10-18T17:11:03+13:00,58.6,-36.613682,174.687807,4,True
esp32_device_001,2025-10-18T17:11:04+13:00,59.3,-36.613673,174.687707,4,True
esp32_device_001,2025-10-18T17:11:05+13:00,60.1,-36.613661,174.687576,4,True
esp32_device_001,2025-10-18T17:11:06+13:00,60.8,-36.613660,174.687347,4,True
esp32_device_001,2025-10-18T17:11:07+13:00,61.5,-36.613689,174.687164,4,False
esp32_device_001,2025-10-18T17:11:08+13:00,61.4,-36.613658,174.687117,4,True
esp32_device_001,2025-10-18T17:11:09+13:00,61.3,-36.613679,174.686742,4,True
esp32_device_001,2025-10-18T17:11:10+13:00,61.3,-36.613683,174.686689,4,True
esp32_device_001,2025-10-18T17:11:11+13:00,61.2,-36.613712,174.686435,4,True
esp32_device_001,2025-10-18T17:11:12+13:00,61.1,-36.613728,174.686386,4,False
esp32_device_001,2025-10-18T17:11:13.250000+13:00,60.1,-36.613725,174.686265,4,True
esp32_device_001,2025-10-18T17:11:14.500000+13:00,59.2,-36.613748,174.686157,4,True
esp32_device_001,2025-10-18T17:11:15.750000+13:00,58.2,-36.613758,174.685739,4,True
esp32_device_001,2025-10-18T17:11:17+13:00,57.2,-36.61377,174.685593,4,False
esp32_device_001,2025-10-18T17:11:17.833333+13:00,56.9,-36.613782,174.685486,4,True
esp32_device_001,2025-10-18T17:11:18.666667+13:00,56.5,-36.613809,174.685304,4,True
esp32_device_001,2025-10-18T17:11:19.500000+13:00,56.2,-36.613831,174.685200,4,True
esp32_device_001,2025-10-18T17:11:20.333333+13:00,55.9,-36.613865,174.685062,4,True
esp32_device_001,2025-10-18T17:11:21.166667+13:00,55.5,-36.613945,174.684841,4,True
esp32_device_001,2025-10-18T17:11:22+13:00,55.2,-36.613972,174.684769,4,False
esp32_device_001,2025-10-18T17:11:23.666667+13:00,54.8,-36.614167,174.684346,4,True
esp32_device_001,2025-10-18T17:11:25.333333+13:00,54.4,-36.614206,174.684276,4,True
esp32_device_001,2025-10-18T17:11:27+13:00,54,-36.614368,174.684006,4,False
esp32_device_001,2025-10-18T17:11:28.666667+13:00,53.6,-36.614403,174.683925,4,True
esp32_device_001,2025-10-18T17:11:30.333333+13:00,53.1,-36.614683,174.683432,4,True
esp32_device_001,2025-10-18T17:11:32+13:00,52.7,-36.614796,174.683258,4,False
esp32_device_001,2025-10-18T17:11:33.666667+13:00,52.2,-36.614821,174.683208,4,True
esp32_device_001,2025-10-18T17:11:35.333333+13:00,51.6,-36.614866,174.683135,4,True
esp32_device_001,2025-10-18T17:11:37+13:00,51.1,-36.615246,174.682495,4,False
esp32_device_001,2025-10-18T17:11:39.500000+13:00,50.2,-36.615371,174.682311,4,True
esp32_device_001,2025-10-18T17:11:42+13:00,49.4,-36.6157,174.681732,4,False
esp32_device_001,2025-10-18T17:11:43.666667+13:00,48.7,-36.615870,174.681498,4,True
esp32_device_001,2025-10-18T17:11:45.333333+13:00,47.9,-36.615913,174.681413,4,True
esp32_device_001,2025-10-18T17:11:47+13:00,47.2,-36.616108,174.680893,4,False
esp32_device_001,2025-10-18T17:11:48.250000+13:00,46.2,-36.616210,174.680715,4,True
esp32_device_001,2025-10-18T17:11:49.500000+13:00,45.1,-36.616324,174.680474,4,True
esp32_device_001,2025-10-18T17:11:50.750000+13:00,44.0,-36.616415,174.680303,4,True
esp32_device_001,2025-10-18T17:11:52+13:00,43,-36.616535,174.680038,4,False
esp32_device_001,2025-10-18T17:11:53.250000+13:00,41.0,-36.616617,174.679965,4,True
esp32_device_001,2025-10-18T17:11:54.500000+13:00,39.1,-36.616732,174.679797,4,True
esp32_device_001,2025-10-18T17:11:55.750000+13:00,37.2,-36.616854,174.679597,4,True
esp32_device_001,2025-10-18T17:11:57+13:00,35.2,-36.617039,174.679291,4,False
esp32_device_001,2025-10-18T17:11:58.666667+13:00,32.4,-36.617107,174.679246,4,True
esp32_device_001,2025-10-18T17:12:00.333333+13:00,29.6,-36.617339,174.678976,4,True
esp32_device_001,2025-10-18T17:12:02+13:00,26.8,-36.617607,174.678604,4,False
esp32_device_001,2025-10-18T17:12:04.500000+13:00,22.6,-36.618191,174.677996,4,True
esp32_device_001,2025-10-18T17:12:07+13:00,18.5,-36.618202,174.677933,4,False
esp32_device_001,2025-10-18T17:12:08.666667+13:00,17.5,-36.618618,174.677519,4,True
esp32_device_001,2025-10-18T17:12:10.333333+13:00,16.4,-36.618731,174.677381,4,True
esp32_device_001,2025-10-18T17:12:12+13:00,15.4,-36.618786,174.677231,4,False
esp32_device_001,2025-10-18T17:12:13.666667+13:00,15.3,-36.619006,174.676980,4,True
esp32_device_001,2025-10-18T17:12:15.333333+13:00,15.1,-36.619201,174.676662,4,True
esp32_device_001,2025-10-18T17:12:17+13:00,15,-36.61927,174.676514,4,False
esp32_device_001,2025-10-18T17:12:18.666667+13:00,15.0,-36.619313,174.676509,4,True
esp32_device_001,2025-10-18T17:12:20.333333+13:00,15.1,-36.619434,174.676321,4,True
esp32_device_001,2025-10-18T17:12:22+13:00,15.1,-36.619743,174.675797,4,False
esp32_device_001,2025-10-18T17:12:23.250000+13:00,16.1,-36.619888,174.675646,4,True
esp32_device_001,2025-10-18T17:12:24.500000+13:00,17.0,-36.619972,174.675518,4,True
esp32_device_001,2025-10-18T17:12:25.750000+13:00,17.9,-36.620115,174.675289,4,True
esp32_device_001,2025-10-18T17:12:27+13:00,18.9,-36.620224,174.675079,4,False
esp32_device_001,2025-10-18T17:12:28.666667+13:00,20.6,-36.620383,174.674862,4,True
esp32_device_001,2025-10-18T17:12:30.333333+13:00,22.3,-36.620648,174.674392,4,True
esp32_device_001,2025-10-18T17:12:32+13:00,24,-36.62064,174.674347,4,False
esp32_device_001,2025-10-18T17:12:34.500000+13:00,25.9,-36.620829,174.673991,4,True
esp32_device_001,2025-10-18T17:12:37+13:00,27.7,-36.620964,174.673599,4,False
esp32_device_001,2025-10-18T17:12:39.500000+13:00,28.4,-36.621048,174.673392,4,True
esp32_device_001,2025-10-18T17:12:42+13:00,29,-36.621193,174.673035,4,False
esp32_device_001,2025-10-18T17:12:44.500000+13:00,29.0,-36.621234,174.672861,4,True
esp32_device_001,2025-10-18T17:12:47+13:00,29,-36.621315,174.672684,4,False
esp32_device_001,2025-10-18T17:12:52+13:00,29.2,-36.621353,174.672577,4,False
esp32_device_001,2025-10-18T17:12:57+13:00,29.6,-36.621414,174.672394,4,False
esp32_device_001,2025-10-18T17:12:57.064935+13:00,29.6,-36.621541,174.672204,4,True
esp32_device_001,2025-10-18T17:12:57.129870+13:00,29.6,-36.621591,174.672104,4,True
esp32_device_001,2025-10-18T17:12:57.194805+13:00,29.6,-36.621626,174.672009,4,True
esp32_device_001,2025-10-18T17:12:57.259740+13:00,29.6,-36.621673,174.671929,4,True
esp32_device_001,2025-10-18T17:12:57.324675+13:00,29.6,-36.621705,174.671890,4,True
esp32_device_001,2025-10-18T17:12:57.389610+13:00,29.6,-36.621804,174.671838,4,True
esp32_device_001,2025-10-18T17:12:57.454545+13:00,29.6,-36.622386,174.671942,4,True
esp32_device_001,2025-10-18T17:12:57.519481+13:00,29.6,-36.622552,174.671979,4,True
esp32_device_001,2025-10-18T17:12:57.584416+13:00,29.6,-36.622698,174.672014,4,True
esp32_device_001,2025-10-18T17:12:57.649351+13:00,29.5,-36.622908,174.672079,4,True
esp32_device_001,2025-10-18T17:12:57.714286+13:00,29.5,-36.623137,174.672190,4,True
esp32_device_001,2025-10-18T17:12:57.779221+13:00,29.5,-36.623468,174.672351,4,True
esp32_device_001,2025-10-18T17:12:57.844156+13:00,29.5,-36.623669,174.672453,4,True
esp32_device_001,2025-10-18T17:12:57.909091+13:00,29.5,-36.623850,174.672528,4,True
esp32_device_001,2025-10-18T17:12:57.974026+13:00,29.5,-36.623972,174.672565,4,True
esp32_device_001,2025-10-18T17:12:58.038961+13:00,29.5,-36.624103,174.672591,4,True
esp32_device_001,2025-10-18T17:12:58.103896+13:00,29.5,-36.624362,174.672610,4,True
esp32_device_001,2025-10-18T17:12:58.168831+13:00,29.5,-36.624632,174.672617,4,True
esp32_device_001,2025-10-18T17:12:58.233766+13:00,29.5,-36.624649,174.672617,4,True
esp32_device_001,2025-10-18T17:12:58.298701+13:00,29.5,-36.624783,174.672620,4,True
esp32_device_001,2025-10-18T17:12:58.363636+13:00,29.5,-36.624777,174.672811,4,True
esp32_device_001,2025-10-18T17:12:58.428571+13:00,29.5,-36.624763,174.673250,4,True
esp32_device_001,2025-10-18T17:12:58.493506+13:00,29.5,-36.624646,174.673270,4,True
esp32_device_001,2025-10-18T17:12:58.558442+13:00,29.5,-36.624626,174.673274,4,True
esp32_device_001,2025-10-18T17:12:58.623377+13:00,29.5,-36.624526,174.673328,4,True
esp32_device_001,2025-10-18T17:12:58.688312+13:00,29.5,-36.624460,174.673432,4,True
esp32_device_001,2025-10-18T17:12:58.753247+13:00,29.5,-36.624046,174.673802,4,True
esp32_device_001,2025-10-18T17:12:58.818182+13:00,29.5,-36.623779,174.673965,4,True
esp32_device_001,2025-10-18T17:12:58.883117+13:00,29.4,-36.622786,174.674400,4,True
esp32_device_001,2025-10-18T17:12:58.948052+13:00,29.4,-36.622576,174.674550,4,True
esp32_device_001,2025-10-18T17:12:59.012987+13:00,29.4,-36.622412,174.674703,4,True
esp32_device_001,2025-10-18T17:12:59.077922+13:00,29.4,-36.622184,174.674953,4,True
esp32_device_001,2025-10-18T17:12:59.142857+13:00,29.4,-36.621978,174.675213,4,True
esp32_device_001,2025-10-18T17:12:59.207792+13:00,29.4,-36.621565,174.675833,4,True
esp32_device_001,2025-10-18T17:12:59.272727+13:00,29.4,-36.621507,174.675930,4,True
esp32_device_001,2025-10-18T17:12:59.337662+13:00,29.4,-36.621155,174.676515,4,True
esp32_device_001,2025-10-18T17:12:59.402597+13:00,29.4,-36.620855,174.676984,4,True
esp32_device_001,2025-10-18T17:12:59.467532+13:00,29.4,-36.620823,174.677033,4,True
esp32_device_001,2025-10-18T17:12:59.532468+13:00,29.4,-36.620754,174.677132,4,True
esp32_device_001,2025-10-18T17:12:59.597403+13:00,29.4,-36.620725,174.677173,4,True
esp32_device_001,2025-10-18T17:12:59.662338+13:00,29.4,-36.620671,174.677251,4,True
esp32_device_001,2025-10-18T17:12:59.727273+13:00,29.4,-36.620583,174.677355,4,True
esp32_device_001,2025-10-18T17:12:59.792208+13:00,29.4,-36.620533,174.677393,4,True
esp32_device_001,2025-10-18T17:12:59.857143+13:00,29.4,-36.620440,174.677425,4,True
esp32_device_001,2025-10-18T17:12:59.922078+13:00,29.4,-36.620376,174.677437,4,True
esp32_device_001,2025-10-18T17:12:59.987013+13:00,29.4,-36.620303,174.677449,4,True
esp32_device_001,2025-10-18T17:13:00.051948+13:00,29.4,-36.620280,174.677450,4,True
esp32_device_001,2025-10-18T17:13:00.116883+13:00,29.4,-36.620185,174.677452,4,True
esp32_device_001,2025-10-18T17:13:00.181818+13:00,29.3,-36.620083,174.677438,4,True
esp32_device_001,2025-10-18T17:13:00.246753+13:00,29.3,-36.620040,174.677432,4,True
esp32_device_001,2025-10-18T17:13:00.311688+13:00,29.3,-36.619976,174.677418,4,True
esp32_device_001,2025-10-18T17:13:00.376623+13:00,29.3,-36.619926,174.677397,4,True
esp32_device_001,2025-10-18T17:13:00.441558+13:00,29.3,-36.619537,174.677238,4,True
esp32_device_001,2025-10-18T17:13:00.506494+13:00,29.3,-36.619505,174.677197,4,True
esp32_device_001,2025-10-18T17:13:00.571429+13:00,29.3,-36.619492,174.677191,4,True
esp32_device_001,2025-10-18T17:13:00.636364+13:00,29.3,-36.619466,174.677181,4,True
esp32_device_001,2025-10-18T17:13:00.701299+13:00,29.3,-36.619418,174.677162,4,True
esp32_device_001,2025-10-18T17:13:00.766234+13:00,29.3,-36.619352,174.677149,4,True
esp32_device_001,2025-10-18T17:13:00.831169+13:00,29.3,-36.619265,174.677100,4,True
esp32_device_001,2025-10-18T17:13:00.896104+13:00,29.3,-36.619216,174.677005,4,True
esp32_device_001,2025-10-18T17:13:00.961039+13:00,29.3,-36.619194,174.676899,4,True
esp32_device_001,2025-10-18T17:13:01.025974+13:00,29.3,-36.619183,174.676828,4,True
esp32_device_001,2025-10-18T17:13:01.090909+13:00,29.3,-36.619189,174.676755,4,True
esp32_device_001,2025-10-18T17:13:01.155844+13:00,29.3,-36.619201,174.676662,4,True
esp32_device_001,2025-10-18T17:13:01.220779+13:00,29.3,-36.619313,174.676509,4,True
esp32_device_001,2025-10-18T17:13:01.285714+13:00,29.3,-36.619434,174.676321,4,True
esp32_device_001,2025-10-18T17:13:01.350649+13:00,29.3,-36.619888,174.675646,4,True
esp32_device_001,2025-10-18T17:13:01.415584+13:00,29.2,-36.619972,174.675518,4,True
esp32_device_001,2025-10-18T17:13:01.480519+13:00,29.2,-36.620115,174.675289,4,True
esp32_device_001,2025-10-18T17:13:01.545455+13:00,29.2,-36.620383,174.674862,4,True
esp32_device_001,2025-10-18T17:13:01.610390+13:00,29.2,-36.620648,174.674392,4,True
esp32_device_001,2025-10-18T17:13:01.675325+13:00,29.2,-36.620829,174.673991,4,True
esp32_device_001,2025-10-18T17:13:01.740260+13:00,29.2,-36.620971,174.673612,4,True
esp32_device_001,2025-10-18T17:13:01.805195+13:00,29.2,-36.621048,174.673392,4,True
esp32_device_001,2025-10-18T17:13:01.870130+13:00,29.2,-36.621234,174.672861,4,True
esp32_device_001,2025-10-18T17:13:01.935065+13:00,29.2,-36.621522,174.671926,4,True
esp32_device_001,2025-10-18T17:13:02+13:00,29.2,-36.621563,174.671875,4,False
esp32_device_001,2025-10-18T17:13:03+13:00,28.9,-36.621564,174.671790,4,True
esp32_device_001,2025-10-18T17:13:04+13:00,28.6,-36.621590,174.671699,4,True
esp32_device_001,2025-10-18T17:13:05+13:00,28.3,-36.621614,174.671618,4,True
esp32_device_001,2025-10-18T17:13:06+13:00,28.0,-36.621671,174.671432,4,True
esp32_device_001,2025-10-18T17:13:07+13:00,27.7,-36.621735,174.671219,4,False
esp32_device_001,2025-10-18T17:13:09.500000+13:00,26.3,-36.621808,174.670904,4,True
esp32_device_001,2025-10-18T17:13:12+13:00,24.9,-36.621929,174.670517,4,False
esp32_device_001,2025-10-18T17:13:12.096154+13:00,24.9,-36.622162,174.670201,4,True
esp32_device_001,2025-10-18T17:13:12.192308+13:00,24.8,-36.622218,174.670146,4,True
esp32_device_001,2025-10-18T17:13:12.288462+13:00,24.8,-36.622334,174.670102,4,True
esp32_device_001,2025-10-18T17:13:12.384615+13:00,24.7,-36.622374,174.670124,4,True
esp32_device_001,2025-10-18T17:13:12.480769+13:00,24.7,-36.622446,174.670126,4,True
esp32_device_001,2025-10-18T17:13:12.576923+13:00,24.6,-36.622483,174.670142,4,True
esp32_device_001,2025-10-18T17:13:12.673077+13:00,24.6,-36.622535,174.670159,4,True
esp32_device_001,2025-10-18T17:13:12.769231+13:00,24.5,-36.622557,174.670164,4,True
esp32_device_001,2025-10-18T17:13:12.865385+13:00,24.5,-36.622578,174.670161,4,True
esp32_device_001,2025-10-18T17:13:12.961538+13:00,24.5,-36.622618,174.670153,4,True
esp32_device_001,2025-10-18T17:13:13.057692+13:00,24.4,-36.622729,174.670125,4,True
esp32_device_001,2025-10-18T17:13:13.153846+13:00,24.4,-36.622783,174.670110,4,True
esp32_device_001,2025-10-18T17:13:13.250000+13:00,24.3,-36.622838,174.670095,4,True
esp32_device_001,2025-10-18T17:13:13.346154+13:00,24.3,-36.622896,174.670091,4,True
esp32_device_001,2025-10-18T17:13:13.442308+13:00,24.2,-36.622937,174.670091,4,True
esp32_device_001,2025-10-18T17:13:13.538462+13:00,24.2,-36.623124,174.670124,4,True
esp32_device_001,2025-10-18T17:13:13.634615+13:00,24.1,-36.623190,174.670158,4,True
esp32_device_001,2025-10-18T17:13:13.730769+13:00,24.1,-36.623225,174.670185,4,True
esp32_device_001,2025-10-18T17:13:13.826923+13:00,24.1,-36.623256,174.670220,4,True
esp32_device_001,2025-10-18T17:13:13.923077+13:00,24.0,-36.623282,174.670267,4,True
esp32_device_001,2025-10-18T17:13:14.019231+13:00,24.0,-36.623297,174.670303,4,True
esp32_device_001,2025-10-18T17:13:14.115385+13:00,23.9,-36.623304,174.670363,4,True
esp32_device_001,2025-10-18T17:13:14.211538+13:00,23.9,-36.623342,174.671009,4,True
esp32_device_001,2025-10-18T17:13:14.307692+13:00,23.8,-36.623356,174.671245,4,True
esp32_device_001,2025-10-18T17:13:14.403846+13:00,23.8,-36.623353,174.671381,4,True
esp32_device_001,2025-10-18T17:13:14.500000+13:00,23.8,-36.623327,174.671617,4,True
esp32_device_001,2025-10-18T17:13:14.596154+13:00,23.7,-36.623316,174.671723,4,True
esp32_device_001,2025-10-18T17:13:14.692308+13:00,23.7,-36.623279,174.671882,4,True
esp32_device_001,2025-10-18T17:13:14.788462+13:00,23.6,-36.623274,174.671962,4,True
esp32_device_001,2025-10-18T17:13:14.884615+13:00,23.6,-36.623268,174.672018,4,True
esp32_device_001,2025-10-18T17:13:14.980769+13:00,23.5,-36.623260,174.672046,4,True
esp32_device_001,2025-10-18T17:13:15.076923+13:00,23.5,-36.623248,174.672073,4,True
esp32_device_001,2025-10-18T17:13:15.173077+13:00,23.4,-36.623232,174.672093,4,True
esp32_device_001,2025-10-18T17:13:15.269231+13:00,23.4,-36.623208,174.672117,4,True
esp32_device_001,2025-10-18T17:13:15.365385+13:00,23.4,-36.623137,174.672190,4,True
esp32_device_001,2025-10-18T17:13:15.461538+13:00,23.3,-36.622908,174.672079,4,True
esp32_device_001,2025-10-18T17:13:15.557692+13:00,23.3,-36.622733,174.671965,4,True
esp32_device_001,2025-10-18T17:13:15.653846+13:00,23.2,-36.622658,174.671925,4,True
esp32_device_001,2025-10-18T17:13:15.750000+13:00,23.2,-36.622583,174.671893,4,True
esp32_device_001,2025-10-18T17:13:15.846154+13:00,23.1,-36.622446,174.671852,4,True
esp32_device_001,2025-10-18T17:13:15.942308+13:00,23.1,-36.621954,174.671762,4,True
esp32_device_001,2025-10-18T17:13:16.038462+13:00,23.0,-36.621812,174.671675,4,True
esp32_device_001,2025-10-18T17:13:16.134615+13:00,23.0,-36.621767,174.671624,4,True
esp32_device_001,2025-10-18T17:13:16.230769+13:00,23.0,-36.621726,174.671572,4,True
esp32_device_001,2025-10-18T17:13:16.326923+13:00,22.9,-36.621698,174.671530,4,True
esp32_device_001,2025-10-18T17:13:16.423077+13:00,22.9,-36.621687,174.671499,4,True
esp32_device_001,2025-10-18T17:13:16.519231+13:00,22.8,-36.621671,174.671432,4,True
esp32_device_001,2025-10-18T17:13:16.615385+13:00,22.8,-36.621808,174.670904,4,True
esp32_device_001,2025-10-18T17:13:16.711538+13:00,22.7,-36.621930,174.670321,4,True
esp32_device_001,2025-10-18T17:13:16.807692+13:00,22.7,-36.622055,174.669950,4,True
esp32_device_001,2025-10-18T17:13:16.903846+13:00,22.6,-36.622078,174.669892,4,True
esp32_device_001,2025-10-18T17:13:17+13:00,22.6,-36.622173,174.669785,4,False
esp32_device_001,2025-10-18T17:13:18+13:00,22.5,-36.622225,174.669532,4,True
esp32_device_001,2025-10-18T17:13:19+13:00,22.5,-36.622285,174.669394,4,True
esp32_device_001,2025-10-18T17:13:20+13:00,22.4,-36.622345,174.669255,4,True
esp32_device_001,2025-10-18T17:13:21+13:00,22.4,-36.622408,174.669115,4,True
esp32_device_001,2025-10-18T17:13:22+13:00,22.3,-36.62244,174.669098,4,False
esp32_device_001,2025-10-18T17:13:23.666667+13:00,22.2,-36.622614,174.668705,4,True
esp32_device_001,2025-10-18T17:13:25.333333+13:00,22.2,-36.622673,174.668589,4,True
esp32_device_001,2025-10-18T17:13:27+13:00,22.1,-36.622723,174.668518,4,False
esp32_device_001,2025-10-18T17:13:28.250000+13:00,22.0,-36.622776,174.668391,4,True
esp32_device_001,2025-10-18T17:13:29.500000+13:00,22.0,-36.622936,174.668086,4,True
esp32_device_001,2025-10-18T17:13:30.750000+13:00,21.9,-36.622955,174.668052,4,True
esp32_device_001,2025-10-18T17:13:32+13:00,21.8,-36.622982,174.66806,4,False
esp32_device_001,2025-10-18T17:13:32.185185+13:00,21.8,-36.623150,174.667896,4,True
esp32_device_001,2025-10-18T17:13:32.370370+13:00,21.8,-36.623342,174.667575,4,True
esp32_device_001,2025-10-18T17:13:32.555556+13:00,21.8,-36.623404,174.667508,4,True
esp32_device_001,2025-10-18T17:13:32.740741+13:00,21.8,-36.623452,174.667456,4,True
esp32_device_001,2025-10-18T17:13:32.925926+13:00,21.8,-36.623533,174.667405,4,True
esp32_device_001,2025-10-18T17:13:33.111111+13:00,21.8,-36.623704,174.667341,4,True
esp32_device_001,2025-10-18T17:13:33.296296+13:00,21.8,-36.623815,174.667396,4,True
esp32_device_001,2025-10-18T17:13:33.481481+13:00,21.8,-36.623848,174.667413,4,True
esp32_device_001,2025-10-18T17:13:33.666667+13:00,21.8,-36.624059,174.667517,4,True
esp32_device_001,2025-10-18T17:13:33.851852+13:00,21.7,-36.624548,174.667788,4,True
esp32_device_001,2025-10-18T17:13:34.037037+13:00,21.7,-36.624845,174.667946,4,True
esp32_device_001,2025-10-18T17:13:34.222222+13:00,21.7,-36.624943,174.667998,4,True
esp32_device_001,2025-10-18T17:13:34.407407+13:00,21.7,-36.625015,174.668077,4,True
esp32_device_001,2025-10-18T17:13:34.592593+13:00,21.7,-36.625037,174.668099,4,True
esp32_device_001,2025-10-18T17:13:34.777778+13:00,21.7,-36.625080,174.668163,4,True
esp32_device_001,2025-10-18T17:13:34.962963+13:00,21.7,-36.625100,174.668199,4,True
esp32_device_001,2025-10-18T17:13:35.148148+13:00,21.7,-36.625129,174.668225,4,True
esp32_device_001,2025-10-18T17:13:35.333333+13:00,21.7,-36.625158,174.668237,4,True
esp32_device_001,2025-10-18T17:13:35.518519+13:00,21.7,-36.625188,174.668239,4,True
esp32_device_001,2025-10-18T17:13:35.703704+13:00,21.7,-36.625218,174.668230,4,True
esp32_device_001,2025-10-18T17:13:35.888889+13:00,21.7,-36.625245,174.668211,4,True
esp32_device_001,2025-10-18T17:13:36.074074+13:00,21.7,-36.625266,174.668184,4,True
esp32_device_001,2025-10-18T17:13:36.259259+13:00,21.7,-36.625283,174.668143,4,True
esp32_device_001,2025-10-18T17:13:36.444444+13:00,21.7,-36.625288,174.668097,4,True
esp32_device_001,2025-10-18T17:13:36.629630+13:00,21.7,-36.625280,174.668051,4,True
esp32_device_001,2025-10-18T17:13:36.814815+13:00,21.7,-36.625260,174.668011,4,True
esp32_device_001,2025-10-18T17:13:37+13:00,21.6,-36.625230,174.667981,4,True
esp32_device_001,2025-10-18T17:13:37.185185+13:00,21.6,-36.625194,174.667966,4,True
esp32_device_001,2025-10-18T17:13:37.370370+13:00,21.6,-36.625156,174.667968,4,True
esp32_device_001,2025-10-18T17:13:37.555556+13:00,21.6,-36.625135,174.667976,4,True
esp32_device_001,2025-10-18T17:13:37.740741+13:00,21.6,-36.625116,174.667989,4,True
esp32_device_001,2025-10-18T17:13:37.925926+13:00,21.6,-36.625054,174.668003,4,True
esp32_device_001,2025-10-18T17:13:38.111111+13:00,21.6,-36.624943,174.667998,4,True
esp32_device_001,2025-10-18T17:13:38.296296+13:00,21.6,-36.624845,174.667946,4,True
esp32_device_001,2025-10-18T17:13:38.481481+13:00,21.6,-36.624548,174.667788,4,True
esp32_device_001,2025-10-18T17:13:38.666667+13:00,21.6,-36.624059,174.667517,4,True
esp32_device_001,2025-10-18T17:13:38.851852+13:00,21.6,-36.623848,174.667413,4,True
esp32_device_001,2025-10-18T17:13:39.037037+13:00,21.6,-36.623815,174.667396,4,True
esp32_device_001,2025-10-18T17:13:39.222222+13:00,21.6,-36.623704,174.667341,4,True
esp32_device_001,2025-10-18T17:13:39.407407+13:00,21.6,-36.623561,174.667270,4,True
esp32_device_001,2025-10-18T17:13:39.592593+13:00,21.6,-36.623532,174.667256,4,True
esp32_device_001,2025-10-18T17:13:39.777778+13:00,21.6,-36.623418,174.667199,4,True
esp32_device_001,2025-10-18T17:13:39.962963+13:00,21.6,-36.623310,174.667130,4,True
esp32_device_001,2025-10-18T17:13:40.148148+13:00,21.6,-36.623284,174.667113,4,True
esp32_device_001,2025-10-18T17:13:40.333333+13:00,21.6,-36.623210,174.667057,4,True
esp32_device_001,2025-10-18T17:13:40.518519+13:00,21.5,-36.623177,174.667126,4,True
esp32_device_001,2025-10-18T17:13:40.703704+13:00,21.5,-36.623248,174.667249,4,True
esp32_device_001,2025-10-18T17:13:40.888889+13:00,21.5,-36.623259,174.667280,4,True
esp32_device_001,2025-10-18T17:13:41.074074+13:00,21.5,-36.623293,174.667431,4,True
esp32_device_001,2025-10-18T17:13:41.259259+13:00,21.5,-36.623361,174.667305,4,True
esp32_device_001,2025-10-18T17:13:41.444444+13:00,21.5,-36.623418,174.667199,4,True
esp32_device_001,2025-10-18T17:13:41.629630+13:00,21.5,-36.623499,174.667048,4,True
esp32_device_001,2025-10-18T17:13:41.814815+13:00,21.5,-36.623517,174.667015,4,True
esp32_device_001,2025-10-18T17:13:42+13:00,21.5,-36.623608,174.666916,4,False
esp32_device_001,2025-10-18T17:13:44.500000+13:00,21.1,-36.623688,174.666696,4,True
esp32_device_001,2025-10-18T17:13:47+13:00,20.8,-36.623978,174.666229,4,False
esp32_device_001,2025-10-18T17:13:47.714286+13:00,20.8,-36.623974,174.666192,4,True
esp32_device_001,2025-10-18T17:13:48.428571+13:00,20.9,-36.624002,174.666136,4,True
esp32_device_001,2025-10-18T17:13:49.142857+13:00,20.9,-36.624109,174.665920,4,True
esp32_device_001,2025-10-18T17:13:49.857143+13:00,20.9,-36.624147,174.665840,4,True
esp32_device_001,2025-10-18T17:13:50.571429+13:00,20.9,-36.624190,174.665755,4,True
esp32_device_001,2025-10-18T17:13:51.285714+13:00,21.0,-36.624224,174.665678,4,True
esp32_device_001,2025-10-18T17:13:52+13:00,21,-36.62434,174.665482,4,False
esp32_device_001,2025-10-18T17:13:53.250000+13:00,21.9,-36.624332,174.665435,4,True
esp32_device_001,2025-10-18T17:13:54.500000+13:00,22.9,-36.624361,174.665374,4,True
esp32_device_001,2025-10-18T17:13:55.750000+13:00,23.8,-36.624567,174.664918,4,True
esp32_device_001,2025-10-18T17:13:57+13:00,24.7,-36.624653,174.664734,4,False
esp32_device_001,2025-10-18T17:14:02+13:00,25.2,-36.624727,174.664484,4,True
esp32_device_001,2025-10-18T17:14:07+13:00,25.7,-36.624879,174.664180,4,True
esp32_device_001,2025-10-18T17:14:12+13:00,26.2,-36.624942,174.664103,4,True
esp32_device_001,2025-10-18T17:14:17+13:00,26.7,-36.624973,174.664078,4,False
esp32_device_001,2025-10-18T17:14:17.500000+13:00,26.9,-36.624982,174.664054,4,True
esp32_device_001,2025-10-18T17:14:18+13:00,27.0,-36.625023,174.664045,4,True
esp32_device_001,2025-10-18T17:14:18.500000+13:00,27.2,-36.625063,174.664020,4,True
esp32_device_001,2025-10-18T17:14:19+13:00,27.4,-36.625097,174.663982,4,True
esp32_device_001,2025-10-18T17:14:19.500000+13:00,27.5,-36.625121,174.663934,4,True
esp32_device_001,2025-10-18T17:14:20+13:00,27.7,-36.625134,174.663881,4,True
esp32_device_001,2025-10-18T17:14:20.500000+13:00,27.9,-36.625136,174.663837,4,True
esp32_device_001,2025-10-18T17:14:21+13:00,28.1,-36.625130,174.663793,4,True
esp32_device_001,2025-10-18T17:14:21.500000+13:00,28.2,-36.625117,174.663752,4,True
esp32_device_001,2025-10-18T17:14:22+13:00,28.4,-36.62513,174.663666,4,False
esp32_device_001,2025-10-18T17:14:24.500000+13:00,29.2,-36.625179,174.663191,4,True
esp32_device_001,2025-10-18T17:14:27+13:00,30,-36.625195,174.662979,4,False
esp32_device_001,2025-10-18T17:14:28+13:00,30.4,-36.625263,174.662522,4,True
esp32_device_001,2025-10-18T17:14:29+13:00,30.8,-36.625281,174.662421,4,True
esp32_device_001,2025-10-18T17:14:30+13:00,31.2,-36.625290,174.662363,4,True
esp32_device_001,2025-10-18T17:14:31+13:00,31.6,-36.625308,174.662301,4,True
esp32_device_001,2025-10-18T17:14:32+13:00,32,-36.625313,174.662277,4,False
esp32_device_001,2025-10-18T17:14:32.454545+13:00,32.1,-36.625327,174.662254,4,True
esp32_device_001,2025-10-18T17:14:32.909091+13:00,32.3,-36.625366,174.662180,4,True
esp32_device_001,2025-10-18T17:14:33.363636+13:00,32.4,-36.625409,174.662122,4,True
esp32_device_001,2025-10-18T17:14:33.818182+13:00,32.5,-36.625443,174.662085,4,True
esp32_device_001,2025-10-18T17:14:34.272727+13:00,32.6,-36.625476,174.662055,4,True
esp32_device_001,2025-10-18T17:14:34.727273+13:00,32.8,-36.625517,174.662024,4,True
esp32_device_001,2025-10-18T17:14:35.181818+13:00,32.9,-36.625552,174.662000,4,True
esp32_device_001,2025-10-18T17:14:35.636364+13:00,33.0,-36.625587,174.661969,4,True
esp32_device_001,2025-10-18T17:14:36.090909+13:00,33.1,-36.625614,174.661936,4,True
esp32_device_001,2025-10-18T17:14:36.545455+13:00,33.3,-36.625635,174.661892,4,True
esp32_device_001,2025-10-18T17:14:37+13:00,33.4,-36.625622,174.661835,4,False
esp32_device_001,2025-10-18T17:14:37.625000+13:00,33.7,-36.625663,174.661805,4,True
esp32_device_001,2025-10-18T17:14:38.250000+13:00,34.0,-36.625668,174.661761,4,True
esp32_device_001,2025-10-18T17:14:38.875000+13:00,34.3,-36.625664,174.661718,4,True
esp32_device_001,2025-10-18T17:14:39.500000+13:00,34.6,-36.625654,174.661680,4,True
esp32_device_001,2025-10-18T17:14:40.125000+13:00,35.0,-36.625693,174.661526,4,True
esp32_device_001,2025-10-18T17:14:40.750000+13:00,35.3,-36.625709,174.661472,4,True
esp32_device_001,2025-10-18T17:14:41.375000+13:00,35.6,-36.625769,174.661275,4,True
esp32_device_001,2025-10-18T17:14:42+13:00,35.9,-36.625797,174.661194,4,False
esp32_device_001,2025-10-18T17:14:43.250000+13:00,36.8,-36.625872,174.661011,4,True
esp32_device_001,2025-10-18T17:14:44.500000+13:00,37.7,-36.625916,174.660922,4,True
esp32_device_001,2025-10-18T17:14:45.750000+13:00,38.6,-36.626100,174.660559,4,True
esp32_device_001,2025-10-18T17:14:47+13:00,39.5,-36.626144,174.660492,4,False
esp32_device_001,2025-10-18T17:14:48.666667+13:00,40.0,-36.626236,174.660311,4,True
esp32_device_001,2025-10-18T17:14:50.333333+13:00,40.5,-36.626458,174.659884,4,True
esp32_device_001,2025-10-18T17:14:52+13:00,41,-36.626553,174.659729,4,False
esp32_device_001,2025-10-18T17:14:54.500000+13:00,41.6,-36.626657,174.659502,4,True
esp32_device_001,2025-10-18T17:14:57+13:00,42.2,-36.62693,174.659012,4,False
esp32_device_001,2025-10-18T17:14:59.500000+13:00,42.9,-36.627126,174.658602,4,True
esp32_device_001,2025-10-18T17:15:02+13:00,43.5,-36.627243,174.658432,4,False
esp32_device_001,2025-10-18T17:15:03.666667+13:00,44.0,-36.627406,174.658140,4,True
esp32_device_001,2025-10-18T17:15:05.333333+13:00,44.5,-36.627469,174.658068,4,True
esp32_device_001,2025-10-18T17:15:07+13:00,45,-36.627426,174.658035,4,False
esp32_device_001,2025-10-18T17:15:08.666667+13:00,44.4,-36.627305,174.657874,4,True
esp32_device_001,2025-10-18T17:15:10.333333+13:00,43.9,-36.627196,174.657767,4,True
esp32_device_001,2025-10-18T17:15:12+13:00,43.3,-36.627182,174.65773,4,False
esp32_device_001,2025-10-18T17:15:14.500000+13:00,39.5,-36.627045,174.657619,4,True
esp32_device_001,2025-10-18T17:15:17+13:00,35.6,-36.626762,174.657272,4,False
esp32_device_001,2025-10-18T17:15:22+13:00,26.5,-36.626217,174.656723,4,False
esp32_device_001,2025-10-18T17:15:24.500000+13:00,23.9,-36.625787,174.656353,4,True
esp32_device_001,2025-10-18T17:15:27+13:00,21.4,-36.625599,174.656158,4,False
esp32_device_001,2025-10-18T17:15:28.666667+13:00,21.6,-36.625486,174.656085,4,True
esp32_device_001,2025-10-18T17:15:30.333333+13:00,21.8,-36.625394,174.655999,4,True
esp32_device_001,2025-10-18T17:15:32+13:00,22,-36.624954,174.655624,4,False
esp32_device_001,2025-10-18T17:15:33.428571+13:00,23.0,-36.624376,174.655187,4,True
esp32_device_001,2025-10-18T17:15:34.857143+13:00,24.0,-36.624277,174.655105,4,True
esp32_device_001,2025-10-18T17:15:36.285714+13:00,25.0,-36.624175,174.655004,4,True
esp32_device_001,2025-10-18T17:15:37.714286+13:00,25.9,-36.624061,174.654866,4,True
esp32_device_001,2025-10-18T17:15:39.142857+13:00,26.9,-36.623959,174.654725,4,True
esp32_device_001,2025-10-18T17:15:40.571429+13:00,27.9,-36.623863,174.654567,4,True
esp32_device_001,2025-10-18T17:15:42+13:00,28.9,-36.623817,174.654449,4,False
esp32_device_001,2025-10-18T17:15:43+13:00,29.1,-36.623772,174.654386,4,True
esp32_device_001,2025-10-18T17:15:44+13:00,29.2,-36.623714,174.654239,4,True
esp32_device_001,2025-10-18T17:15:45+13:00,29.4,-36.623656,174.654080,4,True
esp32_device_001,2025-10-18T17:15:46+13:00,29.5,-36.623608,174.653913,4,True
esp32_device_001,2025-10-18T17:15:47+13:00,29.7,-36.6236,174.653885,4,False
esp32_device_001,2025-10-18T17:15:48.250000+13:00,29.8,-36.623566,174.653771,4,True
esp32_device_001,2025-10-18T17:15:49.500000+13:00,29.9,-36.623563,174.653659,4,True
esp32_device_001,2025-10-18T17:15:50.750000+13:00,30.0,-36.623562,174.653602,4,True
esp32_device_001,2025-10-18T17:15:52+13:00,30.1,-36.623573,174.653549,4,False
esp32_device_001,2025-10-18T17:15:52.833333+13:00,30.3,-36.623602,174.653521,4,True
esp32_device_001,2025-10-18T17:15:53.666667+13:00,30.4,-36.623605,174.653473,4,True
esp32_device_001,2025-10-18T17:15:54.500000+13:00,30.6,-36.623596,174.653426,4,True
esp32_device_001,2025-10-18T17:15:55.333333+13:00,30.8,-36.623576,174.653385,4,True
esp32_device_001,2025-10-18T17:15:56.166667+13:00,30.9,-36.623559,174.653201,4,True
esp32_device_001,2025-10-18T17:15:57+13:00,31.1,-36.623581,174.653152,4,False
esp32_device_001,2025-10-18T17:15:58.250000+13:00,31.4,-36.623583,174.653050,4,True
esp32_device_001,2025-10-18T17:15:59.500000+13:00,31.6,-36.623617,174.652880,4,True
esp32_device_001,2025-10-18T17:16:00.750000+13:00,31.9,-36.623663,174.652687,4,True
esp32_device_001,2025-10-18T17:16:02+13:00,32.1,-36.623707,174.652557,4,False
esp32_device_001,2025-10-18T17:16:03+13:00,32.1,-36.623735,174.652484,4,True
esp32_device_001,2025-10-18T17:16:04+13:00,32.1,-36.623801,174.652297,4,True
esp32_device_001,2025-10-18T17:16:05+13:00,32.0,-36.623846,174.652187,4,True
esp32_device_001,2025-10-18T17:16:06+13:00,32.0,-36.623937,174.651978,4,True
esp32_device_001,2025-10-18T17:16:07+13:00,32,-36.624004,174.65184,4,False
esp32_device_001,2025-10-18T17:16:08.250000+13:00,31.8,-36.624043,174.651763,4,True
esp32_device_001,2025-10-18T17:16:09.500000+13:00,31.6,-36.624132,174.651602,4,True
esp32_device_001,2025-10-18T17:16:10.750000+13:00,31.5,-36.624240,174.651421,4,True
esp32_device_001,2025-10-18T17:16:12+13:00,31.3,-36.624458,174.651077,4,False
esp32_device_001,2025-10-18T17:16:14.500000+13:00,30.8,-36.624545,174.650942,4,True
esp32_device_001,2025-10-18T17:16:17+13:00,30.3,-36.624989,174.650269,4,False
esp32_device_001,2025-10-18T17:16:19.500000+13:00,29.8,-36.625452,174.649527,4,True
esp32_device_001,2025-10-18T17:16:22+13:00,29.3,-36.625542,174.649384,4,False
esp32_device_001,2025-10-18T17:16:22.714286+13:00,29.3,-36.625547,174.649374,4,True
esp32_device_001,2025-10-18T17:16:23.428571+13:00,29.2,-36.625629,174.649226,4,True
esp32_device_001,2025-10-18T17:16:24.142857+13:00,29.2,-36.625715,174.649044,4,True
esp32_device_001,2025-10-18T17:16:24.857143+13:00,29.2,-36.625797,174.648843,4,True
esp32_device_001,2025-10-18T17:16:25.571429+13:00,29.2,-36.625866,174.648637,4,True
esp32_device_001,2025-10-18T17:16:26.285714+13:00,29.1,-36.625915,174.648462,4,True
esp32_device_001,2025-10-18T17:16:27+13:00,29.1,-36.625954,174.648376,4,False
esp32_device_001,2025-10-18T17:16:29.500000+13:00,28.9,-36.626247,174.647290,4,True
esp32_device_001,2025-10-18T17:16:32+13:00,28.6,-36.626263,174.647278,4,False
esp32_device_001,2025-10-18T17:16:33.666667+13:00,29.1,-36.626482,174.646447,4,True
esp32_device_001,2025-10-18T17:16:35.333333+13:00,29.5,-36.626517,174.646321,4,True
esp32_device_001,2025-10-18T17:16:37+13:00,30,-36.626568,174.646194,4,False
esp32_device_001,2025-10-18T17:16:38.666667+13:00,30.0,-36.626655,174.645831,4,True
esp32_device_001,2025-10-18T17:16:40.333333+13:00,30.1,-36.626769,174.645398,4,True
esp32_device_001,2025-10-18T17:16:42+13:00,30.1,-36.62685,174.645126,4,False
esp32_device_001,2025-10-18T17:16:43.666667+13:00,29.7,-36.626970,174.644555,4,True
esp32_device_001,2025-10-18T17:16:45.333333+13:00,29.4,-36.627029,174.644330,4,True
esp32_device_001,2025-10-18T17:16:47+13:00,29,-36.627098,174.644073,4,False
esp32_device_001,2025-10-18T17:16:49.500000+13:00,28.6,-36.627245,174.643438,4,True
esp32_device_001,2025-10-18T17:16:52+13:00,28.2,-36.62738,174.64299,4,False
esp32_device_001,2025-10-18T17:16:54.500000+13:00,28.4,-36.627644,174.641982,4,True
esp32_device_001,2025-10-18T17:16:57+13:00,28.6,-36.627678,174.641907,4,False
esp32_device_001,2025-10-18T17:16:58.250000+13:00,28.7,-36.627738,174.641606,4,True
esp32_device_001,2025-10-18T17:16:59.500000+13:00,28.8,-36.627808,174.641278,4,True
esp32_device_001,2025-10-18T17:17:00.750000+13:00,28.9,-36.627873,174.640960,4,True
esp32_device_001,2025-10-18T17:17:02+13:00,29,-36.627914,174.640793,4,False
esp32_device_001,2025-10-18T17:17:04.500000+13:00,29.6,-36.627952,174.640538,4,True
esp32_device_001,2025-10-18T17:17:07+13:00,30.3,-36.628113,174.639664,4,False
esp32_device_001,2025-10-18T17:17:08.250000+13:00,30.6,-36.628126,174.639522,4,True
esp32_device_001,2025-10-18T17:17:09.500000+13:00,30.9,-36.628251,174.638786,4,True
esp32_device_001,2025-10-18T17:17:10.750000+13:00,31.1,-36.628281,174.638561,4,True
esp32_device_001,2025-10-18T17:17:12+13:00,31.4,-36.628292,174.63855,4,False
esp32_device_001,2025-10-18T17:17:12.833333+13:00,31.6,-36.628304,174.638356,4,True
esp32_device_001,2025-10-18T17:17:13.666667+13:00,31.7,-36.628320,174.638174,4,True
esp32_device_001,2025-10-18T17:17:14.500000+13:00,31.9,-36.628326,174.637973,4,True
esp32_device_001,2025-10-18T17:17:15.333333+13:00,32.1,-36.628313,174.637752,4,True
esp32_device_001,2025-10-18T17:17:16.166667+13:00,32.2,-36.628300,174.637550,4,True
esp32_device_001,2025-10-18T17:17:17+13:00,32.4,-36.628296,174.637421,4,False
esp32_device_001,2025-10-18T17:17:17.833333+13:00,32.5,-36.628265,174.637228,4,True
esp32_device_001,2025-10-18T17:17:18.666667+13:00,32.5,-36.628231,174.636925,4,True
esp32_device_001,2025-10-18T17:17:19.500000+13:00,32.6,-36.628216,174.636715,4,True
esp32_device_001,2025-10-18T17:17:20.333333+13:00,32.7,-36.628213,174.636491,4,True
esp32_device_001,2025-10-18T17:17:21.166667+13:00,32.7,-36.628220,174.636325,4,True
esp32_device_001,2025-10-18T17:17:22+13:00,32.8,-36.628242,174.636276,4,False
esp32_device_001,2025-10-18T17:17:23+13:00,32.9,-36.628230,174.636173,4,True
esp32_device_001,2025-10-18T17:17:24+13:00,32.9,-36.628252,174.635982,4,True
esp32_device_001,2025-10-18T17:17:25+13:00,33.0,-36.628283,174.635782,4,True
esp32_device_001,2025-10-18T17:17:26+13:00,33.0,-36.628326,174.635562,4,True
esp32_device_001,2025-10-18T17:17:27+13:00,33.1,-36.628429,174.635132,4,False
esp32_device_001,2025-10-18T17:17:29.500000+13:00,33.4,-36.628428,174.635061,4,True
esp32_device_001,2025-10-18T17:17:32+13:00,33.7,-36.628674,174.633987,4,False
esp32_device_001,2025-10-18T17:17:33.250000+13:00,34.0,-36.628737,174.633605,4,True
esp32_device_001,2025-10-18T17:17:34.500000+13:00,34.2,-36.628858,174.633035,4,True
esp32_device_001,2025-10-18T17:17:35.750000+13:00,34.5,-36.628893,174.632897,4,True
esp32_device_001,2025-10-18T17:17:37+13:00,34.7,-36.628914,174.632858,4,False
esp32_device_001,2025-10-18T17:17:37.833333+13:00,34.9,-36.628983,174.632559,4,True
esp32_device_001,2025-10-18T17:17:38.666667+13:00,35.0,-36.629043,174.632382,4,True
esp32_device_001,2025-10-18T17:17:39.500000+13:00,35.2,-36.629106,174.632216,4,True
esp32_device_001,2025-10-18T17:17:40.333333+13:00,35.4,-36.629173,174.632068,4,True
esp32_device_001,2025-10-18T17:17:41.166667+13:00,35.5,-36.629245,174.631935,4,True
esp32_device_001,2025-10-18T17:17:42+13:00,35.7,-36.629333,174.631805,4,False
esp32_device_001,2025-10-18T17:17:43.250000+13:00,36.2,-36.629339,174.631767,4,True
esp32_device_001,2025-10-18T17:17:44.500000+13:00,36.6,-36.629447,174.631605,4,True
esp32_device_001,2025-10-18T17:17:45.750000+13:00,37.0,-36.629682,174.631269,4,True
esp32_device_001,2025-10-18T17:17:47+13:00,37.5,-36.629936,174.63092,4,False
esp32_device_001,2025-10-18T17:17:48.111111+13:00,38.1,-36.630038,174.630741,4,True
esp32_device_001,2025-10-18T17:17:49.222222+13:00,38.7,-36.630132,174.630567,4,True
esp32_device_001,2025-10-18T17:17:50.333333+13:00,39.3,-36.630212,174.630398,4,True
esp32_device_001,2025-10-18T17:17:51.444444+13:00,39.9,-36.630272,174.630246,4,True
esp32_device_001,2025-10-18T17:17:52.555556+13:00,40.5,-36.630322,174.630074,4,True
esp32_device_001,2025-10-18T17:17:53.666667+13:00,41.1,-36.630372,174.629846,4,True
esp32_device_001,2025-10-18T17:17:54.777778+13:00,41.7,-36.630428,174.629536,4,True
esp32_device_001,2025-10-18T17:17:55.888889+13:00,42.3,-36.630529,174.628999,4,True
esp32_device_001,2025-10-18T17:17:57+13:00,42.9,-36.630562,174.62886,4,False
esp32_device_001,2025-10-18T17:17:59.500000+13:00,43.0,-36.630659,174.628240,4,True
esp32_device_001,2025-10-18T17:18:02+13:00,43,-36.630753,174.627747,4,False
esp32_device_001,2025-10-18T17:18:04.142857+13:00,42.9,-36.630958,174.626535,4,True
esp32_device_001,2025-10-18T17:18:06.285714+13:00,42.8,-36.630997,174.626293,4,True
esp32_device_001,2025-10-18T17:18:08.428571+13:00,42.7,-36.631100,174.625717,4,True
esp32_device_001,2025-10-18T17:18:10.571429+13:00,42.7,-36.631162,174.625424,4,True
esp32_device_001,2025-10-18T17:18:12.714286+13:00,42.6,-36.631230,174.625153,4,True
esp32_device_001,2025-10-18T17:18:14.857143+13:00,42.5,-36.631323,174.624833,4,True
esp32_device_001,2025-10-18T17:18:17+13:00,42.4,-36.631481,174.624344,4,False
esp32_device_001,2025-10-18T17:18:24.500000+13:00,48.0,-36.632399,174.621356,4,True
esp32_device_001,2025-10-18T17:18:32+13:00,53.6,-36.632462,174.621185,4,False
esp32_device_001,2025-10-18T17:18:33+13:00,54.1,-36.632490,174.621057,4,True
esp32_device_001,2025-10-18T17:18:34+13:00,54.6,-36.632559,174.620801,4,True
esp32_device_001,2025-10-18T17:18:35+13:00,55.1,-36.632626,174.620496,4,True
esp32_device_001,2025-10-18T17:18:36+13:00,55.6,-36.632684,174.620165,4,True
esp32_device_001,2025-10-18T17:18:37+13:00,56.1,-36.632694,174.620148,4,False
esp32_device_001,2025-10-18T17:20:38+13:00,42.5,-36.63868,174.597565,5,False
esp32_device_001,2025-10-18T17:20:40.500000+13:00,42.5,-36.638669,174.597559,5,True
esp32_device_001,2025-10-18T17:20:43+13:00,42.5,-36.638793,174.597004,5,True
esp32_device_001,2025-10-18T17:20:45.500000+13:00,42.4,-36.639069,174.595573,5,True
esp32_device_001,2025-10-18T17:20:48+13:00,42.4,-36.639164,174.595139,5,False
esp32_device_001,2025-10-18T17:20:53+13:00,43.5,-36.639397,174.593933,5,False
esp32_device_001,2025-10-18T17:20:55.500000+13:00,42.7,-36.639413,174.593702,5,True
esp32_device_001,2025-10-18T17:20:58+13:00,41.9,-36.63961,174.592712,5,False
esp32_device_001,2025-10-18T17:21:03+13:00,40.3,-36.639828,174.591492,5,False
esp32_device_001,2025-10-18T17:21:05.500000+13:00,39.8,-36.640057,174.590312,5,True
esp32_device_001,2025-10-18T17:21:08+13:00,39.3,-36.640068,174.590286,5,False
esp32_device_001,2025-10-18T17:21:08.833333+13:00,39.1,-36.640109,174.590103,5,True
esp32_device_001,2025-10-18T17:21:09.666667+13:00,38.9,-36.640173,174.589892,5,True
esp32_device_001,2025-10-18T17:21:10.500000+13:00,38.7,-36.640243,174.589684,5,True
esp32_device_001,2025-10-18T17:21:11.333333+13:00,38.5,-36.640322,174.589482,5,True
esp32_device_001,2025-10-18T17:21:12.166667+13:00,38.3,-36.640405,174.589285,5,True
esp32_device_001,2025-10-18T17:21:13+13:00,38.1,-36.640465,174.589172,5,False
esp32_device_001,2025-10-18T17:21:14+13:00,38.0,-36.640619,174.588845,5,True
esp32_device_001,2025-10-18T17:21:15+13:00,37.8,-36.640738,174.588600,5,True
esp32_device_001,2025-10-18T17:21:16+13:00,37.7,-36.640823,174.588414,5,True
esp32_device_001,2025-10-18T17:21:17+13:00,37.5,-36.640905,174.588221,5,True
esp32_device_001,2025-10-18T17:21:18+13:00,37.4,-36.640942,174.588135,5,False
esp32_device_001,2025-10-18T17:21:18.833333+13:00,37.2,-36.640985,174.588015,5,True
esp32_device_001,2025-10-18T17:21:19.666667+13:00,37.0,-36.641052,174.587810,5,True
esp32_device_001,2025-10-18T17:21:20.500000+13:00,36.8,-36.641111,174.587590,5,True
esp32_device_001,2025-10-18T17:21:21.333333+13:00,36.6,-36.641158,174.587381,5,True
esp32_device_001,2025-10-18T17:21:22.166667+13:00,36.4,-36.641198,174.587157,5,True
esp32_device_001,2025-10-18T17:21:23+13:00,36.2,-36.641228,174.58699,5,False
esp32_device_001,2025-10-18T17:21:25.500000+13:00,35.5,-36.641230,174.586936,5,True
esp32_device_001,2025-10-18T17:21:28+13:00,34.8,-36.64138,174.585815,5,False
esp32_device_001,2025-10-18T17:21:30.500000+13:00,34.8,-36.641468,174.585116,5,True
esp32_device_001,2025-10-18T17:21:33+13:00,34.7,-36.641529,174.584656,5,False
esp32_device_001,2025-10-18T17:21:38+13:00,38.7,-36.64167,174.583496,5,False
esp32_device_001,2025-10-18T17:21:39+13:00,38.8,-36.641703,174.583184,5,True
esp32_device_001,2025-10-18T17:21:40+13:00,38.9,-36.641733,174.582909,5,True
esp32_device_001,2025-10-18T17:21:41+13:00,38.9,-36.641751,174.582706,5,True
esp32_device_001,2025-10-18T17:21:42+13:00,39.0,-36.641759,174.582502,5,True
esp32_device_001,2025-10-18T17:21:43+13:00,39.1,-36.641766,174.582336,5,False
esp32_device_001,2025-10-18T17:21:44.666667+13:00,38.0,-36.641758,174.582309,5,True
esp32_device_001,2025-10-18T17:21:46.333333+13:00,37.0,-36.641750,174.582121,5,True
esp32_device_001,2025-10-18T17:21:48+13:00,35.9,-36.641708,174.581238,5,False
esp32_device_001,2025-10-18T17:21:50.500000+13:00,34.3,-36.641658,174.580593,5,True
esp32_device_001,2025-10-18T17:21:53+13:00,32.7,-36.64164,174.580124,5,False
esp32_device_001,2025-10-18T17:21:58+13:00,32.3,-36.64156,174.578964,5,False
esp32_device_001,2025-10-18T17:22:03+13:00,32.7,-36.641472,174.577774,5,False
esp32_device_001,2025-10-18T17:22:08+13:00,33.3,-36.641384,174.576569,5,False
esp32_device_001,2025-10-18T17:22:10.500000+13:00,33.1,-36.641362,174.576471,5,True
esp32_device_001,2025-10-18T17:22:13+13:00,32.9,-36.641296,174.575378,5,False
esp32_device_001,2025-10-18T17:22:18+13:00,30.2,-36.641212,174.574173,5,False
esp32_device_001,2025-10-18T17:22:23+13:00,31.3,-36.641125,174.572922,5,False
esp32_device_001,2025-10-18T17:22:28+13:00,32.1,-36.641041,174.571716,5,False
esp32_device_001,2025-10-18T17:22:33+13:00,32.1,-36.640957,174.570526,5,False
esp32_device_001,2025-10-18T17:22:38+13:00,30.9,-36.640865,174.569321,5,False
esp32_device_001,2025-10-18T17:22:43+13:00,30.8,-36.640778,174.56813,5,False
esp32_device_001,2025-10-18T17:22:48+13:00,30.3,-36.640694,174.56694,5,False
esp32_device_001,2025-10-18T17:22:53+13:00,31,-36.640614,174.56575,5,False
esp32_device_001,2025-10-18T17:22:58+13:00,31.8,-36.640526,174.564545,5,False
esp32_device_001,2025-10-18T17:22:59.666667+13:00,31.8,-36.640499,174.564382,5,True
esp32_device_001,2025-10-18T17:23:01.333333+13:00,31.9,-36.640454,174.563717,5,True
esp32_device_001,2025-10-18T17:23:03+13:00,31.9,-36.640442,174.56337,5,False
esp32_device_001,2025-10-18T17:23:08+13:00,30.1,-36.640362,174.562225,5,False
esp32_device_001,2025-10-18T17:23:13+13:00,31.2,-36.640301,174.561157,5,False
esp32_device_001,2025-10-18T17:23:14+13:00,31.3,-36.640268,174.560959,5,True
esp32_device_001,2025-10-18T17:23:15+13:00,31.4,-36.640247,174.560716,5,True
esp32_device_001,2025-10-18T17:23:16+13:00,31.4,-36.640221,174.560510,5,True
esp32_device_001,2025-10-18T17:23:17+13:00,31.5,-36.640183,174.560334,5,True
esp32_device_001,2025-10-18T17:23:18+13:00,31.6,-36.640182,174.560242,5,False
esp32_device_001,2025-10-18T17:23:18.714286+13:00,31.6,-36.640152,174.560209,5,True
esp32_device_001,2025-10-18T17:23:19.428571+13:00,31.5,-36.640112,174.560071,5,True
esp32_device_001,2025-10-18T17:23:20.142857+13:00,31.5,-36.640066,174.559939,5,True
esp32_device_001,2025-10-18T17:23:20.857143+13:00,31.5,-36.640015,174.559807,5,True
esp32_device_001,2025-10-18T17:23:21.571429+13:00,31.5,-36.639947,174.559657,5,True
esp32_device_001,2025-10-18T17:23:22.285714+13:00,31.4,-36.639877,174.559521,5,True
esp32_device_001,2025-10-18T17:23:23+13:00,31.4,-36.639881,174.559479,5,False
esp32_device_001,2025-10-18T17:23:24+13:00,31.2,-36.639802,174.559395,5,True
esp32_device_001,2025-10-18T17:23:25+13:00,31.0,-36.639727,174.559277,5,True
esp32_device_001,2025-10-18T17:23:26+13:00,30.9,-36.639616,174.559126,5,True
esp32_device_001,2025-10-18T17:23:27+13:00,30.7,-36.639506,174.558984,5,True
esp32_device_001,2025-10-18T17:23:28+13:00,30.5,-36.639431,174.558853,5,False
esp32_device_001,2025-10-18T17:23:33+13:00,29.5,-36.638962,174.558289,5,False
esp32_device_001,2025-10-18T17:23:35.500000+13:00,27.8,-36.638734,174.558072,5,True
esp32_device_001,2025-10-18T17:23:38+13:00,26,-36.638493,174.557724,5,False
esp32_device_001,2025-10-18T17:23:43+13:00,24.9,-36.638027,174.557159,5,False
esp32_device_001,2025-10-18T17:23:45.500000+13:00,24.9,-36.637630,174.556722,5,True
esp32_device_001,2025-10-18T17:23:48+13:00,25,-36.6376,174.556656,5,False
esp32_device_001,2025-10-18T17:23:49.250000+13:00,24.6,-36.637470,174.556508,5,True
esp32_device_001,2025-10-18T17:23:50.500000+13:00,24.1,-36.637349,174.556334,5,True
esp32_device_001,2025-10-18T17:23:51.750000+13:00,23.6,-36.637228,174.556127,5,True
esp32_device_001,2025-10-18T17:23:53+13:00,23.2,-36.637222,174.556076,5,False
esp32_device_001,2025-10-18T17:23:58+13:00,22.5,-36.636883,174.555481,5,False
esp32_device_001,2025-10-18T17:24:00.500000+13:00,22.4,-36.636597,174.554995,5,True
esp32_device_001,2025-10-18T17:24:03+13:00,22.4,-36.636543,174.554886,5,False
esp32_device_001,2025-10-18T17:24:08+13:00,22.1,-36.636204,174.554291,5,False
esp32_device_001,2025-10-18T17:24:10.500000+13:00,22.1,-36.635975,174.553903,5,True
esp32_device_001,2025-10-18T17:24:13+13:00,22.2,-36.635857,174.55368,5,False
esp32_device_001,2025-10-18T17:24:18+13:00,22.6,-36.635506,174.553055,5,False
esp32_device_001,2025-10-18T17:24:19.666667+13:00,22.8,-36.635350,174.552812,5,True
esp32_device_001,2025-10-18T17:24:21.333333+13:00,22.9,-36.635267,174.552667,5,True
esp32_device_001,2025-10-18T17:24:23+13:00,23.1,-36.635155,174.552444,5,False
esp32_device_001,2025-10-18T17:24:28+13:00,22.5,-36.6348,174.551834,5,False
esp32_device_001,2025-10-18T17:24:28.555556+13:00,22.4,-36.634783,174.551826,5,True
esp32_device_001,2025-10-18T17:24:29.111111+13:00,22.2,-36.634698,174.551667,5,True
esp32_device_001,2025-10-18T17:24:29.666667+13:00,22.1,-36.634661,174.551584,5,True
esp32_device_001,2025-10-18T17:24:30.222222+13:00,22.0,-36.634634,174.551513,5,True
esp32_device_001,2025-10-18T17:24:30.777778+13:00,21.8,-36.634612,174.551421,5,True
esp32_device_001,2025-10-18T17:24:31.333333+13:00,21.7,-36.634601,174.551356,5,True
esp32_device_001,2025-10-18T17:24:31.888889+13:00,21.6,-36.634592,174.551283,5,True
esp32_device_001,2025-10-18T17:24:32.444444+13:00,21.4,-36.634591,174.551202,5,True
esp32_device_001,2025-10-18T17:24:33+13:00,21.3,-36.634602,174.551147,5,False
esp32_device_001,2025-10-18T17:24:34.666667+13:00,21.2,-36.634601,174.551079,5,True
esp32_device_001,2025-10-18T17:24:36.333333+13:00,21.0,-36.634615,174.551009,5,True
esp32_device_001,2025-10-18T17:24:38+13:00,20.9,-36.634792,174.550446,5,False
esp32_device_001,2025-10-18T17:24:43+13:00,21.5,-36.634998,174.549744,5,False
esp32_device_001,2025-10-18T17:24:45.500000+13:00,21.8,-36.635098,174.549421,5,True
esp32_device_001,2025-10-18T17:24:48+13:00,22,-36.635212,174.549042,5,False
esp32_device_001,2025-10-18T17:24:49.250000+13:00,22.3,-36.635266,174.548866,5,True
esp32_device_001,2025-10-18T17:24:50.500000+13:00,22.6,-36.635331,174.548610,5,True
esp32_device_001,2025-10-18T17:24:51.750000+13:00,23.0,-36.635385,174.548346,5,True
esp32_device_001,2025-10-18T17:24:53+13:00,23.3,-36.63538,174.548309,5,False
esp32_device_001,2025-10-18T17:24:54.250000+13:00,24.2,-36.635417,174.548056,5,True
esp32_device_001,2025-10-18T17:24:55.500000+13:00,25.1,-36.635428,174.547795,5,True
esp32_device_001,2025-10-18T17:24:56.750000+13:00,26.1,-36.635418,174.547588,5,True
esp32_device_001,2025-10-18T17:24:58+13:00,27,-36.635403,174.54747,5,False
esp32_device_001,2025-10-18T17:24:59.250000+13:00,27.4,-36.635387,174.547375,5,True
esp32_device_001,2025-10-18T17:25:00.500000+13:00,27.7,-36.635344,174.547180,5,True
esp32_device_001,2025-10-18T17:25:01.750000+13:00,28.0,-36.635288,174.546927,5,True
esp32_device_001,2025-10-18T17:25:03+13:00,28.4,-36.635208,174.546555,5,False
esp32_device_001,2025-10-18T17:25:08+13:00,29.7,-36.634964,174.545593,5,False
esp32_device_001,2025-10-18T17:25:10.500000+13:00,30.8,-36.634844,174.545168,5,True
esp32_device_001,2025-10-18T17:25:13+13:00,31.9,-36.634701,174.544571,5,False
esp32_device_001,2025-10-18T17:25:15.500000+13:00,31.8,-36.634638,174.544346,5,True
esp32_device_001,2025-10-18T17:25:18+13:00,31.7,-36.634441,174.543533,5,False
esp32_device_001,2025-10-18T17:25:20.500000+13:00,29.4,-36.634339,174.543132,5,True
esp32_device_001,2025-10-18T17:25:23+13:00,27.1,-36.634182,174.542496,5,False
esp32_device_001,2025-10-18T17:25:25.500000+13:00,25.9,-36.634004,174.541754,5,True
esp32_device_001,2025-10-18T17:25:28+13:00,24.6,-36.633991,174.541382,5,False
esp32_device_001,2025-10-18T17:25:29.666667+13:00,26.4,-36.633959,174.541263,5,True
esp32_device_001,2025-10-18T17:25:31.333333+13:00,28.2,-36.634012,174.540757,5,True
esp32_device_001,2025-10-18T17:25:33+13:00,30,-36.634094,174.540268,5,False
esp32_device_001,2025-10-18T17:25:39+13:00,30,-36.634304,174.53894,5,False
esp32_device_001,2025-10-18T17:25:44+13:00,30,-36.634491,174.537827,5,False
esp32_device_001,2025-10-18T17:25:49+13:00,30,-36.634682,174.536697,5,False
esp32_device_001,2025-10-18T17:25:51.500000+13:00,30.0,-36.634678,174.536466,5,True
esp32_device_001,2025-10-18T17:25:54+13:00,30,-36.634949,174.535629,5,False
esp32_device_001,2025-10-18T17:25:56.500000+13:00,30.0,-36.635141,174.534589,5,True
esp32_device_001,2025-10-18T17:25:59+13:00,30,-36.635204,174.534515,5,False
esp32_device_001,2025-10-18T17:26:04+13:00,30,-36.6353,174.533325,5,False
esp32_device_001,2025-10-18T17:26:09+13:00,30,-36.635387,174.532196,5,False
esp32_device_001,2025-10-18T17:26:14+13:00,30,-36.635479,174.531113,5,False
esp32_device_001,2025-10-18T17:26:16.500000+13:00,30.0,-36.635479,174.530994,5,True
esp32_device_001,2025-10-18T17:26:19+13:00,30,-36.635559,174.530045,5,False
esp32_device_001,2025-10-18T17:26:20+13:00,30.0,-36.635591,174.529554,5,True
esp32_device_001,2025-10-18T17:26:21+13:00,30.0,-36.635600,174.529360,5,True
esp32_device_001,2025-10-18T17:26:22+13:00,30.0,-36.635599,174.529148,5,True
esp32_device_001,2025-10-18T17:26:23+13:00,30.0,-36.635590,174.528950,5,True
esp32_device_001,2025-10-18T17:26:24+13:00,30,-36.635597,174.528915,5,False
esp32_device_001,2025-10-18T17:26:24.833333+13:00,30.0,-36.635575,174.528765,5,True
esp32_device_001,2025-10-18T17:26:25.666667+13:00,30.0,-36.635547,174.528591,5,True
esp32_device_001,2025-10-18T17:26:26.500000+13:00,30.0,-36.635507,174.528407,5,True
esp32_device_001,2025-10-18T17:26:27.333333+13:00,30.0,-36.635455,174.528213,5,True
esp32_device_001,2025-10-18T17:26:28.166667+13:00,30.0,-36.635367,174.527961,5,True
esp32_device_001,2025-10-18T17:26:29+13:00,30,-36.635315,174.527802,5,False
esp32_device_001,2025-10-18T17:26:31.500000+13:00,30.0,-36.635267,174.527709,5,True
esp32_device_001,2025-10-18T17:26:34+13:00,30,-36.634865,174.526779,5,False
esp32_device_001,2025-10-18T17:26:39+13:00,30,-36.634407,174.525742,5,False
esp32_device_001,2025-10-18T17:26:44+13:00,30,-36.633942,174.524704,5,False
esp32_device_001,2025-10-18T17:26:49+13:00,30,-36.633488,174.523682,5,False
esp32_device_001,2025-10-18T17:26:54+13:00,30,-36.633045,174.522659,5,False
esp32_device_001,2025-10-18T17:26:59+13:00,30,-36.632607,174.521667,5,False
esp32_device_001,2025-10-18T17:27:04+13:00,30,-36.63216,174.520645,5,False
esp32_device_001,2025-10-18T17:27:09+13:00,30,-36.63171,174.519623,5,False
esp32_device_001,2025-10-18T17:27:11.500000+13:00,30.0,-36.631469,174.519110,5,True
esp32_device_001,2025-10-18T17:27:14+13:00,30,-36.631271,174.518646,5,False
esp32_device_001,2025-10-18T17:27:19+13:00,30,-36.630844,174.51767,5,False
esp32_device_001,2025-10-18T17:27:21.500000+13:00,30.0,-36.630488,174.516939,5,True
esp32_device_001,2025-10-18T17:27:24+13:00,30,-36.63039,174.516708,5,False
esp32_device_001,2025-10-18T17:27:25.666667+13:00,30.0,-36.630347,174.516646,5,True
esp32_device_001,2025-10-18T17:27:27.333333+13:00,30.0,-36.630197,174.516437,5,True
esp32_device_001,2025-10-18T17:27:29+13:00,30,-36.629765,174.5159,5,False
esp32_device_001,2025-10-18T17:27:34+13:00,30,-36.629097,174.515137,5,False
esp32_device_001,2025-10-18T17:27:39+13:00,30,-36.628422,174.514374,5,False
esp32_device_001,2025-10-18T17:27:44+13:00,30,-36.627739,174.51358,5,False
esp32_device_001,2025-10-18T17:27:49+13:00,30,-36.627037,174.512787,5,False
esp32_device_001,2025-10-18T17:27:49.714286+13:00,30.0,-36.627023,174.512779,5,True
esp32_device_001,2025-10-18T17:27:50.428571+13:00,30.0,-36.626900,174.512635,5,True
esp32_device_001,2025-10-18T17:27:51.142857+13:00,30.0,-36.626790,174.512488,5,True
esp32_device_001,2025-10-18T17:27:51.857143+13:00,30.0,-36.626702,174.512356,5,True
esp32_device_001,2025-10-18T17:27:52.571429+13:00,30.0,-36.626629,174.512234,5,True
esp32_device_001,2025-10-18T17:27:53.285714+13:00,30.0,-36.626546,174.512070,5,True
esp32_device_001,2025-10-18T17:27:54+13:00,30,-36.626472,174.511902,5,False
esp32_device_001,2025-10-18T17:27:54.833333+13:00,30.0,-36.626401,174.511705,5,True
esp32_device_001,2025-10-18T17:27:55.666667+13:00,30.0,-36.626352,174.511542,5,True
esp32_device_001,2025-10-18T17:27:56.500000+13:00,30.0,-36.626314,174.511392,5,True
esp32_device_001,2025-10-18T17:27:57.333333+13:00,30.0,-36.626278,174.511213,5,True
esp32_device_001,2025-10-18T17:27:58.166667+13:00,30.0,-36.626219,174.510844,5,True
esp32_device_001,2025-10-18T17:27:59+13:00,30,-36.626209,174.510818,5,False
esp32_device_001,2025-10-18T17:28:04+13:00,30,-36.626026,174.509705,5,False
esp32_device_001,2025-10-18T17:28:09+13:00,30,-36.625835,174.508575,5,False
esp32_device_001,2025-10-18T17:28:10.250000+13:00,30.0,-36.625728,174.507921,5,True
esp32_device_001,2025-10-18T17:28:11.500000+13:00,30.0,-36.625690,174.507722,5,True
esp32_device_001,2025-10-18T17:28:12.750000+13:00,30.0,-36.625651,174.507551,5,True
esp32_device_001,2025-10-18T17:28:14+13:00,30,-36.625622,174.507462,5,False
esp32_device_001,2025-10-18T17:28:14.833333+13:00,30.0,-36.625608,174.507410,5,True
esp32_device_001,2025-10-18T17:28:15.666667+13:00,30.0,-36.625544,174.507238,5,True
esp32_device_001,2025-10-18T17:28:16.500000+13:00,30.0,-36.625454,174.507019,5,True
esp32_device_001,2025-10-18T17:28:17.333333+13:00,30.0,-36.625311,174.506683,5,True
esp32_device_001,2025-10-18T17:28:18.166667+13:00,30.0,-36.625248,174.506532,5,True
esp32_device_001,2025-10-18T17:28:19+13:00,30,-36.625237,174.50647,5,False
esp32_device_001,2025-10-18T17:28:19.714286+13:00,30.0,-36.625192,174.506372,5,True
esp32_device_001,2025-10-18T17:28:20.428571+13:00,30.0,-36.625158,174.506240,5,True
esp32_device_001,2025-10-18T17:28:21.142857+13:00,30.0,-36.625130,174.506100,5,True
esp32_device_001,2025-10-18T17:28:21.857143+13:00,30.0,-36.625112,174.505960,5,True
esp32_device_001,2025-10-18T17:28:22.571429+13:00,30.0,-36.625107,174.505733,5,True
esp32_device_001,2025-10-18T17:28:23.285714+13:00,30.0,-36.625109,174.505535,5,True
esp32_device_001,2025-10-18T17:28:24+13:00,30,-36.625111,174.505417,5,False
esp32_device_001,2025-10-18T17:28:24.833333+13:00,30.0,-36.625121,174.505315,5,True
esp32_device_001,2025-10-18T17:28:25.666667+13:00,30.0,-36.625125,174.505159,5,True
esp32_device_001,2025-10-18T17:28:26.500000+13:00,30.0,-36.625128,174.504881,5,True
esp32_device_001,2025-10-18T17:28:27.333333+13:00,30.0,-36.625118,174.504663,5,True
esp32_device_001,2025-10-18T17:28:28.166667+13:00,30.0,-36.625084,174.504445,5,True
esp32_device_001,2025-10-18T17:28:29+13:00,30,-36.625076,174.504395,5,False
esp32_device_001,2025-10-18T17:28:30.666667+13:00,30.0,-36.625036,174.504223,5,True
esp32_device_001,2025-10-18T17:28:32.333333+13:00,30.0,-36.624886,174.503564,5,True
esp32_device_001,2025-10-18T17:28:34+13:00,30,-36.62487,174.503464,5,False
esp32_device_001,2025-10-18T17:28:36.500000+13:00,30.0,-36.624701,174.502765,5,True
esp32_device_001,2025-10-18T17:28:39+13:00,30,-36.624699,174.50264,5,False
esp32_device_001,2025-10-18T17:28:40.250000+13:00,30.0,-36.624688,174.502523,5,True
esp32_device_001,2025-10-18T17:28:41.500000+13:00,30.0,-36.624694,174.502420,5,True
esp32_device_001,2025-10-18T17:28:42.750000+13:00,30.0,-36.624721,174.502339,5,True
esp32_device_001,2025-10-18T17:28:44+13:00,30,-36.62476,174.502258,5,False
esp32_device_001,2025-10-18T17:28:49+13:00,30,-36.624825,174.502197,5,False
esp32_device_001,2025-10-18T17:28:50.250000+13:00,30.0,-36.624859,174.502164,5,True
esp32_device_001,2025-10-18T17:28:51.500000+13:00,30.0,-36.624926,174.502115,5,True
esp32_device_001,2025-10-18T17:28:52.750000+13:00,30.0,-36.624993,174.502072,5,True
esp32_device_001,2025-10-18T17:28:54+13:00,30,-36.625149,174.502106,5,False
esp32_device_001,2025-10-18T17:28:56.500000+13:00,30.0,-36.625614,174.502057,5,True
esp32_device_001,2025-10-18T17:28:59+13:00,30,-36.625759,174.50206,5,False
esp32_device_001,2025-10-18T17:29:00+13:00,30.0,-36.625820,174.502030,5,True
esp32_device_001,2025-10-18T17:29:01+13:00,30.0,-36.625976,174.501991,5,True
esp32_device_001,2025-10-18T17:29:02+13:00,30.0,-36.626135,174.501893,5,True
esp32_device_001,2025-10-18T17:29:03+13:00,30.0,-36.626296,174.501755,5,True
esp32_device_001,2025-10-18T17:29:04+13:00,30,-36.626354,174.501694,5,False
esp32_device_001,2025-10-18T17:29:05.666667+13:00,30.0,-36.626431,174.501572,5,True
esp32_device_001,2025-10-18T17:29:07.333333+13:00,30.0,-36.626474,174.501503,5,True
esp32_device_001,2025-10-18T17:29:09+13:00,30,-36.626713,174.500977,5,False
esp32_device_001,2025-10-18T17:29:14+13:00,30,-36.627106,174.500168,5,False
esp32_device_001,2025-10-18T17:29:15.250000+13:00,30.0,-36.627330,174.499615,5,True
esp32_device_001,2025-10-18T17:29:16.500000+13:00,30.0,-36.627414,174.499429,5,True
esp32_device_001,2025-10-18T17:29:17.750000+13:00,30.0,-36.627439,174.499374,5,True
esp32_device_001,2025-10-18T17:29:19+13:00,30,-36.627514,174.499252,5,False
esp32_device_001,2025-10-18T17:29:20.666667+13:00,30.0,-36.627633,174.498942,5,True
esp32_device_001,2025-10-18T17:29:22.333333+13:00,30.0,-36.627738,174.498703,5,True
esp32_device_001,2025-10-18T17:29:24+13:00,30,-36.627926,174.498322,5,False
esp32_device_001,2025-10-18T17:29:25.250000+13:00,30.0,-36.628054,174.497980,5,True
esp32_device_001,2025-10-18T17:29:26.500000+13:00,30.0,-36.628107,174.497855,5,True
esp32_device_001,2025-10-18T17:29:27.750000+13:00,30.0,-36.628151,174.497615,5,True
esp32_device_001,2025-10-18T17:29:29+13:00,30,-36.628174,174.49736,5,False
esp32_device_001,2025-10-18T17:29:31.500000+13:00,30.0,-36.628176,174.497299,5,True
esp32_device_001,2025-10-18T17:29:34+13:00,30,-36.628197,174.496292,5,False
esp32_device_001,2025-10-18T17:29:39+13:00,30,-36.628208,174.495178,5,False
esp32_device_001,2025-10-18T17:29:40.666667+13:00,30.0,-36.628208,174.494395,5,True
esp32_device_001,2025-10-18T17:29:42.333333+13:00,30.0,-36.628228,174.494169,5,True
esp32_device_001,2025-10-18T17:29:44+13:00,30,-36.628262,174.494125,5,False
esp32_device_001,2025-10-18T17:29:45+13:00,30.0,-36.628271,174.493993,5,True
esp32_device_001,2025-10-18T17:29:46+13:00,30.0,-36.628326,174.493845,5,True
esp32_device_001,2025-10-18T17:29:47+13:00,30.0,-36.628430,174.493666,5,True
esp32_device_001,2025-10-18T17:29:48+13:00,30.0,-36.628581,174.493484,5,True
esp32_device_001,2025-10-18T17:29:49+13:00,30,-36.628784,174.493332,5,False
esp32_device_001,2025-10-18T17:29:51.500000+13:00,30.0,-36.629225,174.492981,5,True
esp32_device_001,2025-10-18T17:29:54+13:00,30,-36.629559,174.492737,5,False
esp32_device_001,2025-10-18T17:29:56.500000+13:00,30.0,-36.629640,174.492630,5,True
esp32_device_001,2025-10-18T17:29:59+13:00,30,-36.630379,174.492126,5,False
esp32_device_001,2025-10-18T17:30:01.500000+13:00,30.0,-36.630545,174.492004,5,True
esp32_device_001,2025-10-18T17:30:04+13:00,30,-36.631195,174.491562,5,False
esp32_device_001,2025-10-18T17:30:04.833333+13:00,30.0,-36.631340,174.491451,5,True
esp32_device_001,2025-10-18T17:30:05.666667+13:00,30.0,-36.631509,174.491334,5,True
esp32_device_001,2025-10-18T17:30:06.500000+13:00,30.0,-36.631630,174.491238,5,True
esp32_device_001,2025-10-18T17:30:07.333333+13:00,30.0,-36.631738,174.491144,5,True
esp32_device_001,2025-10-18T17:30:08.166667+13:00,30.0,-36.631842,174.491024,5,True
esp32_device_001,2025-10-18T17:30:09+13:00,30,-36.631866,174.490982,5,False
esp32_device_001,2025-10-18T17:30:10.666667+13:00,30.0,-36.631919,174.490900,5,True
esp32_device_001,2025-10-18T17:30:12.333333+13:00,30.0,-36.632018,174.490708,5,True
esp32_device_001,2025-10-18T17:30:14+13:00,30,-36.632301,174.490128,5,False
esp32_device_001,2025-10-18T17:30:19+13:00,30,-36.632755,174.489166,5,False
esp32_device_001,2025-10-18T17:30:19.454545+13:00,30.0,-36.633154,174.488205,5,True
esp32_device_001,2025-10-18T17:30:19.909091+13:00,30.0,-36.634023,174.488419,5,True
esp32_device_001,2025-10-18T17:30:20.363636+13:00,30.0,-36.634281,174.488436,5,True
esp32_device_001,2025-10-18T17:30:20.818182+13:00,30.0,-36.634737,174.488564,5,True
esp32_device_001,2025-10-18T17:30:21.272727+13:00,30.0,-36.635361,174.488671,5,True
esp32_device_001,2025-10-18T17:30:21.727273+13:00,30.0,-36.635912,174.488661,5,True
esp32_device_001,2025-10-18T17:30:22.181818+13:00,30.0,-36.635361,174.488671,5,True
esp32_device_001,2025-10-18T17:30:22.636364+13:00,30.0,-36.634737,174.488564,5,True
esp32_device_001,2025-10-18T17:30:23.090909+13:00,30.0,-36.634281,174.488436,5,True
esp32_device_001,2025-10-18T17:30:23.545455+13:00,30.0,-36.634023,174.488419,5,True
esp32_device_001,2025-10-18T17:30:24+13:00,30,-36.633228,174.488174,5,False
esp32_device_001,2025-10-18T17:30:26.500000+13:00,30.0,-36.633154,174.488205,5,True
esp32_device_001,2025-10-18T17:30:29+13:00,30,-36.633682,174.487213,5,False
esp32_device_001,2025-10-18T17:30:34+13:00,30,-36.634117,174.486282,5,False
esp32_device_001,2025-10-18T17:30:39+13:00,30,-36.634567,174.485336,5,False
esp32_device_001,2025-10-18T17:30:44+13:00,30,-36.635063,174.484299,5,False
esp32_device_001,2025-10-18T17:30:46.500000+13:00,30.0,-36.635324,174.483749,5,True
esp32_device_001,2025-10-18T17:30:49+13:00,30,-36.635559,174.483261,5,False
esp32_device_001,2025-10-18T17:30:50.666667+13:00,30.0,-36.635688,174.482980,5,True
esp32_device_001,2025-10-18T17:30:52.333333+13:00,30.0,-36.635916,174.482509,5,True
esp32_device_001,2025-10-18T17:30:54+13:00,30,-36.636066,174.482193,5,False
esp32_device_001,2025-10-18T17:30:56.500000+13:00,30.0,-36.636187,174.481948,5,True
esp32_device_001,2025-10-18T17:30:59+13:00,30,-36.636597,174.481094,5,False
esp32_device_001,2025-10-18T17:31:00.250000+13:00,30.0,-36.636607,174.481058,5,True
esp32_device_001,2025-10-18T17:31:01.500000+13:00,30.0,-36.636697,174.480866,5,True
esp32_device_001,2025-10-18T17:31:02.750000+13:00,30.0,-36.636883,174.480489,5,True
esp32_device_001,2025-10-18T17:31:04+13:00,30,-36.637115,174.480026,5,False
esp32_device_001,2025-10-18T17:31:06.500000+13:00,30.0,-36.637428,174.479439,5,True
esp32_device_001,2025-10-18T17:31:09+13:00,30,-36.63765,174.479019,5,False
esp32_device_001,2025-10-18T17:31:11.500000+13:00,30.0,-36.637906,174.478517,5,True
esp32_device_001,2025-10-18T17:31:14+13:00,30,-36.638176,174.477966,5,False
esp32_device_001,2025-10-18T17:31:15.666667+13:00,30.0,-36.638498,174.477311,5,True
esp32_device_001,2025-10-18T17:31:17.333333+13:00,30.0,-36.638559,174.477187,5,True
esp32_device_001,2025-10-18T17:31:19+13:00,30,-36.638699,174.476898,5,False
esp32_device_001,2025-10-18T17:31:24+13:00,30,-36.639191,174.475891,5,False
esp32_device_001,2025-10-18T17:31:29+13:00,30,-36.639679,174.474899,5,False
esp32_device_001,2025-10-18T17:31:30.250000+13:00,30.0,-36.639735,174.474788,5,True
esp32_device_001,2025-10-18T17:31:31.500000+13:00,30.0,-36.639912,174.474444,5,True
esp32_device_001,2025-10-18T17:31:32.750000+13:00,30.0,-36.640074,174.474141,5,True
esp32_device_001,2025-10-18T17:31:34+13:00,30,-36.640209,174.473907,5,False
esp32_device_001,2025-10-18T17:31:36.500000+13:00,30.0,-36.640753,174.473066,5,True
esp32_device_001,2025-10-18T17:31:39+13:00,30,-36.640808,174.472961,5,False
esp32_device_001,2025-10-18T17:31:40.666667+13:00,30.0,-36.640883,174.472837,5,True
esp32_device_001,2025-10-18T17:31:42.333333+13:00,30.0,-36.641042,174.472526,5,True
esp32_device_001,2025-10-18T17:31:44+13:00,30,-36.641304,174.47197,5,False
esp32_device_001,2025-10-18T17:31:44.833333+13:00,30.0,-36.641313,174.471951,5,True
esp32_device_001,2025-10-18T17:31:45.666667+13:00,30.0,-36.641410,174.471759,5,True
esp32_device_001,2025-10-18T17:31:46.500000+13:00,30.0,-36.641516,174.471574,5,True
esp32_device_001,2025-10-18T17:31:47.333333+13:00,30.0,-36.641630,174.471407,5,True
esp32_device_001,2025-10-18T17:31:48.166667+13:00,30.0,-36.641752,174.471241,5,True
esp32_device_001,2025-10-18T17:31:49+13:00,30,-36.64188,174.471085,5,False
esp32_device_001,2025-10-18T17:31:51.500000+13:00,30.0,-36.642522,174.470326,5,True
esp32_device_001,2025-10-18T17:31:54+13:00,30,-36.642555,174.470276,5,False
esp32_device_001,2025-10-18T17:31:54.714286+13:00,30.0,-36.642641,174.470165,5,True
esp32_device_001,2025-10-18T17:31:55.428571+13:00,30.0,-36.642753,174.470000,5,True
esp32_device_001,2025-10-18T17:31:56.142857+13:00,30.0,-36.642834,174.469865,5,True
esp32_device_001,2025-10-18T17:31:56.857143+13:00,30.0,-36.642904,174.469721,5,True
esp32_device_001,2025-10-18T17:31:57.571429+13:00,30.0,-36.642974,174.469541,5,True
esp32_device_001,2025-10-18T17:31:58.285714+13:00,30.0,-36.643017,174.469363,5,True
esp32_device_001,2025-10-18T17:31:59+13:00,30,-36.643032,174.469284,5,False
esp32_device_001,2025-10-18T17:31:59.714286+13:00,30.0,-36.643049,174.469182,5,True
esp32_device_001,2025-10-18T17:32:00.428571+13:00,30.0,-36.643066,174.468982,5,True
esp32_device_001,2025-10-18T17:32:01.142857+13:00,30.0,-36.643064,174.468764,5,True
esp32_device_001,2025-10-18T17:32:01.857143+13:00,30.0,-36.643044,174.468539,5,True
esp32_device_001,2025-10-18T17:32:02.571429+13:00,30.0,-36.643022,174.468332,5,True
esp32_device_001,2025-10-18T17:32:03.285714+13:00,30.0,-36.643011,174.468222,5,True
esp32_device_001,2025-10-18T17:32:04+13:00,30,-36.643013,174.468124,5,False
esp32_device_001,2025-10-18T17:32:09+13:00,30,-36.642857,174.466904,5,False
esp32_device_001,2025-10-18T17:32:11.500000+13:00,30.0,-36.642732,174.465994,5,True
esp32_device_001,2025-10-18T17:32:14+13:00,30,-36.6427,174.465637,5,False
esp32_device_001,2025-10-18T17:32:19+13:00,30,-36.64254,174.46434,5,False
esp32_device_001,2025-10-18T17:32:19.135135+13:00,30.0,-36.642393,174.463041,5,True
esp32_device_001,2025-10-18T17:32:19.270270+13:00,30.0,-36.642441,174.463032,5,True
esp32_device_001,2025-10-18T17:32:19.405405+13:00,30.0,-36.642664,174.462995,5,True
esp32_device_001,2025-10-18T17:32:19.540541+13:00,30.0,-36.643657,174.462970,5,True
esp32_device_001,2025-10-18T17:32:19.675676+13:00,30.0,-36.643754,174.462954,5,True
esp32_device_001,2025-10-18T17:32:19.810811+13:00,30.0,-36.643842,174.462921,5,True
esp32_device_001,2025-10-18T17:32:19.945946+13:00,30.0,-36.643927,174.462866,5,True
esp32_device_001,2025-10-18T17:32:20.081081+13:00,30.0,-36.644344,174.462522,5,True
esp32_device_001,2025-10-18T17:32:20.216216+13:00,30.0,-36.644480,174.462444,5,True
esp32_device_001,2025-10-18T17:32:20.351351+13:00,30.0,-36.644601,174.462390,5,True
esp32_device_001,2025-10-18T17:32:20.486486+13:00,30.0,-36.645087,174.462310,5,True
esp32_device_001,2025-10-18T17:32:20.621622+13:00,30.0,-36.645187,174.462278,5,True
esp32_device_001,2025-10-18T17:32:20.756757+13:00,30.0,-36.645286,174.462234,5,True
esp32_device_001,2025-10-18T17:32:20.891892+13:00,30.0,-36.645684,174.462017,5,True
esp32_device_001,2025-10-18T17:32:21.027027+13:00,30.0,-36.645635,174.461830,5,True
esp32_device_001,2025-10-18T17:32:21.162162+13:00,30.0,-36.645554,174.461658,5,True
esp32_device_001,2025-10-18T17:32:21.297297+13:00,30.0,-36.645235,174.461051,5,True
esp32_device_001,2025-10-18T17:32:21.432432+13:00,30.0,-36.644660,174.460134,5,True
esp32_device_001,2025-10-18T17:32:21.567568+13:00,30.0,-36.644509,174.459973,5,True
esp32_device_001,2025-10-18T17:32:21.702703+13:00,30.0,-36.644660,174.460134,5,True
esp32_device_001,2025-10-18T17:32:21.837838+13:00,30.0,-36.645235,174.461051,5,True
esp32_device_001,2025-10-18T17:32:21.972973+13:00,30.0,-36.645554,174.461658,5,True
esp32_device_001,2025-10-18T17:32:22.108108+13:00,30.0,-36.645635,174.461830,5,True
esp32_device_001,2025-10-18T17:32:22.243243+13:00,30.0,-36.645684,174.462017,5,True
esp32_device_001,2025-10-18T17:32:22.378378+13:00,30.0,-36.645286,174.462234,5,True
esp32_device_001,2025-10-18T17:32:22.513514+13:00,30.0,-36.645187,174.462278,5,True
esp32_device_001,2025-10-18T17:32:22.648649+13:00,30.0,-36.645087,174.462310,5,True
esp32_device_001,2025-10-18T17:32:22.783784+13:00,30.0,-36.644601,174.462390,5,True
esp32_device_001,2025-10-18T17:32:22.918919+13:00,30.0,-36.644480,174.462444,5,True
esp32_device_001,2025-10-18T17:32:23.054054+13:00,30.0,-36.644344,174.462522,5,True
esp32_device_001,2025-10-18T17:32:23.189189+13:00,30.0,-36.643927,174.462866,5,True
esp32_device_001,2025-10-18T17:32:23.324324+13:00,30.0,-36.643842,174.462921,5,True
esp32_device_001,2025-10-18T17:32:23.459459+13:00,30.0,-36.643754,174.462954,5,True
esp32_device_001,2025-10-18T17:32:23.594595+13:00,30.0,-36.643657,174.462970,5,True
esp32_device_001,2025-10-18T17:32:23.729730+13:00,30.0,-36.642664,174.462995,5,True
esp32_device_001,2025-10-18T17:32:23.864865+13:00,30.0,-36.642441,174.463032,5,True
esp32_device_001,2025-10-18T17:32:24+13:00,30,-36.642406,174.463028,5,False
esp32_device_001,2025-10-18T17:32:26.500000+13:00,30.0,-36.642393,174.463041,5,True
esp32_device_001,2025-10-18T17:32:29+13:00,30,-36.642277,174.461716,5,False
esp32_device_001,2025-10-18T17:32:30.666667+13:00,30.0,-36.642188,174.460805,5,True
esp32_device_001,2025-10-18T17:32:32.333333+13:00,30.0,-36.642177,174.460446,5,True
esp32_device_001,2025-10-18T17:32:34+13:00,30,-36.642204,174.460434,5,False
esp32_device_001,2025-10-18T17:32:35.666667+13:00,30.0,-36.642196,174.460244,5,True
esp32_device_001,2025-10-18T17:32:37.333333+13:00,30.0,-36.642232,174.460027,5,True
esp32_device_001,2025-10-18T17:32:39+13:00,30,-36.642452,174.459229,5,False
esp32_device_001,2025-10-18T17:32:40.250000+13:00,30.0,-36.642596,174.458695,5,True
esp32_device_001,2025-10-18T17:32:41.500000+13:00,30.0,-36.642696,174.458472,5,True
esp32_device_001,2025-10-18T17:32:42.750000+13:00,30.0,-36.642840,174.458250,5,True
esp32_device_001,2025-10-18T17:32:44+13:00,30,-36.642925,174.458206,5,False
esp32_device_001,2025-10-18T17:32:49+13:00,30,-36.643677,174.457443,5,False
esp32_device_001,2025-10-18T17:32:54+13:00,30,-36.644432,174.45668,5,False
esp32_device_001,2025-10-18T17:32:55.666667+13:00,30.0,-36.644745,174.456280,5,True
esp32_device_001,2025-10-18T17:32:57.333333+13:00,30.0,-36.645010,174.455946,5,True
esp32_device_001,2025-10-18T17:32:59+13:00,30,-36.645123,174.455826,5,False
esp32_device_001,2025-10-18T17:33:00+13:00,30.0,-36.645175,174.455707,5,True
esp32_device_001,2025-10-18T17:33:01+13:00,30.0,-36.645257,174.455557,5,True
esp32_device_001,2025-10-18T17:33:02+13:00,30.0,-36.645341,174.455402,5,True
esp32_device_001,2025-10-18T17:33:03+13:00,30.0,-36.645507,174.455003,5,True
esp32_device_001,2025-10-18T17:33:04+13:00,30,-36.645584,174.454773,5,False
esp32_device_001,2025-10-18T17:33:05.250000+13:00,30.0,-36.645634,174.454550,5,True
esp32_device_001,2025-10-18T17:33:06.500000+13:00,30.0,-36.645699,174.454069,5,True
esp32_device_001,2025-10-18T17:33:07.750000+13:00,30.0,-36.645714,174.453884,5,True
esp32_device_001,2025-10-18T17:33:09+13:00,30,-36.645763,174.453552,5,False
esp32_device_001,2025-10-18T17:33:14+13:00,30,-36.645874,174.452286,5,False
esp32_device_001,2025-10-18T17:33:15.666667+13:00,30.0,-36.645900,174.451580,5,True
esp32_device_001,2025-10-18T17:33:17.333333+13:00,30.0,-36.645913,174.451404,5,True
esp32_device_001,2025-10-18T17:33:19+13:00,30,-36.645969,174.451019,5,False
esp32_device_001,2025-10-18T17:33:20.666667+13:00,30.0,-36.645950,174.450879,5,True
esp32_device_001,2025-10-18T17:33:22.333333+13:00,30.0,-36.645982,174.450186,5,True
esp32_device_001,2025-10-18T17:33:24+13:00,30,-36.645981,174.449768,5,False
esp32_device_001,2025-10-18T17:33:25.666667+13:00,30.0,-36.645959,174.449650,5,True
esp32_device_001,2025-10-18T17:33:27.333333+13:00,30.0,-36.645878,174.448721,5,True
esp32_device_001,2025-10-18T17:33:29+13:00,30,-36.645893,174.448547,5,False
esp32_device_001,2025-10-18T17:33:30.250000+13:00,30.0,-36.645866,174.448392,5,True
esp32_device_001,2025-10-18T17:33:31.500000+13:00,30.0,-36.645894,174.448087,5,True
esp32_device_001,2025-10-18T17:33:32.750000+13:00,30.0,-36.645994,174.447521,5,True
esp32_device_001,2025-10-18T17:33:34+13:00,30,-36.646038,174.447388,5,False
esp32_device_001,2025-10-18T17:33:35.250000+13:00,30.0,-36.646092,174.447114,5,True
esp32_device_001,2025-10-18T17:33:36.500000+13:00,30.0,-36.646181,174.446850,5,True
esp32_device_001,2025-10-18T17:33:37.750000+13:00,30.0,-36.646346,174.446551,5,True
esp32_device_001,2025-10-18T17:33:39+13:00,30,-36.6465,174.446457,5,False
esp32_device_001,2025-10-18T17:33:39.833333+13:00,30.0,-36.646479,174.446400,5,True
esp32_device_001,2025-10-18T17:33:40.666667+13:00,30.0,-36.646657,174.446259,5,True
esp32_device_001,2025-10-18T17:33:41.500000+13:00,30.0,-36.646885,174.446147,5,True
esp32_device_001,2025-10-18T17:33:42.333333+13:00,30.0,-36.647053,174.446131,5,True
esp32_device_001,2025-10-18T17:33:43.166667+13:00,30.0,-36.647263,174.446142,5,True
esp32_device_001,2025-10-18T17:33:44+13:00,30,-36.647312,174.446213,5,False
esp32_device_001,2025-10-18T17:33:45.666667+13:00,30.0,-36.647534,174.446237,5,True
esp32_device_001,2025-10-18T17:33:47.333333+13:00,30.0,-36.647929,174.446430,5,True
esp32_device_001,2025-10-18T17:33:49+13:00,30,-36.648167,174.446609,5,False
esp32_device_001,2025-10-18T17:33:50.250000+13:00,30.0,-36.648250,174.446610,5,True
esp32_device_001,2025-10-18T17:33:51.500000+13:00,30.0,-36.648606,174.446723,5,True
esp32_device_001,2025-10-18T17:33:52.750000+13:00,30.0,-36.648835,174.446744,5,True
esp32_device_001,2025-10-18T17:33:54+13:00,30,-36.649094,174.446747,5,False
esp32_device_001,2025-10-18T17:33:55.666667+13:00,30.0,-36.649129,174.446684,5,True
esp32_device_001,2025-10-18T17:33:57.333333+13:00,30.0,-36.649920,174.446500,5,True
esp32_device_001,2025-10-18T17:33:59+13:00,30,-36.650059,174.446503,5,False
esp32_device_001,2025-10-18T17:34:01.500000+13:00,30.0,-36.650627,174.446397,5,True
esp32_device_001,2025-10-18T17:34:04+13:00,30,-36.651051,174.446381,5,False
esp32_device_001,2025-10-18T17:34:05.250000+13:00,30.0,-36.651247,174.446355,5,True
esp32_device_001,2025-10-18T17:34:06.500000+13:00,30.0,-36.651576,174.446379,5,True
esp32_device_001,2025-10-18T17:34:07.750000+13:00,30.0,-36.651850,174.446410,5,True
esp32_device_001,2025-10-18T17:34:09+13:00,30,-36.652039,174.446487,5,False
esp32_device_001,2025-10-18T17:34:10.250000+13:00,30.0,-36.652199,174.446553,5,True
esp32_device_001,2025-10-18T17:34:11.500000+13:00,30.0,-36.652445,174.446721,5,True
esp32_device_001,2025-10-18T17:34:12.750000+13:00,30.0,-36.652655,174.446933,5,True
esp32_device_001,2025-10-18T17:34:14+13:00,30,-36.652824,174.447159,5,False
esp32_device_001,2025-10-18T17:34:15.250000+13:00,30.0,-36.652945,174.447349,5,True
esp32_device_001,2025-10-18T17:34:16.500000+13:00,30.0,-36.653312,174.447946,5,True
esp32_device_001,2025-10-18T17:34:17.750000+13:00,30.0,-36.653401,174.448091,5,True
esp32_device_001,2025-10-18T17:34:19+13:00,30,-36.653488,174.44809,5,False
esp32_device_001,2025-10-18T17:34:20.666667+13:00,30.0,-36.653676,174.448401,5,True
esp32_device_001,2025-10-18T17:34:22.333333+13:00,30.0,-36.654140,174.448781,5,True
esp32_device_001,2025-10-18T17:34:24+13:00,30,-36.654266,174.448807,5,False
esp32_device_001,2025-10-18T17:34:29+13:00,30,-36.655128,174.449356,5,False
esp32_device_001,2025-10-18T17:34:30.250000+13:00,30.0,-36.655455,174.449602,5,True
esp32_device_001,2025-10-18T17:34:31.500000+13:00,30.0,-36.655909,174.449802,5,True
esp32_device_001,2025-10-18T17:34:32.750000+13:00,30.0,-36.655954,174.449818,5,True
esp32_device_001,2025-10-18T17:34:34+13:00,30,-36.656002,174.44986,5,False
esp32_device_001,2025-10-18T17:34:35.666667+13:00,30.0,-36.656207,174.449912,5,True
esp32_device_001,2025-10-18T17:34:37.333333+13:00,30.0,-36.656664,174.450006,5,True
esp32_device_001,2025-10-18T17:34:39+13:00,30,-36.656921,174.450073,5,False
esp32_device_001,2025-10-18T17:34:41.500000+13:00,30.0,-36.657013,174.450068,5,True
esp32_device_001,2025-10-18T17:34:44+13:00,30,-36.657799,174.450226,5,False
esp32_device_001,2025-10-18T17:34:45+13:00,30.0,-36.657840,174.450220,5,True
esp32_device_001,2025-10-18T17:34:46+13:00,30.0,-36.658028,174.450267,5,True
esp32_device_001,2025-10-18T17:34:47+13:00,30.0,-36.658240,174.450360,5,True
esp32_device_001,2025-10-18T17:34:48+13:00,30.0,-36.658450,174.450513,5,True
esp32_device_001,2025-10-18T17:34:49+13:00,30,-36.658577,174.450638,5,False
esp32_device_001,2025-10-18T17:34:50.666667+13:00,27.7,-36.658610,174.450680,5,True
esp32_device_001,2025-10-18T17:34:52.333333+13:00,25.3,-36.659152,174.451263,5,True
esp32_device_001,2025-10-18T17:34:54+13:00,23,-36.659248,174.451401,5,False
esp32_device_001,2025-10-18T17:34:54.625000+13:00,23.0,-36.659290,174.451415,5,True
esp32_device_001,2025-10-18T17:34:55.250000+13:00,23.0,-36.659438,174.451559,5,True
esp32_device_001,2025-10-18T17:34:55.875000+13:00,23.0,-36.659586,174.451672,5,True
esp32_device_001,2025-10-18T17:34:56.500000+13:00,23.0,-36.659669,174.451722,5,True
esp32_device_001,2025-10-18T17:34:57.125000+13:00,23.0,-36.659751,174.451774,5,True
esp32_device_001,2025-10-18T17:34:57.750000+13:00,23.0,-36.659830,174.451816,5,True
esp32_device_001,2025-10-18T17:34:58.375000+13:00,23.0,-36.659919,174.451854,5,True
esp32_device_001,2025-10-18T17:34:59+13:00,23,-36.659988,174.451889,5,False
esp32_device_001,2025-10-18T17:34:59.555556+13:00,23.0,-36.660005,174.451877,5,True
esp32_device_001,2025-10-18T17:35:00.111111+13:00,23.0,-36.660096,174.451898,5,True
esp32_device_001,2025-10-18T17:35:00.666667+13:00,23.0,-36.660187,174.451906,5,True
esp32_device_001,2025-10-18T17:35:01.222222+13:00,23.0,-36.660285,174.451901,5,True
esp32_device_001,2025-10-18T17:35:01.777778+13:00,23.0,-36.660372,174.451887,5,True
esp32_device_001,2025-10-18T17:35:02.333333+13:00,23.0,-36.660458,174.451866,5,True
esp32_device_001,2025-10-18T17:35:02.888889+13:00,23.0,-36.660630,174.451800,5,True
esp32_device_001,2025-10-18T17:35:03.444444+13:00,23.0,-36.660799,174.451708,5,True
esp32_device_001,2025-10-18T17:35:04+13:00,23,-36.660816,174.451706,5,False
esp32_device_001,2025-10-18T17:35:06.500000+13:00,23.0,-36.660956,174.451607,5,True
esp32_device_001,2025-10-18T17:35:09+13:00,23,-36.661583,174.451172,5,False
esp32_device_001,2025-10-18T17:35:11.500000+13:00,23.0,-36.662311,174.450641,5,True
esp32_device_001,2025-10-18T17:35:14+13:00,23,-36.662342,174.450638,5,False
esp32_device_001,2025-10-18T17:35:15.250000+13:00,23.0,-36.662567,174.450482,5,True
esp32_device_001,2025-10-18T17:35:16.500000+13:00,23.0,-36.662778,174.450392,5,True
esp32_device_001,2025-10-18T17:35:17.750000+13:00,23.0,-36.663044,174.450315,5,True
esp32_device_001,2025-10-18T17:35:19+13:00,23,-36.663231,174.450317,5,False
esp32_device_001,2025-10-18T17:35:20+13:00,23.0,-36.663292,174.450291,5,True
esp32_device_001,2025-10-18T17:35:21+13:00,23.0,-36.663414,174.450302,5,True
esp32_device_001,2025-10-18T17:35:22+13:00,23.0,-36.663575,174.450317,5,True
esp32_device_001,2025-10-18T17:35:23+13:00,23.0,-36.664009,174.450378,5,True
esp32_device_001,2025-10-18T17:35:24+13:00,23,-36.664211,174.450439,5,False
esp32_device_001,2025-10-18T17:35:29+13:00,23,-36.66515,174.450592,5,False
esp32_device_001,2025-10-18T17:35:30.666667+13:00,23.0,-36.665719,174.450684,5,True
esp32_device_001,2025-10-18T17:35:32.333333+13:00,23.0,-36.665885,174.450721,5,True
esp32_device_001,2025-10-18T17:35:34+13:00,23,-36.666008,174.450775,5,False
esp32_device_001,2025-10-18T17:35:35.666667+13:00,18.0,-36.666120,174.450797,5,True
esp32_device_001,2025-10-18T17:35:37.333333+13:00,13.0,-36.666431,174.450921,5,True
esp32_device_001,2025-10-18T17:35:39+13:00,8,-36.666782,174.45108,5,False
esp32_device_001,2025-10-18T17:35:41.500000+13:00,8.0,-36.667216,174.451248,5,True
esp32_device_001,2025-10-18T17:35:44+13:00,8,-36.667538,174.451401,5,False
esp32_device_001,2025-10-18T17:35:45.666667+13:00,8.0,-36.667786,174.451486,5,True
esp32_device_001,2025-10-18T17:35:47.333333+13:00,8.0,-36.668070,174.451604,5,True
esp32_device_001,2025-10-18T17:35:49+13:00,8,-36.668278,174.451706,5,False
esp32_device_001,2025-10-18T17:35:49.833333+13:00,8.0,-36.668374,174.451728,5,True
esp32_device_001,2025-10-18T17:35:50.666667+13:00,8.0,-36.668577,174.451806,5,True
esp32_device_001,2025-10-18T17:35:51.500000+13:00,8.0,-36.668698,174.451840,5,True
esp32_device_001,2025-10-18T17:35:52.333333+13:00,8.0,-36.668814,174.451871,5,True
esp32_device_001,2025-10-18T17:35:53.166667+13:00,8.0,-36.668941,174.451899,5,True
esp32_device_001,2025-10-18T17:35:54+13:00,8,-36.668976,174.45192,5,False
esp32_device_001,2025-10-18T17:35:54.714286+13:00,8.0,-36.669055,174.451915,5,True
esp32_device_001,2025-10-18T17:35:55.428571+13:00,8.0,-36.669160,174.451920,5,True
esp32_device_001,2025-10-18T17:35:56.142857+13:00,8.0,-36.669276,174.451923,5,True
esp32_device_001,2025-10-18T17:35:56.857143+13:00,8.0,-36.669392,174.451912,5,True
esp32_device_001,2025-10-18T17:35:57.571429+13:00,8.0,-36.669507,174.451890,5,True
esp32_device_001,2025-10-18T17:35:58.285714+13:00,8.0,-36.669577,174.451876,5,True
esp32_device_001,2025-10-18T17:35:59+13:00,8,-36.66967,174.451859,5,False
esp32_device_001,2025-10-18T17:36:00.250000+13:00,8.0,-36.669682,174.451846,5,True
esp32_device_001,2025-10-18T17:36:01.500000+13:00,8.0,-36.669766,174.451824,5,True
esp32_device_001,2025-10-18T17:36:02.750000+13:00,8.0,-36.669881,174.451782,5,True
esp32_device_001,2025-10-18T17:36:04+13:00,8,-36.670315,174.451614,5,False
esp32_device_001,2025-10-18T17:36:05+13:00,8.0,-36.670470,174.451551,5,True
esp32_device_001,2025-10-18T17:36:06+13:00,8.0,-36.670661,174.451476,5,True
esp32_device_001,2025-10-18T17:36:07+13:00,8.0,-36.670850,174.451421,5,True
esp32_device_001,2025-10-18T17:36:08+13:00,8.0,-36.670914,174.451402,5,True
esp32_device_001,2025-10-18T17:36:09+13:00,8,-36.670967,174.451401,5,False
esp32_device_001,2025-10-18T17:36:10.250000+13:00,8.0,-36.671152,174.451332,5,True
esp32_device_001,2025-10-18T17:36:11.500000+13:00,8.0,-36.671344,174.451272,5,True
esp32_device_001,2025-10-18T17:36:12.750000+13:00,8.0,-36.671408,174.451238,5,True
esp32_device_001,2025-10-18T17:36:14+13:00,8,-36.671612,174.451202,5,False
esp32_device_001,2025-10-18T17:36:15.666667+13:00,8.0,-36.671694,174.451158,5,True
esp32_device_001,2025-10-18T17:36:17.333333+13:00,8.0,-36.671752,174.451142,5,True
esp32_device_001,2025-10-18T17:36:19+13:00,8,-36.672195,174.451019,5,False
esp32_device_001,2025-10-18T17:36:20.250000+13:00,8.0,-36.672324,174.450971,5,True
esp32_device_001,2025-10-18T17:36:21.500000+13:00,8.0,-36.672550,174.450903,5,True
esp32_device_001,2025-10-18T17:36:22.750000+13:00,8.0,-36.672649,174.450886,5,True
esp32_device_001,2025-10-18T17:36:24+13:00,8,-36.672661,174.450928,5,False
esp32_device_001,2025-10-18T17:36:24.833333+13:00,7.8,-36.672701,174.450894,5,True
esp32_device_001,2025-10-18T17:36:25.666667+13:00,7.5,-36.672730,174.450912,5,True
esp32_device_001,2025-10-18T17:36:26.500000+13:00,7.3,-36.672764,174.450946,5,True
esp32_device_001,2025-10-18T17:36:27.333333+13:00,7.1,-36.672790,174.451002,5,True
esp32_device_001,2025-10-18T17:36:28.166667+13:00,6.8,-36.672809,174.451076,5,True
esp32_device_001,2025-10-18T17:36:29+13:00,6.6,-36.672813,174.451279,5,False
esp32_device_001,2025-10-18T17:36:29.833333+13:00,6.6,-36.672890,174.451474,5,True
esp32_device_001,2025-10-18T17:36:30.666667+13:00,6.6,-36.672914,174.451552,5,True
esp32_device_001,2025-10-18T17:36:31.500000+13:00,6.6,-36.672937,174.451609,5,True
esp32_device_001,2025-10-18T17:36:32.333333+13:00,6.6,-36.672969,174.451668,5,True
esp32_device_001,2025-10-18T17:36:33.166667+13:00,6.6,-36.673000,174.451719,5,True
esp32_device_001,2025-10-18T17:36:34+13:00,6.6,-36.672993,174.451752,5,False
esp32_device_001,2025-10-18T17:36:35+13:00,6.6,-36.673049,174.451792,5,True
esp32_device_001,2025-10-18T17:36:36+13:00,6.5,-36.673132,174.451893,5,True
esp32_device_001,2025-10-18T17:36:37+13:00,6.5,-36.673172,174.451938,5,True
esp32_device_001,2025-10-18T17:36:38+13:00,6.4,-36.673229,174.451985,5,True
esp32_device_001,2025-10-18T17:36:39+13:00,6.4,-36.673283,174.452072,5,False
esp32_device_001,2025-10-18T17:36:40.666667+13:00,6.3,-36.673399,174.452075,5,True
esp32_device_001,2025-10-18T17:36:42.333333+13:00,6.2,-36.673379,174.452163,5,True
esp32_device_001,2025-10-18T17:36:44+13:00,6.1,-36.673279,174.452423,5,False
esp32_device_001,2025-10-18T17:36:46.500000+13:00,6.2,-36.673225,174.452821,5,True
esp32_device_001,2025-10-18T17:36:49+13:00,6.3,-36.673149,174.452896,5,False
esp32_device_001,2025-10-18T17:36:50.250000+13:00,6.3,-36.673175,174.452962,5,True
esp32_device_001,2025-10-18T17:36:51.500000+13:00,6.3,-36.673063,174.453157,5,True
esp32_device_001,2025-10-18T17:36:52.750000+13:00,6.3,-36.672993,174.453298,5,True
esp32_device_001,2025-10-18T17:36:54+13:00,6.3,-36.672916,174.45343,5,False
esp32_device_001,2025-10-18T17:36:56.500000+13:00,6.3,-36.672926,174.453493,5,True
esp32_device_001,2025-10-18T17:36:59+13:00,6.3,-36.672684,174.454071,5,False
esp32_device_001,2025-10-18T17:37:00.666667+13:00,6.3,-36.672585,174.454543,5,True
esp32_device_001,2025-10-18T17:37:02.333333+13:00,6.3,-36.672570,174.454652,5,True
esp32_device_001,2025-10-18T17:37:04+13:00,6.3,-36.672531,174.454712,5,False
esp32_device_001,2025-10-18T17:37:06.500000+13:00,6.0,-36.672637,174.455186,5,True
esp32_device_001,2025-10-18T17:37:09+13:00,5.7,-36.672619,174.455383,5,False
esp32_device_001,2025-10-18T17:37:10.250000+13:00,5.7,-36.672696,174.455562,5,True
esp32_device_001,2025-10-18T17:37:11.500000+13:00,5.7,-36.672729,174.455653,5,True
esp32_device_001,2025-10-18T17:37:12.750000+13:00,5.6,-36.672778,174.455759,5,True
esp32_device_001,2025-10-18T17:37:14+13:00,5.6,-36.672874,174.455963,5,False
esp32_device_001,2025-10-18T17:37:19+13:00,5.6,-36.673256,174.456497,5,False
esp32_device_001,2025-10-18T17:37:24+13:00,4.5,-36.67363,174.457047,5,False
esp32_device_001,2025-10-18T17:37:29+13:00,4.1,-36.673965,174.45755,5,False
esp32_device_001,2025-10-18T17:37:30.666667+13:00,4.1,-36.674156,174.457778,5,True
esp32_device_001,2025-10-18T17:37:32.333333+13:00,4.1,-36.674190,174.457736,5,True
esp32_device_001,2025-10-18T17:37:34+13:00,4.1,-36.674221,174.457718,5,False
esp32_device_001,2025-10-18T17:37:35.666667+13:00,4.2,-36.674321,174.457587,5,True
esp32_device_001,2025-10-18T17:37:37.333333+13:00,4.3,-36.674408,174.457505,5,True
esp32_device_001,2025-10-18T17:37:39+13:00,4.4,-36.674488,174.457458,5,False
esp32_device_001,2025-10-18T17:37:40.250000+13:00,4.5,-36.674598,174.457395,5,True
esp32_device_001,2025-10-18T17:37:41.500000+13:00,4.6,-36.674673,174.457328,5,True
esp32_device_001,2025-10-18T17:37:42.750000+13:00,4.6,-36.674789,174.457206,5,True
esp32_device_001,2025-10-18T17:37:44+13:00,4.7,-36.674812,174.457153,5,False
esp32_device_001,2025-10-18T17:37:45.250000+13:00,5.7,-36.674880,174.457050,5,True
esp32_device_001,2025-10-18T17:37:46.500000+13:00,6.6,-36.674949,174.456922,5,True
esp32_device_001,2025-10-18T17:37:47.750000+13:00,7.5,-36.675042,174.456841,5,True
esp32_device_001,2025-10-18T17:37:49+13:00,8.5,-36.67511,174.456802,5,False
esp32_device_001,2025-10-18T17:37:50+13:00,9.1,-36.675131,174.456785,5,True
esp32_device_001,2025-10-18T17:37:51+13:00,9.7,-36.675282,174.456776,5,True
esp32_device_001,2025-10-18T17:37:52+13:00,10.4,-36.675366,174.456802,5,True
esp32_device_001,2025-10-18T17:37:53+13:00,11.0,-36.675426,174.456834,5,True
esp32_device_001,2025-10-18T17:37:54+13:00,11.6,-36.675449,174.456863,5,False
esp32_device_001,2025-10-18T17:37:55.666667+13:00,11.1,-36.675509,174.456915,5,True
esp32_device_001,2025-10-18T17:37:57.333333+13:00,10.6,-36.675649,174.457152,5,True
esp32_device_001,2025-10-18T17:37:59+13:00,10.1,-36.675674,174.457275,5,False
esp32_device_001,2025-10-18T17:38:01.500000+13:00,8.9,-36.675836,174.457551,5,True
esp32_device_001,2025-10-18T17:38:04+13:00,7.7,-36.675858,174.457642,5,False
esp32_device_001,2025-10-18T18:05:43+13:00,5.8,-36.676125,174.457748,7,False
esp32_device_001,2025-10-18T18:05:45.500000+13:00,6.2,-36.676211,174.457732,7,True
esp32_device_001,2025-10-18T18:05:48+13:00,6.5,-36.676411,174.457703,7,False
esp32_device_001,2025-10-18T18:05:53+13:00,7.9,-36.67672,174.457626,7,False
esp32_device_001,2025-10-18T18:05:58+13:00,9.7,-36.676918,174.457581,7,False
esp32_device_001,2025-10-18T18:06:00.500000+13:00,10.6,-36.677193,174.457487,7,True
esp32_device_001,2025-10-18T18:06:03+13:00,11.4,-36.677242,174.457504,7,False
esp32_device_001,2025-10-18T18:06:05.500000+13:00,11.4,-36.677354,174.457460,7,True
esp32_device_001,2025-10-18T18:06:08+13:00,11.3,-36.677658,174.457489,7,False
esp32_device_001,2025-10-18T18:06:13+13:00,12,-36.678005,174.457489,7,False
esp32_device_001,2025-10-18T18:06:18+13:00,12.4,-36.678196,174.457489,7,False
esp32_device_001,2025-10-18T18:06:23+13:00,13,-36.678528,174.457489,7,False
esp32_device_001,2025-10-18T18:06:24.666667+13:00,13.2,-36.678678,174.457461,7,True
esp32_device_001,2025-10-18T18:06:26.333333+13:00,13.3,-36.678890,174.457457,7,True
esp32_device_001,2025-10-18T18:06:28+13:00,13.5,-36.678928,174.457474,7,False
esp32_device_001,2025-10-18T18:06:33+13:00,13.5,-36.67918,174.457413,7,False
esp32_device_001,2025-10-18T18:06:35.500000+13:00,14.7,-36.679386,174.457308,7,True
esp32_device_001,2025-10-18T18:06:38+13:00,15.9,-36.679443,174.457291,7,False
esp32_device_001,2025-10-18T18:06:40.500000+13:00,17.9,-36.679558,174.457269,7,True
esp32_device_001,2025-10-18T18:06:43+13:00,19.8,-36.679825,174.457275,7,False
esp32_device_001,2025-10-18T18:06:45.500000+13:00,21.5,-36.679942,174.457290,7,True
esp32_device_001,2025-10-18T18:06:48+13:00,23.2,-36.680202,174.457291,7,False
esp32_device_001,2025-10-18T18:06:53+13:00,24.7,-36.680382,174.457321,7,False
esp32_device_001,2025-10-18T18:06:58+13:00,24.1,-36.680408,174.457611,7,False
esp32_device_001,2025-10-18T18:07:03+13:00,21,-36.680408,174.458221,7,False
esp32_device_001,2025-10-18T18:07:08+13:00,18.4,-36.680408,174.458847,7,False
esp32_device_001,2025-10-18T18:07:08.714286+13:00,18.4,-36.680456,174.459095,7,True
esp32_device_001,2025-10-18T18:07:09.428571+13:00,18.4,-36.680459,174.459168,7,True
esp32_device_001,2025-10-18T18:07:10.142857+13:00,18.4,-36.680457,174.459274,7,True
esp32_device_001,2025-10-18T18:07:10.857143+13:00,18.3,-36.680455,174.460436,7,True
esp32_device_001,2025-10-18T18:07:11.571429+13:00,18.3,-36.680348,174.460122,7,True
esp32_device_001,2025-10-18T18:07:12.285714+13:00,18.3,-36.680352,174.459406,7,True
esp32_device_001,2025-10-18T18:07:13+13:00,18.3,-36.680416,174.459305,7,False
esp32_device_001,2025-10-18T18:07:15.500000+13:00,17.9,-36.680457,174.459274,7,True
esp32_device_001,2025-10-18T18:07:18+13:00,17.4,-36.680428,174.4599,7,False
esp32_device_001,2025-10-18T18:07:20.500000+13:00,16.5,-36.680455,174.460436,7,True
esp32_device_001,2025-10-18T18:07:23+13:00,15.7,-36.680424,174.460587,7,False
esp32_device_001,2025-10-18T18:07:24.666667+13:00,15.5,-36.680461,174.460971,7,True
esp32_device_001,2025-10-18T18:07:26.333333+13:00,15.3,-36.680464,174.461224,7,True
esp32_device_001,2025-10-18T18:07:28+13:00,15.1,-36.680431,174.461304,7,False
esp32_device_001,2025-10-18T18:07:29.250000+13:00,15.6,-36.680473,174.461393,7,True
esp32_device_001,2025-10-18T18:07:30.500000+13:00,16.1,-36.680499,174.461560,7,True
esp32_device_001,2025-10-18T18:07:31.750000+13:00,16.5,-36.680573,174.461848,7,True
esp32_device_001,2025-10-18T18:07:33+13:00,17,-36.680569,174.461975,7,False
esp32_device_001,2025-10-18T18:07:33.416667+13:00,16.8,-36.680812,174.462630,7,True
esp32_device_001,2025-10-18T18:07:33.833333+13:00,16.6,-36.680770,174.462646,7,True
esp32_device_001,2025-10-18T18:07:34.250000+13:00,16.4,-36.680721,174.462653,7,True
esp32_device_001,2025-10-18T18:07:34.666667+13:00,16.2,-36.680672,174.462654,7,True
esp32_device_001,2025-10-18T18:07:35.083333+13:00,16.0,-36.680602,174.462650,7,True
esp32_device_001,2025-10-18T18:07:35.500000+13:00,15.8,-36.680346,174.462601,7,True
esp32_device_001,2025-10-18T18:07:35.916667+13:00,15.6,-36.680331,174.462671,7,True
esp32_device_001,2025-10-18T18:07:36.333333+13:00,15.4,-36.680346,174.462601,7,True
esp32_device_001,2025-10-18T18:07:36.750000+13:00,15.2,-36.680602,174.462650,7,True
esp32_device_001,2025-10-18T18:07:37.166667+13:00,15.0,-36.680672,174.462654,7,True
esp32_device_001,2025-10-18T18:07:37.583333+13:00,14.8,-36.680721,174.462653,7,True
esp32_device_001,2025-10-18T18:07:38+13:00,14.6,-36.680771,174.462631,7,False
esp32_device_001,2025-10-18T18:07:40.500000+13:00,12.9,-36.680812,174.462630,7,True
esp32_device_001,2025-10-18T18:07:43+13:00,11.2,-36.680984,174.463303,7,False
esp32_device_001,2025-10-18T18:07:48+13:00,9.5,-36.681202,174.463989,7,False
esp32_device_001,2025-10-18T18:07:50.500000+13:00,8.7,-36.681374,174.464404,7,True
esp32_device_001,2025-10-18T18:07:53+13:00,7.9,-36.681431,174.464706,7,False
esp32_device_001,2025-10-18T18:07:55.500000+13:00,8.2,-36.681668,174.465343,7,True
esp32_device_001,2025-10-18T18:07:58+13:00,8.6,-36.681667,174.465439,7,False
esp32_device_001,2025-10-18T18:08:00.500000+13:00,9.1,-36.681937,174.466177,7,True
esp32_device_001,2025-10-18T18:08:03+13:00,9.7,-36.681892,174.466156,7,False
esp32_device_001,2025-10-18T18:08:03.384615+13:00,9.7,-36.681883,174.466201,7,True
esp32_device_001,2025-10-18T18:08:03.769231+13:00,9.7,-36.681752,174.466319,7,True
esp32_device_001,2025-10-18T18:08:04.153846+13:00,9.7,-36.681706,174.466350,7,True
esp32_device_001,2025-10-18T18:08:04.538462+13:00,9.7,-36.681342,174.466473,7,True
esp32_device_001,2025-10-18T18:08:04.923077+13:00,9.7,-36.681342,174.466611,7,True
esp32_device_001,2025-10-18T18:08:05.307692+13:00,9.7,-36.681344,174.467030,7,True
esp32_device_001,2025-10-18T18:08:05.692308+13:00,9.7,-36.681721,174.467032,7,True
esp32_device_001,2025-10-18T18:08:06.076923+13:00,9.7,-36.681706,174.466350,7,True
esp32_device_001,2025-10-18T18:08:06.461538+13:00,9.7,-36.681752,174.466319,7,True
esp32_device_001,2025-10-18T18:08:06.846154+13:00,9.7,-36.681883,174.466201,7,True
esp32_device_001,2025-10-18T18:08:07.230769+13:00,9.7,-36.681937,174.466177,7,True
esp32_device_001,2025-10-18T18:08:07.615385+13:00,9.7,-36.682098,174.466677,7,True
esp32_device_001,2025-10-18T18:08:08+13:00,9.7,-36.682125,174.466858,7,False
esp32_device_001,2025-10-18T18:08:13+13:00,9.5,-36.682346,174.467575,7,False
esp32_device_001,2025-10-18T18:08:15.500000+13:00,8.9,-36.682579,174.468226,7,True
esp32_device_001,2025-10-18T18:08:18+13:00,8.4,-36.682587,174.468323,7,False
esp32_device_001,2025-10-18T18:08:23+13:00,9.1,-36.682846,174.469147,7,False
esp32_device_001,2025-10-18T18:08:24+13:00,9.5,-36.682950,174.469378,7,True
esp32_device_001,2025-10-18T18:08:25+13:00,9.9,-36.683027,174.469619,7,True
esp32_device_001,2025-10-18T18:08:26+13:00,10.2,-36.683082,174.469765,7,True
esp32_device_001,2025-10-18T18:08:27+13:00,10.6,-36.683116,174.469823,7,True
esp32_device_001,2025-10-18T18:08:28+13:00,11,-36.683125,174.469879,7,False
esp32_device_001,2025-10-18T18:08:29.666667+13:00,11.6,-36.683157,174.469879,7,True
esp32_device_001,2025-10-18T18:08:31.333333+13:00,12.2,-36.683250,174.469958,7,True
esp32_device_001,2025-10-18T18:08:33+13:00,12.8,-36.683659,174.470306,7,False
esp32_device_001,2025-10-18T18:08:35.500000+13:00,16.8,-36.684138,174.470624,7,True
esp32_device_001,2025-10-18T18:08:38+13:00,20.7,-36.684292,174.470779,7,False
esp32_device_001,2025-10-18T18:08:43+13:00,36.5,-36.684872,174.471237,7,False
esp32_device_001,2025-10-18T18:08:48+13:00,43.8,-36.68541,174.471634,7,False
esp32_device_001,2025-10-18T18:08:53+13:00,48.4,-36.685989,174.472031,7,False
esp32_device_001,2025-10-18T18:08:58+13:00,56.5,-36.686634,174.472519,7,False
esp32_device_001,2025-10-18T18:09:00.500000+13:00,60.6,-36.687106,174.472881,7,True
esp32_device_001,2025-10-18T18:09:03+13:00,64.7,-36.687298,174.473022,7,False
esp32_device_001,2025-10-18T18:09:05.500000+13:00,70.8,-36.687634,174.473265,7,True
esp32_device_001,2025-10-18T18:09:08+13:00,76.9,-36.687958,174.47348,7,False
esp32_device_001,2025-10-18T18:09:08.833333+13:00,77.7,-36.688065,174.473573,7,True
esp32_device_001,2025-10-18T18:09:09.666667+13:00,78.6,-36.688345,174.473760,7,True
esp32_device_001,2025-10-18T18:09:10.500000+13:00,79.4,-36.688420,174.473807,7,True
esp32_device_001,2025-10-18T18:09:11.333333+13:00,80.2,-36.688487,174.473839,7,True
esp32_device_001,2025-10-18T18:09:12.166667+13:00,81.1,-36.688564,174.473866,7,True
esp32_device_001,2025-10-18T18:09:13+13:00,81.9,-36.688614,174.473862,7,False
esp32_device_001,2025-10-18T18:09:15.500000+13:00,82.7,-36.689191,174.474006,7,True
esp32_device_001,2025-10-18T18:09:18+13:00,83.5,-36.689274,174.474045,7,False
esp32_device_001,2025-10-18T18:09:19.250000+13:00,84.4,-36.689347,174.474055,7,True
esp32_device_001,2025-10-18T18:09:20.500000+13:00,85.3,-36.689419,174.474092,7,True
esp32_device_001,2025-10-18T18:09:21.750000+13:00,86.2,-36.689488,174.474139,7,True
esp32_device_001,2025-10-18T18:09:23+13:00,87.1,-36.689789,174.474442,7,False
esp32_device_001,2025-10-18T18:09:24.666667+13:00,86.8,-36.690085,174.474651,7,True
esp32_device_001,2025-10-18T18:09:26.333333+13:00,86.5,-36.690309,174.474842,7,True
esp32_device_001,2025-10-18T18:09:28+13:00,86.2,-36.690327,174.474915,7,False
esp32_device_001,2025-10-18T18:09:29+13:00,86.5,-36.690663,174.475154,7,True
esp32_device_001,2025-10-18T18:09:30+13:00,86.8,-36.690726,174.475225,7,True
esp32_device_001,2025-10-18T18:09:31+13:00,87.1,-36.690769,174.475285,7,True
esp32_device_001,2025-10-18T18:09:32+13:00,87.4,-36.690798,174.475338,7,True
esp32_device_001,2025-10-18T18:09:33+13:00,87.7,-36.690781,174.475388,7,False
esp32_device_001,2025-10-18T18:09:34.666667+13:00,88.1,-36.690834,174.475428,7,True
esp32_device_001,2025-10-18T18:09:36.333333+13:00,88.5,-36.690866,174.475534,7,True
esp32_device_001,2025-10-18T18:09:38+13:00,88.9,-36.690952,174.476089,7,False
esp32_device_001,2025-10-18T18:09:38.714286+13:00,89.5,-36.690985,174.476101,7,True
esp32_device_001,2025-10-18T18:09:39.428571+13:00,90.0,-36.691046,174.476334,7,True
esp32_device_001,2025-10-18T18:09:40.142857+13:00,90.6,-36.691085,174.476444,7,True
esp32_device_001,2025-10-18T18:09:40.857143+13:00,91.1,-36.691123,174.476539,7,True
esp32_device_001,2025-10-18T18:09:41.571429+13:00,91.7,-36.691176,174.476644,7,True
esp32_device_001,2025-10-18T18:09:42.285714+13:00,92.2,-36.691228,174.476739,7,True
esp32_device_001,2025-10-18T18:09:43+13:00,92.8,-36.691261,174.476822,7,False
esp32_device_001,2025-10-18T18:09:44.250000+13:00,95.0,-36.691289,174.476842,7,True
esp32_device_001,2025-10-18T18:09:45.500000+13:00,97.3,-36.691471,174.477115,7,True
esp32_device_001,2025-10-18T18:09:46.750000+13:00,99.5,-36.691664,174.477384,7,True
esp32_device_001,2025-10-18T18:09:48+13:00,101.8,-36.691708,174.477478,7,False
esp32_device_001,2025-10-18T18:09:48.500000+13:00,102.5,-36.691732,174.477474,7,True
esp32_device_001,2025-10-18T18:09:49+13:00,103.2,-36.691800,174.477555,7,True
esp32_device_001,2025-10-18T18:09:49.500000+13:00,104.0,-36.691884,174.477621,7,True
esp32_device_001,2025-10-18T18:09:50+13:00,104.7,-36.691928,174.477649,7,True
esp32_device_001,2025-10-18T18:09:50.500000+13:00,105.4,-36.691970,174.477668,7,True
esp32_device_001,2025-10-18T18:09:51+13:00,106.1,-36.692015,174.477685,7,True
esp32_device_001,2025-10-18T18:09:51.500000+13:00,106.8,-36.692061,174.477693,7,True
esp32_device_001,2025-10-18T18:09:52+13:00,107.6,-36.692112,174.477696,7,True
esp32_device_001,2025-10-18T18:09:52.500000+13:00,108.3,-36.692162,174.477695,7,True
esp32_device_001,2025-10-18T18:09:53+13:00,109,-36.692223,174.477692,7,False
esp32_device_001,2025-10-18T18:09:54.666667+13:00,110.1,-36.692263,174.477686,7,True
esp32_device_001,2025-10-18T18:09:56.333333+13:00,111.1,-36.692632,174.477590,7,True
esp32_device_001,2025-10-18T18:09:58+13:00,112.2,-36.692802,174.47757,7,False
esp32_device_001,2025-10-18T18:09:59.666667+13:00,112.0,-36.692830,174.477563,7,True
esp32_device_001,2025-10-18T18:10:01.333333+13:00,111.9,-36.693015,174.477547,7,True
esp32_device_001,2025-10-18T18:10:03+13:00,111.7,-36.693485,174.477478,7,False
esp32_device_001,2025-10-18T18:10:04.250000+13:00,112.2,-36.693587,174.477459,7,True
esp32_device_001,2025-10-18T18:10:05.500000+13:00,112.7,-36.693676,174.477457,7,True
esp32_device_001,2025-10-18T18:10:06.750000+13:00,113.1,-36.693758,174.477460,7,True
esp32_device_001,2025-10-18T18:10:08+13:00,113.6,-36.694233,174.477539,7,False
esp32_device_001,2025-10-18T18:10:09.666667+13:00,114.5,-36.694717,174.477617,7,True
esp32_device_001,2025-10-18T18:10:11.333333+13:00,115.5,-36.694910,174.477657,7,True
esp32_device_001,2025-10-18T18:10:13+13:00,116.4,-36.694946,174.477676,7,False
esp32_device_001,2025-10-18T18:10:14.250000+13:00,116.4,-36.694997,174.477683,7,True
esp32_device_001,2025-10-18T18:10:15.500000+13:00,116.4,-36.695093,174.477716,7,True
esp32_device_001,2025-10-18T18:10:16.750000+13:00,116.4,-36.695259,174.477810,7,True
esp32_device_001,2025-10-18T18:10:18+13:00,116.4,-36.695599,174.478058,7,False
esp32_device_001,2025-10-18T18:10:19.250000+13:00,119.1,-36.695778,174.478123,7,True
esp32_device_001,2025-10-18T18:10:20.500000+13:00,121.8,-36.695965,174.478178,7,True
esp32_device_001,2025-10-18T18:10:21.750000+13:00,124.5,-36.696151,174.478206,7,True
esp32_device_001,2025-10-18T18:10:23+13:00,127.2,-36.696281,174.478241,7,False
esp32_device_001,2025-10-18T18:10:24+13:00,128.9,-36.696342,174.478234,7,True
esp32_device_001,2025-10-18T18:10:25+13:00,130.6,-36.696529,174.478267,7,True
esp32_device_001,2025-10-18T18:10:26+13:00,132.3,-36.696721,174.478310,7,True
esp32_device_001,2025-10-18T18:10:27+13:00,134.0,-36.696810,174.478327,7,True
esp32_device_001,2025-10-18T18:10:28+13:00,135.7,-36.696857,174.478333,7,False
esp32_device_001,2025-10-18T18:10:28.625000+13:00,136.7,-36.696903,174.478327,7,True
esp32_device_001,2025-10-18T18:10:29.250000+13:00,137.8,-36.696959,174.478316,7,True
esp32_device_001,2025-10-18T18:10:29.875000+13:00,138.8,-36.697011,174.478294,7,True
esp32_device_001,2025-10-18T18:10:30.500000+13:00,139.8,-36.697050,174.478262,7,True
esp32_device_001,2025-10-18T18:10:31.125000+13:00,140.9,-36.697088,174.478226,7,True
esp32_device_001,2025-10-18T18:10:31.750000+13:00,141.9,-36.697157,174.478149,7,True
esp32_device_001,2025-10-18T18:10:32.375000+13:00,143.0,-36.697225,174.478068,7,True
esp32_device_001,2025-10-18T18:10:33+13:00,144,-36.697254,174.478027,7,False
esp32_device_001,2025-10-18T18:10:34+13:00,145.3,-36.697298,174.477998,7,True
esp32_device_001,2025-10-18T18:10:35+13:00,146.6,-36.697385,174.477930,7,True
esp32_device_001,2025-10-18T18:10:36+13:00,148.0,-36.697546,174.477828,7,True
esp32_device_001,2025-10-18T18:10:37+13:00,149.3,-36.697635,174.477774,7,True
esp32_device_001,2025-10-18T18:10:38+13:00,150.6,-36.697708,174.477737,7,False
esp32_device_001,2025-10-18T18:10:39+13:00,151.8,-36.697718,174.477734,7,True
esp32_device_001,2025-10-18T18:10:40+13:00,153.1,-36.697815,174.477704,7,True
esp32_device_001,2025-10-18T18:10:41+13:00,154.3,-36.697905,174.477687,7,True
esp32_device_001,2025-10-18T18:10:42+13:00,155.6,-36.698098,174.477655,7,True
esp32_device_001,2025-10-18T18:10:43+13:00,156.8,-36.69825,174.477631,7,False
esp32_device_001,2025-10-18T18:10:44+13:00,158.2,-36.698378,174.477597,7,True
esp32_device_001,2025-10-18T18:10:45+13:00,159.6,-36.698472,174.477567,7,True
esp32_device_001,2025-10-18T18:10:46+13:00,161.1,-36.698562,174.477519,7,True
esp32_device_001,2025-10-18T18:10:47+13:00,162.5,-36.698644,174.477455,7,True
esp32_device_001,2025-10-18T18:10:48+13:00,163.9,-36.69873,174.477356,7,False
esp32_device_001,2025-10-18T18:10:49.250000+13:00,164.5,-36.698849,174.477249,7,True
esp32_device_001,2025-10-18T18:10:50.500000+13:00,165.1,-36.698913,174.477194,7,True
esp32_device_001,2025-10-18T18:10:51.750000+13:00,165.7,-36.698975,174.477152,7,True
esp32_device_001,2025-10-18T18:10:53+13:00,166.3,-36.699043,174.477127,7,False
esp32_device_001,2025-10-18T18:10:58+13:00,166.6,-36.699146,174.477402,7,False
esp32_device_001,2025-10-18T18:11:03+13:00,168.5,-36.699112,174.478012,7,False
esp32_device_001,2025-10-18T18:11:05.500000+13:00,168.6,-36.699128,174.478528,7,True
esp32_device_001,2025-10-18T18:11:08+13:00,168.6,-36.699093,174.478683,7,False
esp32_device_001,2025-10-18T18:11:08.714286+13:00,168.4,-36.699126,174.478820,7,True
esp32_device_001,2025-10-18T18:11:09.428571+13:00,168.1,-36.699139,174.478928,7,True
esp32_device_001,2025-10-18T18:11:10.142857+13:00,167.9,-36.699161,174.479032,7,True
esp32_device_001,2025-10-18T18:11:10.857143+13:00,167.7,-36.699192,174.479128,7,True
esp32_device_001,2025-10-18T18:11:11.571429+13:00,167.5,-36.699226,174.479203,7,True
esp32_device_001,2025-10-18T18:11:12.285714+13:00,167.2,-36.699279,174.479294,7,True
esp32_device_001,2025-10-18T18:11:13+13:00,167,-36.699295,174.47934,7,False
esp32_device_001,2025-10-18T18:11:13.833333+13:00,166.9,-36.699330,174.479359,7,True
esp32_device_001,2025-10-18T18:11:14.666667+13:00,166.8,-36.699410,174.479438,7,True
esp32_device_001,2025-10-18T18:11:15.500000+13:00,166.8,-36.699494,174.479494,7,True
esp32_device_001,2025-10-18T18:11:16.333333+13:00,166.7,-36.699597,174.479547,7,True
esp32_device_001,2025-10-18T18:11:17.166667+13:00,166.6,-36.699721,174.479588,7,True
esp32_device_001,2025-10-18T18:11:18+13:00,166.5,-36.699883,174.479645,7,False
esp32_device_001,2025-10-18T18:11:18.833333+13:00,166.1,-36.700106,174.479688,7,True
esp32_device_001,2025-10-18T18:11:19.666667+13:00,165.7,-36.700240,174.479714,7,True
esp32_device_001,2025-10-18T18:11:20.500000+13:00,165.3,-36.700310,174.479719,7,True
esp32_device_001,2025-10-18T18:11:21.333333+13:00,164.9,-36.700394,174.479722,7,True
esp32_device_001,2025-10-18T18:11:22.166667+13:00,164.5,-36.700482,174.479712,7,True
esp32_device_001,2025-10-18T18:11:23+13:00,164.1,-36.700523,174.479706,7,False
esp32_device_001,2025-10-18T18:11:23.714286+13:00,163.5,-36.700560,174.479690,7,True
esp32_device_001,2025-10-18T18:11:24.428571+13:00,163.0,-36.700621,174.479658,7,True
esp32_device_001,2025-10-18T18:11:25.142857+13:00,162.4,-36.700675,174.479620,7,True
esp32_device_001,2025-10-18T18:11:25.857143+13:00,161.8,-36.700750,174.479551,7,True
esp32_device_001,2025-10-18T18:11:26.571429+13:00,161.2,-36.700828,174.479466,7,True
esp32_device_001,2025-10-18T18:11:27.285714+13:00,160.7,-36.700950,174.479298,7,True
esp32_device_001,2025-10-18T18:11:28+13:00,160.1,-36.701035,174.479187,7,False
esp32_device_001,2025-10-18T18:11:33+13:00,159,-36.701542,174.478439,7,False
esp32_device_001,2025-10-18T18:11:35.500000+13:00,159.6,-36.701974,174.477804,7,True
esp32_device_001,2025-10-18T18:11:38+13:00,160.2,-36.702068,174.477676,7,False
esp32_device_001,2025-10-18T18:11:38.555556+13:00,160.5,-36.702131,174.477580,7,True
esp32_device_001,2025-10-18T18:11:39.111111+13:00,160.9,-36.702196,174.477496,7,True
esp32_device_001,2025-10-18T18:11:39.666667+13:00,161.2,-36.702256,174.477424,7,True
esp32_device_001,2025-10-18T18:11:40.222222+13:00,161.6,-36.702318,174.477363,7,True
esp32_device_001,2025-10-18T18:11:40.777778+13:00,161.9,-36.702393,174.477298,7,True
esp32_device_001,2025-10-18T18:11:41.333333+13:00,162.3,-36.702471,174.477242,7,True
esp32_device_001,2025-10-18T18:11:41.888889+13:00,162.6,-36.702555,174.477192,7,True
esp32_device_001,2025-10-18T18:11:42.444444+13:00,163.0,-36.702655,174.477136,7,True
esp32_device_001,2025-10-18T18:11:43+13:00,163.3,-36.702702,174.477127,7,False
esp32_device_001,2025-10-18T18:11:48+13:00,165.3,-36.70348,174.476761,7,False
esp32_device_001,2025-10-18T18:11:53+13:00,169.1,-36.7043,174.476364,7,False
esp32_device_001,2025-10-18T18:11:55.500000+13:00,171.4,-36.704989,174.476026,7,True
esp32_device_001,2025-10-18T18:11:58+13:00,173.7,-36.705074,174.475998,7,False
esp32_device_001,2025-10-18T18:11:58.625000+13:00,174.3,-36.705176,174.475950,7,True
esp32_device_001,2025-10-18T18:11:59.250000+13:00,175.0,-36.705268,174.475917,7,True
esp32_device_001,2025-10-18T18:11:59.875000+13:00,175.7,-36.705356,174.475892,7,True
esp32_device_001,2025-10-18T18:12:00.500000+13:00,176.3,-36.705451,174.475879,7,True
esp32_device_001,2025-10-18T18:12:01.125000+13:00,176.9,-36.705557,174.475882,7,True
esp32_device_001,2025-10-18T18:12:01.750000+13:00,177.6,-36.705664,174.475905,7,True
esp32_device_001,2025-10-18T18:12:02.375000+13:00,178.2,-36.705750,174.475935,7,True
esp32_device_001,2025-10-18T18:12:03+13:00,178.9,-36.705769,174.475967,7,False
esp32_device_001,2025-10-18T18:12:04.250000+13:00,179.1,-36.705843,174.475982,7,True
esp32_device_001,2025-10-18T18:12:05.500000+13:00,179.2,-36.705921,174.476038,7,True
esp32_device_001,2025-10-18T18:12:06.750000+13:00,179.3,-36.705993,174.476093,7,True
esp32_device_001,2025-10-18T18:12:08+13:00,179.5,-36.706356,174.47644,7,False
esp32_device_001,2025-10-18T18:12:13+13:00,177.2,-36.707012,174.477066,7,False
esp32_device_001,2025-10-18T18:12:15.500000+13:00,176.4,-36.707403,174.477405,7,True
esp32_device_001,2025-10-18T18:12:18+13:00,175.7,-36.70771,174.477692,7,False
esp32_device_001,2025-10-18T18:12:20.500000+13:00,174.0,-36.708270,174.478157,7,True
esp32_device_001,2025-10-18T18:12:23+13:00,172.3,-36.70842,174.478302,7,False
esp32_device_001,2025-10-18T18:12:24+13:00,172.1,-36.708560,174.478390,7,True
esp32_device_001,2025-10-18T18:12:25+13:00,171.9,-36.708723,174.478506,7,True
esp32_device_001,2025-10-18T18:12:26+13:00,171.8,-36.708879,174.478592,7,True
esp32_device_001,2025-10-18T18:12:27+13:00,171.6,-36.709050,174.478668,7,True
esp32_device_001,2025-10-18T18:12:28+13:00,171.4,-36.709202,174.478745,7,False
esp32_device_001,2025-10-18T18:12:29.250000+13:00,171.8,-36.709217,174.478736,7,True
esp32_device_001,2025-10-18T18:12:30.500000+13:00,172.2,-36.709811,174.478954,7,True
esp32_device_001,2025-10-18T18:12:31.750000+13:00,172.6,-36.709980,174.479025,7,True
esp32_device_001,2025-10-18T18:12:33+13:00,173,-36.710011,174.47905,7,False
esp32_device_001,2025-10-18T18:12:33.555556+13:00,173.3,-36.710067,174.479065,7,True
esp32_device_001,2025-10-18T18:12:34.111111+13:00,173.6,-36.710154,174.479110,7,True
esp32_device_001,2025-10-18T18:12:34.666667+13:00,173.9,-36.710227,174.479154,7,True
esp32_device_001,2025-10-18T18:12:35.222222+13:00,174.2,-36.710311,174.479217,7,True
esp32_device_001,2025-10-18T18:12:35.777778+13:00,174.4,-36.710375,174.479282,7,True
esp32_device_001,2025-10-18T18:12:36.333333+13:00,174.7,-36.710442,174.479364,7,True
esp32_device_001,2025-10-18T18:12:36.888889+13:00,175.0,-36.710501,174.479446,7,True
esp32_device_001,2025-10-18T18:12:37.444444+13:00,175.3,-36.710553,174.479535,7,True
esp32_device_001,2025-10-18T18:12:38+13:00,175.6,-36.710564,174.479614,7,False
esp32_device_001,2025-10-18T18:12:38.714286+13:00,175.1,-36.710598,174.479623,7,True
esp32_device_001,2025-10-18T18:12:39.428571+13:00,174.6,-36.710629,174.479704,7,True
esp32_device_001,2025-10-18T18:12:40.142857+13:00,174.1,-36.710651,174.479792,7,True
esp32_device_001,2025-10-18T18:12:40.857143+13:00,173.5,-36.710660,174.479879,7,True
esp32_device_001,2025-10-18T18:12:41.571429+13:00,173.0,-36.710666,174.480008,7,True
esp32_device_001,2025-10-18T18:12:42.285714+13:00,172.5,-36.710673,174.480372,7,True
esp32_device_001,2025-10-18T18:12:43+13:00,172,-36.710648,174.480423,7,False
esp32_device_001,2025-10-18T18:12:45.500000+13:00,168.2,-36.710701,174.481124,7,True
esp32_device_001,2025-10-18T18:12:48+13:00,164.4,-36.710667,174.481323,7,False
esp32_device_001,2025-10-18T18:12:49+13:00,163.8,-36.710712,174.481714,7,True
esp32_device_001,2025-10-18T18:12:50+13:00,163.1,-36.710719,174.481835,7,True
esp32_device_001,2025-10-18T18:12:51+13:00,162.5,-36.710729,174.481936,7,True
esp32_device_001,2025-10-18T18:12:52+13:00,161.8,-36.710749,174.482034,7,True
esp32_device_001,2025-10-18T18:12:53+13:00,161.2,-36.710754,174.482162,7,False
esp32_device_001,2025-10-18T18:12:53.714286+13:00,160.5,-36.710819,174.482230,7,True
esp32_device_001,2025-10-18T18:12:54.428571+13:00,159.8,-36.710863,174.482313,7,True
esp32_device_001,2025-10-18T18:12:55.142857+13:00,159.1,-36.710914,174.482388,7,True
esp32_device_001,2025-10-18T18:12:55.857143+13:00,158.5,-36.710936,174.482416,7,True
esp32_device_001,2025-10-18T18:12:56.571429+13:00,157.8,-36.710957,174.482443,7,True
esp32_device_001,2025-10-18T18:12:57.285714+13:00,157.1,-36.711011,174.482502,7,True
esp32_device_001,2025-10-18T18:12:58+13:00,156.4,-36.711258,174.482803,7,False
esp32_device_001,2025-10-18T18:13:03+13:00,152,-36.711914,174.483444,7,False
esp32_device_001,2025-10-18T18:13:03.625000+13:00,152.1,-36.712001,174.483489,7,True
esp32_device_001,2025-10-18T18:13:04.250000+13:00,152.2,-36.712097,174.483583,7,True
esp32_device_001,2025-10-18T18:13:04.875000+13:00,152.4,-36.712169,174.483664,7,True
esp32_device_001,2025-10-18T18:13:05.500000+13:00,152.5,-36.712258,174.483760,7,True
esp32_device_001,2025-10-18T18:13:06.125000+13:00,152.6,-36.712344,174.483870,7,True
esp32_device_001,2025-10-18T18:13:06.750000+13:00,152.8,-36.712410,174.483965,7,True
esp32_device_001,2025-10-18T18:13:07.375000+13:00,152.9,-36.712480,174.484083,7,True
esp32_device_001,2025-10-18T18:13:08+13:00,153,-36.712498,174.484177,7,False
esp32_device_001,2025-10-18T18:13:09.250000+13:00,153.9,-36.712568,174.484243,7,True
esp32_device_001,2025-10-18T18:13:10.500000+13:00,154.9,-36.712751,174.484617,7,True
esp32_device_001,2025-10-18T18:13:11.750000+13:00,155.9,-36.712849,174.484821,7,True
esp32_device_001,2025-10-18T18:13:13+13:00,156.8,-36.712906,174.485031,7,False
esp32_device_001,2025-10-18T18:13:14.666667+13:00,156.2,-36.713014,174.485212,7,True
esp32_device_001,2025-10-18T18:13:16.333333+13:00,155.5,-36.713157,174.485614,7,True
esp32_device_001,2025-10-18T18:13:18+13:00,154.9,-36.713226,174.485916,7,False
esp32_device_001,2025-10-18T18:13:18.833333+13:00,154.6,-36.713369,174.486270,7,True
esp32_device_001,2025-10-18T18:13:19.666667+13:00,154.4,-36.713424,174.486431,7,True
esp32_device_001,2025-10-18T18:13:20.500000+13:00,154.1,-36.713470,174.486550,7,True
esp32_device_001,2025-10-18T18:13:21.333333+13:00,153.8,-36.713516,174.486650,7,True
esp32_device_001,2025-10-18T18:13:22.166667+13:00,153.6,-36.713557,174.486733,7,True
esp32_device_001,2025-10-18T18:13:23+13:00,153.3,-36.713558,174.486786,7,False
esp32_device_001,2025-10-18T18:13:23.714286+13:00,153.5,-36.713620,174.486834,7,True
esp32_device_001,2025-10-18T18:13:24.428571+13:00,153.6,-36.713687,174.486907,7,True
esp32_device_001,2025-10-18T18:13:25.142857+13:00,153.8,-36.713765,174.486980,7,True
esp32_device_001,2025-10-18T18:13:25.857143+13:00,154.0,-36.713840,174.487037,7,True
esp32_device_001,2025-10-18T18:13:26.571429+13:00,154.2,-36.713919,174.487088,7,True
esp32_device_001,2025-10-18T18:13:27.285714+13:00,154.3,-36.714008,174.487139,7,True
esp32_device_001,2025-10-18T18:13:28+13:00,154.5,-36.714211,174.487274,7,False
esp32_device_001,2025-10-18T18:13:33+13:00,160.6,-36.714958,174.487671,7,False
esp32_device_001,2025-10-18T18:13:34.250000+13:00,160.5,-36.715300,174.487814,7,True
esp32_device_001,2025-10-18T18:13:35.500000+13:00,160.4,-36.715451,174.487898,7,True
esp32_device_001,2025-10-18T18:13:36.750000+13:00,160.3,-36.715602,174.487989,7,True
esp32_device_001,2025-10-18T18:13:38+13:00,160.2,-36.715679,174.488068,7,False
esp32_device_001,2025-10-18T18:13:40.500000+13:00,158.1,-36.715809,174.488115,7,True
esp32_device_001,2025-10-18T18:13:43+13:00,156.1,-36.716457,174.488541,7,False
esp32_device_001,2025-10-18T18:13:48+13:00,155.5,-36.717228,174.489029,7,False
esp32_device_001,2025-10-18T18:13:50.500000+13:00,151.9,-36.717870,174.489404,7,True
esp32_device_001,2025-10-18T18:13:53+13:00,148.4,-36.717953,174.489502,7,False
esp32_device_001,2025-10-18T18:13:53.500000+13:00,147.3,-36.717987,174.489483,7,True
esp32_device_001,2025-10-18T18:13:54+13:00,146.1,-36.718084,174.489563,7,True
esp32_device_001,2025-10-18T18:13:54.500000+13:00,145.0,-36.718156,174.489631,7,True
esp32_device_001,2025-10-18T18:13:55+13:00,143.9,-36.718219,174.489698,7,True
esp32_device_001,2025-10-18T18:13:55.500000+13:00,142.8,-36.718276,174.489771,7,True
esp32_device_001,2025-10-18T18:13:56+13:00,141.6,-36.718328,174.489855,7,True
esp32_device_001,2025-10-18T18:13:56.500000+13:00,140.5,-36.718378,174.489948,7,True
esp32_device_001,2025-10-18T18:13:57+13:00,139.4,-36.718426,174.490053,7,True
esp32_device_001,2025-10-18T18:13:57.500000+13:00,138.2,-36.718465,174.490163,7,True
esp32_device_001,2025-10-18T18:13:58+13:00,137.1,-36.718445,174.490189,7,False
esp32_device_001,2025-10-18T18:13:58.555556+13:00,136.6,-36.718499,174.490275,7,True
esp32_device_001,2025-10-18T18:13:59.111111+13:00,136.2,-36.718524,174.490381,7,True
esp32_device_001,2025-10-18T18:13:59.666667+13:00,135.7,-36.718535,174.490429,7,True
esp32_device_001,2025-10-18T18:14:00.222222+13:00,135.2,-36.718547,174.490487,7,True
esp32_device_001,2025-10-18T18:14:00.777778+13:00,134.8,-36.718563,174.490594,7,True
esp32_device_001,2025-10-18T18:14:01.333333+13:00,134.3,-36.718573,174.490703,7,True
esp32_device_001,2025-10-18T18:14:01.888889+13:00,133.8,-36.718574,174.490817,7,True
esp32_device_001,2025-10-18T18:14:02.444444+13:00,133.4,-36.718573,174.490923,7,True
esp32_device_001,2025-10-18T18:14:03+13:00,132.9,-36.718533,174.491135,7,False
esp32_device_001,2025-10-18T18:14:04+13:00,131.9,-36.718536,174.491474,7,True
esp32_device_001,2025-10-18T18:14:05+13:00,131.0,-36.718532,174.491698,7,True
esp32_device_001,2025-10-18T18:14:06+13:00,130.0,-36.718538,174.491816,7,True
esp32_device_001,2025-10-18T18:14:07+13:00,129.1,-36.718549,174.491929,7,True
esp32_device_001,2025-10-18T18:14:08+13:00,128.1,-36.718548,174.492065,7,False
esp32_device_001,2025-10-18T18:14:08.714286+13:00,126.6,-36.718590,174.492144,7,True
esp32_device_001,2025-10-18T18:14:09.428571+13:00,125.0,-36.718634,174.492346,7,True
esp32_device_001,2025-10-18T18:14:10.142857+13:00,123.5,-36.718666,174.492455,7,True
esp32_device_001,2025-10-18T18:14:10.857143+13:00,121.9,-36.718696,174.492532,7,True
esp32_device_001,2025-10-18T18:14:11.571429+13:00,120.4,-36.718724,174.492596,7,True
esp32_device_001,2025-10-18T18:14:12.285714+13:00,118.8,-36.718780,174.492703,7,True
esp32_device_001,2025-10-18T18:14:13+13:00,117.3,-36.718872,174.492905,7,False
esp32_device_001,2025-10-18T18:14:14.666667+13:00,114.2,-36.719178,174.493353,7,True
esp32_device_001,2025-10-18T18:14:16.333333+13:00,111.0,-36.719278,174.493510,7,True
esp32_device_001,2025-10-18T18:14:18+13:00,107.9,-36.719318,174.493637,7,False
esp32_device_001,2025-10-18T18:14:18.833333+13:00,107.3,-36.719357,174.493624,7,True
esp32_device_001,2025-10-18T18:14:19.666667+13:00,106.7,-36.719430,174.493705,7,True
esp32_device_001,2025-10-18T18:14:20.500000+13:00,106.1,-36.719494,174.493761,7,True
esp32_device_001,2025-10-18T18:14:21.333333+13:00,105.5,-36.719565,174.493818,7,True
esp32_device_001,2025-10-18T18:14:22.166667+13:00,104.9,-36.719646,174.493868,7,True
esp32_device_001,2025-10-18T18:14:23+13:00,104.3,-36.719936,174.49408,7,False
esp32_device_001,2025-10-18T18:14:28+13:00,104.6,-36.720608,174.494476,7,False
esp32_device_001,2025-10-18T18:14:29.250000+13:00,105.7,-36.720844,174.494579,7,True
esp32_device_001,2025-10-18T18:14:30.500000+13:00,106.8,-36.721017,174.494664,7,True
esp32_device_001,2025-10-18T18:14:31.750000+13:00,108.0,-36.721217,174.494760,7,True
esp32_device_001,2025-10-18T18:14:33+13:00,109.1,-36.721294,174.494812,7,False
esp32_device_001,2025-10-18T18:14:34.666667+13:00,109.1,-36.721869,174.495022,7,True
esp32_device_001,2025-10-18T18:14:36.333333+13:00,109.2,-36.721958,174.495048,7,True
esp32_device_001,2025-10-18T18:14:38+13:00,109.2,-36.721989,174.495071,7,False
esp32_device_001,2025-10-18T18:14:38.714286+13:00,109.5,-36.722046,174.495073,7,True
esp32_device_001,2025-10-18T18:14:39.428571+13:00,109.7,-36.722136,174.495091,7,True
esp32_device_001,2025-10-18T18:14:40.142857+13:00,110.0,-36.722224,174.495097,7,True
esp32_device_001,2025-10-18T18:14:40.857143+13:00,110.2,-36.722308,174.495096,7,True
esp32_device_001,2025-10-18T18:14:41.571429+13:00,110.5,-36.722406,174.495086,7,True
esp32_device_001,2025-10-18T18:14:42.285714+13:00,110.7,-36.722500,174.495072,7,True
esp32_device_001,2025-10-18T18:14:43+13:00,111,-36.722755,174.495056,7,False
esp32_device_001,2025-10-18T18:14:44.250000+13:00,111.8,-36.723035,174.494979,7,True
esp32_device_001,2025-10-18T18:14:45.500000+13:00,112.5,-36.723213,174.494963,7,True
esp32_device_001,2025-10-18T18:14:46.750000+13:00,113.2,-36.723397,174.494954,7,True
esp32_device_001,2025-10-18T18:14:48+13:00,114,-36.723568,174.49498,7,False
esp32_device_001,2025-10-18T18:14:48.833333+13:00,113.8,-36.723750,174.494973,7,True
esp32_device_001,2025-10-18T18:14:49.666667+13:00,113.7,-36.723929,174.495007,7,True
esp32_device_001,2025-10-18T18:14:50.500000+13:00,113.5,-36.724105,174.495058,7,True
esp32_device_001,2025-10-18T18:14:51.333333+13:00,113.4,-36.724267,174.495128,7,True
esp32_device_001,2025-10-18T18:14:52.166667+13:00,113.2,-36.724354,174.495171,7,True
esp32_device_001,2025-10-18T18:14:53+13:00,113.1,-36.72438,174.495209,7,False
esp32_device_001,2025-10-18T18:14:54+13:00,113.1,-36.724432,174.495219,7,True
esp32_device_001,2025-10-18T18:14:55+13:00,113.2,-36.724513,174.495276,7,True
esp32_device_001,2025-10-18T18:14:56+13:00,113.2,-36.724589,174.495339,7,True
esp32_device_001,2025-10-18T18:14:57+13:00,113.3,-36.724728,174.495470,7,True
esp32_device_001,2025-10-18T18:14:58+13:00,113.3,-36.72509,174.49585,7,False
esp32_device_001,2025-10-18T18:14:59+13:00,114.1,-36.725238,174.495974,7,True
esp32_device_001,2025-10-18T18:15:00+13:00,114.8,-36.725566,174.496299,7,True
esp32_device_001,2025-10-18T18:15:01+13:00,115.6,-36.725612,174.496347,7,True
esp32_device_001,2025-10-18T18:15:02+13:00,116.3,-36.725668,174.496409,7,True
esp32_device_001,2025-10-18T18:15:03+13:00,117.1,-36.725697,174.49649,7,False
esp32_device_001,2025-10-18T18:15:03.714286+13:00,117.0,-36.725721,174.496483,7,True
esp32_device_001,2025-10-18T18:15:04.428571+13:00,117.0,-36.725778,174.496571,7,True
esp32_device_001,2025-10-18T18:15:05.142857+13:00,116.9,-36.725822,174.496673,7,True
esp32_device_001,2025-10-18T18:15:05.857143+13:00,116.9,-36.725854,174.496759,7,True
esp32_device_001,2025-10-18T18:15:06.571429+13:00,116.8,-36.725873,174.496829,7,True
esp32_device_001,2025-10-18T18:15:07.285714+13:00,116.8,-36.725910,174.496966,7,True
esp32_device_001,2025-10-18T18:15:08+13:00,116.7,-36.725952,174.497253,7,False
esp32_device_001,2025-10-18T18:15:10.500000+13:00,113.7,-36.726148,174.497864,7,True
esp32_device_001,2025-10-18T18:15:13+13:00,110.6,-36.726181,174.498093,7,False
esp32_device_001,2025-10-18T18:15:14+13:00,109.9,-36.726284,174.498348,7,True
esp32_device_001,2025-10-18T18:15:15+13:00,109.2,-36.726343,174.498578,7,True
esp32_device_001,2025-10-18T18:15:16+13:00,108.5,-36.726368,174.498705,7,True
esp32_device_001,2025-10-18T18:15:17+13:00,107.8,-36.726384,174.498803,7,True
esp32_device_001,2025-10-18T18:15:18+13:00,107.1,-36.726349,174.498856,7,False
esp32_device_001,2025-10-18T18:15:18.714286+13:00,106.7,-36.726396,174.498920,7,True
esp32_device_001,2025-10-18T18:15:19.428571+13:00,106.2,-36.726405,174.499044,7,True
esp32_device_001,2025-10-18T18:15:20.142857+13:00,105.8,-36.726413,174.499175,7,True
esp32_device_001,2025-10-18T18:15:20.857143+13:00,105.3,-36.726463,174.499173,7,True
esp32_device_001,2025-10-18T18:15:21.571429+13:00,104.9,-36.726496,174.499174,7,True
esp32_device_001,2025-10-18T18:15:22.285714+13:00,104.4,-36.726532,174.499183,7,True
esp32_device_001,2025-10-18T18:15:23+13:00,104,-36.72654,174.499222,7,False
esp32_device_001,2025-10-18T18:15:24.250000+13:00,102.1,-36.726567,174.499196,7,True
esp32_device_001,2025-10-18T18:15:25.500000+13:00,100.2,-36.726613,174.499217,7,True
esp32_device_001,2025-10-18T18:15:26.750000+13:00,98.4,-36.726680,174.499255,7,True
esp32_device_001,2025-10-18T18:15:28+13:00,96.5,-36.72702,174.499512,7,False
esp32_device_001,2025-10-18T18:15:29.666667+13:00,94.0,-36.727333,174.499671,7,True
esp32_device_001,2025-10-18T18:15:31.333333+13:00,91.6,-36.727495,174.499859,7,True
esp32_device_001,2025-10-18T18:15:33+13:00,89.1,-36.72752,174.499969,7,False
esp32_device_001,2025-10-18T18:15:34.666667+13:00,88.8,-36.727786,174.500311,7,True
esp32_device_001,2025-10-18T18:15:36.333333+13:00,88.6,-36.727866,174.500431,7,True
esp32_device_001,2025-10-18T18:15:38+13:00,88.3,-36.727959,174.500595,7,False
esp32_device_001,2025-10-18T18:15:39+13:00,87.4,-36.727998,174.500594,7,True
esp32_device_001,2025-10-18T18:15:40+13:00,86.4,-36.728122,174.500729,7,True
esp32_device_001,2025-10-18T18:15:41+13:00,85.5,-36.728232,174.500828,7,True
esp32_device_001,2025-10-18T18:15:42+13:00,84.5,-36.728345,174.500918,7,True
esp32_device_001,2025-10-18T18:15:43+13:00,83.6,-36.728497,174.501053,7,False
esp32_device_001,2025-10-18T18:15:43.625000+13:00,83.0,-36.728634,174.501111,7,True
esp32_device_001,2025-10-18T18:15:44.250000+13:00,82.4,-36.728721,174.501151,7,True
esp32_device_001,2025-10-18T18:15:44.875000+13:00,81.9,-36.728804,174.501176,7,True
esp32_device_001,2025-10-18T18:15:45.500000+13:00,81.3,-36.728876,174.501193,7,True
esp32_device_001,2025-10-18T18:15:46.125000+13:00,80.7,-36.728949,174.501197,7,True
esp32_device_001,2025-10-18T18:15:46.750000+13:00,80.2,-36.729025,174.501198,7,True
esp32_device_001,2025-10-18T18:15:47.375000+13:00,79.6,-36.729097,174.501192,7,True
esp32_device_001,2025-10-18T18:15:48+13:00,79,-36.729134,174.501205,7,False
esp32_device_001,2025-10-18T18:15:49.250000+13:00,77.6,-36.729181,174.501181,7,True
esp32_device_001,2025-10-18T18:15:50.500000+13:00,76.2,-36.729301,174.501158,7,True
esp32_device_001,2025-10-18T18:15:51.750000+13:00,74.9,-36.729457,174.501117,7,True
esp32_device_001,2025-10-18T18:15:53+13:00,73.5,-36.729836,174.501022,7,False
esp32_device_001,2025-10-18T18:15:54.666667+13:00,72.9,-36.730374,174.500847,7,True
esp32_device_001,2025-10-18T18:15:56.333333+13:00,72.2,-36.730437,174.500832,7,True
esp32_device_001,2025-10-18T18:15:58+13:00,71.6,-36.730457,174.500839,7,False
esp32_device_001,2025-10-18T18:15:58.625000+13:00,70.7,-36.730505,174.500826,7,True
esp32_device_001,2025-10-18T18:15:59.250000+13:00,69.9,-36.730564,174.500833,7,True
esp32_device_001,2025-10-18T18:15:59.875000+13:00,69.0,-36.730623,174.500849,7,True
esp32_device_001,2025-10-18T18:16:00.500000+13:00,68.2,-36.730699,174.500885,7,True
esp32_device_001,2025-10-18T18:16:01.125000+13:00,67.3,-36.730757,174.500922,7,True
esp32_device_001,2025-10-18T18:16:01.750000+13:00,66.4,-36.730840,174.500981,7,True
esp32_device_001,2025-10-18T18:16:02.375000+13:00,65.6,-36.730894,174.501046,7,True
esp32_device_001,2025-10-18T18:16:03+13:00,64.7,-36.730907,174.501114,7,False
esp32_device_001,2025-10-18T18:16:03.833333+13:00,63.1,-36.730944,174.501114,7,True
esp32_device_001,2025-10-18T18:16:04.666667+13:00,61.5,-36.730982,174.501194,7,True
esp32_device_001,2025-10-18T18:16:05.500000+13:00,59.9,-36.731013,174.501289,7,True
esp32_device_001,2025-10-18T18:16:06.333333+13:00,58.3,-36.731035,174.501402,7,True
esp32_device_001,2025-10-18T18:16:07.166667+13:00,56.7,-36.731063,174.501662,7,True
esp32_device_001,2025-10-18T18:16:08+13:00,55.1,-36.731049,174.501724,7,False
esp32_device_001,2025-10-18T18:16:08.714286+13:00,54.1,-36.731087,174.501789,7,True
esp32_device_001,2025-10-18T18:16:09.428571+13:00,53.1,-36.731109,174.501881,7,True
esp32_device_001,2025-10-18T18:16:10.142857+13:00,52.1,-36.731139,174.501953,7,True
esp32_device_001,2025-10-18T18:16:10.857143+13:00,51.1,-36.731174,174.502012,7,True
esp32_device_001,2025-10-18T18:16:11.571429+13:00,50.1,-36.731226,174.502067,7,True
esp32_device_001,2025-10-18T18:16:12.285714+13:00,49.1,-36.731281,174.502102,7,True
esp32_device_001,2025-10-18T18:16:13+13:00,48.1,-36.731327,174.502136,7,False
esp32_device_001,2025-10-18T18:16:13.714286+13:00,47.2,-36.731377,174.502131,7,True
esp32_device_001,2025-10-18T18:16:14.428571+13:00,46.2,-36.731433,174.502129,7,True
esp32_device_001,2025-10-18T18:16:15.142857+13:00,45.3,-36.731478,174.502122,7,True
esp32_device_001,2025-10-18T18:16:15.857143+13:00,44.4,-36.731529,174.502103,7,True
esp32_device_001,2025-10-18T18:16:16.571429+13:00,43.5,-36.731584,174.502075,7,True
esp32_device_001,2025-10-18T18:16:17.285714+13:00,42.5,-36.731669,174.502020,7,True
esp32_device_001,2025-10-18T18:16:18+13:00,41.6,-36.731766,174.501953,7,False
esp32_device_001,2025-10-18T18:16:20.500000+13:00,37.0,-36.732138,174.501652,7,True
esp32_device_001,2025-10-18T18:16:23+13:00,32.4,-36.732273,174.501587,7,False
esp32_device_001,2025-10-18T18:16:23.625000+13:00,32.2,-36.732334,174.501528,7,True
esp32_device_001,2025-10-18T18:16:24.250000+13:00,32.0,-36.732409,174.501505,7,True
esp32_device_001,2025-10-18T18:16:24.875000+13:00,31.8,-36.732486,174.501493,7,True
esp32_device_001,2025-10-18T18:16:25.500000+13:00,31.6,-36.732564,174.501499,7,True
esp32_device_001,2025-10-18T18:16:26.125000+13:00,31.4,-36.732642,174.501518,7,True
esp32_device_001,2025-10-18T18:16:26.750000+13:00,31.2,-36.732720,174.501546,7,True
esp32_device_001,2025-10-18T18:16:27.375000+13:00,31.0,-36.732786,174.501580,7,True
esp32_device_001,2025-10-18T18:16:28+13:00,30.8,-36.732811,174.501617,7,False
esp32_device_001,2025-10-18T18:16:29+13:00,31.3,-36.732859,174.501633,7,True
esp32_device_001,2025-10-18T18:16:30+13:00,31.9,-36.732939,174.501700,7,True
esp32_device_001,2025-10-18T18:16:31+13:00,32.4,-36.733041,174.501799,7,True
esp32_device_001,2025-10-18T18:16:32+13:00,33.0,-36.733222,174.501971,7,True
esp32_device_001,2025-10-18T18:16:33+13:00,33.5,-36.733318,174.50206,7,False
esp32_device_001,2025-10-18T18:16:34.666667+13:00,33.0,-36.733379,174.502107,7,True
esp32_device_001,2025-10-18T18:16:36.333333+13:00,32.5,-36.733529,174.502222,7,True
esp32_device_001,2025-10-18T18:16:38+13:00,32,-36.733952,174.502548,7,False
esp32_device_001,2025-10-18T18:16:43+13:00,32.5,-36.734627,174.503021,7,False
esp32_device_001,2025-10-18T18:16:48+13:00,31.7,-36.735359,174.503571,7,False
esp32_device_001,2025-10-18T18:16:53+13:00,32.3,-36.736111,174.50412,7,False
esp32_device_001,2025-10-18T18:16:58+13:00,32.3,-36.736851,174.504654,7,False
esp32_device_001,2025-10-18T18:16:59.666667+13:00,32.0,-36.737222,174.504905,7,True
esp32_device_001,2025-10-18T18:17:01.333333+13:00,31.8,-36.737454,174.505081,7,True
esp32_device_001,2025-10-18T18:17:03+13:00,31.5,-36.737576,174.505188,7,False
esp32_device_001,2025-10-18T18:17:08+13:00,31.4,-36.738293,174.505798,7,False
esp32_device_001,2025-10-18T18:17:09.666667+13:00,30.8,-36.738734,174.506140,7,True
esp32_device_001,2025-10-18T18:17:11.333333+13:00,30.3,-36.738971,174.506311,7,True
esp32_device_001,2025-10-18T18:17:13+13:00,29.7,-36.739048,174.506363,7,False
esp32_device_001,2025-10-18T18:17:14.666667+13:00,30.2,-36.739645,174.506760,7,True
esp32_device_001,2025-10-18T18:17:16.333333+13:00,30.8,-36.739747,174.506823,7,True
esp32_device_001,2025-10-18T18:17:18+13:00,31.3,-36.739761,174.506821,7,False
esp32_device_001,2025-10-18T18:17:18.625000+13:00,30.9,-36.739838,174.506861,7,True
esp32_device_001,2025-10-18T18:17:19.250000+13:00,30.4,-36.739935,174.506899,7,True
esp32_device_001,2025-10-18T18:17:19.875000+13:00,30.0,-36.740116,174.506955,7,True
esp32_device_001,2025-10-18T18:17:20.500000+13:00,29.6,-36.740194,174.506988,7,True
esp32_device_001,2025-10-18T18:17:21.125000+13:00,29.1,-36.740250,174.507018,7,True
esp32_device_001,2025-10-18T18:17:21.750000+13:00,28.7,-36.740305,174.507057,7,True
esp32_device_001,2025-10-18T18:17:22.375000+13:00,28.2,-36.740349,174.507103,7,True
esp32_device_001,2025-10-18T18:17:23+13:00,27.8,-36.740368,174.507172,7,False
esp32_device_001,2025-10-18T18:17:24.666667+13:00,27.6,-36.740396,174.507163,7,True
esp32_device_001,2025-10-18T18:17:26.333333+13:00,27.5,-36.740438,174.507238,7,True
esp32_device_001,2025-10-18T18:17:28+13:00,27.3,-36.740776,174.507935,7,False
esp32_device_001,2025-10-18T18:17:33+13:00,24.8,-36.741253,174.50885,7,False
