dev_esp32,timestamp,altitude,latitude,longitude,journey_id,synthetic
esp32_device_001,2026-04-29T08:55:58+12:00,53.1,-36.60482,174.80275,1,False
esp32_device_001,2026-04-29T09:10:47+12:00,54,-36.604607,174.802719,1,False
esp32_device_001,2026-04-29T09:10:49.500000+12:00,53.1,-36.604346,174.802540,1,True
esp32_device_001,2026-04-29T09:10:52+12:00,52.3,-36.604298,174.802521,1,False
esp32_device_001,2026-04-29T09:10:52.454545+12:00,52.2,-36.604083,174.802380,1,True
esp32_device_001,2026-04-29T09:10:52.909091+12:00,52.2,-36.603918,174.802283,1,True
esp32_device_001,2026-04-29T09:10:53.363636+12:00,52.1,-36.603823,174.802199,1,True
esp32_device_001,2026-04-29T09:10:53.818182+12:00,52.1,-36.603814,174.802194,1,True
esp32_device_001,2026-04-29T09:10:54.272727+12:00,52.0,-36.603769,174.802171,1,True
esp32_device_001,2026-04-29T09:10:54.727273+12:00,52.0,-36.603704,174.802153,1,True
esp32_device_001,2026-04-29T09:10:55.181818+12:00,51.9,-36.603662,174.802168,1,True
esp32_device_001,2026-04-29T09:10:55.636364+12:00,51.9,-36.603695,174.802307,1,True
esp32_device_001,2026-04-29T09:10:56.090909+12:00,51.8,-36.603749,174.802281,1,True
esp32_device_001,2026-04-29T09:10:56.545455+12:00,51.8,-36.603801,174.802271,1,True
esp32_device_001,2026-04-29T09:10:57+12:00,51.7,-36.603901,174.802277,1,False
esp32_device_001,2026-04-29T09:11:02+12:00,51.5,-36.603664,174.802139,1,False
esp32_device_001,2026-04-29T09:11:04.500000+12:00,51.4,-36.603639,174.802077,1,True
esp32_device_001,2026-04-29T09:11:07+12:00,51.3,-36.603554,174.801819,1,False
esp32_device_001,2026-04-29T09:11:09.500000+12:00,51.6,-36.603446,174.801282,1,True
esp32_device_001,2026-04-29T09:11:12+12:00,52,-36.60342,174.801224,1,False
esp32_device_001,2026-04-29T09:11:13.666667+12:00,52.2,-36.603411,174.801140,1,True
esp32_device_001,2026-04-29T09:11:15.333333+12:00,52.4,-36.603379,174.801004,1,True
esp32_device_001,2026-04-29T09:11:17+12:00,52.6,-36.603237,174.800476,1,False
esp32_device_001,2026-04-29T09:11:17.833333+12:00,52.7,-36.603250,174.800456,1,True
esp32_device_001,2026-04-29T09:11:18.666667+12:00,52.8,-36.603160,174.800101,1,True
esp32_device_001,2026-04-29T09:11:19.500000+12:00,52.9,-36.603110,174.799895,1,True
esp32_device_001,2026-04-29T09:11:20.333333+12:00,52.9,-36.603092,174.799818,1,True
esp32_device_001,2026-04-29T09:11:21.166667+12:00,53.0,-36.603076,174.799733,1,True
esp32_device_001,2026-04-29T09:11:22+12:00,53.1,-36.603069,174.799713,1,False
esp32_device_001,2026-04-29T09:11:22.714286+12:00,53.0,-36.603065,174.799637,1,True
esp32_device_001,2026-04-29T09:11:23.428571+12:00,52.9,-36.603066,174.799538,1,True
esp32_device_001,2026-04-29T09:11:24.142857+12:00,52.8,-36.603082,174.799420,1,True
esp32_device_001,2026-04-29T09:11:24.857143+12:00,52.6,-36.603118,174.799312,1,True
esp32_device_001,2026-04-29T09:11:25.571429+12:00,52.5,-36.603165,174.799204,1,True
esp32_device_001,2026-04-29T09:11:26.285714+12:00,52.4,-36.603219,174.799100,1,True
esp32_device_001,2026-04-29T09:11:27+12:00,52.3,-36.603249,174.799026,1,False
esp32_device_001,2026-04-29T09:11:29.500000+12:00,51.4,-36.603456,174.798650,1,True
esp32_device_001,2026-04-29T09:11:32+12:00,50.5,-36.603611,174.79837,1,False
esp32_device_001,2026-04-29T09:11:33.666667+12:00,50.6,-36.603792,174.798029,1,True
esp32_device_001,2026-04-29T09:11:35.333333+12:00,50.8,-36.603838,174.797944,1,True
esp32_device_001,2026-04-29T09:11:37+12:00,50.9,-36.603981,174.797684,1,False
esp32_device_001,2026-04-29T09:11:39.500000+12:00,51.5,-36.604265,174.797153,1,True
esp32_device_001,2026-04-29T09:11:42+12:00,52,-36.604355,174.797012,1,False
esp32_device_001,2026-04-29T09:11:43.250000+12:00,51.7,-36.604561,174.796597,1,True
esp32_device_001,2026-04-29T09:11:44.500000+12:00,51.4,-36.604613,174.796482,1,True
esp32_device_001,2026-04-29T09:11:45.750000+12:00,51.1,-36.604641,174.796412,1,True
esp32_device_001,2026-04-29T09:11:47+12:00,50.8,-36.604664,174.796341,1,False
esp32_device_001,2026-04-29T09:11:47.333333+12:00,50.7,-36.604716,174.796357,1,True
esp32_device_001,2026-04-29T09:11:47.666667+12:00,50.6,-36.604812,174.796388,1,True
esp32_device_001,2026-04-29T09:11:48+12:00,50.5,-36.604825,174.796289,1,True
esp32_device_001,2026-04-29T09:11:48.333333+12:00,50.4,-36.604835,174.796261,1,True
esp32_device_001,2026-04-29T09:11:48.666667+12:00,50.3,-36.604859,174.796220,1,True
esp32_device_001,2026-04-29T09:11:49+12:00,50.2,-36.605205,174.796308,1,True
esp32_device_001,2026-04-29T09:11:49.333333+12:00,50.1,-36.605210,174.796354,1,True
esp32_device_001,2026-04-29T09:11:49.666667+12:00,50.0,-36.605194,174.796441,1,True
esp32_device_001,2026-04-29T09:11:50+12:00,49.9,-36.605173,174.796482,1,True
esp32_device_001,2026-04-29T09:11:50.333333+12:00,49.8,-36.604812,174.796388,1,True
esp32_device_001,2026-04-29T09:11:50.666667+12:00,49.7,-36.604716,174.796357,1,True
esp32_device_001,2026-04-29T09:11:51+12:00,49.6,-36.604663,174.796340,1,True
esp32_device_001,2026-04-29T09:11:51.333333+12:00,49.5,-36.604700,174.796218,1,True
esp32_device_001,2026-04-29T09:11:51.666667+12:00,49.4,-36.604755,174.795973,1,True
esp32_device_001,2026-04-29T09:11:52+12:00,49.3,-36.604832,174.795593,1,False
esp32_device_001,2026-04-29T09:11:54.500000+12:00,47.2,-36.604846,174.795514,1,True
esp32_device_001,2026-04-29T09:11:57+12:00,45.1,-36.604984,174.794846,1,False
esp32_device_001,2026-04-29T09:11:59.500000+12:00,42.5,-36.604989,174.794807,1,True
esp32_device_001,2026-04-29T09:12:02+12:00,39.9,-36.605125,174.794128,1,False
esp32_device_001,2026-04-29T09:12:02.714286+12:00,38.9,-36.605161,174.793931,1,True
esp32_device_001,2026-04-29T09:12:03.428571+12:00,37.9,-36.605175,174.793832,1,True
esp32_device_001,2026-04-29T09:12:04.142857+12:00,36.9,-36.605184,174.793754,1,True
esp32_device_001,2026-04-29T09:12:04.857143+12:00,35.8,-36.605186,174.793658,1,True
esp32_device_001,2026-04-29T09:12:05.571429+12:00,34.8,-36.605180,174.793563,1,True
esp32_device_001,2026-04-29T09:12:06.285714+12:00,33.8,-36.605172,174.793455,1,True
esp32_device_001,2026-04-29T09:12:07+12:00,32.8,-36.605167,174.793396,1,False
esp32_device_001,2026-04-29T09:12:09.500000+12:00,28.2,-36.605117,174.792976,1,True
esp32_device_001,2026-04-29T09:12:12+12:00,23.6,-36.605072,174.792664,1,False
esp32_device_001,2026-04-29T09:12:17+12:00,14.5,-36.604973,174.791855,1,False
esp32_device_001,2026-04-29T09:12:18.666667+12:00,15.1,-36.604955,174.791624,1,True
esp32_device_001,2026-04-29T09:12:20.333333+12:00,15.7,-36.604893,174.791112,1,True
esp32_device_001,2026-04-29T09:12:22+12:00,16.3,-36.604874,174.790985,1,False
esp32_device_001,2026-04-29T09:12:23.250000+12:00,17.4,-36.604858,174.790656,1,True
esp32_device_001,2026-04-29T09:12:24.500000+12:00,18.6,-36.604857,174.790521,1,True
esp32_device_001,2026-04-29T09:12:25.750000+12:00,19.7,-36.604861,174.790365,1,True
esp32_device_001,2026-04-29T09:12:27+12:00,20.8,-36.604866,174.790161,1,False
esp32_device_001,2026-04-29T09:12:29.500000+12:00,22.5,-36.604900,174.789963,1,True
esp32_device_001,2026-04-29T09:12:32+12:00,24.2,-36.60495,174.789536,1,False
esp32_device_001,2026-04-29T09:12:37+12:00,26,-36.604988,174.789215,1,False
esp32_device_001,2026-04-29T09:12:42+12:00,25.4,-36.605034,174.788818,1,False
esp32_device_001,2026-04-29T09:12:44.500000+12:00,27.4,-36.605073,174.788703,1,True
esp32_device_001,2026-04-29T09:12:47+12:00,29.4,-36.605106,174.788223,1,False
esp32_device_001,2026-04-29T09:12:52+12:00,35.2,-36.605198,174.787521,1,False
esp32_device_001,2026-04-29T09:12:53.666667+12:00,37.3,-36.605279,174.787059,1,True
esp32_device_001,2026-04-29T09:12:55.333333+12:00,39.4,-36.605316,174.786860,1,True
esp32_device_001,2026-04-29T09:12:57+12:00,41.5,-36.605316,174.786835,1,False
esp32_device_001,2026-04-29T09:12:57.714286+12:00,42.3,-36.605344,174.786755,1,True
esp32_device_001,2026-04-29T09:12:58.428571+12:00,43.0,-36.605379,174.786658,1,True
esp32_device_001,2026-04-29T09:12:59.142857+12:00,43.8,-36.605418,174.786562,1,True
esp32_device_001,2026-04-29T09:12:59.857143+12:00,44.6,-36.605463,174.786476,1,True
esp32_device_001,2026-04-29T09:13:00.571429+12:00,45.4,-36.605521,174.786380,1,True
esp32_device_001,2026-04-29T09:13:01.285714+12:00,46.1,-36.605587,174.786292,1,True
esp32_device_001,2026-04-29T09:13:02+12:00,46.9,-36.60564,174.78624,1,False
esp32_device_001,2026-04-29T09:13:04.500000+12:00,50.0,-36.605788,174.786079,1,True
esp32_device_001,2026-04-29T09:13:07+12:00,53.1,-36.60614,174.785782,1,False
esp32_device_001,2026-04-29T09:13:09.500000+12:00,56.5,-36.606576,174.785376,1,True
esp32_device_001,2026-04-29T09:13:12+12:00,59.8,-36.606644,174.785339,1,False
esp32_device_001,2026-04-29T09:13:14.500000+12:00,62.1,-36.606981,174.785015,1,True
esp32_device_001,2026-04-29T09:13:17+12:00,64.5,-36.607132,174.784897,1,False
esp32_device_001,2026-04-29T09:13:19.500000+12:00,66.2,-36.607484,174.784558,1,True
esp32_device_001,2026-04-29T09:13:22+12:00,67.9,-36.607647,174.784454,1,False
esp32_device_001,2026-04-29T09:13:24.500000+12:00,66.1,-36.608013,174.784081,1,True
esp32_device_001,2026-04-29T09:13:27+12:00,64.2,-36.608158,174.783997,1,False
esp32_device_001,2026-04-29T09:13:29.500000+12:00,63.4,-36.608449,174.783689,1,True
esp32_device_001,2026-04-29T09:13:32+12:00,62.5,-36.608719,174.783493,1,False
esp32_device_001,2026-04-29T09:13:33.666667+12:00,63.2,-36.608946,174.783241,1,True
esp32_device_001,2026-04-29T09:13:35.333333+12:00,63.9,-36.609180,174.783031,1,True
esp32_device_001,2026-04-29T09:13:37+12:00,64.6,-36.609261,174.78299,1,False
esp32_device_001,2026-04-29T09:13:37.714286+12:00,64.8,-36.609276,174.782917,1,True
esp32_device_001,2026-04-29T09:13:38.428571+12:00,65.1,-36.609367,174.782800,1,True
esp32_device_001,2026-04-29T09:13:39.142857+12:00,65.3,-36.609453,174.782670,1,True
esp32_device_001,2026-04-29T09:13:39.857143+12:00,65.6,-36.609536,174.782519,1,True
esp32_device_001,2026-04-29T09:13:40.571429+12:00,65.8,-36.609561,174.782467,1,True
esp32_device_001,2026-04-29T09:13:41.285714+12:00,66.1,-36.609606,174.782367,1,True
esp32_device_001,2026-04-29T09:13:42+12:00,66.3,-36.609638,174.782349,1,False
esp32_device_001,2026-04-29T09:13:44.500000+12:00,67.2,-36.609653,174.782248,1,True
esp32_device_001,2026-04-29T09:13:47+12:00,68.1,-36.60989,174.781601,1,False
esp32_device_001,2026-04-29T09:13:48+12:00,69.0,-36.609917,174.781437,1,True
esp32_device_001,2026-04-29T09:13:49+12:00,69.9,-36.610007,174.781160,1,True
esp32_device_001,2026-04-29T09:13:50+12:00,70.8,-36.610061,174.781046,1,True
esp32_device_001,2026-04-29T09:13:51+12:00,71.7,-36.610103,174.780963,1,True
esp32_device_001,2026-04-29T09:13:52+12:00,72.6,-36.610188,174.780884,1,False
esp32_device_001,2026-04-29T09:13:52.833333+12:00,73.3,-36.610280,174.780726,1,True
esp32_device_001,2026-04-29T09:13:53.666667+12:00,74.0,-36.610355,174.780651,1,True
esp32_device_001,2026-04-29T09:13:54.500000+12:00,74.7,-36.610433,174.780591,1,True
esp32_device_001,2026-04-29T09:13:55.333333+12:00,75.4,-36.610519,174.780537,1,True
esp32_device_001,2026-04-29T09:13:56.166667+12:00,76.1,-36.610602,174.780488,1,True
esp32_device_001,2026-04-29T09:13:57+12:00,76.8,-36.610714,174.780472,1,False
esp32_device_001,2026-04-29T09:13:58+12:00,77.4,-36.610775,174.780398,1,True
esp32_device_001,2026-04-29T09:13:59+12:00,78.0,-36.610853,174.780359,1,True
esp32_device_001,2026-04-29T09:14:00+12:00,78.5,-36.610932,174.780316,1,True
esp32_device_001,2026-04-29T09:14:01+12:00,79.1,-36.611178,174.780210,1,True
esp32_device_001,2026-04-29T09:14:02+12:00,79.7,-36.61124,174.780182,1,False
esp32_device_001,2026-04-29T09:14:07+12:00,81,-36.611443,174.779999,1,False
esp32_device_001,2026-04-29T09:14:12+12:00,82,-36.611496,174.779938,1,False
esp32_device_001,2026-04-29T09:14:17+12:00,82.4,-36.611553,174.779861,1,False
esp32_device_001,2026-04-29T09:14:22+12:00,81.5,-36.611759,174.779663,1,False
esp32_device_001,2026-04-29T09:14:22.625000+12:00,81.4,-36.611772,174.779654,1,True
esp32_device_001,2026-04-29T09:14:23.250000+12:00,81.2,-36.611778,174.779625,1,True
esp32_device_001,2026-04-29T09:14:23.875000+12:00,81.1,-36.611778,174.779593,1,True
esp32_device_001,2026-04-29T09:14:24.500000+12:00,81.0,-36.611773,174.779570,1,True
esp32_device_001,2026-04-29T09:14:25.125000+12:00,80.8,-36.611763,174.779550,1,True
esp32_device_001,2026-04-29T09:14:25.750000+12:00,80.7,-36.611761,174.779548,1,True
esp32_device_001,2026-04-29T09:14:26.375000+12:00,80.5,-36.611785,174.779398,1,True
esp32_device_001,2026-04-29T09:14:27+12:00,80.4,-36.611809,174.779236,1,False
esp32_device_001,2026-04-29T09:14:28.250000+12:00,80.1,-36.611847,174.779066,1,True
esp32_device_001,2026-04-29T09:14:29.500000+12:00,79.8,-36.611855,174.779023,1,True
esp32_device_001,2026-04-29T09:14:30.750000+12:00,79.6,-36.611880,174.778827,1,True
esp32_device_001,2026-04-29T09:14:32+12:00,79.3,-36.61195,174.778534,1,False
esp32_device_001,2026-04-29T09:14:33+12:00,79.0,-36.611958,174.778444,1,True
esp32_device_001,2026-04-29T09:14:34+12:00,78.7,-36.611996,174.778284,1,True
esp32_device_001,2026-04-29T09:14:35+12:00,78.3,-36.612071,174.778024,1,True
esp32_device_001,2026-04-29T09:14:36+12:00,78.0,-36.612162,174.777780,1,True
esp32_device_001,2026-04-29T09:14:37+12:00,77.7,-36.61219,174.777756,1,False
esp32_device_001,2026-04-29T09:14:42+12:00,78.1,-36.612507,174.7771,1,False
esp32_device_001,2026-04-29T09:14:44.500000+12:00,78.3,-36.612782,174.776527,1,True
esp32_device_001,2026-04-29T09:14:47+12:00,78.5,-36.612804,174.776489,1,False
esp32_device_001,2026-04-29T09:14:52+12:00,78.9,-36.613117,174.775879,1,False
esp32_device_001,2026-04-29T09:14:53+12:00,79.3,-36.613155,174.775781,1,True
esp32_device_001,2026-04-29T09:14:54+12:00,79.8,-36.613239,174.775635,1,True
esp32_device_001,2026-04-29T09:14:55+12:00,80.2,-36.613356,174.775474,1,True
esp32_device_001,2026-04-29T09:14:56+12:00,80.7,-36.613423,174.775400,1,True
esp32_device_001,2026-04-29T09:14:57+12:00,81.1,-36.613514,174.775345,1,False
esp32_device_001,2026-04-29T09:14:57.833333+12:00,81.2,-36.613517,174.775306,1,True
esp32_device_001,2026-04-29T09:14:58.666667+12:00,81.4,-36.613628,174.775212,1,True
esp32_device_001,2026-04-29T09:14:59.500000+12:00,81.5,-36.613761,174.775123,1,True
esp32_device_001,2026-04-29T09:15:00.333333+12:00,81.7,-36.613899,174.775046,1,True
esp32_device_001,2026-04-29T09:15:01.166667+12:00,81.8,-36.614041,174.774989,1,True
esp32_device_001,2026-04-29T09:15:02+12:00,82,-36.614075,174.775009,1,False
esp32_device_001,2026-04-29T09:15:03+12:00,81.7,-36.614184,174.774954,1,True
esp32_device_001,2026-04-29T09:15:04+12:00,81.5,-36.614311,174.774933,1,True
esp32_device_001,2026-04-29T09:15:05+12:00,81.2,-36.614417,174.774926,1,True
esp32_device_001,2026-04-29T09:15:06+12:00,81.0,-36.614610,174.774923,1,True
esp32_device_001,2026-04-29T09:15:07+12:00,80.7,-36.614719,174.774963,1,False
esp32_device_001,2026-04-29T09:15:08.250000+12:00,80.9,-36.615019,174.774918,1,True
esp32_device_001,2026-04-29T09:15:09.500000+12:00,81.2,-36.615163,174.774910,1,True
esp32_device_001,2026-04-29T09:15:10.750000+12:00,81.4,-36.615336,174.774877,1,True
esp32_device_001,2026-04-29T09:15:12+12:00,81.6,-36.615395,174.774887,1,False
esp32_device_001,2026-04-29T09:15:13+12:00,81.4,-36.615485,174.774830,1,True
esp32_device_001,2026-04-29T09:15:14+12:00,81.2,-36.615606,174.774776,1,True
esp32_device_001,2026-04-29T09:15:15+12:00,81.0,-36.615719,174.774716,1,True
esp32_device_001,2026-04-29T09:15:16+12:00,80.8,-36.615842,174.774633,1,True
esp32_device_001,2026-04-29T09:15:17+12:00,80.6,-36.615974,174.774567,1,False
esp32_device_001,2026-04-29T09:15:18.666667+12:00,80.2,-36.616039,174.774493,1,True
esp32_device_001,2026-04-29T09:15:20.333333+12:00,79.9,-36.616414,174.774233,1,True
esp32_device_001,2026-04-29T09:15:22+12:00,79.5,-36.616501,174.774216,1,False
esp32_device_001,2026-04-29T09:15:22.833333+12:00,78.5,-36.616554,174.774143,1,True
esp32_device_001,2026-04-29T09:15:23.666667+12:00,77.5,-36.616699,174.774066,1,True
esp32_device_001,2026-04-29T09:15:24.500000+12:00,76.5,-36.616804,174.774024,1,True
esp32_device_001,2026-04-29T09:15:25.333333+12:00,75.4,-36.616928,174.773988,1,True
esp32_device_001,2026-04-29T09:15:26.166667+12:00,74.4,-36.617045,174.773964,1,True
esp32_device_001,2026-04-29T09:15:27+12:00,73.4,-36.6171,174.774002,1,False
esp32_device_001,2026-04-29T09:15:28+12:00,72.3,-36.617160,174.773951,1,True
esp32_device_001,2026-04-29T09:15:29+12:00,71.1,-36.617234,174.773946,1,True
esp32_device_001,2026-04-29T09:15:30+12:00,70.0,-36.617366,174.773952,1,True
esp32_device_001,2026-04-29T09:15:31+12:00,68.8,-36.617671,174.773983,1,True
esp32_device_001,2026-04-29T09:15:32+12:00,67.7,-36.617729,174.774033,1,False
esp32_device_001,2026-04-29T09:15:33.666667+12:00,65.9,-36.617987,174.774004,1,True
esp32_device_001,2026-04-29T09:15:35.333333+12:00,64.2,-36.618180,174.774008,1,True
esp32_device_001,2026-04-29T09:15:37+12:00,62.4,-36.618366,174.774033,1,False
esp32_device_001,2026-04-29T09:15:39.500000+12:00,58.8,-36.618894,174.773968,1,True
esp32_device_001,2026-04-29T09:15:42+12:00,55.2,-36.618969,174.773987,1,False
esp32_device_001,2026-04-29T09:15:42.833333+12:00,54.1,-36.618985,174.773956,1,True
esp32_device_001,2026-04-29T09:15:43.666667+12:00,53.1,-36.619073,174.773934,1,True
esp32_device_001,2026-04-29T09:15:44.500000+12:00,52.0,-36.619161,174.773898,1,True
esp32_device_001,2026-04-29T09:15:45.333333+12:00,50.9,-36.619405,174.773801,1,True
esp32_device_001,2026-04-29T09:15:46.166667+12:00,49.9,-36.619495,174.773766,1,True
esp32_device_001,2026-04-29T09:15:47+12:00,48.8,-36.619537,174.773788,1,False
esp32_device_001,2026-04-29T09:15:48.666667+12:00,46.6,-36.619588,174.773740,1,True
esp32_device_001,2026-04-29T09:15:50.333333+12:00,44.5,-36.619731,174.773712,1,True
esp32_device_001,2026-04-29T09:15:52+12:00,42.3,-36.62014,174.773666,1,False
esp32_device_001,2026-04-29T09:15:54.500000+12:00,39.1,-36.620670,174.773536,1,True
esp32_device_001,2026-04-29T09:15:57+12:00,36,-36.620754,174.773544,1,False
esp32_device_001,2026-04-29T09:15:57.714286+12:00,35.5,-36.620826,174.773486,1,True
esp32_device_001,2026-04-29T09:15:58.428571+12:00,35.1,-36.620901,174.773457,1,True
esp32_device_001,2026-04-29T09:15:59.142857+12:00,34.6,-36.620970,174.773416,1,True
esp32_device_001,2026-04-29T09:15:59.857143+12:00,34.1,-36.621040,174.773359,1,True
esp32_device_001,2026-04-29T09:16:00.571429+12:00,33.6,-36.621110,174.773291,1,True
esp32_device_001,2026-04-29T09:16:01.285714+12:00,33.2,-36.621224,174.773141,1,True
esp32_device_001,2026-04-29T09:16:02+12:00,32.7,-36.621231,174.773117,1,False
esp32_device_001,2026-04-29T09:16:03.250000+12:00,31.1,-36.621433,174.772781,1,True
esp32_device_001,2026-04-29T09:16:04.500000+12:00,29.4,-36.621503,174.772687,1,True
esp32_device_001,2026-04-29T09:16:05.750000+12:00,27.8,-36.621576,174.772596,1,True
esp32_device_001,2026-04-29T09:16:07+12:00,26.1,-36.621658,174.772507,1,False
esp32_device_001,2026-04-29T09:16:08.666667+12:00,27.1,-36.621819,174.772336,1,True
esp32_device_001,2026-04-29T09:16:10.333333+12:00,28.2,-36.622053,174.772103,1,True
esp32_device_001,2026-04-29T09:16:12+12:00,29.2,-36.622166,174.772003,1,False
esp32_device_001,2026-04-29T09:16:13.666667+12:00,30.1,-36.622362,174.771785,1,True
esp32_device_001,2026-04-29T09:16:15.333333+12:00,30.9,-36.622616,174.771523,1,True
esp32_device_001,2026-04-29T09:16:17+12:00,31.8,-36.622639,174.77153,1,False
esp32_device_001,2026-04-29T09:16:19.500000+12:00,34.0,-36.622951,174.771178,1,True
esp32_device_001,2026-04-29T09:16:22+12:00,36.3,-36.623116,174.771042,1,False
esp32_device_001,2026-04-29T09:16:24.500000+12:00,37.9,-36.623134,174.770989,1,True
esp32_device_001,2026-04-29T09:16:27+12:00,39.5,-36.623611,174.770538,1,False
esp32_device_001,2026-04-29T09:16:28.666667+12:00,40.7,-36.623832,174.770272,1,True
esp32_device_001,2026-04-29T09:16:30.333333+12:00,41.9,-36.624027,174.770074,1,True
esp32_device_001,2026-04-29T09:16:32+12:00,43.1,-36.624115,174.77005,1,False
esp32_device_001,2026-04-29T09:16:33+12:00,43.8,-36.624125,174.769982,1,True
esp32_device_001,2026-04-29T09:16:34+12:00,44.5,-36.624228,174.769903,1,True
esp32_device_001,2026-04-29T09:16:35+12:00,45.1,-36.624354,174.769851,1,True
esp32_device_001,2026-04-29T09:16:36+12:00,45.8,-36.624457,174.769823,1,True
esp32_device_001,2026-04-29T09:16:37+12:00,46.5,-36.624683,174.769791,1,False
esp32_device_001,2026-04-29T09:16:39.500000+12:00,47.1,-36.625017,174.769697,1,True
esp32_device_001,2026-04-29T09:16:42+12:00,47.7,-36.62529,174.769653,1,False
esp32_device_001,2026-04-29T09:16:47+12:00,46.6,-36.625874,174.769516,1,False
esp32_device_001,2026-04-29T09:16:52+12:00,44.9,-36.626472,174.769379,1,False
esp32_device_001,2026-04-29T09:16:53.250000+12:00,44.3,-36.626606,174.769328,1,True
esp32_device_001,2026-04-29T09:16:54.500000+12:00,43.8,-36.626692,174.769309,1,True
esp32_device_001,2026-04-29T09:16:55.750000+12:00,43.2,-36.626872,174.769283,1,True
esp32_device_001,2026-04-29T09:16:57+12:00,42.6,-36.627087,174.769272,1,False
esp32_device_001,2026-04-29T09:16:58.250000+12:00,42.0,-36.627142,174.769252,1,True
esp32_device_001,2026-04-29T09:16:59.500000+12:00,41.3,-36.627409,174.769221,1,True
esp32_device_001,2026-04-29T09:17:00.750000+12:00,40.6,-36.627673,174.769186,1,True
esp32_device_001,2026-04-29T09:17:02+12:00,40,-36.627701,174.769196,1,False
esp32_device_001,2026-04-29T09:17:02.833333+12:00,39.9,-36.627775,174.769163,1,True
esp32_device_001,2026-04-29T09:17:03.666667+12:00,39.7,-36.627874,174.769128,1,True
esp32_device_001,2026-04-29T09:17:04.500000+12:00,39.5,-36.627971,174.769079,1,True
esp32_device_001,2026-04-29T09:17:05.333333+12:00,39.4,-36.628126,174.768961,1,True
esp32_device_001,2026-04-29T09:17:06.166667+12:00,39.2,-36.628163,174.768905,1,True
esp32_device_001,2026-04-29T09:17:07+12:00,39.1,-36.628189,174.76889,1,False
esp32_device_001,2026-04-29T09:17:08+12:00,38.6,-36.628216,174.768816,1,True
esp32_device_001,2026-04-29T09:17:09+12:00,38.1,-36.628263,174.768724,1,True
esp32_device_001,2026-04-29T09:17:10+12:00,37.7,-36.628344,174.768510,1,True
esp32_device_001,2026-04-29T09:17:11+12:00,37.2,-36.628416,174.768315,1,True
esp32_device_001,2026-04-29T09:17:12+12:00,36.7,-36.628448,174.76828,1,False
esp32_device_001,2026-04-29T09:17:13+12:00,36.7,-36.628501,174.768115,1,True
esp32_device_001,2026-04-29T09:17:14+12:00,36.7,-36.628566,174.768005,1,True
esp32_device_001,2026-04-29T09:17:15+12:00,36.8,-36.628638,174.767915,1,True
esp32_device_001,2026-04-29T09:17:16+12:00,36.8,-36.628722,174.767836,1,True
esp32_device_001,2026-04-29T09:17:17+12:00,36.8,-36.628872,174.767761,1,False
esp32_device_001,2026-04-29T09:17:22+12:00,40.2,-36.629436,174.76741,1,False
esp32_device_001,2026-04-29T09:17:22.833333+12:00,40.5,-36.629496,174.767338,1,True
esp32_device_001,2026-04-29T09:17:23.666667+12:00,40.7,-36.629632,174.767235,1,True
esp32_device_001,2026-04-29T09:17:24.500000+12:00,41.0,-36.629712,174.767156,1,True
esp32_device_001,2026-04-29T09:17:25.333333+12:00,41.3,-36.629783,174.767073,1,True
esp32_device_001,2026-04-29T09:17:26.166667+12:00,41.5,-36.629859,174.766949,1,True
esp32_device_001,2026-04-29T09:17:27+12:00,41.8,-36.629898,174.766922,1,False
esp32_device_001,2026-04-29T09:17:28+12:00,41.4,-36.629914,174.766835,1,True
esp32_device_001,2026-04-29T09:17:29+12:00,41.0,-36.629978,174.766648,1,True
esp32_device_001,2026-04-29T09:17:30+12:00,40.5,-36.630032,174.766469,1,True
esp32_device_001,2026-04-29T09:17:31+12:00,40.1,-36.630039,174.766448,1,True
esp32_device_001,2026-04-29T09:17:32+12:00,39.7,-36.630138,174.76622,1,False
esp32_device_001,2026-04-29T09:17:33.666667+12:00,38.6,-36.630208,174.765890,1,True
esp32_device_001,2026-04-29T09:17:35.333333+12:00,37.6,-36.630292,174.765650,1,True
esp32_device_001,2026-04-29T09:17:37+12:00,36.5,-36.630394,174.765503,1,False
esp32_device_001,2026-04-29T09:17:39.500000+12:00,34.5,-36.630399,174.765408,1,True
esp32_device_001,2026-04-29T09:17:42+12:00,32.6,-36.630707,174.764816,1,False
esp32_device_001,2026-04-29T09:17:44.500000+12:00,31.4,-36.630910,174.764276,1,True
esp32_device_001,2026-04-29T09:17:47+12:00,30.2,-36.630997,174.764236,1,False
esp32_device_001,2026-04-29T09:17:47.714286+12:00,30.0,-36.631059,174.764076,1,True
esp32_device_001,2026-04-29T09:17:48.428571+12:00,29.7,-36.631129,174.763999,1,True
esp32_device_001,2026-04-29T09:17:49.142857+12:00,29.5,-36.631158,174.763989,1,True
esp32_device_001,2026-04-29T09:17:49.857143+12:00,29.2,-36.631183,174.763967,1,True
esp32_device_001,2026-04-29T09:17:50.571429+12:00,29.0,-36.631303,174.763907,1,True
esp32_device_001,2026-04-29T09:17:51.285714+12:00,28.7,-36.631327,174.763895,1,True
esp32_device_001,2026-04-29T09:17:52+12:00,28.5,-36.631405,174.763885,1,False
esp32_device_001,2026-04-29T09:17:53.666667+12:00,27.6,-36.631510,174.763791,1,True
esp32_device_001,2026-04-29T09:17:55.333333+12:00,26.8,-36.631801,174.763758,1,True
esp32_device_001,2026-04-29T09:17:57+12:00,25.9,-36.631977,174.763779,1,False
esp32_device_001,2026-04-29T09:17:58.666667+12:00,25.1,-36.632107,174.763723,1,True
esp32_device_001,2026-04-29T09:18:00.333333+12:00,24.2,-36.632136,174.763720,1,True
esp32_device_001,2026-04-29T09:18:02+12:00,23.4,-36.632572,174.763718,1,False
esp32_device_001,2026-04-29T09:18:04.500000+12:00,21.9,-36.632644,174.763665,1,True
esp32_device_001,2026-04-29T09:18:07+12:00,20.5,-36.633179,174.763641,1,False
esp32_device_001,2026-04-29T09:18:09.500000+12:00,19.4,-36.633681,174.763542,1,True
esp32_device_001,2026-04-29T09:18:12+12:00,18.2,-36.633812,174.76355,1,False
esp32_device_001,2026-04-29T09:18:14.500000+12:00,17.5,-36.634149,174.763464,1,True
esp32_device_001,2026-04-29T09:18:17+12:00,16.8,-36.634453,174.763458,1,False
esp32_device_001,2026-04-29T09:18:18.666667+12:00,17.0,-36.634709,174.763371,1,True
esp32_device_001,2026-04-29T09:18:20.333333+12:00,17.1,-36.634886,174.763306,1,True
esp32_device_001,2026-04-29T09:18:22+12:00,17.3,-36.635029,174.763245,1,False
esp32_device_001,2026-04-29T09:18:23.666667+12:00,17.4,-36.635056,174.763193,1,True
esp32_device_001,2026-04-29T09:18:25.333333+12:00,17.6,-36.635274,174.762977,1,True
esp32_device_001,2026-04-29T09:18:27+12:00,17.7,-36.635464,174.762848,1,False
esp32_device_001,2026-04-29T09:18:29.500000+12:00,18.0,-36.635620,174.762693,1,True
esp32_device_001,2026-04-29T09:18:32+12:00,18.3,-36.63588,174.762558,1,False
esp32_device_001,2026-04-29T09:18:34.500000+12:00,18.8,-36.636167,174.762302,1,True
esp32_device_001,2026-04-29T09:18:37+12:00,19.2,-36.636318,174.762238,1,False
esp32_device_001,2026-04-29T09:18:39.500000+12:00,17.6,-36.636547,174.762030,1,True
esp32_device_001,2026-04-29T09:18:42+12:00,16,-36.636822,174.761887,1,False
esp32_device_001,2026-04-29T09:18:44.500000+12:00,16.4,-36.637208,174.761532,1,True
esp32_device_001,2026-04-29T09:18:47+12:00,16.7,-36.637325,174.761505,1,False
esp32_device_001,2026-04-29T09:18:48.666667+12:00,17.0,-36.637412,174.761384,1,True
esp32_device_001,2026-04-29T09:18:50.333333+12:00,17.3,-36.637647,174.761152,1,True
esp32_device_001,2026-04-29T09:18:52+12:00,17.6,-36.637711,174.761139,1,False
esp32_device_001,2026-04-29T09:18:57+12:00,15.1,-36.638031,174.760605,1,False
esp32_device_001,2026-04-29T09:18:59.500000+12:00,14.6,-36.638161,174.760278,1,True
esp32_device_001,2026-04-29T09:19:02+12:00,14,-36.638367,174.76001,1,False
esp32_device_001,2026-04-29T09:19:04.500000+12:00,15.3,-36.638627,174.759486,1,True
esp32_device_001,2026-04-29T09:19:07+12:00,16.7,-36.638706,174.75943,1,False
esp32_device_001,2026-04-29T09:19:09.500000+12:00,18.0,-36.638994,174.758844,1,True
esp32_device_001,2026-04-29T09:19:12+12:00,19.4,-36.639042,174.758835,1,False
esp32_device_001,2026-04-29T09:19:13.250000+12:00,20.8,-36.639159,174.758596,1,True
esp32_device_001,2026-04-29T09:19:14.500000+12:00,22.1,-36.639233,174.758502,1,True
esp32_device_001,2026-04-29T09:19:15.750000+12:00,23.5,-36.639322,174.758412,1,True
esp32_device_001,2026-04-29T09:19:17+12:00,24.9,-36.639511,174.758331,1,False
esp32_device_001,2026-04-29T09:19:18.250000+12:00,26.1,-36.639764,174.758133,1,True
esp32_device_001,2026-04-29T09:19:19.500000+12:00,27.3,-36.639826,174.758091,1,True
esp32_device_001,2026-04-29T09:19:20.750000+12:00,28.5,-36.639981,174.757993,1,True
esp32_device_001,2026-04-29T09:19:22+12:00,29.7,-36.640083,174.75798,1,False
esp32_device_001,2026-04-29T09:19:24.500000+12:00,32.9,-36.640226,174.757840,1,True
esp32_device_001,2026-04-29T09:19:27+12:00,36,-36.640633,174.75766,1,False
esp32_device_001,2026-04-29T09:19:28+12:00,36.5,-36.640706,174.757545,1,True
esp32_device_001,2026-04-29T09:19:29+12:00,37.0,-36.640773,174.757492,1,True
esp32_device_001,2026-04-29T09:19:30+12:00,37.4,-36.640843,174.757424,1,True
esp32_device_001,2026-04-29T09:19:31+12:00,37.9,-36.640912,174.757318,1,True
esp32_device_001,2026-04-29T09:19:32+12:00,38.4,-36.64098,174.757233,1,False
esp32_device_001,2026-04-29T09:19:32.833333+12:00,38.3,-36.640977,174.757116,1,True
esp32_device_001,2026-04-29T09:19:33.666667+12:00,38.3,-36.640980,174.757038,1,True
esp32_device_001,2026-04-29T09:19:34.500000+12:00,38.2,-36.640982,174.756960,1,True
esp32_device_001,2026-04-29T09:19:35.333333+12:00,38.1,-36.640973,174.756866,1,True
esp32_device_001,2026-04-29T09:19:36.166667+12:00,38.1,-36.640947,174.756772,1,True
esp32_device_001,2026-04-29T09:19:37+12:00,38,-36.640934,174.756699,1,False
esp32_device_001,2026-04-29T09:19:42+12:00,38.4,-36.640842,174.756516,1,False
esp32_device_001,2026-04-29T09:19:47+12:00,39,-36.640812,174.756454,1,False
esp32_device_001,2026-04-29T09:19:52+12:00,40.2,-36.640766,174.756363,1,False
esp32_device_001,2026-04-29T09:19:57+12:00,40.8,-36.640701,174.756241,1,False
esp32_device_001,2026-04-29T09:20:02+12:00,40.5,-36.640617,174.756088,1,False
esp32_device_001,2026-04-29T09:20:07+12:00,40.2,-36.640507,174.755859,1,False
esp32_device_001,2026-04-29T09:20:12+12:00,40.1,-36.64035,174.755539,1,False
esp32_device_001,2026-04-29T09:20:14.500000+12:00,39.9,-36.640234,174.755313,1,True
esp32_device_001,2026-04-29T09:20:17+12:00,39.7,-36.640186,174.755219,1,False
esp32_device_001,2026-04-29T09:20:22+12:00,40.2,-36.640057,174.754959,1,False
esp32_device_001,2026-04-29T09:20:27+12:00,41.6,-36.63995,174.754745,1,False
esp32_device_001,2026-04-29T09:20:32+12:00,42.4,-36.639843,174.754547,1,False
esp32_device_001,2026-04-29T09:20:37+12:00,44.9,-36.63969,174.754242,1,False
esp32_device_001,2026-04-29T09:20:42+12:00,47.3,-36.639576,174.754013,1,False
esp32_device_001,2026-04-29T09:20:47+12:00,48.4,-36.639477,174.75383,1,False
esp32_device_001,2026-04-29T09:20:52+12:00,49.4,-36.639317,174.753601,1,False
esp32_device_001,2026-04-29T09:21:22+12:00,53,-36.639164,174.753357,1,False
esp32_device_001,2026-04-29T09:21:27+12:00,54.6,-36.639034,174.753159,1,False
esp32_device_001,2026-04-29T09:21:32+12:00,55.5,-36.638916,174.75296,1,False
esp32_device_001,2026-04-29T09:21:37+12:00,56.2,-36.638832,174.752808,1,False
esp32_device_001,2026-04-29T09:21:42+12:00,55.9,-36.638756,174.75267,1,False
esp32_device_001,2026-04-29T09:21:47+12:00,55.4,-36.63868,174.752533,1,False
esp32_device_001,2026-04-29T09:21:52+12:00,54.9,-36.638557,174.752319,1,False
esp32_device_001,2026-04-29T09:21:57+12:00,54.2,-36.638443,174.752106,1,False
esp32_device_001,2026-04-29T09:22:02+12:00,51.9,-36.638348,174.751938,1,False
esp32_device_001,2026-04-29T09:22:32+12:00,49.6,-36.638161,174.751617,1,False
esp32_device_001,2026-04-29T09:22:37+12:00,49.5,-36.638042,174.751404,1,False
esp32_device_001,2026-04-29T09:22:42+12:00,47.7,-36.63789,174.751129,1,False
esp32_device_001,2026-04-29T09:22:47+12:00,47.5,-36.637695,174.750763,1,False
esp32_device_001,2026-04-29T09:22:52+12:00,51.3,-36.637466,174.750351,1,False
esp32_device_001,2026-04-29T09:22:54.500000+12:00,53.1,-36.637392,174.750191,1,True
esp32_device_001,2026-04-29T09:22:57+12:00,54.9,-36.637253,174.749954,1,False
esp32_device_001,2026-04-29T09:22:59.500000+12:00,56.2,-36.637149,174.749748,1,True
esp32_device_001,2026-04-29T09:23:02+12:00,57.6,-36.637043,174.749588,1,False
esp32_device_001,2026-04-29T09:23:04.500000+12:00,57.7,-36.636953,174.749392,1,True
esp32_device_001,2026-04-29T09:23:07+12:00,57.8,-36.636906,174.749233,1,True
esp32_device_001,2026-04-29T09:23:09.500000+12:00,57.9,-36.636858,174.749144,1,True
esp32_device_001,2026-04-29T09:23:12+12:00,58.0,-36.636720,174.748921,1,True
esp32_device_001,2026-04-29T09:23:14.500000+12:00,58.0,-36.636655,174.748818,1,True
esp32_device_001,2026-04-29T09:23:17+12:00,58.1,-36.636612,174.748871,1,True
esp32_device_001,2026-04-29T09:23:19.500000+12:00,58.2,-36.636777,174.749130,1,True
esp32_device_001,2026-04-29T09:23:22+12:00,58.3,-36.63681,174.749161,1,False
esp32_device_001,2026-04-29T09:23:22.806452+12:00,58.3,-36.636853,174.749281,1,True
esp32_device_001,2026-04-29T09:23:23.612903+12:00,58.3,-36.636953,174.749392,1,True
esp32_device_001,2026-04-29T09:23:24.419355+12:00,58.2,-36.637149,174.749748,1,True
esp32_device_001,2026-04-29T09:23:25.225806+12:00,58.2,-36.637263,174.749956,1,True
esp32_device_001,2026-04-29T09:23:26.032258+12:00,58.2,-36.637331,174.749888,1,True
esp32_device_001,2026-04-29T09:23:26.838710+12:00,58.2,-36.637351,174.749861,1,True
esp32_device_001,2026-04-29T09:23:27.645161+12:00,58.2,-36.637358,174.749842,1,True
esp32_device_001,2026-04-29T09:23:28.451613+12:00,58.1,-36.637363,174.749823,1,True
esp32_device_001,2026-04-29T09:23:29.258065+12:00,58.1,-36.637363,174.749804,1,True
esp32_device_001,2026-04-29T09:23:30.064516+12:00,58.1,-36.637361,174.749786,1,True
esp32_device_001,2026-04-29T09:23:30.870968+12:00,58.1,-36.637355,174.749757,1,True
esp32_device_001,2026-04-29T09:23:31.677419+12:00,58.1,-36.637342,174.749725,1,True
esp32_device_001,2026-04-29T09:23:32.483871+12:00,58.0,-36.637327,174.749696,1,True
esp32_device_001,2026-04-29T09:23:33.290323+12:00,58.0,-36.637297,174.749648,1,True
esp32_device_001,2026-04-29T09:23:34.096774+12:00,58.0,-36.637228,174.749547,1,True
esp32_device_001,2026-04-29T09:23:34.903226+12:00,58.0,-36.637027,174.749283,1,True
esp32_device_001,2026-04-29T09:23:35.709677+12:00,58.0,-36.636925,174.749187,1,True
esp32_device_001,2026-04-29T09:23:36.516129+12:00,58.0,-36.636858,174.749144,1,True
esp32_device_001,2026-04-29T09:23:37.322581+12:00,57.9,-36.636720,174.748921,1,True
esp32_device_001,2026-04-29T09:23:38.129032+12:00,57.9,-36.636655,174.748818,1,True
esp32_device_001,2026-04-29T09:23:38.935484+12:00,57.9,-36.636582,174.748742,1,True
esp32_device_001,2026-04-29T09:23:39.741935+12:00,57.9,-36.636338,174.748538,1,True
esp32_device_001,2026-04-29T09:23:40.548387+12:00,57.9,-36.636192,174.748413,1,True
esp32_device_001,2026-04-29T09:23:41.354839+12:00,57.8,-36.636098,174.748333,1,True
esp32_device_001,2026-04-29T09:23:42.161290+12:00,57.8,-36.636073,174.748311,1,True
esp32_device_001,2026-04-29T09:23:42.967742+12:00,57.8,-36.635989,174.748239,1,True
esp32_device_001,2026-04-29T09:23:43.774194+12:00,57.8,-36.635940,174.748286,1,True
esp32_device_001,2026-04-29T09:23:44.580645+12:00,57.8,-36.636160,174.748477,1,True
esp32_device_001,2026-04-29T09:23:45.387097+12:00,57.7,-36.636529,174.748796,1,True
esp32_device_001,2026-04-29T09:23:46.193548+12:00,57.7,-36.636542,174.748807,1,True
esp32_device_001,2026-04-29T09:23:47+12:00,57.7,-36.636608,174.748825,1,False
esp32_device_001,2026-04-29T09:23:48.250000+12:00,57.8,-36.636612,174.748871,1,True
esp32_device_001,2026-04-29T09:23:49.500000+12:00,58.0,-36.636655,174.748818,1,True
esp32_device_001,2026-04-29T09:23:50.750000+12:00,58.1,-36.636582,174.748742,1,True
esp32_device_001,2026-04-29T09:23:52+12:00,58.2,-36.636395,174.748611,1,False
esp32_device_001,2026-04-29T09:23:53.666667+12:00,57.7,-36.636338,174.748538,1,True
esp32_device_001,2026-04-29T09:23:55.333333+12:00,57.3,-36.636192,174.748413,1,True
esp32_device_001,2026-04-29T09:23:57+12:00,56.8,-36.636112,174.748383,1,False
esp32_device_001,2026-04-29T09:23:57.833333+12:00,56.0,-36.636098,174.748333,1,True
esp32_device_001,2026-04-29T09:23:58.666667+12:00,55.2,-36.636073,174.748311,1,True
esp32_device_001,2026-04-29T09:23:59.500000+12:00,54.5,-36.635989,174.748239,1,True
esp32_device_001,2026-04-29T09:24:00.333333+12:00,53.7,-36.635909,174.748165,1,True
esp32_device_001,2026-04-29T09:24:01.166667+12:00,52.9,-36.635835,174.748095,1,True
esp32_device_001,2026-04-29T09:24:02+12:00,52.1,-36.635784,174.748062,1,False
esp32_device_001,2026-04-29T09:24:02.833333+12:00,51.5,-36.635766,174.748024,1,True
esp32_device_001,2026-04-29T09:24:03.666667+12:00,50.8,-36.635697,174.747950,1,True
esp32_device_001,2026-04-29T09:24:04.500000+12:00,50.2,-36.635628,174.747866,1,True
esp32_device_001,2026-04-29T09:24:05.333333+12:00,49.5,-36.635567,174.747779,1,True
esp32_device_001,2026-04-29T09:24:06.166667+12:00,48.9,-36.635491,174.747643,1,True
esp32_device_001,2026-04-29T09:24:07+12:00,48.2,-36.635468,174.747635,1,False
esp32_device_001,2026-04-29T09:24:07.384615+12:00,47.7,-36.635389,174.747427,1,True
esp32_device_001,2026-04-29T09:24:07.769231+12:00,47.2,-36.635318,174.747207,1,True
esp32_device_001,2026-04-29T09:24:08.153846+12:00,46.7,-36.635276,174.747027,1,True
esp32_device_001,2026-04-29T09:24:08.538462+12:00,46.3,-36.635260,174.746927,1,True
esp32_device_001,2026-04-29T09:24:08.923077+12:00,45.8,-36.635248,174.746792,1,True
esp32_device_001,2026-04-29T09:24:09.307692+12:00,45.3,-36.635239,174.746662,1,True
esp32_device_001,2026-04-29T09:24:09.692308+12:00,44.8,-36.635231,174.746552,1,True
esp32_device_001,2026-04-29T09:24:10.076923+12:00,44.3,-36.635171,174.746554,1,True
esp32_device_001,2026-04-29T09:24:10.461538+12:00,43.8,-36.635178,174.746661,1,True
esp32_device_001,2026-04-29T09:24:10.846154+12:00,43.4,-36.635188,174.746809,1,True
esp32_device_001,2026-04-29T09:24:11.230769+12:00,42.9,-36.635197,174.746893,1,True
esp32_device_001,2026-04-29T09:24:11.615385+12:00,42.4,-36.635208,174.746963,1,True
esp32_device_001,2026-04-29T09:24:12+12:00,41.9,-36.635239,174.747055,1,False
esp32_device_001,2026-04-29T09:24:12.294118+12:00,41.5,-36.635244,174.747125,1,True
esp32_device_001,2026-04-29T09:24:12.588235+12:00,41.1,-36.635277,174.747258,1,True
esp32_device_001,2026-04-29T09:24:12.882353+12:00,40.8,-36.635319,174.747401,1,True
esp32_device_001,2026-04-29T09:24:13.176471+12:00,40.4,-36.635379,174.747545,1,True
esp32_device_001,2026-04-29T09:24:13.470588+12:00,40.0,-36.635441,174.747674,1,True
esp32_device_001,2026-04-29T09:24:13.764706+12:00,39.6,-36.635519,174.747818,1,True
esp32_device_001,2026-04-29T09:24:14.058824+12:00,39.3,-36.635567,174.747779,1,True
esp32_device_001,2026-04-29T09:24:14.352941+12:00,38.9,-36.635491,174.747643,1,True
esp32_device_001,2026-04-29T09:24:14.647059+12:00,38.5,-36.635389,174.747427,1,True
esp32_device_001,2026-04-29T09:24:14.941176+12:00,38.1,-36.635318,174.747207,1,True
esp32_device_001,2026-04-29T09:24:15.235294+12:00,37.8,-36.635276,174.747027,1,True
esp32_device_001,2026-04-29T09:24:15.529412+12:00,37.4,-36.635260,174.746927,1,True
esp32_device_001,2026-04-29T09:24:15.823529+12:00,37.0,-36.635248,174.746792,1,True
esp32_device_001,2026-04-29T09:24:16.117647+12:00,36.6,-36.635239,174.746662,1,True
esp32_device_001,2026-04-29T09:24:16.411765+12:00,36.3,-36.635231,174.746552,1,True
esp32_device_001,2026-04-29T09:24:16.705882+12:00,35.9,-36.635229,174.746439,1,True
esp32_device_001,2026-04-29T09:24:17+12:00,35.5,-36.635197,174.746414,1,False
esp32_device_001,2026-04-29T09:24:18+12:00,34.9,-36.635218,174.746297,1,True
esp32_device_001,2026-04-29T09:24:19+12:00,34.3,-36.635186,174.746173,1,True
esp32_device_001,2026-04-29T09:24:20+12:00,33.7,-36.635180,174.746031,1,True
esp32_device_001,2026-04-29T09:24:21+12:00,33.1,-36.635174,174.745870,1,True
esp32_device_001,2026-04-29T09:24:22+12:00,32.5,-36.63517,174.745712,1,False
esp32_device_001,2026-04-29T09:24:23.250000+12:00,31.7,-36.635156,174.745455,1,True
esp32_device_001,2026-04-29T09:24:24.500000+12:00,30.9,-36.635155,174.745422,1,True
esp32_device_001,2026-04-29T09:24:25.750000+12:00,30.1,-36.635146,174.745224,1,True
esp32_device_001,2026-04-29T09:24:27+12:00,29.3,-36.635136,174.74498,1,False
esp32_device_001,2026-04-29T09:24:28.666667+12:00,27.8,-36.635129,174.744821,1,True
esp32_device_001,2026-04-29T09:24:30.333333+12:00,26.2,-36.635116,174.744538,1,True
esp32_device_001,2026-04-29T09:24:32+12:00,24.7,-36.635105,174.744324,1,False
esp32_device_001,2026-04-29T09:24:33.666667+12:00,23.4,-36.635105,174.744287,1,True
esp32_device_001,2026-04-29T09:24:35.333333+12:00,22.0,-36.635093,174.744009,1,True
esp32_device_001,2026-04-29T09:24:37+12:00,20.7,-36.635078,174.743759,1,False
esp32_device_001,2026-04-29T09:24:38.250000+12:00,19.9,-36.635081,174.743714,1,True
esp32_device_001,2026-04-29T09:24:39.500000+12:00,19.0,-36.635070,174.743468,1,True
esp32_device_001,2026-04-29T09:24:40.750000+12:00,18.1,-36.635063,174.743313,1,True
esp32_device_001,2026-04-29T09:24:42+12:00,17.3,-36.635052,174.743088,1,False
esp32_device_001,2026-04-29T09:24:43.250000+12:00,16.9,-36.635046,174.742921,1,True
esp32_device_001,2026-04-29T09:24:44.500000+12:00,16.4,-36.635035,174.742658,1,True
esp32_device_001,2026-04-29T09:24:45.750000+12:00,16.0,-36.635023,174.742401,1,True
esp32_device_001,2026-04-29T09:24:47+12:00,15.6,-36.635017,174.742386,1,False
esp32_device_001,2026-04-29T09:24:48.250000+12:00,15.3,-36.635013,174.742143,1,True
esp32_device_001,2026-04-29T09:24:49.500000+12:00,15.1,-36.635007,174.742021,1,True
esp32_device_001,2026-04-29T09:24:50.750000+12:00,14.8,-36.634997,174.741810,1,True
esp32_device_001,2026-04-29T09:24:52+12:00,14.5,-36.634987,174.741669,1,False
esp32_device_001,2026-04-29T09:24:53+12:00,14.4,-36.634982,174.741585,1,True
esp32_device_001,2026-04-29T09:24:54+12:00,14.4,-36.634950,174.741314,1,True
esp32_device_001,2026-04-29T09:24:55+12:00,14.3,-36.634923,174.741112,1,True
esp32_device_001,2026-04-29T09:24:56+12:00,14.3,-36.634897,174.740968,1,True
esp32_device_001,2026-04-29T09:24:57+12:00,14.2,-36.634888,174.740936,1,False
esp32_device_001,2026-04-29T09:24:58+12:00,14.6,-36.634875,174.740863,1,True
esp32_device_001,2026-04-29T09:24:59+12:00,14.9,-36.634834,174.740724,1,True
esp32_device_001,2026-04-29T09:25:00+12:00,15.3,-36.634688,174.740368,1,True
esp32_device_001,2026-04-29T09:25:01+12:00,15.6,-36.634674,174.740327,1,True
esp32_device_001,2026-04-29T09:25:02+12:00,16,-36.634655,174.740234,1,False
esp32_device_001,2026-04-29T09:25:03.250000+12:00,17.2,-36.634549,174.740088,1,True
esp32_device_001,2026-04-29T09:25:04.500000+12:00,18.4,-36.634505,174.740018,1,True
esp32_device_001,2026-04-29T09:25:05.750000+12:00,19.7,-36.634393,174.739839,1,True
esp32_device_001,2026-04-29T09:25:07+12:00,20.9,-36.634258,174.739655,1,False
esp32_device_001,2026-04-29T09:25:08.250000+12:00,21.8,-36.634069,174.739461,1,True
esp32_device_001,2026-04-29T09:25:09.500000+12:00,22.7,-36.634042,174.739434,1,True
esp32_device_001,2026-04-29T09:25:10.750000+12:00,23.6,-36.633867,174.739266,1,True
esp32_device_001,2026-04-29T09:25:12+12:00,24.5,-36.633781,174.739151,1,False
esp32_device_001,2026-04-29T09:25:13+12:00,25.5,-36.633699,174.739104,1,True
esp32_device_001,2026-04-29T09:25:14+12:00,26.5,-36.633648,174.739054,1,True
esp32_device_001,2026-04-29T09:25:15+12:00,27.4,-36.633531,174.738950,1,True
esp32_device_001,2026-04-29T09:25:16+12:00,28.4,-36.633458,174.738880,1,True
esp32_device_001,2026-04-29T09:25:17+12:00,29.4,-36.633327,174.738693,1,False
esp32_device_001,2026-04-29T09:25:18.666667+12:00,30.8,-36.633155,174.738590,1,True
esp32_device_001,2026-04-29T09:25:20.333333+12:00,32.2,-36.632991,174.738420,1,True
esp32_device_001,2026-04-29T09:25:22+12:00,33.6,-36.632885,174.738251,1,False
esp32_device_001,2026-04-29T09:25:23.666667+12:00,35.2,-36.632789,174.738210,1,True
esp32_device_001,2026-04-29T09:25:25.333333+12:00,36.7,-36.632708,174.738126,1,True
esp32_device_001,2026-04-29T09:25:27+12:00,38.3,-36.632442,174.737793,1,False
esp32_device_001,2026-04-29T09:25:27.357143+12:00,38.6,-36.632337,174.737716,1,True
esp32_device_001,2026-04-29T09:25:27.714286+12:00,39.0,-36.632300,174.737670,1,True
esp32_device_001,2026-04-29T09:25:28.071429+12:00,39.3,-36.632336,174.737614,1,True
esp32_device_001,2026-04-29T09:25:28.428571+12:00,39.7,-36.632355,174.737579,1,True
esp32_device_001,2026-04-29T09:25:28.785714+12:00,40.0,-36.632369,174.737550,1,True
esp32_device_001,2026-04-29T09:25:29.142857+12:00,40.4,-36.632376,174.737525,1,True
esp32_device_001,2026-04-29T09:25:29.500000+12:00,40.7,-36.632377,174.737499,1,True
esp32_device_001,2026-04-29T09:25:29.857143+12:00,41.0,-36.632369,174.737477,1,True
esp32_device_001,2026-04-29T09:25:30.214286+12:00,41.4,-36.632361,174.737458,1,True
esp32_device_001,2026-04-29T09:25:30.571429+12:00,41.7,-36.632274,174.737338,1,True
esp32_device_001,2026-04-29T09:25:30.928571+12:00,42.1,-36.632247,174.737300,1,True
esp32_device_001,2026-04-29T09:25:31.285714+12:00,42.4,-36.632125,174.737212,1,True
esp32_device_001,2026-04-29T09:25:31.642857+12:00,42.8,-36.632065,174.737216,1,True
esp32_device_001,2026-04-29T09:25:32+12:00,43.1,-36.632042,174.737244,1,False
esp32_device_001,2026-04-29T09:25:33.250000+12:00,44.6,-36.631997,174.737219,1,True
esp32_device_001,2026-04-29T09:25:34.500000+12:00,46.2,-36.631873,174.737030,1,True
esp32_device_001,2026-04-29T09:25:35.750000+12:00,47.8,-36.631731,174.736818,1,True
esp32_device_001,2026-04-29T09:25:37+12:00,49.3,-36.63166,174.736664,1,False
esp32_device_001,2026-04-29T09:25:38.666667+12:00,50.6,-36.631457,174.736402,1,True
esp32_device_001,2026-04-29T09:25:40.333333+12:00,51.8,-36.631348,174.736228,1,True
esp32_device_001,2026-04-29T09:25:42+12:00,53.1,-36.631279,174.736053,1,False
esp32_device_001,2026-04-29T09:25:43+12:00,53.5,-36.631249,174.736047,1,True
esp32_device_001,2026-04-29T09:25:44+12:00,53.8,-36.631161,174.735852,1,True
esp32_device_001,2026-04-29T09:25:45+12:00,54.2,-36.631092,174.735660,1,True
esp32_device_001,2026-04-29T09:25:46+12:00,54.5,-36.631010,174.735391,1,True
esp32_device_001,2026-04-29T09:25:47+12:00,54.9,-36.631008,174.735352,1,False
esp32_device_001,2026-04-29T09:25:48.250000+12:00,55.1,-36.630961,174.735247,1,True
esp32_device_001,2026-04-29T09:25:49.500000+12:00,55.4,-36.630906,174.735077,1,True
esp32_device_001,2026-04-29T09:25:50.750000+12:00,55.6,-36.630786,174.734753,1,True
esp32_device_001,2026-04-29T09:25:52+12:00,55.9,-36.630787,174.734711,1,False
esp32_device_001,2026-04-29T09:25:52.833333+12:00,55.3,-36.630748,174.734676,1,True
esp32_device_001,2026-04-29T09:25:53.666667+12:00,54.7,-36.630685,174.734551,1,True
esp32_device_001,2026-04-29T09:25:54.500000+12:00,54.1,-36.630673,174.734531,1,True
esp32_device_001,2026-04-29T09:25:55.333333+12:00,53.6,-36.630596,174.734404,1,True
esp32_device_001,2026-04-29T09:25:56.166667+12:00,53.0,-36.630517,174.734295,1,True
esp32_device_001,2026-04-29T09:25:57+12:00,52.4,-36.630436,174.734161,1,False
esp32_device_001,2026-04-29T09:25:59.500000+12:00,49.3,-36.630073,174.733716,1,True
esp32_device_001,2026-04-29T09:26:02+12:00,46.2,-36.629997,174.733612,1,False
esp32_device_001,2026-04-29T09:26:03.250000+12:00,44.7,-36.629953,174.733574,1,True
esp32_device_001,2026-04-29T09:26:04.500000+12:00,43.1,-36.629836,174.733434,1,True
esp32_device_001,2026-04-29T09:26:05.750000+12:00,41.5,-36.629673,174.733241,1,True
esp32_device_001,2026-04-29T09:26:07+12:00,40,-36.629608,174.733139,1,False
esp32_device_001,2026-04-29T09:26:09.500000+12:00,36.2,-36.629341,174.732831,1,True
esp32_device_001,2026-04-29T09:26:12+12:00,32.5,-36.629234,174.732712,1,False
esp32_device_001,2026-04-29T09:26:13.250000+12:00,31.1,-36.629202,174.732650,1,True
esp32_device_001,2026-04-29T09:26:14.500000+12:00,29.7,-36.629079,174.732468,1,True
esp32_device_001,2026-04-29T09:26:15.750000+12:00,28.3,-36.628971,174.732284,1,True
esp32_device_001,2026-04-29T09:26:17+12:00,26.9,-36.628902,174.732178,1,False
esp32_device_001,2026-04-29T09:26:18.666667+12:00,26.3,-36.628841,174.732026,1,True
esp32_device_001,2026-04-29T09:26:20.333333+12:00,25.6,-36.628672,174.731656,1,True
esp32_device_001,2026-04-29T09:26:22+12:00,25,-36.628616,174.731552,1,False
esp32_device_001,2026-04-29T09:26:23+12:00,25.1,-36.628591,174.731484,1,True
esp32_device_001,2026-04-29T09:26:24+12:00,25.2,-36.628513,174.731316,1,True
esp32_device_001,2026-04-29T09:26:25+12:00,25.4,-36.628413,174.731095,1,True
esp32_device_001,2026-04-29T09:26:26+12:00,25.5,-36.628380,174.731012,1,True
esp32_device_001,2026-04-29T09:26:27+12:00,25.6,-36.628345,174.730942,1,False
esp32_device_001,2026-04-29T09:26:28.250000+12:00,27.2,-36.628308,174.730844,1,True
esp32_device_001,2026-04-29T09:26:29.500000+12:00,28.8,-36.628225,174.730619,1,True
esp32_device_001,2026-04-29T09:26:30.750000+12:00,30.4,-36.628162,174.730423,1,True
esp32_device_001,2026-04-29T09:26:32+12:00,32,-36.628128,174.730331,1,False
esp32_device_001,2026-04-29T09:26:33.250000+12:00,33.1,-36.628103,174.730221,1,True
esp32_device_001,2026-04-29T09:26:34.500000+12:00,34.3,-36.628065,174.730018,1,True
esp32_device_001,2026-04-29T09:26:35.750000+12:00,35.5,-36.628035,174.729713,1,True
esp32_device_001,2026-04-29T09:26:37+12:00,36.6,-36.628021,174.729675,1,False
esp32_device_001,2026-04-29T09:26:39.500000+12:00,39.3,-36.627999,174.729286,1,True
esp32_device_001,2026-04-29T09:26:42+12:00,42,-36.627945,174.728989,1,False
esp32_device_001,2026-04-29T09:26:43.250000+12:00,43.1,-36.627948,174.728827,1,True
esp32_device_001,2026-04-29T09:26:44.500000+12:00,44.2,-36.627898,174.728610,1,True
esp32_device_001,2026-04-29T09:26:45.750000+12:00,45.3,-36.627828,174.728395,1,True
esp32_device_001,2026-04-29T09:26:47+12:00,46.4,-36.627766,174.728302,1,False
esp32_device_001,2026-04-29T09:26:48+12:00,47.3,-36.627763,174.728270,1,True
esp32_device_001,2026-04-29T09:26:49+12:00,48.3,-36.627678,174.728149,1,True
esp32_device_001,2026-04-29T09:26:50+12:00,49.2,-36.627562,174.728006,1,True
esp32_device_001,2026-04-29T09:26:51+12:00,50.2,-36.627441,174.727870,1,True
esp32_device_001,2026-04-29T09:26:52+12:00,51.1,-36.627331,174.727753,1,False
esp32_device_001,2026-04-29T09:26:54.500000+12:00,53.8,-36.626977,174.727357,1,True
esp32_device_001,2026-04-29T09:26:57+12:00,56.5,-36.626865,174.727249,1,False
esp32_device_001,2026-04-29T09:26:57.714286+12:00,57.3,-36.626829,174.727193,1,True
esp32_device_001,2026-04-29T09:26:58.428571+12:00,58.1,-36.626743,174.727087,1,True
esp32_device_001,2026-04-29T09:26:59.142857+12:00,58.9,-36.626690,174.727003,1,True
esp32_device_001,2026-04-29T09:26:59.857143+12:00,59.7,-36.626650,174.726923,1,True
esp32_device_001,2026-04-29T09:27:00.571429+12:00,60.5,-36.626607,174.726826,1,True
esp32_device_001,2026-04-29T09:27:01.285714+12:00,61.3,-36.626576,174.726720,1,True
esp32_device_001,2026-04-29T09:27:02+12:00,62.1,-36.626556,174.726669,1,False
esp32_device_001,2026-04-29T09:27:03.666667+12:00,63.3,-36.626554,174.726616,1,True
esp32_device_001,2026-04-29T09:27:05.333333+12:00,64.4,-36.626541,174.726506,1,True
esp32_device_001,2026-04-29T09:27:07+12:00,65.6,-36.626511,174.726212,1,False
esp32_device_001,2026-04-29T09:27:09.500000+12:00,66.9,-36.626509,174.725736,1,True
esp32_device_001,2026-04-29T09:27:12+12:00,68.2,-36.626503,174.725677,1,False
esp32_device_001,2026-04-29T09:27:13+12:00,68.7,-36.626503,174.725525,1,True
esp32_device_001,2026-04-29T09:27:14+12:00,69.1,-36.626499,174.725398,1,True
esp32_device_001,2026-04-29T09:27:15+12:00,69.6,-36.626495,174.725233,1,True
esp32_device_001,2026-04-29T09:27:16+12:00,70.0,-36.626487,174.725074,1,True
esp32_device_001,2026-04-29T09:27:17+12:00,70.5,-36.62648,174.724991,1,False
esp32_device_001,2026-04-29T09:27:22+12:00,73.2,-36.626453,174.724213,1,False
esp32_device_001,2026-04-29T09:27:23+12:00,73.9,-36.626439,174.723907,1,True
esp32_device_001,2026-04-29T09:27:24+12:00,74.6,-36.626419,174.723729,1,True
esp32_device_001,2026-04-29T09:27:25+12:00,75.4,-36.626399,174.723631,1,True
esp32_device_001,2026-04-29T09:27:26+12:00,76.1,-36.626383,174.723551,1,True
esp32_device_001,2026-04-29T09:27:27+12:00,76.8,-36.626354,174.723495,1,False
esp32_device_001,2026-04-29T09:27:28+12:00,77.1,-36.626348,174.723464,1,True
esp32_device_001,2026-04-29T09:27:29+12:00,77.4,-36.626290,174.723365,1,True
esp32_device_001,2026-04-29T09:27:30+12:00,77.6,-36.626129,174.723119,1,True
esp32_device_001,2026-04-29T09:27:31+12:00,77.9,-36.626036,174.722978,1,True
esp32_device_001,2026-04-29T09:27:32+12:00,78.2,-36.625988,174.7229,1,False
esp32_device_001,2026-04-29T09:27:33+12:00,78.4,-36.625935,174.722848,1,True
esp32_device_001,2026-04-29T09:27:34+12:00,78.7,-36.625764,174.722628,1,True
esp32_device_001,2026-04-29T09:27:35+12:00,78.9,-36.625714,174.722564,1,True
esp32_device_001,2026-04-29T09:27:36+12:00,79.2,-36.625603,174.722447,1,True
esp32_device_001,2026-04-29T09:27:37+12:00,79.4,-36.625584,174.722412,1,False
esp32_device_001,2026-04-29T09:27:38.250000+12:00,79.6,-36.625480,174.722346,1,True
esp32_device_001,2026-04-29T09:27:39.500000+12:00,79.8,-36.625360,174.722309,1,True
esp32_device_001,2026-04-29T09:27:40.750000+12:00,80.0,-36.625190,174.722307,1,True
esp32_device_001,2026-04-29T09:27:42+12:00,80.2,-36.625076,174.722275,1,False
esp32_device_001,2026-04-29T09:27:42.833333+12:00,80.2,-36.625021,174.722323,1,True
esp32_device_001,2026-04-29T09:27:43.666667+12:00,80.3,-36.624892,174.722327,1,True
esp32_device_001,2026-04-29T09:27:44.500000+12:00,80.3,-36.624780,174.722324,1,True
esp32_device_001,2026-04-29T09:27:45.333333+12:00,80.3,-36.624705,174.722312,1,True
esp32_device_001,2026-04-29T09:27:46.166667+12:00,80.4,-36.624618,174.722276,1,True
esp32_device_001,2026-04-29T09:27:47+12:00,80.4,-36.624554,174.722183,1,False
esp32_device_001,2026-04-29T09:27:48+12:00,79.7,-36.624456,174.722148,1,True
esp32_device_001,2026-04-29T09:27:49+12:00,79.0,-36.624391,174.722066,1,True
esp32_device_001,2026-04-29T09:27:50+12:00,78.3,-36.624272,174.721903,1,True
esp32_device_001,2026-04-29T09:27:51+12:00,77.6,-36.624165,174.721756,1,True
esp32_device_001,2026-04-29T09:27:52+12:00,76.9,-36.624142,174.721695,1,False
esp32_device_001,2026-04-29T09:27:53+12:00,76.3,-36.624034,174.721567,1,True
esp32_device_001,2026-04-29T09:27:54+12:00,75.7,-36.623964,174.721449,1,True
esp32_device_001,2026-04-29T09:27:55+12:00,75.2,-36.623910,174.721323,1,True
esp32_device_001,2026-04-29T09:27:56+12:00,74.6,-36.623832,174.721112,1,True
esp32_device_001,2026-04-29T09:27:57+12:00,74,-36.623821,174.721085,1,False
esp32_device_001,2026-04-29T09:27:58.250000+12:00,73.3,-36.623660,174.720679,1,True
esp32_device_001,2026-04-29T09:27:59.500000+12:00,72.6,-36.623613,174.720602,1,True
esp32_device_001,2026-04-29T09:28:00.750000+12:00,71.9,-36.623539,174.720494,1,True
esp32_device_001,2026-04-29T09:28:02+12:00,71.2,-36.623516,174.720459,1,False
esp32_device_001,2026-04-29T09:28:03+12:00,70.1,-36.623465,174.720411,1,True
esp32_device_001,2026-04-29T09:28:04+12:00,69.0,-36.623394,174.720349,1,True
esp32_device_001,2026-04-29T09:28:05+12:00,67.9,-36.623326,174.720297,1,True
esp32_device_001,2026-04-29T09:28:06+12:00,66.8,-36.623180,174.720217,1,True
esp32_device_001,2026-04-29T09:28:07+12:00,65.7,-36.62299,174.720123,1,False
esp32_device_001,2026-04-29T09:28:08+12:00,64.8,-36.622960,174.720123,1,True
esp32_device_001,2026-04-29T09:28:09+12:00,63.9,-36.622807,174.720055,1,True
esp32_device_001,2026-04-29T09:28:10+12:00,63.1,-36.622645,174.719974,1,True
esp32_device_001,2026-04-29T09:28:11+12:00,62.2,-36.622472,174.719856,1,True
esp32_device_001,2026-04-29T09:28:12+12:00,61.3,-36.622429,174.719788,1,False
esp32_device_001,2026-04-29T09:28:13+12:00,60.6,-36.622316,174.719727,1,True
esp32_device_001,2026-04-29T09:28:14+12:00,59.9,-36.622205,174.719602,1,True
esp32_device_001,2026-04-29T09:28:15+12:00,59.1,-36.622098,174.719468,1,True
esp32_device_001,2026-04-29T09:28:16+12:00,58.4,-36.622020,174.719349,1,True
esp32_device_001,2026-04-29T09:28:17+12:00,57.7,-36.621983,174.719269,1,False
esp32_device_001,2026-04-29T09:28:18.250000+12:00,57.0,-36.621889,174.719111,1,True
esp32_device_001,2026-04-29T09:28:19.500000+12:00,56.2,-36.621741,174.718848,1,True
esp32_device_001,2026-04-29T09:28:20.750000+12:00,55.5,-36.621711,174.718794,1,True
esp32_device_001,2026-04-29T09:28:22+12:00,54.7,-36.621609,174.718597,1,False
esp32_device_001,2026-04-29T09:28:23.666667+12:00,52.6,-36.621381,174.718171,1,True
esp32_device_001,2026-04-29T09:28:25.333333+12:00,50.5,-36.621220,174.717905,1,True
esp32_device_001,2026-04-29T09:28:27+12:00,48.4,-36.621193,174.717834,1,False
esp32_device_001,2026-04-29T09:28:27.625000+12:00,48.4,-36.621158,174.717815,1,True
esp32_device_001,2026-04-29T09:28:28.250000+12:00,48.3,-36.621097,174.717723,1,True
esp32_device_001,2026-04-29T09:28:28.875000+12:00,48.3,-36.621042,174.717661,1,True
esp32_device_001,2026-04-29T09:28:29.500000+12:00,48.2,-36.620980,174.717600,1,True
esp32_device_001,2026-04-29T09:28:30.125000+12:00,48.2,-36.620858,174.717482,1,True
esp32_device_001,2026-04-29T09:28:30.750000+12:00,48.2,-36.620733,174.717374,1,True
esp32_device_001,2026-04-29T09:28:31.375000+12:00,48.1,-36.620642,174.717310,1,True
esp32_device_001,2026-04-29T09:28:32+12:00,48.1,-36.620598,174.717255,1,False
esp32_device_001,2026-04-29T09:28:34.500000+12:00,49.2,-36.620550,174.717250,1,True
esp32_device_001,2026-04-29T09:28:37+12:00,50.4,-36.619965,174.716934,1,False
esp32_device_001,2026-04-29T09:28:38.666667+12:00,50.2,-36.619537,174.716760,1,True
esp32_device_001,2026-04-29T09:28:40.333333+12:00,50.0,-36.619502,174.716736,1,True
esp32_device_001,2026-04-29T09:28:42+12:00,49.8,-36.619415,174.716644,1,False
esp32_device_001,2026-04-29T09:28:43.666667+12:00,50.1,-36.619356,174.716638,1,True
esp32_device_001,2026-04-29T09:28:45.333333+12:00,50.5,-36.619184,174.716495,1,True
esp32_device_001,2026-04-29T09:28:47+12:00,50.8,-36.618927,174.716171,1,False
esp32_device_001,2026-04-29T09:28:48.250000+12:00,50.9,-36.618904,174.716179,1,True
esp32_device_001,2026-04-29T09:28:49.500000+12:00,51.0,-36.618804,174.716033,1,True
esp32_device_001,2026-04-29T09:28:50.750000+12:00,51.0,-36.618700,174.715862,1,True
esp32_device_001,2026-04-29T09:28:52+12:00,51.1,-36.618572,174.715607,1,False
esp32_device_001,2026-04-29T09:28:53.666667+12:00,51.8,-36.618478,174.715468,1,True
esp32_device_001,2026-04-29T09:28:55.333333+12:00,52.5,-36.618328,174.715210,1,True
esp32_device_001,2026-04-29T09:28:57+12:00,53.2,-36.618217,174.715027,1,False
esp32_device_001,2026-04-29T09:28:58.250000+12:00,53.6,-36.618079,174.714872,1,True
esp32_device_001,2026-04-29T09:28:59.500000+12:00,54.0,-36.617952,174.714729,1,True
esp32_device_001,2026-04-29T09:29:00.750000+12:00,54.4,-36.617846,174.714630,1,True
esp32_device_001,2026-04-29T09:29:02+12:00,54.8,-36.617737,174.714508,1,False
esp32_device_001,2026-04-29T09:29:03.250000+12:00,55.7,-36.617592,174.714426,1,True
esp32_device_001,2026-04-29T09:29:04.500000+12:00,56.5,-36.617522,174.714381,1,True
esp32_device_001,2026-04-29T09:29:05.750000+12:00,57.4,-36.617427,174.714325,1,True
esp32_device_001,2026-04-29T09:29:07+12:00,58.3,-36.617245,174.714188,1,False
esp32_device_001,2026-04-29T09:29:09.500000+12:00,58.9,-36.616779,174.713964,1,True
esp32_device_001,2026-04-29T09:29:12+12:00,59.5,-36.616714,174.713898,1,False
esp32_device_001,2026-04-29T09:29:17+12:00,60.1,-36.616165,174.713577,1,False
esp32_device_001,2026-04-29T09:29:18.666667+12:00,60.3,-36.615917,174.713500,1,True
esp32_device_001,2026-04-29T09:29:20.333333+12:00,60.4,-36.615682,174.713390,1,True
esp32_device_001,2026-04-29T09:29:22+12:00,60.6,-36.615604,174.713318,1,False
esp32_device_001,2026-04-29T09:29:23.666667+12:00,60.9,-36.615417,174.713291,1,True
esp32_device_001,2026-04-29T09:29:25.333333+12:00,61.1,-36.615205,174.713235,1,True
esp32_device_001,2026-04-29T09:29:27+12:00,61.4,-36.615101,174.71315,1,False
esp32_device_001,2026-04-29T09:29:28.250000+12:00,61.4,-36.615024,174.713205,1,True
esp32_device_001,2026-04-29T09:29:29.500000+12:00,61.3,-36.614812,174.713186,1,True
esp32_device_001,2026-04-29T09:29:30.750000+12:00,61.2,-36.614714,174.713182,1,True
esp32_device_001,2026-04-29T09:29:32+12:00,61.2,-36.614716,174.71312,1,False
esp32_device_001,2026-04-29T09:29:37+12:00,59.8,-36.614555,174.71312,1,False
esp32_device_001,2026-04-29T09:29:42+12:00,59.9,-36.614513,174.71312,1,False
esp32_device_001,2026-04-29T09:29:47+12:00,51.4,-36.614342,174.71315,1,False
esp32_device_001,2026-04-29T09:29:48.666667+12:00,50.7,-36.614316,174.713193,1,True
esp32_device_001,2026-04-29T09:29:50.333333+12:00,49.9,-36.614072,174.713225,1,True
esp32_device_001,2026-04-29T09:29:52+12:00,49.2,-36.613979,174.713196,1,False
esp32_device_001,2026-04-29T09:29:53+12:00,49.5,-36.613865,174.713268,1,True
esp32_device_001,2026-04-29T09:29:54+12:00,49.8,-36.613845,174.713272,1,True
esp32_device_001,2026-04-29T09:29:55+12:00,50.0,-36.613677,174.713301,1,True
esp32_device_001,2026-04-29T09:29:56+12:00,50.3,-36.613576,174.713317,1,True
esp32_device_001,2026-04-29T09:29:57+12:00,50.6,-36.613552,174.713257,1,False
esp32_device_001,2026-04-29T09:29:58.250000+12:00,50.8,-36.613463,174.713334,1,True
esp32_device_001,2026-04-29T09:29:59.500000+12:00,51.0,-36.613331,174.713345,1,True
esp32_device_001,2026-04-29T09:30:00.750000+12:00,51.2,-36.613207,174.713336,1,True
esp32_device_001,2026-04-29T09:30:02+12:00,51.4,-36.613178,174.713257,1,False
esp32_device_001,2026-04-29T09:30:03+12:00,52.1,-36.613097,174.713312,1,True
esp32_device_001,2026-04-29T09:30:04+12:00,52.8,-36.612993,174.713277,1,True
esp32_device_001,2026-04-29T09:30:05+12:00,53.5,-36.612900,174.713235,1,True
esp32_device_001,2026-04-29T09:30:06+12:00,54.2,-36.612804,174.713180,1,True
esp32_device_001,2026-04-29T09:30:07+12:00,54.9,-36.612797,174.713089,1,False
esp32_device_001,2026-04-29T09:30:08.250000+12:00,56.4,-36.612731,174.713130,1,True
esp32_device_001,2026-04-29T09:30:09.500000+12:00,57.9,-36.612661,174.713075,1,True
esp32_device_001,2026-04-29T09:30:10.750000+12:00,59.4,-36.612567,174.712976,1,True
esp32_device_001,2026-04-29T09:30:12+12:00,60.9,-36.612476,174.712753,1,False
esp32_device_001,2026-04-29T09:30:14.500000+12:00,63.1,-36.612417,174.712766,1,True
esp32_device_001,2026-04-29T09:30:17+12:00,65.3,-36.612179,174.712311,1,False
esp32_device_001,2026-04-29T09:30:19.500000+12:00,67.9,-36.611885,174.711921,1,True
esp32_device_001,2026-04-29T09:30:22+12:00,70.5,-36.611828,174.711792,1,False
esp32_device_001,2026-04-29T09:30:27+12:00,74.3,-36.611462,174.711227,1,False
esp32_device_001,2026-04-29T09:30:28.666667+12:00,75.1,-36.611162,174.710841,1,True
esp32_device_001,2026-04-29T09:30:30.333333+12:00,75.8,-36.611108,174.710736,1,True
esp32_device_001,2026-04-29T09:30:32+12:00,76.6,-36.611115,174.710693,1,False
esp32_device_001,2026-04-29T09:30:32.714286+12:00,76.4,-36.611065,174.710624,1,True
esp32_device_001,2026-04-29T09:30:33.428571+12:00,76.3,-36.611032,174.710507,1,True
esp32_device_001,2026-04-29T09:30:34.142857+12:00,76.1,-36.611012,174.710397,1,True
esp32_device_001,2026-04-29T09:30:34.857143+12:00,76.0,-36.610998,174.710286,1,True
esp32_device_001,2026-04-29T09:30:35.571429+12:00,75.8,-36.610995,174.710182,1,True
esp32_device_001,2026-04-29T09:30:36.285714+12:00,75.7,-36.611003,174.710078,1,True
esp32_device_001,2026-04-29T09:30:37+12:00,75.5,-36.611042,174.710007,1,False
esp32_device_001,2026-04-29T09:30:38.666667+12:00,73.1,-36.611018,174.709977,1,True
esp32_device_001,2026-04-29T09:30:40.333333+12:00,70.7,-36.611056,174.709764,1,True
esp32_device_001,2026-04-29T09:30:42+12:00,68.3,-36.611195,174.709274,1,False
esp32_device_001,2026-04-29T09:30:43+12:00,66.8,-36.611178,174.709198,1,True
esp32_device_001,2026-04-29T09:30:44+12:00,65.3,-36.611262,174.708807,1,True
esp32_device_001,2026-04-29T09:30:45+12:00,63.7,-36.611301,174.708629,1,True
esp32_device_001,2026-04-29T09:30:46+12:00,62.2,-36.611323,174.708528,1,True
esp32_device_001,2026-04-29T09:30:47+12:00,60.7,-36.61137,174.708466,1,False
esp32_device_001,2026-04-29T09:30:49.500000+12:00,57.4,-36.611504,174.707688,1,True
esp32_device_001,2026-04-29T09:30:52+12:00,54,-36.611557,174.707626,1,False
esp32_device_001,2026-04-29T09:30:52.833333+12:00,53.4,-36.611551,174.707450,1,True
esp32_device_001,2026-04-29T09:30:53.666667+12:00,52.7,-36.611563,174.707333,1,True
esp32_device_001,2026-04-29T09:30:54.500000+12:00,52.0,-36.611569,174.707232,1,True
esp32_device_001,2026-04-29T09:30:55.333333+12:00,51.4,-36.611566,174.706984,1,True
esp32_device_001,2026-04-29T09:30:56.166667+12:00,50.8,-36.611523,174.706775,1,True
esp32_device_001,2026-04-29T09:30:57+12:00,50.1,-36.611538,174.706757,1,False
esp32_device_001,2026-04-29T09:30:58+12:00,50.0,-36.611496,174.706673,1,True
esp32_device_001,2026-04-29T09:30:59+12:00,49.9,-36.611454,174.706561,1,True
esp32_device_001,2026-04-29T09:31:00+12:00,49.8,-36.611385,174.706409,1,True
esp32_device_001,2026-04-29T09:31:01+12:00,49.7,-36.611256,174.706179,1,True
esp32_device_001,2026-04-29T09:31:02+12:00,49.6,-36.611168,174.706009,1,False
esp32_device_001,2026-04-29T09:31:02.833333+12:00,49.4,-36.611132,174.705994,1,True
esp32_device_001,2026-04-29T09:31:03.666667+12:00,49.3,-36.610967,174.705726,1,True
esp32_device_001,2026-04-29T09:31:04.500000+12:00,49.1,-36.610876,174.705580,1,True
esp32_device_001,2026-04-29T09:31:05.333333+12:00,48.9,-36.610838,174.705502,1,True
esp32_device_001,2026-04-29T09:31:06.166667+12:00,48.8,-36.610783,174.705385,1,True
esp32_device_001,2026-04-29T09:31:07+12:00,48.6,-36.610775,174.705307,1,False
esp32_device_001,2026-04-29T09:31:09.500000+12:00,47.6,-36.610695,174.705137,1,True
esp32_device_001,2026-04-29T09:31:12+12:00,46.6,-36.610531,174.704529,1,False
esp32_device_001,2026-04-29T09:31:13+12:00,46.3,-36.610461,174.704336,1,True
esp32_device_001,2026-04-29T09:31:14+12:00,46.0,-36.610407,174.704125,1,True
esp32_device_001,2026-04-29T09:31:15+12:00,45.8,-36.610380,174.703930,1,True
esp32_device_001,2026-04-29T09:31:16+12:00,45.5,-36.610369,174.703761,1,True
esp32_device_001,2026-04-29T09:31:17+12:00,45.2,-36.610413,174.703735,1,False
esp32_device_001,2026-04-29T09:31:17.833333+12:00,45.0,-36.610377,174.703657,1,True
esp32_device_001,2026-04-29T09:31:18.666667+12:00,44.8,-36.610393,174.703523,1,True
esp32_device_001,2026-04-29T09:31:19.500000+12:00,44.5,-36.610417,174.703404,1,True
esp32_device_001,2026-04-29T09:31:20.333333+12:00,44.3,-36.610455,174.703246,1,True
esp32_device_001,2026-04-29T09:31:21.166667+12:00,44.1,-36.610513,174.703087,1,True
esp32_device_001,2026-04-29T09:31:22+12:00,43.9,-36.610596,174.702957,1,False
esp32_device_001,2026-04-29T09:31:23.666667+12:00,42.8,-36.610772,174.702399,1,True
esp32_device_001,2026-04-29T09:31:25.333333+12:00,41.8,-36.610844,174.702209,1,True
esp32_device_001,2026-04-29T09:31:27+12:00,40.7,-36.610889,174.702209,1,False
esp32_device_001,2026-04-29T09:31:27.625000+12:00,40.2,-36.610918,174.702013,1,True
esp32_device_001,2026-04-29T09:31:28.250000+12:00,39.7,-36.610930,174.701977,1,True
esp32_device_001,2026-04-29T09:31:28.875000+12:00,39.2,-36.610954,174.701903,1,True
esp32_device_001,2026-04-29T09:31:29.500000+12:00,38.7,-36.610983,174.701816,1,True
esp32_device_001,2026-04-29T09:31:30.125000+12:00,38.2,-36.611028,174.701684,1,True
esp32_device_001,2026-04-29T09:31:30.750000+12:00,37.7,-36.611072,174.701515,1,True
esp32_device_001,2026-04-29T09:31:31.375000+12:00,37.2,-36.611104,174.701371,1,True
esp32_device_001,2026-04-29T09:31:32+12:00,36.7,-36.611137,174.70137,1,False
esp32_device_001,2026-04-29T09:31:33.666667+12:00,36.5,-36.611143,174.701186,1,True
esp32_device_001,2026-04-29T09:31:35.333333+12:00,36.2,-36.611177,174.700986,1,True
esp32_device_001,2026-04-29T09:31:37+12:00,36,-36.611279,174.700516,1,False
esp32_device_001,2026-04-29T09:31:39.500000+12:00,35.8,-36.611261,174.700444,1,True
esp32_device_001,2026-04-29T09:31:42+12:00,35.5,-36.611393,174.699783,1,False
esp32_device_001,2026-04-29T09:31:44.500000+12:00,34.0,-36.611414,174.699424,1,True
esp32_device_001,2026-04-29T09:31:47+12:00,32.6,-36.6115,174.699051,1,False
esp32_device_001,2026-04-29T09:31:52+12:00,27.6,-36.611618,174.698242,1,False
esp32_device_001,2026-04-29T09:31:54.500000+12:00,26.0,-36.611681,174.697836,1,True
esp32_device_001,2026-04-29T09:31:57+12:00,24.3,-36.611755,174.697433,1,False
esp32_device_001,2026-04-29T09:31:59.500000+12:00,24.6,-36.611802,174.697124,1,True
esp32_device_001,2026-04-29T09:32:02+12:00,24.9,-36.611893,174.696671,1,False
esp32_device_001,2026-04-29T09:32:03.666667+12:00,25.9,-36.611904,174.696568,1,True
esp32_device_001,2026-04-29T09:32:05.333333+12:00,27.0,-36.611927,174.696452,1,True
esp32_device_001,2026-04-29T09:32:07+12:00,28,-36.612026,174.695969,1,False
esp32_device_001,2026-04-29T09:32:09.500000+12:00,28.9,-36.612110,174.695512,1,True
esp32_device_001,2026-04-29T09:32:12+12:00,29.8,-36.612167,174.695236,1,False
esp32_device_001,2026-04-29T09:32:14.500000+12:00,29.4,-36.612258,174.694747,1,True
esp32_device_001,2026-04-29T09:32:17+12:00,28.9,-36.612335,174.694489,1,False
esp32_device_001,2026-04-29T09:32:18.250000+12:00,28.6,-36.612349,174.694401,1,True
esp32_device_001,2026-04-29T09:32:19.500000+12:00,28.4,-36.612466,174.693951,1,True
esp32_device_001,2026-04-29T09:32:20.750000+12:00,28.1,-36.612511,174.693781,1,True
esp32_device_001,2026-04-29T09:32:22+12:00,27.8,-36.612541,174.693741,1,False
esp32_device_001,2026-04-29T09:32:27+12:00,28.9,-36.61274,174.693039,1,False
esp32_device_001,2026-04-29T09:32:28.666667+12:00,30.1,-36.612859,174.692530,1,True
esp32_device_001,2026-04-29T09:32:30.333333+12:00,31.2,-36.612892,174.692403,1,True
esp32_device_001,2026-04-29T09:32:32+12:00,32.4,-36.612926,174.692352,1,False
esp32_device_001,2026-04-29T09:32:33.250000+12:00,33.8,-36.612976,174.692123,1,True
esp32_device_001,2026-04-29T09:32:34.500000+12:00,35.2,-36.613039,174.691939,1,True
esp32_device_001,2026-04-29T09:32:35.750000+12:00,36.7,-36.613111,174.691759,1,True
esp32_device_001,2026-04-29T09:32:37+12:00,38.1,-36.613152,174.691727,1,False
esp32_device_001,2026-04-29T09:32:38.250000+12:00,39.3,-36.613201,174.691576,1,True
esp32_device_001,2026-04-29T09:32:39.500000+12:00,40.5,-36.613323,174.691353,1,True
esp32_device_001,2026-04-29T09:32:40.750000+12:00,41.6,-36.613442,174.691149,1,True
esp32_device_001,2026-04-29T09:32:42+12:00,42.8,-36.61348,174.691147,1,False
esp32_device_001,2026-04-29T09:32:43+12:00,43.5,-36.613543,174.690982,1,True
esp32_device_001,2026-04-29T09:32:44+12:00,44.2,-36.613630,174.690817,1,True
esp32_device_001,2026-04-29T09:32:45+12:00,44.8,-36.613718,174.690637,1,True
esp32_device_001,2026-04-29T09:32:46+12:00,45.5,-36.613767,174.690512,1,True
esp32_device_001,2026-04-29T09:32:47+12:00,46.2,-36.6138,174.690491,1,False
esp32_device_001,2026-04-29T09:32:48+12:00,46.4,-36.613813,174.690382,1,True
esp32_device_001,2026-04-29T09:32:49+12:00,46.5,-36.613867,174.690187,1,True
esp32_device_001,2026-04-29T09:32:50+12:00,46.7,-36.613902,174.689968,1,True
esp32_device_001,2026-04-29T09:32:51+12:00,46.8,-36.613919,174.689746,1,True
esp32_device_001,2026-04-29T09:32:52+12:00,47,-36.613934,174.689636,1,False
esp32_device_001,2026-04-29T09:32:52.833333+12:00,47.4,-36.613921,174.689568,1,True
esp32_device_001,2026-04-29T09:32:53.666667+12:00,47.8,-36.613910,174.689388,1,True
esp32_device_001,2026-04-29T09:32:54.500000+12:00,48.2,-36.613904,174.689269,1,True
esp32_device_001,2026-04-29T09:32:55.333333+12:00,48.6,-36.613880,174.689063,1,True
esp32_device_001,2026-04-29T09:32:56.166667+12:00,49.0,-36.613849,174.688854,1,True
esp32_device_001,2026-04-29T09:32:57+12:00,49.4,-36.613834,174.688736,1,False
esp32_device_001,2026-04-29T09:32:58.666667+12:00,50.8,-36.613779,174.688406,1,True
esp32_device_001,2026-04-29T09:33:00.333333+12:00,52.2,-36.613736,174.688139,1,True
esp32_device_001,2026-04-29T09:33:02+12:00,53.6,-36.613701,174.687943,1,False
esp32_device_001,2026-04-29T09:33:03+12:00,54.4,-36.613682,174.687807,1,True
esp32_device_001,2026-04-29T09:33:04+12:00,55.3,-36.613673,174.687707,1,True
esp32_device_001,2026-04-29T09:33:05+12:00,56.1,-36.613661,174.687576,1,True
esp32_device_001,2026-04-29T09:33:06+12:00,57.0,-36.613660,174.687347,1,True
esp32_device_001,2026-04-29T09:33:07+12:00,57.8,-36.613655,174.687195,1,False
esp32_device_001,2026-04-29T09:33:08+12:00,57.4,-36.613658,174.687117,1,True
esp32_device_001,2026-04-29T09:33:09+12:00,57.1,-36.613679,174.686742,1,True
esp32_device_001,2026-04-29T09:33:10+12:00,56.7,-36.613683,174.686689,1,True
esp32_device_001,2026-04-29T09:33:11+12:00,56.4,-36.613712,174.686435,1,True
esp32_device_001,2026-04-29T09:33:12+12:00,56,-36.613705,174.686386,1,False
esp32_device_001,2026-04-29T09:33:13.250000+12:00,54.8,-36.613725,174.686265,1,True
esp32_device_001,2026-04-29T09:33:14.500000+12:00,53.6,-36.613748,174.686157,1,True
esp32_device_001,2026-04-29T09:33:15.750000+12:00,52.4,-36.613758,174.685739,1,True
esp32_device_001,2026-04-29T09:33:17+12:00,51.2,-36.61375,174.685501,1,False
esp32_device_001,2026-04-29T09:33:17.833333+12:00,50.9,-36.613782,174.685486,1,True
esp32_device_001,2026-04-29T09:33:18.666667+12:00,50.6,-36.613809,174.685304,1,True
esp32_device_001,2026-04-29T09:33:19.500000+12:00,50.2,-36.613831,174.685200,1,True
esp32_device_001,2026-04-29T09:33:20.333333+12:00,49.9,-36.613865,174.685062,1,True
esp32_device_001,2026-04-29T09:33:21.166667+12:00,49.6,-36.613945,174.684841,1,True
esp32_device_001,2026-04-29T09:33:22+12:00,49.3,-36.614021,174.684662,1,False
esp32_device_001,2026-04-29T09:33:23.666667+12:00,49.3,-36.614167,174.684346,1,True
esp32_device_001,2026-04-29T09:33:25.333333+12:00,49.2,-36.614206,174.684276,1,True
esp32_device_001,2026-04-29T09:33:27+12:00,49.2,-36.614422,174.683929,1,False
esp32_device_001,2026-04-29T09:33:29.500000+12:00,49.0,-36.614683,174.683432,1,True
esp32_device_001,2026-04-29T09:33:32+12:00,48.9,-36.614838,174.683212,1,False
esp32_device_001,2026-04-29T09:33:34.500000+12:00,48.8,-36.614866,174.683135,1,True
esp32_device_001,2026-04-29T09:33:37+12:00,48.6,-36.615265,174.682526,1,False
esp32_device_001,2026-04-29T09:33:39.500000+12:00,48.4,-36.615371,174.682311,1,True
esp32_device_001,2026-04-29T09:33:42+12:00,48.2,-36.615692,174.681854,1,False
esp32_device_001,2026-04-29T09:33:43.666667+12:00,47.5,-36.615870,174.681498,1,True
esp32_device_001,2026-04-29T09:33:45.333333+12:00,46.7,-36.615913,174.681413,1,True
esp32_device_001,2026-04-29T09:33:47+12:00,46,-36.616055,174.681122,1,False
esp32_device_001,2026-04-29T09:33:48.250000+12:00,45.1,-36.616128,174.680906,1,True
esp32_device_001,2026-04-29T09:33:49.500000+12:00,44.2,-36.616210,174.680715,1,True
esp32_device_001,2026-04-29T09:33:50.750000+12:00,43.4,-36.616324,174.680474,1,True
esp32_device_001,2026-04-29T09:33:52+12:00,42.5,-36.61639,174.680405,1,False
esp32_device_001,2026-04-29T09:33:53.250000+12:00,41.3,-36.616415,174.680303,1,True
esp32_device_001,2026-04-29T09:33:54.500000+12:00,40.1,-36.616617,174.679965,1,True
esp32_device_001,2026-04-29T09:33:55.750000+12:00,39.0,-36.616732,174.679797,1,True
esp32_device_001,2026-04-29T09:33:57+12:00,37.8,-36.616795,174.679718,1,False
esp32_device_001,2026-04-29T09:33:58.666667+12:00,35.4,-36.616854,174.679597,1,True
esp32_device_001,2026-04-29T09:34:00.333333+12:00,33.1,-36.617107,174.679246,1,True
esp32_device_001,2026-04-29T09:34:02+12:00,30.7,-36.617256,174.679077,1,False
esp32_device_001,2026-04-29T09:34:04.500000+12:00,26.9,-36.617339,174.678976,1,True
esp32_device_001,2026-04-29T09:34:07+12:00,23,-36.617783,174.678482,1,False
esp32_device_001,2026-04-29T09:34:09.500000+12:00,19.6,-36.618191,174.677996,1,True
esp32_device_001,2026-04-29T09:34:12+12:00,16.3,-36.618328,174.677872,1,False
esp32_device_001,2026-04-29T09:34:13.666667+12:00,15.4,-36.618618,174.677519,1,True
esp32_device_001,2026-04-29T09:34:15.333333+12:00,14.5,-36.618731,174.677381,1,True
esp32_device_001,2026-04-29T09:34:17+12:00,13.6,-36.618866,174.677231,1,False
esp32_device_001,2026-04-29T09:34:18.666667+12:00,13.3,-36.619006,174.676980,1,True
esp32_device_001,2026-04-29T09:34:20.333333+12:00,12.9,-36.619201,174.676662,1,True
esp32_device_001,2026-04-29T09:34:22+12:00,12.6,-36.619324,174.676559,1,False
esp32_device_001,2026-04-29T09:34:23.666667+12:00,12.6,-36.619313,174.676509,1,True
esp32_device_001,2026-04-29T09:34:25.333333+12:00,12.5,-36.619434,174.676321,1,True
esp32_device_001,2026-04-29T09:34:27+12:00,12.5,-36.619766,174.675888,1,False
esp32_device_001,2026-04-29T09:34:28.250000+12:00,13.4,-36.619888,174.675646,1,True
esp32_device_001,2026-04-29T09:34:29.500000+12:00,14.2,-36.619972,174.675518,1,True
esp32_device_001,2026-04-29T09:34:30.750000+12:00,15.1,-36.620115,174.675289,1,True
esp32_device_001,2026-04-29T09:34:32+12:00,16,-36.620235,174.675201,1,False
esp32_device_001,2026-04-29T09:34:34.500000+12:00,18.4,-36.620383,174.674862,1,True
esp32_device_001,2026-04-29T09:34:37+12:00,20.7,-36.620594,174.674606,1,False
esp32_device_001,2026-04-29T09:34:39.500000+12:00,21.4,-36.620648,174.674392,1,True
esp32_device_001,2026-04-29T09:34:42+12:00,22.1,-36.620804,174.674164,1,False
esp32_device_001,2026-04-29T09:34:44.500000+12:00,22.2,-36.620829,174.673991,1,True
esp32_device_001,2026-04-29T09:34:47+12:00,22.4,-36.620991,174.673721,1,False
esp32_device_001,2026-04-29T09:34:48.666667+12:00,22.6,-36.620971,174.673612,1,True
esp32_device_001,2026-04-29T09:34:50.333333+12:00,22.7,-36.621048,174.673392,1,True
esp32_device_001,2026-04-29T09:34:52+12:00,22.9,-36.621185,174.673218,1,False
esp32_device_001,2026-04-29T09:34:54.500000+12:00,23.0,-36.621234,174.672861,1,True
esp32_device_001,2026-04-29T09:34:57+12:00,23.2,-36.621372,174.672684,1,False
esp32_device_001,2026-04-29T09:35:02+12:00,22.9,-36.62151,174.672272,1,False
esp32_device_001,2026-04-29T09:35:03.346154+12:00,23.0,-36.621541,174.672204,1,True
esp32_device_001,2026-04-29T09:35:04.692308+12:00,23.1,-36.621591,174.672104,1,True
esp32_device_001,2026-04-29T09:35:06.038462+12:00,23.2,-36.621626,174.672009,1,True
esp32_device_001,2026-04-29T09:35:07.384615+12:00,23.3,-36.621673,174.671929,1,True
esp32_device_001,2026-04-29T09:35:08.730769+12:00,23.4,-36.621705,174.671890,1,True
esp32_device_001,2026-04-29T09:35:10.076923+12:00,23.5,-36.621804,174.671838,1,True
esp32_device_001,2026-04-29T09:35:11.423077+12:00,23.6,-36.622386,174.671942,1,True
esp32_device_001,2026-04-29T09:35:12.769231+12:00,23.7,-36.622552,174.671979,1,True
esp32_device_001,2026-04-29T09:35:14.115385+12:00,23.8,-36.622698,174.672014,1,True
esp32_device_001,2026-04-29T09:35:15.461538+12:00,23.9,-36.622908,174.672079,1,True
esp32_device_001,2026-04-29T09:35:16.807692+12:00,24.0,-36.623137,174.672190,1,True
esp32_device_001,2026-04-29T09:35:18.153846+12:00,24.1,-36.623468,174.672351,1,True
esp32_device_001,2026-04-29T09:35:19.500000+12:00,24.2,-36.623669,174.672453,1,True
esp32_device_001,2026-04-29T09:35:20.846154+12:00,24.3,-36.623850,174.672528,1,True
esp32_device_001,2026-04-29T09:35:22.192308+12:00,24.4,-36.623972,174.672565,1,True
esp32_device_001,2026-04-29T09:35:23.538462+12:00,24.5,-36.624103,174.672591,1,True
esp32_device_001,2026-04-29T09:35:24.884615+12:00,24.6,-36.624362,174.672610,1,True
esp32_device_001,2026-04-29T09:35:26.230769+12:00,24.7,-36.624632,174.672617,1,True
esp32_device_001,2026-04-29T09:35:27.576923+12:00,24.8,-36.624649,174.672617,1,True
esp32_device_001,2026-04-29T09:35:28.923077+12:00,24.9,-36.624783,174.672620,1,True
esp32_device_001,2026-04-29T09:35:30.269231+12:00,25.0,-36.624777,174.672811,1,True
esp32_device_001,2026-04-29T09:35:31.615385+12:00,25.1,-36.624763,174.673250,1,True
esp32_device_001,2026-04-29T09:35:32.961538+12:00,25.2,-36.624646,174.673270,1,True
esp32_device_001,2026-04-29T09:35:34.307692+12:00,25.3,-36.624626,174.673274,1,True
esp32_device_001,2026-04-29T09:35:35.653846+12:00,25.4,-36.624526,174.673328,1,True
esp32_device_001,2026-04-29T09:35:37+12:00,25.5,-36.624460,174.673432,1,True
esp32_device_001,2026-04-29T09:35:38.346154+12:00,25.7,-36.624556,174.673377,1,True
esp32_device_001,2026-04-29T09:35:39.692308+12:00,25.8,-36.624627,174.673362,1,True
esp32_device_001,2026-04-29T09:35:41.038462+12:00,25.9,-36.624656,174.673360,1,True
esp32_device_001,2026-04-29T09:35:42.384615+12:00,26.0,-36.624683,174.673359,1,True
esp32_device_001,2026-04-29T09:35:43.730769+12:00,26.1,-36.624761,174.673354,1,True
esp32_device_001,2026-04-29T09:35:45.076923+12:00,26.2,-36.624763,174.673250,1,True
esp32_device_001,2026-04-29T09:35:46.423077+12:00,26.3,-36.624777,174.672811,1,True
esp32_device_001,2026-04-29T09:35:47.769231+12:00,26.4,-36.624783,174.672620,1,True
esp32_device_001,2026-04-29T09:35:49.115385+12:00,26.5,-36.624649,174.672617,1,True
esp32_device_001,2026-04-29T09:35:50.461538+12:00,26.6,-36.624632,174.672617,1,True
esp32_device_001,2026-04-29T09:35:51.807692+12:00,26.7,-36.624362,174.672610,1,True
esp32_device_001,2026-04-29T09:35:53.153846+12:00,26.8,-36.624103,174.672591,1,True
esp32_device_001,2026-04-29T09:35:54.500000+12:00,26.9,-36.623972,174.672565,1,True
esp32_device_001,2026-04-29T09:35:55.846154+12:00,27.0,-36.623850,174.672528,1,True
esp32_device_001,2026-04-29T09:35:57.192308+12:00,27.1,-36.623669,174.672453,1,True
esp32_device_001,2026-04-29T09:35:58.538462+12:00,27.2,-36.623468,174.672351,1,True
esp32_device_001,2026-04-29T09:35:59.884615+12:00,27.3,-36.623137,174.672190,1,True
esp32_device_001,2026-04-29T09:36:01.230769+12:00,27.4,-36.622908,174.672079,1,True
esp32_device_001,2026-04-29T09:36:02.576923+12:00,27.5,-36.622733,174.671965,1,True
esp32_device_001,2026-04-29T09:36:03.923077+12:00,27.6,-36.622658,174.671925,1,True
esp32_device_001,2026-04-29T09:36:05.269231+12:00,27.7,-36.622583,174.671893,1,True
esp32_device_001,2026-04-29T09:36:06.615385+12:00,27.8,-36.622446,174.671852,1,True
esp32_device_001,2026-04-29T09:36:07.961538+12:00,27.9,-36.621954,174.671762,1,True
esp32_device_001,2026-04-29T09:36:09.307692+12:00,28.0,-36.621780,174.671730,1,True
esp32_device_001,2026-04-29T09:36:10.653846+12:00,28.1,-36.621697,174.671717,1,True
esp32_device_001,2026-04-29T09:36:12+12:00,28.2,-36.621647,174.671738,1,False
esp32_device_001,2026-04-29T09:36:13.250000+12:00,27.6,-36.621590,174.671699,1,True
esp32_device_001,2026-04-29T09:36:14.500000+12:00,27.0,-36.621614,174.671618,1,True
esp32_device_001,2026-04-29T09:36:15.750000+12:00,26.5,-36.621671,174.671432,1,True
esp32_device_001,2026-04-29T09:36:17+12:00,25.9,-36.621819,174.671112,1,False
esp32_device_001,2026-04-29T09:36:18.666667+12:00,25.0,-36.621808,174.670904,1,True
esp32_device_001,2026-04-29T09:36:20.333333+12:00,24.2,-36.621953,174.670524,1,True
esp32_device_001,2026-04-29T09:36:22+12:00,23.3,-36.622044,174.670319,1,False
esp32_device_001,2026-04-29T09:36:22.094340+12:00,23.3,-36.622162,174.670201,1,True
esp32_device_001,2026-04-29T09:36:22.188679+12:00,23.3,-36.622218,174.670146,1,True
esp32_device_001,2026-04-29T09:36:22.283019+12:00,23.2,-36.622334,174.670102,1,True
esp32_device_001,2026-04-29T09:36:22.377358+12:00,23.2,-36.622374,174.670124,1,True
esp32_device_001,2026-04-29T09:36:22.471698+12:00,23.2,-36.622446,174.670126,1,True
esp32_device_001,2026-04-29T09:36:22.566038+12:00,23.2,-36.622483,174.670142,1,True
esp32_device_001,2026-04-29T09:36:22.660377+12:00,23.1,-36.622535,174.670159,1,True
esp32_device_001,2026-04-29T09:36:22.754717+12:00,23.1,-36.622557,174.670164,1,True
esp32_device_001,2026-04-29T09:36:22.849057+12:00,23.1,-36.622578,174.670161,1,True
esp32_device_001,2026-04-29T09:36:22.943396+12:00,23.1,-36.622618,174.670153,1,True
esp32_device_001,2026-04-29T09:36:23.037736+12:00,23.0,-36.622729,174.670125,1,True
esp32_device_001,2026-04-29T09:36:23.132075+12:00,23.0,-36.622783,174.670110,1,True
esp32_device_001,2026-04-29T09:36:23.226415+12:00,23.0,-36.622838,174.670095,1,True
esp32_device_001,2026-04-29T09:36:23.320755+12:00,23.0,-36.622896,174.670091,1,True
esp32_device_001,2026-04-29T09:36:23.415094+12:00,22.9,-36.622937,174.670091,1,True
esp32_device_001,2026-04-29T09:36:23.509434+12:00,22.9,-36.623124,174.670124,1,True
esp32_device_001,2026-04-29T09:36:23.603774+12:00,22.9,-36.623190,174.670158,1,True
esp32_device_001,2026-04-29T09:36:23.698113+12:00,22.9,-36.623225,174.670185,1,True
esp32_device_001,2026-04-29T09:36:23.792453+12:00,22.8,-36.623256,174.670220,1,True
esp32_device_001,2026-04-29T09:36:23.886792+12:00,22.8,-36.623282,174.670267,1,True
esp32_device_001,2026-04-29T09:36:23.981132+12:00,22.8,-36.623297,174.670303,1,True
esp32_device_001,2026-04-29T09:36:24.075472+12:00,22.8,-36.623304,174.670363,1,True
esp32_device_001,2026-04-29T09:36:24.169811+12:00,22.7,-36.623342,174.671009,1,True
esp32_device_001,2026-04-29T09:36:24.264151+12:00,22.7,-36.623356,174.671245,1,True
esp32_device_001,2026-04-29T09:36:24.358491+12:00,22.7,-36.623353,174.671381,1,True
esp32_device_001,2026-04-29T09:36:24.452830+12:00,22.7,-36.623327,174.671617,1,True
esp32_device_001,2026-04-29T09:36:24.547170+12:00,22.6,-36.623316,174.671723,1,True
esp32_device_001,2026-04-29T09:36:24.641509+12:00,22.6,-36.623279,174.671882,1,True
esp32_device_001,2026-04-29T09:36:24.735849+12:00,22.6,-36.623274,174.671962,1,True
esp32_device_001,2026-04-29T09:36:24.830189+12:00,22.6,-36.623268,174.672018,1,True
esp32_device_001,2026-04-29T09:36:24.924528+12:00,22.5,-36.623260,174.672046,1,True
esp32_device_001,2026-04-29T09:36:25.018868+12:00,22.5,-36.623248,174.672073,1,True
esp32_device_001,2026-04-29T09:36:25.113208+12:00,22.5,-36.623232,174.672093,1,True
esp32_device_001,2026-04-29T09:36:25.207547+12:00,22.5,-36.623208,174.672117,1,True
esp32_device_001,2026-04-29T09:36:25.301887+12:00,22.4,-36.623137,174.672190,1,True
esp32_device_001,2026-04-29T09:36:25.396226+12:00,22.4,-36.622908,174.672079,1,True
esp32_device_001,2026-04-29T09:36:25.490566+12:00,22.4,-36.622733,174.671965,1,True
esp32_device_001,2026-04-29T09:36:25.584906+12:00,22.4,-36.622658,174.671925,1,True
esp32_device_001,2026-04-29T09:36:25.679245+12:00,22.3,-36.622583,174.671893,1,True
esp32_device_001,2026-04-29T09:36:25.773585+12:00,22.3,-36.622446,174.671852,1,True
esp32_device_001,2026-04-29T09:36:25.867925+12:00,22.3,-36.621954,174.671762,1,True
esp32_device_001,2026-04-29T09:36:25.962264+12:00,22.3,-36.621812,174.671675,1,True
esp32_device_001,2026-04-29T09:36:26.056604+12:00,22.2,-36.621767,174.671624,1,True
esp32_device_001,2026-04-29T09:36:26.150943+12:00,22.2,-36.621726,174.671572,1,True
esp32_device_001,2026-04-29T09:36:26.245283+12:00,22.2,-36.621698,174.671530,1,True
esp32_device_001,2026-04-29T09:36:26.339623+12:00,22.2,-36.621687,174.671499,1,True
esp32_device_001,2026-04-29T09:36:26.433962+12:00,22.1,-36.621671,174.671432,1,True
esp32_device_001,2026-04-29T09:36:26.528302+12:00,22.1,-36.621808,174.670904,1,True
esp32_device_001,2026-04-29T09:36:26.622642+12:00,22.1,-36.621930,174.670321,1,True
esp32_device_001,2026-04-29T09:36:26.716981+12:00,22.1,-36.622055,174.669950,1,True
esp32_device_001,2026-04-29T09:36:26.811321+12:00,22.0,-36.622078,174.669892,1,True
esp32_device_001,2026-04-29T09:36:26.905660+12:00,22.0,-36.622225,174.669532,1,True
esp32_device_001,2026-04-29T09:36:27+12:00,22,-36.622318,174.66951,1,False
esp32_device_001,2026-04-29T09:36:28.250000+12:00,22.0,-36.622285,174.669394,1,True
esp32_device_001,2026-04-29T09:36:29.500000+12:00,21.9,-36.622345,174.669255,1,True
esp32_device_001,2026-04-29T09:36:30.750000+12:00,21.9,-36.622408,174.669115,1,True
esp32_device_001,2026-04-29T09:36:32+12:00,21.9,-36.622646,174.668777,1,False
esp32_device_001,2026-04-29T09:36:32.833333+12:00,21.9,-36.622614,174.668705,1,True
esp32_device_001,2026-04-29T09:36:33.666667+12:00,21.8,-36.622673,174.668589,1,True
esp32_device_001,2026-04-29T09:36:34.500000+12:00,21.8,-36.622776,174.668391,1,True
esp32_device_001,2026-04-29T09:36:35.333333+12:00,21.8,-36.622936,174.668086,1,True
esp32_device_001,2026-04-29T09:36:36.166667+12:00,21.7,-36.622955,174.668052,1,True
esp32_device_001,2026-04-29T09:36:37+12:00,21.7,-36.623016,174.668091,1,False
esp32_device_001,2026-04-29T09:36:37.100000+12:00,21.7,-36.623150,174.667896,1,True
esp32_device_001,2026-04-29T09:36:37.200000+12:00,21.7,-36.623342,174.667575,1,True
esp32_device_001,2026-04-29T09:36:37.300000+12:00,21.7,-36.623404,174.667508,1,True
esp32_device_001,2026-04-29T09:36:37.400000+12:00,21.7,-36.623452,174.667456,1,True
esp32_device_001,2026-04-29T09:36:37.500000+12:00,21.6,-36.623533,174.667405,1,True
esp32_device_001,2026-04-29T09:36:37.600000+12:00,21.6,-36.623704,174.667341,1,True
esp32_device_001,2026-04-29T09:36:37.700000+12:00,21.6,-36.623815,174.667396,1,True
esp32_device_001,2026-04-29T09:36:37.800000+12:00,21.6,-36.623848,174.667413,1,True
esp32_device_001,2026-04-29T09:36:37.900000+12:00,21.6,-36.624059,174.667517,1,True
esp32_device_001,2026-04-29T09:36:38+12:00,21.6,-36.624548,174.667788,1,True
esp32_device_001,2026-04-29T09:36:38.100000+12:00,21.6,-36.624845,174.667946,1,True
esp32_device_001,2026-04-29T09:36:38.200000+12:00,21.6,-36.624943,174.667998,1,True
esp32_device_001,2026-04-29T09:36:38.300000+12:00,21.6,-36.625015,174.668077,1,True
esp32_device_001,2026-04-29T09:36:38.400000+12:00,21.6,-36.625037,174.668099,1,True
esp32_device_001,2026-04-29T09:36:38.500000+12:00,21.6,-36.625080,174.668163,1,True
esp32_device_001,2026-04-29T09:36:38.600000+12:00,21.5,-36.625100,174.668199,1,True
esp32_device_001,2026-04-29T09:36:38.700000+12:00,21.5,-36.625129,174.668225,1,True
esp32_device_001,2026-04-29T09:36:38.800000+12:00,21.5,-36.625158,174.668237,1,True
esp32_device_001,2026-04-29T09:36:38.900000+12:00,21.5,-36.625188,174.668239,1,True
esp32_device_001,2026-04-29T09:36:39+12:00,21.5,-36.625218,174.668230,1,True
esp32_device_001,2026-04-29T09:36:39.100000+12:00,21.5,-36.625245,174.668211,1,True
esp32_device_001,2026-04-29T09:36:39.200000+12:00,21.5,-36.625266,174.668184,1,True
esp32_device_001,2026-04-29T09:36:39.300000+12:00,21.5,-36.625283,174.668143,1,True
esp32_device_001,2026-04-29T09:36:39.400000+12:00,21.5,-36.625288,174.668097,1,True
esp32_device_001,2026-04-29T09:36:39.500000+12:00,21.4,-36.625280,174.668051,1,True
esp32_device_001,2026-04-29T09:36:39.600000+12:00,21.4,-36.625260,174.668011,1,True
esp32_device_001,2026-04-29T09:36:39.700000+12:00,21.4,-36.625230,174.667981,1,True
esp32_device_001,2026-04-29T09:36:39.800000+12:00,21.4,-36.625194,174.667966,1,True
esp32_device_001,2026-04-29T09:36:39.900000+12:00,21.4,-36.625156,174.667968,1,True
esp32_device_001,2026-04-29T09:36:40+12:00,21.4,-36.625135,174.667976,1,True
esp32_device_001,2026-04-29T09:36:40.100000+12:00,21.4,-36.625116,174.667989,1,True
esp32_device_001,2026-04-29T09:36:40.200000+12:00,21.4,-36.625054,174.668003,1,True
esp32_device_001,2026-04-29T09:36:40.300000+12:00,21.4,-36.624943,174.667998,1,True
esp32_device_001,2026-04-29T09:36:40.400000+12:00,21.4,-36.624845,174.667946,1,True
esp32_device_001,2026-04-29T09:36:40.500000+12:00,21.3,-36.624548,174.667788,1,True
esp32_device_001,2026-04-29T09:36:40.600000+12:00,21.3,-36.624059,174.667517,1,True
esp32_device_001,2026-04-29T09:36:40.700000+12:00,21.3,-36.623848,174.667413,1,True
esp32_device_001,2026-04-29T09:36:40.800000+12:00,21.3,-36.623815,174.667396,1,True
esp32_device_001,2026-04-29T09:36:40.900000+12:00,21.3,-36.623704,174.667341,1,True
esp32_device_001,2026-04-29T09:36:41+12:00,21.3,-36.623561,174.667270,1,True
esp32_device_001,2026-04-29T09:36:41.100000+12:00,21.3,-36.623532,174.667256,1,True
esp32_device_001,2026-04-29T09:36:41.200000+12:00,21.3,-36.623418,174.667199,1,True
esp32_device_001,2026-04-29T09:36:41.300000+12:00,21.3,-36.623310,174.667130,1,True
esp32_device_001,2026-04-29T09:36:41.400000+12:00,21.3,-36.623284,174.667113,1,True
esp32_device_001,2026-04-29T09:36:41.500000+12:00,21.2,-36.623210,174.667057,1,True
esp32_device_001,2026-04-29T09:36:41.600000+12:00,21.2,-36.623177,174.667126,1,True
esp32_device_001,2026-04-29T09:36:41.700000+12:00,21.2,-36.623248,174.667249,1,True
esp32_device_001,2026-04-29T09:36:41.800000+12:00,21.2,-36.623259,174.667280,1,True
esp32_device_001,2026-04-29T09:36:41.900000+12:00,21.2,-36.623293,174.667431,1,True
esp32_device_001,2026-04-29T09:36:42+12:00,21.2,-36.623413,174.667374,1,False
esp32_device_001,2026-04-29T09:36:42.833333+12:00,21.1,-36.623361,174.667305,1,True
esp32_device_001,2026-04-29T09:36:43.666667+12:00,21.1,-36.623418,174.667199,1,True
esp32_device_001,2026-04-29T09:36:44.500000+12:00,21.0,-36.623499,174.667048,1,True
esp32_device_001,2026-04-29T09:36:45.333333+12:00,21.0,-36.623517,174.667015,1,True
esp32_device_001,2026-04-29T09:36:46.166667+12:00,20.9,-36.623688,174.666696,1,True
esp32_device_001,2026-04-29T09:36:47+12:00,20.9,-36.623821,174.666626,1,False
esp32_device_001,2026-04-29T09:36:48+12:00,20.8,-36.623974,174.666192,1,True
esp32_device_001,2026-04-29T09:36:49+12:00,20.7,-36.624002,174.666136,1,True
esp32_device_001,2026-04-29T09:36:50+12:00,20.7,-36.624109,174.665920,1,True
esp32_device_001,2026-04-29T09:36:51+12:00,20.6,-36.624147,174.665840,1,True
esp32_device_001,2026-04-29T09:36:52+12:00,20.5,-36.624226,174.665848,1,False
esp32_device_001,2026-04-29T09:36:53+12:00,21.2,-36.624190,174.665755,1,True
esp32_device_001,2026-04-29T09:36:54+12:00,21.8,-36.624224,174.665678,1,True
esp32_device_001,2026-04-29T09:36:55+12:00,22.5,-36.624332,174.665435,1,True
esp32_device_001,2026-04-29T09:36:56+12:00,23.1,-36.624361,174.665374,1,True
esp32_device_001,2026-04-29T09:36:57+12:00,23.8,-36.624592,174.665039,1,False
esp32_device_001,2026-04-29T09:36:58+12:00,24.5,-36.624567,174.664918,1,True
esp32_device_001,2026-04-29T09:36:59+12:00,25.2,-36.624780,174.664615,1,True
esp32_device_001,2026-04-29T09:37:00+12:00,25.8,-36.624835,174.664531,1,True
esp32_device_001,2026-04-29T09:37:01+12:00,26.5,-36.624960,174.664334,1,True
esp32_device_001,2026-04-29T09:37:02+12:00,27.2,-36.624981,174.664322,1,False
esp32_device_001,2026-04-29T09:37:03.666667+12:00,27.6,-36.625157,174.664027,1,True
esp32_device_001,2026-04-29T09:37:05.333333+12:00,28.0,-36.625395,174.663687,1,True
esp32_device_001,2026-04-29T09:37:07+12:00,28.4,-36.625446,174.663651,1,False
esp32_device_001,2026-04-29T09:37:08.666667+12:00,28.1,-36.625564,174.663507,1,True
esp32_device_001,2026-04-29T09:37:10.333333+12:00,27.8,-36.625768,174.663363,1,True
esp32_device_001,2026-04-29T09:37:12+12:00,27.5,-36.626152,174.663239,1,False
esp32_device_001,2026-04-29T09:37:17+12:00,22.4,-36.627075,174.663132,1,False
esp32_device_001,2026-04-29T09:37:22+12:00,20.3,-36.628113,174.66304,1,False
esp32_device_001,2026-04-29T09:37:24.500000+12:00,20.3,-36.628616,174.662951,1,True
esp32_device_001,2026-04-29T09:37:27+12:00,20.3,-36.629185,174.66301,1,False
esp32_device_001,2026-04-29T09:37:32+12:00,21.7,-36.630276,174.662964,1,False
esp32_device_001,2026-04-29T09:37:37+12:00,23.3,-36.631374,174.662918,1,False
esp32_device_001,2026-04-29T09:37:42+12:00,25,-36.632481,174.662903,1,False
esp32_device_001,2026-04-29T09:37:44.500000+12:00,26.4,-36.633269,174.662850,1,True
esp32_device_001,2026-04-29T09:37:47+12:00,27.8,-36.633598,174.662888,1,False
esp32_device_001,2026-04-29T09:37:49.500000+12:00,29.4,-36.634423,174.662834,1,True
esp32_device_001,2026-04-29T09:37:52+12:00,31,-36.634735,174.662888,1,False
esp32_device_001,2026-04-29T09:37:57+12:00,34,-36.635902,174.662872,1,False
esp32_device_001,2026-04-29T09:38:02+12:00,36.6,-36.637074,174.662872,1,False
esp32_device_001,2026-04-29T09:38:07+12:00,38.9,-36.638222,174.662857,1,False
esp32_device_001,2026-04-29T09:38:12+12:00,40.7,-36.639355,174.662842,1,False
esp32_device_001,2026-04-29T09:38:17+12:00,42.3,-36.640491,174.662827,1,False
esp32_device_001,2026-04-29T09:38:22+12:00,44.2,-36.64164,174.662811,1,False
esp32_device_001,2026-04-29T09:38:27+12:00,45.8,-36.642784,174.662796,1,False
esp32_device_001,2026-04-29T09:38:32+12:00,47.6,-36.64394,174.662781,1,False
esp32_device_001,2026-04-29T09:38:37+12:00,49.7,-36.645115,174.662766,1,False
esp32_device_001,2026-04-29T09:38:42+12:00,52.2,-36.646301,174.66275,1,False
esp32_device_001,2026-04-29T09:38:44.500000+12:00,53.2,-36.647295,174.662700,1,True
esp32_device_001,2026-04-29T09:38:47+12:00,54.2,-36.647488,174.662766,1,False
esp32_device_001,2026-04-29T09:38:52+12:00,56.4,-36.64864,174.662842,1,False
esp32_device_001,2026-04-29T09:38:54.500000+12:00,57.5,-36.649022,174.662835,1,True
esp32_device_001,2026-04-29T09:38:57+12:00,58.6,-36.649788,174.662979,1,False
esp32_device_001,2026-04-29T09:38:59.500000+12:00,59.0,-36.649962,174.662973,1,True
esp32_device_001,2026-04-29T09:39:02+12:00,59.3,-36.650879,174.663193,1,False
esp32_device_001,2026-04-29T09:39:04.500000+12:00,60.1,-36.651025,174.663232,1,True
esp32_device_001,2026-04-29T09:39:07+12:00,61,-36.651897,174.663467,1,False
esp32_device_001,2026-04-29T09:39:09.500000+12:00,61.8,-36.652472,174.663633,1,True
esp32_device_001,2026-04-29T09:39:12+12:00,62.6,-36.65287,174.663803,1,False
esp32_device_001,2026-04-29T09:39:14.500000+12:00,62.7,-36.653433,174.664007,1,True
esp32_device_001,2026-04-29T09:39:17+12:00,62.8,-36.653809,174.664169,1,False
esp32_device_001,2026-04-29T09:39:19.500000+12:00,62.5,-36.654658,174.664528,1,True
esp32_device_001,2026-04-29T09:39:22+12:00,62.1,-36.654739,174.664597,1,False
esp32_device_001,2026-04-29T09:39:24.500000+12:00,61.4,-36.655249,174.664833,1,True
esp32_device_001,2026-04-29T09:39:27+12:00,60.6,-36.655685,174.6651,1,False
esp32_device_001,2026-04-29T09:39:28.666667+12:00,60.2,-36.655852,174.665170,1,True
esp32_device_001,2026-04-29T09:39:30.333333+12:00,59.7,-36.656411,174.665502,1,True
esp32_device_001,2026-04-29T09:39:32+12:00,59.3,-36.656662,174.66568,1,False
esp32_device_001,2026-04-29T09:39:33.666667+12:00,59.0,-36.656990,174.665870,1,True
esp32_device_001,2026-04-29T09:39:35.333333+12:00,58.6,-36.657581,174.666272,1,True
esp32_device_001,2026-04-29T09:39:37+12:00,58.3,-36.65765,174.666336,1,False
esp32_device_001,2026-04-29T09:39:39.500000+12:00,57.8,-36.658483,174.666949,1,True
esp32_device_001,2026-04-29T09:39:42+12:00,57.4,-36.658638,174.667084,1,False
esp32_device_001,2026-04-29T09:39:44.500000+12:00,57.0,-36.659081,174.667447,1,True
esp32_device_001,2026-04-29T09:39:47+12:00,56.6,-36.659637,174.667938,1,False
esp32_device_001,2026-04-29T09:39:48.666667+12:00,56.5,-36.659689,174.667971,1,True
esp32_device_001,2026-04-29T09:39:50.333333+12:00,56.3,-36.660326,174.668585,1,True
esp32_device_001,2026-04-29T09:39:52+12:00,56.2,-36.66061,174.668869,1,False
esp32_device_001,2026-04-29T09:39:53.250000+12:00,56.2,-36.660667,174.668932,1,True
esp32_device_001,2026-04-29T09:39:54.500000+12:00,56.1,-36.661006,174.669285,1,True
esp32_device_001,2026-04-29T09:39:55.750000+12:00,56.0,-36.661402,174.669716,1,True
esp32_device_001,2026-04-29T09:39:57+12:00,56,-36.661545,174.669876,1,False
esp32_device_001,2026-04-29T09:39:58.666667+12:00,55.9,-36.661901,174.670296,1,True
esp32_device_001,2026-04-29T09:40:00.333333+12:00,55.8,-36.662287,174.670772,1,True
esp32_device_001,2026-04-29T09:40:02+12:00,55.7,-36.662434,174.670929,1,False
esp32_device_001,2026-04-29T09:40:04.500000+12:00,55.6,-36.663032,174.671717,1,True
esp32_device_001,2026-04-29T09:40:07+12:00,55.5,-36.663258,174.672058,1,False
esp32_device_001,2026-04-29T09:40:09.500000+12:00,55.5,-36.663470,174.672334,1,True
esp32_device_001,2026-04-29T09:40:12+12:00,55.4,-36.664047,174.673203,1,False
esp32_device_001,2026-04-29T09:40:17+12:00,56,-36.664837,174.674347,1,False
esp32_device_001,2026-04-29T09:40:19.500000+12:00,56.5,-36.664994,174.674616,1,True
esp32_device_001,2026-04-29T09:40:22+12:00,56.9,-36.665623,174.675507,1,False
esp32_device_001,2026-04-29T09:40:23.666667+12:00,57.2,-36.665758,174.675750,1,True
esp32_device_001,2026-04-29T09:40:25.333333+12:00,57.5,-36.666255,174.676483,1,True
esp32_device_001,2026-04-29T09:40:27+12:00,57.8,-36.666412,174.676651,1,False
esp32_device_001,2026-04-29T09:40:29.500000+12:00,58.1,-36.666531,174.676889,1,True
esp32_device_001,2026-04-29T09:40:32+12:00,58.5,-36.667202,174.677811,1,False
esp32_device_001,2026-04-29T09:40:34.500000+12:00,59.5,-36.667704,174.678594,1,True
esp32_device_001,2026-04-29T09:40:37+12:00,60.4,-36.668007,174.678955,1,False
esp32_device_001,2026-04-29T09:40:39.500000+12:00,60.8,-36.668790,174.679967,1,True
esp32_device_001,2026-04-29T09:40:42+12:00,61.2,-36.668869,174.680038,1,False
esp32_device_001,2026-04-29T09:40:43.666667+12:00,62.0,-36.669174,174.680408,1,True
esp32_device_001,2026-04-29T09:40:45.333333+12:00,62.7,-36.669725,174.680960,1,True
esp32_device_001,2026-04-29T09:40:47+12:00,63.5,-36.669807,174.68103,1,False
esp32_device_001,2026-04-29T09:40:48.666667+12:00,63.7,-36.670289,174.681477,1,True
esp32_device_001,2026-04-29T09:40:50.333333+12:00,64.0,-36.670688,174.681835,1,True
esp32_device_001,2026-04-29T09:40:52+12:00,64.2,-36.670803,174.6819,1,False
esp32_device_001,2026-04-29T09:40:54.500000+12:00,64.4,-36.671718,174.682572,1,True
esp32_device_001,2026-04-29T09:40:57+12:00,64.6,-36.67186,174.682663,1,False
esp32_device_001,2026-04-29T09:40:59.500000+12:00,64.4,-36.672143,174.682850,1,True
esp32_device_001,2026-04-29T09:41:02+12:00,64.2,-36.672966,174.683319,1,False
esp32_device_001,2026-04-29T09:41:07+12:00,60.9,-36.674118,174.683914,1,False
esp32_device_001,2026-04-29T09:41:08.666667+12:00,59.1,-36.674140,174.683925,1,True
esp32_device_001,2026-04-29T09:41:10.333333+12:00,57.2,-36.675009,174.684500,1,True
esp32_device_001,2026-04-29T09:41:12+12:00,55.4,-36.675228,174.684662,1,False
esp32_device_001,2026-04-29T09:41:13.666667+12:00,53.3,-36.675417,174.684817,1,True
esp32_device_001,2026-04-29T09:41:15.333333+12:00,51.3,-36.675949,174.685264,1,True
esp32_device_001,2026-04-29T09:41:17+12:00,49.2,-36.676258,174.685593,1,False
esp32_device_001,2026-04-29T09:41:18.666667+12:00,47.9,-36.676486,174.685825,1,True
esp32_device_001,2026-04-29T09:41:20.333333+12:00,46.5,-36.676964,174.686404,1,True
esp32_device_001,2026-04-29T09:41:22+12:00,45.2,-36.677162,174.686691,1,False
esp32_device_001,2026-04-29T09:41:24.500000+12:00,42.5,-36.677517,174.687123,1,True
esp32_device_001,2026-04-29T09:41:27+12:00,39.9,-36.677933,174.687866,1,False
esp32_device_001,2026-04-29T09:41:28.666667+12:00,38.3,-36.677962,174.687864,1,True
esp32_device_001,2026-04-29T09:41:30.333333+12:00,36.7,-36.678549,174.689085,1,True
esp32_device_001,2026-04-29T09:41:32+12:00,35.1,-36.678566,174.689117,1,False
esp32_device_001,2026-04-29T09:41:34.500000+12:00,33.4,-36.678872,174.689835,1,True
esp32_device_001,2026-04-29T09:41:37+12:00,31.7,-36.67907,174.690445,1,False
esp32_device_001,2026-04-29T09:41:39.500000+12:00,32.0,-36.679132,174.690632,1,True
esp32_device_001,2026-04-29T09:41:42+12:00,32.2,-36.679451,174.691879,1,False
esp32_device_001,2026-04-29T09:41:44.500000+12:00,32.9,-36.679801,174.693263,1,True
esp32_device_001,2026-04-29T09:41:47+12:00,33.5,-36.679821,174.693329,1,False
esp32_device_001,2026-04-29T09:41:49.500000+12:00,33.6,-36.680228,174.694518,1,True
esp32_device_001,2026-04-29T09:41:52+12:00,33.7,-36.680325,174.694748,1,False
esp32_device_001,2026-04-29T09:41:53.666667+12:00,33.4,-36.680503,174.695128,1,True
esp32_device_001,2026-04-29T09:41:55.333333+12:00,33.2,-36.680861,174.695841,1,True
esp32_device_001,2026-04-29T09:41:57+12:00,32.9,-36.680992,174.69606,1,False
esp32_device_001,2026-04-29T09:41:58.666667+12:00,32.0,-36.681166,174.696348,1,True
esp32_device_001,2026-04-29T09:42:00.333333+12:00,31.1,-36.681607,174.696983,1,True
esp32_device_001,2026-04-29T09:42:02+12:00,30.2,-36.681812,174.69725,1,False
esp32_device_001,2026-04-29T09:42:03.250000+12:00,29.6,-36.681991,174.697436,1,True
esp32_device_001,2026-04-29T09:42:04.500000+12:00,29.0,-36.682370,174.697872,1,True
esp32_device_001,2026-04-29T09:42:05.750000+12:00,28.5,-36.682727,174.698257,1,True
esp32_device_001,2026-04-29T09:42:07+12:00,27.9,-36.682747,174.698303,1,False
esp32_device_001,2026-04-29T09:42:08.666667+12:00,27.3,-36.683312,174.698848,1,True
esp32_device_001,2026-04-29T09:42:10.333333+12:00,26.6,-36.683608,174.699140,1,True
esp32_device_001,2026-04-29T09:42:12+12:00,26,-36.683716,174.699295,1,False
esp32_device_001,2026-04-29T09:42:13.250000+12:00,26.0,-36.683747,174.699275,1,True
esp32_device_001,2026-04-29T09:42:14.500000+12:00,26.0,-36.684079,174.699607,1,True
esp32_device_001,2026-04-29T09:42:15.750000+12:00,26.0,-36.684409,174.699925,1,True
esp32_device_001,2026-04-29T09:42:17+12:00,26,-36.684681,174.700241,1,False
esp32_device_001,2026-04-29T09:42:18.250000+12:00,26.0,-36.684742,174.700228,1,True
esp32_device_001,2026-04-29T09:42:19.500000+12:00,26.0,-36.685107,174.700537,1,True
esp32_device_001,2026-04-29T09:42:20.750000+12:00,26.0,-36.685499,174.700846,1,True
esp32_device_001,2026-04-29T09:42:22+12:00,26,-36.685722,174.701065,1,False
esp32_device_001,2026-04-29T09:42:23.250000+12:00,25.9,-36.685914,174.701144,1,True
esp32_device_001,2026-04-29T09:42:24.500000+12:00,25.8,-36.686363,174.701446,1,True
esp32_device_001,2026-04-29T09:42:25.750000+12:00,25.6,-36.686808,174.701712,1,True
esp32_device_001,2026-04-29T09:42:27+12:00,25.5,-36.686817,174.701767,1,False
esp32_device_001,2026-04-29T09:42:28.250000+12:00,25.6,-36.687174,174.701918,1,True
esp32_device_001,2026-04-29T09:42:29.500000+12:00,25.8,-36.687395,174.702029,1,True
esp32_device_001,2026-04-29T09:42:30.750000+12:00,25.9,-36.687616,174.702137,1,True
esp32_device_001,2026-04-29T09:42:32+12:00,26,-36.687965,174.702347,1,False
esp32_device_001,2026-04-29T09:42:33+12:00,25.9,-36.688011,174.702323,1,True
esp32_device_001,2026-04-29T09:42:34+12:00,25.9,-36.688395,174.702482,1,True
esp32_device_001,2026-04-29T09:42:35+12:00,25.8,-36.688740,174.702615,1,True
esp32_device_001,2026-04-29T09:42:36+12:00,25.8,-36.689031,174.702716,1,True
esp32_device_001,2026-04-29T09:42:37+12:00,25.7,-36.689148,174.702805,1,False
esp32_device_001,2026-04-29T09:42:38+12:00,25.8,-36.689310,174.702806,1,True
esp32_device_001,2026-04-29T09:42:39+12:00,25.9,-36.689611,174.702892,1,True
esp32_device_001,2026-04-29T09:42:40+12:00,26.0,-36.689892,174.702968,1,True
esp32_device_001,2026-04-29T09:42:41+12:00,26.1,-36.690259,174.703048,1,True
esp32_device_001,2026-04-29T09:42:42+12:00,26.2,-36.690357,174.70311,1,False
esp32_device_001,2026-04-29T09:42:47+12:00,27.5,-36.691589,174.703339,1,False
esp32_device_001,2026-04-29T09:42:49.500000+12:00,28.0,-36.692213,174.703409,1,True
esp32_device_001,2026-04-29T09:42:52+12:00,28.5,-36.692822,174.703568,1,False
esp32_device_001,2026-04-29T09:42:54.500000+12:00,29.1,-36.692838,174.703520,1,True
esp32_device_001,2026-04-29T09:42:57+12:00,29.8,-36.69405,174.703781,1,False
esp32_device_001,2026-04-29T09:42:59.500000+12:00,30.1,-36.694730,174.703861,1,True
esp32_device_001,2026-04-29T09:43:02+12:00,30.3,-36.695213,174.703979,1,False
esp32_device_001,2026-04-29T09:43:07+12:00,32.2,-36.696354,174.704178,1,False
esp32_device_001,2026-04-29T09:43:09.500000+12:00,33.9,-36.696848,174.704237,1,True
esp32_device_001,2026-04-29T09:43:12+12:00,35.6,-36.69751,174.704391,1,False
esp32_device_001,2026-04-29T09:43:14.500000+12:00,38.1,-36.697759,174.704412,1,True
esp32_device_001,2026-04-29T09:43:17+12:00,40.6,-36.698685,174.70459,1,False
esp32_device_001,2026-04-29T09:43:19.500000+12:00,43.0,-36.699205,174.704699,1,True
esp32_device_001,2026-04-29T09:43:22+12:00,45.3,-36.699863,174.704803,1,False
esp32_device_001,2026-04-29T09:43:27+12:00,51.6,-36.701069,174.705032,1,False
esp32_device_001,2026-04-29T09:43:29.500000+12:00,54.7,-36.701318,174.705068,1,True
esp32_device_001,2026-04-29T09:43:32+12:00,57.7,-36.70229,174.705246,1,False
esp32_device_001,2026-04-29T09:43:34.500000+12:00,61.1,-36.702495,174.705291,1,True
esp32_device_001,2026-04-29T09:43:37+12:00,64.6,-36.703518,174.70546,1,False
esp32_device_001,2026-04-29T09:43:39.500000+12:00,67.9,-36.703582,174.705472,1,True
esp32_device_001,2026-04-29T09:43:42+12:00,71.2,-36.70475,174.705688,1,False
esp32_device_001,2026-04-29T09:43:47+12:00,76.5,-36.705978,174.705917,1,False
esp32_device_001,2026-04-29T09:43:49.500000+12:00,78.6,-36.706555,174.706032,1,True
esp32_device_001,2026-04-29T09:43:52+12:00,80.7,-36.707199,174.706161,1,False
esp32_device_001,2026-04-29T09:43:54.500000+12:00,82.8,-36.708227,174.706399,1,True
esp32_device_001,2026-04-29T09:43:57+12:00,84.9,-36.708412,174.706482,1,False
esp32_device_001,2026-04-29T09:43:59.500000+12:00,84.9,-36.708948,174.706606,1,True
esp32_device_001,2026-04-29T09:44:02+12:00,84.9,-36.709606,174.706909,1,False
esp32_device_001,2026-04-29T09:44:03.666667+12:00,85.0,-36.709716,174.706883,1,True
esp32_device_001,2026-04-29T09:44:05.333333+12:00,85.2,-36.710395,174.707215,1,True
esp32_device_001,2026-04-29T09:44:07+12:00,85.3,-36.710773,174.707458,1,False
esp32_device_001,2026-04-29T09:44:08.666667+12:00,84.4,-36.710878,174.707481,1,True
esp32_device_001,2026-04-29T09:44:10.333333+12:00,83.6,-36.711649,174.707938,1,True
esp32_device_001,2026-04-29T09:44:12+12:00,82.7,-36.711895,174.708115,1,False
esp32_device_001,2026-04-29T09:44:17+12:00,76.4,-36.712952,174.708878,1,False
esp32_device_001,2026-04-29T09:44:18.666667+12:00,73.7,-36.713039,174.708902,1,True
esp32_device_001,2026-04-29T09:44:20.333333+12:00,70.9,-36.713338,174.709139,1,True
esp32_device_001,2026-04-29T09:44:22+12:00,68.2,-36.713974,174.709656,1,False
esp32_device_001,2026-04-29T09:44:24.500000+12:00,64.2,-36.714012,174.709674,1,True
esp32_device_001,2026-04-29T09:44:27+12:00,60.2,-36.715004,174.710434,1,False
esp32_device_001,2026-04-29T09:44:29.500000+12:00,56.5,-36.716021,174.711127,1,True
esp32_device_001,2026-04-29T09:44:32+12:00,52.7,-36.716034,174.711212,1,False
esp32_device_001,2026-04-29T09:44:34.500000+12:00,49.4,-36.716658,174.711546,1,True
esp32_device_001,2026-04-29T09:44:37+12:00,46,-36.717079,174.711929,1,False
esp32_device_001,2026-04-29T09:44:38.666667+12:00,44.6,-36.717265,174.711962,1,True
esp32_device_001,2026-04-29T09:44:40.333333+12:00,43.1,-36.717689,174.712227,1,True
esp32_device_001,2026-04-29T09:44:42+12:00,41.7,-36.718113,174.71254,1,False
esp32_device_001,2026-04-29T09:44:43.666667+12:00,41.3,-36.718356,174.712605,1,True
esp32_device_001,2026-04-29T09:44:45.333333+12:00,40.9,-36.718591,174.712735,1,True
esp32_device_001,2026-04-29T09:44:47+12:00,40.5,-36.719181,174.713058,1,False
esp32_device_001,2026-04-29T09:44:48.250000+12:00,41.0,-36.719208,174.713043,1,True
esp32_device_001,2026-04-29T09:44:49.500000+12:00,41.5,-36.719632,174.713233,1,True
esp32_device_001,2026-04-29T09:44:50.750000+12:00,42.1,-36.720224,174.713488,1,True
esp32_device_001,2026-04-29T09:44:52+12:00,42.6,-36.720242,174.713531,1,False
esp32_device_001,2026-04-29T09:44:54.500000+12:00,45.0,-36.720780,174.713706,1,True
esp32_device_001,2026-04-29T09:44:57+12:00,47.5,-36.721306,174.713913,1,False
esp32_device_001,2026-04-29T09:44:59.500000+12:00,51.1,-36.721416,174.713935,1,True
esp32_device_001,2026-04-29T09:45:02+12:00,54.8,-36.722431,174.714249,1,False
esp32_device_001,2026-04-29T09:45:03.250000+12:00,56.8,-36.722666,174.714322,1,True
esp32_device_001,2026-04-29T09:45:04.500000+12:00,58.8,-36.722764,174.714345,1,True
esp32_device_001,2026-04-29T09:45:05.750000+12:00,60.9,-36.723314,174.714470,1,True
esp32_device_001,2026-04-29T09:45:07+12:00,62.9,-36.723637,174.714508,1,False
esp32_device_001,2026-04-29T09:45:09.500000+12:00,67.0,-36.724363,174.714672,1,True
esp32_device_001,2026-04-29T09:45:12+12:00,71.1,-36.724865,174.714691,1,False
esp32_device_001,2026-04-29T09:45:17+12:00,78.1,-36.726109,174.714828,1,False
esp32_device_001,2026-04-29T09:45:19.500000+12:00,79.7,-36.726870,174.714963,1,True
esp32_device_001,2026-04-29T09:45:22+12:00,81.3,-36.727364,174.714966,1,False
esp32_device_001,2026-04-29T09:45:24.500000+12:00,81.3,-36.727661,174.715039,1,True
esp32_device_001,2026-04-29T09:45:27+12:00,81.3,-36.728626,174.715103,1,False
esp32_device_001,2026-04-29T09:45:29.500000+12:00,80.0,-36.729173,174.715191,1,True
esp32_device_001,2026-04-29T09:45:32+12:00,78.7,-36.729874,174.715302,1,False
esp32_device_001,2026-04-29T09:45:33.250000+12:00,77.2,-36.729947,174.715327,1,True
esp32_device_001,2026-04-29T09:45:34.500000+12:00,75.8,-36.730258,174.715400,1,True
esp32_device_001,2026-04-29T09:45:35.750000+12:00,74.4,-36.730720,174.715524,1,True
esp32_device_001,2026-04-29T09:45:37+12:00,72.9,-36.731102,174.715637,1,False
esp32_device_001,2026-04-29T09:45:39.500000+12:00,68.6,-36.731395,174.715745,1,True
esp32_device_001,2026-04-29T09:45:42+12:00,64.2,-36.732304,174.71611,1,False
esp32_device_001,2026-04-29T09:45:43.250000+12:00,62.4,-36.732317,174.716140,1,True
esp32_device_001,2026-04-29T09:45:44.500000+12:00,60.5,-36.732863,174.716424,1,True
esp32_device_001,2026-04-29T09:45:45.750000+12:00,58.6,-36.733387,174.716702,1,True
esp32_device_001,2026-04-29T09:45:47+12:00,56.8,-36.733452,174.716736,1,False
esp32_device_001,2026-04-29T09:45:48.666667+12:00,54.7,-36.733690,174.716889,1,True
esp32_device_001,2026-04-29T09:45:50.333333+12:00,52.6,-36.734489,174.717397,1,True
esp32_device_001,2026-04-29T09:45:52+12:00,50.5,-36.734543,174.717422,1,False
esp32_device_001,2026-04-29T09:45:53.666667+12:00,48.4,-36.734910,174.717661,1,True
esp32_device_001,2026-04-29T09:45:55.333333+12:00,46.2,-36.735415,174.717948,1,True
esp32_device_001,2026-04-29T09:45:57+12:00,44.1,-36.735542,174.717987,1,False
esp32_device_001,2026-04-29T09:45:58.666667+12:00,42.1,-36.735781,174.718152,1,True
esp32_device_001,2026-04-29T09:46:00.333333+12:00,40.1,-36.736236,174.718370,1,True
esp32_device_001,2026-04-29T09:46:02+12:00,38.1,-36.736492,174.71846,1,False
esp32_device_001,2026-04-29T09:46:04.500000+12:00,37.0,-36.736702,174.718597,1,True
esp32_device_001,2026-04-29T09:46:07+12:00,36,-36.737423,174.718872,1,False
esp32_device_001,2026-04-29T09:46:09.500000+12:00,36.8,-36.737950,174.719112,1,True
esp32_device_001,2026-04-29T09:46:12+12:00,37.5,-36.738197,174.719177,1,False
esp32_device_001,2026-04-29T09:46:14.500000+12:00,38.6,-36.738445,174.719324,1,True
esp32_device_001,2026-04-29T09:46:17+12:00,39.8,-36.738792,174.719376,1,False
esp32_device_001,2026-04-29T09:46:19.500000+12:00,41.0,-36.738836,174.719456,1,True
esp32_device_001,2026-04-29T09:46:22+12:00,42.1,-36.73922,174.719498,1,False
esp32_device_001,2026-04-29T09:46:24.500000+12:00,43.2,-36.739310,174.719584,1,True
esp32_device_001,2026-04-29T09:46:27+12:00,44.2,-36.739605,174.719604,1,False
esp32_device_001,2026-04-29T09:46:29.500000+12:00,45.0,-36.739882,174.719735,1,True
esp32_device_001,2026-04-29T09:46:32+12:00,45.9,-36.739975,174.719696,1,False
esp32_device_001,2026-04-29T09:46:34.500000+12:00,46.5,-36.740126,174.719793,1,True
esp32_device_001,2026-04-29T09:46:37+12:00,47,-36.740318,174.719788,1,False
esp32_device_001,2026-04-29T09:46:42+12:00,46,-36.740547,174.719849,1,False
esp32_device_001,2026-04-29T09:46:47+12:00,47.2,-36.740761,174.719894,1,False
esp32_device_001,2026-04-29T09:46:52+12:00,47.5,-36.74102,174.719955,1,False
esp32_device_001,2026-04-29T09:46:57+12:00,47.8,-36.741306,174.720032,1,False
esp32_device_001,2026-04-29T09:46:59.500000+12:00,48.0,-36.741576,174.720155,1,True
esp32_device_001,2026-04-29T09:47:02+12:00,48.1,-36.741661,174.720139,1,False
esp32_device_001,2026-04-29T09:47:07+12:00,48.3,-36.741955,174.72023,1,False
esp32_device_001,2026-04-29T09:47:12+12:00,48.4,-36.742149,174.720306,1,False
esp32_device_001,2026-04-29T09:47:17+12:00,48.1,-36.742382,174.720383,1,False
esp32_device_001,2026-04-29T09:47:22+12:00,48,-36.742687,174.720505,1,False
esp32_device_001,2026-04-29T09:47:27+12:00,47.9,-36.742928,174.720612,1,False
esp32_device_001,2026-04-29T09:47:32+12:00,48.2,-36.743099,174.720688,1,False
esp32_device_001,2026-04-29T09:47:37+12:00,48.6,-36.743279,174.720779,1,False
esp32_device_001,2026-04-29T09:47:42+12:00,48.2,-36.743484,174.720886,1,False
esp32_device_001,2026-04-29T09:47:47+12:00,47.5,-36.743679,174.720978,1,False
esp32_device_001,2026-04-29T09:47:52+12:00,47.2,-36.743866,174.721069,1,False
esp32_device_001,2026-04-29T09:47:57+12:00,47,-36.744007,174.721146,1,False
esp32_device_001,2026-04-29T09:48:02+12:00,46.6,-36.744137,174.721222,1,False
esp32_device_001,2026-04-29T09:48:22+12:00,47.3,-36.74437,174.721359,1,False
esp32_device_001,2026-04-29T09:48:27+12:00,47.5,-36.744427,174.721405,1,False
esp32_device_001,2026-04-29T09:48:32+12:00,47.7,-36.74445,174.72142,1,False
esp32_device_001,2026-04-29T09:48:37+12:00,47.6,-36.744518,174.721466,1,False
esp32_device_001,2026-04-29T09:48:42+12:00,47.8,-36.74461,174.721527,1,False
esp32_device_001,2026-04-29T09:48:47+12:00,47.7,-36.744724,174.721603,1,False
esp32_device_001,2026-04-29T09:48:52+12:00,47.8,-36.744801,174.721649,1,False
esp32_device_001,2026-04-29T09:48:57+12:00,47.5,-36.744904,174.721725,1,False
esp32_device_001,2026-04-29T09:49:02+12:00,47.4,-36.745075,174.721832,1,False
esp32_device_001,2026-04-29T09:49:07+12:00,47.4,-36.74527,174.721954,1,False
esp32_device_001,2026-04-29T09:49:12+12:00,47.6,-36.745453,174.722076,1,False
esp32_device_001,2026-04-29T09:49:17+12:00,47.6,-36.745621,174.722198,1,False
esp32_device_001,2026-04-29T09:49:22+12:00,47.8,-36.745808,174.722336,1,False
esp32_device_001,2026-04-29T09:49:27+12:00,48.2,-36.745964,174.722443,1,False
esp32_device_001,2026-04-29T09:49:32+12:00,48.7,-36.746155,174.722565,1,False
esp32_device_001,2026-04-29T09:49:37+12:00,49.2,-36.746323,174.722687,1,False
esp32_device_001,2026-04-29T09:49:42+12:00,49.2,-36.746521,174.722824,1,False
esp32_device_001,2026-04-29T09:49:47+12:00,50.1,-36.746769,174.722992,1,False
esp32_device_001,2026-04-29T09:49:52+12:00,50.8,-36.747017,174.72316,1,False
esp32_device_001,2026-04-29T09:49:57+12:00,52.1,-36.747223,174.723297,1,False
esp32_device_001,2026-04-29T09:50:02+12:00,53,-36.747433,174.723434,1,False
esp32_device_001,2026-04-29T09:50:07+12:00,53.9,-36.747559,174.723526,1,False
esp32_device_001,2026-04-29T09:50:12+12:00,54.1,-36.747696,174.723618,1,False
esp32_device_001,2026-04-29T09:50:17+12:00,54.8,-36.747837,174.723724,1,False
esp32_device_001,2026-04-29T09:50:22+12:00,55.3,-36.747963,174.723816,1,False
esp32_device_001,2026-04-29T09:50:27+12:00,55.5,-36.748001,174.723831,1,False
esp32_device_001,2026-04-29T09:50:32+12:00,57.1,-36.748058,174.723877,1,False
esp32_device_001,2026-04-29T09:50:37+12:00,56.6,-36.748161,174.723953,1,False
esp32_device_001,2026-04-29T09:50:42+12:00,55.7,-36.748268,174.72403,1,False
esp32_device_001,2026-04-29T09:50:47+12:00,55.5,-36.748379,174.724106,1,False
esp32_device_001,2026-04-29T09:50:52+12:00,56.4,-36.748531,174.724213,1,False
esp32_device_001,2026-04-29T09:50:57+12:00,57.4,-36.748707,174.724365,1,False
esp32_device_001,2026-04-29T09:51:02+12:00,58.9,-36.748875,174.724487,1,False
esp32_device_001,2026-04-29T09:51:07+12:00,60.1,-36.749111,174.724686,1,False
esp32_device_001,2026-04-29T09:51:12+12:00,61.8,-36.749344,174.724869,1,False
esp32_device_001,2026-04-29T09:51:17+12:00,63.3,-36.749477,174.724976,1,False
esp32_device_001,2026-04-29T09:51:22+12:00,65.1,-36.749615,174.725082,1,False
esp32_device_001,2026-04-29T09:51:27+12:00,66.4,-36.74976,174.725204,1,False
esp32_device_001,2026-04-29T09:51:32+12:00,68.2,-36.749943,174.725357,1,False
esp32_device_001,2026-04-29T09:51:37+12:00,70.1,-36.750122,174.72551,1,False
esp32_device_001,2026-04-29T09:51:42+12:00,71.9,-36.750328,174.725693,1,False
esp32_device_001,2026-04-29T09:51:47+12:00,74,-36.750553,174.725891,1,False
esp32_device_001,2026-04-29T09:51:52+12:00,75.7,-36.750732,174.726059,1,False
esp32_device_001,2026-04-29T09:51:57+12:00,77.5,-36.750916,174.726212,1,False
esp32_device_001,2026-04-29T09:52:02+12:00,78.9,-36.75108,174.726364,1,False
esp32_device_001,2026-04-29T09:52:07+12:00,80.2,-36.751247,174.726517,1,False
esp32_device_001,2026-04-29T09:52:12+12:00,81.2,-36.751438,174.7267,1,False
esp32_device_001,2026-04-29T09:52:17+12:00,82.7,-36.751656,174.726898,1,False
esp32_device_001,2026-04-29T09:52:19.500000+12:00,83.2,-36.751867,174.727095,1,True
esp32_device_001,2026-04-29T09:52:22+12:00,83.8,-36.751881,174.727112,1,False
esp32_device_001,2026-04-29T09:52:27+12:00,84.6,-36.752068,174.727295,1,False
esp32_device_001,2026-04-29T09:52:32+12:00,85.6,-36.752281,174.727509,1,False
esp32_device_001,2026-04-29T09:52:37+12:00,86.4,-36.752499,174.727722,1,False
esp32_device_001,2026-04-29T09:52:42+12:00,87.8,-36.752735,174.727966,1,False
esp32_device_001,2026-04-29T09:52:47+12:00,88.7,-36.752937,174.72818,1,False
esp32_device_001,2026-04-29T09:52:49.500000+12:00,88.8,-36.752978,174.728211,1,True
esp32_device_001,2026-04-29T09:52:52+12:00,88.9,-36.753178,174.728424,1,False
esp32_device_001,2026-04-29T09:52:57+12:00,89.1,-36.753475,174.72876,1,False
esp32_device_001,2026-04-29T09:52:59.500000+12:00,89.0,-36.753722,174.729020,1,True
esp32_device_001,2026-04-29T09:53:02+12:00,89,-36.753761,174.729065,1,False
esp32_device_001,2026-04-29T09:53:07+12:00,87.4,-36.754047,174.729385,1,False
esp32_device_001,2026-04-29T09:53:12+12:00,86.5,-36.75433,174.729706,1,False
esp32_device_001,2026-04-29T09:53:17+12:00,84.1,-36.75462,174.730042,1,False
esp32_device_001,2026-04-29T09:53:19.500000+12:00,82.8,-36.754720,174.730155,1,True
esp32_device_001,2026-04-29T09:53:22+12:00,81.5,-36.754917,174.730392,1,False
esp32_device_001,2026-04-29T09:53:27+12:00,79.3,-36.755199,174.730728,1,False
esp32_device_001,2026-04-29T09:53:32+12:00,76.3,-36.755455,174.731033,1,False
esp32_device_001,2026-04-29T09:53:34.500000+12:00,74.9,-36.755492,174.731088,1,True
esp32_device_001,2026-04-29T09:53:37+12:00,73.5,-36.755711,174.731339,1,False
esp32_device_001,2026-04-29T09:53:42+12:00,70.5,-36.756004,174.731689,1,False
esp32_device_001,2026-04-29T09:53:44.500000+12:00,69.0,-36.756156,174.731895,1,True
esp32_device_001,2026-04-29T09:53:47+12:00,67.6,-36.756325,174.732086,1,False
esp32_device_001,2026-04-29T09:53:52+12:00,64.3,-36.756653,174.732483,1,False
esp32_device_001,2026-04-29T09:53:57+12:00,60.6,-36.757057,174.732986,1,False
esp32_device_001,2026-04-29T09:53:59.500000+12:00,58.4,-36.757176,174.733158,1,True
esp32_device_001,2026-04-29T09:54:02+12:00,56.1,-36.757584,174.733627,1,False
esp32_device_001,2026-04-29T09:54:04.500000+12:00,53.4,-36.758161,174.734328,1,True
esp32_device_001,2026-04-29T09:54:07+12:00,50.7,-36.758202,174.73436,1,False
esp32_device_001,2026-04-29T09:54:12+12:00,45.2,-36.758869,174.735153,1,False
esp32_device_001,2026-04-29T09:54:14.500000+12:00,42.9,-36.758999,174.735328,1,True
esp32_device_001,2026-04-29T09:54:17+12:00,40.6,-36.759617,174.735977,1,False
esp32_device_001,2026-04-29T09:54:19.500000+12:00,38.7,-36.759936,174.736311,1,True
esp32_device_001,2026-04-29T09:54:22+12:00,36.7,-36.760429,174.736771,1,False
esp32_device_001,2026-04-29T09:54:24.500000+12:00,34.5,-36.760937,174.737216,1,True
esp32_device_001,2026-04-29T09:54:27+12:00,32.3,-36.76128,174.737488,1,False
esp32_device_001,2026-04-29T09:54:29.500000+12:00,30.7,-36.761742,174.737842,1,True
esp32_device_001,2026-04-29T09:54:32+12:00,29.1,-36.762161,174.738144,1,False
esp32_device_001,2026-04-29T09:54:34.500000+12:00,28.6,-36.762261,174.738216,1,True
esp32_device_001,2026-04-29T09:54:37+12:00,28.2,-36.763062,174.738724,1,False
esp32_device_001,2026-04-29T09:54:39.500000+12:00,28.1,-36.763425,174.738933,1,True
esp32_device_001,2026-04-29T09:54:42+12:00,28,-36.763977,174.739212,1,False
esp32_device_001,2026-04-29T09:54:44.500000+12:00,28.3,-36.764656,174.739541,1,True
esp32_device_001,2026-04-29T09:54:47+12:00,28.6,-36.764904,174.739639,1,False
esp32_device_001,2026-04-29T09:54:49.500000+12:00,28.8,-36.765604,174.739924,1,True
esp32_device_001,2026-04-29T09:54:52+12:00,29,-36.765762,174.739975,1,False
esp32_device_001,2026-04-29T09:54:57+12:00,29,-36.766495,174.74025,1,False
esp32_device_001,2026-04-29T09:55:02+12:00,29.4,-36.767197,174.740509,1,False
esp32_device_001,2026-04-29T09:55:04.500000+12:00,29.7,-36.767743,174.740763,1,True
esp32_device_001,2026-04-29T09:55:07+12:00,30,-36.767944,174.740845,1,False
esp32_device_001,2026-04-29T09:55:09.500000+12:00,30.2,-36.768154,174.740945,1,True
esp32_device_001,2026-04-29T09:55:12+12:00,30.5,-36.768757,174.741241,1,False
esp32_device_001,2026-04-29T09:55:14.500000+12:00,31.0,-36.768804,174.741273,1,True
esp32_device_001,2026-04-29T09:55:17+12:00,31.5,-36.769573,174.741669,1,False
esp32_device_001,2026-04-29T09:55:19.500000+12:00,31.7,-36.769622,174.741700,1,True
esp32_device_001,2026-04-29T09:55:22+12:00,31.9,-36.770359,174.742081,1,False
esp32_device_001,2026-04-29T09:55:27+12:00,31.7,-36.771191,174.742508,1,False
esp32_device_001,2026-04-29T09:55:28.666667+12:00,31.3,-36.771630,174.742753,1,True
esp32_device_001,2026-04-29T09:55:30.333333+12:00,30.8,-36.772019,174.742960,1,True
esp32_device_001,2026-04-29T09:55:32+12:00,30.4,-36.772068,174.742966,1,False
esp32_device_001,2026-04-29T09:55:34.500000+12:00,29.5,-36.772931,174.743441,1,True
esp32_device_001,2026-04-29T09:55:37+12:00,28.7,-36.772968,174.743454,1,False
esp32_device_001,2026-04-29T09:55:39.500000+12:00,27.0,-36.773572,174.743787,1,True
esp32_device_001,2026-04-29T09:55:42+12:00,25.3,-36.773895,174.743958,1,False
esp32_device_001,2026-04-29T09:55:44.500000+12:00,24.8,-36.774301,174.744198,1,True
esp32_device_001,2026-04-29T09:55:47+12:00,24.2,-36.774815,174.744507,1,False
esp32_device_001,2026-04-29T09:55:49.500000+12:00,24.9,-36.775104,174.744692,1,True
esp32_device_001,2026-04-29T09:55:52+12:00,25.7,-36.775677,174.745041,1,False
esp32_device_001,2026-04-29T09:55:57+12:00,28.7,-36.776546,174.74559,1,False
esp32_device_001,2026-04-29T09:55:59.500000+12:00,30.0,-36.776783,174.745749,1,True
esp32_device_001,2026-04-29T09:56:02+12:00,31.3,-36.777454,174.746155,1,False
esp32_device_001,2026-04-29T09:56:04.500000+12:00,31.9,-36.777910,174.746450,1,True
esp32_device_001,2026-04-29T09:56:07+12:00,32.4,-36.778374,174.746735,1,False
esp32_device_001,2026-04-29T09:56:12+12:00,31.6,-36.77911,174.747192,1,False
esp32_device_001,2026-04-29T09:56:14.500000+12:00,30.3,-36.779692,174.747566,1,True
esp32_device_001,2026-04-29T09:56:17+12:00,29,-36.779758,174.747589,1,False
esp32_device_001,2026-04-29T09:56:19.500000+12:00,27.8,-36.780233,174.747903,1,True
esp32_device_001,2026-04-29T09:56:22+12:00,26.5,-36.780369,174.747971,1,False
esp32_device_001,2026-04-29T09:56:27+12:00,24.3,-36.780926,174.748322,1,False
esp32_device_001,2026-04-29T09:56:32+12:00,22.9,-36.781471,174.748657,1,False
esp32_device_001,2026-04-29T09:56:37+12:00,21.9,-36.782047,174.749023,1,False
esp32_device_001,2026-04-29T09:56:42+12:00,20.9,-36.782619,174.749374,1,False
esp32_device_001,2026-04-29T09:56:47+12:00,20.3,-36.783154,174.74971,1,False
esp32_device_001,2026-04-29T09:56:52+12:00,19.7,-36.783688,174.750031,1,False
esp32_device_001,2026-04-29T09:56:57+12:00,20,-36.784103,174.750305,1,False
esp32_device_001,2026-04-29T09:56:59.500000+12:00,19.9,-36.784329,174.750467,1,True
esp32_device_001,2026-04-29T09:57:02+12:00,19.8,-36.784485,174.750534,1,False
esp32_device_001,2026-04-29T09:57:07+12:00,19.9,-36.784828,174.750748,1,False
esp32_device_001,2026-04-29T09:57:09.500000+12:00,20.1,-36.784987,174.750878,1,True
esp32_device_001,2026-04-29T09:57:12+12:00,20.3,-36.785248,174.751007,1,False
esp32_device_001,2026-04-29T09:57:17+12:00,20.2,-36.785694,174.751282,1,False
esp32_device_001,2026-04-29T09:57:22+12:00,20,-36.786049,174.751511,1,False
esp32_device_001,2026-04-29T09:57:27+12:00,19.9,-36.786312,174.751678,1,False
esp32_device_001,2026-04-29T09:57:32+12:00,19.8,-36.786636,174.751877,1,False
esp32_device_001,2026-04-29T09:57:37+12:00,19.9,-36.786976,174.75209,1,False
esp32_device_001,2026-04-29T09:57:42+12:00,19.9,-36.787319,174.752304,1,False
esp32_device_001,2026-04-29T09:57:47+12:00,20.3,-36.787701,174.752548,1,False
esp32_device_001,2026-04-29T09:57:47.052632+12:00,20.3,-36.788028,174.752784,1,True
esp32_device_001,2026-04-29T09:57:47.105263+12:00,20.3,-36.788292,174.752951,1,True
esp32_device_001,2026-04-29T09:57:47.157895+12:00,20.3,-36.790468,174.754311,1,True
esp32_device_001,2026-04-29T09:57:47.210526+12:00,20.3,-36.790997,174.754655,1,True
esp32_device_001,2026-04-29T09:57:47.263158+12:00,20.3,-36.791694,174.755137,1,True
esp32_device_001,2026-04-29T09:57:47.315789+12:00,20.3,-36.792587,174.755804,1,True
esp32_device_001,2026-04-29T09:57:47.368421+12:00,20.4,-36.793179,174.756295,1,True
esp32_device_001,2026-04-29T09:57:47.421053+12:00,20.4,-36.793359,174.756444,1,True
esp32_device_001,2026-04-29T09:57:47.473684+12:00,20.4,-36.794038,174.757061,1,True
esp32_device_001,2026-04-29T09:57:47.526316+12:00,20.4,-36.794150,174.757172,1,True
esp32_device_001,2026-04-29T09:57:47.578947+12:00,20.4,-36.795740,174.758745,1,True
esp32_device_001,2026-04-29T09:57:47.631579+12:00,20.4,-36.796111,174.759253,1,True
esp32_device_001,2026-04-29T09:57:47.684211+12:00,20.4,-36.796449,174.759644,1,True
esp32_device_001,2026-04-29T09:57:47.736842+12:00,20.4,-36.797070,174.760344,1,True
esp32_device_001,2026-04-29T09:57:47.789474+12:00,20.4,-36.797373,174.760660,1,True
esp32_device_001,2026-04-29T09:57:47.842105+12:00,20.4,-36.797649,174.760902,1,True
esp32_device_001,2026-04-29T09:57:47.894737+12:00,20.4,-36.797932,174.761138,1,True
esp32_device_001,2026-04-29T09:57:47.947368+12:00,20.4,-36.798067,174.761224,1,True
esp32_device_001,2026-04-29T09:57:48+12:00,20.4,-36.798274,174.761354,1,True
esp32_device_001,2026-04-29T09:57:48.052632+12:00,20.4,-36.798381,174.761420,1,True
esp32_device_001,2026-04-29T09:57:48.105263+12:00,20.5,-36.798565,174.761532,1,True
esp32_device_001,2026-04-29T09:57:48.157895+12:00,20.5,-36.798843,174.761696,1,True
esp32_device_001,2026-04-29T09:57:48.210526+12:00,20.5,-36.798879,174.761717,1,True
esp32_device_001,2026-04-29T09:57:48.263158+12:00,20.5,-36.798973,174.761753,1,True
esp32_device_001,2026-04-29T09:57:48.315789+12:00,20.5,-36.799019,174.761761,1,True
esp32_device_001,2026-04-29T09:57:48.368421+12:00,20.5,-36.799063,174.761758,1,True
esp32_device_001,2026-04-29T09:57:48.421053+12:00,20.5,-36.799111,174.761747,1,True
esp32_device_001,2026-04-29T09:57:48.473684+12:00,20.5,-36.799204,174.761594,1,True
esp32_device_001,2026-04-29T09:57:48.526316+12:00,20.5,-36.799346,174.761361,1,True
esp32_device_001,2026-04-29T09:57:48.578947+12:00,20.5,-36.799434,174.761232,1,True
esp32_device_001,2026-04-29T09:57:48.631579+12:00,20.5,-36.799568,174.761052,1,True
esp32_device_001,2026-04-29T09:57:48.684211+12:00,20.5,-36.799626,174.760976,1,True
esp32_device_001,2026-04-29T09:57:48.736842+12:00,20.5,-36.800148,174.760398,1,True
esp32_device_001,2026-04-29T09:57:48.789474+12:00,20.6,-36.800197,174.760346,1,True
esp32_device_001,2026-04-29T09:57:48.842105+12:00,20.6,-36.800240,174.760316,1,True
esp32_device_001,2026-04-29T09:57:48.894737+12:00,20.6,-36.800301,174.760288,1,True
esp32_device_001,2026-04-29T09:57:48.947368+12:00,20.6,-36.800364,174.760278,1,True
esp32_device_001,2026-04-29T09:57:49+12:00,20.6,-36.800426,174.760278,1,True
esp32_device_001,2026-04-29T09:57:49.052632+12:00,20.6,-36.800488,174.760289,1,True
esp32_device_001,2026-04-29T09:57:49.105263+12:00,20.6,-36.800549,174.760320,1,True
esp32_device_001,2026-04-29T09:57:49.157895+12:00,20.6,-36.800595,174.760351,1,True
esp32_device_001,2026-04-29T09:57:49.210526+12:00,20.6,-36.800640,174.760392,1,True
esp32_device_001,2026-04-29T09:57:49.263158+12:00,20.6,-36.800685,174.760454,1,True
esp32_device_001,2026-04-29T09:57:49.315789+12:00,20.6,-36.800714,174.760518,1,True
esp32_device_001,2026-04-29T09:57:49.368421+12:00,20.6,-36.800734,174.760574,1,True
esp32_device_001,2026-04-29T09:57:49.421053+12:00,20.6,-36.800749,174.760664,1,True
esp32_device_001,2026-04-29T09:57:49.473684+12:00,20.6,-36.800753,174.760725,1,True
esp32_device_001,2026-04-29T09:57:49.526316+12:00,20.7,-36.800752,174.760786,1,True
esp32_device_001,2026-04-29T09:57:49.578947+12:00,20.7,-36.800735,174.760859,1,True
esp32_device_001,2026-04-29T09:57:49.631579+12:00,20.7,-36.800718,174.760923,1,True
esp32_device_001,2026-04-29T09:57:49.684211+12:00,20.7,-36.800690,174.760984,1,True
esp32_device_001,2026-04-29T09:57:49.736842+12:00,20.7,-36.800659,174.761030,1,True
esp32_device_001,2026-04-29T09:57:49.789474+12:00,20.7,-36.800627,174.761071,1,True
esp32_device_001,2026-04-29T09:57:49.842105+12:00,20.7,-36.800588,174.761102,1,True
esp32_device_001,2026-04-29T09:57:49.894737+12:00,20.7,-36.800549,174.761126,1,True
esp32_device_001,2026-04-29T09:57:49.947368+12:00,20.7,-36.800490,174.761151,1,True
esp32_device_001,2026-04-29T09:57:50+12:00,20.7,-36.800433,174.761170,1,True
esp32_device_001,2026-04-29T09:57:50.052632+12:00,20.7,-36.800320,174.761186,1,True
esp32_device_001,2026-04-29T09:57:50.105263+12:00,20.7,-36.800190,174.761190,1,True
esp32_device_001,2026-04-29T09:57:50.157895+12:00,20.7,-36.800081,174.761195,1,True
esp32_device_001,2026-04-29T09:57:50.210526+12:00,20.7,-36.799959,174.761193,1,True
esp32_device_001,2026-04-29T09:57:50.263158+12:00,20.8,-36.799800,174.761178,1,True
esp32_device_001,2026-04-29T09:57:50.315789+12:00,20.8,-36.799651,174.761154,1,True
esp32_device_001,2026-04-29T09:57:50.368421+12:00,20.8,-36.799450,174.761108,1,True
esp32_device_001,2026-04-29T09:57:50.421053+12:00,20.8,-36.799129,174.761010,1,True
esp32_device_001,2026-04-29T09:57:50.473684+12:00,20.8,-36.798836,174.760907,1,True
esp32_device_001,2026-04-29T09:57:50.526316+12:00,20.8,-36.798591,174.760812,1,True
esp32_device_001,2026-04-29T09:57:50.578947+12:00,20.8,-36.798328,174.760684,1,True
esp32_device_001,2026-04-29T09:57:50.631579+12:00,20.8,-36.797887,174.760422,1,True
esp32_device_001,2026-04-29T09:57:50.684211+12:00,20.8,-36.797545,174.760279,1,True
esp32_device_001,2026-04-29T09:57:50.736842+12:00,20.8,-36.797192,174.759966,1,True
esp32_device_001,2026-04-29T09:57:50.789474+12:00,20.8,-36.796833,174.759627,1,True
esp32_device_001,2026-04-29T09:57:50.842105+12:00,20.8,-36.795900,174.758648,1,True
esp32_device_001,2026-04-29T09:57:50.894737+12:00,20.8,-36.795102,174.757864,1,True
esp32_device_001,2026-04-29T09:57:50.947368+12:00,20.9,-36.794539,174.757309,1,True
esp32_device_001,2026-04-29T09:57:51+12:00,20.9,-36.794252,174.757027,1,True
esp32_device_001,2026-04-29T09:57:51.052632+12:00,20.9,-36.794083,174.756869,1,True
esp32_device_001,2026-04-29T09:57:51.105263+12:00,20.9,-36.793265,174.756135,1,True
esp32_device_001,2026-04-29T09:57:51.157895+12:00,20.9,-36.792708,174.755688,1,True
esp32_device_001,2026-04-29T09:57:51.210526+12:00,20.9,-36.792212,174.755342,1,True
esp32_device_001,2026-04-29T09:57:51.263158+12:00,20.9,-36.791867,174.754964,1,True
esp32_device_001,2026-04-29T09:57:51.315789+12:00,20.9,-36.791475,174.754669,1,True
esp32_device_001,2026-04-29T09:57:51.368421+12:00,20.9,-36.790475,174.753949,1,True
esp32_device_001,2026-04-29T09:57:51.421053+12:00,20.9,-36.790191,174.753745,1,True
esp32_device_001,2026-04-29T09:57:51.473684+12:00,20.9,-36.789563,174.753281,1,True
esp32_device_001,2026-04-29T09:57:51.526316+12:00,20.9,-36.789231,174.753012,1,True
esp32_device_001,2026-04-29T09:57:51.578947+12:00,20.9,-36.789059,174.752861,1,True
esp32_device_001,2026-04-29T09:57:51.631579+12:00,20.9,-36.788955,174.752771,1,True
esp32_device_001,2026-04-29T09:57:51.684211+12:00,21.0,-36.788826,174.752637,1,True
esp32_device_001,2026-04-29T09:57:51.736842+12:00,21.0,-36.788674,174.752486,1,True
esp32_device_001,2026-04-29T09:57:51.789474+12:00,21.0,-36.788651,174.752462,1,True
esp32_device_001,2026-04-29T09:57:51.842105+12:00,21.0,-36.788606,174.752416,1,True
esp32_device_001,2026-04-29T09:57:51.894737+12:00,21.0,-36.788501,174.752309,1,True
esp32_device_001,2026-04-29T09:57:51.947368+12:00,21.0,-36.788281,174.752580,1,True
esp32_device_001,2026-04-29T09:57:52+12:00,21,-36.788094,174.752792,1,False
esp32_device_001,2026-04-29T09:57:52.083333+12:00,21.0,-36.787995,174.752948,1,True
esp32_device_001,2026-04-29T09:57:52.166667+12:00,21.0,-36.787948,174.753008,1,True
esp32_device_001,2026-04-29T09:57:52.250000+12:00,21.0,-36.787836,174.753155,1,True
esp32_device_001,2026-04-29T09:57:52.333333+12:00,21.0,-36.787959,174.753227,1,True
esp32_device_001,2026-04-29T09:57:52.416667+12:00,20.9,-36.788125,174.753029,1,True
esp32_device_001,2026-04-29T09:57:52.500000+12:00,20.9,-36.788411,174.752664,1,True
esp32_device_001,2026-04-29T09:57:52.583333+12:00,20.9,-36.788479,174.752584,1,True
esp32_device_001,2026-04-29T09:57:52.666667+12:00,20.9,-36.788606,174.752416,1,True
esp32_device_001,2026-04-29T09:57:52.750000+12:00,20.9,-36.788501,174.752309,1,True
esp32_device_001,2026-04-29T09:57:52.833333+12:00,20.9,-36.788414,174.752248,1,True
esp32_device_001,2026-04-29T09:57:52.916667+12:00,20.9,-36.788342,174.752210,1,True
esp32_device_001,2026-04-29T09:57:53+12:00,20.9,-36.787993,174.752072,1,True
esp32_device_001,2026-04-29T09:57:53.083333+12:00,20.8,-36.787803,174.751995,1,True
esp32_device_001,2026-04-29T09:57:53.166667+12:00,20.8,-36.787613,174.751918,1,True
esp32_device_001,2026-04-29T09:57:53.250000+12:00,20.8,-36.787307,174.751797,1,True
esp32_device_001,2026-04-29T09:57:53.333333+12:00,20.8,-36.786782,174.751589,1,True
esp32_device_001,2026-04-29T09:57:53.416667+12:00,20.8,-36.786541,174.751485,1,True
esp32_device_001,2026-04-29T09:57:53.500000+12:00,20.8,-36.786287,174.751364,1,True
esp32_device_001,2026-04-29T09:57:53.583333+12:00,20.8,-36.786010,174.751212,1,True
esp32_device_001,2026-04-29T09:57:53.666667+12:00,20.8,-36.785386,174.750832,1,True
esp32_device_001,2026-04-29T09:57:53.750000+12:00,20.8,-36.784414,174.750255,1,True
esp32_device_001,2026-04-29T09:57:53.833333+12:00,20.7,-36.784056,174.750056,1,True
esp32_device_001,2026-04-29T09:57:53.916667+12:00,20.7,-36.783718,174.749951,1,True
esp32_device_001,2026-04-29T09:57:54+12:00,20.7,-36.780226,174.747766,1,True
esp32_device_001,2026-04-29T09:57:54.083333+12:00,20.7,-36.779675,174.747424,1,True
esp32_device_001,2026-04-29T09:57:54.166667+12:00,20.7,-36.778853,174.746914,1,True
esp32_device_001,2026-04-29T09:57:54.250000+12:00,20.7,-36.778480,174.746681,1,True
esp32_device_001,2026-04-29T09:57:54.333333+12:00,20.7,-36.777992,174.746378,1,True
esp32_device_001,2026-04-29T09:57:54.416667+12:00,20.7,-36.776343,174.745345,1,True
esp32_device_001,2026-04-29T09:57:54.500000+12:00,20.6,-36.775245,174.744659,1,True
esp32_device_001,2026-04-29T09:57:54.583333+12:00,20.6,-36.774729,174.744187,1,True
esp32_device_001,2026-04-29T09:57:54.666667+12:00,20.6,-36.774274,174.743853,1,True
esp32_device_001,2026-04-29T09:57:54.750000+12:00,20.6,-36.773651,174.743405,1,True
esp32_device_001,2026-04-29T09:57:54.833333+12:00,20.6,-36.772940,174.742901,1,True
esp32_device_001,2026-04-29T09:57:54.916667+12:00,20.6,-36.772694,174.742723,1,True
esp32_device_001,2026-04-29T09:57:55+12:00,20.6,-36.772387,174.742491,1,True
esp32_device_001,2026-04-29T09:57:55.083333+12:00,20.6,-36.772295,174.742467,1,True
esp32_device_001,2026-04-29T09:57:55.166667+12:00,20.6,-36.772149,174.742372,1,True
esp32_device_001,2026-04-29T09:57:55.250000+12:00,20.5,-36.772076,174.742321,1,True
esp32_device_001,2026-04-29T09:57:55.333333+12:00,20.5,-36.771967,174.742249,1,True
esp32_device_001,2026-04-29T09:57:55.416667+12:00,20.5,-36.771738,174.742933,1,True
esp32_device_001,2026-04-29T09:57:55.500000+12:00,20.5,-36.771677,174.743145,1,True
esp32_device_001,2026-04-29T09:57:55.583333+12:00,20.5,-36.771767,174.743190,1,True
esp32_device_001,2026-04-29T09:57:55.666667+12:00,20.5,-36.771955,174.743277,1,True
esp32_device_001,2026-04-29T09:57:55.750000+12:00,20.5,-36.772422,174.743483,1,True
esp32_device_001,2026-04-29T09:57:55.833333+12:00,20.5,-36.772941,174.743701,1,True
esp32_device_001,2026-04-29T09:57:55.916667+12:00,20.5,-36.773299,174.743840,1,True
esp32_device_001,2026-04-29T09:57:56+12:00,20.4,-36.773817,174.744059,1,True
esp32_device_001,2026-04-29T09:57:56.083333+12:00,20.4,-36.774240,174.744284,1,True
esp32_device_001,2026-04-29T09:57:56.166667+12:00,20.4,-36.775558,174.745078,1,True
esp32_device_001,2026-04-29T09:57:56.250000+12:00,20.4,-36.776470,174.745617,1,True
esp32_device_001,2026-04-29T09:57:56.333333+12:00,20.4,-36.776783,174.745749,1,True
esp32_device_001,2026-04-29T09:57:56.416667+12:00,20.4,-36.777910,174.746450,1,True
esp32_device_001,2026-04-29T09:57:56.500000+12:00,20.4,-36.779692,174.747566,1,True
esp32_device_001,2026-04-29T09:57:56.583333+12:00,20.4,-36.780233,174.747903,1,True
esp32_device_001,2026-04-29T09:57:56.666667+12:00,20.3,-36.784329,174.750467,1,True
esp32_device_001,2026-04-29T09:57:56.750000+12:00,20.3,-36.784987,174.750878,1,True
esp32_device_001,2026-04-29T09:57:56.833333+12:00,20.3,-36.788028,174.752784,1,True
esp32_device_001,2026-04-29T09:57:56.916667+12:00,20.3,-36.788292,174.752951,1,True
esp32_device_001,2026-04-29T09:57:57+12:00,20.3,-36.788433,174.753006,1,False
esp32_device_001,2026-04-29T09:58:02+12:00,20.2,-36.788788,174.75322,1,False
esp32_device_001,2026-04-29T09:58:07+12:00,20.6,-36.789211,174.753494,1,False
esp32_device_001,2026-04-29T09:58:12+12:00,20.6,-36.789654,174.753769,1,False
esp32_device_001,2026-04-29T09:58:17+12:00,20.1,-36.790115,174.754044,1,False
esp32_device_001,2026-04-29T09:58:19.500000+12:00,19.9,-36.790468,174.754311,1,True
esp32_device_001,2026-04-29T09:58:22+12:00,19.6,-36.790546,174.754318,1,False
esp32_device_001,2026-04-29T09:58:27+12:00,18.4,-36.790993,174.754608,1,False
esp32_device_001,2026-04-29T09:58:29.500000+12:00,17.5,-36.790997,174.754655,1,True
esp32_device_001,2026-04-29T09:58:32+12:00,16.7,-36.791386,174.754883,1,False
esp32_device_001,2026-04-29T09:58:34.500000+12:00,15.9,-36.791694,174.755137,1,True
esp32_device_001,2026-04-29T09:58:37+12:00,15.1,-36.791759,174.755142,1,False
esp32_device_001,2026-04-29T09:58:42+12:00,12.9,-36.792213,174.755493,1,False
esp32_device_001,2026-04-29T09:58:44.500000+12:00,11.8,-36.792587,174.755804,1,True
esp32_device_001,2026-04-29T09:58:47+12:00,10.7,-36.79274,174.75592,1,False
esp32_device_001,2026-04-29T09:58:49.500000+12:00,9.6,-36.793179,174.756295,1,True
esp32_device_001,2026-04-29T09:58:52+12:00,8.6,-36.793259,174.756348,1,False
esp32_device_001,2026-04-29T09:58:54.500000+12:00,8.1,-36.793359,174.756444,1,True
esp32_device_001,2026-04-29T09:58:57+12:00,7.6,-36.793755,174.75679,1,False
esp32_device_001,2026-04-29T09:58:58.666667+12:00,7.7,-36.794038,174.757061,1,True
esp32_device_001,2026-04-29T09:59:00.333333+12:00,7.9,-36.794150,174.757172,1,True
esp32_device_001,2026-04-29T09:59:02+12:00,8,-36.794205,174.757217,1,False
esp32_device_001,2026-04-29T09:59:07+12:00,9.4,-36.794617,174.757614,1,False
esp32_device_001,2026-04-29T09:59:12+12:00,11.3,-36.795097,174.758087,1,False
esp32_device_001,2026-04-29T09:59:17+12:00,13.2,-36.795589,174.758606,1,False
esp32_device_001,2026-04-29T09:59:19.500000+12:00,13.9,-36.795740,174.758745,1,True
esp32_device_001,2026-04-29T09:59:22+12:00,14.6,-36.796013,174.759018,1,False
esp32_device_001,2026-04-29T09:59:24.500000+12:00,15.2,-36.796327,174.759327,1,True
esp32_device_001,2026-04-29T09:59:27+12:00,15.8,-36.796432,174.75943,1,False
esp32_device_001,2026-04-29T09:59:29.500000+12:00,16.1,-36.796756,174.759749,1,True
esp32_device_001,2026-04-29T09:59:32+12:00,16.3,-36.796925,174.759903,1,False
esp32_device_001,2026-04-29T09:59:33.666667+12:00,16.2,-36.796972,174.759944,1,True
esp32_device_001,2026-04-29T09:59:35.333333+12:00,16.1,-36.797261,174.760209,1,True
esp32_device_001,2026-04-29T09:59:37+12:00,16,-36.797451,174.760376,1,False
esp32_device_001,2026-04-29T09:59:38.666667+12:00,15.6,-36.797478,174.760396,1,True
esp32_device_001,2026-04-29T09:59:40.333333+12:00,15.3,-36.797706,174.760570,1,True
esp32_device_001,2026-04-29T09:59:42+12:00,14.9,-36.797886,174.760696,1,False
esp32_device_001,2026-04-29T09:59:43.666667+12:00,14.5,-36.797922,174.760726,1,True
esp32_device_001,2026-04-29T09:59:45.333333+12:00,14.0,-36.798142,174.760866,1,True
esp32_device_001,2026-04-29T09:59:47+12:00,13.6,-36.798286,174.760941,1,False
esp32_device_001,2026-04-29T09:59:48.666667+12:00,13.4,-36.798376,174.760996,1,True
esp32_device_001,2026-04-29T09:59:50.333333+12:00,13.1,-36.798601,174.761107,1,True
esp32_device_001,2026-04-29T09:59:52+12:00,12.9,-36.79874,174.761169,1,False
esp32_device_001,2026-04-29T09:59:53.666667+12:00,13.1,-36.798849,174.761217,1,True
esp32_device_001,2026-04-29T09:59:55.333333+12:00,13.3,-36.799173,174.761335,1,True
esp32_device_001,2026-04-29T09:59:57+12:00,13.5,-36.799191,174.761337,1,False
esp32_device_001,2026-04-29T09:59:59.500000+12:00,13.8,-36.799419,174.761405,1,True
esp32_device_001,2026-04-29T10:00:02+12:00,14.2,-36.799637,174.761444,1,False
esp32_device_001,2026-04-29T10:00:03.666667+12:00,13.9,-36.799695,174.761467,1,True
esp32_device_001,2026-04-29T10:00:05.333333+12:00,13.7,-36.799975,174.761513,1,True
esp32_device_001,2026-04-29T10:00:07+12:00,13.4,-36.800114,174.761505,1,False
esp32_device_001,2026-04-29T10:00:08.666667+12:00,13.1,-36.800302,174.761539,1,True
esp32_device_001,2026-04-29T10:00:10.333333+12:00,12.8,-36.800558,174.761550,1,True
esp32_device_001,2026-04-29T10:00:12+12:00,12.5,-36.800644,174.761536,1,False
esp32_device_001,2026-04-29T10:00:13.666667+12:00,12.5,-36.800794,174.761533,1,True
esp32_device_001,2026-04-29T10:00:15.333333+12:00,12.4,-36.801077,174.761510,1,True
esp32_device_001,2026-04-29T10:00:17+12:00,12.4,-36.801121,174.76149,1,False
esp32_device_001,2026-04-29T10:00:19.500000+12:00,12.3,-36.801389,174.761458,1,True
esp32_device_001,2026-04-29T10:00:22+12:00,12.2,-36.801582,174.761398,1,False
esp32_device_001,2026-04-29T10:00:24.500000+12:00,12.1,-36.801705,174.761380,1,True
esp32_device_001,2026-04-29T10:00:27+12:00,12.1,-36.801952,174.761292,1,False
esp32_device_001,2026-04-29T10:00:32+12:00,11.4,-36.802292,174.761169,1,False
esp32_device_001,2026-04-29T10:00:34.500000+12:00,11.7,-36.802523,174.761099,1,True
esp32_device_001,2026-04-29T10:00:37+12:00,11.9,-36.802673,174.761017,1,False
esp32_device_001,2026-04-29T10:00:42+12:00,12.3,-36.803101,174.760864,1,False
esp32_device_001,2026-04-29T10:00:44.500000+12:00,12.2,-36.803404,174.760755,1,True
esp32_device_001,2026-04-29T10:00:47+12:00,12.2,-36.803577,174.760666,1,False
esp32_device_001,2026-04-29T10:00:49.500000+12:00,12.3,-36.803809,174.760594,1,True
esp32_device_001,2026-04-29T10:00:52+12:00,12.5,-36.804123,174.760422,1,False
esp32_device_001,2026-04-29T10:00:53.666667+12:00,12.3,-36.804296,174.760356,1,True
esp32_device_001,2026-04-29T10:00:55.333333+12:00,12.2,-36.804416,174.760293,1,True
esp32_device_001,2026-04-29T10:00:57+12:00,12,-36.804707,174.760117,1,False
esp32_device_001,2026-04-29T10:00:58.666667+12:00,11.9,-36.804983,174.759975,1,True
esp32_device_001,2026-04-29T10:01:00.333333+12:00,11.8,-36.805332,174.759751,1,True
esp32_device_001,2026-04-29T10:01:02+12:00,11.7,-36.805347,174.759735,1,False
esp32_device_001,2026-04-29T10:01:03.666667+12:00,11.5,-36.805595,174.759582,1,True
esp32_device_001,2026-04-29T10:01:05.333333+12:00,11.4,-36.805922,174.759348,1,True
esp32_device_001,2026-04-29T10:01:07+12:00,11.2,-36.806049,174.759247,1,False
esp32_device_001,2026-04-29T10:01:09.500000+12:00,11.4,-36.806326,174.759048,1,True
esp32_device_001,2026-04-29T10:01:12+12:00,11.6,-36.806793,174.758652,1,False
esp32_device_001,2026-04-29T10:01:14.500000+12:00,12.1,-36.806980,174.758506,1,True
esp32_device_001,2026-04-29T10:01:17+12:00,12.7,-36.807522,174.757996,1,False
esp32_device_001,2026-04-29T10:01:19.500000+12:00,12.6,-36.807673,174.757858,1,True
esp32_device_001,2026-04-29T10:01:22+12:00,12.6,-36.808228,174.757339,1,False
esp32_device_001,2026-04-29T10:01:27+12:00,12.8,-36.808903,174.756699,1,False
esp32_device_001,2026-04-29T10:01:29.500000+12:00,12.9,-36.809033,174.756585,1,True
esp32_device_001,2026-04-29T10:01:32+12:00,12.9,-36.809555,174.756088,1,False
esp32_device_001,2026-04-29T10:01:37+12:00,12.7,-36.810184,174.755493,1,False
esp32_device_001,2026-04-29T10:01:39.500000+12:00,12.5,-36.810418,174.755278,1,True
esp32_device_001,2026-04-29T10:01:42+12:00,12.3,-36.810799,174.754929,1,False
esp32_device_001,2026-04-29T10:01:44.500000+12:00,12.2,-36.811222,174.754523,1,True
esp32_device_001,2026-04-29T10:01:47+12:00,12,-36.811432,174.754318,1,False
esp32_device_001,2026-04-29T10:01:52+12:00,11.3,-36.812084,174.753708,1,False
esp32_device_001,2026-04-29T10:01:54.500000+12:00,11.3,-36.812420,174.753389,1,True
esp32_device_001,2026-04-29T10:01:57+12:00,11.3,-36.812786,174.753052,1,False
esp32_device_001,2026-04-29T10:01:58.250000+12:00,11.2,-36.812839,174.753000,1,True
esp32_device_001,2026-04-29T10:01:59.500000+12:00,11.1,-36.813140,174.752730,1,True
esp32_device_001,2026-04-29T10:02:00.750000+12:00,10.9,-36.813439,174.752472,1,True
esp32_device_001,2026-04-29T10:02:02+12:00,10.8,-36.813545,174.75238,1,False
esp32_device_001,2026-04-29T10:02:03+12:00,10.9,-36.813677,174.752278,1,True
esp32_device_001,2026-04-29T10:02:04+12:00,10.9,-36.813907,174.752095,1,True
esp32_device_001,2026-04-29T10:02:05+12:00,11.0,-36.814093,174.751949,1,True
esp32_device_001,2026-04-29T10:02:06+12:00,11.0,-36.814287,174.751806,1,True
esp32_device_001,2026-04-29T10:02:07+12:00,11.1,-36.814358,174.75174,1,False
esp32_device_001,2026-04-29T10:02:08+12:00,11.1,-36.814512,174.751637,1,True
esp32_device_001,2026-04-29T10:02:09+12:00,11.1,-36.814754,174.751477,1,True
esp32_device_001,2026-04-29T10:02:10+12:00,11.0,-36.814963,174.751361,1,True
esp32_device_001,2026-04-29T10:02:11+12:00,11.0,-36.815079,174.751303,1,True
esp32_device_001,2026-04-29T10:02:12+12:00,11,-36.815201,174.751236,1,False
esp32_device_001,2026-04-29T10:02:13.250000+12:00,11.2,-36.815329,174.751202,1,True
esp32_device_001,2026-04-29T10:02:14.500000+12:00,11.5,-36.815571,174.751111,1,True
esp32_device_001,2026-04-29T10:02:15.750000+12:00,11.8,-36.815851,174.751027,1,True
esp32_device_001,2026-04-29T10:02:17+12:00,12,-36.81609,174.750961,1,False
esp32_device_001,2026-04-29T10:02:19.500000+12:00,12.1,-36.816216,174.750937,1,True
esp32_device_001,2026-04-29T10:02:22+12:00,12.2,-36.817024,174.750732,1,False
esp32_device_001,2026-04-29T10:02:24.500000+12:00,12.5,-36.817110,174.750716,1,True
esp32_device_001,2026-04-29T10:02:27+12:00,12.8,-36.817982,174.750488,1,False
esp32_device_001,2026-04-29T10:02:29.500000+12:00,12.9,-36.818149,174.750467,1,True
esp32_device_001,2026-04-29T10:02:32+12:00,13,-36.818905,174.750275,1,False
esp32_device_001,2026-04-29T10:02:33.250000+12:00,12.9,-36.818967,174.750249,1,True
esp32_device_001,2026-04-29T10:02:34.500000+12:00,12.8,-36.819297,174.750155,1,True
esp32_device_001,2026-04-29T10:02:35.750000+12:00,12.6,-36.819682,174.750083,1,True
esp32_device_001,2026-04-29T10:02:37+12:00,12.5,-36.819798,174.750076,1,False
esp32_device_001,2026-04-29T10:02:38.666667+12:00,12.3,-36.820045,174.750045,1,True
esp32_device_001,2026-04-29T10:02:40.333333+12:00,12.2,-36.820504,174.750072,1,True
esp32_device_001,2026-04-29T10:02:42+12:00,12,-36.820686,174.750092,1,False
esp32_device_001,2026-04-29T10:02:43.666667+12:00,12.1,-36.820778,174.750109,1,True
esp32_device_001,2026-04-29T10:02:45.333333+12:00,12.2,-36.821249,174.750174,1,True
esp32_device_001,2026-04-29T10:02:47+12:00,12.3,-36.821526,174.750244,1,False
esp32_device_001,2026-04-29T10:02:48.666667+12:00,13.4,-36.822174,174.750283,1,True
esp32_device_001,2026-04-29T10:02:50.333333+12:00,14.6,-36.822371,174.750311,1,True
esp32_device_001,2026-04-29T10:02:52+12:00,15.7,-36.822399,174.750381,1,False
esp32_device_001,2026-04-29T10:02:53+12:00,16.5,-36.822562,174.750334,1,True
esp32_device_001,2026-04-29T10:02:54+12:00,17.3,-36.822766,174.750345,1,True
esp32_device_001,2026-04-29T10:02:55+12:00,18.0,-36.822946,174.750339,1,True
esp32_device_001,2026-04-29T10:02:56+12:00,18.8,-36.823124,174.750321,1,True
esp32_device_001,2026-04-29T10:02:57+12:00,19.6,-36.823284,174.750351,1,False
esp32_device_001,2026-04-29T10:02:58+12:00,20.5,-36.823323,174.750281,1,True
esp32_device_001,2026-04-29T10:02:59+12:00,21.4,-36.823575,174.750201,1,True
esp32_device_001,2026-04-29T10:03:00+12:00,22.4,-36.823818,174.750102,1,True
esp32_device_001,2026-04-29T10:03:01+12:00,23.3,-36.824029,174.749992,1,True
esp32_device_001,2026-04-29T10:03:02+12:00,24.2,-36.824066,174.750031,1,False
esp32_device_001,2026-04-29T10:03:03.666667+12:00,25.4,-36.824265,174.749856,1,True
esp32_device_001,2026-04-29T10:03:05.333333+12:00,26.7,-36.824486,174.749714,1,True
esp32_device_001,2026-04-29T10:03:07+12:00,27.9,-36.82468,174.749634,1,False
esp32_device_001,2026-04-29T10:03:12+12:00,31.6,-36.825264,174.749252,1,False
esp32_device_001,2026-04-29T10:03:12.018727+12:00,31.6,-36.825685,174.748919,1,True
esp32_device_001,2026-04-29T10:03:12.037453+12:00,31.6,-36.826887,174.748127,1,True
esp32_device_001,2026-04-29T10:03:12.056180+12:00,31.6,-36.827683,174.747602,1,True
esp32_device_001,2026-04-29T10:03:12.074906+12:00,31.7,-36.828216,174.747250,1,True
esp32_device_001,2026-04-29T10:03:12.093633+12:00,31.7,-36.828797,174.746866,1,True
esp32_device_001,2026-04-29T10:03:12.112360+12:00,31.7,-36.829179,174.746615,1,True
esp32_device_001,2026-04-29T10:03:12.131086+12:00,31.7,-36.829531,174.746382,1,True
esp32_device_001,2026-04-29T10:03:12.149813+12:00,31.7,-36.830141,174.745979,1,True
esp32_device_001,2026-04-29T10:03:12.168539+12:00,31.7,-36.830797,174.745547,1,True
esp32_device_001,2026-04-29T10:03:12.187266+12:00,31.7,-36.835646,174.742347,1,True
esp32_device_001,2026-04-29T10:03:12.205993+12:00,31.8,-36.836023,174.742102,1,True
esp32_device_001,2026-04-29T10:03:12.224719+12:00,31.8,-36.836542,174.741875,1,True
esp32_device_001,2026-04-29T10:03:12.243446+12:00,31.8,-36.836844,174.741753,1,True
esp32_device_001,2026-04-29T10:03:12.262172+12:00,31.8,-36.837142,174.741666,1,True
esp32_device_001,2026-04-29T10:03:12.280899+12:00,31.8,-36.837308,174.741646,1,True
esp32_device_001,2026-04-29T10:03:12.299625+12:00,31.8,-36.837484,174.741640,1,True
esp32_device_001,2026-04-29T10:03:12.318352+12:00,31.9,-36.837667,174.741652,1,True
esp32_device_001,2026-04-29T10:03:12.337079+12:00,31.9,-36.837849,174.741690,1,True
esp32_device_001,2026-04-29T10:03:12.355805+12:00,31.9,-36.838015,174.741740,1,True
esp32_device_001,2026-04-29T10:03:12.374532+12:00,31.9,-36.838206,174.741830,1,True
esp32_device_001,2026-04-29T10:03:12.393258+12:00,31.9,-36.838381,174.741936,1,True
esp32_device_001,2026-04-29T10:03:12.411985+12:00,31.9,-36.838517,174.742041,1,True
esp32_device_001,2026-04-29T10:03:12.430712+12:00,31.9,-36.838632,174.742147,1,True
esp32_device_001,2026-04-29T10:03:12.449438+12:00,32.0,-36.838767,174.742283,1,True
esp32_device_001,2026-04-29T10:03:12.468165+12:00,32.0,-36.839008,174.742561,1,True
esp32_device_001,2026-04-29T10:03:12.486891+12:00,32.0,-36.839186,174.742819,1,True
esp32_device_001,2026-04-29T10:03:12.505618+12:00,32.0,-36.839447,174.743208,1,True
esp32_device_001,2026-04-29T10:03:12.524345+12:00,32.0,-36.840124,174.744340,1,True
esp32_device_001,2026-04-29T10:03:12.543071+12:00,32.0,-36.840236,174.744527,1,True
esp32_device_001,2026-04-29T10:03:12.561798+12:00,32.0,-36.840394,174.744770,1,True
esp32_device_001,2026-04-29T10:03:12.580524+12:00,32.1,-36.840513,174.744931,1,True
esp32_device_001,2026-04-29T10:03:12.599251+12:00,32.1,-36.840633,174.745071,1,True
esp32_device_001,2026-04-29T10:03:12.617978+12:00,32.1,-36.840773,174.745205,1,True
esp32_device_001,2026-04-29T10:03:12.636704+12:00,32.1,-36.840983,174.745369,1,True
esp32_device_001,2026-04-29T10:03:12.655431+12:00,32.1,-36.841202,174.745517,1,True
esp32_device_001,2026-04-29T10:03:12.674157+12:00,32.1,-36.841443,174.745666,1,True
esp32_device_001,2026-04-29T10:03:12.692884+12:00,32.2,-36.841662,174.745812,1,True
esp32_device_001,2026-04-29T10:03:12.711610+12:00,32.2,-36.841787,174.745911,1,True
esp32_device_001,2026-04-29T10:03:12.730337+12:00,32.2,-36.841906,174.746017,1,True
esp32_device_001,2026-04-29T10:03:12.749064+12:00,32.2,-36.842005,174.746122,1,True
esp32_device_001,2026-04-29T10:03:12.767790+12:00,32.2,-36.842152,174.746304,1,True
esp32_device_001,2026-04-29T10:03:12.786517+12:00,32.2,-36.842273,174.746486,1,True
esp32_device_001,2026-04-29T10:03:12.805243+12:00,32.2,-36.842386,174.746711,1,True
esp32_device_001,2026-04-29T10:03:12.823970+12:00,32.3,-36.842483,174.746946,1,True
esp32_device_001,2026-04-29T10:03:12.842697+12:00,32.3,-36.842550,174.747180,1,True
esp32_device_001,2026-04-29T10:03:12.861423+12:00,32.3,-36.842607,174.747418,1,True
esp32_device_001,2026-04-29T10:03:12.880150+12:00,32.3,-36.842636,174.747557,1,True
esp32_device_001,2026-04-29T10:03:12.898876+12:00,32.3,-36.842715,174.747948,1,True
esp32_device_001,2026-04-29T10:03:12.917603+12:00,32.3,-36.842798,174.748324,1,True
esp32_device_001,2026-04-29T10:03:12.936330+12:00,32.3,-36.842887,174.748674,1,True
esp32_device_001,2026-04-29T10:03:12.955056+12:00,32.4,-36.842981,174.748991,1,True
esp32_device_001,2026-04-29T10:03:12.973783+12:00,32.4,-36.843078,174.749278,1,True
esp32_device_001,2026-04-29T10:03:12.992509+12:00,32.4,-36.843154,174.749686,1,True
esp32_device_001,2026-04-29T10:03:13.011236+12:00,32.4,-36.843203,174.749834,1,True
esp32_device_001,2026-04-29T10:03:13.029963+12:00,32.4,-36.843244,174.749937,1,True
esp32_device_001,2026-04-29T10:03:13.048689+12:00,32.4,-36.843334,174.750120,1,True
esp32_device_001,2026-04-29T10:03:13.067416+12:00,32.5,-36.843539,174.750536,1,True
esp32_device_001,2026-04-29T10:03:13.086142+12:00,32.5,-36.843677,174.750785,1,True
esp32_device_001,2026-04-29T10:03:13.104869+12:00,32.5,-36.843747,174.750902,1,True
esp32_device_001,2026-04-29T10:03:13.123596+12:00,32.5,-36.843786,174.750969,1,True
esp32_device_001,2026-04-29T10:03:13.142322+12:00,32.5,-36.844227,174.751709,1,True
esp32_device_001,2026-04-29T10:03:13.161049+12:00,32.5,-36.844299,174.751828,1,True
esp32_device_001,2026-04-29T10:03:13.179775+12:00,32.5,-36.844518,174.752141,1,True
esp32_device_001,2026-04-29T10:03:13.198502+12:00,32.6,-36.844554,174.752194,1,True
esp32_device_001,2026-04-29T10:03:13.217228+12:00,32.6,-36.844640,174.752317,1,True
esp32_device_001,2026-04-29T10:03:13.235955+12:00,32.6,-36.844714,174.752417,1,True
esp32_device_001,2026-04-29T10:03:13.254682+12:00,32.6,-36.844845,174.752587,1,True
esp32_device_001,2026-04-29T10:03:13.273408+12:00,32.6,-36.844894,174.752666,1,True
esp32_device_001,2026-04-29T10:03:13.292135+12:00,32.6,-36.844952,174.752763,1,True
esp32_device_001,2026-04-29T10:03:13.310861+12:00,32.6,-36.844982,174.752822,1,True
esp32_device_001,2026-04-29T10:03:13.329588+12:00,32.7,-36.845003,174.752861,1,True
esp32_device_001,2026-04-29T10:03:13.348315+12:00,32.7,-36.845060,174.752992,1,True
esp32_device_001,2026-04-29T10:03:13.367041+12:00,32.7,-36.845195,174.752932,1,True
esp32_device_001,2026-04-29T10:03:13.385768+12:00,32.7,-36.845137,174.752741,1,True
esp32_device_001,2026-04-29T10:03:13.404494+12:00,32.7,-36.845111,174.752655,1,True
esp32_device_001,2026-04-29T10:03:13.423221+12:00,32.7,-36.845073,174.752505,1,True
esp32_device_001,2026-04-29T10:03:13.441948+12:00,32.8,-36.845058,174.752421,1,True
esp32_device_001,2026-04-29T10:03:13.460674+12:00,32.8,-36.845050,174.752380,1,True
esp32_device_001,2026-04-29T10:03:13.479401+12:00,32.8,-36.845037,174.752303,1,True
esp32_device_001,2026-04-29T10:03:13.498127+12:00,32.8,-36.845017,174.752165,1,True
esp32_device_001,2026-04-29T10:03:13.516854+12:00,32.8,-36.844988,174.751987,1,True
esp32_device_001,2026-04-29T10:03:13.535581+12:00,32.8,-36.844962,174.751883,1,True
esp32_device_001,2026-04-29T10:03:13.554307+12:00,32.8,-36.844936,174.751793,1,True
esp32_device_001,2026-04-29T10:03:13.573034+12:00,32.9,-36.844904,174.751711,1,True
esp32_device_001,2026-04-29T10:03:13.591760+12:00,32.9,-36.844862,174.751617,1,True
esp32_device_001,2026-04-29T10:03:13.610487+12:00,32.9,-36.844806,174.751515,1,True
esp32_device_001,2026-04-29T10:03:13.629213+12:00,32.9,-36.844751,174.751423,1,True
esp32_device_001,2026-04-29T10:03:13.647940+12:00,32.9,-36.844642,174.751269,1,True
esp32_device_001,2026-04-29T10:03:13.666667+12:00,32.9,-36.844595,174.751209,1,True
esp32_device_001,2026-04-29T10:03:13.685393+12:00,32.9,-36.844384,174.750899,1,True
esp32_device_001,2026-04-29T10:03:13.704120+12:00,33.0,-36.844245,174.750690,1,True
esp32_device_001,2026-04-29T10:03:13.722846+12:00,33.0,-36.844201,174.750625,1,True
esp32_device_001,2026-04-29T10:03:13.741573+12:00,33.0,-36.844156,174.750557,1,True
esp32_device_001,2026-04-29T10:03:13.760300+12:00,33.0,-36.844002,174.750331,1,True
esp32_device_001,2026-04-29T10:03:13.779026+12:00,33.0,-36.843822,174.750049,1,True
esp32_device_001,2026-04-29T10:03:13.797753+12:00,33.0,-36.843621,174.749727,1,True
esp32_device_001,2026-04-29T10:03:13.816479+12:00,33.1,-36.843531,174.749577,1,True
esp32_device_001,2026-04-29T10:03:13.835206+12:00,33.1,-36.843461,174.749458,1,True
esp32_device_001,2026-04-29T10:03:13.853933+12:00,33.1,-36.843360,174.749260,1,True
esp32_device_001,2026-04-29T10:03:13.872659+12:00,33.1,-36.843285,174.749101,1,True
esp32_device_001,2026-04-29T10:03:13.891386+12:00,33.1,-36.843225,174.748947,1,True
esp32_device_001,2026-04-29T10:03:13.910112+12:00,33.1,-36.843155,174.748750,1,True
esp32_device_001,2026-04-29T10:03:13.928839+12:00,33.1,-36.843105,174.748582,1,True
esp32_device_001,2026-04-29T10:03:13.947566+12:00,33.2,-36.843046,174.748372,1,True
esp32_device_001,2026-04-29T10:03:13.966292+12:00,33.2,-36.842994,174.748134,1,True
esp32_device_001,2026-04-29T10:03:13.985019+12:00,33.2,-36.842895,174.747659,1,True
esp32_device_001,2026-04-29T10:03:14.003745+12:00,33.2,-36.842773,174.747381,1,True
esp32_device_001,2026-04-29T10:03:14.022472+12:00,33.2,-36.842693,174.747053,1,True
esp32_device_001,2026-04-29T10:03:14.041199+12:00,33.2,-36.842608,174.746768,1,True
esp32_device_001,2026-04-29T10:03:14.059925+12:00,33.2,-36.842466,174.746452,1,True
esp32_device_001,2026-04-29T10:03:14.078652+12:00,33.3,-36.842349,174.746259,1,True
esp32_device_001,2026-04-29T10:03:14.097378+12:00,33.3,-36.842209,174.746059,1,True
esp32_device_001,2026-04-29T10:03:14.116105+12:00,33.3,-36.842029,174.745863,1,True
esp32_device_001,2026-04-29T10:03:14.134831+12:00,33.3,-36.841876,174.745727,1,True
esp32_device_001,2026-04-29T10:03:14.153558+12:00,33.3,-36.841724,174.745614,1,True
esp32_device_001,2026-04-29T10:03:14.172285+12:00,33.3,-36.841561,174.745498,1,True
esp32_device_001,2026-04-29T10:03:14.191011+12:00,33.4,-36.841321,174.745351,1,True
esp32_device_001,2026-04-29T10:03:14.209738+12:00,33.4,-36.841084,174.745198,1,True
esp32_device_001,2026-04-29T10:03:14.228464+12:00,33.4,-36.840870,174.745030,1,True
esp32_device_001,2026-04-29T10:03:14.247191+12:00,33.4,-36.840718,174.744879,1,True
esp32_device_001,2026-04-29T10:03:14.265918+12:00,33.4,-36.840585,174.744715,1,True
esp32_device_001,2026-04-29T10:03:14.284644+12:00,33.4,-36.840475,174.744560,1,True
esp32_device_001,2026-04-29T10:03:14.303371+12:00,33.4,-36.840307,174.744291,1,True
esp32_device_001,2026-04-29T10:03:14.322097+12:00,33.5,-36.840088,174.743925,1,True
esp32_device_001,2026-04-29T10:03:14.340824+12:00,33.5,-36.839600,174.743116,1,True
esp32_device_001,2026-04-29T10:03:14.359551+12:00,33.5,-36.839387,174.742783,1,True
esp32_device_001,2026-04-29T10:03:14.378277+12:00,33.5,-36.839206,174.742508,1,True
esp32_device_001,2026-04-29T10:03:14.397004+12:00,33.5,-36.839021,174.742257,1,True
esp32_device_001,2026-04-29T10:03:14.415730+12:00,33.5,-36.838821,174.742046,1,True
esp32_device_001,2026-04-29T10:03:14.434457+12:00,33.5,-36.838623,174.741867,1,True
esp32_device_001,2026-04-29T10:03:14.453184+12:00,33.6,-36.838468,174.741750,1,True
esp32_device_001,2026-04-29T10:03:14.471910+12:00,33.6,-36.838348,174.741680,1,True
esp32_device_001,2026-04-29T10:03:14.490637+12:00,33.6,-36.838227,174.741622,1,True
esp32_device_001,2026-04-29T10:03:14.509363+12:00,33.6,-36.837949,174.741503,1,True
esp32_device_001,2026-04-29T10:03:14.528090+12:00,33.6,-36.837715,174.741437,1,True
esp32_device_001,2026-04-29T10:03:14.546816+12:00,33.6,-36.837560,174.741424,1,True
esp32_device_001,2026-04-29T10:03:14.565543+12:00,33.7,-36.837405,174.741423,1,True
esp32_device_001,2026-04-29T10:03:14.584270+12:00,33.7,-36.837296,174.741430,1,True
esp32_device_001,2026-04-29T10:03:14.602996+12:00,33.7,-36.837010,174.741401,1,True
esp32_device_001,2026-04-29T10:03:14.621723+12:00,33.7,-36.836787,174.741472,1,True
esp32_device_001,2026-04-29T10:03:14.640449+12:00,33.7,-36.836424,174.741650,1,True
esp32_device_001,2026-04-29T10:03:14.659176+12:00,33.7,-36.836258,174.741753,1,True
esp32_device_001,2026-04-29T10:03:14.677903+12:00,33.7,-36.836146,174.741838,1,True
esp32_device_001,2026-04-29T10:03:14.696629+12:00,33.8,-36.835594,174.742220,1,True
esp32_device_001,2026-04-29T10:03:14.715356+12:00,33.8,-36.830755,174.745413,1,True
esp32_device_001,2026-04-29T10:03:14.734082+12:00,33.8,-36.830090,174.745851,1,True
esp32_device_001,2026-04-29T10:03:14.752809+12:00,33.8,-36.829482,174.746253,1,True
esp32_device_001,2026-04-29T10:03:14.771536+12:00,33.8,-36.829127,174.746487,1,True
esp32_device_001,2026-04-29T10:03:14.790262+12:00,33.8,-36.828740,174.746742,1,True
esp32_device_001,2026-04-29T10:03:14.808989+12:00,33.8,-36.828163,174.747123,1,True
esp32_device_001,2026-04-29T10:03:14.827715+12:00,33.9,-36.827631,174.747475,1,True
esp32_device_001,2026-04-29T10:03:14.846442+12:00,33.9,-36.826833,174.748001,1,True
esp32_device_001,2026-04-29T10:03:14.865169+12:00,33.9,-36.824432,174.749586,1,True
esp32_device_001,2026-04-29T10:03:14.883895+12:00,33.9,-36.824211,174.749724,1,True
esp32_device_001,2026-04-29T10:03:14.902622+12:00,33.9,-36.823995,174.749847,1,True
esp32_device_001,2026-04-29T10:03:14.921348+12:00,33.9,-36.823771,174.749967,1,True
esp32_device_001,2026-04-29T10:03:14.940075+12:00,34.0,-36.823542,174.750062,1,True
esp32_device_001,2026-04-29T10:03:14.958801+12:00,34.0,-36.823312,174.750135,1,True
esp32_device_001,2026-04-29T10:03:14.977528+12:00,34.0,-36.823081,174.750180,1,True
esp32_device_001,2026-04-29T10:03:14.996255+12:00,34.0,-36.822927,174.750192,1,True
esp32_device_001,2026-04-29T10:03:15.014981+12:00,34.0,-36.822769,174.750200,1,True
esp32_device_001,2026-04-29T10:03:15.033708+12:00,34.0,-36.822492,174.750187,1,True
esp32_device_001,2026-04-29T10:03:15.052434+12:00,34.0,-36.822253,174.750154,1,True
esp32_device_001,2026-04-29T10:03:15.071161+12:00,34.1,-36.821995,174.750106,1,True
esp32_device_001,2026-04-29T10:03:15.089888+12:00,34.1,-36.821823,174.750061,1,True
esp32_device_001,2026-04-29T10:03:15.108614+12:00,34.1,-36.821467,174.749972,1,True
esp32_device_001,2026-04-29T10:03:15.127341+12:00,34.1,-36.821111,174.749881,1,True
esp32_device_001,2026-04-29T10:03:15.146067+12:00,34.1,-36.820760,174.749773,1,True
esp32_device_001,2026-04-29T10:03:15.164794+12:00,34.1,-36.820583,174.749712,1,True
esp32_device_001,2026-04-29T10:03:15.183521+12:00,34.1,-36.820212,174.749577,1,True
esp32_device_001,2026-04-29T10:03:15.202247+12:00,34.2,-36.819565,174.749478,1,True
esp32_device_001,2026-04-29T10:03:15.220974+12:00,34.2,-36.819331,174.749470,1,True
esp32_device_001,2026-04-29T10:03:15.239700+12:00,34.2,-36.819134,174.749484,1,True
esp32_device_001,2026-04-29T10:03:15.258427+12:00,34.2,-36.818569,174.749598,1,True
esp32_device_001,2026-04-29T10:03:15.277154+12:00,34.2,-36.818101,174.749734,1,True
esp32_device_001,2026-04-29T10:03:15.295880+12:00,34.2,-36.817615,174.749876,1,True
esp32_device_001,2026-04-29T10:03:15.314607+12:00,34.3,-36.817506,174.749904,1,True
esp32_device_001,2026-04-29T10:03:15.333333+12:00,34.3,-36.817360,174.749954,1,True
esp32_device_001,2026-04-29T10:03:15.352060+12:00,34.3,-36.817150,174.750011,1,True
esp32_device_001,2026-04-29T10:03:15.370787+12:00,34.3,-36.817096,174.750022,1,True
esp32_device_001,2026-04-29T10:03:15.389513+12:00,34.3,-36.817041,174.750030,1,True
esp32_device_001,2026-04-29T10:03:15.408240+12:00,34.3,-36.816994,174.750035,1,True
esp32_device_001,2026-04-29T10:03:15.426966+12:00,34.3,-36.816943,174.750040,1,True
esp32_device_001,2026-04-29T10:03:15.445693+12:00,34.4,-36.816865,174.750041,1,True
esp32_device_001,2026-04-29T10:03:15.464419+12:00,34.4,-36.816784,174.750042,1,True
esp32_device_001,2026-04-29T10:03:15.483146+12:00,34.4,-36.816628,174.750027,1,True
esp32_device_001,2026-04-29T10:03:15.501873+12:00,34.4,-36.816565,174.750012,1,True
esp32_device_001,2026-04-29T10:03:15.520599+12:00,34.4,-36.816461,174.749976,1,True
esp32_device_001,2026-04-29T10:03:15.539326+12:00,34.4,-36.816412,174.749945,1,True
esp32_device_001,2026-04-29T10:03:15.558052+12:00,34.4,-36.816394,174.749929,1,True
esp32_device_001,2026-04-29T10:03:15.576779+12:00,34.5,-36.816378,174.749912,1,True
esp32_device_001,2026-04-29T10:03:15.595506+12:00,34.5,-36.816353,174.749881,1,True
esp32_device_001,2026-04-29T10:03:15.614232+12:00,34.5,-36.816333,174.749849,1,True
esp32_device_001,2026-04-29T10:03:15.632959+12:00,34.5,-36.816323,174.749828,1,True
esp32_device_001,2026-04-29T10:03:15.651685+12:00,34.5,-36.816315,174.749807,1,True
esp32_device_001,2026-04-29T10:03:15.670412+12:00,34.5,-36.816307,174.749784,1,True
esp32_device_001,2026-04-29T10:03:15.689139+12:00,34.6,-36.816301,174.749760,1,True
esp32_device_001,2026-04-29T10:03:15.707865+12:00,34.6,-36.816289,174.749695,1,True
esp32_device_001,2026-04-29T10:03:15.726592+12:00,34.6,-36.816282,174.749621,1,True
esp32_device_001,2026-04-29T10:03:15.745318+12:00,34.6,-36.816276,174.749541,1,True
esp32_device_001,2026-04-29T10:03:15.764045+12:00,34.6,-36.816267,174.749469,1,True
esp32_device_001,2026-04-29T10:03:15.782772+12:00,34.6,-36.816264,174.749452,1,True
esp32_device_001,2026-04-29T10:03:15.801498+12:00,34.6,-36.816260,174.749436,1,True
esp32_device_001,2026-04-29T10:03:15.820225+12:00,34.7,-36.816251,174.749407,1,True
esp32_device_001,2026-04-29T10:03:15.838951+12:00,34.7,-36.816287,174.749398,1,True
esp32_device_001,2026-04-29T10:03:15.857678+12:00,34.7,-36.816295,174.749395,1,True
esp32_device_001,2026-04-29T10:03:15.876404+12:00,34.7,-36.816715,174.749273,1,True
esp32_device_001,2026-04-29T10:03:15.895131+12:00,34.7,-36.816790,174.749251,1,True
esp32_device_001,2026-04-29T10:03:15.913858+12:00,34.7,-36.816709,174.748414,1,True
esp32_device_001,2026-04-29T10:03:15.932584+12:00,34.7,-36.816711,174.748379,1,True
esp32_device_001,2026-04-29T10:03:15.951311+12:00,34.8,-36.816717,174.748344,1,True
esp32_device_001,2026-04-29T10:03:15.970037+12:00,34.8,-36.816731,174.748311,1,True
esp32_device_001,2026-04-29T10:03:15.988764+12:00,34.8,-36.816752,174.748282,1,True
esp32_device_001,2026-04-29T10:03:16.007491+12:00,34.8,-36.816784,174.748255,1,True
esp32_device_001,2026-04-29T10:03:16.026217+12:00,34.8,-36.817234,174.747933,1,True
esp32_device_001,2026-04-29T10:03:16.044944+12:00,34.8,-36.817257,174.747919,1,True
esp32_device_001,2026-04-29T10:03:16.063670+12:00,34.9,-36.817283,174.747909,1,True
esp32_device_001,2026-04-29T10:03:16.082397+12:00,34.9,-36.817314,174.747905,1,True
esp32_device_001,2026-04-29T10:03:16.101124+12:00,34.9,-36.818051,174.747816,1,True
esp32_device_001,2026-04-29T10:03:16.119850+12:00,34.9,-36.818326,174.747788,1,True
esp32_device_001,2026-04-29T10:03:16.138577+12:00,34.9,-36.818776,174.747755,1,True
esp32_device_001,2026-04-29T10:03:16.157303+12:00,34.9,-36.818883,174.747756,1,True
esp32_device_001,2026-04-29T10:03:16.176030+12:00,34.9,-36.819291,174.747760,1,True
esp32_device_001,2026-04-29T10:03:16.194757+12:00,35.0,-36.819354,174.747766,1,True
esp32_device_001,2026-04-29T10:03:16.213483+12:00,35.0,-36.819406,174.747774,1,True
esp32_device_001,2026-04-29T10:03:16.232210+12:00,35.0,-36.819437,174.747784,1,True
esp32_device_001,2026-04-29T10:03:16.250936+12:00,35.0,-36.819455,174.747794,1,True
esp32_device_001,2026-04-29T10:03:16.269663+12:00,35.0,-36.819463,174.747798,1,True
esp32_device_001,2026-04-29T10:03:16.288390+12:00,35.0,-36.819488,174.747825,1,True
esp32_device_001,2026-04-29T10:03:16.307116+12:00,35.0,-36.819513,174.747858,1,True
esp32_device_001,2026-04-29T10:03:16.325843+12:00,35.1,-36.819537,174.747892,1,True
esp32_device_001,2026-04-29T10:03:16.344569+12:00,35.1,-36.819560,174.747922,1,True
esp32_device_001,2026-04-29T10:03:16.363296+12:00,35.1,-36.819599,174.747955,1,True
esp32_device_001,2026-04-29T10:03:16.382022+12:00,35.1,-36.819641,174.747983,1,True
esp32_device_001,2026-04-29T10:03:16.400749+12:00,35.1,-36.819754,174.748061,1,True
esp32_device_001,2026-04-29T10:03:16.419476+12:00,35.1,-36.819805,174.748089,1,True
esp32_device_001,2026-04-29T10:03:16.438202+12:00,35.2,-36.819852,174.748110,1,True
esp32_device_001,2026-04-29T10:03:16.456929+12:00,35.2,-36.819879,174.748121,1,True
esp32_device_001,2026-04-29T10:03:16.475655+12:00,35.2,-36.819899,174.748129,1,True
esp32_device_001,2026-04-29T10:03:16.494382+12:00,35.2,-36.820567,174.748348,1,True
esp32_device_001,2026-04-29T10:03:16.513109+12:00,35.2,-36.821351,174.748605,1,True
esp32_device_001,2026-04-29T10:03:16.531835+12:00,35.2,-36.821696,174.748718,1,True
esp32_device_001,2026-04-29T10:03:16.550562+12:00,35.2,-36.822533,174.749020,1,True
esp32_device_001,2026-04-29T10:03:16.569288+12:00,35.3,-36.822836,174.749130,1,True
esp32_device_001,2026-04-29T10:03:16.588015+12:00,35.3,-36.822861,174.749140,1,True
esp32_device_001,2026-04-29T10:03:16.606742+12:00,35.3,-36.822880,174.749154,1,True
esp32_device_001,2026-04-29T10:03:16.625468+12:00,35.3,-36.822911,174.749181,1,True
esp32_device_001,2026-04-29T10:03:16.644195+12:00,35.3,-36.822936,174.749196,1,True
esp32_device_001,2026-04-29T10:03:16.662921+12:00,35.3,-36.822965,174.749207,1,True
esp32_device_001,2026-04-29T10:03:16.681648+12:00,35.3,-36.822993,174.749211,1,True
esp32_device_001,2026-04-29T10:03:16.700375+12:00,35.4,-36.823021,174.749210,1,True
esp32_device_001,2026-04-29T10:03:16.719101+12:00,35.4,-36.824633,174.749032,1,True
esp32_device_001,2026-04-29T10:03:16.737828+12:00,35.4,-36.824823,174.749012,1,True
esp32_device_001,2026-04-29T10:03:16.756554+12:00,35.4,-36.825077,174.748994,1,True
esp32_device_001,2026-04-29T10:03:16.775281+12:00,35.4,-36.825140,174.748980,1,True
esp32_device_001,2026-04-29T10:03:16.794007+12:00,35.4,-36.825200,174.748959,1,True
esp32_device_001,2026-04-29T10:03:16.812734+12:00,35.5,-36.825260,174.748930,1,True
esp32_device_001,2026-04-29T10:03:16.831461+12:00,35.5,-36.825531,174.748773,1,True
esp32_device_001,2026-04-29T10:03:16.850187+12:00,35.5,-36.825568,174.748806,1,True
esp32_device_001,2026-04-29T10:03:16.868914+12:00,35.5,-36.825752,174.748972,1,True
esp32_device_001,2026-04-29T10:03:16.887640+12:00,35.5,-36.825780,174.748987,1,True
esp32_device_001,2026-04-29T10:03:16.906367+12:00,35.5,-36.825808,174.748994,1,True
esp32_device_001,2026-04-29T10:03:16.925094+12:00,35.5,-36.825840,174.748995,1,True
esp32_device_001,2026-04-29T10:03:16.943820+12:00,35.6,-36.825944,174.748957,1,True
esp32_device_001,2026-04-29T10:03:16.962547+12:00,35.6,-36.825941,174.748898,1,True
esp32_device_001,2026-04-29T10:03:16.981273+12:00,35.6,-36.825914,174.748887,1,True
esp32_device_001,2026-04-29T10:03:17+12:00,35.6,-36.825867,174.748856,1,False
esp32_device_001,2026-04-29T10:03:17.025126+12:00,35.6,-36.825716,174.748719,1,True
esp32_device_001,2026-04-29T10:03:17.050251+12:00,35.6,-36.825700,174.748710,1,True
esp32_device_001,2026-04-29T10:03:17.075377+12:00,35.7,-36.825694,174.748707,1,True
esp32_device_001,2026-04-29T10:03:17.100503+12:00,35.7,-36.825670,174.748702,1,True
esp32_device_001,2026-04-29T10:03:17.125628+12:00,35.7,-36.825650,174.748706,1,True
esp32_device_001,2026-04-29T10:03:17.150754+12:00,35.7,-36.825615,174.748725,1,True
esp32_device_001,2026-04-29T10:03:17.175879+12:00,35.7,-36.825531,174.748773,1,True
esp32_device_001,2026-04-29T10:03:17.201005+12:00,35.7,-36.825260,174.748930,1,True
esp32_device_001,2026-04-29T10:03:17.226131+12:00,35.8,-36.825200,174.748959,1,True
esp32_device_001,2026-04-29T10:03:17.251256+12:00,35.8,-36.825140,174.748980,1,True
esp32_device_001,2026-04-29T10:03:17.276382+12:00,35.8,-36.825077,174.748994,1,True
esp32_device_001,2026-04-29T10:03:17.301508+12:00,35.8,-36.824823,174.749012,1,True
esp32_device_001,2026-04-29T10:03:17.326633+12:00,35.8,-36.824633,174.749032,1,True
esp32_device_001,2026-04-29T10:03:17.351759+12:00,35.8,-36.823021,174.749210,1,True
esp32_device_001,2026-04-29T10:03:17.376884+12:00,35.9,-36.822993,174.749211,1,True
esp32_device_001,2026-04-29T10:03:17.402010+12:00,35.9,-36.822965,174.749207,1,True
esp32_device_001,2026-04-29T10:03:17.427136+12:00,35.9,-36.822936,174.749196,1,True
esp32_device_001,2026-04-29T10:03:17.452261+12:00,35.9,-36.822911,174.749181,1,True
esp32_device_001,2026-04-29T10:03:17.477387+12:00,35.9,-36.822880,174.749154,1,True
esp32_device_001,2026-04-29T10:03:17.502513+12:00,35.9,-36.822861,174.749140,1,True
esp32_device_001,2026-04-29T10:03:17.527638+12:00,36.0,-36.822836,174.749130,1,True
esp32_device_001,2026-04-29T10:03:17.552764+12:00,36.0,-36.822533,174.749020,1,True
esp32_device_001,2026-04-29T10:03:17.577889+12:00,36.0,-36.821696,174.748718,1,True
esp32_device_001,2026-04-29T10:03:17.603015+12:00,36.0,-36.821702,174.748663,1,True
esp32_device_001,2026-04-29T10:03:17.628141+12:00,36.0,-36.821777,174.747958,1,True
esp32_device_001,2026-04-29T10:03:17.653266+12:00,36.0,-36.821782,174.747913,1,True
esp32_device_001,2026-04-29T10:03:17.678392+12:00,36.1,-36.821786,174.747867,1,True
esp32_device_001,2026-04-29T10:03:17.703518+12:00,36.1,-36.821538,174.747781,1,True
esp32_device_001,2026-04-29T10:03:17.728643+12:00,36.1,-36.820734,174.747505,1,True
esp32_device_001,2026-04-29T10:03:17.753769+12:00,36.1,-36.820340,174.747370,1,True
esp32_device_001,2026-04-29T10:03:17.778894+12:00,36.1,-36.820274,174.747348,1,True
esp32_device_001,2026-04-29T10:03:17.804020+12:00,36.1,-36.820218,174.747324,1,True
esp32_device_001,2026-04-29T10:03:17.829146+12:00,36.2,-36.820162,174.747299,1,True
esp32_device_001,2026-04-29T10:03:17.854271+12:00,36.2,-36.820107,174.747269,1,True
esp32_device_001,2026-04-29T10:03:17.879397+12:00,36.2,-36.820052,174.747237,1,True
esp32_device_001,2026-04-29T10:03:17.904523+12:00,36.2,-36.819974,174.747174,1,True
esp32_device_001,2026-04-29T10:03:17.929648+12:00,36.2,-36.819884,174.747094,1,True
esp32_device_001,2026-04-29T10:03:17.954774+12:00,36.2,-36.819794,174.747015,1,True
esp32_device_001,2026-04-29T10:03:17.979899+12:00,36.3,-36.819365,174.746631,1,True
esp32_device_001,2026-04-29T10:03:18.005025+12:00,36.3,-36.819119,174.746412,1,True
esp32_device_001,2026-04-29T10:03:18.030151+12:00,36.3,-36.819058,174.746356,1,True
esp32_device_001,2026-04-29T10:03:18.055276+12:00,36.3,-36.818995,174.746288,1,True
esp32_device_001,2026-04-29T10:03:18.080402+12:00,36.3,-36.818944,174.746223,1,True
esp32_device_001,2026-04-29T10:03:18.105528+12:00,36.4,-36.818888,174.746149,1,True
esp32_device_001,2026-04-29T10:03:18.130653+12:00,36.4,-36.818440,174.745557,1,True
esp32_device_001,2026-04-29T10:03:18.155779+12:00,36.4,-36.818378,174.745482,1,True
esp32_device_001,2026-04-29T10:03:18.180905+12:00,36.4,-36.818351,174.745449,1,True
esp32_device_001,2026-04-29T10:03:18.206030+12:00,36.4,-36.818303,174.745406,1,True
esp32_device_001,2026-04-29T10:03:18.231156+12:00,36.4,-36.818262,174.745373,1,True
esp32_device_001,2026-04-29T10:03:18.256281+12:00,36.5,-36.818216,174.745348,1,True
esp32_device_001,2026-04-29T10:03:18.281407+12:00,36.5,-36.818168,174.745331,1,True
esp32_device_001,2026-04-29T10:03:18.306533+12:00,36.5,-36.818123,174.745325,1,True
esp32_device_001,2026-04-29T10:03:18.331658+12:00,36.5,-36.818074,174.745327,1,True
esp32_device_001,2026-04-29T10:03:18.356784+12:00,36.5,-36.817885,174.745334,1,True
esp32_device_001,2026-04-29T10:03:18.381910+12:00,36.5,-36.817801,174.745338,1,True
esp32_device_001,2026-04-29T10:03:18.407035+12:00,36.6,-36.817589,174.745361,1,True
esp32_device_001,2026-04-29T10:03:18.432161+12:00,36.6,-36.816280,174.745475,1,True
esp32_device_001,2026-04-29T10:03:18.457286+12:00,36.6,-36.816088,174.745492,1,True
esp32_device_001,2026-04-29T10:03:18.482412+12:00,36.6,-36.816024,174.745493,1,True
esp32_device_001,2026-04-29T10:03:18.507538+12:00,36.6,-36.815912,174.745484,1,True
esp32_device_001,2026-04-29T10:03:18.532663+12:00,36.6,-36.815889,174.745481,1,True
esp32_device_001,2026-04-29T10:03:18.557789+12:00,36.7,-36.815761,174.745465,1,True
esp32_device_001,2026-04-29T10:03:18.582915+12:00,36.7,-36.815408,174.745397,1,True
esp32_device_001,2026-04-29T10:03:18.608040+12:00,36.7,-36.813304,174.744970,1,True
esp32_device_001,2026-04-29T10:03:18.633166+12:00,36.7,-36.813056,174.744919,1,True
esp32_device_001,2026-04-29T10:03:18.658291+12:00,36.7,-36.812907,174.744889,1,True
esp32_device_001,2026-04-29T10:03:18.683417+12:00,36.7,-36.812185,174.744728,1,True
esp32_device_001,2026-04-29T10:03:18.708543+12:00,36.8,-36.812107,174.744712,1,True
esp32_device_001,2026-04-29T10:03:18.733668+12:00,36.8,-36.811877,174.744662,1,True
esp32_device_001,2026-04-29T10:03:18.758794+12:00,36.8,-36.811713,174.744626,1,True
esp32_device_001,2026-04-29T10:03:18.783920+12:00,36.8,-36.811605,174.744604,1,True
esp32_device_001,2026-04-29T10:03:18.809045+12:00,36.8,-36.811558,174.744600,1,True
esp32_device_001,2026-04-29T10:03:18.834171+12:00,36.8,-36.811524,174.744605,1,True
esp32_device_001,2026-04-29T10:03:18.859296+12:00,36.9,-36.811488,174.744615,1,True
esp32_device_001,2026-04-29T10:03:18.884422+12:00,36.9,-36.811465,174.744626,1,True
esp32_device_001,2026-04-29T10:03:18.909548+12:00,36.9,-36.811374,174.744680,1,True
esp32_device_001,2026-04-29T10:03:18.934673+12:00,36.9,-36.811431,174.744857,1,True
esp32_device_001,2026-04-29T10:03:18.959799+12:00,36.9,-36.811524,174.745168,1,True
esp32_device_001,2026-04-29T10:03:18.984925+12:00,36.9,-36.811573,174.745330,1,True
esp32_device_001,2026-04-29T10:03:19.010050+12:00,37.0,-36.811790,174.746047,1,True
esp32_device_001,2026-04-29T10:03:19.035176+12:00,37.0,-36.811823,174.746158,1,True
esp32_device_001,2026-04-29T10:03:19.060302+12:00,37.0,-36.811994,174.746739,1,True
esp32_device_001,2026-04-29T10:03:19.085427+12:00,37.0,-36.812026,174.746845,1,True
esp32_device_001,2026-04-29T10:03:19.110553+12:00,37.0,-36.812122,174.747158,1,True
esp32_device_001,2026-04-29T10:03:19.135678+12:00,37.1,-36.812131,174.747186,1,True
esp32_device_001,2026-04-29T10:03:19.160804+12:00,37.1,-36.812177,174.747327,1,True
esp32_device_001,2026-04-29T10:03:19.185930+12:00,37.1,-36.812212,174.747460,1,True
esp32_device_001,2026-04-29T10:03:19.211055+12:00,37.1,-36.812220,174.747504,1,True
esp32_device_001,2026-04-29T10:03:19.236181+12:00,37.1,-36.812227,174.747544,1,True
esp32_device_001,2026-04-29T10:03:19.261307+12:00,37.1,-36.812236,174.747630,1,True
esp32_device_001,2026-04-29T10:03:19.286432+12:00,37.2,-36.812262,174.747884,1,True
esp32_device_001,2026-04-29T10:03:19.311558+12:00,37.2,-36.812268,174.748032,1,True
esp32_device_001,2026-04-29T10:03:19.336683+12:00,37.2,-36.812239,174.749708,1,True
esp32_device_001,2026-04-29T10:03:19.361809+12:00,37.2,-36.812236,174.750156,1,True
esp32_device_001,2026-04-29T10:03:19.386935+12:00,37.2,-36.812235,174.750256,1,True
esp32_device_001,2026-04-29T10:03:19.412060+12:00,37.2,-36.812233,174.750324,1,True
esp32_device_001,2026-04-29T10:03:19.437186+12:00,37.3,-36.812210,174.750514,1,True
esp32_device_001,2026-04-29T10:03:19.462312+12:00,37.3,-36.812199,174.750612,1,True
esp32_device_001,2026-04-29T10:03:19.487437+12:00,37.3,-36.812197,174.750775,1,True
esp32_device_001,2026-04-29T10:03:19.512563+12:00,37.3,-36.812198,174.751007,1,True
esp32_device_001,2026-04-29T10:03:19.537688+12:00,37.3,-36.812195,174.751089,1,True
esp32_device_001,2026-04-29T10:03:19.562814+12:00,37.3,-36.812193,174.751164,1,True
esp32_device_001,2026-04-29T10:03:19.587940+12:00,37.4,-36.812201,174.751359,1,True
esp32_device_001,2026-04-29T10:03:19.613065+12:00,37.4,-36.812201,174.751461,1,True
esp32_device_001,2026-04-29T10:03:19.638191+12:00,37.4,-36.812196,174.751561,1,True
esp32_device_001,2026-04-29T10:03:19.663317+12:00,37.4,-36.812185,174.751681,1,True
esp32_device_001,2026-04-29T10:03:19.688442+12:00,37.4,-36.812172,174.751783,1,True
esp32_device_001,2026-04-29T10:03:19.713568+12:00,37.4,-36.812155,174.751875,1,True
esp32_device_001,2026-04-29T10:03:19.738693+12:00,37.5,-36.812131,174.751984,1,True
esp32_device_001,2026-04-29T10:03:19.763819+12:00,37.5,-36.812104,174.752092,1,True
esp32_device_001,2026-04-29T10:03:19.788945+12:00,37.5,-36.812045,174.752277,1,True
esp32_device_001,2026-04-29T10:03:19.814070+12:00,37.5,-36.811977,174.752479,1,True
esp32_device_001,2026-04-29T10:03:19.839196+12:00,37.5,-36.811908,174.752680,1,True
esp32_device_001,2026-04-29T10:03:19.864322+12:00,37.5,-36.811866,174.752816,1,True
esp32_device_001,2026-04-29T10:03:19.889447+12:00,37.6,-36.811841,174.752927,1,True
esp32_device_001,2026-04-29T10:03:19.914573+12:00,37.6,-36.811825,174.753035,1,True
esp32_device_001,2026-04-29T10:03:19.939698+12:00,37.6,-36.811819,174.753157,1,True
esp32_device_001,2026-04-29T10:03:19.964824+12:00,37.6,-36.811820,174.753260,1,True
esp32_device_001,2026-04-29T10:03:19.989950+12:00,37.6,-36.811824,174.753319,1,True
esp32_device_001,2026-04-29T10:03:20.015075+12:00,37.7,-36.811841,174.753417,1,True
esp32_device_001,2026-04-29T10:03:20.040201+12:00,37.7,-36.811861,174.753512,1,True
esp32_device_001,2026-04-29T10:03:20.065327+12:00,37.7,-36.811883,174.753600,1,True
esp32_device_001,2026-04-29T10:03:20.090452+12:00,37.7,-36.811913,174.753685,1,True
esp32_device_001,2026-04-29T10:03:20.115578+12:00,37.7,-36.811949,174.753759,1,True
esp32_device_001,2026-04-29T10:03:20.140704+12:00,37.7,-36.811984,174.753837,1,True
esp32_device_001,2026-04-29T10:03:20.165829+12:00,37.8,-36.812021,174.753898,1,True
esp32_device_001,2026-04-29T10:03:20.190955+12:00,37.8,-36.812071,174.753968,1,True
esp32_device_001,2026-04-29T10:03:20.216080+12:00,37.8,-36.812135,174.754044,1,True
esp32_device_001,2026-04-29T10:03:20.241206+12:00,37.8,-36.812190,174.754103,1,True
esp32_device_001,2026-04-29T10:03:20.266332+12:00,37.8,-36.812232,174.754140,1,True
esp32_device_001,2026-04-29T10:03:20.291457+12:00,37.8,-36.812287,174.754181,1,True
esp32_device_001,2026-04-29T10:03:20.316583+12:00,37.9,-36.812400,174.754245,1,True
esp32_device_001,2026-04-29T10:03:20.341709+12:00,37.9,-36.812471,174.754271,1,True
esp32_device_001,2026-04-29T10:03:20.366834+12:00,37.9,-36.812551,174.754297,1,True
esp32_device_001,2026-04-29T10:03:20.391960+12:00,37.9,-36.812622,174.754309,1,True
esp32_device_001,2026-04-29T10:03:20.417085+12:00,37.9,-36.812688,174.754314,1,True
esp32_device_001,2026-04-29T10:03:20.442211+12:00,37.9,-36.812738,174.754313,1,True
esp32_device_001,2026-04-29T10:03:20.467337+12:00,38.0,-36.812807,174.754310,1,True
esp32_device_001,2026-04-29T10:03:20.492462+12:00,38.0,-36.812877,174.754297,1,True
esp32_device_001,2026-04-29T10:03:20.517588+12:00,38.0,-36.812946,174.754278,1,True
esp32_device_001,2026-04-29T10:03:20.542714+12:00,38.0,-36.813018,174.754251,1,True
esp32_device_001,2026-04-29T10:03:20.567839+12:00,38.0,-36.813096,174.754213,1,True
esp32_device_001,2026-04-29T10:03:20.592965+12:00,38.0,-36.813172,174.754168,1,True
esp32_device_001,2026-04-29T10:03:20.618090+12:00,38.1,-36.813247,174.754117,1,True
esp32_device_001,2026-04-29T10:03:20.643216+12:00,38.1,-36.813321,174.754058,1,True
esp32_device_001,2026-04-29T10:03:20.668342+12:00,38.1,-36.813390,174.753992,1,True
esp32_device_001,2026-04-29T10:03:20.693467+12:00,38.1,-36.813444,174.753933,1,True
esp32_device_001,2026-04-29T10:03:20.718593+12:00,38.1,-36.813494,174.753867,1,True
esp32_device_001,2026-04-29T10:03:20.743719+12:00,38.1,-36.813549,174.753791,1,True
esp32_device_001,2026-04-29T10:03:20.768844+12:00,38.2,-36.813602,174.753700,1,True
esp32_device_001,2026-04-29T10:03:20.793970+12:00,38.2,-36.813645,174.753621,1,True
esp32_device_001,2026-04-29T10:03:20.819095+12:00,38.2,-36.813689,174.753519,1,True
esp32_device_001,2026-04-29T10:03:20.844221+12:00,38.2,-36.813729,174.753417,1,True
esp32_device_001,2026-04-29T10:03:20.869347+12:00,38.2,-36.813770,174.753307,1,True
esp32_device_001,2026-04-29T10:03:20.894472+12:00,38.2,-36.813807,174.753202,1,True
esp32_device_001,2026-04-29T10:03:20.919598+12:00,38.3,-36.813847,174.753082,1,True
esp32_device_001,2026-04-29T10:03:20.944724+12:00,38.3,-36.813893,174.752955,1,True
esp32_device_001,2026-04-29T10:03:20.969849+12:00,38.3,-36.813941,174.752817,1,True
esp32_device_001,2026-04-29T10:03:20.994975+12:00,38.3,-36.814002,174.752665,1,True
esp32_device_001,2026-04-29T10:03:21.020101+12:00,38.3,-36.814031,174.752597,1,True
esp32_device_001,2026-04-29T10:03:21.045226+12:00,38.4,-36.814078,174.752504,1,True
esp32_device_001,2026-04-29T10:03:21.070352+12:00,38.4,-36.814120,174.752439,1,True
esp32_device_001,2026-04-29T10:03:21.095477+12:00,38.4,-36.814156,174.752384,1,True
esp32_device_001,2026-04-29T10:03:21.120603+12:00,38.4,-36.814361,174.752060,1,True
esp32_device_001,2026-04-29T10:03:21.145729+12:00,38.4,-36.814609,174.751761,1,True
esp32_device_001,2026-04-29T10:03:21.170854+12:00,38.4,-36.814735,174.751639,1,True
esp32_device_001,2026-04-29T10:03:21.195980+12:00,38.5,-36.814801,174.751587,1,True
esp32_device_001,2026-04-29T10:03:21.221106+12:00,38.5,-36.814880,174.751532,1,True
esp32_device_001,2026-04-29T10:03:21.246231+12:00,38.5,-36.815004,174.751444,1,True
esp32_device_001,2026-04-29T10:03:21.271357+12:00,38.5,-36.815117,174.751371,1,True
esp32_device_001,2026-04-29T10:03:21.296482+12:00,38.5,-36.815158,174.751345,1,True
esp32_device_001,2026-04-29T10:03:21.321608+12:00,38.5,-36.815329,174.751202,1,True
esp32_device_001,2026-04-29T10:03:21.346734+12:00,38.6,-36.815571,174.751111,1,True
esp32_device_001,2026-04-29T10:03:21.371859+12:00,38.6,-36.815851,174.751027,1,True
esp32_device_001,2026-04-29T10:03:21.396985+12:00,38.6,-36.816216,174.750937,1,True
esp32_device_001,2026-04-29T10:03:21.422111+12:00,38.6,-36.817110,174.750716,1,True
esp32_device_001,2026-04-29T10:03:21.447236+12:00,38.6,-36.818149,174.750467,1,True
esp32_device_001,2026-04-29T10:03:21.472362+12:00,38.6,-36.818967,174.750249,1,True
esp32_device_001,2026-04-29T10:03:21.497487+12:00,38.7,-36.819297,174.750155,1,True
esp32_device_001,2026-04-29T10:03:21.522613+12:00,38.7,-36.819682,174.750083,1,True
esp32_device_001,2026-04-29T10:03:21.547739+12:00,38.7,-36.820045,174.750045,1,True
esp32_device_001,2026-04-29T10:03:21.572864+12:00,38.7,-36.820504,174.750072,1,True
esp32_device_001,2026-04-29T10:03:21.597990+12:00,38.7,-36.820778,174.750109,1,True
esp32_device_001,2026-04-29T10:03:21.623116+12:00,38.7,-36.821249,174.750174,1,True
esp32_device_001,2026-04-29T10:03:21.648241+12:00,38.8,-36.821526,174.750173,1,True
esp32_device_001,2026-04-29T10:03:21.673367+12:00,38.8,-36.822174,174.750283,1,True
esp32_device_001,2026-04-29T10:03:21.698492+12:00,38.8,-36.822371,174.750311,1,True
esp32_device_001,2026-04-29T10:03:21.723618+12:00,38.8,-36.822562,174.750334,1,True
esp32_device_001,2026-04-29T10:03:21.748744+12:00,38.8,-36.822766,174.750345,1,True
esp32_device_001,2026-04-29T10:03:21.773869+12:00,38.8,-36.822946,174.750339,1,True
esp32_device_001,2026-04-29T10:03:21.798995+12:00,38.9,-36.823124,174.750321,1,True
esp32_device_001,2026-04-29T10:03:21.824121+12:00,38.9,-36.823323,174.750281,1,True
esp32_device_001,2026-04-29T10:03:21.849246+12:00,38.9,-36.823575,174.750201,1,True
esp32_device_001,2026-04-29T10:03:21.874372+12:00,38.9,-36.823818,174.750102,1,True
esp32_device_001,2026-04-29T10:03:21.899497+12:00,38.9,-36.824029,174.749992,1,True
esp32_device_001,2026-04-29T10:03:21.924623+12:00,38.9,-36.824265,174.749856,1,True
esp32_device_001,2026-04-29T10:03:21.949749+12:00,39.0,-36.824486,174.749714,1,True
esp32_device_001,2026-04-29T10:03:21.974874+12:00,39.0,-36.825685,174.748919,1,True
esp32_device_001,2026-04-29T10:03:22+12:00,39,-36.826427,174.748474,1,False
esp32_device_001,2026-04-29T10:03:24.500000+12:00,41.0,-36.826887,174.748127,1,True
esp32_device_001,2026-04-29T10:03:27+12:00,43,-36.826996,174.748108,1,False
esp32_device_001,2026-04-29T10:03:32+12:00,46.6,-36.827599,174.747696,1,False
esp32_device_001,2026-04-29T10:03:34.500000+12:00,48.2,-36.827683,174.747602,1,True
esp32_device_001,2026-04-29T10:03:37+12:00,49.7,-36.828239,174.747284,1,False
esp32_device_001,2026-04-29T10:03:39.500000+12:00,51.3,-36.828797,174.746866,1,True
esp32_device_001,2026-04-29T10:03:42+12:00,52.9,-36.828888,174.746841,1,False
esp32_device_001,2026-04-29T10:03:44.500000+12:00,53.1,-36.829179,174.746615,1,True
esp32_device_001,2026-04-29T10:03:47+12:00,53.4,-36.829525,174.746429,1,False
esp32_device_001,2026-04-29T10:03:49.500000+12:00,52.0,-36.829531,174.746382,1,True
esp32_device_001,2026-04-29T10:03:52+12:00,50.6,-36.830051,174.746063,1,False
esp32_device_001,2026-04-29T10:03:54.500000+12:00,48.4,-36.830141,174.745979,1,True
esp32_device_001,2026-04-29T10:03:57+12:00,46.1,-36.830608,174.745697,1,False
esp32_device_001,2026-04-29T10:03:59.500000+12:00,45.8,-36.830797,174.745547,1,True
esp32_device_001,2026-04-29T10:04:02+12:00,45.4,-36.831223,174.74527,1,False
esp32_device_001,2026-04-29T10:04:07+12:00,42.2,-36.831825,174.744858,1,False
esp32_device_001,2026-04-29T10:04:12+12:00,37.7,-36.832458,174.744446,1,False
esp32_device_001,2026-04-29T10:04:17+12:00,34.7,-36.833149,174.743973,1,False
esp32_device_001,2026-04-29T10:04:22+12:00,31.1,-36.833885,174.743469,1,False
esp32_device_001,2026-04-29T10:04:27+12:00,26,-36.834667,174.742966,1,False
esp32_device_001,2026-04-29T10:04:32+12:00,20.8,-36.835491,174.742416,1,False
esp32_device_001,2026-04-29T10:04:32.037313+12:00,20.8,-36.835646,174.742347,1,True
esp32_device_001,2026-04-29T10:04:32.074627+12:00,20.7,-36.836023,174.742102,1,True
esp32_device_001,2026-04-29T10:04:32.111940+12:00,20.7,-36.836542,174.741875,1,True
esp32_device_001,2026-04-29T10:04:32.149254+12:00,20.7,-36.836844,174.741753,1,True
esp32_device_001,2026-04-29T10:04:32.186567+12:00,20.7,-36.837142,174.741666,1,True
esp32_device_001,2026-04-29T10:04:32.223881+12:00,20.6,-36.837308,174.741646,1,True
esp32_device_001,2026-04-29T10:04:32.261194+12:00,20.6,-36.837484,174.741640,1,True
esp32_device_001,2026-04-29T10:04:32.298507+12:00,20.6,-36.837667,174.741652,1,True
esp32_device_001,2026-04-29T10:04:32.335821+12:00,20.5,-36.837849,174.741690,1,True
esp32_device_001,2026-04-29T10:04:32.373134+12:00,20.5,-36.838015,174.741740,1,True
esp32_device_001,2026-04-29T10:04:32.410448+12:00,20.5,-36.838206,174.741830,1,True
esp32_device_001,2026-04-29T10:04:32.447761+12:00,20.5,-36.838381,174.741936,1,True
esp32_device_001,2026-04-29T10:04:32.485075+12:00,20.4,-36.838517,174.742041,1,True
esp32_device_001,2026-04-29T10:04:32.522388+12:00,20.4,-36.838632,174.742147,1,True
esp32_device_001,2026-04-29T10:04:32.559701+12:00,20.4,-36.838767,174.742283,1,True
esp32_device_001,2026-04-29T10:04:32.597015+12:00,20.3,-36.839008,174.742561,1,True
esp32_device_001,2026-04-29T10:04:32.634328+12:00,20.3,-36.839186,174.742819,1,True
esp32_device_001,2026-04-29T10:04:32.671642+12:00,20.3,-36.839447,174.743208,1,True
esp32_device_001,2026-04-29T10:04:32.708955+12:00,20.3,-36.840124,174.744340,1,True
esp32_device_001,2026-04-29T10:04:32.746269+12:00,20.2,-36.840236,174.744527,1,True
esp32_device_001,2026-04-29T10:04:32.783582+12:00,20.2,-36.840394,174.744770,1,True
esp32_device_001,2026-04-29T10:04:32.820896+12:00,20.2,-36.840513,174.744931,1,True
esp32_device_001,2026-04-29T10:04:32.858209+12:00,20.1,-36.840633,174.745071,1,True
esp32_device_001,2026-04-29T10:04:32.895522+12:00,20.1,-36.840773,174.745205,1,True
esp32_device_001,2026-04-29T10:04:32.932836+12:00,20.1,-36.840983,174.745369,1,True
esp32_device_001,2026-04-29T10:04:32.970149+12:00,20.1,-36.841202,174.745517,1,True
esp32_device_001,2026-04-29T10:04:33.007463+12:00,20.0,-36.841443,174.745666,1,True
esp32_device_001,2026-04-29T10:04:33.044776+12:00,20.0,-36.841662,174.745812,1,True
esp32_device_001,2026-04-29T10:04:33.082090+12:00,20.0,-36.841787,174.745911,1,True
esp32_device_001,2026-04-29T10:04:33.119403+12:00,19.9,-36.841906,174.746017,1,True
esp32_device_001,2026-04-29T10:04:33.156716+12:00,19.9,-36.842005,174.746122,1,True
esp32_device_001,2026-04-29T10:04:33.194030+12:00,19.9,-36.842152,174.746304,1,True
esp32_device_001,2026-04-29T10:04:33.231343+12:00,19.9,-36.842273,174.746486,1,True
esp32_device_001,2026-04-29T10:04:33.268657+12:00,19.8,-36.842386,174.746711,1,True
esp32_device_001,2026-04-29T10:04:33.305970+12:00,19.8,-36.842483,174.746946,1,True
esp32_device_001,2026-04-29T10:04:33.343284+12:00,19.8,-36.842550,174.747180,1,True
esp32_device_001,2026-04-29T10:04:33.380597+12:00,19.8,-36.842607,174.747418,1,True
esp32_device_001,2026-04-29T10:04:33.417910+12:00,19.7,-36.842636,174.747557,1,True
esp32_device_001,2026-04-29T10:04:33.455224+12:00,19.7,-36.842715,174.747948,1,True
esp32_device_001,2026-04-29T10:04:33.492537+12:00,19.7,-36.842798,174.748324,1,True
esp32_device_001,2026-04-29T10:04:33.529851+12:00,19.6,-36.842887,174.748674,1,True
esp32_device_001,2026-04-29T10:04:33.567164+12:00,19.6,-36.842981,174.748991,1,True
esp32_device_001,2026-04-29T10:04:33.604478+12:00,19.6,-36.843078,174.749278,1,True
esp32_device_001,2026-04-29T10:04:33.641791+12:00,19.6,-36.843154,174.749686,1,True
esp32_device_001,2026-04-29T10:04:33.679104+12:00,19.5,-36.843203,174.749834,1,True
esp32_device_001,2026-04-29T10:04:33.716418+12:00,19.5,-36.843244,174.749937,1,True
esp32_device_001,2026-04-29T10:04:33.753731+12:00,19.5,-36.843334,174.750120,1,True
esp32_device_001,2026-04-29T10:04:33.791045+12:00,19.4,-36.843539,174.750536,1,True
esp32_device_001,2026-04-29T10:04:33.828358+12:00,19.4,-36.843677,174.750785,1,True
esp32_device_001,2026-04-29T10:04:33.865672+12:00,19.4,-36.843747,174.750902,1,True
esp32_device_001,2026-04-29T10:04:33.902985+12:00,19.4,-36.843786,174.750969,1,True
esp32_device_001,2026-04-29T10:04:33.940299+12:00,19.3,-36.844227,174.751709,1,True
esp32_device_001,2026-04-29T10:04:33.977612+12:00,19.3,-36.844299,174.751828,1,True
esp32_device_001,2026-04-29T10:04:34.014925+12:00,19.3,-36.844518,174.752141,1,True
esp32_device_001,2026-04-29T10:04:34.052239+12:00,19.2,-36.844554,174.752194,1,True
esp32_device_001,2026-04-29T10:04:34.089552+12:00,19.2,-36.844640,174.752317,1,True
esp32_device_001,2026-04-29T10:04:34.126866+12:00,19.2,-36.844714,174.752417,1,True
esp32_device_001,2026-04-29T10:04:34.164179+12:00,19.2,-36.844845,174.752587,1,True
esp32_device_001,2026-04-29T10:04:34.201493+12:00,19.1,-36.844894,174.752666,1,True
esp32_device_001,2026-04-29T10:04:34.238806+12:00,19.1,-36.844952,174.752763,1,True
esp32_device_001,2026-04-29T10:04:34.276119+12:00,19.1,-36.844982,174.752822,1,True
esp32_device_001,2026-04-29T10:04:34.313433+12:00,19.0,-36.845003,174.752861,1,True
esp32_device_001,2026-04-29T10:04:34.350746+12:00,19.0,-36.845060,174.752992,1,True
esp32_device_001,2026-04-29T10:04:34.388060+12:00,19.0,-36.845195,174.752932,1,True
esp32_device_001,2026-04-29T10:04:34.425373+12:00,19.0,-36.845137,174.752741,1,True
esp32_device_001,2026-04-29T10:04:34.462687+12:00,18.9,-36.845111,174.752655,1,True
esp32_device_001,2026-04-29T10:04:34.500000+12:00,18.9,-36.845073,174.752505,1,True
esp32_device_001,2026-04-29T10:04:34.537313+12:00,18.9,-36.845058,174.752421,1,True
esp32_device_001,2026-04-29T10:04:34.574627+12:00,18.8,-36.845050,174.752380,1,True
esp32_device_001,2026-04-29T10:04:34.611940+12:00,18.8,-36.845037,174.752303,1,True
esp32_device_001,2026-04-29T10:04:34.649254+12:00,18.8,-36.845017,174.752165,1,True
esp32_device_001,2026-04-29T10:04:34.686567+12:00,18.8,-36.844988,174.751987,1,True
esp32_device_001,2026-04-29T10:04:34.723881+12:00,18.7,-36.844962,174.751883,1,True
esp32_device_001,2026-04-29T10:04:34.761194+12:00,18.7,-36.844936,174.751793,1,True
esp32_device_001,2026-04-29T10:04:34.798507+12:00,18.7,-36.844904,174.751711,1,True
esp32_device_001,2026-04-29T10:04:34.835821+12:00,18.6,-36.844862,174.751617,1,True
esp32_device_001,2026-04-29T10:04:34.873134+12:00,18.6,-36.844806,174.751515,1,True
esp32_device_001,2026-04-29T10:04:34.910448+12:00,18.6,-36.844751,174.751423,1,True
esp32_device_001,2026-04-29T10:04:34.947761+12:00,18.6,-36.844642,174.751269,1,True
esp32_device_001,2026-04-29T10:04:34.985075+12:00,18.5,-36.844595,174.751209,1,True
esp32_device_001,2026-04-29T10:04:35.022388+12:00,18.5,-36.844384,174.750899,1,True
esp32_device_001,2026-04-29T10:04:35.059701+12:00,18.5,-36.844245,174.750690,1,True
esp32_device_001,2026-04-29T10:04:35.097015+12:00,18.4,-36.844201,174.750625,1,True
esp32_device_001,2026-04-29T10:04:35.134328+12:00,18.4,-36.844156,174.750557,1,True
esp32_device_001,2026-04-29T10:04:35.171642+12:00,18.4,-36.844002,174.750331,1,True
esp32_device_001,2026-04-29T10:04:35.208955+12:00,18.4,-36.843822,174.750049,1,True
esp32_device_001,2026-04-29T10:04:35.246269+12:00,18.3,-36.843621,174.749727,1,True
esp32_device_001,2026-04-29T10:04:35.283582+12:00,18.3,-36.843531,174.749577,1,True
esp32_device_001,2026-04-29T10:04:35.320896+12:00,18.3,-36.843461,174.749458,1,True
esp32_device_001,2026-04-29T10:04:35.358209+12:00,18.2,-36.843360,174.749260,1,True
esp32_device_001,2026-04-29T10:04:35.395522+12:00,18.2,-36.843285,174.749101,1,True
esp32_device_001,2026-04-29T10:04:35.432836+12:00,18.2,-36.843225,174.748947,1,True
esp32_device_001,2026-04-29T10:04:35.470149+12:00,18.2,-36.843155,174.748750,1,True
esp32_device_001,2026-04-29T10:04:35.507463+12:00,18.1,-36.843105,174.748582,1,True
esp32_device_001,2026-04-29T10:04:35.544776+12:00,18.1,-36.843046,174.748372,1,True
esp32_device_001,2026-04-29T10:04:35.582090+12:00,18.1,-36.842994,174.748134,1,True
esp32_device_001,2026-04-29T10:04:35.619403+12:00,18.0,-36.842895,174.747659,1,True
esp32_device_001,2026-04-29T10:04:35.656716+12:00,18.0,-36.842773,174.747381,1,True
esp32_device_001,2026-04-29T10:04:35.694030+12:00,18.0,-36.842693,174.747053,1,True
esp32_device_001,2026-04-29T10:04:35.731343+12:00,18.0,-36.842608,174.746768,1,True
esp32_device_001,2026-04-29T10:04:35.768657+12:00,17.9,-36.842466,174.746452,1,True
esp32_device_001,2026-04-29T10:04:35.805970+12:00,17.9,-36.842349,174.746259,1,True
esp32_device_001,2026-04-29T10:04:35.843284+12:00,17.9,-36.842209,174.746059,1,True
esp32_device_001,2026-04-29T10:04:35.880597+12:00,17.9,-36.842029,174.745863,1,True
esp32_device_001,2026-04-29T10:04:35.917910+12:00,17.8,-36.841876,174.745727,1,True
esp32_device_001,2026-04-29T10:04:35.955224+12:00,17.8,-36.841724,174.745614,1,True
esp32_device_001,2026-04-29T10:04:35.992537+12:00,17.8,-36.841561,174.745498,1,True
esp32_device_001,2026-04-29T10:04:36.029851+12:00,17.7,-36.841321,174.745351,1,True
esp32_device_001,2026-04-29T10:04:36.067164+12:00,17.7,-36.841084,174.745198,1,True
esp32_device_001,2026-04-29T10:04:36.104478+12:00,17.7,-36.840870,174.745030,1,True
esp32_device_001,2026-04-29T10:04:36.141791+12:00,17.7,-36.840718,174.744879,1,True
esp32_device_001,2026-04-29T10:04:36.179104+12:00,17.6,-36.840585,174.744715,1,True
esp32_device_001,2026-04-29T10:04:36.216418+12:00,17.6,-36.840475,174.744560,1,True
esp32_device_001,2026-04-29T10:04:36.253731+12:00,17.6,-36.840307,174.744291,1,True
esp32_device_001,2026-04-29T10:04:36.291045+12:00,17.5,-36.840088,174.743925,1,True
esp32_device_001,2026-04-29T10:04:36.328358+12:00,17.5,-36.839600,174.743116,1,True
esp32_device_001,2026-04-29T10:04:36.365672+12:00,17.5,-36.839387,174.742783,1,True
esp32_device_001,2026-04-29T10:04:36.402985+12:00,17.5,-36.839206,174.742508,1,True
esp32_device_001,2026-04-29T10:04:36.440299+12:00,17.4,-36.839021,174.742257,1,True
esp32_device_001,2026-04-29T10:04:36.477612+12:00,17.4,-36.838821,174.742046,1,True
esp32_device_001,2026-04-29T10:04:36.514925+12:00,17.4,-36.838623,174.741867,1,True
esp32_device_001,2026-04-29T10:04:36.552239+12:00,17.3,-36.838468,174.741750,1,True
esp32_device_001,2026-04-29T10:04:36.589552+12:00,17.3,-36.838348,174.741680,1,True
esp32_device_001,2026-04-29T10:04:36.626866+12:00,17.3,-36.838227,174.741622,1,True
esp32_device_001,2026-04-29T10:04:36.664179+12:00,17.3,-36.837949,174.741503,1,True
esp32_device_001,2026-04-29T10:04:36.701493+12:00,17.2,-36.837715,174.741437,1,True
esp32_device_001,2026-04-29T10:04:36.738806+12:00,17.2,-36.837560,174.741424,1,True
esp32_device_001,2026-04-29T10:04:36.776119+12:00,17.2,-36.837405,174.741423,1,True
esp32_device_001,2026-04-29T10:04:36.813433+12:00,17.1,-36.837296,174.741430,1,True
esp32_device_001,2026-04-29T10:04:36.850746+12:00,17.1,-36.837026,174.741477,1,True
esp32_device_001,2026-04-29T10:04:36.888060+12:00,17.1,-36.836804,174.741548,1,True
esp32_device_001,2026-04-29T10:04:36.925373+12:00,17.1,-36.836538,174.741691,1,True
esp32_device_001,2026-04-29T10:04:36.962687+12:00,17.0,-36.836358,174.741839,1,True
esp32_device_001,2026-04-29T10:04:37+12:00,17,-36.836315,174.741913,1,False
esp32_device_001,2026-04-29T10:04:37.027933+12:00,17.0,-36.836023,174.742102,1,True
esp32_device_001,2026-04-29T10:04:37.055866+12:00,17.0,-36.835646,174.742347,1,True
esp32_device_001,2026-04-29T10:04:37.083799+12:00,17.0,-36.830797,174.745547,1,True
esp32_device_001,2026-04-29T10:04:37.111732+12:00,17.0,-36.830141,174.745979,1,True
esp32_device_001,2026-04-29T10:04:37.139665+12:00,16.9,-36.829531,174.746382,1,True
esp32_device_001,2026-04-29T10:04:37.167598+12:00,16.9,-36.829179,174.746615,1,True
esp32_device_001,2026-04-29T10:04:37.195531+12:00,16.9,-36.828797,174.746866,1,True
esp32_device_001,2026-04-29T10:04:37.223464+12:00,16.9,-36.828216,174.747250,1,True
esp32_device_001,2026-04-29T10:04:37.251397+12:00,16.9,-36.827683,174.747602,1,True
esp32_device_001,2026-04-29T10:04:37.279330+12:00,16.9,-36.826887,174.748127,1,True
esp32_device_001,2026-04-29T10:04:37.307263+12:00,16.9,-36.825685,174.748919,1,True
esp32_device_001,2026-04-29T10:04:37.335196+12:00,16.9,-36.824486,174.749714,1,True
esp32_device_001,2026-04-29T10:04:37.363128+12:00,16.8,-36.824265,174.749856,1,True
esp32_device_001,2026-04-29T10:04:37.391061+12:00,16.8,-36.824029,174.749992,1,True
esp32_device_001,2026-04-29T10:04:37.418994+12:00,16.8,-36.823818,174.750102,1,True
esp32_device_001,2026-04-29T10:04:37.446927+12:00,16.8,-36.823575,174.750201,1,True
esp32_device_001,2026-04-29T10:04:37.474860+12:00,16.8,-36.823323,174.750281,1,True
esp32_device_001,2026-04-29T10:04:37.502793+12:00,16.8,-36.823124,174.750321,1,True
esp32_device_001,2026-04-29T10:04:37.530726+12:00,16.8,-36.822946,174.750339,1,True
esp32_device_001,2026-04-29T10:04:37.558659+12:00,16.8,-36.822766,174.750345,1,True
esp32_device_001,2026-04-29T10:04:37.586592+12:00,16.8,-36.822562,174.750334,1,True
esp32_device_001,2026-04-29T10:04:37.614525+12:00,16.7,-36.822371,174.750311,1,True
esp32_device_001,2026-04-29T10:04:37.642458+12:00,16.7,-36.822174,174.750283,1,True
esp32_device_001,2026-04-29T10:04:37.670391+12:00,16.7,-36.821526,174.750173,1,True
esp32_device_001,2026-04-29T10:04:37.698324+12:00,16.7,-36.821101,174.750023,1,True
esp32_device_001,2026-04-29T10:04:37.726257+12:00,16.7,-36.820587,174.749847,1,True
esp32_device_001,2026-04-29T10:04:37.754190+12:00,16.7,-36.820304,174.749763,1,True
esp32_device_001,2026-04-29T10:04:37.782123+12:00,16.7,-36.819778,174.749724,1,True
esp32_device_001,2026-04-29T10:04:37.810056+12:00,16.7,-36.819614,174.749728,1,True
esp32_device_001,2026-04-29T10:04:37.837989+12:00,16.6,-36.819433,174.749739,1,True
esp32_device_001,2026-04-29T10:04:37.865922+12:00,16.6,-36.819249,174.749763,1,True
esp32_device_001,2026-04-29T10:04:37.893855+12:00,16.6,-36.818987,174.749815,1,True
esp32_device_001,2026-04-29T10:04:37.921788+12:00,16.6,-36.818645,174.749910,1,True
esp32_device_001,2026-04-29T10:04:37.949721+12:00,16.6,-36.818194,174.750041,1,True
esp32_device_001,2026-04-29T10:04:37.977654+12:00,16.6,-36.817640,174.750207,1,True
esp32_device_001,2026-04-29T10:04:38.005587+12:00,16.6,-36.816495,174.750540,1,True
esp32_device_001,2026-04-29T10:04:38.033520+12:00,16.6,-36.816217,174.750624,1,True
esp32_device_001,2026-04-29T10:04:38.061453+12:00,16.6,-36.816019,174.750683,1,True
esp32_device_001,2026-04-29T10:04:38.089385+12:00,16.5,-36.815759,174.750780,1,True
esp32_device_001,2026-04-29T10:04:38.117318+12:00,16.5,-36.815105,174.750955,1,True
esp32_device_001,2026-04-29T10:04:38.145251+12:00,16.5,-36.814856,174.751106,1,True
esp32_device_001,2026-04-29T10:04:38.173184+12:00,16.5,-36.814652,174.751246,1,True
esp32_device_001,2026-04-29T10:04:38.201117+12:00,16.5,-36.814431,174.751376,1,True
esp32_device_001,2026-04-29T10:04:38.229050+12:00,16.5,-36.814243,174.751454,1,True
esp32_device_001,2026-04-29T10:04:38.256983+12:00,16.5,-36.814082,174.751502,1,True
esp32_device_001,2026-04-29T10:04:38.284916+12:00,16.5,-36.814007,174.751521,1,True
esp32_device_001,2026-04-29T10:04:38.312849+12:00,16.4,-36.813923,174.751533,1,True
esp32_device_001,2026-04-29T10:04:38.340782+12:00,16.4,-36.813855,174.751539,1,True
esp32_device_001,2026-04-29T10:04:38.368715+12:00,16.4,-36.813773,174.751540,1,True
esp32_device_001,2026-04-29T10:04:38.396648+12:00,16.4,-36.813697,174.751535,1,True
esp32_device_001,2026-04-29T10:04:38.424581+12:00,16.4,-36.813587,174.751517,1,True
esp32_device_001,2026-04-29T10:04:38.452514+12:00,16.4,-36.813494,174.751495,1,True
esp32_device_001,2026-04-29T10:04:38.480447+12:00,16.4,-36.813395,174.751460,1,True
esp32_device_001,2026-04-29T10:04:38.508380+12:00,16.4,-36.813339,174.751435,1,True
esp32_device_001,2026-04-29T10:04:38.536313+12:00,16.4,-36.812931,174.751245,1,True
esp32_device_001,2026-04-29T10:04:38.564246+12:00,16.3,-36.812769,174.751182,1,True
esp32_device_001,2026-04-29T10:04:38.592179+12:00,16.3,-36.812581,174.751064,1,True
esp32_device_001,2026-04-29T10:04:38.620112+12:00,16.3,-36.812497,174.751007,1,True
esp32_device_001,2026-04-29T10:04:38.648045+12:00,16.3,-36.812413,174.750951,1,True
esp32_device_001,2026-04-29T10:04:38.675978+12:00,16.3,-36.812369,174.750920,1,True
esp32_device_001,2026-04-29T10:04:38.703911+12:00,16.3,-36.812318,174.750895,1,True
esp32_device_001,2026-04-29T10:04:38.731844+12:00,16.3,-36.812294,174.750898,1,True
esp32_device_001,2026-04-29T10:04:38.759777+12:00,16.3,-36.812269,174.750907,1,True
esp32_device_001,2026-04-29T10:04:38.787709+12:00,16.2,-36.812247,174.750922,1,True
esp32_device_001,2026-04-29T10:04:38.815642+12:00,16.2,-36.812230,174.750940,1,True
esp32_device_001,2026-04-29T10:04:38.843575+12:00,16.2,-36.812214,174.750965,1,True
esp32_device_001,2026-04-29T10:04:38.871508+12:00,16.2,-36.812198,174.751007,1,True
esp32_device_001,2026-04-29T10:04:38.899441+12:00,16.2,-36.812195,174.751089,1,True
esp32_device_001,2026-04-29T10:04:38.927374+12:00,16.2,-36.812193,174.751164,1,True
esp32_device_001,2026-04-29T10:04:38.955307+12:00,16.2,-36.812201,174.751359,1,True
esp32_device_001,2026-04-29T10:04:38.983240+12:00,16.2,-36.812201,174.751461,1,True
esp32_device_001,2026-04-29T10:04:39.011173+12:00,16.2,-36.812196,174.751561,1,True
esp32_device_001,2026-04-29T10:04:39.039106+12:00,16.1,-36.812185,174.751681,1,True
esp32_device_001,2026-04-29T10:04:39.067039+12:00,16.1,-36.812172,174.751783,1,True
esp32_device_001,2026-04-29T10:04:39.094972+12:00,16.1,-36.812155,174.751875,1,True
esp32_device_001,2026-04-29T10:04:39.122905+12:00,16.1,-36.812131,174.751984,1,True
esp32_device_001,2026-04-29T10:04:39.150838+12:00,16.1,-36.812104,174.752092,1,True
esp32_device_001,2026-04-29T10:04:39.178771+12:00,16.1,-36.812045,174.752277,1,True
esp32_device_001,2026-04-29T10:04:39.206704+12:00,16.1,-36.811977,174.752479,1,True
esp32_device_001,2026-04-29T10:04:39.234637+12:00,16.1,-36.811908,174.752680,1,True
esp32_device_001,2026-04-29T10:04:39.262570+12:00,16.0,-36.811866,174.752816,1,True
esp32_device_001,2026-04-29T10:04:39.290503+12:00,16.0,-36.811841,174.752927,1,True
esp32_device_001,2026-04-29T10:04:39.318436+12:00,16.0,-36.811825,174.753035,1,True
esp32_device_001,2026-04-29T10:04:39.346369+12:00,16.0,-36.811819,174.753157,1,True
esp32_device_001,2026-04-29T10:04:39.374302+12:00,16.0,-36.811820,174.753260,1,True
esp32_device_001,2026-04-29T10:04:39.402235+12:00,16.0,-36.811824,174.753319,1,True
esp32_device_001,2026-04-29T10:04:39.430168+12:00,16.0,-36.811841,174.753417,1,True
esp32_device_001,2026-04-29T10:04:39.458101+12:00,16.0,-36.811861,174.753512,1,True
esp32_device_001,2026-04-29T10:04:39.486034+12:00,16.0,-36.811883,174.753600,1,True
esp32_device_001,2026-04-29T10:04:39.513966+12:00,15.9,-36.811913,174.753685,1,True
esp32_device_001,2026-04-29T10:04:39.541899+12:00,15.9,-36.811949,174.753759,1,True
esp32_device_001,2026-04-29T10:04:39.569832+12:00,15.9,-36.811984,174.753837,1,True
esp32_device_001,2026-04-29T10:04:39.597765+12:00,15.9,-36.812021,174.753898,1,True
esp32_device_001,2026-04-29T10:04:39.625698+12:00,15.9,-36.812071,174.753968,1,True
esp32_device_001,2026-04-29T10:04:39.653631+12:00,15.9,-36.812135,174.754044,1,True
esp32_device_001,2026-04-29T10:04:39.681564+12:00,15.9,-36.812190,174.754103,1,True
esp32_device_001,2026-04-29T10:04:39.709497+12:00,15.9,-36.812232,174.754140,1,True
esp32_device_001,2026-04-29T10:04:39.737430+12:00,15.9,-36.812287,174.754181,1,True
esp32_device_001,2026-04-29T10:04:39.765363+12:00,15.8,-36.812400,174.754245,1,True
esp32_device_001,2026-04-29T10:04:39.793296+12:00,15.8,-36.812471,174.754271,1,True
esp32_device_001,2026-04-29T10:04:39.821229+12:00,15.8,-36.812551,174.754297,1,True
esp32_device_001,2026-04-29T10:04:39.849162+12:00,15.8,-36.812622,174.754309,1,True
esp32_device_001,2026-04-29T10:04:39.877095+12:00,15.8,-36.812688,174.754314,1,True
esp32_device_001,2026-04-29T10:04:39.905028+12:00,15.8,-36.812738,174.754313,1,True
esp32_device_001,2026-04-29T10:04:39.932961+12:00,15.8,-36.812807,174.754310,1,True
esp32_device_001,2026-04-29T10:04:39.960894+12:00,15.8,-36.812877,174.754297,1,True
esp32_device_001,2026-04-29T10:04:39.988827+12:00,15.7,-36.812946,174.754278,1,True
esp32_device_001,2026-04-29T10:04:40.016760+12:00,15.7,-36.813018,174.754251,1,True
esp32_device_001,2026-04-29T10:04:40.044693+12:00,15.7,-36.813096,174.754213,1,True
esp32_device_001,2026-04-29T10:04:40.072626+12:00,15.7,-36.813172,174.754168,1,True
esp32_device_001,2026-04-29T10:04:40.100559+12:00,15.7,-36.813247,174.754117,1,True
esp32_device_001,2026-04-29T10:04:40.128492+12:00,15.7,-36.813321,174.754058,1,True
esp32_device_001,2026-04-29T10:04:40.156425+12:00,15.7,-36.813390,174.753992,1,True
esp32_device_001,2026-04-29T10:04:40.184358+12:00,15.7,-36.813444,174.753933,1,True
esp32_device_001,2026-04-29T10:04:40.212291+12:00,15.7,-36.813494,174.753867,1,True
esp32_device_001,2026-04-29T10:04:40.240223+12:00,15.6,-36.813549,174.753791,1,True
esp32_device_001,2026-04-29T10:04:40.268156+12:00,15.6,-36.813602,174.753700,1,True
esp32_device_001,2026-04-29T10:04:40.296089+12:00,15.6,-36.813645,174.753621,1,True
esp32_device_001,2026-04-29T10:04:40.324022+12:00,15.6,-36.813689,174.753519,1,True
esp32_device_001,2026-04-29T10:04:40.351955+12:00,15.6,-36.813729,174.753417,1,True
esp32_device_001,2026-04-29T10:04:40.379888+12:00,15.6,-36.813770,174.753307,1,True
esp32_device_001,2026-04-29T10:04:40.407821+12:00,15.6,-36.813807,174.753202,1,True
esp32_device_001,2026-04-29T10:04:40.435754+12:00,15.6,-36.813847,174.753082,1,True
esp32_device_001,2026-04-29T10:04:40.463687+12:00,15.5,-36.813893,174.752955,1,True
esp32_device_001,2026-04-29T10:04:40.491620+12:00,15.5,-36.813941,174.752817,1,True
esp32_device_001,2026-04-29T10:04:40.519553+12:00,15.5,-36.814002,174.752665,1,True
esp32_device_001,2026-04-29T10:04:40.547486+12:00,15.5,-36.814031,174.752597,1,True
esp32_device_001,2026-04-29T10:04:40.575419+12:00,15.5,-36.814078,174.752504,1,True
esp32_device_001,2026-04-29T10:04:40.603352+12:00,15.5,-36.814120,174.752439,1,True
esp32_device_001,2026-04-29T10:04:40.631285+12:00,15.5,-36.814156,174.752384,1,True
esp32_device_001,2026-04-29T10:04:40.659218+12:00,15.5,-36.814361,174.752060,1,True
esp32_device_001,2026-04-29T10:04:40.687151+12:00,15.5,-36.814609,174.751761,1,True
esp32_device_001,2026-04-29T10:04:40.715084+12:00,15.4,-36.814735,174.751639,1,True
esp32_device_001,2026-04-29T10:04:40.743017+12:00,15.4,-36.814801,174.751587,1,True
esp32_device_001,2026-04-29T10:04:40.770950+12:00,15.4,-36.814880,174.751532,1,True
esp32_device_001,2026-04-29T10:04:40.798883+12:00,15.4,-36.815004,174.751444,1,True
esp32_device_001,2026-04-29T10:04:40.826816+12:00,15.4,-36.815117,174.751371,1,True
esp32_device_001,2026-04-29T10:04:40.854749+12:00,15.4,-36.815158,174.751345,1,True
esp32_device_001,2026-04-29T10:04:40.882682+12:00,15.4,-36.815329,174.751202,1,True
esp32_device_001,2026-04-29T10:04:40.910615+12:00,15.4,-36.815571,174.751111,1,True
esp32_device_001,2026-04-29T10:04:40.938547+12:00,15.3,-36.815851,174.751027,1,True
esp32_device_001,2026-04-29T10:04:40.966480+12:00,15.3,-36.816216,174.750937,1,True
esp32_device_001,2026-04-29T10:04:40.994413+12:00,15.3,-36.817110,174.750716,1,True
esp32_device_001,2026-04-29T10:04:41.022346+12:00,15.3,-36.818149,174.750467,1,True
esp32_device_001,2026-04-29T10:04:41.050279+12:00,15.3,-36.818967,174.750249,1,True
esp32_device_001,2026-04-29T10:04:41.078212+12:00,15.3,-36.819297,174.750155,1,True
esp32_device_001,2026-04-29T10:04:41.106145+12:00,15.3,-36.819682,174.750083,1,True
esp32_device_001,2026-04-29T10:04:41.134078+12:00,15.3,-36.820045,174.750045,1,True
esp32_device_001,2026-04-29T10:04:41.162011+12:00,15.3,-36.820504,174.750072,1,True
esp32_device_001,2026-04-29T10:04:41.189944+12:00,15.2,-36.820778,174.750109,1,True
esp32_device_001,2026-04-29T10:04:41.217877+12:00,15.2,-36.821249,174.750174,1,True
esp32_device_001,2026-04-29T10:04:41.245810+12:00,15.2,-36.821526,174.750173,1,True
esp32_device_001,2026-04-29T10:04:41.273743+12:00,15.2,-36.822174,174.750283,1,True
esp32_device_001,2026-04-29T10:04:41.301676+12:00,15.2,-36.822371,174.750311,1,True
esp32_device_001,2026-04-29T10:04:41.329609+12:00,15.2,-36.822562,174.750334,1,True
esp32_device_001,2026-04-29T10:04:41.357542+12:00,15.2,-36.822766,174.750345,1,True
esp32_device_001,2026-04-29T10:04:41.385475+12:00,15.2,-36.822946,174.750339,1,True
esp32_device_001,2026-04-29T10:04:41.413408+12:00,15.1,-36.823124,174.750321,1,True
esp32_device_001,2026-04-29T10:04:41.441341+12:00,15.1,-36.823323,174.750281,1,True
esp32_device_001,2026-04-29T10:04:41.469274+12:00,15.1,-36.823575,174.750201,1,True
esp32_device_001,2026-04-29T10:04:41.497207+12:00,15.1,-36.823818,174.750102,1,True
esp32_device_001,2026-04-29T10:04:41.525140+12:00,15.1,-36.824029,174.749992,1,True
esp32_device_001,2026-04-29T10:04:41.553073+12:00,15.1,-36.824265,174.749856,1,True
esp32_device_001,2026-04-29T10:04:41.581006+12:00,15.1,-36.824486,174.749714,1,True
esp32_device_001,2026-04-29T10:04:41.608939+12:00,15.1,-36.825685,174.748919,1,True
esp32_device_001,2026-04-29T10:04:41.636872+12:00,15.1,-36.826887,174.748127,1,True
esp32_device_001,2026-04-29T10:04:41.664804+12:00,15.0,-36.827683,174.747602,1,True
esp32_device_001,2026-04-29T10:04:41.692737+12:00,15.0,-36.828216,174.747250,1,True
esp32_device_001,2026-04-29T10:04:41.720670+12:00,15.0,-36.828797,174.746866,1,True
esp32_device_001,2026-04-29T10:04:41.748603+12:00,15.0,-36.829179,174.746615,1,True
esp32_device_001,2026-04-29T10:04:41.776536+12:00,15.0,-36.829531,174.746382,1,True
esp32_device_001,2026-04-29T10:04:41.804469+12:00,15.0,-36.830141,174.745979,1,True
esp32_device_001,2026-04-29T10:04:41.832402+12:00,15.0,-36.830797,174.745547,1,True
esp32_device_001,2026-04-29T10:04:41.860335+12:00,15.0,-36.835646,174.742347,1,True
esp32_device_001,2026-04-29T10:04:41.888268+12:00,14.9,-36.836023,174.742102,1,True
esp32_device_001,2026-04-29T10:04:41.916201+12:00,14.9,-36.836542,174.741875,1,True
esp32_device_001,2026-04-29T10:04:41.944134+12:00,14.9,-36.836844,174.741753,1,True
esp32_device_001,2026-04-29T10:04:41.972067+12:00,14.9,-36.837142,174.741666,1,True
esp32_device_001,2026-04-29T10:04:42+12:00,14.9,-36.837196,174.741608,1,False
esp32_device_001,2026-04-29T10:04:42.833333+12:00,14.7,-36.837308,174.741646,1,True
esp32_device_001,2026-04-29T10:04:43.666667+12:00,14.4,-36.837484,174.741640,1,True
esp32_device_001,2026-04-29T10:04:44.500000+12:00,14.2,-36.837667,174.741652,1,True
esp32_device_001,2026-04-29T10:04:45.333333+12:00,14.0,-36.837849,174.741690,1,True
esp32_device_001,2026-04-29T10:04:46.166667+12:00,13.7,-36.838015,174.741740,1,True
esp32_device_001,2026-04-29T10:04:47+12:00,13.5,-36.838139,174.741776,1,False
esp32_device_001,2026-04-29T10:04:47.833333+12:00,13.3,-36.838206,174.741830,1,True
esp32_device_001,2026-04-29T10:04:48.666667+12:00,13.1,-36.838381,174.741936,1,True
esp32_device_001,2026-04-29T10:04:49.500000+12:00,12.8,-36.838517,174.742041,1,True
esp32_device_001,2026-04-29T10:04:50.333333+12:00,12.6,-36.838632,174.742147,1,True
esp32_device_001,2026-04-29T10:04:51.166667+12:00,12.4,-36.838767,174.742283,1,True
esp32_device_001,2026-04-29T10:04:52+12:00,12.2,-36.838951,174.742462,1,False
esp32_device_001,2026-04-29T10:04:53.250000+12:00,11.8,-36.839008,174.742561,1,True
esp32_device_001,2026-04-29T10:04:54.500000+12:00,11.3,-36.839186,174.742819,1,True
esp32_device_001,2026-04-29T10:04:55.750000+12:00,10.8,-36.839447,174.743208,1,True
esp32_device_001,2026-04-29T10:04:57+12:00,10.4,-36.839584,174.743393,1,False
esp32_device_001,2026-04-29T10:04:59.500000+12:00,9.9,-36.840124,174.744340,1,True
esp32_device_001,2026-04-29T10:05:02+12:00,9.4,-36.84016,174.744354,1,False
esp32_device_001,2026-04-29T10:05:02.833333+12:00,9.3,-36.840236,174.744527,1,True
esp32_device_001,2026-04-29T10:05:03.666667+12:00,9.3,-36.840394,174.744770,1,True
esp32_device_001,2026-04-29T10:05:04.500000+12:00,9.2,-36.840513,174.744931,1,True
esp32_device_001,2026-04-29T10:05:05.333333+12:00,9.2,-36.840633,174.745071,1,True
esp32_device_001,2026-04-29T10:05:06.166667+12:00,9.2,-36.840773,174.745205,1,True
esp32_device_001,2026-04-29T10:05:07+12:00,9.1,-36.84082,174.745209,1,False
esp32_device_001,2026-04-29T10:05:08.250000+12:00,9.2,-36.840983,174.745369,1,True
esp32_device_001,2026-04-29T10:05:09.500000+12:00,9.3,-36.841202,174.745517,1,True
esp32_device_001,2026-04-29T10:05:10.750000+12:00,9.4,-36.841443,174.745666,1,True
esp32_device_001,2026-04-29T10:05:12+12:00,9.5,-36.841625,174.745773,1,False
esp32_device_001,2026-04-29T10:05:12.714286+12:00,9.5,-36.841662,174.745812,1,True
esp32_device_001,2026-04-29T10:05:13.428571+12:00,9.6,-36.841787,174.745911,1,True
esp32_device_001,2026-04-29T10:05:14.142857+12:00,9.6,-36.841906,174.746017,1,True
esp32_device_001,2026-04-29T10:05:14.857143+12:00,9.7,-36.842005,174.746122,1,True
esp32_device_001,2026-04-29T10:05:15.571429+12:00,9.7,-36.842152,174.746304,1,True
esp32_device_001,2026-04-29T10:05:16.285714+12:00,9.8,-36.842273,174.746486,1,True
esp32_device_001,2026-04-29T10:05:17+12:00,9.8,-36.842297,174.746521,1,False
esp32_device_001,2026-04-29T10:05:17.833333+12:00,9.8,-36.842386,174.746711,1,True
esp32_device_001,2026-04-29T10:05:18.666667+12:00,9.8,-36.842483,174.746946,1,True
esp32_device_001,2026-04-29T10:05:19.500000+12:00,9.8,-36.842550,174.747180,1,True
esp32_device_001,2026-04-29T10:05:20.333333+12:00,9.8,-36.842607,174.747418,1,True
esp32_device_001,2026-04-29T10:05:21.166667+12:00,9.8,-36.842636,174.747557,1,True
esp32_device_001,2026-04-29T10:05:22+12:00,9.8,-36.842663,174.747604,1,False
esp32_device_001,2026-04-29T10:05:23.250000+12:00,9.8,-36.842715,174.747948,1,True
esp32_device_001,2026-04-29T10:05:24.500000+12:00,9.7,-36.842798,174.748324,1,True
esp32_device_001,2026-04-29T10:05:25.750000+12:00,9.7,-36.842887,174.748674,1,True
esp32_device_001,2026-04-29T10:05:27+12:00,9.6,-36.84293,174.748749,1,False
esp32_device_001,2026-04-29T10:05:28.250000+12:00,9.4,-36.842981,174.748991,1,True
esp32_device_001,2026-04-29T10:05:29.500000+12:00,9.1,-36.843078,174.749278,1,True
esp32_device_001,2026-04-29T10:05:30.750000+12:00,8.9,-36.843226,174.749620,1,True
esp32_device_001,2026-04-29T10:05:32+12:00,8.7,-36.843311,174.749771,1,False
esp32_device_001,2026-04-29T10:05:33.250000+12:00,8.7,-36.843367,174.749863,1,True
esp32_device_001,2026-04-29T10:05:34.500000+12:00,8.8,-36.843607,174.750275,1,True
esp32_device_001,2026-04-29T10:05:35.750000+12:00,8.8,-36.843804,174.750617,1,True
esp32_device_001,2026-04-29T10:05:37+12:00,8.8,-36.843803,174.750656,1,False
esp32_device_001,2026-04-29T10:05:38.250000+12:00,9.8,-36.843915,174.750803,1,True
esp32_device_001,2026-04-29T10:05:39.500000+12:00,10.7,-36.843956,174.750873,1,True
esp32_device_001,2026-04-29T10:05:40.750000+12:00,11.7,-36.844111,174.751131,1,True
esp32_device_001,2026-04-29T10:05:42+12:00,12.6,-36.844318,174.751541,1,False
esp32_device_001,2026-04-29T10:05:42.625000+12:00,13.0,-36.844518,174.751821,1,True
esp32_device_001,2026-04-29T10:05:43.250000+12:00,13.4,-36.844613,174.751975,1,True
esp32_device_001,2026-04-29T10:05:43.875000+12:00,13.8,-36.844667,174.752056,1,True
esp32_device_001,2026-04-29T10:05:44.500000+12:00,14.2,-36.844723,174.752133,1,True
esp32_device_001,2026-04-29T10:05:45.125000+12:00,14.7,-36.844796,174.752230,1,True
esp32_device_001,2026-04-29T10:05:45.750000+12:00,15.1,-36.844845,174.752288,1,True
esp32_device_001,2026-04-29T10:05:46.375000+12:00,15.5,-36.844885,174.752337,1,True
esp32_device_001,2026-04-29T10:05:47+12:00,15.9,-36.844898,174.752396,1,False
esp32_device_001,2026-04-29T10:05:47.013736+12:00,15.9,-36.844958,174.752419,1,True
esp32_device_001,2026-04-29T10:05:47.027473+12:00,15.9,-36.845029,174.752492,1,True
esp32_device_001,2026-04-29T10:05:47.041209+12:00,15.9,-36.845103,174.752559,1,True
esp32_device_001,2026-04-29T10:05:47.054945+12:00,15.9,-36.845207,174.752643,1,True
esp32_device_001,2026-04-29T10:05:47.068681+12:00,15.9,-36.845315,174.752721,1,True
esp32_device_001,2026-04-29T10:05:47.082418+12:00,15.9,-36.845459,174.752814,1,True
esp32_device_001,2026-04-29T10:05:47.096154+12:00,15.9,-36.845636,174.752899,1,True
esp32_device_001,2026-04-29T10:05:47.109890+12:00,15.9,-36.845729,174.752943,1,True
esp32_device_001,2026-04-29T10:05:47.123626+12:00,16.0,-36.845839,174.752977,1,True
esp32_device_001,2026-04-29T10:05:47.137363+12:00,16.0,-36.845929,174.753005,1,True
esp32_device_001,2026-04-29T10:05:47.151099+12:00,16.0,-36.846083,174.753036,1,True
esp32_device_001,2026-04-29T10:05:47.164835+12:00,16.0,-36.846232,174.753059,1,True
esp32_device_001,2026-04-29T10:05:47.178571+12:00,16.0,-36.846926,174.753107,1,True
esp32_device_001,2026-04-29T10:05:47.192308+12:00,16.0,-36.847993,174.753160,1,True
esp32_device_001,2026-04-29T10:05:47.206044+12:00,16.0,-36.848371,174.753186,1,True
esp32_device_001,2026-04-29T10:05:47.219780+12:00,16.0,-36.848620,174.753207,1,True
esp32_device_001,2026-04-29T10:05:47.233516+12:00,16.0,-36.849080,174.753278,1,True
esp32_device_001,2026-04-29T10:05:47.247253+12:00,16.0,-36.849369,174.753335,1,True
esp32_device_001,2026-04-29T10:05:47.260989+12:00,16.0,-36.849518,174.753379,1,True
esp32_device_001,2026-04-29T10:05:47.274725+12:00,16.0,-36.849739,174.753448,1,True
esp32_device_001,2026-04-29T10:05:47.288462+12:00,16.0,-36.850065,174.753572,1,True
esp32_device_001,2026-04-29T10:05:47.302198+12:00,16.0,-36.850229,174.753653,1,True
esp32_device_001,2026-04-29T10:05:47.315934+12:00,16.0,-36.850516,174.753798,1,True
esp32_device_001,2026-04-29T10:05:47.329670+12:00,16.0,-36.850801,174.753976,1,True
esp32_device_001,2026-04-29T10:05:47.343407+12:00,16.1,-36.851062,174.754155,1,True
esp32_device_001,2026-04-29T10:05:47.357143+12:00,16.1,-36.852234,174.755136,1,True
esp32_device_001,2026-04-29T10:05:47.370879+12:00,16.1,-36.852694,174.755522,1,True
esp32_device_001,2026-04-29T10:05:47.384615+12:00,16.1,-36.853064,174.755806,1,True
esp32_device_001,2026-04-29T10:05:47.398352+12:00,16.1,-36.853641,174.756317,1,True
esp32_device_001,2026-04-29T10:05:47.412088+12:00,16.1,-36.853819,174.756469,1,True
esp32_device_001,2026-04-29T10:05:47.425824+12:00,16.1,-36.853999,174.756625,1,True
esp32_device_001,2026-04-29T10:05:47.439560+12:00,16.1,-36.854184,174.756769,1,True
esp32_device_001,2026-04-29T10:05:47.453297+12:00,16.1,-36.854365,174.756862,1,True
esp32_device_001,2026-04-29T10:05:47.467033+12:00,16.1,-36.854539,174.756949,1,True
esp32_device_001,2026-04-29T10:05:47.480769+12:00,16.1,-36.854742,174.757018,1,True
esp32_device_001,2026-04-29T10:05:47.494505+12:00,16.1,-36.854903,174.757051,1,True
esp32_device_001,2026-04-29T10:05:47.508242+12:00,16.1,-36.855054,174.757069,1,True
esp32_device_001,2026-04-29T10:05:47.521978+12:00,16.1,-36.855311,174.757069,1,True
esp32_device_001,2026-04-29T10:05:47.535714+12:00,16.1,-36.855487,174.757050,1,True
esp32_device_001,2026-04-29T10:05:47.549451+12:00,16.1,-36.855657,174.757014,1,True
esp32_device_001,2026-04-29T10:05:47.563187+12:00,16.1,-36.856037,174.756878,1,True
esp32_device_001,2026-04-29T10:05:47.576923+12:00,16.2,-36.856520,174.756596,1,True
esp32_device_001,2026-04-29T10:05:47.590659+12:00,16.2,-36.856802,174.756432,1,True
esp32_device_001,2026-04-29T10:05:47.604396+12:00,16.2,-36.857007,174.756321,1,True
esp32_device_001,2026-04-29T10:05:47.618132+12:00,16.2,-36.857134,174.756261,1,True
esp32_device_001,2026-04-29T10:05:47.631868+12:00,16.2,-36.857268,174.756218,1,True
esp32_device_001,2026-04-29T10:05:47.645604+12:00,16.2,-36.857493,174.756178,1,True
esp32_device_001,2026-04-29T10:05:47.659341+12:00,16.2,-36.857677,174.756170,1,True
esp32_device_001,2026-04-29T10:05:47.673077+12:00,16.2,-36.857863,174.756180,1,True
esp32_device_001,2026-04-29T10:05:47.686813+12:00,16.2,-36.858085,174.756236,1,True
esp32_device_001,2026-04-29T10:05:47.700549+12:00,16.2,-36.858244,174.756298,1,True
esp32_device_001,2026-04-29T10:05:47.714286+12:00,16.2,-36.858347,174.756356,1,True
esp32_device_001,2026-04-29T10:05:47.728022+12:00,16.2,-36.858737,174.756574,1,True
esp32_device_001,2026-04-29T10:05:47.741758+12:00,16.2,-36.858835,174.756648,1,True
esp32_device_001,2026-04-29T10:05:47.755495+12:00,16.2,-36.858942,174.756746,1,True
esp32_device_001,2026-04-29T10:05:47.769231+12:00,16.2,-36.859067,174.756890,1,True
esp32_device_001,2026-04-29T10:05:47.782967+12:00,16.2,-36.859187,174.757053,1,True
esp32_device_001,2026-04-29T10:05:47.796703+12:00,16.3,-36.859280,174.757222,1,True
esp32_device_001,2026-04-29T10:05:47.810440+12:00,16.3,-36.859370,174.757407,1,True
esp32_device_001,2026-04-29T10:05:47.824176+12:00,16.3,-36.859433,174.757547,1,True
esp32_device_001,2026-04-29T10:05:47.837912+12:00,16.3,-36.859493,174.757723,1,True
esp32_device_001,2026-04-29T10:05:47.851648+12:00,16.3,-36.859550,174.757939,1,True
esp32_device_001,2026-04-29T10:05:47.865385+12:00,16.3,-36.859588,174.758149,1,True
esp32_device_001,2026-04-29T10:05:47.879121+12:00,16.3,-36.859611,174.758375,1,True
esp32_device_001,2026-04-29T10:05:47.892857+12:00,16.3,-36.859626,174.758709,1,True
esp32_device_001,2026-04-29T10:05:47.906593+12:00,16.3,-36.859631,174.759152,1,True
esp32_device_001,2026-04-29T10:05:47.920330+12:00,16.3,-36.859647,174.759691,1,True
esp32_device_001,2026-04-29T10:05:47.934066+12:00,16.3,-36.859655,174.759810,1,True
esp32_device_001,2026-04-29T10:05:47.947802+12:00,16.3,-36.859688,174.760137,1,True
esp32_device_001,2026-04-29T10:05:47.961538+12:00,16.3,-36.859835,174.760839,1,True
esp32_device_001,2026-04-29T10:05:47.975275+12:00,16.3,-36.859926,174.761221,1,True
esp32_device_001,2026-04-29T10:05:47.989011+12:00,16.3,-36.860026,174.761562,1,True
esp32_device_001,2026-04-29T10:05:48.002747+12:00,16.3,-36.860133,174.761858,1,True
esp32_device_001,2026-04-29T10:05:48.016484+12:00,16.3,-36.860254,174.762151,1,True
esp32_device_001,2026-04-29T10:05:48.030220+12:00,16.4,-36.860335,174.762312,1,True
esp32_device_001,2026-04-29T10:05:48.043956+12:00,16.4,-36.860476,174.762560,1,True
esp32_device_001,2026-04-29T10:05:48.057692+12:00,16.4,-36.860514,174.762619,1,True
esp32_device_001,2026-04-29T10:05:48.071429+12:00,16.4,-36.860678,174.762848,1,True
esp32_device_001,2026-04-29T10:05:48.085165+12:00,16.4,-36.860822,174.763023,1,True
esp32_device_001,2026-04-29T10:05:48.098901+12:00,16.4,-36.860938,174.763143,1,True
esp32_device_001,2026-04-29T10:05:48.112637+12:00,16.4,-36.861063,174.763263,1,True
esp32_device_001,2026-04-29T10:05:48.126374+12:00,16.4,-36.861243,174.763409,1,True
esp32_device_001,2026-04-29T10:05:48.140110+12:00,16.4,-36.861451,174.763560,1,True
esp32_device_001,2026-04-29T10:05:48.153846+12:00,16.4,-36.861635,174.763677,1,True
esp32_device_001,2026-04-29T10:05:48.167582+12:00,16.4,-36.861880,174.763840,1,True
esp32_device_001,2026-04-29T10:05:48.181319+12:00,16.4,-36.862099,174.763990,1,True
esp32_device_001,2026-04-29T10:05:48.195055+12:00,16.4,-36.862420,174.764220,1,True
esp32_device_001,2026-04-29T10:05:48.208791+12:00,16.4,-36.862579,174.764352,1,True
esp32_device_001,2026-04-29T10:05:48.222527+12:00,16.4,-36.862731,174.764493,1,True
esp32_device_001,2026-04-29T10:05:48.236264+12:00,16.4,-36.862850,174.764609,1,True
esp32_device_001,2026-04-29T10:05:48.250000+12:00,16.4,-36.863035,174.764835,1,True
esp32_device_001,2026-04-29T10:05:48.263736+12:00,16.5,-36.863222,174.765088,1,True
esp32_device_001,2026-04-29T10:05:48.277473+12:00,16.5,-36.863448,174.765441,1,True
esp32_device_001,2026-04-29T10:05:48.291209+12:00,16.5,-36.863743,174.765918,1,True
esp32_device_001,2026-04-29T10:05:48.304945+12:00,16.5,-36.863890,174.766143,1,True
esp32_device_001,2026-04-29T10:05:48.318681+12:00,16.5,-36.864011,174.766315,1,True
esp32_device_001,2026-04-29T10:05:48.332418+12:00,16.5,-36.864140,174.766470,1,True
esp32_device_001,2026-04-29T10:05:48.346154+12:00,16.5,-36.864275,174.766610,1,True
esp32_device_001,2026-04-29T10:05:48.359890+12:00,16.5,-36.864406,174.766736,1,True
esp32_device_001,2026-04-29T10:05:48.373626+12:00,16.5,-36.864572,174.766875,1,True
esp32_device_001,2026-04-29T10:05:48.387363+12:00,16.5,-36.864710,174.766975,1,True
esp32_device_001,2026-04-29T10:05:48.401099+12:00,16.5,-36.864821,174.767053,1,True
esp32_device_001,2026-04-29T10:05:48.414835+12:00,16.5,-36.864964,174.767133,1,True
esp32_device_001,2026-04-29T10:05:48.428571+12:00,16.5,-36.865131,174.767220,1,True
esp32_device_001,2026-04-29T10:05:48.442308+12:00,16.5,-36.865295,174.767293,1,True
esp32_device_001,2026-04-29T10:05:48.456044+12:00,16.5,-36.865567,174.767393,1,True
esp32_device_001,2026-04-29T10:05:48.469780+12:00,16.5,-36.865980,174.767532,1,True
esp32_device_001,2026-04-29T10:05:48.483516+12:00,16.6,-36.866209,174.767606,1,True
esp32_device_001,2026-04-29T10:05:48.497253+12:00,16.6,-36.866431,174.767698,1,True
esp32_device_001,2026-04-29T10:05:48.510989+12:00,16.6,-36.866567,174.767763,1,True
esp32_device_001,2026-04-29T10:05:48.524725+12:00,16.6,-36.866708,174.767829,1,True
esp32_device_001,2026-04-29T10:05:48.538462+12:00,16.6,-36.866873,174.767925,1,True
esp32_device_001,2026-04-29T10:05:48.552198+12:00,16.6,-36.867031,174.768027,1,True
esp32_device_001,2026-04-29T10:05:48.565934+12:00,16.6,-36.867246,174.768194,1,True
esp32_device_001,2026-04-29T10:05:48.579670+12:00,16.6,-36.867466,174.768394,1,True
esp32_device_001,2026-04-29T10:05:48.593407+12:00,16.6,-36.867679,174.768620,1,True
esp32_device_001,2026-04-29T10:05:48.607143+12:00,16.6,-36.867888,174.768877,1,True
esp32_device_001,2026-04-29T10:05:48.620879+12:00,16.6,-36.868165,174.769255,1,True
esp32_device_001,2026-04-29T10:05:48.634615+12:00,16.6,-36.868432,174.769623,1,True
esp32_device_001,2026-04-29T10:05:48.648352+12:00,16.6,-36.868634,174.769903,1,True
esp32_device_001,2026-04-29T10:05:48.662088+12:00,16.6,-36.869012,174.770407,1,True
esp32_device_001,2026-04-29T10:05:48.675824+12:00,16.6,-36.869441,174.770972,1,True
esp32_device_001,2026-04-29T10:05:48.689560+12:00,16.6,-36.869767,174.771402,1,True
esp32_device_001,2026-04-29T10:05:48.703297+12:00,16.6,-36.869913,174.771580,1,True
esp32_device_001,2026-04-29T10:05:48.717033+12:00,16.7,-36.869968,174.771645,1,True
esp32_device_001,2026-04-29T10:05:48.730769+12:00,16.7,-36.870242,174.772137,1,True
esp32_device_001,2026-04-29T10:05:48.744505+12:00,16.7,-36.870608,174.772571,1,True
esp32_device_001,2026-04-29T10:05:48.758242+12:00,16.7,-36.870941,174.772931,1,True
esp32_device_001,2026-04-29T10:05:48.771978+12:00,16.7,-36.871110,174.773082,1,True
esp32_device_001,2026-04-29T10:05:48.785714+12:00,16.7,-36.871449,174.773413,1,True
esp32_device_001,2026-04-29T10:05:48.799451+12:00,16.7,-36.871547,174.773526,1,True
esp32_device_001,2026-04-29T10:05:48.813187+12:00,16.7,-36.871661,174.773665,1,True
esp32_device_001,2026-04-29T10:05:48.826923+12:00,16.7,-36.871846,174.773910,1,True
esp32_device_001,2026-04-29T10:05:48.840659+12:00,16.7,-36.872052,174.774196,1,True
esp32_device_001,2026-04-29T10:05:48.854396+12:00,16.7,-36.872110,174.774277,1,True
esp32_device_001,2026-04-29T10:05:48.868132+12:00,16.7,-36.872205,174.774257,1,True
esp32_device_001,2026-04-29T10:05:48.881868+12:00,16.7,-36.872493,174.774196,1,True
esp32_device_001,2026-04-29T10:05:48.895604+12:00,16.7,-36.872528,174.774188,1,True
esp32_device_001,2026-04-29T10:05:48.909341+12:00,16.7,-36.872558,174.774151,1,True
esp32_device_001,2026-04-29T10:05:48.923077+12:00,16.7,-36.872578,174.774115,1,True
esp32_device_001,2026-04-29T10:05:48.936813+12:00,16.8,-36.872589,174.774079,1,True
esp32_device_001,2026-04-29T10:05:48.950549+12:00,16.8,-36.872596,174.774039,1,True
esp32_device_001,2026-04-29T10:05:48.964286+12:00,16.8,-36.872598,174.774001,1,True
esp32_device_001,2026-04-29T10:05:48.978022+12:00,16.8,-36.872593,174.773969,1,True
esp32_device_001,2026-04-29T10:05:48.991758+12:00,16.8,-36.872580,174.773934,1,True
esp32_device_001,2026-04-29T10:05:49.005495+12:00,16.8,-36.872565,174.773904,1,True
esp32_device_001,2026-04-29T10:05:49.019231+12:00,16.8,-36.872389,174.773680,1,True
esp32_device_001,2026-04-29T10:05:49.032967+12:00,16.8,-36.872143,174.773385,1,True
esp32_device_001,2026-04-29T10:05:49.046703+12:00,16.8,-36.871754,174.772994,1,True
esp32_device_001,2026-04-29T10:05:49.060440+12:00,16.8,-36.871657,174.772909,1,True
esp32_device_001,2026-04-29T10:05:49.074176+12:00,16.8,-36.871342,174.772672,1,True
esp32_device_001,2026-04-29T10:05:49.087912+12:00,16.8,-36.870963,174.772374,1,True
esp32_device_001,2026-04-29T10:05:49.101648+12:00,16.8,-36.870788,174.772212,1,True
esp32_device_001,2026-04-29T10:05:49.115385+12:00,16.8,-36.870493,174.772078,1,True
esp32_device_001,2026-04-29T10:05:49.129121+12:00,16.8,-36.870226,174.771795,1,True
esp32_device_001,2026-04-29T10:05:49.142857+12:00,16.8,-36.869985,174.771510,1,True
esp32_device_001,2026-04-29T10:05:49.156593+12:00,16.8,-36.869839,174.771322,1,True
esp32_device_001,2026-04-29T10:05:49.170330+12:00,16.9,-36.869512,174.770926,1,True
esp32_device_001,2026-04-29T10:05:49.184066+12:00,16.9,-36.869062,174.770325,1,True
esp32_device_001,2026-04-29T10:05:49.197802+12:00,16.9,-36.868748,174.769895,1,True
esp32_device_001,2026-04-29T10:05:49.211538+12:00,16.9,-36.868512,174.769569,1,True
esp32_device_001,2026-04-29T10:05:49.225275+12:00,16.9,-36.868042,174.768935,1,True
esp32_device_001,2026-04-29T10:05:49.239011+12:00,16.9,-36.867755,174.768575,1,True
esp32_device_001,2026-04-29T10:05:49.252747+12:00,16.9,-36.867555,174.768360,1,True
esp32_device_001,2026-04-29T10:05:49.266484+12:00,16.9,-36.867411,174.768219,1,True
esp32_device_001,2026-04-29T10:05:49.280220+12:00,16.9,-36.867260,174.768090,1,True
esp32_device_001,2026-04-29T10:05:49.293956+12:00,16.9,-36.867110,174.767975,1,True
esp32_device_001,2026-04-29T10:05:49.307692+12:00,16.9,-36.866946,174.767863,1,True
esp32_device_001,2026-04-29T10:05:49.321429+12:00,16.9,-36.866724,174.767731,1,True
esp32_device_001,2026-04-29T10:05:49.335165+12:00,16.9,-36.866522,174.767636,1,True
esp32_device_001,2026-04-29T10:05:49.348901+12:00,16.9,-36.866286,174.767534,1,True
esp32_device_001,2026-04-29T10:05:49.362637+12:00,16.9,-36.866040,174.767452,1,True
esp32_device_001,2026-04-29T10:05:49.376374+12:00,16.9,-36.865429,174.767241,1,True
esp32_device_001,2026-04-29T10:05:49.390110+12:00,17.0,-36.865181,174.767142,1,True
esp32_device_001,2026-04-29T10:05:49.403846+12:00,17.0,-36.865008,174.767054,1,True
esp32_device_001,2026-04-29T10:05:49.417582+12:00,17.0,-36.864858,174.766968,1,True
esp32_device_001,2026-04-29T10:05:49.431319+12:00,17.0,-36.864701,174.766862,1,True
esp32_device_001,2026-04-29T10:05:49.445055+12:00,17.0,-36.864578,174.766764,1,True
esp32_device_001,2026-04-29T10:05:49.458791+12:00,17.0,-36.864451,174.766655,1,True
esp32_device_001,2026-04-29T10:05:49.472527+12:00,17.0,-36.864375,174.766582,1,True
esp32_device_001,2026-04-29T10:05:49.486264+12:00,17.0,-36.864180,174.766374,1,True
esp32_device_001,2026-04-29T10:05:49.500000+12:00,17.0,-36.864024,174.766174,1,True
esp32_device_001,2026-04-29T10:05:49.513736+12:00,17.0,-36.863826,174.765885,1,True
esp32_device_001,2026-04-29T10:05:49.527473+12:00,17.0,-36.863390,174.765172,1,True
esp32_device_001,2026-04-29T10:05:49.541209+12:00,17.0,-36.863205,174.764897,1,True
esp32_device_001,2026-04-29T10:05:49.554945+12:00,17.0,-36.862964,174.764593,1,True
esp32_device_001,2026-04-29T10:05:49.568681+12:00,17.0,-36.862783,174.764397,1,True
esp32_device_001,2026-04-29T10:05:49.582418+12:00,17.0,-36.862466,174.764109,1,True
esp32_device_001,2026-04-29T10:05:49.596154+12:00,17.0,-36.862177,174.763851,1,True
esp32_device_001,2026-04-29T10:05:49.609890+12:00,17.0,-36.861976,174.763676,1,True
esp32_device_001,2026-04-29T10:05:49.623626+12:00,17.1,-36.861770,174.763488,1,True
esp32_device_001,2026-04-29T10:05:49.637363+12:00,17.1,-36.861595,174.763318,1,True
esp32_device_001,2026-04-29T10:05:49.651099+12:00,17.1,-36.861398,174.763093,1,True
esp32_device_001,2026-04-29T10:05:49.664835+12:00,17.1,-36.861211,174.762829,1,True
esp32_device_001,2026-04-29T10:05:49.678571+12:00,17.1,-36.861038,174.762561,1,True
esp32_device_001,2026-04-29T10:05:49.692308+12:00,17.1,-36.860913,174.762330,1,True
esp32_device_001,2026-04-29T10:05:49.706044+12:00,17.1,-36.860752,174.761981,1,True
esp32_device_001,2026-04-29T10:05:49.719780+12:00,17.1,-36.860602,174.761586,1,True
esp32_device_001,2026-04-29T10:05:49.733516+12:00,17.1,-36.860530,174.761374,1,True
esp32_device_001,2026-04-29T10:05:49.747253+12:00,17.1,-36.860474,174.761173,1,True
esp32_device_001,2026-04-29T10:05:49.760989+12:00,17.1,-36.860396,174.760842,1,True
esp32_device_001,2026-04-29T10:05:49.774725+12:00,17.1,-36.860330,174.760502,1,True
esp32_device_001,2026-04-29T10:05:49.788462+12:00,17.1,-36.860290,174.760267,1,True
esp32_device_001,2026-04-29T10:05:49.802198+12:00,17.1,-36.860274,174.760062,1,True
esp32_device_001,2026-04-29T10:05:49.815934+12:00,17.1,-36.860248,174.759416,1,True
esp32_device_001,2026-04-29T10:05:49.829670+12:00,17.1,-36.860231,174.759037,1,True
esp32_device_001,2026-04-29T10:05:49.843407+12:00,17.2,-36.860213,174.758777,1,True
esp32_device_001,2026-04-29T10:05:49.857143+12:00,17.2,-36.860187,174.758521,1,True
esp32_device_001,2026-04-29T10:05:49.870879+12:00,17.2,-36.860131,174.758226,1,True
esp32_device_001,2026-04-29T10:05:49.884615+12:00,17.2,-36.860054,174.757942,1,True
esp32_device_001,2026-04-29T10:05:49.898352+12:00,17.2,-36.859980,174.757740,1,True
esp32_device_001,2026-04-29T10:05:49.912088+12:00,17.2,-36.859897,174.757550,1,True
esp32_device_001,2026-04-29T10:05:49.925824+12:00,17.2,-36.859786,174.757347,1,True
esp32_device_001,2026-04-29T10:05:49.939560+12:00,17.2,-36.859669,174.757169,1,True
esp32_device_001,2026-04-29T10:05:49.953297+12:00,17.2,-36.859562,174.757026,1,True
esp32_device_001,2026-04-29T10:05:49.967033+12:00,17.2,-36.859431,174.756871,1,True
esp32_device_001,2026-04-29T10:05:49.980769+12:00,17.2,-36.859287,174.756732,1,True
esp32_device_001,2026-04-29T10:05:49.994505+12:00,17.2,-36.859059,174.756559,1,True
esp32_device_001,2026-04-29T10:05:50.008242+12:00,17.2,-36.858728,174.756297,1,True
esp32_device_001,2026-04-29T10:05:50.021978+12:00,17.2,-36.857941,174.755829,1,True
esp32_device_001,2026-04-29T10:05:50.035714+12:00,17.2,-36.857749,174.755734,1,True
esp32_device_001,2026-04-29T10:05:50.049451+12:00,17.2,-36.857555,174.755676,1,True
esp32_device_001,2026-04-29T10:05:50.063187+12:00,17.2,-36.857354,174.755629,1,True
esp32_device_001,2026-04-29T10:05:50.076923+12:00,17.3,-36.857046,174.755604,1,True
esp32_device_001,2026-04-29T10:05:50.090659+12:00,17.3,-36.856902,174.755601,1,True
esp32_device_001,2026-04-29T10:05:50.104396+12:00,17.3,-36.856760,174.755606,1,True
esp32_device_001,2026-04-29T10:05:50.118132+12:00,17.3,-36.856630,174.755621,1,True
esp32_device_001,2026-04-29T10:05:50.131868+12:00,17.3,-36.856550,174.755635,1,True
esp32_device_001,2026-04-29T10:05:50.145604+12:00,17.3,-36.856460,174.755656,1,True
esp32_device_001,2026-04-29T10:05:50.159341+12:00,17.3,-36.856290,174.755707,1,True
esp32_device_001,2026-04-29T10:05:50.173077+12:00,17.3,-36.856233,174.755724,1,True
esp32_device_001,2026-04-29T10:05:50.186813+12:00,17.3,-36.856106,174.755779,1,True
esp32_device_001,2026-04-29T10:05:50.200549+12:00,17.3,-36.856009,174.755823,1,True
esp32_device_001,2026-04-29T10:05:50.214286+12:00,17.3,-36.855936,174.755862,1,True
esp32_device_001,2026-04-29T10:05:50.228022+12:00,17.3,-36.855852,174.755909,1,True
esp32_device_001,2026-04-29T10:05:50.241758+12:00,17.3,-36.855772,174.755957,1,True
esp32_device_001,2026-04-29T10:05:50.255495+12:00,17.3,-36.855603,174.756073,1,True
esp32_device_001,2026-04-29T10:05:50.269231+12:00,17.3,-36.855503,174.756153,1,True
esp32_device_001,2026-04-29T10:05:50.282967+12:00,17.3,-36.855423,174.756220,1,True
esp32_device_001,2026-04-29T10:05:50.296703+12:00,17.4,-36.855321,174.756316,1,True
esp32_device_001,2026-04-29T10:05:50.310440+12:00,17.4,-36.855162,174.756476,1,True
esp32_device_001,2026-04-29T10:05:50.324176+12:00,17.4,-36.855057,174.756572,1,True
esp32_device_001,2026-04-29T10:05:50.337912+12:00,17.4,-36.854938,174.756675,1,True
esp32_device_001,2026-04-29T10:05:50.351648+12:00,17.4,-36.854799,174.756789,1,True
esp32_device_001,2026-04-29T10:05:50.365385+12:00,17.4,-36.854643,174.756907,1,True
esp32_device_001,2026-04-29T10:05:50.379121+12:00,17.4,-36.854500,174.757003,1,True
esp32_device_001,2026-04-29T10:05:50.392857+12:00,17.4,-36.854373,174.757082,1,True
esp32_device_001,2026-04-29T10:05:50.406593+12:00,17.4,-36.854243,174.757167,1,True
esp32_device_001,2026-04-29T10:05:50.420330+12:00,17.4,-36.854024,174.757289,1,True
esp32_device_001,2026-04-29T10:05:50.434066+12:00,17.4,-36.853967,174.757319,1,True
esp32_device_001,2026-04-29T10:05:50.447802+12:00,17.4,-36.853935,174.757335,1,True
esp32_device_001,2026-04-29T10:05:50.461538+12:00,17.4,-36.853866,174.757371,1,True
esp32_device_001,2026-04-29T10:05:50.475275+12:00,17.4,-36.853808,174.757400,1,True
esp32_device_001,2026-04-29T10:05:50.489011+12:00,17.4,-36.853706,174.757454,1,True
esp32_device_001,2026-04-29T10:05:50.502747+12:00,17.4,-36.853592,174.757433,1,True
esp32_device_001,2026-04-29T10:05:50.516484+12:00,17.4,-36.853554,174.757434,1,True
esp32_device_001,2026-04-29T10:05:50.530220+12:00,17.5,-36.853487,174.757446,1,True
esp32_device_001,2026-04-29T10:05:50.543956+12:00,17.5,-36.853297,174.757500,1,True
esp32_device_001,2026-04-29T10:05:50.557692+12:00,17.5,-36.853219,174.757517,1,True
esp32_device_001,2026-04-29T10:05:50.571429+12:00,17.5,-36.852789,174.757707,1,True
esp32_device_001,2026-04-29T10:05:50.585165+12:00,17.5,-36.852296,174.757924,1,True
esp32_device_001,2026-04-29T10:05:50.598901+12:00,17.5,-36.851840,174.758125,1,True
esp32_device_001,2026-04-29T10:05:50.612637+12:00,17.5,-36.851523,174.758265,1,True
esp32_device_001,2026-04-29T10:05:50.626374+12:00,17.5,-36.851406,174.758321,1,True
esp32_device_001,2026-04-29T10:05:50.640110+12:00,17.5,-36.851362,174.758351,1,True
esp32_device_001,2026-04-29T10:05:50.653846+12:00,17.5,-36.851335,174.758379,1,True
esp32_device_001,2026-04-29T10:05:50.667582+12:00,17.5,-36.851325,174.758400,1,True
esp32_device_001,2026-04-29T10:05:50.681319+12:00,17.5,-36.851314,174.758425,1,True
esp32_device_001,2026-04-29T10:05:50.695055+12:00,17.5,-36.851273,174.758532,1,True
esp32_device_001,2026-04-29T10:05:50.708791+12:00,17.5,-36.851169,174.758579,1,True
esp32_device_001,2026-04-29T10:05:50.722527+12:00,17.5,-36.851057,174.758631,1,True
esp32_device_001,2026-04-29T10:05:50.736264+12:00,17.5,-36.850947,174.758681,1,True
esp32_device_001,2026-04-29T10:05:50.750000+12:00,17.6,-36.850620,174.758831,1,True
esp32_device_001,2026-04-29T10:05:50.763736+12:00,17.6,-36.850515,174.758879,1,True
esp32_device_001,2026-04-29T10:05:50.777473+12:00,17.6,-36.850379,174.758941,1,True
esp32_device_001,2026-04-29T10:05:50.791209+12:00,17.6,-36.850343,174.758958,1,True
esp32_device_001,2026-04-29T10:05:50.804945+12:00,17.6,-36.850319,174.758969,1,True
esp32_device_001,2026-04-29T10:05:50.818681+12:00,17.6,-36.850170,174.759037,1,True
esp32_device_001,2026-04-29T10:05:50.832418+12:00,17.6,-36.850113,174.759063,1,True
esp32_device_001,2026-04-29T10:05:50.846154+12:00,17.6,-36.849809,174.759181,1,True
esp32_device_001,2026-04-29T10:05:50.859890+12:00,17.6,-36.849605,174.759260,1,True
esp32_device_001,2026-04-29T10:05:50.873626+12:00,17.6,-36.849555,174.759279,1,True
esp32_device_001,2026-04-29T10:05:50.887363+12:00,17.6,-36.849515,174.759295,1,True
esp32_device_001,2026-04-29T10:05:50.901099+12:00,17.6,-36.849403,174.759338,1,True
esp32_device_001,2026-04-29T10:05:50.914835+12:00,17.6,-36.849375,174.759238,1,True
esp32_device_001,2026-04-29T10:05:50.928571+12:00,17.6,-36.849365,174.759201,1,True
esp32_device_001,2026-04-29T10:05:50.942308+12:00,17.6,-36.849356,174.759168,1,True
esp32_device_001,2026-04-29T10:05:50.956044+12:00,17.6,-36.849323,174.759051,1,True
esp32_device_001,2026-04-29T10:05:50.969780+12:00,17.6,-36.849266,174.758845,1,True
esp32_device_001,2026-04-29T10:05:50.983516+12:00,17.7,-36.849235,174.758735,1,True
esp32_device_001,2026-04-29T10:05:50.997253+12:00,17.7,-36.849197,174.758596,1,True
esp32_device_001,2026-04-29T10:05:51.010989+12:00,17.7,-36.849113,174.758320,1,True
esp32_device_001,2026-04-29T10:05:51.024725+12:00,17.7,-36.849078,174.758198,1,True
esp32_device_001,2026-04-29T10:05:51.038462+12:00,17.7,-36.849066,174.758158,1,True
esp32_device_001,2026-04-29T10:05:51.052198+12:00,17.7,-36.849048,174.758097,1,True
esp32_device_001,2026-04-29T10:05:51.065934+12:00,17.7,-36.849030,174.758035,1,True
esp32_device_001,2026-04-29T10:05:51.079670+12:00,17.7,-36.849021,174.758005,1,True
esp32_device_001,2026-04-29T10:05:51.093407+12:00,17.7,-36.849014,174.757983,1,True
esp32_device_001,2026-04-29T10:05:51.107143+12:00,17.7,-36.848983,174.757875,1,True
esp32_device_001,2026-04-29T10:05:51.120879+12:00,17.7,-36.848948,174.757754,1,True
esp32_device_001,2026-04-29T10:05:51.134615+12:00,17.7,-36.848944,174.757741,1,True
esp32_device_001,2026-04-29T10:05:51.148352+12:00,17.7,-36.848933,174.757704,1,True
esp32_device_001,2026-04-29T10:05:51.162088+12:00,17.7,-36.848925,174.757678,1,True
esp32_device_001,2026-04-29T10:05:51.175824+12:00,17.7,-36.848838,174.757381,1,True
esp32_device_001,2026-04-29T10:05:51.189560+12:00,17.7,-36.848790,174.757218,1,True
esp32_device_001,2026-04-29T10:05:51.203297+12:00,17.7,-36.848762,174.757121,1,True
esp32_device_001,2026-04-29T10:05:51.217033+12:00,17.8,-36.848758,174.757106,1,True
esp32_device_001,2026-04-29T10:05:51.230769+12:00,17.8,-36.848588,174.756552,1,True
esp32_device_001,2026-04-29T10:05:51.244505+12:00,17.8,-36.848566,174.756513,1,True
esp32_device_001,2026-04-29T10:05:51.258242+12:00,17.8,-36.848522,174.756443,1,True
esp32_device_001,2026-04-29T10:05:51.271978+12:00,17.8,-36.848505,174.756422,1,True
esp32_device_001,2026-04-29T10:05:51.285714+12:00,17.8,-36.848486,174.756402,1,True
esp32_device_001,2026-04-29T10:05:51.299451+12:00,17.8,-36.848464,174.756386,1,True
esp32_device_001,2026-04-29T10:05:51.313187+12:00,17.8,-36.848442,174.756375,1,True
esp32_device_001,2026-04-29T10:05:51.326923+12:00,17.8,-36.848417,174.756367,1,True
esp32_device_001,2026-04-29T10:05:51.340659+12:00,17.8,-36.848390,174.756362,1,True
esp32_device_001,2026-04-29T10:05:51.354396+12:00,17.8,-36.848331,174.756363,1,True
esp32_device_001,2026-04-29T10:05:51.368132+12:00,17.8,-36.848308,174.756365,1,True
esp32_device_001,2026-04-29T10:05:51.381868+12:00,17.8,-36.848293,174.756366,1,True
esp32_device_001,2026-04-29T10:05:51.395604+12:00,17.8,-36.848239,174.756371,1,True
esp32_device_001,2026-04-29T10:05:51.409341+12:00,17.8,-36.848140,174.756384,1,True
esp32_device_001,2026-04-29T10:05:51.423077+12:00,17.8,-36.848056,174.756389,1,True
esp32_device_001,2026-04-29T10:05:51.436813+12:00,17.9,-36.847990,174.756394,1,True
esp32_device_001,2026-04-29T10:05:51.450549+12:00,17.9,-36.847954,174.756398,1,True
esp32_device_001,2026-04-29T10:05:51.464286+12:00,17.9,-36.847768,174.756407,1,True
esp32_device_001,2026-04-29T10:05:51.478022+12:00,17.9,-36.847725,174.756409,1,True
esp32_device_001,2026-04-29T10:05:51.491758+12:00,17.9,-36.847477,174.756428,1,True
esp32_device_001,2026-04-29T10:05:51.505495+12:00,17.9,-36.847127,174.756455,1,True
esp32_device_001,2026-04-29T10:05:51.519231+12:00,17.9,-36.846962,174.756468,1,True
esp32_device_001,2026-04-29T10:05:51.532967+12:00,17.9,-36.846829,174.756488,1,True
esp32_device_001,2026-04-29T10:05:51.546703+12:00,17.9,-36.846562,174.756528,1,True
esp32_device_001,2026-04-29T10:05:51.560440+12:00,17.9,-36.846502,174.756536,1,True
esp32_device_001,2026-04-29T10:05:51.574176+12:00,17.9,-36.846365,174.756486,1,True
esp32_device_001,2026-04-29T10:05:51.587912+12:00,17.9,-36.846272,174.756474,1,True
esp32_device_001,2026-04-29T10:05:51.601648+12:00,17.9,-36.846259,174.756473,1,True
esp32_device_001,2026-04-29T10:05:51.615385+12:00,17.9,-36.846247,174.756471,1,True
esp32_device_001,2026-04-29T10:05:51.629121+12:00,17.9,-36.846224,174.756470,1,True
esp32_device_001,2026-04-29T10:05:51.642857+12:00,17.9,-36.846119,174.756460,1,True
esp32_device_001,2026-04-29T10:05:51.656593+12:00,17.9,-36.846109,174.756419,1,True
esp32_device_001,2026-04-29T10:05:51.670330+12:00,18.0,-36.846077,174.756287,1,True
esp32_device_001,2026-04-29T10:05:51.684066+12:00,18.0,-36.845917,174.755694,1,True
esp32_device_001,2026-04-29T10:05:51.697802+12:00,18.0,-36.845755,174.755066,1,True
esp32_device_001,2026-04-29T10:05:51.711538+12:00,18.0,-36.845543,174.754248,1,True
esp32_device_001,2026-04-29T10:05:51.725275+12:00,18.0,-36.845497,174.754075,1,True
esp32_device_001,2026-04-29T10:05:51.739011+12:00,18.0,-36.845468,174.753975,1,True
esp32_device_001,2026-04-29T10:05:51.752747+12:00,18.0,-36.845241,174.753114,1,True
esp32_device_001,2026-04-29T10:05:51.766484+12:00,18.0,-36.845227,174.753064,1,True
esp32_device_001,2026-04-29T10:05:51.780220+12:00,18.0,-36.845195,174.752932,1,True
esp32_device_001,2026-04-29T10:05:51.793956+12:00,18.0,-36.845292,174.752880,1,True
esp32_device_001,2026-04-29T10:05:51.807692+12:00,18.0,-36.845325,174.752860,1,True
esp32_device_001,2026-04-29T10:05:51.821429+12:00,18.0,-36.845384,174.752828,1,True
esp32_device_001,2026-04-29T10:05:51.835165+12:00,18.0,-36.845517,174.752757,1,True
esp32_device_001,2026-04-29T10:05:51.848901+12:00,18.0,-36.845704,174.752625,1,True
esp32_device_001,2026-04-29T10:05:51.862637+12:00,18.0,-36.845887,174.752521,1,True
esp32_device_001,2026-04-29T10:05:51.876374+12:00,18.0,-36.845911,174.752571,1,True
esp32_device_001,2026-04-29T10:05:51.890110+12:00,18.1,-36.845939,174.752638,1,True
esp32_device_001,2026-04-29T10:05:51.903846+12:00,18.1,-36.845960,174.752704,1,True
esp32_device_001,2026-04-29T10:05:51.917582+12:00,18.1,-36.845978,174.752759,1,True
esp32_device_001,2026-04-29T10:05:51.931319+12:00,18.1,-36.845982,174.752820,1,True
esp32_device_001,2026-04-29T10:05:51.945055+12:00,18.1,-36.845974,174.752879,1,True
esp32_device_001,2026-04-29T10:05:51.958791+12:00,18.1,-36.845953,174.752928,1,True
esp32_device_001,2026-04-29T10:05:51.972527+12:00,18.1,-36.845892,174.752973,1,True
esp32_device_001,2026-04-29T10:05:51.986264+12:00,18.1,-36.845794,174.753012,1,True
esp32_device_001,2026-04-29T10:05:52+12:00,18.1,-36.845718,174.752975,1,False
esp32_device_001,2026-04-29T10:05:52.015291+12:00,18.1,-36.845663,174.752972,1,True
esp32_device_001,2026-04-29T10:05:52.030581+12:00,18.1,-36.845718,174.752995,1,True
esp32_device_001,2026-04-29T10:05:52.045872+12:00,18.1,-36.845794,174.753012,1,True
esp32_device_001,2026-04-29T10:05:52.061162+12:00,18.1,-36.845892,174.752973,1,True
esp32_device_001,2026-04-29T10:05:52.076453+12:00,18.1,-36.845953,174.752928,1,True
esp32_device_001,2026-04-29T10:05:52.091743+12:00,18.1,-36.845974,174.752879,1,True
esp32_device_001,2026-04-29T10:05:52.107034+12:00,18.1,-36.845982,174.752820,1,True
esp32_device_001,2026-04-29T10:05:52.122324+12:00,18.1,-36.845978,174.752759,1,True
esp32_device_001,2026-04-29T10:05:52.137615+12:00,18.1,-36.845960,174.752704,1,True
esp32_device_001,2026-04-29T10:05:52.152905+12:00,18.1,-36.845939,174.752638,1,True
esp32_device_001,2026-04-29T10:05:52.168196+12:00,18.1,-36.845911,174.752571,1,True
esp32_device_001,2026-04-29T10:05:52.183486+12:00,18.1,-36.845887,174.752521,1,True
esp32_device_001,2026-04-29T10:05:52.198777+12:00,18.1,-36.845704,174.752625,1,True
esp32_device_001,2026-04-29T10:05:52.214067+12:00,18.1,-36.845507,174.752618,1,True
esp32_device_001,2026-04-29T10:05:52.229358+12:00,18.1,-36.845467,174.752626,1,True
esp32_device_001,2026-04-29T10:05:52.244648+12:00,18.1,-36.845425,174.752627,1,True
esp32_device_001,2026-04-29T10:05:52.259939+12:00,18.1,-36.845372,174.752624,1,True
esp32_device_001,2026-04-29T10:05:52.275229+12:00,18.1,-36.845312,174.752606,1,True
esp32_device_001,2026-04-29T10:05:52.290520+12:00,18.1,-36.845269,174.752585,1,True
esp32_device_001,2026-04-29T10:05:52.305810+12:00,18.1,-36.845188,174.752533,1,True
esp32_device_001,2026-04-29T10:05:52.321101+12:00,18.1,-36.845122,174.752471,1,True
esp32_device_001,2026-04-29T10:05:52.336391+12:00,18.1,-36.845050,174.752380,1,True
esp32_device_001,2026-04-29T10:05:52.351682+12:00,18.1,-36.845037,174.752303,1,True
esp32_device_001,2026-04-29T10:05:52.366972+12:00,18.1,-36.845017,174.752165,1,True
esp32_device_001,2026-04-29T10:05:52.382263+12:00,18.1,-36.844988,174.751987,1,True
esp32_device_001,2026-04-29T10:05:52.397554+12:00,18.1,-36.844962,174.751883,1,True
esp32_device_001,2026-04-29T10:05:52.412844+12:00,18.1,-36.844936,174.751793,1,True
esp32_device_001,2026-04-29T10:05:52.428135+12:00,18.1,-36.844904,174.751711,1,True
esp32_device_001,2026-04-29T10:05:52.443425+12:00,18.1,-36.844862,174.751617,1,True
esp32_device_001,2026-04-29T10:05:52.458716+12:00,18.1,-36.844806,174.751515,1,True
esp32_device_001,2026-04-29T10:05:52.474006+12:00,18.1,-36.844751,174.751423,1,True
esp32_device_001,2026-04-29T10:05:52.489297+12:00,18.1,-36.844642,174.751269,1,True
esp32_device_001,2026-04-29T10:05:52.504587+12:00,18.1,-36.844595,174.751209,1,True
esp32_device_001,2026-04-29T10:05:52.519878+12:00,18.1,-36.844384,174.750899,1,True
esp32_device_001,2026-04-29T10:05:52.535168+12:00,18.1,-36.844245,174.750690,1,True
esp32_device_001,2026-04-29T10:05:52.550459+12:00,18.1,-36.844201,174.750625,1,True
esp32_device_001,2026-04-29T10:05:52.565749+12:00,18.1,-36.844156,174.750557,1,True
esp32_device_001,2026-04-29T10:05:52.581040+12:00,18.1,-36.844002,174.750331,1,True
esp32_device_001,2026-04-29T10:05:52.596330+12:00,18.1,-36.843822,174.750049,1,True
esp32_device_001,2026-04-29T10:05:52.611621+12:00,18.1,-36.843621,174.749727,1,True
esp32_device_001,2026-04-29T10:05:52.626911+12:00,18.1,-36.843531,174.749577,1,True
esp32_device_001,2026-04-29T10:05:52.642202+12:00,18.1,-36.843461,174.749458,1,True
esp32_device_001,2026-04-29T10:05:52.657492+12:00,18.1,-36.843360,174.749260,1,True
esp32_device_001,2026-04-29T10:05:52.672783+12:00,18.1,-36.843285,174.749101,1,True
esp32_device_001,2026-04-29T10:05:52.688073+12:00,18.1,-36.843225,174.748947,1,True
esp32_device_001,2026-04-29T10:05:52.703364+12:00,18.1,-36.843155,174.748750,1,True
esp32_device_001,2026-04-29T10:05:52.718654+12:00,18.1,-36.843105,174.748582,1,True
esp32_device_001,2026-04-29T10:05:52.733945+12:00,18.1,-36.843046,174.748372,1,True
esp32_device_001,2026-04-29T10:05:52.749235+12:00,18.1,-36.842994,174.748134,1,True
esp32_device_001,2026-04-29T10:05:52.764526+12:00,18.1,-36.842895,174.747659,1,True
esp32_device_001,2026-04-29T10:05:52.779817+12:00,18.1,-36.842773,174.747381,1,True
esp32_device_001,2026-04-29T10:05:52.795107+12:00,18.1,-36.842693,174.747053,1,True
esp32_device_001,2026-04-29T10:05:52.810398+12:00,18.1,-36.842608,174.746768,1,True
esp32_device_001,2026-04-29T10:05:52.825688+12:00,18.1,-36.842466,174.746452,1,True
esp32_device_001,2026-04-29T10:05:52.840979+12:00,18.1,-36.842349,174.746259,1,True
esp32_device_001,2026-04-29T10:05:52.856269+12:00,18.1,-36.842209,174.746059,1,True
esp32_device_001,2026-04-29T10:05:52.871560+12:00,18.1,-36.842029,174.745863,1,True
esp32_device_001,2026-04-29T10:05:52.886850+12:00,18.1,-36.841876,174.745727,1,True
esp32_device_001,2026-04-29T10:05:52.902141+12:00,18.1,-36.841724,174.745614,1,True
esp32_device_001,2026-04-29T10:05:52.917431+12:00,18.1,-36.841561,174.745498,1,True
esp32_device_001,2026-04-29T10:05:52.932722+12:00,18.1,-36.841321,174.745351,1,True
esp32_device_001,2026-04-29T10:05:52.948012+12:00,18.1,-36.841084,174.745198,1,True
esp32_device_001,2026-04-29T10:05:52.963303+12:00,18.1,-36.840870,174.745030,1,True
esp32_device_001,2026-04-29T10:05:52.978593+12:00,18.1,-36.840718,174.744879,1,True
esp32_device_001,2026-04-29T10:05:52.993884+12:00,18.1,-36.840585,174.744715,1,True
esp32_device_001,2026-04-29T10:05:53.009174+12:00,18.1,-36.840475,174.744560,1,True
esp32_device_001,2026-04-29T10:05:53.024465+12:00,18.1,-36.840307,174.744291,1,True
esp32_device_001,2026-04-29T10:05:53.039755+12:00,18.1,-36.840088,174.743925,1,True
esp32_device_001,2026-04-29T10:05:53.055046+12:00,18.1,-36.839600,174.743116,1,True
esp32_device_001,2026-04-29T10:05:53.070336+12:00,18.1,-36.839387,174.742783,1,True
esp32_device_001,2026-04-29T10:05:53.085627+12:00,18.1,-36.839206,174.742508,1,True
esp32_device_001,2026-04-29T10:05:53.100917+12:00,18.1,-36.839021,174.742257,1,True
esp32_device_001,2026-04-29T10:05:53.116208+12:00,18.1,-36.838821,174.742046,1,True
esp32_device_001,2026-04-29T10:05:53.131498+12:00,18.1,-36.838623,174.741867,1,True
esp32_device_001,2026-04-29T10:05:53.146789+12:00,18.1,-36.838468,174.741750,1,True
esp32_device_001,2026-04-29T10:05:53.162080+12:00,18.1,-36.838348,174.741680,1,True
esp32_device_001,2026-04-29T10:05:53.177370+12:00,18.1,-36.838227,174.741622,1,True
esp32_device_001,2026-04-29T10:05:53.192661+12:00,18.1,-36.837949,174.741503,1,True
esp32_device_001,2026-04-29T10:05:53.207951+12:00,18.1,-36.837715,174.741437,1,True
esp32_device_001,2026-04-29T10:05:53.223242+12:00,18.1,-36.837560,174.741424,1,True
esp32_device_001,2026-04-29T10:05:53.238532+12:00,18.1,-36.837405,174.741423,1,True
esp32_device_001,2026-04-29T10:05:53.253823+12:00,18.2,-36.837296,174.741430,1,True
esp32_device_001,2026-04-29T10:05:53.269113+12:00,18.2,-36.837010,174.741401,1,True
esp32_device_001,2026-04-29T10:05:53.284404+12:00,18.2,-36.836787,174.741472,1,True
esp32_device_001,2026-04-29T10:05:53.299694+12:00,18.2,-36.836424,174.741650,1,True
esp32_device_001,2026-04-29T10:05:53.314985+12:00,18.2,-36.836258,174.741753,1,True
esp32_device_001,2026-04-29T10:05:53.330275+12:00,18.2,-36.836146,174.741838,1,True
esp32_device_001,2026-04-29T10:05:53.345566+12:00,18.2,-36.835594,174.742220,1,True
esp32_device_001,2026-04-29T10:05:53.360856+12:00,18.2,-36.830755,174.745413,1,True
esp32_device_001,2026-04-29T10:05:53.376147+12:00,18.2,-36.830090,174.745851,1,True
esp32_device_001,2026-04-29T10:05:53.391437+12:00,18.2,-36.829482,174.746253,1,True
esp32_device_001,2026-04-29T10:05:53.406728+12:00,18.2,-36.829127,174.746487,1,True
esp32_device_001,2026-04-29T10:05:53.422018+12:00,18.2,-36.828740,174.746742,1,True
esp32_device_001,2026-04-29T10:05:53.437309+12:00,18.2,-36.828163,174.747123,1,True
esp32_device_001,2026-04-29T10:05:53.452599+12:00,18.2,-36.827631,174.747475,1,True
esp32_device_001,2026-04-29T10:05:53.467890+12:00,18.2,-36.826833,174.748001,1,True
esp32_device_001,2026-04-29T10:05:53.483180+12:00,18.2,-36.824432,174.749586,1,True
esp32_device_001,2026-04-29T10:05:53.498471+12:00,18.2,-36.824211,174.749724,1,True
esp32_device_001,2026-04-29T10:05:53.513761+12:00,18.2,-36.823995,174.749847,1,True
esp32_device_001,2026-04-29T10:05:53.529052+12:00,18.2,-36.823771,174.749967,1,True
esp32_device_001,2026-04-29T10:05:53.544343+12:00,18.2,-36.823542,174.750062,1,True
esp32_device_001,2026-04-29T10:05:53.559633+12:00,18.2,-36.823312,174.750135,1,True
esp32_device_001,2026-04-29T10:05:53.574924+12:00,18.2,-36.823081,174.750180,1,True
esp32_device_001,2026-04-29T10:05:53.590214+12:00,18.2,-36.822927,174.750192,1,True
esp32_device_001,2026-04-29T10:05:53.605505+12:00,18.2,-36.822769,174.750200,1,True
esp32_device_001,2026-04-29T10:05:53.620795+12:00,18.2,-36.822492,174.750187,1,True
esp32_device_001,2026-04-29T10:05:53.636086+12:00,18.2,-36.822253,174.750154,1,True
esp32_device_001,2026-04-29T10:05:53.651376+12:00,18.2,-36.821995,174.750106,1,True
esp32_device_001,2026-04-29T10:05:53.666667+12:00,18.2,-36.821823,174.750061,1,True
esp32_device_001,2026-04-29T10:05:53.681957+12:00,18.2,-36.821467,174.749972,1,True
esp32_device_001,2026-04-29T10:05:53.697248+12:00,18.2,-36.821111,174.749881,1,True
esp32_device_001,2026-04-29T10:05:53.712538+12:00,18.2,-36.820760,174.749773,1,True
esp32_device_001,2026-04-29T10:05:53.727829+12:00,18.2,-36.820583,174.749712,1,True
esp32_device_001,2026-04-29T10:05:53.743119+12:00,18.2,-36.820231,174.749649,1,True
esp32_device_001,2026-04-29T10:05:53.758410+12:00,18.2,-36.820038,174.749665,1,True
esp32_device_001,2026-04-29T10:05:53.773700+12:00,18.2,-36.819778,174.749724,1,True
esp32_device_001,2026-04-29T10:05:53.788991+12:00,18.2,-36.819614,174.749728,1,True
esp32_device_001,2026-04-29T10:05:53.804281+12:00,18.2,-36.819433,174.749739,1,True
esp32_device_001,2026-04-29T10:05:53.819572+12:00,18.2,-36.819249,174.749763,1,True
esp32_device_001,2026-04-29T10:05:53.834862+12:00,18.2,-36.818987,174.749815,1,True
esp32_device_001,2026-04-29T10:05:53.850153+12:00,18.2,-36.818645,174.749910,1,True
esp32_device_001,2026-04-29T10:05:53.865443+12:00,18.2,-36.818194,174.750041,1,True
esp32_device_001,2026-04-29T10:05:53.880734+12:00,18.2,-36.817640,174.750207,1,True
esp32_device_001,2026-04-29T10:05:53.896024+12:00,18.2,-36.816495,174.750540,1,True
esp32_device_001,2026-04-29T10:05:53.911315+12:00,18.2,-36.816217,174.750624,1,True
esp32_device_001,2026-04-29T10:05:53.926606+12:00,18.2,-36.816019,174.750683,1,True
esp32_device_001,2026-04-29T10:05:53.941896+12:00,18.2,-36.815759,174.750780,1,True
esp32_device_001,2026-04-29T10:05:53.957187+12:00,18.2,-36.815105,174.750955,1,True
esp32_device_001,2026-04-29T10:05:53.972477+12:00,18.2,-36.814856,174.751106,1,True
esp32_device_001,2026-04-29T10:05:53.987768+12:00,18.2,-36.814652,174.751246,1,True
esp32_device_001,2026-04-29T10:05:54.003058+12:00,18.2,-36.814431,174.751376,1,True
esp32_device_001,2026-04-29T10:05:54.018349+12:00,18.2,-36.814243,174.751454,1,True
esp32_device_001,2026-04-29T10:05:54.033639+12:00,18.2,-36.814082,174.751502,1,True
esp32_device_001,2026-04-29T10:05:54.048930+12:00,18.2,-36.814007,174.751521,1,True
esp32_device_001,2026-04-29T10:05:54.064220+12:00,18.2,-36.813923,174.751533,1,True
esp32_device_001,2026-04-29T10:05:54.079511+12:00,18.2,-36.813855,174.751539,1,True
esp32_device_001,2026-04-29T10:05:54.094801+12:00,18.2,-36.813773,174.751540,1,True
esp32_device_001,2026-04-29T10:05:54.110092+12:00,18.2,-36.813697,174.751535,1,True
esp32_device_001,2026-04-29T10:05:54.125382+12:00,18.2,-36.813587,174.751517,1,True
esp32_device_001,2026-04-29T10:05:54.140673+12:00,18.2,-36.813494,174.751495,1,True
esp32_device_001,2026-04-29T10:05:54.155963+12:00,18.2,-36.813395,174.751460,1,True
esp32_device_001,2026-04-29T10:05:54.171254+12:00,18.2,-36.813339,174.751435,1,True
esp32_device_001,2026-04-29T10:05:54.186544+12:00,18.2,-36.812931,174.751245,1,True
esp32_device_001,2026-04-29T10:05:54.201835+12:00,18.2,-36.812769,174.751182,1,True
esp32_device_001,2026-04-29T10:05:54.217125+12:00,18.2,-36.812581,174.751064,1,True
esp32_device_001,2026-04-29T10:05:54.232416+12:00,18.2,-36.812497,174.751007,1,True
esp32_device_001,2026-04-29T10:05:54.247706+12:00,18.2,-36.812413,174.750951,1,True
esp32_device_001,2026-04-29T10:05:54.262997+12:00,18.2,-36.812369,174.750920,1,True
esp32_device_001,2026-04-29T10:05:54.278287+12:00,18.2,-36.812318,174.750895,1,True
esp32_device_001,2026-04-29T10:05:54.293578+12:00,18.2,-36.812294,174.750898,1,True
esp32_device_001,2026-04-29T10:05:54.308869+12:00,18.2,-36.812269,174.750907,1,True
esp32_device_001,2026-04-29T10:05:54.324159+12:00,18.2,-36.812247,174.750922,1,True
esp32_device_001,2026-04-29T10:05:54.339450+12:00,18.2,-36.812230,174.750940,1,True
esp32_device_001,2026-04-29T10:05:54.354740+12:00,18.2,-36.812214,174.750965,1,True
esp32_device_001,2026-04-29T10:05:54.370031+12:00,18.2,-36.812198,174.751007,1,True
esp32_device_001,2026-04-29T10:05:54.385321+12:00,18.2,-36.812195,174.751089,1,True
esp32_device_001,2026-04-29T10:05:54.400612+12:00,18.2,-36.812193,174.751164,1,True
esp32_device_001,2026-04-29T10:05:54.415902+12:00,18.2,-36.812201,174.751359,1,True
esp32_device_001,2026-04-29T10:05:54.431193+12:00,18.2,-36.812201,174.751461,1,True
esp32_device_001,2026-04-29T10:05:54.446483+12:00,18.2,-36.812196,174.751561,1,True
esp32_device_001,2026-04-29T10:05:54.461774+12:00,18.2,-36.812185,174.751681,1,True
esp32_device_001,2026-04-29T10:05:54.477064+12:00,18.2,-36.812172,174.751783,1,True
esp32_device_001,2026-04-29T10:05:54.492355+12:00,18.2,-36.812155,174.751875,1,True
esp32_device_001,2026-04-29T10:05:54.507645+12:00,18.2,-36.812131,174.751984,1,True
esp32_device_001,2026-04-29T10:05:54.522936+12:00,18.2,-36.812104,174.752092,1,True
esp32_device_001,2026-04-29T10:05:54.538226+12:00,18.2,-36.812045,174.752277,1,True
esp32_device_001,2026-04-29T10:05:54.553517+12:00,18.2,-36.811977,174.752479,1,True
esp32_device_001,2026-04-29T10:05:54.568807+12:00,18.2,-36.811908,174.752680,1,True
esp32_device_001,2026-04-29T10:05:54.584098+12:00,18.2,-36.811866,174.752816,1,True
esp32_device_001,2026-04-29T10:05:54.599388+12:00,18.2,-36.811841,174.752927,1,True
esp32_device_001,2026-04-29T10:05:54.614679+12:00,18.2,-36.811825,174.753035,1,True
esp32_device_001,2026-04-29T10:05:54.629969+12:00,18.2,-36.811819,174.753157,1,True
esp32_device_001,2026-04-29T10:05:54.645260+12:00,18.2,-36.811820,174.753260,1,True
esp32_device_001,2026-04-29T10:05:54.660550+12:00,18.2,-36.811824,174.753319,1,True
esp32_device_001,2026-04-29T10:05:54.675841+12:00,18.2,-36.811841,174.753417,1,True
esp32_device_001,2026-04-29T10:05:54.691131+12:00,18.2,-36.811861,174.753512,1,True
esp32_device_001,2026-04-29T10:05:54.706422+12:00,18.2,-36.811883,174.753600,1,True
esp32_device_001,2026-04-29T10:05:54.721713+12:00,18.2,-36.811913,174.753685,1,True
esp32_device_001,2026-04-29T10:05:54.737003+12:00,18.2,-36.811949,174.753759,1,True
esp32_device_001,2026-04-29T10:05:54.752294+12:00,18.2,-36.811984,174.753837,1,True
esp32_device_001,2026-04-29T10:05:54.767584+12:00,18.2,-36.812021,174.753898,1,True
esp32_device_001,2026-04-29T10:05:54.782875+12:00,18.2,-36.812071,174.753968,1,True
esp32_device_001,2026-04-29T10:05:54.798165+12:00,18.2,-36.812135,174.754044,1,True
esp32_device_001,2026-04-29T10:05:54.813456+12:00,18.2,-36.812190,174.754103,1,True
esp32_device_001,2026-04-29T10:05:54.828746+12:00,18.2,-36.812232,174.754140,1,True
esp32_device_001,2026-04-29T10:05:54.844037+12:00,18.2,-36.812287,174.754181,1,True
esp32_device_001,2026-04-29T10:05:54.859327+12:00,18.2,-36.812400,174.754245,1,True
esp32_device_001,2026-04-29T10:05:54.874618+12:00,18.2,-36.812471,174.754271,1,True
esp32_device_001,2026-04-29T10:05:54.889908+12:00,18.2,-36.812551,174.754297,1,True
esp32_device_001,2026-04-29T10:05:54.905199+12:00,18.2,-36.812622,174.754309,1,True
esp32_device_001,2026-04-29T10:05:54.920489+12:00,18.2,-36.812688,174.754314,1,True
esp32_device_001,2026-04-29T10:05:54.935780+12:00,18.2,-36.812738,174.754313,1,True
esp32_device_001,2026-04-29T10:05:54.951070+12:00,18.2,-36.812807,174.754310,1,True
esp32_device_001,2026-04-29T10:05:54.966361+12:00,18.2,-36.812877,174.754297,1,True
esp32_device_001,2026-04-29T10:05:54.981651+12:00,18.2,-36.812946,174.754278,1,True
esp32_device_001,2026-04-29T10:05:54.996942+12:00,18.2,-36.813018,174.754251,1,True
esp32_device_001,2026-04-29T10:05:55.012232+12:00,18.2,-36.813096,174.754213,1,True
esp32_device_001,2026-04-29T10:05:55.027523+12:00,18.2,-36.813172,174.754168,1,True
esp32_device_001,2026-04-29T10:05:55.042813+12:00,18.2,-36.813247,174.754117,1,True
esp32_device_001,2026-04-29T10:05:55.058104+12:00,18.2,-36.813321,174.754058,1,True
esp32_device_001,2026-04-29T10:05:55.073394+12:00,18.2,-36.813390,174.753992,1,True
esp32_device_001,2026-04-29T10:05:55.088685+12:00,18.2,-36.813444,174.753933,1,True
esp32_device_001,2026-04-29T10:05:55.103976+12:00,18.2,-36.813494,174.753867,1,True
esp32_device_001,2026-04-29T10:05:55.119266+12:00,18.2,-36.813549,174.753791,1,True
esp32_device_001,2026-04-29T10:05:55.134557+12:00,18.2,-36.813602,174.753700,1,True
esp32_device_001,2026-04-29T10:05:55.149847+12:00,18.2,-36.813645,174.753621,1,True
esp32_device_001,2026-04-29T10:05:55.165138+12:00,18.2,-36.813689,174.753519,1,True
esp32_device_001,2026-04-29T10:05:55.180428+12:00,18.2,-36.813729,174.753417,1,True
esp32_device_001,2026-04-29T10:05:55.195719+12:00,18.2,-36.813770,174.753307,1,True
esp32_device_001,2026-04-29T10:05:55.211009+12:00,18.2,-36.813807,174.753202,1,True
esp32_device_001,2026-04-29T10:05:55.226300+12:00,18.2,-36.813847,174.753082,1,True
esp32_device_001,2026-04-29T10:05:55.241590+12:00,18.2,-36.813893,174.752955,1,True
esp32_device_001,2026-04-29T10:05:55.256881+12:00,18.2,-36.813941,174.752817,1,True
esp32_device_001,2026-04-29T10:05:55.272171+12:00,18.2,-36.814002,174.752665,1,True
esp32_device_001,2026-04-29T10:05:55.287462+12:00,18.2,-36.814031,174.752597,1,True
esp32_device_001,2026-04-29T10:05:55.302752+12:00,18.2,-36.814078,174.752504,1,True
esp32_device_001,2026-04-29T10:05:55.318043+12:00,18.2,-36.814120,174.752439,1,True
esp32_device_001,2026-04-29T10:05:55.333333+12:00,18.2,-36.814156,174.752384,1,True
esp32_device_001,2026-04-29T10:05:55.348624+12:00,18.2,-36.814361,174.752060,1,True
esp32_device_001,2026-04-29T10:05:55.363914+12:00,18.2,-36.814609,174.751761,1,True
esp32_device_001,2026-04-29T10:05:55.379205+12:00,18.2,-36.814735,174.751639,1,True
esp32_device_001,2026-04-29T10:05:55.394495+12:00,18.2,-36.814801,174.751587,1,True
esp32_device_001,2026-04-29T10:05:55.409786+12:00,18.2,-36.814880,174.751532,1,True
esp32_device_001,2026-04-29T10:05:55.425076+12:00,18.2,-36.815004,174.751444,1,True
esp32_device_001,2026-04-29T10:05:55.440367+12:00,18.2,-36.815117,174.751371,1,True
esp32_device_001,2026-04-29T10:05:55.455657+12:00,18.2,-36.815158,174.751345,1,True
esp32_device_001,2026-04-29T10:05:55.470948+12:00,18.2,-36.815329,174.751202,1,True
esp32_device_001,2026-04-29T10:05:55.486239+12:00,18.2,-36.815571,174.751111,1,True
esp32_device_001,2026-04-29T10:05:55.501529+12:00,18.2,-36.815851,174.751027,1,True
esp32_device_001,2026-04-29T10:05:55.516820+12:00,18.2,-36.816216,174.750937,1,True
esp32_device_001,2026-04-29T10:05:55.532110+12:00,18.2,-36.817110,174.750716,1,True
esp32_device_001,2026-04-29T10:05:55.547401+12:00,18.2,-36.818149,174.750467,1,True
esp32_device_001,2026-04-29T10:05:55.562691+12:00,18.2,-36.818967,174.750249,1,True
esp32_device_001,2026-04-29T10:05:55.577982+12:00,18.2,-36.819297,174.750155,1,True
esp32_device_001,2026-04-29T10:05:55.593272+12:00,18.2,-36.819682,174.750083,1,True
esp32_device_001,2026-04-29T10:05:55.608563+12:00,18.2,-36.820045,174.750045,1,True
esp32_device_001,2026-04-29T10:05:55.623853+12:00,18.2,-36.820504,174.750072,1,True
esp32_device_001,2026-04-29T10:05:55.639144+12:00,18.2,-36.820778,174.750109,1,True
esp32_device_001,2026-04-29T10:05:55.654434+12:00,18.2,-36.821249,174.750174,1,True
esp32_device_001,2026-04-29T10:05:55.669725+12:00,18.2,-36.821526,174.750173,1,True
esp32_device_001,2026-04-29T10:05:55.685015+12:00,18.2,-36.822174,174.750283,1,True
esp32_device_001,2026-04-29T10:05:55.700306+12:00,18.2,-36.822371,174.750311,1,True
esp32_device_001,2026-04-29T10:05:55.715596+12:00,18.2,-36.822562,174.750334,1,True
esp32_device_001,2026-04-29T10:05:55.730887+12:00,18.2,-36.822766,174.750345,1,True
esp32_device_001,2026-04-29T10:05:55.746177+12:00,18.2,-36.822946,174.750339,1,True
esp32_device_001,2026-04-29T10:05:55.761468+12:00,18.3,-36.823124,174.750321,1,True
esp32_device_001,2026-04-29T10:05:55.776758+12:00,18.3,-36.823323,174.750281,1,True
esp32_device_001,2026-04-29T10:05:55.792049+12:00,18.3,-36.823575,174.750201,1,True
esp32_device_001,2026-04-29T10:05:55.807339+12:00,18.3,-36.823818,174.750102,1,True
esp32_device_001,2026-04-29T10:05:55.822630+12:00,18.3,-36.824029,174.749992,1,True
esp32_device_001,2026-04-29T10:05:55.837920+12:00,18.3,-36.824265,174.749856,1,True
esp32_device_001,2026-04-29T10:05:55.853211+12:00,18.3,-36.824486,174.749714,1,True
esp32_device_001,2026-04-29T10:05:55.868502+12:00,18.3,-36.825685,174.748919,1,True
esp32_device_001,2026-04-29T10:05:55.883792+12:00,18.3,-36.826887,174.748127,1,True
esp32_device_001,2026-04-29T10:05:55.899083+12:00,18.3,-36.827683,174.747602,1,True
esp32_device_001,2026-04-29T10:05:55.914373+12:00,18.3,-36.828216,174.747250,1,True
esp32_device_001,2026-04-29T10:05:55.929664+12:00,18.3,-36.828797,174.746866,1,True
esp32_device_001,2026-04-29T10:05:55.944954+12:00,18.3,-36.829179,174.746615,1,True
esp32_device_001,2026-04-29T10:05:55.960245+12:00,18.3,-36.829531,174.746382,1,True
esp32_device_001,2026-04-29T10:05:55.975535+12:00,18.3,-36.830141,174.745979,1,True
esp32_device_001,2026-04-29T10:05:55.990826+12:00,18.3,-36.830797,174.745547,1,True
esp32_device_001,2026-04-29T10:05:56.006116+12:00,18.3,-36.835646,174.742347,1,True
esp32_device_001,2026-04-29T10:05:56.021407+12:00,18.3,-36.836023,174.742102,1,True
esp32_device_001,2026-04-29T10:05:56.036697+12:00,18.3,-36.836542,174.741875,1,True
esp32_device_001,2026-04-29T10:05:56.051988+12:00,18.3,-36.836844,174.741753,1,True
esp32_device_001,2026-04-29T10:05:56.067278+12:00,18.3,-36.837142,174.741666,1,True
esp32_device_001,2026-04-29T10:05:56.082569+12:00,18.3,-36.837308,174.741646,1,True
esp32_device_001,2026-04-29T10:05:56.097859+12:00,18.3,-36.837484,174.741640,1,True
esp32_device_001,2026-04-29T10:05:56.113150+12:00,18.3,-36.837667,174.741652,1,True
esp32_device_001,2026-04-29T10:05:56.128440+12:00,18.3,-36.837849,174.741690,1,True
esp32_device_001,2026-04-29T10:05:56.143731+12:00,18.3,-36.838015,174.741740,1,True
esp32_device_001,2026-04-29T10:05:56.159021+12:00,18.3,-36.838206,174.741830,1,True
esp32_device_001,2026-04-29T10:05:56.174312+12:00,18.3,-36.838381,174.741936,1,True
esp32_device_001,2026-04-29T10:05:56.189602+12:00,18.3,-36.838517,174.742041,1,True
esp32_device_001,2026-04-29T10:05:56.204893+12:00,18.3,-36.838632,174.742147,1,True
esp32_device_001,2026-04-29T10:05:56.220183+12:00,18.3,-36.838767,174.742283,1,True
esp32_device_001,2026-04-29T10:05:56.235474+12:00,18.3,-36.839008,174.742561,1,True
esp32_device_001,2026-04-29T10:05:56.250765+12:00,18.3,-36.839186,174.742819,1,True
esp32_device_001,2026-04-29T10:05:56.266055+12:00,18.3,-36.839447,174.743208,1,True
esp32_device_001,2026-04-29T10:05:56.281346+12:00,18.3,-36.840124,174.744340,1,True
esp32_device_001,2026-04-29T10:05:56.296636+12:00,18.3,-36.840236,174.744527,1,True
esp32_device_001,2026-04-29T10:05:56.311927+12:00,18.3,-36.840394,174.744770,1,True
esp32_device_001,2026-04-29T10:05:56.327217+12:00,18.3,-36.840513,174.744931,1,True
esp32_device_001,2026-04-29T10:05:56.342508+12:00,18.3,-36.840633,174.745071,1,True
esp32_device_001,2026-04-29T10:05:56.357798+12:00,18.3,-36.840773,174.745205,1,True
esp32_device_001,2026-04-29T10:05:56.373089+12:00,18.3,-36.840983,174.745369,1,True
esp32_device_001,2026-04-29T10:05:56.388379+12:00,18.3,-36.841202,174.745517,1,True
esp32_device_001,2026-04-29T10:05:56.403670+12:00,18.3,-36.841443,174.745666,1,True
esp32_device_001,2026-04-29T10:05:56.418960+12:00,18.3,-36.841662,174.745812,1,True
esp32_device_001,2026-04-29T10:05:56.434251+12:00,18.3,-36.841787,174.745911,1,True
esp32_device_001,2026-04-29T10:05:56.449541+12:00,18.3,-36.841906,174.746017,1,True
esp32_device_001,2026-04-29T10:05:56.464832+12:00,18.3,-36.842005,174.746122,1,True
esp32_device_001,2026-04-29T10:05:56.480122+12:00,18.3,-36.842152,174.746304,1,True
esp32_device_001,2026-04-29T10:05:56.495413+12:00,18.3,-36.842273,174.746486,1,True
esp32_device_001,2026-04-29T10:05:56.510703+12:00,18.3,-36.842386,174.746711,1,True
esp32_device_001,2026-04-29T10:05:56.525994+12:00,18.3,-36.842483,174.746946,1,True
esp32_device_001,2026-04-29T10:05:56.541284+12:00,18.3,-36.842550,174.747180,1,True
esp32_device_001,2026-04-29T10:05:56.556575+12:00,18.3,-36.842607,174.747418,1,True
esp32_device_001,2026-04-29T10:05:56.571865+12:00,18.3,-36.842636,174.747557,1,True
esp32_device_001,2026-04-29T10:05:56.587156+12:00,18.3,-36.842715,174.747948,1,True
esp32_device_001,2026-04-29T10:05:56.602446+12:00,18.3,-36.842798,174.748324,1,True
esp32_device_001,2026-04-29T10:05:56.617737+12:00,18.3,-36.842887,174.748674,1,True
esp32_device_001,2026-04-29T10:05:56.633028+12:00,18.3,-36.842981,174.748991,1,True
esp32_device_001,2026-04-29T10:05:56.648318+12:00,18.3,-36.843078,174.749278,1,True
esp32_device_001,2026-04-29T10:05:56.663609+12:00,18.3,-36.843226,174.749620,1,True
esp32_device_001,2026-04-29T10:05:56.678899+12:00,18.3,-36.843388,174.750006,1,True
esp32_device_001,2026-04-29T10:05:56.694190+12:00,18.3,-36.843544,174.750332,1,True
esp32_device_001,2026-04-29T10:05:56.709480+12:00,18.3,-36.843666,174.750552,1,True
esp32_device_001,2026-04-29T10:05:56.724771+12:00,18.3,-36.843835,174.750845,1,True
esp32_device_001,2026-04-29T10:05:56.740061+12:00,18.3,-36.843874,174.750915,1,True
esp32_device_001,2026-04-29T10:05:56.755352+12:00,18.3,-36.843902,174.750963,1,True
esp32_device_001,2026-04-29T10:05:56.770642+12:00,18.3,-36.844259,174.751558,1,True
esp32_device_001,2026-04-29T10:05:56.785933+12:00,18.3,-36.844441,174.751870,1,True
esp32_device_001,2026-04-29T10:05:56.801223+12:00,18.3,-36.844528,174.752008,1,True
esp32_device_001,2026-04-29T10:05:56.816514+12:00,18.3,-36.844632,174.752165,1,True
esp32_device_001,2026-04-29T10:05:56.831804+12:00,18.3,-36.844691,174.752248,1,True
esp32_device_001,2026-04-29T10:05:56.847095+12:00,18.3,-36.844745,174.752313,1,True
esp32_device_001,2026-04-29T10:05:56.862385+12:00,18.3,-36.844808,174.752394,1,True
esp32_device_001,2026-04-29T10:05:56.877676+12:00,18.3,-36.844864,174.752459,1,True
esp32_device_001,2026-04-29T10:05:56.892966+12:00,18.3,-36.844952,174.752546,1,True
esp32_device_001,2026-04-29T10:05:56.908257+12:00,18.3,-36.845043,174.752630,1,True
esp32_device_001,2026-04-29T10:05:56.923547+12:00,18.3,-36.845175,174.752735,1,True
esp32_device_001,2026-04-29T10:05:56.938838+12:00,18.3,-36.845364,174.752866,1,True
esp32_device_001,2026-04-29T10:05:56.954128+12:00,18.3,-36.845620,174.753002,1,True
esp32_device_001,2026-04-29T10:05:56.969419+12:00,18.3,-36.845837,174.753085,1,True
esp32_device_001,2026-04-29T10:05:56.984709+12:00,18.3,-36.846156,174.753153,1,True
esp32_device_001,2026-04-29T10:05:57+12:00,18.3,-36.846672,174.753143,1,False
esp32_device_001,2026-04-29T10:05:57.012953+12:00,18.3,-36.846925,174.753203,1,True
esp32_device_001,2026-04-29T10:05:57.025907+12:00,18.3,-36.847597,174.753246,1,True
esp32_device_001,2026-04-29T10:05:57.038860+12:00,18.3,-36.848481,174.753288,1,True
esp32_device_001,2026-04-29T10:05:57.051813+12:00,18.3,-36.849068,174.753384,1,True
esp32_device_001,2026-04-29T10:05:57.064767+12:00,18.3,-36.849238,174.753422,1,True
esp32_device_001,2026-04-29T10:05:57.077720+12:00,18.3,-36.849565,174.753573,1,True
esp32_device_001,2026-04-29T10:05:57.090674+12:00,18.3,-36.849674,174.753668,1,True
esp32_device_001,2026-04-29T10:05:57.103627+12:00,18.3,-36.849775,174.753766,1,True
esp32_device_001,2026-04-29T10:05:57.116580+12:00,18.3,-36.849856,174.753866,1,True
esp32_device_001,2026-04-29T10:05:57.129534+12:00,18.3,-36.849900,174.753933,1,True
esp32_device_001,2026-04-29T10:05:57.142487+12:00,18.3,-36.849965,174.754055,1,True
esp32_device_001,2026-04-29T10:05:57.155440+12:00,18.3,-36.850022,174.754195,1,True
esp32_device_001,2026-04-29T10:05:57.168394+12:00,18.3,-36.850086,174.754377,1,True
esp32_device_001,2026-04-29T10:05:57.181347+12:00,18.3,-36.850104,174.754448,1,True
esp32_device_001,2026-04-29T10:05:57.194301+12:00,18.3,-36.850200,174.754791,1,True
esp32_device_001,2026-04-29T10:05:57.207254+12:00,18.3,-36.850282,174.755097,1,True
esp32_device_001,2026-04-29T10:05:57.220207+12:00,18.3,-36.850297,174.755150,1,True
esp32_device_001,2026-04-29T10:05:57.233161+12:00,18.3,-36.850454,174.755724,1,True
esp32_device_001,2026-04-29T10:05:57.246114+12:00,18.3,-36.850512,174.755801,1,True
esp32_device_001,2026-04-29T10:05:57.259067+12:00,18.3,-36.850578,174.755877,1,True
esp32_device_001,2026-04-29T10:05:57.272021+12:00,18.3,-36.850632,174.755924,1,True
esp32_device_001,2026-04-29T10:05:57.284974+12:00,18.3,-36.850659,174.755938,1,True
esp32_device_001,2026-04-29T10:05:57.297927+12:00,18.3,-36.850697,174.755950,1,True
esp32_device_001,2026-04-29T10:05:57.310881+12:00,18.3,-36.850737,174.755951,1,True
esp32_device_001,2026-04-29T10:05:57.323834+12:00,18.3,-36.850778,174.755942,1,True
esp32_device_001,2026-04-29T10:05:57.336788+12:00,18.3,-36.850867,174.755904,1,True
esp32_device_001,2026-04-29T10:05:57.349741+12:00,18.3,-36.850951,174.755852,1,True
esp32_device_001,2026-04-29T10:05:57.362694+12:00,18.3,-36.851003,174.755791,1,True
esp32_device_001,2026-04-29T10:05:57.375648+12:00,18.3,-36.851053,174.755727,1,True
esp32_device_001,2026-04-29T10:05:57.388601+12:00,18.3,-36.851102,174.755643,1,True
esp32_device_001,2026-04-29T10:05:57.401554+12:00,18.3,-36.851286,174.755327,1,True
esp32_device_001,2026-04-29T10:05:57.414508+12:00,18.3,-36.851320,174.755286,1,True
esp32_device_001,2026-04-29T10:05:57.427461+12:00,18.3,-36.851348,174.755262,1,True
esp32_device_001,2026-04-29T10:05:57.440415+12:00,18.3,-36.851372,174.755249,1,True
esp32_device_001,2026-04-29T10:05:57.453368+12:00,18.3,-36.851385,174.755241,1,True
esp32_device_001,2026-04-29T10:05:57.466321+12:00,18.3,-36.851429,174.755228,1,True
esp32_device_001,2026-04-29T10:05:57.479275+12:00,18.3,-36.851470,174.755225,1,True
esp32_device_001,2026-04-29T10:05:57.492228+12:00,18.3,-36.851507,174.755232,1,True
esp32_device_001,2026-04-29T10:05:57.505181+12:00,18.4,-36.851549,174.755243,1,True
esp32_device_001,2026-04-29T10:05:57.518135+12:00,18.4,-36.851655,174.755284,1,True
esp32_device_001,2026-04-29T10:05:57.531088+12:00,18.4,-36.852078,174.755639,1,True
esp32_device_001,2026-04-29T10:05:57.544041+12:00,18.4,-36.852379,174.755891,1,True
esp32_device_001,2026-04-29T10:05:57.556995+12:00,18.4,-36.852450,174.755949,1,True
esp32_device_001,2026-04-29T10:05:57.569948+12:00,18.4,-36.852640,174.756103,1,True
esp32_device_001,2026-04-29T10:05:57.582902+12:00,18.4,-36.852764,174.756207,1,True
esp32_device_001,2026-04-29T10:05:57.595855+12:00,18.4,-36.852784,174.756223,1,True
esp32_device_001,2026-04-29T10:05:57.608808+12:00,18.4,-36.852858,174.756286,1,True
esp32_device_001,2026-04-29T10:05:57.621762+12:00,18.4,-36.852915,174.756222,1,True
esp32_device_001,2026-04-29T10:05:57.634715+12:00,18.4,-36.852941,174.756184,1,True
esp32_device_001,2026-04-29T10:05:57.647668+12:00,18.4,-36.852959,174.756118,1,True
esp32_device_001,2026-04-29T10:05:57.660622+12:00,18.4,-36.852963,174.756078,1,True
esp32_device_001,2026-04-29T10:05:57.673575+12:00,18.4,-36.853030,174.755274,1,True
esp32_device_001,2026-04-29T10:05:57.686528+12:00,18.4,-36.853039,174.755171,1,True
esp32_device_001,2026-04-29T10:05:57.699482+12:00,18.4,-36.853040,174.755140,1,True
esp32_device_001,2026-04-29T10:05:57.712435+12:00,18.4,-36.853035,174.755108,1,True
esp32_device_001,2026-04-29T10:05:57.725389+12:00,18.4,-36.853021,174.755065,1,True
esp32_device_001,2026-04-29T10:05:57.738342+12:00,18.4,-36.853003,174.755030,1,True
esp32_device_001,2026-04-29T10:05:57.751295+12:00,18.4,-36.852971,174.755008,1,True
esp32_device_001,2026-04-29T10:05:57.764249+12:00,18.4,-36.852918,174.755001,1,True
esp32_device_001,2026-04-29T10:05:57.777202+12:00,18.4,-36.852778,174.755023,1,True
esp32_device_001,2026-04-29T10:05:57.790155+12:00,18.4,-36.852653,174.755024,1,True
esp32_device_001,2026-04-29T10:05:57.803109+12:00,18.4,-36.852561,174.755002,1,True
esp32_device_001,2026-04-29T10:05:57.816062+12:00,18.4,-36.852487,174.754968,1,True
esp32_device_001,2026-04-29T10:05:57.829016+12:00,18.4,-36.852414,174.754922,1,True
esp32_device_001,2026-04-29T10:05:57.841969+12:00,18.4,-36.851826,174.754434,1,True
esp32_device_001,2026-04-29T10:05:57.854922+12:00,18.4,-36.851529,174.754194,1,True
esp32_device_001,2026-04-29T10:05:57.867876+12:00,18.4,-36.851451,174.754131,1,True
esp32_device_001,2026-04-29T10:05:57.880829+12:00,18.4,-36.851147,174.753924,1,True
esp32_device_001,2026-04-29T10:05:57.893782+12:00,18.4,-36.850926,174.753786,1,True
esp32_device_001,2026-04-29T10:05:57.906736+12:00,18.4,-36.850808,174.753723,1,True
esp32_device_001,2026-04-29T10:05:57.919689+12:00,18.4,-36.850494,174.753659,1,True
esp32_device_001,2026-04-29T10:05:57.932642+12:00,18.4,-36.850247,174.753520,1,True
esp32_device_001,2026-04-29T10:05:57.945596+12:00,18.4,-36.849933,174.753372,1,True
esp32_device_001,2026-04-29T10:05:57.958549+12:00,18.4,-36.849666,174.753256,1,True
esp32_device_001,2026-04-29T10:05:57.971503+12:00,18.4,-36.849471,174.753189,1,True
esp32_device_001,2026-04-29T10:05:57.984456+12:00,18.4,-36.849178,174.753084,1,True
esp32_device_001,2026-04-29T10:05:57.997409+12:00,18.4,-36.848722,174.752970,1,True
esp32_device_001,2026-04-29T10:05:58.010363+12:00,18.4,-36.848042,174.752829,1,True
esp32_device_001,2026-04-29T10:05:58.023316+12:00,18.4,-36.847755,174.752783,1,True
esp32_device_001,2026-04-29T10:05:58.036269+12:00,18.4,-36.846926,174.752773,1,True
esp32_device_001,2026-04-29T10:05:58.049223+12:00,18.4,-36.846464,174.752760,1,True
esp32_device_001,2026-04-29T10:05:58.062176+12:00,18.4,-36.846181,174.752705,1,True
esp32_device_001,2026-04-29T10:05:58.075130+12:00,18.4,-36.845854,174.752600,1,True
esp32_device_001,2026-04-29T10:05:58.088083+12:00,18.4,-36.845555,174.752463,1,True
esp32_device_001,2026-04-29T10:05:58.101036+12:00,18.4,-36.845360,174.752324,1,True
esp32_device_001,2026-04-29T10:05:58.113990+12:00,18.4,-36.845189,174.752176,1,True
esp32_device_001,2026-04-29T10:05:58.126943+12:00,18.4,-36.845032,174.752036,1,True
esp32_device_001,2026-04-29T10:05:58.139896+12:00,18.4,-36.844864,174.751870,1,True
esp32_device_001,2026-04-29T10:05:58.152850+12:00,18.4,-36.844810,174.751801,1,True
esp32_device_001,2026-04-29T10:05:58.165803+12:00,18.4,-36.844679,174.751620,1,True
esp32_device_001,2026-04-29T10:05:58.178756+12:00,18.4,-36.844285,174.751033,1,True
esp32_device_001,2026-04-29T10:05:58.191710+12:00,18.4,-36.844224,174.750936,1,True
esp32_device_001,2026-04-29T10:05:58.204663+12:00,18.4,-36.844116,174.750763,1,True
esp32_device_001,2026-04-29T10:05:58.217617+12:00,18.4,-36.844077,174.750702,1,True
esp32_device_001,2026-04-29T10:05:58.230570+12:00,18.4,-36.843710,174.750122,1,True
esp32_device_001,2026-04-29T10:05:58.243523+12:00,18.4,-36.843548,174.749847,1,True
esp32_device_001,2026-04-29T10:05:58.256477+12:00,18.4,-36.843400,174.749567,1,True
esp32_device_001,2026-04-29T10:05:58.269430+12:00,18.4,-36.843300,174.749352,1,True
esp32_device_001,2026-04-29T10:05:58.282383+12:00,18.4,-36.843227,174.749173,1,True
esp32_device_001,2026-04-29T10:05:58.295337+12:00,18.4,-36.843123,174.748885,1,True
esp32_device_001,2026-04-29T10:05:58.308290+12:00,18.4,-36.843030,174.748573,1,True
esp32_device_001,2026-04-29T10:05:58.321244+12:00,18.4,-36.842935,174.748167,1,True
esp32_device_001,2026-04-29T10:05:58.334197+12:00,18.4,-36.842865,174.747799,1,True
esp32_device_001,2026-04-29T10:05:58.347150+12:00,18.4,-36.842773,174.747381,1,True
esp32_device_001,2026-04-29T10:05:58.360104+12:00,18.4,-36.842693,174.747053,1,True
esp32_device_001,2026-04-29T10:05:58.373057+12:00,18.4,-36.842608,174.746768,1,True
esp32_device_001,2026-04-29T10:05:58.386010+12:00,18.4,-36.842466,174.746452,1,True
esp32_device_001,2026-04-29T10:05:58.398964+12:00,18.4,-36.842349,174.746259,1,True
esp32_device_001,2026-04-29T10:05:58.411917+12:00,18.4,-36.842209,174.746059,1,True
esp32_device_001,2026-04-29T10:05:58.424870+12:00,18.4,-36.842029,174.745863,1,True
esp32_device_001,2026-04-29T10:05:58.437824+12:00,18.4,-36.841876,174.745727,1,True
esp32_device_001,2026-04-29T10:05:58.450777+12:00,18.4,-36.841724,174.745614,1,True
esp32_device_001,2026-04-29T10:05:58.463731+12:00,18.4,-36.841561,174.745498,1,True
esp32_device_001,2026-04-29T10:05:58.476684+12:00,18.4,-36.841321,174.745351,1,True
esp32_device_001,2026-04-29T10:05:58.489637+12:00,18.4,-36.841084,174.745198,1,True
esp32_device_001,2026-04-29T10:05:58.502591+12:00,18.5,-36.840870,174.745030,1,True
esp32_device_001,2026-04-29T10:05:58.515544+12:00,18.5,-36.840718,174.744879,1,True
esp32_device_001,2026-04-29T10:05:58.528497+12:00,18.5,-36.840585,174.744715,1,True
esp32_device_001,2026-04-29T10:05:58.541451+12:00,18.5,-36.840475,174.744560,1,True
esp32_device_001,2026-04-29T10:05:58.554404+12:00,18.5,-36.840307,174.744291,1,True
esp32_device_001,2026-04-29T10:05:58.567358+12:00,18.5,-36.840088,174.743925,1,True
esp32_device_001,2026-04-29T10:05:58.580311+12:00,18.5,-36.839600,174.743116,1,True
esp32_device_001,2026-04-29T10:05:58.593264+12:00,18.5,-36.839387,174.742783,1,True
esp32_device_001,2026-04-29T10:05:58.606218+12:00,18.5,-36.839206,174.742508,1,True
esp32_device_001,2026-04-29T10:05:58.619171+12:00,18.5,-36.839021,174.742257,1,True
esp32_device_001,2026-04-29T10:05:58.632124+12:00,18.5,-36.838821,174.742046,1,True
esp32_device_001,2026-04-29T10:05:58.645078+12:00,18.5,-36.838623,174.741867,1,True
esp32_device_001,2026-04-29T10:05:58.658031+12:00,18.5,-36.838468,174.741750,1,True
esp32_device_001,2026-04-29T10:05:58.670984+12:00,18.5,-36.838348,174.741680,1,True
esp32_device_001,2026-04-29T10:05:58.683938+12:00,18.5,-36.838227,174.741622,1,True
esp32_device_001,2026-04-29T10:05:58.696891+12:00,18.5,-36.837949,174.741503,1,True
esp32_device_001,2026-04-29T10:05:58.709845+12:00,18.5,-36.837715,174.741437,1,True
esp32_device_001,2026-04-29T10:05:58.722798+12:00,18.5,-36.837560,174.741424,1,True
esp32_device_001,2026-04-29T10:05:58.735751+12:00,18.5,-36.837405,174.741423,1,True
esp32_device_001,2026-04-29T10:05:58.748705+12:00,18.5,-36.837296,174.741430,1,True
esp32_device_001,2026-04-29T10:05:58.761658+12:00,18.5,-36.837010,174.741401,1,True
esp32_device_001,2026-04-29T10:05:58.774611+12:00,18.5,-36.836787,174.741472,1,True
esp32_device_001,2026-04-29T10:05:58.787565+12:00,18.5,-36.836424,174.741650,1,True
esp32_device_001,2026-04-29T10:05:58.800518+12:00,18.5,-36.836258,174.741753,1,True
esp32_device_001,2026-04-29T10:05:58.813472+12:00,18.5,-36.836146,174.741838,1,True
esp32_device_001,2026-04-29T10:05:58.826425+12:00,18.5,-36.835594,174.742220,1,True
esp32_device_001,2026-04-29T10:05:58.839378+12:00,18.5,-36.830755,174.745413,1,True
esp32_device_001,2026-04-29T10:05:58.852332+12:00,18.5,-36.830090,174.745851,1,True
esp32_device_001,2026-04-29T10:05:58.865285+12:00,18.5,-36.829482,174.746253,1,True
esp32_device_001,2026-04-29T10:05:58.878238+12:00,18.5,-36.829127,174.746487,1,True
esp32_device_001,2026-04-29T10:05:58.891192+12:00,18.5,-36.828740,174.746742,1,True
esp32_device_001,2026-04-29T10:05:58.904145+12:00,18.5,-36.828163,174.747123,1,True
esp32_device_001,2026-04-29T10:05:58.917098+12:00,18.5,-36.827631,174.747475,1,True
esp32_device_001,2026-04-29T10:05:58.930052+12:00,18.5,-36.826833,174.748001,1,True
esp32_device_001,2026-04-29T10:05:58.943005+12:00,18.5,-36.824432,174.749586,1,True
esp32_device_001,2026-04-29T10:05:58.955959+12:00,18.5,-36.824211,174.749724,1,True
esp32_device_001,2026-04-29T10:05:58.968912+12:00,18.5,-36.823995,174.749847,1,True
esp32_device_001,2026-04-29T10:05:58.981865+12:00,18.5,-36.823771,174.749967,1,True
esp32_device_001,2026-04-29T10:05:58.994819+12:00,18.5,-36.823542,174.750062,1,True
esp32_device_001,2026-04-29T10:05:59.007772+12:00,18.5,-36.823312,174.750135,1,True
esp32_device_001,2026-04-29T10:05:59.020725+12:00,18.5,-36.823081,174.750180,1,True
esp32_device_001,2026-04-29T10:05:59.033679+12:00,18.5,-36.822927,174.750192,1,True
esp32_device_001,2026-04-29T10:05:59.046632+12:00,18.5,-36.822769,174.750200,1,True
esp32_device_001,2026-04-29T10:05:59.059585+12:00,18.5,-36.822492,174.750187,1,True
esp32_device_001,2026-04-29T10:05:59.072539+12:00,18.5,-36.822253,174.750154,1,True
esp32_device_001,2026-04-29T10:05:59.085492+12:00,18.5,-36.821995,174.750106,1,True
esp32_device_001,2026-04-29T10:05:59.098446+12:00,18.5,-36.821823,174.750061,1,True
esp32_device_001,2026-04-29T10:05:59.111399+12:00,18.5,-36.821467,174.749972,1,True
esp32_device_001,2026-04-29T10:05:59.124352+12:00,18.5,-36.821111,174.749881,1,True
esp32_device_001,2026-04-29T10:05:59.137306+12:00,18.5,-36.820760,174.749773,1,True
esp32_device_001,2026-04-29T10:05:59.150259+12:00,18.5,-36.820583,174.749712,1,True
esp32_device_001,2026-04-29T10:05:59.163212+12:00,18.5,-36.820231,174.749649,1,True
esp32_device_001,2026-04-29T10:05:59.176166+12:00,18.5,-36.820038,174.749665,1,True
esp32_device_001,2026-04-29T10:05:59.189119+12:00,18.5,-36.819778,174.749724,1,True
esp32_device_001,2026-04-29T10:05:59.202073+12:00,18.5,-36.819614,174.749728,1,True
esp32_device_001,2026-04-29T10:05:59.215026+12:00,18.5,-36.819433,174.749739,1,True
esp32_device_001,2026-04-29T10:05:59.227979+12:00,18.5,-36.819249,174.749763,1,True
esp32_device_001,2026-04-29T10:05:59.240933+12:00,18.5,-36.818987,174.749815,1,True
esp32_device_001,2026-04-29T10:05:59.253886+12:00,18.5,-36.818645,174.749910,1,True
esp32_device_001,2026-04-29T10:05:59.266839+12:00,18.5,-36.818194,174.750041,1,True
esp32_device_001,2026-04-29T10:05:59.279793+12:00,18.5,-36.817640,174.750207,1,True
esp32_device_001,2026-04-29T10:05:59.292746+12:00,18.5,-36.816495,174.750540,1,True
esp32_device_001,2026-04-29T10:05:59.305699+12:00,18.5,-36.816217,174.750624,1,True
esp32_device_001,2026-04-29T10:05:59.318653+12:00,18.5,-36.816019,174.750683,1,True
esp32_device_001,2026-04-29T10:05:59.331606+12:00,18.5,-36.815759,174.750780,1,True
esp32_device_001,2026-04-29T10:05:59.344560+12:00,18.5,-36.815105,174.750955,1,True
esp32_device_001,2026-04-29T10:05:59.357513+12:00,18.5,-36.814856,174.751106,1,True
esp32_device_001,2026-04-29T10:05:59.370466+12:00,18.5,-36.814652,174.751246,1,True
esp32_device_001,2026-04-29T10:05:59.383420+12:00,18.5,-36.814431,174.751376,1,True
esp32_device_001,2026-04-29T10:05:59.396373+12:00,18.5,-36.814243,174.751454,1,True
esp32_device_001,2026-04-29T10:05:59.409326+12:00,18.5,-36.814082,174.751502,1,True
esp32_device_001,2026-04-29T10:05:59.422280+12:00,18.5,-36.814007,174.751521,1,True
esp32_device_001,2026-04-29T10:05:59.435233+12:00,18.5,-36.813923,174.751533,1,True
esp32_device_001,2026-04-29T10:05:59.448187+12:00,18.5,-36.813855,174.751539,1,True
esp32_device_001,2026-04-29T10:05:59.461140+12:00,18.5,-36.813773,174.751540,1,True
esp32_device_001,2026-04-29T10:05:59.474093+12:00,18.5,-36.813697,174.751535,1,True
esp32_device_001,2026-04-29T10:05:59.487047+12:00,18.5,-36.813587,174.751517,1,True
esp32_device_001,2026-04-29T10:05:59.500000+12:00,18.6,-36.813494,174.751495,1,True
esp32_device_001,2026-04-29T10:05:59.512953+12:00,18.6,-36.813395,174.751460,1,True
esp32_device_001,2026-04-29T10:05:59.525907+12:00,18.6,-36.813339,174.751435,1,True
esp32_device_001,2026-04-29T10:05:59.538860+12:00,18.6,-36.812931,174.751245,1,True
esp32_device_001,2026-04-29T10:05:59.551813+12:00,18.6,-36.812769,174.751182,1,True
esp32_device_001,2026-04-29T10:05:59.564767+12:00,18.6,-36.812581,174.751064,1,True
esp32_device_001,2026-04-29T10:05:59.577720+12:00,18.6,-36.812497,174.751007,1,True
esp32_device_001,2026-04-29T10:05:59.590674+12:00,18.6,-36.812413,174.750951,1,True
esp32_device_001,2026-04-29T10:05:59.603627+12:00,18.6,-36.812369,174.750920,1,True
esp32_device_001,2026-04-29T10:05:59.616580+12:00,18.6,-36.812318,174.750895,1,True
esp32_device_001,2026-04-29T10:05:59.629534+12:00,18.6,-36.812294,174.750898,1,True
esp32_device_001,2026-04-29T10:05:59.642487+12:00,18.6,-36.812269,174.750907,1,True
esp32_device_001,2026-04-29T10:05:59.655440+12:00,18.6,-36.812247,174.750922,1,True
esp32_device_001,2026-04-29T10:05:59.668394+12:00,18.6,-36.812230,174.750940,1,True
esp32_device_001,2026-04-29T10:05:59.681347+12:00,18.6,-36.812214,174.750965,1,True
esp32_device_001,2026-04-29T10:05:59.694301+12:00,18.6,-36.812198,174.751007,1,True
esp32_device_001,2026-04-29T10:05:59.707254+12:00,18.6,-36.812195,174.751089,1,True
esp32_device_001,2026-04-29T10:05:59.720207+12:00,18.6,-36.812193,174.751164,1,True
esp32_device_001,2026-04-29T10:05:59.733161+12:00,18.6,-36.812201,174.751359,1,True
esp32_device_001,2026-04-29T10:05:59.746114+12:00,18.6,-36.812201,174.751461,1,True
esp32_device_001,2026-04-29T10:05:59.759067+12:00,18.6,-36.812196,174.751561,1,True
esp32_device_001,2026-04-29T10:05:59.772021+12:00,18.6,-36.812185,174.751681,1,True
esp32_device_001,2026-04-29T10:05:59.784974+12:00,18.6,-36.812172,174.751783,1,True
esp32_device_001,2026-04-29T10:05:59.797927+12:00,18.6,-36.812155,174.751875,1,True
esp32_device_001,2026-04-29T10:05:59.810881+12:00,18.6,-36.812131,174.751984,1,True
esp32_device_001,2026-04-29T10:05:59.823834+12:00,18.6,-36.812104,174.752092,1,True
esp32_device_001,2026-04-29T10:05:59.836788+12:00,18.6,-36.812045,174.752277,1,True
esp32_device_001,2026-04-29T10:05:59.849741+12:00,18.6,-36.811977,174.752479,1,True
esp32_device_001,2026-04-29T10:05:59.862694+12:00,18.6,-36.811908,174.752680,1,True
esp32_device_001,2026-04-29T10:05:59.875648+12:00,18.6,-36.811866,174.752816,1,True
esp32_device_001,2026-04-29T10:05:59.888601+12:00,18.6,-36.811841,174.752927,1,True
esp32_device_001,2026-04-29T10:05:59.901554+12:00,18.6,-36.811825,174.753035,1,True
esp32_device_001,2026-04-29T10:05:59.914508+12:00,18.6,-36.811819,174.753157,1,True
esp32_device_001,2026-04-29T10:05:59.927461+12:00,18.6,-36.811820,174.753260,1,True
esp32_device_001,2026-04-29T10:05:59.940415+12:00,18.6,-36.811824,174.753319,1,True
esp32_device_001,2026-04-29T10:05:59.953368+12:00,18.6,-36.811841,174.753417,1,True
esp32_device_001,2026-04-29T10:05:59.966321+12:00,18.6,-36.811861,174.753512,1,True
esp32_device_001,2026-04-29T10:05:59.979275+12:00,18.6,-36.811883,174.753600,1,True
esp32_device_001,2026-04-29T10:05:59.992228+12:00,18.6,-36.811913,174.753685,1,True
esp32_device_001,2026-04-29T10:06:00.005181+12:00,18.6,-36.811949,174.753759,1,True
esp32_device_001,2026-04-29T10:06:00.018135+12:00,18.6,-36.811984,174.753837,1,True
esp32_device_001,2026-04-29T10:06:00.031088+12:00,18.6,-36.812021,174.753898,1,True
esp32_device_001,2026-04-29T10:06:00.044041+12:00,18.6,-36.812071,174.753968,1,True
esp32_device_001,2026-04-29T10:06:00.056995+12:00,18.6,-36.812135,174.754044,1,True
esp32_device_001,2026-04-29T10:06:00.069948+12:00,18.6,-36.812190,174.754103,1,True
esp32_device_001,2026-04-29T10:06:00.082902+12:00,18.6,-36.812232,174.754140,1,True
esp32_device_001,2026-04-29T10:06:00.095855+12:00,18.6,-36.812287,174.754181,1,True
esp32_device_001,2026-04-29T10:06:00.108808+12:00,18.6,-36.812400,174.754245,1,True
esp32_device_001,2026-04-29T10:06:00.121762+12:00,18.6,-36.812471,174.754271,1,True
esp32_device_001,2026-04-29T10:06:00.134715+12:00,18.6,-36.812551,174.754297,1,True
esp32_device_001,2026-04-29T10:06:00.147668+12:00,18.6,-36.812622,174.754309,1,True
esp32_device_001,2026-04-29T10:06:00.160622+12:00,18.6,-36.812688,174.754314,1,True
esp32_device_001,2026-04-29T10:06:00.173575+12:00,18.6,-36.812738,174.754313,1,True
esp32_device_001,2026-04-29T10:06:00.186528+12:00,18.6,-36.812807,174.754310,1,True
esp32_device_001,2026-04-29T10:06:00.199482+12:00,18.6,-36.812877,174.754297,1,True
esp32_device_001,2026-04-29T10:06:00.212435+12:00,18.6,-36.812946,174.754278,1,True
esp32_device_001,2026-04-29T10:06:00.225389+12:00,18.6,-36.813018,174.754251,1,True
esp32_device_001,2026-04-29T10:06:00.238342+12:00,18.6,-36.813096,174.754213,1,True
esp32_device_001,2026-04-29T10:06:00.251295+12:00,18.6,-36.813172,174.754168,1,True
esp32_device_001,2026-04-29T10:06:00.264249+12:00,18.6,-36.813247,174.754117,1,True
esp32_device_001,2026-04-29T10:06:00.277202+12:00,18.6,-36.813321,174.754058,1,True
esp32_device_001,2026-04-29T10:06:00.290155+12:00,18.6,-36.813390,174.753992,1,True
esp32_device_001,2026-04-29T10:06:00.303109+12:00,18.6,-36.813444,174.753933,1,True
esp32_device_001,2026-04-29T10:06:00.316062+12:00,18.6,-36.813494,174.753867,1,True
esp32_device_001,2026-04-29T10:06:00.329016+12:00,18.6,-36.813549,174.753791,1,True
esp32_device_001,2026-04-29T10:06:00.341969+12:00,18.6,-36.813602,174.753700,1,True
esp32_device_001,2026-04-29T10:06:00.354922+12:00,18.6,-36.813645,174.753621,1,True
esp32_device_001,2026-04-29T10:06:00.367876+12:00,18.6,-36.813689,174.753519,1,True
esp32_device_001,2026-04-29T10:06:00.380829+12:00,18.6,-36.813729,174.753417,1,True
esp32_device_001,2026-04-29T10:06:00.393782+12:00,18.6,-36.813770,174.753307,1,True
esp32_device_001,2026-04-29T10:06:00.406736+12:00,18.6,-36.813807,174.753202,1,True
esp32_device_001,2026-04-29T10:06:00.419689+12:00,18.6,-36.813847,174.753082,1,True
esp32_device_001,2026-04-29T10:06:00.432642+12:00,18.6,-36.813893,174.752955,1,True
esp32_device_001,2026-04-29T10:06:00.445596+12:00,18.6,-36.813941,174.752817,1,True
esp32_device_001,2026-04-29T10:06:00.458549+12:00,18.6,-36.814002,174.752665,1,True
esp32_device_001,2026-04-29T10:06:00.471503+12:00,18.6,-36.814031,174.752597,1,True
esp32_device_001,2026-04-29T10:06:00.484456+12:00,18.6,-36.814078,174.752504,1,True
esp32_device_001,2026-04-29T10:06:00.497409+12:00,18.6,-36.814120,174.752439,1,True
esp32_device_001,2026-04-29T10:06:00.510363+12:00,18.7,-36.814156,174.752384,1,True
esp32_device_001,2026-04-29T10:06:00.523316+12:00,18.7,-36.814361,174.752060,1,True
esp32_device_001,2026-04-29T10:06:00.536269+12:00,18.7,-36.814609,174.751761,1,True
esp32_device_001,2026-04-29T10:06:00.549223+12:00,18.7,-36.814735,174.751639,1,True
esp32_device_001,2026-04-29T10:06:00.562176+12:00,18.7,-36.814801,174.751587,1,True
esp32_device_001,2026-04-29T10:06:00.575130+12:00,18.7,-36.814880,174.751532,1,True
esp32_device_001,2026-04-29T10:06:00.588083+12:00,18.7,-36.815004,174.751444,1,True
esp32_device_001,2026-04-29T10:06:00.601036+12:00,18.7,-36.815117,174.751371,1,True
esp32_device_001,2026-04-29T10:06:00.613990+12:00,18.7,-36.815158,174.751345,1,True
esp32_device_001,2026-04-29T10:06:00.626943+12:00,18.7,-36.815329,174.751202,1,True
esp32_device_001,2026-04-29T10:06:00.639896+12:00,18.7,-36.815571,174.751111,1,True
esp32_device_001,2026-04-29T10:06:00.652850+12:00,18.7,-36.815851,174.751027,1,True
esp32_device_001,2026-04-29T10:06:00.665803+12:00,18.7,-36.816216,174.750937,1,True
esp32_device_001,2026-04-29T10:06:00.678756+12:00,18.7,-36.817110,174.750716,1,True
esp32_device_001,2026-04-29T10:06:00.691710+12:00,18.7,-36.818149,174.750467,1,True
esp32_device_001,2026-04-29T10:06:00.704663+12:00,18.7,-36.818967,174.750249,1,True
esp32_device_001,2026-04-29T10:06:00.717617+12:00,18.7,-36.819297,174.750155,1,True
esp32_device_001,2026-04-29T10:06:00.730570+12:00,18.7,-36.819682,174.750083,1,True
esp32_device_001,2026-04-29T10:06:00.743523+12:00,18.7,-36.820045,174.750045,1,True
esp32_device_001,2026-04-29T10:06:00.756477+12:00,18.7,-36.820504,174.750072,1,True
esp32_device_001,2026-04-29T10:06:00.769430+12:00,18.7,-36.820778,174.750109,1,True
esp32_device_001,2026-04-29T10:06:00.782383+12:00,18.7,-36.821249,174.750174,1,True
esp32_device_001,2026-04-29T10:06:00.795337+12:00,18.7,-36.821526,174.750173,1,True
esp32_device_001,2026-04-29T10:06:00.808290+12:00,18.7,-36.822174,174.750283,1,True
esp32_device_001,2026-04-29T10:06:00.821244+12:00,18.7,-36.822371,174.750311,1,True
esp32_device_001,2026-04-29T10:06:00.834197+12:00,18.7,-36.822562,174.750334,1,True
esp32_device_001,2026-04-29T10:06:00.847150+12:00,18.7,-36.822766,174.750345,1,True
esp32_device_001,2026-04-29T10:06:00.860104+12:00,18.7,-36.822946,174.750339,1,True
esp32_device_001,2026-04-29T10:06:00.873057+12:00,18.7,-36.823124,174.750321,1,True
esp32_device_001,2026-04-29T10:06:00.886010+12:00,18.7,-36.823323,174.750281,1,True
esp32_device_001,2026-04-29T10:06:00.898964+12:00,18.7,-36.823575,174.750201,1,True
esp32_device_001,2026-04-29T10:06:00.911917+12:00,18.7,-36.823818,174.750102,1,True
esp32_device_001,2026-04-29T10:06:00.924870+12:00,18.7,-36.824029,174.749992,1,True
esp32_device_001,2026-04-29T10:06:00.937824+12:00,18.7,-36.824265,174.749856,1,True
esp32_device_001,2026-04-29T10:06:00.950777+12:00,18.7,-36.824486,174.749714,1,True
esp32_device_001,2026-04-29T10:06:00.963731+12:00,18.7,-36.825685,174.748919,1,True
esp32_device_001,2026-04-29T10:06:00.976684+12:00,18.7,-36.826887,174.748127,1,True
esp32_device_001,2026-04-29T10:06:00.989637+12:00,18.7,-36.827683,174.747602,1,True
esp32_device_001,2026-04-29T10:06:01.002591+12:00,18.7,-36.828216,174.747250,1,True
esp32_device_001,2026-04-29T10:06:01.015544+12:00,18.7,-36.828797,174.746866,1,True
esp32_device_001,2026-04-29T10:06:01.028497+12:00,18.7,-36.829179,174.746615,1,True
esp32_device_001,2026-04-29T10:06:01.041451+12:00,18.7,-36.829531,174.746382,1,True
esp32_device_001,2026-04-29T10:06:01.054404+12:00,18.7,-36.830141,174.745979,1,True
esp32_device_001,2026-04-29T10:06:01.067358+12:00,18.7,-36.830797,174.745547,1,True
esp32_device_001,2026-04-29T10:06:01.080311+12:00,18.7,-36.835646,174.742347,1,True
esp32_device_001,2026-04-29T10:06:01.093264+12:00,18.7,-36.836023,174.742102,1,True
esp32_device_001,2026-04-29T10:06:01.106218+12:00,18.7,-36.836542,174.741875,1,True
esp32_device_001,2026-04-29T10:06:01.119171+12:00,18.7,-36.836844,174.741753,1,True
esp32_device_001,2026-04-29T10:06:01.132124+12:00,18.7,-36.837142,174.741666,1,True
esp32_device_001,2026-04-29T10:06:01.145078+12:00,18.7,-36.837308,174.741646,1,True
esp32_device_001,2026-04-29T10:06:01.158031+12:00,18.7,-36.837484,174.741640,1,True
esp32_device_001,2026-04-29T10:06:01.170984+12:00,18.7,-36.837667,174.741652,1,True
esp32_device_001,2026-04-29T10:06:01.183938+12:00,18.7,-36.837849,174.741690,1,True
esp32_device_001,2026-04-29T10:06:01.196891+12:00,18.7,-36.838015,174.741740,1,True
esp32_device_001,2026-04-29T10:06:01.209845+12:00,18.7,-36.838206,174.741830,1,True
esp32_device_001,2026-04-29T10:06:01.222798+12:00,18.7,-36.838381,174.741936,1,True
esp32_device_001,2026-04-29T10:06:01.235751+12:00,18.7,-36.838517,174.742041,1,True
esp32_device_001,2026-04-29T10:06:01.248705+12:00,18.7,-36.838632,174.742147,1,True
esp32_device_001,2026-04-29T10:06:01.261658+12:00,18.7,-36.838767,174.742283,1,True
esp32_device_001,2026-04-29T10:06:01.274611+12:00,18.7,-36.839008,174.742561,1,True
esp32_device_001,2026-04-29T10:06:01.287565+12:00,18.7,-36.839186,174.742819,1,True
esp32_device_001,2026-04-29T10:06:01.300518+12:00,18.7,-36.839447,174.743208,1,True
esp32_device_001,2026-04-29T10:06:01.313472+12:00,18.7,-36.840124,174.744340,1,True
esp32_device_001,2026-04-29T10:06:01.326425+12:00,18.7,-36.840236,174.744527,1,True
esp32_device_001,2026-04-29T10:06:01.339378+12:00,18.7,-36.840394,174.744770,1,True
esp32_device_001,2026-04-29T10:06:01.352332+12:00,18.7,-36.840513,174.744931,1,True
esp32_device_001,2026-04-29T10:06:01.365285+12:00,18.7,-36.840633,174.745071,1,True
esp32_device_001,2026-04-29T10:06:01.378238+12:00,18.7,-36.840773,174.745205,1,True
esp32_device_001,2026-04-29T10:06:01.391192+12:00,18.7,-36.840983,174.745369,1,True
esp32_device_001,2026-04-29T10:06:01.404145+12:00,18.7,-36.841202,174.745517,1,True
esp32_device_001,2026-04-29T10:06:01.417098+12:00,18.7,-36.841443,174.745666,1,True
esp32_device_001,2026-04-29T10:06:01.430052+12:00,18.7,-36.841662,174.745812,1,True
esp32_device_001,2026-04-29T10:06:01.443005+12:00,18.7,-36.841787,174.745911,1,True
esp32_device_001,2026-04-29T10:06:01.455959+12:00,18.7,-36.841906,174.746017,1,True
esp32_device_001,2026-04-29T10:06:01.468912+12:00,18.7,-36.842005,174.746122,1,True
esp32_device_001,2026-04-29T10:06:01.481865+12:00,18.7,-36.842152,174.746304,1,True
esp32_device_001,2026-04-29T10:06:01.494819+12:00,18.7,-36.842273,174.746486,1,True
esp32_device_001,2026-04-29T10:06:01.507772+12:00,18.8,-36.842386,174.746711,1,True
esp32_device_001,2026-04-29T10:06:01.520725+12:00,18.8,-36.842483,174.746946,1,True
esp32_device_001,2026-04-29T10:06:01.533679+12:00,18.8,-36.842550,174.747180,1,True
esp32_device_001,2026-04-29T10:06:01.546632+12:00,18.8,-36.842607,174.747418,1,True
esp32_device_001,2026-04-29T10:06:01.559585+12:00,18.8,-36.842636,174.747557,1,True
esp32_device_001,2026-04-29T10:06:01.572539+12:00,18.8,-36.842715,174.747948,1,True
esp32_device_001,2026-04-29T10:06:01.585492+12:00,18.8,-36.842798,174.748324,1,True
esp32_device_001,2026-04-29T10:06:01.598446+12:00,18.8,-36.842887,174.748674,1,True
esp32_device_001,2026-04-29T10:06:01.611399+12:00,18.8,-36.842981,174.748991,1,True
esp32_device_001,2026-04-29T10:06:01.624352+12:00,18.8,-36.843078,174.749278,1,True
esp32_device_001,2026-04-29T10:06:01.637306+12:00,18.8,-36.843226,174.749620,1,True
esp32_device_001,2026-04-29T10:06:01.650259+12:00,18.8,-36.843367,174.749863,1,True
esp32_device_001,2026-04-29T10:06:01.663212+12:00,18.8,-36.843607,174.750275,1,True
esp32_device_001,2026-04-29T10:06:01.676166+12:00,18.8,-36.843804,174.750617,1,True
esp32_device_001,2026-04-29T10:06:01.689119+12:00,18.8,-36.843915,174.750803,1,True
esp32_device_001,2026-04-29T10:06:01.702073+12:00,18.8,-36.843956,174.750873,1,True
esp32_device_001,2026-04-29T10:06:01.715026+12:00,18.8,-36.844111,174.751131,1,True
esp32_device_001,2026-04-29T10:06:01.727979+12:00,18.8,-36.844336,174.751527,1,True
esp32_device_001,2026-04-29T10:06:01.740933+12:00,18.8,-36.844518,174.751821,1,True
esp32_device_001,2026-04-29T10:06:01.753886+12:00,18.8,-36.844613,174.751975,1,True
esp32_device_001,2026-04-29T10:06:01.766839+12:00,18.8,-36.844667,174.752056,1,True
esp32_device_001,2026-04-29T10:06:01.779793+12:00,18.8,-36.844723,174.752133,1,True
esp32_device_001,2026-04-29T10:06:01.792746+12:00,18.8,-36.844796,174.752230,1,True
esp32_device_001,2026-04-29T10:06:01.805699+12:00,18.8,-36.844845,174.752288,1,True
esp32_device_001,2026-04-29T10:06:01.818653+12:00,18.8,-36.844885,174.752337,1,True
esp32_device_001,2026-04-29T10:06:01.831606+12:00,18.8,-36.844958,174.752419,1,True
esp32_device_001,2026-04-29T10:06:01.844560+12:00,18.8,-36.845029,174.752492,1,True
esp32_device_001,2026-04-29T10:06:01.857513+12:00,18.8,-36.845103,174.752559,1,True
esp32_device_001,2026-04-29T10:06:01.870466+12:00,18.8,-36.845207,174.752643,1,True
esp32_device_001,2026-04-29T10:06:01.883420+12:00,18.8,-36.845315,174.752721,1,True
esp32_device_001,2026-04-29T10:06:01.896373+12:00,18.8,-36.845459,174.752814,1,True
esp32_device_001,2026-04-29T10:06:01.909326+12:00,18.8,-36.845636,174.752899,1,True
esp32_device_001,2026-04-29T10:06:01.922280+12:00,18.8,-36.845729,174.752943,1,True
esp32_device_001,2026-04-29T10:06:01.935233+12:00,18.8,-36.845839,174.752977,1,True
esp32_device_001,2026-04-29T10:06:01.948187+12:00,18.8,-36.845929,174.753005,1,True
esp32_device_001,2026-04-29T10:06:01.961140+12:00,18.8,-36.846083,174.753036,1,True
esp32_device_001,2026-04-29T10:06:01.974093+12:00,18.8,-36.846232,174.753059,1,True
esp32_device_001,2026-04-29T10:06:01.987047+12:00,18.8,-36.846926,174.753107,1,True
esp32_device_001,2026-04-29T10:06:02+12:00,18.8,-36.847584,174.753189,1,False
esp32_device_001,2026-04-29T10:06:03.666667+12:00,18.9,-36.847993,174.753160,1,True
esp32_device_001,2026-04-29T10:06:05.333333+12:00,19.0,-36.848371,174.753186,1,True
esp32_device_001,2026-04-29T10:06:07+12:00,19.1,-36.848511,174.753235,1,False
esp32_device_001,2026-04-29T10:06:08.250000+12:00,19.3,-36.848620,174.753207,1,True
esp32_device_001,2026-04-29T10:06:09.500000+12:00,19.5,-36.849080,174.753278,1,True
esp32_device_001,2026-04-29T10:06:10.750000+12:00,19.6,-36.849369,174.753335,1,True
esp32_device_001,2026-04-29T10:06:12+12:00,19.8,-36.849491,174.753403,1,False
esp32_device_001,2026-04-29T10:06:13+12:00,20.2,-36.849518,174.753379,1,True
esp32_device_001,2026-04-29T10:06:14+12:00,20.5,-36.849739,174.753448,1,True
esp32_device_001,2026-04-29T10:06:15+12:00,20.9,-36.850065,174.753572,1,True
esp32_device_001,2026-04-29T10:06:16+12:00,21.2,-36.850229,174.753653,1,True
esp32_device_001,2026-04-29T10:06:17+12:00,21.6,-36.85051,174.753769,1,False
esp32_device_001,2026-04-29T10:06:18.250000+12:00,22.6,-36.850516,174.753798,1,True
esp32_device_001,2026-04-29T10:06:19.500000+12:00,23.5,-36.850801,174.753976,1,True
esp32_device_001,2026-04-29T10:06:20.750000+12:00,24.4,-36.851062,174.754155,1,True
esp32_device_001,2026-04-29T10:06:22+12:00,25.4,-36.851421,174.754425,1,False
esp32_device_001,2026-04-29T10:06:24.500000+12:00,27.4,-36.852234,174.755136,1,True
esp32_device_001,2026-04-29T10:06:27+12:00,29.5,-36.852299,174.755157,1,False
esp32_device_001,2026-04-29T10:06:28.666667+12:00,30.8,-36.852694,174.755522,1,True
esp32_device_001,2026-04-29T10:06:30.333333+12:00,32.0,-36.853064,174.755806,1,True
esp32_device_001,2026-04-29T10:06:32+12:00,33.3,-36.853168,174.75589,1,False
esp32_device_001,2026-04-29T10:06:32.008993+12:00,33.3,-36.853641,174.756317,1,True
esp32_device_001,2026-04-29T10:06:32.017986+12:00,33.3,-36.853819,174.756469,1,True
esp32_device_001,2026-04-29T10:06:32.026978+12:00,33.3,-36.853999,174.756625,1,True
esp32_device_001,2026-04-29T10:06:32.035971+12:00,33.3,-36.854184,174.756769,1,True
esp32_device_001,2026-04-29T10:06:32.044964+12:00,33.3,-36.854365,174.756862,1,True
esp32_device_001,2026-04-29T10:06:32.053957+12:00,33.3,-36.854539,174.756949,1,True
esp32_device_001,2026-04-29T10:06:32.062950+12:00,33.3,-36.854742,174.757018,1,True
esp32_device_001,2026-04-29T10:06:32.071942+12:00,33.3,-36.854903,174.757051,1,True
esp32_device_001,2026-04-29T10:06:32.080935+12:00,33.3,-36.855054,174.757069,1,True
esp32_device_001,2026-04-29T10:06:32.089928+12:00,33.3,-36.855311,174.757069,1,True
esp32_device_001,2026-04-29T10:06:32.098921+12:00,33.3,-36.855487,174.757050,1,True
esp32_device_001,2026-04-29T10:06:32.107914+12:00,33.3,-36.855657,174.757014,1,True
esp32_device_001,2026-04-29T10:06:32.116906+12:00,33.3,-36.856037,174.756878,1,True
esp32_device_001,2026-04-29T10:06:32.125899+12:00,33.3,-36.856520,174.756596,1,True
esp32_device_001,2026-04-29T10:06:32.134892+12:00,33.3,-36.856802,174.756432,1,True
esp32_device_001,2026-04-29T10:06:32.143885+12:00,33.3,-36.857007,174.756321,1,True
esp32_device_001,2026-04-29T10:06:32.152878+12:00,33.3,-36.857134,174.756261,1,True
esp32_device_001,2026-04-29T10:06:32.161871+12:00,33.3,-36.857268,174.756218,1,True
esp32_device_001,2026-04-29T10:06:32.170863+12:00,33.3,-36.857493,174.756178,1,True
esp32_device_001,2026-04-29T10:06:32.179856+12:00,33.3,-36.857677,174.756170,1,True
esp32_device_001,2026-04-29T10:06:32.188849+12:00,33.3,-36.857863,174.756180,1,True
esp32_device_001,2026-04-29T10:06:32.197842+12:00,33.3,-36.858085,174.756236,1,True
esp32_device_001,2026-04-29T10:06:32.206835+12:00,33.3,-36.858244,174.756298,1,True
esp32_device_001,2026-04-29T10:06:32.215827+12:00,33.3,-36.858347,174.756356,1,True
esp32_device_001,2026-04-29T10:06:32.224820+12:00,33.3,-36.858737,174.756574,1,True
esp32_device_001,2026-04-29T10:06:32.233813+12:00,33.3,-36.858835,174.756648,1,True
esp32_device_001,2026-04-29T10:06:32.242806+12:00,33.3,-36.858942,174.756746,1,True
esp32_device_001,2026-04-29T10:06:32.251799+12:00,33.3,-36.859067,174.756890,1,True
esp32_device_001,2026-04-29T10:06:32.260791+12:00,33.3,-36.859187,174.757053,1,True
esp32_device_001,2026-04-29T10:06:32.269784+12:00,33.3,-36.859280,174.757222,1,True
esp32_device_001,2026-04-29T10:06:32.278777+12:00,33.3,-36.859370,174.757407,1,True
esp32_device_001,2026-04-29T10:06:32.287770+12:00,33.3,-36.859433,174.757547,1,True
esp32_device_001,2026-04-29T10:06:32.296763+12:00,33.3,-36.859493,174.757723,1,True
esp32_device_001,2026-04-29T10:06:32.305755+12:00,33.3,-36.859550,174.757939,1,True
esp32_device_001,2026-04-29T10:06:32.314748+12:00,33.3,-36.859588,174.758149,1,True
esp32_device_001,2026-04-29T10:06:32.323741+12:00,33.3,-36.859611,174.758375,1,True
esp32_device_001,2026-04-29T10:06:32.332734+12:00,33.3,-36.859626,174.758709,1,True
esp32_device_001,2026-04-29T10:06:32.341727+12:00,33.3,-36.859631,174.759152,1,True
esp32_device_001,2026-04-29T10:06:32.350719+12:00,33.3,-36.859647,174.759691,1,True
esp32_device_001,2026-04-29T10:06:32.359712+12:00,33.3,-36.859655,174.759810,1,True
esp32_device_001,2026-04-29T10:06:32.368705+12:00,33.3,-36.859688,174.760137,1,True
esp32_device_001,2026-04-29T10:06:32.377698+12:00,33.3,-36.859835,174.760839,1,True
esp32_device_001,2026-04-29T10:06:32.386691+12:00,33.3,-36.859926,174.761221,1,True
esp32_device_001,2026-04-29T10:06:32.395683+12:00,33.3,-36.860026,174.761562,1,True
esp32_device_001,2026-04-29T10:06:32.404676+12:00,33.3,-36.860133,174.761858,1,True
esp32_device_001,2026-04-29T10:06:32.413669+12:00,33.3,-36.860254,174.762151,1,True
esp32_device_001,2026-04-29T10:06:32.422662+12:00,33.3,-36.860335,174.762312,1,True
esp32_device_001,2026-04-29T10:06:32.431655+12:00,33.3,-36.860476,174.762560,1,True
esp32_device_001,2026-04-29T10:06:32.440647+12:00,33.3,-36.860514,174.762619,1,True
esp32_device_001,2026-04-29T10:06:32.449640+12:00,33.3,-36.860678,174.762848,1,True
esp32_device_001,2026-04-29T10:06:32.458633+12:00,33.3,-36.860822,174.763023,1,True
esp32_device_001,2026-04-29T10:06:32.467626+12:00,33.3,-36.860938,174.763143,1,True
esp32_device_001,2026-04-29T10:06:32.476619+12:00,33.3,-36.861063,174.763263,1,True
esp32_device_001,2026-04-29T10:06:32.485612+12:00,33.3,-36.861243,174.763409,1,True
esp32_device_001,2026-04-29T10:06:32.494604+12:00,33.3,-36.861451,174.763560,1,True
esp32_device_001,2026-04-29T10:06:32.503597+12:00,33.3,-36.861635,174.763677,1,True
esp32_device_001,2026-04-29T10:06:32.512590+12:00,33.3,-36.861880,174.763840,1,True
esp32_device_001,2026-04-29T10:06:32.521583+12:00,33.3,-36.862099,174.763990,1,True
esp32_device_001,2026-04-29T10:06:32.530576+12:00,33.3,-36.862420,174.764220,1,True
esp32_device_001,2026-04-29T10:06:32.539568+12:00,33.3,-36.862579,174.764352,1,True
esp32_device_001,2026-04-29T10:06:32.548561+12:00,33.3,-36.862731,174.764493,1,True
esp32_device_001,2026-04-29T10:06:32.557554+12:00,33.3,-36.862850,174.764609,1,True
esp32_device_001,2026-04-29T10:06:32.566547+12:00,33.3,-36.863035,174.764835,1,True
esp32_device_001,2026-04-29T10:06:32.575540+12:00,33.3,-36.863222,174.765088,1,True
esp32_device_001,2026-04-29T10:06:32.584532+12:00,33.3,-36.863448,174.765441,1,True
esp32_device_001,2026-04-29T10:06:32.593525+12:00,33.3,-36.863743,174.765918,1,True
esp32_device_001,2026-04-29T10:06:32.602518+12:00,33.3,-36.863890,174.766143,1,True
esp32_device_001,2026-04-29T10:06:32.611511+12:00,33.3,-36.864011,174.766315,1,True
esp32_device_001,2026-04-29T10:06:32.620504+12:00,33.3,-36.864140,174.766470,1,True
esp32_device_001,2026-04-29T10:06:32.629496+12:00,33.3,-36.864275,174.766610,1,True
esp32_device_001,2026-04-29T10:06:32.638489+12:00,33.3,-36.864406,174.766736,1,True
esp32_device_001,2026-04-29T10:06:32.647482+12:00,33.3,-36.864572,174.766875,1,True
esp32_device_001,2026-04-29T10:06:32.656475+12:00,33.3,-36.864710,174.766975,1,True
esp32_device_001,2026-04-29T10:06:32.665468+12:00,33.3,-36.864821,174.767053,1,True
esp32_device_001,2026-04-29T10:06:32.674460+12:00,33.3,-36.864964,174.767133,1,True
esp32_device_001,2026-04-29T10:06:32.683453+12:00,33.3,-36.865131,174.767220,1,True
esp32_device_001,2026-04-29T10:06:32.692446+12:00,33.3,-36.865295,174.767293,1,True
esp32_device_001,2026-04-29T10:06:32.701439+12:00,33.3,-36.865567,174.767393,1,True
esp32_device_001,2026-04-29T10:06:32.710432+12:00,33.3,-36.865980,174.767532,1,True
esp32_device_001,2026-04-29T10:06:32.719424+12:00,33.3,-36.866209,174.767606,1,True
esp32_device_001,2026-04-29T10:06:32.728417+12:00,33.3,-36.866431,174.767698,1,True
esp32_device_001,2026-04-29T10:06:32.737410+12:00,33.3,-36.866567,174.767763,1,True
esp32_device_001,2026-04-29T10:06:32.746403+12:00,33.3,-36.866708,174.767829,1,True
esp32_device_001,2026-04-29T10:06:32.755396+12:00,33.3,-36.866873,174.767925,1,True
esp32_device_001,2026-04-29T10:06:32.764388+12:00,33.3,-36.867031,174.768027,1,True
esp32_device_001,2026-04-29T10:06:32.773381+12:00,33.3,-36.867246,174.768194,1,True
esp32_device_001,2026-04-29T10:06:32.782374+12:00,33.3,-36.867466,174.768394,1,True
esp32_device_001,2026-04-29T10:06:32.791367+12:00,33.3,-36.867679,174.768620,1,True
esp32_device_001,2026-04-29T10:06:32.800360+12:00,33.3,-36.867888,174.768877,1,True
esp32_device_001,2026-04-29T10:06:32.809353+12:00,33.3,-36.868165,174.769255,1,True
esp32_device_001,2026-04-29T10:06:32.818345+12:00,33.3,-36.868432,174.769623,1,True
esp32_device_001,2026-04-29T10:06:32.827338+12:00,33.3,-36.868634,174.769903,1,True
esp32_device_001,2026-04-29T10:06:32.836331+12:00,33.3,-36.869012,174.770407,1,True
esp32_device_001,2026-04-29T10:06:32.845324+12:00,33.3,-36.869441,174.770972,1,True
esp32_device_001,2026-04-29T10:06:32.854317+12:00,33.3,-36.869767,174.771402,1,True
esp32_device_001,2026-04-29T10:06:32.863309+12:00,33.3,-36.869913,174.771580,1,True
esp32_device_001,2026-04-29T10:06:32.872302+12:00,33.3,-36.869968,174.771645,1,True
esp32_device_001,2026-04-29T10:06:32.881295+12:00,33.3,-36.870242,174.772137,1,True
esp32_device_001,2026-04-29T10:06:32.890288+12:00,33.3,-36.870608,174.772571,1,True
esp32_device_001,2026-04-29T10:06:32.899281+12:00,33.3,-36.870941,174.772931,1,True
esp32_device_001,2026-04-29T10:06:32.908273+12:00,33.3,-36.871110,174.773082,1,True
esp32_device_001,2026-04-29T10:06:32.917266+12:00,33.3,-36.871449,174.773413,1,True
esp32_device_001,2026-04-29T10:06:32.926259+12:00,33.3,-36.871547,174.773526,1,True
esp32_device_001,2026-04-29T10:06:32.935252+12:00,33.3,-36.871661,174.773665,1,True
esp32_device_001,2026-04-29T10:06:32.944245+12:00,33.3,-36.871846,174.773910,1,True
esp32_device_001,2026-04-29T10:06:32.953237+12:00,33.3,-36.872052,174.774196,1,True
esp32_device_001,2026-04-29T10:06:32.962230+12:00,33.3,-36.872110,174.774277,1,True
esp32_device_001,2026-04-29T10:06:32.971223+12:00,33.3,-36.872205,174.774257,1,True
esp32_device_001,2026-04-29T10:06:32.980216+12:00,33.3,-36.872493,174.774196,1,True
esp32_device_001,2026-04-29T10:06:32.989209+12:00,33.3,-36.872528,174.774188,1,True
esp32_device_001,2026-04-29T10:06:32.998201+12:00,33.3,-36.872558,174.774151,1,True
esp32_device_001,2026-04-29T10:06:33.007194+12:00,33.3,-36.872578,174.774115,1,True
esp32_device_001,2026-04-29T10:06:33.016187+12:00,33.3,-36.872589,174.774079,1,True
esp32_device_001,2026-04-29T10:06:33.025180+12:00,33.3,-36.872596,174.774039,1,True
esp32_device_001,2026-04-29T10:06:33.034173+12:00,33.3,-36.872598,174.774001,1,True
esp32_device_001,2026-04-29T10:06:33.043165+12:00,33.3,-36.872593,174.773969,1,True
esp32_device_001,2026-04-29T10:06:33.052158+12:00,33.3,-36.872580,174.773934,1,True
esp32_device_001,2026-04-29T10:06:33.061151+12:00,33.3,-36.872565,174.773904,1,True
esp32_device_001,2026-04-29T10:06:33.070144+12:00,33.3,-36.872389,174.773680,1,True
esp32_device_001,2026-04-29T10:06:33.079137+12:00,33.3,-36.872143,174.773385,1,True
esp32_device_001,2026-04-29T10:06:33.088129+12:00,33.3,-36.871754,174.772994,1,True
esp32_device_001,2026-04-29T10:06:33.097122+12:00,33.3,-36.871657,174.772909,1,True
esp32_device_001,2026-04-29T10:06:33.106115+12:00,33.3,-36.871342,174.772672,1,True
esp32_device_001,2026-04-29T10:06:33.115108+12:00,33.3,-36.870963,174.772374,1,True
esp32_device_001,2026-04-29T10:06:33.124101+12:00,33.3,-36.870788,174.772212,1,True
esp32_device_001,2026-04-29T10:06:33.133094+12:00,33.3,-36.870493,174.772078,1,True
esp32_device_001,2026-04-29T10:06:33.142086+12:00,33.3,-36.870226,174.771795,1,True
esp32_device_001,2026-04-29T10:06:33.151079+12:00,33.3,-36.869985,174.771510,1,True
esp32_device_001,2026-04-29T10:06:33.160072+12:00,33.3,-36.869839,174.771322,1,True
esp32_device_001,2026-04-29T10:06:33.169065+12:00,33.3,-36.869512,174.770926,1,True
esp32_device_001,2026-04-29T10:06:33.178058+12:00,33.3,-36.869062,174.770325,1,True
esp32_device_001,2026-04-29T10:06:33.187050+12:00,33.3,-36.868748,174.769895,1,True
esp32_device_001,2026-04-29T10:06:33.196043+12:00,33.3,-36.868512,174.769569,1,True
esp32_device_001,2026-04-29T10:06:33.205036+12:00,33.3,-36.868042,174.768935,1,True
esp32_device_001,2026-04-29T10:06:33.214029+12:00,33.3,-36.867755,174.768575,1,True
esp32_device_001,2026-04-29T10:06:33.223022+12:00,33.3,-36.867555,174.768360,1,True
esp32_device_001,2026-04-29T10:06:33.232014+12:00,33.3,-36.867411,174.768219,1,True
esp32_device_001,2026-04-29T10:06:33.241007+12:00,33.3,-36.867260,174.768090,1,True
esp32_device_001,2026-04-29T10:06:33.250000+12:00,33.3,-36.867110,174.767975,1,True
esp32_device_001,2026-04-29T10:06:33.258993+12:00,33.3,-36.866946,174.767863,1,True
esp32_device_001,2026-04-29T10:06:33.267986+12:00,33.3,-36.866724,174.767731,1,True
esp32_device_001,2026-04-29T10:06:33.276978+12:00,33.3,-36.866522,174.767636,1,True
esp32_device_001,2026-04-29T10:06:33.285971+12:00,33.3,-36.866286,174.767534,1,True
esp32_device_001,2026-04-29T10:06:33.294964+12:00,33.3,-36.866040,174.767452,1,True
esp32_device_001,2026-04-29T10:06:33.303957+12:00,33.3,-36.865429,174.767241,1,True
esp32_device_001,2026-04-29T10:06:33.312950+12:00,33.3,-36.865181,174.767142,1,True
esp32_device_001,2026-04-29T10:06:33.321942+12:00,33.3,-36.865008,174.767054,1,True
esp32_device_001,2026-04-29T10:06:33.330935+12:00,33.3,-36.864858,174.766968,1,True
esp32_device_001,2026-04-29T10:06:33.339928+12:00,33.3,-36.864701,174.766862,1,True
esp32_device_001,2026-04-29T10:06:33.348921+12:00,33.3,-36.864578,174.766764,1,True
esp32_device_001,2026-04-29T10:06:33.357914+12:00,33.3,-36.864451,174.766655,1,True
esp32_device_001,2026-04-29T10:06:33.366906+12:00,33.3,-36.864375,174.766582,1,True
esp32_device_001,2026-04-29T10:06:33.375899+12:00,33.3,-36.864180,174.766374,1,True
esp32_device_001,2026-04-29T10:06:33.384892+12:00,33.3,-36.864024,174.766174,1,True
esp32_device_001,2026-04-29T10:06:33.393885+12:00,33.3,-36.863826,174.765885,1,True
esp32_device_001,2026-04-29T10:06:33.402878+12:00,33.3,-36.863390,174.765172,1,True
esp32_device_001,2026-04-29T10:06:33.411871+12:00,33.3,-36.863205,174.764897,1,True
esp32_device_001,2026-04-29T10:06:33.420863+12:00,33.3,-36.862964,174.764593,1,True
esp32_device_001,2026-04-29T10:06:33.429856+12:00,33.3,-36.862783,174.764397,1,True
esp32_device_001,2026-04-29T10:06:33.438849+12:00,33.3,-36.862466,174.764109,1,True
esp32_device_001,2026-04-29T10:06:33.447842+12:00,33.3,-36.862177,174.763851,1,True
esp32_device_001,2026-04-29T10:06:33.456835+12:00,33.3,-36.861976,174.763676,1,True
esp32_device_001,2026-04-29T10:06:33.465827+12:00,33.3,-36.861770,174.763488,1,True
esp32_device_001,2026-04-29T10:06:33.474820+12:00,33.3,-36.861595,174.763318,1,True
esp32_device_001,2026-04-29T10:06:33.483813+12:00,33.3,-36.861398,174.763093,1,True
esp32_device_001,2026-04-29T10:06:33.492806+12:00,33.3,-36.861211,174.762829,1,True
esp32_device_001,2026-04-29T10:06:33.501799+12:00,33.3,-36.861038,174.762561,1,True
esp32_device_001,2026-04-29T10:06:33.510791+12:00,33.3,-36.860913,174.762330,1,True
esp32_device_001,2026-04-29T10:06:33.519784+12:00,33.3,-36.860752,174.761981,1,True
esp32_device_001,2026-04-29T10:06:33.528777+12:00,33.3,-36.860602,174.761586,1,True
esp32_device_001,2026-04-29T10:06:33.537770+12:00,33.3,-36.860530,174.761374,1,True
esp32_device_001,2026-04-29T10:06:33.546763+12:00,33.3,-36.860474,174.761173,1,True
esp32_device_001,2026-04-29T10:06:33.555755+12:00,33.3,-36.860396,174.760842,1,True
esp32_device_001,2026-04-29T10:06:33.564748+12:00,33.3,-36.860330,174.760502,1,True
esp32_device_001,2026-04-29T10:06:33.573741+12:00,33.3,-36.860290,174.760267,1,True
esp32_device_001,2026-04-29T10:06:33.582734+12:00,33.3,-36.860274,174.760062,1,True
esp32_device_001,2026-04-29T10:06:33.591727+12:00,33.3,-36.860248,174.759416,1,True
esp32_device_001,2026-04-29T10:06:33.600719+12:00,33.3,-36.860231,174.759037,1,True
esp32_device_001,2026-04-29T10:06:33.609712+12:00,33.3,-36.860213,174.758777,1,True
esp32_device_001,2026-04-29T10:06:33.618705+12:00,33.3,-36.860187,174.758521,1,True
esp32_device_001,2026-04-29T10:06:33.627698+12:00,33.3,-36.860131,174.758226,1,True
esp32_device_001,2026-04-29T10:06:33.636691+12:00,33.3,-36.860054,174.757942,1,True
esp32_device_001,2026-04-29T10:06:33.645683+12:00,33.3,-36.859980,174.757740,1,True
esp32_device_001,2026-04-29T10:06:33.654676+12:00,33.3,-36.859897,174.757550,1,True
esp32_device_001,2026-04-29T10:06:33.663669+12:00,33.3,-36.859786,174.757347,1,True
esp32_device_001,2026-04-29T10:06:33.672662+12:00,33.3,-36.859669,174.757169,1,True
esp32_device_001,2026-04-29T10:06:33.681655+12:00,33.3,-36.859562,174.757026,1,True
esp32_device_001,2026-04-29T10:06:33.690647+12:00,33.3,-36.859431,174.756871,1,True
esp32_device_001,2026-04-29T10:06:33.699640+12:00,33.3,-36.859287,174.756732,1,True
esp32_device_001,2026-04-29T10:06:33.708633+12:00,33.3,-36.859059,174.756559,1,True
esp32_device_001,2026-04-29T10:06:33.717626+12:00,33.3,-36.858728,174.756367,1,True
esp32_device_001,2026-04-29T10:06:33.726619+12:00,33.3,-36.858090,174.756036,1,True
esp32_device_001,2026-04-29T10:06:33.735612+12:00,33.3,-36.857886,174.755948,1,True
esp32_device_001,2026-04-29T10:06:33.744604+12:00,33.3,-36.857678,174.755860,1,True
esp32_device_001,2026-04-29T10:06:33.753597+12:00,33.3,-36.857426,174.755776,1,True
esp32_device_001,2026-04-29T10:06:33.762590+12:00,33.3,-36.857240,174.755729,1,True
esp32_device_001,2026-04-29T10:06:33.771583+12:00,33.3,-36.857042,174.755709,1,True
esp32_device_001,2026-04-29T10:06:33.780576+12:00,33.3,-36.856967,174.755712,1,True
esp32_device_001,2026-04-29T10:06:33.789568+12:00,33.3,-36.856811,174.755717,1,True
esp32_device_001,2026-04-29T10:06:33.798561+12:00,33.3,-36.856645,174.755741,1,True
esp32_device_001,2026-04-29T10:06:33.807554+12:00,33.3,-36.856504,174.755778,1,True
esp32_device_001,2026-04-29T10:06:33.816547+12:00,33.3,-36.856321,174.755843,1,True
esp32_device_001,2026-04-29T10:06:33.825540+12:00,33.3,-36.856197,174.755897,1,True
esp32_device_001,2026-04-29T10:06:33.834532+12:00,33.3,-36.856044,174.755974,1,True
esp32_device_001,2026-04-29T10:06:33.843525+12:00,33.3,-36.855754,174.756134,1,True
esp32_device_001,2026-04-29T10:06:33.852518+12:00,33.3,-36.855498,174.756272,1,True
esp32_device_001,2026-04-29T10:06:33.861511+12:00,33.3,-36.855325,174.756343,1,True
esp32_device_001,2026-04-29T10:06:33.870504+12:00,33.3,-36.855146,174.756408,1,True
esp32_device_001,2026-04-29T10:06:33.879496+12:00,33.3,-36.854962,174.756448,1,True
esp32_device_001,2026-04-29T10:06:33.888489+12:00,33.3,-36.854773,174.756468,1,True
esp32_device_001,2026-04-29T10:06:33.897482+12:00,33.3,-36.854594,174.756467,1,True
esp32_device_001,2026-04-29T10:06:33.906475+12:00,33.3,-36.854408,174.756440,1,True
esp32_device_001,2026-04-29T10:06:33.915468+12:00,33.3,-36.854222,174.756403,1,True
esp32_device_001,2026-04-29T10:06:33.924460+12:00,33.3,-36.854048,174.756345,1,True
esp32_device_001,2026-04-29T10:06:33.933453+12:00,33.3,-36.853876,174.756264,1,True
esp32_device_001,2026-04-29T10:06:33.942446+12:00,33.3,-36.853717,174.756178,1,True
esp32_device_001,2026-04-29T10:06:33.951439+12:00,33.3,-36.853607,174.756105,1,True
esp32_device_001,2026-04-29T10:06:33.960432+12:00,33.3,-36.853482,174.756011,1,True
esp32_device_001,2026-04-29T10:06:33.969424+12:00,33.3,-36.853073,174.755671,1,True
esp32_device_001,2026-04-29T10:06:33.978417+12:00,33.3,-36.852346,174.755067,1,True
esp32_device_001,2026-04-29T10:06:33.987410+12:00,33.3,-36.851708,174.754528,1,True
esp32_device_001,2026-04-29T10:06:33.996403+12:00,33.3,-36.851289,174.754184,1,True
esp32_device_001,2026-04-29T10:06:34.005396+12:00,33.3,-36.850997,174.753974,1,True
esp32_device_001,2026-04-29T10:06:34.014388+12:00,33.3,-36.850728,174.753797,1,True
esp32_device_001,2026-04-29T10:06:34.023381+12:00,33.3,-36.850494,174.753659,1,True
esp32_device_001,2026-04-29T10:06:34.032374+12:00,33.3,-36.850247,174.753520,1,True
esp32_device_001,2026-04-29T10:06:34.041367+12:00,33.3,-36.849933,174.753372,1,True
esp32_device_001,2026-04-29T10:06:34.050360+12:00,33.3,-36.849666,174.753256,1,True
esp32_device_001,2026-04-29T10:06:34.059353+12:00,33.3,-36.849471,174.753189,1,True
esp32_device_001,2026-04-29T10:06:34.068345+12:00,33.3,-36.849178,174.753084,1,True
esp32_device_001,2026-04-29T10:06:34.077338+12:00,33.3,-36.848722,174.752970,1,True
esp32_device_001,2026-04-29T10:06:34.086331+12:00,33.3,-36.848042,174.752829,1,True
esp32_device_001,2026-04-29T10:06:34.095324+12:00,33.3,-36.847755,174.752783,1,True
esp32_device_001,2026-04-29T10:06:34.104317+12:00,33.3,-36.846926,174.752773,1,True
esp32_device_001,2026-04-29T10:06:34.113309+12:00,33.3,-36.846464,174.752760,1,True
esp32_device_001,2026-04-29T10:06:34.122302+12:00,33.3,-36.846181,174.752705,1,True
esp32_device_001,2026-04-29T10:06:34.131295+12:00,33.3,-36.845854,174.752600,1,True
esp32_device_001,2026-04-29T10:06:34.140288+12:00,33.3,-36.845555,174.752463,1,True
esp32_device_001,2026-04-29T10:06:34.149281+12:00,33.3,-36.845360,174.752324,1,True
esp32_device_001,2026-04-29T10:06:34.158273+12:00,33.3,-36.845189,174.752176,1,True
esp32_device_001,2026-04-29T10:06:34.167266+12:00,33.3,-36.845032,174.752036,1,True
esp32_device_001,2026-04-29T10:06:34.176259+12:00,33.3,-36.844864,174.751870,1,True
esp32_device_001,2026-04-29T10:06:34.185252+12:00,33.3,-36.844810,174.751801,1,True
esp32_device_001,2026-04-29T10:06:34.194245+12:00,33.3,-36.844679,174.751620,1,True
esp32_device_001,2026-04-29T10:06:34.203237+12:00,33.3,-36.844285,174.751033,1,True
esp32_device_001,2026-04-29T10:06:34.212230+12:00,33.3,-36.844224,174.750936,1,True
esp32_device_001,2026-04-29T10:06:34.221223+12:00,33.3,-36.844116,174.750763,1,True
esp32_device_001,2026-04-29T10:06:34.230216+12:00,33.3,-36.844077,174.750702,1,True
esp32_device_001,2026-04-29T10:06:34.239209+12:00,33.3,-36.843710,174.750122,1,True
esp32_device_001,2026-04-29T10:06:34.248201+12:00,33.3,-36.843548,174.749847,1,True
esp32_device_001,2026-04-29T10:06:34.257194+12:00,33.3,-36.843400,174.749567,1,True
esp32_device_001,2026-04-29T10:06:34.266187+12:00,33.3,-36.843300,174.749352,1,True
esp32_device_001,2026-04-29T10:06:34.275180+12:00,33.3,-36.843227,174.749173,1,True
esp32_device_001,2026-04-29T10:06:34.284173+12:00,33.3,-36.843123,174.748885,1,True
esp32_device_001,2026-04-29T10:06:34.293165+12:00,33.3,-36.843030,174.748573,1,True
esp32_device_001,2026-04-29T10:06:34.302158+12:00,33.3,-36.842935,174.748167,1,True
esp32_device_001,2026-04-29T10:06:34.311151+12:00,33.3,-36.842865,174.747799,1,True
esp32_device_001,2026-04-29T10:06:34.320144+12:00,33.3,-36.842773,174.747381,1,True
esp32_device_001,2026-04-29T10:06:34.329137+12:00,33.3,-36.842693,174.747053,1,True
esp32_device_001,2026-04-29T10:06:34.338129+12:00,33.3,-36.842608,174.746768,1,True
esp32_device_001,2026-04-29T10:06:34.347122+12:00,33.3,-36.842466,174.746452,1,True
esp32_device_001,2026-04-29T10:06:34.356115+12:00,33.3,-36.842349,174.746259,1,True
esp32_device_001,2026-04-29T10:06:34.365108+12:00,33.3,-36.842209,174.746059,1,True
esp32_device_001,2026-04-29T10:06:34.374101+12:00,33.3,-36.842029,174.745863,1,True
esp32_device_001,2026-04-29T10:06:34.383094+12:00,33.3,-36.841876,174.745727,1,True
esp32_device_001,2026-04-29T10:06:34.392086+12:00,33.3,-36.841724,174.745614,1,True
esp32_device_001,2026-04-29T10:06:34.401079+12:00,33.3,-36.841561,174.745498,1,True
esp32_device_001,2026-04-29T10:06:34.410072+12:00,33.3,-36.841321,174.745351,1,True
esp32_device_001,2026-04-29T10:06:34.419065+12:00,33.3,-36.841084,174.745198,1,True
esp32_device_001,2026-04-29T10:06:34.428058+12:00,33.3,-36.840870,174.745030,1,True
esp32_device_001,2026-04-29T10:06:34.437050+12:00,33.3,-36.840718,174.744879,1,True
esp32_device_001,2026-04-29T10:06:34.446043+12:00,33.3,-36.840585,174.744715,1,True
esp32_device_001,2026-04-29T10:06:34.455036+12:00,33.3,-36.840475,174.744560,1,True
esp32_device_001,2026-04-29T10:06:34.464029+12:00,33.3,-36.840307,174.744291,1,True
esp32_device_001,2026-04-29T10:06:34.473022+12:00,33.3,-36.840088,174.743925,1,True
esp32_device_001,2026-04-29T10:06:34.482014+12:00,33.3,-36.839600,174.743116,1,True
esp32_device_001,2026-04-29T10:06:34.491007+12:00,33.3,-36.839387,174.742783,1,True
esp32_device_001,2026-04-29T10:06:34.500000+12:00,33.2,-36.839206,174.742508,1,True
esp32_device_001,2026-04-29T10:06:34.508993+12:00,33.2,-36.839021,174.742257,1,True
esp32_device_001,2026-04-29T10:06:34.517986+12:00,33.2,-36.838821,174.742046,1,True
esp32_device_001,2026-04-29T10:06:34.526978+12:00,33.2,-36.838623,174.741867,1,True
esp32_device_001,2026-04-29T10:06:34.535971+12:00,33.2,-36.838468,174.741750,1,True
esp32_device_001,2026-04-29T10:06:34.544964+12:00,33.2,-36.838348,174.741680,1,True
esp32_device_001,2026-04-29T10:06:34.553957+12:00,33.2,-36.838227,174.741622,1,True
esp32_device_001,2026-04-29T10:06:34.562950+12:00,33.2,-36.837949,174.741503,1,True
esp32_device_001,2026-04-29T10:06:34.571942+12:00,33.2,-36.837715,174.741437,1,True
esp32_device_001,2026-04-29T10:06:34.580935+12:00,33.2,-36.837560,174.741424,1,True
esp32_device_001,2026-04-29T10:06:34.589928+12:00,33.2,-36.837405,174.741423,1,True
esp32_device_001,2026-04-29T10:06:34.598921+12:00,33.2,-36.837296,174.741430,1,True
esp32_device_001,2026-04-29T10:06:34.607914+12:00,33.2,-36.837010,174.741401,1,True
esp32_device_001,2026-04-29T10:06:34.616906+12:00,33.2,-36.836787,174.741472,1,True
esp32_device_001,2026-04-29T10:06:34.625899+12:00,33.2,-36.836424,174.741650,1,True
esp32_device_001,2026-04-29T10:06:34.634892+12:00,33.2,-36.836258,174.741753,1,True
esp32_device_001,2026-04-29T10:06:34.643885+12:00,33.2,-36.836146,174.741838,1,True
esp32_device_001,2026-04-29T10:06:34.652878+12:00,33.2,-36.835594,174.742220,1,True
esp32_device_001,2026-04-29T10:06:34.661871+12:00,33.2,-36.830755,174.745413,1,True
esp32_device_001,2026-04-29T10:06:34.670863+12:00,33.2,-36.830090,174.745851,1,True
esp32_device_001,2026-04-29T10:06:34.679856+12:00,33.2,-36.829482,174.746253,1,True
esp32_device_001,2026-04-29T10:06:34.688849+12:00,33.2,-36.829127,174.746487,1,True
esp32_device_001,2026-04-29T10:06:34.697842+12:00,33.2,-36.828740,174.746742,1,True
esp32_device_001,2026-04-29T10:06:34.706835+12:00,33.2,-36.828163,174.747123,1,True
esp32_device_001,2026-04-29T10:06:34.715827+12:00,33.2,-36.827631,174.747475,1,True
esp32_device_001,2026-04-29T10:06:34.724820+12:00,33.2,-36.826833,174.748001,1,True
esp32_device_001,2026-04-29T10:06:34.733813+12:00,33.2,-36.824432,174.749586,1,True
esp32_device_001,2026-04-29T10:06:34.742806+12:00,33.2,-36.824211,174.749724,1,True
esp32_device_001,2026-04-29T10:06:34.751799+12:00,33.2,-36.823995,174.749847,1,True
esp32_device_001,2026-04-29T10:06:34.760791+12:00,33.2,-36.823771,174.749967,1,True
esp32_device_001,2026-04-29T10:06:34.769784+12:00,33.2,-36.823542,174.750062,1,True
esp32_device_001,2026-04-29T10:06:34.778777+12:00,33.2,-36.823312,174.750135,1,True
esp32_device_001,2026-04-29T10:06:34.787770+12:00,33.2,-36.823081,174.750180,1,True
esp32_device_001,2026-04-29T10:06:34.796763+12:00,33.2,-36.822927,174.750192,1,True
esp32_device_001,2026-04-29T10:06:34.805755+12:00,33.2,-36.822769,174.750200,1,True
esp32_device_001,2026-04-29T10:06:34.814748+12:00,33.2,-36.822492,174.750187,1,True
esp32_device_001,2026-04-29T10:06:34.823741+12:00,33.2,-36.822253,174.750154,1,True
esp32_device_001,2026-04-29T10:06:34.832734+12:00,33.2,-36.821995,174.750106,1,True
esp32_device_001,2026-04-29T10:06:34.841727+12:00,33.2,-36.821823,174.750061,1,True
esp32_device_001,2026-04-29T10:06:34.850719+12:00,33.2,-36.821467,174.749972,1,True
esp32_device_001,2026-04-29T10:06:34.859712+12:00,33.2,-36.821111,174.749881,1,True
esp32_device_001,2026-04-29T10:06:34.868705+12:00,33.2,-36.820760,174.749773,1,True
esp32_device_001,2026-04-29T10:06:34.877698+12:00,33.2,-36.820583,174.749712,1,True
esp32_device_001,2026-04-29T10:06:34.886691+12:00,33.2,-36.820231,174.749649,1,True
esp32_device_001,2026-04-29T10:06:34.895683+12:00,33.2,-36.820038,174.749665,1,True
esp32_device_001,2026-04-29T10:06:34.904676+12:00,33.2,-36.819778,174.749724,1,True
esp32_device_001,2026-04-29T10:06:34.913669+12:00,33.2,-36.819614,174.749728,1,True
esp32_device_001,2026-04-29T10:06:34.922662+12:00,33.2,-36.819433,174.749739,1,True
esp32_device_001,2026-04-29T10:06:34.931655+12:00,33.2,-36.819249,174.749763,1,True
esp32_device_001,2026-04-29T10:06:34.940647+12:00,33.2,-36.818987,174.749815,1,True
esp32_device_001,2026-04-29T10:06:34.949640+12:00,33.2,-36.818645,174.749910,1,True
esp32_device_001,2026-04-29T10:06:34.958633+12:00,33.2,-36.818194,174.750041,1,True
esp32_device_001,2026-04-29T10:06:34.967626+12:00,33.2,-36.817640,174.750207,1,True
esp32_device_001,2026-04-29T10:06:34.976619+12:00,33.2,-36.816495,174.750540,1,True
esp32_device_001,2026-04-29T10:06:34.985612+12:00,33.2,-36.816217,174.750624,1,True
esp32_device_001,2026-04-29T10:06:34.994604+12:00,33.2,-36.816019,174.750683,1,True
esp32_device_001,2026-04-29T10:06:35.003597+12:00,33.2,-36.815759,174.750780,1,True
esp32_device_001,2026-04-29T10:06:35.012590+12:00,33.2,-36.815105,174.750955,1,True
esp32_device_001,2026-04-29T10:06:35.021583+12:00,33.2,-36.814856,174.751106,1,True
esp32_device_001,2026-04-29T10:06:35.030576+12:00,33.2,-36.814652,174.751246,1,True
esp32_device_001,2026-04-29T10:06:35.039568+12:00,33.2,-36.814431,174.751376,1,True
esp32_device_001,2026-04-29T10:06:35.048561+12:00,33.2,-36.814243,174.751454,1,True
esp32_device_001,2026-04-29T10:06:35.057554+12:00,33.2,-36.814082,174.751502,1,True
esp32_device_001,2026-04-29T10:06:35.066547+12:00,33.2,-36.814007,174.751521,1,True
esp32_device_001,2026-04-29T10:06:35.075540+12:00,33.2,-36.813923,174.751533,1,True
esp32_device_001,2026-04-29T10:06:35.084532+12:00,33.2,-36.813855,174.751539,1,True
esp32_device_001,2026-04-29T10:06:35.093525+12:00,33.2,-36.813773,174.751540,1,True
esp32_device_001,2026-04-29T10:06:35.102518+12:00,33.2,-36.813697,174.751535,1,True
esp32_device_001,2026-04-29T10:06:35.111511+12:00,33.2,-36.813587,174.751517,1,True
esp32_device_001,2026-04-29T10:06:35.120504+12:00,33.2,-36.813494,174.751495,1,True
esp32_device_001,2026-04-29T10:06:35.129496+12:00,33.2,-36.813395,174.751460,1,True
esp32_device_001,2026-04-29T10:06:35.138489+12:00,33.2,-36.813339,174.751435,1,True
esp32_device_001,2026-04-29T10:06:35.147482+12:00,33.2,-36.812931,174.751245,1,True
esp32_device_001,2026-04-29T10:06:35.156475+12:00,33.2,-36.812769,174.751182,1,True
esp32_device_001,2026-04-29T10:06:35.165468+12:00,33.2,-36.812581,174.751064,1,True
esp32_device_001,2026-04-29T10:06:35.174460+12:00,33.2,-36.812497,174.751007,1,True
esp32_device_001,2026-04-29T10:06:35.183453+12:00,33.2,-36.812413,174.750951,1,True
esp32_device_001,2026-04-29T10:06:35.192446+12:00,33.2,-36.812369,174.750920,1,True
esp32_device_001,2026-04-29T10:06:35.201439+12:00,33.2,-36.812318,174.750895,1,True
esp32_device_001,2026-04-29T10:06:35.210432+12:00,33.2,-36.812294,174.750898,1,True
esp32_device_001,2026-04-29T10:06:35.219424+12:00,33.2,-36.812269,174.750907,1,True
esp32_device_001,2026-04-29T10:06:35.228417+12:00,33.2,-36.812247,174.750922,1,True
esp32_device_001,2026-04-29T10:06:35.237410+12:00,33.2,-36.812230,174.750940,1,True
esp32_device_001,2026-04-29T10:06:35.246403+12:00,33.2,-36.812214,174.750965,1,True
esp32_device_001,2026-04-29T10:06:35.255396+12:00,33.2,-36.812198,174.751007,1,True
esp32_device_001,2026-04-29T10:06:35.264388+12:00,33.2,-36.812195,174.751089,1,True
esp32_device_001,2026-04-29T10:06:35.273381+12:00,33.2,-36.812193,174.751164,1,True
esp32_device_001,2026-04-29T10:06:35.282374+12:00,33.2,-36.812201,174.751359,1,True
esp32_device_001,2026-04-29T10:06:35.291367+12:00,33.2,-36.812201,174.751461,1,True
esp32_device_001,2026-04-29T10:06:35.300360+12:00,33.2,-36.812196,174.751561,1,True
esp32_device_001,2026-04-29T10:06:35.309353+12:00,33.2,-36.812185,174.751681,1,True
esp32_device_001,2026-04-29T10:06:35.318345+12:00,33.2,-36.812172,174.751783,1,True
esp32_device_001,2026-04-29T10:06:35.327338+12:00,33.2,-36.812155,174.751875,1,True
esp32_device_001,2026-04-29T10:06:35.336331+12:00,33.2,-36.812131,174.751984,1,True
esp32_device_001,2026-04-29T10:06:35.345324+12:00,33.2,-36.812104,174.752092,1,True
esp32_device_001,2026-04-29T10:06:35.354317+12:00,33.2,-36.812045,174.752277,1,True
esp32_device_001,2026-04-29T10:06:35.363309+12:00,33.2,-36.811977,174.752479,1,True
esp32_device_001,2026-04-29T10:06:35.372302+12:00,33.2,-36.811908,174.752680,1,True
esp32_device_001,2026-04-29T10:06:35.381295+12:00,33.2,-36.811866,174.752816,1,True
esp32_device_001,2026-04-29T10:06:35.390288+12:00,33.2,-36.811841,174.752927,1,True
esp32_device_001,2026-04-29T10:06:35.399281+12:00,33.2,-36.811825,174.753035,1,True
esp32_device_001,2026-04-29T10:06:35.408273+12:00,33.2,-36.811819,174.753157,1,True
esp32_device_001,2026-04-29T10:06:35.417266+12:00,33.2,-36.811820,174.753260,1,True
esp32_device_001,2026-04-29T10:06:35.426259+12:00,33.2,-36.811824,174.753319,1,True
esp32_device_001,2026-04-29T10:06:35.435252+12:00,33.2,-36.811841,174.753417,1,True
esp32_device_001,2026-04-29T10:06:35.444245+12:00,33.2,-36.811861,174.753512,1,True
esp32_device_001,2026-04-29T10:06:35.453237+12:00,33.2,-36.811883,174.753600,1,True
esp32_device_001,2026-04-29T10:06:35.462230+12:00,33.2,-36.811913,174.753685,1,True
esp32_device_001,2026-04-29T10:06:35.471223+12:00,33.2,-36.811949,174.753759,1,True
esp32_device_001,2026-04-29T10:06:35.480216+12:00,33.2,-36.811984,174.753837,1,True
esp32_device_001,2026-04-29T10:06:35.489209+12:00,33.2,-36.812021,174.753898,1,True
esp32_device_001,2026-04-29T10:06:35.498201+12:00,33.2,-36.812071,174.753968,1,True
esp32_device_001,2026-04-29T10:06:35.507194+12:00,33.2,-36.812135,174.754044,1,True
esp32_device_001,2026-04-29T10:06:35.516187+12:00,33.2,-36.812190,174.754103,1,True
esp32_device_001,2026-04-29T10:06:35.525180+12:00,33.2,-36.812232,174.754140,1,True
esp32_device_001,2026-04-29T10:06:35.534173+12:00,33.2,-36.812287,174.754181,1,True
esp32_device_001,2026-04-29T10:06:35.543165+12:00,33.2,-36.812400,174.754245,1,True
esp32_device_001,2026-04-29T10:06:35.552158+12:00,33.2,-36.812471,174.754271,1,True
esp32_device_001,2026-04-29T10:06:35.561151+12:00,33.2,-36.812551,174.754297,1,True
esp32_device_001,2026-04-29T10:06:35.570144+12:00,33.2,-36.812622,174.754309,1,True
esp32_device_001,2026-04-29T10:06:35.579137+12:00,33.2,-36.812688,174.754314,1,True
esp32_device_001,2026-04-29T10:06:35.588129+12:00,33.2,-36.812738,174.754313,1,True
esp32_device_001,2026-04-29T10:06:35.597122+12:00,33.2,-36.812807,174.754310,1,True
esp32_device_001,2026-04-29T10:06:35.606115+12:00,33.2,-36.812877,174.754297,1,True
esp32_device_001,2026-04-29T10:06:35.615108+12:00,33.2,-36.812946,174.754278,1,True
esp32_device_001,2026-04-29T10:06:35.624101+12:00,33.2,-36.813018,174.754251,1,True
esp32_device_001,2026-04-29T10:06:35.633094+12:00,33.2,-36.813096,174.754213,1,True
esp32_device_001,2026-04-29T10:06:35.642086+12:00,33.2,-36.813172,174.754168,1,True
esp32_device_001,2026-04-29T10:06:35.651079+12:00,33.2,-36.813247,174.754117,1,True
esp32_device_001,2026-04-29T10:06:35.660072+12:00,33.2,-36.813321,174.754058,1,True
esp32_device_001,2026-04-29T10:06:35.669065+12:00,33.2,-36.813390,174.753992,1,True
esp32_device_001,2026-04-29T10:06:35.678058+12:00,33.2,-36.813444,174.753933,1,True
esp32_device_001,2026-04-29T10:06:35.687050+12:00,33.2,-36.813494,174.753867,1,True
esp32_device_001,2026-04-29T10:06:35.696043+12:00,33.2,-36.813549,174.753791,1,True
esp32_device_001,2026-04-29T10:06:35.705036+12:00,33.2,-36.813602,174.753700,1,True
esp32_device_001,2026-04-29T10:06:35.714029+12:00,33.2,-36.813645,174.753621,1,True
esp32_device_001,2026-04-29T10:06:35.723022+12:00,33.2,-36.813689,174.753519,1,True
esp32_device_001,2026-04-29T10:06:35.732014+12:00,33.2,-36.813729,174.753417,1,True
esp32_device_001,2026-04-29T10:06:35.741007+12:00,33.2,-36.813770,174.753307,1,True
esp32_device_001,2026-04-29T10:06:35.750000+12:00,33.2,-36.813807,174.753202,1,True
esp32_device_001,2026-04-29T10:06:35.758993+12:00,33.2,-36.813847,174.753082,1,True
esp32_device_001,2026-04-29T10:06:35.767986+12:00,33.2,-36.813893,174.752955,1,True
esp32_device_001,2026-04-29T10:06:35.776978+12:00,33.2,-36.813941,174.752817,1,True
esp32_device_001,2026-04-29T10:06:35.785971+12:00,33.2,-36.814002,174.752665,1,True
esp32_device_001,2026-04-29T10:06:35.794964+12:00,33.2,-36.814031,174.752597,1,True
esp32_device_001,2026-04-29T10:06:35.803957+12:00,33.2,-36.814078,174.752504,1,True
esp32_device_001,2026-04-29T10:06:35.812950+12:00,33.2,-36.814120,174.752439,1,True
esp32_device_001,2026-04-29T10:06:35.821942+12:00,33.2,-36.814156,174.752384,1,True
esp32_device_001,2026-04-29T10:06:35.830935+12:00,33.2,-36.814361,174.752060,1,True
esp32_device_001,2026-04-29T10:06:35.839928+12:00,33.2,-36.814609,174.751761,1,True
esp32_device_001,2026-04-29T10:06:35.848921+12:00,33.2,-36.814735,174.751639,1,True
esp32_device_001,2026-04-29T10:06:35.857914+12:00,33.2,-36.814801,174.751587,1,True
esp32_device_001,2026-04-29T10:06:35.866906+12:00,33.2,-36.814880,174.751532,1,True
esp32_device_001,2026-04-29T10:06:35.875899+12:00,33.2,-36.815004,174.751444,1,True
esp32_device_001,2026-04-29T10:06:35.884892+12:00,33.2,-36.815117,174.751371,1,True
esp32_device_001,2026-04-29T10:06:35.893885+12:00,33.2,-36.815158,174.751345,1,True
esp32_device_001,2026-04-29T10:06:35.902878+12:00,33.2,-36.815329,174.751202,1,True
esp32_device_001,2026-04-29T10:06:35.911871+12:00,33.2,-36.815571,174.751111,1,True
esp32_device_001,2026-04-29T10:06:35.920863+12:00,33.2,-36.815851,174.751027,1,True
esp32_device_001,2026-04-29T10:06:35.929856+12:00,33.2,-36.816216,174.750937,1,True
esp32_device_001,2026-04-29T10:06:35.938849+12:00,33.2,-36.817110,174.750716,1,True
esp32_device_001,2026-04-29T10:06:35.947842+12:00,33.2,-36.818149,174.750467,1,True
esp32_device_001,2026-04-29T10:06:35.956835+12:00,33.2,-36.818967,174.750249,1,True
esp32_device_001,2026-04-29T10:06:35.965827+12:00,33.2,-36.819297,174.750155,1,True
esp32_device_001,2026-04-29T10:06:35.974820+12:00,33.2,-36.819682,174.750083,1,True
esp32_device_001,2026-04-29T10:06:35.983813+12:00,33.2,-36.820045,174.750045,1,True
esp32_device_001,2026-04-29T10:06:35.992806+12:00,33.2,-36.820504,174.750072,1,True
esp32_device_001,2026-04-29T10:06:36.001799+12:00,33.2,-36.820778,174.750109,1,True
esp32_device_001,2026-04-29T10:06:36.010791+12:00,33.2,-36.821249,174.750174,1,True
esp32_device_001,2026-04-29T10:06:36.019784+12:00,33.2,-36.821526,174.750173,1,True
esp32_device_001,2026-04-29T10:06:36.028777+12:00,33.2,-36.822174,174.750283,1,True
esp32_device_001,2026-04-29T10:06:36.037770+12:00,33.2,-36.822371,174.750311,1,True
esp32_device_001,2026-04-29T10:06:36.046763+12:00,33.2,-36.822562,174.750334,1,True
esp32_device_001,2026-04-29T10:06:36.055755+12:00,33.2,-36.822766,174.750345,1,True
esp32_device_001,2026-04-29T10:06:36.064748+12:00,33.2,-36.822946,174.750339,1,True
esp32_device_001,2026-04-29T10:06:36.073741+12:00,33.2,-36.823124,174.750321,1,True
esp32_device_001,2026-04-29T10:06:36.082734+12:00,33.2,-36.823323,174.750281,1,True
esp32_device_001,2026-04-29T10:06:36.091727+12:00,33.2,-36.823575,174.750201,1,True
esp32_device_001,2026-04-29T10:06:36.100719+12:00,33.2,-36.823818,174.750102,1,True
esp32_device_001,2026-04-29T10:06:36.109712+12:00,33.2,-36.824029,174.749992,1,True
esp32_device_001,2026-04-29T10:06:36.118705+12:00,33.2,-36.824265,174.749856,1,True
esp32_device_001,2026-04-29T10:06:36.127698+12:00,33.2,-36.824486,174.749714,1,True
esp32_device_001,2026-04-29T10:06:36.136691+12:00,33.2,-36.825685,174.748919,1,True
esp32_device_001,2026-04-29T10:06:36.145683+12:00,33.2,-36.826887,174.748127,1,True
esp32_device_001,2026-04-29T10:06:36.154676+12:00,33.2,-36.827683,174.747602,1,True
esp32_device_001,2026-04-29T10:06:36.163669+12:00,33.2,-36.828216,174.747250,1,True
esp32_device_001,2026-04-29T10:06:36.172662+12:00,33.2,-36.828797,174.746866,1,True
esp32_device_001,2026-04-29T10:06:36.181655+12:00,33.2,-36.829179,174.746615,1,True
esp32_device_001,2026-04-29T10:06:36.190647+12:00,33.2,-36.829531,174.746382,1,True
esp32_device_001,2026-04-29T10:06:36.199640+12:00,33.2,-36.830141,174.745979,1,True
esp32_device_001,2026-04-29T10:06:36.208633+12:00,33.2,-36.830797,174.745547,1,True
esp32_device_001,2026-04-29T10:06:36.217626+12:00,33.2,-36.835646,174.742347,1,True
esp32_device_001,2026-04-29T10:06:36.226619+12:00,33.2,-36.836023,174.742102,1,True
esp32_device_001,2026-04-29T10:06:36.235612+12:00,33.2,-36.836542,174.741875,1,True
esp32_device_001,2026-04-29T10:06:36.244604+12:00,33.2,-36.836844,174.741753,1,True
esp32_device_001,2026-04-29T10:06:36.253597+12:00,33.2,-36.837142,174.741666,1,True
esp32_device_001,2026-04-29T10:06:36.262590+12:00,33.2,-36.837308,174.741646,1,True
esp32_device_001,2026-04-29T10:06:36.271583+12:00,33.2,-36.837484,174.741640,1,True
esp32_device_001,2026-04-29T10:06:36.280576+12:00,33.2,-36.837667,174.741652,1,True
esp32_device_001,2026-04-29T10:06:36.289568+12:00,33.2,-36.837849,174.741690,1,True
esp32_device_001,2026-04-29T10:06:36.298561+12:00,33.2,-36.838015,174.741740,1,True
esp32_device_001,2026-04-29T10:06:36.307554+12:00,33.2,-36.838206,174.741830,1,True
esp32_device_001,2026-04-29T10:06:36.316547+12:00,33.2,-36.838381,174.741936,1,True
esp32_device_001,2026-04-29T10:06:36.325540+12:00,33.2,-36.838517,174.742041,1,True
esp32_device_001,2026-04-29T10:06:36.334532+12:00,33.2,-36.838632,174.742147,1,True
esp32_device_001,2026-04-29T10:06:36.343525+12:00,33.2,-36.838767,174.742283,1,True
esp32_device_001,2026-04-29T10:06:36.352518+12:00,33.2,-36.839008,174.742561,1,True
esp32_device_001,2026-04-29T10:06:36.361511+12:00,33.2,-36.839186,174.742819,1,True
esp32_device_001,2026-04-29T10:06:36.370504+12:00,33.2,-36.839447,174.743208,1,True
esp32_device_001,2026-04-29T10:06:36.379496+12:00,33.2,-36.840124,174.744340,1,True
esp32_device_001,2026-04-29T10:06:36.388489+12:00,33.2,-36.840236,174.744527,1,True
esp32_device_001,2026-04-29T10:06:36.397482+12:00,33.2,-36.840394,174.744770,1,True
esp32_device_001,2026-04-29T10:06:36.406475+12:00,33.2,-36.840513,174.744931,1,True
esp32_device_001,2026-04-29T10:06:36.415468+12:00,33.2,-36.840633,174.745071,1,True
esp32_device_001,2026-04-29T10:06:36.424460+12:00,33.2,-36.840773,174.745205,1,True
esp32_device_001,2026-04-29T10:06:36.433453+12:00,33.2,-36.840983,174.745369,1,True
esp32_device_001,2026-04-29T10:06:36.442446+12:00,33.2,-36.841202,174.745517,1,True
esp32_device_001,2026-04-29T10:06:36.451439+12:00,33.2,-36.841443,174.745666,1,True
esp32_device_001,2026-04-29T10:06:36.460432+12:00,33.2,-36.841662,174.745812,1,True
esp32_device_001,2026-04-29T10:06:36.469424+12:00,33.2,-36.841787,174.745911,1,True
esp32_device_001,2026-04-29T10:06:36.478417+12:00,33.2,-36.841906,174.746017,1,True
esp32_device_001,2026-04-29T10:06:36.487410+12:00,33.2,-36.842005,174.746122,1,True
esp32_device_001,2026-04-29T10:06:36.496403+12:00,33.2,-36.842152,174.746304,1,True
esp32_device_001,2026-04-29T10:06:36.505396+12:00,33.2,-36.842273,174.746486,1,True
esp32_device_001,2026-04-29T10:06:36.514388+12:00,33.2,-36.842386,174.746711,1,True
esp32_device_001,2026-04-29T10:06:36.523381+12:00,33.2,-36.842483,174.746946,1,True
esp32_device_001,2026-04-29T10:06:36.532374+12:00,33.2,-36.842550,174.747180,1,True
esp32_device_001,2026-04-29T10:06:36.541367+12:00,33.2,-36.842607,174.747418,1,True
esp32_device_001,2026-04-29T10:06:36.550360+12:00,33.2,-36.842636,174.747557,1,True
esp32_device_001,2026-04-29T10:06:36.559353+12:00,33.2,-36.842715,174.747948,1,True
esp32_device_001,2026-04-29T10:06:36.568345+12:00,33.2,-36.842798,174.748324,1,True
esp32_device_001,2026-04-29T10:06:36.577338+12:00,33.2,-36.842887,174.748674,1,True
esp32_device_001,2026-04-29T10:06:36.586331+12:00,33.2,-36.842981,174.748991,1,True
esp32_device_001,2026-04-29T10:06:36.595324+12:00,33.2,-36.843078,174.749278,1,True
esp32_device_001,2026-04-29T10:06:36.604317+12:00,33.2,-36.843226,174.749620,1,True
esp32_device_001,2026-04-29T10:06:36.613309+12:00,33.2,-36.843388,174.750006,1,True
esp32_device_001,2026-04-29T10:06:36.622302+12:00,33.2,-36.843544,174.750332,1,True
esp32_device_001,2026-04-29T10:06:36.631295+12:00,33.2,-36.843666,174.750552,1,True
esp32_device_001,2026-04-29T10:06:36.640288+12:00,33.2,-36.843835,174.750845,1,True
esp32_device_001,2026-04-29T10:06:36.649281+12:00,33.2,-36.843874,174.750915,1,True
esp32_device_001,2026-04-29T10:06:36.658273+12:00,33.2,-36.843902,174.750963,1,True
esp32_device_001,2026-04-29T10:06:36.667266+12:00,33.2,-36.844259,174.751558,1,True
esp32_device_001,2026-04-29T10:06:36.676259+12:00,33.2,-36.844441,174.751870,1,True
esp32_device_001,2026-04-29T10:06:36.685252+12:00,33.2,-36.844528,174.752008,1,True
esp32_device_001,2026-04-29T10:06:36.694245+12:00,33.2,-36.844632,174.752165,1,True
esp32_device_001,2026-04-29T10:06:36.703237+12:00,33.2,-36.844691,174.752248,1,True
esp32_device_001,2026-04-29T10:06:36.712230+12:00,33.2,-36.844745,174.752313,1,True
esp32_device_001,2026-04-29T10:06:36.721223+12:00,33.2,-36.844808,174.752394,1,True
esp32_device_001,2026-04-29T10:06:36.730216+12:00,33.2,-36.844864,174.752459,1,True
esp32_device_001,2026-04-29T10:06:36.739209+12:00,33.2,-36.844952,174.752546,1,True
esp32_device_001,2026-04-29T10:06:36.748201+12:00,33.2,-36.845043,174.752630,1,True
esp32_device_001,2026-04-29T10:06:36.757194+12:00,33.2,-36.845175,174.752735,1,True
esp32_device_001,2026-04-29T10:06:36.766187+12:00,33.2,-36.845364,174.752866,1,True
esp32_device_001,2026-04-29T10:06:36.775180+12:00,33.2,-36.845620,174.753002,1,True
esp32_device_001,2026-04-29T10:06:36.784173+12:00,33.2,-36.845837,174.753085,1,True
esp32_device_001,2026-04-29T10:06:36.793165+12:00,33.2,-36.846156,174.753153,1,True
esp32_device_001,2026-04-29T10:06:36.802158+12:00,33.2,-36.846925,174.753203,1,True
esp32_device_001,2026-04-29T10:06:36.811151+12:00,33.2,-36.847597,174.753246,1,True
esp32_device_001,2026-04-29T10:06:36.820144+12:00,33.2,-36.848481,174.753288,1,True
esp32_device_001,2026-04-29T10:06:36.829137+12:00,33.2,-36.849068,174.753384,1,True
esp32_device_001,2026-04-29T10:06:36.838129+12:00,33.2,-36.849238,174.753422,1,True
esp32_device_001,2026-04-29T10:06:36.847122+12:00,33.2,-36.849548,174.753494,1,True
esp32_device_001,2026-04-29T10:06:36.856115+12:00,33.2,-36.850077,174.753691,1,True
esp32_device_001,2026-04-29T10:06:36.865108+12:00,33.2,-36.850213,174.753758,1,True
esp32_device_001,2026-04-29T10:06:36.874101+12:00,33.2,-36.850413,174.753856,1,True
esp32_device_001,2026-04-29T10:06:36.883094+12:00,33.2,-36.850689,174.754019,1,True
esp32_device_001,2026-04-29T10:06:36.892086+12:00,33.2,-36.850949,174.754199,1,True
esp32_device_001,2026-04-29T10:06:36.901079+12:00,33.2,-36.851333,174.754518,1,True
esp32_device_001,2026-04-29T10:06:36.910072+12:00,33.2,-36.851711,174.754879,1,True
esp32_device_001,2026-04-29T10:06:36.919065+12:00,33.2,-36.852179,174.755301,1,True
esp32_device_001,2026-04-29T10:06:36.928058+12:00,33.2,-36.852594,174.755666,1,True
esp32_device_001,2026-04-29T10:06:36.937050+12:00,33.2,-36.852737,174.755792,1,True
esp32_device_001,2026-04-29T10:06:36.946043+12:00,33.2,-36.852935,174.755957,1,True
esp32_device_001,2026-04-29T10:06:36.955036+12:00,33.2,-36.853045,174.756050,1,True
esp32_device_001,2026-04-29T10:06:36.964029+12:00,33.2,-36.853164,174.756149,1,True
esp32_device_001,2026-04-29T10:06:36.973022+12:00,33.2,-36.853409,174.756316,1,True
esp32_device_001,2026-04-29T10:06:36.982014+12:00,33.2,-36.853634,174.756444,1,True
esp32_device_001,2026-04-29T10:06:36.991007+12:00,33.2,-36.853889,174.756569,1,True
esp32_device_001,2026-04-29T10:06:37+12:00,33.2,-36.854115,174.756577,1,False
esp32_device_001,2026-04-29T10:06:37.018182+12:00,33.2,-36.854364,174.756758,1,True
esp32_device_001,2026-04-29T10:06:37.036364+12:00,33.2,-36.854410,174.756770,1,True
esp32_device_001,2026-04-29T10:06:37.054545+12:00,33.3,-36.854729,174.756855,1,True
esp32_device_001,2026-04-29T10:06:37.072727+12:00,33.3,-36.855072,174.756909,1,True
esp32_device_001,2026-04-29T10:06:37.090909+12:00,33.3,-36.855233,174.756915,1,True
esp32_device_001,2026-04-29T10:06:37.109091+12:00,33.3,-36.855433,174.756903,1,True
esp32_device_001,2026-04-29T10:06:37.127273+12:00,33.4,-36.855606,174.756867,1,True
esp32_device_001,2026-04-29T10:06:37.145455+12:00,33.4,-36.855780,174.756822,1,True
esp32_device_001,2026-04-29T10:06:37.163636+12:00,33.4,-36.855987,174.756733,1,True
esp32_device_001,2026-04-29T10:06:37.181818+12:00,33.4,-36.856052,174.756704,1,True
esp32_device_001,2026-04-29T10:06:37.200000+12:00,33.4,-36.856114,174.756674,1,True
esp32_device_001,2026-04-29T10:06:37.218182+12:00,33.5,-36.856662,174.756378,1,True
esp32_device_001,2026-04-29T10:06:37.236364+12:00,33.5,-36.856885,174.756264,1,True
esp32_device_001,2026-04-29T10:06:37.254545+12:00,33.5,-36.856992,174.756204,1,True
esp32_device_001,2026-04-29T10:06:37.272727+12:00,33.5,-36.857105,174.756154,1,True
esp32_device_001,2026-04-29T10:06:37.290909+12:00,33.5,-36.857290,174.756092,1,True
esp32_device_001,2026-04-29T10:06:37.309091+12:00,33.6,-36.857383,174.756072,1,True
esp32_device_001,2026-04-29T10:06:37.327273+12:00,33.6,-36.857583,174.756042,1,True
esp32_device_001,2026-04-29T10:06:37.345455+12:00,33.6,-36.857852,174.756054,1,True
esp32_device_001,2026-04-29T10:06:37.363636+12:00,33.6,-36.858136,174.756104,1,True
esp32_device_001,2026-04-29T10:06:37.381818+12:00,33.7,-36.858465,174.756223,1,True
esp32_device_001,2026-04-29T10:06:37.400000+12:00,33.7,-36.859065,174.756475,1,True
esp32_device_001,2026-04-29T10:06:37.418182+12:00,33.7,-36.859294,174.756583,1,True
esp32_device_001,2026-04-29T10:06:37.436364+12:00,33.7,-36.859385,174.756630,1,True
esp32_device_001,2026-04-29T10:06:37.454545+12:00,33.7,-36.859462,174.756684,1,True
esp32_device_001,2026-04-29T10:06:37.472727+12:00,33.8,-36.859545,174.756747,1,True
esp32_device_001,2026-04-29T10:06:37.490909+12:00,33.8,-36.859610,174.756801,1,True
esp32_device_001,2026-04-29T10:06:37.509091+12:00,33.8,-36.859675,174.756867,1,True
esp32_device_001,2026-04-29T10:06:37.527273+12:00,33.8,-36.859752,174.756959,1,True
esp32_device_001,2026-04-29T10:06:37.545455+12:00,33.8,-36.859835,174.757065,1,True
esp32_device_001,2026-04-29T10:06:37.563636+12:00,33.9,-36.859877,174.757136,1,True
esp32_device_001,2026-04-29T10:06:37.581818+12:00,33.9,-36.859940,174.757249,1,True
esp32_device_001,2026-04-29T10:06:37.600000+12:00,33.9,-36.859990,174.757363,1,True
esp32_device_001,2026-04-29T10:06:37.618182+12:00,33.9,-36.860047,174.757514,1,True
esp32_device_001,2026-04-29T10:06:37.636364+12:00,34.0,-36.860078,174.757613,1,True
esp32_device_001,2026-04-29T10:06:37.654545+12:00,34.0,-36.860105,174.757718,1,True
esp32_device_001,2026-04-29T10:06:37.672727+12:00,34.0,-36.860126,174.757837,1,True
esp32_device_001,2026-04-29T10:06:37.690909+12:00,34.0,-36.860140,174.757971,1,True
esp32_device_001,2026-04-29T10:06:37.709091+12:00,34.0,-36.860148,174.758111,1,True
esp32_device_001,2026-04-29T10:06:37.727273+12:00,34.1,-36.860146,174.758248,1,True
esp32_device_001,2026-04-29T10:06:37.745455+12:00,34.1,-36.860144,174.758372,1,True
esp32_device_001,2026-04-29T10:06:37.763636+12:00,34.1,-36.860131,174.758495,1,True
esp32_device_001,2026-04-29T10:06:37.781818+12:00,34.1,-36.860110,174.758646,1,True
esp32_device_001,2026-04-29T10:06:37.800000+12:00,34.1,-36.860020,174.759032,1,True
esp32_device_001,2026-04-29T10:06:37.818182+12:00,34.2,-36.859983,174.759188,1,True
esp32_device_001,2026-04-29T10:06:37.836364+12:00,34.2,-36.859954,174.759354,1,True
esp32_device_001,2026-04-29T10:06:37.854545+12:00,34.2,-36.859936,174.759478,1,True
esp32_device_001,2026-04-29T10:06:37.872727+12:00,34.2,-36.859923,174.759612,1,True
esp32_device_001,2026-04-29T10:06:37.890909+12:00,34.3,-36.859914,174.759764,1,True
esp32_device_001,2026-04-29T10:06:37.909091+12:00,34.3,-36.859919,174.759990,1,True
esp32_device_001,2026-04-29T10:06:37.927273+12:00,34.3,-36.859925,174.760120,1,True
esp32_device_001,2026-04-29T10:06:37.945455+12:00,34.3,-36.859942,174.760296,1,True
esp32_device_001,2026-04-29T10:06:37.963636+12:00,34.3,-36.859975,174.760444,1,True
esp32_device_001,2026-04-29T10:06:37.981818+12:00,34.4,-36.860024,174.760694,1,True
esp32_device_001,2026-04-29T10:06:38+12:00,34.4,-36.860080,174.760902,1,True
esp32_device_001,2026-04-29T10:06:38.018182+12:00,34.4,-36.860147,174.761117,1,True
esp32_device_001,2026-04-29T10:06:38.036364+12:00,34.4,-36.860196,174.761312,1,True
esp32_device_001,2026-04-29T10:06:38.054545+12:00,34.4,-36.860303,174.761585,1,True
esp32_device_001,2026-04-29T10:06:38.072727+12:00,34.5,-36.860486,174.762040,1,True
esp32_device_001,2026-04-29T10:06:38.090909+12:00,34.5,-36.860544,174.762186,1,True
esp32_device_001,2026-04-29T10:06:38.109091+12:00,34.5,-36.860639,174.762536,1,True
esp32_device_001,2026-04-29T10:06:38.127273+12:00,34.5,-36.860688,174.762749,1,True
esp32_device_001,2026-04-29T10:06:38.145455+12:00,34.6,-36.860728,174.762967,1,True
esp32_device_001,2026-04-29T10:06:38.163636+12:00,34.6,-36.860762,174.763248,1,True
esp32_device_001,2026-04-29T10:06:38.181818+12:00,34.6,-36.860773,174.763491,1,True
esp32_device_001,2026-04-29T10:06:38.200000+12:00,34.6,-36.860780,174.763632,1,True
esp32_device_001,2026-04-29T10:06:38.218182+12:00,34.6,-36.860776,174.763811,1,True
esp32_device_001,2026-04-29T10:06:38.236364+12:00,34.7,-36.860768,174.763976,1,True
esp32_device_001,2026-04-29T10:06:38.254545+12:00,34.7,-36.860747,174.764117,1,True
esp32_device_001,2026-04-29T10:06:38.272727+12:00,34.7,-36.860721,174.764260,1,True
esp32_device_001,2026-04-29T10:06:38.290909+12:00,34.7,-36.860690,174.764404,1,True
esp32_device_001,2026-04-29T10:06:38.309091+12:00,34.7,-36.860607,174.764691,1,True
esp32_device_001,2026-04-29T10:06:38.327273+12:00,34.8,-36.860504,174.764980,1,True
esp32_device_001,2026-04-29T10:06:38.345455+12:00,34.8,-36.860398,174.765178,1,True
esp32_device_001,2026-04-29T10:06:38.363636+12:00,34.8,-36.860286,174.765365,1,True
esp32_device_001,2026-04-29T10:06:38.381818+12:00,34.8,-36.860156,174.765564,1,True
esp32_device_001,2026-04-29T10:06:38.400000+12:00,34.9,-36.860015,174.765738,1,True
esp32_device_001,2026-04-29T10:06:38.418182+12:00,34.9,-36.859893,174.765877,1,True
esp32_device_001,2026-04-29T10:06:38.436364+12:00,34.9,-36.859749,174.766013,1,True
esp32_device_001,2026-04-29T10:06:38.454545+12:00,34.9,-36.859571,174.766154,1,True
esp32_device_001,2026-04-29T10:06:38.472727+12:00,34.9,-36.859327,174.766317,1,True
esp32_device_001,2026-04-29T10:06:38.490909+12:00,35.0,-36.858796,174.766636,1,True
esp32_device_001,2026-04-29T10:06:38.509091+12:00,35.0,-36.858412,174.766834,1,True
esp32_device_001,2026-04-29T10:06:38.527273+12:00,35.0,-36.858044,174.767045,1,True
esp32_device_001,2026-04-29T10:06:38.545455+12:00,35.0,-36.857745,174.767256,1,True
esp32_device_001,2026-04-29T10:06:38.563636+12:00,35.0,-36.856838,174.767827,1,True
esp32_device_001,2026-04-29T10:06:38.581818+12:00,35.1,-36.856543,174.768038,1,True
esp32_device_001,2026-04-29T10:06:38.600000+12:00,35.1,-36.855863,174.768548,1,True
esp32_device_001,2026-04-29T10:06:38.618182+12:00,35.1,-36.855170,174.769169,1,True
esp32_device_001,2026-04-29T10:06:38.636364+12:00,35.1,-36.855067,174.769261,1,True
esp32_device_001,2026-04-29T10:06:38.654545+12:00,35.2,-36.854996,174.769343,1,True
esp32_device_001,2026-04-29T10:06:38.672727+12:00,35.2,-36.855118,174.769453,1,True
esp32_device_001,2026-04-29T10:06:38.690909+12:00,35.2,-36.855199,174.769518,1,True
esp32_device_001,2026-04-29T10:06:38.709091+12:00,35.2,-36.855290,174.769584,1,True
esp32_device_001,2026-04-29T10:06:38.727273+12:00,35.2,-36.855406,174.769664,1,True
esp32_device_001,2026-04-29T10:06:38.745455+12:00,35.3,-36.855550,174.769603,1,True
esp32_device_001,2026-04-29T10:06:38.763636+12:00,35.3,-36.855755,174.769403,1,True
esp32_device_001,2026-04-29T10:06:38.781818+12:00,35.3,-36.855849,174.769309,1,True
esp32_device_001,2026-04-29T10:06:38.800000+12:00,35.3,-36.856041,174.769121,1,True
esp32_device_001,2026-04-29T10:06:38.818182+12:00,35.3,-36.856234,174.768944,1,True
esp32_device_001,2026-04-29T10:06:38.836364+12:00,35.4,-36.856496,174.768724,1,True
esp32_device_001,2026-04-29T10:06:38.854545+12:00,35.4,-36.856764,174.768524,1,True
esp32_device_001,2026-04-29T10:06:38.872727+12:00,35.4,-36.857324,174.768105,1,True
esp32_device_001,2026-04-29T10:06:38.890909+12:00,35.4,-36.859310,174.766634,1,True
esp32_device_001,2026-04-29T10:06:38.909091+12:00,35.5,-36.859688,174.766384,1,True
esp32_device_001,2026-04-29T10:06:38.927273+12:00,35.5,-36.859920,174.766173,1,True
esp32_device_001,2026-04-29T10:06:38.945455+12:00,35.5,-36.860157,174.765929,1,True
esp32_device_001,2026-04-29T10:06:38.963636+12:00,35.5,-36.860307,174.765752,1,True
esp32_device_001,2026-04-29T10:06:38.981818+12:00,35.5,-36.860450,174.765545,1,True
esp32_device_001,2026-04-29T10:06:39+12:00,35.6,-36.860588,174.765303,1,True
esp32_device_001,2026-04-29T10:06:39.018182+12:00,35.6,-36.860716,174.765033,1,True
esp32_device_001,2026-04-29T10:06:39.036364+12:00,35.6,-36.860812,174.764757,1,True
esp32_device_001,2026-04-29T10:06:39.054545+12:00,35.6,-36.860861,174.764564,1,True
esp32_device_001,2026-04-29T10:06:39.072727+12:00,35.6,-36.860893,174.764448,1,True
esp32_device_001,2026-04-29T10:06:39.090909+12:00,35.7,-36.860922,174.764289,1,True
esp32_device_001,2026-04-29T10:06:39.109091+12:00,35.7,-36.860940,174.764154,1,True
esp32_device_001,2026-04-29T10:06:39.127273+12:00,35.7,-36.860951,174.764005,1,True
esp32_device_001,2026-04-29T10:06:39.145455+12:00,35.7,-36.860962,174.763840,1,True
esp32_device_001,2026-04-29T10:06:39.163636+12:00,35.8,-36.860963,174.763568,1,True
esp32_device_001,2026-04-29T10:06:39.181818+12:00,35.8,-36.860947,174.763385,1,True
esp32_device_001,2026-04-29T10:06:39.200000+12:00,35.8,-36.860910,174.763147,1,True
esp32_device_001,2026-04-29T10:06:39.218182+12:00,35.8,-36.860870,174.762878,1,True
esp32_device_001,2026-04-29T10:06:39.236364+12:00,35.8,-36.860809,174.762622,1,True
esp32_device_001,2026-04-29T10:06:39.254545+12:00,35.9,-36.860735,174.762388,1,True
esp32_device_001,2026-04-29T10:06:39.272727+12:00,35.9,-36.860543,174.761888,1,True
esp32_device_001,2026-04-29T10:06:39.290909+12:00,35.9,-36.860473,174.761706,1,True
esp32_device_001,2026-04-29T10:06:39.309091+12:00,35.9,-36.860275,174.761204,1,True
esp32_device_001,2026-04-29T10:06:39.327273+12:00,35.9,-36.860205,174.761007,1,True
esp32_device_001,2026-04-29T10:06:39.345455+12:00,36.0,-36.860162,174.760861,1,True
esp32_device_001,2026-04-29T10:06:39.363636+12:00,36.0,-36.860074,174.760531,1,True
esp32_device_001,2026-04-29T10:06:39.381818+12:00,36.0,-36.860054,174.760429,1,True
esp32_device_001,2026-04-29T10:06:39.400000+12:00,36.0,-36.860036,174.760315,1,True
esp32_device_001,2026-04-29T10:06:39.418182+12:00,36.1,-36.860019,174.760162,1,True
esp32_device_001,2026-04-29T10:06:39.436364+12:00,36.1,-36.860011,174.760025,1,True
esp32_device_001,2026-04-29T10:06:39.454545+12:00,36.1,-36.860011,174.759832,1,True
esp32_device_001,2026-04-29T10:06:39.472727+12:00,36.1,-36.860015,174.759643,1,True
esp32_device_001,2026-04-29T10:06:39.490909+12:00,36.1,-36.860033,174.759459,1,True
esp32_device_001,2026-04-29T10:06:39.509091+12:00,36.2,-36.860067,174.759252,1,True
esp32_device_001,2026-04-29T10:06:39.527273+12:00,36.2,-36.860103,174.759080,1,True
esp32_device_001,2026-04-29T10:06:39.545455+12:00,36.2,-36.860148,174.758888,1,True
esp32_device_001,2026-04-29T10:06:39.563636+12:00,36.2,-36.860180,174.758760,1,True
esp32_device_001,2026-04-29T10:06:39.581818+12:00,36.2,-36.860210,174.758605,1,True
esp32_device_001,2026-04-29T10:06:39.600000+12:00,36.3,-36.860251,174.758392,1,True
esp32_device_001,2026-04-29T10:06:39.618182+12:00,36.3,-36.860258,174.758298,1,True
esp32_device_001,2026-04-29T10:06:39.636364+12:00,36.3,-36.860263,174.758230,1,True
esp32_device_001,2026-04-29T10:06:39.654545+12:00,36.3,-36.860265,174.758124,1,True
esp32_device_001,2026-04-29T10:06:39.672727+12:00,36.4,-36.860261,174.757985,1,True
esp32_device_001,2026-04-29T10:06:39.690909+12:00,36.4,-36.860249,174.757863,1,True
esp32_device_001,2026-04-29T10:06:39.709091+12:00,36.4,-36.860236,174.757763,1,True
esp32_device_001,2026-04-29T10:06:39.727273+12:00,36.4,-36.860213,174.757632,1,True
esp32_device_001,2026-04-29T10:06:39.745455+12:00,36.4,-36.860183,174.757521,1,True
esp32_device_001,2026-04-29T10:06:39.763636+12:00,36.5,-36.860159,174.757442,1,True
esp32_device_001,2026-04-29T10:06:39.781818+12:00,36.5,-36.860122,174.757328,1,True
esp32_device_001,2026-04-29T10:06:39.800000+12:00,36.5,-36.860071,174.757208,1,True
esp32_device_001,2026-04-29T10:06:39.818182+12:00,36.5,-36.860025,174.757114,1,True
esp32_device_001,2026-04-29T10:06:39.836364+12:00,36.5,-36.859977,174.757022,1,True
esp32_device_001,2026-04-29T10:06:39.854545+12:00,36.6,-36.859933,174.756952,1,True
esp32_device_001,2026-04-29T10:06:39.872727+12:00,36.6,-36.859878,174.756866,1,True
esp32_device_001,2026-04-29T10:06:39.890909+12:00,36.6,-36.859818,174.756789,1,True
esp32_device_001,2026-04-29T10:06:39.909091+12:00,36.6,-36.859751,174.756710,1,True
esp32_device_001,2026-04-29T10:06:39.927273+12:00,36.7,-36.859701,174.756655,1,True
esp32_device_001,2026-04-29T10:06:39.945455+12:00,36.7,-36.859657,174.756612,1,True
esp32_device_001,2026-04-29T10:06:39.963636+12:00,36.7,-36.859524,174.756504,1,True
esp32_device_001,2026-04-29T10:06:39.981818+12:00,36.7,-36.859407,174.756427,1,True
esp32_device_001,2026-04-29T10:06:40+12:00,36.7,-36.859285,174.756354,1,True
esp32_device_001,2026-04-29T10:06:40.018182+12:00,36.8,-36.859010,174.756208,1,True
esp32_device_001,2026-04-29T10:06:40.036364+12:00,36.8,-36.858578,174.755991,1,True
esp32_device_001,2026-04-29T10:06:40.054545+12:00,36.8,-36.858017,174.755688,1,True
esp32_device_001,2026-04-29T10:06:40.072727+12:00,36.8,-36.857811,174.755607,1,True
esp32_device_001,2026-04-29T10:06:40.090909+12:00,36.8,-36.857687,174.755564,1,True
esp32_device_001,2026-04-29T10:06:40.109091+12:00,36.9,-36.857546,174.755525,1,True
esp32_device_001,2026-04-29T10:06:40.127273+12:00,36.9,-36.857425,174.755498,1,True
esp32_device_001,2026-04-29T10:06:40.145455+12:00,36.9,-36.857320,174.755479,1,True
esp32_device_001,2026-04-29T10:06:40.163636+12:00,36.9,-36.857147,174.755461,1,True
esp32_device_001,2026-04-29T10:06:40.181818+12:00,37.0,-36.857054,174.755456,1,True
esp32_device_001,2026-04-29T10:06:40.200000+12:00,37.0,-36.856969,174.755455,1,True
esp32_device_001,2026-04-29T10:06:40.218182+12:00,37.0,-36.856836,174.755462,1,True
esp32_device_001,2026-04-29T10:06:40.236364+12:00,37.0,-36.856750,174.755472,1,True
esp32_device_001,2026-04-29T10:06:40.254545+12:00,37.0,-36.856666,174.755483,1,True
esp32_device_001,2026-04-29T10:06:40.272727+12:00,37.1,-36.856572,174.755499,1,True
esp32_device_001,2026-04-29T10:06:40.290909+12:00,37.1,-36.856475,174.755521,1,True
esp32_device_001,2026-04-29T10:06:40.309091+12:00,37.1,-36.856386,174.755546,1,True
esp32_device_001,2026-04-29T10:06:40.327273+12:00,37.1,-36.856274,174.755578,1,True
esp32_device_001,2026-04-29T10:06:40.345455+12:00,37.1,-36.856192,174.755612,1,True
esp32_device_001,2026-04-29T10:06:40.363636+12:00,37.2,-36.856118,174.755641,1,True
esp32_device_001,2026-04-29T10:06:40.381818+12:00,37.2,-36.856043,174.755675,1,True
esp32_device_001,2026-04-29T10:06:40.400000+12:00,37.2,-36.855950,174.755720,1,True
esp32_device_001,2026-04-29T10:06:40.418182+12:00,37.2,-36.855905,174.755743,1,True
esp32_device_001,2026-04-29T10:06:40.436364+12:00,37.3,-36.855798,174.755807,1,True
esp32_device_001,2026-04-29T10:06:40.454545+12:00,37.3,-36.855698,174.755869,1,True
esp32_device_001,2026-04-29T10:06:40.472727+12:00,37.3,-36.855570,174.755950,1,True
esp32_device_001,2026-04-29T10:06:40.490909+12:00,37.3,-36.855490,174.756005,1,True
esp32_device_001,2026-04-29T10:06:40.509091+12:00,37.3,-36.855289,174.756122,1,True
esp32_device_001,2026-04-29T10:06:40.527273+12:00,37.4,-36.855085,174.756213,1,True
esp32_device_001,2026-04-29T10:06:40.545455+12:00,37.4,-36.854887,174.756280,1,True
esp32_device_001,2026-04-29T10:06:40.563636+12:00,37.4,-36.854733,174.756304,1,True
esp32_device_001,2026-04-29T10:06:40.581818+12:00,37.4,-36.854559,174.756318,1,True
esp32_device_001,2026-04-29T10:06:40.600000+12:00,37.4,-36.854245,174.756288,1,True
esp32_device_001,2026-04-29T10:06:40.618182+12:00,37.5,-36.853952,174.756205,1,True
esp32_device_001,2026-04-29T10:06:40.636364+12:00,37.5,-36.853741,174.756103,1,True
esp32_device_001,2026-04-29T10:06:40.654545+12:00,37.5,-36.853247,174.755746,1,True
esp32_device_001,2026-04-29T10:06:40.672727+12:00,37.5,-36.853073,174.755671,1,True
esp32_device_001,2026-04-29T10:06:40.690909+12:00,37.6,-36.852346,174.755067,1,True
esp32_device_001,2026-04-29T10:06:40.709091+12:00,37.6,-36.851708,174.754528,1,True
esp32_device_001,2026-04-29T10:06:40.727273+12:00,37.6,-36.851289,174.754184,1,True
esp32_device_001,2026-04-29T10:06:40.745455+12:00,37.6,-36.850997,174.753974,1,True
esp32_device_001,2026-04-29T10:06:40.763636+12:00,37.6,-36.850728,174.753797,1,True
esp32_device_001,2026-04-29T10:06:40.781818+12:00,37.7,-36.850494,174.753659,1,True
esp32_device_001,2026-04-29T10:06:40.800000+12:00,37.7,-36.850247,174.753520,1,True
esp32_device_001,2026-04-29T10:06:40.818182+12:00,37.7,-36.849933,174.753372,1,True
esp32_device_001,2026-04-29T10:06:40.836364+12:00,37.7,-36.849666,174.753256,1,True
esp32_device_001,2026-04-29T10:06:40.854545+12:00,37.7,-36.849471,174.753189,1,True
esp32_device_001,2026-04-29T10:06:40.872727+12:00,37.8,-36.849178,174.753084,1,True
esp32_device_001,2026-04-29T10:06:40.890909+12:00,37.8,-36.848722,174.752970,1,True
esp32_device_001,2026-04-29T10:06:40.909091+12:00,37.8,-36.848042,174.752829,1,True
esp32_device_001,2026-04-29T10:06:40.927273+12:00,37.8,-36.847755,174.752783,1,True
esp32_device_001,2026-04-29T10:06:40.945455+12:00,37.9,-36.846926,174.752773,1,True
esp32_device_001,2026-04-29T10:06:40.963636+12:00,37.9,-36.846464,174.752760,1,True
esp32_device_001,2026-04-29T10:06:40.981818+12:00,37.9,-36.846181,174.752705,1,True
esp32_device_001,2026-04-29T10:06:41+12:00,37.9,-36.845854,174.752600,1,True
esp32_device_001,2026-04-29T10:06:41.018182+12:00,37.9,-36.845555,174.752463,1,True
esp32_device_001,2026-04-29T10:06:41.036364+12:00,38.0,-36.845360,174.752324,1,True
esp32_device_001,2026-04-29T10:06:41.054545+12:00,38.0,-36.845189,174.752176,1,True
esp32_device_001,2026-04-29T10:06:41.072727+12:00,38.0,-36.845032,174.752036,1,True
esp32_device_001,2026-04-29T10:06:41.090909+12:00,38.0,-36.844864,174.751870,1,True
esp32_device_001,2026-04-29T10:06:41.109091+12:00,38.0,-36.844810,174.751801,1,True
esp32_device_001,2026-04-29T10:06:41.127273+12:00,38.1,-36.844679,174.751620,1,True
esp32_device_001,2026-04-29T10:06:41.145455+12:00,38.1,-36.844285,174.751033,1,True
esp32_device_001,2026-04-29T10:06:41.163636+12:00,38.1,-36.844224,174.750936,1,True
esp32_device_001,2026-04-29T10:06:41.181818+12:00,38.1,-36.844116,174.750763,1,True
esp32_device_001,2026-04-29T10:06:41.200000+12:00,38.2,-36.844077,174.750702,1,True
esp32_device_001,2026-04-29T10:06:41.218182+12:00,38.2,-36.843710,174.750122,1,True
esp32_device_001,2026-04-29T10:06:41.236364+12:00,38.2,-36.843548,174.749847,1,True
esp32_device_001,2026-04-29T10:06:41.254545+12:00,38.2,-36.843400,174.749567,1,True
esp32_device_001,2026-04-29T10:06:41.272727+12:00,38.2,-36.843300,174.749352,1,True
esp32_device_001,2026-04-29T10:06:41.290909+12:00,38.3,-36.843227,174.749173,1,True
esp32_device_001,2026-04-29T10:06:41.309091+12:00,38.3,-36.843123,174.748885,1,True
esp32_device_001,2026-04-29T10:06:41.327273+12:00,38.3,-36.843030,174.748573,1,True
esp32_device_001,2026-04-29T10:06:41.345455+12:00,38.3,-36.842935,174.748167,1,True
esp32_device_001,2026-04-29T10:06:41.363636+12:00,38.3,-36.842865,174.747799,1,True
esp32_device_001,2026-04-29T10:06:41.381818+12:00,38.4,-36.842773,174.747381,1,True
esp32_device_001,2026-04-29T10:06:41.400000+12:00,38.4,-36.842693,174.747053,1,True
esp32_device_001,2026-04-29T10:06:41.418182+12:00,38.4,-36.842608,174.746768,1,True
esp32_device_001,2026-04-29T10:06:41.436364+12:00,38.4,-36.842466,174.746452,1,True
esp32_device_001,2026-04-29T10:06:41.454545+12:00,38.5,-36.842349,174.746259,1,True
esp32_device_001,2026-04-29T10:06:41.472727+12:00,38.5,-36.842209,174.746059,1,True
esp32_device_001,2026-04-29T10:06:41.490909+12:00,38.5,-36.842029,174.745863,1,True
esp32_device_001,2026-04-29T10:06:41.509091+12:00,38.5,-36.841876,174.745727,1,True
esp32_device_001,2026-04-29T10:06:41.527273+12:00,38.5,-36.841724,174.745614,1,True
esp32_device_001,2026-04-29T10:06:41.545455+12:00,38.6,-36.841561,174.745498,1,True
esp32_device_001,2026-04-29T10:06:41.563636+12:00,38.6,-36.841321,174.745351,1,True
esp32_device_001,2026-04-29T10:06:41.581818+12:00,38.6,-36.841084,174.745198,1,True
esp32_device_001,2026-04-29T10:06:41.600000+12:00,38.6,-36.840870,174.745030,1,True
esp32_device_001,2026-04-29T10:06:41.618182+12:00,38.6,-36.840718,174.744879,1,True
esp32_device_001,2026-04-29T10:06:41.636364+12:00,38.7,-36.840585,174.744715,1,True
esp32_device_001,2026-04-29T10:06:41.654545+12:00,38.7,-36.840475,174.744560,1,True
esp32_device_001,2026-04-29T10:06:41.672727+12:00,38.7,-36.840307,174.744291,1,True
esp32_device_001,2026-04-29T10:06:41.690909+12:00,38.7,-36.840088,174.743925,1,True
esp32_device_001,2026-04-29T10:06:41.709091+12:00,38.8,-36.839600,174.743116,1,True
esp32_device_001,2026-04-29T10:06:41.727273+12:00,38.8,-36.839387,174.742783,1,True
esp32_device_001,2026-04-29T10:06:41.745455+12:00,38.8,-36.839206,174.742508,1,True
esp32_device_001,2026-04-29T10:06:41.763636+12:00,38.8,-36.839021,174.742257,1,True
esp32_device_001,2026-04-29T10:06:41.781818+12:00,38.8,-36.838821,174.742046,1,True
esp32_device_001,2026-04-29T10:06:41.800000+12:00,38.9,-36.838623,174.741867,1,True
esp32_device_001,2026-04-29T10:06:41.818182+12:00,38.9,-36.838468,174.741750,1,True
esp32_device_001,2026-04-29T10:06:41.836364+12:00,38.9,-36.838348,174.741680,1,True
esp32_device_001,2026-04-29T10:06:41.854545+12:00,38.9,-36.838227,174.741622,1,True
esp32_device_001,2026-04-29T10:06:41.872727+12:00,38.9,-36.837949,174.741503,1,True
esp32_device_001,2026-04-29T10:06:41.890909+12:00,39.0,-36.837715,174.741437,1,True
esp32_device_001,2026-04-29T10:06:41.909091+12:00,39.0,-36.837560,174.741424,1,True
esp32_device_001,2026-04-29T10:06:41.927273+12:00,39.0,-36.837405,174.741423,1,True
esp32_device_001,2026-04-29T10:06:41.945455+12:00,39.0,-36.837296,174.741430,1,True
esp32_device_001,2026-04-29T10:06:41.963636+12:00,39.1,-36.837010,174.741401,1,True
esp32_device_001,2026-04-29T10:06:41.981818+12:00,39.1,-36.836787,174.741472,1,True
esp32_device_001,2026-04-29T10:06:42+12:00,39.1,-36.836424,174.741650,1,True
esp32_device_001,2026-04-29T10:06:42.018182+12:00,39.1,-36.836258,174.741753,1,True
esp32_device_001,2026-04-29T10:06:42.036364+12:00,39.1,-36.836146,174.741838,1,True
esp32_device_001,2026-04-29T10:06:42.054545+12:00,39.2,-36.835594,174.742220,1,True
esp32_device_001,2026-04-29T10:06:42.072727+12:00,39.2,-36.830755,174.745413,1,True
esp32_device_001,2026-04-29T10:06:42.090909+12:00,39.2,-36.830090,174.745851,1,True
esp32_device_001,2026-04-29T10:06:42.109091+12:00,39.2,-36.829482,174.746253,1,True
esp32_device_001,2026-04-29T10:06:42.127273+12:00,39.3,-36.829127,174.746487,1,True
esp32_device_001,2026-04-29T10:06:42.145455+12:00,39.3,-36.828740,174.746742,1,True
esp32_device_001,2026-04-29T10:06:42.163636+12:00,39.3,-36.828163,174.747123,1,True
esp32_device_001,2026-04-29T10:06:42.181818+12:00,39.3,-36.827631,174.747475,1,True
esp32_device_001,2026-04-29T10:06:42.200000+12:00,39.3,-36.826833,174.748001,1,True
esp32_device_001,2026-04-29T10:06:42.218182+12:00,39.4,-36.824432,174.749586,1,True
esp32_device_001,2026-04-29T10:06:42.236364+12:00,39.4,-36.824211,174.749724,1,True
esp32_device_001,2026-04-29T10:06:42.254545+12:00,39.4,-36.823995,174.749847,1,True
esp32_device_001,2026-04-29T10:06:42.272727+12:00,39.4,-36.823771,174.749967,1,True
esp32_device_001,2026-04-29T10:06:42.290909+12:00,39.4,-36.823542,174.750062,1,True
esp32_device_001,2026-04-29T10:06:42.309091+12:00,39.5,-36.823312,174.750135,1,True
esp32_device_001,2026-04-29T10:06:42.327273+12:00,39.5,-36.823081,174.750180,1,True
esp32_device_001,2026-04-29T10:06:42.345455+12:00,39.5,-36.822927,174.750192,1,True
esp32_device_001,2026-04-29T10:06:42.363636+12:00,39.5,-36.822769,174.750200,1,True
esp32_device_001,2026-04-29T10:06:42.381818+12:00,39.6,-36.822492,174.750187,1,True
esp32_device_001,2026-04-29T10:06:42.400000+12:00,39.6,-36.822253,174.750154,1,True
esp32_device_001,2026-04-29T10:06:42.418182+12:00,39.6,-36.821995,174.750106,1,True
esp32_device_001,2026-04-29T10:06:42.436364+12:00,39.6,-36.821823,174.750061,1,True
esp32_device_001,2026-04-29T10:06:42.454545+12:00,39.6,-36.821467,174.749972,1,True
esp32_device_001,2026-04-29T10:06:42.472727+12:00,39.7,-36.821111,174.749881,1,True
esp32_device_001,2026-04-29T10:06:42.490909+12:00,39.7,-36.820760,174.749773,1,True
esp32_device_001,2026-04-29T10:06:42.509091+12:00,39.7,-36.820583,174.749712,1,True
esp32_device_001,2026-04-29T10:06:42.527273+12:00,39.7,-36.820231,174.749649,1,True
esp32_device_001,2026-04-29T10:06:42.545455+12:00,39.7,-36.820038,174.749665,1,True
esp32_device_001,2026-04-29T10:06:42.563636+12:00,39.8,-36.819778,174.749724,1,True
esp32_device_001,2026-04-29T10:06:42.581818+12:00,39.8,-36.819614,174.749728,1,True
esp32_device_001,2026-04-29T10:06:42.600000+12:00,39.8,-36.819433,174.749739,1,True
esp32_device_001,2026-04-29T10:06:42.618182+12:00,39.8,-36.819249,174.749763,1,True
esp32_device_001,2026-04-29T10:06:42.636364+12:00,39.9,-36.818987,174.749815,1,True
esp32_device_001,2026-04-29T10:06:42.654545+12:00,39.9,-36.818645,174.749910,1,True
esp32_device_001,2026-04-29T10:06:42.672727+12:00,39.9,-36.818194,174.750041,1,True
esp32_device_001,2026-04-29T10:06:42.690909+12:00,39.9,-36.817640,174.750207,1,True
esp32_device_001,2026-04-29T10:06:42.709091+12:00,39.9,-36.816495,174.750540,1,True
esp32_device_001,2026-04-29T10:06:42.727273+12:00,40.0,-36.816217,174.750624,1,True
esp32_device_001,2026-04-29T10:06:42.745455+12:00,40.0,-36.816019,174.750683,1,True
esp32_device_001,2026-04-29T10:06:42.763636+12:00,40.0,-36.815759,174.750780,1,True
esp32_device_001,2026-04-29T10:06:42.781818+12:00,40.0,-36.815105,174.750955,1,True
esp32_device_001,2026-04-29T10:06:42.800000+12:00,40.0,-36.814856,174.751106,1,True
esp32_device_001,2026-04-29T10:06:42.818182+12:00,40.1,-36.814652,174.751246,1,True
esp32_device_001,2026-04-29T10:06:42.836364+12:00,40.1,-36.814431,174.751376,1,True
esp32_device_001,2026-04-29T10:06:42.854545+12:00,40.1,-36.814243,174.751454,1,True
esp32_device_001,2026-04-29T10:06:42.872727+12:00,40.1,-36.814082,174.751502,1,True
esp32_device_001,2026-04-29T10:06:42.890909+12:00,40.2,-36.814007,174.751521,1,True
esp32_device_001,2026-04-29T10:06:42.909091+12:00,40.2,-36.813923,174.751533,1,True
esp32_device_001,2026-04-29T10:06:42.927273+12:00,40.2,-36.813855,174.751539,1,True
esp32_device_001,2026-04-29T10:06:42.945455+12:00,40.2,-36.813773,174.751540,1,True
esp32_device_001,2026-04-29T10:06:42.963636+12:00,40.2,-36.813697,174.751535,1,True
esp32_device_001,2026-04-29T10:06:42.981818+12:00,40.3,-36.813587,174.751517,1,True
esp32_device_001,2026-04-29T10:06:43+12:00,40.3,-36.813494,174.751495,1,True
esp32_device_001,2026-04-29T10:06:43.018182+12:00,40.3,-36.813395,174.751460,1,True
esp32_device_001,2026-04-29T10:06:43.036364+12:00,40.3,-36.813339,174.751435,1,True
esp32_device_001,2026-04-29T10:06:43.054545+12:00,40.3,-36.812931,174.751245,1,True
esp32_device_001,2026-04-29T10:06:43.072727+12:00,40.4,-36.812769,174.751182,1,True
esp32_device_001,2026-04-29T10:06:43.090909+12:00,40.4,-36.812581,174.751064,1,True
esp32_device_001,2026-04-29T10:06:43.109091+12:00,40.4,-36.812497,174.751007,1,True
esp32_device_001,2026-04-29T10:06:43.127273+12:00,40.4,-36.812413,174.750951,1,True
esp32_device_001,2026-04-29T10:06:43.145455+12:00,40.5,-36.812369,174.750920,1,True
esp32_device_001,2026-04-29T10:06:43.163636+12:00,40.5,-36.812318,174.750895,1,True
esp32_device_001,2026-04-29T10:06:43.181818+12:00,40.5,-36.812294,174.750898,1,True
esp32_device_001,2026-04-29T10:06:43.200000+12:00,40.5,-36.812269,174.750907,1,True
esp32_device_001,2026-04-29T10:06:43.218182+12:00,40.5,-36.812247,174.750922,1,True
esp32_device_001,2026-04-29T10:06:43.236364+12:00,40.6,-36.812230,174.750940,1,True
esp32_device_001,2026-04-29T10:06:43.254545+12:00,40.6,-36.812214,174.750965,1,True
esp32_device_001,2026-04-29T10:06:43.272727+12:00,40.6,-36.812198,174.751007,1,True
esp32_device_001,2026-04-29T10:06:43.290909+12:00,40.6,-36.812195,174.751089,1,True
esp32_device_001,2026-04-29T10:06:43.309091+12:00,40.6,-36.812193,174.751164,1,True
esp32_device_001,2026-04-29T10:06:43.327273+12:00,40.7,-36.812201,174.751359,1,True
esp32_device_001,2026-04-29T10:06:43.345455+12:00,40.7,-36.812201,174.751461,1,True
esp32_device_001,2026-04-29T10:06:43.363636+12:00,40.7,-36.812196,174.751561,1,True
esp32_device_001,2026-04-29T10:06:43.381818+12:00,40.7,-36.812185,174.751681,1,True
esp32_device_001,2026-04-29T10:06:43.400000+12:00,40.8,-36.812172,174.751783,1,True
esp32_device_001,2026-04-29T10:06:43.418182+12:00,40.8,-36.812155,174.751875,1,True
esp32_device_001,2026-04-29T10:06:43.436364+12:00,40.8,-36.812131,174.751984,1,True
esp32_device_001,2026-04-29T10:06:43.454545+12:00,40.8,-36.812104,174.752092,1,True
esp32_device_001,2026-04-29T10:06:43.472727+12:00,40.8,-36.812045,174.752277,1,True
esp32_device_001,2026-04-29T10:06:43.490909+12:00,40.9,-36.811977,174.752479,1,True
esp32_device_001,2026-04-29T10:06:43.509091+12:00,40.9,-36.811908,174.752680,1,True
esp32_device_001,2026-04-29T10:06:43.527273+12:00,40.9,-36.811866,174.752816,1,True
esp32_device_001,2026-04-29T10:06:43.545455+12:00,40.9,-36.811841,174.752927,1,True
esp32_device_001,2026-04-29T10:06:43.563636+12:00,40.9,-36.811825,174.753035,1,True
esp32_device_001,2026-04-29T10:06:43.581818+12:00,41.0,-36.811819,174.753157,1,True
esp32_device_001,2026-04-29T10:06:43.600000+12:00,41.0,-36.811820,174.753260,1,True
esp32_device_001,2026-04-29T10:06:43.618182+12:00,41.0,-36.811824,174.753319,1,True
esp32_device_001,2026-04-29T10:06:43.636364+12:00,41.0,-36.811841,174.753417,1,True
esp32_device_001,2026-04-29T10:06:43.654545+12:00,41.1,-36.811861,174.753512,1,True
esp32_device_001,2026-04-29T10:06:43.672727+12:00,41.1,-36.811883,174.753600,1,True
esp32_device_001,2026-04-29T10:06:43.690909+12:00,41.1,-36.811913,174.753685,1,True
esp32_device_001,2026-04-29T10:06:43.709091+12:00,41.1,-36.811949,174.753759,1,True
esp32_device_001,2026-04-29T10:06:43.727273+12:00,41.1,-36.811984,174.753837,1,True
esp32_device_001,2026-04-29T10:06:43.745455+12:00,41.2,-36.812021,174.753898,1,True
esp32_device_001,2026-04-29T10:06:43.763636+12:00,41.2,-36.812071,174.753968,1,True
esp32_device_001,2026-04-29T10:06:43.781818+12:00,41.2,-36.812135,174.754044,1,True
esp32_device_001,2026-04-29T10:06:43.800000+12:00,41.2,-36.812190,174.754103,1,True
esp32_device_001,2026-04-29T10:06:43.818182+12:00,41.2,-36.812232,174.754140,1,True
esp32_device_001,2026-04-29T10:06:43.836364+12:00,41.3,-36.812287,174.754181,1,True
esp32_device_001,2026-04-29T10:06:43.854545+12:00,41.3,-36.812400,174.754245,1,True
esp32_device_001,2026-04-29T10:06:43.872727+12:00,41.3,-36.812471,174.754271,1,True
esp32_device_001,2026-04-29T10:06:43.890909+12:00,41.3,-36.812551,174.754297,1,True
esp32_device_001,2026-04-29T10:06:43.909091+12:00,41.4,-36.812622,174.754309,1,True
esp32_device_001,2026-04-29T10:06:43.927273+12:00,41.4,-36.812688,174.754314,1,True
esp32_device_001,2026-04-29T10:06:43.945455+12:00,41.4,-36.812738,174.754313,1,True
esp32_device_001,2026-04-29T10:06:43.963636+12:00,41.4,-36.812807,174.754310,1,True
esp32_device_001,2026-04-29T10:06:43.981818+12:00,41.4,-36.812877,174.754297,1,True
esp32_device_001,2026-04-29T10:06:44+12:00,41.5,-36.812946,174.754278,1,True
esp32_device_001,2026-04-29T10:06:44.018182+12:00,41.5,-36.813018,174.754251,1,True
esp32_device_001,2026-04-29T10:06:44.036364+12:00,41.5,-36.813096,174.754213,1,True
esp32_device_001,2026-04-29T10:06:44.054545+12:00,41.5,-36.813172,174.754168,1,True
esp32_device_001,2026-04-29T10:06:44.072727+12:00,41.5,-36.813247,174.754117,1,True
esp32_device_001,2026-04-29T10:06:44.090909+12:00,41.6,-36.813321,174.754058,1,True
esp32_device_001,2026-04-29T10:06:44.109091+12:00,41.6,-36.813390,174.753992,1,True
esp32_device_001,2026-04-29T10:06:44.127273+12:00,41.6,-36.813444,174.753933,1,True
esp32_device_001,2026-04-29T10:06:44.145455+12:00,41.6,-36.813494,174.753867,1,True
esp32_device_001,2026-04-29T10:06:44.163636+12:00,41.7,-36.813549,174.753791,1,True
esp32_device_001,2026-04-29T10:06:44.181818+12:00,41.7,-36.813602,174.753700,1,True
esp32_device_001,2026-04-29T10:06:44.200000+12:00,41.7,-36.813645,174.753621,1,True
esp32_device_001,2026-04-29T10:06:44.218182+12:00,41.7,-36.813689,174.753519,1,True
esp32_device_001,2026-04-29T10:06:44.236364+12:00,41.7,-36.813729,174.753417,1,True
esp32_device_001,2026-04-29T10:06:44.254545+12:00,41.8,-36.813770,174.753307,1,True
esp32_device_001,2026-04-29T10:06:44.272727+12:00,41.8,-36.813807,174.753202,1,True
esp32_device_001,2026-04-29T10:06:44.290909+12:00,41.8,-36.813847,174.753082,1,True
esp32_device_001,2026-04-29T10:06:44.309091+12:00,41.8,-36.813893,174.752955,1,True
esp32_device_001,2026-04-29T10:06:44.327273+12:00,41.8,-36.813941,174.752817,1,True
esp32_device_001,2026-04-29T10:06:44.345455+12:00,41.9,-36.814002,174.752665,1,True
esp32_device_001,2026-04-29T10:06:44.363636+12:00,41.9,-36.814031,174.752597,1,True
esp32_device_001,2026-04-29T10:06:44.381818+12:00,41.9,-36.814078,174.752504,1,True
esp32_device_001,2026-04-29T10:06:44.400000+12:00,41.9,-36.814120,174.752439,1,True
esp32_device_001,2026-04-29T10:06:44.418182+12:00,42.0,-36.814156,174.752384,1,True
esp32_device_001,2026-04-29T10:06:44.436364+12:00,42.0,-36.814361,174.752060,1,True
esp32_device_001,2026-04-29T10:06:44.454545+12:00,42.0,-36.814609,174.751761,1,True
esp32_device_001,2026-04-29T10:06:44.472727+12:00,42.0,-36.814735,174.751639,1,True
esp32_device_001,2026-04-29T10:06:44.490909+12:00,42.0,-36.814801,174.751587,1,True
esp32_device_001,2026-04-29T10:06:44.509091+12:00,42.1,-36.814880,174.751532,1,True
esp32_device_001,2026-04-29T10:06:44.527273+12:00,42.1,-36.815004,174.751444,1,True
esp32_device_001,2026-04-29T10:06:44.545455+12:00,42.1,-36.815117,174.751371,1,True
esp32_device_001,2026-04-29T10:06:44.563636+12:00,42.1,-36.815158,174.751345,1,True
esp32_device_001,2026-04-29T10:06:44.581818+12:00,42.1,-36.815329,174.751202,1,True
esp32_device_001,2026-04-29T10:06:44.600000+12:00,42.2,-36.815571,174.751111,1,True
esp32_device_001,2026-04-29T10:06:44.618182+12:00,42.2,-36.815851,174.751027,1,True
esp32_device_001,2026-04-29T10:06:44.636364+12:00,42.2,-36.816216,174.750937,1,True
esp32_device_001,2026-04-29T10:06:44.654545+12:00,42.2,-36.817110,174.750716,1,True
esp32_device_001,2026-04-29T10:06:44.672727+12:00,42.3,-36.818149,174.750467,1,True
esp32_device_001,2026-04-29T10:06:44.690909+12:00,42.3,-36.818967,174.750249,1,True
esp32_device_001,2026-04-29T10:06:44.709091+12:00,42.3,-36.819297,174.750155,1,True
esp32_device_001,2026-04-29T10:06:44.727273+12:00,42.3,-36.819682,174.750083,1,True
esp32_device_001,2026-04-29T10:06:44.745455+12:00,42.3,-36.820045,174.750045,1,True
esp32_device_001,2026-04-29T10:06:44.763636+12:00,42.4,-36.820504,174.750072,1,True
esp32_device_001,2026-04-29T10:06:44.781818+12:00,42.4,-36.820778,174.750109,1,True
esp32_device_001,2026-04-29T10:06:44.800000+12:00,42.4,-36.821249,174.750174,1,True
esp32_device_001,2026-04-29T10:06:44.818182+12:00,42.4,-36.821526,174.750173,1,True
esp32_device_001,2026-04-29T10:06:44.836364+12:00,42.4,-36.822174,174.750283,1,True
esp32_device_001,2026-04-29T10:06:44.854545+12:00,42.5,-36.822371,174.750311,1,True
esp32_device_001,2026-04-29T10:06:44.872727+12:00,42.5,-36.822562,174.750334,1,True
esp32_device_001,2026-04-29T10:06:44.890909+12:00,42.5,-36.822766,174.750345,1,True
esp32_device_001,2026-04-29T10:06:44.909091+12:00,42.5,-36.822946,174.750339,1,True
esp32_device_001,2026-04-29T10:06:44.927273+12:00,42.6,-36.823124,174.750321,1,True
esp32_device_001,2026-04-29T10:06:44.945455+12:00,42.6,-36.823323,174.750281,1,True
esp32_device_001,2026-04-29T10:06:44.963636+12:00,42.6,-36.823575,174.750201,1,True
esp32_device_001,2026-04-29T10:06:44.981818+12:00,42.6,-36.823818,174.750102,1,True
esp32_device_001,2026-04-29T10:06:45+12:00,42.6,-36.824029,174.749992,1,True
esp32_device_001,2026-04-29T10:06:45.018182+12:00,42.7,-36.824265,174.749856,1,True
esp32_device_001,2026-04-29T10:06:45.036364+12:00,42.7,-36.824486,174.749714,1,True
esp32_device_001,2026-04-29T10:06:45.054545+12:00,42.7,-36.825685,174.748919,1,True
esp32_device_001,2026-04-29T10:06:45.072727+12:00,42.7,-36.826887,174.748127,1,True
esp32_device_001,2026-04-29T10:06:45.090909+12:00,42.7,-36.827683,174.747602,1,True
esp32_device_001,2026-04-29T10:06:45.109091+12:00,42.8,-36.828216,174.747250,1,True
esp32_device_001,2026-04-29T10:06:45.127273+12:00,42.8,-36.828797,174.746866,1,True
esp32_device_001,2026-04-29T10:06:45.145455+12:00,42.8,-36.829179,174.746615,1,True
esp32_device_001,2026-04-29T10:06:45.163636+12:00,42.8,-36.829531,174.746382,1,True
esp32_device_001,2026-04-29T10:06:45.181818+12:00,42.9,-36.830141,174.745979,1,True
esp32_device_001,2026-04-29T10:06:45.200000+12:00,42.9,-36.830797,174.745547,1,True
esp32_device_001,2026-04-29T10:06:45.218182+12:00,42.9,-36.835646,174.742347,1,True
esp32_device_001,2026-04-29T10:06:45.236364+12:00,42.9,-36.836023,174.742102,1,True
esp32_device_001,2026-04-29T10:06:45.254545+12:00,42.9,-36.836542,174.741875,1,True
esp32_device_001,2026-04-29T10:06:45.272727+12:00,43.0,-36.836844,174.741753,1,True
esp32_device_001,2026-04-29T10:06:45.290909+12:00,43.0,-36.837142,174.741666,1,True
esp32_device_001,2026-04-29T10:06:45.309091+12:00,43.0,-36.837308,174.741646,1,True
esp32_device_001,2026-04-29T10:06:45.327273+12:00,43.0,-36.837484,174.741640,1,True
esp32_device_001,2026-04-29T10:06:45.345455+12:00,43.0,-36.837667,174.741652,1,True
esp32_device_001,2026-04-29T10:06:45.363636+12:00,43.1,-36.837849,174.741690,1,True
esp32_device_001,2026-04-29T10:06:45.381818+12:00,43.1,-36.838015,174.741740,1,True
esp32_device_001,2026-04-29T10:06:45.400000+12:00,43.1,-36.838206,174.741830,1,True
esp32_device_001,2026-04-29T10:06:45.418182+12:00,43.1,-36.838381,174.741936,1,True
esp32_device_001,2026-04-29T10:06:45.436364+12:00,43.2,-36.838517,174.742041,1,True
esp32_device_001,2026-04-29T10:06:45.454545+12:00,43.2,-36.838632,174.742147,1,True
esp32_device_001,2026-04-29T10:06:45.472727+12:00,43.2,-36.838767,174.742283,1,True
esp32_device_001,2026-04-29T10:06:45.490909+12:00,43.2,-36.839008,174.742561,1,True
esp32_device_001,2026-04-29T10:06:45.509091+12:00,43.2,-36.839186,174.742819,1,True
esp32_device_001,2026-04-29T10:06:45.527273+12:00,43.3,-36.839447,174.743208,1,True
esp32_device_001,2026-04-29T10:06:45.545455+12:00,43.3,-36.840124,174.744340,1,True
esp32_device_001,2026-04-29T10:06:45.563636+12:00,43.3,-36.840236,174.744527,1,True
esp32_device_001,2026-04-29T10:06:45.581818+12:00,43.3,-36.840394,174.744770,1,True
esp32_device_001,2026-04-29T10:06:45.600000+12:00,43.3,-36.840513,174.744931,1,True
esp32_device_001,2026-04-29T10:06:45.618182+12:00,43.4,-36.840633,174.745071,1,True
esp32_device_001,2026-04-29T10:06:45.636364+12:00,43.4,-36.840773,174.745205,1,True
esp32_device_001,2026-04-29T10:06:45.654545+12:00,43.4,-36.840983,174.745369,1,True
esp32_device_001,2026-04-29T10:06:45.672727+12:00,43.4,-36.841202,174.745517,1,True
esp32_device_001,2026-04-29T10:06:45.690909+12:00,43.5,-36.841443,174.745666,1,True
esp32_device_001,2026-04-29T10:06:45.709091+12:00,43.5,-36.841662,174.745812,1,True
esp32_device_001,2026-04-29T10:06:45.727273+12:00,43.5,-36.841787,174.745911,1,True
esp32_device_001,2026-04-29T10:06:45.745455+12:00,43.5,-36.841906,174.746017,1,True
esp32_device_001,2026-04-29T10:06:45.763636+12:00,43.5,-36.842005,174.746122,1,True
esp32_device_001,2026-04-29T10:06:45.781818+12:00,43.6,-36.842152,174.746304,1,True
esp32_device_001,2026-04-29T10:06:45.800000+12:00,43.6,-36.842273,174.746486,1,True
esp32_device_001,2026-04-29T10:06:45.818182+12:00,43.6,-36.842386,174.746711,1,True
esp32_device_001,2026-04-29T10:06:45.836364+12:00,43.6,-36.842483,174.746946,1,True
esp32_device_001,2026-04-29T10:06:45.854545+12:00,43.6,-36.842550,174.747180,1,True
esp32_device_001,2026-04-29T10:06:45.872727+12:00,43.7,-36.842607,174.747418,1,True
esp32_device_001,2026-04-29T10:06:45.890909+12:00,43.7,-36.842636,174.747557,1,True
esp32_device_001,2026-04-29T10:06:45.909091+12:00,43.7,-36.842715,174.747948,1,True
esp32_device_001,2026-04-29T10:06:45.927273+12:00,43.7,-36.842798,174.748324,1,True
esp32_device_001,2026-04-29T10:06:45.945455+12:00,43.8,-36.842887,174.748674,1,True
esp32_device_001,2026-04-29T10:06:45.963636+12:00,43.8,-36.842981,174.748991,1,True
esp32_device_001,2026-04-29T10:06:45.981818+12:00,43.8,-36.843078,174.749278,1,True
esp32_device_001,2026-04-29T10:06:46+12:00,43.8,-36.843226,174.749620,1,True
esp32_device_001,2026-04-29T10:06:46.018182+12:00,43.8,-36.843367,174.749863,1,True
esp32_device_001,2026-04-29T10:06:46.036364+12:00,43.9,-36.843607,174.750275,1,True
esp32_device_001,2026-04-29T10:06:46.054545+12:00,43.9,-36.843804,174.750617,1,True
esp32_device_001,2026-04-29T10:06:46.072727+12:00,43.9,-36.843915,174.750803,1,True
esp32_device_001,2026-04-29T10:06:46.090909+12:00,43.9,-36.843956,174.750873,1,True
esp32_device_001,2026-04-29T10:06:46.109091+12:00,43.9,-36.844111,174.751131,1,True
esp32_device_001,2026-04-29T10:06:46.127273+12:00,44.0,-36.844336,174.751527,1,True
esp32_device_001,2026-04-29T10:06:46.145455+12:00,44.0,-36.844518,174.751821,1,True
esp32_device_001,2026-04-29T10:06:46.163636+12:00,44.0,-36.844613,174.751975,1,True
esp32_device_001,2026-04-29T10:06:46.181818+12:00,44.0,-36.844667,174.752056,1,True
esp32_device_001,2026-04-29T10:06:46.200000+12:00,44.1,-36.844723,174.752133,1,True
esp32_device_001,2026-04-29T10:06:46.218182+12:00,44.1,-36.844796,174.752230,1,True
esp32_device_001,2026-04-29T10:06:46.236364+12:00,44.1,-36.844845,174.752288,1,True
esp32_device_001,2026-04-29T10:06:46.254545+12:00,44.1,-36.844885,174.752337,1,True
esp32_device_001,2026-04-29T10:06:46.272727+12:00,44.1,-36.844958,174.752419,1,True
esp32_device_001,2026-04-29T10:06:46.290909+12:00,44.2,-36.845029,174.752492,1,True
esp32_device_001,2026-04-29T10:06:46.309091+12:00,44.2,-36.845103,174.752559,1,True
esp32_device_001,2026-04-29T10:06:46.327273+12:00,44.2,-36.845207,174.752643,1,True
esp32_device_001,2026-04-29T10:06:46.345455+12:00,44.2,-36.845315,174.752721,1,True
esp32_device_001,2026-04-29T10:06:46.363636+12:00,44.2,-36.845459,174.752814,1,True
esp32_device_001,2026-04-29T10:06:46.381818+12:00,44.3,-36.845636,174.752899,1,True
esp32_device_001,2026-04-29T10:06:46.400000+12:00,44.3,-36.845729,174.752943,1,True
esp32_device_001,2026-04-29T10:06:46.418182+12:00,44.3,-36.845839,174.752977,1,True
esp32_device_001,2026-04-29T10:06:46.436364+12:00,44.3,-36.845929,174.753005,1,True
esp32_device_001,2026-04-29T10:06:46.454545+12:00,44.4,-36.846083,174.753036,1,True
esp32_device_001,2026-04-29T10:06:46.472727+12:00,44.4,-36.846232,174.753059,1,True
esp32_device_001,2026-04-29T10:06:46.490909+12:00,44.4,-36.846926,174.753107,1,True
esp32_device_001,2026-04-29T10:06:46.509091+12:00,44.4,-36.847993,174.753160,1,True
esp32_device_001,2026-04-29T10:06:46.527273+12:00,44.4,-36.848371,174.753186,1,True
esp32_device_001,2026-04-29T10:06:46.545455+12:00,44.5,-36.848620,174.753207,1,True
esp32_device_001,2026-04-29T10:06:46.563636+12:00,44.5,-36.849080,174.753278,1,True
esp32_device_001,2026-04-29T10:06:46.581818+12:00,44.5,-36.849369,174.753335,1,True
esp32_device_001,2026-04-29T10:06:46.600000+12:00,44.5,-36.849518,174.753379,1,True
esp32_device_001,2026-04-29T10:06:46.618182+12:00,44.5,-36.849739,174.753448,1,True
esp32_device_001,2026-04-29T10:06:46.636364+12:00,44.6,-36.850065,174.753572,1,True
esp32_device_001,2026-04-29T10:06:46.654545+12:00,44.6,-36.850229,174.753653,1,True
esp32_device_001,2026-04-29T10:06:46.672727+12:00,44.6,-36.850516,174.753798,1,True
esp32_device_001,2026-04-29T10:06:46.690909+12:00,44.6,-36.850801,174.753976,1,True
esp32_device_001,2026-04-29T10:06:46.709091+12:00,44.7,-36.851062,174.754155,1,True
esp32_device_001,2026-04-29T10:06:46.727273+12:00,44.7,-36.852234,174.755136,1,True
esp32_device_001,2026-04-29T10:06:46.745455+12:00,44.7,-36.852694,174.755522,1,True
esp32_device_001,2026-04-29T10:06:46.763636+12:00,44.7,-36.853064,174.755806,1,True
esp32_device_001,2026-04-29T10:06:46.781818+12:00,44.7,-36.853641,174.756317,1,True
esp32_device_001,2026-04-29T10:06:46.800000+12:00,44.8,-36.853819,174.756469,1,True
esp32_device_001,2026-04-29T10:06:46.818182+12:00,44.8,-36.853999,174.756625,1,True
esp32_device_001,2026-04-29T10:06:46.836364+12:00,44.8,-36.854184,174.756769,1,True
esp32_device_001,2026-04-29T10:06:46.854545+12:00,44.8,-36.854365,174.756862,1,True
esp32_device_001,2026-04-29T10:06:46.872727+12:00,44.8,-36.854539,174.756949,1,True
esp32_device_001,2026-04-29T10:06:46.890909+12:00,44.9,-36.854742,174.757018,1,True
esp32_device_001,2026-04-29T10:06:46.909091+12:00,44.9,-36.854903,174.757051,1,True
esp32_device_001,2026-04-29T10:06:46.927273+12:00,44.9,-36.855054,174.757069,1,True
esp32_device_001,2026-04-29T10:06:46.945455+12:00,44.9,-36.855311,174.757069,1,True
esp32_device_001,2026-04-29T10:06:46.963636+12:00,45.0,-36.855487,174.757050,1,True
esp32_device_001,2026-04-29T10:06:46.981818+12:00,45.0,-36.855657,174.757014,1,True
esp32_device_001,2026-04-29T10:06:47+12:00,45,-36.855984,174.756851,1,False
esp32_device_001,2026-04-29T10:06:48.250000+12:00,46.0,-36.856037,174.756878,1,True
esp32_device_001,2026-04-29T10:06:49.500000+12:00,47.0,-36.856520,174.756596,1,True
esp32_device_001,2026-04-29T10:06:50.750000+12:00,47.9,-36.856802,174.756432,1,True
esp32_device_001,2026-04-29T10:06:52+12:00,48.9,-36.856815,174.756409,1,False
esp32_device_001,2026-04-29T10:06:52.833333+12:00,49.6,-36.857007,174.756321,1,True
esp32_device_001,2026-04-29T10:06:53.666667+12:00,50.3,-36.857134,174.756261,1,True
esp32_device_001,2026-04-29T10:06:54.500000+12:00,51.0,-36.857268,174.756218,1,True
esp32_device_001,2026-04-29T10:06:55.333333+12:00,51.7,-36.857493,174.756178,1,True
esp32_device_001,2026-04-29T10:06:56.166667+12:00,52.4,-36.857677,174.756170,1,True
esp32_device_001,2026-04-29T10:06:57+12:00,53.1,-36.857716,174.756134,1,False
esp32_device_001,2026-04-29T10:06:57.029070+12:00,53.1,-36.857863,174.756180,1,True
esp32_device_001,2026-04-29T10:06:57.058140+12:00,53.1,-36.858085,174.756236,1,True
esp32_device_001,2026-04-29T10:06:57.087209+12:00,53.1,-36.858244,174.756298,1,True
esp32_device_001,2026-04-29T10:06:57.116279+12:00,53.1,-36.858347,174.756356,1,True
esp32_device_001,2026-04-29T10:06:57.145349+12:00,53.1,-36.858737,174.756574,1,True
esp32_device_001,2026-04-29T10:06:57.174419+12:00,53.1,-36.858835,174.756648,1,True
esp32_device_001,2026-04-29T10:06:57.203488+12:00,53.1,-36.858942,174.756746,1,True
esp32_device_001,2026-04-29T10:06:57.232558+12:00,53.1,-36.859067,174.756890,1,True
esp32_device_001,2026-04-29T10:06:57.261628+12:00,53.1,-36.859187,174.757053,1,True
esp32_device_001,2026-04-29T10:06:57.290698+12:00,53.1,-36.859280,174.757222,1,True
esp32_device_001,2026-04-29T10:06:57.319767+12:00,53.1,-36.859370,174.757407,1,True
esp32_device_001,2026-04-29T10:06:57.348837+12:00,53.1,-36.859433,174.757547,1,True
esp32_device_001,2026-04-29T10:06:57.377907+12:00,53.1,-36.859493,174.757723,1,True
esp32_device_001,2026-04-29T10:06:57.406977+12:00,53.1,-36.859550,174.757939,1,True
esp32_device_001,2026-04-29T10:06:57.436047+12:00,53.1,-36.859588,174.758149,1,True
esp32_device_001,2026-04-29T10:06:57.465116+12:00,53.1,-36.859611,174.758375,1,True
esp32_device_001,2026-04-29T10:06:57.494186+12:00,53.1,-36.859626,174.758709,1,True
esp32_device_001,2026-04-29T10:06:57.523256+12:00,53.2,-36.859631,174.759152,1,True
esp32_device_001,2026-04-29T10:06:57.552326+12:00,53.2,-36.859647,174.759691,1,True
esp32_device_001,2026-04-29T10:06:57.581395+12:00,53.2,-36.859655,174.759810,1,True
esp32_device_001,2026-04-29T10:06:57.610465+12:00,53.2,-36.859688,174.760137,1,True
esp32_device_001,2026-04-29T10:06:57.639535+12:00,53.2,-36.859835,174.760839,1,True
esp32_device_001,2026-04-29T10:06:57.668605+12:00,53.2,-36.859926,174.761221,1,True
esp32_device_001,2026-04-29T10:06:57.697674+12:00,53.2,-36.860026,174.761562,1,True
esp32_device_001,2026-04-29T10:06:57.726744+12:00,53.2,-36.860133,174.761858,1,True
esp32_device_001,2026-04-29T10:06:57.755814+12:00,53.2,-36.860254,174.762151,1,True
esp32_device_001,2026-04-29T10:06:57.784884+12:00,53.2,-36.860335,174.762312,1,True
esp32_device_001,2026-04-29T10:06:57.813953+12:00,53.2,-36.860476,174.762560,1,True
esp32_device_001,2026-04-29T10:06:57.843023+12:00,53.2,-36.860514,174.762619,1,True
esp32_device_001,2026-04-29T10:06:57.872093+12:00,53.2,-36.860678,174.762848,1,True
esp32_device_001,2026-04-29T10:06:57.901163+12:00,53.2,-36.860822,174.763023,1,True
esp32_device_001,2026-04-29T10:06:57.930233+12:00,53.2,-36.860938,174.763143,1,True
esp32_device_001,2026-04-29T10:06:57.959302+12:00,53.2,-36.861063,174.763263,1,True
esp32_device_001,2026-04-29T10:06:57.988372+12:00,53.2,-36.861243,174.763409,1,True
esp32_device_001,2026-04-29T10:06:58.017442+12:00,53.2,-36.861451,174.763560,1,True
esp32_device_001,2026-04-29T10:06:58.046512+12:00,53.2,-36.861635,174.763677,1,True
esp32_device_001,2026-04-29T10:06:58.075581+12:00,53.2,-36.861880,174.763840,1,True
esp32_device_001,2026-04-29T10:06:58.104651+12:00,53.2,-36.862099,174.763990,1,True
esp32_device_001,2026-04-29T10:06:58.133721+12:00,53.2,-36.862420,174.764220,1,True
esp32_device_001,2026-04-29T10:06:58.162791+12:00,53.2,-36.862579,174.764352,1,True
esp32_device_001,2026-04-29T10:06:58.191860+12:00,53.2,-36.862731,174.764493,1,True
esp32_device_001,2026-04-29T10:06:58.220930+12:00,53.2,-36.862850,174.764609,1,True
esp32_device_001,2026-04-29T10:06:58.250000+12:00,53.2,-36.863035,174.764835,1,True
esp32_device_001,2026-04-29T10:06:58.279070+12:00,53.2,-36.863222,174.765088,1,True
esp32_device_001,2026-04-29T10:06:58.308140+12:00,53.2,-36.863448,174.765441,1,True
esp32_device_001,2026-04-29T10:06:58.337209+12:00,53.2,-36.863743,174.765918,1,True
esp32_device_001,2026-04-29T10:06:58.366279+12:00,53.2,-36.863890,174.766143,1,True
esp32_device_001,2026-04-29T10:06:58.395349+12:00,53.2,-36.864011,174.766315,1,True
esp32_device_001,2026-04-29T10:06:58.424419+12:00,53.2,-36.864140,174.766470,1,True
esp32_device_001,2026-04-29T10:06:58.453488+12:00,53.2,-36.864275,174.766610,1,True
esp32_device_001,2026-04-29T10:06:58.482558+12:00,53.2,-36.864406,174.766736,1,True
esp32_device_001,2026-04-29T10:06:58.511628+12:00,53.3,-36.864572,174.766875,1,True
esp32_device_001,2026-04-29T10:06:58.540698+12:00,53.3,-36.864710,174.766975,1,True
esp32_device_001,2026-04-29T10:06:58.569767+12:00,53.3,-36.864821,174.767053,1,True
esp32_device_001,2026-04-29T10:06:58.598837+12:00,53.3,-36.864964,174.767133,1,True
esp32_device_001,2026-04-29T10:06:58.627907+12:00,53.3,-36.865131,174.767220,1,True
esp32_device_001,2026-04-29T10:06:58.656977+12:00,53.3,-36.865295,174.767293,1,True
esp32_device_001,2026-04-29T10:06:58.686047+12:00,53.3,-36.865567,174.767393,1,True
esp32_device_001,2026-04-29T10:06:58.715116+12:00,53.3,-36.865980,174.767532,1,True
esp32_device_001,2026-04-29T10:06:58.744186+12:00,53.3,-36.866209,174.767606,1,True
esp32_device_001,2026-04-29T10:06:58.773256+12:00,53.3,-36.866431,174.767698,1,True
esp32_device_001,2026-04-29T10:06:58.802326+12:00,53.3,-36.866567,174.767763,1,True
esp32_device_001,2026-04-29T10:06:58.831395+12:00,53.3,-36.866708,174.767829,1,True
esp32_device_001,2026-04-29T10:06:58.860465+12:00,53.3,-36.866873,174.767925,1,True
esp32_device_001,2026-04-29T10:06:58.889535+12:00,53.3,-36.867031,174.768027,1,True
esp32_device_001,2026-04-29T10:06:58.918605+12:00,53.3,-36.867246,174.768194,1,True
esp32_device_001,2026-04-29T10:06:58.947674+12:00,53.3,-36.867466,174.768394,1,True
esp32_device_001,2026-04-29T10:06:58.976744+12:00,53.3,-36.867679,174.768620,1,True
esp32_device_001,2026-04-29T10:06:59.005814+12:00,53.3,-36.867888,174.768877,1,True
esp32_device_001,2026-04-29T10:06:59.034884+12:00,53.3,-36.868165,174.769255,1,True
esp32_device_001,2026-04-29T10:06:59.063953+12:00,53.3,-36.868432,174.769623,1,True
esp32_device_001,2026-04-29T10:06:59.093023+12:00,53.3,-36.868634,174.769903,1,True
esp32_device_001,2026-04-29T10:06:59.122093+12:00,53.3,-36.869012,174.770407,1,True
esp32_device_001,2026-04-29T10:06:59.151163+12:00,53.3,-36.869441,174.770972,1,True
esp32_device_001,2026-04-29T10:06:59.180233+12:00,53.3,-36.869767,174.771402,1,True
esp32_device_001,2026-04-29T10:06:59.209302+12:00,53.3,-36.869913,174.771580,1,True
esp32_device_001,2026-04-29T10:06:59.238372+12:00,53.3,-36.869968,174.771645,1,True
esp32_device_001,2026-04-29T10:06:59.267442+12:00,53.3,-36.870242,174.772137,1,True
esp32_device_001,2026-04-29T10:06:59.296512+12:00,53.3,-36.870608,174.772571,1,True
esp32_device_001,2026-04-29T10:06:59.325581+12:00,53.3,-36.870941,174.772931,1,True
esp32_device_001,2026-04-29T10:06:59.354651+12:00,53.3,-36.871110,174.773082,1,True
esp32_device_001,2026-04-29T10:06:59.383721+12:00,53.3,-36.871449,174.773413,1,True
esp32_device_001,2026-04-29T10:06:59.412791+12:00,53.3,-36.871547,174.773526,1,True
esp32_device_001,2026-04-29T10:06:59.441860+12:00,53.3,-36.871661,174.773665,1,True
esp32_device_001,2026-04-29T10:06:59.470930+12:00,53.3,-36.871846,174.773910,1,True
esp32_device_001,2026-04-29T10:06:59.500000+12:00,53.4,-36.872052,174.774196,1,True
esp32_device_001,2026-04-29T10:06:59.529070+12:00,53.4,-36.872110,174.774277,1,True
esp32_device_001,2026-04-29T10:06:59.558140+12:00,53.4,-36.872205,174.774257,1,True
esp32_device_001,2026-04-29T10:06:59.587209+12:00,53.4,-36.872493,174.774196,1,True
esp32_device_001,2026-04-29T10:06:59.616279+12:00,53.4,-36.872528,174.774188,1,True
esp32_device_001,2026-04-29T10:06:59.645349+12:00,53.4,-36.872558,174.774151,1,True
esp32_device_001,2026-04-29T10:06:59.674419+12:00,53.4,-36.872578,174.774115,1,True
esp32_device_001,2026-04-29T10:06:59.703488+12:00,53.4,-36.872589,174.774079,1,True
esp32_device_001,2026-04-29T10:06:59.732558+12:00,53.4,-36.872596,174.774039,1,True
esp32_device_001,2026-04-29T10:06:59.761628+12:00,53.4,-36.872598,174.774001,1,True
esp32_device_001,2026-04-29T10:06:59.790698+12:00,53.4,-36.872593,174.773969,1,True
esp32_device_001,2026-04-29T10:06:59.819767+12:00,53.4,-36.872580,174.773934,1,True
esp32_device_001,2026-04-29T10:06:59.848837+12:00,53.4,-36.872565,174.773904,1,True
esp32_device_001,2026-04-29T10:06:59.877907+12:00,53.4,-36.872389,174.773680,1,True
esp32_device_001,2026-04-29T10:06:59.906977+12:00,53.4,-36.872143,174.773385,1,True
esp32_device_001,2026-04-29T10:06:59.936047+12:00,53.4,-36.871754,174.772994,1,True
esp32_device_001,2026-04-29T10:06:59.965116+12:00,53.4,-36.871657,174.772909,1,True
esp32_device_001,2026-04-29T10:06:59.994186+12:00,53.4,-36.871342,174.772672,1,True
esp32_device_001,2026-04-29T10:07:00.023256+12:00,53.4,-36.870963,174.772374,1,True
esp32_device_001,2026-04-29T10:07:00.052326+12:00,53.4,-36.870788,174.772212,1,True
esp32_device_001,2026-04-29T10:07:00.081395+12:00,53.4,-36.870493,174.772078,1,True
esp32_device_001,2026-04-29T10:07:00.110465+12:00,53.4,-36.870226,174.771795,1,True
esp32_device_001,2026-04-29T10:07:00.139535+12:00,53.4,-36.869985,174.771510,1,True
esp32_device_001,2026-04-29T10:07:00.168605+12:00,53.4,-36.869839,174.771322,1,True
esp32_device_001,2026-04-29T10:07:00.197674+12:00,53.4,-36.869512,174.770926,1,True
esp32_device_001,2026-04-29T10:07:00.226744+12:00,53.4,-36.869062,174.770325,1,True
esp32_device_001,2026-04-29T10:07:00.255814+12:00,53.4,-36.868748,174.769895,1,True
esp32_device_001,2026-04-29T10:07:00.284884+12:00,53.4,-36.868512,174.769569,1,True
esp32_device_001,2026-04-29T10:07:00.313953+12:00,53.4,-36.868042,174.768935,1,True
esp32_device_001,2026-04-29T10:07:00.343023+12:00,53.4,-36.867755,174.768575,1,True
esp32_device_001,2026-04-29T10:07:00.372093+12:00,53.4,-36.867555,174.768360,1,True
esp32_device_001,2026-04-29T10:07:00.401163+12:00,53.4,-36.867411,174.768219,1,True
esp32_device_001,2026-04-29T10:07:00.430233+12:00,53.4,-36.867260,174.768090,1,True
esp32_device_001,2026-04-29T10:07:00.459302+12:00,53.4,-36.867110,174.767975,1,True
esp32_device_001,2026-04-29T10:07:00.488372+12:00,53.4,-36.866946,174.767863,1,True
esp32_device_001,2026-04-29T10:07:00.517442+12:00,53.5,-36.866724,174.767731,1,True
esp32_device_001,2026-04-29T10:07:00.546512+12:00,53.5,-36.866522,174.767636,1,True
esp32_device_001,2026-04-29T10:07:00.575581+12:00,53.5,-36.866286,174.767534,1,True
esp32_device_001,2026-04-29T10:07:00.604651+12:00,53.5,-36.866040,174.767452,1,True
esp32_device_001,2026-04-29T10:07:00.633721+12:00,53.5,-36.865429,174.767241,1,True
esp32_device_001,2026-04-29T10:07:00.662791+12:00,53.5,-36.865181,174.767142,1,True
esp32_device_001,2026-04-29T10:07:00.691860+12:00,53.5,-36.865008,174.767054,1,True
esp32_device_001,2026-04-29T10:07:00.720930+12:00,53.5,-36.864858,174.766968,1,True
esp32_device_001,2026-04-29T10:07:00.750000+12:00,53.5,-36.864701,174.766862,1,True
esp32_device_001,2026-04-29T10:07:00.779070+12:00,53.5,-36.864578,174.766764,1,True
esp32_device_001,2026-04-29T10:07:00.808140+12:00,53.5,-36.864451,174.766655,1,True
esp32_device_001,2026-04-29T10:07:00.837209+12:00,53.5,-36.864375,174.766582,1,True
esp32_device_001,2026-04-29T10:07:00.866279+12:00,53.5,-36.864180,174.766374,1,True
esp32_device_001,2026-04-29T10:07:00.895349+12:00,53.5,-36.864024,174.766174,1,True
esp32_device_001,2026-04-29T10:07:00.924419+12:00,53.5,-36.863826,174.765885,1,True
esp32_device_001,2026-04-29T10:07:00.953488+12:00,53.5,-36.863390,174.765172,1,True
esp32_device_001,2026-04-29T10:07:00.982558+12:00,53.5,-36.863205,174.764897,1,True
esp32_device_001,2026-04-29T10:07:01.011628+12:00,53.5,-36.862964,174.764593,1,True
esp32_device_001,2026-04-29T10:07:01.040698+12:00,53.5,-36.862783,174.764397,1,True
esp32_device_001,2026-04-29T10:07:01.069767+12:00,53.5,-36.862466,174.764109,1,True
esp32_device_001,2026-04-29T10:07:01.098837+12:00,53.5,-36.862177,174.763851,1,True
esp32_device_001,2026-04-29T10:07:01.127907+12:00,53.5,-36.861976,174.763676,1,True
esp32_device_001,2026-04-29T10:07:01.156977+12:00,53.5,-36.861770,174.763488,1,True
esp32_device_001,2026-04-29T10:07:01.186047+12:00,53.5,-36.861595,174.763318,1,True
esp32_device_001,2026-04-29T10:07:01.215116+12:00,53.5,-36.861398,174.763093,1,True
esp32_device_001,2026-04-29T10:07:01.244186+12:00,53.5,-36.861211,174.762829,1,True
esp32_device_001,2026-04-29T10:07:01.273256+12:00,53.5,-36.861038,174.762561,1,True
esp32_device_001,2026-04-29T10:07:01.302326+12:00,53.5,-36.860913,174.762330,1,True
esp32_device_001,2026-04-29T10:07:01.331395+12:00,53.5,-36.860752,174.761981,1,True
esp32_device_001,2026-04-29T10:07:01.360465+12:00,53.5,-36.860602,174.761586,1,True
esp32_device_001,2026-04-29T10:07:01.389535+12:00,53.5,-36.860530,174.761374,1,True
esp32_device_001,2026-04-29T10:07:01.418605+12:00,53.5,-36.860474,174.761173,1,True
esp32_device_001,2026-04-29T10:07:01.447674+12:00,53.5,-36.860396,174.760842,1,True
esp32_device_001,2026-04-29T10:07:01.476744+12:00,53.5,-36.860330,174.760502,1,True
esp32_device_001,2026-04-29T10:07:01.505814+12:00,53.6,-36.860290,174.760267,1,True
esp32_device_001,2026-04-29T10:07:01.534884+12:00,53.6,-36.860274,174.760062,1,True
esp32_device_001,2026-04-29T10:07:01.563953+12:00,53.6,-36.860248,174.759416,1,True
esp32_device_001,2026-04-29T10:07:01.593023+12:00,53.6,-36.860231,174.759037,1,True
esp32_device_001,2026-04-29T10:07:01.622093+12:00,53.6,-36.860213,174.758777,1,True
esp32_device_001,2026-04-29T10:07:01.651163+12:00,53.6,-36.860187,174.758521,1,True
esp32_device_001,2026-04-29T10:07:01.680233+12:00,53.6,-36.860131,174.758226,1,True
esp32_device_001,2026-04-29T10:07:01.709302+12:00,53.6,-36.860054,174.757942,1,True
esp32_device_001,2026-04-29T10:07:01.738372+12:00,53.6,-36.859980,174.757740,1,True
esp32_device_001,2026-04-29T10:07:01.767442+12:00,53.6,-36.859897,174.757550,1,True
esp32_device_001,2026-04-29T10:07:01.796512+12:00,53.6,-36.859786,174.757347,1,True
esp32_device_001,2026-04-29T10:07:01.825581+12:00,53.6,-36.859669,174.757169,1,True
esp32_device_001,2026-04-29T10:07:01.854651+12:00,53.6,-36.859562,174.757026,1,True
esp32_device_001,2026-04-29T10:07:01.883721+12:00,53.6,-36.859431,174.756871,1,True
esp32_device_001,2026-04-29T10:07:01.912791+12:00,53.6,-36.859287,174.756732,1,True
esp32_device_001,2026-04-29T10:07:01.941860+12:00,53.6,-36.859059,174.756559,1,True
esp32_device_001,2026-04-29T10:07:01.970930+12:00,53.6,-36.858728,174.756367,1,True
esp32_device_001,2026-04-29T10:07:02+12:00,53.6,-36.858692,174.756363,1,False
esp32_device_001,2026-04-29T10:07:02.012690+12:00,53.6,-36.858090,174.756036,1,True
esp32_device_001,2026-04-29T10:07:02.025381+12:00,53.6,-36.857886,174.755948,1,True
esp32_device_001,2026-04-29T10:07:02.038071+12:00,53.6,-36.857678,174.755860,1,True
esp32_device_001,2026-04-29T10:07:02.050761+12:00,53.6,-36.857426,174.755776,1,True
esp32_device_001,2026-04-29T10:07:02.063452+12:00,53.6,-36.857240,174.755729,1,True
esp32_device_001,2026-04-29T10:07:02.076142+12:00,53.6,-36.857042,174.755709,1,True
esp32_device_001,2026-04-29T10:07:02.088832+12:00,53.6,-36.856967,174.755712,1,True
esp32_device_001,2026-04-29T10:07:02.101523+12:00,53.6,-36.856811,174.755717,1,True
esp32_device_001,2026-04-29T10:07:02.114213+12:00,53.6,-36.856645,174.755741,1,True
esp32_device_001,2026-04-29T10:07:02.126904+12:00,53.6,-36.856504,174.755778,1,True
esp32_device_001,2026-04-29T10:07:02.139594+12:00,53.6,-36.856321,174.755843,1,True
esp32_device_001,2026-04-29T10:07:02.152284+12:00,53.6,-36.856197,174.755897,1,True
esp32_device_001,2026-04-29T10:07:02.164975+12:00,53.6,-36.856044,174.755974,1,True
esp32_device_001,2026-04-29T10:07:02.177665+12:00,53.6,-36.855754,174.756134,1,True
esp32_device_001,2026-04-29T10:07:02.190355+12:00,53.6,-36.855498,174.756272,1,True
esp32_device_001,2026-04-29T10:07:02.203046+12:00,53.7,-36.855325,174.756343,1,True
esp32_device_001,2026-04-29T10:07:02.215736+12:00,53.7,-36.855146,174.756408,1,True
esp32_device_001,2026-04-29T10:07:02.228426+12:00,53.7,-36.854962,174.756448,1,True
esp32_device_001,2026-04-29T10:07:02.241117+12:00,53.7,-36.854773,174.756468,1,True
esp32_device_001,2026-04-29T10:07:02.253807+12:00,53.7,-36.854594,174.756467,1,True
esp32_device_001,2026-04-29T10:07:02.266497+12:00,53.7,-36.854408,174.756440,1,True
esp32_device_001,2026-04-29T10:07:02.279188+12:00,53.7,-36.854222,174.756403,1,True
esp32_device_001,2026-04-29T10:07:02.291878+12:00,53.7,-36.854048,174.756345,1,True
esp32_device_001,2026-04-29T10:07:02.304569+12:00,53.7,-36.853876,174.756264,1,True
esp32_device_001,2026-04-29T10:07:02.317259+12:00,53.7,-36.853717,174.756178,1,True
esp32_device_001,2026-04-29T10:07:02.329949+12:00,53.7,-36.853607,174.756105,1,True
esp32_device_001,2026-04-29T10:07:02.342640+12:00,53.7,-36.853482,174.756011,1,True
esp32_device_001,2026-04-29T10:07:02.355330+12:00,53.7,-36.853073,174.755671,1,True
esp32_device_001,2026-04-29T10:07:02.368020+12:00,53.7,-36.852346,174.755067,1,True
esp32_device_001,2026-04-29T10:07:02.380711+12:00,53.7,-36.851708,174.754528,1,True
esp32_device_001,2026-04-29T10:07:02.393401+12:00,53.7,-36.851289,174.754184,1,True
esp32_device_001,2026-04-29T10:07:02.406091+12:00,53.7,-36.850997,174.753974,1,True
esp32_device_001,2026-04-29T10:07:02.418782+12:00,53.7,-36.850728,174.753797,1,True
esp32_device_001,2026-04-29T10:07:02.431472+12:00,53.7,-36.850494,174.753659,1,True
esp32_device_001,2026-04-29T10:07:02.444162+12:00,53.7,-36.850247,174.753520,1,True
esp32_device_001,2026-04-29T10:07:02.456853+12:00,53.7,-36.849933,174.753372,1,True
esp32_device_001,2026-04-29T10:07:02.469543+12:00,53.7,-36.849666,174.753256,1,True
esp32_device_001,2026-04-29T10:07:02.482234+12:00,53.7,-36.849471,174.753189,1,True
esp32_device_001,2026-04-29T10:07:02.494924+12:00,53.7,-36.849178,174.753084,1,True
esp32_device_001,2026-04-29T10:07:02.507614+12:00,53.7,-36.848722,174.752970,1,True
esp32_device_001,2026-04-29T10:07:02.520305+12:00,53.7,-36.848042,174.752829,1,True
esp32_device_001,2026-04-29T10:07:02.532995+12:00,53.7,-36.847755,174.752783,1,True
esp32_device_001,2026-04-29T10:07:02.545685+12:00,53.7,-36.846926,174.752773,1,True
esp32_device_001,2026-04-29T10:07:02.558376+12:00,53.7,-36.846464,174.752760,1,True
esp32_device_001,2026-04-29T10:07:02.571066+12:00,53.7,-36.846181,174.752705,1,True
esp32_device_001,2026-04-29T10:07:02.583756+12:00,53.8,-36.845854,174.752600,1,True
esp32_device_001,2026-04-29T10:07:02.596447+12:00,53.8,-36.845555,174.752463,1,True
esp32_device_001,2026-04-29T10:07:02.609137+12:00,53.8,-36.845360,174.752324,1,True
esp32_device_001,2026-04-29T10:07:02.621827+12:00,53.8,-36.845189,174.752176,1,True
esp32_device_001,2026-04-29T10:07:02.634518+12:00,53.8,-36.845032,174.752036,1,True
esp32_device_001,2026-04-29T10:07:02.647208+12:00,53.8,-36.844864,174.751870,1,True
esp32_device_001,2026-04-29T10:07:02.659898+12:00,53.8,-36.844810,174.751801,1,True
esp32_device_001,2026-04-29T10:07:02.672589+12:00,53.8,-36.844679,174.751620,1,True
esp32_device_001,2026-04-29T10:07:02.685279+12:00,53.8,-36.844285,174.751033,1,True
esp32_device_001,2026-04-29T10:07:02.697970+12:00,53.8,-36.844224,174.750936,1,True
esp32_device_001,2026-04-29T10:07:02.710660+12:00,53.8,-36.844116,174.750763,1,True
esp32_device_001,2026-04-29T10:07:02.723350+12:00,53.8,-36.844077,174.750702,1,True
esp32_device_001,2026-04-29T10:07:02.736041+12:00,53.8,-36.843710,174.750122,1,True
esp32_device_001,2026-04-29T10:07:02.748731+12:00,53.8,-36.843548,174.749847,1,True
esp32_device_001,2026-04-29T10:07:02.761421+12:00,53.8,-36.843400,174.749567,1,True
esp32_device_001,2026-04-29T10:07:02.774112+12:00,53.8,-36.843300,174.749352,1,True
esp32_device_001,2026-04-29T10:07:02.786802+12:00,53.8,-36.843227,174.749173,1,True
esp32_device_001,2026-04-29T10:07:02.799492+12:00,53.8,-36.843123,174.748885,1,True
esp32_device_001,2026-04-29T10:07:02.812183+12:00,53.8,-36.843030,174.748573,1,True
esp32_device_001,2026-04-29T10:07:02.824873+12:00,53.8,-36.842935,174.748167,1,True
esp32_device_001,2026-04-29T10:07:02.837563+12:00,53.8,-36.842865,174.747799,1,True
esp32_device_001,2026-04-29T10:07:02.850254+12:00,53.8,-36.842773,174.747381,1,True
esp32_device_001,2026-04-29T10:07:02.862944+12:00,53.8,-36.842693,174.747053,1,True
esp32_device_001,2026-04-29T10:07:02.875635+12:00,53.8,-36.842608,174.746768,1,True
esp32_device_001,2026-04-29T10:07:02.888325+12:00,53.8,-36.842466,174.746452,1,True
esp32_device_001,2026-04-29T10:07:02.901015+12:00,53.8,-36.842349,174.746259,1,True
esp32_device_001,2026-04-29T10:07:02.913706+12:00,53.8,-36.842209,174.746059,1,True
esp32_device_001,2026-04-29T10:07:02.926396+12:00,53.8,-36.842029,174.745863,1,True
esp32_device_001,2026-04-29T10:07:02.939086+12:00,53.8,-36.841876,174.745727,1,True
esp32_device_001,2026-04-29T10:07:02.951777+12:00,53.8,-36.841724,174.745614,1,True
esp32_device_001,2026-04-29T10:07:02.964467+12:00,53.9,-36.841561,174.745498,1,True
esp32_device_001,2026-04-29T10:07:02.977157+12:00,53.9,-36.841321,174.745351,1,True
esp32_device_001,2026-04-29T10:07:02.989848+12:00,53.9,-36.841084,174.745198,1,True
esp32_device_001,2026-04-29T10:07:03.002538+12:00,53.9,-36.840870,174.745030,1,True
esp32_device_001,2026-04-29T10:07:03.015228+12:00,53.9,-36.840718,174.744879,1,True
esp32_device_001,2026-04-29T10:07:03.027919+12:00,53.9,-36.840585,174.744715,1,True
esp32_device_001,2026-04-29T10:07:03.040609+12:00,53.9,-36.840475,174.744560,1,True
esp32_device_001,2026-04-29T10:07:03.053299+12:00,53.9,-36.840307,174.744291,1,True
esp32_device_001,2026-04-29T10:07:03.065990+12:00,53.9,-36.840088,174.743925,1,True
esp32_device_001,2026-04-29T10:07:03.078680+12:00,53.9,-36.839600,174.743116,1,True
esp32_device_001,2026-04-29T10:07:03.091371+12:00,53.9,-36.839387,174.742783,1,True
esp32_device_001,2026-04-29T10:07:03.104061+12:00,53.9,-36.839206,174.742508,1,True
esp32_device_001,2026-04-29T10:07:03.116751+12:00,53.9,-36.839021,174.742257,1,True
esp32_device_001,2026-04-29T10:07:03.129442+12:00,53.9,-36.838821,174.742046,1,True
esp32_device_001,2026-04-29T10:07:03.142132+12:00,53.9,-36.838623,174.741867,1,True
esp32_device_001,2026-04-29T10:07:03.154822+12:00,53.9,-36.838468,174.741750,1,True
esp32_device_001,2026-04-29T10:07:03.167513+12:00,53.9,-36.838348,174.741680,1,True
esp32_device_001,2026-04-29T10:07:03.180203+12:00,53.9,-36.838227,174.741622,1,True
esp32_device_001,2026-04-29T10:07:03.192893+12:00,53.9,-36.837949,174.741503,1,True
esp32_device_001,2026-04-29T10:07:03.205584+12:00,53.9,-36.837715,174.741437,1,True
esp32_device_001,2026-04-29T10:07:03.218274+12:00,53.9,-36.837560,174.741424,1,True
esp32_device_001,2026-04-29T10:07:03.230964+12:00,53.9,-36.837405,174.741423,1,True
esp32_device_001,2026-04-29T10:07:03.243655+12:00,53.9,-36.837296,174.741430,1,True
esp32_device_001,2026-04-29T10:07:03.256345+12:00,53.9,-36.837010,174.741401,1,True
esp32_device_001,2026-04-29T10:07:03.269036+12:00,53.9,-36.836787,174.741472,1,True
esp32_device_001,2026-04-29T10:07:03.281726+12:00,53.9,-36.836424,174.741650,1,True
esp32_device_001,2026-04-29T10:07:03.294416+12:00,53.9,-36.836258,174.741753,1,True
esp32_device_001,2026-04-29T10:07:03.307107+12:00,53.9,-36.836146,174.741838,1,True
esp32_device_001,2026-04-29T10:07:03.319797+12:00,53.9,-36.835594,174.742220,1,True
esp32_device_001,2026-04-29T10:07:03.332487+12:00,53.9,-36.830755,174.745413,1,True
esp32_device_001,2026-04-29T10:07:03.345178+12:00,53.9,-36.830090,174.745851,1,True
esp32_device_001,2026-04-29T10:07:03.357868+12:00,54.0,-36.829482,174.746253,1,True
esp32_device_001,2026-04-29T10:07:03.370558+12:00,54.0,-36.829127,174.746487,1,True
esp32_device_001,2026-04-29T10:07:03.383249+12:00,54.0,-36.828740,174.746742,1,True
esp32_device_001,2026-04-29T10:07:03.395939+12:00,54.0,-36.828163,174.747123,1,True
esp32_device_001,2026-04-29T10:07:03.408629+12:00,54.0,-36.827631,174.747475,1,True
esp32_device_001,2026-04-29T10:07:03.421320+12:00,54.0,-36.826833,174.748001,1,True
esp32_device_001,2026-04-29T10:07:03.434010+12:00,54.0,-36.824432,174.749586,1,True
esp32_device_001,2026-04-29T10:07:03.446701+12:00,54.0,-36.824211,174.749724,1,True
esp32_device_001,2026-04-29T10:07:03.459391+12:00,54.0,-36.823995,174.749847,1,True
esp32_device_001,2026-04-29T10:07:03.472081+12:00,54.0,-36.823771,174.749967,1,True
esp32_device_001,2026-04-29T10:07:03.484772+12:00,54.0,-36.823542,174.750062,1,True
esp32_device_001,2026-04-29T10:07:03.497462+12:00,54.0,-36.823312,174.750135,1,True
esp32_device_001,2026-04-29T10:07:03.510152+12:00,54.0,-36.823081,174.750180,1,True
esp32_device_001,2026-04-29T10:07:03.522843+12:00,54.0,-36.822927,174.750192,1,True
esp32_device_001,2026-04-29T10:07:03.535533+12:00,54.0,-36.822769,174.750200,1,True
esp32_device_001,2026-04-29T10:07:03.548223+12:00,54.0,-36.822492,174.750187,1,True
esp32_device_001,2026-04-29T10:07:03.560914+12:00,54.0,-36.822253,174.750154,1,True
esp32_device_001,2026-04-29T10:07:03.573604+12:00,54.0,-36.821995,174.750106,1,True
esp32_device_001,2026-04-29T10:07:03.586294+12:00,54.0,-36.821823,174.750061,1,True
esp32_device_001,2026-04-29T10:07:03.598985+12:00,54.0,-36.821467,174.749972,1,True
esp32_device_001,2026-04-29T10:07:03.611675+12:00,54.0,-36.821111,174.749881,1,True
esp32_device_001,2026-04-29T10:07:03.624365+12:00,54.0,-36.820760,174.749773,1,True
esp32_device_001,2026-04-29T10:07:03.637056+12:00,54.0,-36.820583,174.749712,1,True
esp32_device_001,2026-04-29T10:07:03.649746+12:00,54.0,-36.820231,174.749649,1,True
esp32_device_001,2026-04-29T10:07:03.662437+12:00,54.0,-36.820038,174.749665,1,True
esp32_device_001,2026-04-29T10:07:03.675127+12:00,54.0,-36.819778,174.749724,1,True
esp32_device_001,2026-04-29T10:07:03.687817+12:00,54.0,-36.819614,174.749728,1,True
esp32_device_001,2026-04-29T10:07:03.700508+12:00,54.0,-36.819433,174.749739,1,True
esp32_device_001,2026-04-29T10:07:03.713198+12:00,54.0,-36.819249,174.749763,1,True
esp32_device_001,2026-04-29T10:07:03.725888+12:00,54.0,-36.818987,174.749815,1,True
esp32_device_001,2026-04-29T10:07:03.738579+12:00,54.1,-36.818645,174.749910,1,True
esp32_device_001,2026-04-29T10:07:03.751269+12:00,54.1,-36.818194,174.750041,1,True
esp32_device_001,2026-04-29T10:07:03.763959+12:00,54.1,-36.817640,174.750207,1,True
esp32_device_001,2026-04-29T10:07:03.776650+12:00,54.1,-36.816495,174.750540,1,True
esp32_device_001,2026-04-29T10:07:03.789340+12:00,54.1,-36.816217,174.750624,1,True
esp32_device_001,2026-04-29T10:07:03.802030+12:00,54.1,-36.816019,174.750683,1,True
esp32_device_001,2026-04-29T10:07:03.814721+12:00,54.1,-36.815759,174.750780,1,True
esp32_device_001,2026-04-29T10:07:03.827411+12:00,54.1,-36.815105,174.750955,1,True
esp32_device_001,2026-04-29T10:07:03.840102+12:00,54.1,-36.814856,174.751106,1,True
esp32_device_001,2026-04-29T10:07:03.852792+12:00,54.1,-36.814652,174.751246,1,True
esp32_device_001,2026-04-29T10:07:03.865482+12:00,54.1,-36.814431,174.751376,1,True
esp32_device_001,2026-04-29T10:07:03.878173+12:00,54.1,-36.814243,174.751454,1,True
esp32_device_001,2026-04-29T10:07:03.890863+12:00,54.1,-36.814082,174.751502,1,True
esp32_device_001,2026-04-29T10:07:03.903553+12:00,54.1,-36.814007,174.751521,1,True
esp32_device_001,2026-04-29T10:07:03.916244+12:00,54.1,-36.813923,174.751533,1,True
esp32_device_001,2026-04-29T10:07:03.928934+12:00,54.1,-36.813855,174.751539,1,True
esp32_device_001,2026-04-29T10:07:03.941624+12:00,54.1,-36.813773,174.751540,1,True
esp32_device_001,2026-04-29T10:07:03.954315+12:00,54.1,-36.813697,174.751535,1,True
esp32_device_001,2026-04-29T10:07:03.967005+12:00,54.1,-36.813587,174.751517,1,True
esp32_device_001,2026-04-29T10:07:03.979695+12:00,54.1,-36.813494,174.751495,1,True
esp32_device_001,2026-04-29T10:07:03.992386+12:00,54.1,-36.813395,174.751460,1,True
esp32_device_001,2026-04-29T10:07:04.005076+12:00,54.1,-36.813339,174.751435,1,True
esp32_device_001,2026-04-29T10:07:04.017766+12:00,54.1,-36.812931,174.751245,1,True
esp32_device_001,2026-04-29T10:07:04.030457+12:00,54.1,-36.812769,174.751182,1,True
esp32_device_001,2026-04-29T10:07:04.043147+12:00,54.1,-36.812581,174.751064,1,True
esp32_device_001,2026-04-29T10:07:04.055838+12:00,54.1,-36.812497,174.751007,1,True
esp32_device_001,2026-04-29T10:07:04.068528+12:00,54.1,-36.812413,174.750951,1,True
esp32_device_001,2026-04-29T10:07:04.081218+12:00,54.1,-36.812369,174.750920,1,True
esp32_device_001,2026-04-29T10:07:04.093909+12:00,54.1,-36.812318,174.750895,1,True
esp32_device_001,2026-04-29T10:07:04.106599+12:00,54.1,-36.812294,174.750898,1,True
esp32_device_001,2026-04-29T10:07:04.119289+12:00,54.2,-36.812269,174.750907,1,True
esp32_device_001,2026-04-29T10:07:04.131980+12:00,54.2,-36.812247,174.750922,1,True
esp32_device_001,2026-04-29T10:07:04.144670+12:00,54.2,-36.812230,174.750940,1,True
esp32_device_001,2026-04-29T10:07:04.157360+12:00,54.2,-36.812214,174.750965,1,True
esp32_device_001,2026-04-29T10:07:04.170051+12:00,54.2,-36.812198,174.751007,1,True
esp32_device_001,2026-04-29T10:07:04.182741+12:00,54.2,-36.812195,174.751089,1,True
esp32_device_001,2026-04-29T10:07:04.195431+12:00,54.2,-36.812193,174.751164,1,True
esp32_device_001,2026-04-29T10:07:04.208122+12:00,54.2,-36.812201,174.751359,1,True
esp32_device_001,2026-04-29T10:07:04.220812+12:00,54.2,-36.812201,174.751461,1,True
esp32_device_001,2026-04-29T10:07:04.233503+12:00,54.2,-36.812196,174.751561,1,True
esp32_device_001,2026-04-29T10:07:04.246193+12:00,54.2,-36.812185,174.751681,1,True
esp32_device_001,2026-04-29T10:07:04.258883+12:00,54.2,-36.812172,174.751783,1,True
esp32_device_001,2026-04-29T10:07:04.271574+12:00,54.2,-36.812155,174.751875,1,True
esp32_device_001,2026-04-29T10:07:04.284264+12:00,54.2,-36.812131,174.751984,1,True
esp32_device_001,2026-04-29T10:07:04.296954+12:00,54.2,-36.812104,174.752092,1,True
esp32_device_001,2026-04-29T10:07:04.309645+12:00,54.2,-36.812045,174.752277,1,True
esp32_device_001,2026-04-29T10:07:04.322335+12:00,54.2,-36.811977,174.752479,1,True
esp32_device_001,2026-04-29T10:07:04.335025+12:00,54.2,-36.811908,174.752680,1,True
esp32_device_001,2026-04-29T10:07:04.347716+12:00,54.2,-36.811866,174.752816,1,True
esp32_device_001,2026-04-29T10:07:04.360406+12:00,54.2,-36.811841,174.752927,1,True
esp32_device_001,2026-04-29T10:07:04.373096+12:00,54.2,-36.811825,174.753035,1,True
esp32_device_001,2026-04-29T10:07:04.385787+12:00,54.2,-36.811819,174.753157,1,True
esp32_device_001,2026-04-29T10:07:04.398477+12:00,54.2,-36.811820,174.753260,1,True
esp32_device_001,2026-04-29T10:07:04.411168+12:00,54.2,-36.811824,174.753319,1,True
esp32_device_001,2026-04-29T10:07:04.423858+12:00,54.2,-36.811841,174.753417,1,True
esp32_device_001,2026-04-29T10:07:04.436548+12:00,54.2,-36.811861,174.753512,1,True
esp32_device_001,2026-04-29T10:07:04.449239+12:00,54.2,-36.811883,174.753600,1,True
esp32_device_001,2026-04-29T10:07:04.461929+12:00,54.2,-36.811913,174.753685,1,True
esp32_device_001,2026-04-29T10:07:04.474619+12:00,54.2,-36.811949,174.753759,1,True
esp32_device_001,2026-04-29T10:07:04.487310+12:00,54.2,-36.811984,174.753837,1,True
esp32_device_001,2026-04-29T10:07:04.500000+12:00,54.2,-36.812021,174.753898,1,True
esp32_device_001,2026-04-29T10:07:04.512690+12:00,54.3,-36.812071,174.753968,1,True
esp32_device_001,2026-04-29T10:07:04.525381+12:00,54.3,-36.812135,174.754044,1,True
esp32_device_001,2026-04-29T10:07:04.538071+12:00,54.3,-36.812190,174.754103,1,True
esp32_device_001,2026-04-29T10:07:04.550761+12:00,54.3,-36.812232,174.754140,1,True
esp32_device_001,2026-04-29T10:07:04.563452+12:00,54.3,-36.812287,174.754181,1,True
esp32_device_001,2026-04-29T10:07:04.576142+12:00,54.3,-36.812400,174.754245,1,True
esp32_device_001,2026-04-29T10:07:04.588832+12:00,54.3,-36.812471,174.754271,1,True
esp32_device_001,2026-04-29T10:07:04.601523+12:00,54.3,-36.812551,174.754297,1,True
esp32_device_001,2026-04-29T10:07:04.614213+12:00,54.3,-36.812622,174.754309,1,True
esp32_device_001,2026-04-29T10:07:04.626904+12:00,54.3,-36.812688,174.754314,1,True
esp32_device_001,2026-04-29T10:07:04.639594+12:00,54.3,-36.812738,174.754313,1,True
esp32_device_001,2026-04-29T10:07:04.652284+12:00,54.3,-36.812807,174.754310,1,True
esp32_device_001,2026-04-29T10:07:04.664975+12:00,54.3,-36.812877,174.754297,1,True
esp32_device_001,2026-04-29T10:07:04.677665+12:00,54.3,-36.812946,174.754278,1,True
esp32_device_001,2026-04-29T10:07:04.690355+12:00,54.3,-36.813018,174.754251,1,True
esp32_device_001,2026-04-29T10:07:04.703046+12:00,54.3,-36.813096,174.754213,1,True
esp32_device_001,2026-04-29T10:07:04.715736+12:00,54.3,-36.813172,174.754168,1,True
esp32_device_001,2026-04-29T10:07:04.728426+12:00,54.3,-36.813247,174.754117,1,True
esp32_device_001,2026-04-29T10:07:04.741117+12:00,54.3,-36.813321,174.754058,1,True
esp32_device_001,2026-04-29T10:07:04.753807+12:00,54.3,-36.813390,174.753992,1,True
esp32_device_001,2026-04-29T10:07:04.766497+12:00,54.3,-36.813444,174.753933,1,True
esp32_device_001,2026-04-29T10:07:04.779188+12:00,54.3,-36.813494,174.753867,1,True
esp32_device_001,2026-04-29T10:07:04.791878+12:00,54.3,-36.813549,174.753791,1,True
esp32_device_001,2026-04-29T10:07:04.804569+12:00,54.3,-36.813602,174.753700,1,True
esp32_device_001,2026-04-29T10:07:04.817259+12:00,54.3,-36.813645,174.753621,1,True
esp32_device_001,2026-04-29T10:07:04.829949+12:00,54.3,-36.813689,174.753519,1,True
esp32_device_001,2026-04-29T10:07:04.842640+12:00,54.3,-36.813729,174.753417,1,True
esp32_device_001,2026-04-29T10:07:04.855330+12:00,54.3,-36.813770,174.753307,1,True
esp32_device_001,2026-04-29T10:07:04.868020+12:00,54.3,-36.813807,174.753202,1,True
esp32_device_001,2026-04-29T10:07:04.880711+12:00,54.3,-36.813847,174.753082,1,True
esp32_device_001,2026-04-29T10:07:04.893401+12:00,54.4,-36.813893,174.752955,1,True
esp32_device_001,2026-04-29T10:07:04.906091+12:00,54.4,-36.813941,174.752817,1,True
esp32_device_001,2026-04-29T10:07:04.918782+12:00,54.4,-36.814002,174.752665,1,True
esp32_device_001,2026-04-29T10:07:04.931472+12:00,54.4,-36.814031,174.752597,1,True
esp32_device_001,2026-04-29T10:07:04.944162+12:00,54.4,-36.814078,174.752504,1,True
esp32_device_001,2026-04-29T10:07:04.956853+12:00,54.4,-36.814120,174.752439,1,True
esp32_device_001,2026-04-29T10:07:04.969543+12:00,54.4,-36.814156,174.752384,1,True
esp32_device_001,2026-04-29T10:07:04.982234+12:00,54.4,-36.814361,174.752060,1,True
esp32_device_001,2026-04-29T10:07:04.994924+12:00,54.4,-36.814609,174.751761,1,True
esp32_device_001,2026-04-29T10:07:05.007614+12:00,54.4,-36.814735,174.751639,1,True
esp32_device_001,2026-04-29T10:07:05.020305+12:00,54.4,-36.814801,174.751587,1,True
esp32_device_001,2026-04-29T10:07:05.032995+12:00,54.4,-36.814880,174.751532,1,True
esp32_device_001,2026-04-29T10:07:05.045685+12:00,54.4,-36.815004,174.751444,1,True
esp32_device_001,2026-04-29T10:07:05.058376+12:00,54.4,-36.815117,174.751371,1,True
esp32_device_001,2026-04-29T10:07:05.071066+12:00,54.4,-36.815158,174.751345,1,True
esp32_device_001,2026-04-29T10:07:05.083756+12:00,54.4,-36.815329,174.751202,1,True
esp32_device_001,2026-04-29T10:07:05.096447+12:00,54.4,-36.815571,174.751111,1,True
esp32_device_001,2026-04-29T10:07:05.109137+12:00,54.4,-36.815851,174.751027,1,True
esp32_device_001,2026-04-29T10:07:05.121827+12:00,54.4,-36.816216,174.750937,1,True
esp32_device_001,2026-04-29T10:07:05.134518+12:00,54.4,-36.817110,174.750716,1,True
esp32_device_001,2026-04-29T10:07:05.147208+12:00,54.4,-36.818149,174.750467,1,True
esp32_device_001,2026-04-29T10:07:05.159898+12:00,54.4,-36.818967,174.750249,1,True
esp32_device_001,2026-04-29T10:07:05.172589+12:00,54.4,-36.819297,174.750155,1,True
esp32_device_001,2026-04-29T10:07:05.185279+12:00,54.4,-36.819682,174.750083,1,True
esp32_device_001,2026-04-29T10:07:05.197970+12:00,54.4,-36.820045,174.750045,1,True
esp32_device_001,2026-04-29T10:07:05.210660+12:00,54.4,-36.820504,174.750072,1,True
esp32_device_001,2026-04-29T10:07:05.223350+12:00,54.4,-36.820778,174.750109,1,True
esp32_device_001,2026-04-29T10:07:05.236041+12:00,54.4,-36.821249,174.750174,1,True
esp32_device_001,2026-04-29T10:07:05.248731+12:00,54.4,-36.821526,174.750173,1,True
esp32_device_001,2026-04-29T10:07:05.261421+12:00,54.4,-36.822174,174.750283,1,True
esp32_device_001,2026-04-29T10:07:05.274112+12:00,54.5,-36.822371,174.750311,1,True
esp32_device_001,2026-04-29T10:07:05.286802+12:00,54.5,-36.822562,174.750334,1,True
esp32_device_001,2026-04-29T10:07:05.299492+12:00,54.5,-36.822766,174.750345,1,True
esp32_device_001,2026-04-29T10:07:05.312183+12:00,54.5,-36.822946,174.750339,1,True
esp32_device_001,2026-04-29T10:07:05.324873+12:00,54.5,-36.823124,174.750321,1,True
esp32_device_001,2026-04-29T10:07:05.337563+12:00,54.5,-36.823323,174.750281,1,True
esp32_device_001,2026-04-29T10:07:05.350254+12:00,54.5,-36.823575,174.750201,1,True
esp32_device_001,2026-04-29T10:07:05.362944+12:00,54.5,-36.823818,174.750102,1,True
esp32_device_001,2026-04-29T10:07:05.375635+12:00,54.5,-36.824029,174.749992,1,True
esp32_device_001,2026-04-29T10:07:05.388325+12:00,54.5,-36.824265,174.749856,1,True
esp32_device_001,2026-04-29T10:07:05.401015+12:00,54.5,-36.824486,174.749714,1,True
esp32_device_001,2026-04-29T10:07:05.413706+12:00,54.5,-36.825685,174.748919,1,True
esp32_device_001,2026-04-29T10:07:05.426396+12:00,54.5,-36.826887,174.748127,1,True
esp32_device_001,2026-04-29T10:07:05.439086+12:00,54.5,-36.827683,174.747602,1,True
esp32_device_001,2026-04-29T10:07:05.451777+12:00,54.5,-36.828216,174.747250,1,True
esp32_device_001,2026-04-29T10:07:05.464467+12:00,54.5,-36.828797,174.746866,1,True
esp32_device_001,2026-04-29T10:07:05.477157+12:00,54.5,-36.829179,174.746615,1,True
esp32_device_001,2026-04-29T10:07:05.489848+12:00,54.5,-36.829531,174.746382,1,True
esp32_device_001,2026-04-29T10:07:05.502538+12:00,54.5,-36.830141,174.745979,1,True
esp32_device_001,2026-04-29T10:07:05.515228+12:00,54.5,-36.830797,174.745547,1,True
esp32_device_001,2026-04-29T10:07:05.527919+12:00,54.5,-36.835646,174.742347,1,True
esp32_device_001,2026-04-29T10:07:05.540609+12:00,54.5,-36.836023,174.742102,1,True
esp32_device_001,2026-04-29T10:07:05.553299+12:00,54.5,-36.836542,174.741875,1,True
esp32_device_001,2026-04-29T10:07:05.565990+12:00,54.5,-36.836844,174.741753,1,True
esp32_device_001,2026-04-29T10:07:05.578680+12:00,54.5,-36.837142,174.741666,1,True
esp32_device_001,2026-04-29T10:07:05.591371+12:00,54.5,-36.837308,174.741646,1,True
esp32_device_001,2026-04-29T10:07:05.604061+12:00,54.5,-36.837484,174.741640,1,True
esp32_device_001,2026-04-29T10:07:05.616751+12:00,54.5,-36.837667,174.741652,1,True
esp32_device_001,2026-04-29T10:07:05.629442+12:00,54.5,-36.837849,174.741690,1,True
esp32_device_001,2026-04-29T10:07:05.642132+12:00,54.5,-36.838015,174.741740,1,True
esp32_device_001,2026-04-29T10:07:05.654822+12:00,54.6,-36.838206,174.741830,1,True
esp32_device_001,2026-04-29T10:07:05.667513+12:00,54.6,-36.838381,174.741936,1,True
esp32_device_001,2026-04-29T10:07:05.680203+12:00,54.6,-36.838517,174.742041,1,True
esp32_device_001,2026-04-29T10:07:05.692893+12:00,54.6,-36.838632,174.742147,1,True
esp32_device_001,2026-04-29T10:07:05.705584+12:00,54.6,-36.838767,174.742283,1,True
esp32_device_001,2026-04-29T10:07:05.718274+12:00,54.6,-36.839008,174.742561,1,True
esp32_device_001,2026-04-29T10:07:05.730964+12:00,54.6,-36.839186,174.742819,1,True
esp32_device_001,2026-04-29T10:07:05.743655+12:00,54.6,-36.839447,174.743208,1,True
esp32_device_001,2026-04-29T10:07:05.756345+12:00,54.6,-36.840124,174.744340,1,True
esp32_device_001,2026-04-29T10:07:05.769036+12:00,54.6,-36.840236,174.744527,1,True
esp32_device_001,2026-04-29T10:07:05.781726+12:00,54.6,-36.840394,174.744770,1,True
esp32_device_001,2026-04-29T10:07:05.794416+12:00,54.6,-36.840513,174.744931,1,True
esp32_device_001,2026-04-29T10:07:05.807107+12:00,54.6,-36.840633,174.745071,1,True
esp32_device_001,2026-04-29T10:07:05.819797+12:00,54.6,-36.840773,174.745205,1,True
esp32_device_001,2026-04-29T10:07:05.832487+12:00,54.6,-36.840983,174.745369,1,True
esp32_device_001,2026-04-29T10:07:05.845178+12:00,54.6,-36.841202,174.745517,1,True
esp32_device_001,2026-04-29T10:07:05.857868+12:00,54.6,-36.841443,174.745666,1,True
esp32_device_001,2026-04-29T10:07:05.870558+12:00,54.6,-36.841662,174.745812,1,True
esp32_device_001,2026-04-29T10:07:05.883249+12:00,54.6,-36.841787,174.745911,1,True
esp32_device_001,2026-04-29T10:07:05.895939+12:00,54.6,-36.841906,174.746017,1,True
esp32_device_001,2026-04-29T10:07:05.908629+12:00,54.6,-36.842005,174.746122,1,True
esp32_device_001,2026-04-29T10:07:05.921320+12:00,54.6,-36.842152,174.746304,1,True
esp32_device_001,2026-04-29T10:07:05.934010+12:00,54.6,-36.842273,174.746486,1,True
esp32_device_001,2026-04-29T10:07:05.946701+12:00,54.6,-36.842386,174.746711,1,True
esp32_device_001,2026-04-29T10:07:05.959391+12:00,54.6,-36.842483,174.746946,1,True
esp32_device_001,2026-04-29T10:07:05.972081+12:00,54.6,-36.842550,174.747180,1,True
esp32_device_001,2026-04-29T10:07:05.984772+12:00,54.6,-36.842607,174.747418,1,True
esp32_device_001,2026-04-29T10:07:05.997462+12:00,54.6,-36.842636,174.747557,1,True
esp32_device_001,2026-04-29T10:07:06.010152+12:00,54.6,-36.842715,174.747948,1,True
esp32_device_001,2026-04-29T10:07:06.022843+12:00,54.6,-36.842798,174.748324,1,True
esp32_device_001,2026-04-29T10:07:06.035533+12:00,54.6,-36.842887,174.748674,1,True
esp32_device_001,2026-04-29T10:07:06.048223+12:00,54.7,-36.842981,174.748991,1,True
esp32_device_001,2026-04-29T10:07:06.060914+12:00,54.7,-36.843078,174.749278,1,True
esp32_device_001,2026-04-29T10:07:06.073604+12:00,54.7,-36.843226,174.749620,1,True
esp32_device_001,2026-04-29T10:07:06.086294+12:00,54.7,-36.843367,174.749863,1,True
esp32_device_001,2026-04-29T10:07:06.098985+12:00,54.7,-36.843607,174.750275,1,True
esp32_device_001,2026-04-29T10:07:06.111675+12:00,54.7,-36.843804,174.750617,1,True
esp32_device_001,2026-04-29T10:07:06.124365+12:00,54.7,-36.843915,174.750803,1,True
esp32_device_001,2026-04-29T10:07:06.137056+12:00,54.7,-36.843956,174.750873,1,True
esp32_device_001,2026-04-29T10:07:06.149746+12:00,54.7,-36.844111,174.751131,1,True
esp32_device_001,2026-04-29T10:07:06.162437+12:00,54.7,-36.844336,174.751527,1,True
esp32_device_001,2026-04-29T10:07:06.175127+12:00,54.7,-36.844518,174.751821,1,True
esp32_device_001,2026-04-29T10:07:06.187817+12:00,54.7,-36.844613,174.751975,1,True
esp32_device_001,2026-04-29T10:07:06.200508+12:00,54.7,-36.844667,174.752056,1,True
esp32_device_001,2026-04-29T10:07:06.213198+12:00,54.7,-36.844723,174.752133,1,True
esp32_device_001,2026-04-29T10:07:06.225888+12:00,54.7,-36.844796,174.752230,1,True
esp32_device_001,2026-04-29T10:07:06.238579+12:00,54.7,-36.844845,174.752288,1,True
esp32_device_001,2026-04-29T10:07:06.251269+12:00,54.7,-36.844885,174.752337,1,True
esp32_device_001,2026-04-29T10:07:06.263959+12:00,54.7,-36.844958,174.752419,1,True
esp32_device_001,2026-04-29T10:07:06.276650+12:00,54.7,-36.845029,174.752492,1,True
esp32_device_001,2026-04-29T10:07:06.289340+12:00,54.7,-36.845103,174.752559,1,True
esp32_device_001,2026-04-29T10:07:06.302030+12:00,54.7,-36.845207,174.752643,1,True
esp32_device_001,2026-04-29T10:07:06.314721+12:00,54.7,-36.845315,174.752721,1,True
esp32_device_001,2026-04-29T10:07:06.327411+12:00,54.7,-36.845459,174.752814,1,True
esp32_device_001,2026-04-29T10:07:06.340102+12:00,54.7,-36.845636,174.752899,1,True
esp32_device_001,2026-04-29T10:07:06.352792+12:00,54.7,-36.845729,174.752943,1,True
esp32_device_001,2026-04-29T10:07:06.365482+12:00,54.7,-36.845839,174.752977,1,True
esp32_device_001,2026-04-29T10:07:06.378173+12:00,54.7,-36.845929,174.753005,1,True
esp32_device_001,2026-04-29T10:07:06.390863+12:00,54.7,-36.846083,174.753036,1,True
esp32_device_001,2026-04-29T10:07:06.403553+12:00,54.7,-36.846232,174.753059,1,True
esp32_device_001,2026-04-29T10:07:06.416244+12:00,54.7,-36.846926,174.753107,1,True
esp32_device_001,2026-04-29T10:07:06.428934+12:00,54.8,-36.847993,174.753160,1,True
esp32_device_001,2026-04-29T10:07:06.441624+12:00,54.8,-36.848371,174.753186,1,True
esp32_device_001,2026-04-29T10:07:06.454315+12:00,54.8,-36.848620,174.753207,1,True
esp32_device_001,2026-04-29T10:07:06.467005+12:00,54.8,-36.849080,174.753278,1,True
esp32_device_001,2026-04-29T10:07:06.479695+12:00,54.8,-36.849369,174.753335,1,True
esp32_device_001,2026-04-29T10:07:06.492386+12:00,54.8,-36.849518,174.753379,1,True
esp32_device_001,2026-04-29T10:07:06.505076+12:00,54.8,-36.849739,174.753448,1,True
esp32_device_001,2026-04-29T10:07:06.517766+12:00,54.8,-36.850065,174.753572,1,True
esp32_device_001,2026-04-29T10:07:06.530457+12:00,54.8,-36.850229,174.753653,1,True
esp32_device_001,2026-04-29T10:07:06.543147+12:00,54.8,-36.850516,174.753798,1,True
esp32_device_001,2026-04-29T10:07:06.555838+12:00,54.8,-36.850801,174.753976,1,True
esp32_device_001,2026-04-29T10:07:06.568528+12:00,54.8,-36.851062,174.754155,1,True
esp32_device_001,2026-04-29T10:07:06.581218+12:00,54.8,-36.852234,174.755136,1,True
esp32_device_001,2026-04-29T10:07:06.593909+12:00,54.8,-36.852694,174.755522,1,True
esp32_device_001,2026-04-29T10:07:06.606599+12:00,54.8,-36.853064,174.755806,1,True
esp32_device_001,2026-04-29T10:07:06.619289+12:00,54.8,-36.853641,174.756317,1,True
esp32_device_001,2026-04-29T10:07:06.631980+12:00,54.8,-36.853819,174.756469,1,True
esp32_device_001,2026-04-29T10:07:06.644670+12:00,54.8,-36.853999,174.756625,1,True
esp32_device_001,2026-04-29T10:07:06.657360+12:00,54.8,-36.854184,174.756769,1,True
esp32_device_001,2026-04-29T10:07:06.670051+12:00,54.8,-36.854365,174.756862,1,True
esp32_device_001,2026-04-29T10:07:06.682741+12:00,54.8,-36.854539,174.756949,1,True
esp32_device_001,2026-04-29T10:07:06.695431+12:00,54.8,-36.854742,174.757018,1,True
esp32_device_001,2026-04-29T10:07:06.708122+12:00,54.8,-36.854903,174.757051,1,True
esp32_device_001,2026-04-29T10:07:06.720812+12:00,54.8,-36.855054,174.757069,1,True
esp32_device_001,2026-04-29T10:07:06.733503+12:00,54.8,-36.855311,174.757069,1,True
esp32_device_001,2026-04-29T10:07:06.746193+12:00,54.8,-36.855487,174.757050,1,True
esp32_device_001,2026-04-29T10:07:06.758883+12:00,54.8,-36.855657,174.757014,1,True
esp32_device_001,2026-04-29T10:07:06.771574+12:00,54.8,-36.856037,174.756878,1,True
esp32_device_001,2026-04-29T10:07:06.784264+12:00,54.8,-36.856520,174.756596,1,True
esp32_device_001,2026-04-29T10:07:06.796954+12:00,54.8,-36.856802,174.756432,1,True
esp32_device_001,2026-04-29T10:07:06.809645+12:00,54.9,-36.857007,174.756321,1,True
esp32_device_001,2026-04-29T10:07:06.822335+12:00,54.9,-36.857134,174.756261,1,True
esp32_device_001,2026-04-29T10:07:06.835025+12:00,54.9,-36.857268,174.756218,1,True
esp32_device_001,2026-04-29T10:07:06.847716+12:00,54.9,-36.857493,174.756178,1,True
esp32_device_001,2026-04-29T10:07:06.860406+12:00,54.9,-36.857677,174.756170,1,True
esp32_device_001,2026-04-29T10:07:06.873096+12:00,54.9,-36.857863,174.756180,1,True
esp32_device_001,2026-04-29T10:07:06.885787+12:00,54.9,-36.858085,174.756236,1,True
esp32_device_001,2026-04-29T10:07:06.898477+12:00,54.9,-36.858244,174.756298,1,True
esp32_device_001,2026-04-29T10:07:06.911168+12:00,54.9,-36.858347,174.756356,1,True
esp32_device_001,2026-04-29T10:07:06.923858+12:00,54.9,-36.858737,174.756574,1,True
esp32_device_001,2026-04-29T10:07:06.936548+12:00,54.9,-36.858835,174.756648,1,True
esp32_device_001,2026-04-29T10:07:06.949239+12:00,54.9,-36.858942,174.756746,1,True
esp32_device_001,2026-04-29T10:07:06.961929+12:00,54.9,-36.859067,174.756890,1,True
esp32_device_001,2026-04-29T10:07:06.974619+12:00,54.9,-36.859187,174.757053,1,True
esp32_device_001,2026-04-29T10:07:06.987310+12:00,54.9,-36.859280,174.757222,1,True
esp32_device_001,2026-04-29T10:07:07+12:00,54.9,-36.859425,174.757233,1,False
esp32_device_001,2026-04-29T10:07:07.014749+12:00,54.9,-36.859370,174.757407,1,True
esp32_device_001,2026-04-29T10:07:07.029499+12:00,54.9,-36.859433,174.757547,1,True
esp32_device_001,2026-04-29T10:07:07.044248+12:00,54.9,-36.859493,174.757723,1,True
esp32_device_001,2026-04-29T10:07:07.058997+12:00,54.9,-36.859550,174.757939,1,True
esp32_device_001,2026-04-29T10:07:07.073746+12:00,54.9,-36.859588,174.758149,1,True
esp32_device_001,2026-04-29T10:07:07.088496+12:00,54.9,-36.859611,174.758375,1,True
esp32_device_001,2026-04-29T10:07:07.103245+12:00,54.9,-36.859626,174.758709,1,True
esp32_device_001,2026-04-29T10:07:07.117994+12:00,54.9,-36.859631,174.759152,1,True
esp32_device_001,2026-04-29T10:07:07.132743+12:00,54.9,-36.859647,174.759691,1,True
esp32_device_001,2026-04-29T10:07:07.147493+12:00,55.0,-36.859655,174.759810,1,True
esp32_device_001,2026-04-29T10:07:07.162242+12:00,55.0,-36.859688,174.760137,1,True
esp32_device_001,2026-04-29T10:07:07.176991+12:00,55.0,-36.859835,174.760839,1,True
esp32_device_001,2026-04-29T10:07:07.191740+12:00,55.0,-36.859926,174.761221,1,True
esp32_device_001,2026-04-29T10:07:07.206490+12:00,55.0,-36.860026,174.761562,1,True
esp32_device_001,2026-04-29T10:07:07.221239+12:00,55.0,-36.860133,174.761858,1,True
esp32_device_001,2026-04-29T10:07:07.235988+12:00,55.0,-36.860254,174.762151,1,True
esp32_device_001,2026-04-29T10:07:07.250737+12:00,55.0,-36.860335,174.762312,1,True
esp32_device_001,2026-04-29T10:07:07.265487+12:00,55.0,-36.860476,174.762560,1,True
esp32_device_001,2026-04-29T10:07:07.280236+12:00,55.0,-36.860514,174.762619,1,True
esp32_device_001,2026-04-29T10:07:07.294985+12:00,55.0,-36.860678,174.762848,1,True
esp32_device_001,2026-04-29T10:07:07.309735+12:00,55.0,-36.860822,174.763023,1,True
esp32_device_001,2026-04-29T10:07:07.324484+12:00,55.0,-36.860938,174.763143,1,True
esp32_device_001,2026-04-29T10:07:07.339233+12:00,55.0,-36.861063,174.763263,1,True
esp32_device_001,2026-04-29T10:07:07.353982+12:00,55.0,-36.861243,174.763409,1,True
esp32_device_001,2026-04-29T10:07:07.368732+12:00,55.0,-36.861451,174.763560,1,True
esp32_device_001,2026-04-29T10:07:07.383481+12:00,55.0,-36.861635,174.763677,1,True
esp32_device_001,2026-04-29T10:07:07.398230+12:00,55.0,-36.861880,174.763840,1,True
esp32_device_001,2026-04-29T10:07:07.412979+12:00,55.0,-36.862099,174.763990,1,True
esp32_device_001,2026-04-29T10:07:07.427729+12:00,55.1,-36.862420,174.764220,1,True
esp32_device_001,2026-04-29T10:07:07.442478+12:00,55.1,-36.862579,174.764352,1,True
esp32_device_001,2026-04-29T10:07:07.457227+12:00,55.1,-36.862731,174.764493,1,True
esp32_device_001,2026-04-29T10:07:07.471976+12:00,55.1,-36.862850,174.764609,1,True
esp32_device_001,2026-04-29T10:07:07.486726+12:00,55.1,-36.863035,174.764835,1,True
esp32_device_001,2026-04-29T10:07:07.501475+12:00,55.1,-36.863222,174.765088,1,True
esp32_device_001,2026-04-29T10:07:07.516224+12:00,55.1,-36.863448,174.765441,1,True
esp32_device_001,2026-04-29T10:07:07.530973+12:00,55.1,-36.863743,174.765918,1,True
esp32_device_001,2026-04-29T10:07:07.545723+12:00,55.1,-36.863890,174.766143,1,True
esp32_device_001,2026-04-29T10:07:07.560472+12:00,55.1,-36.864011,174.766315,1,True
esp32_device_001,2026-04-29T10:07:07.575221+12:00,55.1,-36.864140,174.766470,1,True
esp32_device_001,2026-04-29T10:07:07.589971+12:00,55.1,-36.864275,174.766610,1,True
esp32_device_001,2026-04-29T10:07:07.604720+12:00,55.1,-36.864406,174.766736,1,True
esp32_device_001,2026-04-29T10:07:07.619469+12:00,55.1,-36.864572,174.766875,1,True
esp32_device_001,2026-04-29T10:07:07.634218+12:00,55.1,-36.864710,174.766975,1,True
esp32_device_001,2026-04-29T10:07:07.648968+12:00,55.1,-36.864821,174.767053,1,True
esp32_device_001,2026-04-29T10:07:07.663717+12:00,55.1,-36.864964,174.767133,1,True
esp32_device_001,2026-04-29T10:07:07.678466+12:00,55.1,-36.865131,174.767220,1,True
esp32_device_001,2026-04-29T10:07:07.693215+12:00,55.1,-36.865295,174.767293,1,True
esp32_device_001,2026-04-29T10:07:07.707965+12:00,55.2,-36.865567,174.767393,1,True
esp32_device_001,2026-04-29T10:07:07.722714+12:00,55.2,-36.865980,174.767532,1,True
esp32_device_001,2026-04-29T10:07:07.737463+12:00,55.2,-36.866209,174.767606,1,True
esp32_device_001,2026-04-29T10:07:07.752212+12:00,55.2,-36.866431,174.767698,1,True
esp32_device_001,2026-04-29T10:07:07.766962+12:00,55.2,-36.866567,174.767763,1,True
esp32_device_001,2026-04-29T10:07:07.781711+12:00,55.2,-36.866708,174.767829,1,True
esp32_device_001,2026-04-29T10:07:07.796460+12:00,55.2,-36.866873,174.767925,1,True
esp32_device_001,2026-04-29T10:07:07.811209+12:00,55.2,-36.867031,174.768027,1,True
esp32_device_001,2026-04-29T10:07:07.825959+12:00,55.2,-36.867246,174.768194,1,True
esp32_device_001,2026-04-29T10:07:07.840708+12:00,55.2,-36.867466,174.768394,1,True
esp32_device_001,2026-04-29T10:07:07.855457+12:00,55.2,-36.867679,174.768620,1,True
esp32_device_001,2026-04-29T10:07:07.870206+12:00,55.2,-36.867888,174.768877,1,True
esp32_device_001,2026-04-29T10:07:07.884956+12:00,55.2,-36.868165,174.769255,1,True
esp32_device_001,2026-04-29T10:07:07.899705+12:00,55.2,-36.868432,174.769623,1,True
esp32_device_001,2026-04-29T10:07:07.914454+12:00,55.2,-36.868634,174.769903,1,True
esp32_device_001,2026-04-29T10:07:07.929204+12:00,55.2,-36.869012,174.770407,1,True
esp32_device_001,2026-04-29T10:07:07.943953+12:00,55.2,-36.869441,174.770972,1,True
esp32_device_001,2026-04-29T10:07:07.958702+12:00,55.2,-36.869767,174.771402,1,True
esp32_device_001,2026-04-29T10:07:07.973451+12:00,55.3,-36.869913,174.771580,1,True
esp32_device_001,2026-04-29T10:07:07.988201+12:00,55.3,-36.869968,174.771645,1,True
esp32_device_001,2026-04-29T10:07:08.002950+12:00,55.3,-36.870242,174.772137,1,True
esp32_device_001,2026-04-29T10:07:08.017699+12:00,55.3,-36.870608,174.772571,1,True
esp32_device_001,2026-04-29T10:07:08.032448+12:00,55.3,-36.870941,174.772931,1,True
esp32_device_001,2026-04-29T10:07:08.047198+12:00,55.3,-36.871110,174.773082,1,True
esp32_device_001,2026-04-29T10:07:08.061947+12:00,55.3,-36.871449,174.773413,1,True
esp32_device_001,2026-04-29T10:07:08.076696+12:00,55.3,-36.871547,174.773526,1,True
esp32_device_001,2026-04-29T10:07:08.091445+12:00,55.3,-36.871661,174.773665,1,True
esp32_device_001,2026-04-29T10:07:08.106195+12:00,55.3,-36.871846,174.773910,1,True
esp32_device_001,2026-04-29T10:07:08.120944+12:00,55.3,-36.872052,174.774196,1,True
esp32_device_001,2026-04-29T10:07:08.135693+12:00,55.3,-36.872110,174.774277,1,True
esp32_device_001,2026-04-29T10:07:08.150442+12:00,55.3,-36.872205,174.774257,1,True
esp32_device_001,2026-04-29T10:07:08.165192+12:00,55.3,-36.872493,174.774196,1,True
esp32_device_001,2026-04-29T10:07:08.179941+12:00,55.3,-36.872528,174.774188,1,True
esp32_device_001,2026-04-29T10:07:08.194690+12:00,55.3,-36.872558,174.774151,1,True
esp32_device_001,2026-04-29T10:07:08.209440+12:00,55.3,-36.872578,174.774115,1,True
esp32_device_001,2026-04-29T10:07:08.224189+12:00,55.3,-36.872589,174.774079,1,True
esp32_device_001,2026-04-29T10:07:08.238938+12:00,55.3,-36.872596,174.774039,1,True
esp32_device_001,2026-04-29T10:07:08.253687+12:00,55.4,-36.872598,174.774001,1,True
esp32_device_001,2026-04-29T10:07:08.268437+12:00,55.4,-36.872593,174.773969,1,True
esp32_device_001,2026-04-29T10:07:08.283186+12:00,55.4,-36.872580,174.773934,1,True
esp32_device_001,2026-04-29T10:07:08.297935+12:00,55.4,-36.872565,174.773904,1,True
esp32_device_001,2026-04-29T10:07:08.312684+12:00,55.4,-36.872389,174.773680,1,True
esp32_device_001,2026-04-29T10:07:08.327434+12:00,55.4,-36.872143,174.773385,1,True
esp32_device_001,2026-04-29T10:07:08.342183+12:00,55.4,-36.871754,174.772994,1,True
esp32_device_001,2026-04-29T10:07:08.356932+12:00,55.4,-36.871657,174.772909,1,True
esp32_device_001,2026-04-29T10:07:08.371681+12:00,55.4,-36.871342,174.772672,1,True
esp32_device_001,2026-04-29T10:07:08.386431+12:00,55.4,-36.870963,174.772374,1,True
esp32_device_001,2026-04-29T10:07:08.401180+12:00,55.4,-36.870788,174.772212,1,True
esp32_device_001,2026-04-29T10:07:08.415929+12:00,55.4,-36.870493,174.772078,1,True
esp32_device_001,2026-04-29T10:07:08.430678+12:00,55.4,-36.870226,174.771795,1,True
esp32_device_001,2026-04-29T10:07:08.445428+12:00,55.4,-36.869985,174.771510,1,True
esp32_device_001,2026-04-29T10:07:08.460177+12:00,55.4,-36.869839,174.771322,1,True
esp32_device_001,2026-04-29T10:07:08.474926+12:00,55.4,-36.869512,174.770926,1,True
esp32_device_001,2026-04-29T10:07:08.489676+12:00,55.4,-36.869062,174.770325,1,True
esp32_device_001,2026-04-29T10:07:08.504425+12:00,55.4,-36.868748,174.769895,1,True
esp32_device_001,2026-04-29T10:07:08.519174+12:00,55.4,-36.868512,174.769569,1,True
esp32_device_001,2026-04-29T10:07:08.533923+12:00,55.5,-36.868042,174.768935,1,True
esp32_device_001,2026-04-29T10:07:08.548673+12:00,55.5,-36.867755,174.768575,1,True
esp32_device_001,2026-04-29T10:07:08.563422+12:00,55.5,-36.867555,174.768360,1,True
esp32_device_001,2026-04-29T10:07:08.578171+12:00,55.5,-36.867411,174.768219,1,True
esp32_device_001,2026-04-29T10:07:08.592920+12:00,55.5,-36.867260,174.768090,1,True
esp32_device_001,2026-04-29T10:07:08.607670+12:00,55.5,-36.867110,174.767975,1,True
esp32_device_001,2026-04-29T10:07:08.622419+12:00,55.5,-36.866946,174.767863,1,True
esp32_device_001,2026-04-29T10:07:08.637168+12:00,55.5,-36.866724,174.767731,1,True
esp32_device_001,2026-04-29T10:07:08.651917+12:00,55.5,-36.866522,174.767636,1,True
esp32_device_001,2026-04-29T10:07:08.666667+12:00,55.5,-36.866286,174.767534,1,True
esp32_device_001,2026-04-29T10:07:08.681416+12:00,55.5,-36.866040,174.767452,1,True
esp32_device_001,2026-04-29T10:07:08.696165+12:00,55.5,-36.865429,174.767241,1,True
esp32_device_001,2026-04-29T10:07:08.710914+12:00,55.5,-36.865181,174.767142,1,True
esp32_device_001,2026-04-29T10:07:08.725664+12:00,55.5,-36.865008,174.767054,1,True
esp32_device_001,2026-04-29T10:07:08.740413+12:00,55.5,-36.864858,174.766968,1,True
esp32_device_001,2026-04-29T10:07:08.755162+12:00,55.5,-36.864701,174.766862,1,True
esp32_device_001,2026-04-29T10:07:08.769912+12:00,55.5,-36.864578,174.766764,1,True
esp32_device_001,2026-04-29T10:07:08.784661+12:00,55.5,-36.864451,174.766655,1,True
esp32_device_001,2026-04-29T10:07:08.799410+12:00,55.5,-36.864375,174.766582,1,True
esp32_device_001,2026-04-29T10:07:08.814159+12:00,55.6,-36.864180,174.766374,1,True
esp32_device_001,2026-04-29T10:07:08.828909+12:00,55.6,-36.864024,174.766174,1,True
esp32_device_001,2026-04-29T10:07:08.843658+12:00,55.6,-36.863826,174.765885,1,True
esp32_device_001,2026-04-29T10:07:08.858407+12:00,55.6,-36.863390,174.765172,1,True
esp32_device_001,2026-04-29T10:07:08.873156+12:00,55.6,-36.863205,174.764897,1,True
esp32_device_001,2026-04-29T10:07:08.887906+12:00,55.6,-36.862964,174.764593,1,True
esp32_device_001,2026-04-29T10:07:08.902655+12:00,55.6,-36.862783,174.764397,1,True
esp32_device_001,2026-04-29T10:07:08.917404+12:00,55.6,-36.862466,174.764109,1,True
esp32_device_001,2026-04-29T10:07:08.932153+12:00,55.6,-36.862177,174.763851,1,True
esp32_device_001,2026-04-29T10:07:08.946903+12:00,55.6,-36.861976,174.763676,1,True
esp32_device_001,2026-04-29T10:07:08.961652+12:00,55.6,-36.861770,174.763488,1,True
esp32_device_001,2026-04-29T10:07:08.976401+12:00,55.6,-36.861595,174.763318,1,True
esp32_device_001,2026-04-29T10:07:08.991150+12:00,55.6,-36.861398,174.763093,1,True
esp32_device_001,2026-04-29T10:07:09.005900+12:00,55.6,-36.861211,174.762829,1,True
esp32_device_001,2026-04-29T10:07:09.020649+12:00,55.6,-36.861038,174.762561,1,True
esp32_device_001,2026-04-29T10:07:09.035398+12:00,55.6,-36.860913,174.762330,1,True
esp32_device_001,2026-04-29T10:07:09.050147+12:00,55.6,-36.860752,174.761981,1,True
esp32_device_001,2026-04-29T10:07:09.064897+12:00,55.6,-36.860602,174.761586,1,True
esp32_device_001,2026-04-29T10:07:09.079646+12:00,55.6,-36.860530,174.761374,1,True
esp32_device_001,2026-04-29T10:07:09.094395+12:00,55.7,-36.860474,174.761173,1,True
esp32_device_001,2026-04-29T10:07:09.109145+12:00,55.7,-36.860408,174.760495,1,True
esp32_device_001,2026-04-29T10:07:09.123894+12:00,55.7,-36.860378,174.760138,1,True
esp32_device_001,2026-04-29T10:07:09.138643+12:00,55.7,-36.860380,174.760022,1,True
esp32_device_001,2026-04-29T10:07:09.153392+12:00,55.7,-36.860380,174.759858,1,True
esp32_device_001,2026-04-29T10:07:09.168142+12:00,55.7,-36.860412,174.759341,1,True
esp32_device_001,2026-04-29T10:07:09.182891+12:00,55.7,-36.860461,174.758904,1,True
esp32_device_001,2026-04-29T10:07:09.197640+12:00,55.7,-36.860572,174.758150,1,True
esp32_device_001,2026-04-29T10:07:09.212389+12:00,55.7,-36.860629,174.757861,1,True
esp32_device_001,2026-04-29T10:07:09.227139+12:00,55.7,-36.860671,174.757700,1,True
esp32_device_001,2026-04-29T10:07:09.241888+12:00,55.7,-36.860726,174.757519,1,True
esp32_device_001,2026-04-29T10:07:09.256637+12:00,55.7,-36.860769,174.757390,1,True
esp32_device_001,2026-04-29T10:07:09.271386+12:00,55.7,-36.860806,174.757295,1,True
esp32_device_001,2026-04-29T10:07:09.286136+12:00,55.7,-36.860855,174.757177,1,True
esp32_device_001,2026-04-29T10:07:09.300885+12:00,55.7,-36.860903,174.757065,1,True
esp32_device_001,2026-04-29T10:07:09.315634+12:00,55.7,-36.860958,174.756939,1,True
esp32_device_001,2026-04-29T10:07:09.330383+12:00,55.7,-36.861266,174.756293,1,True
esp32_device_001,2026-04-29T10:07:09.345133+12:00,55.7,-36.861408,174.756062,1,True
esp32_device_001,2026-04-29T10:07:09.359882+12:00,55.7,-36.861616,174.755702,1,True
esp32_device_001,2026-04-29T10:07:09.374631+12:00,55.8,-36.862127,174.754829,1,True
esp32_device_001,2026-04-29T10:07:09.389381+12:00,55.8,-36.862441,174.754290,1,True
esp32_device_001,2026-04-29T10:07:09.404130+12:00,55.8,-36.862605,174.754005,1,True
esp32_device_001,2026-04-29T10:07:09.418879+12:00,55.8,-36.862751,174.753764,1,True
esp32_device_001,2026-04-29T10:07:09.433628+12:00,55.8,-36.862915,174.753505,1,True
esp32_device_001,2026-04-29T10:07:09.448378+12:00,55.8,-36.863098,174.753255,1,True
esp32_device_001,2026-04-29T10:07:09.463127+12:00,55.8,-36.863344,174.752938,1,True
esp32_device_001,2026-04-29T10:07:09.477876+12:00,55.8,-36.863648,174.752477,1,True
esp32_device_001,2026-04-29T10:07:09.492625+12:00,55.8,-36.864312,174.751761,1,True
esp32_device_001,2026-04-29T10:07:09.507375+12:00,55.8,-36.864892,174.751073,1,True
esp32_device_001,2026-04-29T10:07:09.522124+12:00,55.8,-36.866104,174.749704,1,True
esp32_device_001,2026-04-29T10:07:09.536873+12:00,55.8,-36.866392,174.749376,1,True
esp32_device_001,2026-04-29T10:07:09.551622+12:00,55.8,-36.867018,174.748657,1,True
esp32_device_001,2026-04-29T10:07:09.566372+12:00,55.8,-36.867241,174.748385,1,True
esp32_device_001,2026-04-29T10:07:09.581121+12:00,55.8,-36.867419,174.748147,1,True
esp32_device_001,2026-04-29T10:07:09.595870+12:00,55.8,-36.867544,174.747970,1,True
esp32_device_001,2026-04-29T10:07:09.610619+12:00,55.8,-36.867709,174.747715,1,True
esp32_device_001,2026-04-29T10:07:09.625369+12:00,55.8,-36.867871,174.747445,1,True
esp32_device_001,2026-04-29T10:07:09.640118+12:00,55.9,-36.868027,174.747159,1,True
esp32_device_001,2026-04-29T10:07:09.654867+12:00,55.9,-36.868166,174.746870,1,True
esp32_device_001,2026-04-29T10:07:09.669617+12:00,55.9,-36.868302,174.746561,1,True
esp32_device_001,2026-04-29T10:07:09.684366+12:00,55.9,-36.868411,174.746283,1,True
esp32_device_001,2026-04-29T10:07:09.699115+12:00,55.9,-36.868481,174.746095,1,True
esp32_device_001,2026-04-29T10:07:09.713864+12:00,55.9,-36.868559,174.745851,1,True
esp32_device_001,2026-04-29T10:07:09.728614+12:00,55.9,-36.868634,174.745611,1,True
esp32_device_001,2026-04-29T10:07:09.743363+12:00,55.9,-36.868704,174.745349,1,True
esp32_device_001,2026-04-29T10:07:09.758112+12:00,55.9,-36.868767,174.745081,1,True
esp32_device_001,2026-04-29T10:07:09.772861+12:00,55.9,-36.868825,174.744804,1,True
esp32_device_001,2026-04-29T10:07:09.787611+12:00,55.9,-36.868879,174.744484,1,True
esp32_device_001,2026-04-29T10:07:09.802360+12:00,55.9,-36.868911,174.744232,1,True
esp32_device_001,2026-04-29T10:07:09.817109+12:00,55.9,-36.868920,174.744154,1,True
esp32_device_001,2026-04-29T10:07:09.831858+12:00,55.9,-36.868945,174.743936,1,True
esp32_device_001,2026-04-29T10:07:09.846608+12:00,55.9,-36.868963,174.743720,1,True
esp32_device_001,2026-04-29T10:07:09.861357+12:00,55.9,-36.868979,174.743427,1,True
esp32_device_001,2026-04-29T10:07:09.876106+12:00,55.9,-36.868988,174.743125,1,True
esp32_device_001,2026-04-29T10:07:09.890855+12:00,55.9,-36.868982,174.742716,1,True
esp32_device_001,2026-04-29T10:07:09.905605+12:00,55.9,-36.868964,174.742398,1,True
esp32_device_001,2026-04-29T10:07:09.920354+12:00,56.0,-36.868943,174.742052,1,True
esp32_device_001,2026-04-29T10:07:09.935103+12:00,56.0,-36.868857,174.741132,1,True
esp32_device_001,2026-04-29T10:07:09.949853+12:00,56.0,-36.868353,174.735874,1,True
esp32_device_001,2026-04-29T10:07:09.964602+12:00,56.0,-36.868254,174.734801,1,True
esp32_device_001,2026-04-29T10:07:09.979351+12:00,56.0,-36.868213,174.734179,1,True
esp32_device_001,2026-04-29T10:07:09.994100+12:00,56.0,-36.868204,174.733907,1,True
esp32_device_001,2026-04-29T10:07:10.008850+12:00,56.0,-36.868202,174.733584,1,True
esp32_device_001,2026-04-29T10:07:10.023599+12:00,56.0,-36.868201,174.733492,1,True
esp32_device_001,2026-04-29T10:07:10.038348+12:00,56.0,-36.868199,174.733335,1,True
esp32_device_001,2026-04-29T10:07:10.053097+12:00,56.0,-36.868204,174.733087,1,True
esp32_device_001,2026-04-29T10:07:10.067847+12:00,56.0,-36.868212,174.732803,1,True
esp32_device_001,2026-04-29T10:07:10.082596+12:00,56.0,-36.868228,174.732461,1,True
esp32_device_001,2026-04-29T10:07:10.097345+12:00,56.0,-36.868253,174.732114,1,True
esp32_device_001,2026-04-29T10:07:10.112094+12:00,56.0,-36.868281,174.731792,1,True
esp32_device_001,2026-04-29T10:07:10.126844+12:00,56.0,-36.868323,174.731453,1,True
esp32_device_001,2026-04-29T10:07:10.141593+12:00,56.0,-36.868406,174.730893,1,True
esp32_device_001,2026-04-29T10:07:10.156342+12:00,56.0,-36.868511,174.730310,1,True
esp32_device_001,2026-04-29T10:07:10.171091+12:00,56.0,-36.868721,174.729800,1,True
esp32_device_001,2026-04-29T10:07:10.185841+12:00,56.0,-36.868811,174.729481,1,True
esp32_device_001,2026-04-29T10:07:10.200590+12:00,56.1,-36.868922,174.729022,1,True
esp32_device_001,2026-04-29T10:07:10.215339+12:00,56.1,-36.868999,174.728673,1,True
esp32_device_001,2026-04-29T10:07:10.230088+12:00,56.1,-36.869065,174.728255,1,True
esp32_device_001,2026-04-29T10:07:10.244838+12:00,56.1,-36.869118,174.727830,1,True
esp32_device_001,2026-04-29T10:07:10.259587+12:00,56.1,-36.869142,174.727548,1,True
esp32_device_001,2026-04-29T10:07:10.274336+12:00,56.1,-36.869146,174.727305,1,True
esp32_device_001,2026-04-29T10:07:10.289086+12:00,56.1,-36.869138,174.726979,1,True
esp32_device_001,2026-04-29T10:07:10.303835+12:00,56.1,-36.869130,174.726658,1,True
esp32_device_001,2026-04-29T10:07:10.318584+12:00,56.1,-36.869119,174.726165,1,True
esp32_device_001,2026-04-29T10:07:10.333333+12:00,56.1,-36.869120,174.725984,1,True
esp32_device_001,2026-04-29T10:07:10.348083+12:00,56.1,-36.869120,174.725935,1,True
esp32_device_001,2026-04-29T10:07:10.362832+12:00,56.1,-36.869120,174.725815,1,True
esp32_device_001,2026-04-29T10:07:10.377581+12:00,56.1,-36.869129,174.725702,1,True
esp32_device_001,2026-04-29T10:07:10.392330+12:00,56.1,-36.869004,174.725710,1,True
esp32_device_001,2026-04-29T10:07:10.407080+12:00,56.1,-36.868824,174.725729,1,True
esp32_device_001,2026-04-29T10:07:10.421829+12:00,56.1,-36.868537,174.725768,1,True
esp32_device_001,2026-04-29T10:07:10.436578+12:00,56.1,-36.868373,174.725775,1,True
esp32_device_001,2026-04-29T10:07:10.451327+12:00,56.1,-36.868356,174.725776,1,True
esp32_device_001,2026-04-29T10:07:10.466077+12:00,56.1,-36.868339,174.725776,1,True
esp32_device_001,2026-04-29T10:07:10.480826+12:00,56.2,-36.868302,174.725778,1,True
esp32_device_001,2026-04-29T10:07:10.495575+12:00,56.2,-36.868214,174.725783,1,True
esp32_device_001,2026-04-29T10:07:10.510324+12:00,56.2,-36.868145,174.725787,1,True
esp32_device_001,2026-04-29T10:07:10.525074+12:00,56.2,-36.868147,174.725913,1,True
esp32_device_001,2026-04-29T10:07:10.539823+12:00,56.2,-36.868144,174.726008,1,True
esp32_device_001,2026-04-29T10:07:10.554572+12:00,56.2,-36.868135,174.726312,1,True
esp32_device_001,2026-04-29T10:07:10.569322+12:00,56.2,-36.868115,174.726973,1,True
esp32_device_001,2026-04-29T10:07:10.584071+12:00,56.2,-36.868136,174.727129,1,True
esp32_device_001,2026-04-29T10:07:10.598820+12:00,56.2,-36.868116,174.727326,1,True
esp32_device_001,2026-04-29T10:07:10.613569+12:00,56.2,-36.868109,174.727451,1,True
esp32_device_001,2026-04-29T10:07:10.628319+12:00,56.2,-36.868090,174.727642,1,True
esp32_device_001,2026-04-29T10:07:10.643068+12:00,56.2,-36.868069,174.727764,1,True
esp32_device_001,2026-04-29T10:07:10.657817+12:00,56.2,-36.868054,174.727834,1,True
esp32_device_001,2026-04-29T10:07:10.672566+12:00,56.2,-36.867949,174.728064,1,True
esp32_device_001,2026-04-29T10:07:10.687316+12:00,56.2,-36.867901,174.728167,1,True
esp32_device_001,2026-04-29T10:07:10.702065+12:00,56.2,-36.867850,174.728283,1,True
esp32_device_001,2026-04-29T10:07:10.716814+12:00,56.2,-36.867746,174.728517,1,True
esp32_device_001,2026-04-29T10:07:10.731563+12:00,56.2,-36.867645,174.728672,1,True
esp32_device_001,2026-04-29T10:07:10.746313+12:00,56.2,-36.867549,174.728822,1,True
esp32_device_001,2026-04-29T10:07:10.761062+12:00,56.3,-36.867528,174.728851,1,True
esp32_device_001,2026-04-29T10:07:10.775811+12:00,56.3,-36.867478,174.728924,1,True
esp32_device_001,2026-04-29T10:07:10.790560+12:00,56.3,-36.867379,174.729069,1,True
esp32_device_001,2026-04-29T10:07:10.805310+12:00,56.3,-36.867451,174.729143,1,True
esp32_device_001,2026-04-29T10:07:10.820059+12:00,56.3,-36.867501,174.729193,1,True
esp32_device_001,2026-04-29T10:07:10.834808+12:00,56.3,-36.867852,174.729550,1,True
esp32_device_001,2026-04-29T10:07:10.849558+12:00,56.3,-36.867881,174.729593,1,True
esp32_device_001,2026-04-29T10:07:10.864307+12:00,56.3,-36.867930,174.729666,1,True
esp32_device_001,2026-04-29T10:07:10.879056+12:00,56.3,-36.867981,174.729765,1,True
esp32_device_001,2026-04-29T10:07:10.893805+12:00,56.3,-36.868010,174.729829,1,True
esp32_device_001,2026-04-29T10:07:10.908555+12:00,56.3,-36.868030,174.729888,1,True
esp32_device_001,2026-04-29T10:07:10.923304+12:00,56.3,-36.868050,174.729944,1,True
esp32_device_001,2026-04-29T10:07:10.938053+12:00,56.3,-36.868071,174.730019,1,True
esp32_device_001,2026-04-29T10:07:10.952802+12:00,56.3,-36.868090,174.730120,1,True
esp32_device_001,2026-04-29T10:07:10.967552+12:00,56.3,-36.868102,174.730224,1,True
esp32_device_001,2026-04-29T10:07:10.982301+12:00,56.3,-36.868105,174.730310,1,True
esp32_device_001,2026-04-29T10:07:10.997050+12:00,56.3,-36.868103,174.730381,1,True
esp32_device_001,2026-04-29T10:07:11.011799+12:00,56.3,-36.868089,174.730627,1,True
esp32_device_001,2026-04-29T10:07:11.026549+12:00,56.3,-36.868081,174.730811,1,True
esp32_device_001,2026-04-29T10:07:11.041298+12:00,56.4,-36.868017,174.732219,1,True
esp32_device_001,2026-04-29T10:07:11.056047+12:00,56.4,-36.868048,174.733120,1,True
esp32_device_001,2026-04-29T10:07:11.070796+12:00,56.4,-36.868049,174.733131,1,True
esp32_device_001,2026-04-29T10:07:11.085546+12:00,56.4,-36.868044,174.733334,1,True
esp32_device_001,2026-04-29T10:07:11.100295+12:00,56.4,-36.868040,174.733586,1,True
esp32_device_001,2026-04-29T10:07:11.115044+12:00,56.4,-36.868044,174.733945,1,True
esp32_device_001,2026-04-29T10:07:11.129794+12:00,56.4,-36.868064,174.734396,1,True
esp32_device_001,2026-04-29T10:07:11.144543+12:00,56.4,-36.868088,174.734763,1,True
esp32_device_001,2026-04-29T10:07:11.159292+12:00,56.4,-36.868188,174.735814,1,True
esp32_device_001,2026-04-29T10:07:11.174041+12:00,56.4,-36.868454,174.738581,1,True
esp32_device_001,2026-04-29T10:07:11.188791+12:00,56.4,-36.868602,174.740122,1,True
esp32_device_001,2026-04-29T10:07:11.203540+12:00,56.4,-36.868654,174.740732,1,True
esp32_device_001,2026-04-29T10:07:11.218289+12:00,56.4,-36.868705,174.741357,1,True
esp32_device_001,2026-04-29T10:07:11.233038+12:00,56.4,-36.868761,174.742004,1,True
esp32_device_001,2026-04-29T10:07:11.247788+12:00,56.4,-36.868796,174.742664,1,True
esp32_device_001,2026-04-29T10:07:11.262537+12:00,56.4,-36.868802,174.742953,1,True
esp32_device_001,2026-04-29T10:07:11.277286+12:00,56.4,-36.868799,174.743207,1,True
esp32_device_001,2026-04-29T10:07:11.292035+12:00,56.4,-36.868789,174.743546,1,True
esp32_device_001,2026-04-29T10:07:11.306785+12:00,56.5,-36.868761,174.743987,1,True
esp32_device_001,2026-04-29T10:07:11.321534+12:00,56.5,-36.868715,174.744410,1,True
esp32_device_001,2026-04-29T10:07:11.336283+12:00,56.5,-36.868658,174.744746,1,True
esp32_device_001,2026-04-29T10:07:11.351032+12:00,56.5,-36.868572,174.745163,1,True
esp32_device_001,2026-04-29T10:07:11.365782+12:00,56.5,-36.868466,174.745580,1,True
esp32_device_001,2026-04-29T10:07:11.380531+12:00,56.5,-36.868356,174.745919,1,True
esp32_device_001,2026-04-29T10:07:11.395280+12:00,56.5,-36.868229,174.746286,1,True
esp32_device_001,2026-04-29T10:07:11.410029+12:00,56.5,-36.868094,174.746616,1,True
esp32_device_001,2026-04-29T10:07:11.424779+12:00,56.5,-36.867942,174.746961,1,True
esp32_device_001,2026-04-29T10:07:11.439528+12:00,56.5,-36.867776,174.747289,1,True
esp32_device_001,2026-04-29T10:07:11.454277+12:00,56.5,-36.867572,174.747646,1,True
esp32_device_001,2026-04-29T10:07:11.469027+12:00,56.5,-36.867396,174.747924,1,True
esp32_device_001,2026-04-29T10:07:11.483776+12:00,56.5,-36.867298,174.748067,1,True
esp32_device_001,2026-04-29T10:07:11.498525+12:00,56.5,-36.867104,174.748330,1,True
esp32_device_001,2026-04-29T10:07:11.513274+12:00,56.5,-36.866904,174.748581,1,True
esp32_device_001,2026-04-29T10:07:11.528024+12:00,56.5,-36.866575,174.748959,1,True
esp32_device_001,2026-04-29T10:07:11.542773+12:00,56.5,-36.866368,174.749194,1,True
esp32_device_001,2026-04-29T10:07:11.557522+12:00,56.5,-36.865679,174.749961,1,True
esp32_device_001,2026-04-29T10:07:11.572271+12:00,56.5,-36.865187,174.750514,1,True
esp32_device_001,2026-04-29T10:07:11.587021+12:00,56.6,-36.864686,174.751068,1,True
esp32_device_001,2026-04-29T10:07:11.601770+12:00,56.6,-36.864314,174.751473,1,True
esp32_device_001,2026-04-29T10:07:11.616519+12:00,56.6,-36.863787,174.752050,1,True
esp32_device_001,2026-04-29T10:07:11.631268+12:00,56.6,-36.863296,174.752585,1,True
esp32_device_001,2026-04-29T10:07:11.646018+12:00,56.6,-36.862730,174.753204,1,True
esp32_device_001,2026-04-29T10:07:11.660767+12:00,56.6,-36.862235,174.753748,1,True
esp32_device_001,2026-04-29T10:07:11.675516+12:00,56.6,-36.861957,174.754051,1,True
esp32_device_001,2026-04-29T10:07:11.690265+12:00,56.6,-36.861759,174.754279,1,True
esp32_device_001,2026-04-29T10:07:11.705015+12:00,56.6,-36.861605,174.754452,1,True
esp32_device_001,2026-04-29T10:07:11.719764+12:00,56.6,-36.861372,174.754675,1,True
esp32_device_001,2026-04-29T10:07:11.734513+12:00,56.6,-36.860896,174.755189,1,True
esp32_device_001,2026-04-29T10:07:11.749263+12:00,56.6,-36.860804,174.755285,1,True
esp32_device_001,2026-04-29T10:07:11.764012+12:00,56.6,-36.860731,174.755371,1,True
esp32_device_001,2026-04-29T10:07:11.778761+12:00,56.6,-36.860659,174.755461,1,True
esp32_device_001,2026-04-29T10:07:11.793510+12:00,56.6,-36.860604,174.755531,1,True
esp32_device_001,2026-04-29T10:07:11.808260+12:00,56.6,-36.860505,174.755675,1,True
esp32_device_001,2026-04-29T10:07:11.823009+12:00,56.6,-36.860434,174.755799,1,True
esp32_device_001,2026-04-29T10:07:11.837758+12:00,56.6,-36.860384,174.755891,1,True
esp32_device_001,2026-04-29T10:07:11.852507+12:00,56.6,-36.860331,174.755998,1,True
esp32_device_001,2026-04-29T10:07:11.867257+12:00,56.7,-36.860271,174.756130,1,True
esp32_device_001,2026-04-29T10:07:11.882006+12:00,56.7,-36.860191,174.756317,1,True
esp32_device_001,2026-04-29T10:07:11.896755+12:00,56.7,-36.860090,174.756563,1,True
esp32_device_001,2026-04-29T10:07:11.911504+12:00,56.7,-36.860015,174.756770,1,True
esp32_device_001,2026-04-29T10:07:11.926254+12:00,56.7,-36.859811,174.757481,1,True
esp32_device_001,2026-04-29T10:07:11.941003+12:00,56.7,-36.859770,174.757728,1,True
esp32_device_001,2026-04-29T10:07:11.955752+12:00,56.7,-36.859743,174.757907,1,True
esp32_device_001,2026-04-29T10:07:11.970501+12:00,56.7,-36.859720,174.758109,1,True
esp32_device_001,2026-04-29T10:07:11.985251+12:00,56.7,-36.859700,174.758365,1,True
esp32_device_001,2026-04-29T10:07:12+12:00,56.7,-36.859661,174.758453,1,False
esp32_device_001,2026-04-29T10:07:13+12:00,57.9,-36.859692,174.758652,1,True
esp32_device_001,2026-04-29T10:07:14+12:00,59.1,-36.859691,174.758926,1,True
esp32_device_001,2026-04-29T10:07:15+12:00,60.3,-36.859692,174.759360,1,True
esp32_device_001,2026-04-29T10:07:16+12:00,61.5,-36.859697,174.759657,1,True
esp32_device_001,2026-04-29T10:07:17+12:00,62.7,-36.859699,174.759705,1,False
esp32_device_001,2026-04-29T10:07:18+12:00,63.4,-36.859708,174.759813,1,True
esp32_device_001,2026-04-29T10:07:19+12:00,64.2,-36.859714,174.759939,1,True
esp32_device_001,2026-04-29T10:07:20+12:00,64.9,-36.859731,174.760116,1,True
esp32_device_001,2026-04-29T10:07:21+12:00,65.7,-36.859835,174.760839,1,True
esp32_device_001,2026-04-29T10:07:22+12:00,66.4,-36.859886,174.760971,1,False
esp32_device_001,2026-04-29T10:07:23.250000+12:00,67.5,-36.859926,174.761221,1,True
esp32_device_001,2026-04-29T10:07:24.500000+12:00,68.6,-36.860026,174.761562,1,True
esp32_device_001,2026-04-29T10:07:25.750000+12:00,69.6,-36.860133,174.761858,1,True
esp32_device_001,2026-04-29T10:07:27+12:00,70.7,-36.860241,174.762131,1,False
esp32_device_001,2026-04-29T10:07:27.714286+12:00,71.4,-36.860254,174.762151,1,True
esp32_device_001,2026-04-29T10:07:28.428571+12:00,72.1,-36.860335,174.762312,1,True
esp32_device_001,2026-04-29T10:07:29.142857+12:00,72.8,-36.860476,174.762560,1,True
esp32_device_001,2026-04-29T10:07:29.857143+12:00,73.6,-36.860514,174.762619,1,True
esp32_device_001,2026-04-29T10:07:30.571429+12:00,74.3,-36.860678,174.762848,1,True
esp32_device_001,2026-04-29T10:07:31.285714+12:00,75.0,-36.860822,174.763023,1,True
esp32_device_001,2026-04-29T10:07:32+12:00,75.7,-36.860836,174.763077,1,False
esp32_device_001,2026-04-29T10:07:32.833333+12:00,76.5,-36.860938,174.763143,1,True
esp32_device_001,2026-04-29T10:07:33.666667+12:00,77.4,-36.861063,174.763263,1,True
esp32_device_001,2026-04-29T10:07:34.500000+12:00,78.2,-36.861243,174.763409,1,True
esp32_device_001,2026-04-29T10:07:35.333333+12:00,79.0,-36.861451,174.763560,1,True
esp32_device_001,2026-04-29T10:07:36.166667+12:00,79.9,-36.861635,174.763677,1,True
esp32_device_001,2026-04-29T10:07:37+12:00,80.7,-36.861652,174.763748,1,False
esp32_device_001,2026-04-29T10:07:38.250000+12:00,81.9,-36.861880,174.763840,1,True
esp32_device_001,2026-04-29T10:07:39.500000+12:00,83.1,-36.862099,174.763990,1,True
esp32_device_001,2026-04-29T10:07:40.750000+12:00,84.3,-36.862420,174.764220,1,True
esp32_device_001,2026-04-29T10:07:42+12:00,85.5,-36.862511,174.764343,1,False
esp32_device_001,2026-04-29T10:07:42.833333+12:00,85.9,-36.862579,174.764352,1,True
esp32_device_001,2026-04-29T10:07:43.666667+12:00,86.3,-36.862731,174.764493,1,True
esp32_device_001,2026-04-29T10:07:44.500000+12:00,86.7,-36.862850,174.764609,1,True
esp32_device_001,2026-04-29T10:07:45.333333+12:00,87.0,-36.863035,174.764835,1,True
esp32_device_001,2026-04-29T10:07:46.166667+12:00,87.4,-36.863222,174.765088,1,True
esp32_device_001,2026-04-29T10:07:47+12:00,87.8,-36.863251,174.765167,1,False
esp32_device_001,2026-04-29T10:07:48.666667+12:00,88.3,-36.863448,174.765441,1,True
esp32_device_001,2026-04-29T10:07:50.333333+12:00,88.9,-36.863743,174.765918,1,True
esp32_device_001,2026-04-29T10:07:52+12:00,89.4,-36.863857,174.766113,1,False
esp32_device_001,2026-04-29T10:07:52.714286+12:00,89.7,-36.863890,174.766143,1,True
esp32_device_001,2026-04-29T10:07:53.428571+12:00,90.1,-36.864011,174.766315,1,True
esp32_device_001,2026-04-29T10:07:54.142857+12:00,90.4,-36.864140,174.766470,1,True
esp32_device_001,2026-04-29T10:07:54.857143+12:00,90.7,-36.864275,174.766610,1,True
esp32_device_001,2026-04-29T10:07:55.571429+12:00,91.0,-36.864406,174.766736,1,True
esp32_device_001,2026-04-29T10:07:56.285714+12:00,91.4,-36.864572,174.766875,1,True
esp32_device_001,2026-04-29T10:07:57+12:00,91.7,-36.864613,174.766937,1,False
esp32_device_001,2026-04-29T10:07:57.052632+12:00,91.7,-36.864710,174.766975,1,True
esp32_device_001,2026-04-29T10:07:57.105263+12:00,91.7,-36.864821,174.767053,1,True
esp32_device_001,2026-04-29T10:07:57.157895+12:00,91.8,-36.864964,174.767133,1,True
esp32_device_001,2026-04-29T10:07:57.210526+12:00,91.8,-36.865131,174.767220,1,True
esp32_device_001,2026-04-29T10:07:57.263158+12:00,91.8,-36.865295,174.767293,1,True
esp32_device_001,2026-04-29T10:07:57.315789+12:00,91.8,-36.865567,174.767393,1,True
esp32_device_001,2026-04-29T10:07:57.368421+12:00,91.8,-36.865980,174.767532,1,True
esp32_device_001,2026-04-29T10:07:57.421053+12:00,91.9,-36.866209,174.767606,1,True
esp32_device_001,2026-04-29T10:07:57.473684+12:00,91.9,-36.866431,174.767698,1,True
esp32_device_001,2026-04-29T10:07:57.526316+12:00,91.9,-36.866567,174.767763,1,True
esp32_device_001,2026-04-29T10:07:57.578947+12:00,91.9,-36.866708,174.767829,1,True
esp32_device_001,2026-04-29T10:07:57.631579+12:00,91.9,-36.866873,174.767925,1,True
esp32_device_001,2026-04-29T10:07:57.684211+12:00,92.0,-36.867031,174.768027,1,True
esp32_device_001,2026-04-29T10:07:57.736842+12:00,92.0,-36.867246,174.768194,1,True
esp32_device_001,2026-04-29T10:07:57.789474+12:00,92.0,-36.867466,174.768394,1,True
esp32_device_001,2026-04-29T10:07:57.842105+12:00,92.0,-36.867679,174.768620,1,True
esp32_device_001,2026-04-29T10:07:57.894737+12:00,92.0,-36.867888,174.768877,1,True
esp32_device_001,2026-04-29T10:07:57.947368+12:00,92.1,-36.868165,174.769255,1,True
esp32_device_001,2026-04-29T10:07:58+12:00,92.1,-36.868432,174.769623,1,True
esp32_device_001,2026-04-29T10:07:58.052632+12:00,92.1,-36.868634,174.769903,1,True
esp32_device_001,2026-04-29T10:07:58.105263+12:00,92.1,-36.869012,174.770407,1,True
esp32_device_001,2026-04-29T10:07:58.157895+12:00,92.1,-36.869441,174.770972,1,True
esp32_device_001,2026-04-29T10:07:58.210526+12:00,92.2,-36.869767,174.771402,1,True
esp32_device_001,2026-04-29T10:07:58.263158+12:00,92.2,-36.869913,174.771580,1,True
esp32_device_001,2026-04-29T10:07:58.315789+12:00,92.2,-36.869968,174.771645,1,True
esp32_device_001,2026-04-29T10:07:58.368421+12:00,92.2,-36.870242,174.772137,1,True
esp32_device_001,2026-04-29T10:07:58.421053+12:00,92.2,-36.870608,174.772571,1,True
esp32_device_001,2026-04-29T10:07:58.473684+12:00,92.3,-36.870941,174.772931,1,True
esp32_device_001,2026-04-29T10:07:58.526316+12:00,92.3,-36.871110,174.773082,1,True
esp32_device_001,2026-04-29T10:07:58.578947+12:00,92.3,-36.871449,174.773413,1,True
esp32_device_001,2026-04-29T10:07:58.631579+12:00,92.3,-36.871547,174.773526,1,True
esp32_device_001,2026-04-29T10:07:58.684211+12:00,92.3,-36.871661,174.773665,1,True
esp32_device_001,2026-04-29T10:07:58.736842+12:00,92.4,-36.871846,174.773910,1,True
esp32_device_001,2026-04-29T10:07:58.789474+12:00,92.4,-36.872052,174.774196,1,True
esp32_device_001,2026-04-29T10:07:58.842105+12:00,92.4,-36.872110,174.774277,1,True
esp32_device_001,2026-04-29T10:07:58.894737+12:00,92.4,-36.872205,174.774257,1,True
esp32_device_001,2026-04-29T10:07:58.947368+12:00,92.4,-36.872493,174.774196,1,True
esp32_device_001,2026-04-29T10:07:59+12:00,92.5,-36.872528,174.774188,1,True
esp32_device_001,2026-04-29T10:07:59.052632+12:00,92.5,-36.872558,174.774151,1,True
esp32_device_001,2026-04-29T10:07:59.105263+12:00,92.5,-36.872578,174.774115,1,True
esp32_device_001,2026-04-29T10:07:59.157895+12:00,92.5,-36.872589,174.774079,1,True
esp32_device_001,2026-04-29T10:07:59.210526+12:00,92.5,-36.872596,174.774039,1,True
esp32_device_001,2026-04-29T10:07:59.263158+12:00,92.6,-36.872598,174.774001,1,True
esp32_device_001,2026-04-29T10:07:59.315789+12:00,92.6,-36.872593,174.773969,1,True
esp32_device_001,2026-04-29T10:07:59.368421+12:00,92.6,-36.872580,174.773934,1,True
esp32_device_001,2026-04-29T10:07:59.421053+12:00,92.6,-36.872565,174.773904,1,True
esp32_device_001,2026-04-29T10:07:59.473684+12:00,92.6,-36.872389,174.773680,1,True
esp32_device_001,2026-04-29T10:07:59.526316+12:00,92.7,-36.872143,174.773385,1,True
esp32_device_001,2026-04-29T10:07:59.578947+12:00,92.7,-36.871754,174.772994,1,True
esp32_device_001,2026-04-29T10:07:59.631579+12:00,92.7,-36.871657,174.772909,1,True
esp32_device_001,2026-04-29T10:07:59.684211+12:00,92.7,-36.871342,174.772672,1,True
esp32_device_001,2026-04-29T10:07:59.736842+12:00,92.7,-36.870963,174.772374,1,True
esp32_device_001,2026-04-29T10:07:59.789474+12:00,92.8,-36.870788,174.772212,1,True
esp32_device_001,2026-04-29T10:07:59.842105+12:00,92.8,-36.870493,174.772078,1,True
esp32_device_001,2026-04-29T10:07:59.894737+12:00,92.8,-36.870226,174.771795,1,True
esp32_device_001,2026-04-29T10:07:59.947368+12:00,92.8,-36.869985,174.771510,1,True
esp32_device_001,2026-04-29T10:08:00+12:00,92.8,-36.869839,174.771322,1,True
esp32_device_001,2026-04-29T10:08:00.052632+12:00,92.9,-36.869512,174.770926,1,True
esp32_device_001,2026-04-29T10:08:00.105263+12:00,92.9,-36.869062,174.770325,1,True
esp32_device_001,2026-04-29T10:08:00.157895+12:00,92.9,-36.868748,174.769895,1,True
esp32_device_001,2026-04-29T10:08:00.210526+12:00,92.9,-36.868512,174.769569,1,True
esp32_device_001,2026-04-29T10:08:00.263158+12:00,92.9,-36.868337,174.769147,1,True
esp32_device_001,2026-04-29T10:08:00.315789+12:00,93.0,-36.868097,174.768762,1,True
esp32_device_001,2026-04-29T10:08:00.368421+12:00,93.0,-36.867823,174.768369,1,True
esp32_device_001,2026-04-29T10:08:00.421053+12:00,93.0,-36.867644,174.768182,1,True
esp32_device_001,2026-04-29T10:08:00.473684+12:00,93.0,-36.867454,174.767990,1,True
esp32_device_001,2026-04-29T10:08:00.526316+12:00,93.0,-36.867246,174.767823,1,True
esp32_device_001,2026-04-29T10:08:00.578947+12:00,93.1,-36.867052,174.767691,1,True
esp32_device_001,2026-04-29T10:08:00.631579+12:00,93.1,-36.866794,174.767559,1,True
esp32_device_001,2026-04-29T10:08:00.684211+12:00,93.1,-36.866576,174.767467,1,True
esp32_device_001,2026-04-29T10:08:00.736842+12:00,93.1,-36.865794,174.767207,1,True
esp32_device_001,2026-04-29T10:08:00.789474+12:00,93.1,-36.865738,174.767189,1,True
esp32_device_001,2026-04-29T10:08:00.842105+12:00,93.2,-36.865647,174.767173,1,True
esp32_device_001,2026-04-29T10:08:00.894737+12:00,93.2,-36.865627,174.767169,1,True
esp32_device_001,2026-04-29T10:08:00.947368+12:00,93.2,-36.865451,174.767141,1,True
esp32_device_001,2026-04-29T10:08:01+12:00,93.2,-36.865424,174.767137,1,True
esp32_device_001,2026-04-29T10:08:01.052632+12:00,93.2,-36.865325,174.767131,1,True
esp32_device_001,2026-04-29T10:08:01.105263+12:00,93.3,-36.865313,174.767074,1,True
esp32_device_001,2026-04-29T10:08:01.157895+12:00,93.3,-36.865216,174.766617,1,True
esp32_device_001,2026-04-29T10:08:01.210526+12:00,93.3,-36.865161,174.766356,1,True
esp32_device_001,2026-04-29T10:08:01.263158+12:00,93.3,-36.865133,174.766389,1,True
esp32_device_001,2026-04-29T10:08:01.315789+12:00,93.3,-36.865097,174.766415,1,True
esp32_device_001,2026-04-29T10:08:01.368421+12:00,93.4,-36.865081,174.766423,1,True
esp32_device_001,2026-04-29T10:08:01.421053+12:00,93.4,-36.864686,174.766550,1,True
esp32_device_001,2026-04-29T10:08:01.473684+12:00,93.4,-36.865081,174.766423,1,True
esp32_device_001,2026-04-29T10:08:01.526316+12:00,93.4,-36.865097,174.766415,1,True
esp32_device_001,2026-04-29T10:08:01.578947+12:00,93.4,-36.865133,174.766389,1,True
esp32_device_001,2026-04-29T10:08:01.631579+12:00,93.5,-36.865161,174.766356,1,True
esp32_device_001,2026-04-29T10:08:01.684211+12:00,93.5,-36.865216,174.766617,1,True
esp32_device_001,2026-04-29T10:08:01.736842+12:00,93.5,-36.865313,174.767074,1,True
esp32_device_001,2026-04-29T10:08:01.789474+12:00,93.5,-36.865325,174.767131,1,True
esp32_device_001,2026-04-29T10:08:01.842105+12:00,93.5,-36.865359,174.767293,1,True
esp32_device_001,2026-04-29T10:08:01.894737+12:00,93.6,-36.865423,174.767360,1,True
esp32_device_001,2026-04-29T10:08:01.947368+12:00,93.6,-36.865484,174.767413,1,True
esp32_device_001,2026-04-29T10:08:02+12:00,93.6,-36.86557,174.767441,1,False
esp32_device_001,2026-04-29T10:08:02.027473+12:00,93.6,-36.865641,174.767501,1,True
esp32_device_001,2026-04-29T10:08:02.054945+12:00,93.6,-36.865732,174.767551,1,True
esp32_device_001,2026-04-29T10:08:02.082418+12:00,93.6,-36.866066,174.767742,1,True
esp32_device_001,2026-04-29T10:08:02.109890+12:00,93.5,-36.866327,174.767859,1,True
esp32_device_001,2026-04-29T10:08:02.137363+12:00,93.5,-36.866526,174.767949,1,True
esp32_device_001,2026-04-29T10:08:02.164835+12:00,93.5,-36.867018,174.768244,1,True
esp32_device_001,2026-04-29T10:08:02.192308+12:00,93.5,-36.867432,174.768570,1,True
esp32_device_001,2026-04-29T10:08:02.219780+12:00,93.5,-36.867659,174.768809,1,True
esp32_device_001,2026-04-29T10:08:02.247253+12:00,93.5,-36.867919,174.769102,1,True
esp32_device_001,2026-04-29T10:08:02.274725+12:00,93.4,-36.868165,174.769255,1,True
esp32_device_001,2026-04-29T10:08:02.302198+12:00,93.4,-36.868432,174.769623,1,True
esp32_device_001,2026-04-29T10:08:02.329670+12:00,93.4,-36.868634,174.769903,1,True
esp32_device_001,2026-04-29T10:08:02.357143+12:00,93.4,-36.869012,174.770407,1,True
esp32_device_001,2026-04-29T10:08:02.384615+12:00,93.4,-36.869441,174.770972,1,True
esp32_device_001,2026-04-29T10:08:02.412088+12:00,93.4,-36.869767,174.771402,1,True
esp32_device_001,2026-04-29T10:08:02.439560+12:00,93.3,-36.869913,174.771580,1,True
esp32_device_001,2026-04-29T10:08:02.467033+12:00,93.3,-36.869968,174.771645,1,True
esp32_device_001,2026-04-29T10:08:02.494505+12:00,93.3,-36.870242,174.772137,1,True
esp32_device_001,2026-04-29T10:08:02.521978+12:00,93.3,-36.870608,174.772571,1,True
esp32_device_001,2026-04-29T10:08:02.549451+12:00,93.3,-36.870941,174.772931,1,True
esp32_device_001,2026-04-29T10:08:02.576923+12:00,93.3,-36.871110,174.773082,1,True
esp32_device_001,2026-04-29T10:08:02.604396+12:00,93.2,-36.871449,174.773413,1,True
esp32_device_001,2026-04-29T10:08:02.631868+12:00,93.2,-36.871547,174.773526,1,True
esp32_device_001,2026-04-29T10:08:02.659341+12:00,93.2,-36.871661,174.773665,1,True
esp32_device_001,2026-04-29T10:08:02.686813+12:00,93.2,-36.871846,174.773910,1,True
esp32_device_001,2026-04-29T10:08:02.714286+12:00,93.2,-36.872052,174.774196,1,True
esp32_device_001,2026-04-29T10:08:02.741758+12:00,93.2,-36.872110,174.774277,1,True
esp32_device_001,2026-04-29T10:08:02.769231+12:00,93.1,-36.872205,174.774257,1,True
esp32_device_001,2026-04-29T10:08:02.796703+12:00,93.1,-36.872493,174.774196,1,True
esp32_device_001,2026-04-29T10:08:02.824176+12:00,93.1,-36.872528,174.774188,1,True
esp32_device_001,2026-04-29T10:08:02.851648+12:00,93.1,-36.872558,174.774151,1,True
esp32_device_001,2026-04-29T10:08:02.879121+12:00,93.1,-36.872578,174.774115,1,True
esp32_device_001,2026-04-29T10:08:02.906593+12:00,93.1,-36.872589,174.774079,1,True
esp32_device_001,2026-04-29T10:08:02.934066+12:00,93.0,-36.872596,174.774039,1,True
esp32_device_001,2026-04-29T10:08:02.961538+12:00,93.0,-36.872598,174.774001,1,True
esp32_device_001,2026-04-29T10:08:02.989011+12:00,93.0,-36.872593,174.773969,1,True
esp32_device_001,2026-04-29T10:08:03.016484+12:00,93.0,-36.872580,174.773934,1,True
esp32_device_001,2026-04-29T10:08:03.043956+12:00,93.0,-36.872565,174.773904,1,True
esp32_device_001,2026-04-29T10:08:03.071429+12:00,93.0,-36.872389,174.773680,1,True
esp32_device_001,2026-04-29T10:08:03.098901+12:00,92.9,-36.872143,174.773385,1,True
esp32_device_001,2026-04-29T10:08:03.126374+12:00,92.9,-36.871754,174.772994,1,True
esp32_device_001,2026-04-29T10:08:03.153846+12:00,92.9,-36.871657,174.772909,1,True
esp32_device_001,2026-04-29T10:08:03.181319+12:00,92.9,-36.871342,174.772672,1,True
esp32_device_001,2026-04-29T10:08:03.208791+12:00,92.9,-36.870963,174.772374,1,True
esp32_device_001,2026-04-29T10:08:03.236264+12:00,92.9,-36.870788,174.772212,1,True
esp32_device_001,2026-04-29T10:08:03.263736+12:00,92.8,-36.870493,174.772078,1,True
esp32_device_001,2026-04-29T10:08:03.291209+12:00,92.8,-36.870226,174.771795,1,True
esp32_device_001,2026-04-29T10:08:03.318681+12:00,92.8,-36.869985,174.771510,1,True
esp32_device_001,2026-04-29T10:08:03.346154+12:00,92.8,-36.869839,174.771322,1,True
esp32_device_001,2026-04-29T10:08:03.373626+12:00,92.8,-36.869512,174.770926,1,True
esp32_device_001,2026-04-29T10:08:03.401099+12:00,92.8,-36.869062,174.770325,1,True
esp32_device_001,2026-04-29T10:08:03.428571+12:00,92.7,-36.868748,174.769895,1,True
esp32_device_001,2026-04-29T10:08:03.456044+12:00,92.7,-36.868512,174.769569,1,True
esp32_device_001,2026-04-29T10:08:03.483516+12:00,92.7,-36.868042,174.768935,1,True
esp32_device_001,2026-04-29T10:08:03.510989+12:00,92.7,-36.867755,174.768575,1,True
esp32_device_001,2026-04-29T10:08:03.538462+12:00,92.7,-36.867555,174.768360,1,True
esp32_device_001,2026-04-29T10:08:03.565934+12:00,92.7,-36.867411,174.768219,1,True
esp32_device_001,2026-04-29T10:08:03.593407+12:00,92.6,-36.867260,174.768090,1,True
esp32_device_001,2026-04-29T10:08:03.620879+12:00,92.6,-36.867110,174.767975,1,True
esp32_device_001,2026-04-29T10:08:03.648352+12:00,92.6,-36.866946,174.767863,1,True
esp32_device_001,2026-04-29T10:08:03.675824+12:00,92.6,-36.866724,174.767731,1,True
esp32_device_001,2026-04-29T10:08:03.703297+12:00,92.6,-36.866522,174.767636,1,True
esp32_device_001,2026-04-29T10:08:03.730769+12:00,92.6,-36.866286,174.767534,1,True
esp32_device_001,2026-04-29T10:08:03.758242+12:00,92.5,-36.866040,174.767452,1,True
esp32_device_001,2026-04-29T10:08:03.785714+12:00,92.5,-36.865429,174.767241,1,True
esp32_device_001,2026-04-29T10:08:03.813187+12:00,92.5,-36.865181,174.767142,1,True
esp32_device_001,2026-04-29T10:08:03.840659+12:00,92.5,-36.865008,174.767054,1,True
esp32_device_001,2026-04-29T10:08:03.868132+12:00,92.5,-36.864858,174.766968,1,True
esp32_device_001,2026-04-29T10:08:03.895604+12:00,92.5,-36.864701,174.766862,1,True
esp32_device_001,2026-04-29T10:08:03.923077+12:00,92.4,-36.864578,174.766764,1,True
esp32_device_001,2026-04-29T10:08:03.950549+12:00,92.4,-36.864451,174.766655,1,True
esp32_device_001,2026-04-29T10:08:03.978022+12:00,92.4,-36.864375,174.766582,1,True
esp32_device_001,2026-04-29T10:08:04.005495+12:00,92.4,-36.864089,174.766099,1,True
esp32_device_001,2026-04-29T10:08:04.032967+12:00,92.4,-36.863936,174.765820,1,True
esp32_device_001,2026-04-29T10:08:04.060440+12:00,92.4,-36.863816,174.765572,1,True
esp32_device_001,2026-04-29T10:08:04.087912+12:00,92.3,-36.863701,174.765315,1,True
esp32_device_001,2026-04-29T10:08:04.115385+12:00,92.3,-36.863589,174.765067,1,True
esp32_device_001,2026-04-29T10:08:04.142857+12:00,92.3,-36.863402,174.764702,1,True
esp32_device_001,2026-04-29T10:08:04.170330+12:00,92.3,-36.863291,174.764546,1,True
esp32_device_001,2026-04-29T10:08:04.197802+12:00,92.3,-36.863225,174.764455,1,True
esp32_device_001,2026-04-29T10:08:04.225275+12:00,92.3,-36.863111,174.764335,1,True
esp32_device_001,2026-04-29T10:08:04.252747+12:00,92.2,-36.863013,174.764254,1,True
esp32_device_001,2026-04-29T10:08:04.280220+12:00,92.2,-36.862897,174.764182,1,True
esp32_device_001,2026-04-29T10:08:04.307692+12:00,92.2,-36.862752,174.764102,1,True
esp32_device_001,2026-04-29T10:08:04.335165+12:00,92.2,-36.862569,174.764050,1,True
esp32_device_001,2026-04-29T10:08:04.362637+12:00,92.2,-36.862419,174.764014,1,True
esp32_device_001,2026-04-29T10:08:04.390110+12:00,92.2,-36.862266,174.764003,1,True
esp32_device_001,2026-04-29T10:08:04.417582+12:00,92.1,-36.861756,174.764041,1,True
esp32_device_001,2026-04-29T10:08:04.445055+12:00,92.1,-36.861457,174.764126,1,True
esp32_device_001,2026-04-29T10:08:04.472527+12:00,92.1,-36.861238,174.764205,1,True
esp32_device_001,2026-04-29T10:08:04.500000+12:00,92.1,-36.861070,174.764278,1,True
esp32_device_001,2026-04-29T10:08:04.527473+12:00,92.1,-36.860819,174.764412,1,True
esp32_device_001,2026-04-29T10:08:04.554945+12:00,92.1,-36.860543,174.764585,1,True
esp32_device_001,2026-04-29T10:08:04.582418+12:00,92.1,-36.860194,174.764855,1,True
esp32_device_001,2026-04-29T10:08:04.609890+12:00,92.0,-36.859744,174.765222,1,True
esp32_device_001,2026-04-29T10:08:04.637363+12:00,92.0,-36.858789,174.766021,1,True
esp32_device_001,2026-04-29T10:08:04.664835+12:00,92.0,-36.858230,174.766457,1,True
esp32_device_001,2026-04-29T10:08:04.692308+12:00,92.0,-36.857991,174.766652,1,True
esp32_device_001,2026-04-29T10:08:04.719780+12:00,92.0,-36.857369,174.767173,1,True
esp32_device_001,2026-04-29T10:08:04.747253+12:00,92.0,-36.856484,174.767918,1,True
esp32_device_001,2026-04-29T10:08:04.774725+12:00,91.9,-36.855751,174.768507,1,True
esp32_device_001,2026-04-29T10:08:04.802198+12:00,91.9,-36.855403,174.768798,1,True
esp32_device_001,2026-04-29T10:08:04.829670+12:00,91.9,-36.855060,174.769093,1,True
esp32_device_001,2026-04-29T10:08:04.857143+12:00,91.9,-36.854972,174.769171,1,True
esp32_device_001,2026-04-29T10:08:04.884615+12:00,91.9,-36.854898,174.769251,1,True
esp32_device_001,2026-04-29T10:08:04.912088+12:00,91.9,-36.854996,174.769343,1,True
esp32_device_001,2026-04-29T10:08:04.939560+12:00,91.8,-36.855118,174.769453,1,True
esp32_device_001,2026-04-29T10:08:04.967033+12:00,91.8,-36.855199,174.769518,1,True
esp32_device_001,2026-04-29T10:08:04.994505+12:00,91.8,-36.855290,174.769584,1,True
esp32_device_001,2026-04-29T10:08:05.021978+12:00,91.8,-36.855406,174.769664,1,True
esp32_device_001,2026-04-29T10:08:05.049451+12:00,91.8,-36.855578,174.769744,1,True
esp32_device_001,2026-04-29T10:08:05.076923+12:00,91.8,-36.855625,174.769766,1,True
esp32_device_001,2026-04-29T10:08:05.104396+12:00,91.7,-36.855661,174.769782,1,True
esp32_device_001,2026-04-29T10:08:05.131868+12:00,91.7,-36.855808,174.769809,1,True
esp32_device_001,2026-04-29T10:08:05.159341+12:00,91.7,-36.855973,174.769831,1,True
esp32_device_001,2026-04-29T10:08:05.186813+12:00,91.7,-36.856054,174.769835,1,True
esp32_device_001,2026-04-29T10:08:05.214286+12:00,91.7,-36.856123,174.769839,1,True
esp32_device_001,2026-04-29T10:08:05.241758+12:00,91.7,-36.856144,174.769728,1,True
esp32_device_001,2026-04-29T10:08:05.269231+12:00,91.6,-36.856160,174.769682,1,True
esp32_device_001,2026-04-29T10:08:05.296703+12:00,91.6,-36.856187,174.769625,1,True
esp32_device_001,2026-04-29T10:08:05.324176+12:00,91.6,-36.856216,174.769560,1,True
esp32_device_001,2026-04-29T10:08:05.351648+12:00,91.6,-36.856244,174.769502,1,True
esp32_device_001,2026-04-29T10:08:05.379121+12:00,91.6,-36.856270,174.769447,1,True
esp32_device_001,2026-04-29T10:08:05.406593+12:00,91.6,-36.856311,174.769384,1,True
esp32_device_001,2026-04-29T10:08:05.434066+12:00,91.5,-36.856373,174.769310,1,True
esp32_device_001,2026-04-29T10:08:05.461538+12:00,91.5,-36.856400,174.769283,1,True
esp32_device_001,2026-04-29T10:08:05.489011+12:00,91.5,-36.856434,174.769249,1,True
esp32_device_001,2026-04-29T10:08:05.516484+12:00,91.5,-36.857065,174.768758,1,True
esp32_device_001,2026-04-29T10:08:05.543956+12:00,91.5,-36.857259,174.768607,1,True
esp32_device_001,2026-04-29T10:08:05.571429+12:00,91.5,-36.857480,174.768433,1,True
esp32_device_001,2026-04-29T10:08:05.598901+12:00,91.4,-36.857886,174.768116,1,True
esp32_device_001,2026-04-29T10:08:05.626374+12:00,91.4,-36.858293,174.767780,1,True
esp32_device_001,2026-04-29T10:08:05.653846+12:00,91.4,-36.858459,174.767563,1,True
esp32_device_001,2026-04-29T10:08:05.681319+12:00,91.4,-36.859291,174.766917,1,True
esp32_device_001,2026-04-29T10:08:05.708791+12:00,91.4,-36.859490,174.766749,1,True
esp32_device_001,2026-04-29T10:08:05.736264+12:00,91.4,-36.859727,174.766548,1,True
esp32_device_001,2026-04-29T10:08:05.763736+12:00,91.3,-36.859948,174.766339,1,True
esp32_device_001,2026-04-29T10:08:05.791209+12:00,91.3,-36.860167,174.766115,1,True
esp32_device_001,2026-04-29T10:08:05.818681+12:00,91.3,-36.860354,174.765904,1,True
esp32_device_001,2026-04-29T10:08:05.846154+12:00,91.3,-36.860520,174.765675,1,True
esp32_device_001,2026-04-29T10:08:05.873626+12:00,91.3,-36.860656,174.765476,1,True
esp32_device_001,2026-04-29T10:08:05.901099+12:00,91.3,-36.860767,174.765300,1,True
esp32_device_001,2026-04-29T10:08:05.928571+12:00,91.2,-36.860860,174.765161,1,True
esp32_device_001,2026-04-29T10:08:05.956044+12:00,91.2,-36.860993,174.764973,1,True
esp32_device_001,2026-04-29T10:08:05.983516+12:00,91.2,-36.861110,174.764838,1,True
esp32_device_001,2026-04-29T10:08:06.010989+12:00,91.2,-36.861231,174.764719,1,True
esp32_device_001,2026-04-29T10:08:06.038462+12:00,91.2,-36.861307,174.764656,1,True
esp32_device_001,2026-04-29T10:08:06.065934+12:00,91.2,-36.861405,174.764587,1,True
esp32_device_001,2026-04-29T10:08:06.093407+12:00,91.1,-36.861538,174.764513,1,True
esp32_device_001,2026-04-29T10:08:06.120879+12:00,91.1,-36.861625,174.764475,1,True
esp32_device_001,2026-04-29T10:08:06.148352+12:00,91.1,-36.861739,174.764443,1,True
esp32_device_001,2026-04-29T10:08:06.175824+12:00,91.1,-36.861848,174.764423,1,True
esp32_device_001,2026-04-29T10:08:06.203297+12:00,91.1,-36.861955,174.764418,1,True
esp32_device_001,2026-04-29T10:08:06.230769+12:00,91.1,-36.862099,174.764422,1,True
esp32_device_001,2026-04-29T10:08:06.258242+12:00,91.0,-36.862190,174.764436,1,True
esp32_device_001,2026-04-29T10:08:06.285714+12:00,91.0,-36.862297,174.764469,1,True
esp32_device_001,2026-04-29T10:08:06.313187+12:00,91.0,-36.862368,174.764495,1,True
esp32_device_001,2026-04-29T10:08:06.340659+12:00,91.0,-36.862458,174.764541,1,True
esp32_device_001,2026-04-29T10:08:06.368132+12:00,91.0,-36.862524,174.764583,1,True
esp32_device_001,2026-04-29T10:08:06.395604+12:00,91.0,-36.862640,174.764657,1,True
esp32_device_001,2026-04-29T10:08:06.423077+12:00,90.9,-36.862727,174.764730,1,True
esp32_device_001,2026-04-29T10:08:06.450549+12:00,90.9,-36.862891,174.764883,1,True
esp32_device_001,2026-04-29T10:08:06.478022+12:00,90.9,-36.863019,174.765036,1,True
esp32_device_001,2026-04-29T10:08:06.505495+12:00,90.9,-36.863296,174.765436,1,True
esp32_device_001,2026-04-29T10:08:06.532967+12:00,90.9,-36.863743,174.765918,1,True
esp32_device_001,2026-04-29T10:08:06.560440+12:00,90.9,-36.863890,174.766143,1,True
esp32_device_001,2026-04-29T10:08:06.587912+12:00,90.8,-36.864011,174.766315,1,True
esp32_device_001,2026-04-29T10:08:06.615385+12:00,90.8,-36.864140,174.766470,1,True
esp32_device_001,2026-04-29T10:08:06.642857+12:00,90.8,-36.864275,174.766610,1,True
esp32_device_001,2026-04-29T10:08:06.670330+12:00,90.8,-36.864406,174.766736,1,True
esp32_device_001,2026-04-29T10:08:06.697802+12:00,90.8,-36.864572,174.766875,1,True
esp32_device_001,2026-04-29T10:08:06.725275+12:00,90.8,-36.864710,174.766975,1,True
esp32_device_001,2026-04-29T10:08:06.752747+12:00,90.7,-36.864821,174.767053,1,True
esp32_device_001,2026-04-29T10:08:06.780220+12:00,90.7,-36.864964,174.767133,1,True
esp32_device_001,2026-04-29T10:08:06.807692+12:00,90.7,-36.865131,174.767220,1,True
esp32_device_001,2026-04-29T10:08:06.835165+12:00,90.7,-36.865295,174.767293,1,True
esp32_device_001,2026-04-29T10:08:06.862637+12:00,90.7,-36.865567,174.767393,1,True
esp32_device_001,2026-04-29T10:08:06.890110+12:00,90.7,-36.865980,174.767532,1,True
esp32_device_001,2026-04-29T10:08:06.917582+12:00,90.6,-36.866209,174.767606,1,True
esp32_device_001,2026-04-29T10:08:06.945055+12:00,90.6,-36.866431,174.767698,1,True
esp32_device_001,2026-04-29T10:08:06.972527+12:00,90.6,-36.866567,174.767763,1,True
esp32_device_001,2026-04-29T10:08:07+12:00,90.6,-36.866585,174.767807,1,False
esp32_device_001,2026-04-29T10:08:07.833333+12:00,89.9,-36.866708,174.767829,1,True
esp32_device_001,2026-04-29T10:08:08.666667+12:00,89.1,-36.866873,174.767925,1,True
esp32_device_001,2026-04-29T10:08:09.500000+12:00,88.4,-36.867031,174.768027,1,True
esp32_device_001,2026-04-29T10:08:10.333333+12:00,87.7,-36.867246,174.768194,1,True
esp32_device_001,2026-04-29T10:08:11.166667+12:00,86.9,-36.867466,174.768394,1,True
esp32_device_001,2026-04-29T10:08:12+12:00,86.2,-36.867496,174.768478,1,False
esp32_device_001,2026-04-29T10:08:13.250000+12:00,85.5,-36.867679,174.768620,1,True
esp32_device_001,2026-04-29T10:08:14.500000+12:00,84.8,-36.867888,174.768877,1,True
esp32_device_001,2026-04-29T10:08:15.750000+12:00,84.2,-36.868165,174.769255,1,True
esp32_device_001,2026-04-29T10:08:17+12:00,83.5,-36.868267,174.769424,1,False
esp32_device_001,2026-04-29T10:08:18.666667+12:00,83.9,-36.868432,174.769623,1,True
esp32_device_001,2026-04-29T10:08:20.333333+12:00,84.2,-36.868634,174.769903,1,True
esp32_device_001,2026-04-29T10:08:22+12:00,84.6,-36.868984,174.770432,1,False
esp32_device_001,2026-04-29T10:08:24.500000+12:00,85.8,-36.869441,174.770972,1,True
esp32_device_001,2026-04-29T10:08:27+12:00,86.9,-36.869705,174.771347,1,False
esp32_device_001,2026-04-29T10:08:27.833333+12:00,87.1,-36.869767,174.771402,1,True
esp32_device_001,2026-04-29T10:08:28.666667+12:00,87.2,-36.869913,174.771580,1,True
esp32_device_001,2026-04-29T10:08:29.500000+12:00,87.3,-36.869968,174.771645,1,True
esp32_device_001,2026-04-29T10:08:30.333333+12:00,87.5,-36.870144,174.771834,1,True
esp32_device_001,2026-04-29T10:08:31.166667+12:00,87.7,-36.870337,174.772043,1,True
esp32_device_001,2026-04-29T10:08:32+12:00,87.8,-36.870426,174.772202,1,False
esp32_device_001,2026-04-29T10:08:33.250000+12:00,88.0,-36.870611,174.772321,1,True
esp32_device_001,2026-04-29T10:08:34.500000+12:00,88.2,-36.870886,174.772594,1,True
esp32_device_001,2026-04-29T10:08:35.750000+12:00,88.4,-36.871239,174.772946,1,True
esp32_device_001,2026-04-29T10:08:37+12:00,88.6,-36.87122,174.77301,1,False
esp32_device_001,2026-04-29T10:08:38.666667+12:00,88.9,-36.871510,174.773235,1,True
esp32_device_001,2026-04-29T10:08:40.333333+12:00,89.3,-36.871778,174.773552,1,True
esp32_device_001,2026-04-29T10:08:42+12:00,89.6,-36.87199,174.773926,1,False
esp32_device_001,2026-04-29T10:08:43+12:00,89.5,-36.872205,174.774142,1,True
esp32_device_001,2026-04-29T10:08:44+12:00,89.4,-36.872314,174.774322,1,True
esp32_device_001,2026-04-29T10:08:45+12:00,89.3,-36.872515,174.774665,1,True
esp32_device_001,2026-04-29T10:08:46+12:00,89.2,-36.872673,174.774959,1,True
esp32_device_001,2026-04-29T10:08:47+12:00,89.1,-36.872665,174.775009,1,False
esp32_device_001,2026-04-29T10:08:48.666667+12:00,89.1,-36.872841,174.775311,1,True
esp32_device_001,2026-04-29T10:08:50.333333+12:00,89.1,-36.873025,174.775733,1,True
esp32_device_001,2026-04-29T10:08:52+12:00,89.1,-36.873199,174.776199,1,False
esp32_device_001,2026-04-29T10:08:53.250000+12:00,88.7,-36.873223,174.776246,1,True
esp32_device_001,2026-04-29T10:08:54.500000+12:00,88.3,-36.873486,174.776961,1,True
esp32_device_001,2026-04-29T10:08:55.750000+12:00,87.9,-36.873647,174.777408,1,True
esp32_device_001,2026-04-29T10:08:57+12:00,87.5,-36.873676,174.777451,1,False
esp32_device_001,2026-04-29T10:08:58.250000+12:00,87.2,-36.873794,174.777788,1,True
esp32_device_001,2026-04-29T10:08:59.500000+12:00,86.8,-36.873993,174.778271,1,True
esp32_device_001,2026-04-29T10:09:00.750000+12:00,86.5,-36.874123,174.778559,1,True
esp32_device_001,2026-04-29T10:09:02+12:00,86.2,-36.874203,174.778702,1,False
esp32_device_001,2026-04-29T10:09:03.250000+12:00,86.1,-36.874276,174.778859,1,True
esp32_device_001,2026-04-29T10:09:04.500000+12:00,86.0,-36.874470,174.779211,1,True
esp32_device_001,2026-04-29T10:09:05.750000+12:00,85.9,-36.874698,174.779560,1,True
esp32_device_001,2026-04-29T10:09:07+12:00,85.8,-36.874893,174.779831,1,False
esp32_device_001,2026-04-29T10:09:08+12:00,85.5,-36.874938,174.779884,1,True
esp32_device_001,2026-04-29T10:09:09+12:00,85.3,-36.875191,174.780198,1,True
esp32_device_001,2026-04-29T10:09:10+12:00,85.0,-36.875384,174.780419,1,True
esp32_device_001,2026-04-29T10:09:11+12:00,84.8,-36.875675,174.780704,1,True
esp32_device_001,2026-04-29T10:09:12+12:00,84.5,-36.875729,174.780762,1,False
esp32_device_001,2026-04-29T10:09:13.250000+12:00,84.3,-36.875862,174.780873,1,True
esp32_device_001,2026-04-29T10:09:14.500000+12:00,84.0,-36.876259,174.781200,1,True
esp32_device_001,2026-04-29T10:09:15.750000+12:00,83.8,-36.876639,174.781503,1,True
esp32_device_001,2026-04-29T10:09:17+12:00,83.6,-36.876667,174.781555,1,False
esp32_device_001,2026-04-29T10:09:19.500000+12:00,84.0,-36.877450,174.782200,1,True
esp32_device_001,2026-04-29T10:09:22+12:00,84.4,-36.877583,174.782349,1,False
esp32_device_001,2026-04-29T10:09:27+12:00,85.6,-36.878464,174.783173,1,False
esp32_device_001,2026-04-29T10:09:29.500000+12:00,86.2,-36.878658,174.783341,1,True
esp32_device_001,2026-04-29T10:09:32+12:00,86.8,-36.87933,174.783997,1,False
esp32_device_001,2026-04-29T10:09:34.500000+12:00,87.3,-36.880017,174.784665,1,True
esp32_device_001,2026-04-29T10:09:37+12:00,87.8,-36.880177,174.784882,1,False
esp32_device_001,2026-04-29T10:09:39.500000+12:00,87.2,-36.880677,174.785342,1,True
esp32_device_001,2026-04-29T10:09:42+12:00,86.7,-36.881031,174.785797,1,False
esp32_device_001,2026-04-29T10:09:44.500000+12:00,86.4,-36.881590,174.786312,1,True
esp32_device_001,2026-04-29T10:09:47+12:00,86.1,-36.881859,174.786667,1,False
esp32_device_001,2026-04-29T10:09:49.500000+12:00,85.5,-36.882656,174.787355,1,True
esp32_device_001,2026-04-29T10:09:52+12:00,84.9,-36.882698,174.787506,1,False
esp32_device_001,2026-04-29T10:09:54.500000+12:00,83.1,-36.883414,174.788123,1,True
esp32_device_001,2026-04-29T10:09:57+12:00,81.2,-36.883541,174.788391,1,False
esp32_device_001,2026-04-29T10:09:57.056818+12:00,81.2,-36.883905,174.788625,1,True
esp32_device_001,2026-04-29T10:09:57.113636+12:00,81.2,-36.884298,174.789063,1,True
esp32_device_001,2026-04-29T10:09:57.170455+12:00,81.1,-36.884862,174.789783,1,True
esp32_device_001,2026-04-29T10:09:57.227273+12:00,81.1,-36.885336,174.790455,1,True
esp32_device_001,2026-04-29T10:09:57.284091+12:00,81.1,-36.885844,174.791230,1,True
esp32_device_001,2026-04-29T10:09:57.340909+12:00,81.1,-36.886113,174.791673,1,True
esp32_device_001,2026-04-29T10:09:57.397727+12:00,81.0,-36.886477,174.792311,1,True
esp32_device_001,2026-04-29T10:09:57.454545+12:00,81.0,-36.886884,174.793077,1,True
esp32_device_001,2026-04-29T10:09:57.511364+12:00,81.0,-36.887195,174.793702,1,True
esp32_device_001,2026-04-29T10:09:57.568182+12:00,81.0,-36.887325,174.794182,1,True
esp32_device_001,2026-04-29T10:09:57.625000+12:00,80.9,-36.887845,174.795470,1,True
esp32_device_001,2026-04-29T10:09:57.681818+12:00,80.9,-36.888163,174.796181,1,True
esp32_device_001,2026-04-29T10:09:57.738636+12:00,80.9,-36.888417,174.796768,1,True
esp32_device_001,2026-04-29T10:09:57.795455+12:00,80.9,-36.888472,174.796942,1,True
esp32_device_001,2026-04-29T10:09:57.852273+12:00,80.8,-36.888490,174.797072,1,True
esp32_device_001,2026-04-29T10:09:57.909091+12:00,80.8,-36.888511,174.797311,1,True
esp32_device_001,2026-04-29T10:09:57.965909+12:00,80.8,-36.888528,174.797406,1,True
esp32_device_001,2026-04-29T10:09:58.022727+12:00,80.8,-36.888549,174.797461,1,True
esp32_device_001,2026-04-29T10:09:58.079545+12:00,80.7,-36.888571,174.797516,1,True
esp32_device_001,2026-04-29T10:09:58.136364+12:00,80.7,-36.888588,174.797550,1,True
esp32_device_001,2026-04-29T10:09:58.193182+12:00,80.7,-36.888620,174.797587,1,True
esp32_device_001,2026-04-29T10:09:58.250000+12:00,80.7,-36.888651,174.797618,1,True
esp32_device_001,2026-04-29T10:09:58.306818+12:00,80.7,-36.888681,174.797643,1,True
esp32_device_001,2026-04-29T10:09:58.363636+12:00,80.6,-36.888740,174.797676,1,True
esp32_device_001,2026-04-29T10:09:58.420455+12:00,80.6,-36.888794,174.797701,1,True
esp32_device_001,2026-04-29T10:09:58.477273+12:00,80.6,-36.888880,174.797678,1,True
esp32_device_001,2026-04-29T10:09:58.534091+12:00,80.6,-36.888900,174.797672,1,True
esp32_device_001,2026-04-29T10:09:58.590909+12:00,80.5,-36.888924,174.797661,1,True
esp32_device_001,2026-04-29T10:09:58.647727+12:00,80.5,-36.888944,174.797646,1,True
esp32_device_001,2026-04-29T10:09:58.704545+12:00,80.5,-36.888969,174.797624,1,True
esp32_device_001,2026-04-29T10:09:58.761364+12:00,80.5,-36.889038,174.797537,1,True
esp32_device_001,2026-04-29T10:09:58.818182+12:00,80.4,-36.889083,174.797439,1,True
esp32_device_001,2026-04-29T10:09:58.875000+12:00,80.4,-36.889119,174.797342,1,True
esp32_device_001,2026-04-29T10:09:58.931818+12:00,80.4,-36.889146,174.797269,1,True
esp32_device_001,2026-04-29T10:09:58.988636+12:00,80.4,-36.889163,174.797194,1,True
esp32_device_001,2026-04-29T10:09:59.045455+12:00,80.3,-36.889181,174.797112,1,True
esp32_device_001,2026-04-29T10:09:59.102273+12:00,80.3,-36.889192,174.797009,1,True
esp32_device_001,2026-04-29T10:09:59.159091+12:00,80.3,-36.889201,174.796915,1,True
esp32_device_001,2026-04-29T10:09:59.215909+12:00,80.3,-36.889203,174.796833,1,True
esp32_device_001,2026-04-29T10:09:59.272727+12:00,80.2,-36.889211,174.796765,1,True
esp32_device_001,2026-04-29T10:09:59.329545+12:00,80.2,-36.889220,174.796719,1,True
esp32_device_001,2026-04-29T10:09:59.386364+12:00,80.2,-36.889238,174.796658,1,True
esp32_device_001,2026-04-29T10:09:59.443182+12:00,80.2,-36.889269,174.796598,1,True
esp32_device_001,2026-04-29T10:09:59.500000+12:00,80.2,-36.889421,174.796311,1,True
esp32_device_001,2026-04-29T10:09:59.556818+12:00,80.1,-36.889579,174.796056,1,True
esp32_device_001,2026-04-29T10:09:59.613636+12:00,80.1,-36.889832,174.795622,1,True
esp32_device_001,2026-04-29T10:09:59.670455+12:00,80.1,-36.889966,174.795404,1,True
esp32_device_001,2026-04-29T10:09:59.727273+12:00,80.1,-36.890130,174.795135,1,True
esp32_device_001,2026-04-29T10:09:59.784091+12:00,80.0,-36.890512,174.794545,1,True
esp32_device_001,2026-04-29T10:09:59.840909+12:00,80.0,-36.890543,174.794479,1,True
esp32_device_001,2026-04-29T10:09:59.897727+12:00,80.0,-36.890602,174.794281,1,True
esp32_device_001,2026-04-29T10:09:59.954545+12:00,80.0,-36.890500,174.794111,1,True
esp32_device_001,2026-04-29T10:10:00.011364+12:00,79.9,-36.890475,174.794075,1,True
esp32_device_001,2026-04-29T10:10:00.068182+12:00,79.9,-36.890261,174.793790,1,True
esp32_device_001,2026-04-29T10:10:00.125000+12:00,79.9,-36.890252,174.793783,1,True
esp32_device_001,2026-04-29T10:10:00.181818+12:00,79.9,-36.890179,174.793684,1,True
esp32_device_001,2026-04-29T10:10:00.238636+12:00,79.8,-36.890153,174.793648,1,True
esp32_device_001,2026-04-29T10:10:00.295455+12:00,79.8,-36.889908,174.793305,1,True
esp32_device_001,2026-04-29T10:10:00.352273+12:00,79.8,-36.889832,174.793202,1,True
esp32_device_001,2026-04-29T10:10:00.409091+12:00,79.8,-36.889824,174.793190,1,True
esp32_device_001,2026-04-29T10:10:00.465909+12:00,79.7,-36.889784,174.793135,1,True
esp32_device_001,2026-04-29T10:10:00.522727+12:00,79.7,-36.889738,174.793073,1,True
esp32_device_001,2026-04-29T10:10:00.579545+12:00,79.7,-36.889713,174.793038,1,True
esp32_device_001,2026-04-29T10:10:00.636364+12:00,79.7,-36.889337,174.792526,1,True
esp32_device_001,2026-04-29T10:10:00.693182+12:00,79.6,-36.889243,174.792394,1,True
esp32_device_001,2026-04-29T10:10:00.750000+12:00,79.6,-36.888749,174.791723,1,True
esp32_device_001,2026-04-29T10:10:00.806818+12:00,79.6,-36.888417,174.791274,1,True
esp32_device_001,2026-04-29T10:10:00.863636+12:00,79.6,-36.888156,174.790917,1,True
esp32_device_001,2026-04-29T10:10:00.920455+12:00,79.6,-36.887990,174.790689,1,True
esp32_device_001,2026-04-29T10:10:00.977273+12:00,79.5,-36.887617,174.790181,1,True
esp32_device_001,2026-04-29T10:10:01.034091+12:00,79.5,-36.887570,174.790118,1,True
esp32_device_001,2026-04-29T10:10:01.090909+12:00,79.5,-36.887055,174.789410,1,True
esp32_device_001,2026-04-29T10:10:01.147727+12:00,79.5,-36.886980,174.789316,1,True
esp32_device_001,2026-04-29T10:10:01.204545+12:00,79.4,-36.886897,174.789221,1,True
esp32_device_001,2026-04-29T10:10:01.261364+12:00,79.4,-36.886592,174.788903,1,True
esp32_device_001,2026-04-29T10:10:01.318182+12:00,79.4,-36.886477,174.788786,1,True
esp32_device_001,2026-04-29T10:10:01.375000+12:00,79.4,-36.885745,174.788020,1,True
esp32_device_001,2026-04-29T10:10:01.431818+12:00,79.3,-36.885628,174.787902,1,True
esp32_device_001,2026-04-29T10:10:01.488636+12:00,79.3,-36.885581,174.787971,1,True
esp32_device_001,2026-04-29T10:10:01.545455+12:00,79.3,-36.885575,174.787982,1,True
esp32_device_001,2026-04-29T10:10:01.602273+12:00,79.3,-36.885426,174.788207,1,True
esp32_device_001,2026-04-29T10:10:01.659091+12:00,79.2,-36.885172,174.788590,1,True
esp32_device_001,2026-04-29T10:10:01.715909+12:00,79.2,-36.885106,174.788680,1,True
esp32_device_001,2026-04-29T10:10:01.772727+12:00,79.2,-36.885079,174.788707,1,True
esp32_device_001,2026-04-29T10:10:01.829545+12:00,79.2,-36.885019,174.788765,1,True
esp32_device_001,2026-04-29T10:10:01.886364+12:00,79.1,-36.884901,174.788853,1,True
esp32_device_001,2026-04-29T10:10:01.943182+12:00,79.1,-36.884727,174.788972,1,True
esp32_device_001,2026-04-29T10:10:02+12:00,79.1,-36.88435,174.789246,1,False
esp32_device_001,2026-04-29T10:10:02.037313+12:00,79.1,-36.884255,174.789304,1,True
esp32_device_001,2026-04-29T10:10:02.074627+12:00,79.1,-36.883921,174.789543,1,True
esp32_device_001,2026-04-29T10:10:02.111940+12:00,79.1,-36.882701,174.790392,1,True
esp32_device_001,2026-04-29T10:10:02.149254+12:00,79.0,-36.882144,174.790795,1,True
esp32_device_001,2026-04-29T10:10:02.186567+12:00,79.0,-36.881737,174.791077,1,True
esp32_device_001,2026-04-29T10:10:02.223881+12:00,79.0,-36.881028,174.791586,1,True
esp32_device_001,2026-04-29T10:10:02.261194+12:00,79.0,-36.880855,174.791710,1,True
esp32_device_001,2026-04-29T10:10:02.298507+12:00,79.0,-36.880045,174.792280,1,True
esp32_device_001,2026-04-29T10:10:02.335821+12:00,79.0,-36.879818,174.792443,1,True
esp32_device_001,2026-04-29T10:10:02.373134+12:00,79.0,-36.879773,174.792477,1,True
esp32_device_001,2026-04-29T10:10:02.410448+12:00,79.0,-36.879702,174.792530,1,True
esp32_device_001,2026-04-29T10:10:02.447761+12:00,78.9,-36.879670,174.792427,1,True
esp32_device_001,2026-04-29T10:10:02.485075+12:00,78.9,-36.879665,174.792411,1,True
esp32_device_001,2026-04-29T10:10:02.522388+12:00,78.9,-36.879653,174.792371,1,True
esp32_device_001,2026-04-29T10:10:02.559701+12:00,78.9,-36.879507,174.791915,1,True
esp32_device_001,2026-04-29T10:10:02.597015+12:00,78.9,-36.879478,174.791818,1,True
esp32_device_001,2026-04-29T10:10:02.634328+12:00,78.9,-36.879439,174.791696,1,True
esp32_device_001,2026-04-29T10:10:02.671642+12:00,78.9,-36.879413,174.791612,1,True
esp32_device_001,2026-04-29T10:10:02.708955+12:00,78.9,-36.879337,174.791372,1,True
esp32_device_001,2026-04-29T10:10:02.746269+12:00,78.8,-36.879110,174.790658,1,True
esp32_device_001,2026-04-29T10:10:02.783582+12:00,78.8,-36.879100,174.790626,1,True
esp32_device_001,2026-04-29T10:10:02.820896+12:00,78.8,-36.879094,174.790609,1,True
esp32_device_001,2026-04-29T10:10:02.858209+12:00,78.8,-36.879054,174.790476,1,True
esp32_device_001,2026-04-29T10:10:02.895522+12:00,78.8,-36.879011,174.790342,1,True
esp32_device_001,2026-04-29T10:10:02.932836+12:00,78.8,-36.879000,174.790307,1,True
esp32_device_001,2026-04-29T10:10:02.970149+12:00,78.8,-36.878944,174.790142,1,True
esp32_device_001,2026-04-29T10:10:03.007463+12:00,78.8,-36.878912,174.790057,1,True
esp32_device_001,2026-04-29T10:10:03.044776+12:00,78.7,-36.878894,174.790021,1,True
esp32_device_001,2026-04-29T10:10:03.082090+12:00,78.7,-36.878887,174.790007,1,True
esp32_device_001,2026-04-29T10:10:03.119403+12:00,78.7,-36.878862,174.789965,1,True
esp32_device_001,2026-04-29T10:10:03.156716+12:00,78.7,-36.878836,174.789927,1,True
esp32_device_001,2026-04-29T10:10:03.194030+12:00,78.7,-36.878804,174.789893,1,True
esp32_device_001,2026-04-29T10:10:03.231343+12:00,78.7,-36.878770,174.789859,1,True
esp32_device_001,2026-04-29T10:10:03.268657+12:00,78.7,-36.878718,174.789811,1,True
esp32_device_001,2026-04-29T10:10:03.305970+12:00,78.7,-36.878556,174.789673,1,True
esp32_device_001,2026-04-29T10:10:03.343284+12:00,78.6,-36.878294,174.789448,1,True
esp32_device_001,2026-04-29T10:10:03.380597+12:00,78.6,-36.878247,174.789409,1,True
esp32_device_001,2026-04-29T10:10:03.417910+12:00,78.6,-36.878196,174.789373,1,True
esp32_device_001,2026-04-29T10:10:03.455224+12:00,78.6,-36.878133,174.789335,1,True
esp32_device_001,2026-04-29T10:10:03.492537+12:00,78.6,-36.878062,174.789300,1,True
esp32_device_001,2026-04-29T10:10:03.529851+12:00,78.6,-36.878003,174.789279,1,True
esp32_device_001,2026-04-29T10:10:03.567164+12:00,78.6,-36.877924,174.789250,1,True
esp32_device_001,2026-04-29T10:10:03.604478+12:00,78.6,-36.877649,174.789155,1,True
esp32_device_001,2026-04-29T10:10:03.641791+12:00,78.5,-36.877399,174.789065,1,True
esp32_device_001,2026-04-29T10:10:03.679104+12:00,78.5,-36.877326,174.789032,1,True
esp32_device_001,2026-04-29T10:10:03.716418+12:00,78.5,-36.877274,174.789004,1,True
esp32_device_001,2026-04-29T10:10:03.753731+12:00,78.5,-36.877230,174.788977,1,True
esp32_device_001,2026-04-29T10:10:03.791045+12:00,78.5,-36.877185,174.788946,1,True
esp32_device_001,2026-04-29T10:10:03.828358+12:00,78.5,-36.877139,174.788909,1,True
esp32_device_001,2026-04-29T10:10:03.865672+12:00,78.5,-36.877085,174.788864,1,True
esp32_device_001,2026-04-29T10:10:03.902985+12:00,78.5,-36.877035,174.788813,1,True
esp32_device_001,2026-04-29T10:10:03.940299+12:00,78.4,-36.876987,174.788758,1,True
esp32_device_001,2026-04-29T10:10:03.977612+12:00,78.4,-36.876948,174.788715,1,True
esp32_device_001,2026-04-29T10:10:04.014925+12:00,78.4,-36.876918,174.788671,1,True
esp32_device_001,2026-04-29T10:10:04.052239+12:00,78.4,-36.876880,174.788615,1,True
esp32_device_001,2026-04-29T10:10:04.089552+12:00,78.4,-36.876831,174.788531,1,True
esp32_device_001,2026-04-29T10:10:04.126866+12:00,78.4,-36.876057,174.787046,1,True
esp32_device_001,2026-04-29T10:10:04.164179+12:00,78.4,-36.875921,174.786778,1,True
esp32_device_001,2026-04-29T10:10:04.201493+12:00,78.4,-36.875902,174.786739,1,True
esp32_device_001,2026-04-29T10:10:04.238806+12:00,78.3,-36.875875,174.786686,1,True
esp32_device_001,2026-04-29T10:10:04.276119+12:00,78.3,-36.875787,174.786495,1,True
esp32_device_001,2026-04-29T10:10:04.313433+12:00,78.3,-36.875447,174.785683,1,True
esp32_device_001,2026-04-29T10:10:04.350746+12:00,78.3,-36.875335,174.785426,1,True
esp32_device_001,2026-04-29T10:10:04.388060+12:00,78.3,-36.875311,174.785369,1,True
esp32_device_001,2026-04-29T10:10:04.425373+12:00,78.3,-36.875141,174.785043,1,True
esp32_device_001,2026-04-29T10:10:04.462687+12:00,78.3,-36.875126,174.785016,1,True
esp32_device_001,2026-04-29T10:10:04.500000+12:00,78.2,-36.875111,174.784988,1,True
esp32_device_001,2026-04-29T10:10:04.537313+12:00,78.2,-36.875092,174.784907,1,True
esp32_device_001,2026-04-29T10:10:04.574627+12:00,78.2,-36.875043,174.784818,1,True
esp32_device_001,2026-04-29T10:10:04.611940+12:00,78.2,-36.874998,174.784761,1,True
esp32_device_001,2026-04-29T10:10:04.649254+12:00,78.2,-36.874942,174.784701,1,True
esp32_device_001,2026-04-29T10:10:04.686567+12:00,78.2,-36.874791,174.784421,1,True
esp32_device_001,2026-04-29T10:10:04.723881+12:00,78.2,-36.874672,174.784234,1,True
esp32_device_001,2026-04-29T10:10:04.761194+12:00,78.2,-36.874576,174.784071,1,True
esp32_device_001,2026-04-29T10:10:04.798507+12:00,78.1,-36.874477,174.783907,1,True
esp32_device_001,2026-04-29T10:10:04.835821+12:00,78.1,-36.874342,174.783675,1,True
esp32_device_001,2026-04-29T10:10:04.873134+12:00,78.1,-36.874190,174.783430,1,True
esp32_device_001,2026-04-29T10:10:04.910448+12:00,78.1,-36.874170,174.783393,1,True
esp32_device_001,2026-04-29T10:10:04.947761+12:00,78.1,-36.874137,174.783305,1,True
esp32_device_001,2026-04-29T10:10:04.985075+12:00,78.1,-36.874065,174.783172,1,True
esp32_device_001,2026-04-29T10:10:05.022388+12:00,78.1,-36.873996,174.783064,1,True
esp32_device_001,2026-04-29T10:10:05.059701+12:00,78.1,-36.873921,174.782996,1,True
esp32_device_001,2026-04-29T10:10:05.097015+12:00,78.0,-36.873846,174.782872,1,True
esp32_device_001,2026-04-29T10:10:05.134328+12:00,78.0,-36.873766,174.782730,1,True
esp32_device_001,2026-04-29T10:10:05.171642+12:00,78.0,-36.873656,174.782539,1,True
esp32_device_001,2026-04-29T10:10:05.208955+12:00,78.0,-36.873618,174.782473,1,True
esp32_device_001,2026-04-29T10:10:05.246269+12:00,78.0,-36.873528,174.782319,1,True
esp32_device_001,2026-04-29T10:10:05.283582+12:00,78.0,-36.873365,174.782049,1,True
esp32_device_001,2026-04-29T10:10:05.320896+12:00,78.0,-36.873287,174.781917,1,True
esp32_device_001,2026-04-29T10:10:05.358209+12:00,78.0,-36.873279,174.781895,1,True
esp32_device_001,2026-04-29T10:10:05.395522+12:00,77.9,-36.873179,174.781714,1,True
esp32_device_001,2026-04-29T10:10:05.432836+12:00,77.9,-36.873087,174.781559,1,True
esp32_device_001,2026-04-29T10:10:05.470149+12:00,77.9,-36.873065,174.781522,1,True
esp32_device_001,2026-04-29T10:10:05.507463+12:00,77.9,-36.872968,174.781359,1,True
esp32_device_001,2026-04-29T10:10:05.544776+12:00,77.9,-36.872994,174.781356,1,True
esp32_device_001,2026-04-29T10:10:05.582090+12:00,77.9,-36.873019,174.781350,1,True
esp32_device_001,2026-04-29T10:10:05.619403+12:00,77.9,-36.873046,174.781338,1,True
esp32_device_001,2026-04-29T10:10:05.656716+12:00,77.9,-36.873061,174.781328,1,True
esp32_device_001,2026-04-29T10:10:05.694030+12:00,77.8,-36.873073,174.781318,1,True
esp32_device_001,2026-04-29T10:10:05.731343+12:00,77.8,-36.873106,174.781288,1,True
esp32_device_001,2026-04-29T10:10:05.768657+12:00,77.8,-36.873402,174.780976,1,True
esp32_device_001,2026-04-29T10:10:05.805970+12:00,77.8,-36.873478,174.780896,1,True
esp32_device_001,2026-04-29T10:10:05.843284+12:00,77.8,-36.873693,174.780670,1,True
esp32_device_001,2026-04-29T10:10:05.880597+12:00,77.8,-36.873954,174.780391,1,True
esp32_device_001,2026-04-29T10:10:05.917910+12:00,77.8,-36.873988,174.780354,1,True
esp32_device_001,2026-04-29T10:10:05.955224+12:00,77.8,-36.874243,174.780042,1,True
esp32_device_001,2026-04-29T10:10:05.992537+12:00,77.7,-36.874334,174.779930,1,True
esp32_device_001,2026-04-29T10:10:06.029851+12:00,77.7,-36.874477,174.779875,1,True
esp32_device_001,2026-04-29T10:10:06.067164+12:00,77.7,-36.874528,174.779853,1,True
esp32_device_001,2026-04-29T10:10:06.104478+12:00,77.7,-36.874549,174.779847,1,True
esp32_device_001,2026-04-29T10:10:06.141791+12:00,77.7,-36.874580,174.779843,1,True
esp32_device_001,2026-04-29T10:10:06.179104+12:00,77.7,-36.874597,174.779845,1,True
esp32_device_001,2026-04-29T10:10:06.216418+12:00,77.7,-36.874614,174.779845,1,True
esp32_device_001,2026-04-29T10:10:06.253731+12:00,77.7,-36.874637,174.779862,1,True
esp32_device_001,2026-04-29T10:10:06.291045+12:00,77.6,-36.874668,174.779882,1,True
esp32_device_001,2026-04-29T10:10:06.328358+12:00,77.6,-36.874691,174.779900,1,True
esp32_device_001,2026-04-29T10:10:06.365672+12:00,77.6,-36.874758,174.779960,1,True
esp32_device_001,2026-04-29T10:10:06.402985+12:00,77.6,-36.874850,174.780053,1,True
esp32_device_001,2026-04-29T10:10:06.440299+12:00,77.6,-36.875199,174.780417,1,True
esp32_device_001,2026-04-29T10:10:06.477612+12:00,77.6,-36.875667,174.780898,1,True
esp32_device_001,2026-04-29T10:10:06.514925+12:00,77.6,-36.876008,174.781207,1,True
esp32_device_001,2026-04-29T10:10:06.552239+12:00,77.6,-36.877025,174.781992,1,True
esp32_device_001,2026-04-29T10:10:06.589552+12:00,77.5,-36.877450,174.782200,1,True
esp32_device_001,2026-04-29T10:10:06.626866+12:00,77.5,-36.878658,174.783341,1,True
esp32_device_001,2026-04-29T10:10:06.664179+12:00,77.5,-36.879345,174.783991,1,True
esp32_device_001,2026-04-29T10:10:06.701493+12:00,77.5,-36.880017,174.784665,1,True
esp32_device_001,2026-04-29T10:10:06.738806+12:00,77.5,-36.880677,174.785342,1,True
esp32_device_001,2026-04-29T10:10:06.776119+12:00,77.5,-36.881590,174.786312,1,True
esp32_device_001,2026-04-29T10:10:06.813433+12:00,77.5,-36.882656,174.787355,1,True
esp32_device_001,2026-04-29T10:10:06.850746+12:00,77.5,-36.883414,174.788123,1,True
esp32_device_001,2026-04-29T10:10:06.888060+12:00,77.4,-36.883905,174.788625,1,True
esp32_device_001,2026-04-29T10:10:06.925373+12:00,77.4,-36.884298,174.789063,1,True
esp32_device_001,2026-04-29T10:10:06.962687+12:00,77.4,-36.884862,174.789783,1,True
esp32_device_001,2026-04-29T10:10:07+12:00,77.4,-36.885021,174.790131,1,False
esp32_device_001,2026-04-29T10:10:09.500000+12:00,76.0,-36.885336,174.790455,1,True
esp32_device_001,2026-04-29T10:10:12+12:00,74.5,-36.885525,174.790878,1,False
esp32_device_001,2026-04-29T10:10:14.500000+12:00,73.2,-36.885844,174.791230,1,True
esp32_device_001,2026-04-29T10:10:17+12:00,71.9,-36.885979,174.79158,1,False
esp32_device_001,2026-04-29T10:10:19.500000+12:00,71.3,-36.886113,174.791673,1,True
esp32_device_001,2026-04-29T10:10:22+12:00,70.7,-36.886364,174.792236,1,False
esp32_device_001,2026-04-29T10:10:24.500000+12:00,70.2,-36.886477,174.792311,1,True
esp32_device_001,2026-04-29T10:10:27+12:00,69.7,-36.886696,174.792847,1,False
esp32_device_001,2026-04-29T10:10:29.500000+12:00,69.3,-36.886884,174.793077,1,True
esp32_device_001,2026-04-29T10:10:32+12:00,69,-36.887074,174.793579,1,False
esp32_device_001,2026-04-29T10:10:34.500000+12:00,68.1,-36.887195,174.793702,1,True
esp32_device_001,2026-04-29T10:10:37+12:00,67.2,-36.887463,174.794403,1,False
esp32_device_001,2026-04-29T10:10:42+12:00,63.6,-36.88789,174.795273,1,False
esp32_device_001,2026-04-29T10:10:43.666667+12:00,62.5,-36.888020,174.795537,1,True
esp32_device_001,2026-04-29T10:10:45.333333+12:00,61.4,-36.888269,174.796077,1,True
esp32_device_001,2026-04-29T10:10:47+12:00,60.3,-36.888374,174.796341,1,False
esp32_device_001,2026-04-29T10:10:48.250000+12:00,59.8,-36.888468,174.796497,1,True
esp32_device_001,2026-04-29T10:10:49.500000+12:00,59.2,-36.888699,174.796968,1,True
esp32_device_001,2026-04-29T10:10:50.750000+12:00,58.6,-36.888847,174.797232,1,True
esp32_device_001,2026-04-29T10:10:52+12:00,58.1,-36.888939,174.797409,1,False
esp32_device_001,2026-04-29T10:10:53+12:00,57.8,-36.888968,174.797430,1,True
esp32_device_001,2026-04-29T10:10:54+12:00,57.6,-36.889084,174.797617,1,True
esp32_device_001,2026-04-29T10:10:55+12:00,57.3,-36.889167,174.797723,1,True
esp32_device_001,2026-04-29T10:10:56+12:00,57.1,-36.889473,174.798128,1,True
esp32_device_001,2026-04-29T10:10:57+12:00,56.8,-36.88958,174.798325,1,False
esp32_device_001,2026-04-29T10:10:59.500000+12:00,56.5,-36.890056,174.798910,1,True
esp32_device_001,2026-04-29T10:11:02+12:00,56.2,-36.890247,174.799225,1,False
esp32_device_001,2026-04-29T10:11:04.500000+12:00,55.4,-36.890798,174.800075,1,True
esp32_device_001,2026-04-29T10:11:07+12:00,54.6,-36.890839,174.800171,1,False
esp32_device_001,2026-04-29T10:11:12+12:00,53.8,-36.891388,174.801056,1,False
esp32_device_001,2026-04-29T10:11:13.666667+12:00,53.4,-36.891421,174.801076,1,True
esp32_device_001,2026-04-29T10:11:15.333333+12:00,52.9,-36.891536,174.801260,1,True
esp32_device_001,2026-04-29T10:11:17+12:00,52.5,-36.891918,174.80191,1,False
esp32_device_001,2026-04-29T10:11:22+12:00,50.3,-36.892467,174.802795,1,False
esp32_device_001,2026-04-29T10:11:23.250000+12:00,49.9,-36.892894,174.803447,1,True
esp32_device_001,2026-04-29T10:11:24.500000+12:00,49.6,-36.893010,174.803637,1,True
esp32_device_001,2026-04-29T10:11:25.750000+12:00,49.2,-36.893054,174.803703,1,True
esp32_device_001,2026-04-29T10:11:27+12:00,48.9,-36.893051,174.803726,1,False
esp32_device_001,2026-04-29T10:11:27.034247+12:00,48.9,-36.893339,174.804312,1,True
esp32_device_001,2026-04-29T10:11:27.068493+12:00,48.9,-36.893739,174.804952,1,True
esp32_device_001,2026-04-29T10:11:27.102740+12:00,48.9,-36.893961,174.805239,1,True
esp32_device_001,2026-04-29T10:11:27.136986+12:00,48.8,-36.894185,174.805526,1,True
esp32_device_001,2026-04-29T10:11:27.171233+12:00,48.8,-36.894233,174.805606,1,True
esp32_device_001,2026-04-29T10:11:27.205479+12:00,48.8,-36.894280,174.805721,1,True
esp32_device_001,2026-04-29T10:11:27.239726+12:00,48.8,-36.894324,174.805733,1,True
esp32_device_001,2026-04-29T10:11:27.273973+12:00,48.8,-36.894361,174.805753,1,True
esp32_device_001,2026-04-29T10:11:27.308219+12:00,48.8,-36.894396,174.805774,1,True
esp32_device_001,2026-04-29T10:11:27.342466+12:00,48.7,-36.894455,174.805828,1,True
esp32_device_001,2026-04-29T10:11:27.376712+12:00,48.7,-36.894686,174.806089,1,True
esp32_device_001,2026-04-29T10:11:27.410959+12:00,48.7,-36.894897,174.806323,1,True
esp32_device_001,2026-04-29T10:11:27.445205+12:00,48.7,-36.895290,174.806725,1,True
esp32_device_001,2026-04-29T10:11:27.479452+12:00,48.7,-36.895563,174.806955,1,True
esp32_device_001,2026-04-29T10:11:27.513699+12:00,48.7,-36.896199,174.807326,1,True
esp32_device_001,2026-04-29T10:11:27.547945+12:00,48.6,-36.896727,174.807649,1,True
esp32_device_001,2026-04-29T10:11:27.582192+12:00,48.6,-36.897245,174.807920,1,True
esp32_device_001,2026-04-29T10:11:27.616438+12:00,48.6,-36.899011,174.808829,1,True
esp32_device_001,2026-04-29T10:11:27.650685+12:00,48.6,-36.900702,174.809691,1,True
esp32_device_001,2026-04-29T10:11:27.684932+12:00,48.6,-36.901056,174.809989,1,True
esp32_device_001,2026-04-29T10:11:27.719178+12:00,48.6,-36.901503,174.810265,1,True
esp32_device_001,2026-04-29T10:11:27.753425+12:00,48.6,-36.901919,174.810547,1,True
esp32_device_001,2026-04-29T10:11:27.787671+12:00,48.5,-36.902464,174.810979,1,True
esp32_device_001,2026-04-29T10:11:27.821918+12:00,48.5,-36.902687,174.811156,1,True
esp32_device_001,2026-04-29T10:11:27.856164+12:00,48.5,-36.902937,174.811372,1,True
esp32_device_001,2026-04-29T10:11:27.890411+12:00,48.5,-36.903052,174.811474,1,True
esp32_device_001,2026-04-29T10:11:27.924658+12:00,48.5,-36.903096,174.811518,1,True
esp32_device_001,2026-04-29T10:11:27.958904+12:00,48.5,-36.903125,174.811552,1,True
esp32_device_001,2026-04-29T10:11:27.993151+12:00,48.4,-36.903150,174.811589,1,True
esp32_device_001,2026-04-29T10:11:28.027397+12:00,48.4,-36.903169,174.811637,1,True
esp32_device_001,2026-04-29T10:11:28.061644+12:00,48.4,-36.903187,174.811700,1,True
esp32_device_001,2026-04-29T10:11:28.095890+12:00,48.4,-36.903214,174.811790,1,True
esp32_device_001,2026-04-29T10:11:28.130137+12:00,48.4,-36.903199,174.811855,1,True
esp32_device_001,2026-04-29T10:11:28.164384+12:00,48.4,-36.903212,174.811954,1,True
esp32_device_001,2026-04-29T10:11:28.198630+12:00,48.3,-36.903231,174.812028,1,True
esp32_device_001,2026-04-29T10:11:28.232877+12:00,48.3,-36.903262,174.812095,1,True
esp32_device_001,2026-04-29T10:11:28.267123+12:00,48.3,-36.903313,174.812165,1,True
esp32_device_001,2026-04-29T10:11:28.301370+12:00,48.3,-36.903356,174.812205,1,True
esp32_device_001,2026-04-29T10:11:28.335616+12:00,48.3,-36.903438,174.812257,1,True
esp32_device_001,2026-04-29T10:11:28.369863+12:00,48.3,-36.903493,174.812261,1,True
esp32_device_001,2026-04-29T10:11:28.404110+12:00,48.3,-36.903546,174.812249,1,True
esp32_device_001,2026-04-29T10:11:28.438356+12:00,48.2,-36.903579,174.812232,1,True
esp32_device_001,2026-04-29T10:11:28.472603+12:00,48.2,-36.903625,174.812204,1,True
esp32_device_001,2026-04-29T10:11:28.506849+12:00,48.2,-36.903796,174.812078,1,True
esp32_device_001,2026-04-29T10:11:28.541096+12:00,48.2,-36.904058,174.811861,1,True
esp32_device_001,2026-04-29T10:11:28.575342+12:00,48.2,-36.904117,174.811798,1,True
esp32_device_001,2026-04-29T10:11:28.609589+12:00,48.2,-36.904159,174.811752,1,True
esp32_device_001,2026-04-29T10:11:28.643836+12:00,48.1,-36.904193,174.811694,1,True
esp32_device_001,2026-04-29T10:11:28.678082+12:00,48.1,-36.904212,174.811639,1,True
esp32_device_001,2026-04-29T10:11:28.712329+12:00,48.1,-36.904225,174.811566,1,True
esp32_device_001,2026-04-29T10:11:28.746575+12:00,48.1,-36.904228,174.811497,1,True
esp32_device_001,2026-04-29T10:11:28.780822+12:00,48.1,-36.904230,174.811432,1,True
esp32_device_001,2026-04-29T10:11:28.815068+12:00,48.1,-36.904220,174.811379,1,True
esp32_device_001,2026-04-29T10:11:28.849315+12:00,48.0,-36.904203,174.811336,1,True
esp32_device_001,2026-04-29T10:11:28.883562+12:00,48.0,-36.904147,174.811272,1,True
esp32_device_001,2026-04-29T10:11:28.917808+12:00,48.0,-36.904099,174.811229,1,True
esp32_device_001,2026-04-29T10:11:28.952055+12:00,48.0,-36.904058,174.811199,1,True
esp32_device_001,2026-04-29T10:11:28.986301+12:00,48.0,-36.904007,174.811179,1,True
esp32_device_001,2026-04-29T10:11:29.020548+12:00,48.0,-36.903970,174.811170,1,True
esp32_device_001,2026-04-29T10:11:29.054795+12:00,48.0,-36.903923,174.811171,1,True
esp32_device_001,2026-04-29T10:11:29.089041+12:00,47.9,-36.903875,174.811174,1,True
esp32_device_001,2026-04-29T10:11:29.123288+12:00,47.9,-36.903819,174.811185,1,True
esp32_device_001,2026-04-29T10:11:29.157534+12:00,47.9,-36.903785,174.811205,1,True
esp32_device_001,2026-04-29T10:11:29.191781+12:00,47.9,-36.903684,174.811195,1,True
esp32_device_001,2026-04-29T10:11:29.226027+12:00,47.9,-36.903634,174.811190,1,True
esp32_device_001,2026-04-29T10:11:29.260274+12:00,47.9,-36.903581,174.811174,1,True
esp32_device_001,2026-04-29T10:11:29.294521+12:00,47.8,-36.903533,174.811146,1,True
esp32_device_001,2026-04-29T10:11:29.328767+12:00,47.8,-36.903470,174.811110,1,True
esp32_device_001,2026-04-29T10:11:29.363014+12:00,47.8,-36.903248,174.810938,1,True
esp32_device_001,2026-04-29T10:11:29.397260+12:00,47.8,-36.902660,174.810488,1,True
esp32_device_001,2026-04-29T10:11:29.431507+12:00,47.8,-36.902483,174.810364,1,True
esp32_device_001,2026-04-29T10:11:29.465753+12:00,47.8,-36.902290,174.810256,1,True
esp32_device_001,2026-04-29T10:11:29.500000+12:00,47.8,-36.902080,174.810154,1,True
esp32_device_001,2026-04-29T10:11:29.534247+12:00,47.7,-36.901623,174.809932,1,True
esp32_device_001,2026-04-29T10:11:29.568493+12:00,47.7,-36.901366,174.809812,1,True
esp32_device_001,2026-04-29T10:11:29.602740+12:00,47.7,-36.900505,174.809386,1,True
esp32_device_001,2026-04-29T10:11:29.636986+12:00,47.7,-36.900074,174.809267,1,True
esp32_device_001,2026-04-29T10:11:29.671233+12:00,47.7,-36.899449,174.808951,1,True
esp32_device_001,2026-04-29T10:11:29.705479+12:00,47.7,-36.898287,174.808352,1,True
esp32_device_001,2026-04-29T10:11:29.739726+12:00,47.6,-36.897130,174.807761,1,True
esp32_device_001,2026-04-29T10:11:29.773973+12:00,47.6,-36.896458,174.807389,1,True
esp32_device_001,2026-04-29T10:11:29.808219+12:00,47.6,-36.896168,174.807195,1,True
esp32_device_001,2026-04-29T10:11:29.842466+12:00,47.6,-36.895865,174.806973,1,True
esp32_device_001,2026-04-29T10:11:29.876712+12:00,47.6,-36.895571,174.806724,1,True
esp32_device_001,2026-04-29T10:11:29.910959+12:00,47.6,-36.895286,174.806454,1,True
esp32_device_001,2026-04-29T10:11:29.945205+12:00,47.5,-36.895014,174.806162,1,True
esp32_device_001,2026-04-29T10:11:29.979452+12:00,47.5,-36.894721,174.805822,1,True
esp32_device_001,2026-04-29T10:11:30.013699+12:00,47.5,-36.894390,174.805411,1,True
esp32_device_001,2026-04-29T10:11:30.047945+12:00,47.5,-36.893954,174.804850,1,True
esp32_device_001,2026-04-29T10:11:30.082192+12:00,47.5,-36.893484,174.804179,1,True
esp32_device_001,2026-04-29T10:11:30.116438+12:00,47.5,-36.893095,174.803571,1,True
esp32_device_001,2026-04-29T10:11:30.150685+12:00,47.5,-36.892976,174.803386,1,True
esp32_device_001,2026-04-29T10:11:30.184932+12:00,47.4,-36.891597,174.801168,1,True
esp32_device_001,2026-04-29T10:11:30.219178+12:00,47.4,-36.891478,174.800977,1,True
esp32_device_001,2026-04-29T10:11:30.253425+12:00,47.4,-36.891152,174.800450,1,True
esp32_device_001,2026-04-29T10:11:30.287671+12:00,47.4,-36.890851,174.799785,1,True
esp32_device_001,2026-04-29T10:11:30.321918+12:00,47.4,-36.890670,174.799469,1,True
esp32_device_001,2026-04-29T10:11:30.356164+12:00,47.4,-36.890651,174.799436,1,True
esp32_device_001,2026-04-29T10:11:30.390411+12:00,47.3,-36.890396,174.799015,1,True
esp32_device_001,2026-04-29T10:11:30.424658+12:00,47.3,-36.890016,174.798449,1,True
esp32_device_001,2026-04-29T10:11:30.458904+12:00,47.3,-36.889810,174.798145,1,True
esp32_device_001,2026-04-29T10:11:30.493151+12:00,47.3,-36.889602,174.797851,1,True
esp32_device_001,2026-04-29T10:11:30.527397+12:00,47.3,-36.889480,174.797664,1,True
esp32_device_001,2026-04-29T10:11:30.561644+12:00,47.3,-36.889368,174.797450,1,True
esp32_device_001,2026-04-29T10:11:30.595890+12:00,47.2,-36.889299,174.797280,1,True
esp32_device_001,2026-04-29T10:11:30.630137+12:00,47.2,-36.889258,174.797171,1,True
esp32_device_001,2026-04-29T10:11:30.664384+12:00,47.2,-36.889192,174.797009,1,True
esp32_device_001,2026-04-29T10:11:30.698630+12:00,47.2,-36.889119,174.796876,1,True
esp32_device_001,2026-04-29T10:11:30.732877+12:00,47.2,-36.889086,174.796823,1,True
esp32_device_001,2026-04-29T10:11:30.767123+12:00,47.2,-36.889054,174.796782,1,True
esp32_device_001,2026-04-29T10:11:30.801370+12:00,47.2,-36.889012,174.796747,1,True
esp32_device_001,2026-04-29T10:11:30.835616+12:00,47.1,-36.888975,174.796721,1,True
esp32_device_001,2026-04-29T10:11:30.869863+12:00,47.1,-36.888906,174.796692,1,True
esp32_device_001,2026-04-29T10:11:30.904110+12:00,47.1,-36.888845,174.796704,1,True
esp32_device_001,2026-04-29T10:11:30.938356+12:00,47.1,-36.888821,174.796713,1,True
esp32_device_001,2026-04-29T10:11:30.972603+12:00,47.1,-36.888746,174.796759,1,True
esp32_device_001,2026-04-29T10:11:31.006849+12:00,47.1,-36.888704,174.796799,1,True
esp32_device_001,2026-04-29T10:11:31.041096+12:00,47.0,-36.888673,174.796846,1,True
esp32_device_001,2026-04-29T10:11:31.075342+12:00,47.0,-36.888631,174.796935,1,True
esp32_device_001,2026-04-29T10:11:31.109589+12:00,47.0,-36.888597,174.797030,1,True
esp32_device_001,2026-04-29T10:11:31.143836+12:00,47.0,-36.888582,174.797070,1,True
esp32_device_001,2026-04-29T10:11:31.178082+12:00,47.0,-36.888542,174.797182,1,True
esp32_device_001,2026-04-29T10:11:31.212329+12:00,47.0,-36.888511,174.797311,1,True
esp32_device_001,2026-04-29T10:11:31.246575+12:00,46.9,-36.888528,174.797406,1,True
esp32_device_001,2026-04-29T10:11:31.280822+12:00,46.9,-36.888549,174.797461,1,True
esp32_device_001,2026-04-29T10:11:31.315068+12:00,46.9,-36.888571,174.797516,1,True
esp32_device_001,2026-04-29T10:11:31.349315+12:00,46.9,-36.888588,174.797550,1,True
esp32_device_001,2026-04-29T10:11:31.383562+12:00,46.9,-36.888620,174.797587,1,True
esp32_device_001,2026-04-29T10:11:31.417808+12:00,46.9,-36.888651,174.797618,1,True
esp32_device_001,2026-04-29T10:11:31.452055+12:00,46.9,-36.888681,174.797643,1,True
esp32_device_001,2026-04-29T10:11:31.486301+12:00,46.8,-36.888740,174.797676,1,True
esp32_device_001,2026-04-29T10:11:31.520548+12:00,46.8,-36.888794,174.797701,1,True
esp32_device_001,2026-04-29T10:11:31.554795+12:00,46.8,-36.889017,174.797871,1,True
esp32_device_001,2026-04-29T10:11:31.589041+12:00,46.8,-36.889169,174.798068,1,True
esp32_device_001,2026-04-29T10:11:31.623288+12:00,46.8,-36.889646,174.798657,1,True
esp32_device_001,2026-04-29T10:11:31.657534+12:00,46.8,-36.890220,174.799366,1,True
esp32_device_001,2026-04-29T10:11:31.691781+12:00,46.7,-36.890505,174.799775,1,True
esp32_device_001,2026-04-29T10:11:31.726027+12:00,46.7,-36.890798,174.800075,1,True
esp32_device_001,2026-04-29T10:11:31.760274+12:00,46.7,-36.891421,174.801076,1,True
esp32_device_001,2026-04-29T10:11:31.794521+12:00,46.7,-36.891536,174.801260,1,True
esp32_device_001,2026-04-29T10:11:31.828767+12:00,46.7,-36.892894,174.803447,1,True
esp32_device_001,2026-04-29T10:11:31.863014+12:00,46.7,-36.893010,174.803637,1,True
esp32_device_001,2026-04-29T10:11:31.897260+12:00,46.6,-36.893054,174.803703,1,True
esp32_device_001,2026-04-29T10:11:31.931507+12:00,46.6,-36.893390,174.804218,1,True
esp32_device_001,2026-04-29T10:11:31.965753+12:00,46.6,-36.893629,174.804560,1,True
esp32_device_001,2026-04-29T10:11:32+12:00,46.6,-36.8937,174.804688,1,False
esp32_device_001,2026-04-29T10:11:33.666667+12:00,45.9,-36.894010,174.805067,1,True
esp32_device_001,2026-04-29T10:11:35.333333+12:00,45.1,-36.894388,174.805539,1,True
esp32_device_001,2026-04-29T10:11:37+12:00,44.4,-36.894409,174.805603,1,False
esp32_device_001,2026-04-29T10:11:38.250000+12:00,43.6,-36.894712,174.805942,1,True
esp32_device_001,2026-04-29T10:11:39.500000+12:00,42.8,-36.894898,174.806162,1,True
esp32_device_001,2026-04-29T10:11:40.750000+12:00,42.1,-36.895126,174.806408,1,True
esp32_device_001,2026-04-29T10:11:42+12:00,41.3,-36.895157,174.806473,1,False
esp32_device_001,2026-04-29T10:11:42.041667+12:00,41.3,-36.895418,174.806700,1,True
esp32_device_001,2026-04-29T10:11:42.083333+12:00,41.3,-36.895714,174.806959,1,True
esp32_device_001,2026-04-29T10:11:42.125000+12:00,41.2,-36.896199,174.807326,1,True
esp32_device_001,2026-04-29T10:11:42.166667+12:00,41.2,-36.896727,174.807649,1,True
esp32_device_001,2026-04-29T10:11:42.208333+12:00,41.2,-36.897245,174.807920,1,True
esp32_device_001,2026-04-29T10:11:42.250000+12:00,41.2,-36.899011,174.808829,1,True
esp32_device_001,2026-04-29T10:11:42.291667+12:00,41.2,-36.900702,174.809691,1,True
esp32_device_001,2026-04-29T10:11:42.333333+12:00,41.2,-36.901056,174.809989,1,True
esp32_device_001,2026-04-29T10:11:42.375000+12:00,41.1,-36.901503,174.810265,1,True
esp32_device_001,2026-04-29T10:11:42.416667+12:00,41.1,-36.901919,174.810547,1,True
esp32_device_001,2026-04-29T10:11:42.458333+12:00,41.1,-36.902464,174.810979,1,True
esp32_device_001,2026-04-29T10:11:42.500000+12:00,41.1,-36.902687,174.811156,1,True
esp32_device_001,2026-04-29T10:11:42.541667+12:00,41.1,-36.902937,174.811372,1,True
esp32_device_001,2026-04-29T10:11:42.583333+12:00,41.1,-36.903052,174.811474,1,True
esp32_device_001,2026-04-29T10:11:42.625000+12:00,41.0,-36.903096,174.811518,1,True
esp32_device_001,2026-04-29T10:11:42.666667+12:00,41.0,-36.903125,174.811552,1,True
esp32_device_001,2026-04-29T10:11:42.708333+12:00,41.0,-36.903150,174.811589,1,True
esp32_device_001,2026-04-29T10:11:42.750000+12:00,41.0,-36.903169,174.811637,1,True
esp32_device_001,2026-04-29T10:11:42.791667+12:00,41.0,-36.903187,174.811700,1,True
esp32_device_001,2026-04-29T10:11:42.833333+12:00,41.0,-36.903214,174.811790,1,True
esp32_device_001,2026-04-29T10:11:42.875000+12:00,40.9,-36.903199,174.811855,1,True
esp32_device_001,2026-04-29T10:11:42.916667+12:00,40.9,-36.903142,174.812007,1,True
esp32_device_001,2026-04-29T10:11:42.958333+12:00,40.9,-36.903119,174.812054,1,True
esp32_device_001,2026-04-29T10:11:43+12:00,40.9,-36.903082,174.812100,1,True
esp32_device_001,2026-04-29T10:11:43.041667+12:00,40.9,-36.903016,174.812149,1,True
esp32_device_001,2026-04-29T10:11:43.083333+12:00,40.9,-36.902894,174.812195,1,True
esp32_device_001,2026-04-29T10:11:43.125000+12:00,40.8,-36.902688,174.812298,1,True
esp32_device_001,2026-04-29T10:11:43.166667+12:00,40.8,-36.902450,174.812391,1,True
esp32_device_001,2026-04-29T10:11:43.208333+12:00,40.8,-36.902200,174.812504,1,True
esp32_device_001,2026-04-29T10:11:43.250000+12:00,40.8,-36.901950,174.812631,1,True
esp32_device_001,2026-04-29T10:11:43.291667+12:00,40.8,-36.901761,174.812742,1,True
esp32_device_001,2026-04-29T10:11:43.333333+12:00,40.8,-36.901584,174.812860,1,True
esp32_device_001,2026-04-29T10:11:43.375000+12:00,40.8,-36.901391,174.812990,1,True
esp32_device_001,2026-04-29T10:11:43.416667+12:00,40.7,-36.901290,174.813066,1,True
esp32_device_001,2026-04-29T10:11:43.458333+12:00,40.7,-36.901196,174.813142,1,True
esp32_device_001,2026-04-29T10:11:43.500000+12:00,40.7,-36.901115,174.813211,1,True
esp32_device_001,2026-04-29T10:11:43.541667+12:00,40.7,-36.901041,174.813280,1,True
esp32_device_001,2026-04-29T10:11:43.583333+12:00,40.7,-36.900945,174.813385,1,True
esp32_device_001,2026-04-29T10:11:43.625000+12:00,40.6,-36.900841,174.813513,1,True
esp32_device_001,2026-04-29T10:11:43.666667+12:00,40.6,-36.900734,174.813661,1,True
esp32_device_001,2026-04-29T10:11:43.708333+12:00,40.6,-36.900615,174.813823,1,True
esp32_device_001,2026-04-29T10:11:43.750000+12:00,40.6,-36.900524,174.813983,1,True
esp32_device_001,2026-04-29T10:11:43.791667+12:00,40.6,-36.900407,174.814236,1,True
esp32_device_001,2026-04-29T10:11:43.833333+12:00,40.6,-36.900344,174.814396,1,True
esp32_device_001,2026-04-29T10:11:43.875000+12:00,40.5,-36.900209,174.814735,1,True
esp32_device_001,2026-04-29T10:11:43.916667+12:00,40.5,-36.900169,174.814862,1,True
esp32_device_001,2026-04-29T10:11:43.958333+12:00,40.5,-36.900080,174.815094,1,True
esp32_device_001,2026-04-29T10:11:44+12:00,40.5,-36.899976,174.815382,1,True
esp32_device_001,2026-04-29T10:11:44.041667+12:00,40.5,-36.899942,174.815478,1,True
esp32_device_001,2026-04-29T10:11:44.083333+12:00,40.5,-36.899896,174.815517,1,True
esp32_device_001,2026-04-29T10:11:44.125000+12:00,40.4,-36.899862,174.815537,1,True
esp32_device_001,2026-04-29T10:11:44.166667+12:00,40.4,-36.899825,174.815560,1,True
esp32_device_001,2026-04-29T10:11:44.208333+12:00,40.4,-36.899823,174.815560,1,True
esp32_device_001,2026-04-29T10:11:44.250000+12:00,40.4,-36.899782,174.815569,1,True
esp32_device_001,2026-04-29T10:11:44.291667+12:00,40.4,-36.899734,174.815568,1,True
esp32_device_001,2026-04-29T10:11:44.333333+12:00,40.4,-36.899682,174.815534,1,True
esp32_device_001,2026-04-29T10:11:44.375000+12:00,40.3,-36.899640,174.815478,1,True
esp32_device_001,2026-04-29T10:11:44.416667+12:00,40.3,-36.899559,174.815303,1,True
esp32_device_001,2026-04-29T10:11:44.458333+12:00,40.3,-36.899519,174.815038,1,True
esp32_device_001,2026-04-29T10:11:44.500000+12:00,40.3,-36.899489,174.814782,1,True
esp32_device_001,2026-04-29T10:11:44.541667+12:00,40.3,-36.899472,174.814646,1,True
esp32_device_001,2026-04-29T10:11:44.583333+12:00,40.3,-36.899412,174.814167,1,True
esp32_device_001,2026-04-29T10:11:44.625000+12:00,40.2,-36.899316,174.813431,1,True
esp32_device_001,2026-04-29T10:11:44.666667+12:00,40.2,-36.899305,174.813376,1,True
esp32_device_001,2026-04-29T10:11:44.708333+12:00,40.2,-36.899293,174.813327,1,True
esp32_device_001,2026-04-29T10:11:44.750000+12:00,40.2,-36.899206,174.813075,1,True
esp32_device_001,2026-04-29T10:11:44.791667+12:00,40.2,-36.899179,174.812999,1,True
esp32_device_001,2026-04-29T10:11:44.833333+12:00,40.2,-36.899101,174.812771,1,True
esp32_device_001,2026-04-29T10:11:44.875000+12:00,40.1,-36.898910,174.812224,1,True
esp32_device_001,2026-04-29T10:11:44.916667+12:00,40.1,-36.898748,174.811758,1,True
esp32_device_001,2026-04-29T10:11:44.958333+12:00,40.1,-36.898662,174.811514,1,True
esp32_device_001,2026-04-29T10:11:45+12:00,40.1,-36.898601,174.811338,1,True
esp32_device_001,2026-04-29T10:11:45.041667+12:00,40.1,-36.898448,174.810899,1,True
esp32_device_001,2026-04-29T10:11:45.083333+12:00,40.1,-36.898273,174.810399,1,True
esp32_device_001,2026-04-29T10:11:45.125000+12:00,40.0,-36.898214,174.810223,1,True
esp32_device_001,2026-04-29T10:11:45.166667+12:00,40.0,-36.898120,174.809965,1,True
esp32_device_001,2026-04-29T10:11:45.208333+12:00,40.0,-36.898068,174.809817,1,True
esp32_device_001,2026-04-29T10:11:45.250000+12:00,40.0,-36.897904,174.809345,1,True
esp32_device_001,2026-04-29T10:11:45.291667+12:00,40.0,-36.897881,174.809280,1,True
esp32_device_001,2026-04-29T10:11:45.333333+12:00,40.0,-36.897806,174.809064,1,True
esp32_device_001,2026-04-29T10:11:45.375000+12:00,39.9,-36.897656,174.808629,1,True
esp32_device_001,2026-04-29T10:11:45.416667+12:00,39.9,-36.897644,174.808596,1,True
esp32_device_001,2026-04-29T10:11:45.458333+12:00,39.9,-36.897593,174.808484,1,True
esp32_device_001,2026-04-29T10:11:45.500000+12:00,39.9,-36.897579,174.808460,1,True
esp32_device_001,2026-04-29T10:11:45.541667+12:00,39.9,-36.897562,174.808441,1,True
esp32_device_001,2026-04-29T10:11:45.583333+12:00,39.9,-36.897540,174.808424,1,True
esp32_device_001,2026-04-29T10:11:45.625000+12:00,39.8,-36.897532,174.808421,1,True
esp32_device_001,2026-04-29T10:11:45.666667+12:00,39.8,-36.897495,174.808409,1,True
esp32_device_001,2026-04-29T10:11:45.708333+12:00,39.8,-36.897478,174.808409,1,True
esp32_device_001,2026-04-29T10:11:45.750000+12:00,39.8,-36.897448,174.808410,1,True
esp32_device_001,2026-04-29T10:11:45.791667+12:00,39.8,-36.897316,174.808438,1,True
esp32_device_001,2026-04-29T10:11:45.833333+12:00,39.8,-36.897014,174.808514,1,True
esp32_device_001,2026-04-29T10:11:45.875000+12:00,39.8,-36.896914,174.808543,1,True
esp32_device_001,2026-04-29T10:11:45.916667+12:00,39.7,-36.896814,174.808569,1,True
esp32_device_001,2026-04-29T10:11:45.958333+12:00,39.7,-36.896644,174.808616,1,True
esp32_device_001,2026-04-29T10:11:46+12:00,39.7,-36.896624,174.808621,1,True
esp32_device_001,2026-04-29T10:11:46.041667+12:00,39.7,-36.896530,174.808644,1,True
esp32_device_001,2026-04-29T10:11:46.083333+12:00,39.7,-36.896393,174.808677,1,True
esp32_device_001,2026-04-29T10:11:46.125000+12:00,39.6,-36.896336,174.808690,1,True
esp32_device_001,2026-04-29T10:11:46.166667+12:00,39.6,-36.896286,174.808704,1,True
esp32_device_001,2026-04-29T10:11:46.208333+12:00,39.6,-36.896253,174.808711,1,True
esp32_device_001,2026-04-29T10:11:46.250000+12:00,39.6,-36.896168,174.808730,1,True
esp32_device_001,2026-04-29T10:11:46.291667+12:00,39.6,-36.896001,174.808770,1,True
esp32_device_001,2026-04-29T10:11:46.333333+12:00,39.6,-36.895406,174.808917,1,True
esp32_device_001,2026-04-29T10:11:46.375000+12:00,39.5,-36.895389,174.808845,1,True
esp32_device_001,2026-04-29T10:11:46.416667+12:00,39.5,-36.895388,174.808837,1,True
esp32_device_001,2026-04-29T10:11:46.458333+12:00,39.5,-36.895101,174.808007,1,True
esp32_device_001,2026-04-29T10:11:46.500000+12:00,39.5,-36.894683,174.806818,1,True
esp32_device_001,2026-04-29T10:11:46.541667+12:00,39.5,-36.894439,174.806123,1,True
esp32_device_001,2026-04-29T10:11:46.583333+12:00,39.5,-36.894422,174.806019,1,True
esp32_device_001,2026-04-29T10:11:46.625000+12:00,39.4,-36.894415,174.805971,1,True
esp32_device_001,2026-04-29T10:11:46.666667+12:00,39.4,-36.894412,174.805925,1,True
esp32_device_001,2026-04-29T10:11:46.708333+12:00,39.4,-36.894419,174.805886,1,True
esp32_device_001,2026-04-29T10:11:46.750000+12:00,39.4,-36.894434,174.805856,1,True
esp32_device_001,2026-04-29T10:11:46.791667+12:00,39.4,-36.894455,174.805828,1,True
esp32_device_001,2026-04-29T10:11:46.833333+12:00,39.4,-36.894686,174.806089,1,True
esp32_device_001,2026-04-29T10:11:46.875000+12:00,39.3,-36.894897,174.806323,1,True
esp32_device_001,2026-04-29T10:11:46.916667+12:00,39.3,-36.895290,174.806725,1,True
esp32_device_001,2026-04-29T10:11:46.958333+12:00,39.3,-36.895563,174.806955,1,True
esp32_device_001,2026-04-29T10:11:47+12:00,39.3,-36.895912,174.807144,1,False
esp32_device_001,2026-04-29T10:11:49.500000+12:00,38.8,-36.896199,174.807326,1,True
esp32_device_001,2026-04-29T10:11:52+12:00,38.2,-36.896633,174.807632,1,False
esp32_device_001,2026-04-29T10:11:53.666667+12:00,37.8,-36.896727,174.807649,1,True
esp32_device_001,2026-04-29T10:11:55.333333+12:00,37.5,-36.897245,174.807920,1,True
esp32_device_001,2026-04-29T10:11:57+12:00,37.1,-36.897411,174.808044,1,False
esp32_device_001,2026-04-29T10:12:02+12:00,36.3,-36.898235,174.808472,1,False
esp32_device_001,2026-04-29T10:12:04.500000+12:00,35.2,-36.899011,174.808829,1,True
esp32_device_001,2026-04-29T10:12:07+12:00,34.2,-36.89912,174.808929,1,False
esp32_device_001,2026-04-29T10:12:12+12:00,31.8,-36.900063,174.809448,1,False
esp32_device_001,2026-04-29T10:12:13.666667+12:00,30.7,-36.900702,174.809691,1,True
esp32_device_001,2026-04-29T10:12:15.333333+12:00,29.6,-36.901056,174.809989,1,True
esp32_device_001,2026-04-29T10:12:17+12:00,28.5,-36.901081,174.809982,1,False
esp32_device_001,2026-04-29T10:12:17.042017+12:00,28.5,-36.901503,174.810265,1,True
esp32_device_001,2026-04-29T10:12:17.084034+12:00,28.5,-36.901919,174.810547,1,True
esp32_device_001,2026-04-29T10:12:17.126050+12:00,28.4,-36.902464,174.810979,1,True
esp32_device_001,2026-04-29T10:12:17.168067+12:00,28.4,-36.902687,174.811156,1,True
esp32_device_001,2026-04-29T10:12:17.210084+12:00,28.4,-36.902937,174.811372,1,True
esp32_device_001,2026-04-29T10:12:17.252101+12:00,28.4,-36.903052,174.811474,1,True
esp32_device_001,2026-04-29T10:12:17.294118+12:00,28.4,-36.903096,174.811518,1,True
esp32_device_001,2026-04-29T10:12:17.336134+12:00,28.4,-36.903125,174.811552,1,True
esp32_device_001,2026-04-29T10:12:17.378151+12:00,28.3,-36.903150,174.811589,1,True
esp32_device_001,2026-04-29T10:12:17.420168+12:00,28.3,-36.903169,174.811637,1,True
esp32_device_001,2026-04-29T10:12:17.462185+12:00,28.3,-36.903187,174.811700,1,True
esp32_device_001,2026-04-29T10:12:17.504202+12:00,28.3,-36.903214,174.811790,1,True
esp32_device_001,2026-04-29T10:12:17.546218+12:00,28.3,-36.903199,174.811855,1,True
esp32_device_001,2026-04-29T10:12:17.588235+12:00,28.3,-36.903142,174.812007,1,True
esp32_device_001,2026-04-29T10:12:17.630252+12:00,28.2,-36.903119,174.812054,1,True
esp32_device_001,2026-04-29T10:12:17.672269+12:00,28.2,-36.903082,174.812100,1,True
esp32_device_001,2026-04-29T10:12:17.714286+12:00,28.2,-36.903016,174.812149,1,True
esp32_device_001,2026-04-29T10:12:17.756303+12:00,28.2,-36.902894,174.812195,1,True
esp32_device_001,2026-04-29T10:12:17.798319+12:00,28.2,-36.902688,174.812298,1,True
esp32_device_001,2026-04-29T10:12:17.840336+12:00,28.1,-36.902450,174.812391,1,True
esp32_device_001,2026-04-29T10:12:17.882353+12:00,28.1,-36.902200,174.812504,1,True
esp32_device_001,2026-04-29T10:12:17.924370+12:00,28.1,-36.901950,174.812631,1,True
esp32_device_001,2026-04-29T10:12:17.966387+12:00,28.1,-36.901761,174.812742,1,True
esp32_device_001,2026-04-29T10:12:18.008403+12:00,28.1,-36.901584,174.812860,1,True
esp32_device_001,2026-04-29T10:12:18.050420+12:00,28.1,-36.901391,174.812990,1,True
esp32_device_001,2026-04-29T10:12:18.092437+12:00,28.0,-36.901290,174.813066,1,True
esp32_device_001,2026-04-29T10:12:18.134454+12:00,28.0,-36.901196,174.813142,1,True
esp32_device_001,2026-04-29T10:12:18.176471+12:00,28.0,-36.901115,174.813211,1,True
esp32_device_001,2026-04-29T10:12:18.218487+12:00,28.0,-36.901041,174.813280,1,True
esp32_device_001,2026-04-29T10:12:18.260504+12:00,28.0,-36.900945,174.813385,1,True
esp32_device_001,2026-04-29T10:12:18.302521+12:00,28.0,-36.900841,174.813513,1,True
esp32_device_001,2026-04-29T10:12:18.344538+12:00,27.9,-36.900734,174.813661,1,True
esp32_device_001,2026-04-29T10:12:18.386555+12:00,27.9,-36.900615,174.813823,1,True
esp32_device_001,2026-04-29T10:12:18.428571+12:00,27.9,-36.900524,174.813983,1,True
esp32_device_001,2026-04-29T10:12:18.470588+12:00,27.9,-36.900407,174.814236,1,True
esp32_device_001,2026-04-29T10:12:18.512605+12:00,27.9,-36.900344,174.814396,1,True
esp32_device_001,2026-04-29T10:12:18.554622+12:00,27.8,-36.900209,174.814735,1,True
esp32_device_001,2026-04-29T10:12:18.596639+12:00,27.8,-36.900169,174.814862,1,True
esp32_device_001,2026-04-29T10:12:18.638655+12:00,27.8,-36.900080,174.815094,1,True
esp32_device_001,2026-04-29T10:12:18.680672+12:00,27.8,-36.899976,174.815382,1,True
esp32_device_001,2026-04-29T10:12:18.722689+12:00,27.8,-36.899942,174.815478,1,True
esp32_device_001,2026-04-29T10:12:18.764706+12:00,27.8,-36.899896,174.815517,1,True
esp32_device_001,2026-04-29T10:12:18.806723+12:00,27.7,-36.899862,174.815537,1,True
esp32_device_001,2026-04-29T10:12:18.848739+12:00,27.7,-36.899825,174.815560,1,True
esp32_device_001,2026-04-29T10:12:18.890756+12:00,27.7,-36.899823,174.815560,1,True
esp32_device_001,2026-04-29T10:12:18.932773+12:00,27.7,-36.899782,174.815569,1,True
esp32_device_001,2026-04-29T10:12:18.974790+12:00,27.7,-36.899734,174.815568,1,True
esp32_device_001,2026-04-29T10:12:19.016807+12:00,27.7,-36.899682,174.815534,1,True
esp32_device_001,2026-04-29T10:12:19.058824+12:00,27.6,-36.899640,174.815478,1,True
esp32_device_001,2026-04-29T10:12:19.100840+12:00,27.6,-36.899559,174.815303,1,True
esp32_device_001,2026-04-29T10:12:19.142857+12:00,27.6,-36.899519,174.815038,1,True
esp32_device_001,2026-04-29T10:12:19.184874+12:00,27.6,-36.899489,174.814782,1,True
esp32_device_001,2026-04-29T10:12:19.226891+12:00,27.6,-36.899472,174.814646,1,True
esp32_device_001,2026-04-29T10:12:19.268908+12:00,27.5,-36.899412,174.814167,1,True
esp32_device_001,2026-04-29T10:12:19.310924+12:00,27.5,-36.899316,174.813431,1,True
esp32_device_001,2026-04-29T10:12:19.352941+12:00,27.5,-36.899305,174.813376,1,True
esp32_device_001,2026-04-29T10:12:19.394958+12:00,27.5,-36.899293,174.813327,1,True
esp32_device_001,2026-04-29T10:12:19.436975+12:00,27.5,-36.899206,174.813075,1,True
esp32_device_001,2026-04-29T10:12:19.478992+12:00,27.5,-36.899179,174.812999,1,True
esp32_device_001,2026-04-29T10:12:19.521008+12:00,27.4,-36.899101,174.812771,1,True
esp32_device_001,2026-04-29T10:12:19.563025+12:00,27.4,-36.898910,174.812224,1,True
esp32_device_001,2026-04-29T10:12:19.605042+12:00,27.4,-36.898748,174.811758,1,True
esp32_device_001,2026-04-29T10:12:19.647059+12:00,27.4,-36.898662,174.811514,1,True
esp32_device_001,2026-04-29T10:12:19.689076+12:00,27.4,-36.898601,174.811338,1,True
esp32_device_001,2026-04-29T10:12:19.731092+12:00,27.4,-36.898448,174.810899,1,True
esp32_device_001,2026-04-29T10:12:19.773109+12:00,27.3,-36.898273,174.810399,1,True
esp32_device_001,2026-04-29T10:12:19.815126+12:00,27.3,-36.898214,174.810223,1,True
esp32_device_001,2026-04-29T10:12:19.857143+12:00,27.3,-36.898120,174.809965,1,True
esp32_device_001,2026-04-29T10:12:19.899160+12:00,27.3,-36.898068,174.809817,1,True
esp32_device_001,2026-04-29T10:12:19.941176+12:00,27.3,-36.897904,174.809345,1,True
esp32_device_001,2026-04-29T10:12:19.983193+12:00,27.2,-36.897881,174.809280,1,True
esp32_device_001,2026-04-29T10:12:20.025210+12:00,27.2,-36.897806,174.809064,1,True
esp32_device_001,2026-04-29T10:12:20.067227+12:00,27.2,-36.897656,174.808629,1,True
esp32_device_001,2026-04-29T10:12:20.109244+12:00,27.2,-36.897644,174.808596,1,True
esp32_device_001,2026-04-29T10:12:20.151261+12:00,27.2,-36.897593,174.808484,1,True
esp32_device_001,2026-04-29T10:12:20.193277+12:00,27.2,-36.897579,174.808460,1,True
esp32_device_001,2026-04-29T10:12:20.235294+12:00,27.1,-36.897562,174.808441,1,True
esp32_device_001,2026-04-29T10:12:20.277311+12:00,27.1,-36.897540,174.808424,1,True
esp32_device_001,2026-04-29T10:12:20.319328+12:00,27.1,-36.897532,174.808421,1,True
esp32_device_001,2026-04-29T10:12:20.361345+12:00,27.1,-36.897495,174.808409,1,True
esp32_device_001,2026-04-29T10:12:20.403361+12:00,27.1,-36.897478,174.808409,1,True
esp32_device_001,2026-04-29T10:12:20.445378+12:00,27.1,-36.897448,174.808410,1,True
esp32_device_001,2026-04-29T10:12:20.487395+12:00,27.0,-36.897316,174.808438,1,True
esp32_device_001,2026-04-29T10:12:20.529412+12:00,27.0,-36.897014,174.808514,1,True
esp32_device_001,2026-04-29T10:12:20.571429+12:00,27.0,-36.896914,174.808543,1,True
esp32_device_001,2026-04-29T10:12:20.613445+12:00,27.0,-36.896814,174.808569,1,True
esp32_device_001,2026-04-29T10:12:20.655462+12:00,27.0,-36.896644,174.808616,1,True
esp32_device_001,2026-04-29T10:12:20.697479+12:00,26.9,-36.896624,174.808621,1,True
esp32_device_001,2026-04-29T10:12:20.739496+12:00,26.9,-36.896530,174.808644,1,True
esp32_device_001,2026-04-29T10:12:20.781513+12:00,26.9,-36.896393,174.808677,1,True
esp32_device_001,2026-04-29T10:12:20.823529+12:00,26.9,-36.896336,174.808690,1,True
esp32_device_001,2026-04-29T10:12:20.865546+12:00,26.9,-36.896286,174.808704,1,True
esp32_device_001,2026-04-29T10:12:20.907563+12:00,26.9,-36.896253,174.808711,1,True
esp32_device_001,2026-04-29T10:12:20.949580+12:00,26.8,-36.896168,174.808730,1,True
esp32_device_001,2026-04-29T10:12:20.991597+12:00,26.8,-36.896001,174.808770,1,True
esp32_device_001,2026-04-29T10:12:21.033613+12:00,26.8,-36.895406,174.808917,1,True
esp32_device_001,2026-04-29T10:12:21.075630+12:00,26.8,-36.895389,174.808845,1,True
esp32_device_001,2026-04-29T10:12:21.117647+12:00,26.8,-36.895388,174.808837,1,True
esp32_device_001,2026-04-29T10:12:21.159664+12:00,26.8,-36.895101,174.808007,1,True
esp32_device_001,2026-04-29T10:12:21.201681+12:00,26.7,-36.894683,174.806818,1,True
esp32_device_001,2026-04-29T10:12:21.243697+12:00,26.7,-36.894439,174.806123,1,True
esp32_device_001,2026-04-29T10:12:21.285714+12:00,26.7,-36.894422,174.806019,1,True
esp32_device_001,2026-04-29T10:12:21.327731+12:00,26.7,-36.894415,174.805971,1,True
esp32_device_001,2026-04-29T10:12:21.369748+12:00,26.7,-36.894412,174.805925,1,True
esp32_device_001,2026-04-29T10:12:21.411765+12:00,26.6,-36.894419,174.805886,1,True
esp32_device_001,2026-04-29T10:12:21.453782+12:00,26.6,-36.894434,174.805856,1,True
esp32_device_001,2026-04-29T10:12:21.495798+12:00,26.6,-36.894455,174.805828,1,True
esp32_device_001,2026-04-29T10:12:21.537815+12:00,26.6,-36.894686,174.806089,1,True
esp32_device_001,2026-04-29T10:12:21.579832+12:00,26.6,-36.894897,174.806323,1,True
esp32_device_001,2026-04-29T10:12:21.621849+12:00,26.6,-36.895290,174.806725,1,True
esp32_device_001,2026-04-29T10:12:21.663866+12:00,26.5,-36.895563,174.806955,1,True
esp32_device_001,2026-04-29T10:12:21.705882+12:00,26.5,-36.896199,174.807326,1,True
esp32_device_001,2026-04-29T10:12:21.747899+12:00,26.5,-36.896727,174.807649,1,True
esp32_device_001,2026-04-29T10:12:21.789916+12:00,26.5,-36.897245,174.807920,1,True
esp32_device_001,2026-04-29T10:12:21.831933+12:00,26.5,-36.899011,174.808829,1,True
esp32_device_001,2026-04-29T10:12:21.873950+12:00,26.5,-36.900702,174.809691,1,True
esp32_device_001,2026-04-29T10:12:21.915966+12:00,26.4,-36.901608,174.810154,1,True
esp32_device_001,2026-04-29T10:12:21.957983+12:00,26.4,-36.901951,174.810344,1,True
esp32_device_001,2026-04-29T10:12:22+12:00,26.4,-36.902122,174.810577,1,False
esp32_device_001,2026-04-29T10:12:23.250000+12:00,26.1,-36.902250,174.810540,1,True
esp32_device_001,2026-04-29T10:12:24.500000+12:00,25.9,-36.902570,174.810761,1,True
esp32_device_001,2026-04-29T10:12:25.750000+12:00,25.6,-36.902930,174.811045,1,True
esp32_device_001,2026-04-29T10:12:27+12:00,25.3,-36.903107,174.811325,1,False
esp32_device_001,2026-04-29T10:12:28+12:00,25.4,-36.903295,174.811372,1,True
esp32_device_001,2026-04-29T10:12:29+12:00,25.5,-36.903481,174.811557,1,True
esp32_device_001,2026-04-29T10:12:30+12:00,25.7,-36.903811,174.811920,1,True
esp32_device_001,2026-04-29T10:12:31+12:00,25.8,-36.903947,174.812082,1,True
esp32_device_001,2026-04-29T10:12:32+12:00,25.9,-36.903988,174.812241,1,False
esp32_device_001,2026-04-29T10:12:32.026042+12:00,25.9,-36.904139,174.812331,1,True
esp32_device_001,2026-04-29T10:12:32.052083+12:00,25.9,-36.904442,174.812754,1,True
esp32_device_001,2026-04-29T10:12:32.078125+12:00,25.9,-36.904665,174.813105,1,True
esp32_device_001,2026-04-29T10:12:32.104167+12:00,26.0,-36.904874,174.813473,1,True
esp32_device_001,2026-04-29T10:12:32.130208+12:00,26.0,-36.905034,174.813784,1,True
esp32_device_001,2026-04-29T10:12:32.156250+12:00,26.0,-36.905174,174.814074,1,True
esp32_device_001,2026-04-29T10:12:32.182292+12:00,26.0,-36.905343,174.814475,1,True
esp32_device_001,2026-04-29T10:12:32.208333+12:00,26.0,-36.905566,174.815076,1,True
esp32_device_001,2026-04-29T10:12:32.234375+12:00,26.0,-36.906097,174.816487,1,True
esp32_device_001,2026-04-29T10:12:32.260417+12:00,26.1,-36.906423,174.817329,1,True
esp32_device_001,2026-04-29T10:12:32.286458+12:00,26.1,-36.906527,174.817574,1,True
esp32_device_001,2026-04-29T10:12:32.312500+12:00,26.1,-36.906641,174.817824,1,True
esp32_device_001,2026-04-29T10:12:32.338542+12:00,26.1,-36.906751,174.818044,1,True
esp32_device_001,2026-04-29T10:12:32.364583+12:00,26.1,-36.906943,174.818379,1,True
esp32_device_001,2026-04-29T10:12:32.390625+12:00,26.1,-36.907106,174.818630,1,True
esp32_device_001,2026-04-29T10:12:32.416667+12:00,26.2,-36.907284,174.818880,1,True
esp32_device_001,2026-04-29T10:12:32.442708+12:00,26.2,-36.907444,174.819109,1,True
esp32_device_001,2026-04-29T10:12:32.468750+12:00,26.2,-36.907619,174.819308,1,True
esp32_device_001,2026-04-29T10:12:32.494792+12:00,26.2,-36.907808,174.819513,1,True
esp32_device_001,2026-04-29T10:12:32.520833+12:00,26.2,-36.907963,174.819663,1,True
esp32_device_001,2026-04-29T10:12:32.546875+12:00,26.2,-36.908101,174.819797,1,True
esp32_device_001,2026-04-29T10:12:32.572917+12:00,26.3,-36.908387,174.820047,1,True
esp32_device_001,2026-04-29T10:12:32.598958+12:00,26.3,-36.908873,174.820412,1,True
esp32_device_001,2026-04-29T10:12:32.625000+12:00,26.3,-36.909120,174.820599,1,True
esp32_device_001,2026-04-29T10:12:32.651042+12:00,26.3,-36.910555,174.821662,1,True
esp32_device_001,2026-04-29T10:12:32.677083+12:00,26.3,-36.912673,174.823251,1,True
esp32_device_001,2026-04-29T10:12:32.703125+12:00,26.3,-36.912888,174.823425,1,True
esp32_device_001,2026-04-29T10:12:32.729167+12:00,26.4,-36.913099,174.823604,1,True
esp32_device_001,2026-04-29T10:12:32.755208+12:00,26.4,-36.913402,174.823900,1,True
esp32_device_001,2026-04-29T10:12:32.781250+12:00,26.4,-36.913647,174.824180,1,True
esp32_device_001,2026-04-29T10:12:32.807292+12:00,26.4,-36.913948,174.824579,1,True
esp32_device_001,2026-04-29T10:12:32.833333+12:00,26.4,-36.914198,174.824954,1,True
esp32_device_001,2026-04-29T10:12:32.859375+12:00,26.4,-36.914317,174.825165,1,True
esp32_device_001,2026-04-29T10:12:32.885417+12:00,26.4,-36.914424,174.825366,1,True
esp32_device_001,2026-04-29T10:12:32.911458+12:00,26.5,-36.914573,174.825662,1,True
esp32_device_001,2026-04-29T10:12:32.937500+12:00,26.5,-36.914745,174.826060,1,True
esp32_device_001,2026-04-29T10:12:32.963542+12:00,26.5,-36.914861,174.826370,1,True
esp32_device_001,2026-04-29T10:12:32.989583+12:00,26.5,-36.914964,174.826682,1,True
esp32_device_001,2026-04-29T10:12:33.015625+12:00,26.5,-36.915096,174.827120,1,True
esp32_device_001,2026-04-29T10:12:33.041667+12:00,26.5,-36.915293,174.827885,1,True
esp32_device_001,2026-04-29T10:12:33.067708+12:00,26.6,-36.915521,174.828838,1,True
esp32_device_001,2026-04-29T10:12:33.093750+12:00,26.6,-36.915618,174.829568,1,True
esp32_device_001,2026-04-29T10:12:33.119792+12:00,26.6,-36.915992,174.831119,1,True
esp32_device_001,2026-04-29T10:12:33.145833+12:00,26.6,-36.916258,174.832664,1,True
esp32_device_001,2026-04-29T10:12:33.171875+12:00,26.6,-36.916293,174.832903,1,True
esp32_device_001,2026-04-29T10:12:33.197917+12:00,26.6,-36.916300,174.833013,1,True
esp32_device_001,2026-04-29T10:12:33.223958+12:00,26.7,-36.916308,174.833154,1,True
esp32_device_001,2026-04-29T10:12:33.250000+12:00,26.7,-36.916310,174.833296,1,True
esp32_device_001,2026-04-29T10:12:33.276042+12:00,26.7,-36.916305,174.833399,1,True
esp32_device_001,2026-04-29T10:12:33.302083+12:00,26.7,-36.916295,174.833495,1,True
esp32_device_001,2026-04-29T10:12:33.328125+12:00,26.7,-36.916278,174.833612,1,True
esp32_device_001,2026-04-29T10:12:33.354167+12:00,26.7,-36.916258,174.833725,1,True
esp32_device_001,2026-04-29T10:12:33.380208+12:00,26.8,-36.916200,174.833944,1,True
esp32_device_001,2026-04-29T10:12:33.406250+12:00,26.8,-36.916104,174.834208,1,True
esp32_device_001,2026-04-29T10:12:33.432292+12:00,26.8,-36.915976,174.834504,1,True
esp32_device_001,2026-04-29T10:12:33.458333+12:00,26.8,-36.915863,174.834780,1,True
esp32_device_001,2026-04-29T10:12:33.484375+12:00,26.8,-36.915826,174.834877,1,True
esp32_device_001,2026-04-29T10:12:33.510417+12:00,26.8,-36.915707,174.835278,1,True
esp32_device_001,2026-04-29T10:12:33.536458+12:00,26.9,-36.915686,174.835365,1,True
esp32_device_001,2026-04-29T10:12:33.562500+12:00,26.9,-36.915662,174.835480,1,True
esp32_device_001,2026-04-29T10:12:33.588542+12:00,26.9,-36.915643,174.835606,1,True
esp32_device_001,2026-04-29T10:12:33.614583+12:00,26.9,-36.915632,174.835711,1,True
esp32_device_001,2026-04-29T10:12:33.640625+12:00,26.9,-36.915624,174.835855,1,True
esp32_device_001,2026-04-29T10:12:33.666667+12:00,26.9,-36.915626,174.835971,1,True
esp32_device_001,2026-04-29T10:12:33.692708+12:00,26.9,-36.915640,174.836123,1,True
esp32_device_001,2026-04-29T10:12:33.718750+12:00,27.0,-36.915662,174.836223,1,True
esp32_device_001,2026-04-29T10:12:33.744792+12:00,27.0,-36.915705,174.836328,1,True
esp32_device_001,2026-04-29T10:12:33.770833+12:00,27.0,-36.915761,174.836424,1,True
esp32_device_001,2026-04-29T10:12:33.796875+12:00,27.0,-36.915823,174.836508,1,True
esp32_device_001,2026-04-29T10:12:33.822917+12:00,27.0,-36.915903,174.836577,1,True
esp32_device_001,2026-04-29T10:12:33.848958+12:00,27.0,-36.915960,174.836613,1,True
esp32_device_001,2026-04-29T10:12:33.875000+12:00,27.1,-36.916020,174.836635,1,True
esp32_device_001,2026-04-29T10:12:33.901042+12:00,27.1,-36.916098,174.836647,1,True
esp32_device_001,2026-04-29T10:12:33.927083+12:00,27.1,-36.916200,174.836647,1,True
esp32_device_001,2026-04-29T10:12:33.953125+12:00,27.1,-36.916257,174.836633,1,True
esp32_device_001,2026-04-29T10:12:33.979167+12:00,27.1,-36.916311,174.836617,1,True
esp32_device_001,2026-04-29T10:12:34.005208+12:00,27.1,-36.916380,174.836582,1,True
esp32_device_001,2026-04-29T10:12:34.031250+12:00,27.2,-36.916452,174.836529,1,True
esp32_device_001,2026-04-29T10:12:34.057292+12:00,27.2,-36.916495,174.836485,1,True
esp32_device_001,2026-04-29T10:12:34.083333+12:00,27.2,-36.916543,174.836427,1,True
esp32_device_001,2026-04-29T10:12:34.109375+12:00,27.2,-36.916587,174.836357,1,True
esp32_device_001,2026-04-29T10:12:34.135417+12:00,27.2,-36.916625,174.836283,1,True
esp32_device_001,2026-04-29T10:12:34.161458+12:00,27.2,-36.916653,174.836190,1,True
esp32_device_001,2026-04-29T10:12:34.187500+12:00,27.3,-36.916674,174.836085,1,True
esp32_device_001,2026-04-29T10:12:34.213542+12:00,27.3,-36.916677,174.835989,1,True
esp32_device_001,2026-04-29T10:12:34.239583+12:00,27.3,-36.916674,174.835928,1,True
esp32_device_001,2026-04-29T10:12:34.265625+12:00,27.3,-36.916664,174.835841,1,True
esp32_device_001,2026-04-29T10:12:34.291667+12:00,27.3,-36.916642,174.835730,1,True
esp32_device_001,2026-04-29T10:12:34.317708+12:00,27.3,-36.916623,174.835603,1,True
esp32_device_001,2026-04-29T10:12:34.343750+12:00,27.4,-36.916614,174.835447,1,True
esp32_device_001,2026-04-29T10:12:34.369792+12:00,27.4,-36.916610,174.835350,1,True
esp32_device_001,2026-04-29T10:12:34.395833+12:00,27.4,-36.916616,174.835247,1,True
esp32_device_001,2026-04-29T10:12:34.421875+12:00,27.4,-36.916632,174.835027,1,True
esp32_device_001,2026-04-29T10:12:34.447917+12:00,27.4,-36.916651,174.834895,1,True
esp32_device_001,2026-04-29T10:12:34.473958+12:00,27.4,-36.916681,174.834762,1,True
esp32_device_001,2026-04-29T10:12:34.500000+12:00,27.4,-36.916852,174.834210,1,True
esp32_device_001,2026-04-29T10:12:34.526042+12:00,27.5,-36.917000,174.833879,1,True
esp32_device_001,2026-04-29T10:12:34.552083+12:00,27.5,-36.917066,174.833692,1,True
esp32_device_001,2026-04-29T10:12:34.578125+12:00,27.5,-36.917131,174.833437,1,True
esp32_device_001,2026-04-29T10:12:34.604167+12:00,27.5,-36.917171,174.833217,1,True
esp32_device_001,2026-04-29T10:12:34.630208+12:00,27.5,-36.917192,174.833035,1,True
esp32_device_001,2026-04-29T10:12:34.656250+12:00,27.5,-36.917204,174.832827,1,True
esp32_device_001,2026-04-29T10:12:34.682292+12:00,27.6,-36.917199,174.832622,1,True
esp32_device_001,2026-04-29T10:12:34.708333+12:00,27.6,-36.917163,174.832208,1,True
esp32_device_001,2026-04-29T10:12:34.734375+12:00,27.6,-36.917115,174.831945,1,True
esp32_device_001,2026-04-29T10:12:34.760417+12:00,27.6,-36.917062,174.831703,1,True
esp32_device_001,2026-04-29T10:12:34.786458+12:00,27.6,-36.916939,174.831360,1,True
esp32_device_001,2026-04-29T10:12:34.812500+12:00,27.6,-36.916545,174.830251,1,True
esp32_device_001,2026-04-29T10:12:34.838542+12:00,27.7,-36.916359,174.829698,1,True
esp32_device_001,2026-04-29T10:12:34.864583+12:00,27.7,-36.916181,174.829063,1,True
esp32_device_001,2026-04-29T10:12:34.890625+12:00,27.7,-36.916082,174.828764,1,True
esp32_device_001,2026-04-29T10:12:34.916667+12:00,27.7,-36.915849,174.828071,1,True
esp32_device_001,2026-04-29T10:12:34.942708+12:00,27.7,-36.915751,174.827639,1,True
esp32_device_001,2026-04-29T10:12:34.968750+12:00,27.7,-36.915720,174.827445,1,True
esp32_device_001,2026-04-29T10:12:34.994792+12:00,27.8,-36.915703,174.827274,1,True
esp32_device_001,2026-04-29T10:12:35.020833+12:00,27.8,-36.915703,174.827043,1,True
esp32_device_001,2026-04-29T10:12:35.046875+12:00,27.8,-36.915710,174.826777,1,True
esp32_device_001,2026-04-29T10:12:35.072917+12:00,27.8,-36.915711,174.826600,1,True
esp32_device_001,2026-04-29T10:12:35.098958+12:00,27.8,-36.915696,174.826493,1,True
esp32_device_001,2026-04-29T10:12:35.125000+12:00,27.8,-36.915654,174.826352,1,True
esp32_device_001,2026-04-29T10:12:35.151042+12:00,27.9,-36.915603,174.826201,1,True
esp32_device_001,2026-04-29T10:12:35.177083+12:00,27.9,-36.915559,174.826103,1,True
esp32_device_001,2026-04-29T10:12:35.203125+12:00,27.9,-36.915510,174.826009,1,True
esp32_device_001,2026-04-29T10:12:35.229167+12:00,27.9,-36.915398,174.825838,1,True
esp32_device_001,2026-04-29T10:12:35.255208+12:00,27.9,-36.915115,174.825532,1,True
esp32_device_001,2026-04-29T10:12:35.281250+12:00,27.9,-36.914918,174.825298,1,True
esp32_device_001,2026-04-29T10:12:35.307292+12:00,28.0,-36.914666,174.824981,1,True
esp32_device_001,2026-04-29T10:12:35.333333+12:00,28.0,-36.914290,174.824465,1,True
esp32_device_001,2026-04-29T10:12:35.359375+12:00,28.0,-36.913977,174.824095,1,True
esp32_device_001,2026-04-29T10:12:35.385417+12:00,28.0,-36.913718,174.823823,1,True
esp32_device_001,2026-04-29T10:12:35.411458+12:00,28.0,-36.913433,174.823550,1,True
esp32_device_001,2026-04-29T10:12:35.437500+12:00,28.0,-36.913135,174.823305,1,True
esp32_device_001,2026-04-29T10:12:35.463542+12:00,28.0,-36.912777,174.823147,1,True
esp32_device_001,2026-04-29T10:12:35.489583+12:00,28.1,-36.912436,174.822889,1,True
esp32_device_001,2026-04-29T10:12:35.515625+12:00,28.1,-36.910621,174.821558,1,True
esp32_device_001,2026-04-29T10:12:35.541667+12:00,28.1,-36.909689,174.820873,1,True
esp32_device_001,2026-04-29T10:12:35.567708+12:00,28.1,-36.909197,174.820512,1,True
esp32_device_001,2026-04-29T10:12:35.593750+12:00,28.1,-36.908798,174.820215,1,True
esp32_device_001,2026-04-29T10:12:35.619792+12:00,28.1,-36.908440,174.819949,1,True
esp32_device_001,2026-04-29T10:12:35.645833+12:00,28.2,-36.908153,174.819697,1,True
esp32_device_001,2026-04-29T10:12:35.671875+12:00,28.2,-36.907900,174.819454,1,True
esp32_device_001,2026-04-29T10:12:35.697917+12:00,28.2,-36.907674,174.819207,1,True
esp32_device_001,2026-04-29T10:12:35.723958+12:00,28.2,-36.907509,174.819018,1,True
esp32_device_001,2026-04-29T10:12:35.750000+12:00,28.2,-36.907345,174.818795,1,True
esp32_device_001,2026-04-29T10:12:35.776042+12:00,28.2,-36.907176,174.818551,1,True
esp32_device_001,2026-04-29T10:12:35.802083+12:00,28.3,-36.907015,174.818292,1,True
esp32_device_001,2026-04-29T10:12:35.828125+12:00,28.3,-36.906838,174.817980,1,True
esp32_device_001,2026-04-29T10:12:35.854167+12:00,28.3,-36.906717,174.817745,1,True
esp32_device_001,2026-04-29T10:12:35.880208+12:00,28.3,-36.906554,174.817374,1,True
esp32_device_001,2026-04-29T10:12:35.906250+12:00,28.3,-36.906374,174.816917,1,True
esp32_device_001,2026-04-29T10:12:35.932292+12:00,28.3,-36.906195,174.816443,1,True
esp32_device_001,2026-04-29T10:12:35.958333+12:00,28.4,-36.905768,174.815313,1,True
esp32_device_001,2026-04-29T10:12:35.984375+12:00,28.4,-36.905596,174.814599,1,True
esp32_device_001,2026-04-29T10:12:36.010417+12:00,28.4,-36.905334,174.813880,1,True
esp32_device_001,2026-04-29T10:12:36.036458+12:00,28.4,-36.905027,174.813276,1,True
esp32_device_001,2026-04-29T10:12:36.062500+12:00,28.4,-36.904839,174.812824,1,True
esp32_device_001,2026-04-29T10:12:36.088542+12:00,28.4,-36.904660,174.812447,1,True
esp32_device_001,2026-04-29T10:12:36.114583+12:00,28.5,-36.904316,174.811558,1,True
esp32_device_001,2026-04-29T10:12:36.140625+12:00,28.5,-36.904268,174.811449,1,True
esp32_device_001,2026-04-29T10:12:36.166667+12:00,28.5,-36.904220,174.811379,1,True
esp32_device_001,2026-04-29T10:12:36.192708+12:00,28.5,-36.904203,174.811336,1,True
esp32_device_001,2026-04-29T10:12:36.218750+12:00,28.5,-36.904147,174.811272,1,True
esp32_device_001,2026-04-29T10:12:36.244792+12:00,28.5,-36.904099,174.811229,1,True
esp32_device_001,2026-04-29T10:12:36.270833+12:00,28.5,-36.904058,174.811199,1,True
esp32_device_001,2026-04-29T10:12:36.296875+12:00,28.6,-36.904007,174.811179,1,True
esp32_device_001,2026-04-29T10:12:36.322917+12:00,28.6,-36.903970,174.811170,1,True
esp32_device_001,2026-04-29T10:12:36.348958+12:00,28.6,-36.903923,174.811171,1,True
esp32_device_001,2026-04-29T10:12:36.375000+12:00,28.6,-36.903875,174.811174,1,True
esp32_device_001,2026-04-29T10:12:36.401042+12:00,28.6,-36.903819,174.811185,1,True
esp32_device_001,2026-04-29T10:12:36.427083+12:00,28.6,-36.903785,174.811205,1,True
esp32_device_001,2026-04-29T10:12:36.453125+12:00,28.7,-36.903611,174.811351,1,True
esp32_device_001,2026-04-29T10:12:36.479167+12:00,28.7,-36.903339,174.811597,1,True
esp32_device_001,2026-04-29T10:12:36.505208+12:00,28.7,-36.903301,174.811642,1,True
esp32_device_001,2026-04-29T10:12:36.531250+12:00,28.7,-36.903266,174.811684,1,True
esp32_device_001,2026-04-29T10:12:36.557292+12:00,28.7,-36.903214,174.811790,1,True
esp32_device_001,2026-04-29T10:12:36.583333+12:00,28.7,-36.903199,174.811855,1,True
esp32_device_001,2026-04-29T10:12:36.609375+12:00,28.8,-36.903212,174.811954,1,True
esp32_device_001,2026-04-29T10:12:36.635417+12:00,28.8,-36.903231,174.812028,1,True
esp32_device_001,2026-04-29T10:12:36.661458+12:00,28.8,-36.903262,174.812095,1,True
esp32_device_001,2026-04-29T10:12:36.687500+12:00,28.8,-36.903313,174.812165,1,True
esp32_device_001,2026-04-29T10:12:36.713542+12:00,28.8,-36.903356,174.812205,1,True
esp32_device_001,2026-04-29T10:12:36.739583+12:00,28.8,-36.903438,174.812257,1,True
esp32_device_001,2026-04-29T10:12:36.765625+12:00,28.9,-36.903493,174.812261,1,True
esp32_device_001,2026-04-29T10:12:36.791667+12:00,28.9,-36.903663,174.812307,1,True
esp32_device_001,2026-04-29T10:12:36.817708+12:00,28.9,-36.903741,174.812336,1,True
esp32_device_001,2026-04-29T10:12:36.843750+12:00,28.9,-36.903822,174.812378,1,True
esp32_device_001,2026-04-29T10:12:36.869792+12:00,28.9,-36.904010,174.812527,1,True
esp32_device_001,2026-04-29T10:12:36.895833+12:00,28.9,-36.904194,174.812719,1,True
esp32_device_001,2026-04-29T10:12:36.921875+12:00,29.0,-36.904289,174.812841,1,True
esp32_device_001,2026-04-29T10:12:36.947917+12:00,29.0,-36.904380,174.812958,1,True
esp32_device_001,2026-04-29T10:12:36.973958+12:00,29.0,-36.904510,174.813148,1,True
esp32_device_001,2026-04-29T10:12:37+12:00,29,-36.904682,174.813293,1,False
esp32_device_001,2026-04-29T10:12:38+12:00,29.3,-36.904769,174.813530,1,True
esp32_device_001,2026-04-29T10:12:39+12:00,29.6,-36.904866,174.813694,1,True
esp32_device_001,2026-04-29T10:12:40+12:00,29.9,-36.904958,174.813868,1,True
esp32_device_001,2026-04-29T10:12:41+12:00,30.2,-36.905062,174.814089,1,True
esp32_device_001,2026-04-29T10:12:42+12:00,30.5,-36.905231,174.814392,1,False
esp32_device_001,2026-04-29T10:12:44.500000+12:00,29.9,-36.905566,174.815076,1,True
esp32_device_001,2026-04-29T10:12:47+12:00,29.2,-36.905704,174.815582,1,False
esp32_device_001,2026-04-29T10:12:49.500000+12:00,28.8,-36.906097,174.816487,1,True
esp32_device_001,2026-04-29T10:12:52+12:00,28.4,-36.906155,174.816757,1,False
esp32_device_001,2026-04-29T10:12:53.250000+12:00,28.4,-36.906423,174.817329,1,True
esp32_device_001,2026-04-29T10:12:54.500000+12:00,28.4,-36.906527,174.817574,1,True
esp32_device_001,2026-04-29T10:12:55.750000+12:00,28.5,-36.906641,174.817824,1,True
esp32_device_001,2026-04-29T10:12:57+12:00,28.5,-36.906616,174.817902,1,False
esp32_device_001,2026-04-29T10:12:58.250000+12:00,28.3,-36.906751,174.818044,1,True
esp32_device_001,2026-04-29T10:12:59.500000+12:00,28.1,-36.906943,174.818379,1,True
esp32_device_001,2026-04-29T10:13:00.750000+12:00,27.8,-36.907106,174.818630,1,True
esp32_device_001,2026-04-29T10:13:02+12:00,27.6,-36.90723,174.818939,1,False
esp32_device_001,2026-04-29T10:13:03+12:00,27.2,-36.907444,174.819109,1,True
esp32_device_001,2026-04-29T10:13:04+12:00,26.8,-36.907619,174.819308,1,True
esp32_device_001,2026-04-29T10:13:05+12:00,26.3,-36.907808,174.819513,1,True
esp32_device_001,2026-04-29T10:13:06+12:00,25.9,-36.907963,174.819663,1,True
esp32_device_001,2026-04-29T10:13:07+12:00,25.5,-36.908012,174.819839,1,False
esp32_device_001,2026-04-29T10:13:07.029240+12:00,25.5,-36.908101,174.819797,1,True
esp32_device_001,2026-04-29T10:13:07.058480+12:00,25.5,-36.908387,174.820047,1,True
esp32_device_001,2026-04-29T10:13:07.087719+12:00,25.5,-36.908873,174.820412,1,True
esp32_device_001,2026-04-29T10:13:07.116959+12:00,25.5,-36.909120,174.820599,1,True
esp32_device_001,2026-04-29T10:13:07.146199+12:00,25.4,-36.910555,174.821662,1,True
esp32_device_001,2026-04-29T10:13:07.175439+12:00,25.4,-36.912673,174.823251,1,True
esp32_device_001,2026-04-29T10:13:07.204678+12:00,25.4,-36.912888,174.823425,1,True
esp32_device_001,2026-04-29T10:13:07.233918+12:00,25.4,-36.913099,174.823604,1,True
esp32_device_001,2026-04-29T10:13:07.263158+12:00,25.4,-36.913402,174.823900,1,True
esp32_device_001,2026-04-29T10:13:07.292398+12:00,25.4,-36.913647,174.824180,1,True
esp32_device_001,2026-04-29T10:13:07.321637+12:00,25.4,-36.913948,174.824579,1,True
esp32_device_001,2026-04-29T10:13:07.350877+12:00,25.4,-36.914198,174.824954,1,True
esp32_device_001,2026-04-29T10:13:07.380117+12:00,25.3,-36.914317,174.825165,1,True
esp32_device_001,2026-04-29T10:13:07.409357+12:00,25.3,-36.914424,174.825366,1,True
esp32_device_001,2026-04-29T10:13:07.438596+12:00,25.3,-36.914573,174.825662,1,True
esp32_device_001,2026-04-29T10:13:07.467836+12:00,25.3,-36.914745,174.826060,1,True
esp32_device_001,2026-04-29T10:13:07.497076+12:00,25.3,-36.914861,174.826370,1,True
esp32_device_001,2026-04-29T10:13:07.526316+12:00,25.3,-36.914964,174.826682,1,True
esp32_device_001,2026-04-29T10:13:07.555556+12:00,25.3,-36.915096,174.827120,1,True
esp32_device_001,2026-04-29T10:13:07.584795+12:00,25.3,-36.915293,174.827885,1,True
esp32_device_001,2026-04-29T10:13:07.614035+12:00,25.2,-36.915521,174.828838,1,True
esp32_device_001,2026-04-29T10:13:07.643275+12:00,25.2,-36.915618,174.829568,1,True
esp32_device_001,2026-04-29T10:13:07.672515+12:00,25.2,-36.915992,174.831119,1,True
esp32_device_001,2026-04-29T10:13:07.701754+12:00,25.2,-36.916258,174.832664,1,True
esp32_device_001,2026-04-29T10:13:07.730994+12:00,25.2,-36.916293,174.832903,1,True
esp32_device_001,2026-04-29T10:13:07.760234+12:00,25.2,-36.916300,174.833013,1,True
esp32_device_001,2026-04-29T10:13:07.789474+12:00,25.2,-36.916308,174.833154,1,True
esp32_device_001,2026-04-29T10:13:07.818713+12:00,25.2,-36.916310,174.833296,1,True
esp32_device_001,2026-04-29T10:13:07.847953+12:00,25.1,-36.916305,174.833399,1,True
esp32_device_001,2026-04-29T10:13:07.877193+12:00,25.1,-36.916295,174.833495,1,True
esp32_device_001,2026-04-29T10:13:07.906433+12:00,25.1,-36.916278,174.833612,1,True
esp32_device_001,2026-04-29T10:13:07.935673+12:00,25.1,-36.916258,174.833725,1,True
esp32_device_001,2026-04-29T10:13:07.964912+12:00,25.1,-36.916200,174.833944,1,True
esp32_device_001,2026-04-29T10:13:07.994152+12:00,25.1,-36.916104,174.834208,1,True
esp32_device_001,2026-04-29T10:13:08.023392+12:00,25.1,-36.915976,174.834504,1,True
esp32_device_001,2026-04-29T10:13:08.052632+12:00,25.1,-36.915863,174.834780,1,True
esp32_device_001,2026-04-29T10:13:08.081871+12:00,25.0,-36.915826,174.834877,1,True
esp32_device_001,2026-04-29T10:13:08.111111+12:00,25.0,-36.915707,174.835278,1,True
esp32_device_001,2026-04-29T10:13:08.140351+12:00,25.0,-36.915686,174.835365,1,True
esp32_device_001,2026-04-29T10:13:08.169591+12:00,25.0,-36.915662,174.835480,1,True
esp32_device_001,2026-04-29T10:13:08.198830+12:00,25.0,-36.915643,174.835606,1,True
esp32_device_001,2026-04-29T10:13:08.228070+12:00,25.0,-36.915632,174.835711,1,True
esp32_device_001,2026-04-29T10:13:08.257310+12:00,25.0,-36.915624,174.835855,1,True
esp32_device_001,2026-04-29T10:13:08.286550+12:00,25.0,-36.915626,174.835971,1,True
esp32_device_001,2026-04-29T10:13:08.315789+12:00,24.9,-36.915640,174.836123,1,True
esp32_device_001,2026-04-29T10:13:08.345029+12:00,24.9,-36.915662,174.836223,1,True
esp32_device_001,2026-04-29T10:13:08.374269+12:00,24.9,-36.915705,174.836328,1,True
esp32_device_001,2026-04-29T10:13:08.403509+12:00,24.9,-36.915761,174.836424,1,True
esp32_device_001,2026-04-29T10:13:08.432749+12:00,24.9,-36.915823,174.836508,1,True
esp32_device_001,2026-04-29T10:13:08.461988+12:00,24.9,-36.915903,174.836577,1,True
esp32_device_001,2026-04-29T10:13:08.491228+12:00,24.9,-36.915960,174.836613,1,True
esp32_device_001,2026-04-29T10:13:08.520468+12:00,24.9,-36.916020,174.836635,1,True
esp32_device_001,2026-04-29T10:13:08.549708+12:00,24.8,-36.916098,174.836647,1,True
esp32_device_001,2026-04-29T10:13:08.578947+12:00,24.8,-36.916200,174.836647,1,True
esp32_device_001,2026-04-29T10:13:08.608187+12:00,24.8,-36.916257,174.836633,1,True
esp32_device_001,2026-04-29T10:13:08.637427+12:00,24.8,-36.916311,174.836617,1,True
esp32_device_001,2026-04-29T10:13:08.666667+12:00,24.8,-36.916380,174.836582,1,True
esp32_device_001,2026-04-29T10:13:08.695906+12:00,24.8,-36.916452,174.836529,1,True
esp32_device_001,2026-04-29T10:13:08.725146+12:00,24.8,-36.916495,174.836485,1,True
esp32_device_001,2026-04-29T10:13:08.754386+12:00,24.8,-36.916543,174.836427,1,True
esp32_device_001,2026-04-29T10:13:08.783626+12:00,24.8,-36.916587,174.836357,1,True
esp32_device_001,2026-04-29T10:13:08.812865+12:00,24.7,-36.916625,174.836283,1,True
esp32_device_001,2026-04-29T10:13:08.842105+12:00,24.7,-36.916653,174.836190,1,True
esp32_device_001,2026-04-29T10:13:08.871345+12:00,24.7,-36.916674,174.836085,1,True
esp32_device_001,2026-04-29T10:13:08.900585+12:00,24.7,-36.916677,174.835989,1,True
esp32_device_001,2026-04-29T10:13:08.929825+12:00,24.7,-36.916674,174.835928,1,True
esp32_device_001,2026-04-29T10:13:08.959064+12:00,24.7,-36.916664,174.835841,1,True
esp32_device_001,2026-04-29T10:13:08.988304+12:00,24.7,-36.916642,174.835730,1,True
esp32_device_001,2026-04-29T10:13:09.017544+12:00,24.7,-36.916623,174.835603,1,True
esp32_device_001,2026-04-29T10:13:09.046784+12:00,24.6,-36.916614,174.835447,1,True
esp32_device_001,2026-04-29T10:13:09.076023+12:00,24.6,-36.916610,174.835350,1,True
esp32_device_001,2026-04-29T10:13:09.105263+12:00,24.6,-36.916616,174.835247,1,True
esp32_device_001,2026-04-29T10:13:09.134503+12:00,24.6,-36.916632,174.835027,1,True
esp32_device_001,2026-04-29T10:13:09.163743+12:00,24.6,-36.916651,174.834895,1,True
esp32_device_001,2026-04-29T10:13:09.192982+12:00,24.6,-36.916681,174.834762,1,True
esp32_device_001,2026-04-29T10:13:09.222222+12:00,24.6,-36.916852,174.834210,1,True
esp32_device_001,2026-04-29T10:13:09.251462+12:00,24.6,-36.917000,174.833879,1,True
esp32_device_001,2026-04-29T10:13:09.280702+12:00,24.5,-36.917066,174.833692,1,True
esp32_device_001,2026-04-29T10:13:09.309942+12:00,24.5,-36.917131,174.833437,1,True
esp32_device_001,2026-04-29T10:13:09.339181+12:00,24.5,-36.917171,174.833217,1,True
esp32_device_001,2026-04-29T10:13:09.368421+12:00,24.5,-36.917192,174.833035,1,True
esp32_device_001,2026-04-29T10:13:09.397661+12:00,24.5,-36.917204,174.832827,1,True
esp32_device_001,2026-04-29T10:13:09.426901+12:00,24.5,-36.917199,174.832622,1,True
esp32_device_001,2026-04-29T10:13:09.456140+12:00,24.5,-36.917163,174.832208,1,True
esp32_device_001,2026-04-29T10:13:09.485380+12:00,24.5,-36.917115,174.831945,1,True
esp32_device_001,2026-04-29T10:13:09.514620+12:00,24.4,-36.917062,174.831703,1,True
esp32_device_001,2026-04-29T10:13:09.543860+12:00,24.4,-36.916939,174.831360,1,True
esp32_device_001,2026-04-29T10:13:09.573099+12:00,24.4,-36.916545,174.830251,1,True
esp32_device_001,2026-04-29T10:13:09.602339+12:00,24.4,-36.916359,174.829698,1,True
esp32_device_001,2026-04-29T10:13:09.631579+12:00,24.4,-36.916181,174.829063,1,True
esp32_device_001,2026-04-29T10:13:09.660819+12:00,24.4,-36.916082,174.828764,1,True
esp32_device_001,2026-04-29T10:13:09.690058+12:00,24.4,-36.915913,174.828068,1,True
esp32_device_001,2026-04-29T10:13:09.719298+12:00,24.4,-36.915824,174.827704,1,True
esp32_device_001,2026-04-29T10:13:09.748538+12:00,24.3,-36.915795,174.827524,1,True
esp32_device_001,2026-04-29T10:13:09.777778+12:00,24.3,-36.915769,174.827253,1,True
esp32_device_001,2026-04-29T10:13:09.807018+12:00,24.3,-36.915761,174.827049,1,True
esp32_device_001,2026-04-29T10:13:09.836257+12:00,24.3,-36.915767,174.826872,1,True
esp32_device_001,2026-04-29T10:13:09.865497+12:00,24.3,-36.915810,174.826501,1,True
esp32_device_001,2026-04-29T10:13:09.894737+12:00,24.3,-36.915882,174.826201,1,True
esp32_device_001,2026-04-29T10:13:09.923977+12:00,24.3,-36.915923,174.826058,1,True
esp32_device_001,2026-04-29T10:13:09.953216+12:00,24.3,-36.916012,174.825789,1,True
esp32_device_001,2026-04-29T10:13:09.982456+12:00,24.2,-36.916184,174.825446,1,True
esp32_device_001,2026-04-29T10:13:10.011696+12:00,24.2,-36.916262,174.825318,1,True
esp32_device_001,2026-04-29T10:13:10.040936+12:00,24.2,-36.916365,174.825178,1,True
esp32_device_001,2026-04-29T10:13:10.070175+12:00,24.2,-36.916569,174.824935,1,True
esp32_device_001,2026-04-29T10:13:10.099415+12:00,24.2,-36.916784,174.824678,1,True
esp32_device_001,2026-04-29T10:13:10.128655+12:00,24.2,-36.917015,174.824430,1,True
esp32_device_001,2026-04-29T10:13:10.157895+12:00,24.2,-36.917041,174.824402,1,True
esp32_device_001,2026-04-29T10:13:10.187135+12:00,24.2,-36.917129,174.824307,1,True
esp32_device_001,2026-04-29T10:13:10.216374+12:00,24.1,-36.917172,174.824256,1,True
esp32_device_001,2026-04-29T10:13:10.245614+12:00,24.1,-36.917080,174.824137,1,True
esp32_device_001,2026-04-29T10:13:10.274854+12:00,24.1,-36.917022,174.824058,1,True
esp32_device_001,2026-04-29T10:13:10.304094+12:00,24.1,-36.916932,174.823924,1,True
esp32_device_001,2026-04-29T10:13:10.333333+12:00,24.1,-36.916859,174.823837,1,True
esp32_device_001,2026-04-29T10:13:10.362573+12:00,24.1,-36.916785,174.823800,1,True
esp32_device_001,2026-04-29T10:13:10.391813+12:00,24.1,-36.916650,174.823628,1,True
esp32_device_001,2026-04-29T10:13:10.421053+12:00,24.1,-36.916452,174.823386,1,True
esp32_device_001,2026-04-29T10:13:10.450292+12:00,24.1,-36.916422,174.823349,1,True
esp32_device_001,2026-04-29T10:13:10.479532+12:00,24.0,-36.916162,174.823021,1,True
esp32_device_001,2026-04-29T10:13:10.508772+12:00,24.0,-36.915955,174.822772,1,True
esp32_device_001,2026-04-29T10:13:10.538012+12:00,24.0,-36.914853,174.821406,1,True
esp32_device_001,2026-04-29T10:13:10.567251+12:00,24.0,-36.914717,174.821247,1,True
esp32_device_001,2026-04-29T10:13:10.596491+12:00,24.0,-36.914565,174.821087,1,True
esp32_device_001,2026-04-29T10:13:10.625731+12:00,24.0,-36.914486,174.821011,1,True
esp32_device_001,2026-04-29T10:13:10.654971+12:00,24.0,-36.914399,174.820936,1,True
esp32_device_001,2026-04-29T10:13:10.684211+12:00,24.0,-36.914317,174.820872,1,True
esp32_device_001,2026-04-29T10:13:10.713450+12:00,23.9,-36.914216,174.820799,1,True
esp32_device_001,2026-04-29T10:13:10.742690+12:00,23.9,-36.914140,174.820750,1,True
esp32_device_001,2026-04-29T10:13:10.771930+12:00,23.9,-36.914067,174.820716,1,True
esp32_device_001,2026-04-29T10:13:10.801170+12:00,23.9,-36.913952,174.820662,1,True
esp32_device_001,2026-04-29T10:13:10.830409+12:00,23.9,-36.913817,174.820614,1,True
esp32_device_001,2026-04-29T10:13:10.859649+12:00,23.9,-36.913612,174.820551,1,True
esp32_device_001,2026-04-29T10:13:10.888889+12:00,23.9,-36.913129,174.820444,1,True
esp32_device_001,2026-04-29T10:13:10.918129+12:00,23.9,-36.912708,174.820351,1,True
esp32_device_001,2026-04-29T10:13:10.947368+12:00,23.8,-36.912534,174.820315,1,True
esp32_device_001,2026-04-29T10:13:10.976608+12:00,23.8,-36.912422,174.820283,1,True
esp32_device_001,2026-04-29T10:13:11.005848+12:00,23.8,-36.912374,174.820263,1,True
esp32_device_001,2026-04-29T10:13:11.035088+12:00,23.8,-36.912317,174.820237,1,True
esp32_device_001,2026-04-29T10:13:11.064327+12:00,23.8,-36.912140,174.820126,1,True
esp32_device_001,2026-04-29T10:13:11.093567+12:00,23.8,-36.912073,174.820079,1,True
esp32_device_001,2026-04-29T10:13:11.122807+12:00,23.8,-36.911977,174.819988,1,True
esp32_device_001,2026-04-29T10:13:11.152047+12:00,23.8,-36.911887,174.819897,1,True
esp32_device_001,2026-04-29T10:13:11.181287+12:00,23.7,-36.911834,174.819832,1,True
esp32_device_001,2026-04-29T10:13:11.210526+12:00,23.7,-36.911800,174.819776,1,True
esp32_device_001,2026-04-29T10:13:11.239766+12:00,23.7,-36.911768,174.819714,1,True
esp32_device_001,2026-04-29T10:13:11.269006+12:00,23.7,-36.911739,174.819641,1,True
esp32_device_001,2026-04-29T10:13:11.298246+12:00,23.7,-36.911717,174.819568,1,True
esp32_device_001,2026-04-29T10:13:11.327485+12:00,23.7,-36.911643,174.819266,1,True
esp32_device_001,2026-04-29T10:13:11.356725+12:00,23.7,-36.911622,174.819178,1,True
esp32_device_001,2026-04-29T10:13:11.385965+12:00,23.7,-36.911554,174.818905,1,True
esp32_device_001,2026-04-29T10:13:11.415205+12:00,23.6,-36.911455,174.818513,1,True
esp32_device_001,2026-04-29T10:13:11.444444+12:00,23.6,-36.911420,174.818375,1,True
esp32_device_001,2026-04-29T10:13:11.473684+12:00,23.6,-36.911409,174.818342,1,True
esp32_device_001,2026-04-29T10:13:11.502924+12:00,23.6,-36.911363,174.818211,1,True
esp32_device_001,2026-04-29T10:13:11.532164+12:00,23.6,-36.911283,174.818280,1,True
esp32_device_001,2026-04-29T10:13:11.561404+12:00,23.6,-36.911240,174.818317,1,True
esp32_device_001,2026-04-29T10:13:11.590643+12:00,23.6,-36.911202,174.818351,1,True
esp32_device_001,2026-04-29T10:13:11.619883+12:00,23.6,-36.911153,174.818401,1,True
esp32_device_001,2026-04-29T10:13:11.649123+12:00,23.5,-36.910995,174.818546,1,True
esp32_device_001,2026-04-29T10:13:11.678363+12:00,23.5,-36.910961,174.818578,1,True
esp32_device_001,2026-04-29T10:13:11.707602+12:00,23.5,-36.910852,174.818684,1,True
esp32_device_001,2026-04-29T10:13:11.736842+12:00,23.5,-36.910784,174.818749,1,True
esp32_device_001,2026-04-29T10:13:11.766082+12:00,23.5,-36.910637,174.818890,1,True
esp32_device_001,2026-04-29T10:13:11.795322+12:00,23.5,-36.910608,174.818917,1,True
esp32_device_001,2026-04-29T10:13:11.824561+12:00,23.5,-36.910134,174.819352,1,True
esp32_device_001,2026-04-29T10:13:11.853801+12:00,23.5,-36.910083,174.819401,1,True
esp32_device_001,2026-04-29T10:13:11.883041+12:00,23.4,-36.910022,174.819464,1,True
esp32_device_001,2026-04-29T10:13:11.912281+12:00,23.4,-36.909960,174.819529,1,True
esp32_device_001,2026-04-29T10:13:11.941520+12:00,23.4,-36.909784,174.819724,1,True
esp32_device_001,2026-04-29T10:13:11.970760+12:00,23.4,-36.909272,174.820310,1,True
esp32_device_001,2026-04-29T10:13:12+12:00,23.4,-36.908958,174.820572,1,False
esp32_device_001,2026-04-29T10:13:12.042017+12:00,23.4,-36.908920,174.820711,1,True
esp32_device_001,2026-04-29T10:13:12.084034+12:00,23.4,-36.908456,174.821243,1,True
esp32_device_001,2026-04-29T10:13:12.126050+12:00,23.4,-36.908393,174.821268,1,True
esp32_device_001,2026-04-29T10:13:12.168067+12:00,23.4,-36.908313,174.821287,1,True
esp32_device_001,2026-04-29T10:13:12.210084+12:00,23.3,-36.908216,174.821293,1,True
esp32_device_001,2026-04-29T10:13:12.252101+12:00,23.3,-36.908156,174.821286,1,True
esp32_device_001,2026-04-29T10:13:12.294118+12:00,23.3,-36.908069,174.821261,1,True
esp32_device_001,2026-04-29T10:13:12.336134+12:00,23.3,-36.907973,174.821151,1,True
esp32_device_001,2026-04-29T10:13:12.378151+12:00,23.3,-36.907894,174.821079,1,True
esp32_device_001,2026-04-29T10:13:12.420168+12:00,23.3,-36.907854,174.821027,1,True
esp32_device_001,2026-04-29T10:13:12.462185+12:00,23.3,-36.907722,174.820856,1,True
esp32_device_001,2026-04-29T10:13:12.504202+12:00,23.3,-36.907356,174.820371,1,True
esp32_device_001,2026-04-29T10:13:12.546218+12:00,23.2,-36.907009,174.819914,1,True
esp32_device_001,2026-04-29T10:13:12.588235+12:00,23.2,-36.906693,174.819498,1,True
esp32_device_001,2026-04-29T10:13:12.630252+12:00,23.2,-36.906548,174.819304,1,True
esp32_device_001,2026-04-29T10:13:12.672269+12:00,23.2,-36.906450,174.819175,1,True
esp32_device_001,2026-04-29T10:13:12.714286+12:00,23.2,-36.906345,174.819045,1,True
esp32_device_001,2026-04-29T10:13:12.756303+12:00,23.2,-36.906250,174.818947,1,True
esp32_device_001,2026-04-29T10:13:12.798319+12:00,23.2,-36.906164,174.818868,1,True
esp32_device_001,2026-04-29T10:13:12.840336+12:00,23.2,-36.906118,174.818832,1,True
esp32_device_001,2026-04-29T10:13:12.882353+12:00,23.2,-36.906092,174.818812,1,True
esp32_device_001,2026-04-29T10:13:12.924370+12:00,23.1,-36.906037,174.818772,1,True
esp32_device_001,2026-04-29T10:13:12.966387+12:00,23.1,-36.906003,174.818748,1,True
esp32_device_001,2026-04-29T10:13:13.008403+12:00,23.1,-36.905943,174.818709,1,True
esp32_device_001,2026-04-29T10:13:13.050420+12:00,23.1,-36.905882,174.818672,1,True
esp32_device_001,2026-04-29T10:13:13.092437+12:00,23.1,-36.905776,174.818619,1,True
esp32_device_001,2026-04-29T10:13:13.134454+12:00,23.1,-36.905683,174.818579,1,True
esp32_device_001,2026-04-29T10:13:13.176471+12:00,23.1,-36.905582,174.818542,1,True
esp32_device_001,2026-04-29T10:13:13.218487+12:00,23.1,-36.905511,174.818523,1,True
esp32_device_001,2026-04-29T10:13:13.260504+12:00,23.0,-36.905379,174.818494,1,True
esp32_device_001,2026-04-29T10:13:13.302521+12:00,23.0,-36.905097,174.818447,1,True
esp32_device_001,2026-04-29T10:13:13.344538+12:00,23.0,-36.904811,174.818399,1,True
esp32_device_001,2026-04-29T10:13:13.386555+12:00,23.0,-36.904430,174.818335,1,True
esp32_device_001,2026-04-29T10:13:13.428571+12:00,23.0,-36.904350,174.818319,1,True
esp32_device_001,2026-04-29T10:13:13.470588+12:00,23.0,-36.904264,174.818295,1,True
esp32_device_001,2026-04-29T10:13:13.512605+12:00,23.0,-36.904149,174.818259,1,True
esp32_device_001,2026-04-29T10:13:13.554622+12:00,23.0,-36.903960,174.818197,1,True
esp32_device_001,2026-04-29T10:13:13.596639+12:00,23.0,-36.903873,174.818164,1,True
esp32_device_001,2026-04-29T10:13:13.638655+12:00,22.9,-36.903802,174.818132,1,True
esp32_device_001,2026-04-29T10:13:13.680672+12:00,22.9,-36.903744,174.818100,1,True
esp32_device_001,2026-04-29T10:13:13.722689+12:00,22.9,-36.903683,174.818054,1,True
esp32_device_001,2026-04-29T10:13:13.764706+12:00,22.9,-36.903640,174.818009,1,True
esp32_device_001,2026-04-29T10:13:13.806723+12:00,22.9,-36.903594,174.817953,1,True
esp32_device_001,2026-04-29T10:13:13.848739+12:00,22.9,-36.903560,174.817897,1,True
esp32_device_001,2026-04-29T10:13:13.890756+12:00,22.9,-36.903270,174.817378,1,True
esp32_device_001,2026-04-29T10:13:13.932773+12:00,22.9,-36.903111,174.817094,1,True
esp32_device_001,2026-04-29T10:13:13.974790+12:00,22.8,-36.902991,174.816873,1,True
esp32_device_001,2026-04-29T10:13:14.016807+12:00,22.8,-36.902842,174.816599,1,True
esp32_device_001,2026-04-29T10:13:14.058824+12:00,22.8,-36.902632,174.816221,1,True
esp32_device_001,2026-04-29T10:13:14.100840+12:00,22.8,-36.902599,174.816163,1,True
esp32_device_001,2026-04-29T10:13:14.142857+12:00,22.8,-36.902566,174.816101,1,True
esp32_device_001,2026-04-29T10:13:14.184874+12:00,22.8,-36.902461,174.815908,1,True
esp32_device_001,2026-04-29T10:13:14.226891+12:00,22.8,-36.902286,174.815593,1,True
esp32_device_001,2026-04-29T10:13:14.268908+12:00,22.8,-36.901866,174.814826,1,True
esp32_device_001,2026-04-29T10:13:14.310924+12:00,22.8,-36.901690,174.814516,1,True
esp32_device_001,2026-04-29T10:13:14.352941+12:00,22.7,-36.901540,174.814246,1,True
esp32_device_001,2026-04-29T10:13:14.394958+12:00,22.7,-36.901529,174.814227,1,True
esp32_device_001,2026-04-29T10:13:14.436975+12:00,22.7,-36.901501,174.814175,1,True
esp32_device_001,2026-04-29T10:13:14.478992+12:00,22.7,-36.900843,174.814740,1,True
esp32_device_001,2026-04-29T10:13:14.521008+12:00,22.7,-36.900762,174.814810,1,True
esp32_device_001,2026-04-29T10:13:14.563025+12:00,22.7,-36.900681,174.814833,1,True
esp32_device_001,2026-04-29T10:13:14.605042+12:00,22.7,-36.900615,174.814839,1,True
esp32_device_001,2026-04-29T10:13:14.647059+12:00,22.7,-36.900557,174.814824,1,True
esp32_device_001,2026-04-29T10:13:14.689076+12:00,22.6,-36.900484,174.814789,1,True
esp32_device_001,2026-04-29T10:13:14.731092+12:00,22.6,-36.900449,174.814756,1,True
esp32_device_001,2026-04-29T10:13:14.773109+12:00,22.6,-36.900430,174.814727,1,True
esp32_device_001,2026-04-29T10:13:14.815126+12:00,22.6,-36.900404,174.814645,1,True
esp32_device_001,2026-04-29T10:13:14.857143+12:00,22.6,-36.900398,174.814577,1,True
esp32_device_001,2026-04-29T10:13:14.899160+12:00,22.6,-36.900407,174.814481,1,True
esp32_device_001,2026-04-29T10:13:14.941176+12:00,22.6,-36.900564,174.814066,1,True
esp32_device_001,2026-04-29T10:13:14.983193+12:00,22.6,-36.900734,174.813661,1,True
esp32_device_001,2026-04-29T10:13:15.025210+12:00,22.6,-36.900841,174.813513,1,True
esp32_device_001,2026-04-29T10:13:15.067227+12:00,22.5,-36.900945,174.813385,1,True
esp32_device_001,2026-04-29T10:13:15.109244+12:00,22.5,-36.901041,174.813280,1,True
esp32_device_001,2026-04-29T10:13:15.151261+12:00,22.5,-36.901115,174.813211,1,True
esp32_device_001,2026-04-29T10:13:15.193277+12:00,22.5,-36.901196,174.813142,1,True
esp32_device_001,2026-04-29T10:13:15.235294+12:00,22.5,-36.901290,174.813066,1,True
esp32_device_001,2026-04-29T10:13:15.277311+12:00,22.5,-36.901391,174.812990,1,True
esp32_device_001,2026-04-29T10:13:15.319328+12:00,22.5,-36.901584,174.812860,1,True
esp32_device_001,2026-04-29T10:13:15.361345+12:00,22.5,-36.901761,174.812742,1,True
esp32_device_001,2026-04-29T10:13:15.403361+12:00,22.4,-36.901950,174.812631,1,True
esp32_device_001,2026-04-29T10:13:15.445378+12:00,22.4,-36.902200,174.812504,1,True
esp32_device_001,2026-04-29T10:13:15.487395+12:00,22.4,-36.902450,174.812391,1,True
esp32_device_001,2026-04-29T10:13:15.529412+12:00,22.4,-36.902688,174.812298,1,True
esp32_device_001,2026-04-29T10:13:15.571429+12:00,22.4,-36.903063,174.812277,1,True
esp32_device_001,2026-04-29T10:13:15.613445+12:00,22.4,-36.903292,174.812265,1,True
esp32_device_001,2026-04-29T10:13:15.655462+12:00,22.4,-36.903438,174.812257,1,True
esp32_device_001,2026-04-29T10:13:15.697479+12:00,22.4,-36.903493,174.812261,1,True
esp32_device_001,2026-04-29T10:13:15.739496+12:00,22.4,-36.903663,174.812307,1,True
esp32_device_001,2026-04-29T10:13:15.781513+12:00,22.3,-36.903741,174.812336,1,True
esp32_device_001,2026-04-29T10:13:15.823529+12:00,22.3,-36.903822,174.812378,1,True
esp32_device_001,2026-04-29T10:13:15.865546+12:00,22.3,-36.904010,174.812527,1,True
esp32_device_001,2026-04-29T10:13:15.907563+12:00,22.3,-36.904194,174.812719,1,True
esp32_device_001,2026-04-29T10:13:15.949580+12:00,22.3,-36.904289,174.812841,1,True
esp32_device_001,2026-04-29T10:13:15.991597+12:00,22.3,-36.904380,174.812958,1,True
esp32_device_001,2026-04-29T10:13:16.033613+12:00,22.3,-36.904510,174.813148,1,True
esp32_device_001,2026-04-29T10:13:16.075630+12:00,22.3,-36.904637,174.813329,1,True
esp32_device_001,2026-04-29T10:13:16.117647+12:00,22.2,-36.904769,174.813530,1,True
esp32_device_001,2026-04-29T10:13:16.159664+12:00,22.2,-36.904866,174.813694,1,True
esp32_device_001,2026-04-29T10:13:16.201681+12:00,22.2,-36.904958,174.813868,1,True
esp32_device_001,2026-04-29T10:13:16.243697+12:00,22.2,-36.905062,174.814089,1,True
esp32_device_001,2026-04-29T10:13:16.285714+12:00,22.2,-36.905566,174.815076,1,True
esp32_device_001,2026-04-29T10:13:16.327731+12:00,22.2,-36.906097,174.816487,1,True
esp32_device_001,2026-04-29T10:13:16.369748+12:00,22.2,-36.906423,174.817329,1,True
esp32_device_001,2026-04-29T10:13:16.411765+12:00,22.2,-36.906527,174.817574,1,True
esp32_device_001,2026-04-29T10:13:16.453782+12:00,22.2,-36.906641,174.817824,1,True
esp32_device_001,2026-04-29T10:13:16.495798+12:00,22.1,-36.906751,174.818044,1,True
esp32_device_001,2026-04-29T10:13:16.537815+12:00,22.1,-36.906943,174.818379,1,True
esp32_device_001,2026-04-29T10:13:16.579832+12:00,22.1,-36.907106,174.818630,1,True
esp32_device_001,2026-04-29T10:13:16.621849+12:00,22.1,-36.907284,174.818880,1,True
esp32_device_001,2026-04-29T10:13:16.663866+12:00,22.1,-36.907444,174.819109,1,True
esp32_device_001,2026-04-29T10:13:16.705882+12:00,22.1,-36.907619,174.819308,1,True
esp32_device_001,2026-04-29T10:13:16.747899+12:00,22.1,-36.907808,174.819513,1,True
esp32_device_001,2026-04-29T10:13:16.789916+12:00,22.1,-36.907963,174.819663,1,True
esp32_device_001,2026-04-29T10:13:16.831933+12:00,22.0,-36.908101,174.819797,1,True
esp32_device_001,2026-04-29T10:13:16.873950+12:00,22.0,-36.908387,174.820047,1,True
esp32_device_001,2026-04-29T10:13:16.915966+12:00,22.0,-36.908873,174.820412,1,True
esp32_device_001,2026-04-29T10:13:16.957983+12:00,22.0,-36.909120,174.820599,1,True
esp32_device_001,2026-04-29T10:13:17+12:00,22,-36.909935,174.821289,1,False
esp32_device_001,2026-04-29T10:13:19.500000+12:00,21.6,-36.910555,174.821662,1,True
esp32_device_001,2026-04-29T10:13:22+12:00,21.2,-36.910915,174.822006,1,False
esp32_device_001,2026-04-29T10:13:27+12:00,22.7,-36.911896,174.822739,1,False
esp32_device_001,2026-04-29T10:13:29.500000+12:00,24.0,-36.912673,174.823251,1,True
esp32_device_001,2026-04-29T10:13:32+12:00,25.3,-36.912861,174.823486,1,False
esp32_device_001,2026-04-29T10:13:33.250000+12:00,26.0,-36.913099,174.823604,1,True
esp32_device_001,2026-04-29T10:13:34.500000+12:00,26.7,-36.913402,174.823900,1,True
esp32_device_001,2026-04-29T10:13:35.750000+12:00,27.4,-36.913647,174.824180,1,True
esp32_device_001,2026-04-29T10:13:37+12:00,28.1,-36.913731,174.824387,1,False
esp32_device_001,2026-04-29T10:13:38+12:00,27.6,-36.913948,174.824579,1,True
esp32_device_001,2026-04-29T10:13:39+12:00,27.0,-36.914198,174.824954,1,True
esp32_device_001,2026-04-29T10:13:40+12:00,26.5,-36.914317,174.825165,1,True
esp32_device_001,2026-04-29T10:13:41+12:00,25.9,-36.914424,174.825366,1,True
esp32_device_001,2026-04-29T10:13:42+12:00,25.4,-36.914433,174.825485,1,False
esp32_device_001,2026-04-29T10:13:43+12:00,25.0,-36.914573,174.825662,1,True
esp32_device_001,2026-04-29T10:13:44+12:00,24.6,-36.914745,174.826060,1,True
esp32_device_001,2026-04-29T10:13:45+12:00,24.2,-36.914861,174.826370,1,True
esp32_device_001,2026-04-29T10:13:46+12:00,23.8,-36.914964,174.826682,1,True
esp32_device_001,2026-04-29T10:13:47+12:00,23.4,-36.914932,174.826752,1,False
esp32_device_001,2026-04-29T10:13:48.666667+12:00,23.1,-36.915096,174.827120,1,True
esp32_device_001,2026-04-29T10:13:50.333333+12:00,22.7,-36.915293,174.827885,1,True
esp32_device_001,2026-04-29T10:13:52+12:00,22.4,-36.915298,174.828125,1,False
esp32_device_001,2026-04-29T10:13:54.500000+12:00,22.7,-36.915521,174.828838,1,True
esp32_device_001,2026-04-29T10:13:57+12:00,23,-36.915646,174.829498,1,False
esp32_device_001,2026-04-29T10:13:57.031847+12:00,23.0,-36.916357,174.832278,1,True
esp32_device_001,2026-04-29T10:13:57.063694+12:00,23.0,-36.916495,174.833073,1,True
esp32_device_001,2026-04-29T10:13:57.095541+12:00,23.0,-36.916580,174.833422,1,True
esp32_device_001,2026-04-29T10:13:57.127389+12:00,22.9,-36.916708,174.834033,1,True
esp32_device_001,2026-04-29T10:13:57.159236+12:00,22.9,-36.916816,174.834554,1,True
esp32_device_001,2026-04-29T10:13:57.191083+12:00,22.9,-36.916895,174.834906,1,True
esp32_device_001,2026-04-29T10:13:57.222930+12:00,22.9,-36.917050,174.835832,1,True
esp32_device_001,2026-04-29T10:13:57.254777+12:00,22.9,-36.917166,174.836448,1,True
esp32_device_001,2026-04-29T10:13:57.286624+12:00,22.9,-36.917213,174.836657,1,True
esp32_device_001,2026-04-29T10:13:57.318471+12:00,22.9,-36.917286,174.836927,1,True
esp32_device_001,2026-04-29T10:13:57.350318+12:00,22.9,-36.917367,174.837173,1,True
esp32_device_001,2026-04-29T10:13:57.382166+12:00,22.8,-36.917447,174.837374,1,True
esp32_device_001,2026-04-29T10:13:57.414013+12:00,22.8,-36.917598,174.837728,1,True
esp32_device_001,2026-04-29T10:13:57.445860+12:00,22.8,-36.917795,174.838186,1,True
esp32_device_001,2026-04-29T10:13:57.477707+12:00,22.8,-36.917895,174.838425,1,True
esp32_device_001,2026-04-29T10:13:57.509554+12:00,22.8,-36.918035,174.838820,1,True
esp32_device_001,2026-04-29T10:13:57.541401+12:00,22.8,-36.918169,174.839117,1,True
esp32_device_001,2026-04-29T10:13:57.573248+12:00,22.8,-36.918355,174.839662,1,True
esp32_device_001,2026-04-29T10:13:57.605096+12:00,22.7,-36.918393,174.839769,1,True
esp32_device_001,2026-04-29T10:13:57.636943+12:00,22.7,-36.918413,174.839931,1,True
esp32_device_001,2026-04-29T10:13:57.668790+12:00,22.7,-36.918524,174.839963,1,True
esp32_device_001,2026-04-29T10:13:57.700637+12:00,22.7,-36.919235,174.840151,1,True
esp32_device_001,2026-04-29T10:13:57.732484+12:00,22.7,-36.919412,174.840193,1,True
esp32_device_001,2026-04-29T10:13:57.764331+12:00,22.7,-36.919403,174.840024,1,True
esp32_device_001,2026-04-29T10:13:57.796178+12:00,22.7,-36.919400,174.839976,1,True
esp32_device_001,2026-04-29T10:13:57.828025+12:00,22.7,-36.919379,174.839919,1,True
esp32_device_001,2026-04-29T10:13:57.859873+12:00,22.6,-36.919344,174.839848,1,True
esp32_device_001,2026-04-29T10:13:57.891720+12:00,22.6,-36.919170,174.839571,1,True
esp32_device_001,2026-04-29T10:13:57.923567+12:00,22.6,-36.918893,174.839113,1,True
esp32_device_001,2026-04-29T10:13:57.955414+12:00,22.6,-36.918605,174.838620,1,True
esp32_device_001,2026-04-29T10:13:57.987261+12:00,22.6,-36.918473,174.838389,1,True
esp32_device_001,2026-04-29T10:13:58.019108+12:00,22.6,-36.918216,174.837923,1,True
esp32_device_001,2026-04-29T10:13:58.050955+12:00,22.6,-36.918041,174.837545,1,True
esp32_device_001,2026-04-29T10:13:58.082803+12:00,22.5,-36.917956,174.837356,1,True
esp32_device_001,2026-04-29T10:13:58.114650+12:00,22.5,-36.917876,174.837177,1,True
esp32_device_001,2026-04-29T10:13:58.146497+12:00,22.5,-36.917698,174.836743,1,True
esp32_device_001,2026-04-29T10:13:58.178344+12:00,22.5,-36.917573,174.836410,1,True
esp32_device_001,2026-04-29T10:13:58.210191+12:00,22.5,-36.917369,174.835745,1,True
esp32_device_001,2026-04-29T10:13:58.242038+12:00,22.5,-36.917185,174.835061,1,True
esp32_device_001,2026-04-29T10:13:58.273885+12:00,22.5,-36.917062,174.834598,1,True
esp32_device_001,2026-04-29T10:13:58.305732+12:00,22.5,-36.916938,174.834283,1,True
esp32_device_001,2026-04-29T10:13:58.337580+12:00,22.4,-36.916816,174.833763,1,True
esp32_device_001,2026-04-29T10:13:58.369427+12:00,22.4,-36.915699,174.829159,1,True
esp32_device_001,2026-04-29T10:13:58.401274+12:00,22.4,-36.915459,174.828155,1,True
esp32_device_001,2026-04-29T10:13:58.433121+12:00,22.4,-36.915266,174.827361,1,True
esp32_device_001,2026-04-29T10:13:58.464968+12:00,22.4,-36.915162,174.826957,1,True
esp32_device_001,2026-04-29T10:13:58.496815+12:00,22.4,-36.915076,174.826635,1,True
esp32_device_001,2026-04-29T10:13:58.528662+12:00,22.4,-36.914978,174.826326,1,True
esp32_device_001,2026-04-29T10:13:58.560510+12:00,22.3,-36.914861,174.826008,1,True
esp32_device_001,2026-04-29T10:13:58.592357+12:00,22.3,-36.914737,174.825702,1,True
esp32_device_001,2026-04-29T10:13:58.624204+12:00,22.3,-36.914547,174.825302,1,True
esp32_device_001,2026-04-29T10:13:58.656051+12:00,22.3,-36.914341,174.824932,1,True
esp32_device_001,2026-04-29T10:13:58.687898+12:00,22.3,-36.914142,174.824617,1,True
esp32_device_001,2026-04-29T10:13:58.719745+12:00,22.3,-36.913959,174.824358,1,True
esp32_device_001,2026-04-29T10:13:58.751592+12:00,22.3,-36.913761,174.824097,1,True
esp32_device_001,2026-04-29T10:13:58.783439+12:00,22.3,-36.913533,174.823836,1,True
esp32_device_001,2026-04-29T10:13:58.815287+12:00,22.2,-36.913178,174.823482,1,True
esp32_device_001,2026-04-29T10:13:58.847134+12:00,22.2,-36.912777,174.823147,1,True
esp32_device_001,2026-04-29T10:13:58.878981+12:00,22.2,-36.912436,174.822889,1,True
esp32_device_001,2026-04-29T10:13:58.910828+12:00,22.2,-36.910621,174.821558,1,True
esp32_device_001,2026-04-29T10:13:58.942675+12:00,22.2,-36.909689,174.820873,1,True
esp32_device_001,2026-04-29T10:13:58.974522+12:00,22.2,-36.909197,174.820512,1,True
esp32_device_001,2026-04-29T10:13:59.006369+12:00,22.2,-36.908798,174.820215,1,True
esp32_device_001,2026-04-29T10:13:59.038217+12:00,22.1,-36.908440,174.819949,1,True
esp32_device_001,2026-04-29T10:13:59.070064+12:00,22.1,-36.908153,174.819697,1,True
esp32_device_001,2026-04-29T10:13:59.101911+12:00,22.1,-36.907900,174.819454,1,True
esp32_device_001,2026-04-29T10:13:59.133758+12:00,22.1,-36.907674,174.819207,1,True
esp32_device_001,2026-04-29T10:13:59.165605+12:00,22.1,-36.907509,174.819018,1,True
esp32_device_001,2026-04-29T10:13:59.197452+12:00,22.1,-36.907345,174.818795,1,True
esp32_device_001,2026-04-29T10:13:59.229299+12:00,22.1,-36.907176,174.818551,1,True
esp32_device_001,2026-04-29T10:13:59.261146+12:00,22.1,-36.907015,174.818292,1,True
esp32_device_001,2026-04-29T10:13:59.292994+12:00,22.0,-36.906838,174.817980,1,True
esp32_device_001,2026-04-29T10:13:59.324841+12:00,22.0,-36.906717,174.817745,1,True
esp32_device_001,2026-04-29T10:13:59.356688+12:00,22.0,-36.906554,174.817374,1,True
esp32_device_001,2026-04-29T10:13:59.388535+12:00,22.0,-36.906374,174.816917,1,True
esp32_device_001,2026-04-29T10:13:59.420382+12:00,22.0,-36.906195,174.816443,1,True
esp32_device_001,2026-04-29T10:13:59.452229+12:00,22.0,-36.905768,174.815313,1,True
esp32_device_001,2026-04-29T10:13:59.484076+12:00,22.0,-36.905596,174.814599,1,True
esp32_device_001,2026-04-29T10:13:59.515924+12:00,21.9,-36.905334,174.813880,1,True
esp32_device_001,2026-04-29T10:13:59.547771+12:00,21.9,-36.905027,174.813276,1,True
esp32_device_001,2026-04-29T10:13:59.579618+12:00,21.9,-36.904839,174.812824,1,True
esp32_device_001,2026-04-29T10:13:59.611465+12:00,21.9,-36.904660,174.812447,1,True
esp32_device_001,2026-04-29T10:13:59.643312+12:00,21.9,-36.904316,174.811558,1,True
esp32_device_001,2026-04-29T10:13:59.675159+12:00,21.9,-36.904268,174.811449,1,True
esp32_device_001,2026-04-29T10:13:59.707006+12:00,21.9,-36.904220,174.811379,1,True
esp32_device_001,2026-04-29T10:13:59.738854+12:00,21.8,-36.904203,174.811336,1,True
esp32_device_001,2026-04-29T10:13:59.770701+12:00,21.8,-36.904147,174.811272,1,True
esp32_device_001,2026-04-29T10:13:59.802548+12:00,21.8,-36.904099,174.811229,1,True
esp32_device_001,2026-04-29T10:13:59.834395+12:00,21.8,-36.904058,174.811199,1,True
esp32_device_001,2026-04-29T10:13:59.866242+12:00,21.8,-36.904007,174.811179,1,True
esp32_device_001,2026-04-29T10:13:59.898089+12:00,21.8,-36.903970,174.811170,1,True
esp32_device_001,2026-04-29T10:13:59.929936+12:00,21.8,-36.903923,174.811171,1,True
esp32_device_001,2026-04-29T10:13:59.961783+12:00,21.8,-36.903875,174.811174,1,True
esp32_device_001,2026-04-29T10:13:59.993631+12:00,21.7,-36.903819,174.811185,1,True
esp32_device_001,2026-04-29T10:14:00.025478+12:00,21.7,-36.903785,174.811205,1,True
esp32_device_001,2026-04-29T10:14:00.057325+12:00,21.7,-36.903611,174.811351,1,True
esp32_device_001,2026-04-29T10:14:00.089172+12:00,21.7,-36.903339,174.811597,1,True
esp32_device_001,2026-04-29T10:14:00.121019+12:00,21.7,-36.903301,174.811642,1,True
esp32_device_001,2026-04-29T10:14:00.152866+12:00,21.7,-36.903266,174.811684,1,True
esp32_device_001,2026-04-29T10:14:00.184713+12:00,21.7,-36.903214,174.811790,1,True
esp32_device_001,2026-04-29T10:14:00.216561+12:00,21.6,-36.903199,174.811855,1,True
esp32_device_001,2026-04-29T10:14:00.248408+12:00,21.6,-36.903212,174.811954,1,True
esp32_device_001,2026-04-29T10:14:00.280255+12:00,21.6,-36.903231,174.812028,1,True
esp32_device_001,2026-04-29T10:14:00.312102+12:00,21.6,-36.903262,174.812095,1,True
esp32_device_001,2026-04-29T10:14:00.343949+12:00,21.6,-36.903313,174.812165,1,True
esp32_device_001,2026-04-29T10:14:00.375796+12:00,21.6,-36.903356,174.812205,1,True
esp32_device_001,2026-04-29T10:14:00.407643+12:00,21.6,-36.903438,174.812257,1,True
esp32_device_001,2026-04-29T10:14:00.439490+12:00,21.6,-36.903493,174.812261,1,True
esp32_device_001,2026-04-29T10:14:00.471338+12:00,21.5,-36.903663,174.812307,1,True
esp32_device_001,2026-04-29T10:14:00.503185+12:00,21.5,-36.903741,174.812336,1,True
esp32_device_001,2026-04-29T10:14:00.535032+12:00,21.5,-36.903822,174.812378,1,True
esp32_device_001,2026-04-29T10:14:00.566879+12:00,21.5,-36.904010,174.812527,1,True
esp32_device_001,2026-04-29T10:14:00.598726+12:00,21.5,-36.904194,174.812719,1,True
esp32_device_001,2026-04-29T10:14:00.630573+12:00,21.5,-36.904289,174.812841,1,True
esp32_device_001,2026-04-29T10:14:00.662420+12:00,21.5,-36.904380,174.812958,1,True
esp32_device_001,2026-04-29T10:14:00.694268+12:00,21.4,-36.904510,174.813148,1,True
esp32_device_001,2026-04-29T10:14:00.726115+12:00,21.4,-36.904637,174.813329,1,True
esp32_device_001,2026-04-29T10:14:00.757962+12:00,21.4,-36.904769,174.813530,1,True
esp32_device_001,2026-04-29T10:14:00.789809+12:00,21.4,-36.904866,174.813694,1,True
esp32_device_001,2026-04-29T10:14:00.821656+12:00,21.4,-36.904958,174.813868,1,True
esp32_device_001,2026-04-29T10:14:00.853503+12:00,21.4,-36.905062,174.814089,1,True
esp32_device_001,2026-04-29T10:14:00.885350+12:00,21.4,-36.905566,174.815076,1,True
esp32_device_001,2026-04-29T10:14:00.917197+12:00,21.4,-36.906097,174.816487,1,True
esp32_device_001,2026-04-29T10:14:00.949045+12:00,21.3,-36.906423,174.817329,1,True
esp32_device_001,2026-04-29T10:14:00.980892+12:00,21.3,-36.906527,174.817574,1,True
esp32_device_001,2026-04-29T10:14:01.012739+12:00,21.3,-36.906641,174.817824,1,True
esp32_device_001,2026-04-29T10:14:01.044586+12:00,21.3,-36.906751,174.818044,1,True
esp32_device_001,2026-04-29T10:14:01.076433+12:00,21.3,-36.906943,174.818379,1,True
esp32_device_001,2026-04-29T10:14:01.108280+12:00,21.3,-36.907106,174.818630,1,True
esp32_device_001,2026-04-29T10:14:01.140127+12:00,21.3,-36.907284,174.818880,1,True
esp32_device_001,2026-04-29T10:14:01.171975+12:00,21.2,-36.907444,174.819109,1,True
esp32_device_001,2026-04-29T10:14:01.203822+12:00,21.2,-36.907619,174.819308,1,True
esp32_device_001,2026-04-29T10:14:01.235669+12:00,21.2,-36.907808,174.819513,1,True
esp32_device_001,2026-04-29T10:14:01.267516+12:00,21.2,-36.907963,174.819663,1,True
esp32_device_001,2026-04-29T10:14:01.299363+12:00,21.2,-36.908101,174.819797,1,True
esp32_device_001,2026-04-29T10:14:01.331210+12:00,21.2,-36.908387,174.820047,1,True
esp32_device_001,2026-04-29T10:14:01.363057+12:00,21.2,-36.908873,174.820412,1,True
esp32_device_001,2026-04-29T10:14:01.394904+12:00,21.2,-36.909120,174.820599,1,True
esp32_device_001,2026-04-29T10:14:01.426752+12:00,21.1,-36.910555,174.821662,1,True
esp32_device_001,2026-04-29T10:14:01.458599+12:00,21.1,-36.912673,174.823251,1,True
esp32_device_001,2026-04-29T10:14:01.490446+12:00,21.1,-36.912888,174.823425,1,True
esp32_device_001,2026-04-29T10:14:01.522293+12:00,21.1,-36.913099,174.823604,1,True
esp32_device_001,2026-04-29T10:14:01.554140+12:00,21.1,-36.913402,174.823900,1,True
esp32_device_001,2026-04-29T10:14:01.585987+12:00,21.1,-36.913647,174.824180,1,True
esp32_device_001,2026-04-29T10:14:01.617834+12:00,21.1,-36.913948,174.824579,1,True
esp32_device_001,2026-04-29T10:14:01.649682+12:00,21.0,-36.914198,174.824954,1,True
esp32_device_001,2026-04-29T10:14:01.681529+12:00,21.0,-36.914317,174.825165,1,True
esp32_device_001,2026-04-29T10:14:01.713376+12:00,21.0,-36.914424,174.825366,1,True
esp32_device_001,2026-04-29T10:14:01.745223+12:00,21.0,-36.914573,174.825662,1,True
esp32_device_001,2026-04-29T10:14:01.777070+12:00,21.0,-36.914745,174.826060,1,True
esp32_device_001,2026-04-29T10:14:01.808917+12:00,21.0,-36.914861,174.826370,1,True
esp32_device_001,2026-04-29T10:14:01.840764+12:00,21.0,-36.914964,174.826682,1,True
esp32_device_001,2026-04-29T10:14:01.872611+12:00,21.0,-36.915096,174.827120,1,True
esp32_device_001,2026-04-29T10:14:01.904459+12:00,20.9,-36.915293,174.827885,1,True
esp32_device_001,2026-04-29T10:14:01.936306+12:00,20.9,-36.915521,174.828838,1,True
esp32_device_001,2026-04-29T10:14:01.968153+12:00,20.9,-36.915618,174.829568,1,True
esp32_device_001,2026-04-29T10:14:02+12:00,20.9,-36.915951,174.830811,1,False
esp32_device_001,2026-04-29T10:14:04.500000+12:00,20.9,-36.915992,174.831119,1,True
esp32_device_001,2026-04-29T10:14:07+12:00,20.9,-36.916199,174.832092,1,False
esp32_device_001,2026-04-29T10:14:07.833333+12:00,21.0,-36.916258,174.832664,1,True
esp32_device_001,2026-04-29T10:14:08.666667+12:00,21.0,-36.916293,174.832903,1,True
esp32_device_001,2026-04-29T10:14:09.500000+12:00,21.1,-36.916300,174.833013,1,True
esp32_device_001,2026-04-29T10:14:10.333333+12:00,21.2,-36.916308,174.833154,1,True
esp32_device_001,2026-04-29T10:14:11.166667+12:00,21.2,-36.916310,174.833296,1,True
esp32_device_001,2026-04-29T10:14:12+12:00,21.3,-36.916344,174.833328,1,False
esp32_device_001,2026-04-29T10:14:12.714286+12:00,21.0,-36.916305,174.833399,1,True
esp32_device_001,2026-04-29T10:14:13.428571+12:00,20.8,-36.916295,174.833495,1,True
esp32_device_001,2026-04-29T10:14:14.142857+12:00,20.5,-36.916278,174.833612,1,True
esp32_device_001,2026-04-29T10:14:14.857143+12:00,20.2,-36.916258,174.833725,1,True
esp32_device_001,2026-04-29T10:14:15.571429+12:00,19.9,-36.916200,174.833944,1,True
esp32_device_001,2026-04-29T10:14:16.285714+12:00,19.7,-36.916104,174.834208,1,True
esp32_device_001,2026-04-29T10:14:17+12:00,19.4,-36.916039,174.834442,1,False
esp32_device_001,2026-04-29T10:14:17.833333+12:00,19.0,-36.915976,174.834504,1,True
esp32_device_001,2026-04-29T10:14:18.666667+12:00,18.5,-36.915863,174.834780,1,True
esp32_device_001,2026-04-29T10:14:19.500000+12:00,18.1,-36.915826,174.834877,1,True
esp32_device_001,2026-04-29T10:14:20.333333+12:00,17.7,-36.915707,174.835278,1,True
esp32_device_001,2026-04-29T10:14:21.166667+12:00,17.2,-36.915686,174.835365,1,True
esp32_device_001,2026-04-29T10:14:22+12:00,16.8,-36.915661,174.835449,1,False
esp32_device_001,2026-04-29T10:14:22.025381+12:00,16.8,-36.915662,174.835480,1,True
esp32_device_001,2026-04-29T10:14:22.050761+12:00,16.8,-36.915643,174.835606,1,True
esp32_device_001,2026-04-29T10:14:22.076142+12:00,16.8,-36.915632,174.835711,1,True
esp32_device_001,2026-04-29T10:14:22.101523+12:00,16.8,-36.915624,174.835855,1,True
esp32_device_001,2026-04-29T10:14:22.126904+12:00,16.8,-36.915626,174.835971,1,True
esp32_device_001,2026-04-29T10:14:22.152284+12:00,16.8,-36.915640,174.836123,1,True
esp32_device_001,2026-04-29T10:14:22.177665+12:00,16.8,-36.915662,174.836223,1,True
esp32_device_001,2026-04-29T10:14:22.203046+12:00,16.8,-36.915705,174.836328,1,True
esp32_device_001,2026-04-29T10:14:22.228426+12:00,16.8,-36.915761,174.836424,1,True
esp32_device_001,2026-04-29T10:14:22.253807+12:00,16.8,-36.915823,174.836508,1,True
esp32_device_001,2026-04-29T10:14:22.279188+12:00,16.8,-36.915903,174.836577,1,True
esp32_device_001,2026-04-29T10:14:22.304569+12:00,16.8,-36.915960,174.836613,1,True
esp32_device_001,2026-04-29T10:14:22.329949+12:00,16.8,-36.916020,174.836635,1,True
esp32_device_001,2026-04-29T10:14:22.355330+12:00,16.8,-36.916098,174.836647,1,True
esp32_device_001,2026-04-29T10:14:22.380711+12:00,16.8,-36.916200,174.836647,1,True
esp32_device_001,2026-04-29T10:14:22.406091+12:00,16.8,-36.916257,174.836633,1,True
esp32_device_001,2026-04-29T10:14:22.431472+12:00,16.8,-36.916311,174.836617,1,True
esp32_device_001,2026-04-29T10:14:22.456853+12:00,16.8,-36.916380,174.836582,1,True
esp32_device_001,2026-04-29T10:14:22.482234+12:00,16.8,-36.916452,174.836529,1,True
esp32_device_001,2026-04-29T10:14:22.507614+12:00,16.8,-36.916495,174.836485,1,True
esp32_device_001,2026-04-29T10:14:22.532995+12:00,16.8,-36.916543,174.836427,1,True
esp32_device_001,2026-04-29T10:14:22.558376+12:00,16.8,-36.916587,174.836357,1,True
esp32_device_001,2026-04-29T10:14:22.583756+12:00,16.8,-36.916625,174.836283,1,True
esp32_device_001,2026-04-29T10:14:22.609137+12:00,16.8,-36.916653,174.836190,1,True
esp32_device_001,2026-04-29T10:14:22.634518+12:00,16.8,-36.916674,174.836085,1,True
esp32_device_001,2026-04-29T10:14:22.659898+12:00,16.8,-36.916677,174.835989,1,True
esp32_device_001,2026-04-29T10:14:22.685279+12:00,16.8,-36.916674,174.835928,1,True
esp32_device_001,2026-04-29T10:14:22.710660+12:00,16.8,-36.916664,174.835841,1,True
esp32_device_001,2026-04-29T10:14:22.736041+12:00,16.8,-36.916642,174.835730,1,True
esp32_device_001,2026-04-29T10:14:22.761421+12:00,16.8,-36.916623,174.835603,1,True
esp32_device_001,2026-04-29T10:14:22.786802+12:00,16.8,-36.916614,174.835447,1,True
esp32_device_001,2026-04-29T10:14:22.812183+12:00,16.8,-36.916610,174.835350,1,True
esp32_device_001,2026-04-29T10:14:22.837563+12:00,16.7,-36.916616,174.835247,1,True
esp32_device_001,2026-04-29T10:14:22.862944+12:00,16.7,-36.916632,174.835027,1,True
esp32_device_001,2026-04-29T10:14:22.888325+12:00,16.7,-36.916651,174.834895,1,True
esp32_device_001,2026-04-29T10:14:22.913706+12:00,16.7,-36.916681,174.834762,1,True
esp32_device_001,2026-04-29T10:14:22.939086+12:00,16.7,-36.916852,174.834210,1,True
esp32_device_001,2026-04-29T10:14:22.964467+12:00,16.7,-36.917000,174.833879,1,True
esp32_device_001,2026-04-29T10:14:22.989848+12:00,16.7,-36.917066,174.833692,1,True
esp32_device_001,2026-04-29T10:14:23.015228+12:00,16.7,-36.917131,174.833437,1,True
esp32_device_001,2026-04-29T10:14:23.040609+12:00,16.7,-36.917171,174.833217,1,True
esp32_device_001,2026-04-29T10:14:23.065990+12:00,16.7,-36.917192,174.833035,1,True
esp32_device_001,2026-04-29T10:14:23.091371+12:00,16.7,-36.917204,174.832827,1,True
esp32_device_001,2026-04-29T10:14:23.116751+12:00,16.7,-36.917199,174.832622,1,True
esp32_device_001,2026-04-29T10:14:23.142132+12:00,16.7,-36.917163,174.832208,1,True
esp32_device_001,2026-04-29T10:14:23.167513+12:00,16.7,-36.917115,174.831945,1,True
esp32_device_001,2026-04-29T10:14:23.192893+12:00,16.7,-36.917062,174.831703,1,True
esp32_device_001,2026-04-29T10:14:23.218274+12:00,16.7,-36.916939,174.831360,1,True
esp32_device_001,2026-04-29T10:14:23.243655+12:00,16.7,-36.916545,174.830251,1,True
esp32_device_001,2026-04-29T10:14:23.269036+12:00,16.7,-36.916359,174.829698,1,True
esp32_device_001,2026-04-29T10:14:23.294416+12:00,16.7,-36.916181,174.829063,1,True
esp32_device_001,2026-04-29T10:14:23.319797+12:00,16.7,-36.916082,174.828764,1,True
esp32_device_001,2026-04-29T10:14:23.345178+12:00,16.7,-36.915849,174.828071,1,True
esp32_device_001,2026-04-29T10:14:23.370558+12:00,16.7,-36.915751,174.827639,1,True
esp32_device_001,2026-04-29T10:14:23.395939+12:00,16.7,-36.915720,174.827445,1,True
esp32_device_001,2026-04-29T10:14:23.421320+12:00,16.7,-36.915703,174.827274,1,True
esp32_device_001,2026-04-29T10:14:23.446701+12:00,16.7,-36.915703,174.827043,1,True
esp32_device_001,2026-04-29T10:14:23.472081+12:00,16.7,-36.915710,174.826777,1,True
esp32_device_001,2026-04-29T10:14:23.497462+12:00,16.7,-36.915711,174.826600,1,True
esp32_device_001,2026-04-29T10:14:23.522843+12:00,16.7,-36.915696,174.826493,1,True
esp32_device_001,2026-04-29T10:14:23.548223+12:00,16.7,-36.915654,174.826352,1,True
esp32_device_001,2026-04-29T10:14:23.573604+12:00,16.7,-36.915603,174.826201,1,True
esp32_device_001,2026-04-29T10:14:23.598985+12:00,16.7,-36.915559,174.826103,1,True
esp32_device_001,2026-04-29T10:14:23.624365+12:00,16.7,-36.915510,174.826009,1,True
esp32_device_001,2026-04-29T10:14:23.649746+12:00,16.7,-36.915398,174.825838,1,True
esp32_device_001,2026-04-29T10:14:23.675127+12:00,16.7,-36.915115,174.825532,1,True
esp32_device_001,2026-04-29T10:14:23.700508+12:00,16.7,-36.914918,174.825298,1,True
esp32_device_001,2026-04-29T10:14:23.725888+12:00,16.7,-36.914666,174.824981,1,True
esp32_device_001,2026-04-29T10:14:23.751269+12:00,16.7,-36.914290,174.824465,1,True
esp32_device_001,2026-04-29T10:14:23.776650+12:00,16.7,-36.913977,174.824095,1,True
esp32_device_001,2026-04-29T10:14:23.802030+12:00,16.7,-36.913718,174.823823,1,True
esp32_device_001,2026-04-29T10:14:23.827411+12:00,16.7,-36.913433,174.823550,1,True
esp32_device_001,2026-04-29T10:14:23.852792+12:00,16.7,-36.913135,174.823305,1,True
esp32_device_001,2026-04-29T10:14:23.878173+12:00,16.7,-36.912777,174.823147,1,True
esp32_device_001,2026-04-29T10:14:23.903553+12:00,16.7,-36.912436,174.822889,1,True
esp32_device_001,2026-04-29T10:14:23.928934+12:00,16.7,-36.910621,174.821558,1,True
esp32_device_001,2026-04-29T10:14:23.954315+12:00,16.7,-36.909689,174.820873,1,True
esp32_device_001,2026-04-29T10:14:23.979695+12:00,16.7,-36.909197,174.820512,1,True
esp32_device_001,2026-04-29T10:14:24.005076+12:00,16.7,-36.908798,174.820215,1,True
esp32_device_001,2026-04-29T10:14:24.030457+12:00,16.7,-36.908440,174.819949,1,True
esp32_device_001,2026-04-29T10:14:24.055838+12:00,16.7,-36.908153,174.819697,1,True
esp32_device_001,2026-04-29T10:14:24.081218+12:00,16.7,-36.907900,174.819454,1,True
esp32_device_001,2026-04-29T10:14:24.106599+12:00,16.7,-36.907674,174.819207,1,True
esp32_device_001,2026-04-29T10:14:24.131980+12:00,16.7,-36.907509,174.819018,1,True
esp32_device_001,2026-04-29T10:14:24.157360+12:00,16.7,-36.907345,174.818795,1,True
esp32_device_001,2026-04-29T10:14:24.182741+12:00,16.7,-36.907176,174.818551,1,True
esp32_device_001,2026-04-29T10:14:24.208122+12:00,16.7,-36.907015,174.818292,1,True
esp32_device_001,2026-04-29T10:14:24.233503+12:00,16.7,-36.906838,174.817980,1,True
esp32_device_001,2026-04-29T10:14:24.258883+12:00,16.7,-36.906717,174.817745,1,True
esp32_device_001,2026-04-29T10:14:24.284264+12:00,16.7,-36.906554,174.817374,1,True
esp32_device_001,2026-04-29T10:14:24.309645+12:00,16.7,-36.906374,174.816917,1,True
esp32_device_001,2026-04-29T10:14:24.335025+12:00,16.7,-36.906195,174.816443,1,True
esp32_device_001,2026-04-29T10:14:24.360406+12:00,16.7,-36.905768,174.815313,1,True
esp32_device_001,2026-04-29T10:14:24.385787+12:00,16.7,-36.905596,174.814599,1,True
esp32_device_001,2026-04-29T10:14:24.411168+12:00,16.7,-36.905334,174.813880,1,True
esp32_device_001,2026-04-29T10:14:24.436548+12:00,16.7,-36.905027,174.813276,1,True
esp32_device_001,2026-04-29T10:14:24.461929+12:00,16.7,-36.904839,174.812824,1,True
esp32_device_001,2026-04-29T10:14:24.487310+12:00,16.7,-36.904660,174.812447,1,True
esp32_device_001,2026-04-29T10:14:24.512690+12:00,16.6,-36.904316,174.811558,1,True
esp32_device_001,2026-04-29T10:14:24.538071+12:00,16.6,-36.904268,174.811449,1,True
esp32_device_001,2026-04-29T10:14:24.563452+12:00,16.6,-36.904220,174.811379,1,True
esp32_device_001,2026-04-29T10:14:24.588832+12:00,16.6,-36.904203,174.811336,1,True
esp32_device_001,2026-04-29T10:14:24.614213+12:00,16.6,-36.904147,174.811272,1,True
esp32_device_001,2026-04-29T10:14:24.639594+12:00,16.6,-36.904099,174.811229,1,True
esp32_device_001,2026-04-29T10:14:24.664975+12:00,16.6,-36.904058,174.811199,1,True
esp32_device_001,2026-04-29T10:14:24.690355+12:00,16.6,-36.904007,174.811179,1,True
esp32_device_001,2026-04-29T10:14:24.715736+12:00,16.6,-36.903970,174.811170,1,True
esp32_device_001,2026-04-29T10:14:24.741117+12:00,16.6,-36.903923,174.811171,1,True
esp32_device_001,2026-04-29T10:14:24.766497+12:00,16.6,-36.903875,174.811174,1,True
esp32_device_001,2026-04-29T10:14:24.791878+12:00,16.6,-36.903819,174.811185,1,True
esp32_device_001,2026-04-29T10:14:24.817259+12:00,16.6,-36.903785,174.811205,1,True
esp32_device_001,2026-04-29T10:14:24.842640+12:00,16.6,-36.903611,174.811351,1,True
esp32_device_001,2026-04-29T10:14:24.868020+12:00,16.6,-36.903339,174.811597,1,True
esp32_device_001,2026-04-29T10:14:24.893401+12:00,16.6,-36.903301,174.811642,1,True
esp32_device_001,2026-04-29T10:14:24.918782+12:00,16.6,-36.903266,174.811684,1,True
esp32_device_001,2026-04-29T10:14:24.944162+12:00,16.6,-36.903214,174.811790,1,True
esp32_device_001,2026-04-29T10:14:24.969543+12:00,16.6,-36.903199,174.811855,1,True
esp32_device_001,2026-04-29T10:14:24.994924+12:00,16.6,-36.903212,174.811954,1,True
esp32_device_001,2026-04-29T10:14:25.020305+12:00,16.6,-36.903231,174.812028,1,True
esp32_device_001,2026-04-29T10:14:25.045685+12:00,16.6,-36.903262,174.812095,1,True
esp32_device_001,2026-04-29T10:14:25.071066+12:00,16.6,-36.903313,174.812165,1,True
esp32_device_001,2026-04-29T10:14:25.096447+12:00,16.6,-36.903356,174.812205,1,True
esp32_device_001,2026-04-29T10:14:25.121827+12:00,16.6,-36.903438,174.812257,1,True
esp32_device_001,2026-04-29T10:14:25.147208+12:00,16.6,-36.903493,174.812261,1,True
esp32_device_001,2026-04-29T10:14:25.172589+12:00,16.6,-36.903663,174.812307,1,True
esp32_device_001,2026-04-29T10:14:25.197970+12:00,16.6,-36.903741,174.812336,1,True
esp32_device_001,2026-04-29T10:14:25.223350+12:00,16.6,-36.903822,174.812378,1,True
esp32_device_001,2026-04-29T10:14:25.248731+12:00,16.6,-36.904010,174.812527,1,True
esp32_device_001,2026-04-29T10:14:25.274112+12:00,16.6,-36.904194,174.812719,1,True
esp32_device_001,2026-04-29T10:14:25.299492+12:00,16.6,-36.904289,174.812841,1,True
esp32_device_001,2026-04-29T10:14:25.324873+12:00,16.6,-36.904380,174.812958,1,True
esp32_device_001,2026-04-29T10:14:25.350254+12:00,16.6,-36.904510,174.813148,1,True
esp32_device_001,2026-04-29T10:14:25.375635+12:00,16.6,-36.904637,174.813329,1,True
esp32_device_001,2026-04-29T10:14:25.401015+12:00,16.6,-36.904769,174.813530,1,True
esp32_device_001,2026-04-29T10:14:25.426396+12:00,16.6,-36.904866,174.813694,1,True
esp32_device_001,2026-04-29T10:14:25.451777+12:00,16.6,-36.904958,174.813868,1,True
esp32_device_001,2026-04-29T10:14:25.477157+12:00,16.6,-36.905062,174.814089,1,True
esp32_device_001,2026-04-29T10:14:25.502538+12:00,16.6,-36.905566,174.815076,1,True
esp32_device_001,2026-04-29T10:14:25.527919+12:00,16.6,-36.906097,174.816487,1,True
esp32_device_001,2026-04-29T10:14:25.553299+12:00,16.6,-36.906423,174.817329,1,True
esp32_device_001,2026-04-29T10:14:25.578680+12:00,16.6,-36.906527,174.817574,1,True
esp32_device_001,2026-04-29T10:14:25.604061+12:00,16.6,-36.906641,174.817824,1,True
esp32_device_001,2026-04-29T10:14:25.629442+12:00,16.6,-36.906751,174.818044,1,True
esp32_device_001,2026-04-29T10:14:25.654822+12:00,16.6,-36.906943,174.818379,1,True
esp32_device_001,2026-04-29T10:14:25.680203+12:00,16.6,-36.907106,174.818630,1,True
esp32_device_001,2026-04-29T10:14:25.705584+12:00,16.6,-36.907284,174.818880,1,True
esp32_device_001,2026-04-29T10:14:25.730964+12:00,16.6,-36.907444,174.819109,1,True
esp32_device_001,2026-04-29T10:14:25.756345+12:00,16.6,-36.907619,174.819308,1,True
esp32_device_001,2026-04-29T10:14:25.781726+12:00,16.6,-36.907808,174.819513,1,True
esp32_device_001,2026-04-29T10:14:25.807107+12:00,16.6,-36.907963,174.819663,1,True
esp32_device_001,2026-04-29T10:14:25.832487+12:00,16.6,-36.908101,174.819797,1,True
esp32_device_001,2026-04-29T10:14:25.857868+12:00,16.6,-36.908387,174.820047,1,True
esp32_device_001,2026-04-29T10:14:25.883249+12:00,16.6,-36.908873,174.820412,1,True
esp32_device_001,2026-04-29T10:14:25.908629+12:00,16.6,-36.909120,174.820599,1,True
esp32_device_001,2026-04-29T10:14:25.934010+12:00,16.6,-36.910555,174.821662,1,True
esp32_device_001,2026-04-29T10:14:25.959391+12:00,16.6,-36.912673,174.823251,1,True
esp32_device_001,2026-04-29T10:14:25.984772+12:00,16.6,-36.912888,174.823425,1,True
esp32_device_001,2026-04-29T10:14:26.010152+12:00,16.6,-36.913099,174.823604,1,True
esp32_device_001,2026-04-29T10:14:26.035533+12:00,16.6,-36.913402,174.823900,1,True
esp32_device_001,2026-04-29T10:14:26.060914+12:00,16.6,-36.913647,174.824180,1,True
esp32_device_001,2026-04-29T10:14:26.086294+12:00,16.6,-36.913948,174.824579,1,True
esp32_device_001,2026-04-29T10:14:26.111675+12:00,16.6,-36.914198,174.824954,1,True
esp32_device_001,2026-04-29T10:14:26.137056+12:00,16.6,-36.914317,174.825165,1,True
esp32_device_001,2026-04-29T10:14:26.162437+12:00,16.6,-36.914424,174.825366,1,True
esp32_device_001,2026-04-29T10:14:26.187817+12:00,16.5,-36.914573,174.825662,1,True
esp32_device_001,2026-04-29T10:14:26.213198+12:00,16.5,-36.914745,174.826060,1,True
esp32_device_001,2026-04-29T10:14:26.238579+12:00,16.5,-36.914861,174.826370,1,True
esp32_device_001,2026-04-29T10:14:26.263959+12:00,16.5,-36.914964,174.826682,1,True
esp32_device_001,2026-04-29T10:14:26.289340+12:00,16.5,-36.915096,174.827120,1,True
esp32_device_001,2026-04-29T10:14:26.314721+12:00,16.5,-36.915293,174.827885,1,True
esp32_device_001,2026-04-29T10:14:26.340102+12:00,16.5,-36.915521,174.828838,1,True
esp32_device_001,2026-04-29T10:14:26.365482+12:00,16.5,-36.915618,174.829568,1,True
esp32_device_001,2026-04-29T10:14:26.390863+12:00,16.5,-36.915992,174.831119,1,True
esp32_device_001,2026-04-29T10:14:26.416244+12:00,16.5,-36.916258,174.832664,1,True
esp32_device_001,2026-04-29T10:14:26.441624+12:00,16.5,-36.916293,174.832903,1,True
esp32_device_001,2026-04-29T10:14:26.467005+12:00,16.5,-36.916300,174.833013,1,True
esp32_device_001,2026-04-29T10:14:26.492386+12:00,16.5,-36.916308,174.833154,1,True
esp32_device_001,2026-04-29T10:14:26.517766+12:00,16.5,-36.916310,174.833296,1,True
esp32_device_001,2026-04-29T10:14:26.543147+12:00,16.5,-36.916305,174.833399,1,True
esp32_device_001,2026-04-29T10:14:26.568528+12:00,16.5,-36.916295,174.833495,1,True
esp32_device_001,2026-04-29T10:14:26.593909+12:00,16.5,-36.916278,174.833612,1,True
esp32_device_001,2026-04-29T10:14:26.619289+12:00,16.5,-36.916258,174.833725,1,True
esp32_device_001,2026-04-29T10:14:26.644670+12:00,16.5,-36.916200,174.833944,1,True
esp32_device_001,2026-04-29T10:14:26.670051+12:00,16.5,-36.916104,174.834208,1,True
esp32_device_001,2026-04-29T10:14:26.695431+12:00,16.5,-36.915976,174.834504,1,True
esp32_device_001,2026-04-29T10:14:26.720812+12:00,16.5,-36.915863,174.834780,1,True
esp32_device_001,2026-04-29T10:14:26.746193+12:00,16.5,-36.915826,174.834877,1,True
esp32_device_001,2026-04-29T10:14:26.771574+12:00,16.5,-36.915740,174.835064,1,True
esp32_device_001,2026-04-29T10:14:26.796954+12:00,16.5,-36.915693,174.835181,1,True
esp32_device_001,2026-04-29T10:14:26.822335+12:00,16.5,-36.915650,174.835337,1,True
esp32_device_001,2026-04-29T10:14:26.847716+12:00,16.5,-36.915620,174.835459,1,True
esp32_device_001,2026-04-29T10:14:26.873096+12:00,16.5,-36.915593,174.835597,1,True
esp32_device_001,2026-04-29T10:14:26.898477+12:00,16.5,-36.915579,174.835736,1,True
esp32_device_001,2026-04-29T10:14:26.923858+12:00,16.5,-36.915565,174.835919,1,True
esp32_device_001,2026-04-29T10:14:26.949239+12:00,16.5,-36.915563,174.836112,1,True
esp32_device_001,2026-04-29T10:14:26.974619+12:00,16.5,-36.915577,174.836285,1,True
esp32_device_001,2026-04-29T10:14:27+12:00,16.5,-36.91563,174.836487,1,False
esp32_device_001,2026-04-29T10:14:28+12:00,17.1,-36.915705,174.836953,1,True
esp32_device_001,2026-04-29T10:14:29+12:00,17.8,-36.915740,174.837122,1,True
esp32_device_001,2026-04-29T10:14:30+12:00,18.4,-36.915760,174.837256,1,True
esp32_device_001,2026-04-29T10:14:31+12:00,19.1,-36.915773,174.837390,1,True
esp32_device_001,2026-04-29T10:14:32+12:00,19.7,-36.915794,174.837463,1,False
esp32_device_001,2026-04-29T10:14:32.042017+12:00,19.7,-36.915788,174.837555,1,True
esp32_device_001,2026-04-29T10:14:32.084034+12:00,19.7,-36.915790,174.837706,1,True
esp32_device_001,2026-04-29T10:14:32.126050+12:00,19.7,-36.915788,174.837871,1,True
esp32_device_001,2026-04-29T10:14:32.168067+12:00,19.7,-36.915732,174.838639,1,True
esp32_device_001,2026-04-29T10:14:32.210084+12:00,19.7,-36.915207,174.841879,1,True
esp32_device_001,2026-04-29T10:14:32.252101+12:00,19.7,-36.915169,174.842074,1,True
esp32_device_001,2026-04-29T10:14:32.294118+12:00,19.7,-36.915151,174.842275,1,True
esp32_device_001,2026-04-29T10:14:32.336134+12:00,19.7,-36.915149,174.842438,1,True
esp32_device_001,2026-04-29T10:14:32.378151+12:00,19.7,-36.915145,174.842772,1,True
esp32_device_001,2026-04-29T10:14:32.420168+12:00,19.7,-36.915162,174.843016,1,True
esp32_device_001,2026-04-29T10:14:32.462185+12:00,19.7,-36.915187,174.843314,1,True
esp32_device_001,2026-04-29T10:14:32.504202+12:00,19.7,-36.915221,174.843545,1,True
esp32_device_001,2026-04-29T10:14:32.546218+12:00,19.7,-36.915283,174.843914,1,True
esp32_device_001,2026-04-29T10:14:32.588235+12:00,19.7,-36.915304,174.844003,1,True
esp32_device_001,2026-04-29T10:14:32.630252+12:00,19.7,-36.915355,174.844353,1,True
esp32_device_001,2026-04-29T10:14:32.672269+12:00,19.7,-36.915370,174.844513,1,True
esp32_device_001,2026-04-29T10:14:32.714286+12:00,19.7,-36.915379,174.844814,1,True
esp32_device_001,2026-04-29T10:14:32.756303+12:00,19.7,-36.915361,174.845205,1,True
esp32_device_001,2026-04-29T10:14:32.798319+12:00,19.7,-36.915343,174.845394,1,True
esp32_device_001,2026-04-29T10:14:32.840336+12:00,19.7,-36.915316,174.845586,1,True
esp32_device_001,2026-04-29T10:14:32.882353+12:00,19.7,-36.915266,174.845843,1,True
esp32_device_001,2026-04-29T10:14:32.924370+12:00,19.7,-36.915231,174.845978,1,True
esp32_device_001,2026-04-29T10:14:32.966387+12:00,19.7,-36.915162,174.846212,1,True
esp32_device_001,2026-04-29T10:14:33.008403+12:00,19.7,-36.915155,174.846235,1,True
esp32_device_001,2026-04-29T10:14:33.050420+12:00,19.7,-36.915098,174.846408,1,True
esp32_device_001,2026-04-29T10:14:33.092437+12:00,19.7,-36.915237,174.846438,1,True
esp32_device_001,2026-04-29T10:14:33.134454+12:00,19.7,-36.915283,174.846274,1,True
esp32_device_001,2026-04-29T10:14:33.176471+12:00,19.7,-36.915333,174.846097,1,True
esp32_device_001,2026-04-29T10:14:33.218487+12:00,19.7,-36.915384,174.845903,1,True
esp32_device_001,2026-04-29T10:14:33.260504+12:00,19.7,-36.915429,174.845719,1,True
esp32_device_001,2026-04-29T10:14:33.302521+12:00,19.7,-36.915476,174.845438,1,True
esp32_device_001,2026-04-29T10:14:33.344538+12:00,19.7,-36.915499,174.845154,1,True
esp32_device_001,2026-04-29T10:14:33.386555+12:00,19.7,-36.915504,174.844858,1,True
esp32_device_001,2026-04-29T10:14:33.428571+12:00,19.7,-36.915493,174.844595,1,True
esp32_device_001,2026-04-29T10:14:33.470588+12:00,19.7,-36.915471,174.844399,1,True
esp32_device_001,2026-04-29T10:14:33.512605+12:00,19.7,-36.915402,174.843976,1,True
esp32_device_001,2026-04-29T10:14:33.554622+12:00,19.7,-36.915371,174.843816,1,True
esp32_device_001,2026-04-29T10:14:33.596639+12:00,19.7,-36.915314,174.843546,1,True
esp32_device_001,2026-04-29T10:14:33.638655+12:00,19.7,-36.915272,174.843294,1,True
esp32_device_001,2026-04-29T10:14:33.680672+12:00,19.7,-36.915248,174.843101,1,True
esp32_device_001,2026-04-29T10:14:33.722689+12:00,19.7,-36.915229,174.842895,1,True
esp32_device_001,2026-04-29T10:14:33.764706+12:00,19.7,-36.915225,174.842664,1,True
esp32_device_001,2026-04-29T10:14:33.806723+12:00,19.7,-36.915226,174.842495,1,True
esp32_device_001,2026-04-29T10:14:33.848739+12:00,19.7,-36.915231,174.842356,1,True
esp32_device_001,2026-04-29T10:14:33.890756+12:00,19.7,-36.915237,174.842200,1,True
esp32_device_001,2026-04-29T10:14:33.932773+12:00,19.7,-36.915305,174.841788,1,True
esp32_device_001,2026-04-29T10:14:33.974790+12:00,19.7,-36.915848,174.838663,1,True
esp32_device_001,2026-04-29T10:14:34.016807+12:00,19.7,-36.915941,174.837852,1,True
esp32_device_001,2026-04-29T10:14:34.058824+12:00,19.7,-36.916005,174.836956,1,True
esp32_device_001,2026-04-29T10:14:34.100840+12:00,19.7,-36.916035,174.836695,1,True
esp32_device_001,2026-04-29T10:14:34.142857+12:00,19.7,-36.916064,174.836532,1,True
esp32_device_001,2026-04-29T10:14:34.184874+12:00,19.7,-36.916131,174.836130,1,True
esp32_device_001,2026-04-29T10:14:34.226891+12:00,19.7,-36.916185,174.835898,1,True
esp32_device_001,2026-04-29T10:14:34.268908+12:00,19.7,-36.916259,174.835626,1,True
esp32_device_001,2026-04-29T10:14:34.310924+12:00,19.7,-36.916310,174.835453,1,True
esp32_device_001,2026-04-29T10:14:34.352941+12:00,19.7,-36.916374,174.835273,1,True
esp32_device_001,2026-04-29T10:14:34.394958+12:00,19.7,-36.916440,174.835096,1,True
esp32_device_001,2026-04-29T10:14:34.436975+12:00,19.7,-36.916518,174.834905,1,True
esp32_device_001,2026-04-29T10:14:34.478992+12:00,19.7,-36.916598,174.834718,1,True
esp32_device_001,2026-04-29T10:14:34.521008+12:00,19.6,-36.916852,174.834210,1,True
esp32_device_001,2026-04-29T10:14:34.563025+12:00,19.6,-36.917000,174.833879,1,True
esp32_device_001,2026-04-29T10:14:34.605042+12:00,19.6,-36.917066,174.833692,1,True
esp32_device_001,2026-04-29T10:14:34.647059+12:00,19.6,-36.917131,174.833437,1,True
esp32_device_001,2026-04-29T10:14:34.689076+12:00,19.6,-36.917171,174.833217,1,True
esp32_device_001,2026-04-29T10:14:34.731092+12:00,19.6,-36.917192,174.833035,1,True
esp32_device_001,2026-04-29T10:14:34.773109+12:00,19.6,-36.917204,174.832827,1,True
esp32_device_001,2026-04-29T10:14:34.815126+12:00,19.6,-36.917199,174.832622,1,True
esp32_device_001,2026-04-29T10:14:34.857143+12:00,19.6,-36.917163,174.832208,1,True
esp32_device_001,2026-04-29T10:14:34.899160+12:00,19.6,-36.917115,174.831945,1,True
esp32_device_001,2026-04-29T10:14:34.941176+12:00,19.6,-36.917062,174.831703,1,True
esp32_device_001,2026-04-29T10:14:34.983193+12:00,19.6,-36.916939,174.831360,1,True
esp32_device_001,2026-04-29T10:14:35.025210+12:00,19.6,-36.916545,174.830251,1,True
esp32_device_001,2026-04-29T10:14:35.067227+12:00,19.6,-36.916359,174.829698,1,True
esp32_device_001,2026-04-29T10:14:35.109244+12:00,19.6,-36.916181,174.829063,1,True
esp32_device_001,2026-04-29T10:14:35.151261+12:00,19.6,-36.916082,174.828764,1,True
esp32_device_001,2026-04-29T10:14:35.193277+12:00,19.6,-36.915849,174.828071,1,True
esp32_device_001,2026-04-29T10:14:35.235294+12:00,19.6,-36.915751,174.827639,1,True
esp32_device_001,2026-04-29T10:14:35.277311+12:00,19.6,-36.915720,174.827445,1,True
esp32_device_001,2026-04-29T10:14:35.319328+12:00,19.6,-36.915703,174.827274,1,True
esp32_device_001,2026-04-29T10:14:35.361345+12:00,19.6,-36.915703,174.827043,1,True
esp32_device_001,2026-04-29T10:14:35.403361+12:00,19.6,-36.915710,174.826777,1,True
esp32_device_001,2026-04-29T10:14:35.445378+12:00,19.6,-36.915711,174.826600,1,True
esp32_device_001,2026-04-29T10:14:35.487395+12:00,19.6,-36.915696,174.826493,1,True
esp32_device_001,2026-04-29T10:14:35.529412+12:00,19.6,-36.915654,174.826352,1,True
esp32_device_001,2026-04-29T10:14:35.571429+12:00,19.6,-36.915633,174.826444,1,True
esp32_device_001,2026-04-29T10:14:35.613445+12:00,19.6,-36.915614,174.826538,1,True
esp32_device_001,2026-04-29T10:14:35.655462+12:00,19.6,-36.915585,174.826706,1,True
esp32_device_001,2026-04-29T10:14:35.697479+12:00,19.6,-36.915567,174.826867,1,True
esp32_device_001,2026-04-29T10:14:35.739496+12:00,19.6,-36.915560,174.827041,1,True
esp32_device_001,2026-04-29T10:14:35.781513+12:00,19.6,-36.915562,174.827395,1,True
esp32_device_001,2026-04-29T10:14:35.823529+12:00,19.6,-36.915590,174.827647,1,True
esp32_device_001,2026-04-29T10:14:35.865546+12:00,19.6,-36.915628,174.827860,1,True
esp32_device_001,2026-04-29T10:14:35.907563+12:00,19.6,-36.915681,174.828086,1,True
esp32_device_001,2026-04-29T10:14:35.949580+12:00,19.6,-36.915745,174.828285,1,True
esp32_device_001,2026-04-29T10:14:35.991597+12:00,19.6,-36.916989,174.831799,1,True
esp32_device_001,2026-04-29T10:14:36.033613+12:00,19.6,-36.917042,174.832027,1,True
esp32_device_001,2026-04-29T10:14:36.075630+12:00,19.6,-36.917079,174.832270,1,True
esp32_device_001,2026-04-29T10:14:36.117647+12:00,19.6,-36.917100,174.832488,1,True
esp32_device_001,2026-04-29T10:14:36.159664+12:00,19.6,-36.917102,174.832721,1,True
esp32_device_001,2026-04-29T10:14:36.201681+12:00,19.6,-36.917094,174.832992,1,True
esp32_device_001,2026-04-29T10:14:36.243697+12:00,19.6,-36.917062,174.833270,1,True
esp32_device_001,2026-04-29T10:14:36.285714+12:00,19.6,-36.917016,174.833497,1,True
esp32_device_001,2026-04-29T10:14:36.327731+12:00,19.6,-36.916947,174.833744,1,True
esp32_device_001,2026-04-29T10:14:36.369748+12:00,19.6,-36.916825,174.834051,1,True
esp32_device_001,2026-04-29T10:14:36.411765+12:00,19.6,-36.916599,174.834529,1,True
esp32_device_001,2026-04-29T10:14:36.453782+12:00,19.6,-36.916474,174.834801,1,True
esp32_device_001,2026-04-29T10:14:36.495798+12:00,19.6,-36.916415,174.834944,1,True
esp32_device_001,2026-04-29T10:14:36.537815+12:00,19.6,-36.916314,174.835188,1,True
esp32_device_001,2026-04-29T10:14:36.579832+12:00,19.6,-36.916124,174.835794,1,True
esp32_device_001,2026-04-29T10:14:36.621849+12:00,19.6,-36.916056,174.836078,1,True
esp32_device_001,2026-04-29T10:14:36.663866+12:00,19.6,-36.916003,174.836353,1,True
esp32_device_001,2026-04-29T10:14:36.705882+12:00,19.6,-36.915975,174.836504,1,True
esp32_device_001,2026-04-29T10:14:36.747899+12:00,19.6,-36.915952,174.836666,1,True
esp32_device_001,2026-04-29T10:14:36.789916+12:00,19.6,-36.915922,174.836990,1,True
esp32_device_001,2026-04-29T10:14:36.831933+12:00,19.6,-36.915905,174.837199,1,True
esp32_device_001,2026-04-29T10:14:36.873950+12:00,19.6,-36.915897,174.837363,1,True
esp32_device_001,2026-04-29T10:14:36.915966+12:00,19.6,-36.915870,174.837757,1,True
esp32_device_001,2026-04-29T10:14:36.957983+12:00,19.6,-36.915839,174.838050,1,True
esp32_device_001,2026-04-29T10:14:37+12:00,19.6,-36.915752,174.838516,1,False
esp32_device_001,2026-04-29T10:14:37.035211+12:00,19.6,-36.915732,174.838639,1,True
esp32_device_001,2026-04-29T10:14:37.070423+12:00,19.6,-36.915207,174.841879,1,True
esp32_device_001,2026-04-29T10:14:37.105634+12:00,19.6,-36.915169,174.842074,1,True
esp32_device_001,2026-04-29T10:14:37.140845+12:00,19.6,-36.915151,174.842275,1,True
esp32_device_001,2026-04-29T10:14:37.176056+12:00,19.6,-36.915149,174.842438,1,True
esp32_device_001,2026-04-29T10:14:37.211268+12:00,19.7,-36.915145,174.842772,1,True
esp32_device_001,2026-04-29T10:14:37.246479+12:00,19.7,-36.915162,174.843016,1,True
esp32_device_001,2026-04-29T10:14:37.281690+12:00,19.7,-36.915187,174.843314,1,True
esp32_device_001,2026-04-29T10:14:37.316901+12:00,19.7,-36.915221,174.843545,1,True
esp32_device_001,2026-04-29T10:14:37.352113+12:00,19.7,-36.915283,174.843914,1,True
esp32_device_001,2026-04-29T10:14:37.387324+12:00,19.7,-36.915304,174.844003,1,True
esp32_device_001,2026-04-29T10:14:37.422535+12:00,19.7,-36.915355,174.844353,1,True
esp32_device_001,2026-04-29T10:14:37.457746+12:00,19.7,-36.915370,174.844513,1,True
esp32_device_001,2026-04-29T10:14:37.492958+12:00,19.7,-36.915379,174.844814,1,True
esp32_device_001,2026-04-29T10:14:37.528169+12:00,19.7,-36.915361,174.845205,1,True
esp32_device_001,2026-04-29T10:14:37.563380+12:00,19.8,-36.915343,174.845394,1,True
esp32_device_001,2026-04-29T10:14:37.598592+12:00,19.8,-36.915316,174.845586,1,True
esp32_device_001,2026-04-29T10:14:37.633803+12:00,19.8,-36.915266,174.845843,1,True
esp32_device_001,2026-04-29T10:14:37.669014+12:00,19.8,-36.915231,174.845978,1,True
esp32_device_001,2026-04-29T10:14:37.704225+12:00,19.8,-36.915144,174.846088,1,True
esp32_device_001,2026-04-29T10:14:37.739437+12:00,19.8,-36.915087,174.846161,1,True
esp32_device_001,2026-04-29T10:14:37.774648+12:00,19.8,-36.915083,174.846165,1,True
esp32_device_001,2026-04-29T10:14:37.809859+12:00,19.8,-36.915030,174.846217,1,True
esp32_device_001,2026-04-29T10:14:37.845070+12:00,19.8,-36.914976,174.846251,1,True
esp32_device_001,2026-04-29T10:14:37.880282+12:00,19.8,-36.914890,174.846285,1,True
esp32_device_001,2026-04-29T10:14:37.915493+12:00,19.9,-36.914792,174.846318,1,True
esp32_device_001,2026-04-29T10:14:37.950704+12:00,19.9,-36.914361,174.846194,1,True
esp32_device_001,2026-04-29T10:14:37.985915+12:00,19.9,-36.914270,174.846168,1,True
esp32_device_001,2026-04-29T10:14:38.021127+12:00,19.9,-36.913929,174.846070,1,True
esp32_device_001,2026-04-29T10:14:38.056338+12:00,19.9,-36.913419,174.845930,1,True
esp32_device_001,2026-04-29T10:14:38.091549+12:00,19.9,-36.913282,174.845891,1,True
esp32_device_001,2026-04-29T10:14:38.126761+12:00,19.9,-36.913214,174.845871,1,True
esp32_device_001,2026-04-29T10:14:38.161972+12:00,19.9,-36.913142,174.845851,1,True
esp32_device_001,2026-04-29T10:14:38.197183+12:00,19.9,-36.912645,174.845711,1,True
esp32_device_001,2026-04-29T10:14:38.232394+12:00,19.9,-36.912568,174.845691,1,True
esp32_device_001,2026-04-29T10:14:38.267606+12:00,20.0,-36.912196,174.845593,1,True
esp32_device_001,2026-04-29T10:14:38.302817+12:00,20.0,-36.912087,174.845563,1,True
esp32_device_001,2026-04-29T10:14:38.338028+12:00,20.0,-36.911987,174.845534,1,True
esp32_device_001,2026-04-29T10:14:38.373239+12:00,20.0,-36.911868,174.845500,1,True
esp32_device_001,2026-04-29T10:14:38.408451+12:00,20.0,-36.911799,174.845481,1,True
esp32_device_001,2026-04-29T10:14:38.443662+12:00,20.0,-36.911674,174.845445,1,True
esp32_device_001,2026-04-29T10:14:38.478873+12:00,20.0,-36.911427,174.845382,1,True
esp32_device_001,2026-04-29T10:14:38.514085+12:00,20.0,-36.911199,174.845321,1,True
esp32_device_001,2026-04-29T10:14:38.549296+12:00,20.0,-36.910752,174.845200,1,True
esp32_device_001,2026-04-29T10:14:38.584507+12:00,20.0,-36.909903,174.844977,1,True
esp32_device_001,2026-04-29T10:14:38.619718+12:00,20.1,-36.909652,174.844913,1,True
esp32_device_001,2026-04-29T10:14:38.654930+12:00,20.1,-36.909514,174.844879,1,True
esp32_device_001,2026-04-29T10:14:38.690141+12:00,20.1,-36.909482,174.844871,1,True
esp32_device_001,2026-04-29T10:14:38.725352+12:00,20.1,-36.909425,174.844857,1,True
esp32_device_001,2026-04-29T10:14:38.760563+12:00,20.1,-36.909418,174.844733,1,True
esp32_device_001,2026-04-29T10:14:38.795775+12:00,20.1,-36.909401,174.844455,1,True
esp32_device_001,2026-04-29T10:14:38.830986+12:00,20.1,-36.909362,174.843626,1,True
esp32_device_001,2026-04-29T10:14:38.866197+12:00,20.1,-36.909347,174.843184,1,True
esp32_device_001,2026-04-29T10:14:38.901408+12:00,20.1,-36.909313,174.842560,1,True
esp32_device_001,2026-04-29T10:14:38.936620+12:00,20.1,-36.909303,174.842408,1,True
esp32_device_001,2026-04-29T10:14:38.971831+12:00,20.2,-36.909297,174.842316,1,True
esp32_device_001,2026-04-29T10:14:39.007042+12:00,20.2,-36.909270,174.841905,1,True
esp32_device_001,2026-04-29T10:14:39.042254+12:00,20.2,-36.909210,174.841724,1,True
esp32_device_001,2026-04-29T10:14:39.077465+12:00,20.2,-36.909190,174.841407,1,True
esp32_device_001,2026-04-29T10:14:39.112676+12:00,20.2,-36.909160,174.840866,1,True
esp32_device_001,2026-04-29T10:14:39.147887+12:00,20.2,-36.909158,174.840829,1,True
esp32_device_001,2026-04-29T10:14:39.183099+12:00,20.2,-36.909151,174.840675,1,True
esp32_device_001,2026-04-29T10:14:39.218310+12:00,20.2,-36.909137,174.840534,1,True
esp32_device_001,2026-04-29T10:14:39.253521+12:00,20.2,-36.909129,174.840480,1,True
esp32_device_001,2026-04-29T10:14:39.288732+12:00,20.2,-36.909118,174.840421,1,True
esp32_device_001,2026-04-29T10:14:39.323944+12:00,20.3,-36.909106,174.840383,1,True
esp32_device_001,2026-04-29T10:14:39.359155+12:00,20.3,-36.909092,174.840334,1,True
esp32_device_001,2026-04-29T10:14:39.394366+12:00,20.3,-36.909032,174.840179,1,True
esp32_device_001,2026-04-29T10:14:39.429577+12:00,20.3,-36.908928,174.839907,1,True
esp32_device_001,2026-04-29T10:14:39.464789+12:00,20.3,-36.908900,174.839834,1,True
esp32_device_001,2026-04-29T10:14:39.500000+12:00,20.3,-36.908832,174.839650,1,True
esp32_device_001,2026-04-29T10:14:39.535211+12:00,20.3,-36.908790,174.839543,1,True
esp32_device_001,2026-04-29T10:14:39.570423+12:00,20.3,-36.908708,174.839326,1,True
esp32_device_001,2026-04-29T10:14:39.605634+12:00,20.3,-36.908756,174.839165,1,True
esp32_device_001,2026-04-29T10:14:39.640845+12:00,20.3,-36.908748,174.839120,1,True
esp32_device_001,2026-04-29T10:14:39.676056+12:00,20.3,-36.908737,174.839080,1,True
esp32_device_001,2026-04-29T10:14:39.711268+12:00,20.4,-36.908728,174.839046,1,True
esp32_device_001,2026-04-29T10:14:39.746479+12:00,20.4,-36.908721,174.839005,1,True
esp32_device_001,2026-04-29T10:14:39.781690+12:00,20.4,-36.908714,174.838962,1,True
esp32_device_001,2026-04-29T10:14:39.816901+12:00,20.4,-36.908713,174.838930,1,True
esp32_device_001,2026-04-29T10:14:39.852113+12:00,20.4,-36.908716,174.838880,1,True
esp32_device_001,2026-04-29T10:14:39.887324+12:00,20.4,-36.908720,174.838848,1,True
esp32_device_001,2026-04-29T10:14:39.922535+12:00,20.4,-36.908725,174.838812,1,True
esp32_device_001,2026-04-29T10:14:39.957746+12:00,20.4,-36.908737,174.838773,1,True
esp32_device_001,2026-04-29T10:14:39.992958+12:00,20.4,-36.908758,174.838734,1,True
esp32_device_001,2026-04-29T10:14:40.028169+12:00,20.4,-36.908797,174.838685,1,True
esp32_device_001,2026-04-29T10:14:40.063380+12:00,20.5,-36.908881,174.838632,1,True
esp32_device_001,2026-04-29T10:14:40.098592+12:00,20.5,-36.908992,174.838563,1,True
esp32_device_001,2026-04-29T10:14:40.133803+12:00,20.5,-36.909190,174.838426,1,True
esp32_device_001,2026-04-29T10:14:40.169014+12:00,20.5,-36.909376,174.838308,1,True
esp32_device_001,2026-04-29T10:14:40.204225+12:00,20.5,-36.909598,174.838164,1,True
esp32_device_001,2026-04-29T10:14:40.239437+12:00,20.5,-36.909641,174.838130,1,True
esp32_device_001,2026-04-29T10:14:40.274648+12:00,20.5,-36.909760,174.838047,1,True
esp32_device_001,2026-04-29T10:14:40.309859+12:00,20.5,-36.909862,174.837980,1,True
esp32_device_001,2026-04-29T10:14:40.345070+12:00,20.5,-36.909924,174.837859,1,True
esp32_device_001,2026-04-29T10:14:40.380282+12:00,20.5,-36.909980,174.837830,1,True
esp32_device_001,2026-04-29T10:14:40.415493+12:00,20.6,-36.910112,174.837753,1,True
esp32_device_001,2026-04-29T10:14:40.450704+12:00,20.6,-36.910168,174.837735,1,True
esp32_device_001,2026-04-29T10:14:40.485915+12:00,20.6,-36.910244,174.837780,1,True
esp32_device_001,2026-04-29T10:14:40.521127+12:00,20.6,-36.910370,174.837762,1,True
esp32_device_001,2026-04-29T10:14:40.556338+12:00,20.6,-36.910431,174.837695,1,True
esp32_device_001,2026-04-29T10:14:40.591549+12:00,20.6,-36.910574,174.837711,1,True
esp32_device_001,2026-04-29T10:14:40.626761+12:00,20.6,-36.911223,174.837897,1,True
esp32_device_001,2026-04-29T10:14:40.661972+12:00,20.6,-36.911298,174.837919,1,True
esp32_device_001,2026-04-29T10:14:40.697183+12:00,20.6,-36.911355,174.837935,1,True
esp32_device_001,2026-04-29T10:14:40.732394+12:00,20.6,-36.911635,174.838016,1,True
esp32_device_001,2026-04-29T10:14:40.767606+12:00,20.7,-36.911843,174.838073,1,True
esp32_device_001,2026-04-29T10:14:40.802817+12:00,20.7,-36.912878,174.838369,1,True
esp32_device_001,2026-04-29T10:14:40.838028+12:00,20.7,-36.913102,174.838432,1,True
esp32_device_001,2026-04-29T10:14:40.873239+12:00,20.7,-36.913307,174.838490,1,True
esp32_device_001,2026-04-29T10:14:40.908451+12:00,20.7,-36.913329,174.838495,1,True
esp32_device_001,2026-04-29T10:14:40.943662+12:00,20.7,-36.913462,174.838555,1,True
esp32_device_001,2026-04-29T10:14:40.978873+12:00,20.7,-36.913551,174.838620,1,True
esp32_device_001,2026-04-29T10:14:41.014085+12:00,20.7,-36.913770,174.838676,1,True
esp32_device_001,2026-04-29T10:14:41.049296+12:00,20.7,-36.914328,174.838820,1,True
esp32_device_001,2026-04-29T10:14:41.084507+12:00,20.7,-36.914430,174.838903,1,True
esp32_device_001,2026-04-29T10:14:41.119718+12:00,20.8,-36.914716,174.839021,1,True
esp32_device_001,2026-04-29T10:14:41.154930+12:00,20.8,-36.914776,174.839047,1,True
esp32_device_001,2026-04-29T10:14:41.190141+12:00,20.8,-36.914823,174.839087,1,True
esp32_device_001,2026-04-29T10:14:41.225352+12:00,20.8,-36.914834,174.839099,1,True
esp32_device_001,2026-04-29T10:14:41.260563+12:00,20.8,-36.914850,174.839117,1,True
esp32_device_001,2026-04-29T10:14:41.295775+12:00,20.8,-36.914872,174.839151,1,True
esp32_device_001,2026-04-29T10:14:41.330986+12:00,20.8,-36.914879,174.839190,1,True
esp32_device_001,2026-04-29T10:14:41.366197+12:00,20.8,-36.914883,174.839251,1,True
esp32_device_001,2026-04-29T10:14:41.401408+12:00,20.8,-36.914882,174.839321,1,True
esp32_device_001,2026-04-29T10:14:41.436620+12:00,20.8,-36.914817,174.839676,1,True
esp32_device_001,2026-04-29T10:14:41.471831+12:00,20.9,-36.914805,174.839741,1,True
esp32_device_001,2026-04-29T10:14:41.507042+12:00,20.9,-36.914777,174.839867,1,True
esp32_device_001,2026-04-29T10:14:41.542254+12:00,20.9,-36.914849,174.839905,1,True
esp32_device_001,2026-04-29T10:14:41.577465+12:00,20.9,-36.914915,174.839941,1,True
esp32_device_001,2026-04-29T10:14:41.612676+12:00,20.9,-36.914930,174.839950,1,True
esp32_device_001,2026-04-29T10:14:41.647887+12:00,20.9,-36.915005,174.839985,1,True
esp32_device_001,2026-04-29T10:14:41.683099+12:00,20.9,-36.915041,174.839997,1,True
esp32_device_001,2026-04-29T10:14:41.718310+12:00,20.9,-36.915089,174.840012,1,True
esp32_device_001,2026-04-29T10:14:41.753521+12:00,20.9,-36.915337,174.840074,1,True
esp32_device_001,2026-04-29T10:14:41.788732+12:00,20.9,-36.915404,174.840089,1,True
esp32_device_001,2026-04-29T10:14:41.823944+12:00,21.0,-36.915418,174.840014,1,True
esp32_device_001,2026-04-29T10:14:41.859155+12:00,21.0,-36.915449,174.839855,1,True
esp32_device_001,2026-04-29T10:14:41.894366+12:00,21.0,-36.915479,174.839858,1,True
esp32_device_001,2026-04-29T10:14:41.929577+12:00,21.0,-36.915837,174.839970,1,True
esp32_device_001,2026-04-29T10:14:41.964789+12:00,21.0,-36.915883,174.839718,1,True
esp32_device_001,2026-04-29T10:14:42+12:00,21,-36.915596,174.839645,1,False
esp32_device_001,2026-04-29T10:14:42.555556+12:00,21.2,-36.915398,174.839585,1,True
esp32_device_001,2026-04-29T10:14:43.111111+12:00,21.4,-36.915354,174.839828,1,True
esp32_device_001,2026-04-29T10:14:43.666667+12:00,21.6,-36.915449,174.839855,1,True
esp32_device_001,2026-04-29T10:14:44.222222+12:00,21.8,-36.915418,174.840014,1,True
esp32_device_001,2026-04-29T10:14:44.777778+12:00,21.9,-36.915404,174.840089,1,True
esp32_device_001,2026-04-29T10:14:45.333333+12:00,22.1,-36.915378,174.840222,1,True
esp32_device_001,2026-04-29T10:14:45.888889+12:00,22.3,-36.915370,174.840264,1,True
esp32_device_001,2026-04-29T10:14:46.444444+12:00,22.5,-36.915277,174.840812,1,True
esp32_device_001,2026-04-29T10:14:47+12:00,22.7,-36.915417,174.840836,1,False
esp32_device_001,2026-04-29T10:14:47.028409+12:00,22.7,-36.915550,174.840910,1,True
esp32_device_001,2026-04-29T10:14:47.056818+12:00,22.7,-36.915601,174.840926,1,True
esp32_device_001,2026-04-29T10:14:47.085227+12:00,22.7,-36.915706,174.840958,1,True
esp32_device_001,2026-04-29T10:14:47.113636+12:00,22.7,-36.915866,174.841006,1,True
esp32_device_001,2026-04-29T10:14:47.142045+12:00,22.7,-36.916011,174.841052,1,True
esp32_device_001,2026-04-29T10:14:47.170455+12:00,22.7,-36.916071,174.841066,1,True
esp32_device_001,2026-04-29T10:14:47.198864+12:00,22.7,-36.916078,174.841068,1,True
esp32_device_001,2026-04-29T10:14:47.227273+12:00,22.8,-36.916145,174.841093,1,True
esp32_device_001,2026-04-29T10:14:47.255682+12:00,22.8,-36.916156,174.841022,1,True
esp32_device_001,2026-04-29T10:14:47.284091+12:00,22.8,-36.916202,174.840759,1,True
esp32_device_001,2026-04-29T10:14:47.312500+12:00,22.8,-36.916243,174.840574,1,True
esp32_device_001,2026-04-29T10:14:47.340909+12:00,22.8,-36.916290,174.840453,1,True
esp32_device_001,2026-04-29T10:14:47.369318+12:00,22.8,-36.916321,174.840366,1,True
esp32_device_001,2026-04-29T10:14:47.397727+12:00,22.8,-36.916346,174.840361,1,True
esp32_device_001,2026-04-29T10:14:47.426136+12:00,22.8,-36.916369,174.840349,1,True
esp32_device_001,2026-04-29T10:14:47.454545+12:00,22.8,-36.916393,174.840323,1,True
esp32_device_001,2026-04-29T10:14:47.482955+12:00,22.8,-36.916409,174.840289,1,True
esp32_device_001,2026-04-29T10:14:47.511364+12:00,22.8,-36.916415,174.840251,1,True
esp32_device_001,2026-04-29T10:14:47.539773+12:00,22.8,-36.916412,174.840212,1,True
esp32_device_001,2026-04-29T10:14:47.568182+12:00,22.8,-36.916398,174.840176,1,True
esp32_device_001,2026-04-29T10:14:47.596591+12:00,22.8,-36.916388,174.840021,1,True
esp32_device_001,2026-04-29T10:14:47.625000+12:00,22.8,-36.916385,174.839958,1,True
esp32_device_001,2026-04-29T10:14:47.653409+12:00,22.9,-36.916394,174.839882,1,True
esp32_device_001,2026-04-29T10:14:47.681818+12:00,22.9,-36.916398,174.839850,1,True
esp32_device_001,2026-04-29T10:14:47.710227+12:00,22.9,-36.916453,174.839701,1,True
esp32_device_001,2026-04-29T10:14:47.738636+12:00,22.9,-36.916497,174.839594,1,True
esp32_device_001,2026-04-29T10:14:47.767045+12:00,22.9,-36.916523,174.839552,1,True
esp32_device_001,2026-04-29T10:14:47.795455+12:00,22.9,-36.916530,174.839540,1,True
esp32_device_001,2026-04-29T10:14:47.823864+12:00,22.9,-36.916564,174.839486,1,True
esp32_device_001,2026-04-29T10:14:47.852273+12:00,22.9,-36.916578,174.839469,1,True
esp32_device_001,2026-04-29T10:14:47.880682+12:00,22.9,-36.916604,174.839455,1,True
esp32_device_001,2026-04-29T10:14:47.909091+12:00,22.9,-36.916691,174.839424,1,True
esp32_device_001,2026-04-29T10:14:47.937500+12:00,22.9,-36.917307,174.839627,1,True
esp32_device_001,2026-04-29T10:14:47.965909+12:00,22.9,-36.917813,174.839767,1,True
esp32_device_001,2026-04-29T10:14:47.994318+12:00,22.9,-36.918296,174.839901,1,True
esp32_device_001,2026-04-29T10:14:48.022727+12:00,22.9,-36.918413,174.839931,1,True
esp32_device_001,2026-04-29T10:14:48.051136+12:00,23.0,-36.918524,174.839963,1,True
esp32_device_001,2026-04-29T10:14:48.079545+12:00,23.0,-36.919235,174.840151,1,True
esp32_device_001,2026-04-29T10:14:48.107955+12:00,23.0,-36.919412,174.840193,1,True
esp32_device_001,2026-04-29T10:14:48.136364+12:00,23.0,-36.919946,174.840326,1,True
esp32_device_001,2026-04-29T10:14:48.164773+12:00,23.0,-36.920214,174.840396,1,True
esp32_device_001,2026-04-29T10:14:48.193182+12:00,23.0,-36.920483,174.840461,1,True
esp32_device_001,2026-04-29T10:14:48.221591+12:00,23.0,-36.921125,174.840653,1,True
esp32_device_001,2026-04-29T10:14:48.250000+12:00,23.0,-36.921273,174.840695,1,True
esp32_device_001,2026-04-29T10:14:48.278409+12:00,23.0,-36.921339,174.840574,1,True
esp32_device_001,2026-04-29T10:14:48.306818+12:00,23.0,-36.921388,174.840485,1,True
esp32_device_001,2026-04-29T10:14:48.335227+12:00,23.0,-36.921533,174.840222,1,True
esp32_device_001,2026-04-29T10:14:48.363636+12:00,23.0,-36.921703,174.839903,1,True
esp32_device_001,2026-04-29T10:14:48.392045+12:00,23.0,-36.921869,174.839591,1,True
esp32_device_001,2026-04-29T10:14:48.420455+12:00,23.0,-36.922033,174.839281,1,True
esp32_device_001,2026-04-29T10:14:48.448864+12:00,23.0,-36.922126,174.839106,1,True
esp32_device_001,2026-04-29T10:14:48.477273+12:00,23.1,-36.922158,174.839046,1,True
esp32_device_001,2026-04-29T10:14:48.505682+12:00,23.1,-36.922247,174.838876,1,True
esp32_device_001,2026-04-29T10:14:48.534091+12:00,23.1,-36.922277,174.838819,1,True
esp32_device_001,2026-04-29T10:14:48.562500+12:00,23.1,-36.922409,174.838574,1,True
esp32_device_001,2026-04-29T10:14:48.590909+12:00,23.1,-36.922533,174.838344,1,True
esp32_device_001,2026-04-29T10:14:48.619318+12:00,23.1,-36.923013,174.837453,1,True
esp32_device_001,2026-04-29T10:14:48.647727+12:00,23.1,-36.923105,174.837283,1,True
esp32_device_001,2026-04-29T10:14:48.676136+12:00,23.1,-36.923233,174.837047,1,True
esp32_device_001,2026-04-29T10:14:48.704545+12:00,23.1,-36.923574,174.836414,1,True
esp32_device_001,2026-04-29T10:14:48.732955+12:00,23.1,-36.923862,174.835878,1,True
esp32_device_001,2026-04-29T10:14:48.761364+12:00,23.1,-36.924104,174.835428,1,True
esp32_device_001,2026-04-29T10:14:48.789773+12:00,23.1,-36.924157,174.835317,1,True
esp32_device_001,2026-04-29T10:14:48.818182+12:00,23.1,-36.924219,174.835177,1,True
esp32_device_001,2026-04-29T10:14:48.846591+12:00,23.1,-36.924331,174.834842,1,True
esp32_device_001,2026-04-29T10:14:48.875000+12:00,23.1,-36.924518,174.834257,1,True
esp32_device_001,2026-04-29T10:14:48.903409+12:00,23.2,-36.924543,174.834182,1,True
esp32_device_001,2026-04-29T10:14:48.931818+12:00,23.2,-36.924813,174.833395,1,True
esp32_device_001,2026-04-29T10:14:48.960227+12:00,23.2,-36.924854,174.833259,1,True
esp32_device_001,2026-04-29T10:14:48.988636+12:00,23.2,-36.924908,174.833089,1,True
esp32_device_001,2026-04-29T10:14:49.017045+12:00,23.2,-36.924937,174.833007,1,True
esp32_device_001,2026-04-29T10:14:49.045455+12:00,23.2,-36.925023,174.832723,1,True
esp32_device_001,2026-04-29T10:14:49.073864+12:00,23.2,-36.925092,174.832486,1,True
esp32_device_001,2026-04-29T10:14:49.102273+12:00,23.2,-36.925103,174.832435,1,True
esp32_device_001,2026-04-29T10:14:49.130682+12:00,23.2,-36.925114,174.832393,1,True
esp32_device_001,2026-04-29T10:14:49.159091+12:00,23.2,-36.925139,174.832303,1,True
esp32_device_001,2026-04-29T10:14:49.187500+12:00,23.2,-36.925173,174.832165,1,True
esp32_device_001,2026-04-29T10:14:49.215909+12:00,23.2,-36.925128,174.832106,1,True
esp32_device_001,2026-04-29T10:14:49.244318+12:00,23.2,-36.924965,174.831904,1,True
esp32_device_001,2026-04-29T10:14:49.272727+12:00,23.2,-36.924927,174.831849,1,True
esp32_device_001,2026-04-29T10:14:49.301136+12:00,23.3,-36.924805,174.831673,1,True
esp32_device_001,2026-04-29T10:14:49.329545+12:00,23.3,-36.924628,174.831445,1,True
esp32_device_001,2026-04-29T10:14:49.357955+12:00,23.3,-36.924570,174.831373,1,True
esp32_device_001,2026-04-29T10:14:49.386364+12:00,23.3,-36.924321,174.831067,1,True
esp32_device_001,2026-04-29T10:14:49.414773+12:00,23.3,-36.924274,174.831011,1,True
esp32_device_001,2026-04-29T10:14:49.443182+12:00,23.3,-36.924051,174.830767,1,True
esp32_device_001,2026-04-29T10:14:49.471591+12:00,23.3,-36.923959,174.830665,1,True
esp32_device_001,2026-04-29T10:14:49.500000+12:00,23.3,-36.923886,174.830590,1,True
esp32_device_001,2026-04-29T10:14:49.528409+12:00,23.3,-36.923840,174.830551,1,True
esp32_device_001,2026-04-29T10:14:49.556818+12:00,23.3,-36.923792,174.830511,1,True
esp32_device_001,2026-04-29T10:14:49.585227+12:00,23.3,-36.923388,174.830172,1,True
esp32_device_001,2026-04-29T10:14:49.613636+12:00,23.3,-36.923264,174.830068,1,True
esp32_device_001,2026-04-29T10:14:49.642045+12:00,23.3,-36.922919,174.829784,1,True
esp32_device_001,2026-04-29T10:14:49.670455+12:00,23.3,-36.922581,174.829494,1,True
esp32_device_001,2026-04-29T10:14:49.698864+12:00,23.3,-36.922503,174.829434,1,True
esp32_device_001,2026-04-29T10:14:49.727273+12:00,23.4,-36.922466,174.829403,1,True
esp32_device_001,2026-04-29T10:14:49.755682+12:00,23.4,-36.922351,174.829306,1,True
esp32_device_001,2026-04-29T10:14:49.784091+12:00,23.4,-36.922305,174.829269,1,True
esp32_device_001,2026-04-29T10:14:49.812500+12:00,23.4,-36.922260,174.829233,1,True
esp32_device_001,2026-04-29T10:14:49.840909+12:00,23.4,-36.922169,174.829160,1,True
esp32_device_001,2026-04-29T10:14:49.869318+12:00,23.4,-36.922010,174.829014,1,True
esp32_device_001,2026-04-29T10:14:49.897727+12:00,23.4,-36.921824,174.828860,1,True
esp32_device_001,2026-04-29T10:14:49.926136+12:00,23.4,-36.921119,174.828263,1,True
esp32_device_001,2026-04-29T10:14:49.954545+12:00,23.4,-36.920491,174.827733,1,True
esp32_device_001,2026-04-29T10:14:49.982955+12:00,23.4,-36.920114,174.827416,1,True
esp32_device_001,2026-04-29T10:14:50.011364+12:00,23.4,-36.920057,174.827367,1,True
esp32_device_001,2026-04-29T10:14:50.039773+12:00,23.4,-36.919844,174.827193,1,True
esp32_device_001,2026-04-29T10:14:50.068182+12:00,23.4,-36.919650,174.827030,1,True
esp32_device_001,2026-04-29T10:14:50.096591+12:00,23.4,-36.919343,174.826770,1,True
esp32_device_001,2026-04-29T10:14:50.125000+12:00,23.4,-36.919208,174.826653,1,True
esp32_device_001,2026-04-29T10:14:50.153409+12:00,23.5,-36.919049,174.826506,1,True
esp32_device_001,2026-04-29T10:14:50.181818+12:00,23.5,-36.918940,174.826406,1,True
esp32_device_001,2026-04-29T10:14:50.210227+12:00,23.5,-36.918882,174.826347,1,True
esp32_device_001,2026-04-29T10:14:50.238636+12:00,23.5,-36.918803,174.826268,1,True
esp32_device_001,2026-04-29T10:14:50.267045+12:00,23.5,-36.918717,174.826181,1,True
esp32_device_001,2026-04-29T10:14:50.295455+12:00,23.5,-36.918705,174.826169,1,True
esp32_device_001,2026-04-29T10:14:50.323864+12:00,23.5,-36.918620,174.826072,1,True
esp32_device_001,2026-04-29T10:14:50.352273+12:00,23.5,-36.918536,174.825970,1,True
esp32_device_001,2026-04-29T10:14:50.380682+12:00,23.5,-36.918454,174.825871,1,True
esp32_device_001,2026-04-29T10:14:50.409091+12:00,23.5,-36.917932,174.825231,1,True
esp32_device_001,2026-04-29T10:14:50.437500+12:00,23.5,-36.917579,174.824810,1,True
esp32_device_001,2026-04-29T10:14:50.465909+12:00,23.5,-36.917507,174.824668,1,True
esp32_device_001,2026-04-29T10:14:50.494318+12:00,23.5,-36.917408,174.824540,1,True
esp32_device_001,2026-04-29T10:14:50.522727+12:00,23.5,-36.917263,174.824363,1,True
esp32_device_001,2026-04-29T10:14:50.551136+12:00,23.6,-36.917247,174.824345,1,True
esp32_device_001,2026-04-29T10:14:50.579545+12:00,23.6,-36.917172,174.824256,1,True
esp32_device_001,2026-04-29T10:14:50.607955+12:00,23.6,-36.917080,174.824137,1,True
esp32_device_001,2026-04-29T10:14:50.636364+12:00,23.6,-36.917035,174.824186,1,True
esp32_device_001,2026-04-29T10:14:50.664773+12:00,23.6,-36.916971,174.824253,1,True
esp32_device_001,2026-04-29T10:14:50.693182+12:00,23.6,-36.916894,174.824342,1,True
esp32_device_001,2026-04-29T10:14:50.721591+12:00,23.6,-36.916664,174.824607,1,True
esp32_device_001,2026-04-29T10:14:50.750000+12:00,23.6,-36.916271,174.825066,1,True
esp32_device_001,2026-04-29T10:14:50.778409+12:00,23.6,-36.916121,174.825267,1,True
esp32_device_001,2026-04-29T10:14:50.806818+12:00,23.6,-36.915961,174.825539,1,True
esp32_device_001,2026-04-29T10:14:50.835227+12:00,23.6,-36.915853,174.825763,1,True
esp32_device_001,2026-04-29T10:14:50.863636+12:00,23.6,-36.915792,174.825903,1,True
esp32_device_001,2026-04-29T10:14:50.892045+12:00,23.6,-36.915760,174.825999,1,True
esp32_device_001,2026-04-29T10:14:50.920455+12:00,23.6,-36.915732,174.826085,1,True
esp32_device_001,2026-04-29T10:14:50.948864+12:00,23.6,-36.915654,174.826352,1,True
esp32_device_001,2026-04-29T10:14:50.977273+12:00,23.7,-36.915633,174.826444,1,True
esp32_device_001,2026-04-29T10:14:51.005682+12:00,23.7,-36.915614,174.826538,1,True
esp32_device_001,2026-04-29T10:14:51.034091+12:00,23.7,-36.915585,174.826706,1,True
esp32_device_001,2026-04-29T10:14:51.062500+12:00,23.7,-36.915567,174.826867,1,True
esp32_device_001,2026-04-29T10:14:51.090909+12:00,23.7,-36.915560,174.827041,1,True
esp32_device_001,2026-04-29T10:14:51.119318+12:00,23.7,-36.915562,174.827395,1,True
esp32_device_001,2026-04-29T10:14:51.147727+12:00,23.7,-36.915590,174.827647,1,True
esp32_device_001,2026-04-29T10:14:51.176136+12:00,23.7,-36.915628,174.827860,1,True
esp32_device_001,2026-04-29T10:14:51.204545+12:00,23.7,-36.915681,174.828086,1,True
esp32_device_001,2026-04-29T10:14:51.232955+12:00,23.7,-36.915745,174.828285,1,True
esp32_device_001,2026-04-29T10:14:51.261364+12:00,23.7,-36.916989,174.831799,1,True
esp32_device_001,2026-04-29T10:14:51.289773+12:00,23.7,-36.917042,174.832027,1,True
esp32_device_001,2026-04-29T10:14:51.318182+12:00,23.7,-36.917079,174.832270,1,True
esp32_device_001,2026-04-29T10:14:51.346591+12:00,23.7,-36.917100,174.832488,1,True
esp32_device_001,2026-04-29T10:14:51.375000+12:00,23.8,-36.917102,174.832721,1,True
esp32_device_001,2026-04-29T10:14:51.403409+12:00,23.8,-36.917094,174.832992,1,True
esp32_device_001,2026-04-29T10:14:51.431818+12:00,23.8,-36.917062,174.833270,1,True
esp32_device_001,2026-04-29T10:14:51.460227+12:00,23.8,-36.917016,174.833497,1,True
esp32_device_001,2026-04-29T10:14:51.488636+12:00,23.8,-36.916947,174.833744,1,True
esp32_device_001,2026-04-29T10:14:51.517045+12:00,23.8,-36.916825,174.834051,1,True
esp32_device_001,2026-04-29T10:14:51.545455+12:00,23.8,-36.916599,174.834529,1,True
esp32_device_001,2026-04-29T10:14:51.573864+12:00,23.8,-36.916474,174.834801,1,True
esp32_device_001,2026-04-29T10:14:51.602273+12:00,23.8,-36.916415,174.834944,1,True
esp32_device_001,2026-04-29T10:14:51.630682+12:00,23.8,-36.916314,174.835188,1,True
esp32_device_001,2026-04-29T10:14:51.659091+12:00,23.8,-36.916124,174.835794,1,True
esp32_device_001,2026-04-29T10:14:51.687500+12:00,23.8,-36.916056,174.836078,1,True
esp32_device_001,2026-04-29T10:14:51.715909+12:00,23.8,-36.916003,174.836353,1,True
esp32_device_001,2026-04-29T10:14:51.744318+12:00,23.8,-36.915975,174.836504,1,True
esp32_device_001,2026-04-29T10:14:51.772727+12:00,23.8,-36.915952,174.836666,1,True
esp32_device_001,2026-04-29T10:14:51.801136+12:00,23.9,-36.915922,174.836990,1,True
esp32_device_001,2026-04-29T10:14:51.829545+12:00,23.9,-36.915905,174.837199,1,True
esp32_device_001,2026-04-29T10:14:51.857955+12:00,23.9,-36.915897,174.837363,1,True
esp32_device_001,2026-04-29T10:14:51.886364+12:00,23.9,-36.915870,174.837757,1,True
esp32_device_001,2026-04-29T10:14:51.914773+12:00,23.9,-36.915839,174.838050,1,True
esp32_device_001,2026-04-29T10:14:51.943182+12:00,23.9,-36.915732,174.838639,1,True
esp32_device_001,2026-04-29T10:14:51.971591+12:00,23.9,-36.915207,174.841879,1,True
esp32_device_001,2026-04-29T10:14:52+12:00,23.9,-36.915207,174.842087,1,False
esp32_device_001,2026-04-29T10:14:53+12:00,23.4,-36.915151,174.842275,1,True
esp32_device_001,2026-04-29T10:14:54+12:00,23.0,-36.915149,174.842438,1,True
esp32_device_001,2026-04-29T10:14:55+12:00,22.5,-36.915145,174.842772,1,True
esp32_device_001,2026-04-29T10:14:56+12:00,22.1,-36.915162,174.843016,1,True
esp32_device_001,2026-04-29T10:14:57+12:00,21.6,-36.915199,174.843292,1,False
esp32_device_001,2026-04-29T10:14:57.833333+12:00,20.5,-36.915187,174.843314,1,True
esp32_device_001,2026-04-29T10:14:58.666667+12:00,19.3,-36.915221,174.843545,1,True
esp32_device_001,2026-04-29T10:14:59.500000+12:00,18.1,-36.915283,174.843914,1,True
esp32_device_001,2026-04-29T10:15:00.333333+12:00,17.0,-36.915304,174.844003,1,True
esp32_device_001,2026-04-29T10:15:01.166667+12:00,15.8,-36.915355,174.844353,1,True
esp32_device_001,2026-04-29T10:15:02+12:00,14.7,-36.915394,174.844452,1,False
esp32_device_001,2026-04-29T10:15:03+12:00,14.7,-36.915370,174.844513,1,True
esp32_device_001,2026-04-29T10:15:04+12:00,14.7,-36.915379,174.844814,1,True
esp32_device_001,2026-04-29T10:15:05+12:00,14.8,-36.915361,174.845205,1,True
esp32_device_001,2026-04-29T10:15:06+12:00,14.8,-36.915343,174.845394,1,True
esp32_device_001,2026-04-29T10:15:07+12:00,14.8,-36.915379,174.845428,1,False
esp32_device_001,2026-04-29T10:15:08.666667+12:00,15.1,-36.915316,174.845586,1,True
esp32_device_001,2026-04-29T10:15:10.333333+12:00,15.4,-36.915266,174.845843,1,True
esp32_device_001,2026-04-29T10:15:12+12:00,15.7,-36.915291,174.845932,1,False
esp32_device_001,2026-04-29T10:15:17+12:00,15.3,-36.915249,174.8461,1,False
esp32_device_001,2026-04-29T10:15:17.025381+12:00,15.3,-36.915162,174.846212,1,True
esp32_device_001,2026-04-29T10:15:17.050761+12:00,15.3,-36.915155,174.846235,1,True
esp32_device_001,2026-04-29T10:15:17.076142+12:00,15.3,-36.915098,174.846408,1,True
esp32_device_001,2026-04-29T10:15:17.101523+12:00,15.3,-36.915050,174.846577,1,True
esp32_device_001,2026-04-29T10:15:17.126904+12:00,15.3,-36.914922,174.847026,1,True
esp32_device_001,2026-04-29T10:15:17.152284+12:00,15.3,-36.914775,174.847584,1,True
esp32_device_001,2026-04-29T10:15:17.177665+12:00,15.3,-36.914699,174.847886,1,True
esp32_device_001,2026-04-29T10:15:17.203046+12:00,15.3,-36.914492,174.848801,1,True
esp32_device_001,2026-04-29T10:15:17.228426+12:00,15.3,-36.914446,174.849060,1,True
esp32_device_001,2026-04-29T10:15:17.253807+12:00,15.3,-36.914408,174.849354,1,True
esp32_device_001,2026-04-29T10:15:17.279188+12:00,15.3,-36.914375,174.849742,1,True
esp32_device_001,2026-04-29T10:15:17.304569+12:00,15.3,-36.914366,174.849966,1,True
esp32_device_001,2026-04-29T10:15:17.329949+12:00,15.3,-36.914362,174.850189,1,True
esp32_device_001,2026-04-29T10:15:17.355330+12:00,15.3,-36.914352,174.850412,1,True
esp32_device_001,2026-04-29T10:15:17.380711+12:00,15.3,-36.914332,174.850612,1,True
esp32_device_001,2026-04-29T10:15:17.406091+12:00,15.3,-36.914293,174.850819,1,True
esp32_device_001,2026-04-29T10:15:17.431472+12:00,15.3,-36.914248,174.850986,1,True
esp32_device_001,2026-04-29T10:15:17.456853+12:00,15.3,-36.914195,174.851137,1,True
esp32_device_001,2026-04-29T10:15:17.482234+12:00,15.3,-36.914132,174.851284,1,True
esp32_device_001,2026-04-29T10:15:17.507614+12:00,15.4,-36.914050,174.851441,1,True
esp32_device_001,2026-04-29T10:15:17.532995+12:00,15.4,-36.913951,174.851589,1,True
esp32_device_001,2026-04-29T10:15:17.558376+12:00,15.4,-36.913852,174.851721,1,True
esp32_device_001,2026-04-29T10:15:17.583756+12:00,15.4,-36.913739,174.851842,1,True
esp32_device_001,2026-04-29T10:15:17.609137+12:00,15.4,-36.913607,174.851961,1,True
esp32_device_001,2026-04-29T10:15:17.634518+12:00,15.4,-36.913450,174.852074,1,True
esp32_device_001,2026-04-29T10:15:17.659898+12:00,15.4,-36.913348,174.852130,1,True
esp32_device_001,2026-04-29T10:15:17.685279+12:00,15.4,-36.913231,174.852178,1,True
esp32_device_001,2026-04-29T10:15:17.710660+12:00,15.4,-36.913120,174.852216,1,True
esp32_device_001,2026-04-29T10:15:17.736041+12:00,15.4,-36.912811,174.852297,1,True
esp32_device_001,2026-04-29T10:15:17.761421+12:00,15.4,-36.912593,174.852344,1,True
esp32_device_001,2026-04-29T10:15:17.786802+12:00,15.4,-36.912466,174.852377,1,True
esp32_device_001,2026-04-29T10:15:17.812183+12:00,15.4,-36.912329,174.852419,1,True
esp32_device_001,2026-04-29T10:15:17.837563+12:00,15.4,-36.912189,174.852469,1,True
esp32_device_001,2026-04-29T10:15:17.862944+12:00,15.4,-36.912080,174.852519,1,True
esp32_device_001,2026-04-29T10:15:17.888325+12:00,15.4,-36.911965,174.852583,1,True
esp32_device_001,2026-04-29T10:15:17.913706+12:00,15.4,-36.911836,174.852669,1,True
esp32_device_001,2026-04-29T10:15:17.939086+12:00,15.4,-36.911692,174.852787,1,True
esp32_device_001,2026-04-29T10:15:17.964467+12:00,15.4,-36.911543,174.852921,1,True
esp32_device_001,2026-04-29T10:15:17.989848+12:00,15.4,-36.911470,174.853001,1,True
esp32_device_001,2026-04-29T10:15:18.015228+12:00,15.4,-36.911444,174.853031,1,True
esp32_device_001,2026-04-29T10:15:18.040609+12:00,15.4,-36.911394,174.853089,1,True
esp32_device_001,2026-04-29T10:15:18.065990+12:00,15.4,-36.911338,174.853179,1,True
esp32_device_001,2026-04-29T10:15:18.091371+12:00,15.4,-36.911289,174.853269,1,True
esp32_device_001,2026-04-29T10:15:18.116751+12:00,15.4,-36.911231,174.853382,1,True
esp32_device_001,2026-04-29T10:15:18.142132+12:00,15.4,-36.911172,174.853509,1,True
esp32_device_001,2026-04-29T10:15:18.167513+12:00,15.4,-36.911116,174.853645,1,True
esp32_device_001,2026-04-29T10:15:18.192893+12:00,15.4,-36.911061,174.853828,1,True
esp32_device_001,2026-04-29T10:15:18.218274+12:00,15.4,-36.911016,174.853987,1,True
esp32_device_001,2026-04-29T10:15:18.243655+12:00,15.4,-36.910996,174.854107,1,True
esp32_device_001,2026-04-29T10:15:18.269036+12:00,15.4,-36.910982,174.854230,1,True
esp32_device_001,2026-04-29T10:15:18.294416+12:00,15.4,-36.910965,174.854393,1,True
esp32_device_001,2026-04-29T10:15:18.319797+12:00,15.4,-36.910962,174.854483,1,True
esp32_device_001,2026-04-29T10:15:18.345178+12:00,15.4,-36.910962,174.854595,1,True
esp32_device_001,2026-04-29T10:15:18.370558+12:00,15.4,-36.910979,174.854789,1,True
esp32_device_001,2026-04-29T10:15:18.395939+12:00,15.4,-36.911004,174.854955,1,True
esp32_device_001,2026-04-29T10:15:18.421320+12:00,15.4,-36.911028,174.855084,1,True
esp32_device_001,2026-04-29T10:15:18.446701+12:00,15.4,-36.911068,174.855233,1,True
esp32_device_001,2026-04-29T10:15:18.472081+12:00,15.4,-36.911133,174.855447,1,True
esp32_device_001,2026-04-29T10:15:18.497462+12:00,15.4,-36.911364,174.856086,1,True
esp32_device_001,2026-04-29T10:15:18.522843+12:00,15.5,-36.911539,174.856634,1,True
esp32_device_001,2026-04-29T10:15:18.548223+12:00,15.5,-36.913190,174.861585,1,True
esp32_device_001,2026-04-29T10:15:18.573604+12:00,15.5,-36.913763,174.863322,1,True
esp32_device_001,2026-04-29T10:15:18.598985+12:00,15.5,-36.914071,174.864226,1,True
esp32_device_001,2026-04-29T10:15:18.624365+12:00,15.5,-36.914189,174.864555,1,True
esp32_device_001,2026-04-29T10:15:18.649746+12:00,15.5,-36.914312,174.864888,1,True
esp32_device_001,2026-04-29T10:15:18.675127+12:00,15.5,-36.914538,174.865451,1,True
esp32_device_001,2026-04-29T10:15:18.700508+12:00,15.5,-36.914820,174.866101,1,True
esp32_device_001,2026-04-29T10:15:18.725888+12:00,15.5,-36.914850,174.866240,1,True
esp32_device_001,2026-04-29T10:15:18.751269+12:00,15.5,-36.914913,174.866428,1,True
esp32_device_001,2026-04-29T10:15:18.776650+12:00,15.5,-36.914985,174.866616,1,True
esp32_device_001,2026-04-29T10:15:18.802030+12:00,15.5,-36.915098,174.866880,1,True
esp32_device_001,2026-04-29T10:15:18.827411+12:00,15.5,-36.915175,174.867086,1,True
esp32_device_001,2026-04-29T10:15:18.852792+12:00,15.5,-36.915198,174.867154,1,True
esp32_device_001,2026-04-29T10:15:18.878173+12:00,15.5,-36.915219,174.867225,1,True
esp32_device_001,2026-04-29T10:15:18.903553+12:00,15.5,-36.915256,174.867365,1,True
esp32_device_001,2026-04-29T10:15:18.928934+12:00,15.5,-36.915302,174.867570,1,True
esp32_device_001,2026-04-29T10:15:18.954315+12:00,15.5,-36.915351,174.867795,1,True
esp32_device_001,2026-04-29T10:15:18.979695+12:00,15.5,-36.915377,174.867981,1,True
esp32_device_001,2026-04-29T10:15:19.005076+12:00,15.5,-36.915397,174.868171,1,True
esp32_device_001,2026-04-29T10:15:19.030457+12:00,15.5,-36.915421,174.868425,1,True
esp32_device_001,2026-04-29T10:15:19.055838+12:00,15.5,-36.915429,174.868541,1,True
esp32_device_001,2026-04-29T10:15:19.081218+12:00,15.5,-36.915432,174.868679,1,True
esp32_device_001,2026-04-29T10:15:19.106599+12:00,15.5,-36.915424,174.868810,1,True
esp32_device_001,2026-04-29T10:15:19.131980+12:00,15.5,-36.915411,174.868956,1,True
esp32_device_001,2026-04-29T10:15:19.157360+12:00,15.5,-36.915388,174.869109,1,True
esp32_device_001,2026-04-29T10:15:19.182741+12:00,15.5,-36.915354,174.869286,1,True
esp32_device_001,2026-04-29T10:15:19.208122+12:00,15.5,-36.915329,174.869410,1,True
esp32_device_001,2026-04-29T10:15:19.233503+12:00,15.5,-36.915296,174.869555,1,True
esp32_device_001,2026-04-29T10:15:19.258883+12:00,15.5,-36.915264,174.869683,1,True
esp32_device_001,2026-04-29T10:15:19.284264+12:00,15.5,-36.915221,174.869818,1,True
esp32_device_001,2026-04-29T10:15:19.309645+12:00,15.5,-36.915171,174.869974,1,True
esp32_device_001,2026-04-29T10:15:19.335025+12:00,15.5,-36.915055,174.870272,1,True
esp32_device_001,2026-04-29T10:15:19.360406+12:00,15.5,-36.915022,174.870437,1,True
esp32_device_001,2026-04-29T10:15:19.385787+12:00,15.5,-36.914964,174.870584,1,True
esp32_device_001,2026-04-29T10:15:19.411168+12:00,15.5,-36.914952,174.870625,1,True
esp32_device_001,2026-04-29T10:15:19.436548+12:00,15.5,-36.914916,174.870742,1,True
esp32_device_001,2026-04-29T10:15:19.461929+12:00,15.5,-36.914907,174.870814,1,True
esp32_device_001,2026-04-29T10:15:19.487310+12:00,15.5,-36.914906,174.870877,1,True
esp32_device_001,2026-04-29T10:15:19.512690+12:00,15.6,-36.914909,174.870913,1,True
esp32_device_001,2026-04-29T10:15:19.538071+12:00,15.6,-36.914928,174.870937,1,True
esp32_device_001,2026-04-29T10:15:19.563452+12:00,15.6,-36.914945,174.870957,1,True
esp32_device_001,2026-04-29T10:15:19.588832+12:00,15.6,-36.914996,174.871019,1,True
esp32_device_001,2026-04-29T10:15:19.614213+12:00,15.6,-36.915056,174.871011,1,True
esp32_device_001,2026-04-29T10:15:19.639594+12:00,15.6,-36.915089,174.870997,1,True
esp32_device_001,2026-04-29T10:15:19.664975+12:00,15.6,-36.915119,174.870974,1,True
esp32_device_001,2026-04-29T10:15:19.690355+12:00,15.6,-36.915171,174.870920,1,True
esp32_device_001,2026-04-29T10:15:19.715736+12:00,15.6,-36.915202,174.870888,1,True
esp32_device_001,2026-04-29T10:15:19.741117+12:00,15.6,-36.915358,174.870639,1,True
esp32_device_001,2026-04-29T10:15:19.766497+12:00,15.6,-36.915451,174.870455,1,True
esp32_device_001,2026-04-29T10:15:19.791878+12:00,15.6,-36.915563,174.870237,1,True
esp32_device_001,2026-04-29T10:15:19.817259+12:00,15.6,-36.915664,174.870047,1,True
esp32_device_001,2026-04-29T10:15:19.842640+12:00,15.6,-36.915741,174.869878,1,True
esp32_device_001,2026-04-29T10:15:19.868020+12:00,15.6,-36.915797,174.869740,1,True
esp32_device_001,2026-04-29T10:15:19.893401+12:00,15.6,-36.915845,174.869594,1,True
esp32_device_001,2026-04-29T10:15:19.918782+12:00,15.6,-36.915883,174.869442,1,True
esp32_device_001,2026-04-29T10:15:19.944162+12:00,15.6,-36.915905,174.869339,1,True
esp32_device_001,2026-04-29T10:15:19.969543+12:00,15.6,-36.915918,174.869263,1,True
esp32_device_001,2026-04-29T10:15:19.994924+12:00,15.6,-36.915924,174.869228,1,True
esp32_device_001,2026-04-29T10:15:20.020305+12:00,15.6,-36.915938,174.869129,1,True
esp32_device_001,2026-04-29T10:15:20.045685+12:00,15.6,-36.915943,174.869051,1,True
esp32_device_001,2026-04-29T10:15:20.071066+12:00,15.6,-36.915947,174.868905,1,True
esp32_device_001,2026-04-29T10:15:20.096447+12:00,15.6,-36.915947,174.868811,1,True
esp32_device_001,2026-04-29T10:15:20.121827+12:00,15.6,-36.915941,174.868693,1,True
esp32_device_001,2026-04-29T10:15:20.147208+12:00,15.6,-36.915922,174.868539,1,True
esp32_device_001,2026-04-29T10:15:20.172589+12:00,15.6,-36.915894,174.868380,1,True
esp32_device_001,2026-04-29T10:15:20.197970+12:00,15.6,-36.915841,174.868161,1,True
esp32_device_001,2026-04-29T10:15:20.223350+12:00,15.6,-36.915795,174.868018,1,True
esp32_device_001,2026-04-29T10:15:20.248731+12:00,15.6,-36.915741,174.867874,1,True
esp32_device_001,2026-04-29T10:15:20.274112+12:00,15.6,-36.915686,174.867743,1,True
esp32_device_001,2026-04-29T10:15:20.299492+12:00,15.6,-36.915637,174.867623,1,True
esp32_device_001,2026-04-29T10:15:20.324873+12:00,15.6,-36.915589,174.867517,1,True
esp32_device_001,2026-04-29T10:15:20.350254+12:00,15.6,-36.915535,174.867404,1,True
esp32_device_001,2026-04-29T10:15:20.375635+12:00,15.6,-36.915422,174.867195,1,True
esp32_device_001,2026-04-29T10:15:20.401015+12:00,15.6,-36.914923,174.866149,1,True
esp32_device_001,2026-04-29T10:15:20.426396+12:00,15.6,-36.914664,174.865553,1,True
esp32_device_001,2026-04-29T10:15:20.451777+12:00,15.6,-36.914427,174.864980,1,True
esp32_device_001,2026-04-29T10:15:20.477157+12:00,15.6,-36.914362,174.864800,1,True
esp32_device_001,2026-04-29T10:15:20.502538+12:00,15.7,-36.914297,174.864628,1,True
esp32_device_001,2026-04-29T10:15:20.527919+12:00,15.7,-36.914176,174.864291,1,True
esp32_device_001,2026-04-29T10:15:20.553299+12:00,15.7,-36.913807,174.863206,1,True
esp32_device_001,2026-04-29T10:15:20.578680+12:00,15.7,-36.913259,174.861550,1,True
esp32_device_001,2026-04-29T10:15:20.604061+12:00,15.7,-36.911432,174.856051,1,True
esp32_device_001,2026-04-29T10:15:20.629442+12:00,15.7,-36.911260,174.855527,1,True
esp32_device_001,2026-04-29T10:15:20.654822+12:00,15.7,-36.911212,174.855375,1,True
esp32_device_001,2026-04-29T10:15:20.680203+12:00,15.7,-36.911173,174.855207,1,True
esp32_device_001,2026-04-29T10:15:20.705584+12:00,15.7,-36.911144,174.855052,1,True
esp32_device_001,2026-04-29T10:15:20.730964+12:00,15.7,-36.911121,174.854893,1,True
esp32_device_001,2026-04-29T10:15:20.756345+12:00,15.7,-36.911113,174.854819,1,True
esp32_device_001,2026-04-29T10:15:20.781726+12:00,15.7,-36.911102,174.854707,1,True
esp32_device_001,2026-04-29T10:15:20.807107+12:00,15.7,-36.911116,174.854516,1,True
esp32_device_001,2026-04-29T10:15:20.832487+12:00,15.7,-36.911128,174.854413,1,True
esp32_device_001,2026-04-29T10:15:20.857868+12:00,15.7,-36.911142,174.854297,1,True
esp32_device_001,2026-04-29T10:15:20.883249+12:00,15.7,-36.911161,174.854182,1,True
esp32_device_001,2026-04-29T10:15:20.908629+12:00,15.7,-36.911222,174.853908,1,True
esp32_device_001,2026-04-29T10:15:20.934010+12:00,15.7,-36.911289,174.853726,1,True
esp32_device_001,2026-04-29T10:15:20.959391+12:00,15.7,-36.911372,174.853522,1,True
esp32_device_001,2026-04-29T10:15:20.984772+12:00,15.7,-36.911460,174.853362,1,True
esp32_device_001,2026-04-29T10:15:21.010152+12:00,15.7,-36.911538,174.853239,1,True
esp32_device_001,2026-04-29T10:15:21.035533+12:00,15.7,-36.911640,174.853098,1,True
esp32_device_001,2026-04-29T10:15:21.060914+12:00,15.7,-36.911733,174.852962,1,True
esp32_device_001,2026-04-29T10:15:21.086294+12:00,15.7,-36.911850,174.852844,1,True
esp32_device_001,2026-04-29T10:15:21.111675+12:00,15.7,-36.911932,174.852775,1,True
esp32_device_001,2026-04-29T10:15:21.137056+12:00,15.7,-36.912022,174.852705,1,True
esp32_device_001,2026-04-29T10:15:21.162437+12:00,15.7,-36.912105,174.852649,1,True
esp32_device_001,2026-04-29T10:15:21.187817+12:00,15.7,-36.912167,174.852612,1,True
esp32_device_001,2026-04-29T10:15:21.213198+12:00,15.7,-36.912273,174.852555,1,True
esp32_device_001,2026-04-29T10:15:21.238579+12:00,15.7,-36.912345,174.852524,1,True
esp32_device_001,2026-04-29T10:15:21.263959+12:00,15.7,-36.912417,174.852494,1,True
esp32_device_001,2026-04-29T10:15:21.289340+12:00,15.7,-36.912593,174.852444,1,True
esp32_device_001,2026-04-29T10:15:21.314721+12:00,15.7,-36.913111,174.852335,1,True
esp32_device_001,2026-04-29T10:15:21.340102+12:00,15.7,-36.913237,174.852289,1,True
esp32_device_001,2026-04-29T10:15:21.365482+12:00,15.7,-36.913355,174.852239,1,True
esp32_device_001,2026-04-29T10:15:21.390863+12:00,15.7,-36.913481,174.852170,1,True
esp32_device_001,2026-04-29T10:15:21.416244+12:00,15.7,-36.913600,174.852085,1,True
esp32_device_001,2026-04-29T10:15:21.441624+12:00,15.7,-36.913721,174.851986,1,True
esp32_device_001,2026-04-29T10:15:21.467005+12:00,15.7,-36.913854,174.851853,1,True
esp32_device_001,2026-04-29T10:15:21.492386+12:00,15.7,-36.913961,174.851726,1,True
esp32_device_001,2026-04-29T10:15:21.517766+12:00,15.8,-36.914068,174.851570,1,True
esp32_device_001,2026-04-29T10:15:21.543147+12:00,15.8,-36.914154,174.851425,1,True
esp32_device_001,2026-04-29T10:15:21.568528+12:00,15.8,-36.914231,174.851270,1,True
esp32_device_001,2026-04-29T10:15:21.593909+12:00,15.8,-36.914307,174.851072,1,True
esp32_device_001,2026-04-29T10:15:21.619289+12:00,15.8,-36.914369,174.850849,1,True
esp32_device_001,2026-04-29T10:15:21.644670+12:00,15.8,-36.914402,174.850678,1,True
esp32_device_001,2026-04-29T10:15:21.670051+12:00,15.8,-36.914423,174.850493,1,True
esp32_device_001,2026-04-29T10:15:21.695431+12:00,15.8,-36.914433,174.850286,1,True
esp32_device_001,2026-04-29T10:15:21.720812+12:00,15.8,-36.914448,174.849767,1,True
esp32_device_001,2026-04-29T10:15:21.746193+12:00,15.8,-36.914459,174.849587,1,True
esp32_device_001,2026-04-29T10:15:21.771574+12:00,15.8,-36.914483,174.849409,1,True
esp32_device_001,2026-04-29T10:15:21.796954+12:00,15.8,-36.914550,174.849015,1,True
esp32_device_001,2026-04-29T10:15:21.822335+12:00,15.8,-36.914610,174.848721,1,True
esp32_device_001,2026-04-29T10:15:21.847716+12:00,15.8,-36.914683,174.848412,1,True
esp32_device_001,2026-04-29T10:15:21.873096+12:00,15.8,-36.914743,174.848156,1,True
esp32_device_001,2026-04-29T10:15:21.898477+12:00,15.8,-36.914861,174.847728,1,True
esp32_device_001,2026-04-29T10:15:21.923858+12:00,15.8,-36.915026,174.847161,1,True
esp32_device_001,2026-04-29T10:15:21.949239+12:00,15.8,-36.915176,174.846647,1,True
esp32_device_001,2026-04-29T10:15:21.974619+12:00,15.8,-36.915187,174.846610,1,True
esp32_device_001,2026-04-29T10:15:22+12:00,15.8,-36.915222,174.846451,1,False
esp32_device_001,2026-04-29T10:15:23.250000+12:00,15.4,-36.915237,174.846438,1,True
esp32_device_001,2026-04-29T10:15:24.500000+12:00,15.0,-36.915342,174.846465,1,True
esp32_device_001,2026-04-29T10:15:25.750000+12:00,14.6,-36.915541,174.846513,1,True
esp32_device_001,2026-04-29T10:15:27+12:00,14.2,-36.915546,174.846603,1,False
esp32_device_001,2026-04-29T10:15:28.666667+12:00,13.9,-36.915913,174.846617,1,True
esp32_device_001,2026-04-29T10:15:30.333333+12:00,13.5,-36.916002,174.846639,1,True
esp32_device_001,2026-04-29T10:15:32+12:00,13.2,-36.916027,174.846756,1,False
esp32_device_001,2026-04-29T10:15:33.250000+12:00,13.1,-36.916182,174.846684,1,True
esp32_device_001,2026-04-29T10:15:34.500000+12:00,13.1,-36.916283,174.846736,1,True
esp32_device_001,2026-04-29T10:15:35.750000+12:00,13.1,-36.916316,174.846753,1,True
esp32_device_001,2026-04-29T10:15:37+12:00,13,-36.916508,174.846878,1,False
esp32_device_001,2026-04-29T10:15:38.666667+12:00,13.3,-36.916736,174.846853,1,True
esp32_device_001,2026-04-29T10:15:40.333333+12:00,13.6,-36.916823,174.846874,1,True
esp32_device_001,2026-04-29T10:15:42+12:00,13.9,-36.916889,174.846985,1,False
esp32_device_001,2026-04-29T10:15:47+12:00,10.8,-36.916931,174.847092,1,False
esp32_device_001,2026-04-29T10:15:52+12:00,7.1,-36.916885,174.847229,1,False
esp32_device_001,2026-04-29T10:18:08+12:00,15.8,-36.916851,174.847534,1,False
esp32_device_001,2026-04-29T10:18:13+12:00,15.9,-36.91687,174.847443,1,False
esp32_device_001,2026-04-29T10:18:18+12:00,17.8,-36.916893,174.847244,1,False
esp32_device_001,2026-04-29T10:18:23+12:00,18.5,-36.916954,174.847092,1,False
esp32_device_001,2026-04-29T10:18:28+12:00,16.1,-36.917114,174.847061,1,False
esp32_device_001,2026-04-29T10:18:29+12:00,16.2,-36.917173,174.846962,1,True
esp32_device_001,2026-04-29T10:18:30+12:00,16.3,-36.917214,174.846972,1,True
esp32_device_001,2026-04-29T10:18:31+12:00,16.3,-36.917309,174.846998,1,True
esp32_device_001,2026-04-29T10:18:32+12:00,16.4,-36.917491,174.847045,1,True
esp32_device_001,2026-04-29T10:18:33+12:00,16.5,-36.91753,174.847137,1,False
esp32_device_001,2026-04-29T10:18:34.666667+12:00,16.5,-36.917672,174.847091,1,True
esp32_device_001,2026-04-29T10:18:36.333333+12:00,16.5,-36.917810,174.847130,1,True
esp32_device_001,2026-04-29T10:18:38+12:00,16.5,-36.917866,174.847198,1,False
esp32_device_001,2026-04-29T10:18:43+12:00,16.9,-36.918118,174.847275,1,False
esp32_device_001,2026-04-29T10:18:51.750000+12:00,18.3,-36.918167,174.847228,1,True
esp32_device_001,2026-04-29T10:19:00.500000+12:00,19.7,-36.918195,174.847235,1,True
esp32_device_001,2026-04-29T10:19:09.250000+12:00,21.1,-36.918300,174.847263,1,True
esp32_device_001,2026-04-29T10:19:18+12:00,22.5,-36.918549,174.847382,1,False
esp32_device_001,2026-04-29T10:19:19.666667+12:00,22.0,-36.918637,174.847352,1,True
esp32_device_001,2026-04-29T10:19:21.333333+12:00,21.5,-36.918797,174.847395,1,True
esp32_device_001,2026-04-29T10:19:23+12:00,21,-36.918827,174.847305,1,False
esp32_device_001,2026-04-29T10:19:28+12:00,22.5,-36.918877,174.847046,1,False
esp32_device_001,2026-04-29T10:19:33+12:00,23.9,-36.918907,174.846832,1,False
esp32_device_001,2026-04-29T10:19:35.500000+12:00,24.4,-36.918912,174.846645,1,True
esp32_device_001,2026-04-29T10:19:38+12:00,25,-36.91898,174.846436,1,False
esp32_device_001,2026-04-29T10:19:39.666667+12:00,25.3,-36.918955,174.846359,1,True
esp32_device_001,2026-04-29T10:19:41.333333+12:00,25.5,-36.919029,174.845876,1,True
esp32_device_001,2026-04-29T10:19:43+12:00,25.8,-36.919075,174.84584,1,False
esp32_device_001,2026-04-29T10:19:43.500000+12:00,25.9,-36.919079,174.845888,1,True
esp32_device_001,2026-04-29T10:19:44+12:00,26.0,-36.919128,174.845900,1,True
esp32_device_001,2026-04-29T10:19:44.500000+12:00,26.1,-36.919196,174.845916,1,True
esp32_device_001,2026-04-29T10:19:45+12:00,26.2,-36.919127,174.846397,1,True
esp32_device_001,2026-04-29T10:19:45.500000+12:00,26.3,-36.919007,174.846371,1,True
esp32_device_001,2026-04-29T10:19:46+12:00,26.4,-36.918955,174.846359,1,True
esp32_device_001,2026-04-29T10:19:46.500000+12:00,26.5,-36.919029,174.845876,1,True
esp32_device_001,2026-04-29T10:19:47+12:00,26.6,-36.919122,174.845265,1,True
esp32_device_001,2026-04-29T10:19:47.500000+12:00,26.7,-36.919123,174.845227,1,True
esp32_device_001,2026-04-29T10:19:48+12:00,26.8,-36.919178,174.845123,1,False
esp32_device_001,2026-04-29T10:19:50.500000+12:00,27.5,-36.919243,174.844445,1,True
esp32_device_001,2026-04-29T10:19:53+12:00,28.1,-36.919285,174.844376,1,False
esp32_device_001,2026-04-29T10:19:54.250000+12:00,28.1,-36.919329,174.843866,1,True
esp32_device_001,2026-04-29T10:19:55.500000+12:00,28.1,-36.919333,174.843840,1,True
esp32_device_001,2026-04-29T10:19:56.750000+12:00,28.0,-36.919345,174.843754,1,True
esp32_device_001,2026-04-29T10:19:58+12:00,28,-36.919388,174.843704,1,False
esp32_device_001,2026-04-29T10:19:58.833333+12:00,27.7,-36.919368,174.843665,1,True
esp32_device_001,2026-04-29T10:19:59.666667+12:00,27.4,-36.919389,174.843608,1,True
esp32_device_001,2026-04-29T10:20:00.500000+12:00,27.1,-36.919412,174.843554,1,True
esp32_device_001,2026-04-29T10:20:01.333333+12:00,26.9,-36.919465,174.843475,1,True
esp32_device_001,2026-04-29T10:20:02.166667+12:00,26.6,-36.919493,174.843431,1,True
esp32_device_001,2026-04-29T10:20:03+12:00,26.3,-36.919674,174.843216,1,False
esp32_device_001,2026-04-29T10:20:03.714286+12:00,26.2,-36.919673,174.843195,1,True
esp32_device_001,2026-04-29T10:20:04.428571+12:00,26.0,-36.919691,174.843171,1,True
esp32_device_001,2026-04-29T10:20:05.142857+12:00,25.9,-36.919762,174.843084,1,True
esp32_device_001,2026-04-29T10:20:05.857143+12:00,25.7,-36.919843,174.842979,1,True
esp32_device_001,2026-04-29T10:20:06.571429+12:00,25.6,-36.919931,174.842883,1,True
esp32_device_001,2026-04-29T10:20:07.285714+12:00,25.4,-36.920018,174.842816,1,True
esp32_device_001,2026-04-29T10:20:08+12:00,25.3,-36.920086,174.842758,1,False
esp32_device_001,2026-04-29T10:20:10.500000+12:00,25.1,-36.920378,174.842577,1,True
esp32_device_001,2026-04-29T10:20:13+12:00,24.8,-36.920589,174.842422,1,False
esp32_device_001,2026-04-29T10:20:13.714286+12:00,24.8,-36.920620,174.842441,1,True
esp32_device_001,2026-04-29T10:20:14.428571+12:00,24.8,-36.920710,174.842393,1,True
esp32_device_001,2026-04-29T10:20:15.142857+12:00,24.8,-36.920785,174.842353,1,True
esp32_device_001,2026-04-29T10:20:15.857143+12:00,24.7,-36.920871,174.842303,1,True
esp32_device_001,2026-04-29T10:20:16.571429+12:00,24.7,-36.920945,174.842255,1,True
esp32_device_001,2026-04-29T10:20:17.285714+12:00,24.7,-36.921030,174.842191,1,True
esp32_device_001,2026-04-29T10:20:18+12:00,24.7,-36.921108,174.842102,1,False
esp32_device_001,2026-04-29T10:20:20.500000+12:00,24.1,-36.921393,174.841803,1,True
esp32_device_001,2026-04-29T10:20:23+12:00,23.5,-36.921555,174.841629,1,False
esp32_device_001,2026-04-29T10:20:24+12:00,23.5,-36.921723,174.841432,1,True
esp32_device_001,2026-04-29T10:20:25+12:00,23.4,-36.921791,174.841358,1,True
esp32_device_001,2026-04-29T10:20:26+12:00,23.4,-36.921844,174.841318,1,True
esp32_device_001,2026-04-29T10:20:27+12:00,23.3,-36.921921,174.841270,1,True
esp32_device_001,2026-04-29T10:20:28+12:00,23.3,-36.92197,174.841263,1,False
esp32_device_001,2026-04-29T10:20:33+12:00,24,-36.92218,174.841263,1,False
esp32_device_001,2026-04-29T10:20:38+12:00,24.7,-36.922264,174.841293,1,False
esp32_device_001,2026-04-29T10:20:43+12:00,26,-36.922401,174.841339,1,False
esp32_device_001,2026-04-29T10:20:48+12:00,26.7,-36.922482,174.841385,1,False
esp32_device_001,2026-04-29T10:21:18+12:00,32.3,-36.922722,174.841446,1,False
esp32_device_001,2026-04-29T10:21:18.166667+12:00,32.2,-36.922744,174.841450,1,True
esp32_device_001,2026-04-29T10:21:18.333333+12:00,32.2,-36.922869,174.841482,1,True
esp32_device_001,2026-04-29T10:21:18.500000+12:00,32.1,-36.922930,174.841474,1,True
esp32_device_001,2026-04-29T10:21:18.666667+12:00,32.1,-36.922985,174.841454,1,True
esp32_device_001,2026-04-29T10:21:18.833333+12:00,32.0,-36.923013,174.841435,1,True
esp32_device_001,2026-04-29T10:21:19+12:00,31.9,-36.923088,174.841357,1,True
esp32_device_001,2026-04-29T10:21:19.166667+12:00,31.9,-36.923123,174.841354,1,True
esp32_device_001,2026-04-29T10:21:19.333333+12:00,31.8,-36.923155,174.841339,1,True
esp32_device_001,2026-04-29T10:21:19.500000+12:00,31.8,-36.923189,174.841308,1,True
esp32_device_001,2026-04-29T10:21:19.666667+12:00,31.7,-36.923206,174.841282,1,True
esp32_device_001,2026-04-29T10:21:19.833333+12:00,31.6,-36.923230,174.841237,1,True
esp32_device_001,2026-04-29T10:21:20+12:00,31.6,-36.923248,174.841180,1,True
esp32_device_001,2026-04-29T10:21:20.166667+12:00,31.5,-36.923260,174.841114,1,True
esp32_device_001,2026-04-29T10:21:20.333333+12:00,31.5,-36.923259,174.841055,1,True
esp32_device_001,2026-04-29T10:21:20.500000+12:00,31.4,-36.923250,174.840999,1,True
esp32_device_001,2026-04-29T10:21:20.666667+12:00,31.3,-36.923236,174.840972,1,True
esp32_device_001,2026-04-29T10:21:20.833333+12:00,31.3,-36.923212,174.840945,1,True
esp32_device_001,2026-04-29T10:21:21+12:00,31.2,-36.923182,174.840924,1,True
esp32_device_001,2026-04-29T10:21:21.166667+12:00,31.2,-36.923141,174.840915,1,True
esp32_device_001,2026-04-29T10:21:21.333333+12:00,31.1,-36.923107,174.840919,1,True
esp32_device_001,2026-04-29T10:21:21.500000+12:00,31.0,-36.923074,174.840936,1,True
esp32_device_001,2026-04-29T10:21:21.666667+12:00,31.0,-36.923036,174.840979,1,True
esp32_device_001,2026-04-29T10:21:21.833333+12:00,30.9,-36.923008,174.841026,1,True
esp32_device_001,2026-04-29T10:21:22+12:00,30.9,-36.922987,174.841084,1,True
esp32_device_001,2026-04-29T10:21:22.166667+12:00,30.8,-36.922971,174.841155,1,True
esp32_device_001,2026-04-29T10:21:22.333333+12:00,30.7,-36.922969,174.841211,1,True
esp32_device_001,2026-04-29T10:21:22.500000+12:00,30.7,-36.922971,174.841248,1,True
esp32_device_001,2026-04-29T10:21:22.666667+12:00,30.6,-36.922975,174.841259,1,True
esp32_device_001,2026-04-29T10:21:22.833333+12:00,30.6,-36.922980,174.841271,1,True
esp32_device_001,2026-04-29T10:21:23+12:00,30.5,-36.923004,174.8414,1,False
esp32_device_001,2026-04-29T10:21:23.500000+12:00,30.5,-36.923013,174.841435,1,True
esp32_device_001,2026-04-29T10:21:24+12:00,30.4,-36.923088,174.841357,1,True
esp32_device_001,2026-04-29T10:21:24.500000+12:00,30.4,-36.923123,174.841354,1,True
esp32_device_001,2026-04-29T10:21:25+12:00,30.3,-36.923155,174.841339,1,True
esp32_device_001,2026-04-29T10:21:25.500000+12:00,30.3,-36.923189,174.841308,1,True
esp32_device_001,2026-04-29T10:21:26+12:00,30.3,-36.923206,174.841282,1,True
esp32_device_001,2026-04-29T10:21:26.500000+12:00,30.2,-36.923230,174.841237,1,True
esp32_device_001,2026-04-29T10:21:27+12:00,30.2,-36.923248,174.841180,1,True
esp32_device_001,2026-04-29T10:21:27.500000+12:00,30.1,-36.923260,174.841114,1,True
esp32_device_001,2026-04-29T10:21:28+12:00,30.1,-36.923222,174.841095,1,False
esp32_device_001,2026-04-29T10:21:28.500000+12:00,29.8,-36.923259,174.841055,1,True
esp32_device_001,2026-04-29T10:21:29+12:00,29.5,-36.923250,174.840999,1,True
esp32_device_001,2026-04-29T10:21:29.500000+12:00,29.1,-36.923236,174.840972,1,True
esp32_device_001,2026-04-29T10:21:30+12:00,28.8,-36.923212,174.840945,1,True
esp32_device_001,2026-04-29T10:21:30.500000+12:00,28.5,-36.923182,174.840924,1,True
esp32_device_001,2026-04-29T10:21:31+12:00,28.2,-36.923141,174.840915,1,True
esp32_device_001,2026-04-29T10:21:31.500000+12:00,27.9,-36.923107,174.840919,1,True
esp32_device_001,2026-04-29T10:21:32+12:00,27.5,-36.923074,174.840936,1,True
esp32_device_001,2026-04-29T10:21:32.500000+12:00,27.2,-36.923036,174.840979,1,True
esp32_device_001,2026-04-29T10:21:33+12:00,26.9,-36.922955,174.841003,1,False
esp32_device_001,2026-04-29T10:21:34.666667+12:00,25.8,-36.922885,174.840991,1,True
esp32_device_001,2026-04-29T10:21:36.333333+12:00,24.8,-36.922523,174.840906,1,True
esp32_device_001,2026-04-29T10:21:38+12:00,23.7,-36.922421,174.840927,1,False
esp32_device_001,2026-04-29T10:21:39.666667+12:00,23.6,-36.922138,174.840811,1,True
esp32_device_001,2026-04-29T10:21:41.333333+12:00,23.4,-36.921952,174.840759,1,True
esp32_device_001,2026-04-29T10:21:43+12:00,23.3,-36.92194,174.840775,1,False
esp32_device_001,2026-04-29T10:21:54.666667+12:00,21.7,-36.921814,174.840719,1,True
esp32_device_001,2026-04-29T10:22:06.333333+12:00,20.0,-36.921667,174.840677,1,True
esp32_device_001,2026-04-29T10:22:18+12:00,18.4,-36.921612,174.840668,1,False
esp32_device_001,2026-04-29T10:22:19.666667+12:00,18.0,-36.921535,174.840635,1,True
esp32_device_001,2026-04-29T10:22:21.333333+12:00,17.7,-36.921339,174.840574,1,True
esp32_device_001,2026-04-29T10:22:23+12:00,17.3,-36.921211,174.840546,1,False
esp32_device_001,2026-04-29T10:22:24.666667+12:00,17.1,-36.921130,174.840505,1,True
esp32_device_001,2026-04-29T10:22:26.333333+12:00,17.0,-36.921018,174.840470,1,True
esp32_device_001,2026-04-29T10:22:28+12:00,16.8,-36.920765,174.840424,1,False
esp32_device_001,2026-04-29T10:22:30.500000+12:00,16.6,-36.920633,174.840343,1,True
esp32_device_001,2026-04-29T10:22:33+12:00,16.3,-36.920361,174.840302,1,False
esp32_device_001,2026-04-29T10:22:34.666667+12:00,16.6,-36.920290,174.840230,1,True
esp32_device_001,2026-04-29T10:22:36.333333+12:00,16.8,-36.920143,174.840192,1,True
esp32_device_001,2026-04-29T10:22:38+12:00,17.1,-36.920036,174.84021,1,False
esp32_device_001,2026-04-29T10:22:43+12:00,17.5,-36.919846,174.840164,1,False
esp32_device_001,2026-04-29T10:22:48+12:00,17.7,-36.919746,174.840134,1,False
esp32_device_001,2026-04-29T10:22:53+12:00,18.8,-36.919735,174.840149,1,False
esp32_device_001,2026-04-29T10:22:58.727273+12:00,18.7,-36.919488,174.840041,1,True
esp32_device_001,2026-04-29T10:23:04.454545+12:00,18.6,-36.919403,174.840024,1,True
esp32_device_001,2026-04-29T10:23:10.181818+12:00,18.5,-36.919219,174.839978,1,True
esp32_device_001,2026-04-29T10:23:15.909091+12:00,18.4,-36.918582,174.839811,1,True
esp32_device_001,2026-04-29T10:23:21.636364+12:00,18.3,-36.918393,174.839769,1,True
esp32_device_001,2026-04-29T10:23:27.363636+12:00,18.3,-36.918413,174.839931,1,True
esp32_device_001,2026-04-29T10:23:33.090909+12:00,18.2,-36.918419,174.840005,1,True
esp32_device_001,2026-04-29T10:23:38.818182+12:00,18.1,-36.918442,174.840076,1,True
esp32_device_001,2026-04-29T10:23:44.545455+12:00,18.0,-36.918561,174.840322,1,True
esp32_device_001,2026-04-29T10:23:50.272727+12:00,17.9,-36.918813,174.840740,1,True
esp32_device_001,2026-04-29T10:23:56+12:00,17.8,-36.918993,174.841066,1,True
esp32_device_001,2026-04-29T10:24:01.727273+12:00,17.7,-36.919195,174.841449,1,True
esp32_device_001,2026-04-29T10:24:07.454545+12:00,17.6,-36.919433,174.841914,1,True
esp32_device_001,2026-04-29T10:24:13.181818+12:00,17.5,-36.919709,174.842467,1,True
esp32_device_001,2026-04-29T10:24:18.909091+12:00,17.4,-36.919988,174.843036,1,True
esp32_device_001,2026-04-29T10:24:24.636364+12:00,17.3,-36.920211,174.843494,1,True
esp32_device_001,2026-04-29T10:24:30.363636+12:00,17.3,-36.920325,174.843733,1,True
esp32_device_001,2026-04-29T10:24:36.090909+12:00,17.2,-36.920477,174.844052,1,True
esp32_device_001,2026-04-29T10:24:41.818182+12:00,17.1,-36.920737,174.844572,1,True
esp32_device_001,2026-04-29T10:24:47.545455+12:00,17.0,-36.920909,174.844909,1,True
esp32_device_001,2026-04-29T10:24:53.272727+12:00,16.9,-36.920972,174.845031,1,True
esp32_device_001,2026-04-29T10:24:59+12:00,16.8,-36.921139,174.845337,1,False
esp32_device_001,2026-04-29T10:25:00.250000+12:00,17.3,-36.921154,174.845360,1,True
esp32_device_001,2026-04-29T10:25:01.500000+12:00,17.8,-36.921317,174.845618,1,True
esp32_device_001,2026-04-29T10:25:02.750000+12:00,18.3,-36.921480,174.845868,1,True
esp32_device_001,2026-04-29T10:25:04+12:00,18.9,-36.921618,174.846049,1,True
esp32_device_001,2026-04-29T10:25:05.250000+12:00,19.4,-36.921799,174.846277,1,True
esp32_device_001,2026-04-29T10:25:06.500000+12:00,19.9,-36.922047,174.846550,1,True
esp32_device_001,2026-04-29T10:25:07.750000+12:00,20.4,-36.922323,174.846819,1,True
esp32_device_001,2026-04-29T10:25:09+12:00,20.9,-36.922405,174.846909,1,False
esp32_device_001,2026-04-29T10:25:10.250000+12:00,21.8,-36.922520,174.846982,1,True
esp32_device_001,2026-04-29T10:25:11.500000+12:00,22.7,-36.922720,174.847079,1,True
esp32_device_001,2026-04-29T10:25:12.750000+12:00,23.6,-36.922901,174.847219,1,True
esp32_device_001,2026-04-29T10:25:14+12:00,24.5,-36.92318,174.847488,1,False
esp32_device_001,2026-04-29T10:25:15.666667+12:00,25.5,-36.923240,174.847448,1,True
esp32_device_001,2026-04-29T10:25:17.333333+12:00,26.6,-36.923628,174.847666,1,True
esp32_device_001,2026-04-29T10:25:19+12:00,27.6,-36.924042,174.847946,1,False
esp32_device_001,2026-04-29T10:25:21.500000+12:00,28.0,-36.924852,174.848171,1,True
esp32_device_001,2026-04-29T10:25:24+12:00,28.4,-36.924923,174.848312,1,False
esp32_device_001,2026-04-29T10:25:29+12:00,30.3,-36.925797,174.848648,1,False
esp32_device_001,2026-04-29T10:25:31.500000+12:00,30.1,-36.925862,174.848559,1,True
esp32_device_001,2026-04-29T10:25:34+12:00,30,-36.926781,174.848984,1,False
esp32_device_001,2026-04-29T10:25:36.500000+12:00,31.1,-36.927148,174.849060,1,True
esp32_device_001,2026-04-29T10:25:39+12:00,32.2,-36.927803,174.84938,1,False
esp32_device_001,2026-04-29T10:25:44+12:00,32.3,-36.928829,174.849777,1,False
esp32_device_001,2026-04-29T10:25:49+12:00,31.3,-36.92979,174.850159,1,False
esp32_device_001,2026-04-29T10:25:51.500000+12:00,29.7,-36.929895,174.850127,1,True
esp32_device_001,2026-04-29T10:25:54+12:00,28.1,-36.930664,174.850494,1,False
esp32_device_001,2026-04-29T10:28:00+12:00,22.8,-36.957603,174.861847,2,False
esp32_device_001,2026-04-29T10:28:03.333333+12:00,23.3,-36.959289,174.862729,2,True
esp32_device_001,2026-04-29T10:28:06.666667+12:00,23.9,-36.959699,174.862957,2,True
esp32_device_001,2026-04-29T10:28:10+12:00,24.4,-36.95977,174.863007,2,False
esp32_device_001,2026-04-29T10:28:11.250000+12:00,24.5,-36.959961,174.863125,2,True
esp32_device_001,2026-04-29T10:28:12.500000+12:00,24.6,-36.960225,174.863311,2,True
esp32_device_001,2026-04-29T10:28:13.750000+12:00,24.8,-36.960504,174.863544,2,True
esp32_device_001,2026-04-29T10:28:15+12:00,24.9,-36.960751,174.86377,2,False
esp32_device_001,2026-04-29T10:28:16.250000+12:00,25.0,-36.960773,174.863791,2,True
esp32_device_001,2026-04-29T10:28:17.500000+12:00,25.1,-36.961017,174.864050,2,True
esp32_device_001,2026-04-29T10:28:18.750000+12:00,25.3,-36.961280,174.864363,2,True
esp32_device_001,2026-04-29T10:28:20+12:00,25.4,-36.961594,174.864807,2,False
esp32_device_001,2026-04-29T10:28:22.500000+12:00,25.9,-36.961675,174.864877,2,True
esp32_device_001,2026-04-29T10:28:25+12:00,26.3,-36.962421,174.865891,2,False
esp32_device_001,2026-04-29T10:28:27.500000+12:00,25.2,-36.962504,174.865962,2,True
esp32_device_001,2026-04-29T10:28:30+12:00,24.1,-36.963249,174.866974,2,False
esp32_device_001,2026-04-29T10:28:31.250000+12:00,23.3,-36.963365,174.867097,2,True
esp32_device_001,2026-04-29T10:28:32.500000+12:00,22.6,-36.963763,174.867626,2,True
esp32_device_001,2026-04-29T10:28:33.750000+12:00,21.8,-36.963983,174.867914,2,True
esp32_device_001,2026-04-29T10:28:35+12:00,21,-36.964077,174.868057,2,False
esp32_device_001,2026-04-29T10:28:37.500000+12:00,22.4,-36.964365,174.868421,2,True
esp32_device_001,2026-04-29T10:28:40+12:00,23.9,-36.964851,174.869095,2,False
esp32_device_001,2026-04-29T10:28:42.500000+12:00,24.4,-36.965175,174.869520,2,True
esp32_device_001,2026-04-29T10:28:45+12:00,24.9,-36.965637,174.870132,2,False
esp32_device_001,2026-04-29T10:28:47.500000+12:00,25.0,-36.965871,174.870427,2,True
esp32_device_001,2026-04-29T10:28:50+12:00,25.2,-36.966434,174.871185,2,False
esp32_device_001,2026-04-29T10:28:52.500000+12:00,24.8,-36.966634,174.871401,2,True
esp32_device_001,2026-04-29T10:28:55+12:00,24.3,-36.967228,174.872238,2,False
esp32_device_001,2026-04-29T10:29:01+12:00,24.3,-36.968208,174.873505,2,False
esp32_device_001,2026-04-29T10:29:06+12:00,24.3,-36.969021,174.874573,2,False
esp32_device_001,2026-04-29T10:29:08.500000+12:00,24.3,-36.969556,174.875245,2,True
esp32_device_001,2026-04-29T10:29:11+12:00,24.3,-36.969833,174.875656,2,False
esp32_device_001,2026-04-29T10:29:13.500000+12:00,24.3,-36.970592,174.876612,2,True
esp32_device_001,2026-04-29T10:29:16+12:00,24.3,-36.970638,174.876724,2,False
esp32_device_001,2026-04-29T10:29:21+12:00,24.3,-36.971436,174.877777,2,False
esp32_device_001,2026-04-29T10:29:22.666667+12:00,24.3,-36.971742,174.878109,2,True
esp32_device_001,2026-04-29T10:29:24.333333+12:00,24.3,-36.972066,174.878483,2,True
esp32_device_001,2026-04-29T10:29:26+12:00,24.3,-36.972309,174.878769,2,False
esp32_device_001,2026-04-29T10:29:27+12:00,24.3,-36.972452,174.878850,2,True
esp32_device_001,2026-04-29T10:29:28+12:00,24.3,-36.972691,174.879049,2,True
esp32_device_001,2026-04-29T10:29:29+12:00,24.3,-36.972991,174.879269,2,True
esp32_device_001,2026-04-29T10:29:30+12:00,24.3,-36.973317,174.879468,2,True
esp32_device_001,2026-04-29T10:29:31+12:00,24.3,-36.97332,174.879517,2,False
esp32_device_001,2026-04-29T10:29:32.666667+12:00,24.3,-36.973644,174.879636,2,True
esp32_device_001,2026-04-29T10:29:34.333333+12:00,24.3,-36.973901,174.879754,2,True
esp32_device_001,2026-04-29T10:29:36+12:00,24.3,-36.974415,174.87999,2,False
esp32_device_001,2026-04-29T10:29:37.666667+12:00,24.3,-36.974631,174.880008,2,True
esp32_device_001,2026-04-29T10:29:39.333333+12:00,24.3,-36.975039,174.880141,2,True
esp32_device_001,2026-04-29T10:29:41+12:00,24.3,-36.975536,174.880356,2,False
esp32_device_001,2026-04-29T10:29:46+12:00,24.3,-36.976646,174.880722,2,False
esp32_device_001,2026-04-29T10:29:51+12:00,24.3,-36.977783,174.881104,2,False
esp32_device_001,2026-04-29T10:29:53.500000+12:00,24.3,-36.978397,174.881248,2,True
esp32_device_001,2026-04-29T10:29:56+12:00,24.3,-36.978901,174.88147,2,False
esp32_device_001,2026-04-29T10:29:58.500000+12:00,24.3,-36.979363,174.881564,2,True
esp32_device_001,2026-04-29T10:30:01+12:00,24.3,-36.980003,174.881866,2,False
esp32_device_001,2026-04-29T10:30:02.666667+12:00,24.3,-36.980197,174.881888,2,True
esp32_device_001,2026-04-29T10:30:04.333333+12:00,24.3,-36.980540,174.882032,2,True
esp32_device_001,2026-04-29T10:30:06+12:00,24.3,-36.981071,174.882355,2,False
esp32_device_001,2026-04-29T10:30:07.666667+12:00,24.3,-36.981738,174.882625,2,True
esp32_device_001,2026-04-29T10:30:09.333333+12:00,24.3,-36.982101,174.882913,2,True
esp32_device_001,2026-04-29T10:30:11+12:00,24.3,-36.982136,174.882889,2,False
esp32_device_001,2026-04-29T10:30:11.040984+12:00,24.3,-36.982519,174.883194,2,True
esp32_device_001,2026-04-29T10:30:11.081967+12:00,24.3,-36.983279,174.883693,2,True
esp32_device_001,2026-04-29T10:30:11.122951+12:00,24.3,-36.984102,174.884217,2,True
esp32_device_001,2026-04-29T10:30:11.163934+12:00,24.3,-36.984293,174.884338,2,True
esp32_device_001,2026-04-29T10:30:11.204918+12:00,24.3,-36.984851,174.884694,2,True
esp32_device_001,2026-04-29T10:30:11.245902+12:00,24.3,-36.985050,174.884801,2,True
esp32_device_001,2026-04-29T10:30:11.286885+12:00,24.3,-36.985416,174.884998,2,True
esp32_device_001,2026-04-29T10:30:11.327869+12:00,24.3,-36.985496,174.885032,2,True
esp32_device_001,2026-04-29T10:30:11.368852+12:00,24.3,-36.985530,174.885037,2,True
esp32_device_001,2026-04-29T10:30:11.409836+12:00,24.3,-36.985560,174.885033,2,True
esp32_device_001,2026-04-29T10:30:11.450820+12:00,24.3,-36.985590,174.885024,2,True
esp32_device_001,2026-04-29T10:30:11.491803+12:00,24.3,-36.985619,174.884947,2,True
esp32_device_001,2026-04-29T10:30:11.532787+12:00,24.3,-36.985821,174.884416,2,True
esp32_device_001,2026-04-29T10:30:11.573770+12:00,24.3,-36.985827,174.884325,2,True
esp32_device_001,2026-04-29T10:30:11.614754+12:00,24.3,-36.985821,174.884283,2,True
esp32_device_001,2026-04-29T10:30:11.655738+12:00,24.3,-36.985811,174.884256,2,True
esp32_device_001,2026-04-29T10:30:11.696721+12:00,24.3,-36.985796,174.884233,2,True
esp32_device_001,2026-04-29T10:30:11.737705+12:00,24.3,-36.985733,174.884169,2,True
esp32_device_001,2026-04-29T10:30:11.778689+12:00,24.3,-36.985659,174.884121,2,True
esp32_device_001,2026-04-29T10:30:11.819672+12:00,24.3,-36.985433,174.884012,2,True
esp32_device_001,2026-04-29T10:30:11.860656+12:00,24.3,-36.984534,174.883674,2,True
esp32_device_001,2026-04-29T10:30:11.901639+12:00,24.3,-36.983996,174.883473,2,True
esp32_device_001,2026-04-29T10:30:11.942623+12:00,24.3,-36.983645,174.883331,2,True
esp32_device_001,2026-04-29T10:30:11.983607+12:00,24.3,-36.983358,174.883200,2,True
esp32_device_001,2026-04-29T10:30:12.024590+12:00,24.3,-36.982963,174.883120,2,True
esp32_device_001,2026-04-29T10:30:12.065574+12:00,24.3,-36.981660,174.882456,2,True
esp32_device_001,2026-04-29T10:30:12.106557+12:00,24.3,-36.980960,174.882105,2,True
esp32_device_001,2026-04-29T10:30:12.147541+12:00,24.3,-36.980257,174.881783,2,True
esp32_device_001,2026-04-29T10:30:12.188525+12:00,24.3,-36.979790,174.881597,2,True
esp32_device_001,2026-04-29T10:30:12.229508+12:00,24.3,-36.979333,174.881436,2,True
esp32_device_001,2026-04-29T10:30:12.270492+12:00,24.3,-36.976845,174.880617,2,True
esp32_device_001,2026-04-29T10:30:12.311475+12:00,24.3,-36.975056,174.880026,2,True
esp32_device_001,2026-04-29T10:30:12.352459+12:00,24.3,-36.974266,174.879763,2,True
esp32_device_001,2026-04-29T10:30:12.393443+12:00,24.3,-36.974007,174.879673,2,True
esp32_device_001,2026-04-29T10:30:12.434426+12:00,24.3,-36.973757,174.879563,2,True
esp32_device_001,2026-04-29T10:30:12.475410+12:00,24.3,-36.973581,174.879480,2,True
esp32_device_001,2026-04-29T10:30:12.516393+12:00,24.3,-36.973383,174.879373,2,True
esp32_device_001,2026-04-29T10:30:12.557377+12:00,24.3,-36.973175,174.879249,2,True
esp32_device_001,2026-04-29T10:30:12.598361+12:00,24.3,-36.972928,174.879085,2,True
esp32_device_001,2026-04-29T10:30:12.639344+12:00,24.3,-36.972683,174.878903,2,True
esp32_device_001,2026-04-29T10:30:12.680328+12:00,24.3,-36.972478,174.878724,2,True
esp32_device_001,2026-04-29T10:30:12.721311+12:00,24.3,-36.972252,174.878520,2,True
esp32_device_001,2026-04-29T10:30:12.762295+12:00,24.3,-36.971972,174.878225,2,True
esp32_device_001,2026-04-29T10:30:12.803279+12:00,24.3,-36.971601,174.877770,2,True
esp32_device_001,2026-04-29T10:30:12.844262+12:00,24.3,-36.970664,174.876538,2,True
esp32_device_001,2026-04-29T10:30:12.885246+12:00,24.3,-36.969619,174.875154,2,True
esp32_device_001,2026-04-29T10:30:12.926230+12:00,24.3,-36.967566,174.872454,2,True
esp32_device_001,2026-04-29T10:30:12.967213+12:00,24.3,-36.965530,174.869782,2,True
esp32_device_001,2026-04-29T10:30:13.008197+12:00,24.3,-36.965067,174.869176,2,True
esp32_device_001,2026-04-29T10:30:13.049180+12:00,24.3,-36.964141,174.867913,2,True
esp32_device_001,2026-04-29T10:30:13.090164+12:00,24.3,-36.963887,174.867515,2,True
esp32_device_001,2026-04-29T10:30:13.131148+12:00,24.3,-36.963138,174.866463,2,True
esp32_device_001,2026-04-29T10:30:13.172131+12:00,24.3,-36.963118,174.866434,2,True
esp32_device_001,2026-04-29T10:30:13.213115+12:00,24.3,-36.963101,174.866396,2,True
esp32_device_001,2026-04-29T10:30:13.254098+12:00,24.3,-36.963075,174.866316,2,True
esp32_device_001,2026-04-29T10:30:13.295082+12:00,24.3,-36.963069,174.866271,2,True
esp32_device_001,2026-04-29T10:30:13.336066+12:00,24.3,-36.963069,174.866212,2,True
esp32_device_001,2026-04-29T10:30:13.377049+12:00,24.3,-36.963073,174.866170,2,True
esp32_device_001,2026-04-29T10:30:13.418033+12:00,24.3,-36.963082,174.866129,2,True
esp32_device_001,2026-04-29T10:30:13.459016+12:00,24.3,-36.963107,174.866064,2,True
esp32_device_001,2026-04-29T10:30:13.500000+12:00,24.3,-36.963139,174.866013,2,True
esp32_device_001,2026-04-29T10:30:13.540984+12:00,24.3,-36.963173,174.865975,2,True
esp32_device_001,2026-04-29T10:30:13.581967+12:00,24.3,-36.963205,174.865947,2,True
esp32_device_001,2026-04-29T10:30:13.622951+12:00,24.3,-36.963241,174.865928,2,True
esp32_device_001,2026-04-29T10:30:13.663934+12:00,24.3,-36.963272,174.865918,2,True
esp32_device_001,2026-04-29T10:30:13.704918+12:00,24.3,-36.963302,174.865914,2,True
esp32_device_001,2026-04-29T10:30:13.745902+12:00,24.3,-36.963354,174.865914,2,True
esp32_device_001,2026-04-29T10:30:13.786885+12:00,24.3,-36.963405,174.865926,2,True
esp32_device_001,2026-04-29T10:30:13.827869+12:00,24.3,-36.963466,174.865955,2,True
esp32_device_001,2026-04-29T10:30:13.868852+12:00,24.3,-36.963503,174.865974,2,True
esp32_device_001,2026-04-29T10:30:13.909836+12:00,24.3,-36.963534,174.866002,2,True
esp32_device_001,2026-04-29T10:30:13.950820+12:00,24.3,-36.963573,174.866048,2,True
esp32_device_001,2026-04-29T10:30:13.991803+12:00,24.3,-36.963602,174.866091,2,True
esp32_device_001,2026-04-29T10:30:14.032787+12:00,24.3,-36.963747,174.866308,2,True
esp32_device_001,2026-04-29T10:30:14.073770+12:00,24.3,-36.963804,174.866394,2,True
esp32_device_001,2026-04-29T10:30:14.114754+12:00,24.3,-36.964049,174.866762,2,True
esp32_device_001,2026-04-29T10:30:14.155738+12:00,24.3,-36.964119,174.866968,2,True
esp32_device_001,2026-04-29T10:30:14.196721+12:00,24.3,-36.964143,174.867035,2,True
esp32_device_001,2026-04-29T10:30:14.237705+12:00,24.3,-36.964160,174.867123,2,True
esp32_device_001,2026-04-29T10:30:14.278689+12:00,24.3,-36.964162,174.867157,2,True
esp32_device_001,2026-04-29T10:30:14.319672+12:00,24.3,-36.964151,174.867230,2,True
esp32_device_001,2026-04-29T10:30:14.360656+12:00,24.3,-36.964135,174.867309,2,True
esp32_device_001,2026-04-29T10:30:14.401639+12:00,24.3,-36.963946,174.867548,2,True
esp32_device_001,2026-04-29T10:30:14.442623+12:00,24.3,-36.963751,174.867793,2,True
esp32_device_001,2026-04-29T10:30:14.483607+12:00,24.3,-36.963437,174.868229,2,True
esp32_device_001,2026-04-29T10:30:14.524590+12:00,24.3,-36.963369,174.868328,2,True
esp32_device_001,2026-04-29T10:30:14.565574+12:00,24.3,-36.963427,174.868487,2,True
esp32_device_001,2026-04-29T10:30:14.606557+12:00,24.3,-36.963467,174.868554,2,True
esp32_device_001,2026-04-29T10:30:14.647541+12:00,24.3,-36.963499,174.868597,2,True
esp32_device_001,2026-04-29T10:30:14.688525+12:00,24.3,-36.963623,174.868718,2,True
esp32_device_001,2026-04-29T10:30:14.729508+12:00,24.3,-36.963858,174.868784,2,True
esp32_device_001,2026-04-29T10:30:14.770492+12:00,24.3,-36.964029,174.868823,2,True
esp32_device_001,2026-04-29T10:30:14.811475+12:00,24.3,-36.964099,174.868839,2,True
esp32_device_001,2026-04-29T10:30:14.852459+12:00,24.3,-36.964286,174.868917,2,True
esp32_device_001,2026-04-29T10:30:14.893443+12:00,24.3,-36.964439,174.868999,2,True
esp32_device_001,2026-04-29T10:30:14.934426+12:00,24.3,-36.964676,174.869157,2,True
esp32_device_001,2026-04-29T10:30:14.975410+12:00,24.3,-36.964733,174.869205,2,True
esp32_device_001,2026-04-29T10:30:15.016393+12:00,24.3,-36.964782,174.869250,2,True
esp32_device_001,2026-04-29T10:30:15.057377+12:00,24.3,-36.965048,174.869531,2,True
esp32_device_001,2026-04-29T10:30:15.098361+12:00,24.3,-36.965413,174.869957,2,True
esp32_device_001,2026-04-29T10:30:15.139344+12:00,24.3,-36.965570,174.870127,2,True
esp32_device_001,2026-04-29T10:30:15.180328+12:00,24.3,-36.965871,174.870427,2,True
esp32_device_001,2026-04-29T10:30:15.221311+12:00,24.3,-36.966634,174.871401,2,True
esp32_device_001,2026-04-29T10:30:15.262295+12:00,24.3,-36.969556,174.875245,2,True
esp32_device_001,2026-04-29T10:30:15.303279+12:00,24.3,-36.970592,174.876612,2,True
esp32_device_001,2026-04-29T10:30:15.344262+12:00,24.3,-36.971457,174.877752,2,True
esp32_device_001,2026-04-29T10:30:15.385246+12:00,24.3,-36.971742,174.878109,2,True
esp32_device_001,2026-04-29T10:30:15.426230+12:00,24.3,-36.972066,174.878483,2,True
esp32_device_001,2026-04-29T10:30:15.467213+12:00,24.3,-36.972452,174.878850,2,True
esp32_device_001,2026-04-29T10:30:15.508197+12:00,24.3,-36.972691,174.879049,2,True
esp32_device_001,2026-04-29T10:30:15.549180+12:00,24.3,-36.972991,174.879269,2,True
esp32_device_001,2026-04-29T10:30:15.590164+12:00,24.3,-36.973317,174.879468,2,True
esp32_device_001,2026-04-29T10:30:15.631148+12:00,24.3,-36.973644,174.879636,2,True
esp32_device_001,2026-04-29T10:30:15.672131+12:00,24.3,-36.973901,174.879754,2,True
esp32_device_001,2026-04-29T10:30:15.713115+12:00,24.3,-36.974631,174.880008,2,True
esp32_device_001,2026-04-29T10:30:15.754098+12:00,24.3,-36.975039,174.880141,2,True
esp32_device_001,2026-04-29T10:30:15.795082+12:00,24.3,-36.978397,174.881248,2,True
esp32_device_001,2026-04-29T10:30:15.836066+12:00,24.3,-36.979363,174.881564,2,True
esp32_device_001,2026-04-29T10:30:15.877049+12:00,24.3,-36.980197,174.881888,2,True
esp32_device_001,2026-04-29T10:30:15.918033+12:00,24.3,-36.980540,174.882032,2,True
esp32_device_001,2026-04-29T10:30:15.959016+12:00,24.3,-36.981738,174.882625,2,True
esp32_device_001,2026-04-29T10:30:16+12:00,24.3,-36.983208,174.883438,2,False
esp32_device_001,2026-04-29T10:30:21+12:00,24.3,-36.984287,174.883987,2,False
esp32_device_001,2026-04-29T10:30:26+12:00,24.3,-36.985348,174.884521,2,False
esp32_device_001,2026-04-29T10:30:28.500000+12:00,24.3,-36.986325,174.884959,2,True
esp32_device_001,2026-04-29T10:30:31+12:00,24.3,-36.986378,174.885071,2,False
esp32_device_001,2026-04-29T10:30:36+12:00,24.3,-36.987423,174.88562,2,False
esp32_device_001,2026-04-29T10:30:37.250000+12:00,24.3,-36.987818,174.885721,2,True
esp32_device_001,2026-04-29T10:30:38.500000+12:00,24.3,-36.988087,174.885971,2,True
esp32_device_001,2026-04-29T10:30:39.750000+12:00,24.3,-36.988395,174.886128,2,True
esp32_device_001,2026-04-29T10:30:41+12:00,24.3,-36.988491,174.886169,2,False
esp32_device_001,2026-04-29T10:30:41.034247+12:00,24.3,-36.988701,174.886299,2,True
esp32_device_001,2026-04-29T10:30:41.068493+12:00,24.3,-36.989003,174.886482,2,True
esp32_device_001,2026-04-29T10:30:41.102740+12:00,24.3,-36.989273,174.886656,2,True
esp32_device_001,2026-04-29T10:30:41.136986+12:00,24.3,-36.989464,174.886781,2,True
esp32_device_001,2026-04-29T10:30:41.171233+12:00,24.3,-36.989737,174.886968,2,True
esp32_device_001,2026-04-29T10:30:41.205479+12:00,24.3,-36.989930,174.887102,2,True
esp32_device_001,2026-04-29T10:30:41.239726+12:00,24.3,-36.990145,174.887284,2,True
esp32_device_001,2026-04-29T10:30:41.273973+12:00,24.3,-36.990365,174.887500,2,True
esp32_device_001,2026-04-29T10:30:41.308219+12:00,24.3,-36.990571,174.887753,2,True
esp32_device_001,2026-04-29T10:30:41.342466+12:00,24.3,-36.990728,174.887978,2,True
esp32_device_001,2026-04-29T10:30:41.376712+12:00,24.3,-36.990823,174.888122,2,True
esp32_device_001,2026-04-29T10:30:41.410959+12:00,24.3,-36.990905,174.888221,2,True
esp32_device_001,2026-04-29T10:30:41.445205+12:00,24.3,-36.990987,174.888305,2,True
esp32_device_001,2026-04-29T10:30:41.479452+12:00,24.3,-36.991086,174.888393,2,True
esp32_device_001,2026-04-29T10:30:41.513699+12:00,24.3,-36.991203,174.888472,2,True
esp32_device_001,2026-04-29T10:30:41.547945+12:00,24.3,-36.991352,174.888522,2,True
esp32_device_001,2026-04-29T10:30:41.582192+12:00,24.3,-36.991440,174.888553,2,True
esp32_device_001,2026-04-29T10:30:41.616438+12:00,24.3,-36.991544,174.888581,2,True
esp32_device_001,2026-04-29T10:30:41.650685+12:00,24.3,-36.991677,174.888607,2,True
esp32_device_001,2026-04-29T10:30:41.684932+12:00,24.3,-36.991737,174.888618,2,True
esp32_device_001,2026-04-29T10:30:41.719178+12:00,24.3,-36.991804,174.888630,2,True
esp32_device_001,2026-04-29T10:30:41.753425+12:00,24.3,-36.991925,174.888635,2,True
esp32_device_001,2026-04-29T10:30:41.787671+12:00,24.3,-36.991968,174.888467,2,True
esp32_device_001,2026-04-29T10:30:41.821918+12:00,24.3,-36.992039,174.888193,2,True
esp32_device_001,2026-04-29T10:30:41.856164+12:00,24.3,-36.992211,174.887516,2,True
esp32_device_001,2026-04-29T10:30:41.890411+12:00,24.3,-36.992333,174.887020,2,True
esp32_device_001,2026-04-29T10:30:41.924658+12:00,24.3,-36.992410,174.886699,2,True
esp32_device_001,2026-04-29T10:30:41.958904+12:00,24.3,-36.992374,174.886557,2,True
esp32_device_001,2026-04-29T10:30:41.993151+12:00,24.3,-36.992352,174.886510,2,True
esp32_device_001,2026-04-29T10:30:42.027397+12:00,24.3,-36.992324,174.886481,2,True
esp32_device_001,2026-04-29T10:30:42.061644+12:00,24.3,-36.992269,174.886464,2,True
esp32_device_001,2026-04-29T10:30:42.095890+12:00,24.3,-36.992215,174.886471,2,True
esp32_device_001,2026-04-29T10:30:42.130137+12:00,24.3,-36.992003,174.886590,2,True
esp32_device_001,2026-04-29T10:30:42.164384+12:00,24.3,-36.991764,174.886704,2,True
esp32_device_001,2026-04-29T10:30:42.198630+12:00,24.3,-36.991526,174.886841,2,True
esp32_device_001,2026-04-29T10:30:42.232877+12:00,24.3,-36.991412,174.886883,2,True
esp32_device_001,2026-04-29T10:30:42.267123+12:00,24.3,-36.991310,174.886912,2,True
esp32_device_001,2026-04-29T10:30:42.301370+12:00,24.3,-36.991212,174.886929,2,True
esp32_device_001,2026-04-29T10:30:42.335616+12:00,24.3,-36.991104,174.886938,2,True
esp32_device_001,2026-04-29T10:30:42.369863+12:00,24.3,-36.990992,174.886941,2,True
esp32_device_001,2026-04-29T10:30:42.404110+12:00,24.3,-36.990846,174.886921,2,True
esp32_device_001,2026-04-29T10:30:42.438356+12:00,24.3,-36.990679,174.886870,2,True
esp32_device_001,2026-04-29T10:30:42.472603+12:00,24.3,-36.990498,174.886803,2,True
esp32_device_001,2026-04-29T10:30:42.506849+12:00,24.3,-36.990126,174.886642,2,True
esp32_device_001,2026-04-29T10:30:42.541096+12:00,24.3,-36.988880,174.886132,2,True
esp32_device_001,2026-04-29T10:30:42.575342+12:00,24.3,-36.982963,174.883120,2,True
esp32_device_001,2026-04-29T10:30:42.609589+12:00,24.3,-36.981660,174.882456,2,True
esp32_device_001,2026-04-29T10:30:42.643836+12:00,24.3,-36.980960,174.882105,2,True
esp32_device_001,2026-04-29T10:30:42.678082+12:00,24.3,-36.980257,174.881783,2,True
esp32_device_001,2026-04-29T10:30:42.712329+12:00,24.3,-36.979790,174.881597,2,True
esp32_device_001,2026-04-29T10:30:42.746575+12:00,24.3,-36.979333,174.881436,2,True
esp32_device_001,2026-04-29T10:30:42.780822+12:00,24.3,-36.976845,174.880617,2,True
esp32_device_001,2026-04-29T10:30:42.815068+12:00,24.3,-36.975056,174.880026,2,True
esp32_device_001,2026-04-29T10:30:42.849315+12:00,24.3,-36.974266,174.879763,2,True
esp32_device_001,2026-04-29T10:30:42.883562+12:00,24.3,-36.974007,174.879673,2,True
esp32_device_001,2026-04-29T10:30:42.917808+12:00,24.3,-36.973757,174.879563,2,True
esp32_device_001,2026-04-29T10:30:42.952055+12:00,24.3,-36.973581,174.879480,2,True
esp32_device_001,2026-04-29T10:30:42.986301+12:00,24.3,-36.973383,174.879373,2,True
esp32_device_001,2026-04-29T10:30:43.020548+12:00,24.3,-36.973175,174.879249,2,True
esp32_device_001,2026-04-29T10:30:43.054795+12:00,24.3,-36.972928,174.879085,2,True
esp32_device_001,2026-04-29T10:30:43.089041+12:00,24.3,-36.972683,174.878903,2,True
esp32_device_001,2026-04-29T10:30:43.123288+12:00,24.3,-36.972478,174.878724,2,True
esp32_device_001,2026-04-29T10:30:43.157534+12:00,24.3,-36.972252,174.878520,2,True
esp32_device_001,2026-04-29T10:30:43.191781+12:00,24.3,-36.971972,174.878225,2,True
esp32_device_001,2026-04-29T10:30:43.226027+12:00,24.3,-36.971601,174.877770,2,True
esp32_device_001,2026-04-29T10:30:43.260274+12:00,24.3,-36.970664,174.876538,2,True
esp32_device_001,2026-04-29T10:30:43.294521+12:00,24.3,-36.969619,174.875154,2,True
esp32_device_001,2026-04-29T10:30:43.328767+12:00,24.3,-36.967566,174.872454,2,True
esp32_device_001,2026-04-29T10:30:43.363014+12:00,24.3,-36.965530,174.869782,2,True
esp32_device_001,2026-04-29T10:30:43.397260+12:00,24.3,-36.965067,174.869176,2,True
esp32_device_001,2026-04-29T10:30:43.431507+12:00,24.3,-36.964141,174.867913,2,True
esp32_device_001,2026-04-29T10:30:43.465753+12:00,24.3,-36.963887,174.867515,2,True
esp32_device_001,2026-04-29T10:30:43.500000+12:00,24.3,-36.963138,174.866463,2,True
esp32_device_001,2026-04-29T10:30:43.534247+12:00,24.3,-36.963118,174.866434,2,True
esp32_device_001,2026-04-29T10:30:43.568493+12:00,24.3,-36.963101,174.866396,2,True
esp32_device_001,2026-04-29T10:30:43.602740+12:00,24.3,-36.963075,174.866316,2,True
esp32_device_001,2026-04-29T10:30:43.636986+12:00,24.3,-36.963069,174.866271,2,True
esp32_device_001,2026-04-29T10:30:43.671233+12:00,24.3,-36.963069,174.866212,2,True
esp32_device_001,2026-04-29T10:30:43.705479+12:00,24.3,-36.963073,174.866170,2,True
esp32_device_001,2026-04-29T10:30:43.739726+12:00,24.3,-36.963082,174.866129,2,True
esp32_device_001,2026-04-29T10:30:43.773973+12:00,24.3,-36.963107,174.866064,2,True
esp32_device_001,2026-04-29T10:30:43.808219+12:00,24.3,-36.963139,174.866013,2,True
esp32_device_001,2026-04-29T10:30:43.842466+12:00,24.3,-36.963173,174.865975,2,True
esp32_device_001,2026-04-29T10:30:43.876712+12:00,24.3,-36.963205,174.865947,2,True
esp32_device_001,2026-04-29T10:30:43.910959+12:00,24.3,-36.963241,174.865928,2,True
esp32_device_001,2026-04-29T10:30:43.945205+12:00,24.3,-36.963272,174.865918,2,True
esp32_device_001,2026-04-29T10:30:43.979452+12:00,24.3,-36.963302,174.865914,2,True
esp32_device_001,2026-04-29T10:30:44.013699+12:00,24.3,-36.963354,174.865914,2,True
esp32_device_001,2026-04-29T10:30:44.047945+12:00,24.3,-36.963405,174.865926,2,True
esp32_device_001,2026-04-29T10:30:44.082192+12:00,24.3,-36.963466,174.865955,2,True
esp32_device_001,2026-04-29T10:30:44.116438+12:00,24.3,-36.963503,174.865974,2,True
esp32_device_001,2026-04-29T10:30:44.150685+12:00,24.3,-36.963534,174.866002,2,True
esp32_device_001,2026-04-29T10:30:44.184932+12:00,24.3,-36.963573,174.866048,2,True
esp32_device_001,2026-04-29T10:30:44.219178+12:00,24.3,-36.963602,174.866091,2,True
esp32_device_001,2026-04-29T10:30:44.253425+12:00,24.3,-36.963747,174.866308,2,True
esp32_device_001,2026-04-29T10:30:44.287671+12:00,24.3,-36.963804,174.866394,2,True
esp32_device_001,2026-04-29T10:30:44.321918+12:00,24.3,-36.964049,174.866762,2,True
esp32_device_001,2026-04-29T10:30:44.356164+12:00,24.3,-36.964119,174.866968,2,True
esp32_device_001,2026-04-29T10:30:44.390411+12:00,24.3,-36.964143,174.867035,2,True
esp32_device_001,2026-04-29T10:30:44.424658+12:00,24.3,-36.964160,174.867123,2,True
esp32_device_001,2026-04-29T10:30:44.458904+12:00,24.3,-36.964162,174.867157,2,True
esp32_device_001,2026-04-29T10:30:44.493151+12:00,24.3,-36.964151,174.867230,2,True
esp32_device_001,2026-04-29T10:30:44.527397+12:00,24.3,-36.964135,174.867309,2,True
esp32_device_001,2026-04-29T10:30:44.561644+12:00,24.3,-36.963946,174.867548,2,True
esp32_device_001,2026-04-29T10:30:44.595890+12:00,24.3,-36.963751,174.867793,2,True
esp32_device_001,2026-04-29T10:30:44.630137+12:00,24.3,-36.963437,174.868229,2,True
esp32_device_001,2026-04-29T10:30:44.664384+12:00,24.3,-36.963369,174.868328,2,True
esp32_device_001,2026-04-29T10:30:44.698630+12:00,24.3,-36.963427,174.868487,2,True
esp32_device_001,2026-04-29T10:30:44.732877+12:00,24.3,-36.963467,174.868554,2,True
esp32_device_001,2026-04-29T10:30:44.767123+12:00,24.3,-36.963499,174.868597,2,True
esp32_device_001,2026-04-29T10:30:44.801370+12:00,24.3,-36.963623,174.868718,2,True
esp32_device_001,2026-04-29T10:30:44.835616+12:00,24.3,-36.963858,174.868784,2,True
esp32_device_001,2026-04-29T10:30:44.869863+12:00,24.3,-36.964029,174.868823,2,True
esp32_device_001,2026-04-29T10:30:44.904110+12:00,24.3,-36.964099,174.868839,2,True
esp32_device_001,2026-04-29T10:30:44.938356+12:00,24.3,-36.964286,174.868917,2,True
esp32_device_001,2026-04-29T10:30:44.972603+12:00,24.3,-36.964439,174.868999,2,True
esp32_device_001,2026-04-29T10:30:45.006849+12:00,24.3,-36.964676,174.869157,2,True
esp32_device_001,2026-04-29T10:30:45.041096+12:00,24.3,-36.964733,174.869205,2,True
esp32_device_001,2026-04-29T10:30:45.075342+12:00,24.3,-36.964782,174.869250,2,True
esp32_device_001,2026-04-29T10:30:45.109589+12:00,24.3,-36.965048,174.869531,2,True
esp32_device_001,2026-04-29T10:30:45.143836+12:00,24.3,-36.965413,174.869957,2,True
esp32_device_001,2026-04-29T10:30:45.178082+12:00,24.3,-36.965570,174.870127,2,True
esp32_device_001,2026-04-29T10:30:45.212329+12:00,24.3,-36.965871,174.870427,2,True
esp32_device_001,2026-04-29T10:30:45.246575+12:00,24.3,-36.966634,174.871401,2,True
esp32_device_001,2026-04-29T10:30:45.280822+12:00,24.3,-36.969556,174.875245,2,True
esp32_device_001,2026-04-29T10:30:45.315068+12:00,24.3,-36.970592,174.876612,2,True
esp32_device_001,2026-04-29T10:30:45.349315+12:00,24.3,-36.971457,174.877752,2,True
esp32_device_001,2026-04-29T10:30:45.383562+12:00,24.3,-36.971742,174.878109,2,True
esp32_device_001,2026-04-29T10:30:45.417808+12:00,24.3,-36.972066,174.878483,2,True
esp32_device_001,2026-04-29T10:30:45.452055+12:00,24.3,-36.972452,174.878850,2,True
esp32_device_001,2026-04-29T10:30:45.486301+12:00,24.3,-36.972691,174.879049,2,True
esp32_device_001,2026-04-29T10:30:45.520548+12:00,24.3,-36.972991,174.879269,2,True
esp32_device_001,2026-04-29T10:30:45.554795+12:00,24.3,-36.973317,174.879468,2,True
esp32_device_001,2026-04-29T10:30:45.589041+12:00,24.3,-36.973644,174.879636,2,True
esp32_device_001,2026-04-29T10:30:45.623288+12:00,24.3,-36.973901,174.879754,2,True
esp32_device_001,2026-04-29T10:30:45.657534+12:00,24.3,-36.974631,174.880008,2,True
esp32_device_001,2026-04-29T10:30:45.691781+12:00,24.3,-36.975039,174.880141,2,True
esp32_device_001,2026-04-29T10:30:45.726027+12:00,24.3,-36.978397,174.881248,2,True
esp32_device_001,2026-04-29T10:30:45.760274+12:00,24.3,-36.979363,174.881564,2,True
esp32_device_001,2026-04-29T10:30:45.794521+12:00,24.3,-36.980197,174.881888,2,True
esp32_device_001,2026-04-29T10:30:45.828767+12:00,24.3,-36.980540,174.882032,2,True
esp32_device_001,2026-04-29T10:30:45.863014+12:00,24.3,-36.981738,174.882625,2,True
esp32_device_001,2026-04-29T10:30:45.897260+12:00,24.3,-36.986325,174.884959,2,True
esp32_device_001,2026-04-29T10:30:45.931507+12:00,24.3,-36.987818,174.885721,2,True
esp32_device_001,2026-04-29T10:30:45.965753+12:00,24.3,-36.988845,174.886270,2,True
esp32_device_001,2026-04-29T10:30:46+12:00,24.3,-36.989544,174.886703,2,False
esp32_device_001,2026-04-29T10:30:51+12:00,24.3,-36.990562,174.887238,2,False
esp32_device_001,2026-04-29T10:30:52.666667+12:00,24.3,-36.990695,174.887194,2,True
esp32_device_001,2026-04-29T10:30:54.333333+12:00,24.3,-36.991139,174.887539,2,True
esp32_device_001,2026-04-29T10:30:56+12:00,24.3,-36.991482,174.887802,2,False
esp32_device_001,2026-04-29T10:30:58.500000+12:00,24.3,-36.992119,174.888155,2,True
esp32_device_001,2026-04-29T10:31:01+12:00,24.3,-36.992348,174.888351,2,False
esp32_device_001,2026-04-29T10:31:02.250000+12:00,24.3,-36.992489,174.888379,2,True
esp32_device_001,2026-04-29T10:31:03.500000+12:00,24.3,-36.992855,174.888613,2,True
esp32_device_001,2026-04-29T10:31:04.750000+12:00,24.3,-36.993128,174.888788,2,True
esp32_device_001,2026-04-29T10:31:06+12:00,24.3,-36.993183,174.888885,2,False
esp32_device_001,2026-04-29T10:31:06.032895+12:00,24.3,-36.993378,174.888955,2,True
esp32_device_001,2026-04-29T10:31:06.065789+12:00,24.3,-36.993728,174.889193,2,True
esp32_device_001,2026-04-29T10:31:06.098684+12:00,24.3,-36.993834,174.889256,2,True
esp32_device_001,2026-04-29T10:31:06.131579+12:00,24.3,-36.993951,174.889316,2,True
esp32_device_001,2026-04-29T10:31:06.164474+12:00,24.3,-36.994088,174.889371,2,True
esp32_device_001,2026-04-29T10:31:06.197368+12:00,24.3,-36.994249,174.889438,2,True
esp32_device_001,2026-04-29T10:31:06.230263+12:00,24.3,-36.994304,174.889450,2,True
esp32_device_001,2026-04-29T10:31:06.263158+12:00,24.3,-36.994424,174.889465,2,True
esp32_device_001,2026-04-29T10:31:06.296053+12:00,24.3,-36.994554,174.889470,2,True
esp32_device_001,2026-04-29T10:31:06.328947+12:00,24.3,-36.994642,174.889465,2,True
esp32_device_001,2026-04-29T10:31:06.361842+12:00,24.3,-36.994743,174.889453,2,True
esp32_device_001,2026-04-29T10:31:06.394737+12:00,24.3,-36.994825,174.889437,2,True
esp32_device_001,2026-04-29T10:31:06.427632+12:00,24.3,-36.994905,174.889419,2,True
esp32_device_001,2026-04-29T10:31:06.460526+12:00,24.3,-36.994968,174.889401,2,True
esp32_device_001,2026-04-29T10:31:06.493421+12:00,24.3,-36.995039,174.889376,2,True
esp32_device_001,2026-04-29T10:31:06.526316+12:00,24.3,-36.995133,174.889338,2,True
esp32_device_001,2026-04-29T10:31:06.559211+12:00,24.3,-36.995252,174.889274,2,True
esp32_device_001,2026-04-29T10:31:06.592105+12:00,24.3,-36.995380,174.889187,2,True
esp32_device_001,2026-04-29T10:31:06.625000+12:00,24.3,-36.995489,174.889108,2,True
esp32_device_001,2026-04-29T10:31:06.657895+12:00,24.3,-36.995602,174.889009,2,True
esp32_device_001,2026-04-29T10:31:06.690789+12:00,24.3,-36.995704,174.888898,2,True
esp32_device_001,2026-04-29T10:31:06.723684+12:00,24.3,-36.995775,174.888807,2,True
esp32_device_001,2026-04-29T10:31:06.756579+12:00,24.3,-36.995849,174.888698,2,True
esp32_device_001,2026-04-29T10:31:06.789474+12:00,24.3,-36.995923,174.888578,2,True
esp32_device_001,2026-04-29T10:31:06.822368+12:00,24.3,-36.995989,174.888446,2,True
esp32_device_001,2026-04-29T10:31:06.855263+12:00,24.3,-36.996046,174.888319,2,True
esp32_device_001,2026-04-29T10:31:06.888158+12:00,24.3,-36.996105,174.888152,2,True
esp32_device_001,2026-04-29T10:31:06.921053+12:00,24.3,-36.996167,174.887930,2,True
esp32_device_001,2026-04-29T10:31:06.953947+12:00,24.3,-36.996203,174.887717,2,True
esp32_device_001,2026-04-29T10:31:06.986842+12:00,24.3,-36.996219,174.887553,2,True
esp32_device_001,2026-04-29T10:31:07.019737+12:00,24.3,-36.996229,174.887348,2,True
esp32_device_001,2026-04-29T10:31:07.052632+12:00,24.3,-36.996217,174.887130,2,True
esp32_device_001,2026-04-29T10:31:07.085526+12:00,24.3,-36.996196,174.886919,2,True
esp32_device_001,2026-04-29T10:31:07.118421+12:00,24.3,-36.996096,174.886194,2,True
esp32_device_001,2026-04-29T10:31:07.151316+12:00,24.3,-36.996047,174.885750,2,True
esp32_device_001,2026-04-29T10:31:07.184211+12:00,24.3,-36.996020,174.885302,2,True
esp32_device_001,2026-04-29T10:31:07.217105+12:00,24.3,-36.996000,174.884696,2,True
esp32_device_001,2026-04-29T10:31:07.250000+12:00,24.3,-36.995999,174.884476,2,True
esp32_device_001,2026-04-29T10:31:07.282895+12:00,24.3,-36.995956,174.883873,2,True
esp32_device_001,2026-04-29T10:31:07.315789+12:00,24.3,-36.995949,174.882734,2,True
esp32_device_001,2026-04-29T10:31:07.348684+12:00,24.3,-36.995951,174.881411,2,True
esp32_device_001,2026-04-29T10:31:07.381579+12:00,24.3,-36.995956,174.880527,2,True
esp32_device_001,2026-04-29T10:31:07.414474+12:00,24.3,-36.995966,174.880194,2,True
esp32_device_001,2026-04-29T10:31:07.447368+12:00,24.3,-36.995974,174.879906,2,True
esp32_device_001,2026-04-29T10:31:07.480263+12:00,24.3,-36.996082,174.879396,2,True
esp32_device_001,2026-04-29T10:31:07.513158+12:00,24.3,-36.996166,174.878708,2,True
esp32_device_001,2026-04-29T10:31:07.546053+12:00,24.3,-36.996242,174.878121,2,True
esp32_device_001,2026-04-29T10:31:07.578947+12:00,24.3,-36.996298,174.877761,2,True
esp32_device_001,2026-04-29T10:31:07.611842+12:00,24.3,-36.996378,174.877270,2,True
esp32_device_001,2026-04-29T10:31:07.644737+12:00,24.3,-36.996479,174.876618,2,True
esp32_device_001,2026-04-29T10:31:07.677632+12:00,24.3,-36.996569,174.876289,2,True
esp32_device_001,2026-04-29T10:31:07.710526+12:00,24.3,-36.996607,174.876161,2,True
esp32_device_001,2026-04-29T10:31:07.743421+12:00,24.3,-36.996661,174.876038,2,True
esp32_device_001,2026-04-29T10:31:07.776316+12:00,24.3,-36.996722,174.875939,2,True
esp32_device_001,2026-04-29T10:31:07.809211+12:00,24.3,-36.996783,174.875852,2,True
esp32_device_001,2026-04-29T10:31:07.842105+12:00,24.3,-36.996865,174.875777,2,True
esp32_device_001,2026-04-29T10:31:07.875000+12:00,24.3,-36.996927,174.875745,2,True
esp32_device_001,2026-04-29T10:31:07.907895+12:00,24.3,-36.996941,174.875738,2,True
esp32_device_001,2026-04-29T10:31:07.940789+12:00,24.3,-36.997012,174.875722,2,True
esp32_device_001,2026-04-29T10:31:07.973684+12:00,24.3,-36.997105,174.875726,2,True
esp32_device_001,2026-04-29T10:31:08.006579+12:00,24.3,-36.997234,174.875830,2,True
esp32_device_001,2026-04-29T10:31:08.039474+12:00,24.3,-36.997346,174.875922,2,True
esp32_device_001,2026-04-29T10:31:08.072368+12:00,24.3,-36.997468,174.876025,2,True
esp32_device_001,2026-04-29T10:31:08.105263+12:00,24.3,-36.997602,174.876154,2,True
esp32_device_001,2026-04-29T10:31:08.138158+12:00,24.3,-36.997655,174.876349,2,True
esp32_device_001,2026-04-29T10:31:08.171053+12:00,24.3,-36.997663,174.876394,2,True
esp32_device_001,2026-04-29T10:31:08.203947+12:00,24.3,-36.997665,174.876402,2,True
esp32_device_001,2026-04-29T10:31:08.236842+12:00,24.3,-36.997668,174.876440,2,True
esp32_device_001,2026-04-29T10:31:08.269737+12:00,24.3,-36.997665,174.876544,2,True
esp32_device_001,2026-04-29T10:31:08.302632+12:00,24.3,-36.997419,174.876856,2,True
esp32_device_001,2026-04-29T10:31:08.335526+12:00,24.3,-36.997263,174.877026,2,True
esp32_device_001,2026-04-29T10:31:08.368421+12:00,24.3,-36.997237,174.877053,2,True
esp32_device_001,2026-04-29T10:31:08.401316+12:00,24.3,-36.996993,174.877306,2,True
esp32_device_001,2026-04-29T10:31:08.434211+12:00,24.3,-36.996895,174.877401,2,True
esp32_device_001,2026-04-29T10:31:08.467105+12:00,24.3,-36.996812,174.877490,2,True
esp32_device_001,2026-04-29T10:31:08.500000+12:00,24.3,-36.996731,174.877587,2,True
esp32_device_001,2026-04-29T10:31:08.532895+12:00,24.3,-36.996653,174.877645,2,True
esp32_device_001,2026-04-29T10:31:08.565789+12:00,24.3,-36.996559,174.877707,2,True
esp32_device_001,2026-04-29T10:31:08.598684+12:00,24.3,-36.996472,174.877769,2,True
esp32_device_001,2026-04-29T10:31:08.631579+12:00,24.3,-36.996414,174.877798,2,True
esp32_device_001,2026-04-29T10:31:08.664474+12:00,24.3,-36.996320,174.877849,2,True
esp32_device_001,2026-04-29T10:31:08.697368+12:00,24.3,-36.996232,174.877892,2,True
esp32_device_001,2026-04-29T10:31:08.730263+12:00,24.3,-36.996143,174.877931,2,True
esp32_device_001,2026-04-29T10:31:08.763158+12:00,24.3,-36.996046,174.877968,2,True
esp32_device_001,2026-04-29T10:31:08.796053+12:00,24.3,-36.995918,174.878009,2,True
esp32_device_001,2026-04-29T10:31:08.828947+12:00,24.3,-36.995762,174.878055,2,True
esp32_device_001,2026-04-29T10:31:08.861842+12:00,24.3,-36.995576,174.878088,2,True
esp32_device_001,2026-04-29T10:31:08.894737+12:00,24.3,-36.995467,174.878096,2,True
esp32_device_001,2026-04-29T10:31:08.927632+12:00,24.3,-36.995397,174.878084,2,True
esp32_device_001,2026-04-29T10:31:08.960526+12:00,24.3,-36.995111,174.878035,2,True
esp32_device_001,2026-04-29T10:31:08.993421+12:00,24.3,-36.994880,174.877980,2,True
esp32_device_001,2026-04-29T10:31:09.026316+12:00,24.3,-36.994825,174.877965,2,True
esp32_device_001,2026-04-29T10:31:09.059211+12:00,24.3,-36.994794,174.877957,2,True
esp32_device_001,2026-04-29T10:31:09.092105+12:00,24.3,-36.994778,174.877954,2,True
esp32_device_001,2026-04-29T10:31:09.125000+12:00,24.3,-36.994653,174.877928,2,True
esp32_device_001,2026-04-29T10:31:09.157895+12:00,24.3,-36.994516,174.877926,2,True
esp32_device_001,2026-04-29T10:31:09.190789+12:00,24.3,-36.994474,174.878107,2,True
esp32_device_001,2026-04-29T10:31:09.223684+12:00,24.3,-36.994434,174.878268,2,True
esp32_device_001,2026-04-29T10:31:09.256579+12:00,24.3,-36.994389,174.878454,2,True
esp32_device_001,2026-04-29T10:31:09.289474+12:00,24.3,-36.994285,174.878871,2,True
esp32_device_001,2026-04-29T10:31:09.322368+12:00,24.3,-36.994238,174.879037,2,True
esp32_device_001,2026-04-29T10:31:09.355263+12:00,24.3,-36.994191,174.879203,2,True
esp32_device_001,2026-04-29T10:31:09.388158+12:00,24.3,-36.994136,174.879367,2,True
esp32_device_001,2026-04-29T10:31:09.421053+12:00,24.3,-36.994068,174.879570,2,True
esp32_device_001,2026-04-29T10:31:09.453947+12:00,24.3,-36.993992,174.879792,2,True
esp32_device_001,2026-04-29T10:31:09.486842+12:00,24.3,-36.993933,174.879965,2,True
esp32_device_001,2026-04-29T10:31:09.519737+12:00,24.3,-36.993897,174.880079,2,True
esp32_device_001,2026-04-29T10:31:09.552632+12:00,24.3,-36.993748,174.880535,2,True
esp32_device_001,2026-04-29T10:31:09.585526+12:00,24.3,-36.993541,174.881149,2,True
esp32_device_001,2026-04-29T10:31:09.618421+12:00,24.3,-36.993529,174.881184,2,True
esp32_device_001,2026-04-29T10:31:09.651316+12:00,24.3,-36.993502,174.881267,2,True
esp32_device_001,2026-04-29T10:31:09.684211+12:00,24.3,-36.993480,174.881334,2,True
esp32_device_001,2026-04-29T10:31:09.717105+12:00,24.3,-36.993302,174.881869,2,True
esp32_device_001,2026-04-29T10:31:09.750000+12:00,24.3,-36.993184,174.882233,2,True
esp32_device_001,2026-04-29T10:31:09.782895+12:00,24.3,-36.993134,174.882378,2,True
esp32_device_001,2026-04-29T10:31:09.815789+12:00,24.3,-36.993122,174.882411,2,True
esp32_device_001,2026-04-29T10:31:09.848684+12:00,24.3,-36.993095,174.882491,2,True
esp32_device_001,2026-04-29T10:31:09.881579+12:00,24.3,-36.993031,174.882674,2,True
esp32_device_001,2026-04-29T10:31:09.914474+12:00,24.3,-36.992871,174.883146,2,True
esp32_device_001,2026-04-29T10:31:09.947368+12:00,24.3,-36.992696,174.883684,2,True
esp32_device_001,2026-04-29T10:31:09.980263+12:00,24.3,-36.992652,174.883820,2,True
esp32_device_001,2026-04-29T10:31:10.013158+12:00,24.3,-36.992633,174.883889,2,True
esp32_device_001,2026-04-29T10:31:10.046053+12:00,24.3,-36.992616,174.883969,2,True
esp32_device_001,2026-04-29T10:31:10.078947+12:00,24.3,-36.992601,174.884079,2,True
esp32_device_001,2026-04-29T10:31:10.111842+12:00,24.3,-36.992540,174.884661,2,True
esp32_device_001,2026-04-29T10:31:10.144737+12:00,24.3,-36.992513,174.885070,2,True
esp32_device_001,2026-04-29T10:31:10.177632+12:00,24.3,-36.992512,174.885102,2,True
esp32_device_001,2026-04-29T10:31:10.210526+12:00,24.3,-36.992507,174.885245,2,True
esp32_device_001,2026-04-29T10:31:10.243421+12:00,24.3,-36.992500,174.885379,2,True
esp32_device_001,2026-04-29T10:31:10.276316+12:00,24.3,-36.992471,174.885702,2,True
esp32_device_001,2026-04-29T10:31:10.309211+12:00,24.3,-36.992464,174.885745,2,True
esp32_device_001,2026-04-29T10:31:10.342105+12:00,24.3,-36.992429,174.885974,2,True
esp32_device_001,2026-04-29T10:31:10.375000+12:00,24.3,-36.992377,174.886235,2,True
esp32_device_001,2026-04-29T10:31:10.407895+12:00,24.3,-36.992324,174.886481,2,True
esp32_device_001,2026-04-29T10:31:10.440789+12:00,24.3,-36.992251,174.886824,2,True
esp32_device_001,2026-04-29T10:31:10.473684+12:00,24.3,-36.992176,174.887175,2,True
esp32_device_001,2026-04-29T10:31:10.506579+12:00,24.3,-36.992105,174.887459,2,True
esp32_device_001,2026-04-29T10:31:10.539474+12:00,24.3,-36.991926,174.888135,2,True
esp32_device_001,2026-04-29T10:31:10.572368+12:00,24.3,-36.991852,174.888428,2,True
esp32_device_001,2026-04-29T10:31:10.605263+12:00,24.3,-36.991804,174.888630,2,True
esp32_device_001,2026-04-29T10:31:10.638158+12:00,24.3,-36.991925,174.888635,2,True
esp32_device_001,2026-04-29T10:31:10.671053+12:00,24.3,-36.991983,174.888651,2,True
esp32_device_001,2026-04-29T10:31:10.703947+12:00,24.3,-36.992050,174.888671,2,True
esp32_device_001,2026-04-29T10:31:10.736842+12:00,24.3,-36.992184,174.888701,2,True
esp32_device_001,2026-04-29T10:31:10.769737+12:00,24.3,-36.992412,174.888744,2,True
esp32_device_001,2026-04-29T10:31:10.802632+12:00,24.3,-36.992535,174.888770,2,True
esp32_device_001,2026-04-29T10:31:10.835526+12:00,24.3,-36.992646,174.888803,2,True
esp32_device_001,2026-04-29T10:31:10.868421+12:00,24.3,-36.992798,174.888862,2,True
esp32_device_001,2026-04-29T10:31:10.901316+12:00,24.3,-36.993538,174.889173,2,True
esp32_device_001,2026-04-29T10:31:10.934211+12:00,24.3,-36.993691,174.889247,2,True
esp32_device_001,2026-04-29T10:31:10.967105+12:00,24.3,-36.993851,174.889322,2,True
esp32_device_001,2026-04-29T10:31:11+12:00,24.3,-36.993965,174.889359,2,False
esp32_device_001,2026-04-29T10:31:11.555556+12:00,24.3,-36.994079,174.889412,2,True
esp32_device_001,2026-04-29T10:31:12.111111+12:00,24.3,-36.994147,174.889430,2,True
esp32_device_001,2026-04-29T10:31:12.666667+12:00,24.3,-36.994249,174.889438,2,True
esp32_device_001,2026-04-29T10:31:13.222222+12:00,24.3,-36.994304,174.889450,2,True
esp32_device_001,2026-04-29T10:31:13.777778+12:00,24.3,-36.994424,174.889465,2,True
esp32_device_001,2026-04-29T10:31:14.333333+12:00,24.3,-36.994554,174.889470,2,True
esp32_device_001,2026-04-29T10:31:14.888889+12:00,24.3,-36.994642,174.889465,2,True
esp32_device_001,2026-04-29T10:31:15.444444+12:00,24.3,-36.994743,174.889453,2,True
esp32_device_001,2026-04-29T10:31:16+12:00,24.3,-36.994778,174.889435,2,False
esp32_device_001,2026-04-29T10:31:16.625000+12:00,24.3,-36.994825,174.889437,2,True
esp32_device_001,2026-04-29T10:31:17.250000+12:00,24.3,-36.994905,174.889419,2,True
esp32_device_001,2026-04-29T10:31:17.875000+12:00,24.3,-36.994968,174.889401,2,True
esp32_device_001,2026-04-29T10:31:18.500000+12:00,24.3,-36.995039,174.889376,2,True
esp32_device_001,2026-04-29T10:31:19.125000+12:00,24.3,-36.995133,174.889338,2,True
esp32_device_001,2026-04-29T10:31:19.750000+12:00,24.3,-36.995252,174.889274,2,True
esp32_device_001,2026-04-29T10:31:20.375000+12:00,24.3,-36.995380,174.889187,2,True
esp32_device_001,2026-04-29T10:31:21+12:00,24.3,-36.995468,174.889084,2,False
esp32_device_001,2026-04-29T10:31:21.714286+12:00,24.3,-36.995602,174.889009,2,True
esp32_device_001,2026-04-29T10:31:22.428571+12:00,24.3,-36.995704,174.888898,2,True
esp32_device_001,2026-04-29T10:31:23.142857+12:00,24.3,-36.995775,174.888807,2,True
esp32_device_001,2026-04-29T10:31:23.857143+12:00,24.3,-36.995849,174.888698,2,True
esp32_device_001,2026-04-29T10:31:24.571429+12:00,24.3,-36.995923,174.888578,2,True
esp32_device_001,2026-04-29T10:31:25.285714+12:00,24.3,-36.995989,174.888446,2,True
esp32_device_001,2026-04-29T10:31:26+12:00,24.3,-36.996002,174.888351,2,False
esp32_device_001,2026-04-29T10:31:26.833333+12:00,24.3,-36.996046,174.888319,2,True
esp32_device_001,2026-04-29T10:31:27.666667+12:00,24.3,-36.996105,174.888152,2,True
esp32_device_001,2026-04-29T10:31:28.500000+12:00,24.3,-36.996167,174.887930,2,True
esp32_device_001,2026-04-29T10:31:29.333333+12:00,24.3,-36.996203,174.887717,2,True
esp32_device_001,2026-04-29T10:31:30.166667+12:00,24.3,-36.996219,174.887553,2,True
esp32_device_001,2026-04-29T10:31:31+12:00,24.3,-36.996204,174.887375,2,False
esp32_device_001,2026-04-29T10:31:32.250000+12:00,24.3,-36.996229,174.887348,2,True
esp32_device_001,2026-04-29T10:31:33.500000+12:00,24.3,-36.996217,174.887130,2,True
esp32_device_001,2026-04-29T10:31:34.750000+12:00,24.3,-36.996196,174.886919,2,True
esp32_device_001,2026-04-29T10:31:36+12:00,24.3,-36.996109,174.886307,2,False
esp32_device_001,2026-04-29T10:31:37.250000+12:00,24.3,-36.996096,174.886194,2,True
esp32_device_001,2026-04-29T10:31:38.500000+12:00,24.3,-36.996047,174.885750,2,True
esp32_device_001,2026-04-29T10:31:39.750000+12:00,24.3,-36.996020,174.885302,2,True
esp32_device_001,2026-04-29T10:31:41+12:00,24.3,-36.996017,174.885178,2,False
esp32_device_001,2026-04-29T10:31:42.666667+12:00,24.3,-36.996000,174.884696,2,True
esp32_device_001,2026-04-29T10:31:44.333333+12:00,24.3,-36.995999,174.884476,2,True
esp32_device_001,2026-04-29T10:31:46+12:00,24.3,-36.996002,174.883942,2,False
esp32_device_001,2026-04-29T10:31:47.666667+12:00,24.3,-36.995956,174.883873,2,True
esp32_device_001,2026-04-29T10:31:49.333333+12:00,24.3,-36.995949,174.882734,2,True
esp32_device_001,2026-04-29T10:31:51+12:00,24.3,-36.99601,174.882599,2,False
esp32_device_001,2026-04-29T10:31:53.500000+12:00,24.3,-36.995951,174.881411,2,True
esp32_device_001,2026-04-29T10:31:56+12:00,24.3,-36.996017,174.881165,2,False
esp32_device_001,2026-04-29T10:31:57.250000+12:00,24.3,-36.995956,174.880527,2,True
esp32_device_001,2026-04-29T10:31:58.500000+12:00,24.3,-36.995966,174.880194,2,True
esp32_device_001,2026-04-29T10:31:59.750000+12:00,24.3,-36.995974,174.879906,2,True
esp32_device_001,2026-04-29T10:32:01+12:00,24.3,-36.996063,174.879761,2,False
esp32_device_001,2026-04-29T10:32:02.666667+12:00,24.3,-36.996082,174.879396,2,True
esp32_device_001,2026-04-29T10:32:04.333333+12:00,24.3,-36.996166,174.878708,2,True
esp32_device_001,2026-04-29T10:32:06+12:00,24.3,-36.996216,174.878403,2,False
esp32_device_001,2026-04-29T10:32:07.250000+12:00,24.3,-36.996242,174.878121,2,True
esp32_device_001,2026-04-29T10:32:08.500000+12:00,24.3,-36.996298,174.877761,2,True
esp32_device_001,2026-04-29T10:32:09.750000+12:00,24.3,-36.996378,174.877270,2,True
esp32_device_001,2026-04-29T10:32:11+12:00,24.3,-36.996418,174.877167,2,False
esp32_device_001,2026-04-29T10:32:12.666667+12:00,24.3,-36.996479,174.876618,2,True
esp32_device_001,2026-04-29T10:32:14.333333+12:00,24.3,-36.996569,174.876289,2,True
esp32_device_001,2026-04-29T10:32:16+12:00,24.3,-36.996574,174.876236,2,False
esp32_device_001,2026-04-29T10:32:17.250000+12:00,24.3,-36.996607,174.876161,2,True
esp32_device_001,2026-04-29T10:32:18.500000+12:00,24.3,-36.996661,174.876038,2,True
esp32_device_001,2026-04-29T10:32:19.750000+12:00,24.3,-36.996722,174.875939,2,True
esp32_device_001,2026-04-29T10:32:21+12:00,24.3,-36.996758,174.875793,2,False
esp32_device_001,2026-04-29T10:32:26+12:00,24.3,-36.99683,174.875732,2,False
esp32_device_001,2026-04-29T10:32:28.857143+12:00,24.5,-36.996927,174.875745,2,True
esp32_device_001,2026-04-29T10:32:31.714286+12:00,24.7,-36.996941,174.875738,2,True
esp32_device_001,2026-04-29T10:32:34.571429+12:00,24.9,-36.997012,174.875722,2,True
esp32_device_001,2026-04-29T10:32:37.428571+12:00,25.1,-36.997105,174.875726,2,True
esp32_device_001,2026-04-29T10:32:40.285714+12:00,25.3,-36.997234,174.875830,2,True
esp32_device_001,2026-04-29T10:32:43.142857+12:00,25.4,-36.997346,174.875922,2,True
esp32_device_001,2026-04-29T10:32:46+12:00,25.6,-36.997468,174.876025,2,True
esp32_device_001,2026-04-29T10:32:48.857143+12:00,25.8,-36.997602,174.876154,2,True
esp32_device_001,2026-04-29T10:32:51.714286+12:00,26.0,-36.997724,174.876271,2,True
esp32_device_001,2026-04-29T10:32:54.571429+12:00,26.2,-36.997738,174.876283,2,True
esp32_device_001,2026-04-29T10:32:57.428571+12:00,26.4,-36.997750,174.876296,2,True
esp32_device_001,2026-04-29T10:33:00.285714+12:00,26.6,-36.997812,174.876361,2,True
esp32_device_001,2026-04-29T10:33:03.142857+12:00,26.8,-36.997912,174.876482,2,True
esp32_device_001,2026-04-29T10:33:06+12:00,27.0,-36.997970,174.876378,2,True
esp32_device_001,2026-04-29T10:33:08.857143+12:00,27.2,-36.997891,174.876262,2,True
esp32_device_001,2026-04-29T10:33:11.714286+12:00,27.3,-36.997837,174.876171,2,True
esp32_device_001,2026-04-29T10:33:14.571429+12:00,27.5,-36.997745,174.876059,2,True
esp32_device_001,2026-04-29T10:33:17.428571+12:00,27.7,-36.997587,174.875908,2,True
esp32_device_001,2026-04-29T10:33:20.285714+12:00,27.9,-36.997426,174.875774,2,True
esp32_device_001,2026-04-29T10:33:23.142857+12:00,28.1,-36.997299,174.875679,2,True
esp32_device_001,2026-04-29T10:33:26+12:00,28.3,-36.99725,174.875732,2,False
esp32_device_001,2026-04-29T10:33:26.128205+12:00,28.2,-36.997177,174.875591,2,True
esp32_device_001,2026-04-29T10:33:26.256410+12:00,28.1,-36.997026,174.875473,2,True
esp32_device_001,2026-04-29T10:33:26.384615+12:00,28.0,-36.996802,174.875326,2,True
esp32_device_001,2026-04-29T10:33:26.512821+12:00,27.9,-36.996763,174.875299,2,True
esp32_device_001,2026-04-29T10:33:26.641026+12:00,27.9,-36.996703,174.875258,2,True
esp32_device_001,2026-04-29T10:33:26.769231+12:00,27.8,-36.996583,174.875171,2,True
esp32_device_001,2026-04-29T10:33:26.897436+12:00,27.7,-36.996094,174.874817,2,True
esp32_device_001,2026-04-29T10:33:27.025641+12:00,27.6,-36.995932,174.874694,2,True
esp32_device_001,2026-04-29T10:33:27.153846+12:00,27.5,-36.995684,174.874512,2,True
esp32_device_001,2026-04-29T10:33:27.282051+12:00,27.4,-36.995423,174.874351,2,True
esp32_device_001,2026-04-29T10:33:27.410256+12:00,27.3,-36.995406,174.874340,2,True
esp32_device_001,2026-04-29T10:33:27.538462+12:00,27.2,-36.995397,174.874334,2,True
esp32_device_001,2026-04-29T10:33:27.666667+12:00,27.1,-36.995345,174.874293,2,True
esp32_device_001,2026-04-29T10:33:27.794872+12:00,27.0,-36.995245,174.874223,2,True
esp32_device_001,2026-04-29T10:33:27.923077+12:00,27.0,-36.995187,174.874344,2,True
esp32_device_001,2026-04-29T10:33:28.051282+12:00,26.9,-36.995288,174.874416,2,True
esp32_device_001,2026-04-29T10:33:28.179487+12:00,26.8,-36.995341,174.874453,2,True
esp32_device_001,2026-04-29T10:33:28.307692+12:00,26.7,-36.995483,174.874552,2,True
esp32_device_001,2026-04-29T10:33:28.435897+12:00,26.6,-36.995688,174.874695,2,True
esp32_device_001,2026-04-29T10:33:28.564103+12:00,26.5,-36.996083,174.874955,2,True
esp32_device_001,2026-04-29T10:33:28.692308+12:00,26.4,-36.996563,174.875308,2,True
esp32_device_001,2026-04-29T10:33:28.820513+12:00,26.3,-36.996581,174.875325,2,True
esp32_device_001,2026-04-29T10:33:28.948718+12:00,26.2,-36.996669,174.875392,2,True
esp32_device_001,2026-04-29T10:33:29.076923+12:00,26.1,-36.996728,174.875437,2,True
esp32_device_001,2026-04-29T10:33:29.205128+12:00,26.1,-36.997105,174.875726,2,True
esp32_device_001,2026-04-29T10:33:29.333333+12:00,26.0,-36.997234,174.875830,2,True
esp32_device_001,2026-04-29T10:33:29.461538+12:00,25.9,-36.997346,174.875922,2,True
esp32_device_001,2026-04-29T10:33:29.589744+12:00,25.8,-36.997468,174.876025,2,True
esp32_device_001,2026-04-29T10:33:29.717949+12:00,25.7,-36.997602,174.876154,2,True
esp32_device_001,2026-04-29T10:33:29.846154+12:00,25.6,-36.997724,174.876271,2,True
esp32_device_001,2026-04-29T10:33:29.974359+12:00,25.5,-36.997738,174.876283,2,True
esp32_device_001,2026-04-29T10:33:30.102564+12:00,25.4,-36.997750,174.876296,2,True
esp32_device_001,2026-04-29T10:33:30.230769+12:00,25.3,-36.997812,174.876361,2,True
esp32_device_001,2026-04-29T10:33:30.358974+12:00,25.2,-36.997912,174.876482,2,True
esp32_device_001,2026-04-29T10:33:30.487179+12:00,25.2,-36.997970,174.876378,2,True
esp32_device_001,2026-04-29T10:33:30.615385+12:00,25.1,-36.997891,174.876262,2,True
esp32_device_001,2026-04-29T10:33:30.743590+12:00,25.0,-36.997837,174.876171,2,True
esp32_device_001,2026-04-29T10:33:30.871795+12:00,24.9,-36.997745,174.876059,2,True
esp32_device_001,2026-04-29T10:33:31+12:00,24.8,-36.997639,174.876068,2,False
esp32_device_001,2026-04-29T10:33:32.410256+12:00,24.8,-36.997587,174.875908,2,True
esp32_device_001,2026-04-29T10:33:33.820513+12:00,24.8,-36.997426,174.875774,2,True
esp32_device_001,2026-04-29T10:33:35.230769+12:00,24.8,-36.997299,174.875679,2,True
esp32_device_001,2026-04-29T10:33:36.641026+12:00,24.8,-36.997177,174.875591,2,True
esp32_device_001,2026-04-29T10:33:38.051282+12:00,24.8,-36.997026,174.875473,2,True
esp32_device_001,2026-04-29T10:33:39.461538+12:00,24.8,-36.996802,174.875326,2,True
esp32_device_001,2026-04-29T10:33:40.871795+12:00,24.8,-36.996763,174.875299,2,True
esp32_device_001,2026-04-29T10:33:42.282051+12:00,24.8,-36.996703,174.875258,2,True
esp32_device_001,2026-04-29T10:33:43.692308+12:00,24.8,-36.996583,174.875171,2,True
esp32_device_001,2026-04-29T10:33:45.102564+12:00,24.7,-36.996094,174.874817,2,True
esp32_device_001,2026-04-29T10:33:46.512821+12:00,24.7,-36.995932,174.874694,2,True
esp32_device_001,2026-04-29T10:33:47.923077+12:00,24.7,-36.995684,174.874512,2,True
esp32_device_001,2026-04-29T10:33:49.333333+12:00,24.7,-36.995423,174.874351,2,True
esp32_device_001,2026-04-29T10:33:50.743590+12:00,24.7,-36.995406,174.874340,2,True
esp32_device_001,2026-04-29T10:33:52.153846+12:00,24.7,-36.995397,174.874334,2,True
esp32_device_001,2026-04-29T10:33:53.564103+12:00,24.7,-36.995345,174.874293,2,True
esp32_device_001,2026-04-29T10:33:54.974359+12:00,24.7,-36.995245,174.874223,2,True
esp32_device_001,2026-04-29T10:33:56.384615+12:00,24.7,-36.995187,174.874344,2,True
esp32_device_001,2026-04-29T10:33:57.794872+12:00,24.7,-36.995288,174.874416,2,True
esp32_device_001,2026-04-29T10:33:59.205128+12:00,24.7,-36.995341,174.874453,2,True
esp32_device_001,2026-04-29T10:34:00.615385+12:00,24.7,-36.995483,174.874552,2,True
esp32_device_001,2026-04-29T10:34:02.025641+12:00,24.7,-36.995688,174.874695,2,True
esp32_device_001,2026-04-29T10:34:03.435897+12:00,24.7,-36.996083,174.874955,2,True
esp32_device_001,2026-04-29T10:34:04.846154+12:00,24.7,-36.996563,174.875308,2,True
esp32_device_001,2026-04-29T10:34:06.256410+12:00,24.7,-36.996581,174.875325,2,True
esp32_device_001,2026-04-29T10:34:07.666667+12:00,24.7,-36.996669,174.875392,2,True
esp32_device_001,2026-04-29T10:34:09.076923+12:00,24.7,-36.996728,174.875437,2,True
esp32_device_001,2026-04-29T10:34:10.487179+12:00,24.7,-36.997105,174.875726,2,True
esp32_device_001,2026-04-29T10:34:11.897436+12:00,24.7,-36.997234,174.875830,2,True
esp32_device_001,2026-04-29T10:34:13.307692+12:00,24.6,-36.997346,174.875922,2,True
esp32_device_001,2026-04-29T10:34:14.717949+12:00,24.6,-36.997468,174.876025,2,True
esp32_device_001,2026-04-29T10:34:16.128205+12:00,24.6,-36.997602,174.876154,2,True
esp32_device_001,2026-04-29T10:34:17.538462+12:00,24.6,-36.997724,174.876271,2,True
esp32_device_001,2026-04-29T10:34:18.948718+12:00,24.6,-36.997738,174.876283,2,True
esp32_device_001,2026-04-29T10:34:20.358974+12:00,24.6,-36.997750,174.876296,2,True
esp32_device_001,2026-04-29T10:34:21.769231+12:00,24.6,-36.997812,174.876361,2,True
esp32_device_001,2026-04-29T10:34:23.179487+12:00,24.6,-36.997912,174.876482,2,True
esp32_device_001,2026-04-29T10:34:24.589744+12:00,24.6,-36.997970,174.876378,2,True
esp32_device_001,2026-04-29T10:34:26+12:00,24.6,-36.997948,174.876297,2,False
esp32_device_001,2026-04-29T10:34:26.555556+12:00,24.5,-36.997891,174.876262,2,True
esp32_device_001,2026-04-29T10:34:27.111111+12:00,24.3,-36.997812,174.876361,2,True
esp32_device_001,2026-04-29T10:34:27.666667+12:00,24.2,-36.997912,174.876482,2,True
esp32_device_001,2026-04-29T10:34:28.222222+12:00,24.1,-36.997970,174.876378,2,True
esp32_device_001,2026-04-29T10:34:28.777778+12:00,23.9,-36.998014,174.876303,2,True
esp32_device_001,2026-04-29T10:34:29.333333+12:00,23.8,-36.998093,174.876186,2,True
esp32_device_001,2026-04-29T10:34:29.888889+12:00,23.7,-36.998157,174.876070,2,True
esp32_device_001,2026-04-29T10:34:30.444444+12:00,23.5,-36.998213,174.875948,2,True
esp32_device_001,2026-04-29T10:34:31+12:00,23.4,-36.998219,174.875839,2,False
esp32_device_001,2026-04-29T10:34:32+12:00,23.4,-36.998265,174.875823,2,True
esp32_device_001,2026-04-29T10:34:33+12:00,23.5,-36.998353,174.875599,2,True
esp32_device_001,2026-04-29T10:34:34+12:00,23.5,-36.998401,174.875477,2,True
esp32_device_001,2026-04-29T10:34:35+12:00,23.6,-36.998444,174.875361,2,True
esp32_device_001,2026-04-29T10:34:36+12:00,23.6,-36.998505,174.875137,2,False
esp32_device_001,2026-04-29T10:34:37.250000+12:00,23.5,-36.998562,174.875037,2,True
esp32_device_001,2026-04-29T10:34:38.500000+12:00,23.4,-36.998690,174.874707,2,True
esp32_device_001,2026-04-29T10:34:39.750000+12:00,23.2,-36.998795,174.874435,2,True
esp32_device_001,2026-04-29T10:34:41+12:00,23.1,-36.998825,174.874374,2,False
esp32_device_001,2026-04-29T10:34:42.250000+12:00,23.1,-36.998839,174.874320,2,True
esp32_device_001,2026-04-29T10:34:43.500000+12:00,23.1,-36.998872,174.874234,2,True
esp32_device_001,2026-04-29T10:34:44.750000+12:00,23.1,-36.999086,174.873683,2,True
esp32_device_001,2026-04-29T10:34:46+12:00,23.1,-36.999146,174.873596,2,False
esp32_device_001,2026-04-29T10:34:47.666667+12:00,22.9,-36.999193,174.873405,2,True
esp32_device_001,2026-04-29T10:34:49.333333+12:00,22.6,-36.999350,174.872999,2,True
esp32_device_001,2026-04-29T10:34:51+12:00,22.4,-36.999416,174.872971,2,False
esp32_device_001,2026-04-29T10:35:05+12:00,27.3,-36.999429,174.872795,2,True
esp32_device_001,2026-04-29T10:35:19+12:00,32.2,-36.999462,174.872705,2,True
esp32_device_001,2026-04-29T10:35:33+12:00,37.2,-36.999474,174.872672,2,True
esp32_device_001,2026-04-29T10:35:47+12:00,42.1,-36.999526,174.872533,2,True
esp32_device_001,2026-04-29T10:36:01+12:00,47,-36.999565,174.872635,2,False
esp32_device_001,2026-04-29T10:36:01.384615+12:00,46.6,-36.999648,174.872604,2,True
esp32_device_001,2026-04-29T10:36:01.769231+12:00,46.2,-36.999770,174.872675,2,True
esp32_device_001,2026-04-29T10:36:02.153846+12:00,45.8,-36.999916,174.872754,2,True
esp32_device_001,2026-04-29T10:36:02.538462+12:00,45.4,-37.000558,174.873104,2,True
esp32_device_001,2026-04-29T10:36:02.923077+12:00,45.0,-37.000586,174.873023,2,True
esp32_device_001,2026-04-29T10:36:03.307692+12:00,44.6,-37.000625,174.872907,2,True
esp32_device_001,2026-04-29T10:36:03.692308+12:00,44.3,-37.000586,174.873023,2,True
esp32_device_001,2026-04-29T10:36:04.076923+12:00,43.9,-37.000558,174.873104,2,True
esp32_device_001,2026-04-29T10:36:04.461538+12:00,43.5,-36.999916,174.872754,2,True
esp32_device_001,2026-04-29T10:36:04.846154+12:00,43.1,-36.999770,174.872675,2,True
esp32_device_001,2026-04-29T10:36:05.230769+12:00,42.7,-36.999648,174.872604,2,True
esp32_device_001,2026-04-29T10:36:05.615385+12:00,42.3,-36.999526,174.872533,2,True
esp32_device_001,2026-04-29T10:36:06+12:00,41.9,-36.999725,174.872192,2,False
esp32_device_001,2026-04-29T10:36:11+12:00,38.4,-36.999954,174.871536,2,False
esp32_device_001,2026-04-29T10:36:12.666667+12:00,37.9,-36.999967,174.871373,2,True
esp32_device_001,2026-04-29T10:36:14.333333+12:00,37.5,-37.000098,174.870993,2,True
esp32_device_001,2026-04-29T10:36:16+12:00,37,-37.000217,174.870728,2,False
esp32_device_001,2026-04-29T10:36:18.500000+12:00,36.2,-37.000341,174.870290,2,True
esp32_device_001,2026-04-29T10:36:21+12:00,35.5,-37.000504,174.869888,2,False
esp32_device_001,2026-04-29T10:36:22+12:00,35.3,-37.000606,174.869476,2,True
esp32_device_001,2026-04-29T10:36:23+12:00,35.1,-37.000646,174.869362,2,True
esp32_device_001,2026-04-29T10:36:24+12:00,35.0,-37.000706,174.869189,2,True
esp32_device_001,2026-04-29T10:36:25+12:00,34.8,-37.000730,174.869127,2,True
esp32_device_001,2026-04-29T10:36:26+12:00,34.6,-37.000786,174.869034,2,False
esp32_device_001,2026-04-29T10:36:28.500000+12:00,34.9,-37.000972,174.868440,2,True
esp32_device_001,2026-04-29T10:36:31+12:00,35.2,-37.001068,174.86821,2,False
esp32_device_001,2026-04-29T10:36:33.500000+12:00,36.0,-37.001326,174.867435,2,True
esp32_device_001,2026-04-29T10:36:36+12:00,36.7,-37.001354,174.867386,2,False
esp32_device_001,2026-04-29T10:36:41+12:00,40.5,-37.001629,174.866577,2,False
esp32_device_001,2026-04-29T10:36:42.666667+12:00,40.4,-37.001760,174.866113,2,True
esp32_device_001,2026-04-29T10:36:44.333333+12:00,40.4,-37.001806,174.865973,2,True
esp32_device_001,2026-04-29T10:36:46+12:00,40.3,-37.001846,174.865921,2,False
esp32_device_001,2026-04-29T10:36:56+12:00,37.0,-37.001956,174.865501,2,True
esp32_device_001,2026-04-29T10:37:06+12:00,33.6,-37.002003,174.865509,2,False
esp32_device_001,2026-04-29T10:37:06.312500+12:00,33.6,-37.002058,174.865441,2,True
esp32_device_001,2026-04-29T10:37:06.625000+12:00,33.6,-37.002095,174.865419,2,True
esp32_device_001,2026-04-29T10:37:06.937500+12:00,33.5,-37.002125,174.865412,2,True
esp32_device_001,2026-04-29T10:37:07.250000+12:00,33.5,-37.002186,174.865395,2,True
esp32_device_001,2026-04-29T10:37:07.562500+12:00,33.5,-37.002266,174.865369,2,True
esp32_device_001,2026-04-29T10:37:07.875000+12:00,33.5,-37.002134,174.865296,2,True
esp32_device_001,2026-04-29T10:37:08.187500+12:00,33.4,-37.002118,174.865287,2,True
esp32_device_001,2026-04-29T10:37:08.500000+12:00,33.4,-37.002035,174.865242,2,True
esp32_device_001,2026-04-29T10:37:08.812500+12:00,33.4,-37.001908,174.865179,2,True
esp32_device_001,2026-04-29T10:37:09.125000+12:00,33.4,-37.001814,174.865451,2,True
esp32_device_001,2026-04-29T10:37:09.437500+12:00,33.3,-37.001668,174.865906,2,True
esp32_device_001,2026-04-29T10:37:09.750000+12:00,33.3,-37.001806,174.865973,2,True
esp32_device_001,2026-04-29T10:37:10.062500+12:00,33.3,-37.001956,174.865501,2,True
esp32_device_001,2026-04-29T10:37:10.375000+12:00,33.2,-37.002003,174.865355,2,True
esp32_device_001,2026-04-29T10:37:10.687500+12:00,33.2,-37.002035,174.865242,2,True
esp32_device_001,2026-04-29T10:37:11+12:00,33.2,-37.002121,174.865173,2,False
esp32_device_001,2026-04-29T10:37:13.500000+12:00,33.7,-37.002185,174.864924,2,True
esp32_device_001,2026-04-29T10:37:16+12:00,34.1,-37.002281,174.864777,2,False
esp32_device_001,2026-04-29T10:37:21+12:00,37,-37.002476,174.864365,2,False
esp32_device_001,2026-04-29T10:37:26+12:00,40.1,-37.002682,174.863937,2,False
esp32_device_001,2026-04-29T10:37:31+12:00,42,-37.002895,174.86351,2,False
esp32_device_001,2026-04-29T10:37:33.500000+12:00,42.8,-37.003023,174.863212,2,True
esp32_device_001,2026-04-29T10:37:36+12:00,43.6,-37.003128,174.863052,2,False
esp32_device_001,2026-04-29T10:37:38.500000+12:00,43.7,-37.003351,174.862560,2,True
esp32_device_001,2026-04-29T10:37:41+12:00,43.8,-37.003391,174.862518,2,False
esp32_device_001,2026-04-29T10:37:43.500000+12:00,44.0,-37.003453,174.862338,2,True
esp32_device_001,2026-04-29T10:37:46+12:00,44.2,-37.003685,174.862015,2,False
esp32_device_001,2026-04-29T10:37:47.666667+12:00,43.9,-37.003734,174.861763,2,True
esp32_device_001,2026-04-29T10:37:49.333333+12:00,43.6,-37.003888,174.861541,2,True
esp32_device_001,2026-04-29T10:37:51+12:00,43.3,-37.003937,174.861481,2,False
esp32_device_001,2026-04-29T10:37:51.625000+12:00,42.5,-37.003957,174.861458,2,True
esp32_device_001,2026-04-29T10:37:52.250000+12:00,41.7,-37.003994,174.861410,2,True
esp32_device_001,2026-04-29T10:37:52.875000+12:00,40.9,-37.004023,174.861385,2,True
esp32_device_001,2026-04-29T10:37:53.500000+12:00,40.1,-37.004041,174.861370,2,True
esp32_device_001,2026-04-29T10:37:54.125000+12:00,39.4,-37.004086,174.861346,2,True
esp32_device_001,2026-04-29T10:37:54.750000+12:00,38.6,-37.004112,174.861333,2,True
esp32_device_001,2026-04-29T10:37:55.375000+12:00,37.8,-37.004223,174.861310,2,True
esp32_device_001,2026-04-29T10:37:56+12:00,37,-37.00428,174.861359,2,False
esp32_device_001,2026-04-29T10:37:58.500000+12:00,36.2,-37.004673,174.861499,2,True
esp32_device_001,2026-04-29T10:38:01+12:00,35.4,-37.004753,174.861557,2,False
esp32_device_001,2026-04-29T10:38:03.500000+12:00,34.5,-37.004887,174.861590,2,True
esp32_device_001,2026-04-29T10:38:06+12:00,33.7,-37.005337,174.861801,2,False
esp32_device_001,2026-04-29T10:38:11+12:00,33.6,-37.005928,174.862061,2,False
esp32_device_001,2026-04-29T10:38:13.500000+12:00,33.5,-37.006084,174.862094,2,True
esp32_device_001,2026-04-29T10:38:16+12:00,33.4,-37.006474,174.862335,2,False
esp32_device_001,2026-04-29T10:38:21+12:00,33.3,-37.006954,174.862595,2,False
esp32_device_001,2026-04-29T10:38:26+12:00,33.7,-37.007175,174.862701,2,False
esp32_device_001,2026-04-29T10:38:31+12:00,33.1,-37.007351,174.862488,2,False
esp32_device_001,2026-04-29T10:38:36+12:00,33.8,-37.007515,174.86203,2,False
esp32_device_001,2026-04-29T10:38:37.250000+12:00,34.2,-37.007496,174.861948,2,True
esp32_device_001,2026-04-29T10:38:38.500000+12:00,34.6,-37.007572,174.861862,2,True
esp32_device_001,2026-04-29T10:38:39.750000+12:00,35.0,-37.007687,174.861804,2,True
esp32_device_001,2026-04-29T10:38:41+12:00,35.4,-37.007694,174.861694,2,False
esp32_device_001,2026-04-29T10:38:43.500000+12:00,35.2,-37.007690,174.861551,2,True
esp32_device_001,2026-04-29T10:38:46+12:00,35,-37.007763,174.861298,2,False
esp32_device_001,2026-04-29T10:38:51+12:00,35.2,-37.007893,174.860901,2,False
esp32_device_001,2026-04-29T10:38:56+12:00,34.2,-37.007793,174.860718,2,False
esp32_device_001,2026-04-29T10:39:01+12:00,32.6,-37.007748,174.860519,2,False
esp32_device_001,2026-04-29T10:40:36+12:00,58.4,-37.007687,174.860474,2,False
esp32_device_001,2026-04-29T10:40:41+12:00,71.5,-37.007687,174.860519,2,False
esp32_device_001,2026-04-29T10:43:51+12:00,12.1,-37.007633,174.860352,2,False
esp32_device_001,2026-04-29T10:43:56+12:00,5.2,-37.007591,174.860336,2,False
esp32_device_001,2026-04-29T10:43:57.806452+12:00,7.4,-37.007692,174.860645,2,True
esp32_device_001,2026-04-29T10:43:59.612903+12:00,9.7,-37.007699,174.860688,2,True
esp32_device_001,2026-04-29T10:44:01.419355+12:00,11.9,-37.007731,174.860706,2,True
esp32_device_001,2026-04-29T10:44:03.225806+12:00,14.2,-37.007946,174.860805,2,True
esp32_device_001,2026-04-29T10:44:05.032258+12:00,16.4,-37.008024,174.860577,2,True
esp32_device_001,2026-04-29T10:44:06.838710+12:00,18.7,-37.008044,174.860460,2,True
esp32_device_001,2026-04-29T10:44:08.645161+12:00,20.9,-37.008044,174.860288,2,True
esp32_device_001,2026-04-29T10:44:10.451613+12:00,23.2,-37.008034,174.860078,2,True
esp32_device_001,2026-04-29T10:44:12.258065+12:00,25.4,-37.008014,174.859912,2,True
esp32_device_001,2026-04-29T10:44:14.064516+12:00,27.7,-37.008010,174.859746,2,True
esp32_device_001,2026-04-29T10:44:15.870968+12:00,29.9,-37.008039,174.859573,2,True
esp32_device_001,2026-04-29T10:44:17.677419+12:00,32.2,-37.008098,174.859413,2,True
esp32_device_001,2026-04-29T10:44:19.483871+12:00,34.4,-37.008301,174.858795,2,True
esp32_device_001,2026-04-29T10:44:21.290323+12:00,36.7,-37.008375,174.858568,2,True
esp32_device_001,2026-04-29T10:44:23.096774+12:00,38.9,-37.008379,174.858512,2,True
esp32_device_001,2026-04-29T10:44:24.903226+12:00,41.2,-37.008384,174.858445,2,True
esp32_device_001,2026-04-29T10:44:26.709677+12:00,43.4,-37.008375,174.858365,2,True
esp32_device_001,2026-04-29T10:44:28.516129+12:00,45.7,-37.007540,174.857938,2,True
esp32_device_001,2026-04-29T10:44:30.322581+12:00,47.9,-37.008375,174.858365,2,True
esp32_device_001,2026-04-29T10:44:32.129032+12:00,50.2,-37.008384,174.858445,2,True
esp32_device_001,2026-04-29T10:44:33.935484+12:00,52.4,-37.008379,174.858512,2,True
esp32_device_001,2026-04-29T10:44:35.741935+12:00,54.7,-37.008375,174.858568,2,True
esp32_device_001,2026-04-29T10:44:37.548387+12:00,56.9,-37.008301,174.858795,2,True
esp32_device_001,2026-04-29T10:44:39.354839+12:00,59.2,-37.008098,174.859413,2,True
esp32_device_001,2026-04-29T10:44:41.161290+12:00,61.4,-37.008039,174.859573,2,True
esp32_device_001,2026-04-29T10:44:42.967742+12:00,63.7,-37.008010,174.859746,2,True
esp32_device_001,2026-04-29T10:44:44.774194+12:00,65.9,-37.008014,174.859912,2,True
esp32_device_001,2026-04-29T10:44:46.580645+12:00,68.2,-37.008034,174.860078,2,True
esp32_device_001,2026-04-29T10:44:48.387097+12:00,70.4,-37.008044,174.860288,2,True
esp32_device_001,2026-04-29T10:44:50.193548+12:00,72.7,-37.008044,174.860460,2,True
esp32_device_001,2026-04-29T10:44:52+12:00,74.9,-37.007927,174.860519,2,False
esp32_device_001,2026-04-29T10:44:57+12:00,90.1,-37.00798,174.860565,2,False
esp32_device_001,2026-04-29T10:45:07+12:00,83.7,-37.007843,174.860565,2,False
esp32_device_001,2026-04-29T10:45:12+12:00,63.6,-37.007774,174.860626,2,False
esp32_device_001,2026-04-29T10:45:17+12:00,49,-37.007805,174.860733,2,False
esp32_device_001,2026-04-29T10:45:22+12:00,45.1,-37.007881,174.860855,2,False
esp32_device_001,2026-04-29T10:45:27+12:00,42.8,-37.007782,174.86116,2,False
esp32_device_001,2026-04-29T10:45:32+12:00,40.4,-37.007668,174.861511,2,False
esp32_device_001,2026-04-29T10:45:37+12:00,37.1,-37.007679,174.861755,2,False
esp32_device_001,2026-04-29T10:45:38.666667+12:00,36.8,-37.007687,174.861804,2,True
esp32_device_001,2026-04-29T10:45:40.333333+12:00,36.5,-37.007846,174.861802,2,True
esp32_device_001,2026-04-29T10:45:42+12:00,36.2,-37.007961,174.861877,2,False
esp32_device_001,2026-04-29T10:45:47+12:00,35.2,-37.008369,174.862076,2,False
esp32_device_001,2026-04-29T10:45:52+12:00,33.4,-37.008785,174.86232,2,False
esp32_device_001,2026-04-29T10:45:57+12:00,32.7,-37.009018,174.862457,2,False
esp32_device_001,2026-04-29T10:46:02+12:00,33.5,-37.009117,174.862473,2,False
esp32_device_001,2026-04-29T10:46:07+12:00,32.7,-37.009289,174.862106,2,False
esp32_device_001,2026-04-29T10:46:09.500000+12:00,32.4,-37.009380,174.861797,2,True
esp32_device_001,2026-04-29T10:46:12+12:00,32,-37.009491,174.861481,2,False
esp32_device_001,2026-04-29T10:46:17+12:00,32.1,-37.009747,174.860733,2,False
esp32_device_001,2026-04-29T10:46:22+12:00,33,-37.009998,174.85997,2,False
esp32_device_001,2026-04-29T10:46:24.500000+12:00,33.1,-37.010222,174.859289,2,True
esp32_device_001,2026-04-29T10:46:27+12:00,33.3,-37.010239,174.859283,2,False
esp32_device_001,2026-04-29T10:46:32+12:00,33.1,-37.010464,174.858643,2,False
esp32_device_001,2026-04-29T10:46:33.666667+12:00,32.7,-37.010497,174.858470,2,True
esp32_device_001,2026-04-29T10:46:35.333333+12:00,32.3,-37.010602,174.858158,2,True
esp32_device_001,2026-04-29T10:46:37+12:00,31.9,-37.010658,174.858124,2,False
esp32_device_001,2026-04-29T10:46:41.166667+12:00,31.9,-37.010723,174.858026,2,True
esp32_device_001,2026-04-29T10:46:45.333333+12:00,32.0,-37.010762,174.857997,2,True
esp32_device_001,2026-04-29T10:46:49.500000+12:00,32.0,-37.010797,174.857977,2,True
esp32_device_001,2026-04-29T10:46:53.666667+12:00,32.0,-37.010819,174.857969,2,True
esp32_device_001,2026-04-29T10:46:57.833333+12:00,32.1,-37.010867,174.857960,2,True
esp32_device_001,2026-04-29T10:47:02+12:00,32.1,-37.011124,174.858093,2,False
esp32_device_001,2026-04-29T10:47:04.500000+12:00,31.8,-37.011530,174.858310,2,True
esp32_device_001,2026-04-29T10:47:07+12:00,31.5,-37.011658,174.858383,2,False
esp32_device_001,2026-04-29T10:47:08.666667+12:00,31.3,-37.012069,174.858595,2,True
esp32_device_001,2026-04-29T10:47:10.333333+12:00,31.0,-37.012228,174.858679,2,True
esp32_device_001,2026-04-29T10:47:12+12:00,30.8,-37.012283,174.858734,2,False
esp32_device_001,2026-04-29T10:47:14.500000+12:00,30.4,-37.012358,174.858747,2,True
esp32_device_001,2026-04-29T10:47:17+12:00,30,-37.01281,174.859009,2,False
esp32_device_001,2026-04-29T10:47:22+12:00,29,-37.013004,174.859116,2,False
esp32_device_001,2026-04-29T10:47:27+12:00,29.4,-37.013062,174.859146,2,False
esp32_device_001,2026-04-29T10:47:32+12:00,25.4,-37.013245,174.859253,2,False
esp32_device_001,2026-04-29T10:47:33.666667+12:00,24.7,-37.013389,174.859292,2,True
esp32_device_001,2026-04-29T10:47:35.333333+12:00,23.9,-37.013525,174.859363,2,True
esp32_device_001,2026-04-29T10:47:37+12:00,23.2,-37.013607,174.859467,2,False
esp32_device_001,2026-04-29T10:47:38.666667+12:00,22.7,-37.014041,174.859641,2,True
esp32_device_001,2026-04-29T10:47:40.333333+12:00,22.2,-37.014075,174.859659,2,True
esp32_device_001,2026-04-29T10:47:42+12:00,21.7,-37.014126,174.859756,2,False
esp32_device_001,2026-04-29T10:47:44.500000+12:00,21.6,-37.014504,174.859889,2,True
esp32_device_001,2026-04-29T10:47:47+12:00,21.5,-37.014706,174.860062,2,False
esp32_device_001,2026-04-29T10:47:49.500000+12:00,21.8,-37.014858,174.860079,2,True
esp32_device_001,2026-04-29T10:47:52+12:00,22,-37.015217,174.860321,2,False
esp32_device_001,2026-04-29T10:47:54.500000+12:00,23.6,-37.015517,174.860424,2,True
esp32_device_001,2026-04-29T10:47:57+12:00,25.1,-37.015713,174.86058,2,False
esp32_device_001,2026-04-29T10:47:59.500000+12:00,26.6,-37.015933,174.860648,2,True
esp32_device_001,2026-04-29T10:48:02+12:00,28.1,-37.016193,174.86084,2,False
esp32_device_001,2026-04-29T10:48:07+12:00,28.3,-37.016655,174.861084,2,False
esp32_device_001,2026-04-29T10:48:12+12:00,27.7,-37.01701,174.861267,2,False
esp32_device_001,2026-04-29T10:48:14.500000+12:00,27.4,-37.017195,174.861327,2,True
esp32_device_001,2026-04-29T10:48:17+12:00,27,-37.017303,174.86142,2,False
esp32_device_001,2026-04-29T10:48:19.500000+12:00,26.4,-37.017629,174.861560,2,True
esp32_device_001,2026-04-29T10:48:22+12:00,25.9,-37.017792,174.861679,2,False
esp32_device_001,2026-04-29T10:48:22.227273+12:00,25.9,-37.018015,174.861768,2,True
esp32_device_001,2026-04-29T10:48:22.454545+12:00,25.9,-37.018260,174.861901,2,True
esp32_device_001,2026-04-29T10:48:22.681818+12:00,25.8,-37.018516,174.862041,2,True
esp32_device_001,2026-04-29T10:48:22.909091+12:00,25.8,-37.018665,174.862122,2,True
esp32_device_001,2026-04-29T10:48:23.136364+12:00,25.8,-37.018741,174.862246,2,True
esp32_device_001,2026-04-29T10:48:23.363636+12:00,25.8,-37.018766,174.862308,2,True
esp32_device_001,2026-04-29T10:48:23.590909+12:00,25.8,-37.018785,174.862371,2,True
esp32_device_001,2026-04-29T10:48:23.818182+12:00,25.8,-37.018787,174.862404,2,True
esp32_device_001,2026-04-29T10:48:24.045455+12:00,25.7,-37.018790,174.862478,2,True
esp32_device_001,2026-04-29T10:48:24.272727+12:00,25.7,-37.018781,174.862612,2,True
esp32_device_001,2026-04-29T10:48:24.500000+12:00,25.7,-37.018698,174.862859,2,True
esp32_device_001,2026-04-29T10:48:24.727273+12:00,25.7,-37.018672,174.862935,2,True
esp32_device_001,2026-04-29T10:48:24.954545+12:00,25.7,-37.018601,174.862897,2,True
esp32_device_001,2026-04-29T10:48:25.181818+12:00,25.6,-37.018492,174.862839,2,True
esp32_device_001,2026-04-29T10:48:25.409091+12:00,25.6,-37.018480,174.862833,2,True
esp32_device_001,2026-04-29T10:48:25.636364+12:00,25.6,-37.018035,174.862597,2,True
esp32_device_001,2026-04-29T10:48:25.863636+12:00,25.6,-37.018100,174.862395,2,True
esp32_device_001,2026-04-29T10:48:26.090909+12:00,25.6,-37.018140,174.862273,2,True
esp32_device_001,2026-04-29T10:48:26.318182+12:00,25.6,-37.018201,174.862082,2,True
esp32_device_001,2026-04-29T10:48:26.545455+12:00,25.5,-37.018221,174.862020,2,True
esp32_device_001,2026-04-29T10:48:26.772727+12:00,25.5,-37.018242,174.861957,2,True
esp32_device_001,2026-04-29T10:48:27+12:00,25.5,-37.018272,174.861938,2,False
esp32_device_001,2026-04-29T10:48:28.250000+12:00,25.4,-37.018260,174.861901,2,True
esp32_device_001,2026-04-29T10:48:29.500000+12:00,25.2,-37.018516,174.862041,2,True
esp32_device_001,2026-04-29T10:48:30.750000+12:00,25.0,-37.018665,174.862122,2,True
esp32_device_001,2026-04-29T10:48:32+12:00,24.9,-37.018665,174.862198,2,False
esp32_device_001,2026-04-29T10:48:37+12:00,24.7,-37.018772,174.862335,2,False
esp32_device_001,2026-04-29T10:48:42+12:00,25.9,-37.018745,174.86261,2,False
esp32_device_001,2026-04-29T10:48:43.250000+12:00,26.1,-37.018698,174.862859,2,True
esp32_device_001,2026-04-29T10:48:44.500000+12:00,26.3,-37.018672,174.862935,2,True
esp32_device_001,2026-04-29T10:48:45.750000+12:00,26.5,-37.018604,174.863144,2,True
esp32_device_001,2026-04-29T10:48:47+12:00,26.7,-37.018574,174.863144,2,False
esp32_device_001,2026-04-29T10:48:48.250000+12:00,26.7,-37.018559,174.863281,2,True
esp32_device_001,2026-04-29T10:48:49.500000+12:00,26.7,-37.018537,174.863348,2,True
esp32_device_001,2026-04-29T10:48:50.750000+12:00,26.7,-37.018444,174.863632,2,True
esp32_device_001,2026-04-29T10:48:52+12:00,26.7,-37.018379,174.863724,2,False
esp32_device_001,2026-04-29T10:48:53+12:00,26.6,-37.018392,174.863787,2,True
esp32_device_001,2026-04-29T10:48:54+12:00,26.6,-37.018333,174.863953,2,True
esp32_device_001,2026-04-29T10:48:55+12:00,26.5,-37.018272,174.864125,2,True
esp32_device_001,2026-04-29T10:48:56+12:00,26.5,-37.018207,174.864314,2,True
esp32_device_001,2026-04-29T10:48:57+12:00,26.4,-37.018173,174.864334,2,False
esp32_device_001,2026-04-29T10:49:02+12:00,26.6,-37.018051,174.8647,2,False
esp32_device_001,2026-04-29T10:49:12+12:00,27.1,-37.018032,174.864761,2,False
esp32_device_001,2026-04-29T10:49:17+12:00,27.8,-37.017975,174.864944,2,False
esp32_device_001,2026-04-29T10:49:18.250000+12:00,28.0,-37.017884,174.865240,2,True
esp32_device_001,2026-04-29T10:49:19.500000+12:00,28.1,-37.017874,174.865270,2,True
esp32_device_001,2026-04-29T10:49:20.750000+12:00,28.3,-37.017868,174.865285,2,True
esp32_device_001,2026-04-29T10:49:22+12:00,28.5,-37.017822,174.865387,2,False
esp32_device_001,2026-04-29T10:49:23+12:00,28.7,-37.017811,174.865449,2,True
esp32_device_001,2026-04-29T10:49:24+12:00,28.9,-37.017757,174.865620,2,True
esp32_device_001,2026-04-29T10:49:25+12:00,29.2,-37.017747,174.865654,2,True
esp32_device_001,2026-04-29T10:49:26+12:00,29.4,-37.017669,174.865901,2,True
esp32_device_001,2026-04-29T10:49:27+12:00,29.6,-37.017612,174.865997,2,False
esp32_device_001,2026-04-29T10:49:29.500000+12:00,30.5,-37.017607,174.866095,2,True
esp32_device_001,2026-04-29T10:49:32+12:00,31.3,-37.01738,174.866669,2,False
esp32_device_001,2026-04-29T10:49:34.500000+12:00,31.6,-37.017260,174.867101,2,True
esp32_device_001,2026-04-29T10:49:37+12:00,31.8,-37.01717,174.867294,2,False
esp32_device_001,2026-04-29T10:49:39+12:00,32.1,-37.017183,174.867329,2,True
esp32_device_001,2026-04-29T10:49:41+12:00,32.4,-37.017112,174.867530,2,True
esp32_device_001,2026-04-29T10:49:43+12:00,32.7,-37.016933,174.867966,2,False
esp32_device_001,2026-04-29T10:49:45.500000+12:00,32.3,-37.016811,174.868391,2,True
esp32_device_001,2026-04-29T10:49:48+12:00,31.9,-37.016708,174.868637,2,False
esp32_device_001,2026-04-29T10:49:49.666667+12:00,31.9,-37.016630,174.868924,2,True
esp32_device_001,2026-04-29T10:49:51.333333+12:00,31.9,-37.016563,174.869118,2,True
esp32_device_001,2026-04-29T10:49:53+12:00,31.9,-37.016472,174.869217,2,False
esp32_device_001,2026-04-29T10:49:59.250000+12:00,32.4,-37.016435,174.869488,2,True
esp32_device_001,2026-04-29T10:50:05.500000+12:00,32.8,-37.016382,174.869642,2,True
esp32_device_001,2026-04-29T10:50:11.750000+12:00,33.2,-37.016340,174.869765,2,True
esp32_device_001,2026-04-29T10:50:18+12:00,33.7,-37.016258,174.869934,2,False
esp32_device_001,2026-04-29T10:50:19.666667+12:00,33.8,-37.016165,174.870272,2,True
esp32_device_001,2026-04-29T10:50:21.333333+12:00,33.8,-37.016075,174.870533,2,True
esp32_device_001,2026-04-29T10:50:23+12:00,33.9,-37.016029,174.870605,2,False
esp32_device_001,2026-04-29T10:50:25.500000+12:00,34.0,-37.015832,174.871238,2,True
esp32_device_001,2026-04-29T10:50:28+12:00,34,-37.015778,174.871323,2,False
esp32_device_001,2026-04-29T10:50:30.500000+12:00,34.8,-37.015594,174.871929,2,True
esp32_device_001,2026-04-29T10:50:33+12:00,35.5,-37.015541,174.872025,2,False
esp32_device_001,2026-04-29T10:50:34.250000+12:00,35.7,-37.015496,174.872212,2,True
esp32_device_001,2026-04-29T10:50:35.500000+12:00,36.0,-37.015478,174.872268,2,True
esp32_device_001,2026-04-29T10:50:36.750000+12:00,36.2,-37.015469,174.872293,2,True
esp32_device_001,2026-04-29T10:50:38+12:00,36.4,-37.015301,174.872742,2,False
esp32_device_001,2026-04-29T10:50:40.500000+12:00,36.5,-37.015083,174.873428,2,True
esp32_device_001,2026-04-29T10:50:43+12:00,36.7,-37.015049,174.873459,2,False
esp32_device_001,2026-04-29T10:50:48+12:00,37.1,-37.014812,174.874146,2,False
esp32_device_001,2026-04-29T10:50:48.625000+12:00,37.3,-37.014828,174.874179,2,True
esp32_device_001,2026-04-29T10:50:49.250000+12:00,37.5,-37.014822,174.874196,2,True
esp32_device_001,2026-04-29T10:50:49.875000+12:00,37.7,-37.014730,174.874468,2,True
esp32_device_001,2026-04-29T10:50:50.500000+12:00,37.9,-37.014704,174.874544,2,True
esp32_device_001,2026-04-29T10:50:51.125000+12:00,38.1,-37.014691,174.874582,2,True
esp32_device_001,2026-04-29T10:50:51.750000+12:00,38.3,-37.014687,174.874593,2,True
esp32_device_001,2026-04-29T10:50:52.375000+12:00,38.5,-37.014644,174.874722,2,True
esp32_device_001,2026-04-29T10:50:53+12:00,38.7,-37.014622,174.87471,2,False
esp32_device_001,2026-04-29T10:50:53.138889+12:00,38.7,-37.014486,174.874716,2,True
esp32_device_001,2026-04-29T10:50:53.277778+12:00,38.8,-37.014477,174.874716,2,True
esp32_device_001,2026-04-29T10:50:53.416667+12:00,38.8,-37.014453,174.874716,2,True
esp32_device_001,2026-04-29T10:50:53.555556+12:00,38.9,-37.014428,174.874715,2,True
esp32_device_001,2026-04-29T10:50:53.694444+12:00,38.9,-37.014315,174.874715,2,True
esp32_device_001,2026-04-29T10:50:53.833333+12:00,39.0,-37.013990,174.874712,2,True
esp32_device_001,2026-04-29T10:50:53.972222+12:00,39.0,-37.013912,174.874710,2,True
esp32_device_001,2026-04-29T10:50:54.111111+12:00,39.1,-37.013851,174.874703,2,True
esp32_device_001,2026-04-29T10:50:54.250000+12:00,39.1,-37.013848,174.874785,2,True
esp32_device_001,2026-04-29T10:50:54.388889+12:00,39.2,-37.013847,174.874814,2,True
esp32_device_001,2026-04-29T10:50:54.527778+12:00,39.2,-37.013854,174.874856,2,True
esp32_device_001,2026-04-29T10:50:54.666667+12:00,39.3,-37.013879,174.874933,2,True
esp32_device_001,2026-04-29T10:50:54.805556+12:00,39.3,-37.013928,174.875045,2,True
esp32_device_001,2026-04-29T10:50:54.944444+12:00,39.4,-37.014082,174.875339,2,True
esp32_device_001,2026-04-29T10:50:55.083333+12:00,39.4,-37.014098,174.875359,2,True
esp32_device_001,2026-04-29T10:50:55.222222+12:00,39.5,-37.014122,174.875364,2,True
esp32_device_001,2026-04-29T10:50:55.361111+12:00,39.5,-37.014145,174.875349,2,True
esp32_device_001,2026-04-29T10:50:55.500000+12:00,39.5,-37.014323,174.875210,2,True
esp32_device_001,2026-04-29T10:50:55.638889+12:00,39.6,-37.014343,174.875192,2,True
esp32_device_001,2026-04-29T10:50:55.777778+12:00,39.6,-37.014363,174.875157,2,True
esp32_device_001,2026-04-29T10:50:55.916667+12:00,39.7,-37.014393,174.875067,2,True
esp32_device_001,2026-04-29T10:50:56.055556+12:00,39.7,-37.014398,174.875042,2,True
esp32_device_001,2026-04-29T10:50:56.194444+12:00,39.8,-37.014393,174.875018,2,True
esp32_device_001,2026-04-29T10:50:56.333333+12:00,39.8,-37.014318,174.874860,2,True
esp32_device_001,2026-04-29T10:50:56.472222+12:00,39.9,-37.014311,174.874832,2,True
esp32_device_001,2026-04-29T10:50:56.611111+12:00,39.9,-37.014312,174.874815,2,True
esp32_device_001,2026-04-29T10:50:56.750000+12:00,40.0,-37.014315,174.874715,2,True
esp32_device_001,2026-04-29T10:50:56.888889+12:00,40.0,-37.014428,174.874715,2,True
esp32_device_001,2026-04-29T10:50:57.027778+12:00,40.1,-37.014453,174.874716,2,True
esp32_device_001,2026-04-29T10:50:57.166667+12:00,40.1,-37.014477,174.874716,2,True
esp32_device_001,2026-04-29T10:50:57.305556+12:00,40.2,-37.014486,174.874716,2,True
esp32_device_001,2026-04-29T10:50:57.444444+12:00,40.2,-37.014644,174.874722,2,True
esp32_device_001,2026-04-29T10:50:57.583333+12:00,40.3,-37.014593,174.874853,2,True
esp32_device_001,2026-04-29T10:50:57.722222+12:00,40.3,-37.014582,174.874884,2,True
esp32_device_001,2026-04-29T10:50:57.861111+12:00,40.4,-37.014475,174.875192,2,True
esp32_device_001,2026-04-29T10:50:58+12:00,40.4,-37.014416,174.875351,2,False
esp32_device_001,2026-04-29T10:51:00.500000+12:00,41.5,-37.014214,174.875945,2,True
esp32_device_001,2026-04-29T10:51:03+12:00,42.6,-37.014191,174.876007,2,False
esp32_device_001,2026-04-29T10:51:04.250000+12:00,41.9,-37.014158,174.876108,2,True
esp32_device_001,2026-04-29T10:51:05.500000+12:00,41.2,-37.014009,174.876545,2,True
esp32_device_001,2026-04-29T10:51:06.750000+12:00,40.6,-37.013996,174.876588,2,True
esp32_device_001,2026-04-29T10:51:08+12:00,39.9,-37.013962,174.876602,2,False
esp32_device_001,2026-04-29T10:51:08.714286+12:00,39.7,-37.013971,174.876652,2,True
esp32_device_001,2026-04-29T10:51:09.428571+12:00,39.6,-37.013957,174.876687,2,True
esp32_device_001,2026-04-29T10:51:10.142857+12:00,39.4,-37.013943,174.876719,2,True
esp32_device_001,2026-04-29T10:51:10.857143+12:00,39.2,-37.013932,174.876746,2,True
esp32_device_001,2026-04-29T10:51:11.571429+12:00,39.0,-37.013918,174.876786,2,True
esp32_device_001,2026-04-29T10:51:12.285714+12:00,38.9,-37.013818,174.877087,2,True
esp32_device_001,2026-04-29T10:51:13+12:00,38.7,-37.013756,174.87709,2,False
esp32_device_001,2026-04-29T10:51:18+12:00,35.7,-37.013496,174.877121,2,False
esp32_device_001,2026-04-29T10:51:23+12:00,33.7,-37.013382,174.877045,2,False
esp32_device_001,2026-04-29T10:51:28+12:00,32.6,-37.013203,174.876953,2,False
esp32_device_001,2026-04-29T10:51:29.666667+12:00,32.8,-37.013184,174.876960,2,True
esp32_device_001,2026-04-29T10:51:31.333333+12:00,33.1,-37.012952,174.876837,2,True
esp32_device_001,2026-04-29T10:51:33+12:00,33.3,-37.012779,174.87674,2,False
esp32_device_001,2026-04-29T10:51:34.666667+12:00,33.5,-37.012747,174.876727,2,True
esp32_device_001,2026-04-29T10:51:36.333333+12:00,33.6,-37.012310,174.876494,2,True
esp32_device_001,2026-04-29T10:51:38+12:00,33.8,-37.012238,174.87645,2,False
esp32_device_001,2026-04-29T10:51:39.250000+12:00,33.7,-37.012214,174.876443,2,True
esp32_device_001,2026-04-29T10:51:40.500000+12:00,33.5,-37.011770,174.876205,2,True
esp32_device_001,2026-04-29T10:51:41.750000+12:00,33.4,-37.011744,174.876192,2,True
esp32_device_001,2026-04-29T10:51:43+12:00,33.3,-37.011654,174.876129,2,False
esp32_device_001,2026-04-29T10:51:45.500000+12:00,32.8,-37.011369,174.875991,2,True
esp32_device_001,2026-04-29T10:51:48+12:00,32.3,-37.011089,174.875824,2,False
esp32_device_001,2026-04-29T10:51:50.500000+12:00,32.3,-37.011050,174.875821,2,True
esp32_device_001,2026-04-29T10:51:53+12:00,32.3,-37.010536,174.875534,2,False
esp32_device_001,2026-04-29T10:51:54.666667+12:00,32.2,-37.010161,174.875346,2,True
esp32_device_001,2026-04-29T10:51:56.333333+12:00,32.1,-37.009994,174.875257,2,True
esp32_device_001,2026-04-29T10:51:58+12:00,32,-37.009953,174.875198,2,False
esp32_device_001,2026-04-29T10:52:03+12:00,31.8,-37.009331,174.874878,2,False
esp32_device_001,2026-04-29T10:52:05.500000+12:00,31.6,-37.009143,174.874802,2,True
esp32_device_001,2026-04-29T10:52:08+12:00,31.3,-37.008728,174.874542,2,False
esp32_device_001,2026-04-29T10:52:09.666667+12:00,31.0,-37.008537,174.874479,2,True
esp32_device_001,2026-04-29T10:52:11.333333+12:00,30.6,-37.008423,174.874418,2,True
esp32_device_001,2026-04-29T10:52:13+12:00,30.3,-37.008156,174.874252,2,False
esp32_device_001,2026-04-29T10:52:15.500000+12:00,30.0,-37.007935,174.874157,2,True
esp32_device_001,2026-04-29T10:52:18+12:00,29.6,-37.007648,174.873993,2,False
esp32_device_001,2026-04-29T10:52:20.500000+12:00,28.1,-37.007583,174.873978,2,True
esp32_device_001,2026-04-29T10:52:23+12:00,26.7,-37.007336,174.873795,2,False
esp32_device_001,2026-04-29T10:52:27.166667+12:00,26.9,-37.007146,174.873757,2,True
esp32_device_001,2026-04-29T10:52:31.333333+12:00,27.0,-37.007120,174.873744,2,True
esp32_device_001,2026-04-29T10:52:35.500000+12:00,27.1,-37.007007,174.873690,2,True
esp32_device_001,2026-04-29T10:52:39.666667+12:00,27.3,-37.007064,174.873523,2,True
esp32_device_001,2026-04-29T10:52:43.833333+12:00,27.5,-37.007072,174.873502,2,True
esp32_device_001,2026-04-29T10:52:48+12:00,27.6,-37.007233,174.873215,2,False
esp32_device_001,2026-04-29T10:52:49.666667+12:00,27.8,-37.007210,174.873100,2,True
esp32_device_001,2026-04-29T10:52:51.333333+12:00,28.0,-37.007241,174.873009,2,True
esp32_device_001,2026-04-29T10:52:53+12:00,28.2,-37.007454,174.872528,2,False
esp32_device_001,2026-04-29T10:52:58+12:00,29,-37.007721,174.871735,2,False
esp32_device_001,2026-04-29T10:52:58.555556+12:00,29.1,-37.007971,174.870880,2,True
esp32_device_001,2026-04-29T10:52:59.111111+12:00,29.2,-37.008195,174.870248,2,True
esp32_device_001,2026-04-29T10:52:59.666667+12:00,29.2,-37.008310,174.869919,2,True
esp32_device_001,2026-04-29T10:53:00.222222+12:00,29.3,-37.008352,174.869783,2,True
esp32_device_001,2026-04-29T10:53:00.777778+12:00,29.4,-37.008419,174.869819,2,True
esp32_device_001,2026-04-29T10:53:01.333333+12:00,29.5,-37.008567,174.869896,2,True
esp32_device_001,2026-04-29T10:53:01.888889+12:00,29.5,-37.008202,174.871004,2,True
esp32_device_001,2026-04-29T10:53:02.444444+12:00,29.6,-37.008052,174.870923,2,True
esp32_device_001,2026-04-29T10:53:03+12:00,29.7,-37.007996,174.870926,2,False
esp32_device_001,2026-04-29T10:53:04.666667+12:00,29.5,-37.007971,174.870880,2,True
esp32_device_001,2026-04-29T10:53:06.333333+12:00,29.2,-37.008195,174.870248,2,True
esp32_device_001,2026-04-29T10:53:08+12:00,29,-37.008266,174.870132,2,False
esp32_device_001,2026-04-29T10:53:09+12:00,28.8,-37.008310,174.869919,2,True
esp32_device_001,2026-04-29T10:53:10+12:00,28.6,-37.008352,174.869783,2,True
esp32_device_001,2026-04-29T10:53:11+12:00,28.3,-37.008384,174.869624,2,True
esp32_device_001,2026-04-29T10:53:12+12:00,28.1,-37.008394,174.869499,2,True
esp32_device_001,2026-04-29T10:53:13+12:00,27.9,-37.008427,174.86937,2,False
esp32_device_001,2026-04-29T10:53:13.714286+12:00,27.9,-37.008387,174.869235,2,True
esp32_device_001,2026-04-29T10:53:14.428571+12:00,27.9,-37.008367,174.869105,2,True
esp32_device_001,2026-04-29T10:53:15.142857+12:00,27.9,-37.008344,174.869001,2,True
esp32_device_001,2026-04-29T10:53:15.857143+12:00,28.0,-37.008305,174.868897,2,True
esp32_device_001,2026-04-29T10:53:16.571429+12:00,28.0,-37.008265,174.868789,2,True
esp32_device_001,2026-04-29T10:53:17.285714+12:00,28.0,-37.008209,174.868693,2,True
esp32_device_001,2026-04-29T10:53:18+12:00,28,-37.008213,174.868637,2,False
esp32_device_001,2026-04-29T10:53:18.833333+12:00,27.9,-37.008146,174.868594,2,True
esp32_device_001,2026-04-29T10:53:19.666667+12:00,27.8,-37.008067,174.868497,2,True
esp32_device_001,2026-04-29T10:53:20.500000+12:00,27.7,-37.007984,174.868418,2,True
esp32_device_001,2026-04-29T10:53:21.333333+12:00,27.6,-37.007892,174.868351,2,True
esp32_device_001,2026-04-29T10:53:22.166667+12:00,27.5,-37.007803,174.868302,2,True
esp32_device_001,2026-04-29T10:53:23+12:00,27.4,-37.007683,174.86821,2,False
esp32_device_001,2026-04-29T10:53:25.500000+12:00,27.1,-37.007495,174.868139,2,True
esp32_device_001,2026-04-29T10:53:28+12:00,26.9,-37.007103,174.867889,2,False
esp32_device_001,2026-04-29T10:53:30.500000+12:00,26.5,-37.007062,174.867910,2,True
esp32_device_001,2026-04-29T10:53:33+12:00,26.1,-37.0065,174.867569,2,False
esp32_device_001,2026-04-29T10:53:34.666667+12:00,26.0,-37.005998,174.867345,2,True
esp32_device_001,2026-04-29T10:53:36.333333+12:00,25.9,-37.005864,174.867274,2,True
esp32_device_001,2026-04-29T10:53:38+12:00,25.8,-37.005863,174.867233,2,False
esp32_device_001,2026-04-29T10:53:40.500000+12:00,25.5,-37.005526,174.867095,2,True
esp32_device_001,2026-04-29T10:53:43+12:00,25.2,-37.00523,174.866898,2,False
esp32_device_001,2026-04-29T10:53:43.625000+12:00,25.1,-37.004755,174.866686,2,True
esp32_device_001,2026-04-29T10:53:44.250000+12:00,25.0,-37.004309,174.866454,2,True
esp32_device_001,2026-04-29T10:53:44.875000+12:00,24.9,-37.004227,174.866406,2,True
esp32_device_001,2026-04-29T10:53:45.500000+12:00,24.8,-37.004254,174.866326,2,True
esp32_device_001,2026-04-29T10:53:46.125000+12:00,24.6,-37.004294,174.866202,2,True
esp32_device_001,2026-04-29T10:53:46.750000+12:00,24.5,-37.004829,174.866473,2,True
esp32_device_001,2026-04-29T10:53:47.375000+12:00,24.4,-37.004787,174.866594,2,True
esp32_device_001,2026-04-29T10:53:48+12:00,24.3,-37.004807,174.866653,2,False
esp32_device_001,2026-04-29T10:54:28+12:00,25.6,-37.004755,174.866686,2,True
esp32_device_001,2026-04-29T10:55:08+12:00,27,-37.004395,174.866501,2,False
esp32_device_001,2026-04-29T10:55:09.250000+12:00,27.0,-37.004309,174.866454,2,True
esp32_device_001,2026-04-29T10:55:10.500000+12:00,27.0,-37.004227,174.866406,2,True
esp32_device_001,2026-04-29T10:55:11.750000+12:00,27.0,-37.004046,174.866311,2,True
esp32_device_001,2026-04-29T10:55:13+12:00,27,-37.004002,174.866287,2,False
esp32_device_001,2026-04-29T10:55:15.500000+12:00,27.1,-37.003923,174.866246,2,True
esp32_device_001,2026-04-29T10:55:18+12:00,27.2,-37.003502,174.866028,2,False
esp32_device_001,2026-04-29T10:55:20.500000+12:00,27.0,-37.003061,174.865792,2,True
esp32_device_001,2026-04-29T10:55:23+12:00,26.8,-37.002995,174.865738,2,False
esp32_device_001,2026-04-29T10:55:24+12:00,26.7,-37.002915,174.865715,2,True
esp32_device_001,2026-04-29T10:55:25+12:00,26.5,-37.002770,174.865638,2,True
esp32_device_001,2026-04-29T10:55:26+12:00,26.4,-37.002663,174.865582,2,True
esp32_device_001,2026-04-29T10:55:27+12:00,26.2,-37.002570,174.865533,2,True
esp32_device_001,2026-04-29T10:55:28+12:00,26.1,-37.002552,174.865494,2,False
esp32_device_001,2026-04-29T10:55:38+12:00,26.5,-37.002266,174.865369,2,True
esp32_device_001,2026-04-29T10:55:48+12:00,26.9,-37.002134,174.865296,2,True
esp32_device_001,2026-04-29T10:55:58+12:00,27.3,-37.002118,174.865287,2,True
esp32_device_001,2026-04-29T10:56:08+12:00,27.7,-37.002106,174.865234,2,False
esp32_device_001,2026-04-29T10:56:09.666667+12:00,28.0,-37.002035,174.865242,2,True
esp32_device_001,2026-04-29T10:56:11.333333+12:00,28.4,-37.001908,174.865179,2,True
esp32_device_001,2026-04-29T10:56:13+12:00,28.7,-37.001816,174.865433,2,False
esp32_device_001,2026-04-29T10:56:14.666667+12:00,28.3,-37.001814,174.865451,2,True
esp32_device_001,2026-04-29T10:56:16.333333+12:00,27.9,-37.001668,174.865906,2,True
esp32_device_001,2026-04-29T10:56:18+12:00,27.5,-37.001617,174.866043,2,False
esp32_device_001,2026-04-29T10:56:23+12:00,26.4,-37.001369,174.866776,2,False
esp32_device_001,2026-04-29T10:56:25.500000+12:00,25.8,-37.001195,174.867370,2,True
esp32_device_001,2026-04-29T10:56:28+12:00,25.1,-37.00111,174.867554,2,False
esp32_device_001,2026-04-29T10:56:30.500000+12:00,25.0,-37.000870,174.868243,2,True
esp32_device_001,2026-04-29T10:56:33+12:00,24.8,-37.000858,174.868286,2,False
esp32_device_001,2026-04-29T10:56:35.500000+12:00,25.0,-37.000832,174.868370,2,True
esp32_device_001,2026-04-29T10:56:38+12:00,25.2,-37.000679,174.86882,2,False
esp32_device_001,2026-04-29T10:57:13+12:00,25.7,-37.000549,174.86911,2,False
esp32_device_001,2026-04-29T10:57:14.250000+12:00,25.7,-37.000516,174.869288,2,True
esp32_device_001,2026-04-29T10:57:15.500000+12:00,25.8,-37.000459,174.869256,2,True
esp32_device_001,2026-04-29T10:57:16.750000+12:00,25.8,-37.000304,174.869168,2,True
esp32_device_001,2026-04-29T10:57:18+12:00,25.8,-37.000252,174.86911,2,False
esp32_device_001,2026-04-29T10:57:23+12:00,25.2,-37.000057,174.869034,2,False
esp32_device_001,2026-04-29T10:57:28+12:00,25.7,-36.999962,174.869202,2,False
esp32_device_001,2026-04-29T10:57:33+12:00,26.8,-36.999886,174.869415,2,False
esp32_device_001,2026-04-29T10:57:38+12:00,24.7,-36.999931,174.869598,2,False
esp32_device_001,2026-04-29T10:57:43+12:00,23.9,-37.000088,174.86969,2,False
esp32_device_001,2026-04-29T10:57:48+12:00,25.2,-37.00016,174.869797,2,False
esp32_device_001,2026-04-29T11:26:38+12:00,1.4,-37.000202,174.86998,3,False
esp32_device_001,2026-04-29T11:26:43+12:00,10.1,-37.000164,174.869965,3,False
esp32_device_001,2026-04-29T11:27:06+12:00,16.8,-37.000168,174.869873,3,False
esp32_device_001,2026-04-29T11:27:11+12:00,18.9,-37.000156,174.869766,3,False
esp32_device_001,2026-04-29T11:27:16+12:00,18.5,-37.000023,174.869644,3,False
esp32_device_001,2026-04-29T11:27:21+12:00,18.7,-36.999901,174.869522,3,False
esp32_device_001,2026-04-29T11:27:26+12:00,19.7,-36.999943,174.869324,3,False
esp32_device_001,2026-04-29T11:27:32.666667+12:00,20.5,-37.000006,174.869074,3,True
esp32_device_001,2026-04-29T11:27:39.333333+12:00,21.4,-37.000034,174.869001,3,True
esp32_device_001,2026-04-29T11:27:46+12:00,22.2,-37.000244,174.869156,3,False
esp32_device_001,2026-04-29T11:27:51+12:00,22.9,-37.000362,174.869217,3,False
esp32_device_001,2026-04-29T11:27:56+12:00,22.6,-37.00037,174.869217,3,False
esp32_device_001,2026-04-29T11:28:01+12:00,23,-37.000572,174.869293,3,False
esp32_device_001,2026-04-29T11:28:02.250000+12:00,22.7,-37.000646,174.869362,3,True
esp32_device_001,2026-04-29T11:28:03.500000+12:00,22.4,-37.000706,174.869189,3,True
esp32_device_001,2026-04-29T11:28:04.750000+12:00,22.2,-37.000730,174.869127,3,True
esp32_device_001,2026-04-29T11:28:06+12:00,21.9,-37.000835,174.868988,3,False
esp32_device_001,2026-04-29T11:28:08.500000+12:00,22.4,-37.000972,174.868440,3,True
esp32_device_001,2026-04-29T11:28:11+12:00,22.8,-37.001068,174.868301,3,False
esp32_device_001,2026-04-29T11:28:16+12:00,23.1,-37.001328,174.867554,3,False
esp32_device_001,2026-04-29T11:28:18.500000+12:00,23.3,-37.001326,174.867435,3,True
esp32_device_001,2026-04-29T11:28:21+12:00,23.5,-37.00156,174.866867,3,False
esp32_device_001,2026-04-29T11:28:26+12:00,24.2,-37.001778,174.866241,3,False
esp32_device_001,2026-04-29T11:28:27.666667+12:00,24.1,-37.001760,174.866113,3,True
esp32_device_001,2026-04-29T11:28:29.333333+12:00,24.0,-37.001806,174.865973,3,True
esp32_device_001,2026-04-29T11:28:31+12:00,23.9,-37.001892,174.865906,3,False
esp32_device_001,2026-04-29T11:28:33.777778+12:00,23.8,-37.001956,174.865501,3,True
esp32_device_001,2026-04-29T11:28:36.555556+12:00,23.7,-37.002058,174.865441,3,True
esp32_device_001,2026-04-29T11:28:39.333333+12:00,23.5,-37.002095,174.865419,3,True
esp32_device_001,2026-04-29T11:28:42.111111+12:00,23.4,-37.002125,174.865412,3,True
esp32_device_001,2026-04-29T11:28:44.888889+12:00,23.3,-37.002186,174.865395,3,True
esp32_device_001,2026-04-29T11:28:47.666667+12:00,23.2,-37.002266,174.865369,3,True
esp32_device_001,2026-04-29T11:28:50.444444+12:00,23.0,-37.002134,174.865296,3,True
esp32_device_001,2026-04-29T11:28:53.222222+12:00,22.9,-37.002118,174.865287,3,True
esp32_device_001,2026-04-29T11:28:56+12:00,22.8,-37.002087,174.865341,3,False
esp32_device_001,2026-04-29T11:28:56.454545+12:00,22.9,-37.002035,174.865242,3,True
esp32_device_001,2026-04-29T11:28:56.909091+12:00,22.9,-37.001908,174.865179,3,True
esp32_device_001,2026-04-29T11:28:57.363636+12:00,23.0,-37.001814,174.865451,3,True
esp32_device_001,2026-04-29T11:28:57.818182+12:00,23.1,-37.001668,174.865906,3,True
esp32_device_001,2026-04-29T11:28:58.272727+12:00,23.2,-37.001806,174.865973,3,True
esp32_device_001,2026-04-29T11:28:58.727273+12:00,23.2,-37.001956,174.865501,3,True
esp32_device_001,2026-04-29T11:28:59.181818+12:00,23.3,-37.002003,174.865355,3,True
esp32_device_001,2026-04-29T11:28:59.636364+12:00,23.4,-37.002035,174.865242,3,True
esp32_device_001,2026-04-29T11:29:00.090909+12:00,23.5,-37.002077,174.865150,3,True
esp32_device_001,2026-04-29T11:29:00.545455+12:00,23.5,-37.002185,174.864924,3,True
esp32_device_001,2026-04-29T11:29:01+12:00,23.6,-37.002281,174.864807,3,False
esp32_device_001,2026-04-29T11:29:11+12:00,29.8,-37.002876,174.863602,3,False
esp32_device_001,2026-04-29T11:29:13.500000+12:00,30.6,-37.003023,174.863212,3,True
esp32_device_001,2026-04-29T11:29:16+12:00,31.5,-37.003185,174.862976,3,False
esp32_device_001,2026-04-29T11:29:17.666667+12:00,31.6,-37.003351,174.862560,3,True
esp32_device_001,2026-04-29T11:29:19.333333+12:00,31.6,-37.003453,174.862338,3,True
esp32_device_001,2026-04-29T11:29:21+12:00,31.7,-37.003517,174.86232,3,False
esp32_device_001,2026-04-29T11:29:22.666667+12:00,31.5,-37.003629,174.861976,3,True
esp32_device_001,2026-04-29T11:29:24.333333+12:00,31.2,-37.003734,174.861763,3,True
esp32_device_001,2026-04-29T11:29:26+12:00,31,-37.003841,174.861725,3,False
esp32_device_001,2026-04-29T11:29:26.833333+12:00,30.9,-37.003888,174.861541,3,True
esp32_device_001,2026-04-29T11:29:27.666667+12:00,30.8,-37.003957,174.861458,3,True
esp32_device_001,2026-04-29T11:29:28.500000+12:00,30.6,-37.003994,174.861410,3,True
esp32_device_001,2026-04-29T11:29:29.333333+12:00,30.5,-37.004023,174.861385,3,True
esp32_device_001,2026-04-29T11:29:30.166667+12:00,30.4,-37.004041,174.861370,3,True
esp32_device_001,2026-04-29T11:29:31+12:00,30.3,-37.004078,174.861374,3,False
esp32_device_001,2026-04-29T11:29:32.666667+12:00,30.5,-37.004086,174.861346,3,True
esp32_device_001,2026-04-29T11:29:34.333333+12:00,30.7,-37.004112,174.861333,3,True
esp32_device_001,2026-04-29T11:29:36+12:00,30.9,-37.004223,174.861310,3,True
esp32_device_001,2026-04-29T11:29:37.666667+12:00,31.0,-37.004673,174.861499,3,True
esp32_device_001,2026-04-29T11:29:39.333333+12:00,31.2,-37.004887,174.861590,3,True
esp32_device_001,2026-04-29T11:29:41+12:00,31.4,-37.004906,174.861603,3,False
esp32_device_001,2026-04-29T11:29:46+12:00,29.8,-37.005451,174.861832,3,False
esp32_device_001,2026-04-29T11:29:51+12:00,30.2,-37.006016,174.862061,3,False
esp32_device_001,2026-04-29T11:29:53.500000+12:00,29.9,-37.006084,174.862094,3,True
esp32_device_001,2026-04-29T11:29:56+12:00,29.5,-37.006523,174.86232,3,False
esp32_device_001,2026-04-29T11:30:01+12:00,30.1,-37.006969,174.862579,3,False
esp32_device_001,2026-04-29T11:30:11+12:00,32.3,-37.007156,174.862701,3,False
