dev_esp32,timestamp,altitude,latitude,longitude,journey_id,synthetic
esp32_device_001,2025-11-28T09:15:37+13:00,55.4,-36.604755,174.802689,1,False
esp32_device_001,2025-11-28T09:15:42+13:00,55.9,-36.60474,174.802719,1,False
esp32_device_001,2025-11-28T09:15:47+13:00,56.8,-36.604664,174.802734,1,False
esp32_device_001,2025-11-28T09:15:52+13:00,56.5,-36.604427,174.802567,1,False
esp32_device_001,2025-11-28T09:15:57+13:00,55.6,-36.604042,174.802322,1,False
esp32_device_001,2025-11-28T09:16:02+13:00,56.3,-36.603718,174.802139,1,False
esp32_device_001,2025-11-28T09:16:07+13:00,56,-36.603577,174.801773,1,False
esp32_device_001,2025-11-28T09:16:12+13:00,55.8,-36.603432,174.801132,1,False
esp32_device_001,2025-11-28T09:16:17+13:00,55.6,-36.603252,174.800369,1,False
esp32_device_001,2025-11-28T09:16:22+13:00,55.6,-36.603092,174.799637,1,False
esp32_device_001,2025-11-28T09:16:27+13:00,56.3,-36.603294,174.798965,1,False
esp32_device_001,2025-11-28T09:16:32+13:00,55.5,-36.603664,174.798279,1,False
esp32_device_001,2025-11-28T09:16:37+13:00,55.3,-36.604031,174.797592,1,False
esp32_device_001,2025-11-28T09:16:42+13:00,53,-36.604412,174.796906,1,False
esp32_device_001,2025-11-28T09:16:47+13:00,51.1,-36.604744,174.796143,1,False
esp32_device_001,2025-11-28T09:16:52+13:00,44.9,-36.604912,174.795303,1,False
esp32_device_001,2025-11-28T09:16:57+13:00,39.8,-36.605087,174.794434,1,False
esp32_device_001,2025-11-28T09:17:02+13:00,33.9,-36.605206,174.793594,1,False
esp32_device_001,2025-11-28T09:17:07+13:00,27.5,-36.605114,174.79274,1,False
esp32_device_001,2025-11-28T09:17:12+13:00,18.1,-36.605007,174.791855,1,False
esp32_device_001,2025-11-28T09:17:17+13:00,17.4,-36.604908,174.790939,1,False
esp32_device_001,2025-11-28T09:17:22+13:00,22.4,-36.604912,174.790054,1,False
esp32_device_001,2025-11-28T09:17:27+13:00,27.7,-36.605034,174.789215,1,False
esp32_device_001,2025-11-28T09:17:32+13:00,32.8,-36.605137,174.788391,1,False
esp32_device_001,2025-11-28T09:17:37+13:00,40.5,-36.605225,174.787567,1,False
esp32_device_001,2025-11-28T09:17:42+13:00,48.6,-36.605362,174.786774,1,False
esp32_device_001,2025-11-28T09:17:47+13:00,55.6,-36.605732,174.786148,1,False
esp32_device_001,2025-11-28T09:17:52+13:00,60.3,-36.606285,174.78566,1,False
esp32_device_001,2025-11-28T09:17:57+13:00,67.1,-36.606834,174.785172,1,False
esp32_device_001,2025-11-28T09:18:02+13:00,69.6,-36.607372,174.784683,1,False
esp32_device_001,2025-11-28T09:18:07+13:00,68.3,-36.607937,174.784164,1,False
esp32_device_001,2025-11-28T09:18:12+13:00,64.5,-36.608524,174.783646,1,False
esp32_device_001,2025-11-28T09:18:17+13:00,62.5,-36.609127,174.783112,1,False
esp32_device_001,2025-11-28T09:18:22+13:00,65.3,-36.609608,174.782425,1,False
esp32_device_001,2025-11-28T09:18:27+13:00,68.4,-36.609898,174.781586,1,False
esp32_device_001,2025-11-28T09:18:32+13:00,75.3,-36.610218,174.780838,1,False
esp32_device_001,2025-11-28T09:18:37+13:00,79.8,-36.610767,174.780411,1,False
esp32_device_001,2025-11-28T09:18:42+13:00,82.8,-36.611298,174.780121,1,False
esp32_device_001,2025-11-28T09:18:47+13:00,83,-36.61166,174.779755,1,False
esp32_device_001,2025-11-28T09:18:52+13:00,82.1,-36.611797,174.779434,1,False
esp32_device_001,2025-11-28T09:18:57+13:00,80.1,-36.611893,174.778915,1,False
esp32_device_001,2025-11-28T09:19:02+13:00,77.9,-36.612019,174.77832,1,False
esp32_device_001,2025-11-28T09:19:07+13:00,76.6,-36.612225,174.777725,1,False
esp32_device_001,2025-11-28T09:19:12+13:00,77,-36.612511,174.77713,1,False
esp32_device_001,2025-11-28T09:19:17+13:00,79,-36.612789,174.77655,1,False
esp32_device_001,2025-11-28T09:19:22+13:00,80.9,-36.613049,174.776031,1,False
esp32_device_001,2025-11-28T09:19:27+13:00,83.1,-36.61335,174.775497,1,False
esp32_device_001,2025-11-28T09:19:32+13:00,84.8,-36.613815,174.775101,1,False
esp32_device_001,2025-11-28T09:19:37+13:00,83.5,-36.614376,174.774933,1,False
esp32_device_001,2025-11-28T09:19:42+13:00,81.1,-36.614922,174.774918,1,False
esp32_device_001,2025-11-28T09:19:47+13:00,80.1,-36.615433,174.774857,1,False
esp32_device_001,2025-11-28T09:19:52+13:00,78.7,-36.615955,174.774567,1,False
esp32_device_001,2025-11-28T09:19:57+13:00,77.3,-36.616478,174.774216,1,False
esp32_device_001,2025-11-28T09:20:02+13:00,73,-36.61697,174.773987,1,False
esp32_device_001,2025-11-28T09:20:07+13:00,67.5,-36.617485,174.773972,1,False
esp32_device_001,2025-11-28T09:20:12+13:00,63.3,-36.618023,174.774033,1,False
esp32_device_001,2025-11-28T09:20:17+13:00,58.7,-36.618576,174.774017,1,False
esp32_device_001,2025-11-28T09:20:22+13:00,53.1,-36.619152,174.773926,1,False
esp32_device_001,2025-11-28T09:20:27+13:00,47.9,-36.619671,174.773743,1,False
esp32_device_001,2025-11-28T09:20:32+13:00,42.8,-36.62019,174.773651,1,False
esp32_device_001,2025-11-28T09:20:37+13:00,38.2,-36.620667,174.77356,1,False
esp32_device_001,2025-11-28T09:20:42+13:00,35.1,-36.620991,174.773438,1,False
esp32_device_001,2025-11-28T09:20:47+13:00,33.4,-36.621193,174.773239,1,False
esp32_device_001,2025-11-28T09:20:52+13:00,28.9,-36.621346,174.77301,1,False
esp32_device_001,2025-11-28T09:20:57+13:00,25.2,-36.621506,174.772766,1,False
esp32_device_001,2025-11-28T09:21:02+13:00,24.6,-36.621674,174.772552,1,False
esp32_device_001,2025-11-28T09:21:07+13:00,24.2,-36.621895,174.772308,1,False
esp32_device_001,2025-11-28T09:21:12+13:00,24.7,-36.622139,174.772064,1,False
esp32_device_001,2025-11-28T09:21:17+13:00,27.7,-36.622406,174.77179,1,False
esp32_device_001,2025-11-28T09:21:22+13:00,30.3,-36.62273,174.771469,1,False
esp32_device_001,2025-11-28T09:21:27+13:00,33.6,-36.623047,174.771133,1,False
esp32_device_001,2025-11-28T09:21:32+13:00,36.3,-36.623417,174.770767,1,False
esp32_device_001,2025-11-28T09:21:37+13:00,39.9,-36.623798,174.77037,1,False
esp32_device_001,2025-11-28T09:21:42+13:00,43.1,-36.624157,174.77002,1,False
esp32_device_001,2025-11-28T09:21:47+13:00,46.6,-36.624454,174.769867,1,False
esp32_device_001,2025-11-28T09:21:52+13:00,49.4,-36.62479,174.769775,1,False
esp32_device_001,2025-11-28T09:21:57+13:00,50.7,-36.625191,174.769669,1,False
esp32_device_001,2025-11-28T09:22:02+13:00,50.9,-36.625664,174.769562,1,False
esp32_device_001,2025-11-28T09:22:07+13:00,48.8,-36.626194,174.76944,1,False
esp32_device_001,2025-11-28T09:22:12+13:00,46.1,-36.62677,174.769318,1,False
esp32_device_001,2025-11-28T09:22:17+13:00,42.6,-36.627377,174.769257,1,False
esp32_device_001,2025-11-28T09:22:22+13:00,41,-36.627941,174.769119,1,False
esp32_device_001,2025-11-28T09:22:27+13:00,40.5,-36.628307,174.768661,1,False
esp32_device_001,2025-11-28T09:22:32+13:00,37.6,-36.628567,174.768066,1,False
esp32_device_001,2025-11-28T09:22:37+13:00,38.2,-36.629028,174.76767,1,False
esp32_device_001,2025-11-28T09:22:42+13:00,42.3,-36.629559,174.767334,1,False
esp32_device_001,2025-11-28T09:22:47+13:00,45.9,-36.629921,174.766876,1,False
esp32_device_001,2025-11-28T09:22:52+13:00,44.1,-36.630127,174.766266,1,False
esp32_device_001,2025-11-28T09:22:57+13:00,40,-36.630348,174.765594,1,False
esp32_device_001,2025-11-28T09:23:02+13:00,37.2,-36.630611,174.76503,1,False
esp32_device_001,2025-11-28T09:23:07+13:00,35.4,-36.630756,174.764725,1,False
esp32_device_001,2025-11-28T09:23:12+13:00,33.9,-36.630909,174.76442,1,False
esp32_device_001,2025-11-28T09:23:17+13:00,32.3,-36.631115,174.764084,1,False
esp32_device_001,2025-11-28T09:23:22+13:00,30.7,-36.631451,174.76387,1,False
esp32_device_001,2025-11-28T09:23:27+13:00,27.4,-36.631924,174.763779,1,False
esp32_device_001,2025-11-28T09:23:32+13:00,23.8,-36.632484,174.763718,1,False
esp32_device_001,2025-11-28T09:23:37+13:00,20.5,-36.63306,174.763657,1,False
esp32_device_001,2025-11-28T09:23:42.166667+13:00,21.3,-36.634149,174.763464,1,True
esp32_device_001,2025-11-28T09:23:47.333333+13:00,22.1,-36.634709,174.763371,1,True
esp32_device_001,2025-11-28T09:23:52.500000+13:00,22.9,-36.634886,174.763306,1,True
esp32_device_001,2025-11-28T09:23:57.666667+13:00,23.8,-36.635274,174.762977,1,True
esp32_device_001,2025-11-28T09:24:02.833333+13:00,24.6,-36.636167,174.762302,1,True
esp32_device_001,2025-11-28T09:24:08+13:00,25.4,-36.636547,174.762030,1,True
esp32_device_001,2025-11-28T09:24:13.166667+13:00,26.2,-36.637208,174.761532,1,True
esp32_device_001,2025-11-28T09:24:18.333333+13:00,27.0,-36.637647,174.761152,1,True
esp32_device_001,2025-11-28T09:24:23.500000+13:00,27.9,-36.638627,174.759486,1,True
esp32_device_001,2025-11-28T09:24:28.666667+13:00,28.7,-36.638994,174.758844,1,True
esp32_device_001,2025-11-28T09:24:33.833333+13:00,29.5,-36.639159,174.758596,1,True
esp32_device_001,2025-11-28T09:24:39+13:00,30.3,-36.639322,174.758412,1,True
esp32_device_001,2025-11-28T09:24:44.166667+13:00,31.1,-36.639826,174.758091,1,True
esp32_device_001,2025-11-28T09:24:49.333333+13:00,31.9,-36.639981,174.757993,1,True
esp32_device_001,2025-11-28T09:24:54.500000+13:00,32.8,-36.640226,174.757840,1,True
esp32_device_001,2025-11-28T09:24:59.666667+13:00,33.6,-36.640773,174.757492,1,True
esp32_device_001,2025-11-28T09:25:04.833333+13:00,34.4,-36.640912,174.757318,1,True
esp32_device_001,2025-11-28T09:25:10+13:00,35.2,-36.640951,174.757222,1,True
esp32_device_001,2025-11-28T09:25:15.166667+13:00,36.0,-36.640977,174.757116,1,True
esp32_device_001,2025-11-28T09:25:20.333333+13:00,36.8,-36.640982,174.756960,1,True
esp32_device_001,2025-11-28T09:25:25.500000+13:00,37.7,-36.640947,174.756772,1,True
esp32_device_001,2025-11-28T09:25:30.666667+13:00,38.5,-36.640916,174.756683,1,True
esp32_device_001,2025-11-28T09:25:35.833333+13:00,39.3,-36.640234,174.755313,1,True
esp32_device_001,2025-11-28T09:25:41+13:00,40.1,-36.639507,174.753799,1,False
esp32_device_001,2025-11-28T09:25:51+13:00,43.6,-36.63887,174.752823,1,False
esp32_device_001,2025-11-28T09:25:56+13:00,44,-36.638618,174.752365,1,False
esp32_device_001,2025-11-28T09:26:01+13:00,43.2,-36.63834,174.751846,1,False
esp32_device_001,2025-11-28T09:26:06+13:00,41.4,-36.638062,174.751343,1,False
esp32_device_001,2025-11-28T09:26:11+13:00,40.9,-36.637787,174.750839,1,False
esp32_device_001,2025-11-28T09:26:16+13:00,43.7,-36.637527,174.750366,1,False
esp32_device_001,2025-11-28T09:26:21+13:00,47.4,-36.637291,174.749939,1,False
esp32_device_001,2025-11-28T09:26:26+13:00,50.7,-36.637074,174.749542,1,False
esp32_device_001,2025-11-28T09:26:31+13:00,52.3,-36.636921,174.749268,1,False
esp32_device_001,2025-11-28T09:26:56+13:00,56.4,-36.636742,174.748962,1,False
esp32_device_001,2025-11-28T09:27:01+13:00,56.7,-36.636501,174.748657,1,False
esp32_device_001,2025-11-28T09:27:06+13:00,55.5,-36.636181,174.748383,1,False
esp32_device_001,2025-11-28T09:27:11+13:00,53.6,-36.63586,174.748077,1,False
esp32_device_001,2025-11-28T09:27:16+13:00,49.8,-36.635544,174.747711,1,False
esp32_device_001,2025-11-28T09:27:21+13:00,44.6,-36.6353,174.747223,1,False
esp32_device_001,2025-11-28T09:27:26+13:00,38.9,-36.63522,174.746613,1,False
esp32_device_001,2025-11-28T09:27:31+13:00,34.3,-36.635201,174.745941,1,False
esp32_device_001,2025-11-28T09:27:36+13:00,30.9,-36.635174,174.745255,1,False
esp32_device_001,2025-11-28T09:27:41+13:00,27.7,-36.635143,174.744598,1,False
esp32_device_001,2025-11-28T09:27:46+13:00,23.4,-36.63512,174.743896,1,False
esp32_device_001,2025-11-28T09:27:51+13:00,18.9,-36.635094,174.743164,1,False
esp32_device_001,2025-11-28T09:27:56+13:00,16.4,-36.635067,174.742432,1,False
esp32_device_001,2025-11-28T09:28:01+13:00,15.6,-36.635048,174.741898,1,False
esp32_device_001,2025-11-28T09:28:06+13:00,15.6,-36.635002,174.741333,1,False
esp32_device_001,2025-11-28T09:28:11+13:00,16.3,-36.634888,174.740784,1,False
esp32_device_001,2025-11-28T09:28:16+13:00,18.7,-36.63459,174.740082,1,False
esp32_device_001,2025-11-28T09:28:21+13:00,22.2,-36.634117,174.739471,1,False
esp32_device_001,2025-11-28T09:28:26+13:00,26.7,-36.633625,174.738968,1,False
esp32_device_001,2025-11-28T09:28:31+13:00,31.4,-36.63311,174.738449,1,False
esp32_device_001,2025-11-28T09:28:36+13:00,35.6,-36.63258,174.73793,1,False
esp32_device_001,2025-11-28T09:28:41+13:00,39.6,-36.632107,174.737335,1,False
esp32_device_001,2025-11-28T09:28:46+13:00,44,-36.631695,174.73671,1,False
esp32_device_001,2025-11-28T09:28:51+13:00,47,-36.631344,174.736145,1,False
esp32_device_001,2025-11-28T09:28:56+13:00,49.6,-36.631069,174.735519,1,False
esp32_device_001,2025-11-28T09:29:01+13:00,49.6,-36.630856,174.734848,1,False
esp32_device_001,2025-11-28T09:29:06+13:00,47.2,-36.630527,174.734253,1,False
esp32_device_001,2025-11-28T09:29:11+13:00,41.7,-36.630074,174.733688,1,False
esp32_device_001,2025-11-28T09:29:16+13:00,33.7,-36.629616,174.733124,1,False
esp32_device_001,2025-11-28T09:29:21+13:00,27,-36.629154,174.732605,1,False
esp32_device_001,2025-11-28T09:29:26+13:00,22,-36.628799,174.731934,1,False
esp32_device_001,2025-11-28T09:29:31+13:00,20.7,-36.628487,174.731201,1,False
esp32_device_001,2025-11-28T09:29:36+13:00,24.9,-36.628197,174.730469,1,False
esp32_device_001,2025-11-28T09:29:41+13:00,31,-36.628056,174.72966,1,False
esp32_device_001,2025-11-28T09:29:46+13:00,38.7,-36.627972,174.728867,1,False
esp32_device_001,2025-11-28T09:29:51+13:00,45.7,-36.627697,174.728119,1,False
esp32_device_001,2025-11-28T09:29:56+13:00,52.3,-36.627186,174.727539,1,False
esp32_device_001,2025-11-28T09:30:01+13:00,58.3,-36.626701,174.726944,1,False
esp32_device_001,2025-11-28T09:30:06+13:00,65.2,-36.626534,174.726212,1,False
esp32_device_001,2025-11-28T09:30:11+13:00,70.2,-36.626514,174.725494,1,False
esp32_device_001,2025-11-28T09:30:16+13:00,73.7,-36.626488,174.724701,1,False
esp32_device_001,2025-11-28T09:30:21+13:00,76.2,-36.626469,174.723923,1,False
esp32_device_001,2025-11-28T09:30:26+13:00,78.9,-36.626286,174.723282,1,False
esp32_device_001,2025-11-28T09:30:31+13:00,80.6,-36.625904,174.722733,1,False
esp32_device_001,2025-11-28T09:30:36+13:00,82.1,-36.625465,174.72229,1,False
esp32_device_001,2025-11-28T09:30:41.040000+13:00,81.1,-36.625021,174.722323,1,True
esp32_device_001,2025-11-28T09:30:46.080000+13:00,80.0,-36.624705,174.722312,1,True
esp32_device_001,2025-11-28T09:30:51.120000+13:00,79.0,-36.624456,174.722148,1,True
esp32_device_001,2025-11-28T09:30:56.160000+13:00,77.9,-36.624165,174.721756,1,True
esp32_device_001,2025-11-28T09:31:01.200000+13:00,76.9,-36.623964,174.721449,1,True
esp32_device_001,2025-11-28T09:31:06.240000+13:00,75.9,-36.623660,174.720679,1,True
esp32_device_001,2025-11-28T09:31:11.280000+13:00,74.8,-36.623465,174.720411,1,True
esp32_device_001,2025-11-28T09:31:16.320000+13:00,73.8,-36.623180,174.720217,1,True
esp32_device_001,2025-11-28T09:31:21.360000+13:00,72.7,-36.622645,174.719974,1,True
esp32_device_001,2025-11-28T09:31:26.400000+13:00,71.7,-36.622205,174.719602,1,True
esp32_device_001,2025-11-28T09:31:31.440000+13:00,70.7,-36.621889,174.719111,1,True
esp32_device_001,2025-11-28T09:31:36.480000+13:00,69.6,-36.621381,174.718171,1,True
esp32_device_001,2025-11-28T09:31:41.520000+13:00,68.6,-36.621097,174.717723,1,True
esp32_device_001,2025-11-28T09:31:46.560000+13:00,67.5,-36.620858,174.717482,1,True
esp32_device_001,2025-11-28T09:31:51.600000+13:00,66.5,-36.620550,174.717250,1,True
esp32_device_001,2025-11-28T09:31:56.640000+13:00,65.5,-36.619356,174.716638,1,True
esp32_device_001,2025-11-28T09:32:01.680000+13:00,64.4,-36.618804,174.716033,1,True
esp32_device_001,2025-11-28T09:32:06.720000+13:00,63.4,-36.618328,174.715210,1,True
esp32_device_001,2025-11-28T09:32:11.760000+13:00,62.3,-36.617952,174.714729,1,True
esp32_device_001,2025-11-28T09:32:16.800000+13:00,61.3,-36.617592,174.714426,1,True
esp32_device_001,2025-11-28T09:32:21.840000+13:00,60.3,-36.617243,174.714220,1,True
esp32_device_001,2025-11-28T09:32:26.880000+13:00,59.2,-36.615917,174.713500,1,True
esp32_device_001,2025-11-28T09:32:31.920000+13:00,58.2,-36.615205,174.713235,1,True
esp32_device_001,2025-11-28T09:32:36.960000+13:00,57.1,-36.614714,174.713182,1,True
esp32_device_001,2025-11-28T09:32:42+13:00,56.1,-36.614178,174.71312,1,False
esp32_device_001,2025-11-28T09:32:52+13:00,59.2,-36.613243,174.713226,1,False
esp32_device_001,2025-11-28T09:32:57+13:00,61.4,-36.612732,174.712997,1,False
esp32_device_001,2025-11-28T09:33:02+13:00,64.8,-36.612331,174.712479,1,False
esp32_device_001,2025-11-28T09:33:07+13:00,68.4,-36.611919,174.711853,1,False
esp32_device_001,2025-11-28T09:33:12+13:00,71.6,-36.611507,174.711227,1,False
esp32_device_001,2025-11-28T09:33:17+13:00,73.9,-36.611149,174.710678,1,False
esp32_device_001,2025-11-28T09:33:22+13:00,73.6,-36.611053,174.710037,1,False
esp32_device_001,2025-11-28T09:33:27+13:00,70.9,-36.611179,174.709412,1,False
esp32_device_001,2025-11-28T09:33:32+13:00,66.9,-36.611328,174.70871,1,False
esp32_device_001,2025-11-28T09:33:37+13:00,62.1,-36.611504,174.707886,1,False
esp32_device_001,2025-11-28T09:33:42+13:00,59.3,-36.61161,174.707016,1,False
esp32_device_001,2025-11-28T09:33:47+13:00,58.4,-36.611332,174.706192,1,False
esp32_device_001,2025-11-28T09:33:52+13:00,58,-36.610882,174.70546,1,False
esp32_device_001,2025-11-28T09:33:57+13:00,56.4,-36.6106,174.704651,1,False
esp32_device_001,2025-11-28T09:34:02+13:00,55,-36.610439,174.703827,1,False
esp32_device_001,2025-11-28T09:34:07+13:00,53.2,-36.610596,174.703018,1,False
esp32_device_001,2025-11-28T09:34:12+13:00,51.4,-36.610821,174.702438,1,False
esp32_device_001,2025-11-28T09:34:32+13:00,50.4,-36.611015,174.701935,1,False
esp32_device_001,2025-11-28T09:34:37+13:00,48.1,-36.611172,174.701324,1,False
esp32_device_001,2025-11-28T09:34:42+13:00,46.8,-36.611282,174.700607,1,False
esp32_device_001,2025-11-28T09:34:47+13:00,46.7,-36.611393,174.699875,1,False
esp32_device_001,2025-11-28T09:34:52+13:00,44.1,-36.611496,174.699142,1,False
esp32_device_001,2025-11-28T09:34:57+13:00,39.4,-36.611614,174.698349,1,False
esp32_device_001,2025-11-28T09:35:02+13:00,35.3,-36.611759,174.697495,1,False
esp32_device_001,2025-11-28T09:35:07+13:00,35.4,-36.611908,174.696655,1,False
esp32_device_001,2025-11-28T09:35:12+13:00,39.2,-36.612064,174.695847,1,False
esp32_device_001,2025-11-28T09:35:17+13:00,40.9,-36.612213,174.695068,1,False
esp32_device_001,2025-11-28T09:35:22+13:00,39.4,-36.612404,174.69426,1,False
esp32_device_001,2025-11-28T09:35:27+13:00,38.2,-36.612656,174.693359,1,False
esp32_device_001,2025-11-28T09:35:32+13:00,42.4,-36.612915,174.692429,1,False
esp32_device_001,2025-11-28T09:35:37+13:00,49.6,-36.613197,174.691635,1,False
esp32_device_001,2025-11-28T09:35:42+13:00,54.7,-36.613567,174.690994,1,False
esp32_device_001,2025-11-28T09:35:47+13:00,57.1,-36.613842,174.690384,1,False
esp32_device_001,2025-11-28T09:35:52+13:00,57.9,-36.613953,174.689651,1,False
esp32_device_001,2025-11-28T09:35:57+13:00,59.3,-36.613895,174.688873,1,False
esp32_device_001,2025-11-28T09:36:02+13:00,62.2,-36.613777,174.688171,1,False
esp32_device_001,2025-11-28T09:36:07+13:00,65.4,-36.613697,174.6875,1,False
esp32_device_001,2025-11-28T09:36:12+13:00,67.1,-36.61372,174.686752,1,False
esp32_device_001,2025-11-28T09:36:17+13:00,64.5,-36.613762,174.685913,1,False
esp32_device_001,2025-11-28T09:36:22+13:00,61.4,-36.613888,174.685013,1,False
esp32_device_001,2025-11-28T09:36:27+13:00,60.1,-36.614265,174.684219,1,False
esp32_device_001,2025-11-28T09:36:32+13:00,57.9,-36.614693,174.683472,1,False
esp32_device_001,2025-11-28T09:36:37+13:00,56.1,-36.615143,174.682724,1,False
esp32_device_001,2025-11-28T09:36:42+13:00,54.4,-36.615589,174.682007,1,False
esp32_device_001,2025-11-28T09:36:47+13:00,52.6,-36.61599,174.68129,1,False
esp32_device_001,2025-11-28T09:36:52+13:00,49.8,-36.616325,174.680542,1,False
esp32_device_001,2025-11-28T09:36:57+13:00,44.7,-36.616711,174.679855,1,False
esp32_device_001,2025-11-28T09:37:02+13:00,37.4,-36.617157,174.67923,1,False
esp32_device_001,2025-11-28T09:37:07+13:00,30.6,-36.617619,174.67868,1,False
esp32_device_001,2025-11-28T09:37:12+13:00,25.2,-36.618011,174.678238,1,False
esp32_device_001,2025-11-28T09:37:17+13:00,22.4,-36.618217,174.678009,1,False
esp32_device_001,2025-11-28T09:37:22+13:00,21.1,-36.61834,174.677872,1,False
esp32_device_001,2025-11-28T09:37:27+13:00,19.7,-36.618465,174.677734,1,False
esp32_device_001,2025-11-28T09:37:32+13:00,18.4,-36.618629,174.677536,1,False
esp32_device_001,2025-11-28T09:37:37+13:00,17.2,-36.618824,174.677292,1,False
esp32_device_001,2025-11-28T09:39:43+13:00,32.1,-36.621902,174.670761,1,False
esp32_device_001,2025-11-28T09:39:53+13:00,29.7,-36.622257,174.669632,1,False
esp32_device_001,2025-11-28T09:39:58+13:00,29.1,-36.622429,174.669205,1,False
esp32_device_001,2025-11-28T09:40:03+13:00,28.7,-36.62257,174.6689,1,False
esp32_device_001,2025-11-28T09:40:08+13:00,27.9,-36.622608,174.668839,1,False
esp32_device_001,2025-11-28T09:40:13+13:00,27.6,-36.622684,174.668701,1,False
esp32_device_001,2025-11-28T09:40:18+13:00,27.1,-36.62281,174.668472,1,False
esp32_device_001,2025-11-28T09:40:58+13:00,25.6,-36.622921,174.668289,1,False
esp32_device_001,2025-11-28T09:41:03+13:00,25.7,-36.622993,174.668152,1,False
esp32_device_001,2025-11-28T09:41:08+13:00,25.1,-36.623222,174.66774,1,False
esp32_device_001,2025-11-28T09:41:13+13:00,24.7,-36.623547,174.66716,1,False
esp32_device_001,2025-11-28T09:41:18+13:00,24.3,-36.623821,174.666656,1,False
esp32_device_001,2025-11-28T09:41:23+13:00,23.3,-36.624115,174.666107,1,False
esp32_device_001,2025-11-28T09:41:28+13:00,23.3,-36.624363,174.665588,1,False
esp32_device_001,2025-11-28T09:41:33+13:00,23.9,-36.624466,174.665375,1,False
esp32_device_001,2025-11-28T09:41:38+13:00,25.4,-36.624599,174.665054,1,False
esp32_device_001,2025-11-28T09:41:43+13:00,28.1,-36.624851,174.664551,1,False
esp32_device_001,2025-11-28T09:41:48+13:00,30.2,-36.62524,174.66394,1,False
esp32_device_001,2025-11-28T09:41:53+13:00,30.4,-36.625771,174.663361,1,False
esp32_device_001,2025-11-28T09:41:58+13:00,26.8,-36.626495,174.663193,1,False
esp32_device_001,2025-11-28T09:42:03+13:00,23.8,-36.627354,174.663101,1,False
esp32_device_001,2025-11-28T09:42:08+13:00,23,-36.628304,174.663025,1,False
esp32_device_001,2025-11-28T09:42:13+13:00,23.5,-36.629288,174.662979,1,False
esp32_device_001,2025-11-28T09:42:18+13:00,24.6,-36.63018,174.662949,1,False
esp32_device_001,2025-11-28T09:42:23+13:00,25.9,-36.630894,174.662918,1,False
esp32_device_001,2025-11-28T09:42:28+13:00,26.8,-36.631504,174.662888,1,False
esp32_device_001,2025-11-28T09:42:33+13:00,27.5,-36.631962,174.662872,1,False
esp32_device_001,2025-11-28T09:42:38+13:00,29.7,-36.632328,174.662872,1,False
esp32_device_001,2025-11-28T09:42:43+13:00,30.7,-36.632618,174.662872,1,False
esp32_device_001,2025-11-28T09:42:48+13:00,31.5,-36.632938,174.662872,1,False
esp32_device_001,2025-11-28T09:42:53+13:00,32.1,-36.633301,174.662872,1,False
esp32_device_001,2025-11-28T09:42:58+13:00,32.5,-36.633705,174.662857,1,False
esp32_device_001,2025-11-28T09:43:03+13:00,33,-36.634193,174.662857,1,False
esp32_device_001,2025-11-28T09:43:08+13:00,33.9,-36.634838,174.662842,1,False
esp32_device_001,2025-11-28T09:43:13+13:00,35.2,-36.635582,174.662842,1,False
esp32_device_001,2025-11-28T09:43:18+13:00,36.5,-36.636391,174.662827,1,False
esp32_device_001,2025-11-28T09:43:23+13:00,38,-36.637257,174.662811,1,False
esp32_device_001,2025-11-28T09:43:28+13:00,39.3,-36.638142,174.662796,1,False
esp32_device_001,2025-11-28T09:43:33+13:00,41,-36.639088,174.662781,1,False
esp32_device_001,2025-11-28T09:43:38+13:00,42.6,-36.640137,174.662735,1,False
esp32_device_001,2025-11-28T09:43:43+13:00,44.4,-36.641026,174.66272,1,False
esp32_device_001,2025-11-28T09:43:48+13:00,45.7,-36.641823,174.662704,1,False
esp32_device_001,2025-11-28T09:43:53+13:00,47.2,-36.64267,174.662704,1,False
esp32_device_001,2025-11-28T09:43:58+13:00,48.9,-36.643604,174.662689,1,False
esp32_device_001,2025-11-28T09:44:03+13:00,50.6,-36.644562,174.662674,1,False
esp32_device_001,2025-11-28T09:44:08+13:00,52.3,-36.645546,174.662659,1,False
esp32_device_001,2025-11-28T09:44:13+13:00,53.5,-36.646618,174.662643,1,False
esp32_device_001,2025-11-28T09:44:18+13:00,54.7,-36.647751,174.662674,1,False
esp32_device_001,2025-11-28T09:44:23+13:00,56.3,-36.648907,174.662796,1,False
esp32_device_001,2025-11-28T09:44:28+13:00,58.5,-36.650078,174.662979,1,False
esp32_device_001,2025-11-28T09:44:33+13:00,60.7,-36.651253,174.663254,1,False
esp32_device_001,2025-11-28T09:44:38+13:00,63.2,-36.652447,174.66362,1,False
esp32_device_001,2025-11-28T09:44:54+13:00,63.2,-36.656258,174.665375,1,False
esp32_device_001,2025-11-28T09:45:04+13:00,63.2,-36.658348,174.666809,1,False
esp32_device_001,2025-11-28T09:45:09+13:00,63.2,-36.659271,174.667572,1,False
esp32_device_001,2025-11-28T09:45:29+13:00,63.2,-36.66206,174.670441,1,False
esp32_device_001,2025-11-28T09:45:34+13:00,63.2,-36.662739,174.67131,1,False
esp32_device_001,2025-11-28T09:45:44+13:00,63.2,-36.664135,174.673309,1,False
esp32_device_001,2025-11-28T09:45:54+13:00,63.2,-36.665466,174.675262,1,False
esp32_device_001,2025-11-28T09:45:59+13:00,63.2,-36.666077,174.676163,1,False
esp32_device_001,2025-11-28T09:46:04+13:00,63.2,-36.66674,174.677124,1,False
esp32_device_001,2025-11-28T09:46:14+13:00,63.2,-36.668163,174.679153,1,False
esp32_device_001,2025-11-28T09:46:24+13:00,63.2,-36.669952,174.681122,1,False
esp32_device_001,2025-11-28T09:46:29+13:00,63.2,-36.67094,174.681976,1,False
esp32_device_001,2025-11-28T09:46:39+13:00,63.2,-36.673115,174.68335,1,False
esp32_device_001,2025-11-28T09:46:44+13:00,63.2,-36.674286,174.683975,1,False
esp32_device_001,2025-11-28T09:46:54+13:00,63.2,-36.676437,174.685715,1,False
esp32_device_001,2025-11-28T09:46:59+13:00,63.2,-36.677361,174.686859,1,False
esp32_device_001,2025-11-28T09:47:04+13:00,63.2,-36.67815,174.688141,1,False
esp32_device_001,2025-11-28T09:47:09+13:00,63.2,-36.678802,174.68956,1,False
esp32_device_001,2025-11-28T09:47:14+13:00,63.2,-36.679287,174.691055,1,False
esp32_device_001,2025-11-28T09:47:24+13:00,63.2,-36.680031,174.693893,1,False
esp32_device_001,2025-11-28T09:47:29+13:00,63.2,-36.680557,174.695175,1,False
esp32_device_001,2025-11-28T09:47:34+13:00,63.2,-36.68121,174.696335,1,False
esp32_device_001,2025-11-28T09:47:39+13:00,63.2,-36.682007,174.697403,1,False
esp32_device_001,2025-11-28T09:47:44+13:00,63.2,-36.682896,174.69838,1,False
esp32_device_001,2025-11-28T09:47:49+13:00,63.2,-36.683826,174.69931,1,False
esp32_device_001,2025-11-28T09:47:54+13:00,63.2,-36.684765,174.700211,1,False
esp32_device_001,2025-11-28T09:47:59+13:00,63.2,-36.685753,174.700974,1,False
esp32_device_001,2025-11-28T09:48:04+13:00,63.2,-36.68681,174.70166,1,False
esp32_device_001,2025-11-28T09:48:09+13:00,63.2,-36.68792,174.702225,1,False
esp32_device_001,2025-11-28T09:48:14+13:00,63.2,-36.689072,174.702682,1,False
esp32_device_001,2025-11-28T09:48:19+13:00,63.2,-36.690247,174.703003,1,False
esp32_device_001,2025-11-28T09:48:24+13:00,63.2,-36.691433,174.703232,1,False
esp32_device_001,2025-11-28T09:48:29+13:00,63.2,-36.692631,174.703445,1,False
esp32_device_001,2025-11-28T09:48:34+13:00,63.2,-36.693829,174.703659,1,False
esp32_device_001,2025-11-28T09:48:39+13:00,63.2,-36.695034,174.703888,1,False
esp32_device_001,2025-11-28T09:48:44+13:00,63.2,-36.696247,174.704102,1,False
esp32_device_001,2025-11-28T09:48:49+13:00,63.2,-36.69746,174.70433,1,False
esp32_device_001,2025-11-28T09:48:54+13:00,63.2,-36.698658,174.704544,1,False
esp32_device_001,2025-11-28T09:48:59+13:00,63.2,-36.699844,174.704758,1,False
esp32_device_001,2025-11-28T09:49:04+13:00,63.2,-36.701019,174.704971,1,False
esp32_device_001,2025-11-28T09:49:09+13:00,63.2,-36.702244,174.705185,1,False
esp32_device_001,2025-11-28T09:49:14+13:00,63.2,-36.703503,174.705414,1,False
esp32_device_001,2025-11-28T09:49:19+13:00,63.2,-36.704731,174.705643,1,False
esp32_device_001,2025-11-28T09:49:24+13:00,63.2,-36.705914,174.705841,1,False
esp32_device_001,2025-11-28T09:49:29+13:00,63.2,-36.707077,174.706085,1,False
esp32_device_001,2025-11-28T09:49:34+13:00,63.2,-36.708267,174.706375,1,False
esp32_device_001,2025-11-28T09:49:39+13:00,63.2,-36.709484,174.706787,1,False
esp32_device_001,2025-11-28T09:49:44+13:00,63.2,-36.710705,174.707352,1,False
esp32_device_001,2025-11-28T09:49:49+13:00,63.2,-36.71188,174.708023,1,False
esp32_device_001,2025-11-28T09:49:54+13:00,63.2,-36.71299,174.708801,1,False
esp32_device_001,2025-11-28T09:49:59+13:00,63.2,-36.714081,174.709625,1,False
esp32_device_001,2025-11-28T09:50:04+13:00,63.2,-36.715179,174.710464,1,False
esp32_device_001,2025-11-28T09:50:09+13:00,63.2,-36.716293,174.711288,1,False
esp32_device_001,2025-11-28T09:50:14+13:00,63.2,-36.717426,174.712021,1,False
esp32_device_001,2025-11-28T09:50:19+13:00,63.2,-36.718567,174.712677,1,False
esp32_device_001,2025-11-28T09:50:24+13:00,63.2,-36.7197,174.713226,1,False
esp32_device_001,2025-11-28T09:50:29+13:00,63.2,-36.72084,174.713699,1,False
esp32_device_001,2025-11-28T09:50:34+13:00,63.2,-36.721989,174.714066,1,False
esp32_device_001,2025-11-28T09:50:39+13:00,63.2,-36.72311,174.714355,1,False
esp32_device_001,2025-11-28T09:50:44+13:00,63.2,-36.724243,174.714554,1,False
esp32_device_001,2025-11-28T09:50:49+13:00,63.2,-36.725372,174.714691,1,False
esp32_device_001,2025-11-28T09:50:54+13:00,63.2,-36.726494,174.714828,1,False
esp32_device_001,2025-11-28T09:50:59+13:00,63.2,-36.727623,174.714966,1,False
esp32_device_001,2025-11-28T09:51:04+13:00,63.2,-36.728752,174.715088,1,False
esp32_device_001,2025-11-28T09:51:09+13:00,63.2,-36.729851,174.715256,1,False
esp32_device_001,2025-11-28T09:51:14+13:00,63.2,-36.730919,174.715546,1,False
esp32_device_001,2025-11-28T09:51:19+13:00,63.2,-36.731987,174.715942,1,False
esp32_device_001,2025-11-28T09:51:24+13:00,63.2,-36.733063,174.716476,1,False
esp32_device_001,2025-11-28T09:51:29+13:00,63.2,-36.734135,174.717117,1,False
esp32_device_001,2025-11-28T09:51:34+13:00,63.2,-36.735218,174.717758,1,False
esp32_device_001,2025-11-28T09:51:39+13:00,63.2,-36.736328,174.718338,1,False
esp32_device_001,2025-11-28T09:51:44+13:00,63.2,-36.737457,174.718842,1,False
esp32_device_001,2025-11-28T09:51:49+13:00,63.2,-36.738602,174.719269,1,False
esp32_device_001,2025-11-28T09:51:54+13:00,63.2,-36.739738,174.719604,1,False
esp32_device_001,2025-11-28T09:51:59+13:00,63.2,-36.740891,174.719879,1,False
esp32_device_001,2025-11-28T09:52:04+13:00,63.2,-36.74205,174.72023,1,False
esp32_device_001,2025-11-28T09:52:09+13:00,63.2,-36.743202,174.720703,1,False
esp32_device_001,2025-11-28T09:52:14+13:00,63.2,-36.744331,174.721298,1,False
esp32_device_001,2025-11-28T09:52:19+13:00,63.2,-36.74535,174.721924,1,False
esp32_device_001,2025-11-28T09:52:24+13:00,63.2,-36.746155,174.722473,1,False
esp32_device_001,2025-11-28T09:52:29+13:00,63.2,-36.746647,174.722809,1,False
esp32_device_001,2025-11-28T09:52:34+13:00,63.2,-36.746964,174.723038,1,False
esp32_device_001,2025-11-28T09:52:39+13:00,63.2,-36.747379,174.723328,1,False
esp32_device_001,2025-11-28T09:52:44+13:00,63.2,-36.747719,174.723557,1,False
esp32_device_001,2025-11-28T09:52:49+13:00,63.2,-36.748112,174.723862,1,False
esp32_device_001,2025-11-28T09:52:54+13:00,63.2,-36.74852,174.724167,1,False
esp32_device_001,2025-11-28T09:52:59+13:00,63.2,-36.748787,174.724365,1,False
esp32_device_001,2025-11-28T09:53:04+13:00,63.2,-36.749065,174.724594,1,False
esp32_device_001,2025-11-28T09:53:09+13:00,63.2,-36.749374,174.724838,1,False
esp32_device_001,2025-11-28T09:53:14+13:00,63.2,-36.749645,174.725067,1,False
esp32_device_001,2025-11-28T09:53:19+13:00,63.2,-36.749859,174.72525,1,False
esp32_device_001,2025-11-28T09:53:24+13:00,63.2,-36.750134,174.725494,1,False
esp32_device_001,2025-11-28T09:53:29+13:00,63.2,-36.750515,174.725815,1,False
esp32_device_001,2025-11-28T09:53:34+13:00,63.2,-36.750927,174.726196,1,False
esp32_device_001,2025-11-28T09:53:39+13:00,63.2,-36.751316,174.726547,1,False
esp32_device_001,2025-11-28T09:53:44+13:00,63.2,-36.751747,174.726959,1,False
esp32_device_001,2025-11-28T09:53:49+13:00,63.2,-36.752182,174.727371,1,False
esp32_device_001,2025-11-28T09:53:54+13:00,63.2,-36.752659,174.727859,1,False
esp32_device_001,2025-11-28T09:53:59+13:00,63.2,-36.753105,174.728317,1,False
esp32_device_001,2025-11-28T09:54:04+13:00,63.2,-36.753399,174.728622,1,False
esp32_device_001,2025-11-28T09:54:09+13:00,63.2,-36.753574,174.728821,1,False
esp32_device_001,2025-11-28T09:54:14+13:00,63.2,-36.753784,174.72905,1,False
esp32_device_001,2025-11-28T09:54:19+13:00,63.2,-36.75407,174.72937,1,False
esp32_device_001,2025-11-28T09:54:24+13:00,63.2,-36.754387,174.729736,1,False
esp32_device_001,2025-11-28T09:54:29+13:00,63.2,-36.754761,174.730164,1,False
esp32_device_001,2025-11-28T09:54:34+13:00,63.2,-36.755119,174.730591,1,False
esp32_device_001,2025-11-28T09:54:39+13:00,63.2,-36.755405,174.730942,1,False
esp32_device_001,2025-11-28T09:54:44+13:00,63.2,-36.755692,174.731293,1,False
esp32_device_001,2025-11-28T09:54:49+13:00,63.2,-36.756023,174.731689,1,False
esp32_device_001,2025-11-28T09:54:54+13:00,63.2,-36.756443,174.732208,1,False
esp32_device_001,2025-11-28T09:54:59+13:00,63.2,-36.756878,174.732727,1,False
esp32_device_001,2025-11-28T09:55:04+13:00,63.2,-36.757336,174.733292,1,False
esp32_device_001,2025-11-28T09:55:09+13:00,63.2,-36.757904,174.733978,1,False
esp32_device_001,2025-11-28T09:55:14+13:00,63.2,-36.758511,174.734695,1,False
esp32_device_001,2025-11-28T09:55:19+13:00,63.2,-36.759171,174.735458,1,False
esp32_device_001,2025-11-28T09:55:24+13:00,63.2,-36.759892,174.736221,1,False
esp32_device_001,2025-11-28T09:55:29+13:00,63.2,-36.760674,174.736954,1,False
esp32_device_001,2025-11-28T09:55:34+13:00,63.2,-36.76149,174.73761,1,False
esp32_device_001,2025-11-28T09:55:39+13:00,63.2,-36.762325,174.738205,1,False
esp32_device_001,2025-11-28T09:55:44+13:00,63.2,-36.763191,174.738754,1,False
esp32_device_001,2025-11-28T09:55:49+13:00,63.2,-36.764153,174.739258,1,False
esp32_device_001,2025-11-28T09:55:54+13:00,63.2,-36.765175,174.7397,1,False
esp32_device_001,2025-11-28T09:55:59+13:00,63.2,-36.766174,174.740097,1,False
esp32_device_001,2025-11-28T09:56:04+13:00,63.2,-36.767143,174.740463,1,False
esp32_device_001,2025-11-28T09:56:09+13:00,63.2,-36.768101,174.740891,1,False
esp32_device_001,2025-11-28T09:56:14+13:00,63.2,-36.769032,174.741364,1,False
esp32_device_001,2025-11-28T09:56:19+13:00,63.2,-36.769989,174.741867,1,False
esp32_device_001,2025-11-28T09:56:24+13:00,63.2,-36.770977,174.742386,1,False
esp32_device_001,2025-11-28T09:56:29+13:00,63.2,-36.77198,174.74292,1,False
esp32_device_001,2025-11-28T09:56:34+13:00,63.2,-36.773037,174.743469,1,False
esp32_device_001,2025-11-28T09:56:39+13:00,63.2,-36.774113,174.744064,1,False
esp32_device_001,2025-11-28T09:56:44+13:00,63.2,-36.775146,174.74469,1,False
esp32_device_001,2025-11-28T09:56:49+13:00,63.2,-36.77615,174.745316,1,False
esp32_device_001,2025-11-28T09:56:54+13:00,63.2,-36.777122,174.745911,1,False
esp32_device_001,2025-11-28T09:56:59+13:00,63.2,-36.77808,174.746521,1,False
esp32_device_001,2025-11-28T09:57:04+13:00,63.2,-36.779034,174.747116,1,False
esp32_device_001,2025-11-28T09:57:09+13:00,63.2,-36.780033,174.747742,1,False
esp32_device_001,2025-11-28T09:57:14+13:00,63.2,-36.781029,174.748367,1,False
esp32_device_001,2025-11-28T09:57:19+13:00,63.2,-36.782021,174.748978,1,False
esp32_device_001,2025-11-28T09:57:24+13:00,63.2,-36.783058,174.749619,1,False
esp32_device_001,2025-11-28T09:57:29+13:00,63.2,-36.784122,174.75029,1,False
esp32_device_001,2025-11-28T09:57:34+13:00,63.2,-36.785198,174.750961,1,False
esp32_device_001,2025-11-28T09:57:39+13:00,63.2,-36.786282,174.751648,1,False
esp32_device_001,2025-11-28T09:57:44+13:00,63.2,-36.787376,174.752335,1,False
esp32_device_001,2025-11-28T09:57:49+13:00,63.2,-36.788483,174.753006,1,False
esp32_device_001,2025-11-28T09:57:54+13:00,63.2,-36.789593,174.753693,1,False
esp32_device_001,2025-11-28T09:57:59+13:00,63.2,-36.790726,174.75441,1,False
esp32_device_001,2025-11-28T09:58:04+13:00,63.2,-36.79187,174.755188,1,False
esp32_device_001,2025-11-28T09:58:09+13:00,63.2,-36.792969,174.756058,1,False
esp32_device_001,2025-11-28T09:58:14+13:00,63.2,-36.794006,174.756958,1,False
esp32_device_001,2025-11-28T09:58:19+13:00,63.2,-36.794952,174.757889,1,False
esp32_device_001,2025-11-28T09:58:24+13:00,63.2,-36.795879,174.758835,1,False
esp32_device_001,2025-11-28T09:58:29+13:00,63.2,-36.796848,174.759781,1,False
esp32_device_001,2025-11-28T09:58:34+13:00,63.2,-36.797882,174.760651,1,False
esp32_device_001,2025-11-28T09:58:39+13:00,63.2,-36.799019,174.76123,1,False
esp32_device_001,2025-11-28T09:58:44+13:00,63.2,-36.80014,174.76149,1,False
esp32_device_001,2025-11-28T09:58:49+13:00,63.2,-36.801167,174.761459,1,False
esp32_device_001,2025-11-28T09:58:54+13:00,63.2,-36.802231,174.761169,1,False
esp32_device_001,2025-11-28T09:58:59+13:00,63.2,-36.803284,174.760757,1,False
esp32_device_001,2025-11-28T09:59:04+13:00,63.2,-36.804249,174.760315,1,False
esp32_device_001,2025-11-28T09:59:09+13:00,63.2,-36.805119,174.759827,1,False
esp32_device_001,2025-11-28T09:59:14+13:00,63.2,-36.805885,174.759323,1,False
esp32_device_001,2025-11-28T09:59:19+13:00,63.2,-36.80658,174.758789,1,False
esp32_device_001,2025-11-28T09:59:24+13:00,63.2,-36.807129,174.758316,1,False
esp32_device_001,2025-11-28T09:59:29+13:00,63.2,-36.80761,174.757874,1,False
esp32_device_001,2025-11-28T09:59:34+13:00,63.2,-36.808033,174.757477,1,False
esp32_device_001,2025-11-28T09:59:39+13:00,63.2,-36.808411,174.757126,1,False
esp32_device_001,2025-11-28T09:59:44+13:00,63.2,-36.808937,174.756638,1,False
esp32_device_001,2025-11-28T09:59:49+13:00,63.2,-36.809597,174.756027,1,False
esp32_device_001,2025-11-28T09:59:54+13:00,63.2,-36.810337,174.755325,1,False
esp32_device_001,2025-11-28T09:59:59+13:00,63.2,-36.811085,174.754623,1,False
esp32_device_001,2025-11-28T10:00:04+13:00,63.2,-36.811817,174.753937,1,False
esp32_device_001,2025-11-28T10:00:09+13:00,63.2,-36.812519,174.753281,1,False
esp32_device_001,2025-11-28T10:00:14+13:00,63.2,-36.813278,174.752594,1,False
esp32_device_001,2025-11-28T10:00:19+13:00,63.2,-36.814075,174.751938,1,False
esp32_device_001,2025-11-28T10:00:24+13:00,63.2,-36.814892,174.751373,1,False
esp32_device_001,2025-11-28T10:00:29+13:00,63.2,-36.815762,174.751022,1,False
esp32_device_001,2025-11-28T10:00:34+13:00,63.2,-36.816689,174.750778,1,False
esp32_device_001,2025-11-28T10:00:39+13:00,63.2,-36.817627,174.750549,1,False
esp32_device_001,2025-11-28T10:00:44+13:00,63.2,-36.818535,174.75032,1,False
esp32_device_001,2025-11-28T10:00:49+13:00,63.2,-36.819481,174.750076,1,False
esp32_device_001,2025-11-28T10:00:54+13:00,63.2,-36.820541,174.750031,1,False
esp32_device_001,2025-11-28T10:00:59+13:00,63.2,-36.82159,174.750183,1,False
esp32_device_001,2025-11-28T10:01:04+13:00,63.2,-36.822529,174.75032,1,False
esp32_device_001,2025-11-28T10:01:09+13:00,63.2,-36.823425,174.750259,1,False
esp32_device_001,2025-11-28T10:01:14+13:00,63.2,-36.824303,174.749832,1,False
esp32_device_001,2025-11-28T10:01:19+13:00,63.2,-36.825146,174.749283,1,False
esp32_device_001,2025-11-28T10:01:24+13:00,63.2,-36.825989,174.748703,1,False
esp32_device_001,2025-11-28T10:01:29+13:00,63.2,-36.826851,174.748123,1,False
esp32_device_001,2025-11-28T10:01:34+13:00,63.2,-36.827717,174.747543,1,False
esp32_device_001,2025-11-28T10:01:39+13:00,63.2,-36.828575,174.746979,1,False
esp32_device_001,2025-11-28T10:01:44+13:00,63.2,-36.829433,174.746414,1,False
esp32_device_001,2025-11-28T10:01:49+13:00,63.2,-36.830303,174.74585,1,False
esp32_device_001,2025-11-28T10:01:54+13:00,48.3,-36.831207,174.745255,1,False
esp32_device_001,2025-11-28T10:01:59+13:00,48.3,-36.832123,174.744644,1,False
esp32_device_001,2025-11-28T10:02:04+13:00,48.3,-36.833054,174.744034,1,False
esp32_device_001,2025-11-28T10:02:09+13:00,48.3,-36.834,174.743408,1,False
esp32_device_001,2025-11-28T10:02:14+13:00,48.3,-36.834953,174.742767,1,False
esp32_device_001,2025-11-28T10:02:19+13:00,48.3,-36.835903,174.742142,1,False
esp32_device_001,2025-11-28T10:02:24+13:00,48.3,-36.83688,174.741669,1,False
esp32_device_001,2025-11-28T10:02:29+13:00,13.3,-36.837887,174.741638,1,False
esp32_device_001,2025-11-28T10:02:34+13:00,12.9,-36.838802,174.742233,1,False
esp32_device_001,2025-11-28T10:02:39+13:00,12.5,-36.839535,174.74324,1,False
esp32_device_001,2025-11-28T10:02:44+13:00,12.8,-36.840168,174.744308,1,False
esp32_device_001,2025-11-28T10:02:49+13:00,12.7,-36.840889,174.745224,1,False
esp32_device_001,2025-11-28T10:02:54+13:00,13.6,-36.841789,174.745834,1,False
esp32_device_001,2025-11-28T10:02:59+13:00,14.2,-36.842468,174.74678,1,False
esp32_device_001,2025-11-28T10:03:04+13:00,13.5,-36.842777,174.748016,1,False
esp32_device_001,2025-11-28T10:03:09+13:00,13.9,-36.843128,174.749268,1,False
esp32_device_001,2025-11-28T10:03:14+13:00,13.9,-36.84367,174.750366,1,False
esp32_device_001,2025-11-28T10:03:19+13:00,17.2,-36.844273,174.751404,1,False
esp32_device_001,2025-11-28T10:03:24+13:00,20.6,-36.84494,174.75238,1,False
esp32_device_001,2025-11-28T10:03:29+13:00,20.7,-36.845863,174.75296,1,False
esp32_device_001,2025-11-28T10:03:34+13:00,21,-36.846897,174.753082,1,False
esp32_device_001,2025-11-28T10:03:39+13:00,20.3,-36.847939,174.753143,1,False
esp32_device_001,2025-11-28T10:03:44+13:00,20.2,-36.848976,174.753235,1,False
esp32_device_001,2025-11-28T10:03:49+13:00,21.5,-36.849983,174.75351,1,False
esp32_device_001,2025-11-28T10:03:54+13:00,25.1,-36.850933,174.754028,1,False
esp32_device_001,2025-11-28T10:03:59+13:00,28.3,-36.851807,174.754715,1,False
esp32_device_001,2025-11-28T10:04:04+13:00,31.6,-36.852669,174.755432,1,False
esp32_device_001,2025-11-28T10:04:09+13:00,34.7,-36.853531,174.756165,1,False
esp32_device_001,2025-11-28T10:04:14+13:00,35.4,-36.854286,174.75679,1,False
esp32_device_001,2025-11-28T10:04:19+13:00,38.6,-36.855343,174.756958,1,False
esp32_device_001,2025-11-28T10:04:24+13:00,45.1,-36.856358,174.756592,1,False
esp32_device_001,2025-11-28T10:04:29+13:00,51.2,-36.85733,174.756149,1,False
esp32_device_001,2025-11-28T10:04:34+13:00,59.5,-36.858315,174.756256,1,False
esp32_device_001,2025-11-28T10:04:39+13:00,54.4,-36.859154,174.757034,1,False
esp32_device_001,2025-11-28T10:04:44+13:00,57.8,-36.859604,174.758209,1,False
esp32_device_001,2025-11-28T10:04:49+13:00,64.8,-36.85965,174.759506,1,False
esp32_device_001,2025-11-28T10:04:54+13:00,69.9,-36.859791,174.760788,1,False
esp32_device_001,2025-11-28T10:04:59+13:00,75.4,-36.860157,174.761993,1,False
esp32_device_001,2025-11-28T10:05:04+13:00,79.5,-36.860779,174.763,1,False
esp32_device_001,2025-11-28T10:05:09+13:00,83,-36.861652,174.763702,1,False
esp32_device_001,2025-11-28T10:05:14+13:00,87.7,-36.862553,174.764343,1,False
esp32_device_001,2025-11-28T10:05:19+13:00,90.6,-36.863285,174.765213,1,False
esp32_device_001,2025-11-28T10:05:24+13:00,93,-36.863888,174.766159,1,False
esp32_device_001,2025-11-28T10:05:29+13:00,94.2,-36.864643,174.766937,1,False
esp32_device_001,2025-11-28T10:05:34+13:00,93.2,-36.86554,174.767395,1,False
esp32_device_001,2025-11-28T10:05:39+13:00,90.9,-36.86647,174.767731,1,False
esp32_device_001,2025-11-28T10:05:44+13:00,87.7,-36.867359,174.768311,1,False
esp32_device_001,2025-11-28T10:05:49+13:00,85.1,-36.868145,174.769226,1,False
esp32_device_001,2025-11-28T10:05:54+13:00,85,-36.868885,174.770218,1,False
esp32_device_001,2025-11-28T10:05:59+13:00,89.1,-36.869606,174.771164,1,False
esp32_device_001,2025-11-28T10:06:04+13:00,90.7,-36.870327,174.772003,1,False
esp32_device_001,2025-11-28T10:06:09+13:00,91.9,-36.871078,174.772781,1,False
esp32_device_001,2025-11-28T10:06:14+13:00,93.2,-36.871838,174.773621,1,False
esp32_device_001,2025-11-28T10:06:19+13:00,93.3,-36.872509,174.774612,1,False
esp32_device_001,2025-11-28T10:06:24+13:00,93.3,-36.873055,174.775726,1,False
esp32_device_001,2025-11-28T10:06:29+13:00,92.8,-36.873505,174.776917,1,False
esp32_device_001,2025-11-28T10:06:34+13:00,92.3,-36.873947,174.778076,1,False
esp32_device_001,2025-11-28T10:06:39+13:00,92,-36.874496,174.779175,1,False
esp32_device_001,2025-11-28T10:06:44+13:00,91,-36.875198,174.780151,1,False
esp32_device_001,2025-11-28T10:06:49+13:00,88.9,-36.876007,174.78096,1,False
esp32_device_001,2025-11-28T10:06:54+13:00,88.7,-36.876881,174.781677,1,False
esp32_device_001,2025-11-28T10:06:59+13:00,89.2,-36.877735,174.78244,1,False
esp32_device_001,2025-11-28T10:07:04+13:00,89.2,-36.878578,174.783234,1,False
esp32_device_001,2025-11-28T10:07:09+13:00,90.4,-36.879414,174.784027,1,False
esp32_device_001,2025-11-28T10:07:14+13:00,90.4,-36.880291,174.784912,1,False
esp32_device_001,2025-11-28T10:07:19+13:00,89.2,-36.881218,174.785873,1,False
esp32_device_001,2025-11-28T10:07:24+13:00,88.9,-36.882168,174.786835,1,False
esp32_device_001,2025-11-28T10:07:29+13:00,86.7,-36.883099,174.787781,1,False
esp32_device_001,2025-11-28T10:07:34+13:00,83.5,-36.883953,174.788666,1,False
esp32_device_001,2025-11-28T10:07:39+13:00,80.7,-36.88464,174.789474,1,False
esp32_device_001,2025-11-28T10:07:44+13:00,78.7,-36.885273,174.790329,1,False
esp32_device_001,2025-11-28T10:07:49+13:00,77.1,-36.885902,174.79129,1,False
esp32_device_001,2025-11-28T10:07:54+13:00,75.7,-36.886517,174.792343,1,False
esp32_device_001,2025-11-28T10:07:59+13:00,75.1,-36.8871,174.793472,1,False
esp32_device_001,2025-11-28T10:08:04+13:00,72.4,-36.88763,174.794632,1,False
esp32_device_001,2025-11-28T10:08:09+13:00,69.8,-36.888149,174.795776,1,False
esp32_device_001,2025-11-28T10:08:14+13:00,66.7,-36.888695,174.796921,1,False
esp32_device_001,2025-11-28T10:08:19+13:00,65.8,-36.889328,174.797913,1,False
esp32_device_001,2025-11-28T10:08:24+13:00,65.2,-36.88998,174.798798,1,False
esp32_device_001,2025-11-28T10:08:29+13:00,64.9,-36.890617,174.799759,1,False
esp32_device_001,2025-11-28T10:08:34+13:00,64.8,-36.891251,174.800766,1,False
esp32_device_001,2025-11-28T10:08:39+13:00,64.1,-36.891865,174.801758,1,False
esp32_device_001,2025-11-28T10:08:44+13:00,61.9,-36.892498,174.80278,1,False
esp32_device_001,2025-11-28T10:08:49+13:00,59.6,-36.893139,174.803802,1,False
esp32_device_001,2025-11-28T10:08:54+13:00,56.4,-36.893818,174.804779,1,False
esp32_device_001,2025-11-28T10:08:59+13:00,53.1,-36.894554,174.805725,1,False
esp32_device_001,2025-11-28T10:09:04+13:00,49,-36.89534,174.806595,1,False
esp32_device_001,2025-11-28T10:09:09+13:00,45.1,-36.896236,174.807327,1,False
esp32_device_001,2025-11-28T10:09:14+13:00,43,-36.897205,174.807877,1,False
esp32_device_001,2025-11-28T10:09:19+13:00,41.2,-36.898159,174.808365,1,False
esp32_device_001,2025-11-28T10:09:24+13:00,39.1,-36.899136,174.808853,1,False
esp32_device_001,2025-11-28T10:09:29+13:00,36.5,-36.900135,174.809372,1,False
esp32_device_001,2025-11-28T10:09:34+13:00,34,-36.901161,174.809891,1,False
esp32_device_001,2025-11-28T10:09:39+13:00,32,-36.902222,174.810471,1,False
esp32_device_001,2025-11-28T10:09:44+13:00,31,-36.903221,174.811264,1,False
esp32_device_001,2025-11-28T10:09:49+13:00,30.1,-36.904076,174.812195,1,False
esp32_device_001,2025-11-28T10:09:54+13:00,34.3,-36.904739,174.813187,1,False
esp32_device_001,2025-11-28T10:09:59+13:00,36.5,-36.905273,174.814255,1,False
esp32_device_001,2025-11-28T10:10:04+13:00,36.2,-36.905727,174.815445,1,False
esp32_device_001,2025-11-28T10:10:09+13:00,36.4,-36.906197,174.816696,1,False
esp32_device_001,2025-11-28T10:10:14+13:00,38,-36.906723,174.817947,1,False
esp32_device_001,2025-11-28T10:10:19+13:00,36.8,-36.907444,174.819061,1,False
esp32_device_001,2025-11-28T10:10:24+13:00,34.9,-36.90831,174.819962,1,False
esp32_device_001,2025-11-28T10:10:29+13:00,32.7,-36.909275,174.820679,1,False
esp32_device_001,2025-11-28T10:10:34+13:00,31.7,-36.910206,174.821365,1,False
esp32_device_001,2025-11-28T10:10:39+13:00,30.7,-36.911106,174.822037,1,False
esp32_device_001,2025-11-28T10:10:44+13:00,30.9,-36.912056,174.822739,1,False
esp32_device_001,2025-11-28T10:10:49+13:00,31.7,-36.913006,174.823486,1,False
esp32_device_001,2025-11-28T10:10:54+13:00,31.9,-36.913811,174.824341,1,False
esp32_device_001,2025-11-28T10:10:59+13:00,30.3,-36.914459,174.825394,1,False
esp32_device_001,2025-11-28T10:11:04+13:00,29.4,-36.91497,174.826645,1,False
esp32_device_001,2025-11-28T10:11:09+13:00,29,-36.915325,174.827942,1,False
esp32_device_001,2025-11-28T10:11:14+13:00,28.7,-36.91563,174.829193,1,False
esp32_device_001,2025-11-28T10:11:19+13:00,27.1,-36.915932,174.83046,1,False
esp32_device_001,2025-11-28T10:11:24+13:00,24.2,-36.916252,174.831787,1,False
esp32_device_001,2025-11-28T10:11:29+13:00,25.5,-36.91658,174.83316,1,False
esp32_device_001,2025-11-28T10:11:34+13:00,30,-36.916916,174.834564,1,False
esp32_device_001,2025-11-28T10:11:39+13:00,33.6,-36.917267,174.835999,1,False
esp32_device_001,2025-11-28T10:11:44+13:00,32.8,-36.91774,174.837372,1,False
esp32_device_001,2025-11-28T10:11:49+13:00,31.5,-36.918293,174.838654,1,False
esp32_device_001,2025-11-28T10:11:54+13:00,30.1,-36.918831,174.83989,1,False
esp32_device_001,2025-11-28T10:11:59+13:00,29,-36.919353,174.84108,1,False
esp32_device_001,2025-11-28T10:12:04+13:00,27.8,-36.919884,174.8423,1,False
esp32_device_001,2025-11-28T10:12:09+13:00,26.9,-36.920403,174.843506,1,False
esp32_device_001,2025-11-28T10:12:14+13:00,23.5,-36.920959,174.844772,1,False
esp32_device_001,2025-11-28T10:12:19+13:00,23.4,-36.921654,174.845947,1,False
esp32_device_001,2025-11-28T10:12:24+13:00,25.9,-36.922489,174.846863,1,False
esp32_device_001,2025-11-28T10:12:29+13:00,28.5,-36.923443,174.847549,1,False
esp32_device_001,2025-11-28T10:12:34+13:00,29.1,-36.924496,174.848022,1,False
esp32_device_001,2025-11-28T10:12:39+13:00,28.4,-36.925571,174.848434,1,False
esp32_device_001,2025-11-28T10:12:44+13:00,26.9,-36.926674,174.848862,1,False
esp32_device_001,2025-11-28T10:12:49+13:00,29.5,-36.927799,174.849289,1,False
esp32_device_001,2025-11-28T10:12:54+13:00,31.6,-36.928921,174.849716,1,False
esp32_device_001,2025-11-28T10:12:59+13:00,29.9,-36.93008,174.850174,1,False
esp32_device_001,2025-11-28T10:13:04+13:00,24.9,-36.931328,174.850647,1,False
esp32_device_001,2025-11-28T10:13:09+13:00,19.5,-36.932583,174.851135,1,False
esp32_device_001,2025-11-28T10:13:14+13:00,15,-36.933819,174.851608,1,False
esp32_device_001,2025-11-28T10:13:19+13:00,15.4,-36.93499,174.852066,1,False
esp32_device_001,2025-11-28T10:13:24+13:00,16.2,-36.936138,174.852509,1,False
esp32_device_001,2025-11-28T10:13:29+13:00,16.9,-36.937298,174.852951,1,False
esp32_device_001,2025-11-28T10:13:34+13:00,17.6,-36.938461,174.853394,1,False
esp32_device_001,2025-11-28T10:13:39+13:00,18.2,-36.939636,174.853699,1,False
esp32_device_001,2025-11-28T10:13:44+13:00,18.3,-36.940784,174.853943,1,False
esp32_device_001,2025-11-28T10:13:49+13:00,18.8,-36.941925,174.854187,1,False
esp32_device_001,2025-11-28T10:13:54+13:00,19.4,-36.943096,174.854446,1,False
esp32_device_001,2025-11-28T10:13:59+13:00,18.1,-36.94429,174.854797,1,False
esp32_device_001,2025-11-28T10:14:04+13:00,14.8,-36.945465,174.855377,1,False
esp32_device_001,2025-11-28T10:14:09+13:00,12.4,-36.946621,174.855988,1,False
esp32_device_001,2025-11-28T10:14:14+13:00,12,-36.947773,174.856583,1,False
esp32_device_001,2025-11-28T10:14:19+13:00,12.1,-36.948925,174.857193,1,False
esp32_device_001,2025-11-28T10:14:24+13:00,12.4,-36.950073,174.857803,1,False
esp32_device_001,2025-11-28T10:14:29+13:00,15.1,-36.951191,174.858383,1,False
esp32_device_001,2025-11-28T10:14:34+13:00,17.7,-36.952293,174.858978,1,False
esp32_device_001,2025-11-28T10:14:39+13:00,19.8,-36.953396,174.859558,1,False
esp32_device_001,2025-11-28T10:14:44+13:00,20.8,-36.954372,174.860062,1,False
esp32_device_001,2025-11-28T10:14:49+13:00,21.8,-36.955242,174.860535,1,False
esp32_device_001,2025-11-28T10:14:54+13:00,22.3,-36.956181,174.861023,1,False
esp32_device_001,2025-11-28T10:14:59+13:00,22.9,-36.957157,174.861542,1,False
esp32_device_001,2025-11-28T10:15:04+13:00,23.6,-36.95816,174.862106,1,False
esp32_device_001,2025-11-28T10:15:09+13:00,24.3,-36.959217,174.862671,1,False
esp32_device_001,2025-11-28T10:15:14+13:00,25.2,-36.960262,174.863342,1,False
esp32_device_001,2025-11-28T10:15:19+13:00,25.3,-36.96117,174.864227,1,False
esp32_device_001,2025-11-28T10:15:24+13:00,26.1,-36.961956,174.865265,1,False
esp32_device_001,2025-11-28T10:15:29+13:00,25.9,-36.962738,174.866287,1,False
esp32_device_001,2025-11-28T10:15:34+13:00,24.1,-36.963539,174.867355,1,False
esp32_device_001,2025-11-28T10:15:39+13:00,24,-36.964352,174.868423,1,False
esp32_device_001,2025-11-28T10:15:44+13:00,26,-36.965145,174.869476,1,False
esp32_device_001,2025-11-28T10:15:49+13:00,26.5,-36.965904,174.870483,1,False
esp32_device_001,2025-11-28T10:15:54+13:00,27.3,-36.966667,174.87149,1,False
esp32_device_001,2025-11-28T10:15:59+13:00,26.6,-36.967415,174.872528,1,False
esp32_device_001,2025-11-28T10:16:04+13:00,25.7,-36.968174,174.873535,1,False
esp32_device_001,2025-11-28T10:16:09+13:00,24.5,-36.968929,174.874527,1,False
esp32_device_001,2025-11-28T10:16:14+13:00,23.5,-36.969669,174.875504,1,False
esp32_device_001,2025-11-28T10:16:19+13:00,21.7,-36.970379,174.87645,1,False
esp32_device_001,2025-11-28T10:16:24+13:00,21.1,-36.971092,174.877396,1,False
esp32_device_001,2025-11-28T10:16:29+13:00,21.3,-36.97184,174.878342,1,False
esp32_device_001,2025-11-28T10:16:34+13:00,21.3,-36.972691,174.879135,1,False
esp32_device_001,2025-11-28T10:16:39+13:00,22.1,-36.973663,174.879715,1,False
esp32_device_001,2025-11-28T10:16:44+13:00,23.7,-36.974693,174.880096,1,False
esp32_device_001,2025-11-28T10:16:49+13:00,28.8,-36.975685,174.880417,1,False
esp32_device_001,2025-11-28T10:16:54+13:00,32.3,-36.97665,174.880737,1,False
esp32_device_001,2025-11-28T10:16:59+13:00,34.4,-36.977558,174.881027,1,False
esp32_device_001,2025-11-28T10:17:04+13:00,36.5,-36.978462,174.881317,1,False
esp32_device_001,2025-11-28T10:17:09+13:00,37,-36.979244,174.881577,1,False
esp32_device_001,2025-11-28T10:17:14+13:00,36.2,-36.980019,174.881851,1,False
esp32_device_001,2025-11-28T10:17:19+13:00,35.4,-36.980824,174.882217,1,False
esp32_device_001,2025-11-28T10:17:24+13:00,35,-36.981628,174.882614,1,False
esp32_device_001,2025-11-28T10:17:29+13:00,35.8,-36.982433,174.883118,1,False
esp32_device_001,2025-11-28T10:17:34+13:00,36.1,-36.983234,174.883621,1,False
esp32_device_001,2025-11-28T10:17:39+13:00,38,-36.984009,174.884109,1,False
esp32_device_001,2025-11-28T10:17:44+13:00,42.5,-36.98465,174.884552,1,False
esp32_device_001,2025-11-28T10:18:14+13:00,43.6,-36.985069,174.884811,1,False
esp32_device_001,2025-11-28T10:19:59+13:00,45.4,-36.985634,174.884933,1,False
esp32_device_001,2025-11-28T10:20:04+13:00,45.8,-36.98584,174.884415,1,False
esp32_device_001,2025-11-28T10:20:09+13:00,44.7,-36.986107,174.883743,1,False
esp32_device_001,2025-11-28T10:20:14+13:00,41.8,-36.986382,174.882996,1,False
esp32_device_001,2025-11-28T10:20:19+13:00,40.5,-36.986633,174.882263,1,False
esp32_device_001,2025-11-28T10:20:44+13:00,41.9,-36.986908,174.881699,1,False
esp32_device_001,2025-11-28T10:20:49+13:00,42.5,-36.987038,174.881683,1,False
esp32_device_001,2025-11-28T10:20:54+13:00,42.6,-36.987335,174.881927,1,False
esp32_device_001,2025-11-28T10:20:59+13:00,42.6,-36.987751,174.882309,1,False
esp32_device_001,2025-11-28T10:21:04+13:00,42.5,-36.988205,174.88269,1,False
esp32_device_001,2025-11-28T10:21:09+13:00,40.8,-36.988743,174.882965,1,False
esp32_device_001,2025-11-28T10:21:14+13:00,38.8,-36.989273,174.883163,1,False
esp32_device_001,2025-11-28T10:21:19+13:00,39,-36.989662,174.883316,1,False
esp32_device_001,2025-11-28T10:21:24+13:00,40.4,-36.990227,174.88353,1,False
esp32_device_001,2025-11-28T10:21:29+13:00,42.2,-36.990665,174.88385,1,False
esp32_device_001,2025-11-28T10:21:34+13:00,41.8,-36.990646,174.884125,1,False
esp32_device_001,2025-11-28T10:21:39+13:00,41,-36.990707,174.884308,1,False
esp32_device_001,2025-11-28T10:21:44+13:00,41.8,-36.990757,174.884384,1,False
esp32_device_001,2025-11-28T12:01:11+13:00,44.6,-36.990749,174.884109,6,False
esp32_device_001,2025-11-28T12:01:31+13:00,45.9,-36.991016,174.884186,6,False
esp32_device_001,2025-11-28T12:01:36+13:00,47.4,-36.991283,174.884476,6,False
esp32_device_001,2025-11-28T12:01:41+13:00,48.6,-36.99152,174.884705,6,False
esp32_device_001,2025-11-28T12:01:46+13:00,48.9,-36.991539,174.884735,6,False
esp32_device_001,2025-11-28T12:01:51+13:00,49,-36.991634,174.884827,6,False
esp32_device_001,2025-11-28T12:01:56+13:00,50.2,-36.99192,174.885101,6,False
esp32_device_001,2025-11-28T12:02:01+13:00,51,-36.992226,174.885391,6,False
esp32_device_001,2025-11-28T12:02:06+13:00,50.7,-36.992409,174.885757,6,False
esp32_device_001,2025-11-28T12:02:11+13:00,51.5,-36.992218,174.886246,6,False
esp32_device_001,2025-11-28T12:02:16+13:00,52.1,-36.991711,174.886719,6,False
esp32_device_001,2025-11-28T12:02:21+13:00,51,-36.990917,174.886917,6,False
esp32_device_001,2025-11-28T12:02:26+13:00,49.1,-36.990055,174.886612,6,False
esp32_device_001,2025-11-28T12:02:31+13:00,48,-36.98925,174.886246,6,False
esp32_device_001,2025-11-28T12:02:36+13:00,46.3,-36.988403,174.885834,6,False
esp32_device_001,2025-11-28T12:02:41+13:00,44.5,-36.98753,174.885406,6,False
esp32_device_001,2025-11-28T12:02:46+13:00,42.6,-36.986546,174.884949,6,False
esp32_device_001,2025-11-28T12:02:51+13:00,39.8,-36.985485,174.884399,6,False
esp32_device_001,2025-11-28T12:02:56+13:00,37.8,-36.984406,174.88385,6,False
esp32_device_001,2025-11-28T12:03:01+13:00,36,-36.983295,174.883286,6,False
esp32_device_001,2025-11-28T12:03:06+13:00,34.3,-36.982212,174.882736,6,False
esp32_device_001,2025-11-28T12:03:11+13:00,32.7,-36.981178,174.882217,6,False
esp32_device_001,2025-11-28T12:03:16+13:00,32.7,-36.980125,174.881714,6,False
esp32_device_001,2025-11-28T12:03:21+13:00,33.1,-36.979027,174.881332,6,False
esp32_device_001,2025-11-28T12:03:26+13:00,30.8,-36.977924,174.880966,6,False
esp32_device_001,2025-11-28T12:03:31+13:00,29.6,-36.97683,174.880615,6,False
esp32_device_001,2025-11-28T12:03:36+13:00,26.6,-36.975674,174.880264,6,False
esp32_device_001,2025-11-28T12:03:41+13:00,22.8,-36.974472,174.879868,6,False
esp32_device_001,2025-11-28T12:03:46+13:00,22.4,-36.97332,174.879379,6,False
esp32_device_001,2025-11-28T12:03:51+13:00,22,-36.972321,174.878632,6,False
esp32_device_001,2025-11-28T12:03:56+13:00,22.5,-36.971489,174.87767,6,False
esp32_device_001,2025-11-28T12:04:01+13:00,23.6,-36.970726,174.876663,6,False
esp32_device_001,2025-11-28T12:04:06+13:00,25.4,-36.969963,174.875656,6,False
esp32_device_001,2025-11-28T12:04:11+13:00,26.3,-36.969204,174.874634,6,False
esp32_device_001,2025-11-28T12:04:16+13:00,27.6,-36.96843,174.873581,6,False
esp32_device_001,2025-11-28T12:04:21+13:00,29.3,-36.967587,174.872452,6,False
esp32_device_001,2025-11-28T12:04:26+13:00,30.5,-36.966717,174.871307,6,False
esp32_device_001,2025-11-28T12:04:31+13:00,30.1,-36.965862,174.870193,6,False
esp32_device_001,2025-11-28T12:04:36+13:00,29.3,-36.965038,174.869125,6,False
esp32_device_001,2025-11-28T12:04:41+13:00,26.5,-36.964214,174.868057,6,False
esp32_device_001,2025-11-28T12:04:46+13:00,27.9,-36.96339,174.866974,6,False
esp32_device_001,2025-11-28T12:04:51+13:00,29.2,-36.962578,174.865891,6,False
esp32_device_001,2025-11-28T12:04:56+13:00,28.6,-36.961678,174.8647,6,False
esp32_device_001,2025-11-28T12:05:01+13:00,27.9,-36.960709,174.863632,6,False
esp32_device_001,2025-11-28T12:05:06+13:00,27.4,-36.95969,174.862869,6,False
esp32_device_001,2025-11-28T12:05:11.040000+13:00,27.1,-36.959309,174.862619,6,True
esp32_device_001,2025-11-28T12:05:16.080000+13:00,26.8,-36.957866,174.861858,6,True
esp32_device_001,2025-11-28T12:05:21.120000+13:00,26.4,-36.956452,174.861105,6,True
esp32_device_001,2025-11-28T12:05:26.160000+13:00,26.1,-36.955254,174.860474,6,True
esp32_device_001,2025-11-28T12:05:31.200000+13:00,25.8,-36.953181,174.859367,6,True
esp32_device_001,2025-11-28T12:05:36.240000+13:00,25.5,-36.952331,174.858926,6,True
esp32_device_001,2025-11-28T12:05:41.280000+13:00,25.1,-36.952071,174.858787,6,True
esp32_device_001,2025-11-28T12:05:46.320000+13:00,24.8,-36.949287,174.857306,6,True
esp32_device_001,2025-11-28T12:05:51.360000+13:00,24.5,-36.948685,174.856993,6,True
esp32_device_001,2025-11-28T12:05:56.400000+13:00,24.2,-36.948314,174.856796,6,True
esp32_device_001,2025-11-28T12:06:01.440000+13:00,23.8,-36.946209,174.855682,6,True
esp32_device_001,2025-11-28T12:06:06.480000+13:00,23.5,-36.944759,174.854918,6,True
esp32_device_001,2025-11-28T12:07:12+13:00,19.3,-36.944519,174.854828,6,False
esp32_device_001,2025-11-28T12:07:22+13:00,21.4,-36.943886,174.854568,6,False
esp32_device_001,2025-11-28T12:07:27+13:00,22.3,-36.943478,174.854462,6,False
esp32_device_001,2025-11-28T12:07:32+13:00,22.7,-36.943031,174.85437,6,False
esp32_device_001,2025-11-28T12:07:37+13:00,22.6,-36.942547,174.854263,6,False
esp32_device_001,2025-11-28T12:07:42+13:00,22.4,-36.941967,174.854126,6,False
esp32_device_001,2025-11-28T12:07:47+13:00,22.5,-36.94136,174.854004,6,False
esp32_device_001,2025-11-28T12:07:52+13:00,22.6,-36.9408,174.853882,6,False
esp32_device_001,2025-11-28T12:07:57+13:00,22.5,-36.940422,174.853806,6,False
esp32_device_001,2025-11-28T12:08:02+13:00,22,-36.94022,174.85376,6,False
esp32_device_001,2025-11-28T12:08:07+13:00,22.3,-36.940216,174.85376,6,False
esp32_device_001,2025-11-28T12:08:42+13:00,21.1,-36.937847,174.853104,6,False
esp32_device_001,2025-11-28T12:08:47.055556+13:00,21.3,-36.937166,174.852820,6,True
esp32_device_001,2025-11-28T12:08:52.111111+13:00,21.5,-36.935911,174.852331,6,True
esp32_device_001,2025-11-28T12:08:57.166667+13:00,21.8,-36.934429,174.851755,6,True
esp32_device_001,2025-11-28T12:09:02.222222+13:00,22.0,-36.933721,174.851482,6,True
esp32_device_001,2025-11-28T12:09:07.277778+13:00,22.2,-36.933661,174.851458,6,True
esp32_device_001,2025-11-28T12:09:12.333333+13:00,22.4,-36.929942,174.850025,6,True
esp32_device_001,2025-11-28T12:09:17.388889+13:00,22.6,-36.927190,174.848953,6,True
esp32_device_001,2025-11-28T12:10:13+13:00,25,-36.92625,174.848648,6,False
esp32_device_001,2025-11-28T12:10:23+13:00,27.2,-36.9249,174.848129,6,False
esp32_device_001,2025-11-28T12:10:28+13:00,27.1,-36.924122,174.847824,6,False
esp32_device_001,2025-11-28T12:10:33+13:00,25.2,-36.923294,174.847412,6,False
esp32_device_001,2025-11-28T12:10:38+13:00,23.4,-36.922466,174.846771,6,False
esp32_device_001,2025-11-28T12:10:43+13:00,20.4,-36.921715,174.845932,6,False
esp32_device_001,2025-11-28T12:10:48+13:00,21.2,-36.921089,174.844894,6,False
esp32_device_001,2025-11-28T12:10:53+13:00,24.8,-36.920563,174.843735,6,False
esp32_device_001,2025-11-28T12:10:58+13:00,27.1,-36.920052,174.842545,6,False
esp32_device_001,2025-11-28T12:11:03+13:00,28.3,-36.919552,174.8414,6,False
esp32_device_001,2025-11-28T12:11:08+13:00,30.4,-36.919071,174.840271,6,False
esp32_device_001,2025-11-28T12:11:28+13:00,35.8,-36.917389,174.836197,6,False
esp32_device_001,2025-11-28T12:11:33+13:00,33.4,-36.917088,174.835007,6,False
esp32_device_001,2025-11-28T12:11:38+13:00,29.4,-36.916805,174.833801,6,False
esp32_device_001,2025-11-28T12:11:43+13:00,26,-36.916504,174.83255,6,False
esp32_device_001,2025-11-28T12:11:48+13:00,26.9,-36.916199,174.831284,6,False
esp32_device_001,2025-11-28T12:11:53+13:00,30.3,-36.91589,174.830002,6,False
esp32_device_001,2025-11-28T12:11:58+13:00,31.7,-36.915596,174.828781,6,False
esp32_device_001,2025-11-28T12:12:03+13:00,32.1,-36.915298,174.827545,6,False
esp32_device_001,2025-11-28T12:12:08+13:00,33,-36.914959,174.826324,6,False
esp32_device_001,2025-11-28T12:12:13+13:00,34.5,-36.914562,174.825348,6,False
esp32_device_001,2025-11-28T12:12:18+13:00,35.6,-36.914207,174.824738,6,False
esp32_device_001,2025-11-28T12:12:23+13:00,35.7,-36.914001,174.824417,6,False
esp32_device_001,2025-11-28T12:13:08+13:00,36.7,-36.912762,174.823151,6,False
esp32_device_001,2025-11-28T12:13:13+13:00,36,-36.912502,174.822968,6,False
esp32_device_001,2025-11-28T12:14:13+13:00,36.2,-36.909069,174.820419,6,False
esp32_device_001,2025-11-28T12:14:18+13:00,37.1,-36.908463,174.819977,6,False
esp32_device_001,2025-11-28T12:14:23+13:00,38.4,-36.90802,174.819595,6,False
esp32_device_001,2025-11-28T12:14:28+13:00,39.9,-36.907738,174.819321,6,False
esp32_device_001,2025-11-28T12:14:38+13:00,40.6,-36.907162,174.818588,6,False
esp32_device_001,2025-11-28T12:14:43+13:00,40.2,-36.90694,174.818237,6,False
esp32_device_001,2025-11-28T12:14:48+13:00,39.8,-36.906742,174.817871,6,False
esp32_device_001,2025-11-28T12:14:53+13:00,39.2,-36.906605,174.817581,6,False
esp32_device_001,2025-11-28T12:14:58+13:00,37.4,-36.906433,174.817184,6,False
esp32_device_001,2025-11-28T12:15:03+13:00,36.6,-36.906231,174.81665,6,False
esp32_device_001,2025-11-28T12:15:08+13:00,37.6,-36.90604,174.816147,6,False
esp32_device_001,2025-11-28T12:15:14+13:00,39.2,-36.905785,174.81546,6,False
esp32_device_001,2025-11-28T12:15:19+13:00,40.4,-36.905609,174.814987,6,False
esp32_device_001,2025-11-28T12:15:24+13:00,41.3,-36.905464,174.814606,6,False
esp32_device_001,2025-11-28T12:15:29+13:00,41.6,-36.905334,174.81427,6,False
esp32_device_001,2025-11-28T12:15:34+13:00,42.3,-36.905148,174.813843,6,False
esp32_device_001,2025-11-28T12:15:39+13:00,42.2,-36.904938,174.813416,6,False
esp32_device_001,2025-11-28T12:15:44+13:00,40.9,-36.904751,174.81308,6,False
esp32_device_001,2025-11-28T12:15:49+13:00,40,-36.904591,174.81282,6,False
esp32_device_001,2025-11-28T12:15:54+13:00,38.7,-36.904346,174.812469,6,False
esp32_device_001,2025-11-28T12:15:59+13:00,36.6,-36.904045,174.812057,6,False
esp32_device_001,2025-11-28T12:16:04+13:00,35.5,-36.903713,174.811707,6,False
esp32_device_001,2025-11-28T12:16:09+13:00,34.2,-36.903404,174.811386,6,False
esp32_device_001,2025-11-28T12:16:14+13:00,36.2,-36.903164,174.811157,6,False
esp32_device_001,2025-11-28T12:16:19+13:00,38.6,-36.903042,174.811035,6,False
esp32_device_001,2025-11-28T12:16:24+13:00,39.8,-36.902901,174.810913,6,False
esp32_device_001,2025-11-28T12:16:29+13:00,39.9,-36.90274,174.810776,6,False
esp32_device_001,2025-11-28T12:16:34+13:00,39.1,-36.902565,174.810654,6,False
esp32_device_001,2025-11-28T12:16:39+13:00,38.4,-36.902283,174.81044,6,False
esp32_device_001,2025-11-28T12:16:44+13:00,37.8,-36.901962,174.810257,6,False
esp32_device_001,2025-11-28T12:16:49+13:00,37.3,-36.901653,174.810104,6,False
esp32_device_001,2025-11-28T12:16:54+13:00,37.9,-36.901386,174.809967,6,False
esp32_device_001,2025-11-28T12:16:59+13:00,38.8,-36.901184,174.809845,6,False
esp32_device_001,2025-11-28T12:17:04+13:00,39.2,-36.901009,174.809753,6,False
esp32_device_001,2025-11-28T12:17:09+13:00,40,-36.900753,174.809631,6,False
esp32_device_001,2025-11-28T12:17:14+13:00,41.2,-36.900436,174.809464,6,False
esp32_device_001,2025-11-28T12:17:19+13:00,42,-36.900162,174.809311,6,False
esp32_device_001,2025-11-28T12:17:24+13:00,42.3,-36.899807,174.809143,6,False
esp32_device_001,2025-11-28T12:17:29+13:00,43.2,-36.899498,174.808975,6,False
esp32_device_001,2025-11-28T12:17:34+13:00,42.3,-36.899277,174.808868,6,False
esp32_device_001,2025-11-28T12:17:39+13:00,42.8,-36.89901,174.808731,6,False
esp32_device_001,2025-11-28T12:17:44+13:00,43,-36.898651,174.808548,6,False
esp32_device_001,2025-11-28T12:17:49+13:00,44.3,-36.898266,174.80835,6,False
esp32_device_001,2025-11-28T12:17:54+13:00,44.3,-36.89785,174.808136,6,False
esp32_device_001,2025-11-28T12:17:59+13:00,44.1,-36.897369,174.807892,6,False
esp32_device_001,2025-11-28T12:18:04+13:00,44.5,-36.896847,174.807632,6,False
esp32_device_001,2025-11-28T12:18:09+13:00,45.1,-36.896408,174.807358,6,False
esp32_device_001,2025-11-28T12:18:14+13:00,47,-36.896149,174.80719,6,False
esp32_device_001,2025-11-28T12:18:19+13:00,48.2,-36.895752,174.8069,6,False
esp32_device_001,2025-11-28T12:18:24+13:00,50.6,-36.895397,174.80658,6,False
esp32_device_001,2025-11-28T12:18:29+13:00,52.7,-36.895084,174.806274,6,False
esp32_device_001,2025-11-28T12:18:34+13:00,54.4,-36.894779,174.805923,6,False
esp32_device_001,2025-11-28T12:18:39+13:00,55.2,-36.894501,174.805588,6,False
esp32_device_001,2025-11-28T12:18:44+13:00,55.9,-36.894268,174.805283,6,False
esp32_device_001,2025-11-28T12:18:49+13:00,56.4,-36.894032,174.804993,6,False
esp32_device_001,2025-11-28T12:18:54+13:00,57.5,-36.893791,174.804657,6,False
esp32_device_001,2025-11-28T12:18:59+13:00,58.6,-36.893501,174.804245,6,False
esp32_device_001,2025-11-28T12:19:04+13:00,60.2,-36.893192,174.803772,6,False
esp32_device_001,2025-11-28T12:19:09+13:00,61,-36.892895,174.803299,6,False
esp32_device_001,2025-11-28T12:19:14+13:00,62.1,-36.892605,174.802841,6,False
esp32_device_001,2025-11-28T12:19:19+13:00,63.2,-36.892303,174.802353,6,False
esp32_device_001,2025-11-28T12:19:24+13:00,63.9,-36.892056,174.801941,6,False
esp32_device_001,2025-11-28T12:19:29+13:00,64.3,-36.891785,174.801498,6,False
esp32_device_001,2025-11-28T12:19:34+13:00,64.2,-36.891479,174.801025,6,False
esp32_device_001,2025-11-28T12:19:39+13:00,65.4,-36.891277,174.80069,6,False
esp32_device_001,2025-11-28T12:19:44+13:00,65.5,-36.891151,174.800491,6,False
esp32_device_001,2025-11-28T12:19:49+13:00,66.5,-36.890995,174.800232,6,False
esp32_device_001,2025-11-28T12:19:54+13:00,66.6,-36.890789,174.799896,6,False
esp32_device_001,2025-11-28T12:19:59+13:00,67.3,-36.890533,174.799484,6,False
esp32_device_001,2025-11-28T12:20:04+13:00,66.5,-36.890209,174.798981,6,False
esp32_device_001,2025-11-28T12:20:09+13:00,66.8,-36.889847,174.798492,6,False
esp32_device_001,2025-11-28T12:20:14+13:00,66.4,-36.889484,174.798004,6,False
esp32_device_001,2025-11-28T12:20:19+13:00,66.5,-36.889103,174.797485,6,False
esp32_device_001,2025-11-28T12:20:24+13:00,67.2,-36.88871,174.796829,6,False
esp32_device_001,2025-11-28T12:20:29+13:00,69.9,-36.888367,174.796112,6,False
esp32_device_001,2025-11-28T12:20:34+13:00,74.3,-36.888077,174.795471,6,False
esp32_device_001,2025-11-28T12:20:39+13:00,78.3,-36.887798,174.794861,6,False
esp32_device_001,2025-11-28T12:20:44+13:00,78.9,-36.887554,174.794327,6,False
esp32_device_001,2025-11-28T12:20:49+13:00,81.1,-36.88726,174.793686,6,False
esp32_device_001,2025-11-28T12:20:54+13:00,81.4,-36.886971,174.79306,6,False
esp32_device_001,2025-11-28T12:20:59+13:00,81.4,-36.886765,174.792648,6,False
esp32_device_001,2025-11-28T12:21:04+13:00,81.8,-36.886646,174.792435,6,False
esp32_device_001,2025-11-28T12:21:09+13:00,81.7,-36.8866,174.792343,6,False
esp32_device_001,2025-11-28T12:21:14+13:00,82.2,-36.88652,174.792206,6,False
esp32_device_001,2025-11-28T12:21:19+13:00,82.8,-36.886402,174.791992,6,False
esp32_device_001,2025-11-28T12:21:24+13:00,83.4,-36.886215,174.791672,6,False
esp32_device_001,2025-11-28T12:21:29+13:00,84.3,-36.885967,174.79126,6,False
esp32_device_001,2025-11-28T12:21:34+13:00,85.1,-36.885708,174.790848,6,False
esp32_device_001,2025-11-28T12:21:39+13:00,85.6,-36.885448,174.790466,6,False
esp32_device_001,2025-11-28T12:21:44+13:00,86.5,-36.885208,174.790131,6,False
esp32_device_001,2025-11-28T12:21:49+13:00,87.8,-36.884941,174.789749,6,False
esp32_device_001,2025-11-28T12:21:54+13:00,88.9,-36.884644,174.789368,6,False
esp32_device_001,2025-11-28T12:21:59+13:00,88.7,-36.884346,174.788986,6,False
esp32_device_001,2025-11-28T12:22:04+13:00,89.7,-36.883968,174.788574,6,False
esp32_device_001,2025-11-28T12:22:09+13:00,91,-36.883556,174.788147,6,False
esp32_device_001,2025-11-28T12:22:14+13:00,91.2,-36.883194,174.787796,6,False
esp32_device_001,2025-11-28T12:22:19+13:00,91.6,-36.882919,174.787521,6,False
esp32_device_001,2025-11-28T12:22:24+13:00,91.8,-36.882622,174.787216,6,False
esp32_device_001,2025-11-28T12:22:29+13:00,92,-36.882298,174.786896,6,False
esp32_device_001,2025-11-28T12:22:34+13:00,91.6,-36.881935,174.78653,6,False
esp32_device_001,2025-11-28T12:22:39+13:00,91.5,-36.881504,174.786133,6,False
esp32_device_001,2025-11-28T12:22:44+13:00,92.3,-36.880974,174.785583,6,False
esp32_device_001,2025-11-28T12:22:49+13:00,92.6,-36.880367,174.784958,6,False
esp32_device_001,2025-11-28T12:22:54+13:00,91.9,-36.879719,174.784286,6,False
esp32_device_001,2025-11-28T12:22:59+13:00,91.3,-36.879017,174.7836,6,False
esp32_device_001,2025-11-28T12:23:04+13:00,90.7,-36.878258,174.782883,6,False
esp32_device_001,2025-11-28T12:23:09+13:00,89.5,-36.877476,174.782166,6,False
esp32_device_001,2025-11-28T12:23:14+13:00,88.9,-36.876671,174.781494,6,False
esp32_device_001,2025-11-28T12:23:19+13:00,90.6,-36.875866,174.780807,6,False
esp32_device_001,2025-11-28T12:23:24+13:00,93.3,-36.875134,174.780045,6,False
esp32_device_001,2025-11-28T12:23:29+13:00,94.1,-36.874496,174.779129,6,False
esp32_device_001,2025-11-28T12:23:34+13:00,94.1,-36.873978,174.778076,6,False
esp32_device_001,2025-11-28T12:23:39+13:00,96.2,-36.873562,174.776993,6,False
esp32_device_001,2025-11-28T12:23:44+13:00,97.4,-36.873161,174.775894,6,False
esp32_device_001,2025-11-28T12:23:49+13:00,98.1,-36.872681,174.774841,6,False
esp32_device_001,2025-11-28T12:23:54+13:00,97.3,-36.872074,174.773849,6,False
esp32_device_001,2025-11-28T12:23:59+13:00,96.4,-36.871342,174.772964,6,False
esp32_device_001,2025-11-28T12:24:04+13:00,95.4,-36.870556,174.772171,6,False
esp32_device_001,2025-11-28T12:24:09+13:00,94.2,-36.869793,174.771317,6,False
esp32_device_001,2025-11-28T12:24:14+13:00,92,-36.869064,174.770355,6,False
esp32_device_001,2025-11-28T12:24:19+13:00,89,-36.868332,174.769379,6,False
esp32_device_001,2025-11-28T12:24:24+13:00,90,-36.867619,174.768463,6,False
esp32_device_001,2025-11-28T12:24:29+13:00,90.6,-36.866802,174.767822,6,False
esp32_device_001,2025-11-28T12:24:34+13:00,92.4,-36.865932,174.767456,6,False
esp32_device_001,2025-11-28T12:24:39+13:00,95.4,-36.86507,174.76712,6,False
esp32_device_001,2025-11-28T12:24:44+13:00,97.6,-36.864307,174.76651,6,False
esp32_device_001,2025-11-28T12:24:49+13:00,95.2,-36.863678,174.76564,6,False
esp32_device_001,2025-11-28T12:24:54+13:00,92.3,-36.863087,174.764755,6,False
esp32_device_001,2025-11-28T12:24:59+13:00,89.8,-36.862377,174.764038,6,False
esp32_device_001,2025-11-28T12:25:04+13:00,85.9,-36.861603,174.763351,6,False
esp32_device_001,2025-11-28T12:25:09+13:00,80.6,-36.860939,174.762421,6,False
esp32_device_001,2025-11-28T12:25:14+13:00,77.3,-36.860481,174.761292,6,False
esp32_device_001,2025-11-28T12:25:19+13:00,71.7,-36.860222,174.76004,6,False
esp32_device_001,2025-11-28T12:25:24+13:00,66.6,-36.860165,174.758728,6,False
esp32_device_001,2025-11-28T12:25:29+13:00,66.4,-36.859852,174.757568,6,False
esp32_device_001,2025-11-28T12:25:34+13:00,68.5,-36.859226,174.756744,6,False
esp32_device_001,2025-11-28T12:25:39+13:00,68.4,-36.858425,174.756241,6,False
esp32_device_001,2025-11-28T12:25:44+13:00,67.5,-36.857567,174.755859,6,False
esp32_device_001,2025-11-28T12:25:49+13:00,65,-36.856663,174.755753,6,False
esp32_device_001,2025-11-28T12:25:54+13:00,62.3,-36.855812,174.756104,6,False
esp32_device_001,2025-11-28T12:25:59+13:00,58,-36.855015,174.756439,6,False
esp32_device_001,2025-11-28T12:26:04+13:00,51,-36.854141,174.756363,6,False
esp32_device_001,2025-11-28T12:26:09+13:00,42.6,-36.853294,174.755859,6,False
esp32_device_001,2025-11-28T12:26:14+13:00,37.3,-36.852497,174.755203,6,False
esp32_device_001,2025-11-28T12:26:19+13:00,31.3,-36.851727,174.754562,6,False
esp32_device_001,2025-11-28T12:26:24+13:00,24.8,-36.850891,174.753922,6,False
esp32_device_001,2025-11-28T12:26:29+13:00,18.4,-36.849983,174.753403,6,False
esp32_device_001,2025-11-28T12:26:34+13:00,11.4,-36.849087,174.753082,6,False
esp32_device_001,2025-11-28T12:27:04+13:00,11.1,-36.84436,174.751205,6,False
esp32_device_001,2025-11-28T12:27:09+13:00,10.4,-36.843811,174.750351,6,False
esp32_device_001,2025-11-28T12:27:14+13:00,7.4,-36.843273,174.74942,6,False
esp32_device_001,2025-11-28T12:27:19+13:00,9.1,-36.842911,174.748276,6,False
esp32_device_001,2025-11-28T12:27:24+13:00,9.2,-36.842648,174.747055,6,False
esp32_device_001,2025-11-28T12:27:29+13:00,9.5,-36.842133,174.746048,6,False
esp32_device_001,2025-11-28T12:27:34+13:00,11.1,-36.841347,174.745422,6,False
esp32_device_001,2025-11-28T12:27:39+13:00,11.4,-36.840542,174.74472,6,False
esp32_device_001,2025-11-28T12:27:44+13:00,11.1,-36.839901,174.743683,6,False
esp32_device_001,2025-11-28T12:27:49+13:00,11.3,-36.839252,174.742645,6,False
esp32_device_001,2025-11-28T12:27:54+13:00,10.9,-36.838459,174.741806,6,False
esp32_device_001,2025-11-28T12:27:59+13:00,10.2,-36.837475,174.741455,6,False
esp32_device_001,2025-11-28T12:28:04+13:00,12.3,-36.836483,174.741745,6,False
esp32_device_001,2025-11-28T12:28:09+13:00,18.2,-36.835648,174.74231,6,False
esp32_device_001,2025-11-28T12:28:14+13:00,23.9,-36.834892,174.742798,6,False
esp32_device_001,2025-11-28T12:28:19+13:00,27.8,-36.834221,174.74324,6,False
esp32_device_001,2025-11-28T12:28:24+13:00,32.3,-36.833477,174.743729,6,False
esp32_device_001,2025-11-28T12:28:29+13:00,37.5,-36.832695,174.744247,6,False
esp32_device_001,2025-11-28T12:28:34+13:00,42.7,-36.831905,174.744766,6,False
esp32_device_001,2025-11-28T12:28:39+13:00,48,-36.831123,174.745285,6,False
esp32_device_001,2025-11-28T12:28:44+13:00,52.7,-36.830338,174.745804,6,False
esp32_device_001,2025-11-28T12:28:49+13:00,57.6,-36.829544,174.746323,6,False
esp32_device_001,2025-11-28T12:28:54+13:00,57.6,-36.82872,174.746872,6,False
esp32_device_001,2025-11-28T12:28:59+13:00,53.2,-36.827892,174.747406,6,False
esp32_device_001,2025-11-28T12:29:04+13:00,47.4,-36.827038,174.747971,6,False
esp32_device_001,2025-11-28T12:29:09+13:00,42.1,-36.826164,174.74855,6,False
esp32_device_001,2025-11-28T12:29:14+13:00,36.7,-36.825268,174.749146,6,False
esp32_device_001,2025-11-28T12:29:19+13:00,30.7,-36.824345,174.749741,6,False
esp32_device_001,2025-11-28T12:29:24+13:00,24.8,-36.823349,174.750229,6,False
esp32_device_001,2025-11-28T12:29:29+13:00,19.2,-36.822262,174.750259,6,False
esp32_device_001,2025-11-28T12:29:34+13:00,15.8,-36.821178,174.75,6,False
esp32_device_001,2025-11-28T12:29:39+13:00,16.9,-36.820129,174.74971,6,False
esp32_device_001,2025-11-28T12:29:44+13:00,16.8,-36.819031,174.749771,6,False
esp32_device_001,2025-11-28T12:29:49+13:00,16.6,-36.817924,174.750076,6,False
esp32_device_001,2025-11-28T12:29:54+13:00,17.8,-36.816811,174.750412,6,False
esp32_device_001,2025-11-28T12:29:59+13:00,18.1,-36.815704,174.750778,6,False
esp32_device_001,2025-11-28T12:30:04+13:00,18,-36.814663,174.751358,6,False
esp32_device_001,2025-11-28T12:30:09+13:00,17.3,-36.813671,174.752106,6,False
esp32_device_001,2025-11-28T12:30:14+13:00,17.2,-36.812695,174.752945,6,False
esp32_device_001,2025-11-28T12:30:19+13:00,16.3,-36.811741,174.75383,6,False
esp32_device_001,2025-11-28T12:30:24+13:00,14.6,-36.810764,174.754745,6,False
esp32_device_001,2025-11-28T12:30:29+13:00,13.9,-36.809784,174.755661,6,False
esp32_device_001,2025-11-28T12:30:34+13:00,13.3,-36.8088,174.756592,6,False
esp32_device_001,2025-11-28T12:30:39+13:00,12.9,-36.807812,174.757523,6,False
esp32_device_001,2025-11-28T12:30:44+13:00,11.2,-36.80682,174.758438,6,False
esp32_device_001,2025-11-28T12:30:49+13:00,11,-36.805786,174.759247,6,False
esp32_device_001,2025-11-28T12:30:54+13:00,11.6,-36.804707,174.759949,6,False
esp32_device_001,2025-11-28T12:30:59+13:00,13,-36.803604,174.760498,6,False
esp32_device_001,2025-11-28T12:31:04+13:00,14.8,-36.802483,174.760941,6,False
esp32_device_001,2025-11-28T12:31:09+13:00,15.6,-36.801342,174.761276,6,False
esp32_device_001,2025-11-28T12:31:14+13:00,16.4,-36.800159,174.761353,6,False
esp32_device_001,2025-11-28T12:31:19+13:00,16.3,-36.798992,174.761078,6,False
esp32_device_001,2025-11-28T12:31:24+13:00,17.1,-36.797894,174.760498,6,False
esp32_device_001,2025-11-28T12:31:29+13:00,16.7,-36.796886,174.759659,6,False
esp32_device_001,2025-11-28T12:31:34+13:00,16.8,-36.795929,174.758743,6,False
esp32_device_001,2025-11-28T12:31:39+13:00,15,-36.794979,174.757812,6,False
esp32_device_001,2025-11-28T12:31:44+13:00,14.3,-36.794025,174.756882,6,False
esp32_device_001,2025-11-28T12:31:49+13:00,17.8,-36.793045,174.756027,6,False
esp32_device_001,2025-11-28T12:31:54+13:00,22.2,-36.792042,174.755249,6,False
esp32_device_001,2025-11-28T12:31:59+13:00,26,-36.791008,174.754547,6,False
esp32_device_001,2025-11-28T12:32:04+13:00,28.6,-36.789944,174.75386,6,False
esp32_device_001,2025-11-28T12:32:09+13:00,29,-36.788902,174.753204,6,False
esp32_device_001,2025-11-28T12:32:14+13:00,28.9,-36.787922,174.752579,6,False
esp32_device_001,2025-11-28T12:32:19+13:00,27.9,-36.786938,174.751953,6,False
esp32_device_001,2025-11-28T12:32:24+13:00,26.8,-36.785908,174.751312,6,False
esp32_device_001,2025-11-28T12:32:29+13:00,26.2,-36.784866,174.750656,6,False
esp32_device_001,2025-11-28T12:32:34+13:00,26,-36.783821,174.750015,6,False
esp32_device_001,2025-11-28T12:32:39+13:00,26.2,-36.782791,174.74939,6,False
esp32_device_001,2025-11-28T12:32:44+13:00,27.6,-36.781769,174.748734,6,False
esp32_device_001,2025-11-28T12:32:49+13:00,29.4,-36.780724,174.748077,6,False
esp32_device_001,2025-11-28T12:32:54+13:00,32.7,-36.779682,174.747421,6,False
esp32_device_001,2025-11-28T12:32:59+13:00,34.8,-36.778648,174.74678,6,False
esp32_device_001,2025-11-28T12:33:04+13:00,34.5,-36.777626,174.74614,6,False
esp32_device_001,2025-11-28T12:33:09+13:00,31.9,-36.776596,174.745499,6,False
esp32_device_001,2025-11-28T12:33:14+13:00,28.6,-36.775558,174.744843,6,False
esp32_device_001,2025-11-28T12:33:19+13:00,27.7,-36.774471,174.744171,6,False
esp32_device_001,2025-11-28T12:33:24+13:00,30.6,-36.773376,174.7435,6,False
esp32_device_001,2025-11-28T12:33:29+13:00,33.3,-36.772316,174.742905,6,False
esp32_device_001,2025-11-28T12:33:34+13:00,35.1,-36.77129,174.742355,6,False
esp32_device_001,2025-11-28T12:33:39+13:00,35.8,-36.770256,174.741821,6,False
esp32_device_001,2025-11-28T12:33:44+13:00,35.9,-36.769272,174.741302,6,False
esp32_device_001,2025-11-28T12:33:49+13:00,35.3,-36.768333,174.740814,6,False
esp32_device_001,2025-11-28T12:33:54+13:00,34.6,-36.767357,174.740387,6,False
esp32_device_001,2025-11-28T12:33:59+13:00,34.1,-36.766285,174.73996,6,False
esp32_device_001,2025-11-28T12:34:04+13:00,33.8,-36.765137,174.739532,6,False
esp32_device_001,2025-11-28T12:34:09+13:00,33.7,-36.763977,174.738998,6,False
esp32_device_001,2025-11-28T12:34:14+13:00,34.5,-36.762867,174.738358,6,False
esp32_device_001,2025-11-28T12:34:19+13:00,37.2,-36.761814,174.737656,6,False
esp32_device_001,2025-11-28T12:34:24+13:00,42.1,-36.760826,174.736877,6,False
esp32_device_001,2025-11-28T12:34:29+13:00,47.1,-36.759895,174.736038,6,False
esp32_device_001,2025-11-28T12:34:34+13:00,52.4,-36.759022,174.735107,6,False
esp32_device_001,2025-11-28T12:34:39+13:00,58.1,-36.758228,174.734161,6,False
esp32_device_001,2025-11-28T12:34:44+13:00,63.6,-36.757534,174.733322,6,False
esp32_device_001,2025-11-28T12:34:49+13:00,69.4,-36.756878,174.732544,6,False
esp32_device_001,2025-11-28T12:34:54+13:00,75.1,-36.756199,174.731735,6,False
esp32_device_001,2025-11-28T12:34:59+13:00,80.7,-36.755505,174.730911,6,False
esp32_device_001,2025-11-28T12:35:04+13:00,85.1,-36.754784,174.730057,6,False
esp32_device_001,2025-11-28T12:35:09+13:00,87.9,-36.754002,174.729172,6,False
esp32_device_001,2025-11-28T12:35:14+13:00,89,-36.753155,174.728241,6,False
esp32_device_001,2025-11-28T12:35:19+13:00,86.5,-36.752247,174.727341,6,False
esp32_device_001,2025-11-28T12:35:24+13:00,82.1,-36.751328,174.726471,6,False
esp32_device_001,2025-11-28T12:35:29+13:00,75.5,-36.750381,174.725632,6,False
esp32_device_001,2025-11-28T12:35:34+13:00,69.8,-36.749397,174.724808,6,False
esp32_device_001,2025-11-28T12:35:39+13:00,64.6,-36.748398,174.724014,6,False
esp32_device_001,2025-11-28T12:35:44+13:00,59.1,-36.747379,174.723251,6,False
esp32_device_001,2025-11-28T12:35:49+13:00,55.1,-36.746349,174.722534,6,False
esp32_device_001,2025-11-28T12:35:54+13:00,54.2,-36.745304,174.721817,6,False
esp32_device_001,2025-11-28T12:35:59+13:00,55.3,-36.744247,174.721161,6,False
esp32_device_001,2025-11-28T12:36:04+13:00,56.6,-36.743172,174.720581,6,False
esp32_device_001,2025-11-28T12:36:09+13:00,56.6,-36.74205,174.720139,6,False
esp32_device_001,2025-11-28T12:36:14+13:00,54.7,-36.740921,174.719803,6,False
esp32_device_001,2025-11-28T12:36:19+13:00,50.3,-36.739792,174.719528,6,False
esp32_device_001,2025-11-28T12:36:24+13:00,45.1,-36.738632,174.719177,6,False
esp32_device_001,2025-11-28T12:36:29+13:00,42.8,-36.737431,174.718735,6,False
esp32_device_001,2025-11-28T12:36:34+13:00,46.2,-36.736252,174.718216,6,False
esp32_device_001,2025-11-28T12:36:39+13:00,52.4,-36.735126,174.717621,6,False
esp32_device_001,2025-11-28T12:36:44+13:00,59.5,-36.734024,174.716919,6,False
esp32_device_001,2025-11-28T12:36:49+13:00,66.9,-36.732903,174.716232,6,False
esp32_device_001,2025-11-28T12:36:54+13:00,74.3,-36.731754,174.715683,6,False
esp32_device_001,2025-11-28T12:36:59+13:00,81.6,-36.730545,174.715286,6,False
esp32_device_001,2025-11-28T12:37:04+13:00,86.1,-36.72929,174.715012,6,False
esp32_device_001,2025-11-28T12:37:09+13:00,87.3,-36.728043,174.714859,6,False
esp32_device_001,2025-11-28T12:37:14+13:00,85.9,-36.726822,174.714722,6,False
esp32_device_001,2025-11-28T12:37:19+13:00,80.9,-36.725613,174.714584,6,False
esp32_device_001,2025-11-28T12:37:24+13:00,74.9,-36.724403,174.714447,6,False
esp32_device_001,2025-11-28T12:37:29+13:00,66.2,-36.72319,174.714233,6,False
esp32_device_001,2025-11-28T12:37:34+13:00,58.2,-36.721962,174.713913,6,False
esp32_device_001,2025-11-28T12:37:39+13:00,50.8,-36.720734,174.713501,6,False
esp32_device_001,2025-11-28T12:37:44+13:00,47,-36.719532,174.712997,6,False
esp32_device_001,2025-11-28T12:37:49+13:00,48,-36.718342,174.712402,6,False
esp32_device_001,2025-11-28T12:37:54+13:00,52.6,-36.717209,174.711746,6,False
esp32_device_001,2025-11-28T12:37:59+13:00,59.7,-36.716164,174.711029,6,False
esp32_device_001,2025-11-28T12:38:04+13:00,66.9,-36.715168,174.710281,6,False
esp32_device_001,2025-11-28T12:38:09+13:00,73.6,-36.714256,174.709595,6,False
esp32_device_001,2025-11-28T12:38:14+13:00,79.2,-36.713432,174.708984,6,False
esp32_device_001,2025-11-28T12:38:19+13:00,85.2,-36.71262,174.708389,6,False
esp32_device_001,2025-11-28T12:38:24+13:00,88.8,-36.711807,174.707825,6,False
esp32_device_001,2025-11-28T12:38:29+13:00,91,-36.710918,174.707291,6,False
esp32_device_001,2025-11-28T12:38:34+13:00,92,-36.709957,174.706818,6,False
esp32_device_001,2025-11-28T12:38:39+13:00,90.5,-36.708931,174.706421,6,False
esp32_device_001,2025-11-28T12:38:44+13:00,87.9,-36.707897,174.706146,6,False
esp32_device_001,2025-11-28T12:38:49+13:00,84.3,-36.706867,174.705917,6,False
esp32_device_001,2025-11-28T12:38:54+13:00,79.5,-36.705811,174.705688,6,False
esp32_device_001,2025-11-28T12:38:59+13:00,73.7,-36.704735,174.70549,6,False
esp32_device_001,2025-11-28T12:39:04+13:00,66.6,-36.703594,174.705292,6,False
esp32_device_001,2025-11-28T12:39:09+13:00,59.5,-36.702435,174.705078,6,False
esp32_device_001,2025-11-28T12:39:14+13:00,52.6,-36.70126,174.70488,6,False
esp32_device_001,2025-11-28T12:39:19+13:00,46.1,-36.700069,174.704666,6,False
esp32_device_001,2025-11-28T12:39:24+13:00,41,-36.698864,174.704453,6,False
esp32_device_001,2025-11-28T12:39:29+13:00,36,-36.697605,174.704224,6,False
esp32_device_001,2025-11-28T12:39:34+13:00,33.1,-36.696362,174.703995,6,False
esp32_device_001,2025-11-28T12:39:39+13:00,31.3,-36.695141,174.703781,6,False
esp32_device_001,2025-11-28T12:39:44+13:00,30.1,-36.693939,174.703568,6,False
esp32_device_001,2025-11-28T12:39:49+13:00,29.9,-36.692715,174.703354,6,False
esp32_device_001,2025-11-28T12:39:54+13:00,29.4,-36.691467,174.703125,6,False
esp32_device_001,2025-11-28T12:39:59+13:00,29.4,-36.690228,174.702881,6,False
esp32_device_001,2025-11-28T12:40:04+13:00,28.9,-36.689011,174.702545,6,False
esp32_device_001,2025-11-28T12:40:09+13:00,28.1,-36.687824,174.702072,6,False
esp32_device_001,2025-11-28T12:40:14+13:00,27.7,-36.68668,174.701462,6,False
esp32_device_001,2025-11-28T12:40:19+13:00,27.2,-36.685604,174.700745,6,False
esp32_device_001,2025-11-28T12:40:24+13:00,26.7,-36.684566,174.69989,6,False
esp32_device_001,2025-11-28T12:40:29+13:00,26.7,-36.683598,174.698944,6,False
esp32_device_001,2025-11-28T12:40:34+13:00,29.2,-36.68264,174.697968,6,False
esp32_device_001,2025-11-28T12:40:39+13:00,34.2,-36.681774,174.696915,6,False
esp32_device_001,2025-11-28T12:40:44+13:00,38.6,-36.681042,174.69574,6,False
esp32_device_001,2025-11-28T12:40:49+13:00,40.6,-36.680428,174.694473,6,False
esp32_device_001,2025-11-28T12:40:54+13:00,39.6,-36.679958,174.6931,6,False
esp32_device_001,2025-11-28T12:40:59+13:00,38.4,-36.6796,174.691635,6,False
esp32_device_001,2025-11-28T12:41:04+13:00,38,-36.679207,174.69017,6,False
esp32_device_001,2025-11-28T12:41:09+13:00,41,-36.678665,174.688766,6,False
esp32_device_001,2025-11-28T12:41:14+13:00,46.2,-36.67799,174.6875,6,False
esp32_device_001,2025-11-28T12:41:19+13:00,51.2,-36.67717,174.686325,6,False
esp32_device_001,2025-11-28T12:41:24+13:00,56.8,-36.676205,174.685272,6,False
esp32_device_001,2025-11-28T12:41:29+13:00,62.9,-36.675117,174.684372,6,False
esp32_device_001,2025-11-28T12:41:34+13:00,66.8,-36.673939,174.68367,6,False
esp32_device_001,2025-11-28T12:41:39+13:00,69.2,-36.672737,174.683029,6,False
esp32_device_001,2025-11-28T12:41:44+13:00,69.4,-36.671581,174.682327,6,False
esp32_device_001,2025-11-28T12:41:49+13:00,68.3,-36.670486,174.681488,6,False
esp32_device_001,2025-11-28T12:41:54+13:00,67.2,-36.669468,174.680542,6,False
esp32_device_001,2025-11-28T12:41:59+13:00,65.9,-36.668533,174.679489,6,False
esp32_device_001,2025-11-28T12:42:04+13:00,64.2,-36.667671,174.678329,6,False
esp32_device_001,2025-11-28T12:42:09+13:00,62.6,-36.666843,174.677124,6,False
esp32_device_001,2025-11-28T12:42:14+13:00,61,-36.666016,174.675903,6,False
esp32_device_001,2025-11-28T12:42:19+13:00,59.5,-36.665192,174.674698,6,False
esp32_device_001,2025-11-28T12:42:24+13:00,58.3,-36.66436,174.673477,6,False
esp32_device_001,2025-11-28T12:42:29+13:00,57.7,-36.663536,174.672272,6,False
esp32_device_001,2025-11-28T12:42:34+13:00,58.5,-36.662712,174.671066,6,False
esp32_device_001,2025-11-28T12:42:39+13:00,60,-36.661819,174.669952,6,False
esp32_device_001,2025-11-28T12:42:44+13:00,60.9,-36.660881,174.668915,6,False
esp32_device_001,2025-11-28T12:42:49+13:00,62.4,-36.659904,174.667953,6,False
esp32_device_001,2025-11-28T12:42:54+13:00,63.9,-36.658878,174.667053,6,False
esp32_device_001,2025-11-28T12:42:59+13:00,65.6,-36.657822,174.666245,6,False
esp32_device_001,2025-11-28T12:43:04+13:00,67.4,-36.65675,174.665512,6,False
esp32_device_001,2025-11-28T12:43:09+13:00,68.3,-36.655647,174.664871,6,False
esp32_device_001,2025-11-28T12:43:14+13:00,69.6,-36.654526,174.664291,6,False
esp32_device_001,2025-11-28T12:43:19+13:00,69.5,-36.653419,174.663803,6,False
esp32_device_001,2025-11-28T12:43:24+13:00,68,-36.652302,174.663406,6,False
esp32_device_001,2025-11-28T12:43:29+13:00,66.1,-36.651207,174.663071,6,False
esp32_device_001,2025-11-28T12:43:34+13:00,63.9,-36.650158,174.662842,6,False
esp32_device_001,2025-11-28T12:43:39+13:00,61.8,-36.649143,174.662659,6,False
esp32_device_001,2025-11-28T12:43:44+13:00,59.8,-36.648144,174.662552,6,False
esp32_device_001,2025-11-28T12:43:49+13:00,57.6,-36.647099,174.662491,6,False
esp32_device_001,2025-11-28T12:43:54+13:00,55.3,-36.646049,174.662491,6,False
esp32_device_001,2025-11-28T12:43:59+13:00,52.9,-36.644993,174.662506,6,False
esp32_device_001,2025-11-28T12:44:04+13:00,50.4,-36.64389,174.662521,6,False
esp32_device_001,2025-11-28T12:44:09+13:00,47.8,-36.642738,174.662537,6,False
esp32_device_001,2025-11-28T12:44:14+13:00,45.4,-36.641605,174.662552,6,False
esp32_device_001,2025-11-28T12:44:19+13:00,43.5,-36.640472,174.662567,6,False
esp32_device_001,2025-11-28T12:44:24+13:00,41.6,-36.639355,174.662582,6,False
esp32_device_001,2025-11-28T12:44:29+13:00,39.9,-36.638401,174.662598,6,False
esp32_device_001,2025-11-28T12:44:34+13:00,38.5,-36.637554,174.662598,6,False
esp32_device_001,2025-11-28T12:44:39+13:00,37.2,-36.636688,174.662613,6,False
esp32_device_001,2025-11-28T12:44:44+13:00,35.5,-36.635803,174.662628,6,False
esp32_device_001,2025-11-28T12:44:49+13:00,33.6,-36.634918,174.662643,6,False
esp32_device_001,2025-11-28T12:44:54+13:00,32.4,-36.634037,174.662659,6,False
esp32_device_001,2025-11-28T12:44:59+13:00,31.2,-36.633141,174.662659,6,False
esp32_device_001,2025-11-28T12:45:04+13:00,29.6,-36.632114,174.662674,6,False
esp32_device_001,2025-11-28T12:45:09+13:00,27.7,-36.631084,174.662689,6,False
esp32_device_001,2025-11-28T12:45:14+13:00,26.3,-36.630093,174.662704,6,False
esp32_device_001,2025-11-28T12:45:19+13:00,25.5,-36.629101,174.662689,6,False
esp32_device_001,2025-11-28T12:45:24+13:00,25.1,-36.628059,174.662613,6,False
esp32_device_001,2025-11-28T12:45:29+13:00,29.7,-36.627144,174.66246,6,False
esp32_device_001,2025-11-28T12:45:34+13:00,35.3,-36.626667,174.662323,6,False
esp32_device_001,2025-11-28T12:45:39+13:00,38.2,-36.626415,174.662247,6,False
esp32_device_001,2025-11-28T12:45:44+13:00,40.6,-36.626163,174.662155,6,False
esp32_device_001,2025-11-28T12:45:49+13:00,41.8,-36.626015,174.662079,6,False
esp32_device_001,2025-11-28T12:45:54+13:00,42.6,-36.625946,174.662048,6,False
esp32_device_001,2025-11-28T12:45:59+13:00,43.2,-36.625923,174.662048,6,False
esp32_device_001,2025-11-28T12:46:04+13:00,44.1,-36.62582,174.661987,6,False
esp32_device_001,2025-11-28T12:46:09+13:00,44.7,-36.625664,174.661819,6,False
esp32_device_001,2025-11-28T12:46:14+13:00,45.2,-36.625488,174.66153,6,False
esp32_device_001,2025-11-28T12:46:19+13:00,44.1,-36.625256,174.661682,6,False
esp32_device_001,2025-11-28T12:46:24+13:00,43.3,-36.625256,174.66214,6,False
esp32_device_001,2025-11-28T12:46:29+13:00,42,-36.625191,174.662704,6,False
esp32_device_001,2025-11-28T12:46:34+13:00,40.3,-36.625114,174.663239,6,False
esp32_device_001,2025-11-28T12:46:39+13:00,38.7,-36.624901,174.663651,6,False
esp32_device_001,2025-11-28T12:46:44+13:00,37,-36.624775,174.664124,6,False
esp32_device_001,2025-11-28T12:46:49+13:00,34.7,-36.624588,174.664734,6,False
esp32_device_001,2025-11-28T12:46:54+13:00,31.3,-36.624313,174.665359,6,False
esp32_device_001,2025-11-28T12:46:59+13:00,29.9,-36.624104,174.665817,6,False
esp32_device_001,2025-11-28T12:47:19+13:00,30.1,-36.623905,174.666214,6,False
esp32_device_001,2025-11-28T12:47:24+13:00,30,-36.623787,174.666428,6,False
esp32_device_001,2025-11-28T12:47:29+13:00,30.2,-36.623623,174.666733,6,False
esp32_device_001,2025-11-28T12:47:34+13:00,30.4,-36.623398,174.667145,6,False
esp32_device_001,2025-11-28T12:47:39+13:00,30.5,-36.623135,174.667648,6,False
esp32_device_001,2025-11-28T12:47:44+13:00,30.8,-36.622829,174.668213,6,False
esp32_device_001,2025-11-28T12:47:49+13:00,31.7,-36.622517,174.668808,6,False
esp32_device_001,2025-11-28T12:47:54+13:00,32.1,-36.622223,174.669479,6,False
esp32_device_001,2025-11-28T12:47:59+13:00,34.2,-36.621941,174.670273,6,False
esp32_device_001,2025-11-28T12:48:04+13:00,37.2,-36.621681,174.671127,6,False
esp32_device_001,2025-11-28T12:48:09+13:00,39,-36.621468,174.671921,6,False
esp32_device_001,2025-11-28T12:48:14+13:00,39.1,-36.621235,174.672684,6,False
esp32_device_001,2025-11-28T12:48:19+13:00,38.1,-36.620964,174.673462,6,False
esp32_device_001,2025-11-28T12:48:24+13:00,34.8,-36.620636,174.674225,6,False
esp32_device_001,2025-11-28T12:48:29+13:00,28.1,-36.620186,174.675003,6,False
esp32_device_001,2025-11-28T12:48:34+13:00,23.7,-36.61969,174.675751,6,False
esp32_device_001,2025-11-28T12:48:39+13:00,22.9,-36.619244,174.676437,6,False
esp32_device_001,2025-11-28T12:48:44+13:00,22.6,-36.618805,174.677094,6,False
esp32_device_001,2025-11-28T12:48:49+13:00,24.4,-36.618332,174.677704,6,False
esp32_device_001,2025-11-28T12:48:54+13:00,30.3,-36.617844,174.678253,6,False
esp32_device_001,2025-11-28T12:48:59+13:00,37,-36.617416,174.678741,6,False
esp32_device_001,2025-11-28T12:49:04+13:00,43.5,-36.617054,174.679153,6,False
esp32_device_001,2025-11-28T12:49:09+13:00,48,-36.616779,174.679474,6,False
esp32_device_001,2025-11-28T12:49:14+13:00,52.6,-36.616547,174.67981,6,False
esp32_device_001,2025-11-28T12:49:19+13:00,56.6,-36.616333,174.680222,6,False
esp32_device_001,2025-11-28T12:49:24+13:00,58.6,-36.616108,174.680725,6,False
esp32_device_001,2025-11-28T12:49:29+13:00,61.8,-36.615852,174.681305,6,False
esp32_device_001,2025-11-28T12:49:34+13:00,63.6,-36.61541,174.682114,6,False
esp32_device_001,2025-11-28T12:49:39+13:00,62.7,-36.614922,174.682877,6,False
esp32_device_001,2025-11-28T12:49:44+13:00,63.3,-36.614498,174.683548,6,False
esp32_device_001,2025-11-28T12:49:49+13:00,64.2,-36.614143,174.684189,6,False
esp32_device_001,2025-11-28T12:49:54+13:00,64.6,-36.613762,174.684799,6,False
esp32_device_001,2025-11-28T12:49:59+13:00,65.1,-36.613487,174.685135,6,False
esp32_device_001,2025-11-28T12:50:04+13:00,65.5,-36.613461,174.68541,6,False
esp32_device_001,2025-11-28T12:50:14+13:00,67,-36.613655,174.686127,6,False
esp32_device_001,2025-11-28T12:50:19+13:00,69.5,-36.613647,174.686508,6,False
esp32_device_001,2025-11-28T12:50:24+13:00,68.8,-36.613625,174.68689,6,False
esp32_device_001,2025-11-28T12:50:29+13:00,67.2,-36.613613,174.687332,6,False
esp32_device_001,2025-11-28T12:50:34+13:00,64.6,-36.613647,174.687881,6,False
esp32_device_001,2025-11-28T12:50:44+13:00,62.1,-36.613831,174.689041,6,False
esp32_device_001,2025-11-28T12:50:49+13:00,59,-36.613873,174.689697,6,False
esp32_device_001,2025-11-28T12:50:54+13:00,58.8,-36.613789,174.690338,6,False
esp32_device_001,2025-11-28T12:50:59+13:00,57.4,-36.613533,174.690918,6,False
esp32_device_001,2025-11-28T12:51:04+13:00,53.3,-36.613216,174.691467,6,False
esp32_device_001,2025-11-28T12:51:09+13:00,46.8,-36.612934,174.692123,6,False
esp32_device_001,2025-11-28T12:51:14+13:00,41.9,-36.612766,174.692703,6,False
esp32_device_001,2025-11-28T12:51:19+13:00,40.2,-36.612614,174.693283,6,False
esp32_device_001,2025-11-28T12:51:24+13:00,41,-36.612423,174.69397,6,False
esp32_device_001,2025-11-28T12:51:29+13:00,42.5,-36.612228,174.694748,6,False
esp32_device_001,2025-11-28T12:51:34+13:00,41.6,-36.612083,174.695465,6,False
esp32_device_001,2025-11-28T12:51:39+13:00,38.4,-36.611958,174.696091,6,False
esp32_device_001,2025-11-28T12:51:44+13:00,35.8,-36.611851,174.696655,6,False
esp32_device_001,2025-11-28T12:51:49+13:00,37.1,-36.611732,174.697342,6,False
esp32_device_001,2025-11-28T12:51:54+13:00,39.9,-36.611599,174.69812,6,False
esp32_device_001,2025-11-28T12:51:59+13:00,44.9,-36.611469,174.698898,6,False
esp32_device_001,2025-11-28T12:52:04+13:00,47.7,-36.61134,174.699661,6,False
esp32_device_001,2025-11-28T12:52:09+13:00,48.1,-36.61121,174.700455,6,False
esp32_device_001,2025-11-28T12:52:14+13:00,48.8,-36.611126,174.700943,6,False
esp32_device_001,2025-11-28T12:52:59+13:00,54,-36.611004,174.701569,6,False
esp32_device_001,2025-11-28T12:53:04+13:00,56.6,-36.610798,174.702133,6,False
esp32_device_001,2025-11-28T12:53:09+13:00,58.4,-36.610603,174.702637,6,False
esp32_device_001,2025-11-28T12:53:14+13:00,59.3,-36.610428,174.703094,6,False
esp32_device_001,2025-11-28T12:53:19+13:00,60.2,-36.610329,174.703735,6,False
esp32_device_001,2025-11-28T12:53:24+13:00,59.3,-36.610424,174.704391,6,False
esp32_device_001,2025-11-28T12:53:29+13:00,59.7,-36.610596,174.705017,6,False
esp32_device_001,2025-11-28T12:53:34+13:00,60,-36.610847,174.705658,6,False
esp32_device_001,2025-11-28T12:53:39+13:00,59.7,-36.61121,174.706253,6,False
esp32_device_001,2025-11-28T12:53:44+13:00,59.6,-36.611458,174.706802,6,False
esp32_device_001,2025-11-28T12:53:49+13:00,62,-36.611485,174.707458,6,False
esp32_device_001,2025-11-28T12:53:54+13:00,66.4,-36.61134,174.70816,6,False
esp32_device_001,2025-11-28T12:53:59+13:00,71.4,-36.611195,174.708862,6,False
esp32_device_001,2025-11-28T12:54:04+13:00,75.9,-36.611053,174.709534,6,False
esp32_device_001,2025-11-28T12:54:09+13:00,78.5,-36.61095,174.710144,6,False
esp32_device_001,2025-11-28T12:54:14+13:00,77.9,-36.611069,174.71077,6,False
esp32_device_001,2025-11-28T12:54:19+13:00,74.7,-36.61142,174.711319,6,False
esp32_device_001,2025-11-28T12:54:24+13:00,71.1,-36.61179,174.711899,6,False
esp32_device_001,2025-11-28T12:54:29+13:00,67.8,-36.612167,174.712494,6,False
esp32_device_001,2025-11-28T12:54:34+13:00,65.7,-36.61256,174.713058,6,False
esp32_device_001,2025-11-28T12:54:39+13:00,63.9,-36.613041,174.713379,6,False
esp32_device_001,2025-11-28T12:54:44+13:00,62.1,-36.613525,174.713409,6,False
esp32_device_001,2025-11-28T12:54:49+13:00,59.9,-36.614056,174.713318,6,False
esp32_device_001,2025-11-28T12:54:54+13:00,57.9,-36.614594,174.713257,6,False
esp32_device_001,2025-11-28T12:54:59+13:00,55.9,-36.61517,174.713303,6,False
esp32_device_001,2025-11-28T12:55:04+13:00,54.2,-36.615669,174.71344,6,False
esp32_device_001,2025-11-28T12:55:09+13:00,51.8,-36.61607,174.713623,6,False
esp32_device_001,2025-11-28T12:55:14+13:00,49.5,-36.616478,174.713852,6,False
esp32_device_001,2025-11-28T12:55:19+13:00,47.4,-36.616917,174.714081,6,False
esp32_device_001,2025-11-28T12:55:24+13:00,46.1,-36.617367,174.714325,6,False
esp32_device_001,2025-11-28T12:55:29+13:00,44.8,-36.617851,174.714676,6,False
esp32_device_001,2025-11-28T12:55:34+13:00,44.8,-36.61829,174.71521,6,False
esp32_device_001,2025-11-28T12:55:39+13:00,46.2,-36.618637,174.715836,6,False
esp32_device_001,2025-11-28T12:55:44+13:00,47.5,-36.619019,174.716385,6,False
esp32_device_001,2025-11-28T12:55:49+13:00,48.3,-36.619499,174.716782,6,False
esp32_device_001,2025-11-28T12:55:59+13:00,44.2,-36.620689,174.717407,6,False
esp32_device_001,2025-11-28T12:56:04+13:00,47.2,-36.621208,174.717972,6,False
esp32_device_001,2025-11-28T12:56:09+13:00,51.7,-36.621563,174.718613,6,False
esp32_device_001,2025-11-28T12:56:14+13:00,56.7,-36.621899,174.719223,6,False
esp32_device_001,2025-11-28T12:56:19+13:00,61.5,-36.622314,174.719788,6,False
esp32_device_001,2025-11-28T12:56:24+13:00,65.9,-36.622826,174.720123,6,False
esp32_device_001,2025-11-28T12:56:29+13:00,69.2,-36.623291,174.720337,6,False
esp32_device_001,2025-11-28T12:56:34+13:00,72.8,-36.623653,174.720764,6,False
esp32_device_001,2025-11-28T12:56:39+13:00,76.8,-36.623882,174.721344,6,False
esp32_device_001,2025-11-28T12:56:44+13:00,80.2,-36.624199,174.721893,6,False
esp32_device_001,2025-11-28T12:56:49+13:00,83.8,-36.62455,174.72229,6,False
esp32_device_001,2025-11-28T12:56:54+13:00,84.1,-36.625046,174.722366,6,False
esp32_device_001,2025-11-28T12:56:59+13:00,82,-36.625572,174.722488,6,False
esp32_device_001,2025-11-28T12:57:04+13:00,81.1,-36.625946,174.722946,6,False
esp32_device_001,2025-11-28T12:57:09+13:00,79.1,-36.626289,174.72345,6,False
esp32_device_001,2025-11-28T12:57:14+13:00,76.3,-36.626419,174.724106,6,False
esp32_device_001,2025-11-28T12:57:19+13:00,74.3,-36.626438,174.724838,6,False
esp32_device_001,2025-11-28T12:57:24+13:00,71.2,-36.626465,174.725555,6,False
esp32_device_001,2025-11-28T12:57:29+13:00,66.4,-36.626492,174.726334,6,False
esp32_device_001,2025-11-28T12:57:34+13:00,61.1,-36.626648,174.727005,6,False
esp32_device_001,2025-11-28T12:57:39+13:00,55.7,-36.627048,174.727493,6,False
esp32_device_001,2025-11-28T12:57:44+13:00,51.2,-36.627457,174.727936,6,False
esp32_device_001,2025-11-28T12:57:49+13:00,45.7,-36.627808,174.728439,6,False
esp32_device_001,2025-11-28T12:57:54+13:00,40.2,-36.62796,174.72905,6,False
esp32_device_001,2025-11-28T12:57:59+13:00,34.5,-36.628021,174.729706,6,False
esp32_device_001,2025-11-28T12:58:04+13:00,29.5,-36.628105,174.730347,6,False
esp32_device_001,2025-11-28T12:58:09+13:00,25.3,-36.628231,174.730759,6,False
esp32_device_001,2025-11-28T12:58:14+13:00,24.5,-36.628239,174.730804,6,False
esp32_device_001,2025-11-28T12:58:19+13:00,22.1,-36.628315,174.731018,6,False
esp32_device_001,2025-11-28T12:58:24+13:00,21.1,-36.628506,174.731445,6,False
esp32_device_001,2025-11-28T12:58:29+13:00,21.2,-36.62867,174.731796,6,False
esp32_device_001,2025-11-28T12:58:34+13:00,23.4,-36.628929,174.732346,6,False
esp32_device_001,2025-11-28T12:58:39+13:00,29.7,-36.629314,174.732895,6,False
esp32_device_001,2025-11-28T12:58:44+13:00,37.1,-36.629765,174.733444,6,False
esp32_device_001,2025-11-28T12:58:49+13:00,44.8,-36.630219,174.734009,6,False
esp32_device_001,2025-11-28T12:58:54+13:00,48.8,-36.630642,174.734604,6,False
esp32_device_001,2025-11-28T12:58:59+13:00,49.3,-36.630936,174.735336,6,False
esp32_device_001,2025-11-28T12:59:04+13:00,47.3,-36.631203,174.736099,6,False
esp32_device_001,2025-11-28T12:59:09+13:00,43.2,-36.631622,174.736786,6,False
esp32_device_001,2025-11-28T12:59:14+13:00,37.4,-36.632061,174.737457,6,False
esp32_device_001,2025-11-28T12:59:19+13:00,33.2,-36.632565,174.738083,6,False
esp32_device_001,2025-11-28T12:59:24+13:00,29.4,-36.633118,174.738632,6,False
esp32_device_001,2025-11-28T12:59:29+13:00,26.8,-36.633659,174.739166,6,False
esp32_device_001,2025-11-28T12:59:34+13:00,24.1,-36.634182,174.7397,6,False
esp32_device_001,2025-11-28T12:59:39+13:00,21.1,-36.634628,174.740341,6,False
esp32_device_001,2025-11-28T12:59:44+13:00,20,-36.63488,174.741119,6,False
esp32_device_001,2025-11-28T12:59:49+13:00,21,-36.634964,174.741959,6,False
esp32_device_001,2025-11-28T12:59:54+13:00,22.8,-36.635006,174.742783,6,False
esp32_device_001,2025-11-28T12:59:59+13:00,26.8,-36.635033,174.743622,6,False
