dev_esp32,timestamp,altitude,latitude,longitude,journey_id
esp32_device_001,2026-05-20T10:02:13+12:00,68.6,-36.604778,174.802551,1
esp32_device_001,2026-05-20T10:02:23+12:00,64.5,-36.604733,174.802551,1
esp32_device_001,2026-05-20T10:02:28+12:00,62.9,-36.604721,174.802567,1
esp32_device_001,2026-05-20T10:02:33+12:00,62.4,-36.604717,174.802567,1
esp32_device_001,2026-05-20T10:02:38+12:00,62.4,-36.604717,174.802551,1
esp32_device_001,2026-05-20T10:02:43+12:00,62.5,-36.604717,174.802521,1
esp32_device_001,2026-05-20T10:02:48+12:00,62.4,-36.604717,174.802536,1
esp32_device_001,2026-05-20T10:02:53+12:00,62.2,-36.604717,174.802536,1
esp32_device_001,2026-05-20T10:02:58+12:00,62.8,-36.604725,174.802536,1
esp32_device_001,2026-05-20T10:03:03+12:00,63.2,-36.604729,174.802521,1
esp32_device_001,2026-05-20T10:03:08+12:00,63.3,-36.604736,174.802536,1
esp32_device_001,2026-05-20T10:03:13+12:00,63.9,-36.604744,174.802521,1
esp32_device_001,2026-05-20T10:03:18+12:00,62.9,-36.604752,174.802521,1
esp32_device_001,2026-05-20T10:03:23+12:00,62.8,-36.604748,174.802536,1
esp32_device_001,2026-05-20T10:03:28+12:00,62.9,-36.60474,174.802551,1
esp32_device_001,2026-05-20T10:03:33+12:00,62.6,-36.604744,174.802567,1
esp32_device_001,2026-05-20T10:03:38+12:00,63.2,-36.60474,174.802567,1
esp32_device_001,2026-05-20T10:03:43+12:00,63.4,-36.604744,174.802567,1
esp32_device_001,2026-05-20T10:03:48+12:00,64.5,-36.60474,174.802567,1
esp32_device_001,2026-05-20T10:03:53+12:00,65.4,-36.60474,174.802551,1
esp32_device_001,2026-05-20T10:03:58+12:00,66.5,-36.604721,174.802551,1
esp32_device_001,2026-05-20T10:04:03+12:00,67.7,-36.604733,174.802567,1
esp32_device_001,2026-05-20T10:04:08+12:00,67.1,-36.604736,174.802582,1
esp32_device_001,2026-05-20T10:04:13+12:00,67.5,-36.604733,174.802567,1
esp32_device_001,2026-05-20T10:04:18+12:00,66.3,-36.604721,174.802582,1
esp32_device_001,2026-05-20T10:04:23+12:00,65.7,-36.604733,174.802582,1
esp32_device_001,2026-05-20T10:04:28+12:00,65.6,-36.604717,174.802582,1
esp32_device_001,2026-05-20T10:04:33+12:00,64.2,-36.60474,174.802567,1
esp32_device_001,2026-05-20T10:04:38+12:00,62.3,-36.604755,174.802551,1
esp32_device_001,2026-05-20T10:04:43+12:00,60.5,-36.604771,174.802551,1
esp32_device_001,2026-05-20T10:04:48+12:00,60.3,-36.60474,174.802567,1
esp32_device_001,2026-05-20T10:04:53+12:00,60.6,-36.604759,174.802551,1
esp32_device_001,2026-05-20T10:04:58+12:00,60.3,-36.604782,174.802536,1
esp32_device_001,2026-05-20T10:05:03+12:00,59.1,-36.604778,174.802536,1
esp32_device_001,2026-05-20T10:05:08+12:00,57,-36.604786,174.802536,1
esp32_device_001,2026-05-20T10:05:13+12:00,55.1,-36.604805,174.802536,1
esp32_device_001,2026-05-20T10:05:18+12:00,56,-36.604847,174.802505,1
esp32_device_001,2026-05-20T10:05:23+12:00,56.4,-36.604862,174.802505,1
esp32_device_001,2026-05-20T10:05:28+12:00,55.5,-36.604866,174.802505,1
esp32_device_001,2026-05-20T10:05:33+12:00,54,-36.60487,174.802505,1
esp32_device_001,2026-05-20T10:05:38+12:00,52.4,-36.604862,174.802505,1
esp32_device_001,2026-05-20T10:05:43+12:00,49.6,-36.60487,174.802505,1
esp32_device_001,2026-05-20T10:05:48+12:00,47.4,-36.604862,174.802505,1
esp32_device_001,2026-05-20T10:05:53+12:00,46,-36.604851,174.802505,1
esp32_device_001,2026-05-20T10:05:58+12:00,44.9,-36.604847,174.802505,1
esp32_device_001,2026-05-20T10:06:03+12:00,43.6,-36.604836,174.802505,1
esp32_device_001,2026-05-20T10:06:08+12:00,43.2,-36.604836,174.802505,1
esp32_device_001,2026-05-20T10:06:13+12:00,42.1,-36.604855,174.802505,1
esp32_device_001,2026-05-20T10:06:18+12:00,41,-36.604843,174.802521,1
esp32_device_001,2026-05-20T10:06:23+12:00,41.1,-36.604832,174.802521,1
esp32_device_001,2026-05-20T10:06:28+12:00,41,-36.604836,174.802521,1
esp32_device_001,2026-05-20T10:06:33+12:00,41.5,-36.604839,174.802551,1
esp32_device_001,2026-05-20T10:06:38+12:00,41.3,-36.604843,174.802551,1
esp32_device_001,2026-05-20T10:06:43+12:00,41.2,-36.604851,174.802551,1
esp32_device_001,2026-05-20T10:06:48+12:00,41.1,-36.6049,174.802551,1
esp32_device_001,2026-05-20T10:06:53+12:00,41.5,-36.604923,174.802536,1
esp32_device_001,2026-05-20T10:06:58+12:00,41.5,-36.605068,174.802475,1
esp32_device_001,2026-05-20T10:07:03+12:00,41.3,-36.605186,174.802414,1
esp32_device_001,2026-05-20T10:07:08+12:00,41.2,-36.605137,174.802414,1
esp32_device_001,2026-05-20T10:07:13+12:00,42.1,-36.605091,174.802429,1
esp32_device_001,2026-05-20T10:07:18+12:00,41.3,-36.605042,174.802444,1
esp32_device_001,2026-05-20T10:07:23+12:00,41.8,-36.605022,174.80246,1
esp32_device_001,2026-05-20T10:07:28+12:00,42.7,-36.604984,174.802505,1
esp32_device_001,2026-05-20T10:07:33+12:00,44.2,-36.604946,174.802521,1
esp32_device_001,2026-05-20T10:07:38+12:00,44.7,-36.604923,174.802536,1
esp32_device_001,2026-05-20T10:07:43+12:00,44.7,-36.6049,174.802551,1
esp32_device_001,2026-05-20T10:07:48+12:00,45.2,-36.604897,174.802536,1
esp32_device_001,2026-05-20T10:07:53+12:00,43.4,-36.604889,174.802551,1
esp32_device_001,2026-05-20T10:07:58+12:00,42.2,-36.604897,174.802536,1
esp32_device_001,2026-05-20T10:08:03+12:00,41.7,-36.604885,174.802536,1
esp32_device_001,2026-05-20T10:08:08+12:00,42,-36.604866,174.802536,1
esp32_device_001,2026-05-20T10:08:13+12:00,40,-36.604874,174.802551,1
esp32_device_001,2026-05-20T10:08:18+12:00,36.7,-36.604862,174.802612,1
esp32_device_001,2026-05-20T10:08:23+12:00,36.6,-36.604851,174.802628,1
esp32_device_001,2026-05-20T10:08:28+12:00,36.3,-36.604847,174.802643,1
esp32_device_001,2026-05-20T10:08:33+12:00,35.9,-36.604836,174.802658,1
esp32_device_001,2026-05-20T10:08:38+12:00,35.4,-36.604836,174.802658,1
esp32_device_001,2026-05-20T10:08:43+12:00,34.7,-36.604851,174.802643,1
esp32_device_001,2026-05-20T10:08:48+12:00,34.1,-36.604851,174.802643,1
esp32_device_001,2026-05-20T10:08:53+12:00,24.2,-36.604874,174.802689,1
esp32_device_001,2026-05-20T10:08:58+12:00,7.4,-36.6049,174.80278,1
esp32_device_001,2026-05-20T10:09:03+12:00,-1.4,-36.604919,174.802795,1
esp32_device_001,2026-05-20T10:09:08+12:00,-10.2,-36.604927,174.802841,1
esp32_device_001,2026-05-20T10:09:13+12:00,-16.5,-36.604939,174.802856,1
esp32_device_001,2026-05-20T10:09:18+12:00,-22.4,-36.604946,174.802887,1
esp32_device_001,2026-05-20T10:09:23+12:00,-16.9,-36.6049,174.802902,1
esp32_device_001,2026-05-20T10:09:28+12:00,0.2,-36.604816,174.802887,1
esp32_device_001,2026-05-20T10:09:33+12:00,-3.6,-36.604832,174.802887,1
esp32_device_001,2026-05-20T10:09:38+12:00,7.3,-36.604794,174.802856,1
esp32_device_001,2026-05-20T10:09:43+12:00,6.2,-36.60482,174.802841,1
esp32_device_001,2026-05-20T10:09:48+12:00,4.4,-36.604836,174.802826,1
esp32_device_001,2026-05-20T10:09:53+12:00,2.1,-36.604855,174.802795,1
esp32_device_001,2026-05-20T10:09:58+12:00,2.3,-36.60487,174.80278,1
esp32_device_001,2026-05-20T10:10:03+12:00,4.1,-36.604877,174.80275,1
esp32_device_001,2026-05-20T10:10:08+12:00,6.2,-36.604881,174.802719,1
esp32_device_001,2026-05-20T10:10:13+12:00,8,-36.604881,174.802704,1
esp32_device_001,2026-05-20T10:10:18+12:00,9.5,-36.604874,174.802689,1
esp32_device_001,2026-05-20T10:10:23+12:00,12.4,-36.604862,174.802673,1
esp32_device_001,2026-05-20T10:10:28+12:00,15.5,-36.604862,174.802643,1
esp32_device_001,2026-05-20T10:10:33+12:00,18,-36.604858,174.802628,1
esp32_device_001,2026-05-20T10:10:38+12:00,24.1,-36.604801,174.802673,1
esp32_device_001,2026-05-20T10:10:43+12:00,31.7,-36.604748,174.802719,1
esp32_device_001,2026-05-20T10:10:48+12:00,45,-36.604671,174.80275,1
esp32_device_001,2026-05-20T10:10:53+12:00,53.2,-36.604622,174.802811,1
esp32_device_001,2026-05-20T10:10:58+12:00,59.8,-36.604572,174.802856,1
esp32_device_001,2026-05-20T10:11:03+12:00,68.5,-36.604527,174.802872,1
esp32_device_001,2026-05-20T10:11:08+12:00,77.2,-36.604454,174.802917,1
esp32_device_001,2026-05-20T10:11:13+12:00,81.4,-36.604469,174.802841,1
esp32_device_001,2026-05-20T10:11:18+12:00,85.9,-36.604465,174.802826,1
esp32_device_001,2026-05-20T10:11:23+12:00,91.6,-36.604458,174.802795,1
esp32_device_001,2026-05-20T10:11:28+12:00,96.1,-36.604454,174.802765,1
esp32_device_001,2026-05-20T10:11:33+12:00,98.2,-36.604469,174.802734,1
esp32_device_001,2026-05-20T10:11:38+12:00,91.1,-36.60458,174.802643,1
esp32_device_001,2026-05-20T10:11:43+12:00,84.3,-36.60463,174.802612,1
esp32_device_001,2026-05-20T10:11:48+12:00,81.2,-36.604637,174.802612,1
esp32_device_001,2026-05-20T10:11:53+12:00,78.7,-36.604641,174.802597,1
esp32_device_001,2026-05-20T10:11:58+12:00,79.1,-36.604664,174.802582,1
esp32_device_001,2026-05-20T10:12:03+12:00,79.5,-36.604645,174.802612,1
esp32_device_001,2026-05-20T10:12:08+12:00,78.1,-36.604782,174.802536,1
esp32_device_001,2026-05-20T10:14:33+12:00,68.1,-36.604767,174.802567,1
esp32_device_001,2026-05-20T10:14:43+12:00,63.5,-36.604778,174.802582,1
esp32_device_001,2026-05-20T10:14:48+12:00,60.9,-36.604771,174.802597,1
esp32_device_001,2026-05-20T10:14:53+12:00,57.1,-36.604778,174.802628,1
esp32_device_001,2026-05-20T10:14:58+12:00,55.4,-36.604786,174.802597,1
esp32_device_001,2026-05-20T10:15:03+12:00,53.5,-36.604805,174.802582,1
esp32_device_001,2026-05-20T10:15:08+12:00,51.5,-36.604794,174.802567,1
esp32_device_001,2026-05-20T10:15:13+12:00,49.5,-36.604809,174.802551,1
esp32_device_001,2026-05-20T10:15:18+12:00,47.8,-36.604801,174.802567,1
esp32_device_001,2026-05-20T10:15:23+12:00,41.9,-36.604797,174.802612,1
esp32_device_001,2026-05-20T10:15:28+12:00,39.1,-36.604801,174.802612,1
esp32_device_001,2026-05-20T10:15:33+12:00,33.7,-36.604813,174.802658,1
esp32_device_001,2026-05-20T10:15:38+12:00,31.1,-36.604816,174.802658,1
esp32_device_001,2026-05-20T10:15:43+12:00,28.7,-36.604816,174.802673,1
esp32_device_001,2026-05-20T10:15:48+12:00,26.2,-36.604816,174.802673,1
esp32_device_001,2026-05-20T10:15:53+12:00,23,-36.604813,174.802689,1
esp32_device_001,2026-05-20T10:15:58+12:00,20,-36.604832,174.802658,1
esp32_device_001,2026-05-20T10:16:03+12:00,16.8,-36.604858,174.802643,1
esp32_device_001,2026-05-20T10:16:08+12:00,13.7,-36.604877,174.802643,1
esp32_device_001,2026-05-20T10:16:13+12:00,10.3,-36.604881,174.802658,1
esp32_device_001,2026-05-20T10:16:18+12:00,5.9,-36.604889,174.802673,1
esp32_device_001,2026-05-20T10:16:23+12:00,1.5,-36.604889,174.802689,1
esp32_device_001,2026-05-20T10:16:28+12:00,-2.3,-36.604881,174.802734,1
esp32_device_001,2026-05-20T10:16:33+12:00,-5.1,-36.60487,174.802765,1
esp32_device_001,2026-05-20T10:16:38+12:00,-8.6,-36.604908,174.802811,1
esp32_device_001,2026-05-20T10:16:43+12:00,-12,-36.604893,174.802856,1
esp32_device_001,2026-05-20T10:16:48+12:00,-15.1,-36.604912,174.802872,1
esp32_device_001,2026-05-20T10:16:53+12:00,7.4,-36.604855,174.802795,1
esp32_device_001,2026-05-20T10:16:58+12:00,25.7,-36.604839,174.802704,1
esp32_device_001,2026-05-20T10:17:03+12:00,41.2,-36.604809,174.802612,1
esp32_device_001,2026-05-20T10:17:08+12:00,51.5,-36.604824,174.802505,1
esp32_device_001,2026-05-20T10:17:13+12:00,60.1,-36.604816,174.802475,1
esp32_device_001,2026-05-20T10:17:18+12:00,68.1,-36.604813,174.80246,1
esp32_device_001,2026-05-20T10:17:23+12:00,71.3,-36.604839,174.802444,1
esp32_device_001,2026-05-20T10:17:28+12:00,76,-36.604828,174.802414,1
esp32_device_001,2026-05-20T10:17:33+12:00,78.5,-36.604778,174.802444,1
esp32_device_001,2026-05-20T10:17:38+12:00,78.7,-36.604759,174.802475,1
esp32_device_001,2026-05-20T10:17:43+12:00,79.5,-36.604729,174.80249,1
esp32_device_001,2026-05-20T10:17:48+12:00,80.3,-36.604706,174.802521,1
esp32_device_001,2026-05-20T10:17:53+12:00,82.5,-36.604683,174.802536,1
esp32_device_001,2026-05-20T10:17:58+12:00,87,-36.604664,174.802536,1
esp32_device_001,2026-05-20T10:18:03+12:00,90.9,-36.604671,174.802521,1
esp32_device_001,2026-05-20T10:18:08+12:00,93.6,-36.60471,174.802475,1
esp32_device_001,2026-05-20T10:18:13+12:00,92.9,-36.604736,174.80249,1
esp32_device_001,2026-05-20T10:18:18+12:00,92.4,-36.604733,174.802505,1
esp32_device_001,2026-05-20T10:18:23+12:00,92.7,-36.604698,174.802521,1
esp32_device_001,2026-05-20T10:18:28+12:00,93.4,-36.604679,174.802536,1
esp32_device_001,2026-05-20T10:18:33+12:00,92.4,-36.604671,174.802536,1
esp32_device_001,2026-05-20T10:18:38+12:00,85.8,-36.604691,174.802582,1
esp32_device_001,2026-05-20T10:18:43+12:00,82,-36.604675,174.802628,1
esp32_device_001,2026-05-20T10:18:48+12:00,78.6,-36.604691,174.802643,1
esp32_device_001,2026-05-20T10:18:53+12:00,76.3,-36.604679,174.802643,1
esp32_device_001,2026-05-20T10:18:58+12:00,74.8,-36.604671,174.802643,1
esp32_device_001,2026-05-20T10:19:03+12:00,72.4,-36.604652,174.802643,1
esp32_device_001,2026-05-20T10:19:08+12:00,72.7,-36.604664,174.802628,1
esp32_device_001,2026-05-20T10:19:13+12:00,82.6,-36.604824,174.802673,1
esp32_device_001,2026-05-20T10:19:18+12:00,79.2,-36.604919,174.802658,1
esp32_device_001,2026-05-20T10:19:23+12:00,86,-36.605003,174.802689,1
esp32_device_001,2026-05-20T10:19:28+12:00,81,-36.605003,174.802689,1
esp32_device_001,2026-05-20T10:19:38+12:00,83.3,-36.604885,174.802612,1
esp32_device_001,2026-05-20T10:19:43+12:00,84.1,-36.604828,174.802612,1
esp32_device_001,2026-05-20T10:19:48+12:00,84.6,-36.60479,174.802597,1
esp32_device_001,2026-05-20T10:19:53+12:00,85,-36.604763,174.802567,1
esp32_device_001,2026-05-20T10:19:58+12:00,85.8,-36.60474,174.802551,1
esp32_device_001,2026-05-20T10:20:03+12:00,85.6,-36.604721,174.802536,1
esp32_device_001,2026-05-20T10:20:08+12:00,86.1,-36.604706,174.802521,1
esp32_device_001,2026-05-20T10:20:18+12:00,85.8,-36.604664,174.802505,1
esp32_device_001,2026-05-20T10:20:33+12:00,79.1,-36.60463,174.802505,1
esp32_device_001,2026-05-20T10:20:38+12:00,78.7,-36.604599,174.802551,1
esp32_device_001,2026-05-20T10:20:43+12:00,77.8,-36.604603,174.802582,1
esp32_device_001,2026-05-20T10:20:48+12:00,76.7,-36.604603,174.802628,1
esp32_device_001,2026-05-20T10:20:53+12:00,75.5,-36.604591,174.802658,1
esp32_device_001,2026-05-20T10:20:58+12:00,73.7,-36.604588,174.802689,1
esp32_device_001,2026-05-20T10:21:03+12:00,72,-36.604588,174.802704,1
esp32_device_001,2026-05-20T10:21:08+12:00,70.3,-36.604618,174.802689,1
esp32_device_001,2026-05-20T10:21:13+12:00,68.6,-36.60463,174.802689,1
esp32_device_001,2026-05-20T10:21:28+12:00,65.3,-36.604645,174.802628,1
esp32_device_001,2026-05-20T10:21:38+12:00,62.9,-36.604633,174.802658,1
esp32_device_001,2026-05-20T10:21:43+12:00,62.1,-36.604637,174.802643,1
esp32_device_001,2026-05-20T10:21:58+12:00,59.7,-36.604652,174.802612,1
esp32_device_001,2026-05-20T10:22:03+12:00,59.1,-36.604668,174.802597,1
esp32_device_001,2026-05-20T10:22:08+12:00,57.9,-36.604679,174.802582,1
esp32_device_001,2026-05-20T10:22:13+12:00,56.7,-36.604698,174.802597,1
esp32_device_001,2026-05-20T10:22:18+12:00,55.5,-36.60471,174.802582,1
esp32_device_001,2026-05-20T10:22:28+12:00,53.3,-36.604736,174.802567,1
esp32_device_001,2026-05-20T10:22:43+12:00,50.7,-36.604744,174.802567,1
esp32_device_001,2026-05-20T10:22:53+12:00,51.5,-36.604706,174.802582,1
esp32_device_001,2026-05-20T10:23:03+12:00,51.8,-36.604706,174.802582,1
esp32_device_001,2026-05-20T10:23:33+12:00,47.1,-36.604736,174.802597,1
esp32_device_001,2026-05-20T10:24:23+12:00,31.5,-36.604885,174.802567,1
esp32_device_001,2026-05-20T10:24:28+12:00,32.2,-36.604889,174.802551,1
esp32_device_001,2026-05-20T10:28:34+12:00,48.1,-36.604797,174.802643,1
esp32_device_001,2026-05-20T10:28:44+12:00,48.4,-36.604786,174.802628,1
esp32_device_001,2026-05-20T10:28:49+12:00,48,-36.604771,174.802612,1
esp32_device_001,2026-05-20T10:28:54+12:00,48.9,-36.604763,174.802612,1
esp32_device_001,2026-05-20T10:28:59+12:00,48.9,-36.604767,174.802612,1
esp32_device_001,2026-05-20T10:29:04+12:00,50.5,-36.604759,174.802612,1
esp32_device_001,2026-05-20T10:29:09+12:00,51.3,-36.604752,174.802612,1
esp32_device_001,2026-05-20T10:29:14+12:00,49.7,-36.604744,174.802612,1
esp32_device_001,2026-05-20T10:29:19+12:00,48.4,-36.604774,174.802628,1
esp32_device_001,2026-05-20T10:29:24+12:00,47.4,-36.604797,174.802643,1
esp32_device_001,2026-05-20T10:29:29+12:00,47.7,-36.604797,174.802612,1
esp32_device_001,2026-05-20T10:29:34+12:00,46.8,-36.604778,174.802612,1
esp32_device_001,2026-05-20T10:29:39+12:00,47,-36.604759,174.802612,1
esp32_device_001,2026-05-20T10:29:44+12:00,48,-36.604763,174.802597,1
esp32_device_001,2026-05-20T10:29:49+12:00,48.2,-36.604767,174.802597,1
esp32_device_001,2026-05-20T10:29:54+12:00,48,-36.604794,174.802612,1
esp32_device_001,2026-05-20T10:29:59+12:00,48.5,-36.604801,174.802628,1
esp32_device_001,2026-05-20T10:30:04+12:00,48.2,-36.604813,174.802643,1
esp32_device_001,2026-05-20T10:30:09+12:00,48.7,-36.604816,174.802658,1
esp32_device_001,2026-05-20T10:30:14+12:00,48.5,-36.604816,174.802658,1
esp32_device_001,2026-05-20T10:30:19+12:00,48.5,-36.60482,174.802658,1
esp32_device_001,2026-05-20T10:30:24+12:00,48.8,-36.604801,174.802658,1
esp32_device_001,2026-05-20T10:30:29+12:00,50.6,-36.604805,174.802658,1
esp32_device_001,2026-05-20T10:30:34+12:00,50.8,-36.60482,174.802658,1
esp32_device_001,2026-05-20T10:30:39+12:00,50.9,-36.604809,174.802643,1
esp32_device_001,2026-05-20T10:30:44+12:00,50.8,-36.604805,174.802643,1
esp32_device_001,2026-05-20T10:30:49+12:00,49.6,-36.604797,174.802628,1
esp32_device_001,2026-05-20T10:30:54+12:00,50.5,-36.604797,174.802597,1
esp32_device_001,2026-05-20T10:30:59+12:00,52.8,-36.604805,174.802597,1
esp32_device_001,2026-05-20T10:31:04+12:00,54.9,-36.604794,174.802612,1
esp32_device_001,2026-05-20T10:31:09+12:00,55.8,-36.604794,174.802628,1
esp32_device_001,2026-05-20T10:31:14+12:00,56.7,-36.604801,174.802612,1
esp32_device_001,2026-05-20T10:31:19+12:00,57.6,-36.604809,174.802612,1
esp32_device_001,2026-05-20T10:31:24+12:00,58,-36.604809,174.802612,1
esp32_device_001,2026-05-20T10:31:29+12:00,57.9,-36.604809,174.802612,1
esp32_device_001,2026-05-20T10:31:34+12:00,57.8,-36.604809,174.802628,1
esp32_device_001,2026-05-20T10:31:39+12:00,57.9,-36.604805,174.802628,1
esp32_device_001,2026-05-20T10:31:44+12:00,58.1,-36.604805,174.802628,1
esp32_device_001,2026-05-20T10:31:49+12:00,57.9,-36.60479,174.802612,1
esp32_device_001,2026-05-20T10:31:54+12:00,58.4,-36.604786,174.802612,1
esp32_device_001,2026-05-20T10:31:59+12:00,57.3,-36.604782,174.802612,1
esp32_device_001,2026-05-20T10:32:04+12:00,57.1,-36.604778,174.802612,1
esp32_device_001,2026-05-20T10:32:09+12:00,56.5,-36.604774,174.802597,1
esp32_device_001,2026-05-20T10:32:14+12:00,55.8,-36.604778,174.802597,1
esp32_device_001,2026-05-20T10:32:19+12:00,56.3,-36.604774,174.802582,1
esp32_device_001,2026-05-20T10:32:24+12:00,57.8,-36.604774,174.802597,1
esp32_device_001,2026-05-20T10:32:29+12:00,58.6,-36.604774,174.802582,1
esp32_device_001,2026-05-20T10:32:34+12:00,58.6,-36.604771,174.802582,1
esp32_device_001,2026-05-20T10:32:39+12:00,58.6,-36.604771,174.802567,1
esp32_device_001,2026-05-20T10:32:44+12:00,58.6,-36.604767,174.802567,1
esp32_device_001,2026-05-20T10:32:49+12:00,58,-36.604778,174.802567,1
esp32_device_001,2026-05-20T10:32:54+12:00,57.4,-36.604786,174.802567,1
esp32_device_001,2026-05-20T10:32:59+12:00,55.8,-36.604794,174.802582,1
esp32_device_001,2026-05-20T10:33:04+12:00,54,-36.604805,174.802597,1
esp32_device_001,2026-05-20T10:33:09+12:00,52.8,-36.604813,174.802597,1
esp32_device_001,2026-05-20T10:33:14+12:00,54,-36.604801,174.802582,1
esp32_device_001,2026-05-20T10:33:19+12:00,59,-36.604767,174.802521,1
esp32_device_001,2026-05-20T10:33:24+12:00,69.6,-36.604725,174.802414,1
esp32_device_001,2026-05-20T10:33:34+12:00,78.1,-36.604717,174.802368,1
esp32_device_001,2026-05-20T10:33:39+12:00,81.1,-36.604717,174.802383,1
esp32_device_001,2026-05-20T10:33:44+12:00,81.7,-36.604721,174.802383,1
esp32_device_001,2026-05-20T10:33:49+12:00,81.6,-36.604733,174.802414,1
esp32_device_001,2026-05-20T10:33:54+12:00,80.7,-36.604733,174.802414,1
esp32_device_001,2026-05-20T10:33:59+12:00,78.9,-36.604736,174.802429,1
esp32_device_001,2026-05-20T10:34:04+12:00,75.9,-36.604744,174.802444,1
esp32_device_001,2026-05-20T10:34:09+12:00,70.8,-36.604759,174.80249,1
esp32_device_001,2026-05-20T10:34:14+12:00,67.3,-36.604774,174.802551,1
esp32_device_001,2026-05-20T10:34:19+12:00,64.1,-36.604778,174.802567,1
esp32_device_001,2026-05-20T10:34:24+12:00,62.4,-36.604782,174.802582,1
esp32_device_001,2026-05-20T10:34:29+12:00,62.9,-36.604778,174.802582,1
esp32_device_001,2026-05-20T10:34:34+12:00,63.2,-36.604778,174.802582,1
esp32_device_001,2026-05-20T10:34:39+12:00,62.2,-36.604782,174.802582,1
esp32_device_001,2026-05-20T10:34:44+12:00,61.2,-36.60479,174.802567,1
esp32_device_001,2026-05-20T10:34:49+12:00,60.2,-36.604786,174.802567,1
esp32_device_001,2026-05-20T10:34:54+12:00,59.8,-36.60479,174.802567,1
esp32_device_001,2026-05-20T10:34:59+12:00,59.6,-36.604794,174.802551,1
esp32_device_001,2026-05-20T10:35:04+12:00,59.5,-36.604797,174.802536,1
esp32_device_001,2026-05-20T10:35:09+12:00,60.8,-36.604794,174.802551,1
esp32_device_001,2026-05-20T10:35:14+12:00,61.3,-36.604786,174.802536,1
esp32_device_001,2026-05-20T10:35:19+12:00,60.1,-36.604771,174.802551,1
esp32_device_001,2026-05-20T10:35:24+12:00,58.5,-36.604752,174.802536,1
esp32_device_001,2026-05-20T10:35:29+12:00,56.6,-36.604759,174.802536,1
esp32_device_001,2026-05-20T10:35:34+12:00,54.8,-36.604767,174.802521,1
esp32_device_001,2026-05-20T10:35:39+12:00,53.3,-36.604771,174.802536,1
esp32_device_001,2026-05-20T10:35:44+12:00,52.2,-36.604748,174.802551,1
esp32_device_001,2026-05-20T10:35:49+12:00,51.3,-36.604763,174.802551,1
esp32_device_001,2026-05-20T10:35:54+12:00,51.5,-36.604767,174.802536,1
esp32_device_001,2026-05-20T10:35:59+12:00,49.4,-36.604744,174.802536,1
esp32_device_001,2026-05-20T10:36:04+12:00,48.5,-36.604763,174.802551,1
esp32_device_001,2026-05-20T10:36:09+12:00,48.8,-36.604774,174.802551,1
esp32_device_001,2026-05-20T10:36:14+12:00,48.4,-36.604794,174.802567,1
esp32_device_001,2026-05-20T10:36:19+12:00,47.7,-36.604816,174.802567,1
esp32_device_001,2026-05-20T10:36:24+12:00,46.6,-36.604824,174.802582,1
esp32_device_001,2026-05-20T10:36:29+12:00,47.1,-36.604851,174.802582,1
esp32_device_001,2026-05-20T10:36:34+12:00,48.3,-36.604855,174.802582,1
esp32_device_001,2026-05-20T10:36:39+12:00,48.5,-36.604839,174.802567,1
esp32_device_001,2026-05-20T10:36:44+12:00,48.8,-36.604816,174.802567,1
esp32_device_001,2026-05-20T10:36:49+12:00,49,-36.604816,174.802567,1
esp32_device_001,2026-05-20T10:36:54+12:00,48.6,-36.604786,174.802551,1
esp32_device_001,2026-05-20T10:36:59+12:00,47.8,-36.60474,174.802582,1
esp32_device_001,2026-05-20T10:37:04+12:00,47.3,-36.604717,174.802567,1
esp32_device_001,2026-05-20T10:37:09+12:00,47.3,-36.60471,174.802551,1
esp32_device_001,2026-05-20T10:37:14+12:00,47.8,-36.60474,174.802551,1
esp32_device_001,2026-05-20T10:37:19+12:00,48.9,-36.604729,174.802567,1
esp32_device_001,2026-05-20T10:37:24+12:00,50.1,-36.604717,174.802551,1
esp32_device_001,2026-05-20T10:37:29+12:00,51.4,-36.604736,174.802536,1
esp32_device_001,2026-05-20T10:37:34+12:00,51.9,-36.604744,174.802536,1
esp32_device_001,2026-05-20T10:37:39+12:00,51.6,-36.604763,174.802536,1
esp32_device_001,2026-05-20T10:37:44+12:00,51.1,-36.604778,174.802567,1
esp32_device_001,2026-05-20T10:37:49+12:00,50.2,-36.604797,174.802551,1
esp32_device_001,2026-05-20T10:37:54+12:00,46.2,-36.604816,174.802597,1
esp32_device_001,2026-05-20T10:37:59+12:00,45.4,-36.604824,174.802567,1
esp32_device_001,2026-05-20T10:38:04+12:00,47.1,-36.604813,174.802521,1
esp32_device_001,2026-05-20T10:38:14+12:00,46.5,-36.604813,174.802521,1
esp32_device_001,2026-05-20T10:38:19+12:00,42.3,-36.604832,174.802551,1
esp32_device_001,2026-05-20T10:38:24+12:00,39.4,-36.604832,174.802597,1
esp32_device_001,2026-05-20T10:38:29+12:00,37.5,-36.604851,174.802612,1
esp32_device_001,2026-05-20T10:38:34+12:00,36.8,-36.604855,174.802597,1
esp32_device_001,2026-05-20T10:38:39+12:00,36.1,-36.604889,174.802582,1
esp32_device_001,2026-05-20T10:38:44+12:00,35.3,-36.604912,174.802567,1
esp32_device_001,2026-05-20T10:38:49+12:00,34,-36.604923,174.802567,1
esp32_device_001,2026-05-20T10:38:54+12:00,32.6,-36.604942,174.802551,1
esp32_device_001,2026-05-20T10:38:59+12:00,33.9,-36.604897,174.802567,1
esp32_device_001,2026-05-20T10:39:04+12:00,32.5,-36.604912,174.802536,1
esp32_device_001,2026-05-20T10:39:09+12:00,30.8,-36.604946,174.802521,1
esp32_device_001,2026-05-20T10:39:14+12:00,30.3,-36.604965,174.802505,1
esp32_device_001,2026-05-20T10:39:19+12:00,29.7,-36.604977,174.80249,1
esp32_device_001,2026-05-20T10:39:24+12:00,29.7,-36.604954,174.802521,1
esp32_device_001,2026-05-20T10:39:29+12:00,31.1,-36.604908,174.802567,1
esp32_device_001,2026-05-20T10:39:34+12:00,33,-36.604874,174.802582,1
esp32_device_001,2026-05-20T10:39:39+12:00,35.8,-36.604828,174.802597,1
esp32_device_001,2026-05-20T10:39:44+12:00,37,-36.604828,174.802597,1
esp32_device_001,2026-05-20T10:39:49+12:00,38.4,-36.604839,174.802582,1
esp32_device_001,2026-05-20T10:39:54+12:00,39.6,-36.604843,174.802567,1
esp32_device_001,2026-05-20T10:39:59+12:00,39.9,-36.604858,174.802567,1
esp32_device_001,2026-05-20T10:40:04+12:00,40.5,-36.604858,174.802567,1
esp32_device_001,2026-05-20T10:40:09+12:00,41.1,-36.604839,174.802567,1
esp32_device_001,2026-05-20T10:40:14+12:00,41.4,-36.604832,174.802582,1
esp32_device_001,2026-05-20T10:40:19+12:00,42.6,-36.60482,174.802582,1
esp32_device_001,2026-05-20T10:40:24+12:00,44,-36.604816,174.802582,1
esp32_device_001,2026-05-20T10:40:29+12:00,44.4,-36.604813,174.802597,1
esp32_device_001,2026-05-20T10:40:34+12:00,44.4,-36.604832,174.802597,1
esp32_device_001,2026-05-20T10:40:39+12:00,44.1,-36.604824,174.802597,1
esp32_device_001,2026-05-20T10:40:44+12:00,44.3,-36.604828,174.802597,1
esp32_device_001,2026-05-20T10:40:54+12:00,46.4,-36.604801,174.802597,1
esp32_device_001,2026-05-20T10:40:59+12:00,48,-36.604794,174.802597,1
esp32_device_001,2026-05-20T10:41:24+12:00,48.4,-36.604801,174.802582,1
esp32_device_001,2026-05-20T10:41:59+12:00,43,-36.604832,174.802597,1
esp32_device_001,2026-05-20T10:42:04+12:00,42.4,-36.604843,174.802582,1
esp32_device_001,2026-05-20T10:42:09+12:00,42.8,-36.604851,174.802582,1
esp32_device_001,2026-05-20T10:42:14+12:00,41.6,-36.604858,174.802582,1
esp32_device_001,2026-05-20T10:42:19+12:00,41.2,-36.604862,174.802582,1
esp32_device_001,2026-05-20T10:42:24+12:00,41.2,-36.604874,174.802582,1
esp32_device_001,2026-05-20T10:42:29+12:00,40.5,-36.604885,174.802567,1
esp32_device_001,2026-05-20T10:42:34+12:00,41.7,-36.60487,174.802582,1
esp32_device_001,2026-05-20T10:42:39+12:00,43.4,-36.604836,174.802597,1
esp32_device_001,2026-05-20T10:42:44+12:00,44.2,-36.604832,174.802612,1
esp32_device_001,2026-05-20T10:42:49+12:00,44.3,-36.604836,174.802597,1
esp32_device_001,2026-05-20T10:42:54+12:00,44.2,-36.604843,174.802582,1
esp32_device_001,2026-05-20T10:42:59+12:00,44.1,-36.604858,174.802582,1
esp32_device_001,2026-05-20T10:43:04+12:00,43.9,-36.604843,174.802582,1
esp32_device_001,2026-05-20T10:43:09+12:00,42.8,-36.604828,174.802597,1
esp32_device_001,2026-05-20T10:43:14+12:00,43.7,-36.604828,174.802628,1
esp32_device_001,2026-05-20T10:43:19+12:00,43.8,-36.604843,174.802612,1
esp32_device_001,2026-05-20T10:43:24+12:00,44.6,-36.604839,174.802597,1
esp32_device_001,2026-05-20T10:43:34+12:00,46.5,-36.604847,174.802567,1
esp32_device_001,2026-05-20T10:43:39+12:00,47.5,-36.604828,174.802567,1
esp32_device_001,2026-05-20T10:43:44+12:00,48.4,-36.604824,174.802567,1
esp32_device_001,2026-05-20T10:43:49+12:00,49.6,-36.604801,174.802536,1
esp32_device_001,2026-05-20T10:43:54+12:00,49.4,-36.604801,174.802536,1
esp32_device_001,2026-05-20T10:43:59+12:00,49.8,-36.604797,174.802536,1
esp32_device_001,2026-05-20T10:44:04+12:00,51.4,-36.604778,174.802505,1
esp32_device_001,2026-05-20T10:44:09+12:00,53,-36.604698,174.802475,1
esp32_device_001,2026-05-20T10:44:14+12:00,54.5,-36.604683,174.802444,1
esp32_device_001,2026-05-20T10:44:19+12:00,55.8,-36.604671,174.802429,1
esp32_device_001,2026-05-20T10:44:24+12:00,57.2,-36.604664,174.802429,1
esp32_device_001,2026-05-20T10:44:29+12:00,57.8,-36.604717,174.802475,1
esp32_device_001,2026-05-20T10:44:34+12:00,59,-36.604713,174.80249,1
esp32_device_001,2026-05-20T10:44:39+12:00,60.9,-36.604729,174.802521,1
esp32_device_001,2026-05-20T10:44:44+12:00,63.5,-36.604725,174.802505,1
esp32_device_001,2026-05-20T10:44:49+12:00,63.7,-36.604717,174.80249,1
esp32_device_001,2026-05-20T10:44:54+12:00,63.9,-36.604713,174.80249,1
esp32_device_001,2026-05-20T10:44:59+12:00,64.6,-36.604679,174.802521,1
esp32_device_001,2026-05-20T10:45:14+12:00,67.3,-36.604591,174.802368,1
esp32_device_001,2026-05-20T10:45:19+12:00,68.6,-36.604588,174.802383,1
esp32_device_001,2026-05-20T10:45:34+12:00,59.8,-36.60471,174.802353,1
esp32_device_001,2026-05-20T10:46:19+12:00,47.6,-36.604797,174.802551,1
esp32_device_001,2026-05-20T10:46:24+12:00,47.5,-36.60482,174.802567,1
esp32_device_001,2026-05-20T10:46:29+12:00,47.7,-36.604836,174.802582,1
esp32_device_001,2026-05-20T10:46:34+12:00,47,-36.604866,174.802567,1
esp32_device_001,2026-05-20T10:46:39+12:00,45.9,-36.604855,174.802551,1
esp32_device_001,2026-05-20T10:46:44+12:00,46,-36.604824,174.802551,1
esp32_device_001,2026-05-20T10:46:49+12:00,46.5,-36.604816,174.802551,1
esp32_device_001,2026-05-20T10:46:54+12:00,46.4,-36.604816,174.802551,1
esp32_device_001,2026-05-20T10:46:59+12:00,47.6,-36.604828,174.802536,1
esp32_device_001,2026-05-20T10:47:04+12:00,46.9,-36.604809,174.802551,1
esp32_device_001,2026-05-20T10:47:09+12:00,47,-36.604801,174.802551,1
esp32_device_001,2026-05-20T10:47:14+12:00,46.9,-36.604778,174.802567,1
esp32_device_001,2026-05-20T10:47:39+12:00,50.3,-36.604679,174.802521,1
esp32_device_001,2026-05-20T10:47:49+12:00,52.7,-36.604671,174.802536,1
esp32_device_001,2026-05-20T10:47:54+12:00,52.5,-36.604721,174.802521,1
esp32_device_001,2026-05-20T10:47:59+12:00,50.7,-36.60479,174.802505,1
esp32_device_001,2026-05-20T10:48:04+12:00,49.8,-36.604809,174.802505,1
esp32_device_001,2026-05-20T10:49:56+12:00,0,-36.604828,174.802597,1
esp32_device_001,2026-05-20T10:50:06+12:00,41.9,-36.604862,174.802597,1
esp32_device_001,2026-05-20T10:50:11+12:00,41.7,-36.604904,174.802582,1
esp32_device_001,2026-05-20T10:50:16+12:00,41.6,-36.604946,174.802567,1
esp32_device_001,2026-05-20T10:50:21+12:00,41.7,-36.604961,174.802551,1
esp32_device_001,2026-05-20T10:50:26+12:00,43.4,-36.604851,174.802567,1
esp32_device_001,2026-05-20T10:50:31+12:00,46.3,-36.604805,174.802567,1
esp32_device_001,2026-05-20T10:50:36+12:00,49.2,-36.604778,174.802551,1
esp32_device_001,2026-05-20T10:50:41+12:00,52.4,-36.604771,174.802536,1
esp32_device_001,2026-05-20T10:50:46+12:00,54.9,-36.604801,174.802505,1
esp32_device_001,2026-05-20T10:50:51+12:00,55.8,-36.604816,174.80249,1
esp32_device_001,2026-05-20T10:50:56+12:00,54.5,-36.604828,174.802521,1
esp32_device_001,2026-05-20T10:51:01+12:00,52.8,-36.604843,174.802551,1
esp32_device_001,2026-05-20T10:51:06+12:00,52,-36.604858,174.802536,1
esp32_device_001,2026-05-20T10:51:11+12:00,51.3,-36.604855,174.802521,1
esp32_device_001,2026-05-20T10:51:16+12:00,51,-36.604843,174.80249,1
esp32_device_001,2026-05-20T10:51:21+12:00,51.1,-36.604836,174.802521,1
esp32_device_001,2026-05-20T10:51:26+12:00,51.2,-36.604824,174.802536,1
esp32_device_001,2026-05-20T10:51:31+12:00,51.3,-36.604805,174.802551,1
esp32_device_001,2026-05-20T10:51:36+12:00,51,-36.604805,174.802567,1
esp32_device_001,2026-05-20T10:51:41+12:00,51.5,-36.604786,174.802551,1
esp32_device_001,2026-05-20T10:51:46+12:00,51.3,-36.604774,174.802567,1
esp32_device_001,2026-05-20T10:51:51+12:00,49.5,-36.604767,174.802582,1
esp32_device_001,2026-05-20T10:51:56+12:00,49.4,-36.604771,174.802582,1
esp32_device_001,2026-05-20T10:52:01+12:00,49.6,-36.604786,174.802567,1
esp32_device_001,2026-05-20T10:52:06+12:00,49.4,-36.604794,174.802567,1
esp32_device_001,2026-05-20T10:52:11+12:00,48.9,-36.604794,174.802567,1
esp32_device_001,2026-05-20T10:52:16+12:00,49.6,-36.604782,174.802582,1
esp32_device_001,2026-05-20T10:52:21+12:00,51.1,-36.604778,174.802567,1
esp32_device_001,2026-05-20T10:52:26+12:00,50.1,-36.604771,174.802582,1
esp32_device_001,2026-05-20T10:52:31+12:00,48.2,-36.604759,174.802597,1
esp32_device_001,2026-05-20T10:52:36+12:00,46.8,-36.604752,174.802612,1
esp32_device_001,2026-05-20T10:52:41+12:00,45.6,-36.604755,174.802612,1
esp32_device_001,2026-05-20T10:52:46+12:00,41,-36.604752,174.802658,1
esp32_device_001,2026-05-20T10:52:51+12:00,39.9,-36.604755,174.802643,1
esp32_device_001,2026-05-20T10:52:56+12:00,39.1,-36.604755,174.802643,1
esp32_device_001,2026-05-20T10:53:01+12:00,37.6,-36.604771,174.802628,1
esp32_device_001,2026-05-20T10:53:06+12:00,35,-36.604774,174.802628,1
esp32_device_001,2026-05-20T10:53:11+12:00,33,-36.60479,174.802628,1
esp32_device_001,2026-05-20T10:53:16+12:00,31.5,-36.604797,174.802643,1
esp32_device_001,2026-05-20T10:53:21+12:00,29.8,-36.604797,174.802643,1
esp32_device_001,2026-05-20T10:53:26+12:00,28.9,-36.604801,174.802643,1
esp32_device_001,2026-05-20T10:53:31+12:00,28.1,-36.604805,174.802658,1
esp32_device_001,2026-05-20T10:53:36+12:00,27.7,-36.604797,174.802673,1
esp32_device_001,2026-05-20T10:53:41+12:00,26.9,-36.604805,174.802673,1
esp32_device_001,2026-05-20T10:53:46+12:00,26.6,-36.604805,174.802673,1
esp32_device_001,2026-05-20T10:53:51+12:00,26.8,-36.604809,174.802689,1
esp32_device_001,2026-05-20T10:53:56+12:00,26.3,-36.604805,174.802689,1
esp32_device_001,2026-05-20T10:54:01+12:00,25.6,-36.604813,174.802689,1
esp32_device_001,2026-05-20T10:54:06+12:00,25.6,-36.604813,174.802689,1
esp32_device_001,2026-05-20T10:54:11+12:00,26,-36.604801,174.802704,1
esp32_device_001,2026-05-20T10:54:16+12:00,26.8,-36.604809,174.802689,1
esp32_device_001,2026-05-20T10:54:21+12:00,29,-36.604805,174.802673,1
esp32_device_001,2026-05-20T10:54:26+12:00,30.7,-36.604801,174.802658,1
esp32_device_001,2026-05-20T10:54:31+12:00,33.5,-36.604782,174.802673,1
esp32_device_001,2026-05-20T10:54:36+12:00,35.5,-36.604774,174.802673,1
esp32_device_001,2026-05-20T10:54:41+12:00,38.4,-36.604763,174.802689,1
esp32_device_001,2026-05-20T10:54:46+12:00,40.7,-36.604759,174.802673,1
esp32_device_001,2026-05-20T10:54:51+12:00,42.5,-36.604767,174.802658,1
esp32_device_001,2026-05-20T10:54:56+12:00,43.4,-36.604782,174.802628,1
esp32_device_001,2026-05-20T10:55:01+12:00,44.8,-36.604771,174.802628,1
esp32_device_001,2026-05-20T10:55:06+12:00,45.6,-36.604771,174.802628,1
esp32_device_001,2026-05-20T10:55:11+12:00,45.7,-36.604774,174.802628,1
esp32_device_001,2026-05-20T10:55:16+12:00,45.7,-36.604794,174.802597,1
esp32_device_001,2026-05-20T10:55:21+12:00,44.5,-36.604801,174.802597,1
esp32_device_001,2026-05-20T10:55:26+12:00,43.9,-36.604805,174.802597,1
esp32_device_001,2026-05-20T10:55:31+12:00,44.8,-36.604797,174.802597,1
esp32_device_001,2026-05-20T10:55:36+12:00,45.6,-36.604797,174.802597,1
esp32_device_001,2026-05-20T10:55:41+12:00,44.2,-36.604809,174.802567,1
esp32_device_001,2026-05-20T10:55:46+12:00,41.9,-36.604828,174.802551,1
esp32_device_001,2026-05-20T10:55:51+12:00,40.6,-36.604839,174.802536,1
esp32_device_001,2026-05-20T10:55:56+12:00,41.1,-36.604843,174.802536,1
esp32_device_001,2026-05-20T10:56:01+12:00,41.8,-36.604836,174.802521,1
esp32_device_001,2026-05-20T10:56:06+12:00,43.9,-36.604816,174.802551,1
esp32_device_001,2026-05-20T10:56:11+12:00,45.6,-36.604809,174.802567,1
esp32_device_001,2026-05-20T10:56:16+12:00,47.4,-36.604797,174.802551,1
esp32_device_001,2026-05-20T10:56:21+12:00,49.2,-36.604782,174.802551,1
esp32_device_001,2026-05-20T10:56:26+12:00,49.9,-36.604782,174.802567,1
esp32_device_001,2026-05-20T10:56:31+12:00,41.3,-36.604786,174.802673,1
esp32_device_001,2026-05-20T10:56:36+12:00,41.7,-36.60479,174.802658,1
esp32_device_001,2026-05-20T10:56:41+12:00,42.3,-36.604797,174.802628,1
esp32_device_001,2026-05-20T10:56:46+12:00,42.8,-36.604801,174.802612,1
esp32_device_001,2026-05-20T10:56:51+12:00,43.1,-36.604809,174.802597,1
esp32_device_001,2026-05-20T10:56:56+12:00,43.4,-36.604809,174.802597,1
esp32_device_001,2026-05-20T10:57:01+12:00,44.5,-36.604809,174.802597,1
esp32_device_001,2026-05-20T10:57:06+12:00,45.5,-36.604801,174.802597,1
esp32_device_001,2026-05-20T10:57:11+12:00,47,-36.604794,174.802612,1
esp32_device_001,2026-05-20T10:57:16+12:00,46.4,-36.604809,174.802597,1
esp32_device_001,2026-05-20T10:57:21+12:00,44.2,-36.604839,174.802582,1
esp32_device_001,2026-05-20T10:57:26+12:00,44.9,-36.604839,174.802567,1
esp32_device_001,2026-05-20T10:57:31+12:00,45.4,-36.604843,174.802551,1
esp32_device_001,2026-05-20T10:57:36+12:00,45.5,-36.604847,174.802536,1
esp32_device_001,2026-05-20T10:57:41+12:00,46.6,-36.604839,174.802536,1
esp32_device_001,2026-05-20T10:57:46+12:00,47.7,-36.604832,174.802536,1
esp32_device_001,2026-05-20T10:57:51+12:00,49.2,-36.604816,174.802551,1
esp32_device_001,2026-05-20T10:57:56+12:00,51.9,-36.604794,174.802551,1
esp32_device_001,2026-05-20T10:58:01+12:00,51.6,-36.604794,174.802551,1
esp32_device_001,2026-05-20T10:58:06+12:00,52.6,-36.60479,174.802567,1
esp32_device_001,2026-05-20T10:58:11+12:00,54.7,-36.604771,174.802582,1
esp32_device_001,2026-05-20T10:58:16+12:00,56.7,-36.604755,174.802582,1
esp32_device_001,2026-05-20T10:58:21+12:00,57.8,-36.604752,174.802582,1
esp32_device_001,2026-05-20T10:58:26+12:00,60.2,-36.604733,174.802582,1
esp32_device_001,2026-05-20T10:58:31+12:00,62.4,-36.604725,174.802582,1
esp32_device_001,2026-05-20T10:58:36+12:00,63.9,-36.604725,174.802567,1
esp32_device_001,2026-05-20T10:58:41+12:00,65,-36.604744,174.802536,1
esp32_device_001,2026-05-20T10:58:46+12:00,65.8,-36.604744,174.802521,1
esp32_device_001,2026-05-20T10:58:51+12:00,67.5,-36.604733,174.802536,1
esp32_device_001,2026-05-20T10:58:56+12:00,69.1,-36.604721,174.802536,1
esp32_device_001,2026-05-20T10:59:01+12:00,69.8,-36.604721,174.802536,1
esp32_device_001,2026-05-20T10:59:06+12:00,70.5,-36.604725,174.802521,1
esp32_device_001,2026-05-20T10:59:11+12:00,67.6,-36.604729,174.802536,1
esp32_device_001,2026-05-20T10:59:16+12:00,61.9,-36.60474,174.802551,1
esp32_device_001,2026-05-20T10:59:21+12:00,56.4,-36.604748,174.802582,1
esp32_device_001,2026-05-20T10:59:26+12:00,56.7,-36.604748,174.802582,1
esp32_device_001,2026-05-20T10:59:31+12:00,57.5,-36.604752,174.802567,1
esp32_device_001,2026-05-20T10:59:36+12:00,57.7,-36.604759,174.802551,1
esp32_device_001,2026-05-20T10:59:41+12:00,58.3,-36.604759,174.802551,1
esp32_device_001,2026-05-20T10:59:46+12:00,59.3,-36.60474,174.802567,1
esp32_device_001,2026-05-20T11:00:09+12:00,0,-36.604748,174.802536,1
esp32_device_001,2026-05-20T11:00:19+12:00,64.3,-36.604752,174.802536,1
esp32_device_001,2026-05-20T11:00:24+12:00,65.1,-36.604748,174.802521,1
esp32_device_001,2026-05-20T11:00:29+12:00,65.5,-36.60474,174.802536,1
esp32_device_001,2026-05-20T11:00:34+12:00,65.1,-36.604748,174.802536,1
esp32_device_001,2026-05-20T11:00:39+12:00,64.3,-36.604752,174.802536,1
esp32_device_001,2026-05-20T11:00:44+12:00,64.1,-36.604752,174.802551,1
esp32_device_001,2026-05-20T11:00:49+12:00,63.6,-36.604763,174.802536,1
esp32_device_001,2026-05-20T11:00:54+12:00,63.7,-36.604755,174.802536,1
esp32_device_001,2026-05-20T11:00:59+12:00,63.5,-36.604763,174.802536,1
esp32_device_001,2026-05-20T11:01:04+12:00,63.6,-36.604763,174.802551,1
esp32_device_001,2026-05-20T11:01:09+12:00,64.5,-36.604748,174.802567,1
esp32_device_001,2026-05-20T11:01:14+12:00,64.8,-36.604755,174.802551,1
esp32_device_001,2026-05-20T11:01:19+12:00,65.8,-36.604763,174.802536,1
esp32_device_001,2026-05-20T11:01:24+12:00,67.2,-36.604767,174.802521,1
esp32_device_001,2026-05-20T11:01:29+12:00,68.3,-36.604763,174.802521,1
esp32_device_001,2026-05-20T11:01:34+12:00,70.2,-36.604748,174.802521,1
esp32_device_001,2026-05-20T11:01:39+12:00,71.4,-36.60474,174.802521,1
esp32_device_001,2026-05-20T11:01:44+12:00,71.7,-36.604748,174.802505,1
esp32_device_001,2026-05-20T11:01:49+12:00,70.8,-36.604759,174.802505,1
esp32_device_001,2026-05-20T11:01:54+12:00,67.8,-36.604752,174.802521,1
esp32_device_001,2026-05-20T11:01:59+12:00,64.8,-36.604752,174.802551,1
esp32_device_001,2026-05-20T11:02:04+12:00,63.9,-36.604759,174.802536,1
esp32_device_001,2026-05-20T11:02:09+12:00,62.8,-36.604767,174.802536,1
esp32_device_001,2026-05-20T11:02:14+12:00,61.2,-36.604771,174.802536,1
esp32_device_001,2026-05-20T11:02:19+12:00,59.1,-36.604786,174.802536,1
esp32_device_001,2026-05-20T11:02:24+12:00,57.9,-36.604794,174.802536,1
esp32_device_001,2026-05-20T11:02:29+12:00,56.1,-36.604809,174.802536,1
esp32_device_001,2026-05-20T11:02:34+12:00,55.8,-36.604805,174.802536,1
esp32_device_001,2026-05-20T11:02:39+12:00,54.9,-36.604813,174.802536,1
esp32_device_001,2026-05-20T11:02:44+12:00,53.9,-36.604816,174.802536,1
esp32_device_001,2026-05-20T11:02:49+12:00,53.5,-36.60482,174.802536,1
esp32_device_001,2026-05-20T11:02:54+12:00,53.5,-36.60482,174.802536,1
esp32_device_001,2026-05-20T11:02:59+12:00,53.2,-36.604824,174.802536,1
esp32_device_001,2026-05-20T11:03:04+12:00,53,-36.60482,174.802536,1
esp32_device_001,2026-05-20T11:03:09+12:00,53,-36.604824,174.802536,1
esp32_device_001,2026-05-20T11:03:14+12:00,52.7,-36.604824,174.802536,1
esp32_device_001,2026-05-20T11:03:19+12:00,52.5,-36.604824,174.802536,1
esp32_device_001,2026-05-20T11:03:24+12:00,52.1,-36.604824,174.802536,1
esp32_device_001,2026-05-20T11:03:29+12:00,52.3,-36.604813,174.802551,1
esp32_device_001,2026-05-20T11:03:34+12:00,52.1,-36.604809,174.802551,1
esp32_device_001,2026-05-20T11:03:39+12:00,52.3,-36.604794,174.802567,1
esp32_device_001,2026-05-20T11:03:44+12:00,53.1,-36.604774,174.802582,1
esp32_device_001,2026-05-20T11:03:49+12:00,53.3,-36.604771,174.802582,1
esp32_device_001,2026-05-20T11:03:54+12:00,53.8,-36.604759,174.802597,1
esp32_device_001,2026-05-20T11:03:59+12:00,53.8,-36.604759,174.802597,1
esp32_device_001,2026-05-20T11:04:04+12:00,53.3,-36.604759,174.802597,1
esp32_device_001,2026-05-20T11:04:09+12:00,53.3,-36.604752,174.802597,1
esp32_device_001,2026-05-20T11:04:14+12:00,52.8,-36.604763,174.802582,1
esp32_device_001,2026-05-20T11:04:19+12:00,53.2,-36.604752,174.802597,1
esp32_device_001,2026-05-20T11:04:24+12:00,53.1,-36.604763,174.802582,1
esp32_device_001,2026-05-20T11:04:29+12:00,52.5,-36.604778,174.802582,1
esp32_device_001,2026-05-20T11:04:34+12:00,52.2,-36.604771,174.802582,1
esp32_device_001,2026-05-20T11:04:39+12:00,52.2,-36.604767,174.802597,1
esp32_device_001,2026-05-20T11:04:44+12:00,51.5,-36.604774,174.802582,1
esp32_device_001,2026-05-20T11:04:49+12:00,51.5,-36.604771,174.802597,1
esp32_device_001,2026-05-20T11:04:54+12:00,52.3,-36.604767,174.802597,1
esp32_device_001,2026-05-20T11:04:59+12:00,53.1,-36.604752,174.802597,1
esp32_device_001,2026-05-20T13:06:33+12:00,0,-36.604721,174.802582,2
esp32_device_001,2026-05-20T13:06:43+12:00,65,-36.604713,174.802582,2
esp32_device_001,2026-05-20T13:06:48+12:00,64.2,-36.60471,174.802582,2
esp32_device_001,2026-05-20T13:06:53+12:00,62.5,-36.604717,174.802597,2
esp32_device_001,2026-05-20T13:06:58+12:00,61.8,-36.604721,174.802582,2
esp32_device_001,2026-05-20T13:07:03+12:00,61.3,-36.604729,174.802582,2
esp32_device_001,2026-05-20T13:07:08+12:00,60.9,-36.604725,174.802582,2
esp32_device_001,2026-05-20T13:07:13+12:00,62.2,-36.604721,174.802582,2
esp32_device_001,2026-05-20T13:07:18+12:00,61,-36.604729,174.802582,2
esp32_device_001,2026-05-20T13:07:23+12:00,57.5,-36.604733,174.802597,2
esp32_device_001,2026-05-20T13:07:28+12:00,53.8,-36.604748,174.802597,2
esp32_device_001,2026-05-20T13:07:33+12:00,53.1,-36.604752,174.802597,2
esp32_device_001,2026-05-20T13:07:38+12:00,52.4,-36.604759,174.802597,2
esp32_device_001,2026-05-20T13:07:43+12:00,54.1,-36.604759,174.802597,2
esp32_device_001,2026-05-20T13:07:48+12:00,56.8,-36.604744,174.802597,2
esp32_device_001,2026-05-20T13:07:53+12:00,58,-36.60474,174.802597,2
esp32_device_001,2026-05-20T13:07:58+12:00,58,-36.604744,174.802582,2
esp32_device_001,2026-05-20T13:08:03+12:00,56.7,-36.60474,174.802597,2
esp32_device_001,2026-05-20T13:08:08+12:00,55.7,-36.604748,174.802597,2
esp32_device_001,2026-05-20T13:08:13+12:00,55.8,-36.604752,174.802597,2
esp32_device_001,2026-05-20T13:08:18+12:00,53.5,-36.604767,174.802597,2
esp32_device_001,2026-05-20T13:08:23+12:00,51.8,-36.604774,174.802597,2
esp32_device_001,2026-05-20T13:08:28+12:00,52,-36.604771,174.802597,2
esp32_device_001,2026-05-20T13:08:33+12:00,51.2,-36.604767,174.802612,2
esp32_device_001,2026-05-20T13:08:38+12:00,51.9,-36.604774,174.802597,2
esp32_device_001,2026-05-20T13:08:43+12:00,52.3,-36.604767,174.802597,2
esp32_device_001,2026-05-20T13:08:48+12:00,54.3,-36.604748,174.802612,2
esp32_device_001,2026-05-20T13:08:53+12:00,57.5,-36.60474,174.802597,2
esp32_device_001,2026-05-20T13:08:58+12:00,62.3,-36.60471,174.802597,2
esp32_device_001,2026-05-20T13:09:03+12:00,61.8,-36.604706,174.802597,2
esp32_device_001,2026-05-20T13:09:08+12:00,63.7,-36.604702,174.802597,2
esp32_device_001,2026-05-20T13:09:13+12:00,60.2,-36.604725,174.802597,2
esp32_device_001,2026-05-20T13:09:18+12:00,58,-36.604736,174.802597,2
esp32_device_001,2026-05-20T13:09:23+12:00,52.8,-36.604763,174.802597,2
esp32_device_001,2026-05-20T13:09:28+12:00,48.5,-36.604786,174.802612,2
esp32_device_001,2026-05-20T13:09:33+12:00,46.9,-36.604801,174.802612,2
esp32_device_001,2026-05-20T13:09:38+12:00,47.8,-36.604805,174.802597,2
esp32_device_001,2026-05-20T13:09:43+12:00,50.1,-36.604794,174.802582,2
esp32_device_001,2026-05-20T13:09:48+12:00,50.8,-36.60479,174.802582,2
esp32_device_001,2026-05-20T13:09:53+12:00,50.4,-36.604797,174.802582,2
esp32_device_001,2026-05-20T13:09:58+12:00,50,-36.60479,174.802582,2
esp32_device_001,2026-05-20T13:10:03+12:00,49.7,-36.604794,174.802582,2
esp32_device_001,2026-05-20T13:10:08+12:00,50.2,-36.604794,174.802582,2
esp32_device_001,2026-05-20T13:10:13+12:00,51.1,-36.604782,174.802582,2
esp32_device_001,2026-05-20T13:10:18+12:00,53,-36.604778,174.802582,2
esp32_device_001,2026-05-20T13:10:23+12:00,56.2,-36.604767,174.802567,2
esp32_device_001,2026-05-20T13:10:28+12:00,59.5,-36.604752,174.802551,2
esp32_device_001,2026-05-20T13:10:33+12:00,61.1,-36.604752,174.802551,2
esp32_device_001,2026-05-20T13:10:38+12:00,62.4,-36.60474,174.802551,2
esp32_device_001,2026-05-20T13:10:43+12:00,63.6,-36.604736,174.802536,2
esp32_device_001,2026-05-20T13:10:48+12:00,63.2,-36.604736,174.802536,2
esp32_device_001,2026-05-20T13:10:53+12:00,61.6,-36.604748,174.802536,2
esp32_device_001,2026-05-20T13:10:58+12:00,60,-36.604752,174.802536,2
esp32_device_001,2026-05-20T13:11:03+12:00,59,-36.604752,174.802536,2
esp32_device_001,2026-05-20T13:11:08+12:00,57.8,-36.604752,174.802551,2
esp32_device_001,2026-05-20T13:11:13+12:00,56.1,-36.604759,174.802551,2
esp32_device_001,2026-05-20T13:11:18+12:00,53.2,-36.604767,174.802551,2
esp32_device_001,2026-05-20T13:11:23+12:00,50,-36.60479,174.802551,2
esp32_device_001,2026-05-20T13:11:28+12:00,47.8,-36.604801,174.802567,2
esp32_device_001,2026-05-20T13:11:33+12:00,48.5,-36.604797,174.802567,2
esp32_device_001,2026-05-20T13:11:38+12:00,49.6,-36.604801,174.802551,2
esp32_device_001,2026-05-20T13:11:43+12:00,47.9,-36.604805,174.802551,2
esp32_device_001,2026-05-20T13:11:48+12:00,47.3,-36.604809,174.802551,2
esp32_device_001,2026-05-20T13:11:53+12:00,45.9,-36.604816,174.802551,2
esp32_device_001,2026-05-20T13:11:58+12:00,45.7,-36.604813,174.802551,2
esp32_device_001,2026-05-20T13:12:03+12:00,46.5,-36.604805,174.802551,2
esp32_device_001,2026-05-20T13:12:08+12:00,46.2,-36.604801,174.802551,2
esp32_device_001,2026-05-20T13:12:13+12:00,46,-36.604797,174.802551,2
esp32_device_001,2026-05-20T13:12:18+12:00,46.3,-36.60479,174.802551,2
esp32_device_001,2026-05-20T13:12:23+12:00,45.3,-36.60479,174.802567,2
esp32_device_001,2026-05-20T13:12:28+12:00,45.1,-36.604786,174.802567,2
esp32_device_001,2026-05-20T13:12:33+12:00,46.4,-36.604786,174.802551,2
esp32_device_001,2026-05-20T13:12:38+12:00,47.2,-36.604778,174.802567,2
esp32_device_001,2026-05-20T13:12:43+12:00,48.2,-36.604782,174.802551,2
esp32_device_001,2026-05-20T13:12:48+12:00,43.8,-36.604794,174.802567,2
esp32_device_001,2026-05-20T13:12:53+12:00,38.5,-36.604805,174.802582,2
esp32_device_001,2026-05-20T13:12:58+12:00,34.2,-36.60482,174.802597,2
esp32_device_001,2026-05-20T13:13:03+12:00,34.3,-36.604824,174.802582,2
esp32_device_001,2026-05-20T13:13:08+12:00,35.3,-36.604816,174.802582,2
esp32_device_001,2026-05-20T13:13:13+12:00,36,-36.604805,174.802597,2
esp32_device_001,2026-05-20T13:13:18+12:00,34,-36.604797,174.802612,2
esp32_device_001,2026-05-20T13:13:23+12:00,33.3,-36.604797,174.802612,2
esp32_device_001,2026-05-20T13:13:28+12:00,36.1,-36.604801,174.802597,2
esp32_device_001,2026-05-20T13:13:33+12:00,36.5,-36.604801,174.802597,2
esp32_device_001,2026-05-20T13:13:38+12:00,38.7,-36.60479,174.802597,2
esp32_device_001,2026-05-20T13:13:43+12:00,43.9,-36.604763,174.802597,2
esp32_device_001,2026-05-20T13:13:48+12:00,44.4,-36.604752,174.802612,2
esp32_device_001,2026-05-20T13:13:53+12:00,45.9,-36.604748,174.802612,2
esp32_device_001,2026-05-20T13:13:58+12:00,44.2,-36.604752,174.802612,2
esp32_device_001,2026-05-20T13:14:03+12:00,45.4,-36.604736,174.802628,2
esp32_device_001,2026-05-20T13:14:08+12:00,48.9,-36.604721,174.802628,2
esp32_device_001,2026-05-20T13:14:13+12:00,50.3,-36.604713,174.802628,2
esp32_device_001,2026-05-20T13:14:18+12:00,49.1,-36.60471,174.802643,2
esp32_device_001,2026-05-20T13:14:23+12:00,50.1,-36.604706,174.802643,2
esp32_device_001,2026-05-20T13:14:28+12:00,52.4,-36.604694,174.802628,2
esp32_device_001,2026-05-20T13:14:33+12:00,54.6,-36.604691,174.802628,2
esp32_device_001,2026-05-20T13:14:38+12:00,54.9,-36.604691,174.802628,2
esp32_device_001,2026-05-20T13:14:43+12:00,56.5,-36.604691,174.802612,2
esp32_device_001,2026-05-20T13:14:48+12:00,52.4,-36.604702,174.802628,2
esp32_device_001,2026-05-20T13:14:53+12:00,51.4,-36.60471,174.802612,2
esp32_device_001,2026-05-20T13:14:58+12:00,50.4,-36.604713,174.802612,2
esp32_device_001,2026-05-20T13:15:03+12:00,48.8,-36.604725,174.802612,2
esp32_device_001,2026-05-20T13:15:08+12:00,51,-36.604725,174.802597,2
esp32_device_001,2026-05-20T13:15:13+12:00,51.3,-36.604725,174.802597,2
esp32_device_001,2026-05-20T13:15:18+12:00,52.9,-36.604721,174.802597,2
esp32_device_001,2026-05-20T13:15:23+12:00,47,-36.604748,174.802597,2
esp32_device_001,2026-05-20T13:15:28+12:00,40.1,-36.604778,174.802597,2
esp32_device_001,2026-05-20T13:15:33+12:00,34.8,-36.604797,174.802597,2
esp32_device_001,2026-05-20T13:15:38+12:00,32.3,-36.604816,174.802597,2
esp32_device_001,2026-05-20T13:15:43+12:00,35.2,-36.604816,174.802582,2
esp32_device_001,2026-05-20T13:15:48+12:00,38.7,-36.604809,174.802567,2
esp32_device_001,2026-05-20T13:15:53+12:00,40.8,-36.604797,174.802567,2
esp32_device_001,2026-05-20T13:15:58+12:00,41.8,-36.604797,174.802567,2
esp32_device_001,2026-05-20T13:16:03+12:00,43.5,-36.604794,174.802551,2
esp32_device_001,2026-05-20T13:16:08+12:00,46.5,-36.604794,174.802536,2
esp32_device_001,2026-05-20T13:16:13+12:00,48.8,-36.604786,174.802536,2
esp32_device_001,2026-05-20T13:16:18+12:00,50,-36.604794,174.802521,2
esp32_device_001,2026-05-20T13:16:23+12:00,51.8,-36.604797,174.802521,2
esp32_device_001,2026-05-20T13:16:28+12:00,53.3,-36.604797,174.802505,2
esp32_device_001,2026-05-20T13:16:33+12:00,57.9,-36.604774,174.802505,2
esp32_device_001,2026-05-20T13:16:38+12:00,61.8,-36.604752,174.802505,2
esp32_device_001,2026-05-20T13:16:43+12:00,65,-36.604736,174.802505,2
esp32_device_001,2026-05-20T13:16:48+12:00,68.3,-36.60471,174.802521,2
esp32_device_001,2026-05-20T13:16:53+12:00,72.2,-36.604691,174.802521,2
esp32_device_001,2026-05-20T13:16:58+12:00,74.6,-36.604683,174.802505,2
esp32_device_001,2026-05-20T13:17:03+12:00,75.2,-36.604687,174.802505,2
esp32_device_001,2026-05-20T13:17:08+12:00,71.3,-36.604706,174.802521,2
esp32_device_001,2026-05-20T13:17:13+12:00,65.3,-36.604721,174.802536,2
esp32_device_001,2026-05-20T13:17:18+12:00,61.5,-36.604733,174.802536,2
esp32_device_001,2026-05-20T13:17:23+12:00,60.9,-36.604748,174.802536,2
esp32_device_001,2026-05-20T13:17:28+12:00,59,-36.604744,174.802551,2
esp32_device_001,2026-05-20T13:17:33+12:00,56.3,-36.604748,174.802551,2
esp32_device_001,2026-05-20T13:17:38+12:00,54.7,-36.604752,174.802567,2
esp32_device_001,2026-05-20T13:17:43+12:00,53.7,-36.604755,174.802567,2
esp32_device_001,2026-05-20T13:17:48+12:00,52.4,-36.604733,174.802597,2
esp32_device_001,2026-05-20T13:17:53+12:00,54.3,-36.604691,174.802628,2
esp32_device_001,2026-05-20T13:17:58+12:00,57.3,-36.604683,174.802612,2
esp32_device_001,2026-05-20T13:18:03+12:00,59.9,-36.604683,174.802597,2
esp32_device_001,2026-05-20T13:18:08+12:00,61.5,-36.604691,174.802597,2
esp32_device_001,2026-05-20T13:18:13+12:00,61.4,-36.604694,174.802582,2
esp32_device_001,2026-05-20T13:18:18+12:00,59.5,-36.604664,174.802628,2
esp32_device_001,2026-05-20T13:18:23+12:00,58.6,-36.604656,174.802643,2
esp32_device_001,2026-05-20T13:18:28+12:00,58.6,-36.604706,174.802597,2
esp32_device_001,2026-05-20T13:18:33+12:00,58.6,-36.604736,174.802582,2
esp32_device_001,2026-05-20T13:18:38+12:00,58.1,-36.604759,174.802567,2
esp32_device_001,2026-05-20T13:18:43+12:00,57.9,-36.604767,174.802551,2
esp32_device_001,2026-05-20T13:18:48+12:00,60.3,-36.604782,174.802536,2
esp32_device_001,2026-05-20T13:18:53+12:00,61.3,-36.604763,174.802551,2
esp32_device_001,2026-05-20T13:18:58+12:00,62.5,-36.604759,174.802551,2
esp32_device_001,2026-05-20T13:19:03+12:00,62.7,-36.604759,174.802551,2
esp32_device_001,2026-05-20T13:19:08+12:00,62.9,-36.604767,174.802551,2
esp32_device_001,2026-05-20T13:19:13+12:00,61.8,-36.604759,174.802567,2
esp32_device_001,2026-05-20T13:19:18+12:00,61,-36.604759,174.802567,2
esp32_device_001,2026-05-20T13:19:23+12:00,60.6,-36.604752,174.802582,2
esp32_device_001,2026-05-20T13:19:28+12:00,59.9,-36.604752,174.802582,2
esp32_device_001,2026-05-20T13:19:33+12:00,58.6,-36.604752,174.802582,2
esp32_device_001,2026-05-20T13:19:38+12:00,57.5,-36.604752,174.802597,2
esp32_device_001,2026-05-20T13:19:43+12:00,56.8,-36.604755,174.802597,2
esp32_device_001,2026-05-20T13:19:48+12:00,55.3,-36.604763,174.802597,2
esp32_device_001,2026-05-20T13:19:53+12:00,56,-36.604763,174.802597,2
esp32_device_001,2026-05-20T13:19:58+12:00,55.1,-36.604763,174.802597,2
esp32_device_001,2026-05-20T13:20:03+12:00,53.1,-36.604786,174.802582,2
esp32_device_001,2026-05-20T13:20:08+12:00,57.2,-36.604782,174.802567,2
esp32_device_001,2026-05-20T13:20:13+12:00,57.6,-36.604782,174.802567,2
esp32_device_001,2026-05-20T13:20:18+12:00,59.4,-36.604778,174.802567,2
esp32_device_001,2026-05-20T13:20:23+12:00,60.3,-36.604767,174.802567,2
esp32_device_001,2026-05-20T13:20:28+12:00,60,-36.604759,174.802582,2
esp32_device_001,2026-05-20T13:20:33+12:00,63.5,-36.604752,174.802567,2
esp32_device_001,2026-05-20T13:20:38+12:00,66.7,-36.60474,174.802567,2
esp32_device_001,2026-05-20T13:20:43+12:00,69.9,-36.604736,174.802551,2
esp32_device_001,2026-05-20T13:20:48+12:00,72,-36.604733,174.802551,2
esp32_device_001,2026-05-20T13:20:53+12:00,74.9,-36.604725,174.802536,2
esp32_device_001,2026-05-20T13:20:58+12:00,73.6,-36.604733,174.802536,2
esp32_device_001,2026-05-20T13:21:03+12:00,71.7,-36.604736,174.802551,2
esp32_device_001,2026-05-20T13:21:08+12:00,69.8,-36.604744,174.802551,2
esp32_device_001,2026-05-20T13:21:13+12:00,69.2,-36.604744,174.802551,2
esp32_device_001,2026-05-20T13:21:18+12:00,68.8,-36.604755,174.802551,2
esp32_device_001,2026-05-20T13:21:23+12:00,69.4,-36.604755,174.802536,2
esp32_device_001,2026-05-20T13:21:28+12:00,69.4,-36.604752,174.802536,2
esp32_device_001,2026-05-20T13:21:33+12:00,68.4,-36.604748,174.802551,2
esp32_device_001,2026-05-20T13:21:38+12:00,67.4,-36.604748,174.802551,2
esp32_device_001,2026-05-20T13:21:43+12:00,65.1,-36.604755,174.802551,2
esp32_device_001,2026-05-20T13:21:48+12:00,62.6,-36.604759,174.802551,2
esp32_device_001,2026-05-20T13:21:53+12:00,60.4,-36.604774,174.802551,2
esp32_device_001,2026-05-20T13:21:58+12:00,58.3,-36.604782,174.802551,2
esp32_device_001,2026-05-20T13:22:03+12:00,57,-36.604786,174.802551,2
esp32_device_001,2026-05-20T13:22:08+12:00,56.6,-36.604778,174.802551,2
esp32_device_001,2026-05-20T13:22:13+12:00,54.2,-36.604786,174.802567,2
esp32_device_001,2026-05-20T13:22:18+12:00,51.8,-36.604786,174.802567,2
esp32_device_001,2026-05-20T13:22:23+12:00,50.6,-36.604786,174.802567,2
esp32_device_001,2026-05-20T13:22:28+12:00,49.1,-36.604786,174.802582,2
esp32_device_001,2026-05-20T13:22:33+12:00,45.3,-36.604794,174.802582,2
esp32_device_001,2026-05-20T13:22:38+12:00,42.9,-36.604794,174.802597,2
esp32_device_001,2026-05-20T13:22:43+12:00,40.4,-36.604805,174.802597,2
esp32_device_001,2026-05-20T13:22:48+12:00,38.1,-36.60482,174.802597,2
esp32_device_001,2026-05-20T13:22:53+12:00,37,-36.604813,174.802597,2
esp32_device_001,2026-05-20T13:22:58+12:00,35.9,-36.604809,174.802612,2
esp32_device_001,2026-05-20T13:23:03+12:00,35.1,-36.60482,174.802612,2
esp32_device_001,2026-05-20T13:23:08+12:00,35.4,-36.604843,174.802582,2
esp32_device_001,2026-05-20T13:23:13+12:00,35.6,-36.60482,174.802597,2
esp32_device_001,2026-05-20T13:23:18+12:00,37.3,-36.604824,174.802597,2
esp32_device_001,2026-05-20T13:23:23+12:00,38.7,-36.60482,174.802582,2
esp32_device_001,2026-05-20T13:23:28+12:00,38.1,-36.604824,174.802582,2
esp32_device_001,2026-05-20T13:23:33+12:00,32.6,-36.604836,174.802597,2
esp32_device_001,2026-05-20T13:23:38+12:00,33.7,-36.604828,174.802597,2
esp32_device_001,2026-05-20T13:23:43+12:00,34.1,-36.604828,174.802597,2
esp32_device_001,2026-05-20T13:23:48+12:00,34.9,-36.604828,174.802597,2
esp32_device_001,2026-05-20T13:23:53+12:00,36.7,-36.60482,174.802597,2
esp32_device_001,2026-05-20T13:23:58+12:00,44.4,-36.604809,174.802567,2
esp32_device_001,2026-05-20T13:24:03+12:00,47.4,-36.604797,174.802567,2
esp32_device_001,2026-05-20T13:24:08+12:00,50.1,-36.604786,174.802567,2
esp32_device_001,2026-05-20T13:24:13+12:00,51.1,-36.604786,174.802567,2
esp32_device_001,2026-05-20T13:24:18+12:00,50.6,-36.604774,174.802567,2
esp32_device_001,2026-05-20T13:24:23+12:00,50.5,-36.604771,174.802567,2
esp32_device_001,2026-05-20T13:24:28+12:00,49.6,-36.604767,174.802582,2
esp32_device_001,2026-05-20T13:24:33+12:00,49.7,-36.604755,174.802582,2
esp32_device_001,2026-05-20T13:24:38+12:00,50.2,-36.60474,174.802597,2
esp32_device_001,2026-05-20T13:24:43+12:00,50.6,-36.604733,174.802597,2
esp32_device_001,2026-05-20T13:24:48+12:00,50.8,-36.604729,174.802597,2
esp32_device_001,2026-05-20T13:24:53+12:00,50.9,-36.604725,174.802597,2
esp32_device_001,2026-05-20T13:24:58+12:00,48.5,-36.604733,174.802597,2
esp32_device_001,2026-05-20T13:25:03+12:00,48.1,-36.604729,174.802597,2
esp32_device_001,2026-05-20T13:25:08+12:00,48.4,-36.604729,174.802597,2
esp32_device_001,2026-05-20T13:25:13+12:00,49.3,-36.604721,174.802597,2
esp32_device_001,2026-05-20T13:25:18+12:00,49.5,-36.604729,174.802597,2
esp32_device_001,2026-05-20T13:25:23+12:00,49.2,-36.604733,174.802597,2
esp32_device_001,2026-05-20T13:25:28+12:00,48.8,-36.604729,174.802597,2
esp32_device_001,2026-05-20T13:25:33+12:00,47.6,-36.60474,174.802597,2
esp32_device_001,2026-05-20T13:25:38+12:00,45.7,-36.604752,174.802597,2
esp32_device_001,2026-05-20T13:25:43+12:00,45.1,-36.604755,174.802597,2
esp32_device_001,2026-05-20T13:25:48+12:00,44.8,-36.604755,174.802597,2
esp32_device_001,2026-05-20T13:25:53+12:00,44.5,-36.604763,174.802597,2
esp32_device_001,2026-05-20T13:25:58+12:00,43.3,-36.604755,174.802597,2
esp32_device_001,2026-05-20T13:26:03+12:00,42.6,-36.604759,174.802597,2
esp32_device_001,2026-05-20T13:26:08+12:00,41.1,-36.604763,174.802597,2
esp32_device_001,2026-05-20T13:26:13+12:00,40.5,-36.604755,174.802612,2
esp32_device_001,2026-05-20T13:26:18+12:00,39.9,-36.604771,174.802597,2
esp32_device_001,2026-05-20T13:26:23+12:00,39.1,-36.604778,174.802597,2
esp32_device_001,2026-05-20T13:26:28+12:00,39,-36.604763,174.802612,2
esp32_device_001,2026-05-20T13:26:33+12:00,42,-36.604748,174.802612,2
esp32_device_001,2026-05-20T13:26:38+12:00,44.1,-36.604733,174.802612,2
esp32_device_001,2026-05-20T13:26:43+12:00,43.8,-36.604733,174.802612,2
esp32_device_001,2026-05-20T13:26:48+12:00,41.8,-36.604729,174.802628,2
esp32_device_001,2026-05-20T13:26:53+12:00,41.6,-36.60474,174.802612,2
esp32_device_001,2026-05-20T13:26:58+12:00,39.3,-36.60474,174.802628,2
esp32_device_001,2026-05-20T13:27:03+12:00,39.4,-36.604725,174.802628,2
esp32_device_001,2026-05-20T13:27:08+12:00,39.9,-36.604706,174.802643,2
esp32_device_001,2026-05-20T13:27:13+12:00,40.9,-36.604702,174.802643,2
esp32_device_001,2026-05-20T13:27:18+12:00,38.8,-36.60471,174.802643,2
esp32_device_001,2026-05-20T13:27:23+12:00,38.7,-36.604656,174.802673,2
esp32_device_001,2026-05-20T13:27:28+12:00,40.1,-36.604668,174.802673,2
esp32_device_001,2026-05-20T13:27:33+12:00,42.2,-36.604668,174.802658,2
esp32_device_001,2026-05-20T13:27:38+12:00,44.3,-36.604675,174.802643,2
esp32_device_001,2026-05-20T13:27:43+12:00,45.8,-36.604675,174.802628,2
esp32_device_001,2026-05-20T13:27:48+12:00,45.9,-36.604664,174.802643,2
esp32_device_001,2026-05-20T13:27:53+12:00,44.9,-36.604622,174.802689,2
esp32_device_001,2026-05-20T13:27:58+12:00,44.4,-36.604633,174.802673,2
esp32_device_001,2026-05-20T13:28:03+12:00,43.5,-36.604652,174.802658,2
esp32_device_001,2026-05-20T13:28:08+12:00,44.3,-36.604679,174.802643,2
esp32_device_001,2026-05-20T13:28:13+12:00,44.7,-36.604691,174.802628,2
esp32_device_001,2026-05-20T13:28:18+12:00,44.6,-36.604694,174.802628,2
esp32_device_001,2026-05-20T13:28:23+12:00,41.6,-36.604698,174.802643,2
esp32_device_001,2026-05-20T13:28:33+12:00,42,-36.604713,174.802628,2
esp32_device_001,2026-05-20T13:28:43+12:00,46.6,-36.604725,174.802597,2
esp32_device_001,2026-05-20T13:28:48+12:00,48.7,-36.604721,174.802597,2
esp32_device_001,2026-05-20T13:28:53+12:00,49.6,-36.604729,174.802597,2
esp32_device_001,2026-05-20T13:29:03+12:00,48,-36.604736,174.802597,2
esp32_device_001,2026-05-20T13:29:08+12:00,46.6,-36.60474,174.802597,2
esp32_device_001,2026-05-20T13:29:13+12:00,45.2,-36.604752,174.802597,2
esp32_device_001,2026-05-20T13:29:23+12:00,44.6,-36.604759,174.802597,2
esp32_device_001,2026-05-20T13:29:33+12:00,22.6,-36.604836,174.802628,2
esp32_device_001,2026-05-20T13:29:38+12:00,23,-36.604828,174.802628,2
esp32_device_001,2026-05-20T13:29:43+12:00,11,-36.604851,174.802673,2
esp32_device_001,2026-05-20T13:29:48+12:00,8.4,-36.604855,174.802673,2
esp32_device_001,2026-05-20T13:29:53+12:00,11.5,-36.604836,174.802673,2
esp32_device_001,2026-05-20T13:29:58+12:00,16.8,-36.604832,174.802658,2
esp32_device_001,2026-05-20T13:30:03+12:00,22.9,-36.604828,174.802628,2
esp32_device_001,2026-05-20T13:30:08+12:00,27,-36.604816,174.802628,2
esp32_device_001,2026-05-20T13:30:13+12:00,31.8,-36.604813,174.802612,2
esp32_device_001,2026-05-20T13:30:18+12:00,34.3,-36.604805,174.802597,2
esp32_device_001,2026-05-20T13:30:23+12:00,38.1,-36.604805,174.802582,2
esp32_device_001,2026-05-20T13:30:28+12:00,40.8,-36.604805,174.802567,2
esp32_device_001,2026-05-20T13:30:33+12:00,42,-36.604797,174.802582,2
esp32_device_001,2026-05-20T13:30:38+12:00,42.9,-36.604794,174.802582,2
esp32_device_001,2026-05-20T13:30:43+12:00,43.1,-36.604797,174.802567,2
esp32_device_001,2026-05-20T13:30:48+12:00,43.5,-36.604794,174.802582,2
esp32_device_001,2026-05-20T13:30:53+12:00,44.4,-36.604794,174.802582,2
esp32_device_001,2026-05-20T13:30:58+12:00,43.9,-36.60479,174.802582,2
esp32_device_001,2026-05-20T13:31:03+12:00,44.1,-36.604778,174.802582,2
esp32_device_001,2026-05-20T13:31:08+12:00,44.3,-36.604774,174.802597,2
esp32_device_001,2026-05-20T13:31:13+12:00,43,-36.604782,174.802597,2
esp32_device_001,2026-05-20T13:31:18+12:00,43.5,-36.604778,174.802597,2
esp32_device_001,2026-05-20T13:31:23+12:00,44.2,-36.604778,174.802582,2
esp32_device_001,2026-05-20T13:31:28+12:00,44,-36.604786,174.802582,2
esp32_device_001,2026-05-20T13:31:33+12:00,43.4,-36.604778,174.802597,2
esp32_device_001,2026-05-20T13:31:38+12:00,43.1,-36.604782,174.802597,2
esp32_device_001,2026-05-20T13:31:43+12:00,42.6,-36.604782,174.802597,2
esp32_device_001,2026-05-20T13:31:48+12:00,42.9,-36.604786,174.802597,2
esp32_device_001,2026-05-20T13:31:53+12:00,42.8,-36.60479,174.802597,2
esp32_device_001,2026-05-20T13:31:58+12:00,42.8,-36.60479,174.802597,2
esp32_device_001,2026-05-20T13:32:03+12:00,42.2,-36.604782,174.802597,2
esp32_device_001,2026-05-20T13:32:08+12:00,44,-36.604778,174.802597,2
esp32_device_001,2026-05-20T13:32:13+12:00,45.8,-36.604778,174.802597,2
esp32_device_001,2026-05-20T13:32:18+12:00,47.3,-36.604782,174.802582,2
esp32_device_001,2026-05-20T13:32:23+12:00,49.4,-36.604782,174.802582,2
esp32_device_001,2026-05-20T13:32:28+12:00,50.9,-36.60479,174.802567,2
esp32_device_001,2026-05-20T13:32:33+12:00,51.9,-36.604797,174.802567,2
esp32_device_001,2026-05-20T13:32:38+12:00,52.9,-36.604801,174.802551,2
esp32_device_001,2026-05-20T13:32:43+12:00,53.2,-36.604801,174.802551,2
esp32_device_001,2026-05-20T13:32:48+12:00,53.4,-36.604801,174.802551,2
esp32_device_001,2026-05-20T13:32:53+12:00,54.3,-36.604805,174.802551,2
esp32_device_001,2026-05-20T13:32:58+12:00,54.7,-36.604801,174.802551,2
esp32_device_001,2026-05-20T13:33:03+12:00,54.7,-36.604801,174.802551,2
esp32_device_001,2026-05-20T13:33:08+12:00,54.4,-36.604797,174.802551,2
esp32_device_001,2026-05-20T13:33:13+12:00,54.4,-36.604797,174.802551,2
esp32_device_001,2026-05-20T13:33:18+12:00,55.1,-36.604794,174.802551,2
esp32_device_001,2026-05-20T13:33:23+12:00,55.1,-36.604797,174.802551,2
esp32_device_001,2026-05-20T13:33:28+12:00,52.7,-36.60479,174.802567,2
esp32_device_001,2026-05-20T13:33:33+12:00,52.1,-36.604782,174.802567,2
esp32_device_001,2026-05-20T13:33:38+12:00,53,-36.604774,174.802567,2
esp32_device_001,2026-05-20T13:33:43+12:00,55.5,-36.604774,174.802551,2
esp32_device_001,2026-05-20T13:33:48+12:00,56.5,-36.604767,174.802551,2
esp32_device_001,2026-05-20T13:33:53+12:00,56.8,-36.604771,174.802551,2
esp32_device_001,2026-05-20T13:33:58+12:00,53.9,-36.604767,174.802567,2
esp32_device_001,2026-05-20T13:34:03+12:00,54.4,-36.604771,174.802567,2
esp32_device_001,2026-05-20T13:34:08+12:00,56.9,-36.604771,174.802551,2
esp32_device_001,2026-05-20T13:34:13+12:00,59.9,-36.604763,174.802536,2
esp32_device_001,2026-05-20T13:34:18+12:00,61.7,-36.604752,174.802536,2
esp32_device_001,2026-05-20T13:34:23+12:00,60.1,-36.604759,174.802536,2
esp32_device_001,2026-05-20T13:34:28+12:00,57,-36.604767,174.802551,2
esp32_device_001,2026-05-20T13:34:33+12:00,55.1,-36.604778,174.802551,2
esp32_device_001,2026-05-20T13:34:38+12:00,60,-36.604774,174.802536,2
esp32_device_001,2026-05-20T13:34:43+12:00,61.8,-36.604774,174.802521,2
esp32_device_001,2026-05-20T13:34:48+12:00,60.2,-36.604759,174.802536,2
esp32_device_001,2026-05-20T13:34:53+12:00,56.4,-36.604733,174.802567,2
esp32_device_001,2026-05-20T13:34:58+12:00,54.7,-36.604729,174.802582,2
esp32_device_001,2026-05-20T13:35:08+12:00,52.6,-36.604721,174.802582,2
esp32_device_001,2026-05-20T13:35:13+12:00,49.6,-36.60471,174.802612,2
esp32_device_001,2026-05-20T13:35:18+12:00,48.8,-36.604733,174.802612,2
esp32_device_001,2026-05-20T13:35:23+12:00,45.8,-36.604813,174.802597,2
esp32_device_001,2026-05-20T13:35:28+12:00,56.9,-36.604713,174.802582,2
esp32_device_001,2026-05-20T13:35:33+12:00,78.2,-36.604507,174.802505,2
esp32_device_001,2026-05-20T13:35:38+12:00,82.9,-36.604488,174.802475,2
esp32_device_001,2026-05-20T13:35:48+12:00,85.9,-36.604523,174.80246,2
esp32_device_001,2026-05-20T13:35:53+12:00,89.5,-36.604523,174.802444,2
esp32_device_001,2026-05-20T13:35:58+12:00,92.8,-36.604549,174.802414,2
esp32_device_001,2026-05-20T13:36:03+12:00,92.9,-36.604588,174.802399,2
esp32_device_001,2026-05-20T13:36:08+12:00,91.9,-36.604561,174.802414,2
esp32_device_001,2026-05-20T13:36:13+12:00,90.5,-36.604549,174.802429,2
esp32_device_001,2026-05-20T13:36:18+12:00,87.2,-36.604553,174.80246,2
esp32_device_001,2026-05-20T13:36:23+12:00,82.3,-36.604523,174.802505,2
esp32_device_001,2026-05-20T13:36:28+12:00,73.8,-36.604599,174.802536,2
esp32_device_001,2026-05-20T13:36:48+12:00,71.8,-36.605179,174.802338,2
esp32_device_001,2026-05-20T13:36:53+12:00,71.2,-36.605198,174.802322,2
esp32_device_001,2026-05-20T13:37:03+12:00,66.1,-36.604977,174.802429,2
esp32_device_001,2026-05-20T13:37:08+12:00,62.4,-36.604866,174.80249,2
esp32_device_001,2026-05-20T13:37:28+12:00,74.5,-36.604671,174.802475,2
esp32_device_001,2026-05-20T13:37:33+12:00,73,-36.604656,174.80249,2
esp32_device_001,2026-05-20T13:37:38+12:00,72,-36.604641,174.802505,2
esp32_device_001,2026-05-20T13:37:43+12:00,71.4,-36.604633,174.802505,2
esp32_device_001,2026-05-20T13:38:03+12:00,71.7,-36.604721,174.802475,2
esp32_device_001,2026-05-20T13:38:08+12:00,74.5,-36.60474,174.80246,2
esp32_device_001,2026-05-20T13:38:13+12:00,76.5,-36.604755,174.802429,2
esp32_device_001,2026-05-20T13:38:23+12:00,78.8,-36.604763,174.802414,2
esp32_device_001,2026-05-20T13:38:28+12:00,78.9,-36.60474,174.802429,2
esp32_device_001,2026-05-20T13:38:43+12:00,75.7,-36.604671,174.802475,2
esp32_device_001,2026-05-20T13:38:48+12:00,74.3,-36.604656,174.80249,2
esp32_device_001,2026-05-20T13:38:53+12:00,71.9,-36.604656,174.802505,2
esp32_device_001,2026-05-20T13:38:58+12:00,70,-36.604637,174.802521,2
esp32_device_001,2026-05-20T13:39:03+12:00,69.1,-36.604618,174.802551,2
esp32_device_001,2026-05-20T13:39:08+12:00,67.5,-36.604641,174.802536,2
esp32_device_001,2026-05-20T13:39:13+12:00,65.1,-36.60466,174.802551,2
esp32_device_001,2026-05-20T13:40:03+12:00,37.8,-36.604794,174.802582,2
esp32_device_001,2026-05-20T13:40:08+12:00,35.3,-36.604782,174.802597,2
esp32_device_001,2026-05-20T13:40:13+12:00,33.2,-36.604755,174.802612,2
esp32_device_001,2026-05-20T13:40:18+12:00,31.5,-36.604797,174.802612,2
esp32_device_001,2026-05-20T13:40:23+12:00,29.2,-36.604813,174.802628,2
esp32_device_001,2026-05-20T13:40:28+12:00,28.9,-36.60482,174.802612,2
esp32_device_001,2026-05-20T13:40:33+12:00,30.4,-36.604786,174.802643,2
esp32_device_001,2026-05-20T13:40:38+12:00,31.5,-36.604809,174.802643,2
esp32_device_001,2026-05-20T13:40:53+12:00,32.6,-36.60479,174.802597,2
esp32_device_001,2026-05-20T13:41:08+12:00,34.7,-36.604797,174.802643,2
esp32_device_001,2026-05-20T13:42:34+12:00,78.4,-36.604614,174.80249,2
esp32_device_001,2026-05-20T13:42:44+12:00,83.2,-36.604542,174.802505,2
esp32_device_001,2026-05-20T13:42:49+12:00,84,-36.604542,174.802521,2
esp32_device_001,2026-05-20T13:42:54+12:00,84.7,-36.604561,174.802521,2
esp32_device_001,2026-05-20T13:42:59+12:00,84.4,-36.604561,174.802536,2
esp32_device_001,2026-05-20T13:43:04+12:00,83.8,-36.604557,174.802536,2
esp32_device_001,2026-05-20T13:43:09+12:00,82.5,-36.604584,174.802551,2
esp32_device_001,2026-05-20T13:43:14+12:00,82.2,-36.604618,174.802536,2
esp32_device_001,2026-05-20T13:43:19+12:00,81.6,-36.604645,174.802521,2
esp32_device_001,2026-05-20T13:43:24+12:00,85.6,-36.604752,174.802444,2
esp32_device_001,2026-05-20T13:43:29+12:00,88,-36.604797,174.802383,2
esp32_device_001,2026-05-20T13:43:34+12:00,88.7,-36.604786,174.802383,2
esp32_device_001,2026-05-20T13:43:39+12:00,88.4,-36.604786,174.802383,2
esp32_device_001,2026-05-20T13:43:44+12:00,85.8,-36.604774,174.802414,2
esp32_device_001,2026-05-20T13:43:49+12:00,82,-36.604763,174.80246,2
esp32_device_001,2026-05-20T13:43:54+12:00,78.4,-36.604729,174.80249,2
esp32_device_001,2026-05-20T13:43:59+12:00,75.8,-36.604706,174.80249,2
esp32_device_001,2026-05-20T13:44:04+12:00,74.6,-36.60471,174.80249,2
esp32_device_001,2026-05-20T13:44:09+12:00,73.8,-36.604713,174.80246,2
esp32_device_001,2026-05-20T13:44:14+12:00,72.6,-36.60471,174.802429,2
esp32_device_001,2026-05-20T13:44:19+12:00,71.1,-36.604725,174.802429,2
esp32_device_001,2026-05-20T13:44:24+12:00,70.1,-36.604729,174.802429,2
esp32_device_001,2026-05-20T13:44:29+12:00,68.7,-36.604725,174.802444,2
esp32_device_001,2026-05-20T13:44:34+12:00,68.3,-36.604733,174.80246,2
esp32_device_001,2026-05-20T13:44:39+12:00,67.9,-36.604702,174.80246,2
esp32_device_001,2026-05-20T13:44:44+12:00,68.1,-36.604694,174.802475,2
esp32_device_001,2026-05-20T13:44:49+12:00,72.8,-36.60471,174.80246,2
esp32_device_001,2026-05-20T13:44:54+12:00,78.5,-36.604729,174.80246,2
esp32_device_001,2026-05-20T13:44:59+12:00,85.6,-36.604721,174.802399,2
esp32_device_001,2026-05-20T13:45:04+12:00,89.5,-36.604687,174.802414,2
esp32_device_001,2026-05-20T13:45:09+12:00,91.8,-36.604664,174.802429,2
esp32_device_001,2026-05-20T13:45:14+12:00,91.3,-36.60466,174.802429,2
esp32_device_001,2026-05-20T13:45:19+12:00,91.5,-36.60466,174.802414,2
esp32_device_001,2026-05-20T13:45:24+12:00,92.1,-36.604637,174.802414,2
esp32_device_001,2026-05-20T13:45:29+12:00,90.8,-36.604637,174.802414,2
esp32_device_001,2026-05-20T13:45:34+12:00,89.2,-36.604641,174.802429,2
esp32_device_001,2026-05-20T13:45:39+12:00,87.7,-36.604633,174.802429,2
esp32_device_001,2026-05-20T13:45:44+12:00,84.9,-36.604637,174.80246,2
esp32_device_001,2026-05-20T13:45:49+12:00,60.6,-36.604774,174.802689,2
esp32_device_001,2026-05-20T13:45:54+12:00,46.5,-36.604813,174.802841,2
esp32_device_001,2026-05-20T13:45:59+12:00,39.5,-36.604794,174.802887,2
esp32_device_001,2026-05-20T13:46:04+12:00,30.4,-36.60482,174.802963,2
esp32_device_001,2026-05-20T13:46:09+12:00,18.8,-36.604858,174.803055,2
esp32_device_001,2026-05-20T13:46:14+12:00,7.7,-36.604912,174.803162,2
esp32_device_001,2026-05-20T13:46:19+12:00,-1.7,-36.604961,174.803192,2
esp32_device_001,2026-05-20T13:46:24+12:00,-9.2,-36.604977,174.803223,2
esp32_device_001,2026-05-20T13:46:29+12:00,-16.4,-36.605,174.803253,2
esp32_device_001,2026-05-20T13:46:34+12:00,-20.6,-36.60503,174.803238,2
esp32_device_001,2026-05-20T13:46:39+12:00,-14.3,-36.604988,174.803116,2
esp32_device_001,2026-05-20T13:46:44+12:00,-6.6,-36.604954,174.803009,2
esp32_device_001,2026-05-20T13:46:49+12:00,-0.8,-36.604935,174.802933,2
esp32_device_001,2026-05-20T13:46:54+12:00,-8.6,-36.604919,174.802933,2
esp32_device_001,2026-05-20T13:46:59+12:00,-0.9,-36.604851,174.802841,2
esp32_device_001,2026-05-20T13:47:04+12:00,2.9,-36.604816,174.802826,2
esp32_device_001,2026-05-20T13:47:09+12:00,7.6,-36.604828,174.802765,2
esp32_device_001,2026-05-20T13:47:14+12:00,11.3,-36.604832,174.802734,2
esp32_device_001,2026-05-20T13:47:19+12:00,14.1,-36.604824,174.802719,2
esp32_device_001,2026-05-20T13:47:24+12:00,17.2,-36.60482,174.802704,2
esp32_device_001,2026-05-20T13:47:29+12:00,20.6,-36.604809,174.802689,2
esp32_device_001,2026-05-20T13:47:35+12:00,20.6,-36.604801,174.802673,2
esp32_device_001,2026-05-20T13:47:40+12:00,20.6,-36.60479,174.802673,2
esp32_device_001,2026-05-20T13:47:45+12:00,20.6,-36.604774,174.802689,2
esp32_device_001,2026-05-20T13:47:50+12:00,20.6,-36.604771,174.802673,2
esp32_device_001,2026-05-20T13:47:55+12:00,20.6,-36.604771,174.802658,2
esp32_device_001,2026-05-20T13:48:00+12:00,20.6,-36.604786,174.802673,2
esp32_device_001,2026-05-20T13:48:05+12:00,20.6,-36.604801,174.802673,2
esp32_device_001,2026-05-20T13:48:10+12:00,20.6,-36.604794,174.802673,2
esp32_device_001,2026-05-20T13:48:15+12:00,20.6,-36.604786,174.802643,2
esp32_device_001,2026-05-20T13:48:20+12:00,20.6,-36.604778,174.802673,2
esp32_device_001,2026-05-20T13:48:25+12:00,20.6,-36.604744,174.802673,2
esp32_device_001,2026-05-20T13:48:30+12:00,20.6,-36.604721,174.802704,2
esp32_device_001,2026-05-20T13:48:35+12:00,20.6,-36.604717,174.802704,2
esp32_device_001,2026-05-20T13:48:40+12:00,20.6,-36.604717,174.802704,2
esp32_device_001,2026-05-20T13:48:45+12:00,20.6,-36.604717,174.802704,2
esp32_device_001,2026-05-20T13:48:50+12:00,20.6,-36.60471,174.802689,2
esp32_device_001,2026-05-20T13:48:55+12:00,5,-36.604683,174.802658,2
esp32_device_001,2026-05-20T13:49:00+12:00,5,-36.604671,174.802689,2
esp32_device_001,2026-05-20T13:49:05+12:00,5,-36.604706,174.802658,2
esp32_device_001,2026-05-20T13:49:10+12:00,5,-36.604706,174.802643,2
esp32_device_001,2026-05-20T13:49:15+12:00,5,-36.604713,174.802643,2
esp32_device_001,2026-05-20T13:49:20+12:00,5,-36.604706,174.802643,2
esp32_device_001,2026-05-20T13:49:25+12:00,53,-36.604698,174.802658,2
esp32_device_001,2026-05-20T13:49:30+12:00,53,-36.604694,174.802643,2
esp32_device_001,2026-05-20T13:49:35+12:00,51.6,-36.604691,174.802658,2
esp32_device_001,2026-05-20T13:49:40+12:00,51.1,-36.604713,174.802658,2
esp32_device_001,2026-05-20T13:49:45+12:00,50.8,-36.604717,174.802658,2
esp32_device_001,2026-05-20T13:49:50+12:00,51.8,-36.604721,174.802628,2
esp32_device_001,2026-05-20T13:49:55+12:00,52.5,-36.604721,174.802628,2
esp32_device_001,2026-05-20T13:50:00+12:00,53.6,-36.604713,174.802628,2
esp32_device_001,2026-05-20T13:50:05+12:00,54.9,-36.604725,174.802643,2
esp32_device_001,2026-05-20T13:50:10+12:00,54.9,-36.604717,174.802643,2
esp32_device_001,2026-05-20T13:50:15+12:00,54.9,-36.604691,174.802673,2
esp32_device_001,2026-05-20T13:50:20+12:00,54.9,-36.604759,174.802673,2
esp32_device_001,2026-05-20T13:50:25+12:00,49.4,-36.604794,174.802628,2
esp32_device_001,2026-05-20T13:50:30+12:00,49.2,-36.604816,174.802597,2
esp32_device_001,2026-05-20T13:50:35+12:00,51.7,-36.604774,174.802612,2
esp32_device_001,2026-05-20T13:50:40+12:00,52.7,-36.604786,174.802612,2
esp32_device_001,2026-05-20T13:50:45+12:00,54,-36.604939,174.802475,2
esp32_device_001,2026-05-20T13:50:50+12:00,55.3,-36.6049,174.80249,2
esp32_device_001,2026-05-20T13:50:55+12:00,55.1,-36.60487,174.802505,2
esp32_device_001,2026-05-20T13:51:00+12:00,56.6,-36.604839,174.802505,2
esp32_device_001,2026-05-20T13:51:05+12:00,59.9,-36.604816,174.80249,2
esp32_device_001,2026-05-20T13:51:10+12:00,62.7,-36.604805,174.80249,2
esp32_device_001,2026-05-20T13:51:15+12:00,65,-36.604782,174.802505,2
esp32_device_001,2026-05-20T13:51:20+12:00,63.8,-36.604721,174.802551,2
esp32_device_001,2026-05-20T13:51:25+12:00,63.5,-36.604733,174.802567,2
esp32_device_001,2026-05-20T13:51:30+12:00,62.8,-36.604717,174.802567,2
esp32_device_001,2026-05-20T13:51:35+12:00,62.6,-36.604706,174.802567,2
esp32_device_001,2026-05-20T13:51:40+12:00,61.7,-36.604671,174.802612,2
esp32_device_001,2026-05-20T13:51:45+12:00,60.9,-36.604671,174.802597,2
esp32_device_001,2026-05-20T13:51:50+12:00,62,-36.604649,174.802597,2
esp32_device_001,2026-05-20T13:51:55+12:00,62,-36.604641,174.802612,2
esp32_device_001,2026-05-20T13:52:00+12:00,61.1,-36.604637,174.802597,2
esp32_device_001,2026-05-20T13:52:05+12:00,59.6,-36.604637,174.802567,2
esp32_device_001,2026-05-20T13:52:10+12:00,60.2,-36.604645,174.802567,2
esp32_device_001,2026-05-20T13:52:15+12:00,60.1,-36.604637,174.802536,2
esp32_device_001,2026-05-20T13:52:20+12:00,60,-36.604656,174.802521,2
esp32_device_001,2026-05-20T13:52:25+12:00,60,-36.604637,174.802505,2
esp32_device_001,2026-05-20T13:52:30+12:00,59.3,-36.604656,174.802521,2
esp32_device_001,2026-05-20T13:52:35+12:00,57.4,-36.604691,174.802551,2
esp32_device_001,2026-05-20T13:52:40+12:00,57.7,-36.604683,174.802567,2
esp32_device_001,2026-05-20T13:52:45+12:00,57.4,-36.604652,174.802567,2
esp32_device_001,2026-05-20T13:52:50+12:00,56.3,-36.604664,174.802597,2
esp32_device_001,2026-05-20T13:52:55+12:00,54.1,-36.604721,174.802597,2
esp32_device_001,2026-05-20T13:53:00+12:00,50.1,-36.604774,174.802597,2
esp32_device_001,2026-05-20T13:53:05+12:00,47.1,-36.604805,174.802628,2
esp32_device_001,2026-05-20T13:53:10+12:00,46,-36.604832,174.802597,2
esp32_device_001,2026-05-20T13:53:15+12:00,44.3,-36.604904,174.802521,2
esp32_device_001,2026-05-20T13:53:20+12:00,44.5,-36.604908,174.802521,2
esp32_device_001,2026-05-20T13:53:25+12:00,44.3,-36.604893,174.80249,2
esp32_device_001,2026-05-20T13:53:30+12:00,45.8,-36.604858,174.802505,2
esp32_device_001,2026-05-20T13:53:35+12:00,47.2,-36.604824,174.802521,2
esp32_device_001,2026-05-20T13:53:40+12:00,47.5,-36.60487,174.80246,2
esp32_device_001,2026-05-20T13:53:45+12:00,48.2,-36.604877,174.802429,2
esp32_device_001,2026-05-20T13:53:50+12:00,49.5,-36.604889,174.802414,2
esp32_device_001,2026-05-20T13:53:55+12:00,50.7,-36.604855,174.802444,2
esp32_device_001,2026-05-20T13:54:00+12:00,51.9,-36.604828,174.802429,2
esp32_device_001,2026-05-20T13:54:05+12:00,52,-36.604794,174.802414,2
esp32_device_001,2026-05-20T13:54:10+12:00,51.5,-36.604778,174.802444,2
esp32_device_001,2026-05-20T13:54:15+12:00,52.5,-36.604774,174.802414,2
esp32_device_001,2026-05-20T13:54:20+12:00,53.3,-36.604778,174.802414,2
esp32_device_001,2026-05-20T13:54:25+12:00,52.9,-36.604778,174.802475,2
esp32_device_001,2026-05-20T13:54:30+12:00,53.1,-36.604736,174.802521,2
esp32_device_001,2026-05-20T13:54:35+12:00,53.4,-36.604721,174.802551,2
esp32_device_001,2026-05-20T13:54:40+12:00,52.8,-36.604717,174.802582,2
esp32_device_001,2026-05-20T13:54:45+12:00,52.8,-36.604691,174.802582,2
esp32_device_001,2026-05-20T13:54:50+12:00,53.8,-36.604698,174.802551,2
esp32_device_001,2026-05-20T13:54:55+12:00,55.6,-36.604691,174.802521,2
esp32_device_001,2026-05-20T13:55:00+12:00,54.6,-36.604702,174.80249,2
esp32_device_001,2026-05-20T13:55:05+12:00,55,-36.604706,174.802521,2
esp32_device_001,2026-05-20T13:55:10+12:00,56.2,-36.604713,174.802505,2
esp32_device_001,2026-05-20T13:55:15+12:00,56.8,-36.604748,174.802475,2
esp32_device_001,2026-05-20T13:55:20+12:00,56.9,-36.604733,174.80249,2
esp32_device_001,2026-05-20T13:55:25+12:00,57.7,-36.604717,174.802505,2
esp32_device_001,2026-05-20T13:55:30+12:00,57,-36.604698,174.802521,2
esp32_device_001,2026-05-20T13:55:35+12:00,57.1,-36.604706,174.80249,2
esp32_device_001,2026-05-20T13:55:40+12:00,57.4,-36.604717,174.80249,2
esp32_device_001,2026-05-20T13:55:45+12:00,57.3,-36.604744,174.80249,2
esp32_device_001,2026-05-20T13:55:50+12:00,57.5,-36.604744,174.802505,2
esp32_device_001,2026-05-20T13:55:55+12:00,57.8,-36.604752,174.802475,2
esp32_device_001,2026-05-20T13:56:00+12:00,57.5,-36.604767,174.80249,2
esp32_device_001,2026-05-20T13:56:05+12:00,57,-36.604744,174.802536,2
esp32_device_001,2026-05-20T13:56:10+12:00,57.1,-36.604702,174.802597,2
esp32_device_001,2026-05-20T13:56:15+12:00,57,-36.604687,174.802597,2
esp32_device_001,2026-05-20T13:56:20+12:00,56.7,-36.604683,174.802612,2
esp32_device_001,2026-05-20T13:56:25+12:00,56.3,-36.604706,174.802597,2
esp32_device_001,2026-05-20T13:56:30+12:00,56,-36.604752,174.802612,2
esp32_device_001,2026-05-20T13:56:35+12:00,55.6,-36.604767,174.802582,2
esp32_device_001,2026-05-20T13:56:40+12:00,55.3,-36.604771,174.802582,2
esp32_device_001,2026-05-20T13:56:45+12:00,54.8,-36.604759,174.802567,2
esp32_device_001,2026-05-20T13:56:50+12:00,54.2,-36.604774,174.802567,2
esp32_device_001,2026-05-20T13:56:55+12:00,53.8,-36.604771,174.802582,2
esp32_device_001,2026-05-20T13:57:00+12:00,53.2,-36.604755,174.802597,2
esp32_device_001,2026-05-20T13:57:05+12:00,52.6,-36.604748,174.802597,2
esp32_device_001,2026-05-20T13:57:10+12:00,52,-36.60482,174.802597,2
esp32_device_001,2026-05-20T13:57:15+12:00,51.7,-36.604797,174.802567,2
esp32_device_001,2026-05-20T13:57:20+12:00,51.1,-36.604824,174.802551,2
esp32_device_001,2026-05-20T13:57:25+12:00,50.4,-36.604912,174.802505,2
esp32_device_001,2026-05-20T13:57:30+12:00,50.2,-36.604916,174.802505,2
esp32_device_001,2026-05-20T13:57:35+12:00,50.8,-36.604912,174.802521,2
esp32_device_001,2026-05-20T13:57:40+12:00,49.8,-36.604897,174.802521,2
esp32_device_001,2026-05-20T13:57:45+12:00,48.4,-36.604893,174.80249,2
esp32_device_001,2026-05-20T13:57:50+12:00,45.9,-36.604919,174.802505,2
esp32_device_001,2026-05-20T13:57:55+12:00,43.8,-36.604939,174.802521,2
esp32_device_001,2026-05-20T13:58:00+12:00,43,-36.604912,174.802536,2
esp32_device_001,2026-05-20T13:58:05+12:00,42.7,-36.604866,174.802551,2
esp32_device_001,2026-05-20T13:58:10+12:00,39.3,-36.604916,174.802582,2
esp32_device_001,2026-05-20T13:58:15+12:00,37.8,-36.604908,174.802597,2
esp32_device_001,2026-05-20T13:58:20+12:00,36.5,-36.604889,174.802628,2
esp32_device_001,2026-05-20T13:58:25+12:00,34.9,-36.604862,174.802643,2
esp32_device_001,2026-05-20T13:58:30+12:00,34.3,-36.604813,174.802643,2
esp32_device_001,2026-05-20T13:58:35+12:00,34.2,-36.60482,174.802643,2
esp32_device_001,2026-05-20T13:58:40+12:00,34.3,-36.604809,174.802628,2
esp32_device_001,2026-05-20T13:58:45+12:00,35.6,-36.604763,174.802628,2
esp32_device_001,2026-05-20T13:58:50+12:00,36.6,-36.604782,174.802612,2
esp32_device_001,2026-05-20T13:58:55+12:00,36,-36.604778,174.802612,2
esp32_device_001,2026-05-20T13:59:00+12:00,36,-36.604782,174.802597,2
esp32_device_001,2026-05-20T13:59:05+12:00,34.9,-36.60479,174.802597,2
esp32_device_001,2026-05-20T13:59:10+12:00,34.1,-36.604771,174.802582,2
esp32_device_001,2026-05-20T13:59:15+12:00,33.7,-36.604778,174.802567,2
esp32_device_001,2026-05-20T13:59:20+12:00,32,-36.604813,174.802551,2
esp32_device_001,2026-05-20T13:59:25+12:00,31.7,-36.604809,174.802551,2
esp32_device_001,2026-05-20T13:59:30+12:00,28.7,-36.604946,174.802505,2
esp32_device_001,2026-05-20T13:59:35+12:00,29,-36.60495,174.802505,2
esp32_device_001,2026-05-20T13:59:40+12:00,29.8,-36.604927,174.80249,2
esp32_device_001,2026-05-20T13:59:45+12:00,27.9,-36.60498,174.80249,2
esp32_device_001,2026-05-20T13:59:50+12:00,28.1,-36.604965,174.80249,2
esp32_device_001,2026-05-20T13:59:55+12:00,30,-36.604942,174.802505,2
esp32_device_001,2026-05-20T14:00:00+12:00,27.1,-36.605019,174.802444,2
esp32_device_001,2026-05-20T14:00:05+12:00,26.7,-36.605053,174.802444,2
esp32_device_001,2026-05-20T14:00:10+12:00,33.7,-36.604977,174.802368,2
esp32_device_001,2026-05-20T14:00:15+12:00,40.9,-36.604889,174.802307,2
esp32_device_001,2026-05-20T14:00:20+12:00,45.8,-36.604836,174.802307,2
esp32_device_001,2026-05-20T14:00:25+12:00,47.9,-36.604816,174.802338,2
esp32_device_001,2026-05-20T14:00:30+12:00,49.2,-36.60479,174.802368,2
esp32_device_001,2026-05-20T14:00:35+12:00,50.3,-36.604752,174.802399,2
esp32_device_001,2026-05-20T14:00:40+12:00,51.3,-36.604752,174.802414,2
esp32_device_001,2026-05-20T14:00:45+12:00,54.6,-36.604733,174.802368,2
esp32_device_001,2026-05-20T14:00:50+12:00,59.4,-36.604687,174.802322,2
esp32_device_001,2026-05-20T14:00:55+12:00,61.9,-36.604694,174.802353,2
esp32_device_001,2026-05-20T14:01:00+12:00,62.7,-36.604698,174.802383,2
esp32_device_001,2026-05-20T14:01:05+12:00,62.1,-36.604713,174.802414,2
esp32_device_001,2026-05-20T14:01:10+12:00,58.9,-36.604771,174.80249,2
esp32_device_001,2026-05-20T14:01:15+12:00,56.9,-36.60479,174.802521,2
esp32_device_001,2026-05-20T14:01:20+12:00,56.7,-36.604778,174.802521,2
esp32_device_001,2026-05-20T14:01:25+12:00,55.8,-36.604771,174.802551,2
esp32_device_001,2026-05-20T14:01:30+12:00,52.9,-36.604771,174.802582,2
esp32_device_001,2026-05-20T14:01:35+12:00,50.6,-36.604767,174.802567,2
esp32_device_001,2026-05-20T14:01:40+12:00,50.8,-36.604759,174.802536,2
esp32_device_001,2026-05-20T14:01:45+12:00,50.4,-36.604774,174.802505,2
esp32_device_001,2026-05-20T14:01:50+12:00,51,-36.604782,174.80249,2
esp32_device_001,2026-05-20T14:01:55+12:00,51.5,-36.604805,174.802475,2
esp32_device_001,2026-05-20T14:02:00+12:00,49.1,-36.604858,174.802505,2
esp32_device_001,2026-05-20T14:02:05+12:00,43.3,-36.604862,174.802597,2
esp32_device_001,2026-05-20T14:02:10+12:00,41.1,-36.604774,174.802643,2
esp32_device_001,2026-05-20T14:02:15+12:00,40.5,-36.60474,174.802658,2
esp32_device_001,2026-05-20T14:02:20+12:00,39.4,-36.604778,174.802628,2
esp32_device_001,2026-05-20T14:02:25+12:00,38.6,-36.604816,174.802612,2
esp32_device_001,2026-05-20T14:03:11+12:00,29.2,-36.60495,174.802582,2
esp32_device_001,2026-05-20T14:03:21+12:00,19.1,-36.605019,174.802643,2
esp32_device_001,2026-05-20T14:03:26+12:00,25.3,-36.604977,174.802612,2
esp32_device_001,2026-05-20T14:03:31+12:00,25.9,-36.604767,174.80275,2
esp32_device_001,2026-05-20T14:03:36+12:00,24.5,-36.604778,174.802734,2
esp32_device_001,2026-05-20T14:03:41+12:00,24.7,-36.604778,174.802734,2
esp32_device_001,2026-05-20T14:03:46+12:00,25,-36.604809,174.802734,2
esp32_device_001,2026-05-20T14:03:51+12:00,24.9,-36.604729,174.80278,2
esp32_device_001,2026-05-20T14:03:56+12:00,25.6,-36.60474,174.80275,2
esp32_device_001,2026-05-20T14:04:01+12:00,26.9,-36.604679,174.80275,2
esp32_device_001,2026-05-20T14:04:06+12:00,28.1,-36.604633,174.802734,2
esp32_device_001,2026-05-20T14:04:11+12:00,29.1,-36.604637,174.802704,2
esp32_device_001,2026-05-20T14:04:16+12:00,28.6,-36.604733,174.802704,2
esp32_device_001,2026-05-20T14:04:21+12:00,29.3,-36.604763,174.802689,2
esp32_device_001,2026-05-20T14:04:26+12:00,20.2,-36.604881,174.802765,2
esp32_device_001,2026-05-20T14:04:31+12:00,23,-36.604843,174.802734,2
esp32_device_001,2026-05-20T14:04:36+12:00,29.3,-36.604813,174.802673,2
esp32_device_001,2026-05-20T14:04:41+12:00,33.5,-36.604801,174.802643,2
esp32_device_001,2026-05-20T14:04:46+12:00,37,-36.604763,174.802628,2
esp32_device_001,2026-05-20T14:04:51+12:00,41.5,-36.60474,174.802597,2
esp32_device_001,2026-05-20T14:04:56+12:00,45.5,-36.604721,174.802582,2
esp32_device_001,2026-05-20T14:05:01+12:00,48.7,-36.60471,174.802567,2
esp32_device_001,2026-05-20T14:05:06+12:00,50.3,-36.604721,174.802551,2
esp32_device_001,2026-05-20T14:05:11+12:00,43.9,-36.604828,174.802612,2
esp32_device_001,2026-05-20T14:05:16+12:00,28.6,-36.604988,174.80275,2
esp32_device_001,2026-05-20T14:05:21+12:00,29,-36.604946,174.802734,2
esp32_device_001,2026-05-20T14:05:26+12:00,30.5,-36.604908,174.802719,2
esp32_device_001,2026-05-20T14:05:31+12:00,31.3,-36.604855,174.802719,2
esp32_device_001,2026-05-20T14:05:36+12:00,32.1,-36.604836,174.802704,2
esp32_device_001,2026-05-20T14:05:41+12:00,32.8,-36.60479,174.802704,2
esp32_device_001,2026-05-20T14:05:46+12:00,32.4,-36.604748,174.802704,2
esp32_device_001,2026-05-20T14:05:51+12:00,33.4,-36.604767,174.802689,2
esp32_device_001,2026-05-20T14:05:56+12:00,34,-36.604767,174.802673,2
esp32_device_001,2026-05-20T14:06:01+12:00,34.7,-36.604778,174.802658,2
esp32_device_001,2026-05-20T14:06:06+12:00,35.6,-36.604778,174.802658,2
esp32_device_001,2026-05-20T14:06:11+12:00,37.6,-36.604774,174.802643,2
esp32_device_001,2026-05-20T14:06:16+12:00,39.2,-36.604778,174.802658,2
esp32_device_001,2026-05-20T14:06:21+12:00,40.1,-36.604759,174.802643,2
esp32_device_001,2026-05-20T14:06:26+12:00,41.9,-36.604752,174.802628,2
esp32_device_001,2026-05-20T14:06:31+12:00,43.8,-36.60471,174.802612,2
esp32_device_001,2026-05-20T14:06:36+12:00,45.3,-36.604698,174.802597,2
esp32_device_001,2026-05-20T14:06:41+12:00,46.9,-36.604706,174.802582,2
esp32_device_001,2026-05-20T14:06:46+12:00,47.9,-36.604691,174.802567,2
esp32_device_001,2026-05-20T14:06:51+12:00,49.6,-36.604759,174.802536,2
esp32_device_001,2026-05-20T14:06:56+12:00,48.8,-36.604771,174.802536,2
esp32_device_001,2026-05-20T14:07:01+12:00,46,-36.604721,174.802567,2
esp32_device_001,2026-05-20T14:07:06+12:00,45.5,-36.604755,174.802551,2
esp32_device_001,2026-05-20T14:07:11+12:00,45.1,-36.604771,174.802567,2
esp32_device_001,2026-05-20T14:07:16+12:00,37.5,-36.604935,174.802612,2
esp32_device_001,2026-05-20T14:07:21+12:00,37.9,-36.604954,174.802597,2
esp32_device_001,2026-05-20T14:07:26+12:00,38.6,-36.604977,174.802567,2
esp32_device_001,2026-05-20T14:07:31+12:00,38.6,-36.604961,174.802551,2
esp32_device_001,2026-05-20T14:07:36+12:00,39.7,-36.604912,174.802536,2
esp32_device_001,2026-05-20T14:07:41+12:00,41.2,-36.604908,174.802521,2
esp32_device_001,2026-05-20T14:07:46+12:00,42.9,-36.604904,174.802505,2
esp32_device_001,2026-05-20T14:07:51+12:00,44.4,-36.604893,174.80249,2
esp32_device_001,2026-05-20T14:07:56+12:00,45.5,-36.6049,174.802475,2
esp32_device_001,2026-05-20T14:08:01+12:00,42.5,-36.604816,174.802505,2
esp32_device_001,2026-05-20T14:08:11+12:00,37.8,-36.604614,174.802643,2
esp32_device_001,2026-05-20T14:08:16+12:00,34.1,-36.604649,174.802628,2
esp32_device_001,2026-05-20T14:08:21+12:00,35.6,-36.604652,174.802612,2
esp32_device_001,2026-05-20T14:08:26+12:00,37.2,-36.604675,174.802612,2
esp32_device_001,2026-05-20T14:08:31+12:00,38.3,-36.604717,174.802582,2
esp32_device_001,2026-05-20T14:08:41+12:00,37.5,-36.604668,174.802628,2
esp32_device_001,2026-05-20T14:08:46+12:00,36.1,-36.604664,174.802628,2
esp32_device_001,2026-05-20T14:08:51+12:00,35.5,-36.604675,174.802628,2
esp32_device_001,2026-05-20T14:08:56+12:00,35.9,-36.604713,174.802612,2
esp32_device_001,2026-05-20T14:09:01+12:00,37.4,-36.60474,174.802597,2
esp32_device_001,2026-05-20T14:09:06+12:00,38.9,-36.604752,174.802597,2
esp32_device_001,2026-05-20T14:09:16+12:00,40.6,-36.604786,174.802567,2
esp32_device_001,2026-05-20T14:09:21+12:00,40.6,-36.60479,174.802567,2
esp32_device_001,2026-05-20T14:09:26+12:00,41.3,-36.604771,174.802582,2
esp32_device_001,2026-05-20T14:09:31+12:00,42.4,-36.604771,174.802582,2
esp32_device_001,2026-05-20T14:09:36+12:00,42.5,-36.604816,174.802536,2
esp32_device_001,2026-05-20T14:09:41+12:00,48.2,-36.604881,174.802475,2
esp32_device_001,2026-05-20T14:09:51+12:00,49.6,-36.604855,174.80249,2
esp32_device_001,2026-05-20T14:09:56+12:00,50,-36.60482,174.802521,2
esp32_device_001,2026-05-20T14:10:01+12:00,49.2,-36.604794,174.802551,2
esp32_device_001,2026-05-20T14:10:06+12:00,49.8,-36.60479,174.802551,2
esp32_device_001,2026-05-20T14:10:16+12:00,50.8,-36.604786,174.802567,2
esp32_device_001,2026-05-20T14:10:21+12:00,50.5,-36.604786,174.802567,2
esp32_device_001,2026-05-20T14:10:26+12:00,50.8,-36.604759,174.802582,2
esp32_device_001,2026-05-20T14:10:31+12:00,50.9,-36.604752,174.802582,2
esp32_device_001,2026-05-20T14:10:36+12:00,50.6,-36.604794,174.802567,2
esp32_device_001,2026-05-20T14:10:41+12:00,52.2,-36.604889,174.802475,2
esp32_device_001,2026-05-20T14:10:46+12:00,60.3,-36.604996,174.802383,2
esp32_device_001,2026-05-20T14:10:51+12:00,67.8,-36.605003,174.802368,2
esp32_device_001,2026-05-20T14:10:56+12:00,71.3,-36.604984,174.802399,2
esp32_device_001,2026-05-20T14:11:01+12:00,71.1,-36.604946,174.802429,2
esp32_device_001,2026-05-20T14:11:06+12:00,67,-36.6049,174.802475,2
esp32_device_001,2026-05-20T14:11:16+12:00,64.2,-36.604862,174.802521,2
esp32_device_001,2026-05-20T14:11:21+12:00,61.9,-36.604855,174.802551,2
esp32_device_001,2026-05-20T14:11:26+12:00,60.1,-36.604843,174.802551,2
esp32_device_001,2026-05-20T14:11:31+12:00,58.7,-36.604828,174.802567,2
esp32_device_001,2026-05-20T14:11:36+12:00,56.8,-36.60482,174.802582,2
esp32_device_001,2026-05-20T14:11:41+12:00,55.4,-36.604805,174.802597,2
esp32_device_001,2026-05-20T14:11:46+12:00,54.3,-36.604805,174.802582,2
esp32_device_001,2026-05-20T14:11:51+12:00,53,-36.604801,174.802582,2
esp32_device_001,2026-05-20T14:11:56+12:00,52,-36.604786,174.802582,2
esp32_device_001,2026-05-20T14:12:01+12:00,50.7,-36.60479,174.802597,2
esp32_device_001,2026-05-20T14:12:16+12:00,48.9,-36.604797,174.802597,2
esp32_device_001,2026-05-20T14:12:21+12:00,45.6,-36.604794,174.802597,2
esp32_device_001,2026-05-20T14:12:26+12:00,45,-36.60479,174.802612,2
esp32_device_001,2026-05-20T14:12:31+12:00,43.8,-36.60479,174.802628,2
esp32_device_001,2026-05-20T14:12:36+12:00,43.3,-36.604794,174.802612,2
esp32_device_001,2026-05-20T14:12:41+12:00,43.1,-36.604794,174.802628,2
esp32_device_001,2026-05-20T14:12:46+12:00,42.2,-36.604797,174.802612,2
esp32_device_001,2026-05-20T14:12:51+12:00,42.1,-36.604774,174.802597,2
esp32_device_001,2026-05-20T14:12:56+12:00,43,-36.604763,174.802567,2
esp32_device_001,2026-05-20T14:13:01+12:00,44.1,-36.604744,174.802567,2
esp32_device_001,2026-05-20T14:13:06+12:00,45.1,-36.60474,174.802567,2
esp32_device_001,2026-05-20T14:13:16+12:00,45.9,-36.60474,174.802582,2
esp32_device_001,2026-05-20T14:13:21+12:00,45.8,-36.604733,174.802582,2
esp32_device_001,2026-05-20T14:13:26+12:00,46.4,-36.604729,174.802582,2
esp32_device_001,2026-05-20T14:13:36+12:00,47.4,-36.604721,174.802597,2
esp32_device_001,2026-05-20T14:13:41+12:00,47.6,-36.604725,174.802597,2
esp32_device_001,2026-05-20T14:13:46+12:00,47.7,-36.604736,174.802612,2
esp32_device_001,2026-05-20T14:13:56+12:00,47.5,-36.60471,174.802628,2
esp32_device_001,2026-05-20T14:14:01+12:00,51.5,-36.604698,174.802643,2
esp32_device_001,2026-05-20T14:14:06+12:00,52.6,-36.604698,174.802643,2
esp32_device_001,2026-05-20T14:14:16+12:00,54.3,-36.604706,174.802628,2
esp32_device_001,2026-05-20T14:14:26+12:00,54.1,-36.60471,174.802643,2
esp32_device_001,2026-05-20T14:14:31+12:00,54.8,-36.604721,174.802628,2
esp32_device_001,2026-05-20T14:14:36+12:00,54.9,-36.60474,174.802612,2
esp32_device_001,2026-05-20T14:14:41+12:00,55.7,-36.604759,174.802612,2
esp32_device_001,2026-05-20T14:14:46+12:00,54.4,-36.604763,174.802628,2
esp32_device_001,2026-05-20T14:14:51+12:00,52.8,-36.604755,174.802628,2
esp32_device_001,2026-05-20T14:14:56+12:00,51.3,-36.604748,174.802628,2
esp32_device_001,2026-05-20T14:15:01+12:00,49.1,-36.604736,174.802673,2
esp32_device_001,2026-05-20T14:15:06+12:00,49.1,-36.604729,174.802658,2
esp32_device_001,2026-05-20T14:15:11+12:00,48.3,-36.604717,174.802658,2
esp32_device_001,2026-05-20T14:15:16+12:00,46.7,-36.604729,174.802658,2
esp32_device_001,2026-05-20T14:15:21+12:00,44,-36.604755,174.802689,2
esp32_device_001,2026-05-20T14:15:26+12:00,42.6,-36.604755,174.802689,2
esp32_device_001,2026-05-20T14:15:31+12:00,44,-36.604763,174.802673,2
esp32_device_001,2026-05-20T14:15:36+12:00,45.9,-36.604755,174.802658,2
esp32_device_001,2026-05-20T14:15:41+12:00,46,-36.604763,174.802658,2
esp32_device_001,2026-05-20T14:15:46+12:00,44.5,-36.604771,174.802673,2
esp32_device_001,2026-05-20T14:15:51+12:00,43.9,-36.604767,174.802673,2
esp32_device_001,2026-05-20T14:15:56+12:00,45.7,-36.604752,174.802673,2
esp32_device_001,2026-05-20T14:16:01+12:00,46.7,-36.604729,174.802658,2
esp32_device_001,2026-05-20T14:16:06+12:00,48,-36.60471,174.802643,2
esp32_device_001,2026-05-20T14:16:11+12:00,49.3,-36.604702,174.802658,2
esp32_device_001,2026-05-20T14:16:16+12:00,49.3,-36.604706,174.802673,2
esp32_device_001,2026-05-20T14:16:21+12:00,48.8,-36.604729,174.802673,2
esp32_device_001,2026-05-20T14:16:26+12:00,46.6,-36.60474,174.802689,2
esp32_device_001,2026-05-20T14:16:31+12:00,44.7,-36.60474,174.802704,2
esp32_device_001,2026-05-20T14:16:36+12:00,43.4,-36.604721,174.802734,2
esp32_device_001,2026-05-20T14:16:41+12:00,43.1,-36.604744,174.802734,2
esp32_device_001,2026-05-20T14:16:46+12:00,44.9,-36.604729,174.802704,2
esp32_device_001,2026-05-20T14:16:51+12:00,46.5,-36.604713,174.802689,2
esp32_device_001,2026-05-20T14:16:56+12:00,46.4,-36.604691,174.802689,2
esp32_device_001,2026-05-20T14:17:01+12:00,45.8,-36.604702,174.802673,2
esp32_device_001,2026-05-20T14:17:06+12:00,46.6,-36.604717,174.802658,2
esp32_device_001,2026-05-20T14:17:11+12:00,47.2,-36.604694,174.802673,2
esp32_device_001,2026-05-20T14:17:16+12:00,49.6,-36.604691,174.802658,2
esp32_device_001,2026-05-20T14:17:21+12:00,51.7,-36.60471,174.802658,2
esp32_device_001,2026-05-20T14:17:26+12:00,53.2,-36.604713,174.802628,2
esp32_device_001,2026-05-20T14:17:31+12:00,53.6,-36.604725,174.802628,2
esp32_device_001,2026-05-20T14:17:36+12:00,53.7,-36.604706,174.802643,2
esp32_device_001,2026-05-20T14:17:41+12:00,53.3,-36.604683,174.802643,2
esp32_device_001,2026-05-20T14:17:46+12:00,55.5,-36.60471,174.802628,2
esp32_device_001,2026-05-20T14:17:51+12:00,55.3,-36.604721,174.802612,2
esp32_device_001,2026-05-20T14:17:56+12:00,54.4,-36.604713,174.802628,2
esp32_device_001,2026-05-20T14:18:01+12:00,55.8,-36.604713,174.802597,2
esp32_device_001,2026-05-20T14:18:11+12:00,55.8,-36.60471,174.802582,2
esp32_device_001,2026-05-20T14:18:16+12:00,54.2,-36.604733,174.802582,2
esp32_device_001,2026-05-20T14:18:21+12:00,54,-36.604729,174.802597,2
esp32_device_001,2026-05-20T14:18:26+12:00,54.3,-36.604736,174.802597,2
esp32_device_001,2026-05-20T14:18:31+12:00,54.6,-36.604713,174.802612,2
esp32_device_001,2026-05-20T14:18:36+12:00,53.8,-36.604713,174.802612,2
esp32_device_001,2026-05-20T14:18:41+12:00,54.2,-36.604706,174.802612,2
esp32_device_001,2026-05-20T14:18:46+12:00,54.1,-36.604717,174.802612,2
esp32_device_001,2026-05-20T14:18:51+12:00,54.6,-36.604713,174.802597,2
esp32_device_001,2026-05-20T14:18:56+12:00,56,-36.604671,174.802582,2
esp32_device_001,2026-05-20T14:19:01+12:00,57.7,-36.604652,174.802567,2
esp32_device_001,2026-05-20T14:19:06+12:00,59.6,-36.60461,174.802567,2
esp32_device_001,2026-05-20T14:19:11+12:00,61.1,-36.60458,174.802567,2
esp32_device_001,2026-05-20T14:19:16+12:00,62.4,-36.604565,174.802567,2
esp32_device_001,2026-05-20T14:19:21+12:00,62.7,-36.604542,174.802551,2
esp32_device_001,2026-05-20T14:19:26+12:00,63.5,-36.604572,174.802551,2
esp32_device_001,2026-05-20T14:19:31+12:00,63.6,-36.604599,174.802567,2
esp32_device_001,2026-05-20T14:19:36+12:00,64.9,-36.604637,174.802551,2
esp32_device_001,2026-05-20T14:19:41+12:00,65.7,-36.604633,174.802536,2
esp32_device_001,2026-05-20T14:19:46+12:00,67.1,-36.604618,174.802521,2
esp32_device_001,2026-05-20T14:19:51+12:00,67,-36.604622,174.802505,2
esp32_device_001,2026-05-20T14:19:56+12:00,63.3,-36.604649,174.802536,2
esp32_device_001,2026-05-20T14:20:01+12:00,60.8,-36.604641,174.802567,2
esp32_device_001,2026-05-20T14:20:06+12:00,58,-36.604652,174.802582,2
esp32_device_001,2026-05-20T14:20:11+12:00,57.5,-36.604633,174.802612,2
esp32_device_001,2026-05-20T14:20:16+12:00,56.8,-36.604633,174.802612,2
esp32_device_001,2026-05-20T14:20:21+12:00,55.7,-36.60466,174.802612,2
esp32_device_001,2026-05-20T14:20:26+12:00,57,-36.604652,174.802597,2
esp32_device_001,2026-05-20T14:20:31+12:00,58.9,-36.604614,174.802612,2
esp32_device_001,2026-05-20T14:20:36+12:00,60.2,-36.604568,174.802628,2
esp32_device_001,2026-05-20T14:20:56+12:00,60.5,-36.604568,174.802582,2
esp32_device_001,2026-05-20T14:21:01+12:00,61.4,-36.604622,174.802551,2
esp32_device_001,2026-05-20T14:21:11+12:00,61.7,-36.604652,174.802521,2
esp32_device_001,2026-05-20T14:21:16+12:00,61.3,-36.604664,174.802521,2
esp32_device_001,2026-05-20T14:21:21+12:00,60.7,-36.604687,174.802521,2
esp32_device_001,2026-05-20T14:21:26+12:00,56.5,-36.60474,174.802567,2
esp32_device_001,2026-05-20T14:21:31+12:00,48.6,-36.604843,174.802643,2
esp32_device_001,2026-05-20T14:21:36+12:00,40.2,-36.604919,174.802704,2
esp32_device_001,2026-05-20T14:21:46+12:00,27.3,-36.605,174.80275,2
esp32_device_001,2026-05-20T14:21:51+12:00,24.7,-36.604839,174.802811,2
esp32_device_001,2026-05-20T14:22:06+12:00,7.7,-36.604778,174.802933,2
esp32_device_001,2026-05-20T14:22:11+12:00,4.8,-36.604824,174.802948,2
esp32_device_001,2026-05-20T14:27:12+12:00,52.2,-36.604706,174.802551,3
esp32_device_001,2026-05-20T14:27:22+12:00,53.7,-36.604687,174.802551,3
esp32_device_001,2026-05-20T14:27:27+12:00,55,-36.604691,174.802551,3
esp32_device_001,2026-05-20T14:27:32+12:00,56.2,-36.604687,174.802536,3
esp32_device_001,2026-05-20T14:27:37+12:00,56.7,-36.604687,174.802536,3
esp32_device_001,2026-05-20T14:27:42+12:00,56.2,-36.604687,174.802551,3
esp32_device_001,2026-05-20T14:27:47+12:00,56,-36.604694,174.802551,3
esp32_device_001,2026-05-20T14:27:52+12:00,55.6,-36.604702,174.802567,3
esp32_device_001,2026-05-20T14:27:57+12:00,56.2,-36.604702,174.802567,3
esp32_device_001,2026-05-20T14:28:02+12:00,56.9,-36.604694,174.802551,3
esp32_device_001,2026-05-20T14:28:07+12:00,57.6,-36.604702,174.802536,3
esp32_device_001,2026-05-20T14:28:12+12:00,57.4,-36.60471,174.802551,3
esp32_device_001,2026-05-20T14:28:17+12:00,56.9,-36.604706,174.802567,3
esp32_device_001,2026-05-20T14:28:22+12:00,57.3,-36.604679,174.802551,3
esp32_device_001,2026-05-20T14:28:27+12:00,57.8,-36.604664,174.802536,3
esp32_device_001,2026-05-20T14:28:32+12:00,58.5,-36.604652,174.802536,3
esp32_device_001,2026-05-20T14:28:37+12:00,58.7,-36.604664,174.802536,3
esp32_device_001,2026-05-20T14:28:42+12:00,59.5,-36.604671,174.802536,3
esp32_device_001,2026-05-20T14:28:47+12:00,61.3,-36.604656,174.802521,3
esp32_device_001,2026-05-20T14:28:52+12:00,61.7,-36.604656,174.802521,3
esp32_device_001,2026-05-20T14:28:57+12:00,61.3,-36.604675,174.802536,3
esp32_device_001,2026-05-20T14:29:02+12:00,60.4,-36.604694,174.802536,3
esp32_device_001,2026-05-20T14:29:07+12:00,58.9,-36.604702,174.802536,3
esp32_device_001,2026-05-20T14:29:12+12:00,57.9,-36.604698,174.802536,3
esp32_device_001,2026-05-20T14:29:17+12:00,57.5,-36.604713,174.802551,3
esp32_device_001,2026-05-20T14:29:22+12:00,57.5,-36.60471,174.802551,3
esp32_device_001,2026-05-20T14:29:27+12:00,57.2,-36.604729,174.802567,3
esp32_device_001,2026-05-20T14:29:32+12:00,58.4,-36.604721,174.802551,3
esp32_device_001,2026-05-20T14:29:37+12:00,58.4,-36.604721,174.802551,3
esp32_device_001,2026-05-20T14:29:42+12:00,59.8,-36.604702,174.802536,3
esp32_device_001,2026-05-20T14:29:47+12:00,69.3,-36.604656,174.802475,3
esp32_device_001,2026-05-20T14:29:52+12:00,75.9,-36.604622,174.802429,3
esp32_device_001,2026-05-20T14:29:57+12:00,76,-36.604626,174.802429,3
esp32_device_001,2026-05-20T14:30:02+12:00,80.8,-36.60461,174.802399,3
esp32_device_001,2026-05-20T14:30:07+12:00,78.3,-36.604622,174.802399,3
esp32_device_001,2026-05-20T14:30:12+12:00,76.8,-36.604641,174.802414,3
esp32_device_001,2026-05-20T14:30:17+12:00,76.4,-36.604645,174.802414,3
esp32_device_001,2026-05-20T14:30:22+12:00,75.7,-36.604645,174.802414,3
esp32_device_001,2026-05-20T14:30:27+12:00,74.8,-36.604649,174.802399,3
esp32_device_001,2026-05-20T14:30:32+12:00,73.9,-36.604649,174.802429,3
esp32_device_001,2026-05-20T14:30:37+12:00,71.9,-36.60466,174.802429,3
esp32_device_001,2026-05-20T14:30:42+12:00,69.9,-36.604668,174.802429,3
esp32_device_001,2026-05-20T14:30:47+12:00,68.4,-36.604671,174.802429,3
esp32_device_001,2026-05-20T14:30:52+12:00,65.3,-36.604687,174.802444,3
esp32_device_001,2026-05-20T14:30:57+12:00,63,-36.604706,174.80246,3
esp32_device_001,2026-05-20T14:31:02+12:00,59.9,-36.604717,174.802475,3
esp32_device_001,2026-05-20T14:31:07+12:00,56.8,-36.604736,174.802521,3
esp32_device_001,2026-05-20T14:31:12+12:00,54.1,-36.604748,174.802536,3
esp32_device_001,2026-05-20T14:31:17+12:00,51.6,-36.604767,174.802551,3
esp32_device_001,2026-05-20T14:31:22+12:00,50.4,-36.60479,174.802582,3
esp32_device_001,2026-05-20T14:31:27+12:00,49.7,-36.604786,174.802582,3
esp32_device_001,2026-05-20T14:31:32+12:00,48.8,-36.604786,174.802582,3
esp32_device_001,2026-05-20T14:31:37+12:00,47.6,-36.604794,174.802582,3
esp32_device_001,2026-05-20T14:31:42+12:00,46.8,-36.60479,174.802582,3
esp32_device_001,2026-05-20T14:31:47+12:00,45.9,-36.604786,174.802582,3
esp32_device_001,2026-05-20T14:31:52+12:00,45.7,-36.604778,174.802582,3
esp32_device_001,2026-05-20T14:31:57+12:00,45.5,-36.604778,174.802582,3
esp32_device_001,2026-05-20T14:32:02+12:00,44.9,-36.604774,174.802567,3
esp32_device_001,2026-05-20T14:32:07+12:00,44.8,-36.604774,174.802567,3
esp32_device_001,2026-05-20T14:34:15+12:00,40.1,-36.604706,174.802612,3
esp32_device_001,2026-05-20T14:34:20+12:00,40.1,-36.604721,174.802612,3
esp32_device_001,2026-05-20T14:34:25+12:00,39.8,-36.604752,174.802597,3
esp32_device_001,2026-05-20T14:34:30+12:00,39.2,-36.604778,174.802628,3
esp32_device_001,2026-05-20T14:34:35+12:00,38.7,-36.604794,174.802658,3
esp32_device_001,2026-05-20T14:34:40+12:00,42.2,-36.604759,174.802612,3
esp32_device_001,2026-05-20T14:34:45+12:00,46.7,-36.604698,174.802551,3
esp32_device_001,2026-05-20T14:34:50+12:00,50,-36.604652,174.802505,3
esp32_device_001,2026-05-20T14:34:55+12:00,50.1,-36.604645,174.802505,3
esp32_device_001,2026-05-20T14:35:00+12:00,49.8,-36.604656,174.802505,3
esp32_device_001,2026-05-20T14:35:05+12:00,49.3,-36.604698,174.802521,3
esp32_device_001,2026-05-20T14:35:10+12:00,49.7,-36.604675,174.802505,3
esp32_device_001,2026-05-20T14:35:15+12:00,49.5,-36.604683,174.802505,3
esp32_device_001,2026-05-20T14:35:20+12:00,48.8,-36.604706,174.802521,3
esp32_device_001,2026-05-20T14:35:25+12:00,47.7,-36.604698,174.802521,3
esp32_device_001,2026-05-20T14:35:30+12:00,45,-36.604717,174.802536,3
esp32_device_001,2026-05-20T14:35:35+12:00,44.2,-36.604702,174.802505,3
esp32_device_001,2026-05-20T14:35:40+12:00,43.5,-36.604694,174.802521,3
esp32_device_001,2026-05-20T14:35:45+12:00,43,-36.604694,174.802536,3
esp32_device_001,2026-05-20T14:35:50+12:00,45.8,-36.604702,174.802505,3
esp32_device_001,2026-05-20T14:35:55+12:00,55.6,-36.604622,174.802399,3
esp32_device_001,2026-05-20T14:36:00+12:00,55.5,-36.604645,174.802429,3
esp32_device_001,2026-05-20T14:36:05+12:00,59.3,-36.604591,174.802399,3
esp32_device_001,2026-05-20T14:36:10+12:00,59.4,-36.604637,174.802444,3
esp32_device_001,2026-05-20T14:36:15+12:00,58.5,-36.604725,174.80249,3
esp32_device_001,2026-05-20T14:36:20+12:00,57.2,-36.604755,174.802505,3
esp32_device_001,2026-05-20T14:36:30+12:00,55.7,-36.604576,174.80246,3
esp32_device_001,2026-05-20T14:36:35+12:00,54,-36.604557,174.802475,3
esp32_device_001,2026-05-20T14:36:40+12:00,48.6,-36.604618,174.802505,3
esp32_device_001,2026-05-20T14:36:45+12:00,44.5,-36.604649,174.802536,3
esp32_device_001,2026-05-20T14:36:50+12:00,44.4,-36.60471,174.802567,3
esp32_device_001,2026-05-20T14:36:55+12:00,43.9,-36.604725,174.802582,3
esp32_device_001,2026-05-20T14:37:00+12:00,43.8,-36.604744,174.802628,3
esp32_device_001,2026-05-20T14:37:05+12:00,43.7,-36.604752,174.802643,3
esp32_device_001,2026-05-20T14:37:10+12:00,43.7,-36.604782,174.802658,3
esp32_device_001,2026-05-20T14:37:56+12:00,43.4,-36.604816,174.802551,3
esp32_device_001,2026-05-20T14:38:01+12:00,45.7,-36.604736,174.802567,3
esp32_device_001,2026-05-20T14:38:06+12:00,45.7,-36.60474,174.802551,3
esp32_device_001,2026-05-20T14:38:11+12:00,45.7,-36.604725,174.802582,3
esp32_device_001,2026-05-20T14:38:16+12:00,46.8,-36.604721,174.802567,3
esp32_device_001,2026-05-20T14:38:21+12:00,47.3,-36.604755,174.802551,3
esp32_device_001,2026-05-20T14:38:26+12:00,48.2,-36.604782,174.802536,3
esp32_device_001,2026-05-20T14:38:31+12:00,48.7,-36.604786,174.802536,3
esp32_device_001,2026-05-20T14:38:36+12:00,50.8,-36.604813,174.802521,3
esp32_device_001,2026-05-20T14:38:41+12:00,53,-36.604805,174.802521,3
esp32_device_001,2026-05-20T14:38:46+12:00,56.7,-36.604809,174.802505,3
esp32_device_001,2026-05-20T14:38:51+12:00,59.4,-36.604816,174.802505,3
esp32_device_001,2026-05-20T14:38:56+12:00,60.8,-36.604816,174.802505,3
esp32_device_001,2026-05-20T14:39:01+12:00,62,-36.604813,174.802521,3
esp32_device_001,2026-05-20T14:39:06+12:00,62.4,-36.604828,174.802505,3
esp32_device_001,2026-05-20T14:39:11+12:00,63.5,-36.604828,174.80249,3
esp32_device_001,2026-05-20T14:39:16+12:00,64.1,-36.604809,174.80249,3
esp32_device_001,2026-05-20T14:39:21+12:00,64.1,-36.604805,174.80249,3
esp32_device_001,2026-05-20T14:39:26+12:00,66.2,-36.604832,174.802505,3
esp32_device_001,2026-05-20T14:39:31+12:00,66.4,-36.604828,174.802521,3
esp32_device_001,2026-05-20T14:39:36+12:00,67.8,-36.604828,174.802505,3
esp32_device_001,2026-05-20T14:39:41+12:00,69.2,-36.604828,174.80249,3
esp32_device_001,2026-05-20T14:39:46+12:00,69.7,-36.604824,174.802475,3
esp32_device_001,2026-05-20T14:39:51+12:00,69.1,-36.604797,174.802505,3
esp32_device_001,2026-05-20T14:39:56+12:00,68.4,-36.604771,174.802521,3
esp32_device_001,2026-05-20T14:40:01+12:00,67.9,-36.604755,174.802551,3
esp32_device_001,2026-05-20T14:40:06+12:00,68.1,-36.60474,174.802551,3
esp32_device_001,2026-05-20T14:40:11+12:00,67.6,-36.604729,174.802536,3
esp32_device_001,2026-05-20T14:40:16+12:00,66.2,-36.604717,174.802536,3
esp32_device_001,2026-05-20T14:40:21+12:00,65,-36.604706,174.802551,3
esp32_device_001,2026-05-20T14:40:26+12:00,64.9,-36.604706,174.802536,3
esp32_device_001,2026-05-20T14:40:31+12:00,63.5,-36.604733,174.802551,3
esp32_device_001,2026-05-20T14:40:36+12:00,62.2,-36.604733,174.802551,3
esp32_device_001,2026-05-20T14:40:41+12:00,61.2,-36.604755,174.802551,3
esp32_device_001,2026-05-20T14:40:46+12:00,61.4,-36.604744,174.802551,3
esp32_device_001,2026-05-20T14:40:51+12:00,61.5,-36.60471,174.802567,3
esp32_device_001,2026-05-20T14:40:56+12:00,60.4,-36.604721,174.802567,3
esp32_device_001,2026-05-20T14:41:01+12:00,60.3,-36.604698,174.802597,3
esp32_device_001,2026-05-20T14:41:06+12:00,60.5,-36.604706,174.802582,3
esp32_device_001,2026-05-20T14:41:11+12:00,60.6,-36.60471,174.802567,3
esp32_device_001,2026-05-20T14:41:16+12:00,59.5,-36.604713,174.802567,3
esp32_device_001,2026-05-20T14:41:21+12:00,59.1,-36.604733,174.802567,3
esp32_device_001,2026-05-20T14:41:26+12:00,59.1,-36.604725,174.802567,3
esp32_device_001,2026-05-20T14:41:31+12:00,59,-36.604721,174.802567,3
esp32_device_001,2026-05-20T14:41:36+12:00,57.7,-36.604713,174.802567,3
esp32_device_001,2026-05-20T14:41:41+12:00,55.4,-36.604694,174.802597,3
esp32_device_001,2026-05-20T14:41:46+12:00,51.6,-36.604702,174.802628,3
esp32_device_001,2026-05-20T14:41:51+12:00,48.6,-36.604671,174.802643,3
esp32_device_001,2026-05-20T14:41:56+12:00,43.9,-36.604675,174.802673,3
esp32_device_001,2026-05-20T14:42:01+12:00,39.8,-36.604668,174.802673,3
esp32_device_001,2026-05-20T14:42:06+12:00,36.5,-36.604668,174.802658,3
esp32_device_001,2026-05-20T14:42:11+12:00,35.6,-36.604664,174.802643,3
esp32_device_001,2026-05-20T14:42:22+12:00,34.7,-36.604671,174.802628,3
esp32_device_001,2026-05-20T14:42:27+12:00,34.4,-36.604675,174.802628,3
esp32_device_001,2026-05-20T14:42:32+12:00,32.5,-36.604671,174.802628,3
esp32_device_001,2026-05-20T14:42:37+12:00,31.1,-36.604691,174.802612,3
esp32_device_001,2026-05-20T14:42:42+12:00,30.8,-36.604679,174.802612,3
esp32_device_001,2026-05-20T14:42:47+12:00,30.6,-36.604664,174.802628,3
esp32_device_001,2026-05-20T14:42:52+12:00,29.6,-36.604687,174.802612,3
esp32_device_001,2026-05-20T14:42:57+12:00,30,-36.604683,174.802612,3
esp32_device_001,2026-05-20T14:43:02+12:00,29.9,-36.604668,174.802628,3
esp32_device_001,2026-05-20T14:43:07+12:00,30.4,-36.604679,174.802643,3
esp32_device_001,2026-05-20T14:43:12+12:00,31.2,-36.604664,174.802673,3
esp32_device_001,2026-05-20T14:43:17+12:00,32.7,-36.604633,174.802704,3
esp32_device_001,2026-05-20T14:43:22+12:00,33.8,-36.604641,174.802719,3
esp32_device_001,2026-05-20T14:43:27+12:00,33.8,-36.604652,174.802734,3
esp32_device_001,2026-05-20T14:43:32+12:00,32.3,-36.604652,174.80275,3
esp32_device_001,2026-05-20T14:43:37+12:00,31,-36.604664,174.80275,3
esp32_device_001,2026-05-20T14:43:42+12:00,28.5,-36.604664,174.80275,3
esp32_device_001,2026-05-20T14:43:47+12:00,27.6,-36.604668,174.802765,3
esp32_device_001,2026-05-20T14:43:52+12:00,26.9,-36.604649,174.802811,3
esp32_device_001,2026-05-20T14:43:57+12:00,27.1,-36.604645,174.802811,3
esp32_device_001,2026-05-20T14:44:02+12:00,28.4,-36.604652,174.802811,3
esp32_device_001,2026-05-20T14:44:07+12:00,28.6,-36.604649,174.802795,3
esp32_device_001,2026-05-20T14:44:12+12:00,28.7,-36.604656,174.802795,3
esp32_device_001,2026-05-20T14:44:17+12:00,30.2,-36.604668,174.80278,3
esp32_device_001,2026-05-20T14:44:22+12:00,31.6,-36.604671,174.802765,3
esp32_device_001,2026-05-20T14:44:27+12:00,31.8,-36.604671,174.80275,3
esp32_device_001,2026-05-20T14:44:32+12:00,32.3,-36.604679,174.802734,3
esp32_device_001,2026-05-20T14:44:37+12:00,32.1,-36.604683,174.802734,3
esp32_device_001,2026-05-20T14:44:42+12:00,31.1,-36.604683,174.802719,3
esp32_device_001,2026-05-20T14:44:47+12:00,30.5,-36.604687,174.802704,3
esp32_device_001,2026-05-20T14:44:52+12:00,30.4,-36.604698,174.802704,3
esp32_device_001,2026-05-20T14:44:57+12:00,30.4,-36.604702,174.802704,3
esp32_device_001,2026-05-20T14:45:02+12:00,30.1,-36.604698,174.802704,3
esp32_device_001,2026-05-20T14:45:07+12:00,30.3,-36.604698,174.802704,3
esp32_device_001,2026-05-20T14:45:12+12:00,37.3,-36.604721,174.802689,3
esp32_device_001,2026-05-20T14:45:17+12:00,42.2,-36.604736,174.802673,3
esp32_device_001,2026-05-20T14:45:22+12:00,43.1,-36.604736,174.802673,3
esp32_device_001,2026-05-20T14:45:27+12:00,43.4,-36.604736,174.802673,3
esp32_device_001,2026-05-20T14:45:32+12:00,43.7,-36.604725,174.802658,3
esp32_device_001,2026-05-20T14:45:37+12:00,43.2,-36.604713,174.802658,3
esp32_device_001,2026-05-20T14:45:42+12:00,42.9,-36.604725,174.802643,3
esp32_device_001,2026-05-20T14:45:47+12:00,42.4,-36.604721,174.802643,3
esp32_device_001,2026-05-20T14:45:52+12:00,41.9,-36.604725,174.802643,3
esp32_device_001,2026-05-20T14:45:57+12:00,40.8,-36.604725,174.802643,3
esp32_device_001,2026-05-20T14:46:02+12:00,40.6,-36.604721,174.802643,3
esp32_device_001,2026-05-20T14:46:07+12:00,41.2,-36.604725,174.802643,3
esp32_device_001,2026-05-20T14:46:12+12:00,42,-36.604725,174.802628,3
esp32_device_001,2026-05-20T14:46:17+12:00,43.1,-36.604729,174.802628,3
esp32_device_001,2026-05-20T14:46:22+12:00,44.4,-36.604733,174.802628,3
esp32_device_001,2026-05-20T14:46:27+12:00,45.2,-36.604736,174.802628,3
esp32_device_001,2026-05-20T14:46:32+12:00,45,-36.604733,174.802628,3
esp32_device_001,2026-05-20T14:46:37+12:00,45.4,-36.604733,174.802628,3
esp32_device_001,2026-05-20T14:46:42+12:00,49.7,-36.604736,174.802612,3
esp32_device_001,2026-05-20T14:46:47+12:00,53.5,-36.604744,174.802597,3
esp32_device_001,2026-05-20T14:46:52+12:00,51.5,-36.604744,174.802597,3
esp32_device_001,2026-05-20T14:46:57+12:00,48.9,-36.604744,174.802597,3
esp32_device_001,2026-05-20T14:47:02+12:00,45.9,-36.604744,174.802597,3
esp32_device_001,2026-05-20T14:47:07+12:00,45.1,-36.604744,174.802597,3
esp32_device_001,2026-05-20T14:47:12+12:00,43.2,-36.604744,174.802597,3
esp32_device_001,2026-05-20T14:47:17+12:00,41.1,-36.604744,174.802597,3
esp32_device_001,2026-05-20T14:47:22+12:00,39.9,-36.604744,174.802597,3
esp32_device_001,2026-05-20T14:47:27+12:00,38.6,-36.60474,174.802597,3
esp32_device_001,2026-05-20T14:47:32+12:00,37.5,-36.604736,174.802612,3
esp32_device_001,2026-05-20T14:47:37+12:00,35.8,-36.60474,174.802597,3
esp32_device_001,2026-05-20T14:47:42+12:00,38.2,-36.60474,174.802597,3
esp32_device_001,2026-05-20T14:47:47+12:00,40.1,-36.604736,174.802612,3
esp32_device_001,2026-05-20T14:47:52+12:00,41.2,-36.604736,174.802612,3
esp32_device_001,2026-05-20T14:47:57+12:00,41,-36.604733,174.802628,3
esp32_device_001,2026-05-20T14:48:02+12:00,42.2,-36.604729,174.802628,3
esp32_device_001,2026-05-20T14:48:07+12:00,42.6,-36.604725,174.802612,3
esp32_device_001,2026-05-20T14:48:12+12:00,41.4,-36.604721,174.802628,3
esp32_device_001,2026-05-20T14:48:17+12:00,39.7,-36.604733,174.802628,3
esp32_device_001,2026-05-20T14:48:22+12:00,35.9,-36.604733,174.802628,3
esp32_device_001,2026-05-20T14:48:27+12:00,32.6,-36.604744,174.802628,3
esp32_device_001,2026-05-20T14:48:32+12:00,30.7,-36.604752,174.802628,3
esp32_device_001,2026-05-20T14:48:37+12:00,29.3,-36.604767,174.802628,3
esp32_device_001,2026-05-20T14:48:42+12:00,28.6,-36.604774,174.802643,3
esp32_device_001,2026-05-20T14:48:47+12:00,28.4,-36.604771,174.802628,3
esp32_device_001,2026-05-20T14:48:52+12:00,29.5,-36.604767,174.802628,3
esp32_device_001,2026-05-20T14:48:57+12:00,29.4,-36.604763,174.802628,3
esp32_device_001,2026-05-20T14:49:02+12:00,32.1,-36.60474,174.802628,3
esp32_device_001,2026-05-20T14:49:07+12:00,35.1,-36.604729,174.802643,3
esp32_device_001,2026-05-20T14:49:12+12:00,36.9,-36.604729,174.802643,3
esp32_device_001,2026-05-20T14:49:17+12:00,37.5,-36.604729,174.802658,3
esp32_device_001,2026-05-20T14:49:22+12:00,36.2,-36.60474,174.802643,3
esp32_device_001,2026-05-20T14:49:27+12:00,35.2,-36.604752,174.802643,3
esp32_device_001,2026-05-20T14:49:32+12:00,35.1,-36.604759,174.802628,3
esp32_device_001,2026-05-20T14:49:37+12:00,35.8,-36.604752,174.802628,3
esp32_device_001,2026-05-20T14:49:42+12:00,35.1,-36.604748,174.802628,3
esp32_device_001,2026-05-20T14:49:47+12:00,34.7,-36.604752,174.802628,3
esp32_device_001,2026-05-20T14:49:52+12:00,33.8,-36.604759,174.802628,3
esp32_device_001,2026-05-20T14:49:57+12:00,34,-36.604759,174.802628,3
esp32_device_001,2026-05-20T14:50:02+12:00,36,-36.604759,174.802612,3
esp32_device_001,2026-05-20T14:50:07+12:00,35.8,-36.604767,174.802612,3
esp32_device_001,2026-05-20T14:50:12+12:00,36.1,-36.604767,174.802612,3
esp32_device_001,2026-05-20T14:50:17+12:00,35.5,-36.604774,174.802612,3
esp32_device_001,2026-05-20T14:50:22+12:00,34,-36.604771,174.802612,3
esp32_device_001,2026-05-20T14:50:27+12:00,33.6,-36.604778,174.802628,3
esp32_device_001,2026-05-20T14:50:32+12:00,32.2,-36.604786,174.802628,3
esp32_device_001,2026-05-20T14:50:37+12:00,30.8,-36.604782,174.802628,3
esp32_device_001,2026-05-20T14:50:42+12:00,29.6,-36.604782,174.802612,3
esp32_device_001,2026-05-20T14:50:47+12:00,29.4,-36.604782,174.802612,3
esp32_device_001,2026-05-20T14:50:52+12:00,26.9,-36.604786,174.802628,3
esp32_device_001,2026-05-20T14:50:57+12:00,26.2,-36.604782,174.802628,3
esp32_device_001,2026-05-20T14:51:02+12:00,26.5,-36.604782,174.802628,3
esp32_device_001,2026-05-20T14:51:07+12:00,27.2,-36.60479,174.802628,3
esp32_device_001,2026-05-20T14:51:12+12:00,27,-36.604794,174.802628,3
esp32_device_001,2026-05-20T14:51:17+12:00,27,-36.604794,174.802628,3
esp32_device_001,2026-05-20T14:51:22+12:00,26.9,-36.604801,174.802628,3
esp32_device_001,2026-05-20T14:51:27+12:00,27.5,-36.604805,174.802628,3
esp32_device_001,2026-05-20T14:51:32+12:00,28.7,-36.604813,174.802628,3
esp32_device_001,2026-05-20T14:51:37+12:00,28.6,-36.604809,174.802612,3
esp32_device_001,2026-05-20T14:51:42+12:00,29.1,-36.604805,174.802612,3
esp32_device_001,2026-05-20T14:51:47+12:00,28.5,-36.604805,174.802612,3
esp32_device_001,2026-05-20T14:51:52+12:00,29.7,-36.604801,174.802612,3
esp32_device_001,2026-05-20T14:51:57+12:00,30.4,-36.604801,174.802597,3
esp32_device_001,2026-05-20T14:52:02+12:00,31.5,-36.604797,174.802582,3
esp32_device_001,2026-05-20T14:52:07+12:00,31,-36.604801,174.802597,3
esp32_device_001,2026-05-20T14:52:25+12:00,29.8,-36.604786,174.802612,3
esp32_device_001,2026-05-20T14:52:30+12:00,30.1,-36.604774,174.802628,3
esp32_device_001,2026-05-20T14:52:35+12:00,31.4,-36.604759,174.802643,3
esp32_device_001,2026-05-20T14:52:40+12:00,35.6,-36.604755,174.802628,3
esp32_device_001,2026-05-20T14:52:45+12:00,39,-36.604763,174.802643,3
esp32_device_001,2026-05-20T14:52:50+12:00,38.8,-36.604771,174.802643,3
esp32_device_001,2026-05-20T14:52:55+12:00,38.5,-36.604771,174.802643,3
esp32_device_001,2026-05-20T14:53:00+12:00,37.8,-36.604767,174.802628,3
esp32_device_001,2026-05-20T14:53:05+12:00,37.7,-36.604755,174.802612,3
esp32_device_001,2026-05-20T14:53:10+12:00,37.1,-36.604744,174.802612,3
esp32_device_001,2026-05-20T14:53:15+12:00,37.9,-36.604752,174.802597,3
esp32_device_001,2026-05-20T14:53:20+12:00,38.5,-36.604759,174.802597,3
esp32_device_001,2026-05-20T14:53:25+12:00,38.5,-36.604774,174.802597,3
esp32_device_001,2026-05-20T14:53:30+12:00,38.6,-36.604782,174.802582,3
esp32_device_001,2026-05-20T14:53:35+12:00,38.5,-36.604794,174.802582,3
esp32_device_001,2026-05-20T14:53:40+12:00,37.4,-36.604797,174.802597,3
esp32_device_001,2026-05-20T14:53:45+12:00,37.5,-36.604794,174.802612,3
esp32_device_001,2026-05-20T14:53:50+12:00,39.6,-36.604786,174.802597,3
esp32_device_001,2026-05-20T14:53:55+12:00,38.4,-36.604782,174.802612,3
esp32_device_001,2026-05-20T14:54:00+12:00,36.2,-36.60479,174.802628,3
esp32_device_001,2026-05-20T14:54:05+12:00,36.3,-36.604778,174.802628,3
esp32_device_001,2026-05-20T14:54:10+12:00,35.9,-36.604774,174.802628,3
esp32_device_001,2026-05-20T14:54:15+12:00,34.8,-36.604774,174.802628,3
esp32_device_001,2026-05-20T14:54:20+12:00,33,-36.604748,174.802612,3
esp32_device_001,2026-05-20T14:54:25+12:00,31.9,-36.604713,174.802597,3
esp32_device_001,2026-05-20T14:54:30+12:00,28.2,-36.604752,174.802628,3
esp32_device_001,2026-05-20T14:54:35+12:00,25.5,-36.604759,174.802673,3
esp32_device_001,2026-05-20T14:54:40+12:00,19.5,-36.604778,174.802673,3
esp32_device_001,2026-05-20T14:54:45+12:00,15,-36.604767,174.802658,3
esp32_device_001,2026-05-20T14:54:50+12:00,12.9,-36.604748,174.802628,3
esp32_device_001,2026-05-20T14:54:55+12:00,11.7,-36.604717,174.802612,3
esp32_device_001,2026-05-20T14:55:00+12:00,12.6,-36.604706,174.802597,3
esp32_device_001,2026-05-20T14:55:05+12:00,13.2,-36.604729,174.802612,3
esp32_device_001,2026-05-20T14:55:10+12:00,14.8,-36.604748,174.802628,3
esp32_device_001,2026-05-20T14:55:15+12:00,16.8,-36.604763,174.802643,3
esp32_device_001,2026-05-20T14:55:20+12:00,18.1,-36.604771,174.802643,3
esp32_device_001,2026-05-20T14:55:25+12:00,19.1,-36.604774,174.802643,3
esp32_device_001,2026-05-20T14:55:30+12:00,20.5,-36.604778,174.802658,3
esp32_device_001,2026-05-20T14:55:35+12:00,21.6,-36.604771,174.802658,3
esp32_device_001,2026-05-20T14:55:40+12:00,23.8,-36.604771,174.802658,3
esp32_device_001,2026-05-20T14:55:45+12:00,25.8,-36.604774,174.802658,3
esp32_device_001,2026-05-20T14:55:50+12:00,28.2,-36.604763,174.802643,3
esp32_device_001,2026-05-20T14:55:55+12:00,35.3,-36.604687,174.802582,3
esp32_device_001,2026-05-20T14:56:00+12:00,41.5,-36.604614,174.802521,3
esp32_device_001,2026-05-20T14:56:05+12:00,47.9,-36.604542,174.80246,3
esp32_device_001,2026-05-20T14:56:10+12:00,53.4,-36.604496,174.802429,3
esp32_device_001,2026-05-20T14:56:15+12:00,55.4,-36.604465,174.802414,3
esp32_device_001,2026-05-20T14:56:20+12:00,58.7,-36.6045,174.80246,3
esp32_device_001,2026-05-20T14:56:25+12:00,62.2,-36.604561,174.802505,3
esp32_device_001,2026-05-20T14:56:30+12:00,72.3,-36.604454,174.802414,3
esp32_device_001,2026-05-20T14:56:35+12:00,73.8,-36.604393,174.802353,3
esp32_device_001,2026-05-20T14:56:40+12:00,75.6,-36.604431,174.802383,3
esp32_device_001,2026-05-20T14:56:45+12:00,74.6,-36.604443,174.802383,3
esp32_device_001,2026-05-20T14:56:50+12:00,73.4,-36.604443,174.802383,3
esp32_device_001,2026-05-20T14:56:55+12:00,72,-36.60458,174.802536,3
esp32_device_001,2026-05-20T14:57:00+12:00,71.6,-36.604637,174.802582,3
esp32_device_001,2026-05-20T14:57:05+12:00,71.3,-36.604645,174.802567,3
esp32_device_001,2026-05-20T14:57:10+12:00,67.5,-36.604649,174.802582,3
esp32_device_001,2026-05-20T14:57:15+12:00,63.9,-36.604656,174.802582,3
esp32_device_001,2026-05-20T14:57:20+12:00,62.3,-36.604618,174.802551,3
esp32_device_001,2026-05-20T14:57:25+12:00,60.4,-36.604622,174.802536,3
esp32_device_001,2026-05-20T14:57:30+12:00,61.1,-36.604588,174.802505,3
esp32_device_001,2026-05-20T14:57:35+12:00,63.2,-36.604538,174.802475,3
esp32_device_001,2026-05-20T14:57:40+12:00,60.4,-36.604534,174.802475,3
esp32_device_001,2026-05-20T14:57:45+12:00,58.3,-36.604549,174.80249,3
esp32_device_001,2026-05-20T14:57:50+12:00,55.7,-36.604553,174.80249,3
esp32_device_001,2026-05-20T14:57:55+12:00,54.5,-36.604549,174.80249,3
esp32_device_001,2026-05-20T14:58:00+12:00,52.8,-36.604553,174.80249,3
esp32_device_001,2026-05-20T14:58:05+12:00,51.6,-36.604553,174.80249,3
esp32_device_001,2026-05-20T14:58:10+12:00,52.4,-36.604679,174.802597,3
esp32_device_001,2026-05-20T14:58:15+12:00,52.8,-36.604774,174.802673,3
esp32_device_001,2026-05-20T14:58:20+12:00,50.5,-36.604752,174.802643,3
esp32_device_001,2026-05-20T14:58:25+12:00,45.2,-36.604782,174.802658,3
esp32_device_001,2026-05-20T14:58:30+12:00,40.9,-36.604801,174.802658,3
esp32_device_001,2026-05-20T14:58:35+12:00,36.1,-36.604805,174.802658,3
esp32_device_001,2026-05-20T14:58:40+12:00,33.9,-36.604809,174.802643,3
esp32_device_001,2026-05-20T14:58:45+12:00,33,-36.604828,174.802628,3
esp32_device_001,2026-05-20T14:58:50+12:00,35,-36.604797,174.802582,3
esp32_device_001,2026-05-20T14:58:55+12:00,37.2,-36.604729,174.802536,3
esp32_device_001,2026-05-20T14:59:00+12:00,34.9,-36.604721,174.802536,3
esp32_device_001,2026-05-20T14:59:05+12:00,35.5,-36.604683,174.802536,3
esp32_device_001,2026-05-20T14:59:10+12:00,28.4,-36.604668,174.802597,3
esp32_device_001,2026-05-20T14:59:15+12:00,29.7,-36.604668,174.802597,3
esp32_device_001,2026-05-20T14:59:20+12:00,30.2,-36.604675,174.802612,3
esp32_device_001,2026-05-20T14:59:25+12:00,29.5,-36.604694,174.802628,3
esp32_device_001,2026-05-20T14:59:30+12:00,29.9,-36.604736,174.802628,3
esp32_device_001,2026-05-20T14:59:35+12:00,16.1,-36.604794,174.802673,3
esp32_device_001,2026-05-20T14:59:40+12:00,8.9,-36.604839,174.802704,3
esp32_device_001,2026-05-20T14:59:45+12:00,7.3,-36.604839,174.802704,3
esp32_device_001,2026-05-20T14:59:50+12:00,5.2,-36.604816,174.802658,3
esp32_device_001,2026-05-20T14:59:55+12:00,6.6,-36.604786,174.802673,3
esp32_device_001,2026-05-20T15:00:00+12:00,7.3,-36.604763,174.802673,3
esp32_device_001,2026-05-20T15:00:05+12:00,11,-36.604671,174.802658,3
esp32_device_001,2026-05-20T15:00:10+12:00,14.3,-36.604595,174.802643,3
esp32_device_001,2026-05-20T15:00:15+12:00,13.6,-36.604584,174.802658,3
esp32_device_001,2026-05-20T15:00:20+12:00,15.7,-36.604542,174.802612,3
esp32_device_001,2026-05-20T15:00:25+12:00,13.6,-36.604538,174.802628,3
esp32_device_001,2026-05-20T15:00:30+12:00,11.5,-36.604576,174.802628,3
esp32_device_001,2026-05-20T15:00:35+12:00,10.1,-36.60463,174.802612,3
esp32_device_001,2026-05-20T15:00:40+12:00,6.9,-36.60461,174.802612,3
esp32_device_001,2026-05-20T15:00:45+12:00,5.4,-36.604633,174.802658,3
esp32_device_001,2026-05-20T15:00:50+12:00,3.7,-36.604637,174.802673,3
esp32_device_001,2026-05-20T15:00:55+12:00,3.9,-36.604671,174.802689,3
esp32_device_001,2026-05-20T15:01:00+12:00,3.7,-36.604645,174.802719,3
esp32_device_001,2026-05-20T15:01:05+12:00,3.6,-36.604687,174.802719,3
esp32_device_001,2026-05-20T15:01:10+12:00,3.4,-36.604729,174.802704,3
esp32_device_001,2026-05-20T15:01:15+12:00,4,-36.604752,174.802704,3
esp32_device_001,2026-05-20T15:01:20+12:00,4.7,-36.604763,174.802704,3
esp32_device_001,2026-05-20T15:01:25+12:00,5,-36.604767,174.802719,3
esp32_device_001,2026-05-20T15:01:30+12:00,6.4,-36.604771,174.802689,3
esp32_device_001,2026-05-20T15:01:35+12:00,8.3,-36.604782,174.802673,3
esp32_device_001,2026-05-20T15:01:40+12:00,12.9,-36.604763,174.802643,3
esp32_device_001,2026-05-20T15:01:45+12:00,17.8,-36.604744,174.802628,3
esp32_device_001,2026-05-20T15:01:50+12:00,21.5,-36.604694,174.802612,3
esp32_device_001,2026-05-20T15:01:55+12:00,25.2,-36.604675,174.802597,3
esp32_device_001,2026-05-20T15:02:00+12:00,26.3,-36.604694,174.802597,3
esp32_device_001,2026-05-20T15:02:05+12:00,27.4,-36.604694,174.802582,3
esp32_device_001,2026-05-20T15:02:10+12:00,27.4,-36.604698,174.802582,3
esp32_device_001,2026-05-20T15:02:51+12:00,51.5,-36.604618,174.802505,3
esp32_device_001,2026-05-20T15:02:56+12:00,60.5,-36.604614,174.80249,3
esp32_device_001,2026-05-20T15:03:01+12:00,62.3,-36.604637,174.802521,3
esp32_device_001,2026-05-20T15:03:06+12:00,68.3,-36.604626,174.802521,3
esp32_device_001,2026-05-20T15:03:11+12:00,69.8,-36.604614,174.802505,3
esp32_device_001,2026-05-20T15:03:21+12:00,66.6,-36.604679,174.802567,3
esp32_device_001,2026-05-20T15:03:31+12:00,54.9,-36.604847,174.802689,3
esp32_device_001,2026-05-20T15:03:41+12:00,45.6,-36.604939,174.80275,3
esp32_device_001,2026-05-20T15:04:26+12:00,39.1,-36.604797,174.802643,3
esp32_device_001,2026-05-20T15:05:36+12:00,33.9,-36.604763,174.802582,3
esp32_device_001,2026-05-20T15:05:41+12:00,34.3,-36.604774,174.802582,3
esp32_device_001,2026-05-20T15:06:16+12:00,34.3,-36.604805,174.802597,3
esp32_device_001,2026-05-20T15:07:16+12:00,50.1,-36.604736,174.802551,3
esp32_device_001,2026-05-20T15:07:31+12:00,51.4,-36.604752,174.802567,3
esp32_device_001,2026-05-20T15:07:36+12:00,51.5,-36.604759,174.802567,3
esp32_device_001,2026-05-20T15:07:41+12:00,52.1,-36.604748,174.802567,3
esp32_device_001,2026-05-20T15:07:46+12:00,53.6,-36.60474,174.802567,3
esp32_device_001,2026-05-20T15:07:51+12:00,55.3,-36.60474,174.802567,3
esp32_device_001,2026-05-20T15:07:56+12:00,56.7,-36.60474,174.802567,3
esp32_device_001,2026-05-20T15:08:01+12:00,58.6,-36.604733,174.802567,3
esp32_device_001,2026-05-20T15:08:06+12:00,59.2,-36.604717,174.802551,3
esp32_device_001,2026-05-20T15:08:11+12:00,60.2,-36.604698,174.802551,3
esp32_device_001,2026-05-20T15:08:16+12:00,60.4,-36.604706,174.802551,3
esp32_device_001,2026-05-20T15:08:21+12:00,60.4,-36.604694,174.802551,3
esp32_device_001,2026-05-20T15:08:26+12:00,61.4,-36.604671,174.802536,3
esp32_device_001,2026-05-20T15:08:31+12:00,62.7,-36.604671,174.802536,3
esp32_device_001,2026-05-20T15:08:56+12:00,57.1,-36.604713,174.802551,3
esp32_device_001,2026-05-20T15:09:01+12:00,56.4,-36.604721,174.802567,3
esp32_device_001,2026-05-20T15:09:06+12:00,59.4,-36.604691,174.802536,3
esp32_device_001,2026-05-20T15:09:11+12:00,61.6,-36.604683,174.802505,3
esp32_device_001,2026-05-20T15:09:46+12:00,58.3,-36.60474,174.802551,3
esp32_device_001,2026-05-20T15:09:51+12:00,59.6,-36.604713,174.802536,3
esp32_device_001,2026-05-20T15:09:56+12:00,56.7,-36.60471,174.802551,3
esp32_device_001,2026-05-20T15:10:01+12:00,61.8,-36.604668,174.802521,3
esp32_device_001,2026-05-20T15:10:06+12:00,57.7,-36.604649,174.802551,3
esp32_device_001,2026-05-20T15:10:11+12:00,53.9,-36.604668,174.802551,3
esp32_device_001,2026-05-20T15:10:51+12:00,37.3,-36.604671,174.802597,3
esp32_device_001,2026-05-20T15:10:56+12:00,31.1,-36.604652,174.802643,3
esp32_device_001,2026-05-20T15:11:11+12:00,25.8,-36.60471,174.802719,3
esp32_device_001,2026-05-20T15:11:16+12:00,24.9,-36.604721,174.802719,3
esp32_device_001,2026-05-20T15:11:21+12:00,24,-36.604733,174.802719,3
esp32_device_001,2026-05-20T15:11:26+12:00,23.7,-36.60474,174.802704,3
esp32_device_001,2026-05-20T15:11:31+12:00,23.2,-36.60474,174.802673,3
esp32_device_001,2026-05-20T15:11:36+12:00,23.4,-36.604759,174.802673,3
esp32_device_001,2026-05-20T15:11:41+12:00,24.3,-36.604767,174.802658,3
esp32_device_001,2026-05-20T15:11:46+12:00,24,-36.604763,174.802643,3
esp32_device_001,2026-05-20T15:12:49+12:00,28.6,-36.604763,174.802628,3
esp32_device_001,2026-05-20T15:12:54+12:00,29.3,-36.604771,174.802628,3
esp32_device_001,2026-05-20T15:12:59+12:00,30.5,-36.604771,174.802628,3
esp32_device_001,2026-05-20T15:13:04+12:00,30.3,-36.604786,174.802628,3
esp32_device_001,2026-05-20T15:13:09+12:00,30.3,-36.604794,174.802628,3
esp32_device_001,2026-05-20T15:13:14+12:00,30.8,-36.604794,174.802628,3
esp32_device_001,2026-05-20T15:13:19+12:00,31.5,-36.604801,174.802628,3
esp32_device_001,2026-05-20T15:13:24+12:00,31.8,-36.604809,174.802643,3
esp32_device_001,2026-05-20T15:13:29+12:00,31.8,-36.604809,174.802643,3
esp32_device_001,2026-05-20T15:13:34+12:00,32.1,-36.604809,174.802643,3
esp32_device_001,2026-05-20T15:13:39+12:00,31.6,-36.604813,174.802643,3
esp32_device_001,2026-05-20T15:13:44+12:00,31.1,-36.604813,174.802643,3
esp32_device_001,2026-05-20T15:13:49+12:00,30.3,-36.604824,174.802643,3
esp32_device_001,2026-05-20T15:13:54+12:00,29.7,-36.604836,174.802658,3
esp32_device_001,2026-05-20T15:13:59+12:00,29.5,-36.604847,174.802673,3
esp32_device_001,2026-05-20T15:14:04+12:00,29.5,-36.604851,174.802689,3
esp32_device_001,2026-05-20T15:14:09+12:00,29.4,-36.604847,174.802673,3
esp32_device_001,2026-05-20T15:14:14+12:00,28.8,-36.604855,174.802689,3
esp32_device_001,2026-05-20T15:14:19+12:00,32.4,-36.604828,174.802658,3
esp32_device_001,2026-05-20T15:14:24+12:00,35.7,-36.604809,174.802643,3
esp32_device_001,2026-05-20T15:14:29+12:00,38.1,-36.604794,174.802628,3
esp32_device_001,2026-05-20T15:14:34+12:00,40.8,-36.604774,174.802597,3
esp32_device_001,2026-05-20T15:14:39+12:00,42.7,-36.604778,174.802612,3
esp32_device_001,2026-05-20T15:14:44+12:00,43.3,-36.604767,174.802597,3
esp32_device_001,2026-05-20T15:14:49+12:00,44.1,-36.604763,174.802582,3
esp32_device_001,2026-05-20T15:14:54+12:00,44.7,-36.604755,174.802582,3
esp32_device_001,2026-05-20T15:14:59+12:00,45.5,-36.604755,174.802582,3
esp32_device_001,2026-05-20T15:15:04+12:00,46.1,-36.604752,174.802582,3
esp32_device_001,2026-05-20T15:15:09+12:00,47.1,-36.604744,174.802567,3
esp32_device_001,2026-05-20T15:15:14+12:00,48.2,-36.604759,174.802582,3
esp32_device_001,2026-05-20T15:15:19+12:00,48.8,-36.604759,174.802582,3
esp32_device_001,2026-05-20T15:15:24+12:00,49.4,-36.604755,174.802582,3
esp32_device_001,2026-05-20T15:15:29+12:00,49.9,-36.604759,174.802582,3
esp32_device_001,2026-05-20T15:15:34+12:00,50.1,-36.604759,174.802597,3
esp32_device_001,2026-05-20T15:15:39+12:00,49.1,-36.604767,174.802597,3
esp32_device_001,2026-05-20T15:15:44+12:00,48.3,-36.604771,174.802597,3
esp32_device_001,2026-05-20T15:15:49+12:00,47.6,-36.604771,174.802597,3
esp32_device_001,2026-05-20T15:15:54+12:00,47,-36.604767,174.802582,3
esp32_device_001,2026-05-20T15:15:59+12:00,47.8,-36.604767,174.802597,3
esp32_device_001,2026-05-20T15:16:04+12:00,47.1,-36.604774,174.802597,3
esp32_device_001,2026-05-20T15:16:09+12:00,45.6,-36.604778,174.802597,3
esp32_device_001,2026-05-20T15:16:14+12:00,46.1,-36.604782,174.802597,3
esp32_device_001,2026-05-20T15:16:19+12:00,46.7,-36.604782,174.802597,3
esp32_device_001,2026-05-20T15:16:24+12:00,46.4,-36.604778,174.802597,3
esp32_device_001,2026-05-20T15:16:29+12:00,45.9,-36.604778,174.802597,3
esp32_device_001,2026-05-20T15:16:34+12:00,45.4,-36.604774,174.802597,3
esp32_device_001,2026-05-20T15:16:39+12:00,44.6,-36.604767,174.802597,3
esp32_device_001,2026-05-20T15:16:44+12:00,44.4,-36.604767,174.802597,3
esp32_device_001,2026-05-20T15:16:49+12:00,45,-36.604763,174.802582,3
esp32_device_001,2026-05-20T15:16:54+12:00,46.7,-36.604763,174.802597,3
esp32_device_001,2026-05-20T15:16:59+12:00,47.3,-36.604763,174.802597,3
esp32_device_001,2026-05-20T15:17:04+12:00,47.2,-36.604759,174.802582,3
esp32_device_001,2026-05-20T15:17:09+12:00,47.1,-36.604759,174.802582,3
esp32_device_001,2026-05-20T15:17:14+12:00,46.7,-36.604744,174.802567,3
esp32_device_001,2026-05-20T15:17:19+12:00,46.1,-36.604744,174.802567,3
esp32_device_001,2026-05-20T15:17:24+12:00,45.9,-36.604748,174.802567,3
esp32_device_001,2026-05-20T15:17:29+12:00,45.2,-36.604744,174.802567,3
esp32_device_001,2026-05-20T15:17:34+12:00,44.1,-36.604752,174.802582,3
esp32_device_001,2026-05-20T15:17:39+12:00,44.3,-36.604752,174.802582,3
esp32_device_001,2026-05-20T15:17:44+12:00,45.3,-36.604755,174.802582,3
esp32_device_001,2026-05-20T15:17:49+12:00,44.8,-36.604755,174.802582,3
esp32_device_001,2026-05-20T15:17:54+12:00,44.5,-36.604748,174.802582,3
esp32_device_001,2026-05-20T15:17:59+12:00,45.3,-36.604752,174.802582,3
esp32_device_001,2026-05-20T15:18:04+12:00,45.1,-36.604744,174.802567,3
esp32_device_001,2026-05-20T15:18:09+12:00,45.1,-36.604748,174.802567,3
esp32_device_001,2026-05-20T15:18:14+12:00,45.7,-36.604748,174.802567,3
esp32_device_001,2026-05-20T15:18:19+12:00,45.3,-36.604752,174.802582,3
esp32_device_001,2026-05-20T15:18:24+12:00,44.5,-36.604755,174.802582,3
esp32_device_001,2026-05-20T15:18:29+12:00,43.3,-36.604767,174.802597,3
esp32_device_001,2026-05-20T15:18:34+12:00,43.3,-36.604771,174.802597,3
esp32_device_001,2026-05-20T15:18:39+12:00,42.9,-36.604771,174.802597,3
esp32_device_001,2026-05-20T15:18:44+12:00,42.4,-36.604774,174.802597,3
esp32_device_001,2026-05-20T15:18:49+12:00,42.3,-36.604782,174.802597,3
esp32_device_001,2026-05-20T15:18:54+12:00,42.3,-36.604778,174.802597,3
esp32_device_001,2026-05-20T15:18:59+12:00,42.8,-36.604786,174.802612,3
esp32_device_001,2026-05-20T15:19:04+12:00,42.6,-36.604782,174.802597,3
esp32_device_001,2026-05-20T15:19:09+12:00,42.8,-36.604778,174.802597,3
esp32_device_001,2026-05-20T15:19:14+12:00,43.6,-36.604774,174.802597,3
esp32_device_001,2026-05-20T15:19:19+12:00,43.6,-36.604774,174.802597,3
esp32_device_001,2026-05-20T15:19:24+12:00,43.6,-36.604771,174.802582,3
esp32_device_001,2026-05-20T15:19:29+12:00,42.6,-36.604771,174.802597,3
esp32_device_001,2026-05-20T15:19:34+12:00,42.6,-36.604771,174.802582,3
esp32_device_001,2026-05-20T15:19:39+12:00,43,-36.604771,174.802597,3
esp32_device_001,2026-05-20T15:19:44+12:00,43.8,-36.604778,174.802582,3
esp32_device_001,2026-05-20T15:19:49+12:00,44.1,-36.604782,174.802582,3
esp32_device_001,2026-05-20T15:19:54+12:00,44.4,-36.60479,174.802597,3
esp32_device_001,2026-05-20T15:19:59+12:00,44.4,-36.604794,174.802597,3
esp32_device_001,2026-05-20T15:20:04+12:00,44.2,-36.604801,174.802597,3
esp32_device_001,2026-05-20T15:20:09+12:00,45,-36.604797,174.802582,3
esp32_device_001,2026-05-20T15:20:14+12:00,46.7,-36.604782,174.802567,3
esp32_device_001,2026-05-20T15:20:19+12:00,47.2,-36.604771,174.802567,3
esp32_device_001,2026-05-20T15:20:24+12:00,46.9,-36.604771,174.802567,3
esp32_device_001,2026-05-20T15:20:29+12:00,45.8,-36.604771,174.802582,3
esp32_device_001,2026-05-20T15:20:34+12:00,45.5,-36.604771,174.802582,3
esp32_device_001,2026-05-20T15:20:39+12:00,45.5,-36.604778,174.802597,3
esp32_device_001,2026-05-20T15:20:44+12:00,45.2,-36.604778,174.802597,3
esp32_device_001,2026-05-20T15:20:49+12:00,44.4,-36.604782,174.802597,3
esp32_device_001,2026-05-20T15:20:54+12:00,44,-36.604782,174.802612,3
esp32_device_001,2026-05-20T15:20:59+12:00,43.7,-36.604778,174.802612,3
esp32_device_001,2026-05-20T15:21:04+12:00,43.7,-36.604771,174.802582,3
esp32_device_001,2026-05-20T15:21:09+12:00,44,-36.604767,174.802582,3
esp32_device_001,2026-05-20T15:21:14+12:00,43.7,-36.604767,174.802582,3
esp32_device_001,2026-05-20T15:21:19+12:00,43.2,-36.604763,174.802582,3
esp32_device_001,2026-05-20T15:21:24+12:00,42.9,-36.604755,174.802582,3
esp32_device_001,2026-05-20T15:21:29+12:00,41.6,-36.604755,174.802582,3
esp32_device_001,2026-05-20T15:21:34+12:00,40.6,-36.604755,174.802582,3
esp32_device_001,2026-05-20T15:21:39+12:00,40.3,-36.604752,174.802567,3
esp32_device_001,2026-05-20T15:21:44+12:00,39.8,-36.604759,174.802567,3
esp32_device_001,2026-05-20T15:21:49+12:00,38.8,-36.604763,174.802582,3
esp32_device_001,2026-05-20T15:21:54+12:00,38.5,-36.604774,174.802597,3
esp32_device_001,2026-05-20T15:21:59+12:00,38,-36.604786,174.802597,3
esp32_device_001,2026-05-20T15:22:04+12:00,37.6,-36.60479,174.802612,3
esp32_device_001,2026-05-20T15:22:09+12:00,37.3,-36.604778,174.802612,3
esp32_device_001,2026-05-20T15:22:14+12:00,37,-36.604771,174.802582,3
esp32_device_001,2026-05-20T15:22:19+12:00,36.5,-36.604763,174.802536,3
esp32_device_001,2026-05-20T15:22:24+12:00,35.8,-36.604778,174.802521,3
esp32_device_001,2026-05-20T15:22:29+12:00,35.7,-36.60479,174.802505,3
esp32_device_001,2026-05-20T15:22:34+12:00,34.9,-36.60479,174.802521,3
esp32_device_001,2026-05-20T15:22:39+12:00,34.2,-36.604786,174.802505,3
esp32_device_001,2026-05-20T15:22:44+12:00,32.3,-36.604797,174.802521,3
esp32_device_001,2026-05-20T15:22:49+12:00,30.9,-36.604801,174.802536,3
esp32_device_001,2026-05-20T15:22:54+12:00,29.8,-36.604797,174.802521,3
esp32_device_001,2026-05-20T15:22:59+12:00,28.3,-36.604813,174.802536,3
esp32_device_001,2026-05-20T15:23:04+12:00,27.4,-36.604816,174.802521,3
esp32_device_001,2026-05-20T15:23:09+12:00,26.2,-36.604824,174.802551,3
esp32_device_001,2026-05-20T15:23:14+12:00,25.7,-36.604824,174.802536,3
esp32_device_001,2026-05-20T15:23:19+12:00,25.5,-36.60482,174.802551,3
esp32_device_001,2026-05-20T15:23:24+12:00,25.9,-36.604832,174.802536,3
esp32_device_001,2026-05-20T15:23:29+12:00,25.9,-36.604851,174.802551,3
esp32_device_001,2026-05-20T15:23:34+12:00,24.8,-36.60487,174.802551,3
esp32_device_001,2026-05-20T15:23:39+12:00,24.4,-36.60487,174.802567,3
esp32_device_001,2026-05-20T15:23:44+12:00,24.2,-36.604874,174.802597,3
esp32_device_001,2026-05-20T15:23:49+12:00,25.2,-36.604885,174.802612,3
esp32_device_001,2026-05-20T15:23:54+12:00,24.8,-36.604893,174.802612,3
esp32_device_001,2026-05-20T15:23:59+12:00,25.4,-36.6049,174.802628,3
esp32_device_001,2026-05-20T15:24:04+12:00,25.4,-36.604904,174.802612,3
esp32_device_001,2026-05-20T15:24:09+12:00,25.8,-36.604904,174.802643,3
esp32_device_001,2026-05-20T15:24:14+12:00,26.8,-36.604904,174.802643,3
esp32_device_001,2026-05-20T15:24:19+12:00,27.3,-36.604904,174.802628,3
esp32_device_001,2026-05-20T15:24:24+12:00,27.9,-36.604908,174.802628,3
esp32_device_001,2026-05-20T15:24:29+12:00,27.6,-36.604916,174.802643,3
esp32_device_001,2026-05-20T15:24:34+12:00,28,-36.604904,174.802628,3
esp32_device_001,2026-05-20T15:24:39+12:00,28.9,-36.604885,174.802628,3
esp32_device_001,2026-05-20T15:24:44+12:00,30.6,-36.604874,174.802628,3
esp32_device_001,2026-05-20T15:24:49+12:00,33.2,-36.604862,174.802643,3
esp32_device_001,2026-05-20T15:24:54+12:00,34.5,-36.604858,174.802643,3
esp32_device_001,2026-05-20T15:24:59+12:00,34.7,-36.604843,174.802628,3
esp32_device_001,2026-05-20T15:25:04+12:00,36.1,-36.604836,174.802628,3
esp32_device_001,2026-05-20T15:25:09+12:00,37.4,-36.604832,174.802628,3
esp32_device_001,2026-05-20T15:25:14+12:00,37.1,-36.604839,174.802628,3
esp32_device_001,2026-05-20T15:25:19+12:00,36.2,-36.604832,174.802612,3
esp32_device_001,2026-05-20T15:25:24+12:00,32.9,-36.60482,174.802612,3
esp32_device_001,2026-05-20T15:25:29+12:00,30.3,-36.604824,174.802612,3
esp32_device_001,2026-05-20T15:25:34+12:00,30.4,-36.604828,174.802612,3
esp32_device_001,2026-05-20T15:25:39+12:00,31.1,-36.604832,174.802612,3
esp32_device_001,2026-05-20T15:25:44+12:00,30.1,-36.604839,174.802612,3
esp32_device_001,2026-05-20T15:25:49+12:00,27.4,-36.604839,174.802612,3
esp32_device_001,2026-05-20T15:25:54+12:00,28.2,-36.604839,174.802628,3
esp32_device_001,2026-05-20T15:25:59+12:00,29.1,-36.604828,174.802628,3
esp32_device_001,2026-05-20T15:26:04+12:00,28.8,-36.604824,174.802612,3
esp32_device_001,2026-05-20T15:26:09+12:00,27.6,-36.604824,174.802597,3
esp32_device_001,2026-05-20T15:26:14+12:00,26.3,-36.604824,174.802597,3
esp32_device_001,2026-05-20T15:26:19+12:00,31.7,-36.604797,174.802582,3
esp32_device_001,2026-05-20T15:26:24+12:00,37.4,-36.604774,174.802567,3
esp32_device_001,2026-05-20T15:26:29+12:00,43.9,-36.604752,174.802567,3
esp32_device_001,2026-05-20T15:26:34+12:00,52.8,-36.604721,174.802567,3
esp32_device_001,2026-05-20T15:26:39+12:00,61.3,-36.604687,174.802567,3
esp32_device_001,2026-05-20T15:26:44+12:00,67.8,-36.604664,174.802551,3
esp32_device_001,2026-05-20T15:26:49+12:00,74.9,-36.604637,174.802551,3
esp32_device_001,2026-05-20T15:26:54+12:00,81.4,-36.60461,174.802551,3
esp32_device_001,2026-05-20T15:26:59+12:00,85,-36.604599,174.802551,3
esp32_device_001,2026-05-20T15:27:04+12:00,85.9,-36.604595,174.802551,3
esp32_device_001,2026-05-20T15:27:09+12:00,83.8,-36.604607,174.802551,3
esp32_device_001,2026-05-20T15:27:14+12:00,79.6,-36.60463,174.802536,3
esp32_device_001,2026-05-20T15:27:19+12:00,75.6,-36.604645,174.802536,3
esp32_device_001,2026-05-20T15:27:24+12:00,74,-36.604652,174.802536,3
esp32_device_001,2026-05-20T15:27:29+12:00,73.3,-36.604656,174.802536,3
esp32_device_001,2026-05-20T15:27:34+12:00,72.4,-36.604664,174.802536,3
esp32_device_001,2026-05-20T15:27:39+12:00,71.6,-36.604668,174.802551,3
esp32_device_001,2026-05-20T15:27:44+12:00,70.1,-36.604671,174.802551,3
esp32_device_001,2026-05-20T15:27:49+12:00,67.7,-36.604679,174.802567,3
esp32_device_001,2026-05-20T15:27:54+12:00,65.4,-36.604691,174.802567,3
esp32_device_001,2026-05-20T15:27:59+12:00,63.3,-36.604702,174.802567,3
esp32_device_001,2026-05-20T15:28:04+12:00,61,-36.60471,174.802567,3
esp32_device_001,2026-05-20T15:28:09+12:00,59.2,-36.604717,174.802567,3
esp32_device_001,2026-05-20T15:28:14+12:00,56.5,-36.604725,174.802567,3
esp32_device_001,2026-05-20T15:28:19+12:00,53.9,-36.60474,174.802582,3
esp32_device_001,2026-05-20T15:28:24+12:00,50.6,-36.604759,174.802597,3
esp32_device_001,2026-05-20T15:28:29+12:00,47.9,-36.604771,174.802597,3
esp32_device_001,2026-05-20T15:28:34+12:00,45.2,-36.604782,174.802597,3
esp32_device_001,2026-05-20T15:28:39+12:00,43.1,-36.60479,174.802597,3
esp32_device_001,2026-05-20T15:28:44+12:00,42.2,-36.60479,174.802597,3
esp32_device_001,2026-05-20T15:28:49+12:00,42.5,-36.604801,174.802597,3
esp32_device_001,2026-05-20T15:28:54+12:00,41.7,-36.604809,174.802582,3
esp32_device_001,2026-05-20T15:28:59+12:00,42,-36.604805,174.802582,3
esp32_device_001,2026-05-20T15:29:04+12:00,43.6,-36.60479,174.802582,3
esp32_device_001,2026-05-20T15:29:09+12:00,44.9,-36.604778,174.802567,3
esp32_device_001,2026-05-20T15:29:14+12:00,43.7,-36.60479,174.802567,3
esp32_device_001,2026-05-20T15:29:19+12:00,45.8,-36.604782,174.802551,3
esp32_device_001,2026-05-20T15:29:24+12:00,46.3,-36.604778,174.802521,3
esp32_device_001,2026-05-20T15:29:29+12:00,46.4,-36.604786,174.802521,3
esp32_device_001,2026-05-20T15:29:34+12:00,48.8,-36.604778,174.802536,3
esp32_device_001,2026-05-20T15:29:39+12:00,51.6,-36.604771,174.802536,3
esp32_device_001,2026-05-20T15:29:44+12:00,54.4,-36.604759,174.802536,3
esp32_device_001,2026-05-20T15:29:49+12:00,57.6,-36.604744,174.802536,3
esp32_device_001,2026-05-20T15:29:54+12:00,59.5,-36.604729,174.802551,3
esp32_device_001,2026-05-20T15:29:59+12:00,60.7,-36.604721,174.802551,3
esp32_device_001,2026-05-20T15:30:04+12:00,61.2,-36.604713,174.802567,3
esp32_device_001,2026-05-20T15:30:09+12:00,61.8,-36.604702,174.802567,3
esp32_device_001,2026-05-20T15:30:14+12:00,62.2,-36.604691,174.802567,3
esp32_device_001,2026-05-20T15:30:19+12:00,61.6,-36.604691,174.802582,3
esp32_device_001,2026-05-20T15:30:24+12:00,60.1,-36.604702,174.802582,3
esp32_device_001,2026-05-20T15:30:29+12:00,58.3,-36.604706,174.802582,3
esp32_device_001,2026-05-20T15:30:34+12:00,57.3,-36.60471,174.802582,3
esp32_device_001,2026-05-20T15:30:39+12:00,56,-36.604717,174.802582,3
esp32_device_001,2026-05-20T15:30:44+12:00,56.3,-36.604717,174.802582,3
esp32_device_001,2026-05-20T15:30:49+12:00,57.3,-36.60471,174.802582,3
esp32_device_001,2026-05-20T15:30:54+12:00,57.6,-36.604706,174.802582,3
esp32_device_001,2026-05-20T15:30:59+12:00,56.8,-36.604706,174.802582,3
esp32_device_001,2026-05-20T15:31:04+12:00,57.7,-36.604702,174.802582,3
esp32_device_001,2026-05-20T15:31:09+12:00,58,-36.604694,174.802597,3
esp32_device_001,2026-05-20T15:31:14+12:00,59.2,-36.604691,174.802597,3
esp32_device_001,2026-05-20T15:31:19+12:00,60.3,-36.604687,174.802597,3
esp32_device_001,2026-05-20T15:31:24+12:00,61.3,-36.604679,174.802597,3
esp32_device_001,2026-05-20T15:31:29+12:00,61.5,-36.604675,174.802597,3
esp32_device_001,2026-05-20T15:31:34+12:00,61.4,-36.604675,174.802597,3
esp32_device_001,2026-05-20T15:31:39+12:00,61.5,-36.604679,174.802597,3
esp32_device_001,2026-05-20T15:31:44+12:00,61.2,-36.604687,174.802597,3
esp32_device_001,2026-05-20T15:31:49+12:00,61.3,-36.604683,174.802597,3
esp32_device_001,2026-05-20T15:31:54+12:00,61.5,-36.604679,174.802597,3
esp32_device_001,2026-05-20T15:31:59+12:00,62.3,-36.604671,174.802597,3
esp32_device_001,2026-05-20T15:32:04+12:00,63.4,-36.604675,174.802597,3
esp32_device_001,2026-05-20T15:32:09+12:00,64.7,-36.604679,174.802597,3
esp32_device_001,2026-05-20T15:32:14+12:00,66.9,-36.604671,174.802597,3
esp32_device_001,2026-05-20T15:32:19+12:00,69,-36.604671,174.802597,3
esp32_device_001,2026-05-20T15:32:24+12:00,71.1,-36.60466,174.802597,3
esp32_device_001,2026-05-20T15:32:29+12:00,71.7,-36.604652,174.802597,3
esp32_device_001,2026-05-20T15:32:34+12:00,72,-36.604645,174.802612,3
esp32_device_001,2026-05-20T15:32:39+12:00,72.3,-36.604641,174.802612,3
esp32_device_001,2026-05-20T15:32:44+12:00,71,-36.604645,174.802612,3
esp32_device_001,2026-05-20T15:32:49+12:00,69.6,-36.604652,174.802612,3
esp32_device_001,2026-05-20T15:32:54+12:00,68.3,-36.604656,174.802612,3
esp32_device_001,2026-05-20T15:32:59+12:00,65.9,-36.60466,174.802612,3
esp32_device_001,2026-05-20T15:33:04+12:00,65.4,-36.604664,174.802612,3
esp32_device_001,2026-05-20T15:33:09+12:00,64.2,-36.604668,174.802612,3
esp32_device_001,2026-05-20T15:33:14+12:00,62.4,-36.604671,174.802628,3
esp32_device_001,2026-05-20T15:33:19+12:00,60.5,-36.604675,174.802628,3
esp32_device_001,2026-05-20T15:33:24+12:00,57.8,-36.604687,174.802628,3
esp32_device_001,2026-05-20T15:33:29+12:00,54.8,-36.604698,174.802628,3
esp32_device_001,2026-05-20T15:33:34+12:00,52.2,-36.604713,174.802628,3
esp32_device_001,2026-05-20T15:33:39+12:00,49.4,-36.604721,174.802628,3
esp32_device_001,2026-05-20T15:33:44+12:00,47.1,-36.604733,174.802628,3
esp32_device_001,2026-05-20T15:33:49+12:00,45.3,-36.604744,174.802628,3
esp32_device_001,2026-05-20T15:33:54+12:00,44.3,-36.604752,174.802612,3
esp32_device_001,2026-05-20T15:33:59+12:00,44.8,-36.604748,174.802628,3
esp32_device_001,2026-05-20T15:34:04+12:00,44.6,-36.604748,174.802628,3
esp32_device_001,2026-05-20T15:34:09+12:00,42.9,-36.604748,174.802628,3
esp32_device_001,2026-05-20T15:34:14+12:00,42.8,-36.604744,174.802628,3
esp32_device_001,2026-05-20T15:34:19+12:00,42.8,-36.604744,174.802612,3
esp32_device_001,2026-05-20T15:34:24+12:00,42.6,-36.604748,174.802612,3
esp32_device_001,2026-05-20T15:34:29+12:00,42.9,-36.604752,174.802612,3
esp32_device_001,2026-05-20T15:34:34+12:00,44,-36.604744,174.802612,3
esp32_device_001,2026-05-20T15:34:39+12:00,45.2,-36.604736,174.802612,3
esp32_device_001,2026-05-20T15:34:44+12:00,46.6,-36.604733,174.802612,3
esp32_device_001,2026-05-20T15:34:49+12:00,48.2,-36.604725,174.802612,3
esp32_device_001,2026-05-20T15:34:54+12:00,49.6,-36.604729,174.802612,3
esp32_device_001,2026-05-20T15:34:59+12:00,51.2,-36.604733,174.802612,3
esp32_device_001,2026-05-20T15:35:04+12:00,52,-36.604736,174.802612,3
esp32_device_001,2026-05-20T15:35:09+12:00,54.1,-36.604721,174.802612,3
esp32_device_001,2026-05-20T15:35:14+12:00,54.9,-36.604721,174.802612,3
esp32_device_001,2026-05-20T15:35:19+12:00,55.8,-36.604721,174.802612,3
esp32_device_001,2026-05-20T15:35:24+12:00,55.7,-36.604725,174.802612,3
esp32_device_001,2026-05-20T15:35:29+12:00,56.8,-36.604717,174.802612,3
esp32_device_001,2026-05-20T15:35:34+12:00,56.1,-36.604717,174.802612,3
esp32_device_001,2026-05-20T15:35:39+12:00,56,-36.604721,174.802612,3
esp32_device_001,2026-05-20T15:35:44+12:00,54.2,-36.604733,174.802597,3
esp32_device_001,2026-05-20T15:35:49+12:00,51.5,-36.604733,174.802597,3
esp32_device_001,2026-05-20T15:35:54+12:00,50.3,-36.604744,174.802597,3
esp32_device_001,2026-05-20T15:35:59+12:00,47.3,-36.604763,174.802597,3
esp32_device_001,2026-05-20T15:36:04+12:00,45.9,-36.604774,174.802597,3
esp32_device_001,2026-05-20T15:36:09+12:00,44.8,-36.604782,174.802582,3
esp32_device_001,2026-05-20T15:36:14+12:00,42.3,-36.604816,174.802582,3
esp32_device_001,2026-05-20T15:36:19+12:00,40.5,-36.604843,174.802567,3
esp32_device_001,2026-05-20T15:36:24+12:00,39.9,-36.604851,174.802567,3
esp32_device_001,2026-05-20T15:36:29+12:00,41.2,-36.604847,174.802567,3
esp32_device_001,2026-05-20T15:36:34+12:00,42.5,-36.604843,174.802567,3
esp32_device_001,2026-05-20T15:36:39+12:00,43.4,-36.604847,174.802567,3
esp32_device_001,2026-05-20T15:36:44+12:00,44.4,-36.604851,174.802567,3
esp32_device_001,2026-05-20T15:36:49+12:00,45,-36.604855,174.802567,3
esp32_device_001,2026-05-20T15:36:54+12:00,44.2,-36.604866,174.802567,3
esp32_device_001,2026-05-20T15:36:59+12:00,43.9,-36.604862,174.802582,3
esp32_device_001,2026-05-20T15:37:04+12:00,43.2,-36.604858,174.802582,3
esp32_device_001,2026-05-20T15:37:09+12:00,43,-36.604847,174.802582,3
esp32_device_001,2026-05-20T15:37:14+12:00,42.9,-36.604839,174.802582,3
esp32_device_001,2026-05-20T15:37:19+12:00,43.7,-36.604816,174.802597,3
esp32_device_001,2026-05-20T15:37:24+12:00,43.8,-36.604805,174.802597,3
esp32_device_001,2026-05-20T15:37:29+12:00,44.5,-36.604782,174.802597,3
esp32_device_001,2026-05-20T15:37:34+12:00,44.7,-36.604752,174.802612,3
esp32_device_001,2026-05-20T15:37:39+12:00,46.8,-36.604698,174.802628,3
esp32_device_001,2026-05-20T15:37:44+12:00,49.1,-36.604679,174.802628,3
esp32_device_001,2026-05-20T15:37:49+12:00,48.5,-36.604691,174.802628,3
esp32_device_001,2026-05-20T15:37:54+12:00,48.6,-36.604698,174.802628,3
esp32_device_001,2026-05-20T15:37:59+12:00,46.7,-36.604702,174.802628,3
esp32_device_001,2026-05-20T15:38:04+12:00,43.3,-36.604717,174.802628,3
esp32_device_001,2026-05-20T15:38:09+12:00,42.3,-36.604717,174.802628,3
esp32_device_001,2026-05-20T15:38:14+12:00,40.9,-36.604706,174.802643,3
esp32_device_001,2026-05-20T15:38:19+12:00,40.2,-36.60471,174.802643,3
esp32_device_001,2026-05-20T15:38:24+12:00,40.1,-36.604706,174.802643,3
esp32_device_001,2026-05-20T15:38:29+12:00,40.8,-36.604702,174.802643,3
esp32_device_001,2026-05-20T15:38:34+12:00,41.2,-36.604706,174.802628,3
esp32_device_001,2026-05-20T15:38:39+12:00,41.9,-36.604698,174.802628,3
esp32_device_001,2026-05-20T15:38:44+12:00,43.3,-36.604687,174.802628,3
esp32_device_001,2026-05-20T15:38:49+12:00,42.8,-36.604698,174.802628,3
esp32_device_001,2026-05-20T15:38:54+12:00,42.5,-36.604736,174.802612,3
esp32_device_001,2026-05-20T15:38:59+12:00,42.6,-36.604767,174.802597,3
esp32_device_001,2026-05-20T15:39:04+12:00,42.7,-36.604771,174.802597,3
esp32_device_001,2026-05-20T15:39:09+12:00,42.5,-36.604771,174.802597,3
esp32_device_001,2026-05-20T15:39:14+12:00,42.2,-36.604771,174.802597,3
esp32_device_001,2026-05-20T15:39:19+12:00,42.4,-36.604778,174.802597,3
esp32_device_001,2026-05-20T15:39:24+12:00,42.5,-36.604774,174.802597,3
esp32_device_001,2026-05-20T15:39:29+12:00,42.6,-36.604771,174.802597,3
esp32_device_001,2026-05-20T15:39:34+12:00,42,-36.604797,174.802582,3
esp32_device_001,2026-05-20T15:39:39+12:00,42.6,-36.604774,174.802582,3
esp32_device_001,2026-05-20T15:39:44+12:00,43,-36.604767,174.802582,3
esp32_device_001,2026-05-20T15:39:49+12:00,42.8,-36.604755,174.802597,3
esp32_device_001,2026-05-20T15:39:54+12:00,42.3,-36.604778,174.802582,3
esp32_device_001,2026-05-20T15:39:59+12:00,42.2,-36.604797,174.802582,3
esp32_device_001,2026-05-20T15:40:04+12:00,43.3,-36.604794,174.802582,3
esp32_device_001,2026-05-20T15:40:09+12:00,44.7,-36.604782,174.802597,3
esp32_device_001,2026-05-20T15:40:14+12:00,44.8,-36.604786,174.802597,3
esp32_device_001,2026-05-20T15:40:19+12:00,45.2,-36.604794,174.802597,3
esp32_device_001,2026-05-20T15:40:24+12:00,44.8,-36.604797,174.802597,3
esp32_device_001,2026-05-20T15:40:29+12:00,46.1,-36.60479,174.802597,3
esp32_device_001,2026-05-20T15:40:34+12:00,47.9,-36.604774,174.802597,3
esp32_device_001,2026-05-20T15:40:39+12:00,49.1,-36.604759,174.802597,3
esp32_device_001,2026-05-20T15:40:44+12:00,48.7,-36.604759,174.802612,3
esp32_device_001,2026-05-20T15:40:49+12:00,49.3,-36.604759,174.802597,3
esp32_device_001,2026-05-20T15:40:54+12:00,50.7,-36.604763,174.802612,3
esp32_device_001,2026-05-20T15:40:59+12:00,52.9,-36.604759,174.802612,3
esp32_device_001,2026-05-20T15:41:04+12:00,54.1,-36.604744,174.802612,3
esp32_device_001,2026-05-20T15:41:09+12:00,55.7,-36.604725,174.802612,3
esp32_device_001,2026-05-20T15:41:14+12:00,55.8,-36.604717,174.802612,3
esp32_device_001,2026-05-20T15:41:19+12:00,54.8,-36.604713,174.802612,3
esp32_device_001,2026-05-20T15:41:24+12:00,50.4,-36.604721,174.802612,3
esp32_device_001,2026-05-20T15:41:29+12:00,47,-36.604717,174.802612,3
esp32_device_001,2026-05-20T15:41:34+12:00,45.1,-36.604706,174.802628,3
esp32_device_001,2026-05-20T15:41:39+12:00,42.4,-36.604694,174.802628,3
esp32_device_001,2026-05-20T15:41:44+12:00,40.8,-36.604687,174.802628,3
esp32_device_001,2026-05-20T15:41:49+12:00,39.7,-36.604679,174.802643,3
esp32_device_001,2026-05-20T15:41:54+12:00,40.6,-36.604679,174.802643,3
esp32_device_001,2026-05-20T15:41:59+12:00,41.3,-36.604679,174.802643,3
esp32_device_001,2026-05-20T15:42:04+12:00,43.2,-36.604691,174.802643,3
esp32_device_001,2026-05-20T15:42:09+12:00,46,-36.604702,174.802643,3
esp32_device_001,2026-05-20T15:42:14+12:00,47.7,-36.604713,174.802628,3
esp32_device_001,2026-05-20T15:42:19+12:00,48.6,-36.604721,174.802628,3
esp32_device_001,2026-05-20T15:42:24+12:00,49.8,-36.604744,174.802628,3
esp32_device_001,2026-05-20T15:42:29+12:00,50.5,-36.604748,174.802628,3
esp32_device_001,2026-05-20T15:42:34+12:00,50.9,-36.604752,174.802628,3
esp32_device_001,2026-05-20T15:42:39+12:00,50.5,-36.60474,174.802628,3
esp32_device_001,2026-05-20T15:42:44+12:00,50.4,-36.604729,174.802628,3
esp32_device_001,2026-05-20T15:42:49+12:00,51.6,-36.604729,174.802628,3
esp32_device_001,2026-05-20T15:42:54+12:00,50.8,-36.604748,174.802612,3
esp32_device_001,2026-05-20T15:42:59+12:00,51.3,-36.604752,174.802612,3
esp32_device_001,2026-05-20T15:43:04+12:00,51.2,-36.604736,174.802612,3
esp32_device_001,2026-05-20T15:43:09+12:00,51.9,-36.604713,174.802612,3
esp32_device_001,2026-05-20T15:43:14+12:00,52.7,-36.604733,174.802612,3
esp32_device_001,2026-05-20T15:43:19+12:00,53.9,-36.604748,174.802612,3
esp32_device_001,2026-05-20T15:43:24+12:00,55.2,-36.604759,174.802597,3
esp32_device_001,2026-05-20T15:43:29+12:00,55.2,-36.604755,174.802597,3
esp32_device_001,2026-05-20T15:43:34+12:00,53.8,-36.604736,174.802597,3
esp32_device_001,2026-05-20T15:43:39+12:00,55,-36.604725,174.802597,3
esp32_device_001,2026-05-20T15:43:44+12:00,58.2,-36.604721,174.802582,3
esp32_device_001,2026-05-20T15:43:49+12:00,58.4,-36.604721,174.802582,3
esp32_device_001,2026-05-20T15:43:54+12:00,58.4,-36.604721,174.802582,3
esp32_device_001,2026-05-20T15:43:59+12:00,58.2,-36.604736,174.802582,3
esp32_device_001,2026-05-20T15:44:04+12:00,58.2,-36.604736,174.802582,3
esp32_device_001,2026-05-20T15:44:09+12:00,57.9,-36.604736,174.802582,3
esp32_device_001,2026-05-20T15:44:14+12:00,58.6,-36.604736,174.802582,3
esp32_device_001,2026-05-20T15:44:19+12:00,57.8,-36.60474,174.802582,3
esp32_device_001,2026-05-20T15:44:24+12:00,58.1,-36.604744,174.802582,3
esp32_device_001,2026-05-20T15:44:29+12:00,58.8,-36.604736,174.802582,3
esp32_device_001,2026-05-20T15:44:34+12:00,58.2,-36.604729,174.802582,3
esp32_device_001,2026-05-20T15:44:39+12:00,57.8,-36.604733,174.802582,3
esp32_device_001,2026-05-20T15:44:44+12:00,57.1,-36.60474,174.802582,3
esp32_device_001,2026-05-20T15:44:49+12:00,56.4,-36.604744,174.802582,3
esp32_device_001,2026-05-20T15:44:54+12:00,55,-36.60474,174.802582,3
esp32_device_001,2026-05-20T15:44:59+12:00,53.8,-36.604748,174.802582,3
esp32_device_001,2026-05-20T15:45:04+12:00,53.2,-36.60474,174.802582,3
esp32_device_001,2026-05-20T15:45:09+12:00,52.4,-36.604748,174.802582,3
esp32_device_001,2026-05-20T15:45:14+12:00,51.3,-36.604752,174.802597,3
esp32_device_001,2026-05-20T15:45:19+12:00,50.9,-36.604755,174.802597,3
esp32_device_001,2026-05-20T15:45:24+12:00,53,-36.604736,174.802582,3
esp32_device_001,2026-05-20T15:45:29+12:00,56.8,-36.604698,174.802582,3
esp32_device_001,2026-05-20T15:45:34+12:00,59.9,-36.604675,174.802582,3
esp32_device_001,2026-05-20T15:45:39+12:00,63.2,-36.60466,174.802582,3
esp32_device_001,2026-05-20T15:45:44+12:00,65.7,-36.604652,174.802567,3
esp32_device_001,2026-05-20T15:45:49+12:00,65.7,-36.604664,174.802551,3
esp32_device_001,2026-05-20T15:45:54+12:00,65.3,-36.604675,174.802567,3
esp32_device_001,2026-05-20T15:45:59+12:00,64.7,-36.604687,174.802567,3
esp32_device_001,2026-05-20T15:46:04+12:00,63.8,-36.604687,174.802567,3
esp32_device_001,2026-05-20T15:46:09+12:00,63.6,-36.604683,174.802567,3
esp32_device_001,2026-05-20T15:46:14+12:00,63.5,-36.604675,174.802567,3
esp32_device_001,2026-05-20T15:46:19+12:00,61.7,-36.604687,174.802567,3
esp32_device_001,2026-05-20T15:46:24+12:00,59.9,-36.604702,174.802567,3
esp32_device_001,2026-05-20T15:46:29+12:00,59,-36.60471,174.802582,3
esp32_device_001,2026-05-20T15:46:34+12:00,57.9,-36.604721,174.802582,3
esp32_device_001,2026-05-20T15:46:39+12:00,57.1,-36.604725,174.802582,3
esp32_device_001,2026-05-20T15:46:44+12:00,55.8,-36.604733,174.802582,3
esp32_device_001,2026-05-20T15:46:49+12:00,54.6,-36.604733,174.802567,3
esp32_device_001,2026-05-20T15:46:54+12:00,52.8,-36.604736,174.802567,3
esp32_device_001,2026-05-20T15:46:59+12:00,51.6,-36.604733,174.802567,3
esp32_device_001,2026-05-20T15:47:04+12:00,50.8,-36.604744,174.802567,3
esp32_device_001,2026-05-20T15:47:09+12:00,49.5,-36.604759,174.802567,3
esp32_device_001,2026-05-20T15:47:14+12:00,47.6,-36.604767,174.802567,3
esp32_device_001,2026-05-20T15:47:19+12:00,45.5,-36.60479,174.802567,3
esp32_device_001,2026-05-20T15:47:24+12:00,44.5,-36.604774,174.802567,3
esp32_device_001,2026-05-20T15:47:29+12:00,42.2,-36.604748,174.802567,3
esp32_device_001,2026-05-20T15:47:34+12:00,42.5,-36.604717,174.802567,3
esp32_device_001,2026-05-20T15:47:39+12:00,43.8,-36.604717,174.802582,3
esp32_device_001,2026-05-20T15:47:44+12:00,44.5,-36.604733,174.802597,3
esp32_device_001,2026-05-20T15:47:49+12:00,45.9,-36.604748,174.802582,3
esp32_device_001,2026-05-20T15:47:54+12:00,48.5,-36.604748,174.802582,3
esp32_device_001,2026-05-20T15:47:59+12:00,51.3,-36.604759,174.802582,3
esp32_device_001,2026-05-20T15:48:04+12:00,52.5,-36.604755,174.802582,3
esp32_device_001,2026-05-20T15:48:09+12:00,53.6,-36.604759,174.802582,3
esp32_device_001,2026-05-20T15:48:14+12:00,53.2,-36.60474,174.802582,3
esp32_device_001,2026-05-20T15:48:19+12:00,52.8,-36.604771,174.802582,3
esp32_device_001,2026-05-20T15:48:24+12:00,52.9,-36.604824,174.802567,3
esp32_device_001,2026-05-20T15:48:29+12:00,53.6,-36.604862,174.802582,3
esp32_device_001,2026-05-20T15:48:34+12:00,53.8,-36.604862,174.802582,3
esp32_device_001,2026-05-20T15:48:39+12:00,50.5,-36.60487,174.802597,3
esp32_device_001,2026-05-20T15:48:44+12:00,46.1,-36.604874,174.802597,3
esp32_device_001,2026-05-20T15:48:49+12:00,44.3,-36.604877,174.802597,3
esp32_device_001,2026-05-20T15:48:54+12:00,42.8,-36.604847,174.802597,3
esp32_device_001,2026-05-20T15:48:59+12:00,40.7,-36.604816,174.802582,3
esp32_device_001,2026-05-20T15:49:04+12:00,37.8,-36.604797,174.802582,3
esp32_device_001,2026-05-20T15:49:09+12:00,34.2,-36.604759,174.802567,3
esp32_device_001,2026-05-20T15:49:14+12:00,29.2,-36.604717,174.802567,3
esp32_device_001,2026-05-20T15:49:19+12:00,26.1,-36.604698,174.802567,3
esp32_device_001,2026-05-20T15:49:24+12:00,25.4,-36.604717,174.802551,3
esp32_device_001,2026-05-20T15:49:29+12:00,24.8,-36.604748,174.802551,3
esp32_device_001,2026-05-20T15:49:34+12:00,24.6,-36.604778,174.802551,3
esp32_device_001,2026-05-20T15:49:39+12:00,26.2,-36.604805,174.802551,3
esp32_device_001,2026-05-20T15:49:44+12:00,28.7,-36.604824,174.802536,3
esp32_device_001,2026-05-20T15:49:49+12:00,38.7,-36.604824,174.802536,3
esp32_device_001,2026-05-20T15:49:54+12:00,51.3,-36.604794,174.802551,3
esp32_device_001,2026-05-20T15:49:59+12:00,60.1,-36.604774,174.802567,3
esp32_device_001,2026-05-20T15:50:04+12:00,61.2,-36.604778,174.802551,3
esp32_device_001,2026-05-20T15:50:09+12:00,60.5,-36.604771,174.802567,3
esp32_device_001,2026-05-20T15:50:14+12:00,58.4,-36.60479,174.802551,3
esp32_device_001,2026-05-20T15:50:19+12:00,55.6,-36.604794,174.802551,3
esp32_device_001,2026-05-20T15:50:24+12:00,54.7,-36.604797,174.802536,3
esp32_device_001,2026-05-20T15:50:29+12:00,54.2,-36.604794,174.802536,3
esp32_device_001,2026-05-20T15:50:34+12:00,53.5,-36.60479,174.802536,3
esp32_device_001,2026-05-20T15:50:39+12:00,53.7,-36.604767,174.802551,3
esp32_device_001,2026-05-20T15:50:44+12:00,53.6,-36.604759,174.802567,3
esp32_device_001,2026-05-20T15:50:49+12:00,53,-36.604759,174.802567,3
esp32_device_001,2026-05-20T15:50:54+12:00,52.5,-36.604752,174.802567,3
esp32_device_001,2026-05-20T15:50:59+12:00,52.1,-36.604748,174.802567,3
esp32_device_001,2026-05-20T15:51:04+12:00,51.6,-36.604759,174.802567,3
esp32_device_001,2026-05-20T15:51:09+12:00,52.3,-36.60474,174.802582,3
esp32_device_001,2026-05-20T15:51:14+12:00,52.6,-36.604744,174.802582,3
esp32_device_001,2026-05-20T15:51:19+12:00,53.1,-36.604736,174.802582,3
esp32_device_001,2026-05-20T15:51:24+12:00,53,-36.604744,174.802582,3
esp32_device_001,2026-05-20T15:51:29+12:00,53.3,-36.604755,174.802582,3
esp32_device_001,2026-05-20T15:51:34+12:00,54.4,-36.604736,174.802582,3
esp32_device_001,2026-05-20T15:51:39+12:00,54.1,-36.604736,174.802582,3
esp32_device_001,2026-05-20T15:51:44+12:00,53.6,-36.604744,174.802582,3
esp32_device_001,2026-05-20T15:51:49+12:00,53,-36.604759,174.802567,3
esp32_device_001,2026-05-20T15:51:54+12:00,53.1,-36.604755,174.802582,3
esp32_device_001,2026-05-20T15:51:59+12:00,53.5,-36.604763,174.802567,3
esp32_device_001,2026-05-20T15:52:04+12:00,53.9,-36.604763,174.802582,3
esp32_device_001,2026-05-20T15:52:09+12:00,54.4,-36.60474,174.802582,3
esp32_device_001,2026-05-20T15:52:14+12:00,55.4,-36.60471,174.802597,3
esp32_device_001,2026-05-20T15:52:19+12:00,56.4,-36.604702,174.802582,3
esp32_device_001,2026-05-20T15:52:24+12:00,56.6,-36.604713,174.802597,3
esp32_device_001,2026-05-20T15:52:29+12:00,56.9,-36.604736,174.802597,3
esp32_device_001,2026-05-20T15:52:34+12:00,56.5,-36.604733,174.802597,3
esp32_device_001,2026-05-20T15:52:39+12:00,55,-36.60474,174.802597,3
esp32_device_001,2026-05-20T15:52:44+12:00,54.4,-36.604736,174.802597,3
esp32_device_001,2026-05-20T15:52:49+12:00,52.8,-36.604729,174.802597,3
esp32_device_001,2026-05-20T15:52:54+12:00,51.5,-36.604744,174.802597,3
esp32_device_001,2026-05-20T15:52:59+12:00,52.3,-36.604729,174.802582,3
esp32_device_001,2026-05-20T15:53:04+12:00,53,-36.60474,174.802582,3
esp32_device_001,2026-05-20T15:53:09+12:00,53.3,-36.604752,174.802582,3
esp32_device_001,2026-05-20T15:53:14+12:00,53.4,-36.604755,174.802582,3
esp32_device_001,2026-05-20T15:53:19+12:00,53.8,-36.604759,174.802582,3
esp32_device_001,2026-05-20T15:53:24+12:00,53.8,-36.604774,174.802582,3
esp32_device_001,2026-05-20T15:53:29+12:00,51.8,-36.604778,174.802597,3
esp32_device_001,2026-05-20T15:53:34+12:00,52.1,-36.60479,174.802582,3
esp32_device_001,2026-05-20T15:53:39+12:00,52,-36.604794,174.802582,3
esp32_device_001,2026-05-20T15:53:44+12:00,49.8,-36.604816,174.802567,3
esp32_device_001,2026-05-20T15:53:49+12:00,48.2,-36.604816,174.802567,3
esp32_device_001,2026-05-20T15:53:54+12:00,48.2,-36.604805,174.802582,3
esp32_device_001,2026-05-20T15:53:59+12:00,47.1,-36.604797,174.802582,3
esp32_device_001,2026-05-20T15:54:04+12:00,47.1,-36.60479,174.802582,3
esp32_device_001,2026-05-20T15:54:09+12:00,46.4,-36.604801,174.802582,3
esp32_device_001,2026-05-20T15:54:14+12:00,46.1,-36.604809,174.802582,3
esp32_device_001,2026-05-20T15:54:19+12:00,45.8,-36.60482,174.802582,3
esp32_device_001,2026-05-20T15:54:24+12:00,46,-36.604816,174.802582,3
esp32_device_001,2026-05-20T15:54:29+12:00,45.7,-36.604816,174.802582,3
esp32_device_001,2026-05-20T15:54:34+12:00,45.2,-36.604824,174.802567,3
esp32_device_001,2026-05-20T15:54:39+12:00,45.2,-36.604828,174.802567,3
esp32_device_001,2026-05-20T15:54:44+12:00,44.8,-36.604824,174.802567,3
esp32_device_001,2026-05-20T15:54:49+12:00,44.7,-36.604824,174.802567,3
esp32_device_001,2026-05-20T15:54:54+12:00,44.4,-36.604801,174.802582,3
esp32_device_001,2026-05-20T15:54:59+12:00,44.6,-36.604794,174.802582,3
esp32_device_001,2026-05-20T15:55:04+12:00,44.7,-36.604778,174.802597,3
esp32_device_001,2026-05-20T15:55:09+12:00,44.6,-36.604774,174.802597,3
esp32_device_001,2026-05-20T15:55:14+12:00,45,-36.60479,174.802597,3
esp32_device_001,2026-05-20T15:55:19+12:00,45.1,-36.604786,174.802597,3
esp32_device_001,2026-05-20T15:55:24+12:00,45.5,-36.60479,174.802597,3
esp32_device_001,2026-05-20T15:55:29+12:00,45,-36.60479,174.802597,3
esp32_device_001,2026-05-20T15:55:34+12:00,45.5,-36.604794,174.802597,3
esp32_device_001,2026-05-20T15:55:39+12:00,46.1,-36.60479,174.802597,3
esp32_device_001,2026-05-20T15:55:44+12:00,46.4,-36.604786,174.802597,3
esp32_device_001,2026-05-20T15:55:49+12:00,46.9,-36.604782,174.802582,3
esp32_device_001,2026-05-20T15:55:54+12:00,46.9,-36.604782,174.802597,3
esp32_device_001,2026-05-20T15:55:59+12:00,46.8,-36.60479,174.802582,3
esp32_device_001,2026-05-20T15:56:04+12:00,47.3,-36.60479,174.802582,3
esp32_device_001,2026-05-20T15:56:09+12:00,48.7,-36.60479,174.802582,3
esp32_device_001,2026-05-20T15:56:14+12:00,49.9,-36.604778,174.802582,3
esp32_device_001,2026-05-20T15:56:19+12:00,50.9,-36.604771,174.802582,3
esp32_device_001,2026-05-20T15:56:24+12:00,51.4,-36.604763,174.802582,3
esp32_device_001,2026-05-20T15:56:29+12:00,50.1,-36.604759,174.802597,3
esp32_device_001,2026-05-20T15:56:34+12:00,50.4,-36.604755,174.802597,3
esp32_device_001,2026-05-20T15:56:39+12:00,51.4,-36.60474,174.802597,3
esp32_device_001,2026-05-20T15:56:44+12:00,52.2,-36.604725,174.802597,3
esp32_device_001,2026-05-20T15:56:49+12:00,52,-36.60471,174.802612,3
esp32_device_001,2026-05-20T15:56:54+12:00,52.5,-36.604706,174.802612,3
esp32_device_001,2026-05-20T15:56:59+12:00,53.2,-36.604706,174.802612,3
esp32_device_001,2026-05-20T15:57:04+12:00,53.9,-36.604706,174.802612,3
esp32_device_001,2026-05-20T15:57:09+12:00,52.9,-36.60471,174.802612,3
esp32_device_001,2026-05-20T15:59:00+12:00,53,-36.604744,174.802582,3
esp32_device_001,2026-05-20T15:59:05+12:00,52.7,-36.604744,174.802597,3
esp32_device_001,2026-05-20T15:59:10+12:00,52.6,-36.604755,174.802597,3
esp32_device_001,2026-05-20T15:59:15+12:00,52.7,-36.604767,174.802597,3
esp32_device_001,2026-05-20T15:59:20+12:00,52,-36.604755,174.802597,3
esp32_device_001,2026-05-20T15:59:25+12:00,51.2,-36.604771,174.802597,3
esp32_device_001,2026-05-20T15:59:30+12:00,50.7,-36.604774,174.802597,3
esp32_device_001,2026-05-20T15:59:35+12:00,50.6,-36.604786,174.802597,3
esp32_device_001,2026-05-20T15:59:40+12:00,49.7,-36.604786,174.802597,3
esp32_device_001,2026-05-20T15:59:45+12:00,50.3,-36.60479,174.802597,3
esp32_device_001,2026-05-20T15:59:50+12:00,50.2,-36.604801,174.802597,3
esp32_device_001,2026-05-20T15:59:55+12:00,51,-36.604805,174.802582,3
esp32_device_001,2026-05-20T16:00:00+12:00,50.8,-36.604801,174.802582,3
esp32_device_001,2026-05-20T16:00:05+12:00,50.2,-36.604805,174.802582,3
esp32_device_001,2026-05-20T16:00:10+12:00,49.9,-36.604813,174.802582,3
esp32_device_001,2026-05-20T16:00:15+12:00,48.7,-36.604809,174.802582,3
esp32_device_001,2026-05-20T16:00:20+12:00,48.7,-36.604778,174.802597,3
esp32_device_001,2026-05-20T16:00:25+12:00,50.4,-36.604782,174.802597,3
esp32_device_001,2026-05-20T16:00:30+12:00,51.5,-36.604786,174.802612,3
esp32_device_001,2026-05-20T16:00:35+12:00,52.4,-36.604767,174.802628,3
esp32_device_001,2026-05-20T16:00:40+12:00,52.4,-36.604774,174.802628,3
esp32_device_001,2026-05-20T16:00:45+12:00,52.3,-36.604771,174.802643,3
esp32_device_001,2026-05-20T16:00:50+12:00,52,-36.604786,174.802643,3
esp32_device_001,2026-05-20T16:00:55+12:00,51.8,-36.604809,174.802628,3
esp32_device_001,2026-05-20T16:01:00+12:00,51.6,-36.604809,174.802628,3
esp32_device_001,2026-05-20T16:01:05+12:00,50.8,-36.604809,174.802628,3
esp32_device_001,2026-05-20T16:01:10+12:00,49.7,-36.604805,174.802628,3
esp32_device_001,2026-05-20T16:01:15+12:00,49.1,-36.604794,174.802628,3
esp32_device_001,2026-05-20T16:01:20+12:00,48.4,-36.604786,174.802628,3
esp32_device_001,2026-05-20T16:01:25+12:00,48.1,-36.604774,174.802628,3
esp32_device_001,2026-05-20T16:01:30+12:00,47.8,-36.604778,174.802628,3
esp32_device_001,2026-05-20T16:01:35+12:00,47.2,-36.604782,174.802628,3
esp32_device_001,2026-05-20T16:01:40+12:00,46.9,-36.604774,174.802628,3
esp32_device_001,2026-05-20T16:01:45+12:00,46.6,-36.604771,174.802628,3
esp32_device_001,2026-05-20T16:01:50+12:00,46.9,-36.604771,174.802628,3
esp32_device_001,2026-05-20T16:01:55+12:00,46.9,-36.604759,174.802628,3
esp32_device_001,2026-05-20T16:02:00+12:00,46.9,-36.604755,174.802628,3
esp32_device_001,2026-05-20T16:02:05+12:00,46.3,-36.604759,174.802628,3
esp32_device_001,2026-05-20T16:02:10+12:00,45.8,-36.604771,174.802612,3
esp32_device_001,2026-05-20T16:02:35+12:00,57.1,-36.604759,174.802612,3
esp32_device_001,2026-05-20T16:02:40+12:00,56.7,-36.604763,174.802612,3
esp32_device_001,2026-05-20T16:02:45+12:00,55.6,-36.604752,174.802612,3
esp32_device_001,2026-05-20T16:02:50+12:00,54.9,-36.604755,174.802612,3
esp32_device_001,2026-05-20T16:02:55+12:00,54.3,-36.604759,174.802612,3
esp32_device_001,2026-05-20T16:03:00+12:00,53.2,-36.604774,174.802597,3
esp32_device_001,2026-05-20T16:03:05+12:00,52.1,-36.604786,174.802597,3
esp32_device_001,2026-05-20T16:03:10+12:00,51.7,-36.604805,174.802582,3
esp32_device_001,2026-05-20T16:03:15+12:00,51.4,-36.60482,174.802567,3
esp32_device_001,2026-05-20T16:03:20+12:00,51.6,-36.604824,174.802551,3
esp32_device_001,2026-05-20T16:03:25+12:00,51.9,-36.604816,174.802567,3
esp32_device_001,2026-05-20T16:03:30+12:00,51.2,-36.604816,174.802567,3
esp32_device_001,2026-05-20T16:03:35+12:00,51,-36.60479,174.802597,3
esp32_device_001,2026-05-20T16:03:40+12:00,49.4,-36.604771,174.802628,3
esp32_device_001,2026-05-20T16:03:45+12:00,47.4,-36.604778,174.802628,3
esp32_device_001,2026-05-20T16:03:50+12:00,43.6,-36.604794,174.802628,3
esp32_device_001,2026-05-20T16:03:55+12:00,42.2,-36.604801,174.802628,3
esp32_device_001,2026-05-20T16:04:00+12:00,41.7,-36.604805,174.802628,3
esp32_device_001,2026-05-20T16:04:05+12:00,25.8,-36.604862,174.802597,3
esp32_device_001,2026-05-20T16:04:10+12:00,24.6,-36.604874,174.802612,3
esp32_device_001,2026-05-20T16:04:15+12:00,37.5,-36.604839,174.802597,3
esp32_device_001,2026-05-20T16:04:20+12:00,62.5,-36.604767,174.802597,3
esp32_device_001,2026-05-20T16:04:25+12:00,65.2,-36.604759,174.802612,3
esp32_device_001,2026-05-20T16:04:30+12:00,63.6,-36.604771,174.802612,3
esp32_device_001,2026-05-20T16:04:35+12:00,63.6,-36.604767,174.802582,3
esp32_device_001,2026-05-20T16:04:40+12:00,63.7,-36.604774,174.802582,3
esp32_device_001,2026-05-20T16:04:45+12:00,63.4,-36.604759,174.802582,3
esp32_device_001,2026-05-20T16:04:50+12:00,62.2,-36.604752,174.802551,3
esp32_device_001,2026-05-20T16:04:55+12:00,60.8,-36.60474,174.802567,3
esp32_device_001,2026-05-20T16:05:00+12:00,59.6,-36.60474,174.802567,3
esp32_device_001,2026-05-20T16:05:05+12:00,57.3,-36.604744,174.802551,3
esp32_device_001,2026-05-20T16:05:10+12:00,56,-36.604752,174.802582,3
esp32_device_001,2026-05-20T16:05:15+12:00,54,-36.604767,174.802582,3
esp32_device_001,2026-05-20T16:05:20+12:00,50.6,-36.604778,174.802567,3
esp32_device_001,2026-05-20T16:05:25+12:00,47.6,-36.60479,174.802567,3
esp32_device_001,2026-05-20T16:05:30+12:00,41.6,-36.604836,174.802551,3
esp32_device_001,2026-05-20T16:05:35+12:00,35.3,-36.604851,174.802551,3
esp32_device_001,2026-05-20T16:05:40+12:00,34.6,-36.604847,174.802567,3
esp32_device_001,2026-05-20T16:05:45+12:00,33.7,-36.604832,174.802567,3
esp32_device_001,2026-05-20T16:05:50+12:00,38,-36.60479,174.802551,3
esp32_device_001,2026-05-20T16:05:55+12:00,38.5,-36.604763,174.802567,3
esp32_device_001,2026-05-20T16:06:00+12:00,54.7,-36.604721,174.802582,3
esp32_device_001,2026-05-20T16:06:05+12:00,65.8,-36.604698,174.802567,3
esp32_device_001,2026-05-20T16:06:10+12:00,67.3,-36.604706,174.802597,3
esp32_device_001,2026-05-20T16:06:15+12:00,68.1,-36.604713,174.802597,3
esp32_device_001,2026-05-20T16:06:20+12:00,69.1,-36.60471,174.802628,3
esp32_device_001,2026-05-20T16:06:25+12:00,70.3,-36.604694,174.802643,3
esp32_device_001,2026-05-20T16:06:30+12:00,71.6,-36.604706,174.802643,3
esp32_device_001,2026-05-20T16:06:35+12:00,72.7,-36.604717,174.802628,3
esp32_device_001,2026-05-20T16:06:40+12:00,74.2,-36.604717,174.802628,3
esp32_device_001,2026-05-20T16:06:45+12:00,74.8,-36.604725,174.802612,3
esp32_device_001,2026-05-20T16:06:50+12:00,75.6,-36.604729,174.802597,3
esp32_device_001,2026-05-20T16:06:55+12:00,75.6,-36.604729,174.802597,3
esp32_device_001,2026-05-20T16:07:00+12:00,75.6,-36.604736,174.802628,3
esp32_device_001,2026-05-20T16:07:05+12:00,75.7,-36.60474,174.802628,3
esp32_device_001,2026-05-20T16:07:10+12:00,75.2,-36.604721,174.802612,3
esp32_device_001,2026-05-20T16:07:15+12:00,74.4,-36.604717,174.802612,3
esp32_device_001,2026-05-20T16:07:20+12:00,73.8,-36.604713,174.802612,3
esp32_device_001,2026-05-20T16:07:25+12:00,74.8,-36.604729,174.802628,3
esp32_device_001,2026-05-20T16:07:30+12:00,76.3,-36.604736,174.802628,3
esp32_device_001,2026-05-20T16:07:35+12:00,77.3,-36.604733,174.802643,3
esp32_device_001,2026-05-20T16:07:40+12:00,77.2,-36.604713,174.802643,3
esp32_device_001,2026-05-20T16:07:45+12:00,76.1,-36.604717,174.802643,3
esp32_device_001,2026-05-20T16:07:50+12:00,74.7,-36.604721,174.802643,3
esp32_device_001,2026-05-20T16:07:55+12:00,73.9,-36.604733,174.802643,3
esp32_device_001,2026-05-20T16:08:00+12:00,73.2,-36.604725,174.802658,3
esp32_device_001,2026-05-20T16:08:05+12:00,72.5,-36.604725,174.802689,3
esp32_device_001,2026-05-20T16:08:10+12:00,73.8,-36.604744,174.802704,3
esp32_device_001,2026-05-20T16:08:15+12:00,73.7,-36.604759,174.802704,3
esp32_device_001,2026-05-20T16:08:20+12:00,72.6,-36.604767,174.802719,3
esp32_device_001,2026-05-20T16:08:25+12:00,69.6,-36.604767,174.802734,3
esp32_device_001,2026-05-20T16:08:30+12:00,66.9,-36.604771,174.802734,3
esp32_device_001,2026-05-20T16:08:35+12:00,66.5,-36.604774,174.802704,3
esp32_device_001,2026-05-20T16:08:40+12:00,63.9,-36.604767,174.802689,3
esp32_device_001,2026-05-20T16:08:45+12:00,61.7,-36.604767,174.802673,3
esp32_device_001,2026-05-20T16:08:50+12:00,59.5,-36.604767,174.802643,3
esp32_device_001,2026-05-20T16:08:55+12:00,64.3,-36.604771,174.802643,3
esp32_device_001,2026-05-20T16:09:00+12:00,63.5,-36.604774,174.802643,3
esp32_device_001,2026-05-20T16:09:05+12:00,65,-36.604778,174.802643,3
esp32_device_001,2026-05-20T16:09:10+12:00,71,-36.604782,174.802628,3
esp32_device_001,2026-05-20T16:09:15+12:00,76.5,-36.604778,174.802628,3
esp32_device_001,2026-05-20T16:09:20+12:00,75.5,-36.604778,174.802628,3
esp32_device_001,2026-05-20T16:09:25+12:00,75.3,-36.604782,174.802643,3
esp32_device_001,2026-05-20T16:09:30+12:00,72.5,-36.604774,174.802643,3
esp32_device_001,2026-05-20T16:09:35+12:00,73.6,-36.604778,174.802643,3
esp32_device_001,2026-05-20T16:09:40+12:00,76.7,-36.604771,174.802643,3
esp32_device_001,2026-05-20T16:09:45+12:00,78.4,-36.604759,174.802658,3
esp32_device_001,2026-05-20T16:09:50+12:00,80.8,-36.604763,174.802689,3
esp32_device_001,2026-05-20T16:09:55+12:00,81.5,-36.604755,174.802689,3
esp32_device_001,2026-05-20T16:10:00+12:00,81.7,-36.604752,174.802689,3
esp32_device_001,2026-05-20T16:10:05+12:00,79.9,-36.604759,174.802673,3
esp32_device_001,2026-05-20T16:10:10+12:00,78.6,-36.604767,174.802658,3
esp32_device_001,2026-05-20T16:10:15+12:00,75.2,-36.604755,174.802658,3
esp32_device_001,2026-05-20T16:10:20+12:00,71.4,-36.604755,174.802643,3
esp32_device_001,2026-05-20T16:10:25+12:00,69.9,-36.60474,174.802643,3
esp32_device_001,2026-05-20T16:10:30+12:00,70.9,-36.604736,174.802643,3
esp32_device_001,2026-05-20T16:10:35+12:00,71.8,-36.60474,174.802628,3
esp32_device_001,2026-05-20T16:10:40+12:00,71,-36.60474,174.802628,3
esp32_device_001,2026-05-20T16:10:45+12:00,71.6,-36.604744,174.802628,3
esp32_device_001,2026-05-20T16:10:50+12:00,70.6,-36.604744,174.802628,3
esp32_device_001,2026-05-20T16:10:55+12:00,69.4,-36.60474,174.802628,3
esp32_device_001,2026-05-20T16:11:00+12:00,68.8,-36.604725,174.802628,3
esp32_device_001,2026-05-20T16:11:05+12:00,67.4,-36.604721,174.802628,3
esp32_device_001,2026-05-20T16:11:10+12:00,66.5,-36.604713,174.802628,3
esp32_device_001,2026-05-20T16:11:15+12:00,67.1,-36.604698,174.802628,3
esp32_device_001,2026-05-20T16:11:20+12:00,66.3,-36.604698,174.802628,3
esp32_device_001,2026-05-20T16:11:25+12:00,64.6,-36.60471,174.802628,3
esp32_device_001,2026-05-20T16:11:30+12:00,65.1,-36.60471,174.802628,3
esp32_device_001,2026-05-20T16:11:35+12:00,64.7,-36.604721,174.802628,3
esp32_device_001,2026-05-20T16:11:40+12:00,65,-36.604713,174.802612,3
esp32_device_001,2026-05-20T16:11:45+12:00,65.9,-36.604706,174.802612,3
esp32_device_001,2026-05-20T16:11:50+12:00,67.7,-36.604706,174.802612,3
esp32_device_001,2026-05-20T16:11:55+12:00,69.8,-36.604691,174.802612,3
esp32_device_001,2026-05-20T16:12:00+12:00,71.5,-36.604671,174.802597,3
esp32_device_001,2026-05-20T16:12:05+12:00,72.3,-36.604679,174.802597,3
esp32_device_001,2026-05-20T16:12:10+12:00,72.6,-36.604691,174.802597,3
esp32_device_001,2026-05-20T16:12:20+12:00,72.3,-36.604706,174.802597,3
esp32_device_001,2026-05-20T16:12:25+12:00,71.1,-36.604721,174.802612,3
esp32_device_001,2026-05-20T16:12:30+12:00,68.7,-36.604733,174.802612,3
esp32_device_001,2026-05-20T16:12:35+12:00,66.4,-36.604733,174.802612,3
esp32_device_001,2026-05-20T16:12:40+12:00,64.6,-36.604729,174.802612,3
esp32_device_001,2026-05-20T16:12:45+12:00,63.3,-36.604733,174.802612,3
esp32_device_001,2026-05-20T16:12:50+12:00,61.8,-36.604744,174.802612,3
esp32_device_001,2026-05-20T16:12:55+12:00,60.7,-36.604752,174.802612,3
esp32_device_001,2026-05-20T16:13:00+12:00,59.6,-36.604759,174.802628,3
esp32_device_001,2026-05-20T16:13:05+12:00,59.6,-36.604763,174.802628,3
esp32_device_001,2026-05-20T16:13:10+12:00,57.7,-36.60474,174.802628,3
esp32_device_001,2026-05-20T16:13:15+12:00,58.2,-36.604725,174.802612,3
esp32_device_001,2026-05-20T16:13:20+12:00,58.1,-36.604721,174.802612,3
esp32_device_001,2026-05-20T16:13:25+12:00,55.2,-36.604748,174.802597,3
esp32_device_001,2026-05-20T16:13:30+12:00,53.3,-36.604744,174.802597,3
esp32_device_001,2026-05-20T16:13:35+12:00,50.6,-36.604744,174.802597,3
esp32_device_001,2026-05-20T16:13:40+12:00,49.4,-36.604744,174.802597,3
esp32_device_001,2026-05-20T16:13:45+12:00,47.7,-36.604774,174.802582,3
esp32_device_001,2026-05-20T16:13:50+12:00,49.3,-36.604778,174.802582,3
esp32_device_001,2026-05-20T16:13:55+12:00,56.1,-36.604736,174.802567,3
esp32_device_001,2026-05-20T16:14:00+12:00,59.5,-36.604717,174.802567,3
esp32_device_001,2026-05-20T16:14:05+12:00,61.4,-36.60471,174.802582,3
esp32_device_001,2026-05-20T16:14:10+12:00,60.8,-36.604721,174.802582,3
esp32_device_001,2026-05-20T16:14:15+12:00,59.4,-36.604736,174.802582,3
esp32_device_001,2026-05-20T16:14:20+12:00,57.4,-36.604748,174.802582,3
esp32_device_001,2026-05-20T16:14:25+12:00,59.8,-36.604736,174.802582,3
esp32_device_001,2026-05-20T16:14:30+12:00,58.7,-36.60474,174.802582,3
esp32_device_001,2026-05-20T16:14:35+12:00,58.9,-36.604744,174.802582,3
esp32_device_001,2026-05-20T16:14:40+12:00,57.5,-36.604748,174.802567,3
esp32_device_001,2026-05-20T16:14:45+12:00,63.8,-36.604717,174.802567,3
esp32_device_001,2026-05-20T16:14:50+12:00,62.1,-36.604748,174.802551,3
esp32_device_001,2026-05-20T16:14:55+12:00,60.3,-36.604767,174.802536,3
esp32_device_001,2026-05-20T16:15:00+12:00,58,-36.604767,174.802521,3
esp32_device_001,2026-05-20T16:15:05+12:00,56.6,-36.604782,174.802505,3
esp32_device_001,2026-05-20T16:15:10+12:00,55.6,-36.604786,174.802505,3
esp32_device_001,2026-05-20T16:15:15+12:00,53.2,-36.60479,174.802505,3
esp32_device_001,2026-05-20T16:15:20+12:00,51.6,-36.604774,174.802521,3
esp32_device_001,2026-05-20T16:15:25+12:00,50.9,-36.60479,174.802505,3
esp32_device_001,2026-05-20T16:15:30+12:00,50.3,-36.604752,174.802536,3
esp32_device_001,2026-05-20T16:15:35+12:00,50.1,-36.604752,174.802551,3
esp32_device_001,2026-05-20T16:15:40+12:00,50.1,-36.604752,174.802551,3
esp32_device_001,2026-05-20T16:15:45+12:00,48.9,-36.604755,174.802551,3
esp32_device_001,2026-05-20T16:15:50+12:00,47.5,-36.604759,174.802551,3
esp32_device_001,2026-05-20T16:15:55+12:00,46.7,-36.604759,174.802551,3
esp32_device_001,2026-05-20T16:16:00+12:00,48.1,-36.604755,174.802551,3
esp32_device_001,2026-05-20T16:16:05+12:00,53.1,-36.604713,174.802567,3
esp32_device_001,2026-05-20T16:16:10+12:00,52.4,-36.604729,174.802551,3
esp32_device_001,2026-05-20T16:16:15+12:00,52,-36.604771,174.802536,3
esp32_device_001,2026-05-20T16:16:20+12:00,50,-36.60479,174.802536,3
esp32_device_001,2026-05-20T16:16:25+12:00,48.6,-36.604805,174.802536,3
esp32_device_001,2026-05-20T16:16:30+12:00,47.2,-36.604809,174.802536,3
esp32_device_001,2026-05-20T16:16:35+12:00,46.1,-36.604816,174.802536,3
esp32_device_001,2026-05-20T16:16:40+12:00,46,-36.604809,174.802536,3
esp32_device_001,2026-05-20T16:16:45+12:00,43.4,-36.604797,174.802551,3
esp32_device_001,2026-05-20T16:16:50+12:00,42.9,-36.604801,174.802551,3
esp32_device_001,2026-05-20T16:16:55+12:00,41.2,-36.604752,174.802582,3
esp32_device_001,2026-05-20T16:17:00+12:00,39,-36.604744,174.802597,3
esp32_device_001,2026-05-20T16:17:05+12:00,38.5,-36.604759,174.802597,3
esp32_device_001,2026-05-20T16:17:10+12:00,39.2,-36.604774,174.802582,3
esp32_device_001,2026-05-20T16:17:15+12:00,40.4,-36.604771,174.802582,3
esp32_device_001,2026-05-20T16:17:20+12:00,40.1,-36.604767,174.802582,3
esp32_device_001,2026-05-20T16:17:25+12:00,40.1,-36.604778,174.802567,3
esp32_device_001,2026-05-20T16:17:30+12:00,39.5,-36.604794,174.802567,3
esp32_device_001,2026-05-20T16:17:35+12:00,40,-36.604797,174.802567,3
esp32_device_001,2026-05-20T16:17:40+12:00,39.3,-36.604797,174.802582,3
esp32_device_001,2026-05-20T16:17:45+12:00,36.7,-36.604809,174.802582,3
esp32_device_001,2026-05-20T16:17:50+12:00,31.6,-36.604839,174.802582,3
esp32_device_001,2026-05-20T16:17:55+12:00,27,-36.604866,174.802582,3
esp32_device_001,2026-05-20T16:18:00+12:00,24.4,-36.604881,174.802582,3
esp32_device_001,2026-05-20T16:18:05+12:00,24.6,-36.6049,174.802567,3
esp32_device_001,2026-05-20T16:18:10+12:00,26,-36.604885,174.802567,3
esp32_device_001,2026-05-20T16:18:15+12:00,28.9,-36.604866,174.802567,3
esp32_device_001,2026-05-20T16:18:20+12:00,32.1,-36.604855,174.802567,3
esp32_device_001,2026-05-20T16:18:25+12:00,41.5,-36.6049,174.802536,3
esp32_device_001,2026-05-20T16:18:30+12:00,42.8,-36.604877,174.802551,3
esp32_device_001,2026-05-20T16:18:35+12:00,43.8,-36.604855,174.802567,3
esp32_device_001,2026-05-20T16:18:40+12:00,43.8,-36.604851,174.802582,3
esp32_device_001,2026-05-20T16:18:45+12:00,42.5,-36.604851,174.802582,3
esp32_device_001,2026-05-20T16:18:50+12:00,41.6,-36.604855,174.802582,3
esp32_device_001,2026-05-20T16:18:55+12:00,40.7,-36.604858,174.802597,3
esp32_device_001,2026-05-20T16:19:00+12:00,40.6,-36.604858,174.802597,3
esp32_device_001,2026-05-20T16:19:05+12:00,40.4,-36.604851,174.802612,3
esp32_device_001,2026-05-20T16:19:10+12:00,38.2,-36.604862,174.802628,3
esp32_device_001,2026-05-20T16:19:15+12:00,35.2,-36.604897,174.802673,3
esp32_device_001,2026-05-20T16:19:20+12:00,35.7,-36.604912,174.802643,3
esp32_device_001,2026-05-20T16:19:25+12:00,27.2,-36.605022,174.802719,3
esp32_device_001,2026-05-20T16:19:30+12:00,19.1,-36.605228,174.802811,3
esp32_device_001,2026-05-20T16:19:35+12:00,11.1,-36.605286,174.802856,3
esp32_device_001,2026-05-20T16:19:40+12:00,7.8,-36.605228,174.802826,3
esp32_device_001,2026-05-20T16:19:45+12:00,5.4,-36.605164,174.80278,3
esp32_device_001,2026-05-20T16:19:50+12:00,3.4,-36.605118,174.80275,3
esp32_device_001,2026-05-20T16:19:55+12:00,-3.2,-36.605053,174.802704,3
esp32_device_001,2026-05-20T16:20:00+12:00,-5.8,-36.604984,174.802689,3
esp32_device_001,2026-05-20T16:20:05+12:00,-5.7,-36.60495,174.802643,3
esp32_device_001,2026-05-20T16:20:10+12:00,-6.7,-36.604935,174.802643,3
esp32_device_001,2026-05-20T16:20:15+12:00,-6.8,-36.604931,174.802643,3
esp32_device_001,2026-05-20T16:20:20+12:00,-5.5,-36.604927,174.802643,3
esp32_device_001,2026-05-20T16:20:25+12:00,-4.1,-36.604927,174.802612,3
esp32_device_001,2026-05-20T16:20:30+12:00,-3.3,-36.604919,174.802612,3
esp32_device_001,2026-05-20T16:20:35+12:00,-0.4,-36.604919,174.802597,3
esp32_device_001,2026-05-20T16:20:40+12:00,3.3,-36.6049,174.802582,3
esp32_device_001,2026-05-20T16:20:45+12:00,7.2,-36.6049,174.802567,3
esp32_device_001,2026-05-20T16:20:50+12:00,9.6,-36.604897,174.802521,3
esp32_device_001,2026-05-20T16:20:55+12:00,10.4,-36.604897,174.802505,3
esp32_device_001,2026-05-20T16:21:00+12:00,13.8,-36.604881,174.802505,3
esp32_device_001,2026-05-20T16:21:05+12:00,17.5,-36.604881,174.802521,3
esp32_device_001,2026-05-20T16:21:10+12:00,21.3,-36.604881,174.802521,3
esp32_device_001,2026-05-20T16:21:15+12:00,25.4,-36.60487,174.802521,3
esp32_device_001,2026-05-20T16:21:20+12:00,26.7,-36.60487,174.802536,3
esp32_device_001,2026-05-20T16:21:25+12:00,29.3,-36.604877,174.802521,3
esp32_device_001,2026-05-20T16:21:30+12:00,32.4,-36.604877,174.802536,3
esp32_device_001,2026-05-20T16:21:35+12:00,35.2,-36.604881,174.802551,3
esp32_device_001,2026-05-20T16:21:40+12:00,39.2,-36.604874,174.802551,3
esp32_device_001,2026-05-20T16:21:45+12:00,42.2,-36.604862,174.802551,3
esp32_device_001,2026-05-20T16:21:50+12:00,44.4,-36.604862,174.802582,3
esp32_device_001,2026-05-20T16:21:55+12:00,45.1,-36.604855,174.802582,3
esp32_device_001,2026-05-20T16:22:00+12:00,47.9,-36.604828,174.802582,3
esp32_device_001,2026-05-20T16:22:05+12:00,50.5,-36.604813,174.802567,3
esp32_device_001,2026-05-20T16:22:10+12:00,54.5,-36.604805,174.802551,3
esp32_device_001,2026-05-20T16:22:20+12:00,58.9,-36.604801,174.802551,3
esp32_device_001,2026-05-20T16:22:25+12:00,61.5,-36.604794,174.802567,3
esp32_device_001,2026-05-20T16:22:30+12:00,62.6,-36.604786,174.802567,3
esp32_device_001,2026-05-20T16:22:35+12:00,61.3,-36.604782,174.802582,3
esp32_device_001,2026-05-20T16:22:40+12:00,62,-36.604786,174.802582,3
esp32_device_001,2026-05-20T16:22:45+12:00,61.8,-36.60479,174.802582,3
esp32_device_001,2026-05-20T16:22:50+12:00,60.6,-36.604782,174.802597,3
esp32_device_001,2026-05-20T16:22:55+12:00,60.1,-36.604771,174.802597,3
esp32_device_001,2026-05-20T16:23:00+12:00,59.9,-36.604771,174.802567,3
esp32_device_001,2026-05-20T16:23:05+12:00,60.1,-36.604763,174.802582,3
esp32_device_001,2026-05-20T16:23:10+12:00,59,-36.604767,174.802582,3
esp32_device_001,2026-05-20T16:23:15+12:00,57.1,-36.604759,174.802597,3
esp32_device_001,2026-05-20T16:23:20+12:00,55.8,-36.604744,174.802597,3
esp32_device_001,2026-05-20T16:23:25+12:00,55.5,-36.604748,174.802582,3
esp32_device_001,2026-05-20T16:23:30+12:00,54.7,-36.604733,174.802597,3
esp32_device_001,2026-05-20T16:23:35+12:00,52.3,-36.604717,174.802597,3
esp32_device_001,2026-05-20T16:23:40+12:00,51.3,-36.604713,174.802612,3
esp32_device_001,2026-05-20T16:23:45+12:00,50.7,-36.604733,174.802597,3
esp32_device_001,2026-05-20T16:23:50+12:00,51,-36.604736,174.802597,3
esp32_device_001,2026-05-20T16:23:55+12:00,51.4,-36.604744,174.802597,3
esp32_device_001,2026-05-20T16:24:00+12:00,50.7,-36.604744,174.802582,3
esp32_device_001,2026-05-20T16:24:05+12:00,50.2,-36.604748,174.802582,3
esp32_device_001,2026-05-20T16:24:10+12:00,50.5,-36.604744,174.802597,3
esp32_device_001,2026-05-20T16:24:15+12:00,50.5,-36.604748,174.802582,3
esp32_device_001,2026-05-20T16:24:20+12:00,50.7,-36.604744,174.802582,3
esp32_device_001,2026-05-20T16:24:25+12:00,50.5,-36.604752,174.802582,3
esp32_device_001,2026-05-20T16:24:30+12:00,51,-36.604755,174.802582,3
esp32_device_001,2026-05-20T16:24:35+12:00,51.5,-36.604748,174.802582,3
esp32_device_001,2026-05-20T16:24:40+12:00,52.2,-36.604752,174.802582,3
esp32_device_001,2026-05-20T16:24:45+12:00,51.8,-36.604759,174.802582,3
esp32_device_001,2026-05-20T16:24:50+12:00,51.4,-36.604774,174.802567,3
esp32_device_001,2026-05-20T16:24:55+12:00,51,-36.604778,174.802551,3
esp32_device_001,2026-05-20T16:25:00+12:00,49.2,-36.604786,174.802567,3
esp32_device_001,2026-05-20T16:25:05+12:00,47.3,-36.604805,174.802567,3
esp32_device_001,2026-05-20T16:25:10+12:00,45.8,-36.604801,174.802567,3
esp32_device_001,2026-05-20T16:25:15+12:00,44.8,-36.604805,174.802582,3
esp32_device_001,2026-05-20T16:25:20+12:00,44.9,-36.604805,174.802582,3
esp32_device_001,2026-05-20T16:25:25+12:00,44.5,-36.604797,174.802582,3
esp32_device_001,2026-05-20T16:25:30+12:00,44.8,-36.604805,174.802567,3
esp32_device_001,2026-05-20T16:25:35+12:00,45.1,-36.604816,174.802551,3
esp32_device_001,2026-05-20T16:25:40+12:00,45.1,-36.60482,174.802551,3
esp32_device_001,2026-05-20T16:25:45+12:00,45.5,-36.604813,174.802551,3
esp32_device_001,2026-05-20T16:25:50+12:00,46.1,-36.604797,174.802551,3
esp32_device_001,2026-05-20T16:25:55+12:00,46.8,-36.604797,174.802551,3
esp32_device_001,2026-05-20T16:26:00+12:00,46.8,-36.604778,174.802567,3
esp32_device_001,2026-05-20T16:26:05+12:00,47.3,-36.604782,174.802567,3
esp32_device_001,2026-05-20T16:26:10+12:00,48,-36.604767,174.802567,3
esp32_device_001,2026-05-20T16:26:15+12:00,49,-36.604786,174.802551,3
esp32_device_001,2026-05-20T16:26:20+12:00,49.6,-36.604786,174.802536,3
esp32_device_001,2026-05-20T16:26:25+12:00,50.7,-36.604771,174.802536,3
esp32_device_001,2026-05-20T16:26:30+12:00,50.2,-36.604733,174.802551,3
esp32_device_001,2026-05-20T16:26:35+12:00,49.3,-36.60471,174.802582,3
esp32_device_001,2026-05-20T16:26:40+12:00,49.6,-36.604717,174.802582,3
esp32_device_001,2026-05-20T16:26:45+12:00,49.4,-36.604717,174.802597,3
esp32_device_001,2026-05-20T16:26:50+12:00,48.3,-36.604725,174.802582,3
esp32_device_001,2026-05-20T16:26:55+12:00,48.9,-36.604702,174.802597,3
esp32_device_001,2026-05-20T16:27:00+12:00,48.4,-36.604694,174.802597,3
esp32_device_001,2026-05-20T16:27:05+12:00,47.2,-36.604706,174.802612,3
esp32_device_001,2026-05-20T16:27:10+12:00,46.4,-36.60471,174.802658,3
esp32_device_001,2026-05-20T16:27:15+12:00,46.1,-36.604702,174.802673,3
esp32_device_001,2026-05-20T16:27:20+12:00,45.7,-36.604721,174.802643,3
esp32_device_001,2026-05-20T16:27:25+12:00,44.8,-36.60474,174.802643,3
esp32_device_001,2026-05-20T16:27:30+12:00,44.2,-36.60474,174.802673,3
esp32_device_001,2026-05-20T16:27:35+12:00,43.5,-36.604774,174.802628,3
esp32_device_001,2026-05-20T16:27:40+12:00,43.6,-36.604801,174.802582,3
esp32_device_001,2026-05-20T16:27:45+12:00,44.2,-36.604794,174.802597,3
esp32_device_001,2026-05-20T16:27:50+12:00,44.4,-36.604801,174.802582,3
esp32_device_001,2026-05-20T16:27:55+12:00,44.5,-36.604805,174.802597,3
esp32_device_001,2026-05-20T16:28:00+12:00,43.7,-36.604809,174.802597,3
esp32_device_001,2026-05-20T16:28:05+12:00,44.2,-36.604805,174.802597,3
esp32_device_001,2026-05-20T16:28:10+12:00,45,-36.604805,174.802597,3
esp32_device_001,2026-05-20T16:28:15+12:00,45.6,-36.604794,174.802612,3
esp32_device_001,2026-05-20T16:28:20+12:00,46.4,-36.604805,174.802597,3
esp32_device_001,2026-05-20T16:28:25+12:00,47.1,-36.604794,174.802582,3
esp32_device_001,2026-05-20T16:28:30+12:00,48.2,-36.604786,174.802551,3
esp32_device_001,2026-05-20T16:28:35+12:00,49.7,-36.604767,174.802536,3
esp32_device_001,2026-05-20T16:28:40+12:00,50.1,-36.604771,174.802536,3
esp32_device_001,2026-05-20T16:28:45+12:00,48.9,-36.604778,174.802536,3
esp32_device_001,2026-05-20T16:28:50+12:00,48.3,-36.604778,174.802551,3
esp32_device_001,2026-05-20T16:28:55+12:00,48.5,-36.604771,174.802551,3
esp32_device_001,2026-05-20T16:29:00+12:00,50,-36.604774,174.802521,3
esp32_device_001,2026-05-20T16:29:05+12:00,50.5,-36.604767,174.802551,3
esp32_device_001,2026-05-20T16:29:10+12:00,50.8,-36.604767,174.802551,3
esp32_device_001,2026-05-20T16:29:15+12:00,50.7,-36.604759,174.802551,3
esp32_device_001,2026-05-20T16:29:20+12:00,50.9,-36.604744,174.802582,3
esp32_device_001,2026-05-20T16:29:25+12:00,51.5,-36.604733,174.802567,3
esp32_device_001,2026-05-20T16:29:30+12:00,52.5,-36.604721,174.802567,3
esp32_device_001,2026-05-20T16:29:35+12:00,54.1,-36.60471,174.802551,3
esp32_device_001,2026-05-20T16:29:40+12:00,56.4,-36.604691,174.802536,3
esp32_device_001,2026-05-20T16:29:45+12:00,60.2,-36.604671,174.802521,3
esp32_device_001,2026-05-20T16:29:50+12:00,61.5,-36.604664,174.802536,3
esp32_device_001,2026-05-20T16:29:55+12:00,61.7,-36.604664,174.802551,3
esp32_device_001,2026-05-20T16:30:00+12:00,60.2,-36.604721,174.802536,3
esp32_device_001,2026-05-20T16:30:05+12:00,57.4,-36.604774,174.802567,3
esp32_device_001,2026-05-20T16:30:10+12:00,51.4,-36.604866,174.802643,3
esp32_device_001,2026-05-20T16:30:15+12:00,47.5,-36.604919,174.802689,3
esp32_device_001,2026-05-20T16:30:20+12:00,47.6,-36.604881,174.802689,3
esp32_device_001,2026-05-20T16:30:25+12:00,47.6,-36.604851,174.802689,3
esp32_device_001,2026-05-20T16:30:30+12:00,48.2,-36.604839,174.802673,3
esp32_device_001,2026-05-20T16:30:35+12:00,48.3,-36.604843,174.802643,3
esp32_device_001,2026-05-20T16:30:40+12:00,48.5,-36.604847,174.802628,3
esp32_device_001,2026-05-20T16:30:45+12:00,48.4,-36.604839,174.802628,3
esp32_device_001,2026-05-20T16:30:50+12:00,47.7,-36.604832,174.802628,3
esp32_device_001,2026-05-20T16:30:55+12:00,52.6,-36.604748,174.802673,3
esp32_device_001,2026-05-20T16:31:00+12:00,50.9,-36.604778,174.802673,3
esp32_device_001,2026-05-20T16:31:05+12:00,49.6,-36.604782,174.802689,3
esp32_device_001,2026-05-20T16:31:10+12:00,49.4,-36.604782,174.802673,3
esp32_device_001,2026-05-20T16:31:15+12:00,48.6,-36.604797,174.802658,3
esp32_device_001,2026-05-20T16:31:20+12:00,48,-36.604774,174.802658,3
esp32_device_001,2026-05-20T16:31:25+12:00,45.7,-36.60479,174.802658,3
esp32_device_001,2026-05-20T16:31:30+12:00,44.7,-36.604805,174.802658,3
esp32_device_001,2026-05-20T16:31:35+12:00,44.5,-36.604805,174.802658,3
esp32_device_001,2026-05-20T16:31:40+12:00,44.4,-36.604797,174.802673,3
esp32_device_001,2026-05-20T16:31:45+12:00,44.9,-36.60479,174.802658,3
esp32_device_001,2026-05-20T16:31:50+12:00,45.8,-36.604782,174.802643,3
esp32_device_001,2026-05-20T16:31:55+12:00,46.3,-36.604782,174.802628,3
esp32_device_001,2026-05-20T16:32:00+12:00,46.2,-36.60479,174.802612,3
esp32_device_001,2026-05-20T16:32:05+12:00,46,-36.604794,174.802612,3
esp32_device_001,2026-05-20T16:32:10+12:00,46.5,-36.60479,174.802597,3
esp32_device_001,2026-05-20T16:32:20+12:00,48,-36.604771,174.802597,3
esp32_device_001,2026-05-20T16:32:25+12:00,50.2,-36.604721,174.802612,3
esp32_device_001,2026-05-20T16:32:30+12:00,51.4,-36.604683,174.802612,3
esp32_device_001,2026-05-20T16:32:35+12:00,50.8,-36.604675,174.802612,3
esp32_device_001,2026-05-20T16:32:40+12:00,49.6,-36.604679,174.802612,3
esp32_device_001,2026-05-20T16:32:45+12:00,48.8,-36.604691,174.802612,3
esp32_device_001,2026-05-20T16:32:50+12:00,48.9,-36.604694,174.802597,3
esp32_device_001,2026-05-20T16:32:55+12:00,47,-36.604729,174.802597,3
esp32_device_001,2026-05-20T16:33:00+12:00,44.8,-36.604752,174.802597,3
esp32_device_001,2026-05-20T16:33:05+12:00,42.7,-36.604759,174.802612,3
esp32_device_001,2026-05-20T16:33:10+12:00,39.6,-36.604763,174.802628,3
esp32_device_001,2026-05-20T16:33:15+12:00,38.1,-36.604755,174.802643,3
esp32_device_001,2026-05-20T16:33:20+12:00,37.8,-36.604752,174.802643,3
esp32_device_001,2026-05-20T16:33:25+12:00,39.6,-36.604759,174.802643,3
esp32_device_001,2026-05-20T16:33:30+12:00,41.6,-36.604748,174.802643,3
esp32_device_001,2026-05-20T16:33:35+12:00,43.5,-36.60474,174.802628,3
esp32_device_001,2026-05-20T16:33:40+12:00,44.7,-36.604702,174.802628,3
esp32_device_001,2026-05-20T16:33:45+12:00,45.4,-36.604706,174.802628,3
esp32_device_001,2026-05-20T16:33:50+12:00,46,-36.604721,174.802612,3
esp32_device_001,2026-05-20T16:33:55+12:00,47.7,-36.604717,174.802597,3
esp32_device_001,2026-05-20T16:34:00+12:00,48.5,-36.604721,174.802582,3
esp32_device_001,2026-05-20T16:34:05+12:00,47,-36.604725,174.802582,3
esp32_device_001,2026-05-20T16:34:10+12:00,45,-36.604748,174.802551,3
esp32_device_001,2026-05-20T16:34:15+12:00,45.1,-36.604733,174.802551,3
esp32_device_001,2026-05-20T16:34:20+12:00,44.9,-36.604736,174.802551,3
esp32_device_001,2026-05-20T16:34:25+12:00,44.3,-36.604736,174.802567,3
esp32_device_001,2026-05-20T16:34:30+12:00,44.9,-36.604713,174.802551,3
esp32_device_001,2026-05-20T16:34:35+12:00,45.9,-36.604713,174.802551,3
esp32_device_001,2026-05-20T16:34:40+12:00,46.6,-36.604721,174.802551,3
esp32_device_001,2026-05-20T16:34:45+12:00,46.4,-36.604729,174.802551,3
esp32_device_001,2026-05-20T16:34:50+12:00,47.8,-36.604736,174.802567,3
esp32_device_001,2026-05-20T16:34:55+12:00,50.6,-36.604748,174.802567,3
esp32_device_001,2026-05-20T16:35:00+12:00,54.4,-36.604786,174.802551,3
esp32_device_001,2026-05-20T16:35:05+12:00,56.8,-36.604794,174.802567,3
esp32_device_001,2026-05-20T16:35:10+12:00,57.7,-36.60479,174.802567,3
esp32_device_001,2026-05-20T16:35:15+12:00,58.5,-36.604778,174.802567,3
esp32_device_001,2026-05-20T16:35:20+12:00,59.4,-36.604755,174.802567,3
esp32_device_001,2026-05-20T16:35:25+12:00,60.6,-36.604755,174.802582,3
esp32_device_001,2026-05-20T16:35:30+12:00,62.8,-36.60474,174.802582,3
esp32_device_001,2026-05-20T16:35:35+12:00,65.1,-36.60474,174.802582,3
esp32_device_001,2026-05-20T16:35:40+12:00,66.6,-36.604755,174.802597,3
esp32_device_001,2026-05-20T16:35:45+12:00,68.7,-36.604778,174.802567,3
esp32_device_001,2026-05-20T16:35:50+12:00,70.8,-36.60479,174.802567,3
esp32_device_001,2026-05-20T16:35:55+12:00,72.5,-36.604809,174.802567,3
esp32_device_001,2026-05-20T16:36:00+12:00,77,-36.604794,174.802582,3
esp32_device_001,2026-05-20T16:36:05+12:00,78.9,-36.60479,174.802597,3
esp32_device_001,2026-05-20T16:36:10+12:00,79.7,-36.604786,174.802582,3
esp32_device_001,2026-05-20T16:36:15+12:00,79.7,-36.604778,174.802567,3
esp32_device_001,2026-05-20T16:36:20+12:00,79.5,-36.604767,174.802582,3
esp32_device_001,2026-05-20T16:36:25+12:00,79,-36.604755,174.802582,3
esp32_device_001,2026-05-20T16:36:30+12:00,78.5,-36.604744,174.802551,3
esp32_device_001,2026-05-20T16:36:35+12:00,78.4,-36.604706,174.802521,3
esp32_device_001,2026-05-20T16:36:40+12:00,76.5,-36.604687,174.802521,3
esp32_device_001,2026-05-20T16:36:45+12:00,68.9,-36.604664,174.802521,3
esp32_device_001,2026-05-20T16:36:50+12:00,62.7,-36.604656,174.802551,3
esp32_device_001,2026-05-20T16:36:55+12:00,56.4,-36.604652,174.802567,3
esp32_device_001,2026-05-20T16:37:00+12:00,50.5,-36.60463,174.802582,3
esp32_device_001,2026-05-20T16:37:05+12:00,48,-36.604622,174.802597,3
esp32_device_001,2026-05-20T16:37:10+12:00,45.5,-36.604626,174.802597,3
esp32_device_001,2026-05-20T16:37:15+12:00,44,-36.604641,174.802612,3
esp32_device_001,2026-05-20T16:37:20+12:00,41.8,-36.604641,174.802612,3
esp32_device_001,2026-05-20T16:37:25+12:00,41.4,-36.604652,174.802612,3
esp32_device_001,2026-05-20T16:37:30+12:00,40.5,-36.604668,174.802628,3
esp32_device_001,2026-05-20T16:37:35+12:00,40.5,-36.604675,174.802612,3
esp32_device_001,2026-05-20T16:37:40+12:00,39.6,-36.604675,174.802612,3
esp32_device_001,2026-05-20T16:37:45+12:00,39.2,-36.604675,174.802612,3
esp32_device_001,2026-05-20T16:37:50+12:00,39.5,-36.604698,174.802597,3
esp32_device_001,2026-05-20T16:37:55+12:00,40.9,-36.60471,174.802597,3
esp32_device_001,2026-05-20T16:38:00+12:00,41,-36.604713,174.802597,3
esp32_device_001,2026-05-20T16:38:05+12:00,39.5,-36.604744,174.802612,3
esp32_device_001,2026-05-20T16:38:10+12:00,33.7,-36.604778,174.802673,3
esp32_device_001,2026-05-20T16:38:15+12:00,34.8,-36.604778,174.802673,3
esp32_device_001,2026-05-20T16:38:20+12:00,35.5,-36.604767,174.802658,3
esp32_device_001,2026-05-20T16:38:25+12:00,37.4,-36.604759,174.802658,3
esp32_device_001,2026-05-20T16:38:30+12:00,38.5,-36.604771,174.802643,3
esp32_device_001,2026-05-20T16:38:35+12:00,40,-36.604755,174.802628,3
esp32_device_001,2026-05-20T16:38:40+12:00,42.2,-36.604744,174.802628,3
esp32_device_001,2026-05-20T16:38:45+12:00,43.3,-36.604736,174.802628,3
esp32_device_001,2026-05-20T16:38:50+12:00,44.5,-36.604736,174.802612,3
esp32_device_001,2026-05-20T16:38:55+12:00,45.4,-36.604736,174.802612,3
esp32_device_001,2026-05-20T16:39:00+12:00,47.2,-36.604744,174.802612,3
esp32_device_001,2026-05-20T16:39:05+12:00,48.6,-36.604752,174.802612,3
esp32_device_001,2026-05-20T16:39:10+12:00,50.1,-36.604752,174.802597,3
esp32_device_001,2026-05-20T16:39:15+12:00,51.2,-36.604763,174.802597,3
esp32_device_001,2026-05-20T16:39:20+12:00,50.5,-36.604755,174.802597,3
esp32_device_001,2026-05-20T16:39:25+12:00,49.2,-36.604763,174.802612,3
esp32_device_001,2026-05-20T16:39:30+12:00,48.2,-36.604771,174.802612,3
esp32_device_001,2026-05-20T16:39:35+12:00,47.4,-36.604771,174.802612,3
esp32_device_001,2026-05-20T16:39:40+12:00,45.9,-36.604778,174.802612,3
esp32_device_001,2026-05-20T16:39:45+12:00,44.9,-36.604767,174.802612,3
esp32_device_001,2026-05-20T16:39:50+12:00,46.8,-36.604752,174.802597,3
esp32_device_001,2026-05-20T16:39:55+12:00,48.6,-36.604736,174.802597,3
esp32_device_001,2026-05-20T16:40:00+12:00,50.8,-36.604702,174.802597,3
esp32_device_001,2026-05-20T16:40:05+12:00,53.4,-36.604706,174.802597,3
esp32_device_001,2026-05-20T16:40:10+12:00,55.4,-36.604691,174.802597,3
esp32_device_001,2026-05-20T16:40:15+12:00,57.5,-36.604675,174.802597,3
esp32_device_001,2026-05-20T16:40:20+12:00,59.5,-36.60474,174.802582,3
esp32_device_001,2026-05-20T16:40:25+12:00,60.9,-36.604763,174.802582,3
esp32_device_001,2026-05-20T16:40:30+12:00,62.3,-36.604774,174.802567,3
esp32_device_001,2026-05-20T16:40:35+12:00,64.9,-36.604767,174.802551,3
esp32_device_001,2026-05-20T16:40:40+12:00,66.5,-36.604748,174.802551,3
esp32_device_001,2026-05-20T16:40:45+12:00,67.1,-36.604736,174.802551,3
esp32_device_001,2026-05-20T16:40:50+12:00,67.3,-36.60474,174.802551,3
esp32_device_001,2026-05-20T16:40:55+12:00,67,-36.604755,174.802551,3
esp32_device_001,2026-05-20T16:41:00+12:00,66.6,-36.604748,174.802551,3
esp32_device_001,2026-05-20T16:41:05+12:00,66.5,-36.604733,174.802551,3
esp32_device_001,2026-05-20T16:41:10+12:00,67,-36.604706,174.802551,3
esp32_device_001,2026-05-20T16:41:15+12:00,68.2,-36.604687,174.802551,3
esp32_device_001,2026-05-20T16:41:20+12:00,70,-36.604675,174.802551,3
esp32_device_001,2026-05-20T16:41:25+12:00,71.3,-36.60466,174.802536,3
esp32_device_001,2026-05-20T16:41:30+12:00,72.1,-36.604656,174.802536,3
esp32_device_001,2026-05-20T16:41:35+12:00,72.4,-36.604671,174.802536,3
esp32_device_001,2026-05-20T16:41:40+12:00,72.5,-36.604664,174.802536,3
esp32_device_001,2026-05-20T16:41:45+12:00,71.9,-36.604687,174.802551,3
esp32_device_001,2026-05-20T16:41:50+12:00,71.2,-36.604687,174.802536,3
esp32_device_001,2026-05-20T16:41:55+12:00,70.4,-36.604679,174.802536,3
esp32_device_001,2026-05-20T16:42:00+12:00,69.9,-36.604679,174.802521,3
esp32_device_001,2026-05-20T16:42:05+12:00,73.4,-36.604733,174.802536,3
esp32_device_001,2026-05-20T16:42:10+12:00,79,-36.60479,174.802536,3
esp32_device_001,2026-05-20T16:42:20+12:00,89.7,-36.604847,174.802521,3
esp32_device_001,2026-05-20T16:42:25+12:00,101.2,-36.604912,174.802505,3
esp32_device_001,2026-05-20T16:42:30+12:00,98,-36.60487,174.802505,3
esp32_device_001,2026-05-20T16:42:35+12:00,93.4,-36.604847,174.802521,3
esp32_device_001,2026-05-20T16:42:40+12:00,90.6,-36.604836,174.802536,3
esp32_device_001,2026-05-20T16:42:45+12:00,87,-36.604816,174.802536,3
esp32_device_001,2026-05-20T16:42:50+12:00,84.3,-36.604797,174.802536,3
esp32_device_001,2026-05-20T16:42:55+12:00,80.9,-36.604774,174.802536,3
esp32_device_001,2026-05-20T16:43:00+12:00,78.5,-36.604713,174.802521,3
esp32_device_001,2026-05-20T16:43:05+12:00,78.4,-36.604706,174.802521,3
esp32_device_001,2026-05-20T16:43:10+12:00,75,-36.604725,174.802521,3
esp32_device_001,2026-05-20T16:43:15+12:00,71.3,-36.604744,174.802521,3
esp32_device_001,2026-05-20T16:43:20+12:00,69.2,-36.60474,174.802536,3
esp32_device_001,2026-05-20T16:43:25+12:00,68.4,-36.604736,174.802536,3
esp32_device_001,2026-05-20T16:43:30+12:00,68,-36.604729,174.802536,3
esp32_device_001,2026-05-20T16:43:35+12:00,67.3,-36.60471,174.802521,3
esp32_device_001,2026-05-20T16:43:40+12:00,65.8,-36.604706,174.802536,3
esp32_device_001,2026-05-20T16:43:45+12:00,63.3,-36.604717,174.802536,3
esp32_device_001,2026-05-20T16:43:50+12:00,60.7,-36.604729,174.802551,3
esp32_device_001,2026-05-20T16:43:55+12:00,58.6,-36.604736,174.802551,3
esp32_device_001,2026-05-20T16:44:00+12:00,57.4,-36.604733,174.802551,3
esp32_device_001,2026-05-20T16:44:05+12:00,56.4,-36.604733,174.802567,3
esp32_device_001,2026-05-20T16:44:10+12:00,55.8,-36.604721,174.802551,3
esp32_device_001,2026-05-20T16:44:15+12:00,55.2,-36.604717,174.802551,3
esp32_device_001,2026-05-20T16:44:20+12:00,54.2,-36.604729,174.802551,3
esp32_device_001,2026-05-20T16:44:25+12:00,53,-36.604744,174.802567,3
esp32_device_001,2026-05-20T16:44:30+12:00,52.2,-36.604744,174.802567,3
esp32_device_001,2026-05-20T16:44:35+12:00,51.2,-36.604759,174.802567,3
esp32_device_001,2026-05-20T16:44:40+12:00,50.5,-36.604755,174.802567,3
esp32_device_001,2026-05-20T16:44:45+12:00,50.6,-36.60474,174.802567,3
esp32_device_001,2026-05-20T16:44:50+12:00,50.4,-36.604721,174.802567,3
esp32_device_001,2026-05-20T16:44:55+12:00,50.1,-36.604725,174.802567,3
esp32_device_001,2026-05-20T16:45:00+12:00,48.7,-36.604733,174.802582,3
esp32_device_001,2026-05-20T16:45:05+12:00,48.7,-36.604729,174.802582,3
esp32_device_001,2026-05-20T16:45:10+12:00,49.8,-36.604717,174.802567,3
esp32_device_001,2026-05-20T16:45:15+12:00,50.7,-36.604717,174.802567,3
esp32_device_001,2026-05-20T16:45:20+12:00,50.7,-36.604713,174.802567,3
esp32_device_001,2026-05-20T16:45:25+12:00,49.3,-36.60471,174.802582,3
esp32_device_001,2026-05-20T16:45:30+12:00,48.9,-36.604702,174.802582,3
esp32_device_001,2026-05-20T16:45:35+12:00,47.6,-36.604706,174.802582,3
esp32_device_001,2026-05-20T16:45:40+12:00,47.4,-36.604721,174.802582,3
esp32_device_001,2026-05-20T16:45:45+12:00,47.9,-36.604725,174.802582,3
esp32_device_001,2026-05-20T16:45:50+12:00,42.5,-36.604763,174.802612,3
esp32_device_001,2026-05-20T16:45:55+12:00,41.2,-36.604774,174.802612,3
esp32_device_001,2026-05-20T16:46:00+12:00,36.3,-36.604805,174.802643,3
esp32_device_001,2026-05-20T16:46:05+12:00,30.4,-36.604832,174.802658,3
esp32_device_001,2026-05-20T16:46:10+12:00,29.1,-36.604824,174.802673,3
esp32_device_001,2026-05-20T16:46:15+12:00,31.9,-36.604786,174.802658,3
esp32_device_001,2026-05-20T16:46:20+12:00,35.3,-36.604748,174.802643,3
esp32_device_001,2026-05-20T16:46:25+12:00,38.5,-36.604721,174.802628,3
esp32_device_001,2026-05-20T16:46:30+12:00,40.3,-36.60471,174.802612,3
esp32_device_001,2026-05-20T16:46:35+12:00,40.2,-36.604713,174.802612,3
esp32_device_001,2026-05-20T16:46:40+12:00,41.9,-36.60471,174.802612,3
esp32_device_001,2026-05-20T16:46:45+12:00,43.2,-36.60471,174.802597,3
esp32_device_001,2026-05-20T16:46:50+12:00,44,-36.60471,174.802597,3
esp32_device_001,2026-05-20T16:46:55+12:00,44.6,-36.604702,174.802597,3
esp32_device_001,2026-05-20T16:47:00+12:00,44.1,-36.604706,174.802597,3
esp32_device_001,2026-05-20T16:47:05+12:00,44.9,-36.604717,174.802597,3
esp32_device_001,2026-05-20T16:47:10+12:00,45.1,-36.604717,174.802582,3
esp32_device_001,2026-05-20T16:47:15+12:00,45.9,-36.604729,174.802582,3
esp32_device_001,2026-05-20T16:47:20+12:00,46.8,-36.604733,174.802582,3
esp32_device_001,2026-05-20T16:47:25+12:00,48.6,-36.604733,174.802567,3
esp32_device_001,2026-05-20T16:47:30+12:00,47.7,-36.604725,174.802567,3
esp32_device_001,2026-05-20T16:47:35+12:00,48,-36.604725,174.802567,3
esp32_device_001,2026-05-20T16:47:40+12:00,48.4,-36.604717,174.802567,3
esp32_device_001,2026-05-20T16:47:45+12:00,49.6,-36.604729,174.802567,3
esp32_device_001,2026-05-20T16:47:50+12:00,49.2,-36.604733,174.802567,3
esp32_device_001,2026-05-20T16:47:55+12:00,51.3,-36.604721,174.802567,3
esp32_device_001,2026-05-20T16:48:00+12:00,54.6,-36.604721,174.802551,3
esp32_device_001,2026-05-20T16:48:05+12:00,55.4,-36.604721,174.802551,3
esp32_device_001,2026-05-20T16:48:10+12:00,55.4,-36.604725,174.802551,3
esp32_device_001,2026-05-20T16:48:15+12:00,56,-36.604729,174.802551,3
esp32_device_001,2026-05-20T16:48:20+12:00,55.8,-36.604733,174.802551,3
esp32_device_001,2026-05-20T16:48:25+12:00,55.3,-36.604736,174.802551,3
esp32_device_001,2026-05-20T16:48:30+12:00,55.9,-36.604733,174.802536,3
esp32_device_001,2026-05-20T16:48:35+12:00,58.4,-36.604717,174.802536,3
esp32_device_001,2026-05-20T16:48:40+12:00,58.8,-36.604717,174.802521,3
esp32_device_001,2026-05-20T16:48:45+12:00,60.2,-36.60471,174.802521,3
esp32_device_001,2026-05-20T16:48:50+12:00,60.5,-36.604702,174.802521,3
esp32_device_001,2026-05-20T16:48:55+12:00,59.2,-36.60471,174.802536,3
esp32_device_001,2026-05-20T16:49:00+12:00,58.1,-36.604713,174.802536,3
esp32_device_001,2026-05-20T16:49:05+12:00,56.4,-36.604733,174.802551,3
esp32_device_001,2026-05-20T16:49:10+12:00,56.9,-36.604725,174.802551,3
esp32_device_001,2026-05-20T16:49:15+12:00,59,-36.604725,174.802536,3
esp32_device_001,2026-05-20T16:49:20+12:00,62,-36.604698,174.802521,3
esp32_device_001,2026-05-20T16:49:25+12:00,62,-36.604698,174.802521,3
esp32_device_001,2026-05-20T16:49:30+12:00,61.2,-36.604706,174.802536,3
esp32_device_001,2026-05-20T16:49:35+12:00,59.2,-36.604721,174.802536,3
esp32_device_001,2026-05-20T16:49:40+12:00,58.9,-36.604721,174.802536,3
esp32_device_001,2026-05-20T16:49:45+12:00,58,-36.604736,174.802551,3
esp32_device_001,2026-05-20T16:49:50+12:00,57.9,-36.604744,174.802551,3
esp32_device_001,2026-05-20T16:49:55+12:00,58,-36.604748,174.802551,3
esp32_device_001,2026-05-20T16:50:00+12:00,59.3,-36.604736,174.802551,3
esp32_device_001,2026-05-20T16:50:05+12:00,59.5,-36.604721,174.802551,3
esp32_device_001,2026-05-20T16:50:10+12:00,59.2,-36.604725,174.802551,3
esp32_device_001,2026-05-20T16:50:15+12:00,58.7,-36.60474,174.802551,3
esp32_device_001,2026-05-20T16:50:20+12:00,58.3,-36.604755,174.802567,3
esp32_device_001,2026-05-20T16:50:25+12:00,57.9,-36.604771,174.802567,3
esp32_device_001,2026-05-20T16:50:30+12:00,58,-36.604774,174.802567,3
esp32_device_001,2026-05-20T16:50:35+12:00,58.6,-36.604774,174.802567,3
esp32_device_001,2026-05-20T16:50:40+12:00,60.6,-36.604759,174.802551,3
esp32_device_001,2026-05-20T16:50:45+12:00,61.2,-36.604755,174.802551,3
esp32_device_001,2026-05-20T16:50:50+12:00,61.4,-36.604759,174.802551,3
esp32_device_001,2026-05-20T16:50:55+12:00,61.4,-36.604771,174.802551,3
esp32_device_001,2026-05-20T16:51:00+12:00,61.9,-36.604778,174.802551,3
esp32_device_001,2026-05-20T16:51:05+12:00,62.8,-36.604786,174.802551,3
esp32_device_001,2026-05-20T16:51:10+12:00,62.9,-36.604782,174.802551,3
esp32_device_001,2026-05-20T16:51:15+12:00,66.4,-36.604736,174.802536,3
esp32_device_001,2026-05-20T16:51:20+12:00,74.1,-36.604694,174.802505,3
esp32_device_001,2026-05-20T16:51:25+12:00,76.9,-36.604675,174.802505,3
esp32_device_001,2026-05-20T16:51:30+12:00,78.6,-36.604649,174.802505,3
esp32_device_001,2026-05-20T16:51:35+12:00,81.7,-36.60463,174.802505,3
esp32_device_001,2026-05-20T16:51:40+12:00,84.3,-36.60463,174.802505,3
esp32_device_001,2026-05-20T16:51:45+12:00,85.7,-36.604618,174.802505,3
esp32_device_001,2026-05-20T16:51:50+12:00,84.5,-36.604633,174.802521,3
esp32_device_001,2026-05-20T16:51:55+12:00,84.3,-36.60466,174.802521,3
esp32_device_001,2026-05-20T16:52:00+12:00,83.6,-36.604691,174.802536,3
esp32_device_001,2026-05-20T16:52:05+12:00,83.2,-36.604694,174.802536,3
esp32_device_001,2026-05-20T16:52:10+12:00,81.8,-36.604706,174.802536,3
esp32_device_001,2026-05-20T16:52:39+12:00,92,-36.604885,174.802567,3
esp32_device_001,2026-05-20T16:52:44+12:00,91.3,-36.604855,174.802567,3
esp32_device_001,2026-05-20T16:52:49+12:00,89.6,-36.604851,174.802551,3
esp32_device_001,2026-05-20T16:52:54+12:00,89.4,-36.604858,174.802567,3
esp32_device_001,2026-05-20T16:52:59+12:00,89.5,-36.604931,174.802567,3
esp32_device_001,2026-05-20T16:53:04+12:00,87.9,-36.604866,174.802536,3
esp32_device_001,2026-05-20T16:53:09+12:00,86,-36.604828,174.802521,3
esp32_device_001,2026-05-20T16:53:14+12:00,83.8,-36.604786,174.802521,3
esp32_device_001,2026-05-20T16:53:19+12:00,83.2,-36.60482,174.802536,3
esp32_device_001,2026-05-20T16:53:24+12:00,77.1,-36.60474,174.802505,3
esp32_device_001,2026-05-20T16:53:29+12:00,76.4,-36.604809,174.802536,3
esp32_device_001,2026-05-20T16:53:34+12:00,75.3,-36.604824,174.802551,3
esp32_device_001,2026-05-20T16:53:39+12:00,74.9,-36.604828,174.802551,3
esp32_device_001,2026-05-20T16:53:44+12:00,72.8,-36.60482,174.802551,3
esp32_device_001,2026-05-20T16:53:49+12:00,70.2,-36.604839,174.802567,3
esp32_device_001,2026-05-20T16:53:54+12:00,67.8,-36.604828,174.802582,3
esp32_device_001,2026-05-20T16:53:59+12:00,57.5,-36.604801,174.802628,3
esp32_device_001,2026-05-20T16:54:04+12:00,50.3,-36.604774,174.802643,3
esp32_device_001,2026-05-20T16:54:09+12:00,45.9,-36.604748,174.802612,3
esp32_device_001,2026-05-20T16:54:14+12:00,43.6,-36.604736,174.802597,3
esp32_device_001,2026-05-20T16:54:19+12:00,39.4,-36.604721,174.802582,3
esp32_device_001,2026-05-20T16:54:24+12:00,38.4,-36.604729,174.802582,3
esp32_device_001,2026-05-20T16:54:29+12:00,39.6,-36.604763,174.802582,3
esp32_device_001,2026-05-20T16:54:34+12:00,38.5,-36.604755,174.802567,3
esp32_device_001,2026-05-20T16:54:39+12:00,33.3,-36.604733,174.802567,3
esp32_device_001,2026-05-20T16:54:44+12:00,29.6,-36.604733,174.802567,3
esp32_device_001,2026-05-20T16:54:49+12:00,26.7,-36.604725,174.802567,3
esp32_device_001,2026-05-20T16:54:54+12:00,25.6,-36.604725,174.802567,3
esp32_device_001,2026-05-20T16:54:59+12:00,25.9,-36.604748,174.802567,3
esp32_device_001,2026-05-20T16:55:04+12:00,26.8,-36.604767,174.802567,3
esp32_device_001,2026-05-20T16:55:09+12:00,28,-36.604782,174.802567,3
esp32_device_001,2026-05-20T16:55:14+12:00,28,-36.604763,174.802582,3
esp32_device_001,2026-05-20T16:55:19+12:00,28.3,-36.604759,174.802567,3
esp32_device_001,2026-05-20T16:55:24+12:00,28.5,-36.604763,174.802567,3
esp32_device_001,2026-05-20T16:55:29+12:00,30.7,-36.604759,174.802567,3
esp32_device_001,2026-05-20T16:55:34+12:00,32.8,-36.604774,174.802536,3
esp32_device_001,2026-05-20T16:55:39+12:00,33.5,-36.604797,174.802536,3
esp32_device_001,2026-05-20T16:55:44+12:00,34.6,-36.604805,174.802536,3
esp32_device_001,2026-05-20T16:55:49+12:00,35,-36.604813,174.802551,3
esp32_device_001,2026-05-20T16:55:54+12:00,36.1,-36.604809,174.802551,3
esp32_device_001,2026-05-20T16:55:59+12:00,37,-36.604786,174.802551,3
esp32_device_001,2026-05-20T16:56:04+12:00,37.3,-36.604774,174.802551,3
esp32_device_001,2026-05-20T16:56:09+12:00,37.9,-36.604782,174.802567,3
esp32_device_001,2026-05-20T16:56:14+12:00,39.8,-36.604794,174.802582,3
esp32_device_001,2026-05-20T16:56:19+12:00,42.2,-36.604797,174.802582,3
esp32_device_001,2026-05-20T16:56:24+12:00,43.6,-36.604767,174.802582,3
esp32_device_001,2026-05-20T16:56:29+12:00,45,-36.604759,174.802582,3
esp32_device_001,2026-05-20T16:56:34+12:00,45.9,-36.604759,174.802582,3
esp32_device_001,2026-05-20T16:56:39+12:00,44.5,-36.604744,174.802567,3
esp32_device_001,2026-05-20T16:56:44+12:00,44.5,-36.604729,174.802567,3
esp32_device_001,2026-05-20T16:56:49+12:00,42.9,-36.604736,174.802551,3
esp32_device_001,2026-05-20T16:56:54+12:00,43.3,-36.604755,174.802567,3
esp32_device_001,2026-05-20T16:56:59+12:00,40.2,-36.604824,174.802597,3
esp32_device_001,2026-05-20T16:57:04+12:00,41.4,-36.604836,174.802597,3
esp32_device_001,2026-05-20T16:57:09+12:00,42.7,-36.60482,174.802582,3
esp32_device_001,2026-05-20T16:57:14+12:00,43.2,-36.604809,174.802582,3
esp32_device_001,2026-05-20T16:57:19+12:00,43.3,-36.604809,174.802582,3
esp32_device_001,2026-05-20T16:57:24+12:00,43.3,-36.604797,174.802582,3
esp32_device_001,2026-05-20T16:57:29+12:00,44.3,-36.604778,174.802567,3
esp32_device_001,2026-05-20T16:57:34+12:00,45.6,-36.604774,174.802551,3
esp32_device_001,2026-05-20T16:57:39+12:00,45.1,-36.60479,174.802567,3
esp32_device_001,2026-05-20T16:57:44+12:00,43,-36.604794,174.802567,3
esp32_device_001,2026-05-20T16:57:49+12:00,40.8,-36.604801,174.802582,3
esp32_device_001,2026-05-20T16:57:54+12:00,48,-36.604774,174.802551,3
esp32_device_001,2026-05-20T16:57:59+12:00,48.2,-36.604797,174.802597,3
esp32_device_001,2026-05-20T16:58:04+12:00,52.1,-36.604778,174.802597,3
esp32_device_001,2026-05-20T16:58:09+12:00,58.6,-36.604729,174.802597,3
esp32_device_001,2026-05-20T16:58:14+12:00,72.5,-36.604641,174.802536,3
esp32_device_001,2026-05-20T16:58:19+12:00,80.1,-36.604595,174.802521,3
esp32_device_001,2026-05-20T16:58:24+12:00,82.5,-36.604599,174.802536,3
esp32_device_001,2026-05-20T16:58:29+12:00,86.6,-36.604595,174.802551,3
esp32_device_001,2026-05-20T16:58:34+12:00,90.9,-36.604614,174.802536,3
esp32_device_001,2026-05-20T16:58:39+12:00,92.1,-36.604645,174.802521,3
esp32_device_001,2026-05-20T16:58:44+12:00,94.7,-36.604645,174.802521,3
esp32_device_001,2026-05-20T16:58:49+12:00,96.5,-36.60463,174.802536,3
esp32_device_001,2026-05-20T16:58:54+12:00,96.8,-36.604603,174.802551,3
esp32_device_001,2026-05-20T16:58:59+12:00,96.2,-36.604603,174.802597,3
esp32_device_001,2026-05-20T16:59:04+12:00,95.3,-36.604603,174.802628,3
esp32_device_001,2026-05-20T16:59:09+12:00,93.6,-36.604599,174.802628,3
esp32_device_001,2026-05-20T16:59:14+12:00,92.3,-36.604599,174.802643,3
esp32_device_001,2026-05-20T16:59:19+12:00,91,-36.604618,174.802628,3
esp32_device_001,2026-05-20T16:59:24+12:00,88.3,-36.604683,174.802673,3
esp32_device_001,2026-05-20T16:59:29+12:00,85,-36.60471,174.802673,3
esp32_device_001,2026-05-20T16:59:34+12:00,82,-36.604729,174.802673,3
esp32_device_001,2026-05-20T16:59:39+12:00,80.1,-36.604736,174.802658,3
esp32_device_001,2026-05-20T16:59:44+12:00,79.4,-36.604725,174.802643,3
esp32_device_001,2026-05-20T16:59:49+12:00,78.5,-36.604694,174.802628,3
esp32_device_001,2026-05-20T16:59:54+12:00,78.4,-36.604698,174.802612,3
esp32_device_001,2026-05-20T16:59:59+12:00,77.5,-36.604706,174.802597,3
esp32_device_001,2026-05-20T17:00:04+12:00,77.4,-36.604706,174.802567,3
esp32_device_001,2026-05-20T17:00:09+12:00,77.8,-36.604687,174.802551,3
esp32_device_001,2026-05-20T17:00:14+12:00,76.2,-36.604683,174.802551,3
esp32_device_001,2026-05-20T17:00:19+12:00,76.2,-36.604694,174.802551,3
esp32_device_001,2026-05-20T17:00:24+12:00,75.1,-36.604668,174.802551,3
esp32_device_001,2026-05-20T17:00:29+12:00,73,-36.604645,174.802521,3
esp32_device_001,2026-05-20T17:00:34+12:00,71.7,-36.604656,174.802536,3
esp32_device_001,2026-05-20T17:00:39+12:00,71.7,-36.604679,174.802551,3
esp32_device_001,2026-05-20T17:00:44+12:00,70.7,-36.604694,174.802567,3
esp32_device_001,2026-05-20T17:00:49+12:00,70.4,-36.604702,174.802505,3
esp32_device_001,2026-05-20T17:00:54+12:00,69.2,-36.604698,174.802536,3
esp32_device_001,2026-05-20T17:00:59+12:00,68.6,-36.604698,174.802536,3
esp32_device_001,2026-05-20T17:01:04+12:00,67.4,-36.604687,174.802505,3
esp32_device_001,2026-05-20T17:01:09+12:00,65.8,-36.604679,174.802505,3
esp32_device_001,2026-05-20T17:01:14+12:00,62.6,-36.604675,174.802536,3
esp32_device_001,2026-05-20T17:01:19+12:00,59.9,-36.604652,174.802582,3
esp32_device_001,2026-05-20T17:01:24+12:00,57.4,-36.604668,174.802582,3
esp32_device_001,2026-05-20T17:01:29+12:00,53.8,-36.604687,174.802597,3
esp32_device_001,2026-05-20T17:01:34+12:00,49,-36.604656,174.802567,3
esp32_device_001,2026-05-20T17:01:39+12:00,47.3,-36.604649,174.802521,3
esp32_device_001,2026-05-20T17:01:44+12:00,45.3,-36.604649,174.80249,3
esp32_device_001,2026-05-20T17:01:49+12:00,44.5,-36.604656,174.802505,3
esp32_device_001,2026-05-20T17:01:54+12:00,44.4,-36.604671,174.802505,3
esp32_device_001,2026-05-20T17:01:59+12:00,44.6,-36.604683,174.802521,3
esp32_device_001,2026-05-20T17:02:04+12:00,45.4,-36.604702,174.802521,3
esp32_device_001,2026-05-20T17:02:09+12:00,45.9,-36.60471,174.802536,3
esp32_device_001,2026-05-20T17:02:20+12:00,45.9,-36.604736,174.802567,3
esp32_device_001,2026-05-20T17:02:25+12:00,46.4,-36.604744,174.802567,3
esp32_device_001,2026-05-20T17:02:30+12:00,46.1,-36.604752,174.802567,3
esp32_device_001,2026-05-20T17:02:35+12:00,46.1,-36.604748,174.802582,3
esp32_device_001,2026-05-20T17:02:40+12:00,44.9,-36.604759,174.802612,3
esp32_device_001,2026-05-20T17:02:45+12:00,44.1,-36.604759,174.802597,3
esp32_device_001,2026-05-20T17:02:50+12:00,44.2,-36.604759,174.802597,3
esp32_device_001,2026-05-20T17:02:55+12:00,44.2,-36.604759,174.802567,3
esp32_device_001,2026-05-20T17:03:00+12:00,42.6,-36.604744,174.802582,3
esp32_device_001,2026-05-20T17:03:05+12:00,42.3,-36.604725,174.802612,3
esp32_device_001,2026-05-20T17:03:10+12:00,41.4,-36.604717,174.802612,3
esp32_device_001,2026-05-20T17:03:15+12:00,40.1,-36.60471,174.802612,3
esp32_device_001,2026-05-20T17:03:20+12:00,39.4,-36.604713,174.802612,3
esp32_device_001,2026-05-20T17:03:25+12:00,37.6,-36.604721,174.802597,3
esp32_device_001,2026-05-20T17:03:30+12:00,36,-36.604721,174.802582,3
esp32_device_001,2026-05-20T17:03:35+12:00,34.9,-36.604736,174.802582,3
esp32_device_001,2026-05-20T17:03:40+12:00,34.5,-36.604752,174.802567,3
esp32_device_001,2026-05-20T17:03:45+12:00,32.7,-36.604763,174.802567,3
esp32_device_001,2026-05-20T17:03:50+12:00,31.8,-36.604782,174.802551,3
esp32_device_001,2026-05-20T17:03:55+12:00,29.7,-36.604771,174.802551,3
esp32_device_001,2026-05-20T17:04:00+12:00,28.6,-36.604763,174.802567,3
esp32_device_001,2026-05-20T17:04:05+12:00,27.4,-36.604752,174.802567,3
esp32_device_001,2026-05-20T17:04:10+12:00,27.5,-36.604744,174.802597,3
esp32_device_001,2026-05-20T17:04:15+12:00,27,-36.604755,174.802597,3
esp32_device_001,2026-05-20T17:04:20+12:00,26.5,-36.604752,174.802582,3
esp32_device_001,2026-05-20T17:04:25+12:00,25.6,-36.604729,174.802582,3
esp32_device_001,2026-05-20T17:04:30+12:00,25,-36.604721,174.802582,3
esp32_device_001,2026-05-20T17:04:35+12:00,24.1,-36.604725,174.802567,3
esp32_device_001,2026-05-20T17:04:40+12:00,22.5,-36.604717,174.802551,3
esp32_device_001,2026-05-20T17:04:45+12:00,22.4,-36.60474,174.802567,3
esp32_device_001,2026-05-20T17:04:50+12:00,22.2,-36.604744,174.802551,3
esp32_device_001,2026-05-20T17:04:55+12:00,22.5,-36.604759,174.802567,3
esp32_device_001,2026-05-20T17:05:00+12:00,23.3,-36.604782,174.802567,3
esp32_device_001,2026-05-20T17:05:05+12:00,24.1,-36.604794,174.802567,3
esp32_device_001,2026-05-20T17:05:10+12:00,23.3,-36.604778,174.802567,3
esp32_device_001,2026-05-20T17:05:15+12:00,22.6,-36.604778,174.802582,3
esp32_device_001,2026-05-20T17:05:20+12:00,22.6,-36.604774,174.802597,3
esp32_device_001,2026-05-20T17:05:25+12:00,24.5,-36.604782,174.802582,3
esp32_device_001,2026-05-20T17:05:30+12:00,25.7,-36.604763,174.802597,3
esp32_device_001,2026-05-20T17:05:35+12:00,24.7,-36.604763,174.802597,3
esp32_device_001,2026-05-20T17:05:40+12:00,19.7,-36.60479,174.802597,3
esp32_device_001,2026-05-20T17:05:45+12:00,15.1,-36.604794,174.802597,3
esp32_device_001,2026-05-20T17:05:50+12:00,3.7,-36.604801,174.802628,3
esp32_device_001,2026-05-20T17:05:55+12:00,-6.4,-36.604805,174.802628,3
esp32_device_001,2026-05-20T17:06:00+12:00,-13.1,-36.604794,174.802643,3
esp32_device_001,2026-05-20T17:06:05+12:00,-11.5,-36.604801,174.802643,3
esp32_device_001,2026-05-20T17:06:10+12:00,-7.4,-36.604809,174.802643,3
esp32_device_001,2026-05-20T17:06:15+12:00,-3.4,-36.604809,174.802628,3
esp32_device_001,2026-05-20T17:06:20+12:00,1.1,-36.604816,174.802628,3
esp32_device_001,2026-05-20T17:06:25+12:00,6.9,-36.604828,174.802628,3
esp32_device_001,2026-05-20T17:06:30+12:00,12.5,-36.604828,174.802597,3
esp32_device_001,2026-05-20T17:06:35+12:00,16.9,-36.604816,174.802597,3
esp32_device_001,2026-05-20T17:06:40+12:00,20.4,-36.60482,174.802582,3
esp32_device_001,2026-05-20T17:06:45+12:00,23.3,-36.604836,174.802567,3
esp32_device_001,2026-05-20T17:06:50+12:00,27.1,-36.604828,174.802567,3
esp32_device_001,2026-05-20T17:06:55+12:00,30.1,-36.604828,174.802567,3
esp32_device_001,2026-05-20T17:07:00+12:00,33.3,-36.604832,174.802551,3
esp32_device_001,2026-05-20T17:07:05+12:00,35.9,-36.604816,174.802567,3
esp32_device_001,2026-05-20T17:07:10+12:00,38.5,-36.60482,174.802551,3
esp32_device_001,2026-05-20T17:07:15+12:00,43.1,-36.604809,174.802551,3
esp32_device_001,2026-05-20T17:07:20+12:00,47.9,-36.604805,174.802567,3
esp32_device_001,2026-05-20T17:07:25+12:00,52.9,-36.604813,174.802551,3
esp32_device_001,2026-05-20T17:07:30+12:00,56.1,-36.604805,174.802551,3
esp32_device_001,2026-05-20T17:07:35+12:00,57.9,-36.604778,174.802567,3
esp32_device_001,2026-05-20T17:07:40+12:00,59.6,-36.604774,174.802567,3
esp32_device_001,2026-05-20T17:07:45+12:00,59.8,-36.604774,174.802582,3
esp32_device_001,2026-05-20T17:07:50+12:00,60.3,-36.604771,174.802597,3
esp32_device_001,2026-05-20T17:07:55+12:00,60.2,-36.604782,174.802612,3
esp32_device_001,2026-05-20T17:08:00+12:00,60.3,-36.604774,174.802597,3
esp32_device_001,2026-05-20T17:08:05+12:00,60.5,-36.604782,174.802582,3
esp32_device_001,2026-05-20T17:08:10+12:00,60.4,-36.604797,174.802582,3
esp32_device_001,2026-05-20T17:08:15+12:00,58.9,-36.604774,174.802597,3
esp32_device_001,2026-05-20T17:08:20+12:00,59.2,-36.604771,174.802597,3
esp32_device_001,2026-05-20T17:08:25+12:00,59.9,-36.604771,174.802582,3
esp32_device_001,2026-05-20T17:08:30+12:00,60,-36.604771,174.802567,3
esp32_device_001,2026-05-20T17:08:35+12:00,57.2,-36.604748,174.802704,3
esp32_device_001,2026-05-20T17:08:40+12:00,56.2,-36.604755,174.802719,3
esp32_device_001,2026-05-20T17:08:45+12:00,54,-36.604763,174.802689,3
esp32_device_001,2026-05-20T17:08:50+12:00,53.9,-36.604801,174.802643,3
esp32_device_001,2026-05-20T17:08:55+12:00,51.5,-36.604805,174.802673,3
esp32_device_001,2026-05-20T17:09:00+12:00,49.2,-36.604801,174.802689,3
esp32_device_001,2026-05-20T17:09:05+12:00,47.8,-36.604794,174.802704,3
esp32_device_001,2026-05-20T17:09:10+12:00,44.6,-36.604813,174.802734,3
esp32_device_001,2026-05-20T17:09:15+12:00,33.5,-36.604855,174.802856,3
esp32_device_001,2026-05-20T17:09:20+12:00,27.3,-36.604881,174.802933,3
esp32_device_001,2026-05-20T17:09:25+12:00,21.3,-36.604908,174.802979,3
esp32_device_001,2026-05-20T17:09:30+12:00,22.4,-36.604916,174.802902,3
esp32_device_001,2026-05-20T17:09:35+12:00,15.2,-36.604946,174.802887,3
esp32_device_001,2026-05-20T17:09:40+12:00,6.2,-36.604958,174.802917,3
esp32_device_001,2026-05-20T17:09:45+12:00,6.6,-36.604935,174.802872,3
esp32_device_001,2026-05-20T17:09:50+12:00,6.8,-36.604919,174.802856,3
esp32_device_001,2026-05-20T17:09:55+12:00,8,-36.604897,174.802841,3
esp32_device_001,2026-05-20T17:10:00+12:00,9.1,-36.604877,174.802841,3
esp32_device_001,2026-05-20T17:10:05+12:00,10.3,-36.604855,174.802856,3
esp32_device_001,2026-05-20T17:10:10+12:00,11.7,-36.604836,174.802872,3
esp32_device_001,2026-05-20T17:10:15+12:00,14.5,-36.604843,174.802811,3
esp32_device_001,2026-05-20T17:10:20+12:00,17.4,-36.604843,174.80275,3
esp32_device_001,2026-05-20T17:10:25+12:00,20.2,-36.604851,174.802734,3
esp32_device_001,2026-05-20T17:10:30+12:00,22.7,-36.604847,174.802719,3
esp32_device_001,2026-05-20T17:10:35+12:00,25.6,-36.604847,174.802704,3
esp32_device_001,2026-05-20T17:10:40+12:00,28.6,-36.604816,174.802689,3
esp32_device_001,2026-05-20T17:10:45+12:00,31.8,-36.604805,174.802643,3
esp32_device_001,2026-05-20T17:10:50+12:00,34.2,-36.604801,174.802643,3
esp32_device_001,2026-05-20T17:10:55+12:00,39.9,-36.604778,174.802582,3
esp32_device_001,2026-05-20T17:11:00+12:00,47,-36.604759,174.802521,3
esp32_device_001,2026-05-20T17:11:05+12:00,46.5,-36.604759,174.802536,3
esp32_device_001,2026-05-20T17:11:10+12:00,45.4,-36.604755,174.802551,3
esp32_device_001,2026-05-20T17:11:15+12:00,46.5,-36.604748,174.802567,3
esp32_device_001,2026-05-20T17:11:20+12:00,45.7,-36.604755,174.802551,3
esp32_device_001,2026-05-20T17:11:25+12:00,45.5,-36.604767,174.802551,3
esp32_device_001,2026-05-20T17:11:30+12:00,45.3,-36.604767,174.802567,3
esp32_device_001,2026-05-20T17:11:35+12:00,45,-36.604771,174.802582,3
esp32_device_001,2026-05-20T17:11:40+12:00,45.3,-36.604767,174.802582,3
esp32_device_001,2026-05-20T17:11:45+12:00,45.3,-36.604771,174.802582,3
esp32_device_001,2026-05-20T17:11:50+12:00,46,-36.604774,174.802567,3
esp32_device_001,2026-05-20T17:11:55+12:00,46.9,-36.604774,174.802567,3
esp32_device_001,2026-05-20T17:12:00+12:00,48.3,-36.604782,174.802567,3
esp32_device_001,2026-05-20T17:12:05+12:00,49.7,-36.604782,174.802551,3
esp32_device_001,2026-05-20T17:12:10+12:00,53.4,-36.604767,174.802536,3
esp32_device_001,2026-05-20T17:12:21+12:00,57.1,-36.604759,174.802536,3
esp32_device_001,2026-05-20T17:12:26+12:00,56.8,-36.604748,174.802521,3
esp32_device_001,2026-05-20T17:12:31+12:00,57.1,-36.604744,174.802521,3
esp32_device_001,2026-05-20T17:12:36+12:00,55.3,-36.604744,174.802536,3
esp32_device_001,2026-05-20T17:12:41+12:00,55.1,-36.604744,174.802536,3
esp32_device_001,2026-05-20T17:12:46+12:00,55.9,-36.604744,174.802551,3
esp32_device_001,2026-05-20T17:12:51+12:00,55.6,-36.604744,174.802551,3
esp32_device_001,2026-05-20T17:12:56+12:00,55.4,-36.604744,174.802567,3
esp32_device_001,2026-05-20T17:13:01+12:00,55.3,-36.604752,174.802582,3
esp32_device_001,2026-05-20T17:13:06+12:00,55.5,-36.604759,174.802582,3
esp32_device_001,2026-05-20T17:13:11+12:00,55.2,-36.604755,174.802582,3
esp32_device_001,2026-05-20T17:13:16+12:00,54.5,-36.604755,174.802597,3
esp32_device_001,2026-05-20T17:13:21+12:00,53.7,-36.604763,174.802612,3
esp32_device_001,2026-05-20T17:13:26+12:00,54.8,-36.604767,174.802612,3
esp32_device_001,2026-05-20T17:13:31+12:00,67.5,-36.604813,174.802628,3
esp32_device_001,2026-05-20T17:13:36+12:00,66.8,-36.60482,174.802658,3
esp32_device_001,2026-05-20T17:13:41+12:00,63.7,-36.604828,174.802673,3
esp32_device_001,2026-05-20T17:13:46+12:00,60.1,-36.604824,174.802673,3
esp32_device_001,2026-05-20T17:13:51+12:00,57.4,-36.60482,174.802673,3
esp32_device_001,2026-05-20T17:13:56+12:00,55.4,-36.604824,174.802673,3
esp32_device_001,2026-05-20T17:14:01+12:00,54.1,-36.604813,174.802673,3
esp32_device_001,2026-05-20T17:14:06+12:00,54.3,-36.604805,174.802658,3
esp32_device_001,2026-05-20T17:14:11+12:00,55.5,-36.604805,174.802643,3
esp32_device_001,2026-05-20T17:14:16+12:00,60.3,-36.604813,174.802643,3
esp32_device_001,2026-05-20T17:14:21+12:00,61,-36.604813,174.802643,3
esp32_device_001,2026-05-20T17:14:26+12:00,57.7,-36.604809,174.802658,3
esp32_device_001,2026-05-20T17:14:31+12:00,56,-36.604805,174.802658,3
esp32_device_001,2026-05-20T17:14:36+12:00,51.9,-36.604786,174.802643,3
esp32_device_001,2026-05-20T17:14:41+12:00,49.5,-36.604778,174.802643,3
esp32_device_001,2026-05-20T17:14:46+12:00,49.1,-36.604782,174.802643,3
esp32_device_001,2026-05-20T17:14:51+12:00,49.8,-36.604771,174.802643,3
esp32_device_001,2026-05-20T17:14:56+12:00,48.7,-36.604782,174.802643,3
esp32_device_001,2026-05-20T17:15:06+12:00,47.4,-36.604774,174.802643,3
esp32_device_001,2026-05-20T17:15:11+12:00,50.6,-36.604778,174.802643,3
esp32_device_001,2026-05-20T17:15:16+12:00,52.6,-36.604794,174.802658,3
esp32_device_001,2026-05-20T17:15:21+12:00,51.9,-36.604794,174.802658,3
esp32_device_001,2026-05-20T17:15:26+12:00,51.1,-36.604794,174.802658,3
esp32_device_001,2026-05-20T17:15:31+12:00,49.4,-36.60479,174.802658,3
esp32_device_001,2026-05-20T17:15:36+12:00,46.9,-36.604778,174.802628,3
esp32_device_001,2026-05-20T17:15:41+12:00,44.7,-36.604774,174.802612,3
esp32_device_001,2026-05-20T17:15:46+12:00,42.6,-36.604767,174.802597,3
esp32_device_001,2026-05-20T17:15:51+12:00,39.9,-36.604771,174.802597,3
esp32_device_001,2026-05-20T17:15:56+12:00,38.7,-36.604771,174.802597,3
esp32_device_001,2026-05-20T17:16:01+12:00,38.5,-36.604755,174.802597,3
esp32_device_001,2026-05-20T17:16:06+12:00,37.1,-36.604763,174.802597,3
esp32_device_001,2026-05-20T17:16:11+12:00,36.4,-36.604748,174.802597,3
esp32_device_001,2026-05-20T17:16:16+12:00,34.5,-36.604763,174.802612,3
esp32_device_001,2026-05-20T17:16:21+12:00,33.7,-36.604771,174.802628,3
esp32_device_001,2026-05-20T17:16:26+12:00,33.4,-36.604771,174.802612,3
esp32_device_001,2026-05-20T17:16:31+12:00,34.2,-36.604755,174.802612,3
esp32_device_001,2026-05-20T17:16:36+12:00,34.3,-36.604744,174.802628,3
esp32_device_001,2026-05-20T17:16:41+12:00,33.9,-36.604744,174.802628,3
esp32_device_001,2026-05-20T17:16:46+12:00,33.6,-36.604736,174.802612,3
esp32_device_001,2026-05-20T17:16:51+12:00,32.6,-36.60474,174.802612,3
esp32_device_001,2026-05-20T17:16:56+12:00,29.8,-36.604748,174.802628,3
esp32_device_001,2026-05-20T17:17:01+12:00,29.2,-36.604767,174.802628,3
esp32_device_001,2026-05-20T17:17:06+12:00,28.3,-36.604786,174.802628,3
esp32_device_001,2026-05-20T17:17:11+12:00,30.4,-36.604759,174.802612,3
esp32_device_001,2026-05-20T17:17:16+12:00,31.2,-36.604778,174.802612,3
esp32_device_001,2026-05-20T17:17:21+12:00,30.9,-36.604774,174.802612,3
esp32_device_001,2026-05-20T17:17:41+12:00,30.8,-36.604778,174.802643,3
esp32_device_001,2026-05-20T17:17:51+12:00,25.4,-36.604671,174.802643,3
esp32_device_001,2026-05-20T17:17:56+12:00,24.5,-36.604668,174.802643,3
esp32_device_001,2026-05-20T17:18:01+12:00,22.1,-36.604668,174.802658,3
esp32_device_001,2026-05-20T17:18:06+12:00,20.7,-36.604675,174.802673,3
esp32_device_001,2026-05-20T17:18:11+12:00,19.3,-36.604679,174.802689,3
esp32_device_001,2026-05-20T17:18:16+12:00,17.8,-36.604717,174.802689,3
esp32_device_001,2026-05-20T17:18:21+12:00,15.6,-36.604767,174.802704,3
esp32_device_001,2026-05-20T17:18:31+12:00,13.8,-36.60482,174.802704,3
esp32_device_001,2026-05-20T17:18:36+12:00,4.1,-36.604881,174.802673,3
esp32_device_001,2026-05-20T17:18:41+12:00,-10.7,-36.604965,174.802628,3
esp32_device_001,2026-05-20T17:18:46+12:00,-16.9,-36.604969,174.802612,3
esp32_device_001,2026-05-20T17:18:51+12:00,-17.4,-36.604942,174.802612,3
esp32_device_001,2026-05-20T17:18:56+12:00,-16.3,-36.604931,174.802628,3
esp32_device_001,2026-05-20T17:19:01+12:00,-14.2,-36.604904,174.802643,3
esp32_device_001,2026-05-20T17:19:06+12:00,-11.4,-36.604881,174.802643,3
esp32_device_001,2026-05-20T17:19:11+12:00,-8.8,-36.604839,174.802658,3
esp32_device_001,2026-05-20T17:19:16+12:00,-6.4,-36.604824,174.802658,3
esp32_device_001,2026-05-20T17:19:21+12:00,-1.6,-36.604801,174.802643,3
esp32_device_001,2026-05-20T17:19:26+12:00,3.1,-36.604805,174.802628,3
esp32_device_001,2026-05-20T17:19:31+12:00,7.9,-36.604797,174.802628,3
esp32_device_001,2026-05-20T17:19:36+12:00,13.7,-36.604778,174.802628,3
esp32_device_001,2026-05-20T17:19:41+12:00,19.6,-36.604752,174.802612,3
esp32_device_001,2026-05-20T17:19:51+12:00,35.5,-36.604759,174.802628,3
esp32_device_001,2026-05-20T17:19:56+12:00,47.2,-36.604759,174.802628,3
esp32_device_001,2026-05-20T17:20:01+12:00,57.6,-36.604729,174.802628,3
esp32_device_001,2026-05-20T17:20:06+12:00,68.8,-36.604694,174.802628,3
esp32_device_001,2026-05-20T17:20:11+12:00,76.1,-36.604698,174.802628,3
esp32_device_001,2026-05-20T17:20:16+12:00,81.7,-36.604729,174.802628,3
esp32_device_001,2026-05-20T17:20:21+12:00,83,-36.604733,174.802628,3
esp32_device_001,2026-05-20T17:20:26+12:00,84.9,-36.604702,174.802612,3
esp32_device_001,2026-05-20T17:20:31+12:00,80.6,-36.604733,174.802612,3
esp32_device_001,2026-05-20T17:20:36+12:00,78.9,-36.604702,174.802612,3
esp32_device_001,2026-05-20T17:20:41+12:00,78.6,-36.604702,174.802628,3
esp32_device_001,2026-05-20T17:20:46+12:00,77.1,-36.604691,174.802597,3
esp32_device_001,2026-05-20T17:20:51+12:00,74.3,-36.604717,174.802597,3
esp32_device_001,2026-05-20T17:20:56+12:00,72.7,-36.604729,174.802612,3
esp32_device_001,2026-05-20T17:21:01+12:00,72.1,-36.604641,174.802582,3
esp32_device_001,2026-05-20T17:21:06+12:00,69.5,-36.604607,174.802551,3
esp32_device_001,2026-05-20T17:21:11+12:00,68.4,-36.60463,174.802551,3
esp32_device_001,2026-05-20T17:21:16+12:00,67.4,-36.604614,174.802551,3
esp32_device_001,2026-05-20T17:21:21+12:00,67.9,-36.604618,174.802536,3
esp32_device_001,2026-05-20T17:21:26+12:00,67.6,-36.604633,174.802536,3
esp32_device_001,2026-05-20T17:21:31+12:00,67.3,-36.604641,174.802521,3
esp32_device_001,2026-05-20T17:21:36+12:00,67.4,-36.604645,174.802521,3
esp32_device_001,2026-05-20T17:21:41+12:00,67.3,-36.604637,174.802505,3
esp32_device_001,2026-05-20T17:21:46+12:00,67.6,-36.604656,174.802505,3
esp32_device_001,2026-05-20T17:21:51+12:00,68.8,-36.604671,174.802505,3
esp32_device_001,2026-05-20T17:21:56+12:00,68.3,-36.604679,174.802521,3
esp32_device_001,2026-05-20T17:22:01+12:00,68.6,-36.604691,174.802536,3
esp32_device_001,2026-05-20T17:22:06+12:00,71.2,-36.604706,174.802551,3
esp32_device_001,2026-05-20T17:22:26+12:00,69.4,-36.604713,174.802536,3
esp32_device_001,2026-05-20T17:22:31+12:00,68.9,-36.604725,174.802521,3
esp32_device_001,2026-05-20T17:22:36+12:00,67.7,-36.604744,174.802536,3
esp32_device_001,2026-05-20T17:22:41+12:00,67.8,-36.60474,174.802536,3
esp32_device_001,2026-05-20T17:22:46+12:00,67.9,-36.604767,174.802521,3
esp32_device_001,2026-05-20T17:22:51+12:00,69,-36.604767,174.802521,3
esp32_device_001,2026-05-20T17:22:56+12:00,70.2,-36.604763,174.802505,3
esp32_device_001,2026-05-20T17:23:01+12:00,70.1,-36.604797,174.802536,3
esp32_device_001,2026-05-20T17:23:06+12:00,69,-36.604801,174.802536,3
esp32_device_001,2026-05-20T17:23:11+12:00,67.5,-36.604839,174.802551,3
esp32_device_001,2026-05-20T17:23:16+12:00,64.4,-36.604877,174.802536,3
esp32_device_001,2026-05-20T17:23:21+12:00,62.6,-36.604836,174.802551,3
esp32_device_001,2026-05-20T17:23:26+12:00,59.6,-36.60482,174.802536,3
esp32_device_001,2026-05-20T17:23:31+12:00,58.1,-36.604813,174.802536,3
esp32_device_001,2026-05-20T17:23:36+12:00,56.5,-36.604801,174.802551,3
esp32_device_001,2026-05-20T17:23:41+12:00,56,-36.60479,174.802551,3
esp32_device_001,2026-05-20T17:23:46+12:00,54.8,-36.604782,174.802567,3
esp32_device_001,2026-05-20T17:23:51+12:00,53.1,-36.604771,174.802582,3
esp32_device_001,2026-05-20T17:23:56+12:00,52,-36.604763,174.802582,3
esp32_device_001,2026-05-20T17:24:01+12:00,50,-36.604763,174.802597,3
esp32_device_001,2026-05-20T17:24:06+12:00,48.1,-36.604755,174.802597,3
esp32_device_001,2026-05-20T17:24:11+12:00,46.7,-36.604759,174.802582,3
esp32_device_001,2026-05-20T17:24:16+12:00,45.5,-36.604755,174.802597,3
esp32_device_001,2026-05-20T17:24:21+12:00,45.6,-36.604755,174.802582,3
esp32_device_001,2026-05-20T17:24:26+12:00,45.8,-36.604748,174.802582,3
esp32_device_001,2026-05-20T17:24:31+12:00,46.7,-36.604748,174.802567,3
esp32_device_001,2026-05-20T17:24:36+12:00,47.3,-36.604752,174.802567,3
esp32_device_001,2026-05-20T17:24:41+12:00,48.7,-36.604752,174.802582,3
esp32_device_001,2026-05-20T17:24:46+12:00,50.8,-36.60474,174.802567,3
esp32_device_001,2026-05-20T17:24:51+12:00,53.1,-36.604755,174.802567,3
esp32_device_001,2026-05-20T17:24:56+12:00,54.3,-36.604763,174.802567,3
esp32_device_001,2026-05-20T17:25:01+12:00,55,-36.604752,174.802567,3
esp32_device_001,2026-05-20T17:25:06+12:00,54.8,-36.60474,174.802567,3
esp32_device_001,2026-05-20T17:25:11+12:00,54.5,-36.604725,174.802551,3
esp32_device_001,2026-05-20T17:25:16+12:00,55.5,-36.604733,174.802551,3
esp32_device_001,2026-05-20T17:25:21+12:00,57.2,-36.60474,174.802567,3
esp32_device_001,2026-05-20T17:25:26+12:00,57.1,-36.604748,174.802567,3
esp32_device_001,2026-05-20T17:25:31+12:00,57.1,-36.604759,174.802567,3
esp32_device_001,2026-05-20T17:25:36+12:00,56.9,-36.604763,174.802567,3
esp32_device_001,2026-05-20T17:25:41+12:00,55.3,-36.604759,174.802567,3
esp32_device_001,2026-05-20T17:25:46+12:00,54.7,-36.604736,174.802551,3
esp32_device_001,2026-05-20T17:25:51+12:00,55.8,-36.604721,174.802551,3
esp32_device_001,2026-05-20T17:25:56+12:00,55.6,-36.604733,174.802551,3
esp32_device_001,2026-05-20T17:26:01+12:00,56.5,-36.604733,174.802551,3
esp32_device_001,2026-05-20T17:26:06+12:00,55.9,-36.604725,174.802551,3
esp32_device_001,2026-05-20T17:26:11+12:00,55.2,-36.604721,174.802551,3
esp32_device_001,2026-05-20T17:26:16+12:00,54.6,-36.604733,174.802551,3
esp32_device_001,2026-05-20T17:26:21+12:00,54,-36.604733,174.802551,3
esp32_device_001,2026-05-20T17:26:26+12:00,54,-36.604736,174.802567,3
esp32_device_001,2026-05-20T17:26:31+12:00,52.8,-36.604733,174.802567,3
esp32_device_001,2026-05-20T17:26:36+12:00,51.6,-36.604733,174.802567,3
esp32_device_001,2026-05-20T17:26:41+12:00,50.5,-36.604729,174.802567,3
esp32_device_001,2026-05-20T17:26:46+12:00,49.7,-36.604733,174.802567,3
esp32_device_001,2026-05-20T17:26:51+12:00,49.4,-36.604729,174.802567,3
esp32_device_001,2026-05-20T17:26:56+12:00,48.8,-36.604733,174.802567,3
esp32_device_001,2026-05-20T17:27:01+12:00,48.4,-36.604752,174.802567,3
esp32_device_001,2026-05-20T17:27:06+12:00,47.4,-36.604748,174.802567,3
esp32_device_001,2026-05-20T17:27:11+12:00,45.7,-36.604736,174.802567,3
esp32_device_001,2026-05-20T17:27:16+12:00,44.3,-36.604744,174.802567,3
esp32_device_001,2026-05-20T17:27:21+12:00,42.9,-36.604763,174.802582,3
esp32_device_001,2026-05-20T17:27:26+12:00,42.3,-36.60479,174.802582,3
esp32_device_001,2026-05-20T17:27:31+12:00,40.9,-36.604813,174.802582,3
esp32_device_001,2026-05-20T17:27:36+12:00,39.5,-36.604797,174.802582,3
esp32_device_001,2026-05-20T17:27:41+12:00,39.4,-36.604813,174.802582,3
esp32_device_001,2026-05-20T17:27:46+12:00,39,-36.604805,174.802582,3
esp32_device_001,2026-05-20T17:27:51+12:00,43.8,-36.604809,174.802582,3
esp32_device_001,2026-05-20T17:27:56+12:00,46.3,-36.604813,174.802582,3
esp32_device_001,2026-05-20T17:28:01+12:00,47.9,-36.604813,174.802582,3
esp32_device_001,2026-05-20T17:28:06+12:00,50.1,-36.604824,174.802582,3
esp32_device_001,2026-05-20T17:28:11+12:00,52.8,-36.604805,174.802582,3
esp32_device_001,2026-05-20T17:28:16+12:00,56,-36.604805,174.802567,3
esp32_device_001,2026-05-20T17:28:21+12:00,58,-36.604794,174.802567,3
esp32_device_001,2026-05-20T17:28:26+12:00,59.5,-36.604786,174.802567,3
esp32_device_001,2026-05-20T17:28:31+12:00,63.4,-36.60482,174.802582,3
esp32_device_001,2026-05-20T17:28:36+12:00,62.3,-36.604763,174.802567,3
esp32_device_001,2026-05-20T17:28:41+12:00,61.7,-36.604713,174.802551,3
esp32_device_001,2026-05-20T17:28:46+12:00,62.2,-36.604683,174.802536,3
esp32_device_001,2026-05-20T17:28:51+12:00,55.5,-36.604736,174.802551,3
esp32_device_001,2026-05-20T17:28:56+12:00,53,-36.604877,174.802582,3
esp32_device_001,2026-05-20T17:29:06+12:00,52.8,-36.604607,174.80249,3
esp32_device_001,2026-05-20T17:29:11+12:00,53.1,-36.604576,174.802475,3
esp32_device_001,2026-05-20T17:29:16+12:00,53.4,-36.604649,174.80249,3
esp32_device_001,2026-05-20T17:29:21+12:00,52.3,-36.604916,174.802551,3
esp32_device_001,2026-05-20T17:29:26+12:00,53.6,-36.604973,174.802567,3
esp32_device_001,2026-05-20T17:29:31+12:00,55.3,-36.604973,174.802597,3
esp32_device_001,2026-05-20T17:29:36+12:00,56.9,-36.604912,174.802597,3
esp32_device_001,2026-05-20T17:29:41+12:00,58.6,-36.604877,174.802612,3
esp32_device_001,2026-05-20T17:29:46+12:00,60.1,-36.604881,174.802597,3
esp32_device_001,2026-05-20T17:29:51+12:00,61.7,-36.604866,174.802567,3
esp32_device_001,2026-05-20T17:29:56+12:00,62.7,-36.604836,174.802536,3
esp32_device_001,2026-05-20T17:30:01+12:00,64.1,-36.604809,174.802521,3
esp32_device_001,2026-05-20T17:30:06+12:00,65.2,-36.604797,174.802505,3
esp32_device_001,2026-05-20T17:30:11+12:00,63.5,-36.604755,174.802475,3
esp32_device_001,2026-05-20T17:30:16+12:00,61.4,-36.604717,174.802475,3
esp32_device_001,2026-05-20T17:30:21+12:00,62.2,-36.604733,174.80249,3
esp32_device_001,2026-05-20T17:30:26+12:00,62.9,-36.604733,174.80246,3
esp32_device_001,2026-05-20T17:30:31+12:00,63,-36.604744,174.802475,3
esp32_device_001,2026-05-20T17:30:36+12:00,62,-36.604748,174.80249,3
esp32_device_001,2026-05-20T17:30:41+12:00,60.2,-36.604733,174.80246,3
esp32_device_001,2026-05-20T17:30:46+12:00,58.7,-36.604736,174.80246,3
esp32_device_001,2026-05-20T17:30:51+12:00,57.3,-36.604729,174.80246,3
esp32_device_001,2026-05-20T17:30:56+12:00,56.5,-36.604713,174.802444,3
esp32_device_001,2026-05-20T17:31:01+12:00,54.7,-36.604713,174.802414,3
esp32_device_001,2026-05-20T17:31:06+12:00,52.9,-36.604706,174.802399,3
esp32_device_001,2026-05-20T17:31:11+12:00,51.7,-36.604729,174.802429,3
esp32_device_001,2026-05-20T17:31:16+12:00,50.8,-36.604763,174.802444,3
esp32_device_001,2026-05-20T17:31:21+12:00,48.4,-36.60474,174.802414,3
esp32_device_001,2026-05-20T17:31:26+12:00,47.2,-36.604729,174.802399,3
esp32_device_001,2026-05-20T17:31:31+12:00,45.4,-36.604713,174.802429,3
esp32_device_001,2026-05-20T17:31:36+12:00,44.4,-36.604713,174.80246,3
esp32_device_001,2026-05-20T17:31:41+12:00,42.6,-36.60471,174.80249,3
esp32_device_001,2026-05-20T17:31:46+12:00,41.5,-36.604691,174.802505,3
esp32_device_001,2026-05-20T17:31:51+12:00,41.3,-36.604664,174.802536,3
esp32_device_001,2026-05-20T17:31:56+12:00,40.9,-36.604668,174.802551,3
esp32_device_001,2026-05-20T17:32:01+12:00,40.7,-36.604683,174.802536,3
esp32_device_001,2026-05-20T17:32:06+12:00,41.5,-36.604691,174.802505,3
esp32_device_001,2026-05-20T17:32:11+12:00,43.5,-36.604694,174.802505,3
esp32_device_001,2026-05-20T17:34:00+12:00,35.8,-36.604805,174.80249,3
esp32_device_001,2026-05-20T17:34:10+12:00,39.4,-36.6049,174.802368,3
esp32_device_001,2026-05-20T17:34:15+12:00,40.7,-36.604885,174.802383,3
esp32_device_001,2026-05-20T17:34:20+12:00,42.6,-36.604897,174.802414,3
esp32_device_001,2026-05-20T17:34:25+12:00,44,-36.604908,174.802475,3
esp32_device_001,2026-05-20T17:34:30+12:00,45.7,-36.604893,174.802521,3
esp32_device_001,2026-05-20T17:34:35+12:00,49.6,-36.604729,174.802353,3
esp32_device_001,2026-05-20T17:34:40+12:00,47.9,-36.604698,174.802414,3
esp32_device_001,2026-05-20T17:34:45+12:00,47.1,-36.604698,174.802429,3
esp32_device_001,2026-05-20T17:34:50+12:00,46.7,-36.604744,174.802475,3
esp32_device_001,2026-05-20T17:34:55+12:00,47.2,-36.604759,174.802475,3
esp32_device_001,2026-05-20T17:35:00+12:00,46,-36.604778,174.802475,3
esp32_device_001,2026-05-20T17:35:05+12:00,44.6,-36.604748,174.802444,3
esp32_device_001,2026-05-20T17:35:10+12:00,42.2,-36.604786,174.80246,3
esp32_device_001,2026-05-20T17:35:15+12:00,41.7,-36.604771,174.80246,3
esp32_device_001,2026-05-20T17:35:20+12:00,42.9,-36.604725,174.802414,3
esp32_device_001,2026-05-20T17:35:25+12:00,43.6,-36.604717,174.802383,3
esp32_device_001,2026-05-20T17:35:30+12:00,47.8,-36.604645,174.802322,3
esp32_device_001,2026-05-20T17:35:35+12:00,52.3,-36.604591,174.802322,3
esp32_device_001,2026-05-20T17:35:40+12:00,53.9,-36.604599,174.802368,3
esp32_device_001,2026-05-20T17:35:45+12:00,54.8,-36.604622,174.802399,3
esp32_device_001,2026-05-20T17:35:50+12:00,55.8,-36.604652,174.802444,3
esp32_device_001,2026-05-20T17:35:55+12:00,55.9,-36.604645,174.802475,3
esp32_device_001,2026-05-20T17:36:00+12:00,55.4,-36.604668,174.802505,3
esp32_device_001,2026-05-20T17:36:05+12:00,54.3,-36.604771,174.802582,3
esp32_device_001,2026-05-20T17:36:10+12:00,54.1,-36.604816,174.802612,3
esp32_device_001,2026-05-20T17:36:15+12:00,52.7,-36.604797,174.802628,3
esp32_device_001,2026-05-20T17:36:20+12:00,52.2,-36.604729,174.802582,3
esp32_device_001,2026-05-20T17:36:25+12:00,51.7,-36.604736,174.802582,3
esp32_device_001,2026-05-20T17:36:30+12:00,50.2,-36.60474,174.802567,3
esp32_device_001,2026-05-20T17:36:35+12:00,48,-36.604721,174.802536,3
esp32_device_001,2026-05-20T17:36:40+12:00,47.4,-36.604733,174.802551,3
esp32_device_001,2026-05-20T17:36:45+12:00,46.8,-36.604763,174.802582,3
esp32_device_001,2026-05-20T17:36:50+12:00,46,-36.604763,174.802582,3
esp32_device_001,2026-05-20T17:36:55+12:00,45,-36.60479,174.802597,3
esp32_device_001,2026-05-20T17:37:00+12:00,43.9,-36.604816,174.802597,3
esp32_device_001,2026-05-20T17:37:05+12:00,43.2,-36.604866,174.802643,3
esp32_device_001,2026-05-20T17:37:10+12:00,42,-36.604866,174.802643,3
esp32_device_001,2026-05-20T17:37:15+12:00,41.4,-36.604877,174.802673,3
esp32_device_001,2026-05-20T17:37:20+12:00,41.2,-36.604897,174.802689,3
esp32_device_001,2026-05-20T17:37:25+12:00,41.3,-36.604889,174.802704,3
esp32_device_001,2026-05-20T17:37:30+12:00,41.5,-36.604908,174.802719,3
esp32_device_001,2026-05-20T17:37:35+12:00,42.4,-36.604935,174.80275,3
esp32_device_001,2026-05-20T17:37:40+12:00,43.7,-36.604931,174.80275,3
esp32_device_001,2026-05-20T17:37:45+12:00,46,-36.604931,174.802734,3
esp32_device_001,2026-05-20T17:37:50+12:00,48.8,-36.604931,174.80275,3
esp32_device_001,2026-05-20T17:37:55+12:00,51.3,-36.604942,174.80278,3
esp32_device_001,2026-05-20T17:38:00+12:00,51.2,-36.604946,174.802765,3
esp32_device_001,2026-05-20T17:38:05+12:00,51.6,-36.604916,174.802734,3
esp32_device_001,2026-05-20T17:38:10+12:00,45.1,-36.604843,174.802689,3
esp32_device_001,2026-05-20T17:38:15+12:00,36.9,-36.604797,174.802658,3
esp32_device_001,2026-05-20T17:38:20+12:00,38.7,-36.604801,174.802673,3
esp32_device_001,2026-05-20T17:38:25+12:00,34.2,-36.604729,174.802628,3
esp32_device_001,2026-05-20T17:38:30+12:00,32.3,-36.604675,174.802582,3
esp32_device_001,2026-05-20T17:38:35+12:00,31.5,-36.604683,174.802582,3
esp32_device_001,2026-05-20T17:38:40+12:00,29.4,-36.604668,174.802567,3
esp32_device_001,2026-05-20T17:38:45+12:00,25.2,-36.604671,174.802551,3
esp32_device_001,2026-05-20T17:38:50+12:00,22.6,-36.604683,174.802536,3
esp32_device_001,2026-05-20T17:39:06+12:00,20.5,-36.604771,174.802521,3
esp32_device_001,2026-05-20T17:39:16+12:00,20.8,-36.604797,174.802536,3
esp32_device_001,2026-05-20T17:39:21+12:00,21.9,-36.604786,174.802536,3
esp32_device_001,2026-05-20T17:39:26+12:00,22.2,-36.604774,174.802536,3
esp32_device_001,2026-05-20T17:39:31+12:00,23.3,-36.604778,174.802521,3
esp32_device_001,2026-05-20T17:39:36+12:00,24.2,-36.604771,174.802521,3
esp32_device_001,2026-05-20T17:39:41+12:00,24.8,-36.604763,174.802521,3
esp32_device_001,2026-05-20T17:39:46+12:00,27.9,-36.604725,174.80246,3
esp32_device_001,2026-05-20T17:39:51+12:00,31.1,-36.60471,174.802429,3
esp32_device_001,2026-05-20T17:39:56+12:00,33.6,-36.604706,174.802444,3
esp32_device_001,2026-05-20T17:40:01+12:00,35.6,-36.604713,174.80246,3
esp32_device_001,2026-05-20T17:40:06+12:00,35.3,-36.604729,174.80249,3
esp32_device_001,2026-05-20T17:40:11+12:00,36.5,-36.604675,174.802444,3
esp32_device_001,2026-05-20T17:40:16+12:00,35.4,-36.604656,174.802429,3
esp32_device_001,2026-05-20T17:40:21+12:00,33.7,-36.604733,174.80249,3
esp32_device_001,2026-05-20T17:40:26+12:00,40.1,-36.604752,174.802536,3
esp32_device_001,2026-05-20T17:40:31+12:00,41.6,-36.604729,174.802567,3
esp32_device_001,2026-05-20T17:40:36+12:00,43.3,-36.604721,174.802567,3
esp32_device_001,2026-05-20T17:40:41+12:00,42.9,-36.604759,174.802597,3
esp32_device_001,2026-05-20T17:40:46+12:00,43.3,-36.604759,174.802628,3
esp32_device_001,2026-05-20T17:40:51+12:00,45.2,-36.604759,174.802612,3
esp32_device_001,2026-05-20T17:40:56+12:00,46.5,-36.604748,174.802597,3
esp32_device_001,2026-05-20T17:41:01+12:00,45.7,-36.604774,174.802582,3
esp32_device_001,2026-05-20T17:41:06+12:00,46.4,-36.604797,174.802567,3
esp32_device_001,2026-05-20T17:41:11+12:00,46.8,-36.60482,174.802551,3
esp32_device_001,2026-05-20T17:41:16+12:00,45.5,-36.604839,174.802551,3
esp32_device_001,2026-05-20T17:41:21+12:00,44.5,-36.604843,174.802567,3
esp32_device_001,2026-05-20T17:41:26+12:00,44.5,-36.604858,174.802582,3
esp32_device_001,2026-05-20T17:41:31+12:00,43.2,-36.604855,174.802551,3
esp32_device_001,2026-05-20T17:41:36+12:00,42.9,-36.604832,174.802521,3
esp32_device_001,2026-05-20T17:41:41+12:00,41.8,-36.604805,174.80249,3
esp32_device_001,2026-05-20T17:41:46+12:00,41,-36.604816,174.80249,3
esp32_device_001,2026-05-20T17:41:51+12:00,39.9,-36.604828,174.802505,3
esp32_device_001,2026-05-20T17:41:56+12:00,39.7,-36.604832,174.802521,3
esp32_device_001,2026-05-20T17:42:01+12:00,39.7,-36.604866,174.802521,3
esp32_device_001,2026-05-20T17:42:06+12:00,40,-36.604954,174.80246,3
esp32_device_001,2026-05-20T17:42:11+12:00,40.5,-36.605003,174.802429,3
esp32_device_001,2026-05-20T17:42:16+12:00,40.6,-36.605015,174.802429,3
esp32_device_001,2026-05-20T17:42:21+12:00,40.1,-36.605015,174.802475,3
esp32_device_001,2026-05-20T17:42:26+12:00,39.3,-36.605038,174.802444,3
esp32_device_001,2026-05-20T17:42:31+12:00,39,-36.605053,174.802429,3
esp32_device_001,2026-05-20T17:42:36+12:00,38.1,-36.60503,174.802414,3
esp32_device_001,2026-05-20T17:42:41+12:00,37.3,-36.605,174.802414,3
esp32_device_001,2026-05-20T17:42:46+12:00,37.1,-36.604977,174.802383,3
esp32_device_001,2026-05-20T17:42:51+12:00,36.8,-36.604946,174.802399,3
esp32_device_001,2026-05-20T17:42:56+12:00,36.8,-36.604912,174.80246,3
esp32_device_001,2026-05-20T17:43:01+12:00,37.3,-36.604885,174.802475,3
esp32_device_001,2026-05-20T17:43:06+12:00,37.3,-36.604862,174.802475,3
esp32_device_001,2026-05-20T17:43:11+12:00,37.4,-36.604847,174.802475,3
esp32_device_001,2026-05-20T17:43:16+12:00,38.1,-36.604851,174.802505,3
esp32_device_001,2026-05-20T17:43:21+12:00,38.6,-36.604855,174.802505,3
esp32_device_001,2026-05-20T17:43:26+12:00,37.6,-36.604866,174.802521,3
esp32_device_001,2026-05-20T17:43:31+12:00,37,-36.604847,174.802536,3
esp32_device_001,2026-05-20T17:43:36+12:00,36.4,-36.604893,174.802536,3
esp32_device_001,2026-05-20T17:43:41+12:00,34.2,-36.604877,174.802521,3
esp32_device_001,2026-05-20T17:43:46+12:00,32.2,-36.604881,174.802536,3
esp32_device_001,2026-05-20T17:43:51+12:00,31.4,-36.60487,174.802551,3
esp32_device_001,2026-05-20T17:43:56+12:00,30.6,-36.604866,174.802597,3
esp32_device_001,2026-05-20T17:45:14+12:00,59.4,-36.604668,174.802475,3
esp32_device_001,2026-05-20T17:45:24+12:00,50.8,-36.60471,174.802505,3
esp32_device_001,2026-05-20T17:45:29+12:00,49,-36.604763,174.802536,3
esp32_device_001,2026-05-20T17:45:34+12:00,47.6,-36.60479,174.802536,3
esp32_device_001,2026-05-20T17:45:39+12:00,47.7,-36.604801,174.802582,3
esp32_device_001,2026-05-20T17:45:44+12:00,48.1,-36.604794,174.802597,3
esp32_device_001,2026-05-20T17:45:49+12:00,48,-36.604836,174.802628,3
esp32_device_001,2026-05-20T17:45:54+12:00,48.1,-36.604881,174.802643,3
esp32_device_001,2026-05-20T17:45:59+12:00,46.7,-36.604931,174.802673,3
esp32_device_001,2026-05-20T17:46:04+12:00,43.4,-36.604969,174.802689,3
esp32_device_001,2026-05-20T17:46:09+12:00,39.7,-36.604954,174.802673,3
esp32_device_001,2026-05-20T17:46:14+12:00,36.5,-36.604908,174.802643,3
esp32_device_001,2026-05-20T17:46:19+12:00,34.9,-36.604889,174.802612,3
esp32_device_001,2026-05-20T17:46:24+12:00,32.8,-36.60487,174.802597,3
esp32_device_001,2026-05-20T17:46:29+12:00,31.5,-36.604862,174.802597,3
esp32_device_001,2026-05-20T17:46:34+12:00,30.3,-36.604862,174.802597,3
esp32_device_001,2026-05-20T17:46:39+12:00,28.7,-36.604874,174.802597,3
esp32_device_001,2026-05-20T17:46:44+12:00,27.8,-36.604885,174.802597,3
esp32_device_001,2026-05-20T17:46:49+12:00,28,-36.604897,174.802612,3
esp32_device_001,2026-05-20T17:46:54+12:00,30.2,-36.604893,174.802612,3
esp32_device_001,2026-05-20T17:46:59+12:00,38.1,-36.604877,174.802612,3
esp32_device_001,2026-05-20T17:47:04+12:00,48.6,-36.604774,174.802536,3
esp32_device_001,2026-05-20T17:47:09+12:00,55.4,-36.604694,174.802505,3
esp32_device_001,2026-05-20T17:47:14+12:00,60,-36.604671,174.80249,3
esp32_device_001,2026-05-20T17:47:19+12:00,60.4,-36.604671,174.802505,3
esp32_device_001,2026-05-20T17:47:24+12:00,56.9,-36.604694,174.802521,3
esp32_device_001,2026-05-20T17:47:29+12:00,56.1,-36.604687,174.802536,3
esp32_device_001,2026-05-20T17:47:34+12:00,56.3,-36.604687,174.802521,3
esp32_device_001,2026-05-20T17:47:39+12:00,55.9,-36.60474,174.802551,3
esp32_device_001,2026-05-20T17:47:44+12:00,53.2,-36.604767,174.802536,3
esp32_device_001,2026-05-20T17:47:49+12:00,53.6,-36.604813,174.802551,3
esp32_device_001,2026-05-20T17:47:54+12:00,51.6,-36.604805,174.802536,3
esp32_device_001,2026-05-20T17:47:59+12:00,51.1,-36.604774,174.802567,3
esp32_device_001,2026-05-20T17:48:04+12:00,51.5,-36.604767,174.802582,3
esp32_device_001,2026-05-20T17:48:09+12:00,52.6,-36.60474,174.802551,3
esp32_device_001,2026-05-20T17:48:14+12:00,52.1,-36.604755,174.802582,3
esp32_device_001,2026-05-20T17:48:19+12:00,50.6,-36.604828,174.802643,3
esp32_device_001,2026-05-20T17:48:24+12:00,52.4,-36.604778,174.802597,3
esp32_device_001,2026-05-20T17:48:29+12:00,53.1,-36.604824,174.802612,3
esp32_device_001,2026-05-20T17:48:34+12:00,52.3,-36.60479,174.802582,3
esp32_device_001,2026-05-20T17:48:39+12:00,51.7,-36.604774,174.802567,3
esp32_device_001,2026-05-20T17:48:44+12:00,51.2,-36.604771,174.802582,3
esp32_device_001,2026-05-20T17:48:49+12:00,50.4,-36.604897,174.802689,3
esp32_device_001,2026-05-20T17:48:54+12:00,52.4,-36.604836,174.802658,3
esp32_device_001,2026-05-20T17:48:59+12:00,54.7,-36.604763,174.802612,3
esp32_device_001,2026-05-20T17:49:04+12:00,53.8,-36.604736,174.802612,3
esp32_device_001,2026-05-20T17:49:09+12:00,56.9,-36.604725,174.802597,3
esp32_device_001,2026-05-20T17:49:14+12:00,68.7,-36.604626,174.802505,3
esp32_device_001,2026-05-20T17:49:19+12:00,62.1,-36.604645,174.80246,3
esp32_device_001,2026-05-20T17:49:24+12:00,58,-36.604683,174.80246,3
esp32_device_001,2026-05-20T17:49:29+12:00,53.9,-36.604702,174.802429,3
esp32_device_001,2026-05-20T17:49:34+12:00,51.8,-36.604683,174.802414,3
esp32_device_001,2026-05-20T17:49:39+12:00,49.8,-36.604668,174.802444,3
esp32_device_001,2026-05-20T17:49:44+12:00,48,-36.604671,174.802444,3
esp32_device_001,2026-05-20T17:49:49+12:00,43.8,-36.604599,174.802383,3
esp32_device_001,2026-05-20T17:49:54+12:00,42.5,-36.60461,174.802414,3
esp32_device_001,2026-05-20T17:49:59+12:00,42.2,-36.604633,174.802475,3
esp32_device_001,2026-05-20T17:50:04+12:00,42.4,-36.604668,174.80249,3
esp32_device_001,2026-05-20T17:50:09+12:00,42.3,-36.604679,174.802505,3
esp32_device_001,2026-05-20T17:50:33+12:00,40.3,-36.604717,174.802567,3
esp32_device_001,2026-05-20T17:50:38+12:00,40.5,-36.604713,174.802567,3
esp32_device_001,2026-05-20T17:50:43+12:00,40.1,-36.604675,174.802536,3
esp32_device_001,2026-05-20T17:50:48+12:00,39.6,-36.604633,174.802505,3
esp32_device_001,2026-05-20T17:50:53+12:00,40,-36.604588,174.802429,3
esp32_device_001,2026-05-20T17:50:58+12:00,32.5,-36.604755,174.802612,3
esp32_device_001,2026-05-20T17:51:03+12:00,26.8,-36.60487,174.802719,3
esp32_device_001,2026-05-20T17:51:08+12:00,23.1,-36.604916,174.80278,3
esp32_device_001,2026-05-20T17:51:13+12:00,20.9,-36.604931,174.802811,3
esp32_device_001,2026-05-20T17:51:18+12:00,19.7,-36.60495,174.802856,3
esp32_device_001,2026-05-20T17:51:23+12:00,19.5,-36.604946,174.802841,3
esp32_device_001,2026-05-20T17:51:28+12:00,19.6,-36.604935,174.802795,3
esp32_device_001,2026-05-20T17:51:33+12:00,21.4,-36.604923,174.80278,3
esp32_device_001,2026-05-20T17:51:38+12:00,23.5,-36.604919,174.802765,3
esp32_device_001,2026-05-20T17:51:43+12:00,26.3,-36.604897,174.802734,3
esp32_device_001,2026-05-20T17:51:48+12:00,28.8,-36.604885,174.802719,3
esp32_device_001,2026-05-20T17:51:53+12:00,32.2,-36.604843,174.802689,3
esp32_device_001,2026-05-20T17:51:58+12:00,34.4,-36.604816,174.802673,3
esp32_device_001,2026-05-20T17:52:03+12:00,36.9,-36.604816,174.802658,3
esp32_device_001,2026-05-20T17:52:08+12:00,40.8,-36.604816,174.802673,3
esp32_device_001,2026-05-20T17:52:13+12:00,43.6,-36.604816,174.802689,3
esp32_device_001,2026-05-20T17:52:18+12:00,45.9,-36.604786,174.802643,3
esp32_device_001,2026-05-20T17:52:23+12:00,47,-36.604759,174.802628,3
esp32_device_001,2026-05-20T17:52:28+12:00,48.3,-36.604725,174.802612,3
esp32_device_001,2026-05-20T17:52:33+12:00,50,-36.60471,174.802582,3
esp32_device_001,2026-05-20T17:52:38+12:00,50.6,-36.604687,174.802521,3
esp32_device_001,2026-05-20T17:52:43+12:00,51.6,-36.604679,174.802521,3
esp32_device_001,2026-05-20T17:52:48+12:00,51.8,-36.604656,174.802505,3
esp32_device_001,2026-05-20T17:52:53+12:00,52.3,-36.604649,174.80249,3
esp32_device_001,2026-05-20T17:52:58+12:00,52.9,-36.604679,174.802505,3
esp32_device_001,2026-05-20T17:53:03+12:00,53.5,-36.604706,174.802536,3
esp32_device_001,2026-05-20T17:53:08+12:00,54.7,-36.604725,174.802567,3
esp32_device_001,2026-05-20T17:53:13+12:00,56.6,-36.604717,174.802551,3
esp32_device_001,2026-05-20T17:53:18+12:00,58.9,-36.604721,174.802567,3
esp32_device_001,2026-05-20T17:53:23+12:00,61.8,-36.604683,174.802567,3
esp32_device_001,2026-05-20T17:53:28+12:00,63.4,-36.604668,174.802521,3
esp32_device_001,2026-05-20T17:53:33+12:00,64.1,-36.60466,174.80249,3
esp32_device_001,2026-05-20T17:53:38+12:00,64.3,-36.604668,174.802475,3
esp32_device_001,2026-05-20T17:53:43+12:00,63.8,-36.604671,174.802475,3
esp32_device_001,2026-05-20T17:53:48+12:00,63.7,-36.604679,174.80249,3
esp32_device_001,2026-05-20T17:53:53+12:00,62.6,-36.604687,174.80249,3
esp32_device_001,2026-05-20T17:53:58+12:00,64.4,-36.604687,174.802475,3
esp32_device_001,2026-05-20T17:54:03+12:00,65.1,-36.604733,174.80249,3
esp32_device_001,2026-05-20T17:54:08+12:00,67.6,-36.604733,174.80249,3
esp32_device_001,2026-05-20T17:54:13+12:00,67.8,-36.604729,174.802505,3
esp32_device_001,2026-05-20T17:54:18+12:00,67.6,-36.604733,174.802505,3
esp32_device_001,2026-05-20T17:54:23+12:00,66.5,-36.60474,174.802505,3
esp32_device_001,2026-05-20T17:54:28+12:00,64.6,-36.60474,174.802521,3
esp32_device_001,2026-05-20T17:54:33+12:00,63.3,-36.604717,174.802505,3
esp32_device_001,2026-05-20T17:54:38+12:00,62.8,-36.60471,174.802505,3
esp32_device_001,2026-05-20T17:54:43+12:00,62.2,-36.60471,174.802521,3
esp32_device_001,2026-05-20T17:54:48+12:00,61.9,-36.604691,174.802536,3
esp32_device_001,2026-05-20T17:54:53+12:00,60.2,-36.604698,174.802536,3
esp32_device_001,2026-05-20T17:54:58+12:00,57.9,-36.60471,174.802536,3
esp32_device_001,2026-05-20T17:55:03+12:00,56.2,-36.604713,174.802521,3
esp32_device_001,2026-05-20T17:55:08+12:00,55.2,-36.604729,174.802551,3
esp32_device_001,2026-05-20T17:55:13+12:00,54.6,-36.604729,174.802567,3
esp32_device_001,2026-05-20T17:55:34+12:00,54.4,-36.604717,174.802567,3
esp32_device_001,2026-05-20T17:55:39+12:00,53.5,-36.60474,174.802597,3
esp32_device_001,2026-05-20T17:55:44+12:00,52.9,-36.604763,174.802612,3
esp32_device_001,2026-05-20T17:55:49+12:00,52,-36.604778,174.802628,3
esp32_device_001,2026-05-20T17:55:54+12:00,51.9,-36.604774,174.802612,3
esp32_device_001,2026-05-20T17:55:59+12:00,51.5,-36.60479,174.802628,3
esp32_device_001,2026-05-20T17:56:04+12:00,51.2,-36.604794,174.802628,3
esp32_device_001,2026-05-20T17:56:09+12:00,50.2,-36.60479,174.802597,3
esp32_device_001,2026-05-20T17:56:14+12:00,48.4,-36.604809,174.802612,3
esp32_device_001,2026-05-20T17:56:19+12:00,47.2,-36.604794,174.802597,3
esp32_device_001,2026-05-20T17:56:24+12:00,46.5,-36.604763,174.802567,3
esp32_device_001,2026-05-20T17:56:29+12:00,46.2,-36.604752,174.802551,3
esp32_device_001,2026-05-20T17:56:34+12:00,45.2,-36.604752,174.802551,3
esp32_device_001,2026-05-20T17:56:39+12:00,44.6,-36.604759,174.802551,3
esp32_device_001,2026-05-20T17:56:44+12:00,46.7,-36.604725,174.802521,3
esp32_device_001,2026-05-20T17:56:49+12:00,47.5,-36.604736,174.802536,3
esp32_device_001,2026-05-20T17:56:54+12:00,49.1,-36.604729,174.802536,3
esp32_device_001,2026-05-20T17:56:59+12:00,50,-36.604706,174.802521,3
esp32_device_001,2026-05-20T17:57:04+12:00,53.1,-36.604668,174.802505,3
esp32_device_001,2026-05-20T17:57:09+12:00,55,-36.604649,174.80249,3
esp32_device_001,2026-05-20T17:57:14+12:00,55.3,-36.604664,174.802505,3
esp32_device_001,2026-05-20T17:57:19+12:00,54.5,-36.604683,174.802521,3
esp32_device_001,2026-05-20T17:57:24+12:00,53.3,-36.604706,174.802551,3
esp32_device_001,2026-05-20T17:57:29+12:00,53,-36.604725,174.802582,3
esp32_device_001,2026-05-20T17:57:34+12:00,52.9,-36.604721,174.802567,3
esp32_device_001,2026-05-20T17:57:39+12:00,52.9,-36.604706,174.802567,3
esp32_device_001,2026-05-20T17:57:44+12:00,53.1,-36.604702,174.802567,3
esp32_device_001,2026-05-20T17:57:49+12:00,52.7,-36.604713,174.802582,3
esp32_device_001,2026-05-20T17:57:54+12:00,53.1,-36.604713,174.802597,3
esp32_device_001,2026-05-20T17:57:59+12:00,53.4,-36.604702,174.802597,3
esp32_device_001,2026-05-20T17:58:04+12:00,52.7,-36.60471,174.802597,3
esp32_device_001,2026-05-20T17:58:09+12:00,52.3,-36.604721,174.802612,3
esp32_device_001,2026-05-20T17:58:14+12:00,53.3,-36.60471,174.802612,3
esp32_device_001,2026-05-20T17:58:19+12:00,52.4,-36.604694,174.802612,3
esp32_device_001,2026-05-20T17:58:24+12:00,53.1,-36.604687,174.802628,3
esp32_device_001,2026-05-20T17:58:29+12:00,52,-36.604721,174.802643,3
esp32_device_001,2026-05-20T17:58:34+12:00,50.8,-36.604759,174.802643,3
esp32_device_001,2026-05-20T17:58:39+12:00,51.1,-36.604763,174.802643,3
esp32_device_001,2026-05-20T17:58:44+12:00,50.8,-36.604763,174.802643,3
esp32_device_001,2026-05-20T17:58:49+12:00,51,-36.604786,174.802673,3
esp32_device_001,2026-05-20T17:58:54+12:00,51.4,-36.604786,174.802689,3
esp32_device_001,2026-05-20T17:58:59+12:00,51.9,-36.604755,174.802673,3
esp32_device_001,2026-05-20T17:59:04+12:00,51.7,-36.604744,174.802658,3
esp32_device_001,2026-05-20T17:59:09+12:00,52.4,-36.604729,174.802643,3
esp32_device_001,2026-05-20T17:59:14+12:00,53.5,-36.604713,174.802628,3
esp32_device_001,2026-05-20T17:59:19+12:00,54.2,-36.60471,174.802628,3
esp32_device_001,2026-05-20T17:59:24+12:00,53.7,-36.604702,174.802612,3
esp32_device_001,2026-05-20T17:59:29+12:00,54.9,-36.604691,174.802567,3
esp32_device_001,2026-05-20T17:59:34+12:00,56.7,-36.604687,174.802567,3
esp32_device_001,2026-05-20T17:59:39+12:00,58.2,-36.604698,174.802567,3
esp32_device_001,2026-05-20T17:59:44+12:00,58.9,-36.60471,174.802582,3
esp32_device_001,2026-05-20T17:59:49+12:00,59.4,-36.604729,174.802612,3
esp32_device_001,2026-05-20T17:59:54+12:00,58.5,-36.604736,174.802628,3
esp32_device_001,2026-05-20T17:59:59+12:00,55.4,-36.604786,174.802658,3
esp32_device_001,2026-05-20T18:00:04+12:00,54.7,-36.604816,174.802673,3
esp32_device_001,2026-05-20T18:00:09+12:00,53.6,-36.604824,174.802673,3
esp32_device_001,2026-05-20T18:03:35+12:00,68,-36.604744,174.802597,3
esp32_device_001,2026-05-20T18:03:45+12:00,83.3,-36.604713,174.802689,3
esp32_device_001,2026-05-20T18:03:50+12:00,84.8,-36.604698,174.802673,3
esp32_device_001,2026-05-20T18:03:55+12:00,83,-36.604691,174.802689,3
esp32_device_001,2026-05-20T18:04:00+12:00,77.4,-36.604679,174.802658,3
esp32_device_001,2026-05-20T18:04:05+12:00,75.1,-36.604679,174.802643,3
esp32_device_001,2026-05-20T18:04:10+12:00,72.9,-36.604679,174.802628,3
esp32_device_001,2026-05-20T18:04:15+12:00,72.4,-36.604698,174.802628,3
esp32_device_001,2026-05-20T18:04:20+12:00,72,-36.604717,174.802628,3
esp32_device_001,2026-05-20T18:04:25+12:00,73.7,-36.604717,174.802643,3
esp32_device_001,2026-05-20T18:04:30+12:00,75.9,-36.60471,174.802658,3
esp32_device_001,2026-05-20T18:04:35+12:00,78.1,-36.604706,174.802658,3
esp32_device_001,2026-05-20T18:04:40+12:00,74.3,-36.604721,174.802658,3
esp32_device_001,2026-05-20T18:04:45+12:00,70.5,-36.604752,174.802658,3
esp32_device_001,2026-05-20T18:04:50+12:00,68.9,-36.604778,174.802658,3
esp32_device_001,2026-05-20T18:04:55+12:00,68.8,-36.604782,174.802658,3
esp32_device_001,2026-05-20T18:05:00+12:00,65,-36.604801,174.802658,3
esp32_device_001,2026-05-20T18:05:05+12:00,60.8,-36.60482,174.802658,3
esp32_device_001,2026-05-20T18:05:10+12:00,55.5,-36.604828,174.802643,3
esp32_device_001,2026-05-20T18:05:15+12:00,50,-36.604816,174.802628,3
esp32_device_001,2026-05-20T18:05:20+12:00,46.3,-36.604809,174.802612,3
esp32_device_001,2026-05-20T18:05:25+12:00,41.1,-36.604809,174.802612,3
esp32_device_001,2026-05-20T18:05:30+12:00,37.5,-36.604801,174.802612,3
esp32_device_001,2026-05-20T18:05:35+12:00,34.5,-36.604794,174.802597,3
esp32_device_001,2026-05-20T18:05:40+12:00,32.6,-36.604797,174.802582,3
esp32_device_001,2026-05-20T18:05:45+12:00,31.1,-36.604794,174.802597,3
esp32_device_001,2026-05-20T18:05:50+12:00,30.1,-36.604797,174.802582,3
esp32_device_001,2026-05-20T18:05:55+12:00,29.4,-36.604801,174.802582,3
esp32_device_001,2026-05-20T18:06:00+12:00,31.5,-36.604794,174.802551,3
esp32_device_001,2026-05-20T18:06:05+12:00,36.5,-36.604763,174.802536,3
esp32_device_001,2026-05-20T18:06:10+12:00,42.5,-36.60474,174.802536,3
esp32_device_001,2026-05-20T18:06:15+12:00,46.6,-36.604725,174.802551,3
esp32_device_001,2026-05-20T18:06:20+12:00,49.5,-36.60471,174.802551,3
esp32_device_001,2026-05-20T18:06:25+12:00,53,-36.604691,174.802567,3
esp32_device_001,2026-05-20T18:06:30+12:00,55.1,-36.604671,174.802567,3
esp32_device_001,2026-05-20T18:06:35+12:00,55,-36.604664,174.802582,3
esp32_device_001,2026-05-20T18:06:40+12:00,53.9,-36.604671,174.802582,3
esp32_device_001,2026-05-20T18:06:45+12:00,53.1,-36.604671,174.802582,3
esp32_device_001,2026-05-20T18:06:50+12:00,53.4,-36.604671,174.802567,3
esp32_device_001,2026-05-20T18:06:55+12:00,54.8,-36.604656,174.802567,3
esp32_device_001,2026-05-20T18:07:00+12:00,56.1,-36.604626,174.802567,3
esp32_device_001,2026-05-20T18:07:05+12:00,57,-36.604607,174.802582,3
esp32_device_001,2026-05-20T18:07:10+12:00,58.8,-36.604607,174.802582,3
esp32_device_001,2026-05-20T18:07:15+12:00,59.6,-36.604588,174.802597,3
esp32_device_001,2026-05-20T18:07:20+12:00,59.5,-36.604603,174.802582,3
esp32_device_001,2026-05-20T18:07:25+12:00,59.5,-36.60461,174.802582,3
esp32_device_001,2026-05-20T18:07:30+12:00,57.5,-36.604607,174.802582,3
esp32_device_001,2026-05-20T18:07:35+12:00,55.1,-36.60461,174.802582,3
esp32_device_001,2026-05-20T18:07:40+12:00,54,-36.604622,174.802582,3
esp32_device_001,2026-05-20T18:07:45+12:00,53,-36.604637,174.802582,3
esp32_device_001,2026-05-20T18:07:50+12:00,50.6,-36.604641,174.802567,3
esp32_device_001,2026-05-20T18:07:55+12:00,49.8,-36.604622,174.802551,3
esp32_device_001,2026-05-20T18:08:00+12:00,48.1,-36.60463,174.802551,3
esp32_device_001,2026-05-20T18:08:05+12:00,50.2,-36.60466,174.802582,3
esp32_device_001,2026-05-20T18:08:10+12:00,51,-36.604683,174.802582,3
esp32_device_001,2026-05-20T18:08:15+12:00,50.6,-36.604725,174.802628,3
esp32_device_001,2026-05-20T18:08:20+12:00,49.4,-36.604729,174.802628,3
esp32_device_001,2026-05-20T18:08:25+12:00,49.1,-36.604744,174.802612,3
esp32_device_001,2026-05-20T18:08:30+12:00,44.9,-36.604713,174.802567,3
esp32_device_001,2026-05-20T18:08:49+12:00,44.9,-36.604782,174.802612,3
esp32_device_001,2026-05-20T18:08:54+12:00,44.9,-36.604778,174.802612,3
esp32_device_001,2026-05-20T18:08:59+12:00,44.9,-36.604752,174.802597,3
esp32_device_001,2026-05-20T18:09:04+12:00,44.9,-36.604721,174.802582,3
esp32_device_001,2026-05-20T18:09:09+12:00,44.9,-36.60471,174.802582,3
esp32_device_001,2026-05-20T18:09:14+12:00,44.9,-36.60471,174.802582,3
esp32_device_001,2026-05-20T18:09:19+12:00,44.9,-36.604683,174.802597,3
esp32_device_001,2026-05-20T18:09:24+12:00,44.9,-36.604675,174.802612,3
esp32_device_001,2026-05-20T18:09:29+12:00,44.9,-36.604664,174.802612,3
esp32_device_001,2026-05-20T18:09:34+12:00,5,36.604637,1.25,4
esp32_device_001,2026-05-20T18:09:39+12:00,5,-36.60466,174.802597,5
esp32_device_001,2026-05-20T18:09:44+12:00,5,-36.604656,174.802612,5
esp32_device_001,2026-05-20T18:09:49+12:00,5,-36.604652,174.802612,5
esp32_device_001,2026-05-20T18:09:54+12:00,5,-36.604656,174.802597,5
esp32_device_001,2026-05-20T18:09:59+12:00,5,-36.604668,174.802582,5
esp32_device_001,2026-05-20T18:10:04+12:00,5,-36.604656,174.802567,5
esp32_device_001,2026-05-20T18:10:09+12:00,5,-36.604649,174.802551,5
esp32_device_001,2026-05-20T18:10:14+12:00,5,-36.604656,174.802567,5
esp32_device_001,2026-05-20T18:10:19+12:00,5,-36.604675,174.802582,5
esp32_device_001,2026-05-20T18:10:24+12:00,5,-36.604691,174.802582,5
esp32_device_001,2026-05-20T18:10:29+12:00,5,-36.604683,174.802597,5
esp32_device_001,2026-05-20T18:10:34+12:00,5,-36.604679,174.802582,5
esp32_device_001,2026-05-20T18:10:39+12:00,5,-36.604668,174.802597,5
esp32_device_001,2026-05-20T18:10:44+12:00,5,-36.604664,174.802597,5
esp32_device_001,2026-05-20T18:10:49+12:00,5,-36.60463,174.802628,5
esp32_device_001,2026-05-20T18:10:54+12:00,5,-36.604607,174.802597,5
esp32_device_001,2026-05-20T18:10:59+12:00,5,-36.604614,174.802567,5
esp32_device_001,2026-05-20T18:11:04+12:00,5,-36.604633,174.802567,5
esp32_device_001,2026-05-20T18:11:09+12:00,5,-36.604626,174.802536,5
esp32_device_001,2026-05-20T18:11:14+12:00,5,-36.604588,174.80246,5
esp32_device_001,2026-05-20T18:11:19+12:00,5,-36.604599,174.802444,5
esp32_device_001,2026-05-20T18:11:24+12:00,5,-36.604603,174.802444,5
esp32_device_001,2026-05-20T18:11:29+12:00,5,-36.604595,174.802429,5
esp32_device_001,2026-05-20T18:11:34+12:00,5,-36.604584,174.802414,5
esp32_device_001,2026-05-20T18:11:39+12:00,5,-36.60461,174.802399,5
esp32_device_001,2026-05-20T18:11:44+12:00,5,-36.60463,174.802414,5
esp32_device_001,2026-05-20T18:11:49+12:00,5,-36.604645,174.802429,5
esp32_device_001,2026-05-20T18:11:54+12:00,12,-36.604641,174.80246,5
esp32_device_001,2026-05-20T18:11:59+12:00,12,-36.604668,174.80249,5
esp32_device_001,2026-05-20T18:12:04+12:00,12,-36.604675,174.802521,5
esp32_device_001,2026-05-20T18:12:09+12:00,12,-36.604664,174.802582,5
esp32_device_001,2026-05-20T18:12:14+12:00,12,-36.604698,174.802612,5
esp32_device_001,2026-05-20T18:12:19+12:00,12,-36.604725,174.802597,5
esp32_device_001,2026-05-20T18:12:24+12:00,12,-36.604736,174.802582,5
esp32_device_001,2026-05-20T18:12:29+12:00,12,-36.604755,174.802582,5
esp32_device_001,2026-05-20T18:12:34+12:00,12,-36.604759,174.802612,5
esp32_device_001,2026-05-20T18:12:39+12:00,12,-36.604767,174.802673,5
esp32_device_001,2026-05-20T18:12:44+12:00,12,-36.604809,174.802734,5
esp32_device_001,2026-05-20T18:12:49+12:00,12,-36.60482,174.802765,5
esp32_device_001,2026-05-20T18:12:54+12:00,12,-36.604832,174.802734,5
esp32_device_001,2026-05-20T18:12:59+12:00,12,-36.604832,174.802689,5
esp32_device_001,2026-05-20T18:13:04+12:00,12,-36.604858,174.802704,5
esp32_device_001,2026-05-20T18:13:09+12:00,12,-36.604824,174.802673,5
esp32_device_001,2026-05-20T18:13:14+12:00,12,-36.60482,174.802689,5
esp32_device_001,2026-05-20T18:13:19+12:00,12,-36.604813,174.802689,5
esp32_device_001,2026-05-20T18:13:24+12:00,12,-36.60482,174.802673,5
esp32_device_001,2026-05-20T18:13:29+12:00,12,-36.604816,174.802673,5
esp32_device_001,2026-05-20T18:13:34+12:00,12,-36.604797,174.802673,5
esp32_device_001,2026-05-20T18:14:49+12:00,64.7,-36.604698,174.802567,5
esp32_device_001,2026-05-20T18:14:59+12:00,66.9,-36.604698,174.802551,5
esp32_device_001,2026-05-20T18:15:04+12:00,68.4,-36.604706,174.802551,5
esp32_device_001,2026-05-20T18:15:09+12:00,68.9,-36.604729,174.802521,5
esp32_device_001,2026-05-20T18:15:14+12:00,66.4,-36.604763,174.802414,5
esp32_device_001,2026-05-20T18:15:19+12:00,62.6,-36.604748,174.802414,5
esp32_device_001,2026-05-20T18:15:24+12:00,59.5,-36.60474,174.80246,5
esp32_device_001,2026-05-20T18:15:29+12:00,56.6,-36.604725,174.802444,5
esp32_device_001,2026-05-20T18:15:34+12:00,54.5,-36.604717,174.802444,5
esp32_device_001,2026-05-20T18:15:39+12:00,54.2,-36.604721,174.802505,5
esp32_device_001,2026-05-20T18:15:44+12:00,56.5,-36.604721,174.802567,5
esp32_device_001,2026-05-20T18:15:49+12:00,58.6,-36.604729,174.802597,5
esp32_device_001,2026-05-20T18:15:54+12:00,59.1,-36.604733,174.802612,5
esp32_device_001,2026-05-20T18:15:59+12:00,58.2,-36.60474,174.802628,5
esp32_device_001,2026-05-20T18:16:04+12:00,58.6,-36.604733,174.802612,5
esp32_device_001,2026-05-20T18:16:09+12:00,58.5,-36.604713,174.802567,5
esp32_device_001,2026-05-20T18:16:14+12:00,58.8,-36.604721,174.802536,5
esp32_device_001,2026-05-20T18:16:19+12:00,58.6,-36.60474,174.802521,5
esp32_device_001,2026-05-20T18:16:24+12:00,58.5,-36.604733,174.802505,5
esp32_device_001,2026-05-20T18:16:29+12:00,57.9,-36.604706,174.802444,5
esp32_device_001,2026-05-20T18:16:34+12:00,58.2,-36.604694,174.802414,5
esp32_device_001,2026-05-20T18:16:39+12:00,57.8,-36.604698,174.802414,5
esp32_device_001,2026-05-20T18:16:44+12:00,55.9,-36.604691,174.802399,5
esp32_device_001,2026-05-20T18:16:49+12:00,53.2,-36.604706,174.802414,5
esp32_device_001,2026-05-20T18:16:54+12:00,51.3,-36.604713,174.802414,5
esp32_device_001,2026-05-20T18:16:59+12:00,50.7,-36.604702,174.802399,5
esp32_device_001,2026-05-20T18:17:04+12:00,55.6,-36.604691,174.80246,5
esp32_device_001,2026-05-20T18:17:09+12:00,59.2,-36.604721,174.802536,5
esp32_device_001,2026-05-20T18:17:14+12:00,60.3,-36.604729,174.802567,5
esp32_device_001,2026-05-20T18:17:19+12:00,60.1,-36.604748,174.802597,5
esp32_device_001,2026-05-20T18:17:24+12:00,60.2,-36.604767,174.802643,5
esp32_device_001,2026-05-20T18:17:29+12:00,60.8,-36.604759,174.802628,5
esp32_device_001,2026-05-20T18:17:34+12:00,62,-36.604759,174.802658,5
esp32_device_001,2026-05-20T18:17:39+12:00,62.5,-36.604759,174.802673,5
esp32_device_001,2026-05-20T18:17:44+12:00,62.2,-36.604733,174.802643,5
esp32_device_001,2026-05-20T18:17:49+12:00,61.4,-36.60471,174.802612,5
esp32_device_001,2026-05-20T18:17:54+12:00,62,-36.604664,174.802567,5
esp32_device_001,2026-05-20T18:17:59+12:00,60.7,-36.60466,174.802567,5
esp32_device_001,2026-05-20T18:18:04+12:00,60.1,-36.604656,174.802567,5
esp32_device_001,2026-05-20T18:18:09+12:00,60.7,-36.60461,174.802505,5
esp32_device_001,2026-05-20T18:18:14+12:00,60.5,-36.604618,174.802475,5
esp32_device_001,2026-05-20T18:18:19+12:00,58.7,-36.604652,174.802505,5
esp32_device_001,2026-05-20T18:18:24+12:00,58.3,-36.604694,174.802551,5
esp32_device_001,2026-05-20T18:18:29+12:00,58.4,-36.604725,174.802597,5
esp32_device_001,2026-05-20T18:18:34+12:00,58.5,-36.604736,174.802597,5
esp32_device_001,2026-05-20T18:18:39+12:00,58.9,-36.604752,174.802612,5
esp32_device_001,2026-05-20T18:18:44+12:00,59.4,-36.604736,174.802612,5
esp32_device_001,2026-05-20T18:18:49+12:00,59,-36.604755,174.802628,5
esp32_device_001,2026-05-20T18:18:54+12:00,59.1,-36.604767,174.802658,5
esp32_device_001,2026-05-20T18:18:59+12:00,59.4,-36.604755,174.802643,5
esp32_device_001,2026-05-20T18:19:04+12:00,74.8,-36.604557,174.802383,5
esp32_device_001,2026-05-20T18:19:09+12:00,78.4,-36.604542,174.802368,5
esp32_device_001,2026-05-20T18:19:14+12:00,81.1,-36.604527,174.802368,5
esp32_device_001,2026-05-20T18:19:19+12:00,82.3,-36.604519,174.802399,5
esp32_device_001,2026-05-20T18:19:24+12:00,83,-36.6045,174.802399,5
esp32_device_001,2026-05-20T18:19:29+12:00,83.8,-36.604481,174.802368,5
esp32_device_001,2026-05-20T18:19:34+12:00,85.5,-36.604408,174.802292,5
esp32_device_001,2026-05-20T18:19:39+12:00,85.9,-36.604404,174.802261,5
esp32_device_001,2026-05-20T18:20:56+12:00,66.5,-36.604767,174.802658,5
esp32_device_001,2026-05-20T18:21:06+12:00,66.2,-36.604752,174.802673,5
esp32_device_001,2026-05-20T18:21:11+12:00,65.4,-36.604763,174.802704,5
esp32_device_001,2026-05-20T18:21:16+12:00,63.9,-36.604774,174.802719,5
esp32_device_001,2026-05-20T18:21:21+12:00,62.2,-36.60479,174.802734,5
esp32_device_001,2026-05-20T18:21:26+12:00,60.5,-36.604801,174.802734,5
esp32_device_001,2026-05-20T18:21:31+12:00,60.3,-36.604797,174.802734,5
esp32_device_001,2026-05-20T18:21:36+12:00,60.5,-36.604786,174.802704,5
esp32_device_001,2026-05-20T18:21:41+12:00,62.4,-36.604786,174.802704,5
esp32_device_001,2026-05-20T18:21:46+12:00,64.5,-36.604786,174.802704,5
esp32_device_001,2026-05-20T18:21:51+12:00,66.9,-36.604786,174.802689,5
esp32_device_001,2026-05-20T18:21:56+12:00,69.3,-36.604794,174.802704,5
esp32_device_001,2026-05-20T18:22:01+12:00,72.2,-36.604794,174.802719,5
esp32_device_001,2026-05-20T18:22:06+12:00,74.8,-36.604794,174.802734,5
esp32_device_001,2026-05-20T18:22:11+12:00,78.4,-36.604786,174.802765,5
esp32_device_001,2026-05-20T18:22:16+12:00,80.9,-36.604782,174.80278,5
esp32_device_001,2026-05-20T18:22:21+12:00,83.3,-36.604763,174.802765,5
esp32_device_001,2026-05-20T18:22:26+12:00,75.5,-36.60479,174.802765,5
esp32_device_001,2026-05-20T18:22:31+12:00,69.6,-36.604794,174.802719,5
esp32_device_001,2026-05-20T18:22:36+12:00,69.6,-36.604771,174.802673,5
esp32_device_001,2026-05-20T18:22:41+12:00,69.6,-36.604752,174.802643,5
esp32_device_001,2026-05-20T18:22:46+12:00,69.5,-36.604736,174.802643,5
esp32_device_001,2026-05-20T18:22:51+12:00,67.7,-36.604725,174.802628,5
esp32_device_001,2026-05-20T18:22:56+12:00,66.5,-36.604725,174.802628,5
esp32_device_001,2026-05-20T18:23:01+12:00,64.9,-36.604733,174.802612,5
esp32_device_001,2026-05-20T18:23:06+12:00,63,-36.604733,174.802612,5
esp32_device_001,2026-05-20T18:23:11+12:00,63,-36.604744,174.802612,5
esp32_device_001,2026-05-20T18:23:16+12:00,62.6,-36.604748,174.802628,5
esp32_device_001,2026-05-20T18:23:21+12:00,60.1,-36.604736,174.802628,5
esp32_device_001,2026-05-20T18:23:26+12:00,57.7,-36.60474,174.802628,5
esp32_device_001,2026-05-20T18:23:31+12:00,56.6,-36.60474,174.802612,5
esp32_device_001,2026-05-20T18:23:36+12:00,55.5,-36.604744,174.802612,5
esp32_device_001,2026-05-20T18:23:41+12:00,52.9,-36.604744,174.802597,5
esp32_device_001,2026-05-20T18:23:46+12:00,51.7,-36.604752,174.802582,5
esp32_device_001,2026-05-20T18:23:51+12:00,49.8,-36.604755,174.802567,5
esp32_device_001,2026-05-20T18:23:56+12:00,48.5,-36.604752,174.802551,5
esp32_device_001,2026-05-20T18:24:01+12:00,47.5,-36.604752,174.802551,5
esp32_device_001,2026-05-20T18:24:06+12:00,47.4,-36.604744,174.802536,5
esp32_device_001,2026-05-20T18:24:11+12:00,47.4,-36.604752,174.802551,5
esp32_device_001,2026-05-20T18:24:16+12:00,46.9,-36.604755,174.802551,5
esp32_device_001,2026-05-20T18:24:21+12:00,46.3,-36.604755,174.802536,5
esp32_device_001,2026-05-20T18:24:26+12:00,45.7,-36.604767,174.802536,5
esp32_device_001,2026-05-20T18:24:31+12:00,45.8,-36.604771,174.802536,5
esp32_device_001,2026-05-20T18:24:36+12:00,46.1,-36.604774,174.802536,5
esp32_device_001,2026-05-20T18:24:41+12:00,47,-36.604774,174.802536,5
esp32_device_001,2026-05-20T18:24:46+12:00,48,-36.604782,174.802536,5
esp32_device_001,2026-05-20T18:24:51+12:00,47.8,-36.604782,174.802505,5
esp32_device_001,2026-05-20T18:24:56+12:00,47.5,-36.604778,174.802505,5
esp32_device_001,2026-05-20T18:25:01+12:00,49.5,-36.604771,174.802505,5
esp32_device_001,2026-05-20T18:25:06+12:00,51.7,-36.604771,174.802505,5
esp32_device_001,2026-05-20T18:25:11+12:00,53.5,-36.604771,174.802521,5
esp32_device_001,2026-05-20T18:25:16+12:00,53.8,-36.60479,174.802521,5
esp32_device_001,2026-05-20T18:25:21+12:00,54.5,-36.604782,174.802536,5
esp32_device_001,2026-05-20T18:25:26+12:00,55.7,-36.604782,174.802536,5
esp32_device_001,2026-05-20T18:25:31+12:00,56.2,-36.604786,174.802567,5
esp32_device_001,2026-05-20T18:25:36+12:00,56.8,-36.604797,174.802567,5
esp32_device_001,2026-05-20T18:25:41+12:00,58,-36.60479,174.802551,5
esp32_device_001,2026-05-20T18:25:46+12:00,59.4,-36.604782,174.802551,5
esp32_device_001,2026-05-20T18:25:51+12:00,62.5,-36.604767,174.802567,5
esp32_device_001,2026-05-20T18:26:09+12:00,63.7,-36.604748,174.802551,5
esp32_device_001,2026-05-20T18:26:14+12:00,63.7,-36.604763,174.802536,5
esp32_device_001,2026-05-20T18:26:19+12:00,63.7,-36.604771,174.802536,5
esp32_device_001,2026-05-20T18:26:24+12:00,53.1,-36.604771,174.802536,5
esp32_device_001,2026-05-20T18:26:29+12:00,52.3,-36.604759,174.802505,5
esp32_device_001,2026-05-20T18:26:34+12:00,52.2,-36.604755,174.802505,5
esp32_device_001,2026-05-20T18:26:39+12:00,47.4,-36.604755,174.802521,5
esp32_device_001,2026-05-20T18:26:44+12:00,45.2,-36.604736,174.802521,5
esp32_device_001,2026-05-20T18:26:49+12:00,46.2,-36.604717,174.802536,5
esp32_device_001,2026-05-20T18:26:54+12:00,47.1,-36.604721,174.802505,5
esp32_device_001,2026-05-20T18:26:59+12:00,42.5,-36.604748,174.802475,5
esp32_device_001,2026-05-20T18:27:04+12:00,35.1,-36.604759,174.80246,5
esp32_device_001,2026-05-20T18:27:09+12:00,25.3,-36.604794,174.80249,5
esp32_device_001,2026-05-20T18:27:14+12:00,18.3,-36.604816,174.802505,5
esp32_device_001,2026-05-20T18:27:19+12:00,18.2,-36.60482,174.802505,5
esp32_device_001,2026-05-20T18:27:24+12:00,20.6,-36.604813,174.802521,5
esp32_device_001,2026-05-20T18:27:29+12:00,24.2,-36.604809,174.802521,5
esp32_device_001,2026-05-20T18:27:34+12:00,25.1,-36.604801,174.802505,5
esp32_device_001,2026-05-20T18:27:39+12:00,25.5,-36.604805,174.802475,5
esp32_device_001,2026-05-20T18:27:44+12:00,26.3,-36.604816,174.802475,5
esp32_device_001,2026-05-20T18:27:49+12:00,27.7,-36.604813,174.802475,5
esp32_device_001,2026-05-20T18:27:54+12:00,28.8,-36.604809,174.802475,5
esp32_device_001,2026-05-20T18:27:59+12:00,30.7,-36.604801,174.802444,5
esp32_device_001,2026-05-20T18:28:04+12:00,31.5,-36.604797,174.802444,5
esp32_device_001,2026-05-20T18:28:09+12:00,32.8,-36.604778,174.80246,5
esp32_device_001,2026-05-20T18:28:14+12:00,32.2,-36.604767,174.802444,5
esp32_device_001,2026-05-20T18:28:19+12:00,33.7,-36.604774,174.80246,5
esp32_device_001,2026-05-20T18:28:24+12:00,35.9,-36.604774,174.80249,5
esp32_device_001,2026-05-20T18:28:29+12:00,36.8,-36.604786,174.802521,5
esp32_device_001,2026-05-20T18:28:34+12:00,36.9,-36.604797,174.802536,5
esp32_device_001,2026-05-20T18:28:39+12:00,37.6,-36.60479,174.802536,5
esp32_device_001,2026-05-20T18:28:44+12:00,37.5,-36.604805,174.802582,5
esp32_device_001,2026-05-20T18:28:49+12:00,31.2,-36.604881,174.802658,5
esp32_device_001,2026-05-20T18:28:54+12:00,29.8,-36.604874,174.802658,5
esp32_device_001,2026-05-20T18:28:59+12:00,31,-36.604858,174.802658,5
esp32_device_001,2026-05-20T18:29:04+12:00,31.6,-36.604828,174.802612,5
esp32_device_001,2026-05-20T18:29:09+12:00,31.8,-36.604813,174.802597,5
esp32_device_001,2026-05-20T18:29:14+12:00,32.1,-36.604782,174.802567,5
esp32_device_001,2026-05-20T18:29:19+12:00,32.9,-36.604763,174.802567,5
esp32_device_001,2026-05-20T18:29:24+12:00,34.2,-36.604744,174.802551,5
esp32_device_001,2026-05-20T18:29:29+12:00,35.8,-36.604736,174.802551,5
esp32_device_001,2026-05-20T18:29:34+12:00,37.1,-36.604744,174.802567,5
esp32_device_001,2026-05-20T18:29:39+12:00,37.5,-36.604763,174.802597,5
esp32_device_001,2026-05-20T18:29:44+12:00,38,-36.604763,174.802597,5
esp32_device_001,2026-05-20T18:29:49+12:00,37.3,-36.604771,174.802597,5
esp32_device_001,2026-05-20T18:29:54+12:00,37.1,-36.604748,174.802567,5
esp32_device_001,2026-05-20T18:29:59+12:00,38.3,-36.604755,174.802582,5
esp32_device_001,2026-05-20T18:30:04+12:00,38.5,-36.604759,174.802582,5
esp32_device_001,2026-05-20T18:30:09+12:00,39.1,-36.604786,174.802612,5
esp32_device_001,2026-05-20T18:30:14+12:00,41.2,-36.604797,174.802597,5
esp32_device_001,2026-05-20T18:30:19+12:00,43.7,-36.604797,174.802582,5
esp32_device_001,2026-05-20T18:30:24+12:00,44.7,-36.604809,174.802597,5
esp32_device_001,2026-05-20T18:30:29+12:00,45.6,-36.604824,174.802597,5
esp32_device_001,2026-05-20T18:30:34+12:00,47.2,-36.60482,174.802582,5
esp32_device_001,2026-05-20T18:30:39+12:00,48,-36.60482,174.802597,5
esp32_device_001,2026-05-20T18:30:44+12:00,49.8,-36.604816,174.802582,5
esp32_device_001,2026-05-20T18:30:49+12:00,51.5,-36.604763,174.802521,5
esp32_device_001,2026-05-20T18:30:54+12:00,52.7,-36.60474,174.802505,5
esp32_device_001,2026-05-20T18:31:06+12:00,56.6,-36.604733,174.80249,5
esp32_device_001,2026-05-20T18:31:11+12:00,57.8,-36.604717,174.802505,5
esp32_device_001,2026-05-20T18:31:16+12:00,60.5,-36.604725,174.802567,5
esp32_device_001,2026-05-20T18:31:21+12:00,61.3,-36.604729,174.802551,5
esp32_device_001,2026-05-20T18:31:26+12:00,60.3,-36.604733,174.802536,5
esp32_device_001,2026-05-20T18:31:31+12:00,58.4,-36.604752,174.802567,5
esp32_device_001,2026-05-20T18:31:36+12:00,57.7,-36.604763,174.802567,5
esp32_device_001,2026-05-20T18:31:41+12:00,56.6,-36.604763,174.802567,5
esp32_device_001,2026-05-20T18:31:46+12:00,54.3,-36.604771,174.802567,5
esp32_device_001,2026-05-20T18:31:51+12:00,50.5,-36.604759,174.802567,5
esp32_device_001,2026-05-20T18:31:56+12:00,46.9,-36.604748,174.802567,5
esp32_device_001,2026-05-20T18:32:01+12:00,43.9,-36.604736,174.802567,5
esp32_device_001,2026-05-20T18:32:06+12:00,41.7,-36.604736,174.802567,5
esp32_device_001,2026-05-20T18:32:11+12:00,38.7,-36.60474,174.802582,5
esp32_device_001,2026-05-20T18:32:16+12:00,36.6,-36.60474,174.802567,5
esp32_device_001,2026-05-20T18:32:21+12:00,33.8,-36.60474,174.802567,5
esp32_device_001,2026-05-20T18:32:26+12:00,30.4,-36.604752,174.802582,5
esp32_device_001,2026-05-20T18:32:31+12:00,28.2,-36.604755,174.802582,5
esp32_device_001,2026-05-20T18:32:36+12:00,27,-36.604759,174.802582,5
esp32_device_001,2026-05-20T18:32:41+12:00,28.1,-36.604767,174.802612,5
esp32_device_001,2026-05-20T18:32:46+12:00,29.6,-36.604782,174.802612,5
esp32_device_001,2026-05-20T18:32:51+12:00,31.2,-36.604782,174.802628,5
esp32_device_001,2026-05-20T18:32:56+12:00,32.6,-36.604782,174.802597,5
esp32_device_001,2026-05-20T18:33:01+12:00,33.9,-36.604778,174.802597,5
esp32_device_001,2026-05-20T18:33:06+12:00,35.7,-36.604763,174.802582,5
esp32_device_001,2026-05-20T18:33:11+12:00,36.8,-36.604755,174.802582,5
esp32_device_001,2026-05-20T18:33:16+12:00,37.7,-36.604752,174.802567,5
esp32_device_001,2026-05-20T18:33:21+12:00,39.5,-36.604755,174.802582,5
esp32_device_001,2026-05-20T18:33:26+12:00,41.6,-36.604752,174.802597,5
esp32_device_001,2026-05-20T18:33:31+12:00,42.3,-36.604755,174.802582,5
esp32_device_001,2026-05-20T18:33:36+12:00,43.1,-36.604763,174.802582,5
esp32_device_001,2026-05-20T18:33:41+12:00,45.2,-36.604759,174.802567,5
esp32_device_001,2026-05-20T18:33:46+12:00,47.7,-36.604755,174.802567,5
esp32_device_001,2026-05-20T18:33:51+12:00,50,-36.604759,174.802567,5
esp32_device_001,2026-05-20T18:33:56+12:00,52.1,-36.604771,174.802551,5
esp32_device_001,2026-05-20T18:34:01+12:00,54.1,-36.604767,174.802551,5
esp32_device_001,2026-05-20T18:34:06+12:00,52.6,-36.604767,174.802567,5
esp32_device_001,2026-05-20T18:34:11+12:00,50.5,-36.604771,174.802582,5
esp32_device_001,2026-05-20T18:34:16+12:00,48,-36.604778,174.802597,5
esp32_device_001,2026-05-20T18:34:21+12:00,45.3,-36.604797,174.802597,5
esp32_device_001,2026-05-20T18:34:26+12:00,43.8,-36.604797,174.802612,5
esp32_device_001,2026-05-20T18:34:31+12:00,42.7,-36.604794,174.802628,5
esp32_device_001,2026-05-20T18:34:36+12:00,42.3,-36.604786,174.802612,5
esp32_device_001,2026-05-20T18:34:41+12:00,42.4,-36.604774,174.802597,5
esp32_device_001,2026-05-20T18:34:46+12:00,42.3,-36.604767,174.802582,5
esp32_device_001,2026-05-20T18:34:51+12:00,43.1,-36.604771,174.802536,5
esp32_device_001,2026-05-20T18:34:56+12:00,43.1,-36.604778,174.802505,5
esp32_device_001,2026-05-20T18:35:01+12:00,42.8,-36.604774,174.80246,5
esp32_device_001,2026-05-20T18:35:06+12:00,45.4,-36.604759,174.802536,5
esp32_device_001,2026-05-20T18:35:11+12:00,46.8,-36.604755,174.802551,5
esp32_device_001,2026-05-20T18:35:16+12:00,47.1,-36.604752,174.802536,5
esp32_device_001,2026-05-20T18:35:21+12:00,48.2,-36.604755,174.802536,5
esp32_device_001,2026-05-20T18:35:26+12:00,50.6,-36.604763,174.802536,5
esp32_device_001,2026-05-20T18:35:31+12:00,52.3,-36.604774,174.802521,5
esp32_device_001,2026-05-20T18:35:36+12:00,53.9,-36.604774,174.802536,5
esp32_device_001,2026-05-20T18:35:41+12:00,55.3,-36.604778,174.802551,5
esp32_device_001,2026-05-20T18:35:46+12:00,55.3,-36.604778,174.802536,5
esp32_device_001,2026-05-20T18:35:51+12:00,52.2,-36.60479,174.802521,5
esp32_device_001,2026-05-20T18:35:56+12:00,49.4,-36.604778,174.802551,5
esp32_device_001,2026-05-20T18:36:01+12:00,47.9,-36.604774,174.802536,5
esp32_device_001,2026-05-20T18:36:06+12:00,46.9,-36.604767,174.802536,5
esp32_device_001,2026-05-20T18:36:11+12:00,46.2,-36.604759,174.802521,5
esp32_device_001,2026-05-20T18:36:16+12:00,45.1,-36.604767,174.802521,5
esp32_device_001,2026-05-20T18:36:21+12:00,43.2,-36.604774,174.802505,5
esp32_device_001,2026-05-20T18:36:26+12:00,43.4,-36.604767,174.802536,5
esp32_device_001,2026-05-20T18:36:31+12:00,44.1,-36.604774,174.802551,5
esp32_device_001,2026-05-20T18:36:36+12:00,44.2,-36.604767,174.802582,5
esp32_device_001,2026-05-20T18:36:41+12:00,41.4,-36.604782,174.802582,5
esp32_device_001,2026-05-20T18:36:46+12:00,41.3,-36.604778,174.802582,5
esp32_device_001,2026-05-20T18:36:51+12:00,41.1,-36.60479,174.802551,5
esp32_device_001,2026-05-20T18:36:56+12:00,41.7,-36.604774,174.802551,5
esp32_device_001,2026-05-20T18:37:01+12:00,39.7,-36.604759,174.802551,5
esp32_device_001,2026-05-20T18:37:06+12:00,41.3,-36.604763,174.802551,5
esp32_device_001,2026-05-20T18:37:11+12:00,42.8,-36.604771,174.802551,5
esp32_device_001,2026-05-20T18:37:16+12:00,44.4,-36.604771,174.802597,5
esp32_device_001,2026-05-20T18:37:21+12:00,44.5,-36.604748,174.802612,5
esp32_device_001,2026-05-20T18:37:26+12:00,45.9,-36.604755,174.802582,5
esp32_device_001,2026-05-20T18:37:31+12:00,50.1,-36.604744,174.802597,5
esp32_device_001,2026-05-20T18:37:36+12:00,56.8,-36.604744,174.802628,5
esp32_device_001,2026-05-20T18:37:41+12:00,58.5,-36.60474,174.802628,5
esp32_device_001,2026-05-20T18:37:46+12:00,60.1,-36.604736,174.802643,5
esp32_device_001,2026-05-20T18:37:51+12:00,59.4,-36.604736,174.802628,5
esp32_device_001,2026-05-20T18:37:56+12:00,58.6,-36.60474,174.802628,5
esp32_device_001,2026-05-20T18:38:01+12:00,58.6,-36.604748,174.802612,5
esp32_device_001,2026-05-20T18:38:06+12:00,59.4,-36.604736,174.802643,5
esp32_device_001,2026-05-20T18:38:11+12:00,61,-36.60474,174.802612,5
esp32_device_001,2026-05-20T18:38:16+12:00,62.1,-36.604733,174.802628,5
esp32_device_001,2026-05-20T18:38:21+12:00,62.6,-36.604717,174.802628,5
esp32_device_001,2026-05-20T18:38:26+12:00,60.9,-36.604706,174.802658,5
esp32_device_001,2026-05-20T18:38:31+12:00,60.2,-36.604713,174.802658,5
esp32_device_001,2026-05-20T18:38:36+12:00,59.2,-36.604713,174.802658,5
esp32_device_001,2026-05-20T18:38:41+12:00,57.6,-36.604702,174.802643,5
esp32_device_001,2026-05-20T18:38:46+12:00,55.4,-36.604706,174.802628,5
esp32_device_001,2026-05-20T18:38:51+12:00,53.3,-36.60471,174.802643,5
esp32_device_001,2026-05-20T18:38:56+12:00,51.2,-36.604725,174.802628,5
esp32_device_001,2026-05-20T18:39:01+12:00,49.6,-36.604725,174.802628,5
esp32_device_001,2026-05-20T18:39:06+12:00,49.6,-36.604729,174.802612,5
esp32_device_001,2026-05-20T18:39:11+12:00,50.6,-36.604729,174.802628,5
esp32_device_001,2026-05-20T18:39:16+12:00,50.6,-36.604733,174.802643,5
esp32_device_001,2026-05-20T18:39:21+12:00,50,-36.60474,174.802643,5
esp32_device_001,2026-05-20T18:39:26+12:00,51.2,-36.604767,174.802658,5
esp32_device_001,2026-05-20T18:39:31+12:00,50.9,-36.604805,174.802704,5
esp32_device_001,2026-05-20T18:39:36+12:00,50.5,-36.604805,174.802704,5
esp32_device_001,2026-05-20T18:39:41+12:00,51.7,-36.604797,174.802719,5
esp32_device_001,2026-05-20T18:39:46+12:00,51.9,-36.604786,174.802734,5
esp32_device_001,2026-05-20T18:39:51+12:00,53.8,-36.604763,174.802719,5
esp32_device_001,2026-05-20T18:39:56+12:00,54.2,-36.604752,174.802719,5
esp32_device_001,2026-05-20T18:40:01+12:00,53.3,-36.604767,174.802734,5
esp32_device_001,2026-05-20T18:40:06+12:00,52.3,-36.604778,174.802734,5
esp32_device_001,2026-05-20T18:40:11+12:00,52.3,-36.604774,174.802734,5
esp32_device_001,2026-05-20T18:40:16+12:00,52.7,-36.604778,174.802734,5
esp32_device_001,2026-05-20T18:40:21+12:00,51.2,-36.60479,174.802643,5
esp32_device_001,2026-05-20T18:40:26+12:00,50.3,-36.604794,174.802551,5
esp32_device_001,2026-05-20T18:40:31+12:00,48.3,-36.604797,174.802505,5
esp32_device_001,2026-05-20T18:40:36+12:00,43.3,-36.604797,174.802521,5
esp32_device_001,2026-05-20T18:40:41+12:00,39.1,-36.604824,174.80249,5
esp32_device_001,2026-05-20T18:40:46+12:00,30.8,-36.604855,174.802338,5
esp32_device_001,2026-05-20T18:40:51+12:00,23.3,-36.604874,174.802322,5
esp32_device_001,2026-05-20T18:41:06+12:00,2.2,-36.604877,174.802216,5
esp32_device_001,2026-05-20T18:41:11+12:00,-2.8,-36.604885,174.802185,5
esp32_device_001,2026-05-20T18:41:16+12:00,-6.7,-36.604874,174.8022,5
esp32_device_001,2026-05-20T18:41:21+12:00,-7,-36.604851,174.802338,5
esp32_device_001,2026-05-20T18:41:26+12:00,-5.2,-36.604832,174.802429,5
esp32_device_001,2026-05-20T18:41:31+12:00,-3.7,-36.604828,174.80246,5
esp32_device_001,2026-05-20T18:41:36+12:00,-3.1,-36.604836,174.80249,5
esp32_device_001,2026-05-20T18:41:41+12:00,-3.2,-36.604836,174.802521,5
esp32_device_001,2026-05-20T18:41:46+12:00,-1.1,-36.60482,174.802567,5
esp32_device_001,2026-05-20T18:41:51+12:00,-0.4,-36.604801,174.802597,5
esp32_device_001,2026-05-20T18:41:56+12:00,1.1,-36.604801,174.802597,5
esp32_device_001,2026-05-20T18:42:01+12:00,2.6,-36.604797,174.802597,5
esp32_device_001,2026-05-20T18:42:06+12:00,3.5,-36.604794,174.802612,5
esp32_device_001,2026-05-20T18:42:16+12:00,-3.5,-36.605061,174.801819,5
esp32_device_001,2026-05-20T18:42:26+12:00,-56.4,-36.60537,174.800812,5
esp32_device_001,2026-05-20T18:42:31+12:00,-85.8,-36.605324,174.800919,5
esp32_device_001,2026-05-20T18:42:36+12:00,-90.5,-36.605263,174.801117,5
esp32_device_001,2026-05-20T18:42:41+12:00,-89,-36.605206,174.801285,5
esp32_device_001,2026-05-20T18:42:46+12:00,-84,-36.605141,174.801529,5
esp32_device_001,2026-05-20T18:42:51+12:00,-73.3,-36.60508,174.801773,5
esp32_device_001,2026-05-20T18:42:56+12:00,-47.5,-36.604988,174.802078,5
esp32_device_001,2026-05-20T18:43:01+12:00,-32.5,-36.604931,174.802277,5
esp32_device_001,2026-05-20T18:43:06+12:00,-25.8,-36.6049,174.802368,5
esp32_device_001,2026-05-20T18:43:11+12:00,-23.2,-36.604897,174.80246,5
esp32_device_001,2026-05-20T18:43:16+12:00,-17.3,-36.604877,174.802536,5
esp32_device_001,2026-05-20T18:43:21+12:00,-9.8,-36.604847,174.802521,5
esp32_device_001,2026-05-20T18:43:26+12:00,-4.6,-36.60482,174.802582,5
esp32_device_001,2026-05-20T18:43:31+12:00,1.8,-36.604767,174.802582,5
esp32_device_001,2026-05-20T18:43:36+12:00,8,-36.604748,174.802612,5
esp32_device_001,2026-05-20T18:43:41+12:00,13.6,-36.604721,174.802582,5
esp32_device_001,2026-05-20T18:43:46+12:00,17.2,-36.604744,174.802628,5
esp32_device_001,2026-05-20T18:43:51+12:00,21.6,-36.604748,174.802628,5
esp32_device_001,2026-05-20T18:43:56+12:00,23.6,-36.604752,174.802643,5
esp32_device_001,2026-05-20T18:44:01+12:00,26.2,-36.604748,174.802612,5
esp32_device_001,2026-05-20T18:44:06+12:00,28.3,-36.604744,174.802582,5
esp32_device_001,2026-05-20T18:44:11+12:00,30.4,-36.604752,174.802551,5
esp32_device_001,2026-05-20T18:44:16+12:00,30.2,-36.604759,174.80249,5
esp32_device_001,2026-05-20T18:44:21+12:00,29.9,-36.60474,174.802475,5
esp32_device_001,2026-05-20T18:44:26+12:00,30.9,-36.604733,174.802444,5
esp32_device_001,2026-05-20T18:44:31+12:00,33.5,-36.604725,174.80249,5
esp32_device_001,2026-05-20T18:44:36+12:00,36.3,-36.604733,174.802536,5
esp32_device_001,2026-05-20T18:44:41+12:00,38.4,-36.604733,174.802505,5
esp32_device_001,2026-05-20T18:44:46+12:00,39.2,-36.604748,174.80246,5
esp32_device_001,2026-05-20T18:44:51+12:00,40,-36.604755,174.802475,5
esp32_device_001,2026-05-20T18:44:56+12:00,41.2,-36.604752,174.80249,5
esp32_device_001,2026-05-20T18:45:01+12:00,43.3,-36.604744,174.802536,5
esp32_device_001,2026-05-20T18:45:06+12:00,47.5,-36.604729,174.802582,5
esp32_device_001,2026-05-20T18:45:11+12:00,52.2,-36.604717,174.802643,5
esp32_device_001,2026-05-20T18:45:16+12:00,55.9,-36.604698,174.802689,5
esp32_device_001,2026-05-20T18:45:21+12:00,60.7,-36.604694,174.802719,5
esp32_device_001,2026-05-20T18:45:26+12:00,64.9,-36.604702,174.802765,5
esp32_device_001,2026-05-20T18:45:31+12:00,67.2,-36.604702,174.80278,5
esp32_device_001,2026-05-20T18:45:36+12:00,69.5,-36.604713,174.80278,5
esp32_device_001,2026-05-20T18:45:41+12:00,69,-36.60474,174.802765,5
esp32_device_001,2026-05-20T18:45:46+12:00,68.4,-36.604755,174.802734,5
esp32_device_001,2026-05-20T18:45:51+12:00,68.6,-36.604755,174.802719,5
esp32_device_001,2026-05-20T18:45:56+12:00,56.3,-36.604782,174.802689,5
esp32_device_001,2026-05-20T18:46:01+12:00,60.3,-36.60482,174.802689,5
esp32_device_001,2026-05-20T18:46:11+12:00,58.6,-36.604813,174.802719,5
esp32_device_001,2026-05-20T18:46:16+12:00,56.9,-36.604786,174.802673,5
esp32_device_001,2026-05-20T18:46:21+12:00,56.3,-36.604774,174.802673,5
esp32_device_001,2026-05-20T18:46:26+12:00,55.9,-36.604782,174.802689,5
esp32_device_001,2026-05-20T18:46:31+12:00,55.1,-36.604797,174.802704,5
esp32_device_001,2026-05-20T18:46:36+12:00,54,-36.60479,174.802658,5
esp32_device_001,2026-05-20T18:46:41+12:00,53.9,-36.604782,174.802643,5
esp32_device_001,2026-05-20T18:46:46+12:00,53.3,-36.604782,174.802582,5
esp32_device_001,2026-05-20T18:46:51+12:00,56.8,-36.604771,174.802628,5
esp32_device_001,2026-05-20T18:46:56+12:00,60.6,-36.604755,174.802689,5
esp32_device_001,2026-05-20T18:47:01+12:00,60.7,-36.604748,174.802673,5
esp32_device_001,2026-05-20T18:47:06+12:00,60.5,-36.60474,174.802643,5
esp32_device_001,2026-05-20T18:47:11+12:00,62.1,-36.604725,174.802673,5
esp32_device_001,2026-05-20T18:47:16+12:00,62.7,-36.604717,174.802643,5
esp32_device_001,2026-05-20T18:47:26+12:00,63.1,-36.604698,174.802734,5
esp32_device_001,2026-05-20T18:47:31+12:00,62.5,-36.604691,174.802795,5
esp32_device_001,2026-05-20T18:47:36+12:00,60.7,-36.604698,174.802719,5
esp32_device_001,2026-05-20T18:47:41+12:00,58.6,-36.604698,174.802734,5
esp32_device_001,2026-05-20T18:47:46+12:00,58.7,-36.604698,174.802689,5
esp32_device_001,2026-05-20T18:47:51+12:00,59.6,-36.604702,174.802673,5
esp32_device_001,2026-05-20T18:47:56+12:00,60,-36.604694,174.802704,5
esp32_device_001,2026-05-20T18:48:06+12:00,60,-36.604679,174.80304,5
esp32_device_001,2026-05-20T18:48:11+12:00,63.5,-36.604671,174.80307,5
esp32_device_001,2026-05-20T18:48:21+12:00,63.7,-36.604656,174.802994,5
esp32_device_001,2026-05-20T18:48:26+12:00,63.8,-36.604671,174.802963,5
esp32_device_001,2026-05-20T18:48:31+12:00,63.1,-36.604679,174.802887,5
esp32_device_001,2026-05-20T18:48:36+12:00,60,-36.604694,174.802826,5
esp32_device_001,2026-05-20T18:48:46+12:00,57.5,-36.604713,174.802795,5
esp32_device_001,2026-05-20T18:48:51+12:00,57.4,-36.604721,174.802795,5
esp32_device_001,2026-05-20T18:48:56+12:00,58,-36.604713,174.80278,5
esp32_device_001,2026-05-20T18:49:06+12:00,58.4,-36.604679,174.802826,5
esp32_device_001,2026-05-20T18:49:11+12:00,61,-36.604633,174.80278,5
esp32_device_001,2026-05-20T18:49:16+12:00,65.7,-36.604622,174.802765,5
esp32_device_001,2026-05-20T18:49:21+12:00,68.7,-36.60463,174.802765,5
esp32_device_001,2026-05-20T18:49:26+12:00,69.7,-36.604633,174.80278,5
esp32_device_001,2026-05-20T18:49:31+12:00,70.5,-36.604633,174.80278,5
esp32_device_001,2026-05-20T18:49:36+12:00,71.8,-36.604633,174.80278,5
esp32_device_001,2026-05-20T18:49:46+12:00,72.6,-36.604637,174.80278,5
esp32_device_001,2026-05-20T18:49:51+12:00,71.1,-36.604656,174.802734,5
esp32_device_001,2026-05-20T18:50:01+12:00,59.5,-36.604702,174.802689,5
esp32_device_001,2026-05-20T18:50:06+12:00,57.3,-36.604725,174.802673,5
esp32_device_001,2026-05-20T18:50:11+12:00,53.5,-36.604729,174.802689,5
esp32_device_001,2026-05-20T18:50:16+12:00,52.1,-36.604721,174.802689,5
esp32_device_001,2026-05-20T18:50:21+12:00,49.5,-36.60471,174.802689,5
esp32_device_001,2026-05-20T18:50:31+12:00,47,-36.604717,174.802673,5
esp32_device_001,2026-05-20T18:50:36+12:00,45.7,-36.60471,174.802673,5
esp32_device_001,2026-05-20T18:50:41+12:00,44.3,-36.60471,174.802673,5
esp32_device_001,2026-05-20T18:50:46+12:00,42.7,-36.604721,174.802689,5
esp32_device_001,2026-05-20T18:50:51+12:00,41.9,-36.604721,174.802704,5
esp32_device_001,2026-05-20T18:51:10+12:00,37.2,-36.604794,174.802658,5
esp32_device_001,2026-05-20T18:51:20+12:00,34.5,-36.604805,174.802719,5
esp32_device_001,2026-05-20T18:51:25+12:00,33.6,-36.604797,174.802734,5
esp32_device_001,2026-05-20T18:51:30+12:00,33.6,-36.604801,174.802734,5
esp32_device_001,2026-05-20T18:51:35+12:00,33.2,-36.604809,174.802719,5
esp32_device_001,2026-05-20T18:51:40+12:00,32.5,-36.604809,174.802689,5
esp32_device_001,2026-05-20T18:51:45+12:00,32.6,-36.604805,174.802673,5
esp32_device_001,2026-05-20T18:51:50+12:00,32.7,-36.604809,174.802689,5
esp32_device_001,2026-05-20T18:51:55+12:00,33.5,-36.604805,174.802704,5
esp32_device_001,2026-05-20T18:52:05+12:00,33.4,-36.604782,174.802658,5
esp32_device_001,2026-05-20T18:52:10+12:00,34.9,-36.60474,174.802628,5
esp32_device_001,2026-05-20T18:52:15+12:00,37,-36.604706,174.802628,5
esp32_device_001,2026-05-20T18:52:20+12:00,41.7,-36.60471,174.802567,5
esp32_device_001,2026-05-20T18:52:30+12:00,41.9,-36.604778,174.802505,5
esp32_device_001,2026-05-20T18:52:35+12:00,60.7,-36.604992,174.802155,5
esp32_device_001,2026-05-20T18:52:40+12:00,57.3,-36.605305,174.801315,5
esp32_device_001,2026-05-20T18:52:45+12:00,49,-36.605255,174.801102,5
esp32_device_001,2026-05-20T18:53:25+12:00,38.9,-36.604992,174.8013,5
esp32_device_001,2026-05-20T18:53:30+12:00,38.2,-36.60495,174.80159,5
esp32_device_001,2026-05-20T18:53:35+12:00,38.2,-36.604939,174.801743,5
esp32_device_001,2026-05-20T18:53:40+12:00,39.3,-36.604862,174.802094,5
esp32_device_001,2026-05-20T18:53:45+12:00,40.9,-36.604885,174.801819,5
esp32_device_001,2026-05-20T18:53:50+12:00,39.7,-36.604946,174.801483,5
esp32_device_001,2026-05-20T18:53:55+12:00,36.6,-36.605026,174.800766,5
esp32_device_001,2026-05-20T18:54:00+12:00,35.7,-36.605015,174.800568,5
esp32_device_001,2026-05-20T18:54:05+12:00,34.6,-36.605011,174.800583,5
esp32_device_001,2026-05-20T18:54:10+12:00,37.4,-36.604919,174.801102,5
esp32_device_001,2026-05-20T18:54:20+12:00,35.9,-36.604881,174.801636,5
esp32_device_001,2026-05-20T18:54:25+12:00,34.1,-36.604862,174.801834,5
esp32_device_001,2026-05-20T18:54:30+12:00,32.4,-36.604862,174.801941,5
esp32_device_001,2026-05-20T18:54:35+12:00,31.3,-36.604885,174.802109,5
esp32_device_001,2026-05-20T18:54:40+12:00,30.9,-36.604881,174.802261,5
esp32_device_001,2026-05-20T18:54:45+12:00,30.8,-36.604893,174.802277,5
esp32_device_001,2026-05-20T18:54:50+12:00,31.4,-36.604862,174.802368,5
esp32_device_001,2026-05-20T18:54:55+12:00,31.2,-36.604855,174.802353,5
esp32_device_001,2026-05-20T18:55:00+12:00,30.9,-36.604843,174.802399,5
esp32_device_001,2026-05-20T18:55:05+12:00,31.1,-36.604839,174.802521,5
esp32_device_001,2026-05-20T18:55:10+12:00,31.2,-36.604828,174.802597,5
esp32_device_001,2026-05-20T18:55:15+12:00,30.5,-36.604805,174.802826,5
esp32_device_001,2026-05-20T18:55:20+12:00,30.9,-36.60479,174.803009,5
esp32_device_001,2026-05-20T18:55:25+12:00,30.6,-36.60479,174.803024,5
esp32_device_001,2026-05-20T18:55:30+12:00,25,-36.604874,174.80217,5
esp32_device_001,2026-05-20T18:55:35+12:00,26.2,-36.604824,174.802307,5
esp32_device_001,2026-05-20T18:55:40+12:00,25.8,-36.604797,174.802353,5
esp32_device_001,2026-05-20T18:55:45+12:00,25.9,-36.604778,174.80249,5
esp32_device_001,2026-05-20T18:55:50+12:00,26.3,-36.604748,174.802643,5
esp32_device_001,2026-05-20T18:55:55+12:00,26.9,-36.604733,174.802704,5
esp32_device_001,2026-05-20T18:56:00+12:00,27.6,-36.604721,174.802734,5
esp32_device_001,2026-05-20T18:56:05+12:00,28.7,-36.604702,174.802689,5
esp32_device_001,2026-05-20T18:56:41+12:00,35.8,-36.604698,174.802567,5
esp32_device_001,2026-05-20T18:56:46+12:00,37.2,-36.604679,174.802567,5
esp32_device_001,2026-05-20T18:56:51+12:00,37.6,-36.604729,174.802567,5
esp32_device_001,2026-05-20T18:56:56+12:00,27.7,-36.605167,174.80275,5
esp32_device_001,2026-05-20T18:57:01+12:00,23.7,-36.605267,174.802826,5
esp32_device_001,2026-05-20T18:57:06+12:00,17.6,-36.605377,174.802902,5
esp32_device_001,2026-05-20T18:57:11+12:00,11.3,-36.605408,174.802979,5
esp32_device_001,2026-05-20T18:57:16+12:00,9,-36.605316,174.803009,5
esp32_device_001,2026-05-20T18:57:21+12:00,6.4,-36.605186,174.80304,5
esp32_device_001,2026-05-20T18:57:26+12:00,9.2,-36.60498,174.803024,5
esp32_device_001,2026-05-20T18:57:31+12:00,14.9,-36.604809,174.802963,5
esp32_device_001,2026-05-20T18:57:36+12:00,22.3,-36.604675,174.802887,5
esp32_device_001,2026-05-20T18:57:41+12:00,27.2,-36.604656,174.802826,5
esp32_device_001,2026-05-20T18:57:46+12:00,29.6,-36.604675,174.802795,5
esp32_device_001,2026-05-20T18:57:51+12:00,32.2,-36.604691,174.802765,5
esp32_device_001,2026-05-20T18:57:56+12:00,32.7,-36.604702,174.80275,5
esp32_device_001,2026-05-20T18:58:01+12:00,33.7,-36.604759,174.802734,5
esp32_device_001,2026-05-20T18:58:06+12:00,35.7,-36.604736,174.802719,5
esp32_device_001,2026-05-20T18:58:11+12:00,33.6,-36.604767,174.802719,5
esp32_device_001,2026-05-20T18:58:16+12:00,31.2,-36.604774,174.802734,5
esp32_device_001,2026-05-20T18:58:21+12:00,30.4,-36.604786,174.802734,5
esp32_device_001,2026-05-20T18:58:26+12:00,31.8,-36.604782,174.802734,5
esp32_device_001,2026-05-20T18:58:31+12:00,33.7,-36.604763,174.802719,5
esp32_device_001,2026-05-20T18:58:36+12:00,35.8,-36.604748,174.802689,5
esp32_device_001,2026-05-20T18:58:41+12:00,37,-36.604706,174.802689,5
esp32_device_001,2026-05-20T18:58:46+12:00,37.4,-36.604698,174.802689,5
esp32_device_001,2026-05-20T18:58:51+12:00,38.3,-36.604694,174.802673,5
esp32_device_001,2026-05-20T18:58:56+12:00,38.9,-36.604694,174.802673,5
esp32_device_001,2026-05-20T18:59:01+12:00,39.5,-36.604675,174.802673,5
esp32_device_001,2026-05-20T18:59:06+12:00,39.5,-36.604706,174.802673,5
esp32_device_001,2026-05-20T18:59:11+12:00,45.2,-36.60479,174.802597,5
esp32_device_001,2026-05-20T18:59:16+12:00,54.5,-36.60471,174.80249,5
esp32_device_001,2026-05-20T18:59:21+12:00,57.4,-36.604668,174.80246,5
esp32_device_001,2026-05-20T18:59:26+12:00,57.5,-36.604656,174.80246,5
esp32_device_001,2026-05-20T18:59:31+12:00,59.5,-36.604633,174.802429,5
esp32_device_001,2026-05-20T18:59:36+12:00,60.7,-36.604626,174.802414,5
esp32_device_001,2026-05-20T18:59:41+12:00,48.8,-36.604633,174.80249,5
esp32_device_001,2026-05-20T18:59:46+12:00,49,-36.604542,174.802505,5
esp32_device_001,2026-05-20T18:59:51+12:00,49.1,-36.604492,174.802505,5
esp32_device_001,2026-05-20T18:59:56+12:00,49.3,-36.604504,174.802505,5
esp32_device_001,2026-05-20T19:00:01+12:00,49.3,-36.604507,174.802521,5
esp32_device_001,2026-05-20T19:00:06+12:00,49.1,-36.604527,174.802536,5
esp32_device_001,2026-05-20T19:00:11+12:00,49.9,-36.604584,174.802536,5
esp32_device_001,2026-05-20T19:00:16+12:00,49.8,-36.604591,174.802551,5
esp32_device_001,2026-05-20T19:00:21+12:00,50.7,-36.604618,174.802551,5
esp32_device_001,2026-05-20T19:00:26+12:00,50.5,-36.60463,174.802551,5
esp32_device_001,2026-05-20T19:00:31+12:00,49.8,-36.604652,174.802551,5
esp32_device_001,2026-05-20T19:00:36+12:00,51,-36.604668,174.802567,5
esp32_device_001,2026-05-20T19:00:41+12:00,51.4,-36.604675,174.802582,5
esp32_device_001,2026-05-20T19:00:46+12:00,51.8,-36.604679,174.802582,5
esp32_device_001,2026-05-20T19:00:51+12:00,53.4,-36.604679,174.802597,5
esp32_device_001,2026-05-20T19:00:56+12:00,54.6,-36.604671,174.802597,5
esp32_device_001,2026-05-20T19:01:01+12:00,55.4,-36.604656,174.802582,5
esp32_device_001,2026-05-20T19:01:06+12:00,55.8,-36.604668,174.802597,5
esp32_device_001,2026-05-20T19:01:34+12:00,53.9,-36.604778,174.802689,5
esp32_device_001,2026-05-20T19:01:39+12:00,55.1,-36.604744,174.802673,5
esp32_device_001,2026-05-20T19:01:44+12:00,60.2,-36.604675,174.802597,5
esp32_device_001,2026-05-20T19:01:49+12:00,61.3,-36.604652,174.802597,5
esp32_device_001,2026-05-20T19:01:54+12:00,61.1,-36.604656,174.802597,5
esp32_device_001,2026-05-20T19:01:59+12:00,60.6,-36.604656,174.802597,5
esp32_device_001,2026-05-20T19:02:04+12:00,60.2,-36.60466,174.802612,5
esp32_device_001,2026-05-20T19:02:09+12:00,59.6,-36.60466,174.802612,5
esp32_device_001,2026-05-20T19:02:14+12:00,59,-36.604664,174.802628,5
esp32_device_001,2026-05-20T19:02:19+12:00,59.3,-36.604675,174.802628,5
esp32_device_001,2026-05-20T19:02:24+12:00,63.2,-36.604656,174.802582,5
esp32_device_001,2026-05-20T19:02:29+12:00,66.8,-36.60463,174.802551,5
esp32_device_001,2026-05-20T19:02:34+12:00,68.5,-36.604614,174.802536,5
esp32_device_001,2026-05-20T19:02:39+12:00,69.2,-36.604607,174.802536,5
esp32_device_001,2026-05-20T19:02:44+12:00,69.8,-36.604599,174.802521,5
esp32_device_001,2026-05-20T19:02:49+12:00,70.2,-36.604614,174.802521,5
esp32_device_001,2026-05-20T19:02:54+12:00,69.8,-36.604626,174.802521,5
esp32_device_001,2026-05-20T19:02:59+12:00,68.9,-36.604626,174.802536,5
esp32_device_001,2026-05-20T19:03:04+12:00,67.9,-36.604637,174.802536,5
esp32_device_001,2026-05-20T19:03:09+12:00,66.4,-36.604649,174.802551,5
esp32_device_001,2026-05-20T19:03:14+12:00,65.3,-36.604656,174.802567,5
esp32_device_001,2026-05-20T19:03:19+12:00,64.7,-36.604656,174.802567,5
esp32_device_001,2026-05-20T19:03:24+12:00,63.6,-36.604668,174.802582,5
esp32_device_001,2026-05-20T19:03:29+12:00,62,-36.604671,174.802597,5
esp32_device_001,2026-05-20T19:03:34+12:00,60,-36.604687,174.802612,5
esp32_device_001,2026-05-20T19:03:39+12:00,58.9,-36.604691,174.802612,5
esp32_device_001,2026-05-20T19:03:44+12:00,57.6,-36.604683,174.802628,5
esp32_device_001,2026-05-20T19:03:49+12:00,57.2,-36.604683,174.802628,5
esp32_device_001,2026-05-20T19:03:54+12:00,56.4,-36.604683,174.802628,5
esp32_device_001,2026-05-20T19:03:59+12:00,55.6,-36.604687,174.802628,5
esp32_device_001,2026-05-20T19:04:04+12:00,55.2,-36.604698,174.802628,5
esp32_device_001,2026-05-20T19:04:09+12:00,55.1,-36.604691,174.802612,5
esp32_device_001,2026-05-20T19:04:14+12:00,55.6,-36.604679,174.802612,5
esp32_device_001,2026-05-20T19:04:19+12:00,56.8,-36.604668,174.802597,5
esp32_device_001,2026-05-20T19:04:24+12:00,56.2,-36.604675,174.802597,5
esp32_device_001,2026-05-20T19:04:29+12:00,55.2,-36.604675,174.802597,5
esp32_device_001,2026-05-20T19:04:34+12:00,54.3,-36.604687,174.802612,5
esp32_device_001,2026-05-20T19:04:39+12:00,53.8,-36.604706,174.802612,5
esp32_device_001,2026-05-20T19:04:44+12:00,52.9,-36.604713,174.802612,5
esp32_device_001,2026-05-20T19:04:49+12:00,52.7,-36.604702,174.802612,5
esp32_device_001,2026-05-20T19:04:54+12:00,52.4,-36.60471,174.802612,5
esp32_device_001,2026-05-20T19:04:59+12:00,52.1,-36.60471,174.802612,5
esp32_device_001,2026-05-20T19:05:04+12:00,52.4,-36.60471,174.802597,5
esp32_device_001,2026-05-20T19:05:09+12:00,52.9,-36.604702,174.802597,5
esp32_device_001,2026-05-20T19:05:14+12:00,53.3,-36.604713,174.802582,5
esp32_device_001,2026-05-20T19:05:19+12:00,54.1,-36.604706,174.802567,5
esp32_device_001,2026-05-20T19:05:24+12:00,54.4,-36.604706,174.802567,5
esp32_device_001,2026-05-20T19:05:29+12:00,53.9,-36.604713,174.802567,5
esp32_device_001,2026-05-20T19:05:34+12:00,53,-36.604721,174.802567,5
esp32_device_001,2026-05-20T19:05:39+12:00,52.1,-36.604729,174.802582,5
esp32_device_001,2026-05-20T19:05:44+12:00,51.2,-36.604733,174.802582,5
esp32_device_001,2026-05-20T19:05:49+12:00,50.8,-36.604725,174.802597,5
esp32_device_001,2026-05-20T19:05:54+12:00,50.8,-36.604717,174.802597,5
esp32_device_001,2026-05-20T19:05:59+12:00,51,-36.604702,174.802597,5
esp32_device_001,2026-05-20T19:06:04+12:00,50.2,-36.604691,174.802597,5
esp32_device_001,2026-05-20T19:08:51+12:00,25,-36.604862,174.802551,5
esp32_device_001,2026-05-20T19:09:01+12:00,25.6,-36.604931,174.802399,5
esp32_device_001,2026-05-20T19:09:06+12:00,26.2,-36.604942,174.802338,5
esp32_device_001,2026-05-20T19:09:11+12:00,26.6,-36.604961,174.802277,5
esp32_device_001,2026-05-20T19:09:16+12:00,27.7,-36.604992,174.802216,5
esp32_device_001,2026-05-20T19:09:21+12:00,26.7,-36.605042,174.802185,5
esp32_device_001,2026-05-20T19:09:26+12:00,26,-36.605072,174.802155,5
esp32_device_001,2026-05-20T19:09:31+12:00,28.1,-36.605087,174.802109,5
esp32_device_001,2026-05-20T19:09:36+12:00,31.2,-36.605103,174.802063,5
esp32_device_001,2026-05-20T19:09:41+12:00,33.2,-36.605091,174.802063,5
esp32_device_001,2026-05-20T19:09:46+12:00,34.5,-36.605049,174.802094,5
esp32_device_001,2026-05-20T19:09:51+12:00,34.4,-36.605019,174.802155,5
esp32_device_001,2026-05-20T19:09:56+12:00,30.3,-36.605026,174.802246,5
esp32_device_001,2026-05-20T19:10:01+12:00,21.4,-36.605061,174.802353,5
esp32_device_001,2026-05-20T19:10:06+12:00,19.3,-36.605034,174.802414,5
esp32_device_001,2026-05-20T19:10:11+12:00,17.6,-36.604992,174.80246,5
esp32_device_001,2026-05-20T19:10:16+12:00,16.5,-36.60495,174.802475,5
esp32_device_001,2026-05-20T19:10:21+12:00,10.2,-36.604942,174.80249,5
esp32_device_001,2026-05-20T19:10:26+12:00,9.1,-36.604923,174.802475,5
esp32_device_001,2026-05-20T19:10:31+12:00,7.2,-36.604931,174.80249,5
esp32_device_001,2026-05-20T19:10:36+12:00,8.7,-36.604923,174.80249,5
esp32_device_001,2026-05-20T19:10:41+12:00,9.9,-36.604916,174.80249,5
esp32_device_001,2026-05-20T19:10:46+12:00,11.4,-36.604889,174.80249,5
esp32_device_001,2026-05-20T19:10:51+12:00,12.4,-36.604881,174.802521,5
esp32_device_001,2026-05-20T19:10:56+12:00,12.8,-36.604862,174.802521,5
esp32_device_001,2026-05-20T19:11:01+12:00,13.8,-36.604851,174.802475,5
esp32_device_001,2026-05-20T19:11:06+12:00,15,-36.604858,174.802475,5
esp32_device_001,2026-05-20T19:11:11+12:00,17.3,-36.604851,174.802429,5
esp32_device_001,2026-05-20T19:11:16+12:00,19.7,-36.604847,174.802475,5
esp32_device_001,2026-05-20T19:11:21+12:00,21.2,-36.604836,174.802521,5
esp32_device_001,2026-05-20T19:11:26+12:00,23.1,-36.604832,174.802505,5
esp32_device_001,2026-05-20T19:11:31+12:00,18.5,-36.604839,174.802536,5
esp32_device_001,2026-05-20T19:11:36+12:00,6.1,-36.604889,174.802612,5
esp32_device_001,2026-05-20T19:11:41+12:00,-2.3,-36.604942,174.802628,5
esp32_device_001,2026-05-20T19:11:46+12:00,-7.6,-36.604984,174.802658,5
esp32_device_001,2026-05-20T19:11:51+12:00,-11.4,-36.605007,174.802612,5
esp32_device_001,2026-05-20T19:11:56+12:00,-13.9,-36.605022,174.802597,5
esp32_device_001,2026-05-20T19:12:01+12:00,-13.9,-36.60503,174.802582,5
esp32_device_001,2026-05-20T19:12:06+12:00,-12.7,-36.605026,174.802536,5
esp32_device_001,2026-05-20T19:12:11+12:00,-11.4,-36.605019,174.802536,5
esp32_device_001,2026-05-20T19:12:16+12:00,-11.3,-36.605019,174.802612,5
esp32_device_001,2026-05-20T19:12:21+12:00,-10.7,-36.605007,174.802612,5
esp32_device_001,2026-05-20T19:12:26+12:00,-9.4,-36.605007,174.802597,5
esp32_device_001,2026-05-20T19:12:31+12:00,-7.4,-36.605,174.802612,5
esp32_device_001,2026-05-20T19:12:36+12:00,-6.9,-36.604996,174.802612,5
esp32_device_001,2026-05-20T19:12:41+12:00,-4.5,-36.604977,174.802582,5
esp32_device_001,2026-05-20T19:12:46+12:00,-0.9,-36.604969,174.802597,5
esp32_device_001,2026-05-20T19:12:51+12:00,0.8,-36.604965,174.802597,5
esp32_device_001,2026-05-20T19:12:56+12:00,1.1,-36.604961,174.802612,5
esp32_device_001,2026-05-20T19:13:01+12:00,2.5,-36.604942,174.802658,5
esp32_device_001,2026-05-20T19:13:06+12:00,5.2,-36.604939,174.802658,5
esp32_device_001,2026-05-20T19:13:11+12:00,-5,-36.604988,174.802658,5
esp32_device_001,2026-05-20T19:13:16+12:00,-3.6,-36.604984,174.802628,5
esp32_device_001,2026-05-20T19:13:21+12:00,-2.1,-36.60498,174.802612,5
esp32_device_001,2026-05-20T19:13:26+12:00,0.3,-36.604973,174.802628,5
esp32_device_001,2026-05-20T19:13:31+12:00,2.7,-36.604931,174.802612,5
esp32_device_001,2026-05-20T19:13:36+12:00,3.9,-36.604927,174.802307,5
esp32_device_001,2026-05-20T19:13:41+12:00,6.3,-36.604908,174.802048,5
esp32_device_001,2026-05-20T19:13:46+12:00,11.1,-36.604889,174.802109,5
esp32_device_001,2026-05-20T19:13:51+12:00,16.7,-36.60487,174.802185,5
esp32_device_001,2026-05-20T19:13:56+12:00,21.5,-36.6049,174.802338,5
esp32_device_001,2026-05-20T19:14:01+12:00,26.8,-36.60487,174.802322,5
esp32_device_001,2026-05-20T19:14:06+12:00,30.4,-36.604874,174.802109,5
esp32_device_001,2026-05-20T19:14:11+12:00,36.4,-36.604824,174.80217,5
esp32_device_001,2026-05-20T19:14:16+12:00,42.2,-36.604797,174.802261,5
esp32_device_001,2026-05-20T19:14:21+12:00,47.1,-36.604748,174.802322,5
esp32_device_001,2026-05-20T19:14:26+12:00,50.9,-36.604729,174.802444,5
esp32_device_001,2026-05-20T19:14:31+12:00,54.5,-36.604702,174.802475,5
esp32_device_001,2026-05-20T19:14:36+12:00,56.3,-36.604733,174.802536,5
esp32_device_001,2026-05-20T19:14:41+12:00,58.5,-36.604702,174.802567,5
esp32_device_001,2026-05-20T19:14:46+12:00,60.9,-36.604668,174.802597,5
esp32_device_001,2026-05-20T19:14:51+12:00,63,-36.604683,174.802612,5
esp32_device_001,2026-05-20T19:14:56+12:00,49.5,-36.604797,174.802765,5
esp32_device_001,2026-05-20T19:15:01+12:00,49.5,-36.604813,174.802811,5
esp32_device_001,2026-05-20T19:15:06+12:00,46.7,-36.604839,174.802841,5
esp32_device_001,2026-05-20T19:15:11+12:00,43,-36.604893,174.802795,5
esp32_device_001,2026-05-20T19:15:16+12:00,40.3,-36.604946,174.802704,5
esp32_device_001,2026-05-20T19:15:21+12:00,39.5,-36.604923,174.802704,5
esp32_device_001,2026-05-20T19:15:26+12:00,39.7,-36.604881,174.802673,5
esp32_device_001,2026-05-20T19:15:31+12:00,41,-36.604805,174.802658,5
esp32_device_001,2026-05-20T19:15:36+12:00,43.8,-36.604755,174.802673,5
esp32_device_001,2026-05-20T19:15:41+12:00,47.7,-36.604729,174.802612,5
esp32_device_001,2026-05-20T19:15:46+12:00,51,-36.604717,174.802582,5
esp32_device_001,2026-05-20T19:15:51+12:00,53.4,-36.604702,174.802567,5
esp32_device_001,2026-05-20T19:15:56+12:00,55,-36.604694,174.802567,5
esp32_device_001,2026-05-20T19:16:01+12:00,56.6,-36.604694,174.802567,5
esp32_device_001,2026-05-20T19:16:06+12:00,59.4,-36.60466,174.802597,5
esp32_device_001,2026-05-20T19:16:11+12:00,60.6,-36.604652,174.802612,5
esp32_device_001,2026-05-20T19:16:16+12:00,61.4,-36.604652,174.802628,5
esp32_device_001,2026-05-20T19:16:21+12:00,61.8,-36.604668,174.802612,5
esp32_device_001,2026-05-20T19:16:26+12:00,61,-36.604675,174.802612,5
esp32_device_001,2026-05-20T19:16:31+12:00,60,-36.604687,174.802597,5
esp32_device_001,2026-05-20T19:16:36+12:00,59.5,-36.604694,174.802597,5
esp32_device_001,2026-05-20T19:16:41+12:00,59.9,-36.604683,174.802597,5
esp32_device_001,2026-05-20T19:16:46+12:00,60.1,-36.604668,174.802612,5
esp32_device_001,2026-05-20T19:16:51+12:00,60.1,-36.604656,174.802628,5
esp32_device_001,2026-05-20T19:16:56+12:00,60.1,-36.604656,174.802628,5
esp32_device_001,2026-05-20T19:17:01+12:00,59.9,-36.60466,174.802612,5
esp32_device_001,2026-05-20T19:17:06+12:00,56.3,-36.604679,174.802612,5
esp32_device_001,2026-05-20T19:17:11+12:00,52.8,-36.604698,174.802612,5
esp32_device_001,2026-05-20T19:17:16+12:00,50.2,-36.604713,174.802628,5
esp32_device_001,2026-05-20T19:17:21+12:00,48.7,-36.604721,174.802628,5
esp32_device_001,2026-05-20T19:17:26+12:00,47.2,-36.604725,174.802643,5
esp32_device_001,2026-05-20T19:17:31+12:00,46.2,-36.604725,174.802643,5
esp32_device_001,2026-05-20T19:17:36+12:00,46.6,-36.604721,174.802643,5
esp32_device_001,2026-05-20T19:17:41+12:00,46.5,-36.604729,174.802658,5
esp32_device_001,2026-05-20T19:17:46+12:00,46,-36.604725,174.802658,5
esp32_device_001,2026-05-20T19:17:51+12:00,46.3,-36.604717,174.802658,5
esp32_device_001,2026-05-20T19:17:56+12:00,47.3,-36.604717,174.802643,5
esp32_device_001,2026-05-20T19:18:01+12:00,48.9,-36.604721,174.802628,5
esp32_device_001,2026-05-20T19:18:06+12:00,49.6,-36.604725,174.802612,5
esp32_device_001,2026-05-20T19:18:11+12:00,50.4,-36.604729,174.802597,5
esp32_device_001,2026-05-20T19:18:16+12:00,50.4,-36.604721,174.802597,5
esp32_device_001,2026-05-20T19:18:21+12:00,49.9,-36.604725,174.802582,5
esp32_device_001,2026-05-20T19:18:26+12:00,49.4,-36.604725,174.802582,5
esp32_device_001,2026-05-20T19:18:31+12:00,48.8,-36.604725,174.802582,5
esp32_device_001,2026-05-20T19:18:36+12:00,47.8,-36.604733,174.802582,5
esp32_device_001,2026-05-20T19:18:41+12:00,46.4,-36.604736,174.802582,5
esp32_device_001,2026-05-20T19:18:46+12:00,45.7,-36.604733,174.802582,5
esp32_device_001,2026-05-20T19:18:56+12:00,44.5,-36.604748,174.802582,5
esp32_device_001,2026-05-20T19:19:01+12:00,43.9,-36.604759,174.802567,5
esp32_device_001,2026-05-20T19:19:06+12:00,42.9,-36.604767,174.802582,5
esp32_device_001,2026-05-20T19:19:11+12:00,40,-36.604774,174.802582,5
esp32_device_001,2026-05-20T19:19:16+12:00,37.1,-36.604778,174.802597,5
esp32_device_001,2026-05-20T19:19:21+12:00,34.8,-36.604774,174.802597,5
esp32_device_001,2026-05-20T19:19:26+12:00,34.9,-36.604774,174.802597,5
esp32_device_001,2026-05-20T19:19:36+12:00,35.8,-36.604759,174.802597,5
esp32_device_001,2026-05-20T19:19:41+12:00,36,-36.604759,174.802597,5
esp32_device_001,2026-05-20T19:19:46+12:00,36.2,-36.604759,174.802597,5
esp32_device_001,2026-05-20T19:19:51+12:00,36.8,-36.604733,174.802582,5
esp32_device_001,2026-05-20T19:19:56+12:00,43.1,-36.604702,174.802582,5
esp32_device_001,2026-05-20T19:20:01+12:00,47.7,-36.604687,174.802582,5
esp32_device_001,2026-05-20T19:20:06+12:00,49.5,-36.604664,174.802582,5
esp32_device_001,2026-05-20T19:20:11+12:00,53.4,-36.604656,174.802582,5
esp32_device_001,2026-05-20T19:20:16+12:00,55.4,-36.604652,174.802582,5
esp32_device_001,2026-05-20T19:20:21+12:00,57,-36.604652,174.802582,5
esp32_device_001,2026-05-20T19:20:26+12:00,56.7,-36.604649,174.802582,5
esp32_device_001,2026-05-20T19:20:31+12:00,56.2,-36.604637,174.802597,5
esp32_device_001,2026-05-20T19:20:36+12:00,56.4,-36.604633,174.802597,5
esp32_device_001,2026-05-20T19:20:41+12:00,55.7,-36.604637,174.802612,5
esp32_device_001,2026-05-20T19:20:46+12:00,55.6,-36.604637,174.802612,5
esp32_device_001,2026-05-20T19:20:51+12:00,55.5,-36.604633,174.802612,5
esp32_device_001,2026-05-20T19:20:56+12:00,57,-36.60463,174.802597,5
esp32_device_001,2026-05-20T19:21:01+12:00,61.5,-36.604607,174.802582,5
esp32_device_001,2026-05-20T19:21:06+12:00,63.2,-36.604588,174.802597,5
esp32_device_001,2026-05-20T19:21:11+12:00,62.9,-36.604591,174.802597,5
esp32_device_001,2026-05-20T19:21:16+12:00,62.5,-36.604599,174.802582,5
esp32_device_001,2026-05-20T19:21:21+12:00,62.1,-36.60461,174.802582,5
esp32_device_001,2026-05-20T19:21:26+12:00,60.9,-36.604622,174.802582,5
esp32_device_001,2026-05-20T19:21:31+12:00,59.4,-36.604633,174.802582,5
esp32_device_001,2026-05-20T19:21:36+12:00,58.2,-36.604649,174.802582,5
esp32_device_001,2026-05-20T19:21:41+12:00,56.7,-36.60466,174.802582,5
esp32_device_001,2026-05-20T19:21:46+12:00,54.3,-36.604675,174.802582,5
esp32_device_001,2026-05-20T19:21:51+12:00,51.3,-36.604683,174.802582,5
esp32_device_001,2026-05-20T19:21:56+12:00,49.1,-36.604698,174.802597,5
esp32_device_001,2026-05-20T19:22:01+12:00,46.9,-36.604713,174.802597,5
esp32_device_001,2026-05-20T19:22:06+12:00,45.1,-36.604698,174.802612,5
esp32_device_001,2026-05-20T19:22:11+12:00,42.5,-36.604717,174.802628,5
esp32_device_001,2026-05-20T19:22:16+12:00,41.9,-36.604717,174.802628,5
esp32_device_001,2026-05-20T19:22:21+12:00,41.7,-36.604713,174.802628,5
esp32_device_001,2026-05-20T19:22:26+12:00,42.2,-36.604702,174.802612,5
esp32_device_001,2026-05-20T19:22:31+12:00,45,-36.604679,174.802597,5
esp32_device_001,2026-05-20T19:22:36+12:00,46.2,-36.604683,174.802582,5
esp32_device_001,2026-05-20T19:22:41+12:00,45.1,-36.60471,174.802567,5
esp32_device_001,2026-05-20T19:22:46+12:00,44.2,-36.604744,174.802551,5
esp32_device_001,2026-05-20T19:22:51+12:00,43.7,-36.604771,174.802567,5
esp32_device_001,2026-05-20T19:22:56+12:00,42.9,-36.604794,174.802551,5
esp32_device_001,2026-05-20T19:23:01+12:00,42.2,-36.604809,174.802551,5
esp32_device_001,2026-05-20T19:23:06+12:00,43.6,-36.604801,174.802551,5
esp32_device_001,2026-05-20T19:23:11+12:00,41.1,-36.604839,174.802567,5
esp32_device_001,2026-05-20T19:23:16+12:00,34,-36.604916,174.802612,5
esp32_device_001,2026-05-20T19:23:26+12:00,27.6,-36.604912,174.802567,5
esp32_device_001,2026-05-20T19:23:31+12:00,26.2,-36.604931,174.802567,5
esp32_device_001,2026-05-20T19:23:41+12:00,21.4,-36.604923,174.802567,5
esp32_device_001,2026-05-20T19:23:46+12:00,17.4,-36.604904,174.802567,5
esp32_device_001,2026-05-20T19:23:51+12:00,14.2,-36.604877,174.802551,5
esp32_device_001,2026-05-20T19:24:01+12:00,12.7,-36.604904,174.802567,5
esp32_device_001,2026-05-20T19:24:06+12:00,11.7,-36.604919,174.802582,5
esp32_device_001,2026-05-20T19:24:16+12:00,8.8,-36.604904,174.802567,5
esp32_device_001,2026-05-20T19:24:21+12:00,9.4,-36.604931,174.802582,5
esp32_device_001,2026-05-20T19:24:26+12:00,11.2,-36.604931,174.802582,5
esp32_device_001,2026-05-20T19:25:01+12:00,34.5,-36.604836,174.802551,5
esp32_device_001,2026-05-20T19:25:06+12:00,37.8,-36.604839,174.802551,5
esp32_device_001,2026-05-20T19:25:11+12:00,41.6,-36.604836,174.802551,5
esp32_device_001,2026-05-20T19:25:16+12:00,45.8,-36.604805,174.802582,5
esp32_device_001,2026-05-20T19:25:21+12:00,46.3,-36.604809,174.802582,5
esp32_device_001,2026-05-20T19:25:26+12:00,48.4,-36.604801,174.802597,5
esp32_device_001,2026-05-20T19:25:31+12:00,49.9,-36.604794,174.802597,5
esp32_device_001,2026-05-20T19:25:36+12:00,50.2,-36.604794,174.802597,5
esp32_device_001,2026-05-20T19:25:41+12:00,49.7,-36.604782,174.802612,5
esp32_device_001,2026-05-20T19:25:46+12:00,48.8,-36.604805,174.802597,5
esp32_device_001,2026-05-20T19:25:51+12:00,48.4,-36.604801,174.802582,5
esp32_device_001,2026-05-20T19:25:56+12:00,48.7,-36.60479,174.802582,5
esp32_device_001,2026-05-20T19:26:01+12:00,50,-36.60479,174.802567,5
esp32_device_001,2026-05-20T19:26:06+12:00,49.8,-36.604801,174.802551,5
esp32_device_001,2026-05-20T19:26:11+12:00,49.9,-36.604794,174.802551,5
esp32_device_001,2026-05-20T19:26:16+12:00,50.2,-36.604794,174.802536,5
esp32_device_001,2026-05-20T19:26:21+12:00,51.1,-36.604774,174.802567,5
esp32_device_001,2026-05-20T19:26:26+12:00,51.8,-36.604771,174.802551,5
esp32_device_001,2026-05-20T19:26:31+12:00,52.8,-36.604752,174.802567,5
esp32_device_001,2026-05-20T19:26:36+12:00,53.8,-36.604744,174.802567,5
esp32_device_001,2026-05-20T19:26:41+12:00,54.7,-36.604729,174.802567,5
esp32_device_001,2026-05-20T19:26:46+12:00,56,-36.604713,174.802567,5
esp32_device_001,2026-05-20T19:26:51+12:00,56.9,-36.604706,174.802582,5
esp32_device_001,2026-05-20T19:26:56+12:00,58,-36.604713,174.802567,5
esp32_device_001,2026-05-20T19:27:01+12:00,58.7,-36.604713,174.802567,5
esp32_device_001,2026-05-20T19:27:06+12:00,59.4,-36.60471,174.802567,5
esp32_device_001,2026-05-20T19:27:11+12:00,59.8,-36.60471,174.802551,5
esp32_device_001,2026-05-20T19:27:16+12:00,58.6,-36.604729,174.802536,5
esp32_device_001,2026-05-20T19:27:21+12:00,57.6,-36.604729,174.802551,5
esp32_device_001,2026-05-20T19:27:26+12:00,56.9,-36.604721,174.802551,5
esp32_device_001,2026-05-20T19:27:31+12:00,56.5,-36.604725,174.802551,5
esp32_device_001,2026-05-20T19:27:36+12:00,55.4,-36.604748,174.802536,5
esp32_device_001,2026-05-20T19:27:41+12:00,54.7,-36.604752,174.802536,5
esp32_device_001,2026-05-20T19:27:46+12:00,54.9,-36.604748,174.802536,5
esp32_device_001,2026-05-20T19:27:51+12:00,54.6,-36.60474,174.802536,5
esp32_device_001,2026-05-20T19:27:56+12:00,51.6,-36.604763,174.802536,5
esp32_device_001,2026-05-20T19:28:01+12:00,52.4,-36.604767,174.802536,5
esp32_device_001,2026-05-20T19:28:06+12:00,50.5,-36.604774,174.802551,5
esp32_device_001,2026-05-20T19:28:11+12:00,46.6,-36.604786,174.802567,5
esp32_device_001,2026-05-20T19:28:31+12:00,45.7,-36.604782,174.802567,5
esp32_device_001,2026-05-20T19:28:36+12:00,46.4,-36.604782,174.802567,5
esp32_device_001,2026-05-20T19:29:05+12:00,44.6,-36.60479,174.802582,5
esp32_device_001,2026-05-20T19:29:10+12:00,46.2,-36.604774,174.802567,5
esp32_device_001,2026-05-20T19:29:15+12:00,47.4,-36.604767,174.802567,5
esp32_device_001,2026-05-20T19:29:20+12:00,48.1,-36.604763,174.802567,5
esp32_device_001,2026-05-20T19:29:25+12:00,48.6,-36.604767,174.802567,5
esp32_device_001,2026-05-20T19:29:30+12:00,50.4,-36.604767,174.802567,5
esp32_device_001,2026-05-20T19:29:35+12:00,51,-36.604767,174.802551,5
esp32_device_001,2026-05-20T19:29:40+12:00,51.6,-36.604767,174.802551,5
esp32_device_001,2026-05-20T19:29:45+12:00,51.9,-36.604771,174.802551,5
esp32_device_001,2026-05-20T19:29:50+12:00,52.2,-36.604759,174.802551,5
esp32_device_001,2026-05-20T19:29:55+12:00,53.6,-36.604752,174.802551,5
esp32_device_001,2026-05-20T19:30:00+12:00,55.1,-36.60474,174.802551,5
esp32_device_001,2026-05-20T19:30:05+12:00,55.5,-36.604744,174.802551,5
esp32_device_001,2026-05-20T19:30:10+12:00,54.8,-36.604736,174.802551,5
esp32_device_001,2026-05-20T19:30:15+12:00,53.6,-36.604752,174.802551,5
esp32_device_001,2026-05-20T19:30:20+12:00,53.6,-36.604755,174.802551,5
esp32_device_001,2026-05-20T19:30:25+12:00,53.6,-36.604778,174.802551,5
esp32_device_001,2026-05-20T19:30:30+12:00,53.7,-36.60479,174.802536,5
esp32_device_001,2026-05-20T19:30:35+12:00,54.2,-36.604782,174.802551,5
esp32_device_001,2026-05-20T19:30:40+12:00,54.8,-36.604771,174.802551,5
esp32_device_001,2026-05-20T19:30:45+12:00,56,-36.604771,174.802551,5
esp32_device_001,2026-05-20T19:30:50+12:00,59.3,-36.604805,174.802521,5
esp32_device_001,2026-05-20T19:30:55+12:00,58.9,-36.604816,174.802521,5
esp32_device_001,2026-05-20T19:31:00+12:00,58,-36.604813,174.802521,5
esp32_device_001,2026-05-20T19:31:05+12:00,54.6,-36.604794,174.802551,5
esp32_device_001,2026-05-20T19:31:10+12:00,53.9,-36.604782,174.802567,5
esp32_device_001,2026-05-20T19:31:15+12:00,51.8,-36.604778,174.802567,5
esp32_device_001,2026-05-20T19:31:20+12:00,46.8,-36.604786,174.802597,5
esp32_device_001,2026-05-20T19:31:25+12:00,43.8,-36.604786,174.802612,5
esp32_device_001,2026-05-20T19:31:30+12:00,46.7,-36.604774,174.802612,5
esp32_device_001,2026-05-20T19:31:35+12:00,46.3,-36.604752,174.802628,5
esp32_device_001,2026-05-20T19:31:40+12:00,43.8,-36.604736,174.802643,5
esp32_device_001,2026-05-20T19:31:45+12:00,41.7,-36.604725,174.802673,5
esp32_device_001,2026-05-20T19:31:50+12:00,38.2,-36.604748,174.802673,5
esp32_device_001,2026-05-20T19:31:55+12:00,37.2,-36.604759,174.802673,5
esp32_device_001,2026-05-20T19:32:00+12:00,35.9,-36.604748,174.802689,5
esp32_device_001,2026-05-20T19:32:05+12:00,36.1,-36.604752,174.802689,5
esp32_device_001,2026-05-20T19:32:10+12:00,35.2,-36.604759,174.802673,5
esp32_device_001,2026-05-20T19:32:15+12:00,33.4,-36.604778,174.802673,5
esp32_device_001,2026-05-20T19:32:20+12:00,33,-36.604778,174.802673,5
esp32_device_001,2026-05-20T19:32:25+12:00,33.3,-36.604794,174.802658,5
esp32_device_001,2026-05-20T19:32:30+12:00,33.1,-36.604801,174.802643,5
esp32_device_001,2026-05-20T19:32:35+12:00,32.5,-36.60479,174.802628,5
esp32_device_001,2026-05-20T19:32:40+12:00,31.2,-36.60479,174.802612,5
esp32_device_001,2026-05-20T19:32:45+12:00,30.2,-36.604809,174.802597,5
esp32_device_001,2026-05-20T19:32:50+12:00,28.2,-36.604816,174.802582,5
esp32_device_001,2026-05-20T19:32:55+12:00,26.2,-36.604832,174.802567,5
esp32_device_001,2026-05-20T19:33:00+12:00,23.3,-36.60482,174.802582,5
esp32_device_001,2026-05-20T19:33:05+12:00,19.8,-36.604805,174.802628,5
esp32_device_001,2026-05-20T19:33:10+12:00,18,-36.604774,174.802673,5
esp32_device_001,2026-05-20T19:33:15+12:00,17.6,-36.60479,174.802673,5
esp32_device_001,2026-05-20T19:33:20+12:00,17.3,-36.604801,174.802673,5
esp32_device_001,2026-05-20T19:33:25+12:00,18.1,-36.604813,174.802673,5
esp32_device_001,2026-05-20T19:33:30+12:00,21,-36.604809,174.802673,5
esp32_device_001,2026-05-20T19:33:35+12:00,24.3,-36.60482,174.802673,5
esp32_device_001,2026-05-20T19:33:40+12:00,25.9,-36.604832,174.802658,5
esp32_device_001,2026-05-20T19:33:45+12:00,25.7,-36.604847,174.802658,5
esp32_device_001,2026-05-20T19:33:50+12:00,24.6,-36.604843,174.802673,5
esp32_device_001,2026-05-20T19:36:15+12:00,111.2,-36.604607,174.80249,5
esp32_device_001,2026-05-20T19:36:20+12:00,123.4,-36.604549,174.802475,5
esp32_device_001,2026-05-20T19:36:25+12:00,135.9,-36.6045,174.80246,5
esp32_device_001,2026-05-20T19:36:30+12:00,144.8,-36.604485,174.802429,5
esp32_device_001,2026-05-20T19:36:35+12:00,145.1,-36.604507,174.802399,5
esp32_device_001,2026-05-20T19:36:40+12:00,134.6,-36.604568,174.802414,5
esp32_device_001,2026-05-20T19:36:45+12:00,126.2,-36.60461,174.802399,5
esp32_device_001,2026-05-20T19:36:50+12:00,116.8,-36.604618,174.802414,5
esp32_device_001,2026-05-20T19:36:55+12:00,109.7,-36.604645,174.802429,5
esp32_device_001,2026-05-20T19:37:00+12:00,103.1,-36.604652,174.802444,5
esp32_device_001,2026-05-20T19:37:05+12:00,97.7,-36.604671,174.80246,5
esp32_device_001,2026-05-20T19:37:10+12:00,93.1,-36.604675,174.802475,5
esp32_device_001,2026-05-20T19:37:15+12:00,87.8,-36.604675,174.802505,5
esp32_device_001,2026-05-20T19:37:20+12:00,81.9,-36.604687,174.802521,5
esp32_device_001,2026-05-20T19:37:25+12:00,76.6,-36.604687,174.802536,5
esp32_device_001,2026-05-20T19:37:30+12:00,72.8,-36.604698,174.802536,5
esp32_device_001,2026-05-20T19:37:35+12:00,69.3,-36.604698,174.802536,5
esp32_device_001,2026-05-20T19:37:40+12:00,66.2,-36.604691,174.802551,5
esp32_device_001,2026-05-20T19:37:45+12:00,63.3,-36.604694,174.802536,5
esp32_device_001,2026-05-20T19:37:50+12:00,60.5,-36.60471,174.802521,5
esp32_device_001,2026-05-20T19:37:55+12:00,58,-36.60471,174.802521,5
esp32_device_001,2026-05-20T19:38:00+12:00,55.8,-36.60471,174.802521,5
esp32_device_001,2026-05-20T19:38:05+12:00,54.8,-36.604721,174.802551,5
esp32_device_001,2026-05-20T19:38:10+12:00,54.2,-36.604729,174.802551,5
esp32_device_001,2026-05-20T19:38:15+12:00,53,-36.604733,174.802567,5
esp32_device_001,2026-05-20T19:38:20+12:00,51.4,-36.60474,174.802567,5
esp32_device_001,2026-05-20T19:38:25+12:00,49.9,-36.604748,174.802567,5
esp32_device_001,2026-05-20T19:38:30+12:00,48.9,-36.604755,174.802551,5
esp32_device_001,2026-05-20T19:38:35+12:00,47.7,-36.604774,174.802551,5
esp32_device_001,2026-05-20T19:38:40+12:00,46.7,-36.604786,174.802536,5
esp32_device_001,2026-05-20T19:38:45+12:00,46.4,-36.604778,174.802551,5
esp32_device_001,2026-05-20T19:38:50+12:00,46.1,-36.604778,174.802567,5
esp32_device_001,2026-05-20T19:41:48+12:00,42.2,-36.604797,174.802658,5
esp32_device_001,2026-05-20T19:41:53+12:00,41.1,-36.604778,174.802689,5
esp32_device_001,2026-05-20T19:41:58+12:00,39.8,-36.604771,174.802704,5
esp32_device_001,2026-05-20T19:42:03+12:00,39.6,-36.604771,174.802719,5
esp32_device_001,2026-05-20T19:42:08+12:00,37,-36.604778,174.802719,5
esp32_device_001,2026-05-20T19:42:13+12:00,34.9,-36.604794,174.802689,5
esp32_device_001,2026-05-20T19:42:18+12:00,33,-36.60479,174.802673,5
esp32_device_001,2026-05-20T19:42:23+12:00,33.5,-36.604794,174.802658,5
esp32_device_001,2026-05-20T19:42:28+12:00,35.1,-36.604782,174.802643,5
esp32_device_001,2026-05-20T19:42:33+12:00,35.9,-36.604774,174.802628,5
esp32_device_001,2026-05-20T19:42:38+12:00,36.5,-36.604771,174.802597,5
esp32_device_001,2026-05-20T19:42:43+12:00,36.9,-36.604767,174.802597,5
esp32_device_001,2026-05-20T19:42:48+12:00,38.2,-36.604763,174.802597,5
esp32_device_001,2026-05-20T19:42:53+12:00,38.7,-36.604763,174.802597,5
esp32_device_001,2026-05-20T19:42:58+12:00,38.1,-36.604771,174.802612,5
esp32_device_001,2026-05-20T19:43:03+12:00,37.9,-36.604771,174.802612,5
esp32_device_001,2026-05-20T19:43:08+12:00,37.9,-36.604778,174.802597,5
esp32_device_001,2026-05-20T19:43:13+12:00,38.4,-36.604778,174.802612,5
esp32_device_001,2026-05-20T19:43:18+12:00,39.2,-36.604771,174.802612,5
esp32_device_001,2026-05-20T19:43:23+12:00,40.7,-36.604759,174.802597,5
esp32_device_001,2026-05-20T19:43:28+12:00,43,-36.604752,174.802612,5
esp32_device_001,2026-05-20T19:43:33+12:00,45.6,-36.60474,174.802628,5
esp32_device_001,2026-05-20T19:43:38+12:00,48.4,-36.604733,174.802628,5
esp32_device_001,2026-05-20T19:43:43+12:00,49.7,-36.604725,174.802628,5
esp32_device_001,2026-05-20T19:43:48+12:00,50.2,-36.604725,174.802612,5
esp32_device_001,2026-05-20T19:45:28+12:00,55.2,-36.60471,174.80249,5
esp32_device_001,2026-05-20T19:45:33+12:00,55.7,-36.604706,174.80249,5
esp32_device_001,2026-05-20T19:45:38+12:00,55.1,-36.60471,174.80249,5
esp32_device_001,2026-05-20T19:45:43+12:00,54,-36.604721,174.80249,5
esp32_device_001,2026-05-20T19:45:48+12:00,53,-36.604733,174.80249,5
esp32_device_001,2026-05-20T19:45:53+12:00,51.7,-36.604744,174.80249,5
esp32_device_001,2026-05-20T19:45:58+12:00,51,-36.60474,174.802505,5
esp32_device_001,2026-05-20T19:46:03+12:00,49.7,-36.604748,174.802521,5
esp32_device_001,2026-05-20T19:46:08+12:00,48.8,-36.60474,174.802536,5
esp32_device_001,2026-05-20T19:46:13+12:00,46,-36.604752,174.802551,5
esp32_device_001,2026-05-20T19:46:18+12:00,43.4,-36.604755,174.802567,5
esp32_device_001,2026-05-20T19:46:23+12:00,41.4,-36.604759,174.802582,5
esp32_device_001,2026-05-20T19:46:28+12:00,39.3,-36.604767,174.802597,5
esp32_device_001,2026-05-20T19:46:33+12:00,37.5,-36.604778,174.802582,5
esp32_device_001,2026-05-20T19:46:38+12:00,36,-36.604794,174.802582,5
esp32_device_001,2026-05-20T19:46:43+12:00,34.8,-36.604797,174.802582,5
esp32_device_001,2026-05-20T19:46:48+12:00,33.8,-36.60479,174.802597,5
esp32_device_001,2026-05-20T19:46:53+12:00,33.5,-36.60479,174.802597,5
esp32_device_001,2026-05-20T19:46:58+12:00,33.5,-36.604786,174.802582,5
esp32_device_001,2026-05-20T19:47:03+12:00,34,-36.604786,174.802567,5
esp32_device_001,2026-05-20T19:47:08+12:00,33.9,-36.60479,174.802567,5
esp32_device_001,2026-05-20T19:47:13+12:00,32.6,-36.604778,174.802567,5
esp32_device_001,2026-05-20T19:47:18+12:00,31.9,-36.604786,174.802567,5
esp32_device_001,2026-05-20T19:47:23+12:00,30.8,-36.60479,174.802551,5
esp32_device_001,2026-05-20T19:47:28+12:00,29.9,-36.604809,174.802567,5
esp32_device_001,2026-05-20T19:47:33+12:00,28.8,-36.60482,174.802582,5
esp32_device_001,2026-05-20T19:47:38+12:00,27,-36.604836,174.802597,5
esp32_device_001,2026-05-20T19:47:43+12:00,26.3,-36.604832,174.802597,5
esp32_device_001,2026-05-20T19:47:48+12:00,25.2,-36.604832,174.802597,5
esp32_device_001,2026-05-20T19:47:53+12:00,24.3,-36.604836,174.802597,5
esp32_device_001,2026-05-20T19:47:58+12:00,23.5,-36.604851,174.802597,5
esp32_device_001,2026-05-20T19:48:03+12:00,21.8,-36.604858,174.802612,5
esp32_device_001,2026-05-20T19:48:08+12:00,20.6,-36.604855,174.802612,5
esp32_device_001,2026-05-20T19:48:13+12:00,20.7,-36.604862,174.802628,5
esp32_device_001,2026-05-20T19:48:18+12:00,20.6,-36.604862,174.802628,5
esp32_device_001,2026-05-20T19:48:23+12:00,20.6,-36.60487,174.802628,5
esp32_device_001,2026-05-20T19:48:28+12:00,21.7,-36.60487,174.802628,5
esp32_device_001,2026-05-20T19:48:33+12:00,22.6,-36.60487,174.802628,5
esp32_device_001,2026-05-20T19:48:38+12:00,22.8,-36.604874,174.802643,5
esp32_device_001,2026-05-20T19:48:43+12:00,22.7,-36.604877,174.802643,5
esp32_device_001,2026-05-20T19:48:48+12:00,23.1,-36.604881,174.802643,5
esp32_device_001,2026-05-20T19:49:13+12:00,22.2,-36.604847,174.802628,5
esp32_device_001,2026-05-20T19:49:18+12:00,23.9,-36.604836,174.802612,5
esp32_device_001,2026-05-20T19:49:23+12:00,25.8,-36.60482,174.802597,5
esp32_device_001,2026-05-20T19:49:28+12:00,26.8,-36.604809,174.802582,5
esp32_device_001,2026-05-20T19:49:33+12:00,27.7,-36.604813,174.802582,5
esp32_device_001,2026-05-20T19:49:38+12:00,27.7,-36.604816,174.802582,5
esp32_device_001,2026-05-20T19:49:43+12:00,28.7,-36.604832,174.802567,5
esp32_device_001,2026-05-20T19:49:48+12:00,28.8,-36.604828,174.802582,5
esp32_device_001,2026-05-20T19:49:53+12:00,29.5,-36.604816,174.802597,5
esp32_device_001,2026-05-20T19:49:58+12:00,29.5,-36.60482,174.802597,5
esp32_device_001,2026-05-20T19:50:03+12:00,29.9,-36.604816,174.802582,5
esp32_device_001,2026-05-20T19:50:08+12:00,30.1,-36.604824,174.802597,5
esp32_device_001,2026-05-20T19:50:13+12:00,30.7,-36.604816,174.802597,5
esp32_device_001,2026-05-20T19:50:18+12:00,30.7,-36.604816,174.802582,5
esp32_device_001,2026-05-20T19:50:23+12:00,29.8,-36.60482,174.802582,5
esp32_device_001,2026-05-20T19:50:28+12:00,32.1,-36.604805,174.802597,5
esp32_device_001,2026-05-20T19:50:33+12:00,34.5,-36.604794,174.802597,5
esp32_device_001,2026-05-20T19:50:38+12:00,36.2,-36.604805,174.802582,5
esp32_device_001,2026-05-20T19:50:43+12:00,38.4,-36.604801,174.802582,5
esp32_device_001,2026-05-20T19:50:48+12:00,37.2,-36.604778,174.802597,5
esp32_device_001,2026-05-20T19:50:53+12:00,33.4,-36.604763,174.802612,5
esp32_device_001,2026-05-20T19:50:58+12:00,31.4,-36.604774,174.802628,5
esp32_device_001,2026-05-20T19:51:03+12:00,28.7,-36.604771,174.802628,5
esp32_device_001,2026-05-20T19:51:08+12:00,24.7,-36.604767,174.802643,5
esp32_device_001,2026-05-20T19:51:13+12:00,20.3,-36.604778,174.802643,5
esp32_device_001,2026-05-20T19:51:18+12:00,18.6,-36.604782,174.802643,5
esp32_device_001,2026-05-20T19:51:23+12:00,19.1,-36.604797,174.802628,5
esp32_device_001,2026-05-20T19:51:28+12:00,17.9,-36.604805,174.802628,5
esp32_device_001,2026-05-20T19:51:33+12:00,17.2,-36.604813,174.802612,5
esp32_device_001,2026-05-20T19:51:38+12:00,14.9,-36.60479,174.802643,5
esp32_device_001,2026-05-20T19:51:43+12:00,12.5,-36.604778,174.802643,5
esp32_device_001,2026-05-20T19:51:48+12:00,9.6,-36.604794,174.802643,5
esp32_device_001,2026-05-20T19:51:53+12:00,6.2,-36.604809,174.802643,5
esp32_device_001,2026-05-20T19:51:58+12:00,4.3,-36.60482,174.802658,5
esp32_device_001,2026-05-20T19:52:03+12:00,6.4,-36.604816,174.802658,5
esp32_device_001,2026-05-20T19:52:08+12:00,11,-36.604816,174.802643,5
esp32_device_001,2026-05-20T19:52:13+12:00,16.4,-36.604809,174.802628,5
esp32_device_001,2026-05-20T19:52:18+12:00,21.3,-36.604805,174.802628,5
esp32_device_001,2026-05-20T19:52:23+12:00,25.8,-36.604801,174.802612,5
esp32_device_001,2026-05-20T19:52:28+12:00,30.8,-36.604816,174.802612,5
esp32_device_001,2026-05-20T19:52:33+12:00,35.1,-36.604813,174.802628,5
esp32_device_001,2026-05-20T19:52:38+12:00,38.6,-36.604805,174.802612,5
esp32_device_001,2026-05-20T19:52:43+12:00,39.2,-36.60479,174.802612,5
esp32_device_001,2026-05-20T19:52:48+12:00,37.1,-36.604771,174.802612,5
esp32_device_001,2026-05-20T19:52:53+12:00,37.9,-36.604767,174.802597,5
esp32_device_001,2026-05-20T19:52:58+12:00,38.9,-36.604748,174.802582,5
esp32_device_001,2026-05-20T19:53:03+12:00,39,-36.604748,174.802567,5
esp32_device_001,2026-05-20T19:53:08+12:00,38.7,-36.604748,174.802582,5
esp32_device_001,2026-05-20T19:53:13+12:00,37.6,-36.604752,174.802582,5
esp32_device_001,2026-05-20T19:53:18+12:00,37.5,-36.604752,174.802582,5
esp32_device_001,2026-05-20T19:53:23+12:00,37.7,-36.60474,174.802567,5
esp32_device_001,2026-05-20T19:53:28+12:00,39.1,-36.604744,174.802551,5
esp32_device_001,2026-05-20T19:53:33+12:00,40,-36.60474,174.802536,5
esp32_device_001,2026-05-20T19:53:38+12:00,41.4,-36.604752,174.802536,5
esp32_device_001,2026-05-20T19:53:43+12:00,42.5,-36.604767,174.802536,5
esp32_device_001,2026-05-20T19:53:48+12:00,43.4,-36.604755,174.802551,5
esp32_device_001,2026-05-20T19:53:53+12:00,43.8,-36.60474,174.802567,5
esp32_device_001,2026-05-20T19:53:58+12:00,43.3,-36.604763,174.802567,5
esp32_device_001,2026-05-20T19:54:03+12:00,42.1,-36.604774,174.802567,5
esp32_device_001,2026-05-20T19:54:08+12:00,39.7,-36.60479,174.802567,5
esp32_device_001,2026-05-20T19:54:13+12:00,35.7,-36.604801,174.802582,5
esp32_device_001,2026-05-20T19:54:18+12:00,31,-36.604797,174.802597,5
esp32_device_001,2026-05-20T19:54:23+12:00,29.7,-36.604801,174.802597,5
esp32_device_001,2026-05-20T19:54:28+12:00,27.9,-36.604824,174.802597,5
esp32_device_001,2026-05-20T19:54:33+12:00,28.2,-36.604824,174.802597,5
esp32_device_001,2026-05-20T19:54:38+12:00,29.6,-36.604816,174.802582,5
esp32_device_001,2026-05-20T19:54:43+12:00,31.5,-36.604801,174.802582,5
esp32_device_001,2026-05-20T19:54:48+12:00,33.9,-36.604771,174.802597,5
esp32_device_001,2026-05-20T19:54:53+12:00,33.5,-36.604774,174.802597,5
esp32_device_001,2026-05-20T19:54:58+12:00,32.3,-36.604759,174.802612,5
esp32_device_001,2026-05-20T19:55:03+12:00,34.6,-36.604752,174.802597,5
esp32_device_001,2026-05-20T19:55:08+12:00,36.5,-36.604748,174.802597,5
esp32_device_001,2026-05-20T19:55:13+12:00,37.5,-36.604744,174.802597,5
esp32_device_001,2026-05-20T19:55:18+12:00,34.8,-36.604729,174.802612,5
esp32_device_001,2026-05-20T19:55:23+12:00,32.2,-36.604748,174.802628,5
esp32_device_001,2026-05-20T19:55:28+12:00,29.4,-36.604748,174.802643,5
esp32_device_001,2026-05-20T19:55:33+12:00,29.7,-36.604744,174.802643,5
esp32_device_001,2026-05-20T19:55:38+12:00,24.3,-36.604809,174.802643,5
esp32_device_001,2026-05-20T19:55:43+12:00,16.5,-36.604908,174.802643,5
esp32_device_001,2026-05-20T19:55:48+12:00,14.9,-36.604946,174.802628,5
esp32_device_001,2026-05-20T19:55:53+12:00,15.8,-36.604923,174.802643,5
esp32_device_001,2026-05-20T19:55:58+12:00,18.2,-36.6049,174.802643,5
esp32_device_001,2026-05-20T19:56:03+12:00,18.5,-36.604881,174.802658,5
esp32_device_001,2026-05-20T19:56:08+12:00,17.6,-36.604862,174.802658,5
esp32_device_001,2026-05-20T19:56:13+12:00,15.4,-36.604874,174.802658,5
esp32_device_001,2026-05-20T19:56:18+12:00,14.2,-36.60487,174.802673,5
esp32_device_001,2026-05-20T19:56:23+12:00,13.6,-36.604862,174.802673,5
esp32_device_001,2026-05-20T19:56:28+12:00,11.6,-36.604855,174.802689,5
esp32_device_001,2026-05-20T19:56:33+12:00,11.4,-36.604839,174.802689,5
esp32_device_001,2026-05-20T19:56:38+12:00,11,-36.604824,174.802704,5
esp32_device_001,2026-05-20T19:56:43+12:00,11.2,-36.60482,174.802704,5
esp32_device_001,2026-05-20T19:56:48+12:00,12,-36.604813,174.802689,5
esp32_device_001,2026-05-20T19:56:53+12:00,13,-36.604805,174.802689,5
esp32_device_001,2026-05-20T19:56:58+12:00,12.4,-36.604797,174.802689,5
esp32_device_001,2026-05-20T19:57:03+12:00,12.2,-36.604801,174.802689,5
esp32_device_001,2026-05-20T19:57:08+12:00,12.4,-36.604805,174.802689,5
esp32_device_001,2026-05-20T19:57:13+12:00,13.4,-36.604809,174.802673,5
esp32_device_001,2026-05-20T19:57:18+12:00,15.2,-36.604805,174.802673,5
esp32_device_001,2026-05-20T19:57:23+12:00,15.6,-36.604809,174.802673,5
esp32_device_001,2026-05-20T19:57:28+12:00,16.6,-36.604801,174.802673,5
esp32_device_001,2026-05-20T19:57:33+12:00,16.4,-36.604801,174.802658,5
esp32_device_001,2026-05-20T19:57:38+12:00,16.8,-36.604813,174.802658,5
esp32_device_001,2026-05-20T19:57:43+12:00,18,-36.604816,174.802643,5
esp32_device_001,2026-05-20T19:57:48+12:00,19.7,-36.604828,174.802628,5
esp32_device_001,2026-05-20T19:57:53+12:00,21.4,-36.604839,174.802628,5
esp32_device_001,2026-05-20T19:57:58+12:00,23.8,-36.604836,174.802628,5
esp32_device_001,2026-05-20T19:58:03+12:00,26.6,-36.604836,174.802612,5
esp32_device_001,2026-05-20T19:58:08+12:00,30.3,-36.604843,174.802582,5
esp32_device_001,2026-05-20T19:58:13+12:00,32.1,-36.604851,174.802567,5
esp32_device_001,2026-05-20T19:58:18+12:00,33.3,-36.604851,174.802567,5
esp32_device_001,2026-05-20T19:58:23+12:00,34.2,-36.604836,174.802567,5
esp32_device_001,2026-05-20T19:58:28+12:00,35.2,-36.604816,174.802567,5
esp32_device_001,2026-05-20T19:58:33+12:00,35.3,-36.604809,174.802567,5
esp32_device_001,2026-05-20T19:58:38+12:00,35.1,-36.604809,174.802567,5
esp32_device_001,2026-05-20T19:58:43+12:00,34.5,-36.604813,174.802567,5
esp32_device_001,2026-05-20T19:58:48+12:00,35.1,-36.604794,174.802567,5
esp32_device_001,2026-05-20T19:59:19+12:00,31.8,-36.604801,174.802582,5
esp32_device_001,2026-05-20T19:59:24+12:00,32.4,-36.604794,174.802597,5
esp32_device_001,2026-05-20T19:59:29+12:00,33.2,-36.604797,174.802597,5
esp32_device_001,2026-05-20T19:59:34+12:00,35.2,-36.604774,174.802612,5
esp32_device_001,2026-05-20T19:59:39+12:00,36.6,-36.604763,174.802612,5
esp32_device_001,2026-05-20T19:59:44+12:00,36.9,-36.604767,174.802612,5
esp32_device_001,2026-05-20T19:59:49+12:00,37.3,-36.604786,174.802612,5
esp32_device_001,2026-05-20T19:59:54+12:00,40.8,-36.604752,174.802628,5
esp32_device_001,2026-05-20T19:59:59+12:00,45.5,-36.60471,174.802643,5
esp32_device_001,2026-05-20T20:00:04+12:00,48.8,-36.604683,174.802658,5
esp32_device_001,2026-05-20T20:00:09+12:00,51.5,-36.604675,174.802658,5
esp32_device_001,2026-05-20T20:00:14+12:00,53.7,-36.60466,174.802658,5
esp32_device_001,2026-05-20T20:00:19+12:00,55.2,-36.604637,174.802658,5
esp32_device_001,2026-05-20T20:00:24+12:00,55.5,-36.604649,174.802628,5
esp32_device_001,2026-05-20T20:00:29+12:00,55.4,-36.604645,174.802628,5
esp32_device_001,2026-05-20T20:00:34+12:00,57.6,-36.604626,174.802612,5
esp32_device_001,2026-05-20T20:00:39+12:00,57.3,-36.604614,174.802612,5
esp32_device_001,2026-05-20T20:00:44+12:00,56.3,-36.60461,174.802612,5
esp32_device_001,2026-05-20T20:00:49+12:00,56.8,-36.604618,174.802597,5
esp32_device_001,2026-05-20T20:00:54+12:00,58,-36.604622,174.802582,5
esp32_device_001,2026-05-20T20:00:59+12:00,57.1,-36.604664,174.802567,5
esp32_device_001,2026-05-20T20:01:04+12:00,55.1,-36.604694,174.802551,5
esp32_device_001,2026-05-20T20:01:09+12:00,54.8,-36.604706,174.802551,5
esp32_device_001,2026-05-20T20:01:14+12:00,54.5,-36.604702,174.802551,5
esp32_device_001,2026-05-20T20:01:19+12:00,54.8,-36.604698,174.802551,5
esp32_device_001,2026-05-20T20:01:24+12:00,55.5,-36.604706,174.802551,5
esp32_device_001,2026-05-20T20:01:29+12:00,56.2,-36.604713,174.802551,5
esp32_device_001,2026-05-20T20:01:34+12:00,55.2,-36.604717,174.802567,5
esp32_device_001,2026-05-20T20:01:39+12:00,53.9,-36.604729,174.802567,5
esp32_device_001,2026-05-20T20:01:44+12:00,53.9,-36.604721,174.802567,5
esp32_device_001,2026-05-20T20:01:49+12:00,53.1,-36.60474,174.802567,5
esp32_device_001,2026-05-20T20:01:54+12:00,52.5,-36.604748,174.802567,5
esp32_device_001,2026-05-20T20:01:59+12:00,51.7,-36.60474,174.802567,5
esp32_device_001,2026-05-20T20:02:04+12:00,50.5,-36.60474,174.802567,5
esp32_device_001,2026-05-20T20:02:09+12:00,50.5,-36.604733,174.802582,5
esp32_device_001,2026-05-20T20:02:14+12:00,49.5,-36.604725,174.802582,5
esp32_device_001,2026-05-20T20:02:19+12:00,48.7,-36.604733,174.802582,5
esp32_device_001,2026-05-20T20:02:24+12:00,47.2,-36.604736,174.802597,5
esp32_device_001,2026-05-20T20:02:29+12:00,44.8,-36.604748,174.802597,5
esp32_device_001,2026-05-20T20:02:34+12:00,42.6,-36.604755,174.802597,5
esp32_device_001,2026-05-20T20:02:39+12:00,40.4,-36.604755,174.802597,5
esp32_device_001,2026-05-20T20:02:44+12:00,38.4,-36.604752,174.802597,5
esp32_device_001,2026-05-20T20:02:49+12:00,36.6,-36.604774,174.802612,5
esp32_device_001,2026-05-20T20:02:54+12:00,33.9,-36.60479,174.802612,5
esp32_device_001,2026-05-20T20:02:59+12:00,30.8,-36.604816,174.802612,5
esp32_device_001,2026-05-20T20:03:04+12:00,27.5,-36.604813,174.802628,5
esp32_device_001,2026-05-20T20:03:09+12:00,23.6,-36.604828,174.802612,5
esp32_device_001,2026-05-20T20:03:14+12:00,21.1,-36.604836,174.802612,5
esp32_device_001,2026-05-20T20:03:19+12:00,19.2,-36.604832,174.802612,5
esp32_device_001,2026-05-20T20:03:24+12:00,19.3,-36.604824,174.802628,5
esp32_device_001,2026-05-20T20:03:29+12:00,16.9,-36.604836,174.802628,5
esp32_device_001,2026-05-20T20:03:34+12:00,12.9,-36.604847,174.802628,5
esp32_device_001,2026-05-20T20:03:39+12:00,10.6,-36.604855,174.802628,5
esp32_device_001,2026-05-20T20:03:44+12:00,9,-36.604858,174.802628,5
esp32_device_001,2026-05-20T20:03:49+12:00,6.1,-36.604862,174.802612,5
esp32_device_001,2026-05-20T20:05:00+12:00,29.7,-36.604763,174.802612,5
esp32_device_001,2026-05-20T20:05:05+12:00,34.5,-36.604759,174.802612,5
esp32_device_001,2026-05-20T20:05:10+12:00,39,-36.604744,174.802612,5
esp32_device_001,2026-05-20T20:05:15+12:00,42.7,-36.604736,174.802612,5
esp32_device_001,2026-05-20T20:05:20+12:00,44.6,-36.604733,174.802612,5
esp32_device_001,2026-05-20T20:05:25+12:00,46,-36.604748,174.802597,5
esp32_device_001,2026-05-20T20:05:30+12:00,46,-36.604733,174.802597,5
esp32_device_001,2026-05-20T20:05:35+12:00,46.9,-36.60474,174.802612,5
esp32_device_001,2026-05-20T20:05:40+12:00,47.9,-36.604729,174.802628,5
esp32_device_001,2026-05-20T20:05:45+12:00,50.4,-36.604706,174.802628,5
esp32_device_001,2026-05-20T20:05:50+12:00,52.1,-36.604698,174.802628,5
esp32_device_001,2026-05-20T20:05:55+12:00,53,-36.604721,174.802628,5
esp32_device_001,2026-05-20T20:06:00+12:00,53.5,-36.604725,174.802628,5
esp32_device_001,2026-05-20T20:06:05+12:00,52.7,-36.604721,174.802628,5
esp32_device_001,2026-05-20T20:06:10+12:00,51.1,-36.604729,174.802612,5
esp32_device_001,2026-05-20T20:06:15+12:00,48,-36.604744,174.802597,5
esp32_device_001,2026-05-20T20:06:20+12:00,47.7,-36.604763,174.802582,5
esp32_device_001,2026-05-20T20:06:25+12:00,47.8,-36.604755,174.802582,5
esp32_device_001,2026-05-20T20:06:30+12:00,49.4,-36.604763,174.802582,5
esp32_device_001,2026-05-20T20:06:35+12:00,50.8,-36.604763,174.802582,5
esp32_device_001,2026-05-20T20:06:40+12:00,50.7,-36.604767,174.802582,5
esp32_device_001,2026-05-20T20:06:45+12:00,51,-36.604755,174.802582,5
esp32_device_001,2026-05-20T20:06:50+12:00,51.1,-36.604733,174.802582,5
esp32_device_001,2026-05-20T20:06:55+12:00,51.2,-36.604736,174.802582,5
esp32_device_001,2026-05-20T20:07:00+12:00,51.8,-36.604736,174.802582,5
esp32_device_001,2026-05-20T20:07:05+12:00,52,-36.604752,174.802582,5
esp32_device_001,2026-05-20T20:07:10+12:00,52,-36.604778,174.802567,5
esp32_device_001,2026-05-20T20:07:15+12:00,51.4,-36.604778,174.802567,5
esp32_device_001,2026-05-20T20:07:20+12:00,51.6,-36.604763,174.802567,5
esp32_device_001,2026-05-20T20:07:25+12:00,51.8,-36.604755,174.802567,5
esp32_device_001,2026-05-20T20:07:30+12:00,52.4,-36.60474,174.802567,5
esp32_device_001,2026-05-20T20:07:35+12:00,55,-36.604721,174.802567,5
esp32_device_001,2026-05-20T20:07:40+12:00,59.3,-36.604702,174.802582,5
esp32_device_001,2026-05-20T20:07:45+12:00,61.8,-36.604717,174.802567,5
esp32_device_001,2026-05-20T20:07:50+12:00,64.5,-36.604717,174.802567,5
esp32_device_001,2026-05-20T20:07:55+12:00,66.1,-36.604721,174.802567,5
esp32_device_001,2026-05-20T20:08:05+12:00,66,-36.604706,174.802582,5
esp32_device_001,2026-05-20T20:08:15+12:00,64.6,-36.604713,174.802582,5
esp32_device_001,2026-05-20T20:08:25+12:00,62.4,-36.60471,174.802597,5
esp32_device_001,2026-05-20T20:08:35+12:00,57.9,-36.604694,174.802597,5
esp32_device_001,2026-05-20T20:08:40+12:00,59.7,-36.604671,174.802612,5
esp32_device_001,2026-05-20T20:08:45+12:00,60.6,-36.604698,174.802612,5
esp32_device_001,2026-05-20T20:09:15+12:00,0,-36.60479,174.802567,5
esp32_device_001,2026-05-20T20:09:20+12:00,0,-36.604786,174.802567,5
esp32_device_001,2026-05-20T20:09:25+12:00,0,-36.604794,174.802567,5
esp32_device_001,2026-05-20T20:09:30+12:00,0,-36.604805,174.802567,5
esp32_device_001,2026-05-20T20:09:35+12:00,0,-36.604816,174.802567,5
esp32_device_001,2026-05-20T20:09:40+12:00,0,-36.604801,174.802567,5
esp32_device_001,2026-05-20T20:09:45+12:00,0,-36.604782,174.802551,5
esp32_device_001,2026-05-20T20:09:50+12:00,0,-36.604782,174.802551,5
esp32_device_001,2026-05-20T20:09:55+12:00,0,-36.604778,174.802551,5
esp32_device_001,2026-05-20T20:10:00+12:00,0,-36.604782,174.802567,5
esp32_device_001,2026-05-20T20:10:05+12:00,0,-36.60479,174.802582,5
esp32_device_001,2026-05-20T20:10:10+12:00,0,-36.604786,174.802582,5
esp32_device_001,2026-05-20T20:10:15+12:00,0,-36.604774,174.802582,5
esp32_device_001,2026-05-20T20:10:20+12:00,0,-36.604782,174.802582,5
esp32_device_001,2026-05-20T20:10:25+12:00,0,-36.604778,174.802582,5
esp32_device_001,2026-05-20T20:10:30+12:00,0,-36.604778,174.802582,5
esp32_device_001,2026-05-20T20:10:35+12:00,0,-36.604797,174.802582,5
esp32_device_001,2026-05-20T20:10:40+12:00,0,-36.604774,174.802567,5
esp32_device_001,2026-05-20T20:10:45+12:00,0,-36.604778,174.802567,5
esp32_device_001,2026-05-20T20:10:50+12:00,0,-36.604782,174.802551,5
esp32_device_001,2026-05-20T20:10:55+12:00,0,-36.604782,174.802551,5
esp32_device_001,2026-05-20T20:11:00+12:00,0,-36.60479,174.802551,5
esp32_device_001,2026-05-20T20:11:05+12:00,0,-36.604786,174.802536,5
esp32_device_001,2026-05-20T20:11:10+12:00,0,-36.604774,174.802521,5
esp32_device_001,2026-05-20T20:11:15+12:00,0,-36.604767,174.802536,5
esp32_device_001,2026-05-20T20:11:20+12:00,0,-36.604771,174.802536,5
esp32_device_001,2026-05-20T20:11:25+12:00,0,-36.604771,174.802536,5
esp32_device_001,2026-05-20T20:11:30+12:00,0,-36.604771,174.802536,5
esp32_device_001,2026-05-20T20:11:35+12:00,0,-36.604763,174.802536,5
esp32_device_001,2026-05-20T20:11:40+12:00,0,-36.604755,174.802551,5
esp32_device_001,2026-05-20T20:11:45+12:00,0,-36.604759,174.802551,5
esp32_device_001,2026-05-20T20:11:50+12:00,0,-36.604752,174.802567,5
esp32_device_001,2026-05-20T20:11:55+12:00,0,-36.604752,174.802567,5
esp32_device_001,2026-05-20T20:12:00+12:00,0,-36.604736,174.802597,5
esp32_device_001,2026-05-20T20:12:05+12:00,0,-36.60474,174.802582,5
esp32_device_001,2026-05-20T20:12:10+12:00,0,-36.60474,174.802597,5
esp32_device_001,2026-05-20T20:12:15+12:00,0,-36.604725,174.802597,5
esp32_device_001,2026-05-20T20:12:20+12:00,0,-36.604729,174.802597,5
esp32_device_001,2026-05-20T20:12:25+12:00,0,-36.604729,174.802597,5
esp32_device_001,2026-05-20T20:12:30+12:00,0,-36.604744,174.802582,5
esp32_device_001,2026-05-20T20:12:35+12:00,0,-36.60474,174.802597,5
esp32_device_001,2026-05-20T20:12:40+12:00,0,-36.604733,174.802612,5
esp32_device_001,2026-05-20T20:12:45+12:00,0,-36.604702,174.802643,5
esp32_device_001,2026-05-20T20:12:50+12:00,0,-36.604668,174.802673,5
esp32_device_001,2026-05-20T20:12:55+12:00,0,-36.604668,174.802689,5
esp32_device_001,2026-05-20T20:13:00+12:00,0,-36.604679,174.802673,5
esp32_device_001,2026-05-20T20:13:05+12:00,0,-36.604694,174.802643,5
esp32_device_001,2026-05-20T20:13:10+12:00,0,-36.604725,174.802628,5
esp32_device_001,2026-05-20T20:13:15+12:00,0,-36.604755,174.802612,5
esp32_device_001,2026-05-20T20:13:20+12:00,0,-36.604774,174.802582,5
esp32_device_001,2026-05-20T20:13:25+12:00,0,-36.604778,174.802567,5
esp32_device_001,2026-05-20T20:13:30+12:00,0,-36.604774,174.802597,5
esp32_device_001,2026-05-20T20:13:35+12:00,0,-36.604774,174.802612,5
esp32_device_001,2026-05-20T20:13:40+12:00,0,-36.604763,174.802628,5
esp32_device_001,2026-05-20T20:13:45+12:00,0,-36.604755,174.802628,5
esp32_device_001,2026-05-20T20:13:50+12:00,0,-36.604748,174.802628,5
esp32_device_001,2026-05-20T20:13:55+12:00,0,-36.604748,174.802612,5
esp32_device_001,2026-05-20T20:14:00+12:00,0,-36.60474,174.802612,5
esp32_device_001,2026-05-20T20:14:05+12:00,36.2,-36.60474,174.802597,5
esp32_device_001,2026-05-20T20:14:10+12:00,36,-36.604748,174.802628,5
esp32_device_001,2026-05-20T20:14:15+12:00,35.5,-36.604748,174.802628,5
esp32_device_001,2026-05-20T20:14:20+12:00,35.8,-36.604752,174.802628,5
esp32_device_001,2026-05-20T20:14:25+12:00,37.1,-36.604759,174.802628,5
esp32_device_001,2026-05-20T20:14:30+12:00,39.3,-36.604755,174.802612,5
esp32_device_001,2026-05-20T20:14:35+12:00,40.8,-36.604736,174.802643,5
esp32_device_001,2026-05-20T20:14:40+12:00,41.2,-36.604733,174.802643,5
esp32_device_001,2026-05-20T20:14:45+12:00,42,-36.604721,174.802658,5
esp32_device_001,2026-05-20T20:14:50+12:00,42.1,-36.604721,174.802643,5
esp32_device_001,2026-05-20T20:14:55+12:00,42.5,-36.604729,174.802628,5
esp32_device_001,2026-05-20T20:15:00+12:00,43.4,-36.604729,174.802628,5
esp32_device_001,2026-05-20T20:15:05+12:00,43.6,-36.604717,174.802643,5
esp32_device_001,2026-05-20T20:15:10+12:00,42.8,-36.604713,174.802628,5
esp32_device_001,2026-05-20T20:15:15+12:00,41.8,-36.604736,174.802612,5
esp32_device_001,2026-05-20T20:15:20+12:00,40.9,-36.604748,174.802597,5
esp32_device_001,2026-05-20T20:15:25+12:00,40.5,-36.604752,174.802597,5
esp32_device_001,2026-05-20T20:15:30+12:00,40,-36.604744,174.802597,5
esp32_device_001,2026-05-20T20:15:35+12:00,38.4,-36.604755,174.802582,5
esp32_device_001,2026-05-20T20:15:40+12:00,37.8,-36.604763,174.802582,5
esp32_device_001,2026-05-20T20:15:45+12:00,37.5,-36.604767,174.802582,5
esp32_device_001,2026-05-20T20:15:50+12:00,36.9,-36.604759,174.802582,5
esp32_device_001,2026-05-20T20:15:55+12:00,37.7,-36.604763,174.802582,5
esp32_device_001,2026-05-20T20:16:00+12:00,39,-36.604771,174.802582,5
esp32_device_001,2026-05-20T20:16:05+12:00,41.1,-36.604786,174.802567,5
esp32_device_001,2026-05-20T20:16:10+12:00,42.4,-36.604794,174.802551,5
esp32_device_001,2026-05-20T20:16:15+12:00,43.5,-36.60479,174.802567,5
esp32_device_001,2026-05-20T20:16:20+12:00,44,-36.604782,174.802567,5
esp32_device_001,2026-05-20T20:16:25+12:00,44.4,-36.604786,174.802567,5
esp32_device_001,2026-05-20T20:16:30+12:00,45.2,-36.604778,174.802567,5
esp32_device_001,2026-05-20T20:16:35+12:00,45.3,-36.604759,174.802567,5
esp32_device_001,2026-05-20T20:16:40+12:00,44.6,-36.60474,174.802582,5
esp32_device_001,2026-05-20T20:16:45+12:00,44.3,-36.604729,174.802582,5
esp32_device_001,2026-05-20T20:16:50+12:00,44.1,-36.604736,174.802582,5
esp32_device_001,2026-05-20T20:16:55+12:00,44.1,-36.604733,174.802582,5
esp32_device_001,2026-05-20T20:17:00+12:00,43.7,-36.604725,174.802582,5
esp32_device_001,2026-05-20T20:17:05+12:00,43.3,-36.604713,174.802582,5
esp32_device_001,2026-05-20T20:17:10+12:00,42,-36.604733,174.802582,5
esp32_device_001,2026-05-20T20:17:15+12:00,40.9,-36.604748,174.802582,5
esp32_device_001,2026-05-20T20:17:20+12:00,39.6,-36.604744,174.802582,5
esp32_device_001,2026-05-20T20:17:25+12:00,41.7,-36.604778,174.802582,5
esp32_device_001,2026-05-20T20:17:30+12:00,44.3,-36.604828,174.802582,5
esp32_device_001,2026-05-20T20:17:35+12:00,45.9,-36.604839,174.802582,5
esp32_device_001,2026-05-20T20:17:40+12:00,47.9,-36.604839,174.802597,5
esp32_device_001,2026-05-20T20:17:45+12:00,49.9,-36.604836,174.802597,5
esp32_device_001,2026-05-20T20:17:50+12:00,50.3,-36.604828,174.802597,5
esp32_device_001,2026-05-20T20:17:55+12:00,50.2,-36.604816,174.802597,5
esp32_device_001,2026-05-20T20:18:00+12:00,50.6,-36.604805,174.802597,5
esp32_device_001,2026-05-20T20:18:05+12:00,51.1,-36.604797,174.802597,5
esp32_device_001,2026-05-20T20:18:10+12:00,51.9,-36.604794,174.802597,5
esp32_device_001,2026-05-20T20:18:15+12:00,52.5,-36.60479,174.802597,5
esp32_device_001,2026-05-20T20:18:20+12:00,52.8,-36.604786,174.802597,5
esp32_device_001,2026-05-20T20:18:25+12:00,52.6,-36.604782,174.802612,5
esp32_device_001,2026-05-20T20:18:30+12:00,50.3,-36.604767,174.802612,5
esp32_device_001,2026-05-20T20:18:35+12:00,48,-36.604755,174.802597,5
esp32_device_001,2026-05-20T20:18:40+12:00,47,-36.604748,174.802597,5
esp32_device_001,2026-05-20T20:18:45+12:00,46.4,-36.60474,174.802597,5
esp32_device_001,2026-05-20T20:18:50+12:00,45.3,-36.604736,174.802597,5
esp32_device_001,2026-05-20T20:18:55+12:00,44.5,-36.604729,174.802597,5
esp32_device_001,2026-05-20T20:19:17+12:00,41.9,-36.604733,174.802582,5
esp32_device_001,2026-05-20T20:19:27+12:00,42.7,-36.604763,174.802582,5
esp32_device_001,2026-05-20T20:19:32+12:00,44.6,-36.60479,174.802582,5
esp32_device_001,2026-05-20T20:19:37+12:00,46,-36.604801,174.802582,5
esp32_device_001,2026-05-20T20:19:42+12:00,46.2,-36.604809,174.802597,5
esp32_device_001,2026-05-20T20:19:47+12:00,45.5,-36.604805,174.802582,5
esp32_device_001,2026-05-20T20:19:52+12:00,44.1,-36.604809,174.802597,5
esp32_device_001,2026-05-20T20:19:57+12:00,43.2,-36.604801,174.802597,5
esp32_device_001,2026-05-20T20:20:02+12:00,41,-36.60479,174.802597,5
esp32_device_001,2026-05-20T20:20:07+12:00,39.5,-36.604786,174.802597,5
esp32_device_001,2026-05-20T20:20:12+12:00,39.1,-36.604778,174.802597,5
esp32_device_001,2026-05-20T20:20:17+12:00,39.2,-36.604767,174.802597,5
esp32_device_001,2026-05-20T20:20:22+12:00,38.9,-36.604759,174.802597,5
esp32_device_001,2026-05-20T20:20:27+12:00,38.7,-36.604759,174.802597,5
esp32_device_001,2026-05-20T20:20:32+12:00,39.1,-36.604748,174.802582,5
esp32_device_001,2026-05-20T20:20:37+12:00,39.3,-36.60474,174.802582,5
esp32_device_001,2026-05-20T20:20:42+12:00,38.7,-36.604744,174.802567,5
esp32_device_001,2026-05-20T20:20:47+12:00,38.3,-36.604729,174.802582,5
esp32_device_001,2026-05-20T20:20:52+12:00,37.7,-36.60474,174.802582,5
esp32_device_001,2026-05-20T20:20:57+12:00,37.6,-36.604748,174.802582,5
esp32_device_001,2026-05-20T20:21:02+12:00,38.1,-36.604755,174.802582,5
esp32_device_001,2026-05-20T20:21:07+12:00,38.5,-36.604755,174.802582,5
esp32_device_001,2026-05-20T20:21:12+12:00,38.6,-36.60474,174.802597,5
esp32_device_001,2026-05-20T20:21:17+12:00,38.1,-36.604736,174.802597,5
esp32_device_001,2026-05-20T20:21:22+12:00,38.1,-36.604725,174.802612,5
esp32_device_001,2026-05-20T20:21:27+12:00,38.6,-36.60471,174.802628,5
esp32_device_001,2026-05-20T20:21:32+12:00,38.4,-36.60471,174.802628,5
esp32_device_001,2026-05-20T20:21:37+12:00,39,-36.60471,174.802628,5
esp32_device_001,2026-05-20T20:21:42+12:00,39.9,-36.604706,174.802628,5
esp32_device_001,2026-05-20T20:21:47+12:00,42,-36.604702,174.802628,5
esp32_device_001,2026-05-20T20:21:52+12:00,43,-36.604694,174.802628,5
esp32_device_001,2026-05-20T20:21:57+12:00,44.3,-36.604687,174.802643,5
esp32_device_001,2026-05-20T20:22:02+12:00,44.7,-36.604679,174.802643,5
esp32_device_001,2026-05-20T20:22:07+12:00,44.9,-36.604687,174.802628,5
esp32_device_001,2026-05-20T20:22:12+12:00,44.9,-36.604698,174.802628,5
esp32_device_001,2026-05-20T20:22:17+12:00,44.5,-36.604691,174.802628,5
esp32_device_001,2026-05-20T20:22:22+12:00,44.2,-36.604687,174.802628,5
esp32_device_001,2026-05-20T20:22:27+12:00,43.3,-36.604683,174.802628,5
esp32_device_001,2026-05-20T20:22:32+12:00,43.7,-36.604702,174.802628,5
esp32_device_001,2026-05-20T20:22:37+12:00,43.7,-36.604706,174.802628,5
esp32_device_001,2026-05-20T20:22:42+12:00,44.1,-36.604691,174.802643,5
esp32_device_001,2026-05-20T20:22:47+12:00,44.2,-36.604679,174.802658,5
esp32_device_001,2026-05-20T20:22:52+12:00,43.6,-36.604675,174.802658,5
esp32_device_001,2026-05-20T20:22:57+12:00,44.8,-36.604679,174.802643,5
esp32_device_001,2026-05-20T20:23:02+12:00,47.4,-36.604713,174.802643,5
esp32_device_001,2026-05-20T20:23:07+12:00,48.7,-36.604759,174.802597,5
esp32_device_001,2026-05-20T20:23:12+12:00,48.1,-36.604752,174.802597,5
esp32_device_001,2026-05-20T20:23:17+12:00,47.9,-36.604748,174.802612,5
esp32_device_001,2026-05-20T20:23:22+12:00,46.8,-36.604733,174.802628,5
esp32_device_001,2026-05-20T20:23:27+12:00,45.7,-36.604729,174.802628,5
esp32_device_001,2026-05-20T20:23:32+12:00,44.1,-36.604729,174.802643,5
esp32_device_001,2026-05-20T20:23:37+12:00,43,-36.604687,174.802673,5
esp32_device_001,2026-05-20T20:23:42+12:00,40.6,-36.604691,174.802689,5
esp32_device_001,2026-05-20T20:23:47+12:00,38,-36.604702,174.802673,5
esp32_device_001,2026-05-20T20:23:52+12:00,35.5,-36.604706,174.802658,5
esp32_device_001,2026-05-20T20:23:57+12:00,33,-36.604721,174.802673,5
esp32_device_001,2026-05-20T20:24:02+12:00,31.5,-36.604733,174.802689,5
esp32_device_001,2026-05-20T20:24:07+12:00,29.6,-36.604733,174.802689,5
esp32_device_001,2026-05-20T20:24:12+12:00,29.9,-36.604733,174.802673,5
esp32_device_001,2026-05-20T20:24:42+12:00,29.9,-36.60474,174.802658,5
esp32_device_001,2026-05-20T20:24:47+12:00,29.9,-36.604752,174.802643,5
esp32_device_001,2026-05-20T20:24:52+12:00,29.9,-36.604759,174.802628,5
esp32_device_001,2026-05-20T20:24:57+12:00,29.9,-36.604771,174.802628,5
esp32_device_001,2026-05-20T20:25:02+12:00,29.9,-36.604782,174.802628,5
esp32_device_001,2026-05-20T20:25:07+12:00,29.9,-36.604782,174.802612,5
esp32_device_001,2026-05-20T20:25:12+12:00,29.9,-36.604794,174.802597,5
esp32_device_001,2026-05-20T20:25:17+12:00,29.9,-36.604797,174.802582,5
esp32_device_001,2026-05-20T20:25:22+12:00,29.9,-36.604797,174.802582,5
esp32_device_001,2026-05-20T20:25:27+12:00,29.9,-36.604832,174.802567,5
esp32_device_001,2026-05-20T20:25:32+12:00,29.9,-36.604836,174.802567,5
esp32_device_001,2026-05-20T20:25:37+12:00,29.9,-36.604828,174.802551,5
esp32_device_001,2026-05-20T20:25:42+12:00,29.9,-36.60482,174.802551,5
esp32_device_001,2026-05-20T20:25:47+12:00,29.9,-36.604816,174.802551,5
esp32_device_001,2026-05-20T20:25:52+12:00,29.9,-36.604816,174.802551,5
esp32_device_001,2026-05-20T20:25:57+12:00,29.9,-36.604809,174.802551,5
esp32_device_001,2026-05-20T20:26:02+12:00,29.9,-36.604813,174.802551,5
esp32_device_001,2026-05-20T20:26:07+12:00,29.9,-36.604813,174.802536,5
esp32_device_001,2026-05-20T20:26:12+12:00,29.9,-36.604801,174.802536,5
esp32_device_001,2026-05-20T20:26:17+12:00,29.9,-36.604797,174.802551,5
esp32_device_001,2026-05-20T20:26:22+12:00,29.9,-36.604786,174.802567,5
esp32_device_001,2026-05-20T20:26:27+12:00,29.9,-36.604782,174.802567,5
esp32_device_001,2026-05-20T20:26:32+12:00,29.9,-36.604767,174.802597,5
esp32_device_001,2026-05-20T20:26:37+12:00,29.9,-36.604759,174.802612,5
esp32_device_001,2026-05-20T20:26:42+12:00,29.9,-36.604767,174.802612,5
esp32_device_001,2026-05-20T20:26:47+12:00,29.9,-36.604771,174.802612,5
esp32_device_001,2026-05-20T20:26:52+12:00,29.9,-36.604752,174.802628,5
esp32_device_001,2026-05-20T20:26:57+12:00,29.9,-36.604748,174.802612,5
esp32_device_001,2026-05-20T20:27:02+12:00,29.9,-36.604755,174.802612,5
esp32_device_001,2026-05-20T20:27:07+12:00,29.9,-36.604755,174.802612,5
esp32_device_001,2026-05-20T20:27:12+12:00,29.9,-36.604755,174.802628,5
esp32_device_001,2026-05-20T20:27:17+12:00,29.9,-36.604755,174.802628,5
esp32_device_001,2026-05-20T20:27:22+12:00,29.9,-36.604759,174.802628,5
esp32_device_001,2026-05-20T20:27:27+12:00,29.9,-36.604759,174.802612,5
esp32_device_001,2026-05-20T20:27:32+12:00,29.9,-36.604763,174.802612,5
esp32_device_001,2026-05-20T20:27:37+12:00,29.9,-36.604763,174.802612,5
esp32_device_001,2026-05-20T20:27:42+12:00,29.9,-36.604763,174.802612,5
esp32_device_001,2026-05-20T20:27:47+12:00,29.9,-36.604767,174.802612,5
esp32_device_001,2026-05-20T20:27:52+12:00,29.9,-36.604767,174.802612,5
esp32_device_001,2026-05-20T20:27:57+12:00,29.9,-36.604771,174.802597,5
esp32_device_001,2026-05-20T20:28:02+12:00,29.9,-36.604771,174.802597,5
esp32_device_001,2026-05-20T20:28:07+12:00,29.9,-36.604774,174.802597,5
esp32_device_001,2026-05-20T20:28:12+12:00,29.9,-36.604778,174.802597,5
esp32_device_001,2026-05-20T20:28:17+12:00,29.9,-36.604778,174.802597,5
esp32_device_001,2026-05-20T20:28:22+12:00,29.9,-36.604774,174.802597,5
esp32_device_001,2026-05-20T20:28:27+12:00,29.9,-36.604774,174.802582,5
esp32_device_001,2026-05-20T20:28:32+12:00,29.9,-36.604774,174.802582,5
esp32_device_001,2026-05-20T20:28:37+12:00,29.9,-36.604774,174.802597,5
esp32_device_001,2026-05-20T20:28:42+12:00,29.9,-36.604774,174.802597,5
esp32_device_001,2026-05-20T20:28:47+12:00,29.9,-36.604774,174.802597,5
esp32_device_001,2026-05-20T20:28:52+12:00,29.9,-36.604767,174.802597,5
esp32_device_001,2026-05-20T20:28:57+12:00,29.9,-36.604771,174.802597,5
esp32_device_001,2026-05-20T20:29:02+12:00,29.9,-36.604774,174.802597,5
esp32_device_001,2026-05-20T20:29:07+12:00,29.9,-36.604774,174.802597,5
esp32_device_001,2026-05-20T20:29:12+12:00,29.9,-36.604774,174.802597,5
esp32_device_001,2026-05-20T20:29:17+12:00,29.9,-36.604778,174.802597,5
esp32_device_001,2026-05-20T20:29:29+12:00,38.6,-36.604774,174.802597,5
esp32_device_001,2026-05-20T20:29:34+12:00,40.1,-36.604767,174.802597,5
esp32_device_001,2026-05-20T20:29:39+12:00,42.1,-36.604763,174.802597,5
esp32_device_001,2026-05-20T20:29:44+12:00,43.6,-36.604759,174.802612,5
esp32_device_001,2026-05-20T20:29:49+12:00,43.9,-36.604759,174.802612,5
esp32_device_001,2026-05-20T20:29:54+12:00,44.2,-36.604752,174.802612,5
esp32_device_001,2026-05-20T20:29:59+12:00,44.5,-36.604752,174.802612,5
esp32_device_001,2026-05-20T20:30:04+12:00,44.5,-36.604752,174.802612,5
esp32_device_001,2026-05-20T20:30:09+12:00,45,-36.604748,174.802612,5
esp32_device_001,2026-05-20T20:30:14+12:00,45.4,-36.604744,174.802612,5
esp32_device_001,2026-05-20T20:30:19+12:00,44.9,-36.604736,174.802612,5
esp32_device_001,2026-05-20T20:30:24+12:00,44,-36.604736,174.802628,5
esp32_device_001,2026-05-20T20:30:29+12:00,43.3,-36.604733,174.802628,5
esp32_device_001,2026-05-20T20:30:34+12:00,42.5,-36.604733,174.802628,5
esp32_device_001,2026-05-20T20:30:39+12:00,42.1,-36.604733,174.802628,5
esp32_device_001,2026-05-20T20:30:44+12:00,42.3,-36.604729,174.802628,5
esp32_device_001,2026-05-20T20:30:49+12:00,42.6,-36.604725,174.802643,5
esp32_device_001,2026-05-20T20:30:54+12:00,42.7,-36.604725,174.802643,5
esp32_device_001,2026-05-20T20:30:59+12:00,42.9,-36.604721,174.802643,5
esp32_device_001,2026-05-20T20:31:04+12:00,43.2,-36.604721,174.802643,5
esp32_device_001,2026-05-20T20:31:09+12:00,43.6,-36.604721,174.802628,5
esp32_device_001,2026-05-20T20:31:14+12:00,43.8,-36.604721,174.802628,5
esp32_device_001,2026-05-20T20:31:19+12:00,43.4,-36.604725,174.802628,5
esp32_device_001,2026-05-20T20:31:24+12:00,43.2,-36.604721,174.802643,5
esp32_device_001,2026-05-20T20:31:29+12:00,42.9,-36.604725,174.802643,5
esp32_device_001,2026-05-20T20:31:34+12:00,43,-36.604721,174.802643,5
esp32_device_001,2026-05-20T20:31:39+12:00,43.1,-36.604721,174.802643,5
esp32_device_001,2026-05-20T20:31:44+12:00,43.6,-36.604717,174.802643,5
esp32_device_001,2026-05-20T20:31:49+12:00,44.3,-36.604717,174.802643,5
esp32_device_001,2026-05-20T20:31:54+12:00,44.7,-36.604717,174.802643,5
esp32_device_001,2026-05-20T20:31:59+12:00,44.8,-36.604717,174.802643,5
esp32_device_001,2026-05-20T20:32:04+12:00,45.9,-36.604717,174.802643,5
esp32_device_001,2026-05-20T20:32:09+12:00,47,-36.604717,174.802643,5
esp32_device_001,2026-05-20T20:32:14+12:00,47.1,-36.604721,174.802643,5
esp32_device_001,2026-05-20T20:32:19+12:00,47.6,-36.604725,174.802643,5
esp32_device_001,2026-05-20T20:32:24+12:00,47.1,-36.604725,174.802628,5
esp32_device_001,2026-05-20T20:32:29+12:00,46.4,-36.604729,174.802628,5
esp32_device_001,2026-05-20T20:32:34+12:00,46.2,-36.604729,174.802628,5
esp32_device_001,2026-05-20T20:32:39+12:00,46.6,-36.604721,174.802628,5
esp32_device_001,2026-05-20T20:32:44+12:00,46.1,-36.604725,174.802628,5
esp32_device_001,2026-05-20T20:32:49+12:00,46,-36.604721,174.802628,5
esp32_device_001,2026-05-20T20:32:54+12:00,46.1,-36.604717,174.802643,5
esp32_device_001,2026-05-20T20:32:59+12:00,46.4,-36.604717,174.802628,5
esp32_device_001,2026-05-20T20:33:04+12:00,46.6,-36.604717,174.802628,5
esp32_device_001,2026-05-20T20:33:09+12:00,46.9,-36.604721,174.802628,5
esp32_device_001,2026-05-20T20:33:14+12:00,47,-36.604721,174.802628,5
esp32_device_001,2026-05-20T20:33:19+12:00,46.9,-36.604721,174.802628,5
esp32_device_001,2026-05-20T20:33:24+12:00,46.8,-36.604725,174.802628,5
esp32_device_001,2026-05-20T20:33:29+12:00,46.9,-36.604729,174.802628,5
esp32_device_001,2026-05-20T20:33:34+12:00,46.4,-36.604733,174.802612,5
esp32_device_001,2026-05-20T20:33:39+12:00,45.8,-36.60474,174.802612,5
esp32_device_001,2026-05-20T20:33:44+12:00,45.5,-36.604744,174.802612,5
esp32_device_001,2026-05-20T20:33:49+12:00,45.4,-36.604748,174.802612,5
esp32_device_001,2026-05-20T20:33:54+12:00,45.1,-36.604748,174.802612,5
esp32_device_001,2026-05-20T20:33:59+12:00,44.6,-36.604748,174.802612,5
esp32_device_001,2026-05-20T20:34:04+12:00,44.2,-36.604744,174.802612,5
esp32_device_001,2026-05-20T20:34:09+12:00,45,-36.60474,174.802612,5
esp32_device_001,2026-05-20T20:34:14+12:00,45.9,-36.604736,174.802612,5
esp32_device_001,2026-05-20T20:34:19+12:00,46.8,-36.604733,174.802628,5
esp32_device_001,2026-05-20T20:34:24+12:00,47,-36.604733,174.802612,5
esp32_device_001,2026-05-20T20:34:29+12:00,47.1,-36.604733,174.802612,5
esp32_device_001,2026-05-20T20:34:34+12:00,46.5,-36.604733,174.802612,5
esp32_device_001,2026-05-20T20:34:39+12:00,46.2,-36.604733,174.802612,5
esp32_device_001,2026-05-20T20:34:44+12:00,45.5,-36.604736,174.802612,5
esp32_device_001,2026-05-20T20:34:49+12:00,45.9,-36.604736,174.802612,5
esp32_device_001,2026-05-20T20:34:54+12:00,44.6,-36.604752,174.802597,5
esp32_device_001,2026-05-20T20:34:59+12:00,45.2,-36.604759,174.802582,5
esp32_device_001,2026-05-20T20:35:04+12:00,45.1,-36.604755,174.802582,5
esp32_device_001,2026-05-20T20:35:09+12:00,45.4,-36.604748,174.802582,5
esp32_device_001,2026-05-20T20:35:14+12:00,45.8,-36.60474,174.802597,5
esp32_device_001,2026-05-20T20:35:19+12:00,46.3,-36.604733,174.802597,5
esp32_device_001,2026-05-20T20:35:24+12:00,45.9,-36.604729,174.802597,5
esp32_device_001,2026-05-20T20:35:29+12:00,46.5,-36.604729,174.802612,5
esp32_device_001,2026-05-20T20:35:34+12:00,46.8,-36.604725,174.802612,5
esp32_device_001,2026-05-20T20:35:39+12:00,45.9,-36.604729,174.802612,5
esp32_device_001,2026-05-20T20:35:44+12:00,45.5,-36.604721,174.802612,5
esp32_device_001,2026-05-20T20:35:49+12:00,45,-36.604713,174.802612,5
esp32_device_001,2026-05-20T20:35:54+12:00,44.5,-36.604706,174.802628,5
esp32_device_001,2026-05-20T20:35:59+12:00,43.9,-36.604713,174.802628,5
esp32_device_001,2026-05-20T20:36:04+12:00,44.3,-36.604706,174.802628,5
esp32_device_001,2026-05-20T20:36:09+12:00,44.2,-36.60471,174.802628,5
esp32_device_001,2026-05-20T20:36:14+12:00,44.5,-36.60471,174.802628,5
esp32_device_001,2026-05-20T20:36:19+12:00,43.7,-36.604717,174.802628,5
esp32_device_001,2026-05-20T20:36:24+12:00,41.3,-36.604733,174.802612,5
esp32_device_001,2026-05-20T20:36:29+12:00,40,-36.604748,174.802597,5
esp32_device_001,2026-05-20T20:36:34+12:00,39.2,-36.604755,174.802597,5
esp32_device_001,2026-05-20T20:36:39+12:00,38.6,-36.604759,174.802597,5
esp32_device_001,2026-05-20T20:36:44+12:00,37.9,-36.604767,174.802597,5
esp32_device_001,2026-05-20T20:36:49+12:00,36.9,-36.604771,174.802582,5
esp32_device_001,2026-05-20T20:36:54+12:00,36.5,-36.604771,174.802582,5
esp32_device_001,2026-05-20T20:36:59+12:00,36.4,-36.604771,174.802582,5
esp32_device_001,2026-05-20T20:37:04+12:00,36.1,-36.604774,174.802582,5
esp32_device_001,2026-05-20T20:37:09+12:00,36,-36.604778,174.802582,5
esp32_device_001,2026-05-20T20:37:14+12:00,35.6,-36.604782,174.802582,5
esp32_device_001,2026-05-20T20:37:19+12:00,34.4,-36.60479,174.802567,5
esp32_device_001,2026-05-20T20:37:24+12:00,33.8,-36.604794,174.802567,5
esp32_device_001,2026-05-20T20:37:29+12:00,33.4,-36.604797,174.802567,5
esp32_device_001,2026-05-20T20:37:34+12:00,33.8,-36.604794,174.802567,5
esp32_device_001,2026-05-20T20:37:39+12:00,34,-36.604794,174.802567,5
esp32_device_001,2026-05-20T20:37:44+12:00,35.1,-36.604786,174.802582,5
esp32_device_001,2026-05-20T20:37:49+12:00,36.7,-36.604774,174.802582,5
esp32_device_001,2026-05-20T20:37:54+12:00,37.8,-36.604767,174.802582,5
esp32_device_001,2026-05-20T20:37:59+12:00,38.6,-36.604759,174.802582,5
esp32_device_001,2026-05-20T20:38:04+12:00,39,-36.604755,174.802582,5
esp32_device_001,2026-05-20T20:38:09+12:00,39,-36.604752,174.802582,5
esp32_device_001,2026-05-20T20:38:14+12:00,39.8,-36.604752,174.802582,5
esp32_device_001,2026-05-20T20:38:19+12:00,39.5,-36.604752,174.802582,5
esp32_device_001,2026-05-20T20:38:24+12:00,39.6,-36.604755,174.802582,5
esp32_device_001,2026-05-20T20:38:29+12:00,39.9,-36.604755,174.802582,5
esp32_device_001,2026-05-20T20:38:34+12:00,40.7,-36.604755,174.802567,5
esp32_device_001,2026-05-20T20:38:39+12:00,41.8,-36.604752,174.802567,5
esp32_device_001,2026-05-20T20:38:44+12:00,43.3,-36.604748,174.802567,5
esp32_device_001,2026-05-20T20:38:49+12:00,43.5,-36.604748,174.802567,5
esp32_device_001,2026-05-20T20:38:54+12:00,43.7,-36.604748,174.802567,5
esp32_device_001,2026-05-20T20:38:59+12:00,43.7,-36.604748,174.802567,5
esp32_device_001,2026-05-20T20:39:04+12:00,43.9,-36.604748,174.802567,5
esp32_device_001,2026-05-20T20:39:09+12:00,43.2,-36.604752,174.802567,5
esp32_device_001,2026-05-20T20:39:14+12:00,43.5,-36.604744,174.802567,5
esp32_device_001,2026-05-20T20:40:01+12:00,43.4,-36.60474,174.802597,5
esp32_device_001,2026-05-20T20:40:06+12:00,42.9,-36.604744,174.802597,5
esp32_device_001,2026-05-20T20:40:11+12:00,44.5,-36.604729,174.802597,5
esp32_device_001,2026-05-20T20:40:16+12:00,43.4,-36.604736,174.802597,5
esp32_device_001,2026-05-20T20:40:21+12:00,44.4,-36.604733,174.802597,5
esp32_device_001,2026-05-20T20:40:26+12:00,44.6,-36.604729,174.802597,5
esp32_device_001,2026-05-20T20:40:31+12:00,45.4,-36.604725,174.802597,5
esp32_device_001,2026-05-20T20:40:36+12:00,45.2,-36.604729,174.802597,5
esp32_device_001,2026-05-20T20:40:41+12:00,45.9,-36.604725,174.802597,5
esp32_device_001,2026-05-20T20:40:46+12:00,46,-36.604721,174.802597,5
esp32_device_001,2026-05-20T20:40:51+12:00,46.2,-36.604725,174.802597,5
esp32_device_001,2026-05-20T20:40:56+12:00,46.2,-36.604729,174.802597,5
esp32_device_001,2026-05-20T20:41:01+12:00,46.1,-36.604729,174.802582,5
esp32_device_001,2026-05-20T20:41:06+12:00,45.9,-36.604729,174.802582,5
esp32_device_001,2026-05-20T20:41:11+12:00,44.9,-36.604736,174.802582,5
esp32_device_001,2026-05-20T20:41:16+12:00,46.3,-36.604725,174.802582,5
esp32_device_001,2026-05-20T20:41:21+12:00,45.1,-36.60474,174.802582,5
esp32_device_001,2026-05-20T20:41:26+12:00,43,-36.604759,174.802582,5
esp32_device_001,2026-05-20T20:41:31+12:00,42.4,-36.604759,174.802582,5
esp32_device_001,2026-05-20T20:41:36+12:00,41.9,-36.604771,174.802582,5
esp32_device_001,2026-05-20T20:41:41+12:00,41.9,-36.604771,174.802582,5
esp32_device_001,2026-05-20T20:41:46+12:00,41.5,-36.604778,174.802582,5
esp32_device_001,2026-05-20T20:41:51+12:00,42.1,-36.604771,174.802582,5
esp32_device_001,2026-05-20T20:41:56+12:00,43.3,-36.604755,174.802582,5
esp32_device_001,2026-05-20T20:42:01+12:00,43.3,-36.604755,174.802582,5
esp32_device_001,2026-05-20T20:42:06+12:00,43.3,-36.604752,174.802582,5
esp32_device_001,2026-05-20T20:42:11+12:00,43.6,-36.604748,174.802582,5
esp32_device_001,2026-05-20T20:42:16+12:00,42.7,-36.604755,174.802582,5
esp32_device_001,2026-05-20T20:42:21+12:00,42.1,-36.604763,174.802582,5
esp32_device_001,2026-05-20T20:42:26+12:00,41.5,-36.604771,174.802567,5
esp32_device_001,2026-05-20T20:42:31+12:00,42.2,-36.604767,174.802567,5
esp32_device_001,2026-05-20T20:42:36+12:00,42.6,-36.604767,174.802567,5
esp32_device_001,2026-05-20T20:42:41+12:00,43.6,-36.604759,174.802567,5
esp32_device_001,2026-05-20T20:42:46+12:00,43.2,-36.604763,174.802567,5
esp32_device_001,2026-05-20T20:42:51+12:00,43,-36.604763,174.802567,5
esp32_device_001,2026-05-20T20:42:56+12:00,44.4,-36.604748,174.802582,5
esp32_device_001,2026-05-20T20:43:01+12:00,45,-36.604744,174.802582,5
esp32_device_001,2026-05-20T20:43:06+12:00,46.3,-36.604729,174.802582,5
esp32_device_001,2026-05-20T20:43:11+12:00,46.5,-36.604725,174.802597,5
esp32_device_001,2026-05-20T20:43:16+12:00,46.8,-36.604725,174.802597,5
esp32_device_001,2026-05-20T20:43:21+12:00,48.8,-36.604706,174.802597,5
esp32_device_001,2026-05-20T20:43:26+12:00,50.3,-36.604694,174.802597,5
esp32_device_001,2026-05-20T20:43:31+12:00,50.2,-36.604694,174.802597,5
esp32_device_001,2026-05-20T20:43:36+12:00,52.5,-36.604679,174.802597,5
esp32_device_001,2026-05-20T20:43:41+12:00,53.3,-36.604675,174.802597,5
esp32_device_001,2026-05-20T20:43:46+12:00,55.2,-36.60466,174.802597,5
esp32_device_001,2026-05-20T20:43:51+12:00,56.7,-36.604645,174.802597,5
esp32_device_001,2026-05-20T20:43:56+12:00,59.6,-36.604614,174.802597,5
esp32_device_001,2026-05-20T20:44:01+12:00,58.9,-36.60463,174.802597,5
esp32_device_001,2026-05-20T20:44:06+12:00,59.8,-36.60463,174.802597,5
esp32_device_001,2026-05-20T20:44:11+12:00,59.1,-36.604637,174.802597,5
esp32_device_001,2026-05-20T20:44:16+12:00,60.1,-36.60463,174.802597,5
esp32_device_001,2026-05-20T20:45:46+12:00,60.1,-36.604721,174.802567,5
esp32_device_001,2026-05-20T20:45:51+12:00,60.1,-36.604721,174.802567,5
esp32_device_001,2026-05-20T20:46:56+12:00,60.1,-36.604736,174.802551,5
esp32_device_001,2026-05-20T20:47:01+12:00,60.1,-36.604736,174.802551,5
esp32_device_001,2026-05-20T20:47:06+12:00,60.1,-36.604736,174.802551,5
esp32_device_001,2026-05-20T20:49:12+12:00,0,-36.604763,174.802536,5
esp32_device_001,2026-05-20T20:49:17+12:00,0,-36.604752,174.802536,5
esp32_device_001,2026-05-20T20:49:22+12:00,0,-36.604759,174.802536,5
esp32_device_001,2026-05-20T20:49:27+12:00,0,-36.604755,174.802536,5
esp32_device_001,2026-05-20T20:49:32+12:00,0,-36.604763,174.802536,5
esp32_device_001,2026-05-20T20:49:37+12:00,0,-36.604763,174.802536,5
esp32_device_001,2026-05-20T20:49:42+12:00,0,-36.604771,174.802536,5
esp32_device_001,2026-05-20T20:49:47+12:00,0,-36.604774,174.802521,5
esp32_device_001,2026-05-20T20:49:52+12:00,0,-36.604774,174.802521,5
esp32_device_001,2026-05-20T20:49:57+12:00,0,-36.604763,174.802536,5
esp32_device_001,2026-05-20T20:50:02+12:00,0,-36.604759,174.802536,5
esp32_device_001,2026-05-20T20:50:07+12:00,0,-36.604763,174.802536,5
esp32_device_001,2026-05-20T20:50:12+12:00,0,-36.604763,174.802536,5
esp32_device_001,2026-05-20T20:50:17+12:00,0,-36.604763,174.802536,5
esp32_device_001,2026-05-20T20:50:22+12:00,0,-36.604763,174.802536,5
esp32_device_001,2026-05-20T20:50:27+12:00,0,-36.604763,174.802536,5
esp32_device_001,2026-05-20T20:50:32+12:00,0,-36.604767,174.802536,5
esp32_device_001,2026-05-20T20:50:37+12:00,0,-36.604771,174.802536,5
esp32_device_001,2026-05-20T20:50:42+12:00,0,-36.604774,174.802536,5
esp32_device_001,2026-05-20T20:50:47+12:00,0,-36.604778,174.802536,5
esp32_device_001,2026-05-20T20:50:52+12:00,0,-36.604782,174.802536,5
esp32_device_001,2026-05-20T20:50:57+12:00,0,-36.604782,174.802536,5
esp32_device_001,2026-05-20T20:51:02+12:00,0,-36.604786,174.802536,5
esp32_device_001,2026-05-20T20:51:07+12:00,0,-36.604794,174.802536,5
esp32_device_001,2026-05-20T20:51:12+12:00,0,-36.604801,174.802536,5
esp32_device_001,2026-05-20T20:51:17+12:00,0,-36.604797,174.802536,5
esp32_device_001,2026-05-20T20:51:22+12:00,0,-36.604801,174.802536,5
esp32_device_001,2026-05-20T20:51:27+12:00,0,-36.604805,174.802536,5
esp32_device_001,2026-05-20T20:51:32+12:00,0,-36.604809,174.802536,5
esp32_device_001,2026-05-20T20:51:37+12:00,0,-36.604809,174.802536,5
esp32_device_001,2026-05-20T20:51:42+12:00,0,-36.604816,174.802536,5
esp32_device_001,2026-05-20T20:51:47+12:00,0,-36.604813,174.802521,5
esp32_device_001,2026-05-20T20:51:52+12:00,0,-36.60482,174.802536,5
esp32_device_001,2026-05-20T20:51:57+12:00,0,-36.604836,174.802521,5
esp32_device_001,2026-05-20T20:52:02+12:00,0,-36.604843,174.802521,5
esp32_device_001,2026-05-20T20:52:07+12:00,0,-36.604855,174.802536,5
esp32_device_001,2026-05-20T20:52:12+12:00,0,-36.604851,174.802536,5
esp32_device_001,2026-05-20T20:52:17+12:00,0,-36.604858,174.802536,5
esp32_device_001,2026-05-20T20:52:22+12:00,0,-36.604862,174.802536,5
esp32_device_001,2026-05-20T20:52:27+12:00,0,-36.604866,174.802536,5
esp32_device_001,2026-05-20T20:52:32+12:00,0,-36.604866,174.802536,5
esp32_device_001,2026-05-20T20:52:37+12:00,0,-36.604855,174.802536,5
esp32_device_001,2026-05-20T20:52:42+12:00,0,-36.604862,174.802536,5
esp32_device_001,2026-05-20T20:52:47+12:00,0,-36.604855,174.802536,5
esp32_device_001,2026-05-20T20:52:52+12:00,0,-36.604858,174.802536,5
esp32_device_001,2026-05-20T20:52:57+12:00,0,-36.604866,174.802536,5
esp32_device_001,2026-05-20T20:53:02+12:00,0,-36.60487,174.802536,5
esp32_device_001,2026-05-20T20:53:07+12:00,0,-36.604855,174.802536,5
esp32_device_001,2026-05-20T20:53:12+12:00,0,-36.604858,174.802536,5
esp32_device_001,2026-05-20T20:53:17+12:00,0,-36.604843,174.802536,5
esp32_device_001,2026-05-20T20:53:22+12:00,0,-36.60482,174.802536,5
esp32_device_001,2026-05-20T20:53:27+12:00,0,-36.604805,174.802536,5
esp32_device_001,2026-05-20T20:53:32+12:00,0,-36.604809,174.802536,5
esp32_device_001,2026-05-20T20:53:37+12:00,0,-36.604797,174.802551,5
esp32_device_001,2026-05-20T20:53:42+12:00,0,-36.604794,174.802551,5
esp32_device_001,2026-05-20T20:53:47+12:00,0,-36.604813,174.802551,5
esp32_device_001,2026-05-20T20:53:52+12:00,0,-36.604816,174.802551,5
esp32_device_001,2026-05-20T20:54:10+12:00,37.1,-36.604813,174.802551,5
esp32_device_001,2026-05-20T20:54:20+12:00,40.4,-36.604794,174.802567,5
esp32_device_001,2026-05-20T20:54:25+12:00,42.6,-36.604778,174.802567,5
esp32_device_001,2026-05-20T20:54:30+12:00,42.9,-36.604774,174.802567,5
esp32_device_001,2026-05-20T20:54:35+12:00,43.5,-36.604767,174.802567,5
esp32_device_001,2026-05-20T20:54:40+12:00,43.2,-36.604763,174.802551,5
esp32_device_001,2026-05-20T20:54:45+12:00,42.4,-36.604767,174.802551,5
esp32_device_001,2026-05-20T20:54:50+12:00,42,-36.604774,174.802567,5
esp32_device_001,2026-05-20T20:54:55+12:00,41.5,-36.604774,174.802567,5
esp32_device_001,2026-05-20T20:55:00+12:00,41.2,-36.604778,174.802551,5
esp32_device_001,2026-05-20T20:55:05+12:00,39.8,-36.604794,174.802551,5
esp32_device_001,2026-05-20T20:55:10+12:00,39.2,-36.604794,174.802551,5
esp32_device_001,2026-05-20T20:55:15+12:00,40,-36.60479,174.802551,5
esp32_device_001,2026-05-20T20:55:20+12:00,40.4,-36.604786,174.802551,5
esp32_device_001,2026-05-20T20:55:25+12:00,41.8,-36.604774,174.802551,5
esp32_device_001,2026-05-20T20:55:30+12:00,42,-36.604771,174.802551,5
esp32_device_001,2026-05-20T20:55:35+12:00,42.1,-36.604767,174.802551,5
esp32_device_001,2026-05-20T20:55:40+12:00,42.3,-36.604763,174.802536,5
esp32_device_001,2026-05-20T20:55:45+12:00,42.6,-36.604763,174.802536,5
esp32_device_001,2026-05-20T20:55:50+12:00,42.2,-36.604767,174.802536,5
esp32_device_001,2026-05-20T20:55:55+12:00,42.2,-36.604767,174.802536,5
esp32_device_001,2026-05-20T20:56:00+12:00,41.9,-36.604763,174.802536,5
esp32_device_001,2026-05-20T20:56:05+12:00,41.2,-36.604767,174.802536,5
esp32_device_001,2026-05-20T20:56:10+12:00,40.3,-36.604771,174.802536,5
esp32_device_001,2026-05-20T20:56:15+12:00,40.1,-36.604774,174.802536,5
esp32_device_001,2026-05-20T20:56:20+12:00,39.9,-36.604778,174.802536,5
esp32_device_001,2026-05-20T20:56:25+12:00,41.2,-36.604771,174.802536,5
esp32_device_001,2026-05-20T20:56:30+12:00,42.1,-36.604774,174.802551,5
esp32_device_001,2026-05-20T20:56:35+12:00,42.2,-36.604774,174.802551,5
esp32_device_001,2026-05-20T20:56:40+12:00,43.1,-36.604771,174.802567,5
esp32_device_001,2026-05-20T20:56:45+12:00,43.7,-36.604763,174.802551,5
esp32_device_001,2026-05-20T20:56:50+12:00,44.4,-36.604759,174.802567,5
esp32_device_001,2026-05-20T20:56:55+12:00,45.2,-36.604755,174.802567,5
esp32_device_001,2026-05-20T20:57:00+12:00,45.5,-36.604755,174.802551,5
esp32_device_001,2026-05-20T20:57:05+12:00,45.8,-36.604752,174.802551,5
esp32_device_001,2026-05-20T20:57:10+12:00,46.6,-36.604755,174.802567,5
esp32_device_001,2026-05-20T20:57:15+12:00,47.2,-36.604755,174.802567,5
esp32_device_001,2026-05-20T20:57:20+12:00,48.1,-36.604755,174.802567,5
esp32_device_001,2026-05-20T20:57:25+12:00,48.1,-36.604759,174.802567,5
esp32_device_001,2026-05-20T20:57:30+12:00,48.2,-36.604767,174.802567,5
esp32_device_001,2026-05-20T20:57:35+12:00,49.2,-36.604771,174.802567,5
esp32_device_001,2026-05-20T20:57:40+12:00,49.4,-36.604778,174.802582,5
esp32_device_001,2026-05-20T20:57:45+12:00,49.4,-36.604782,174.802582,5
esp32_device_001,2026-05-20T20:57:50+12:00,48.8,-36.604778,174.802567,5
esp32_device_001,2026-05-20T20:57:55+12:00,46.3,-36.604767,174.802567,5
esp32_device_001,2026-05-20T20:58:00+12:00,45.8,-36.604759,174.802567,5
esp32_device_001,2026-05-20T20:58:05+12:00,45.7,-36.604755,174.802567,5
esp32_device_001,2026-05-20T20:58:10+12:00,44.8,-36.604755,174.802567,5
esp32_device_001,2026-05-20T20:58:15+12:00,44.3,-36.60474,174.802551,5
esp32_device_001,2026-05-20T20:58:20+12:00,43.2,-36.60474,174.802551,5
esp32_device_001,2026-05-20T20:58:25+12:00,42.5,-36.604744,174.802567,5
esp32_device_001,2026-05-20T20:58:30+12:00,43.1,-36.604748,174.802567,5
esp32_device_001,2026-05-20T20:58:35+12:00,43.4,-36.604755,174.802567,5
esp32_device_001,2026-05-20T20:58:40+12:00,44.3,-36.604763,174.802567,5
esp32_device_001,2026-05-20T20:58:45+12:00,44.8,-36.604767,174.802582,5
esp32_device_001,2026-05-20T20:58:50+12:00,44.9,-36.604771,174.802582,5
esp32_device_001,2026-05-20T20:58:55+12:00,44.6,-36.604774,174.802582,5
esp32_device_001,2026-05-20T20:59:00+12:00,44.5,-36.604774,174.802582,5
esp32_device_001,2026-05-20T20:59:05+12:00,44.3,-36.604774,174.802582,5
esp32_device_001,2026-05-20T20:59:26+12:00,44.3,-36.604774,174.802597,5
esp32_device_001,2026-05-20T21:01:11+12:00,46.6,-36.60474,174.802582,5
esp32_device_001,2026-05-20T21:01:21+12:00,47.2,-36.60474,174.802582,5
esp32_device_001,2026-05-20T21:01:26+12:00,47.2,-36.60474,174.802582,5
esp32_device_001,2026-05-20T21:01:31+12:00,46.7,-36.604748,174.802582,5
esp32_device_001,2026-05-20T21:01:36+12:00,46.5,-36.604748,174.802582,5
esp32_device_001,2026-05-20T21:01:41+12:00,46.5,-36.604752,174.802582,5
esp32_device_001,2026-05-20T21:01:46+12:00,46.6,-36.604755,174.802597,5
esp32_device_001,2026-05-20T21:01:51+12:00,46.2,-36.604759,174.802597,5
esp32_device_001,2026-05-20T21:01:56+12:00,47.1,-36.604759,174.802597,5
esp32_device_001,2026-05-20T21:02:01+12:00,46.9,-36.604759,174.802612,5
esp32_device_001,2026-05-20T21:02:06+12:00,46.4,-36.604763,174.802612,5
esp32_device_001,2026-05-20T21:02:11+12:00,46.6,-36.604763,174.802612,5
esp32_device_001,2026-05-20T21:02:16+12:00,45.8,-36.604771,174.802612,5
esp32_device_001,2026-05-20T21:02:21+12:00,45.1,-36.604774,174.802612,5
esp32_device_001,2026-05-20T21:02:26+12:00,44.7,-36.604774,174.802612,5
esp32_device_001,2026-05-20T21:02:31+12:00,45.8,-36.604767,174.802612,5
esp32_device_001,2026-05-20T21:02:36+12:00,46.2,-36.604763,174.802612,5
esp32_device_001,2026-05-20T21:02:41+12:00,47.5,-36.604752,174.802612,5
esp32_device_001,2026-05-20T21:02:46+12:00,47.1,-36.604755,174.802612,5
esp32_device_001,2026-05-20T21:02:51+12:00,47.1,-36.604755,174.802612,5
esp32_device_001,2026-05-20T21:02:56+12:00,46.7,-36.604759,174.802612,5
esp32_device_001,2026-05-20T21:03:01+12:00,46.6,-36.604752,174.802597,5
esp32_device_001,2026-05-20T21:03:06+12:00,47,-36.604744,174.802597,5
esp32_device_001,2026-05-20T21:03:11+12:00,47.6,-36.604736,174.802597,5
esp32_device_001,2026-05-20T21:03:16+12:00,47.6,-36.604733,174.802597,5
esp32_device_001,2026-05-20T21:03:21+12:00,46.8,-36.604744,174.802582,5
esp32_device_001,2026-05-20T21:03:26+12:00,47,-36.60474,174.802582,5
esp32_device_001,2026-05-20T21:03:31+12:00,46.6,-36.604744,174.802582,5
esp32_device_001,2026-05-20T21:03:36+12:00,47.3,-36.604736,174.802582,5
esp32_device_001,2026-05-20T21:03:41+12:00,47.4,-36.604736,174.802582,5
esp32_device_001,2026-05-20T21:03:46+12:00,47.2,-36.604736,174.802582,5
esp32_device_001,2026-05-20T21:03:51+12:00,47,-36.604736,174.802582,5
esp32_device_001,2026-05-20T21:03:56+12:00,47.4,-36.604736,174.802582,5
esp32_device_001,2026-05-20T21:04:01+12:00,47.9,-36.604733,174.802582,5
esp32_device_001,2026-05-20T21:04:06+12:00,48.6,-36.604733,174.802582,5
esp32_device_001,2026-05-20T21:04:11+12:00,49,-36.604733,174.802582,5
esp32_device_001,2026-05-20T21:04:16+12:00,49,-36.604733,174.802582,5
esp32_device_001,2026-05-20T21:04:21+12:00,49.2,-36.604733,174.802582,5
esp32_device_001,2026-05-20T21:04:26+12:00,49.3,-36.604733,174.802582,5
esp32_device_001,2026-05-20T21:04:31+12:00,49.4,-36.604733,174.802597,5
esp32_device_001,2026-05-20T21:04:36+12:00,49.5,-36.604733,174.802597,5
esp32_device_001,2026-05-20T21:04:41+12:00,48.9,-36.604736,174.802597,5
esp32_device_001,2026-05-20T21:04:46+12:00,49.6,-36.604729,174.802597,5
esp32_device_001,2026-05-20T21:04:51+12:00,49.6,-36.604729,174.802597,5
esp32_device_001,2026-05-20T21:04:56+12:00,49.4,-36.604733,174.802597,5
esp32_device_001,2026-05-20T21:05:01+12:00,49.6,-36.604733,174.802597,5
esp32_device_001,2026-05-20T21:05:06+12:00,50.3,-36.604729,174.802597,5
esp32_device_001,2026-05-20T21:05:11+12:00,51.4,-36.604725,174.802597,5
esp32_device_001,2026-05-20T21:05:16+12:00,51.9,-36.604725,174.802597,5
esp32_device_001,2026-05-20T21:05:21+12:00,52.1,-36.604725,174.802597,5
esp32_device_001,2026-05-20T21:05:26+12:00,52.9,-36.604721,174.802597,5
esp32_device_001,2026-05-20T21:05:31+12:00,53,-36.604721,174.802597,5
esp32_device_001,2026-05-20T21:05:36+12:00,52.7,-36.604721,174.802597,5
esp32_device_001,2026-05-20T21:05:41+12:00,52.7,-36.604721,174.802597,5
esp32_device_001,2026-05-20T21:05:46+12:00,52.3,-36.604725,174.802597,5
esp32_device_001,2026-05-20T21:05:51+12:00,51.8,-36.604725,174.802597,5
esp32_device_001,2026-05-20T21:05:56+12:00,51.5,-36.604729,174.802597,5
esp32_device_001,2026-05-20T21:06:01+12:00,51.3,-36.604733,174.802597,5
esp32_device_001,2026-05-20T21:06:06+12:00,51.3,-36.604729,174.802597,5
esp32_device_001,2026-05-20T21:10:12+12:00,54.4,-36.604717,174.802612,5
esp32_device_001,2026-05-20T21:10:22+12:00,54.2,-36.604713,174.802597,5
esp32_device_001,2026-05-20T21:10:27+12:00,54.5,-36.604713,174.802597,5
esp32_device_001,2026-05-20T21:10:32+12:00,54.8,-36.60471,174.802597,5
esp32_device_001,2026-05-20T21:10:37+12:00,54.8,-36.60471,174.802597,5
esp32_device_001,2026-05-20T21:10:42+12:00,55.1,-36.604706,174.802597,5
esp32_device_001,2026-05-20T21:10:47+12:00,55.9,-36.604702,174.802597,5
esp32_device_001,2026-05-20T21:10:52+12:00,55.2,-36.604702,174.802597,5
esp32_device_001,2026-05-20T21:10:57+12:00,55,-36.604702,174.802597,5
esp32_device_001,2026-05-20T21:11:02+12:00,55.1,-36.604698,174.802597,5
esp32_device_001,2026-05-20T21:11:07+12:00,55.6,-36.604691,174.802612,5
esp32_device_001,2026-05-20T21:11:12+12:00,55.8,-36.604687,174.802612,5
esp32_device_001,2026-05-20T21:11:17+12:00,55.8,-36.604683,174.802612,5
esp32_device_001,2026-05-20T21:11:22+12:00,56.3,-36.604679,174.802612,5
esp32_device_001,2026-05-20T21:11:27+12:00,56.7,-36.604675,174.802612,5
esp32_device_001,2026-05-20T21:11:32+12:00,56.6,-36.604671,174.802612,5
esp32_device_001,2026-05-20T21:11:37+12:00,57.4,-36.604668,174.802612,5
esp32_device_001,2026-05-20T21:11:42+12:00,57.8,-36.604664,174.802628,5
esp32_device_001,2026-05-20T21:11:47+12:00,58.7,-36.60466,174.802628,5
esp32_device_001,2026-05-20T21:11:52+12:00,59,-36.604656,174.802628,5
esp32_device_001,2026-05-20T21:11:57+12:00,58.5,-36.604656,174.802628,5
esp32_device_001,2026-05-20T21:12:02+12:00,59,-36.604652,174.802628,5
esp32_device_001,2026-05-20T21:12:07+12:00,60.1,-36.604645,174.802628,5
esp32_device_001,2026-05-20T21:12:12+12:00,60.1,-36.604645,174.802628,5
esp32_device_001,2026-05-20T21:12:17+12:00,60.1,-36.604645,174.802628,5
esp32_device_001,2026-05-20T21:12:22+12:00,60.7,-36.604645,174.802628,5
esp32_device_001,2026-05-20T21:12:27+12:00,61.1,-36.604645,174.802628,5
esp32_device_001,2026-05-20T21:12:32+12:00,61.7,-36.604641,174.802628,5
esp32_device_001,2026-05-20T21:12:37+12:00,62.5,-36.604641,174.802628,5
esp32_device_001,2026-05-20T21:12:42+12:00,64,-36.604637,174.802628,5
esp32_device_001,2026-05-20T21:12:47+12:00,63.1,-36.604641,174.802628,5
esp32_device_001,2026-05-20T21:12:52+12:00,61,-36.604652,174.802628,5
esp32_device_001,2026-05-20T21:12:57+12:00,60.5,-36.604656,174.802628,5
esp32_device_001,2026-05-20T21:13:02+12:00,58.7,-36.604664,174.802628,5
esp32_device_001,2026-05-20T21:13:07+12:00,56.4,-36.604675,174.802628,5
esp32_device_001,2026-05-20T21:13:12+12:00,54.9,-36.604683,174.802628,5
esp32_device_001,2026-05-20T21:13:17+12:00,54.4,-36.604687,174.802628,5
esp32_device_001,2026-05-20T21:13:22+12:00,53.7,-36.604691,174.802628,5
esp32_device_001,2026-05-20T21:13:27+12:00,54.1,-36.604691,174.802628,5
esp32_device_001,2026-05-20T21:13:32+12:00,53.9,-36.604691,174.802628,5
esp32_device_001,2026-05-20T21:13:37+12:00,53.1,-36.604698,174.802628,5
esp32_device_001,2026-05-20T21:13:42+12:00,53.3,-36.604694,174.802628,5
esp32_device_001,2026-05-20T21:13:47+12:00,53.5,-36.604691,174.802628,5
esp32_device_001,2026-05-20T21:13:52+12:00,54,-36.604691,174.802628,5
esp32_device_001,2026-05-20T21:13:57+12:00,54.3,-36.604691,174.802643,5
esp32_device_001,2026-05-20T21:14:02+12:00,55.2,-36.604687,174.802643,5
esp32_device_001,2026-05-20T21:14:07+12:00,56.7,-36.604679,174.802643,5
esp32_device_001,2026-05-20T21:14:12+12:00,56.8,-36.604675,174.802643,5
esp32_device_001,2026-05-20T21:14:17+12:00,58.3,-36.604671,174.802643,5
esp32_device_001,2026-05-20T21:14:22+12:00,59,-36.604671,174.802628,5
esp32_device_001,2026-05-20T21:14:27+12:00,59.7,-36.604668,174.802643,5
esp32_device_001,2026-05-20T21:14:32+12:00,62.2,-36.604652,174.802628,5
esp32_device_001,2026-05-20T21:14:37+12:00,65.5,-36.604641,174.802628,5
esp32_device_001,2026-05-20T21:14:42+12:00,68.2,-36.604637,174.802628,5
esp32_device_001,2026-05-20T21:14:47+12:00,68.8,-36.604645,174.802628,5
esp32_device_001,2026-05-20T21:14:52+12:00,70.3,-36.604637,174.802628,5
esp32_device_001,2026-05-20T21:14:57+12:00,70.5,-36.604626,174.802628,5
esp32_device_001,2026-05-20T21:15:02+12:00,73.1,-36.604618,174.802628,5
esp32_device_001,2026-05-20T21:15:07+12:00,75.2,-36.604607,174.802628,5
esp32_device_001,2026-05-20T21:15:54+12:00,52.7,-36.604721,174.802658,5
esp32_device_001,2026-05-20T21:15:59+12:00,52.3,-36.604721,174.802643,5
esp32_device_001,2026-05-20T21:16:04+12:00,52.4,-36.604713,174.802643,5
esp32_device_001,2026-05-20T21:16:09+12:00,52.1,-36.604717,174.802643,5
esp32_device_001,2026-05-20T21:16:14+12:00,50.4,-36.604725,174.802643,5
esp32_device_001,2026-05-20T21:16:19+12:00,50.3,-36.604729,174.802643,5
esp32_device_001,2026-05-20T21:16:24+12:00,50.2,-36.604729,174.802643,5
esp32_device_001,2026-05-20T21:16:29+12:00,50.4,-36.604729,174.802643,5
esp32_device_001,2026-05-20T21:16:34+12:00,49.5,-36.604736,174.802643,5
esp32_device_001,2026-05-20T21:16:39+12:00,48.9,-36.604744,174.802643,5
esp32_device_001,2026-05-20T21:16:44+12:00,48.5,-36.604755,174.802643,5
esp32_device_001,2026-05-20T21:16:49+12:00,47.8,-36.604763,174.802643,5
esp32_device_001,2026-05-20T21:16:54+12:00,46.5,-36.604774,174.802643,5
esp32_device_001,2026-05-20T21:16:59+12:00,46.8,-36.604771,174.802628,5
esp32_device_001,2026-05-20T21:17:04+12:00,47.1,-36.604763,174.802628,5
esp32_device_001,2026-05-20T21:17:09+12:00,47,-36.604763,174.802643,5
esp32_device_001,2026-05-20T21:17:14+12:00,47.6,-36.604755,174.802643,5
esp32_device_001,2026-05-20T21:17:19+12:00,48.4,-36.604755,174.802643,5
esp32_device_001,2026-05-20T21:17:24+12:00,50.3,-36.604755,174.802643,5
esp32_device_001,2026-05-20T21:17:29+12:00,52.6,-36.604748,174.802643,5
esp32_device_001,2026-05-20T21:17:34+12:00,53.5,-36.604744,174.802643,5
esp32_device_001,2026-05-20T21:17:39+12:00,54.3,-36.60474,174.802643,5
esp32_device_001,2026-05-20T21:17:44+12:00,55.8,-36.604729,174.802643,5
esp32_device_001,2026-05-20T21:17:49+12:00,56.9,-36.604721,174.802643,5
esp32_device_001,2026-05-20T21:17:54+12:00,58.7,-36.604713,174.802643,5
esp32_device_001,2026-05-20T21:17:59+12:00,60.8,-36.604702,174.802643,5
esp32_device_001,2026-05-20T21:18:04+12:00,62.7,-36.604698,174.802643,5
esp32_device_001,2026-05-20T21:18:09+12:00,64.8,-36.604687,174.802628,5
esp32_device_001,2026-05-20T21:18:14+12:00,66.5,-36.604679,174.802628,5
esp32_device_001,2026-05-20T21:18:19+12:00,67.3,-36.604675,174.802628,5
esp32_device_001,2026-05-20T21:18:24+12:00,67.5,-36.604675,174.802612,5
esp32_device_001,2026-05-20T21:18:29+12:00,67.9,-36.604679,174.802612,5
esp32_device_001,2026-05-20T21:18:34+12:00,67.7,-36.604679,174.802612,5
esp32_device_001,2026-05-20T21:18:39+12:00,68.1,-36.604679,174.802612,5
esp32_device_001,2026-05-20T21:18:44+12:00,68.2,-36.604679,174.802597,5
esp32_device_001,2026-05-20T21:18:49+12:00,68.5,-36.604679,174.802597,5
esp32_device_001,2026-05-20T21:18:54+12:00,68.4,-36.604679,174.802597,5
esp32_device_001,2026-05-20T21:18:59+12:00,68.2,-36.604679,174.802597,5
esp32_device_001,2026-05-20T21:19:04+12:00,68.5,-36.604679,174.802597,5
esp32_device_001,2026-05-20T21:19:09+12:00,68.8,-36.604679,174.802597,5
esp32_device_001,2026-05-20T21:19:14+12:00,68.5,-36.604679,174.802597,5
esp32_device_001,2026-05-20T21:19:19+12:00,67.8,-36.604679,174.802597,5
esp32_device_001,2026-05-20T21:19:24+12:00,67.6,-36.604679,174.802597,5
esp32_device_001,2026-05-20T21:19:29+12:00,67.9,-36.604679,174.802597,5
esp32_device_001,2026-05-20T21:19:34+12:00,68.7,-36.604675,174.802597,5
esp32_device_001,2026-05-20T21:19:39+12:00,69.2,-36.604671,174.802597,5
esp32_device_001,2026-05-20T21:19:44+12:00,69.7,-36.604668,174.802597,5
esp32_device_001,2026-05-20T21:19:49+12:00,69.8,-36.604668,174.802597,5
esp32_device_001,2026-05-20T21:19:54+12:00,68.4,-36.604671,174.802597,5
esp32_device_001,2026-05-20T21:19:59+12:00,68.8,-36.604668,174.802597,5
esp32_device_001,2026-05-20T21:20:04+12:00,70.7,-36.60466,174.802597,5
esp32_device_001,2026-05-20T21:20:09+12:00,71.5,-36.604652,174.802597,5
esp32_device_001,2026-05-20T21:20:35+12:00,75.2,-36.604641,174.802597,5
esp32_device_001,2026-05-20T21:20:40+12:00,76.5,-36.604637,174.802582,5
esp32_device_001,2026-05-20T21:20:45+12:00,77.5,-36.604637,174.802597,5
esp32_device_001,2026-05-20T21:20:50+12:00,77.6,-36.604641,174.802597,5
esp32_device_001,2026-05-20T21:20:55+12:00,77.9,-36.604637,174.802582,5
esp32_device_001,2026-05-20T21:21:00+12:00,78.2,-36.604641,174.802582,5
esp32_device_001,2026-05-20T21:21:05+12:00,78.4,-36.604645,174.802582,5
esp32_device_001,2026-05-20T21:21:10+12:00,79.5,-36.604652,174.802582,5
esp32_device_001,2026-05-20T21:21:15+12:00,80.5,-36.604652,174.802597,5
esp32_device_001,2026-05-20T21:21:20+12:00,81.1,-36.604652,174.802597,5
esp32_device_001,2026-05-20T21:21:25+12:00,82.7,-36.604645,174.802582,5
esp32_device_001,2026-05-20T21:21:30+12:00,84.2,-36.604649,174.802597,5
esp32_device_001,2026-05-20T21:21:35+12:00,84.3,-36.604645,174.802597,5
esp32_device_001,2026-05-20T21:21:40+12:00,84.2,-36.604652,174.802597,5
esp32_device_001,2026-05-20T21:21:45+12:00,80.9,-36.604687,174.802612,5
esp32_device_001,2026-05-20T21:21:50+12:00,79.4,-36.604683,174.802612,5
esp32_device_001,2026-05-20T21:21:55+12:00,80.3,-36.604679,174.802612,5
esp32_device_001,2026-05-20T21:22:00+12:00,82.3,-36.604671,174.802612,5
esp32_device_001,2026-05-20T21:22:05+12:00,82.7,-36.604679,174.802612,5
esp32_device_001,2026-05-20T21:22:10+12:00,82.3,-36.604668,174.802612,5
esp32_device_001,2026-05-20T21:22:15+12:00,81.4,-36.604671,174.802628,5
esp32_device_001,2026-05-20T21:22:20+12:00,79.8,-36.604679,174.802628,5
esp32_device_001,2026-05-20T21:22:25+12:00,77.1,-36.604668,174.802628,5
esp32_device_001,2026-05-20T21:22:30+12:00,76.2,-36.60466,174.802628,5
esp32_device_001,2026-05-20T21:22:35+12:00,73.6,-36.604652,174.802612,5
esp32_device_001,2026-05-20T21:22:40+12:00,71.6,-36.604652,174.802612,5
esp32_device_001,2026-05-20T21:22:45+12:00,69.3,-36.604656,174.802628,5
esp32_device_001,2026-05-20T21:22:50+12:00,67.4,-36.604668,174.802628,5
esp32_device_001,2026-05-20T21:22:55+12:00,65.5,-36.604668,174.802628,5
esp32_device_001,2026-05-20T21:23:00+12:00,64,-36.604664,174.802628,5
esp32_device_001,2026-05-20T21:23:05+12:00,63.1,-36.60466,174.802628,5
esp32_device_001,2026-05-20T21:23:10+12:00,61.6,-36.604664,174.802628,5
esp32_device_001,2026-05-20T21:23:15+12:00,60.6,-36.60466,174.802628,5
esp32_device_001,2026-05-20T21:23:20+12:00,60.4,-36.604656,174.802628,5
esp32_device_001,2026-05-20T21:23:25+12:00,61.5,-36.604652,174.802612,5
esp32_device_001,2026-05-20T21:23:30+12:00,63.5,-36.604649,174.802612,5
esp32_device_001,2026-05-20T21:23:35+12:00,65.8,-36.604652,174.802612,5
esp32_device_001,2026-05-20T21:23:40+12:00,67.6,-36.604652,174.802612,5
esp32_device_001,2026-05-20T21:23:45+12:00,69.8,-36.604652,174.802612,5
esp32_device_001,2026-05-20T21:23:50+12:00,71.8,-36.604649,174.802612,5
esp32_device_001,2026-05-20T21:23:55+12:00,71.8,-36.604649,174.802612,5
esp32_device_001,2026-05-20T21:24:00+12:00,71.9,-36.604649,174.802612,5
esp32_device_001,2026-05-20T21:24:05+12:00,72,-36.604641,174.802597,5
esp32_device_001,2026-05-20T21:24:10+12:00,72.5,-36.604641,174.802597,5
esp32_device_001,2026-05-20T21:24:15+12:00,73.7,-36.604637,174.802597,5
esp32_device_001,2026-05-20T21:24:20+12:00,74.2,-36.604633,174.802582,5
esp32_device_001,2026-05-20T21:24:25+12:00,74.9,-36.604633,174.802582,5
esp32_device_001,2026-05-20T21:24:30+12:00,75.1,-36.604637,174.802582,5
esp32_device_001,2026-05-20T21:24:35+12:00,75.7,-36.604637,174.802582,5
esp32_device_001,2026-05-20T21:24:40+12:00,75.6,-36.604637,174.802582,5
esp32_device_001,2026-05-20T21:24:45+12:00,75.3,-36.604637,174.802597,5
esp32_device_001,2026-05-20T21:24:50+12:00,74.9,-36.604641,174.802597,5
esp32_device_001,2026-05-20T21:24:55+12:00,73.7,-36.604645,174.802597,5
esp32_device_001,2026-05-20T21:25:00+12:00,73,-36.604645,174.802582,5
esp32_device_001,2026-05-20T21:25:05+12:00,71.5,-36.604637,174.802582,5
esp32_device_001,2026-05-20T21:25:10+12:00,71.7,-36.604637,174.802567,5
esp32_device_001,2026-05-20T21:29:15+12:00,61.4,-36.604713,174.802567,5
esp32_device_001,2026-05-20T21:29:25+12:00,67.7,-36.604683,174.802582,5
esp32_device_001,2026-05-20T21:29:30+12:00,71.8,-36.604664,174.802582,5
esp32_device_001,2026-05-20T21:29:35+12:00,75.2,-36.604645,174.802582,5
esp32_device_001,2026-05-20T21:29:40+12:00,76.7,-36.604633,174.802582,5
esp32_device_001,2026-05-20T21:29:45+12:00,76.8,-36.60463,174.802582,5
esp32_device_001,2026-05-20T21:29:50+12:00,77.6,-36.604622,174.802582,5
esp32_device_001,2026-05-20T21:29:55+12:00,77.8,-36.604626,174.802582,5
esp32_device_001,2026-05-20T21:30:00+12:00,78.2,-36.604618,174.802582,5
esp32_device_001,2026-05-20T21:30:05+12:00,77.3,-36.604618,174.802582,5
esp32_device_001,2026-05-20T21:30:10+12:00,77.1,-36.604618,174.802582,5
esp32_device_001,2026-05-20T21:30:15+12:00,78.3,-36.604603,174.802567,5
esp32_device_001,2026-05-20T21:30:20+12:00,78.7,-36.604599,174.802567,5
esp32_device_001,2026-05-20T21:30:25+12:00,78.2,-36.604607,174.802567,5
esp32_device_001,2026-05-20T21:30:30+12:00,77.3,-36.604614,174.802567,5
esp32_device_001,2026-05-20T21:30:35+12:00,75.6,-36.604622,174.802567,5
esp32_device_001,2026-05-20T21:30:40+12:00,74.4,-36.60463,174.802567,5
esp32_device_001,2026-05-20T21:30:45+12:00,73.4,-36.604633,174.802567,5
esp32_device_001,2026-05-20T21:30:50+12:00,73.8,-36.604633,174.802567,5
esp32_device_001,2026-05-20T21:30:55+12:00,73.1,-36.604633,174.802567,5
esp32_device_001,2026-05-20T21:31:00+12:00,71.4,-36.604637,174.802567,5
esp32_device_001,2026-05-20T21:31:05+12:00,70.5,-36.604645,174.802567,5
esp32_device_001,2026-05-20T21:31:10+12:00,68.9,-36.604649,174.802567,5
esp32_device_001,2026-05-20T21:31:15+12:00,67.4,-36.60466,174.802567,5
esp32_device_001,2026-05-20T21:31:20+12:00,66.8,-36.604664,174.802567,5
esp32_device_001,2026-05-20T21:31:25+12:00,65.9,-36.604668,174.802582,5
esp32_device_001,2026-05-20T21:31:30+12:00,64.9,-36.604675,174.802582,5
esp32_device_001,2026-05-20T21:31:35+12:00,64.1,-36.604679,174.802567,5
esp32_device_001,2026-05-20T21:31:40+12:00,63.6,-36.604687,174.802567,5
esp32_device_001,2026-05-20T21:31:45+12:00,63.4,-36.604687,174.802582,5
esp32_device_001,2026-05-20T21:31:50+12:00,62.7,-36.604691,174.802582,5
esp32_device_001,2026-05-20T21:31:55+12:00,62.3,-36.604694,174.802582,5
esp32_device_001,2026-05-20T21:32:00+12:00,62,-36.604694,174.802582,5
esp32_device_001,2026-05-20T21:32:05+12:00,61.8,-36.604691,174.802582,5
esp32_device_001,2026-05-20T21:32:10+12:00,61.8,-36.604687,174.802582,5
esp32_device_001,2026-05-20T21:32:15+12:00,60.9,-36.604691,174.802582,5
esp32_device_001,2026-05-20T21:32:20+12:00,59.9,-36.604691,174.802597,5
esp32_device_001,2026-05-20T21:32:25+12:00,60.1,-36.604683,174.802597,5
esp32_device_001,2026-05-20T21:32:30+12:00,60.2,-36.604679,174.802597,5
esp32_device_001,2026-05-20T21:32:35+12:00,60.4,-36.604679,174.802597,5
esp32_device_001,2026-05-20T21:32:40+12:00,60.4,-36.604675,174.802597,5
esp32_device_001,2026-05-20T21:32:45+12:00,60.2,-36.604679,174.802597,5
esp32_device_001,2026-05-20T21:32:50+12:00,60.1,-36.604679,174.802597,5
esp32_device_001,2026-05-20T21:32:55+12:00,60.6,-36.604675,174.802597,5
esp32_device_001,2026-05-20T21:33:00+12:00,60.6,-36.604671,174.802597,5
esp32_device_001,2026-05-20T21:33:05+12:00,60.3,-36.604675,174.802597,5
esp32_device_001,2026-05-20T21:33:10+12:00,61.4,-36.604671,174.802612,5
esp32_device_001,2026-05-20T21:33:15+12:00,61.9,-36.604668,174.802612,5
esp32_device_001,2026-05-20T21:33:20+12:00,61.9,-36.604671,174.802612,5
esp32_device_001,2026-05-20T21:33:25+12:00,61.3,-36.604671,174.802612,5
esp32_device_001,2026-05-20T21:33:30+12:00,62.1,-36.604675,174.802612,5
esp32_device_001,2026-05-20T21:33:35+12:00,63.3,-36.604675,174.802628,5
esp32_device_001,2026-05-20T21:33:40+12:00,64.1,-36.604679,174.802628,5
esp32_device_001,2026-05-20T21:33:45+12:00,65,-36.604679,174.802628,5
esp32_device_001,2026-05-20T21:33:50+12:00,66.2,-36.604679,174.802628,5
esp32_device_001,2026-05-20T21:33:55+12:00,67,-36.604671,174.802628,5
esp32_device_001,2026-05-20T21:34:00+12:00,67.6,-36.604668,174.802628,5
esp32_device_001,2026-05-20T21:34:05+12:00,67.2,-36.604664,174.802612,5
esp32_device_001,2026-05-20T21:34:10+12:00,67.1,-36.60466,174.802612,5
esp32_device_001,2026-05-20T21:36:16+12:00,56.7,-36.604721,174.802582,5
esp32_device_001,2026-05-20T21:36:26+12:00,55.2,-36.60474,174.802582,5
esp32_device_001,2026-05-20T21:36:31+12:00,55.6,-36.604736,174.802567,5
esp32_device_001,2026-05-20T21:36:36+12:00,55.7,-36.604733,174.802567,5
esp32_device_001,2026-05-20T21:36:41+12:00,55.4,-36.604748,174.802567,5
esp32_device_001,2026-05-20T21:36:46+12:00,54.9,-36.604767,174.802567,5
esp32_device_001,2026-05-20T21:36:51+12:00,54,-36.604782,174.802567,5
esp32_device_001,2026-05-20T21:36:56+12:00,52.9,-36.604782,174.802567,5
esp32_device_001,2026-05-20T21:37:01+12:00,50.6,-36.604786,174.802567,5
esp32_device_001,2026-05-20T21:37:06+12:00,48.7,-36.604778,174.802567,5
esp32_device_001,2026-05-20T21:37:11+12:00,46.2,-36.604778,174.802551,5
esp32_device_001,2026-05-20T21:37:16+12:00,42.8,-36.604782,174.802551,5
esp32_device_001,2026-05-20T21:37:21+12:00,41.7,-36.604782,174.802551,5
esp32_device_001,2026-05-20T21:37:26+12:00,41.1,-36.604782,174.802536,5
esp32_device_001,2026-05-20T21:37:31+12:00,41.6,-36.604771,174.802536,5
esp32_device_001,2026-05-20T21:37:36+12:00,42.2,-36.604767,174.802536,5
esp32_device_001,2026-05-20T21:37:41+12:00,44.7,-36.604755,174.802536,5
esp32_device_001,2026-05-20T21:37:46+12:00,46.8,-36.604755,174.802551,5
esp32_device_001,2026-05-20T21:37:51+12:00,48.6,-36.604748,174.802551,5
esp32_device_001,2026-05-20T21:37:56+12:00,49.4,-36.604748,174.802536,5
esp32_device_001,2026-05-20T21:38:01+12:00,48.8,-36.604748,174.802536,5
esp32_device_001,2026-05-20T21:38:06+12:00,48.7,-36.604748,174.802536,5
esp32_device_001,2026-05-20T21:38:11+12:00,49.1,-36.604744,174.802521,5
esp32_device_001,2026-05-20T21:38:16+12:00,50.2,-36.604744,174.802536,5
esp32_device_001,2026-05-20T21:38:21+12:00,51.4,-36.604748,174.802536,5
esp32_device_001,2026-05-20T21:38:26+12:00,50.2,-36.604755,174.802536,5
esp32_device_001,2026-05-20T21:38:31+12:00,50.1,-36.604752,174.802521,5
esp32_device_001,2026-05-20T21:38:36+12:00,48.7,-36.604744,174.802521,5
esp32_device_001,2026-05-20T21:38:41+12:00,50,-36.60474,174.802521,5
esp32_device_001,2026-05-20T21:38:46+12:00,49.8,-36.60474,174.802521,5
esp32_device_001,2026-05-20T21:38:51+12:00,49.3,-36.604744,174.802521,5
esp32_device_001,2026-05-20T21:38:56+12:00,48.3,-36.604748,174.802521,5
esp32_device_001,2026-05-20T21:39:01+12:00,49,-36.604744,174.802521,5
esp32_device_001,2026-05-20T21:39:06+12:00,49,-36.604748,174.802521,5
esp32_device_001,2026-05-20T21:39:11+12:00,49.8,-36.60474,174.802536,5
esp32_device_001,2026-05-20T21:39:16+12:00,51.5,-36.604729,174.802536,5
esp32_device_001,2026-05-20T21:39:21+12:00,52.7,-36.604725,174.802536,5
esp32_device_001,2026-05-20T21:39:26+12:00,54.1,-36.604721,174.802551,5
esp32_device_001,2026-05-20T21:39:31+12:00,55.3,-36.60471,174.802551,5
esp32_device_001,2026-05-20T21:39:36+12:00,55.5,-36.604706,174.802551,5
esp32_device_001,2026-05-20T21:39:41+12:00,55.6,-36.604702,174.802551,5
esp32_device_001,2026-05-20T21:39:46+12:00,56.1,-36.604706,174.802567,5
esp32_device_001,2026-05-20T21:39:51+12:00,56.3,-36.604721,174.802567,5
esp32_device_001,2026-05-20T21:39:56+12:00,56.3,-36.604725,174.802582,5
esp32_device_001,2026-05-20T21:40:01+12:00,56.9,-36.604725,174.802582,5
esp32_device_001,2026-05-20T21:40:06+12:00,56.5,-36.604736,174.802567,5
esp32_device_001,2026-05-20T21:40:11+12:00,55.2,-36.604748,174.802567,5
esp32_device_001,2026-05-20T21:40:16+12:00,54.8,-36.604752,174.802582,5
esp32_device_001,2026-05-20T21:40:21+12:00,53.2,-36.604748,174.802582,5
esp32_device_001,2026-05-20T21:40:26+12:00,51.6,-36.604752,174.802567,5
esp32_device_001,2026-05-20T21:40:31+12:00,50.6,-36.604759,174.802567,5
esp32_device_001,2026-05-20T21:40:36+12:00,50.5,-36.604752,174.802567,5
esp32_device_001,2026-05-20T21:40:41+12:00,50.8,-36.604748,174.802567,5
esp32_device_001,2026-05-20T21:40:46+12:00,51.6,-36.604744,174.802567,5
esp32_device_001,2026-05-20T21:40:51+12:00,49.4,-36.604744,174.802567,5
esp32_device_001,2026-05-20T21:40:56+12:00,48.2,-36.604752,174.802551,5
esp32_device_001,2026-05-20T21:41:01+12:00,46.8,-36.604752,174.802551,5
esp32_device_001,2026-05-20T21:41:06+12:00,46.3,-36.604755,174.802551,5
esp32_device_001,2026-05-20T21:41:11+12:00,44,-36.604763,174.802536,5
esp32_device_001,2026-05-20T21:41:22+12:00,44,-36.604767,174.802536,5
esp32_device_001,2026-05-20T21:42:42+12:00,44,-36.60474,174.802597,5
esp32_device_001,2026-05-20T21:44:17+12:00,61.7,-36.604691,174.802643,5
esp32_device_001,2026-05-20T21:44:27+12:00,63.5,-36.604683,174.802643,5
esp32_device_001,2026-05-20T21:44:32+12:00,63,-36.604687,174.802643,5
esp32_device_001,2026-05-20T21:44:37+12:00,62.3,-36.604687,174.802658,5
esp32_device_001,2026-05-20T21:44:42+12:00,61.2,-36.604691,174.802658,5
esp32_device_001,2026-05-20T21:44:47+12:00,60.8,-36.604691,174.802658,5
esp32_device_001,2026-05-20T21:44:52+12:00,60,-36.604694,174.802658,5
esp32_device_001,2026-05-20T21:44:57+12:00,59.9,-36.604694,174.802658,5
esp32_device_001,2026-05-20T21:45:02+12:00,58.4,-36.604702,174.802658,5
esp32_device_001,2026-05-20T21:45:07+12:00,56.9,-36.60471,174.802673,5
esp32_device_001,2026-05-20T21:45:12+12:00,54.8,-36.604713,174.802658,5
esp32_device_001,2026-05-20T21:45:17+12:00,54.1,-36.604717,174.802658,5
esp32_device_001,2026-05-20T21:45:22+12:00,55.5,-36.604713,174.802658,5
esp32_device_001,2026-05-20T21:45:27+12:00,57.5,-36.60471,174.802643,5
esp32_device_001,2026-05-20T21:45:32+12:00,55.3,-36.604713,174.802643,5
esp32_device_001,2026-05-20T21:45:37+12:00,56.6,-36.60471,174.802643,5
esp32_device_001,2026-05-20T21:45:42+12:00,57.4,-36.60471,174.802643,5
esp32_device_001,2026-05-20T21:45:47+12:00,57.4,-36.60471,174.802628,5
esp32_device_001,2026-05-20T21:45:52+12:00,57.4,-36.60471,174.802628,5
esp32_device_001,2026-05-20T21:45:57+12:00,57.9,-36.60471,174.802628,5
esp32_device_001,2026-05-20T21:46:02+12:00,58.1,-36.604706,174.802628,5
esp32_device_001,2026-05-20T21:46:07+12:00,58.4,-36.604706,174.802628,5
esp32_device_001,2026-05-20T21:46:12+12:00,59.2,-36.604706,174.802612,5
esp32_device_001,2026-05-20T21:46:17+12:00,58.4,-36.604706,174.802612,5
esp32_device_001,2026-05-20T21:46:22+12:00,58.7,-36.604702,174.802612,5
esp32_device_001,2026-05-20T21:46:27+12:00,58.2,-36.604702,174.802612,5
esp32_device_001,2026-05-20T21:46:32+12:00,54.1,-36.604702,174.802628,5
esp32_device_001,2026-05-20T21:46:37+12:00,49.8,-36.604702,174.802628,5
esp32_device_001,2026-05-20T21:46:42+12:00,45.5,-36.604706,174.802628,5
esp32_device_001,2026-05-20T21:46:47+12:00,43.7,-36.60471,174.802628,5
esp32_device_001,2026-05-20T21:46:52+12:00,44.1,-36.604713,174.802628,5
esp32_device_001,2026-05-20T21:46:57+12:00,39.7,-36.604725,174.802628,5
esp32_device_001,2026-05-20T21:47:02+12:00,41.1,-36.604729,174.802628,5
esp32_device_001,2026-05-20T21:47:07+12:00,42.1,-36.604733,174.802628,5
esp32_device_001,2026-05-20T21:47:12+12:00,45.6,-36.604733,174.802612,5
esp32_device_001,2026-05-20T21:47:17+12:00,47.6,-36.604736,174.802612,5
esp32_device_001,2026-05-20T21:47:22+12:00,48.8,-36.604744,174.802612,5
esp32_device_001,2026-05-20T21:47:27+12:00,46.9,-36.604752,174.802628,5
esp32_device_001,2026-05-20T21:47:32+12:00,45.9,-36.604755,174.802628,5
esp32_device_001,2026-05-20T21:47:37+12:00,47,-36.604744,174.802628,5
esp32_device_001,2026-05-20T21:47:42+12:00,47.8,-36.60474,174.802628,5
esp32_device_001,2026-05-20T21:47:47+12:00,48.3,-36.604733,174.802612,5
esp32_device_001,2026-05-20T21:47:52+12:00,48.6,-36.604733,174.802612,5
esp32_device_001,2026-05-20T21:47:57+12:00,47.5,-36.604736,174.802612,5
esp32_device_001,2026-05-20T21:48:02+12:00,48.6,-36.60474,174.802612,5
esp32_device_001,2026-05-20T21:48:07+12:00,47.3,-36.60474,174.802628,5
esp32_device_001,2026-05-20T21:48:12+12:00,39.2,-36.604755,174.802643,5
esp32_device_001,2026-05-20T21:48:17+12:00,33.8,-36.604763,174.802658,5
esp32_device_001,2026-05-20T21:48:22+12:00,34.2,-36.604755,174.802658,5
esp32_device_001,2026-05-20T21:48:27+12:00,34.1,-36.604748,174.802658,5
esp32_device_001,2026-05-20T21:48:32+12:00,38.2,-36.60474,174.802643,5
esp32_device_001,2026-05-20T21:48:37+12:00,41.7,-36.604736,174.802628,5
esp32_device_001,2026-05-20T21:48:42+12:00,33.5,-36.604759,174.802658,5
esp32_device_001,2026-05-20T21:48:47+12:00,15.5,-36.604794,174.802719,5
esp32_device_001,2026-05-20T21:48:52+12:00,21.6,-36.604782,174.802704,5
esp32_device_001,2026-05-20T21:48:57+12:00,29,-36.604778,174.802673,5
esp32_device_001,2026-05-20T21:49:02+12:00,32.2,-36.604771,174.802673,5
esp32_device_001,2026-05-20T21:49:07+12:00,34.6,-36.604763,174.802673,5
esp32_device_001,2026-05-20T21:49:12+12:00,38,-36.604759,174.802658,5
esp32_device_001,2026-05-20T21:49:18+12:00,38,-36.604755,174.802643,5
esp32_device_001,2026-05-20T21:49:23+12:00,38,-36.604759,174.802643,5
esp32_device_001,2026-05-20T21:49:28+12:00,38,-36.604771,174.802628,5
esp32_device_001,2026-05-20T21:49:33+12:00,38,-36.604778,174.802628,5
esp32_device_001,2026-05-20T21:49:38+12:00,38,-36.604774,174.802628,5
esp32_device_001,2026-05-20T21:49:43+12:00,38,-36.604774,174.802612,5
esp32_device_001,2026-05-20T21:49:48+12:00,38,-36.604771,174.802612,5
esp32_device_001,2026-05-20T21:49:53+12:00,38,-36.604767,174.802597,5
esp32_device_001,2026-05-20T21:49:58+12:00,38,-36.604767,174.802597,5
esp32_device_001,2026-05-20T21:50:03+12:00,38,-36.604763,174.802597,5
esp32_device_001,2026-05-20T21:50:08+12:00,38,-36.604755,174.802597,5
esp32_device_001,2026-05-20T21:50:13+12:00,38,-36.604748,174.802597,5
esp32_device_001,2026-05-20T21:50:18+12:00,38,-36.604748,174.802597,5
esp32_device_001,2026-05-20T21:50:23+12:00,38,-36.604744,174.802582,5
esp32_device_001,2026-05-20T21:50:28+12:00,38,-36.604736,174.802582,5
esp32_device_001,2026-05-20T21:50:33+12:00,38,-36.604729,174.802582,5
esp32_device_001,2026-05-20T21:50:38+12:00,38,-36.604729,174.802582,5
esp32_device_001,2026-05-20T21:50:43+12:00,38,-36.604717,174.802597,5
esp32_device_001,2026-05-20T21:50:48+12:00,38,-36.604713,174.802597,5
esp32_device_001,2026-05-20T21:50:53+12:00,38,-36.604713,174.802582,5
esp32_device_001,2026-05-20T21:50:58+12:00,38,-36.604717,174.802582,5
esp32_device_001,2026-05-20T21:51:03+12:00,38,-36.604713,174.802597,5
esp32_device_001,2026-05-20T21:51:08+12:00,38,-36.604717,174.802597,5
esp32_device_001,2026-05-20T21:51:13+12:00,38,-36.604725,174.802597,5
esp32_device_001,2026-05-20T21:51:18+12:00,38,-36.60474,174.802582,5
esp32_device_001,2026-05-20T21:51:23+12:00,38,-36.604748,174.802567,5
esp32_device_001,2026-05-20T21:51:28+12:00,38,-36.604744,174.802567,5
esp32_device_001,2026-05-20T21:51:33+12:00,38,-36.604744,174.802567,5
esp32_device_001,2026-05-20T21:51:38+12:00,38,-36.60474,174.802567,5
esp32_device_001,2026-05-20T21:51:43+12:00,38,-36.60474,174.802567,5
esp32_device_001,2026-05-20T21:51:48+12:00,38,-36.604736,174.802567,5
esp32_device_001,2026-05-20T21:51:53+12:00,38,-36.604744,174.802567,5
esp32_device_001,2026-05-20T21:51:58+12:00,38,-36.604748,174.802567,5
esp32_device_001,2026-05-20T21:52:03+12:00,59.9,-36.604748,174.802567,5
esp32_device_001,2026-05-20T21:52:08+12:00,59.9,-36.604748,174.802567,5
esp32_device_001,2026-05-20T21:52:13+12:00,59.9,-36.604748,174.802582,5
esp32_device_001,2026-05-20T21:52:18+12:00,59.9,-36.604752,174.802582,5
esp32_device_001,2026-05-20T21:52:23+12:00,59.9,-36.604755,174.802582,5
esp32_device_001,2026-05-20T21:52:28+12:00,59.9,-36.604755,174.802582,5
esp32_device_001,2026-05-20T21:52:33+12:00,59.9,-36.604752,174.802582,5
esp32_device_001,2026-05-20T21:52:38+12:00,59.9,-36.604748,174.802567,5
esp32_device_001,2026-05-20T21:52:43+12:00,59.9,-36.604748,174.802567,5
esp32_device_001,2026-05-20T21:52:48+12:00,59.9,-36.604748,174.802567,5
esp32_device_001,2026-05-20T21:52:53+12:00,59.9,-36.604748,174.802582,5
esp32_device_001,2026-05-20T21:52:58+12:00,58.9,-36.604744,174.802582,5
esp32_device_001,2026-05-20T21:53:03+12:00,58.9,-36.604736,174.802597,5
esp32_device_001,2026-05-20T21:53:08+12:00,58.9,-36.60474,174.802597,5
esp32_device_001,2026-05-20T21:53:13+12:00,58.9,-36.60474,174.802597,5
esp32_device_001,2026-05-20T21:53:18+12:00,58.9,-36.604744,174.802597,5
esp32_device_001,2026-05-20T21:53:23+12:00,58.9,-36.60474,174.802597,5
esp32_device_001,2026-05-20T21:53:28+12:00,58.9,-36.604748,174.802582,5
esp32_device_001,2026-05-20T21:53:33+12:00,58.9,-36.604752,174.802567,5
esp32_device_001,2026-05-20T21:53:38+12:00,58.9,-36.604752,174.802567,5
esp32_device_001,2026-05-20T21:53:43+12:00,58.9,-36.604755,174.802567,5
esp32_device_001,2026-05-20T21:53:48+12:00,58.9,-36.604748,174.802582,5
esp32_device_001,2026-05-20T21:53:53+12:00,58.9,-36.604744,174.802582,5
esp32_device_001,2026-05-20T21:53:58+12:00,58.9,-36.604744,174.802582,5
esp32_device_001,2026-05-20T21:54:03+12:00,58.9,-36.604748,174.802582,5
esp32_device_001,2026-05-20T21:54:08+12:00,58.9,-36.604755,174.802567,5
esp32_device_001,2026-05-20T21:54:13+12:00,58.9,-36.604752,174.802582,5
esp32_device_001,2026-05-20T21:54:18+12:00,58.9,-36.604759,174.802567,5
esp32_device_001,2026-05-20T21:54:23+12:00,58.9,-36.604767,174.802551,5
esp32_device_001,2026-05-20T21:54:28+12:00,58.9,-36.604759,174.802567,5
esp32_device_001,2026-05-20T21:54:33+12:00,58.9,-36.604759,174.802567,5
esp32_device_001,2026-05-20T21:54:38+12:00,58.9,-36.604752,174.802582,5
esp32_device_001,2026-05-20T21:54:43+12:00,58.9,-36.604748,174.802582,5
esp32_device_001,2026-05-20T21:54:48+12:00,58.9,-36.60474,174.802597,5
esp32_device_001,2026-05-20T21:54:53+12:00,58.9,-36.604733,174.802597,5
esp32_device_001,2026-05-20T21:54:58+12:00,58.9,-36.604729,174.802597,5
esp32_device_001,2026-05-20T21:55:03+12:00,58.9,-36.604729,174.802597,5
esp32_device_001,2026-05-20T21:55:08+12:00,58.9,-36.604729,174.802597,5
esp32_device_001,2026-05-20T21:55:13+12:00,58.9,-36.604733,174.802597,5
esp32_device_001,2026-05-20T21:55:18+12:00,58.9,-36.604729,174.802597,5
esp32_device_001,2026-05-20T21:55:23+12:00,56.3,-36.604721,174.802612,5
esp32_device_001,2026-05-20T21:55:28+12:00,55.7,-36.604717,174.802628,5
esp32_device_001,2026-05-20T21:55:33+12:00,55.7,-36.604717,174.802628,5
esp32_device_001,2026-05-20T21:55:38+12:00,55.7,-36.604721,174.802612,5
esp32_device_001,2026-05-20T21:55:43+12:00,55.7,-36.604713,174.802628,5
esp32_device_001,2026-05-20T21:55:48+12:00,55.7,-36.604713,174.802628,5
esp32_device_001,2026-05-20T21:55:53+12:00,55.7,-36.604713,174.802628,5
esp32_device_001,2026-05-20T21:55:58+12:00,56.4,-36.604721,174.802628,5
esp32_device_001,2026-05-20T21:56:03+12:00,56,-36.604725,174.802628,5
esp32_device_001,2026-05-20T21:56:08+12:00,56,-36.604729,174.802612,5
esp32_device_001,2026-05-20T21:56:13+12:00,55,-36.604733,174.802612,5
esp32_device_001,2026-05-20T21:56:18+12:00,53.3,-36.60474,174.802612,5
esp32_device_001,2026-05-20T21:56:23+12:00,51.2,-36.604748,174.802612,5
esp32_device_001,2026-05-20T21:56:28+12:00,50.2,-36.604752,174.802612,5
esp32_device_001,2026-05-20T21:56:33+12:00,49.6,-36.604752,174.802612,5
esp32_device_001,2026-05-20T21:56:38+12:00,50.5,-36.604748,174.802612,5
esp32_device_001,2026-05-20T21:56:43+12:00,52.1,-36.60474,174.802597,5
esp32_device_001,2026-05-20T21:56:48+12:00,54.6,-36.604733,174.802597,5
esp32_device_001,2026-05-20T21:56:53+12:00,55.7,-36.604725,174.802597,5
esp32_device_001,2026-05-20T21:56:58+12:00,57.2,-36.604717,174.802597,5
esp32_device_001,2026-05-20T21:57:03+12:00,56.5,-36.604717,174.802612,5
esp32_device_001,2026-05-20T21:57:08+12:00,55.2,-36.604717,174.802612,5
esp32_device_001,2026-05-20T21:57:13+12:00,54.2,-36.604721,174.802612,5
esp32_device_001,2026-05-20T21:57:18+12:00,54.5,-36.604721,174.802612,5
esp32_device_001,2026-05-20T21:57:23+12:00,54.1,-36.604713,174.802628,5
esp32_device_001,2026-05-20T21:57:28+12:00,53.9,-36.604706,174.802643,5
esp32_device_001,2026-05-20T21:57:33+12:00,53.5,-36.604706,174.802643,5
esp32_device_001,2026-05-20T21:57:38+12:00,52.6,-36.604706,174.802658,5
esp32_device_001,2026-05-20T21:57:43+12:00,52.1,-36.604706,174.802658,5
esp32_device_001,2026-05-20T21:57:48+12:00,52.4,-36.604706,174.802643,5
esp32_device_001,2026-05-20T21:57:53+12:00,51.3,-36.60471,174.802658,5
esp32_device_001,2026-05-20T21:57:58+12:00,50.2,-36.604713,174.802658,5
esp32_device_001,2026-05-20T21:58:03+12:00,50.5,-36.604721,174.802643,5
esp32_device_001,2026-05-20T21:58:08+12:00,50.3,-36.604725,174.802628,5
esp32_device_001,2026-05-20T21:58:13+12:00,50.5,-36.604725,174.802612,5
esp32_device_001,2026-05-20T21:58:18+12:00,51.6,-36.604721,174.802597,5
esp32_device_001,2026-05-20T21:58:23+12:00,50.2,-36.604725,174.802597,5
esp32_device_001,2026-05-20T21:58:28+12:00,50.5,-36.604725,174.802582,5
esp32_device_001,2026-05-20T21:58:33+12:00,52.1,-36.604721,174.802582,5
esp32_device_001,2026-05-20T21:58:38+12:00,52.6,-36.604717,174.802582,5
esp32_device_001,2026-05-20T21:58:43+12:00,52.9,-36.60471,174.802597,5
esp32_device_001,2026-05-20T21:58:48+12:00,53.8,-36.604702,174.802597,5
esp32_device_001,2026-05-20T21:58:53+12:00,54,-36.604702,174.802597,5
esp32_device_001,2026-05-20T21:58:58+12:00,53.1,-36.60471,174.802582,5
esp32_device_001,2026-05-20T21:59:03+12:00,53.1,-36.604717,174.802582,5
esp32_device_001,2026-05-20T21:59:08+12:00,53.1,-36.604725,174.802567,5
esp32_device_001,2026-05-20T21:59:13+12:00,53.1,-36.604729,174.802567,5
esp32_device_001,2026-05-20T21:59:57+12:00,55.9,-36.604721,174.802567,5
esp32_device_001,2026-05-20T22:00:02+12:00,57.6,-36.604721,174.802582,5
esp32_device_001,2026-05-20T22:00:07+12:00,58.5,-36.604721,174.802582,5
esp32_device_001,2026-05-20T22:00:12+12:00,58.9,-36.604721,174.802582,5
esp32_device_001,2026-05-20T22:00:17+12:00,58.5,-36.604721,174.802582,5
esp32_device_001,2026-05-20T22:00:22+12:00,56.2,-36.604721,174.802582,5
esp32_device_001,2026-05-20T22:00:27+12:00,54.5,-36.604725,174.802582,5
esp32_device_001,2026-05-20T22:00:32+12:00,55.1,-36.604721,174.802582,5
esp32_device_001,2026-05-20T22:00:37+12:00,54.4,-36.604721,174.802582,5
esp32_device_001,2026-05-20T22:00:42+12:00,53.8,-36.604725,174.802582,5
esp32_device_001,2026-05-20T22:00:47+12:00,53.8,-36.604725,174.802582,5
esp32_device_001,2026-05-20T22:00:52+12:00,53.9,-36.604725,174.802582,5
esp32_device_001,2026-05-20T22:00:57+12:00,53.2,-36.604725,174.802582,5
esp32_device_001,2026-05-20T22:01:02+12:00,52.3,-36.604725,174.802582,5
esp32_device_001,2026-05-20T22:01:07+12:00,51.3,-36.604725,174.802582,5
esp32_device_001,2026-05-20T22:01:12+12:00,50.6,-36.604725,174.802582,5
esp32_device_001,2026-05-20T22:01:17+12:00,50.6,-36.604725,174.802582,5
esp32_device_001,2026-05-20T22:01:22+12:00,50.9,-36.604725,174.802582,5
esp32_device_001,2026-05-20T22:01:27+12:00,51.1,-36.604729,174.802582,5
esp32_device_001,2026-05-20T22:01:32+12:00,50.7,-36.604729,174.802582,5
esp32_device_001,2026-05-20T22:01:37+12:00,51.3,-36.604729,174.802582,5
esp32_device_001,2026-05-20T22:01:42+12:00,51.9,-36.604725,174.802582,5
esp32_device_001,2026-05-20T22:01:47+12:00,51.1,-36.604725,174.802582,5
esp32_device_001,2026-05-20T22:01:52+12:00,50.3,-36.604729,174.802582,5
esp32_device_001,2026-05-20T22:01:57+12:00,50.3,-36.604729,174.802582,5
esp32_device_001,2026-05-20T22:02:02+12:00,50,-36.604725,174.802582,5
esp32_device_001,2026-05-20T22:02:07+12:00,48.9,-36.604729,174.802597,5
esp32_device_001,2026-05-20T22:02:12+12:00,49.2,-36.604729,174.802597,5
esp32_device_001,2026-05-20T22:02:17+12:00,48.4,-36.604733,174.802597,5
esp32_device_001,2026-05-20T22:02:22+12:00,47.6,-36.604729,174.802612,5
esp32_device_001,2026-05-20T22:02:27+12:00,47.1,-36.604725,174.802612,5
esp32_device_001,2026-05-20T22:02:32+12:00,49.1,-36.604725,174.802612,5
esp32_device_001,2026-05-20T22:02:37+12:00,50.4,-36.604725,174.802612,5
esp32_device_001,2026-05-20T22:02:42+12:00,53.7,-36.604721,174.802612,5
esp32_device_001,2026-05-20T22:02:47+12:00,56.7,-36.604717,174.802597,5
esp32_device_001,2026-05-20T22:02:52+12:00,57.8,-36.604721,174.802597,5
esp32_device_001,2026-05-20T22:02:57+12:00,60.5,-36.604717,174.802597,5
esp32_device_001,2026-05-20T22:03:02+12:00,60.9,-36.604717,174.802597,5
esp32_device_001,2026-05-20T22:03:07+12:00,61.3,-36.604713,174.802612,5
esp32_device_001,2026-05-20T22:03:12+12:00,58.5,-36.604717,174.802612,5
esp32_device_001,2026-05-20T22:03:17+12:00,55.7,-36.604713,174.802612,5
esp32_device_001,2026-05-20T22:03:22+12:00,54.7,-36.604717,174.802612,5
esp32_device_001,2026-05-20T22:03:27+12:00,55.7,-36.604713,174.802612,5
esp32_device_001,2026-05-20T22:03:32+12:00,57.8,-36.604713,174.802612,5
esp32_device_001,2026-05-20T22:03:37+12:00,60,-36.60471,174.802612,5
esp32_device_001,2026-05-20T22:03:42+12:00,59.5,-36.60471,174.802612,5
esp32_device_001,2026-05-20T22:03:47+12:00,58.6,-36.60471,174.802612,5
esp32_device_001,2026-05-20T22:03:52+12:00,57.7,-36.60471,174.802612,5
esp32_device_001,2026-05-20T22:03:57+12:00,55.1,-36.60471,174.802612,5
esp32_device_001,2026-05-20T22:04:02+12:00,52.7,-36.60471,174.802628,5
esp32_device_001,2026-05-20T22:04:07+12:00,51.1,-36.604706,174.802612,5
esp32_device_001,2026-05-20T22:04:12+12:00,49.7,-36.604706,174.802612,5
