dev_esp32,timestamp,altitude,latitude,longitude,journey_id
esp32_device_001,2026-05-21T06:54:52+12:00,59.8,-36.60474,174.802582,1
esp32_device_001,2026-05-21T06:55:02+12:00,57.8,-36.604752,174.802582,1
esp32_device_001,2026-05-21T06:55:07+12:00,56.5,-36.604755,174.802582,1
esp32_device_001,2026-05-21T06:55:12+12:00,55,-36.604759,174.802582,1
esp32_device_001,2026-05-21T06:55:17+12:00,53.4,-36.604763,174.802582,1
esp32_device_001,2026-05-21T06:55:22+12:00,53.4,-36.604759,174.802582,1
esp32_device_001,2026-05-21T06:55:27+12:00,53,-36.604763,174.802582,1
esp32_device_001,2026-05-21T06:55:32+12:00,52.2,-36.604763,174.802567,1
esp32_device_001,2026-05-21T06:55:37+12:00,51.5,-36.604771,174.802567,1
esp32_device_001,2026-05-21T06:55:42+12:00,52.7,-36.604759,174.802567,1
esp32_device_001,2026-05-21T06:55:47+12:00,55.6,-36.60474,174.802567,1
esp32_device_001,2026-05-21T06:55:52+12:00,57.7,-36.604721,174.802582,1
esp32_device_001,2026-05-21T06:55:57+12:00,58.9,-36.60471,174.802582,1
esp32_device_001,2026-05-21T06:56:02+12:00,57.9,-36.60471,174.802582,1
esp32_device_001,2026-05-21T06:56:07+12:00,57.6,-36.604706,174.802582,1
esp32_device_001,2026-05-21T06:56:12+12:00,57.4,-36.604706,174.802567,1
esp32_device_001,2026-05-21T06:56:17+12:00,56.9,-36.60471,174.802567,1
esp32_device_001,2026-05-21T06:56:22+12:00,56.1,-36.604713,174.802567,1
esp32_device_001,2026-05-21T06:56:27+12:00,56.7,-36.60471,174.802567,1
esp32_device_001,2026-05-21T06:56:32+12:00,55.5,-36.604717,174.802567,1
esp32_device_001,2026-05-21T06:56:37+12:00,54.3,-36.604725,174.802567,1
esp32_device_001,2026-05-21T06:56:42+12:00,55.1,-36.604713,174.802582,1
esp32_device_001,2026-05-21T06:56:47+12:00,56.4,-36.60471,174.802582,1
esp32_device_001,2026-05-21T06:56:52+12:00,55.7,-36.604713,174.802582,1
esp32_device_001,2026-05-21T06:56:57+12:00,54.2,-36.604725,174.802582,1
esp32_device_001,2026-05-21T06:57:02+12:00,59.3,-36.604702,174.802582,1
esp32_device_001,2026-05-21T06:57:07+12:00,60.1,-36.604698,174.802582,1
esp32_device_001,2026-05-21T06:57:12+12:00,59.3,-36.604706,174.802582,1
esp32_device_001,2026-05-21T06:57:17+12:00,59.5,-36.604702,174.802597,1
esp32_device_001,2026-05-21T06:57:22+12:00,59.5,-36.604706,174.802582,1
esp32_device_001,2026-05-21T06:57:27+12:00,59.3,-36.604706,174.802582,1
esp32_device_001,2026-05-21T06:57:32+12:00,59.8,-36.60471,174.802582,1
esp32_device_001,2026-05-21T06:57:37+12:00,60.6,-36.604706,174.802582,1
esp32_device_001,2026-05-21T06:57:42+12:00,61.2,-36.604706,174.802582,1
esp32_device_001,2026-05-21T06:57:47+12:00,61.7,-36.604702,174.802582,1
esp32_device_001,2026-05-21T06:57:52+12:00,60.5,-36.604713,174.802582,1
esp32_device_001,2026-05-21T06:57:57+12:00,57.2,-36.604733,174.802582,1
esp32_device_001,2026-05-21T06:58:02+12:00,54,-36.604752,174.802567,1
esp32_device_001,2026-05-21T06:58:07+12:00,51.8,-36.604763,174.802567,1
esp32_device_001,2026-05-21T06:58:12+12:00,49.1,-36.604778,174.802567,1
esp32_device_001,2026-05-21T06:58:17+12:00,44.7,-36.604805,174.802551,1
esp32_device_001,2026-05-21T06:58:22+12:00,42.5,-36.604809,174.802551,1
esp32_device_001,2026-05-21T06:58:27+12:00,42.5,-36.604801,174.802567,1
esp32_device_001,2026-05-21T06:58:32+12:00,41.8,-36.604801,174.802567,1
esp32_device_001,2026-05-21T06:58:37+12:00,41.7,-36.604809,174.802551,1
esp32_device_001,2026-05-21T06:58:42+12:00,41.3,-36.604813,174.802551,1
esp32_device_001,2026-05-21T06:58:47+12:00,42.1,-36.604813,174.802551,1
esp32_device_001,2026-05-21T06:58:52+12:00,43.1,-36.604813,174.802551,1
esp32_device_001,2026-05-21T06:58:57+12:00,43.8,-36.604813,174.802536,1
esp32_device_001,2026-05-21T06:59:02+12:00,46.2,-36.604801,174.802536,1
esp32_device_001,2026-05-21T06:59:07+12:00,50.6,-36.604771,174.802551,1
esp32_device_001,2026-05-21T06:59:12+12:00,55.3,-36.604736,174.802567,1
esp32_device_001,2026-05-21T06:59:17+12:00,59.1,-36.60471,174.802582,1
esp32_device_001,2026-05-21T06:59:22+12:00,61.4,-36.604694,174.802582,1
esp32_device_001,2026-05-21T06:59:27+12:00,62.3,-36.604691,174.802582,1
esp32_device_001,2026-05-21T06:59:32+12:00,64,-36.604675,174.802597,1
esp32_device_001,2026-05-21T06:59:37+12:00,62.3,-36.604683,174.802597,1
esp32_device_001,2026-05-21T06:59:42+12:00,61.7,-36.604683,174.802597,1
esp32_device_001,2026-05-21T06:59:47+12:00,60.4,-36.604691,174.802582,1
esp32_device_001,2026-05-21T06:59:52+12:00,60.2,-36.604694,174.802582,1
esp32_device_001,2026-05-21T06:59:57+12:00,59.6,-36.604698,174.802582,1
esp32_device_001,2026-05-21T07:00:02+12:00,58.6,-36.604702,174.802582,1
esp32_device_001,2026-05-21T07:00:07+12:00,59.7,-36.604694,174.802582,1
esp32_device_001,2026-05-21T07:00:12+12:00,59.5,-36.604698,174.802582,1
esp32_device_001,2026-05-21T07:00:17+12:00,60.6,-36.604694,174.802582,1
esp32_device_001,2026-05-21T07:00:22+12:00,62.9,-36.604687,174.802582,1
esp32_device_001,2026-05-21T07:00:27+12:00,65.7,-36.604671,174.802582,1
esp32_device_001,2026-05-21T07:00:32+12:00,67.5,-36.604664,174.802597,1
esp32_device_001,2026-05-21T07:00:37+12:00,68.4,-36.604656,174.802597,1
esp32_device_001,2026-05-21T07:00:42+12:00,68.8,-36.604649,174.802597,1
esp32_device_001,2026-05-21T07:00:47+12:00,68.4,-36.604649,174.802597,1
esp32_device_001,2026-05-21T07:00:52+12:00,68.8,-36.604645,174.802597,1
esp32_device_001,2026-05-21T07:00:57+12:00,70,-36.604637,174.802612,1
esp32_device_001,2026-05-21T07:01:02+12:00,68.7,-36.604649,174.802597,1
esp32_device_001,2026-05-21T07:01:07+12:00,70.1,-36.604637,174.802612,1
esp32_device_001,2026-05-21T07:01:12+12:00,71.5,-36.60463,174.802612,1
esp32_device_001,2026-05-21T07:01:17+12:00,72.5,-36.60463,174.802612,1
esp32_device_001,2026-05-21T07:01:22+12:00,71,-36.604645,174.802612,1
esp32_device_001,2026-05-21T07:01:27+12:00,58.5,-36.604733,174.802567,1
esp32_device_001,2026-05-21T07:01:32+12:00,49,-36.604797,174.802536,1
esp32_device_001,2026-05-21T07:01:37+12:00,41.3,-36.604843,174.802521,1
esp32_device_001,2026-05-21T07:01:42+12:00,35,-36.604885,174.802505,1
esp32_device_001,2026-05-21T07:01:47+12:00,34.6,-36.604877,174.802521,1
esp32_device_001,2026-05-21T07:01:52+12:00,33.6,-36.604885,174.802521,1
esp32_device_001,2026-05-21T07:01:57+12:00,32.6,-36.604897,174.802505,1
esp32_device_001,2026-05-21T07:02:02+12:00,32.2,-36.6049,174.802505,1
esp32_device_001,2026-05-21T07:02:07+12:00,33.3,-36.604893,174.802521,1
esp32_device_001,2026-05-21T07:02:12+12:00,36,-36.60487,174.802536,1
esp32_device_001,2026-05-21T07:02:17+12:00,37.3,-36.604862,174.802536,1
esp32_device_001,2026-05-21T07:02:22+12:00,38.6,-36.604851,174.802536,1
esp32_device_001,2026-05-21T07:02:27+12:00,40.2,-36.604843,174.802551,1
esp32_device_001,2026-05-21T07:02:32+12:00,42.8,-36.604824,174.802551,1
esp32_device_001,2026-05-21T07:02:37+12:00,46,-36.604801,174.802567,1
esp32_device_001,2026-05-21T07:02:42+12:00,47.6,-36.604794,174.802567,1
esp32_device_001,2026-05-21T07:02:47+12:00,51.1,-36.604767,174.802567,1
esp32_device_001,2026-05-21T07:02:52+12:00,53.8,-36.604748,174.802582,1
esp32_device_001,2026-05-21T07:02:57+12:00,54.6,-36.604744,174.802582,1
esp32_device_001,2026-05-21T07:03:02+12:00,55.4,-36.604736,174.802597,1
esp32_device_001,2026-05-21T07:03:07+12:00,55.8,-36.604729,174.802597,1
esp32_device_001,2026-05-21T07:03:12+12:00,55.6,-36.604725,174.802597,1
esp32_device_001,2026-05-21T07:03:17+12:00,54.6,-36.604729,174.802597,1
esp32_device_001,2026-05-21T07:03:22+12:00,53.5,-36.604733,174.802597,1
esp32_device_001,2026-05-21T07:03:27+12:00,52.2,-36.60474,174.802597,1
esp32_device_001,2026-05-21T07:03:32+12:00,51.3,-36.604748,174.802597,1
esp32_device_001,2026-05-21T07:03:37+12:00,51.1,-36.604755,174.802597,1
esp32_device_001,2026-05-21T07:03:42+12:00,50.9,-36.604759,174.802597,1
esp32_device_001,2026-05-21T07:03:47+12:00,51.2,-36.604759,174.802597,1
esp32_device_001,2026-05-21T07:03:52+12:00,51.9,-36.604752,174.802597,1
esp32_device_001,2026-05-21T07:03:57+12:00,52.9,-36.604748,174.802597,1
esp32_device_001,2026-05-21T07:04:02+12:00,52.7,-36.604755,174.802597,1
esp32_device_001,2026-05-21T07:04:07+12:00,52.8,-36.604755,174.802597,1
esp32_device_001,2026-05-21T07:04:12+12:00,51.6,-36.604759,174.802597,1
esp32_device_001,2026-05-21T07:04:17+12:00,48.9,-36.604774,174.802597,1
esp32_device_001,2026-05-21T07:04:22+12:00,47.8,-36.604786,174.802597,1
esp32_device_001,2026-05-21T07:04:27+12:00,47.4,-36.604794,174.802597,1
esp32_device_001,2026-05-21T07:04:32+12:00,46.8,-36.604797,174.802597,1
esp32_device_001,2026-05-21T07:04:37+12:00,46.4,-36.604801,174.802582,1
esp32_device_001,2026-05-21T07:04:42+12:00,49.4,-36.604778,174.802597,1
esp32_device_001,2026-05-21T07:04:47+12:00,49.3,-36.604763,174.802612,1
esp32_device_001,2026-05-21T07:04:52+12:00,48.7,-36.604767,174.802612,1
esp32_device_001,2026-05-21T07:04:57+12:00,50.3,-36.604748,174.802612,1
esp32_device_001,2026-05-21T07:05:02+12:00,51.9,-36.604736,174.802612,1
esp32_device_001,2026-05-21T07:05:07+12:00,59.4,-36.604679,174.802643,1
esp32_device_001,2026-05-21T07:05:12+12:00,63,-36.604641,174.802658,1
esp32_device_001,2026-05-21T07:05:17+12:00,69.4,-36.604588,174.802689,1
esp32_device_001,2026-05-21T07:05:22+12:00,70.2,-36.604588,174.802689,1
esp32_device_001,2026-05-21T07:05:27+12:00,70.9,-36.604595,174.802673,1
esp32_device_001,2026-05-21T07:05:32+12:00,69.8,-36.604584,174.802673,1
esp32_device_001,2026-05-21T07:05:37+12:00,69.8,-36.604595,174.802673,1
esp32_device_001,2026-05-21T07:05:42+12:00,67.2,-36.604607,174.802658,1
esp32_device_001,2026-05-21T07:05:47+12:00,65.5,-36.604641,174.802628,1
esp32_device_001,2026-05-21T07:05:52+12:00,63.7,-36.60466,174.802612,1
esp32_device_001,2026-05-21T07:05:57+12:00,62.7,-36.604668,174.802612,1
esp32_device_001,2026-05-21T07:06:02+12:00,62.1,-36.604679,174.802597,1
esp32_device_001,2026-05-21T07:06:07+12:00,63.3,-36.604679,174.802597,1
esp32_device_001,2026-05-21T07:06:12+12:00,62.9,-36.604683,174.802597,1
esp32_device_001,2026-05-21T07:06:17+12:00,62.5,-36.604691,174.802582,1
esp32_device_001,2026-05-21T07:06:22+12:00,62.5,-36.604694,174.802582,1
esp32_device_001,2026-05-21T07:06:27+12:00,61.6,-36.604698,174.802582,1
esp32_device_001,2026-05-21T07:06:32+12:00,62.2,-36.604698,174.802582,1
esp32_device_001,2026-05-21T07:06:37+12:00,62.4,-36.604698,174.802582,1
esp32_device_001,2026-05-21T07:06:42+12:00,63.5,-36.604702,174.802582,1
esp32_device_001,2026-05-21T07:06:52+12:00,62.4,-36.60471,174.802567,1
esp32_device_001,2026-05-21T07:06:57+12:00,60.6,-36.604713,174.802567,1
esp32_device_001,2026-05-21T07:07:07+12:00,60.1,-36.604717,174.802567,1
esp32_device_001,2026-05-21T07:07:12+12:00,59.4,-36.604721,174.802567,1
esp32_device_001,2026-05-21T07:07:17+12:00,58.1,-36.604729,174.802582,1
esp32_device_001,2026-05-21T07:07:22+12:00,57.3,-36.604736,174.802567,1
esp32_device_001,2026-05-21T07:07:27+12:00,56.6,-36.604736,174.802567,1
esp32_device_001,2026-05-21T07:07:37+12:00,52.8,-36.60474,174.802567,1
esp32_device_001,2026-05-21T07:07:42+12:00,51.9,-36.604752,174.802567,1
esp32_device_001,2026-05-21T07:07:47+12:00,49.9,-36.604755,174.802567,1
esp32_device_001,2026-05-21T07:07:52+12:00,48.4,-36.604763,174.802567,1
esp32_device_001,2026-05-21T07:07:57+12:00,47.9,-36.604759,174.802567,1
esp32_device_001,2026-05-21T07:08:02+12:00,46.6,-36.604755,174.802567,1
esp32_device_001,2026-05-21T07:08:07+12:00,44.5,-36.604771,174.802567,1
esp32_device_001,2026-05-21T07:08:12+12:00,42.9,-36.604782,174.802567,1
esp32_device_001,2026-05-21T07:08:17+12:00,43.3,-36.60479,174.802567,1
esp32_device_001,2026-05-21T07:08:22+12:00,43,-36.604782,174.802567,1
esp32_device_001,2026-05-21T07:08:27+12:00,41.8,-36.604782,174.802567,1
esp32_device_001,2026-05-21T07:08:32+12:00,40.1,-36.604778,174.802582,1
esp32_device_001,2026-05-21T07:08:37+12:00,39.4,-36.604774,174.802582,1
esp32_device_001,2026-05-21T07:08:42+12:00,39.8,-36.604797,174.802582,1
esp32_device_001,2026-05-21T07:08:47+12:00,38.8,-36.604813,174.802567,1
esp32_device_001,2026-05-21T07:08:52+12:00,37.3,-36.60482,174.802567,1
esp32_device_001,2026-05-21T07:08:57+12:00,35.3,-36.604824,174.802567,1
esp32_device_001,2026-05-21T07:09:02+12:00,34,-36.604832,174.802567,1
esp32_device_001,2026-05-21T07:09:07+12:00,33.7,-36.604843,174.802567,1
esp32_device_001,2026-05-21T07:09:12+12:00,33.8,-36.604843,174.802567,1
esp32_device_001,2026-05-21T07:09:17+12:00,34.6,-36.604836,174.802582,1
esp32_device_001,2026-05-21T07:09:22+12:00,36.5,-36.604839,174.802582,1
esp32_device_001,2026-05-21T07:09:27+12:00,37.9,-36.604839,174.802582,1
esp32_device_001,2026-05-21T07:09:32+12:00,38.7,-36.604824,174.802582,1
esp32_device_001,2026-05-21T07:09:37+12:00,41.4,-36.604801,174.802597,1
esp32_device_001,2026-05-21T07:09:47+12:00,47.1,-36.604771,174.802612,1
esp32_device_001,2026-05-21T07:09:52+12:00,49.7,-36.604767,174.802612,1
esp32_device_001,2026-05-21T07:10:02+12:00,50.5,-36.604752,174.802612,1
esp32_device_001,2026-05-21T07:10:07+12:00,49.9,-36.604744,174.802612,1
esp32_device_001,2026-05-21T07:10:12+12:00,50.6,-36.604748,174.802612,1
esp32_device_001,2026-05-21T07:10:17+12:00,51.7,-36.60474,174.802612,1
esp32_device_001,2026-05-21T07:10:22+12:00,52.5,-36.604713,174.802628,1
esp32_device_001,2026-05-21T07:10:27+12:00,54.7,-36.604698,174.802628,1
esp32_device_001,2026-05-21T07:10:32+12:00,56.3,-36.604671,174.802643,1
esp32_device_001,2026-05-21T07:10:37+12:00,56,-36.604671,174.802643,1
esp32_device_001,2026-05-21T07:10:42+12:00,57.2,-36.604683,174.802628,1
esp32_device_001,2026-05-21T07:10:47+12:00,59.3,-36.604694,174.802628,1
esp32_device_001,2026-05-21T07:10:52+12:00,60.6,-36.604702,174.802628,1
esp32_device_001,2026-05-21T07:10:57+12:00,60.4,-36.60471,174.802612,1
esp32_device_001,2026-05-21T07:11:02+12:00,59.6,-36.604717,174.802612,1
esp32_device_001,2026-05-21T07:11:07+12:00,58,-36.60474,174.802612,1
esp32_device_001,2026-05-21T07:11:12+12:00,55.1,-36.604748,174.802597,1
esp32_device_001,2026-05-21T07:11:17+12:00,55.6,-36.604763,174.802597,1
esp32_device_001,2026-05-21T07:11:22+12:00,55.3,-36.604763,174.802597,1
esp32_device_001,2026-05-21T07:11:27+12:00,55.1,-36.604771,174.802597,1
esp32_device_001,2026-05-21T07:11:32+12:00,54,-36.604794,174.802582,1
esp32_device_001,2026-05-21T07:11:37+12:00,52.7,-36.604794,174.802582,1
esp32_device_001,2026-05-21T07:11:42+12:00,52.3,-36.604805,174.802582,1
esp32_device_001,2026-05-21T07:11:47+12:00,52.1,-36.604813,174.802582,1
esp32_device_001,2026-05-21T07:11:52+12:00,50.5,-36.604828,174.802567,1
esp32_device_001,2026-05-21T07:11:57+12:00,50.1,-36.604836,174.802567,1
esp32_device_001,2026-05-21T07:12:07+12:00,49,-36.604843,174.802551,1
esp32_device_001,2026-05-21T07:12:12+12:00,48.3,-36.604855,174.802551,1
esp32_device_001,2026-05-21T07:12:17+12:00,47.7,-36.60487,174.802551,1
esp32_device_001,2026-05-21T07:12:22+12:00,48,-36.60487,174.802551,1
esp32_device_001,2026-05-21T07:12:27+12:00,48.2,-36.60487,174.802551,1
esp32_device_001,2026-05-21T07:12:32+12:00,47.8,-36.604862,174.802551,1
esp32_device_001,2026-05-21T07:12:37+12:00,47.2,-36.604855,174.802567,1
esp32_device_001,2026-05-21T07:12:42+12:00,46.2,-36.604851,174.802567,1
esp32_device_001,2026-05-21T07:12:47+12:00,45,-36.604855,174.802567,1
esp32_device_001,2026-05-21T07:12:52+12:00,43.2,-36.604862,174.802551,1
esp32_device_001,2026-05-21T07:12:57+12:00,42.7,-36.604866,174.802551,1
esp32_device_001,2026-05-21T07:13:02+12:00,40.9,-36.604885,174.802551,1
esp32_device_001,2026-05-21T07:13:07+12:00,40.8,-36.604885,174.802536,1
esp32_device_001,2026-05-21T07:13:12+12:00,40.5,-36.604893,174.802536,1
esp32_device_001,2026-05-21T07:13:17+12:00,40.6,-36.604889,174.802536,1
esp32_device_001,2026-05-21T07:13:22+12:00,41.3,-36.604885,174.802536,1
esp32_device_001,2026-05-21T07:13:27+12:00,41.4,-36.604877,174.802551,1
esp32_device_001,2026-05-21T07:13:32+12:00,41.3,-36.604881,174.802536,1
esp32_device_001,2026-05-21T07:13:37+12:00,39.9,-36.604889,174.802536,1
esp32_device_001,2026-05-21T07:13:42+12:00,40.4,-36.604885,174.802536,1
esp32_device_001,2026-05-21T07:13:47+12:00,41.3,-36.604877,174.802551,1
esp32_device_001,2026-05-21T07:13:52+12:00,42.5,-36.604874,174.802551,1
esp32_device_001,2026-05-21T07:13:57+12:00,46.7,-36.604847,174.802567,1
esp32_device_001,2026-05-21T07:14:02+12:00,52.2,-36.604816,174.802582,1
esp32_device_001,2026-05-21T07:14:07+12:00,54.5,-36.604805,174.802582,1
esp32_device_001,2026-05-21T07:14:12+12:00,55,-36.604797,174.802597,1
esp32_device_001,2026-05-21T07:14:17+12:00,54.4,-36.604797,174.802597,1
esp32_device_001,2026-05-21T07:14:22+12:00,54.3,-36.604794,174.802597,1
esp32_device_001,2026-05-21T07:14:27+12:00,54.7,-36.60479,174.802597,1
esp32_device_001,2026-05-21T07:14:32+12:00,54.6,-36.60479,174.802597,1
esp32_device_001,2026-05-21T07:14:37+12:00,56.1,-36.604778,174.802597,1
esp32_device_001,2026-05-21T07:14:42+12:00,58.5,-36.604767,174.802612,1
esp32_device_001,2026-05-21T07:15:06+12:00,63.1,-36.604774,174.802612,1
esp32_device_001,2026-05-21T07:15:11+12:00,62.4,-36.604767,174.802612,1
esp32_device_001,2026-05-21T07:15:16+12:00,61.9,-36.604771,174.802597,1
esp32_device_001,2026-05-21T07:15:21+12:00,61.9,-36.604767,174.802597,1
esp32_device_001,2026-05-21T07:15:26+12:00,61.5,-36.604771,174.802597,1
esp32_device_001,2026-05-21T07:15:31+12:00,61.6,-36.604774,174.802597,1
esp32_device_001,2026-05-21T07:15:36+12:00,61.2,-36.604782,174.802597,1
esp32_device_001,2026-05-21T07:15:41+12:00,61.3,-36.604771,174.802597,1
esp32_device_001,2026-05-21T07:15:46+12:00,61.7,-36.604763,174.802597,1
esp32_device_001,2026-05-21T07:15:51+12:00,62.1,-36.604759,174.802597,1
esp32_device_001,2026-05-21T07:15:56+12:00,62.5,-36.604771,174.802597,1
esp32_device_001,2026-05-21T07:16:01+12:00,62.9,-36.604774,174.802582,1
esp32_device_001,2026-05-21T07:16:06+12:00,63.9,-36.604782,174.802582,1
esp32_device_001,2026-05-21T07:16:11+12:00,65.4,-36.60479,174.802582,1
esp32_device_001,2026-05-21T07:16:16+12:00,66.9,-36.604778,174.802582,1
esp32_device_001,2026-05-21T07:16:21+12:00,67.6,-36.604767,174.802597,1
esp32_device_001,2026-05-21T07:16:26+12:00,66.7,-36.604759,174.802597,1
esp32_device_001,2026-05-21T07:16:31+12:00,65.2,-36.604752,174.802597,1
esp32_device_001,2026-05-21T07:16:36+12:00,62.9,-36.60474,174.802612,1
esp32_device_001,2026-05-21T07:16:41+12:00,61,-36.604725,174.802612,1
esp32_device_001,2026-05-21T07:16:46+12:00,60.1,-36.604721,174.802612,1
esp32_device_001,2026-05-21T07:16:51+12:00,59,-36.604717,174.802612,1
esp32_device_001,2026-05-21T07:16:56+12:00,57.3,-36.604717,174.802612,1
esp32_device_001,2026-05-21T07:17:01+12:00,55.4,-36.604725,174.802612,1
esp32_device_001,2026-05-21T07:17:06+12:00,53.7,-36.604725,174.802612,1
esp32_device_001,2026-05-21T07:17:11+12:00,52.6,-36.604717,174.802612,1
esp32_device_001,2026-05-21T07:17:16+12:00,52.9,-36.604713,174.802612,1
esp32_device_001,2026-05-21T07:17:21+12:00,53.4,-36.60471,174.802612,1
esp32_device_001,2026-05-21T07:17:26+12:00,52.9,-36.60471,174.802612,1
esp32_device_001,2026-05-21T07:17:31+12:00,49.4,-36.604717,174.802612,1
esp32_device_001,2026-05-21T07:17:36+12:00,50.2,-36.604725,174.802612,1
esp32_device_001,2026-05-21T07:17:41+12:00,49.8,-36.604725,174.802612,1
esp32_device_001,2026-05-21T07:17:46+12:00,51.3,-36.604729,174.802612,1
esp32_device_001,2026-05-21T07:17:51+12:00,50.5,-36.604721,174.802612,1
esp32_device_001,2026-05-21T07:17:56+12:00,49.8,-36.604717,174.802612,1
esp32_device_001,2026-05-21T07:18:01+12:00,51.2,-36.604698,174.802612,1
esp32_device_001,2026-05-21T07:18:06+12:00,56.2,-36.60471,174.802597,1
esp32_device_001,2026-05-21T07:18:11+12:00,60.3,-36.604763,174.802582,1
esp32_device_001,2026-05-21T07:18:16+12:00,66.7,-36.604683,174.802612,1
esp32_device_001,2026-05-21T07:18:21+12:00,70.2,-36.604679,174.802612,1
esp32_device_001,2026-05-21T07:18:26+12:00,73.4,-36.604679,174.802612,1
esp32_device_001,2026-05-21T07:18:31+12:00,74.7,-36.604694,174.802597,1
esp32_device_001,2026-05-21T07:18:36+12:00,74.2,-36.604691,174.802597,1
esp32_device_001,2026-05-21T07:18:41+12:00,71.7,-36.604717,174.802582,1
esp32_device_001,2026-05-21T07:18:46+12:00,70.3,-36.604702,174.802597,1
esp32_device_001,2026-05-21T07:18:51+12:00,76.3,-36.60463,174.802628,1
esp32_device_001,2026-05-21T07:18:56+12:00,81.8,-36.604584,174.802658,1
esp32_device_001,2026-05-21T07:19:01+12:00,80.2,-36.604588,174.802658,1
esp32_device_001,2026-05-21T07:19:06+12:00,77.8,-36.604591,174.802643,1
esp32_device_001,2026-05-21T07:19:11+12:00,75.7,-36.604584,174.802643,1
esp32_device_001,2026-05-21T07:19:16+12:00,74.9,-36.604595,174.802643,1
esp32_device_001,2026-05-21T07:19:21+12:00,75.1,-36.604633,174.802628,1
esp32_device_001,2026-05-21T07:19:26+12:00,75.5,-36.60463,174.802628,1
esp32_device_001,2026-05-21T07:19:31+12:00,74.8,-36.604652,174.802612,1
esp32_device_001,2026-05-21T07:19:36+12:00,75.1,-36.604664,174.802612,1
esp32_device_001,2026-05-21T07:19:41+12:00,74.8,-36.60466,174.802612,1
esp32_device_001,2026-05-21T07:19:46+12:00,73.3,-36.604683,174.802597,1
esp32_device_001,2026-05-21T07:19:51+12:00,71.8,-36.604691,174.802597,1
esp32_device_001,2026-05-21T07:32:37+12:00,43.7,-36.604797,174.802536,2
esp32_device_001,2026-05-21T07:34:21+12:00,39.6,-36.60474,174.802536,2
esp32_device_001,2026-05-21T07:34:26+12:00,37.9,-36.604744,174.802521,2
esp32_device_001,2026-05-21T07:34:31+12:00,37.8,-36.604748,174.802521,2
esp32_device_001,2026-05-21T07:34:36+12:00,37.4,-36.604759,174.802536,2
esp32_device_001,2026-05-21T07:34:41+12:00,37.5,-36.604759,174.802536,2
esp32_device_001,2026-05-21T07:34:46+12:00,36.7,-36.604752,174.802536,2
esp32_device_001,2026-05-21T07:34:51+12:00,37,-36.604725,174.802551,2
esp32_device_001,2026-05-21T07:34:56+12:00,34.8,-36.604717,174.802567,2
esp32_device_001,2026-05-21T07:35:01+12:00,35,-36.60471,174.802567,2
esp32_device_001,2026-05-21T07:35:06+12:00,34.3,-36.604698,174.802582,2
esp32_device_001,2026-05-21T07:35:11+12:00,33.2,-36.604687,174.802582,2
esp32_device_001,2026-05-21T07:35:16+12:00,31.7,-36.604691,174.802582,2
esp32_device_001,2026-05-21T07:35:21+12:00,30.4,-36.604691,174.802582,2
esp32_device_001,2026-05-21T07:35:26+12:00,30.4,-36.604698,174.802582,2
esp32_device_001,2026-05-21T07:35:31+12:00,30.4,-36.604706,174.802582,2
esp32_device_001,2026-05-21T07:35:36+12:00,31.1,-36.604706,174.802582,2
esp32_device_001,2026-05-21T07:35:41+12:00,30.9,-36.604713,174.802567,2
esp32_device_001,2026-05-21T07:35:46+12:00,29.5,-36.604717,174.802567,2
esp32_device_001,2026-05-21T07:35:51+12:00,28,-36.604725,174.802551,2
esp32_device_001,2026-05-21T07:35:56+12:00,25.7,-36.604733,174.802536,2
esp32_device_001,2026-05-21T07:36:01+12:00,23.7,-36.604744,174.802536,2
esp32_device_001,2026-05-21T07:36:06+12:00,22.5,-36.604752,174.802536,2
esp32_device_001,2026-05-21T07:36:11+12:00,23.1,-36.604752,174.802536,2
esp32_device_001,2026-05-21T07:36:16+12:00,22.7,-36.604759,174.802521,2
esp32_device_001,2026-05-21T07:36:21+12:00,22.7,-36.604759,174.802521,2
esp32_device_001,2026-05-21T07:36:26+12:00,22.8,-36.604763,174.802521,2
esp32_device_001,2026-05-21T07:36:31+12:00,23.9,-36.604759,174.802536,2
esp32_device_001,2026-05-21T07:36:36+12:00,24.8,-36.604759,174.802536,2
esp32_device_001,2026-05-21T07:36:41+12:00,25,-36.604759,174.802536,2
esp32_device_001,2026-05-21T07:36:46+12:00,25.8,-36.604752,174.802536,2
esp32_device_001,2026-05-21T07:36:51+12:00,27,-36.604752,174.802536,2
esp32_device_001,2026-05-21T07:36:56+12:00,28.4,-36.604744,174.802551,2
esp32_device_001,2026-05-21T07:37:01+12:00,30.6,-36.60474,174.802551,2
esp32_device_001,2026-05-21T07:37:06+12:00,31.8,-36.604736,174.802551,2
esp32_device_001,2026-05-21T07:37:11+12:00,31.8,-36.60474,174.802551,2
esp32_device_001,2026-05-21T07:37:16+12:00,29.9,-36.604748,174.802536,2
esp32_device_001,2026-05-21T07:37:21+12:00,28.5,-36.604752,174.802536,2
esp32_device_001,2026-05-21T07:37:26+12:00,26.6,-36.604763,174.802536,2
esp32_device_001,2026-05-21T07:37:31+12:00,25.9,-36.604767,174.802536,2
esp32_device_001,2026-05-21T07:37:36+12:00,25.1,-36.604771,174.802521,2
esp32_device_001,2026-05-21T07:38:27+12:00,27.3,-36.60482,174.802505,2
esp32_device_001,2026-05-21T07:38:32+12:00,27.7,-36.604843,174.80249,2
esp32_device_001,2026-05-21T07:38:37+12:00,31.3,-36.604816,174.802505,2
esp32_device_001,2026-05-21T07:38:42+12:00,37,-36.604763,174.802551,2
esp32_device_001,2026-05-21T07:38:47+12:00,39.8,-36.604755,174.802551,2
esp32_device_001,2026-05-21T07:38:52+12:00,39.7,-36.604767,174.802551,2
esp32_device_001,2026-05-21T07:38:57+12:00,39.7,-36.604774,174.802551,2
esp32_device_001,2026-05-21T07:39:02+12:00,39.8,-36.604778,174.802551,2
esp32_device_001,2026-05-21T07:39:07+12:00,41.9,-36.604778,174.802567,2
esp32_device_001,2026-05-21T07:39:12+12:00,44.7,-36.604771,174.802567,2
esp32_device_001,2026-05-21T07:39:17+12:00,46.5,-36.604763,174.802582,2
esp32_device_001,2026-05-21T07:39:22+12:00,49.4,-36.604752,174.802597,2
esp32_device_001,2026-05-21T07:39:27+12:00,52.3,-36.604744,174.802597,2
esp32_device_001,2026-05-21T07:39:32+12:00,54,-36.604744,174.802597,2
esp32_device_001,2026-05-21T07:39:37+12:00,54.1,-36.604744,174.802597,2
esp32_device_001,2026-05-21T07:39:42+12:00,54.9,-36.60474,174.802597,2
esp32_device_001,2026-05-21T07:39:47+12:00,54.7,-36.604733,174.802597,2
esp32_device_001,2026-05-21T07:39:52+12:00,54.2,-36.604729,174.802597,2
esp32_device_001,2026-05-21T07:39:57+12:00,54.2,-36.604725,174.802597,2
esp32_device_001,2026-05-21T07:40:02+12:00,53.7,-36.604725,174.802597,2
esp32_device_001,2026-05-21T07:40:07+12:00,53.1,-36.604721,174.802597,2
esp32_device_001,2026-05-21T07:40:12+12:00,53,-36.604725,174.802597,2
esp32_device_001,2026-05-21T07:40:17+12:00,52.3,-36.604725,174.802582,2
esp32_device_001,2026-05-21T07:40:22+12:00,51.7,-36.604733,174.802582,2
esp32_device_001,2026-05-21T07:40:27+12:00,52.6,-36.604736,174.802582,2
esp32_device_001,2026-05-21T07:40:32+12:00,52.5,-36.604744,174.802582,2
esp32_device_001,2026-05-21T07:40:37+12:00,52.8,-36.60474,174.802582,2
esp32_device_001,2026-05-21T07:40:42+12:00,52.3,-36.60474,174.802582,2
esp32_device_001,2026-05-21T07:40:47+12:00,52.3,-36.604752,174.802582,2
esp32_device_001,2026-05-21T07:40:52+12:00,53.5,-36.604748,174.802582,2
esp32_device_001,2026-05-21T07:40:57+12:00,55.6,-36.604736,174.802597,2
esp32_device_001,2026-05-21T07:41:02+12:00,57.4,-36.604725,174.802612,2
esp32_device_001,2026-05-21T07:41:07+12:00,59.7,-36.60471,174.802612,2
esp32_device_001,2026-05-21T07:41:12+12:00,60.5,-36.604698,174.802628,2
esp32_device_001,2026-05-21T07:41:17+12:00,59.8,-36.604698,174.802628,2
esp32_device_001,2026-05-21T07:41:22+12:00,58.8,-36.60471,174.802612,2
esp32_device_001,2026-05-21T07:41:27+12:00,58.2,-36.604717,174.802612,2
esp32_device_001,2026-05-21T07:41:32+12:00,57.6,-36.604725,174.802597,2
esp32_device_001,2026-05-21T07:41:37+12:00,56.5,-36.604736,174.802597,2
esp32_device_001,2026-05-21T07:41:42+12:00,56.5,-36.604736,174.802597,2
esp32_device_001,2026-05-21T07:41:47+12:00,56.6,-36.604733,174.802597,2
esp32_device_001,2026-05-21T07:41:52+12:00,56.3,-36.604733,174.802597,2
esp32_device_001,2026-05-21T07:41:57+12:00,56,-36.604733,174.802597,2
esp32_device_001,2026-05-21T07:42:02+12:00,56.1,-36.604733,174.802597,2
esp32_device_001,2026-05-21T07:42:07+12:00,55.3,-36.604744,174.802582,2
esp32_device_001,2026-05-21T07:42:12+12:00,54.5,-36.604755,174.802582,2
esp32_device_001,2026-05-21T07:42:17+12:00,53.4,-36.604763,174.802582,2
esp32_device_001,2026-05-21T07:42:22+12:00,52.2,-36.604774,174.802567,2
esp32_device_001,2026-05-21T07:42:27+12:00,51.2,-36.604774,174.802567,2
esp32_device_001,2026-05-21T07:42:32+12:00,50.7,-36.604774,174.802567,2
esp32_device_001,2026-05-21T07:45:17+12:00,51.3,-36.604786,174.802582,2
esp32_device_001,2026-05-21T07:45:22+12:00,52,-36.604782,174.802582,2
esp32_device_001,2026-05-21T07:45:27+12:00,52.5,-36.604782,174.802582,2
esp32_device_001,2026-05-21T07:45:32+12:00,52.9,-36.604774,174.802582,2
esp32_device_001,2026-05-21T07:45:37+12:00,53.4,-36.604774,174.802582,2
esp32_device_001,2026-05-21T07:45:42+12:00,53.8,-36.604771,174.802582,2
esp32_device_001,2026-05-21T07:45:47+12:00,53.7,-36.604763,174.802582,2
esp32_device_001,2026-05-21T07:45:52+12:00,52.9,-36.604759,174.802582,2
esp32_device_001,2026-05-21T07:45:57+12:00,52.6,-36.604755,174.802582,2
esp32_device_001,2026-05-21T07:46:02+12:00,52,-36.604755,174.802582,2
esp32_device_001,2026-05-21T07:46:07+12:00,50.8,-36.604752,174.802582,2
esp32_device_001,2026-05-21T07:46:12+12:00,49.6,-36.604748,174.802582,2
esp32_device_001,2026-05-21T07:46:17+12:00,48.1,-36.604752,174.802582,2
esp32_device_001,2026-05-21T07:46:22+12:00,46.7,-36.604752,174.802582,2
esp32_device_001,2026-05-21T07:46:27+12:00,45.8,-36.604752,174.802582,2
esp32_device_001,2026-05-21T07:46:32+12:00,45.7,-36.604752,174.802582,2
esp32_device_001,2026-05-21T07:46:37+12:00,45,-36.604752,174.802582,2
esp32_device_001,2026-05-21T07:46:42+12:00,44.4,-36.604752,174.802582,2
esp32_device_001,2026-05-21T07:46:47+12:00,43,-36.604755,174.802582,2
esp32_device_001,2026-05-21T07:46:52+12:00,41.9,-36.604755,174.802582,2
esp32_device_001,2026-05-21T07:46:57+12:00,39.4,-36.604759,174.802582,2
esp32_device_001,2026-05-21T07:47:02+12:00,38.7,-36.604759,174.802582,2
esp32_device_001,2026-05-21T07:47:07+12:00,37.9,-36.604763,174.802582,2
esp32_device_001,2026-05-21T07:47:12+12:00,37.6,-36.604767,174.802582,2
esp32_device_001,2026-05-21T07:47:17+12:00,37,-36.604774,174.802582,2
esp32_device_001,2026-05-21T07:47:22+12:00,37.8,-36.604774,174.802582,2
esp32_device_001,2026-05-21T07:47:27+12:00,39.1,-36.604778,174.802582,2
esp32_device_001,2026-05-21T07:47:32+12:00,38.7,-36.604774,174.802582,2
esp32_device_001,2026-05-21T07:52:14+12:00,39.4,-36.604778,174.802582,2
esp32_device_001,2026-05-21T07:52:19+12:00,38.7,-36.604786,174.802582,2
esp32_device_001,2026-05-21T07:52:24+12:00,38.3,-36.604794,174.802582,2
esp32_device_001,2026-05-21T07:52:29+12:00,37.9,-36.604797,174.802582,2
esp32_device_001,2026-05-21T07:52:34+12:00,37.8,-36.604797,174.802582,2
esp32_device_001,2026-05-21T07:52:47+12:00,37.5,-36.604805,174.802567,2
esp32_device_001,2026-05-21T07:52:52+12:00,38,-36.604809,174.802567,2
esp32_device_001,2026-05-21T07:52:57+12:00,38.3,-36.604809,174.802567,2
esp32_device_001,2026-05-21T07:53:02+12:00,39.1,-36.604809,174.802567,2
esp32_device_001,2026-05-21T07:53:07+12:00,39.6,-36.604805,174.802567,2
esp32_device_001,2026-05-21T07:53:12+12:00,40.3,-36.604797,174.802567,2
esp32_device_001,2026-05-21T07:53:17+12:00,40.7,-36.604794,174.802567,2
esp32_device_001,2026-05-21T07:53:22+12:00,40.6,-36.604794,174.802582,2
esp32_device_001,2026-05-21T07:53:27+12:00,41.4,-36.60479,174.802582,2
esp32_device_001,2026-05-21T07:53:32+12:00,41.9,-36.604786,174.802582,2
esp32_device_001,2026-05-21T07:53:37+12:00,42.4,-36.604782,174.802582,2
esp32_device_001,2026-05-21T07:53:42+12:00,43,-36.604782,174.802567,2
esp32_device_001,2026-05-21T07:53:47+12:00,43.5,-36.604782,174.802567,2
esp32_device_001,2026-05-21T07:53:52+12:00,43.4,-36.604782,174.802567,2
esp32_device_001,2026-05-21T07:53:57+12:00,43.2,-36.604782,174.802567,2
esp32_device_001,2026-05-21T07:54:02+12:00,43,-36.604782,174.802567,2
esp32_device_001,2026-05-21T07:54:07+12:00,43.3,-36.604778,174.802567,2
esp32_device_001,2026-05-21T07:54:12+12:00,44.1,-36.604774,174.802567,2
esp32_device_001,2026-05-21T07:54:17+12:00,44.4,-36.604774,174.802567,2
esp32_device_001,2026-05-21T07:54:22+12:00,44.1,-36.604778,174.802567,2
esp32_device_001,2026-05-21T07:54:27+12:00,44.6,-36.604774,174.802567,2
esp32_device_001,2026-05-21T07:54:32+12:00,44.1,-36.604778,174.802567,2
esp32_device_001,2026-05-21T07:54:37+12:00,44,-36.604778,174.802567,2
esp32_device_001,2026-05-21T07:54:42+12:00,43.9,-36.604782,174.802567,2
esp32_device_001,2026-05-21T07:54:47+12:00,44.2,-36.604778,174.802567,2
esp32_device_001,2026-05-21T07:54:52+12:00,44,-36.604778,174.802567,2
esp32_device_001,2026-05-21T07:54:57+12:00,44.3,-36.604774,174.802567,2
esp32_device_001,2026-05-21T07:55:02+12:00,44.3,-36.604774,174.802567,2
esp32_device_001,2026-05-21T07:55:07+12:00,44.5,-36.604774,174.802567,2
esp32_device_001,2026-05-21T07:55:12+12:00,44.7,-36.604771,174.802567,2
esp32_device_001,2026-05-21T07:55:17+12:00,44.5,-36.604771,174.802567,2
esp32_device_001,2026-05-21T07:55:22+12:00,45.2,-36.604767,174.802567,2
esp32_device_001,2026-05-21T07:55:27+12:00,45.1,-36.604767,174.802567,2
esp32_device_001,2026-05-21T07:55:32+12:00,45.2,-36.604767,174.802582,2
esp32_device_001,2026-05-21T07:55:37+12:00,45.1,-36.604771,174.802582,2
esp32_device_001,2026-05-21T07:55:42+12:00,44.8,-36.604771,174.802582,2
esp32_device_001,2026-05-21T07:55:47+12:00,44.9,-36.604774,174.802582,2
esp32_device_001,2026-05-21T07:55:52+12:00,46,-36.604771,174.802582,2
esp32_device_001,2026-05-21T07:55:57+12:00,47.3,-36.604763,174.802597,2
esp32_device_001,2026-05-21T07:56:02+12:00,48.4,-36.604759,174.802597,2
esp32_device_001,2026-05-21T07:56:07+12:00,49.6,-36.604755,174.802597,2
esp32_device_001,2026-05-21T07:56:12+12:00,50.4,-36.604748,174.802612,2
esp32_device_001,2026-05-21T07:56:17+12:00,50.8,-36.604744,174.802612,2
esp32_device_001,2026-05-21T07:56:22+12:00,51.4,-36.604744,174.802612,2
esp32_device_001,2026-05-21T07:56:27+12:00,51.1,-36.604748,174.802612,2
esp32_device_001,2026-05-21T07:56:32+12:00,51,-36.604752,174.802612,2
esp32_device_001,2026-05-21T07:56:37+12:00,51,-36.604755,174.802597,2
esp32_device_001,2026-05-21T07:56:42+12:00,51,-36.604755,174.802597,2
esp32_device_001,2026-05-21T07:56:47+12:00,49.8,-36.604767,174.802597,2
esp32_device_001,2026-05-21T07:56:52+12:00,50.8,-36.604755,174.802597,2
esp32_device_001,2026-05-21T07:56:57+12:00,51.3,-36.604755,174.802597,2
esp32_device_001,2026-05-21T07:57:02+12:00,51.3,-36.604763,174.802597,2
esp32_device_001,2026-05-21T07:57:07+12:00,51.4,-36.604763,174.802582,2
esp32_device_001,2026-05-21T07:57:12+12:00,51.1,-36.604767,174.802582,2
esp32_device_001,2026-05-21T07:57:17+12:00,51.1,-36.604763,174.802582,2
esp32_device_001,2026-05-21T07:57:22+12:00,51.3,-36.604759,174.802582,2
esp32_device_001,2026-05-21T07:57:27+12:00,51.1,-36.604755,174.802582,2
esp32_device_001,2026-05-21T07:57:32+12:00,50.4,-36.604759,174.802582,2
esp32_device_001,2026-05-21T07:57:37+12:00,49.2,-36.604767,174.802582,2
esp32_device_001,2026-05-21T07:57:42+12:00,48.6,-36.604771,174.802582,2
esp32_device_001,2026-05-21T07:57:47+12:00,48.4,-36.604771,174.802582,2
esp32_device_001,2026-05-21T07:57:52+12:00,48.2,-36.604771,174.802582,2
esp32_device_001,2026-05-21T07:57:57+12:00,47.6,-36.604771,174.802582,2
esp32_device_001,2026-05-21T07:58:02+12:00,47.1,-36.604774,174.802582,2
esp32_device_001,2026-05-21T07:58:07+12:00,46.3,-36.604774,174.802597,2
esp32_device_001,2026-05-21T07:58:12+12:00,45.8,-36.604774,174.802582,2
esp32_device_001,2026-05-21T07:58:17+12:00,45.3,-36.604778,174.802582,2
esp32_device_001,2026-05-21T07:58:22+12:00,44.4,-36.604778,174.802582,2
esp32_device_001,2026-05-21T07:58:27+12:00,44,-36.604778,174.802582,2
esp32_device_001,2026-05-21T07:58:32+12:00,44.1,-36.604778,174.802582,2
esp32_device_001,2026-05-21T07:58:37+12:00,44.7,-36.604774,174.802582,2
esp32_device_001,2026-05-21T07:58:42+12:00,44.6,-36.604774,174.802567,2
esp32_device_001,2026-05-21T07:58:47+12:00,44.7,-36.604774,174.802567,2
esp32_device_001,2026-05-21T07:58:52+12:00,44.1,-36.604778,174.802567,2
esp32_device_001,2026-05-21T07:58:57+12:00,44.1,-36.604774,174.802567,2
esp32_device_001,2026-05-21T07:59:02+12:00,44.8,-36.604774,174.802567,2
esp32_device_001,2026-05-21T07:59:07+12:00,45,-36.604774,174.802567,2
esp32_device_001,2026-05-21T07:59:12+12:00,45.2,-36.604774,174.802567,2
esp32_device_001,2026-05-21T07:59:17+12:00,45.8,-36.604774,174.802567,2
esp32_device_001,2026-05-21T07:59:22+12:00,46.3,-36.604774,174.802567,2
esp32_device_001,2026-05-21T07:59:27+12:00,46.9,-36.604774,174.802567,2
esp32_device_001,2026-05-21T07:59:32+12:00,46.8,-36.604774,174.802567,2
esp32_device_001,2026-05-21T07:59:37+12:00,46.8,-36.604774,174.802567,2
esp32_device_001,2026-05-21T07:59:42+12:00,47.1,-36.604774,174.802582,2
esp32_device_001,2026-05-21T07:59:47+12:00,46.5,-36.604778,174.802582,2
esp32_device_001,2026-05-21T07:59:52+12:00,46,-36.604778,174.802567,2
esp32_device_001,2026-05-21T07:59:57+12:00,45.9,-36.604778,174.802567,2
esp32_device_001,2026-05-21T08:00:02+12:00,45.3,-36.604782,174.802567,2
esp32_device_001,2026-05-21T08:00:07+12:00,45.1,-36.604782,174.802567,2
esp32_device_001,2026-05-21T08:00:12+12:00,44.8,-36.604782,174.802567,2
esp32_device_001,2026-05-21T08:00:17+12:00,44.5,-36.604782,174.802567,2
esp32_device_001,2026-05-21T08:00:22+12:00,44.4,-36.604786,174.802567,2
esp32_device_001,2026-05-21T08:00:27+12:00,44.5,-36.604786,174.802567,2
esp32_device_001,2026-05-21T08:00:32+12:00,45,-36.604786,174.802567,2
esp32_device_001,2026-05-21T08:00:37+12:00,45.5,-36.604782,174.802567,2
esp32_device_001,2026-05-21T08:00:42+12:00,45.6,-36.604782,174.802567,2
esp32_device_001,2026-05-21T08:00:47+12:00,45.6,-36.604786,174.802567,2
esp32_device_001,2026-05-21T08:00:52+12:00,45.7,-36.604786,174.802567,2
esp32_device_001,2026-05-21T08:00:57+12:00,45.6,-36.604786,174.802567,2
esp32_device_001,2026-05-21T08:01:02+12:00,45.3,-36.60479,174.802567,2
esp32_device_001,2026-05-21T08:01:07+12:00,45,-36.604794,174.802567,2
esp32_device_001,2026-05-21T08:01:12+12:00,44.8,-36.604794,174.802567,2
esp32_device_001,2026-05-21T08:01:17+12:00,43.5,-36.604797,174.802567,2
esp32_device_001,2026-05-21T08:01:22+12:00,43.6,-36.604797,174.802567,2
esp32_device_001,2026-05-21T08:01:27+12:00,44,-36.604797,174.802567,2
esp32_device_001,2026-05-21T08:01:32+12:00,44.4,-36.604797,174.802567,2
esp32_device_001,2026-05-21T08:01:37+12:00,45,-36.604801,174.802567,2
esp32_device_001,2026-05-21T08:01:42+12:00,44.5,-36.604801,174.802551,2
esp32_device_001,2026-05-21T08:01:47+12:00,44.3,-36.604801,174.802551,2
esp32_device_001,2026-05-21T08:01:52+12:00,43.9,-36.604801,174.802551,2
esp32_device_001,2026-05-21T08:01:57+12:00,43.8,-36.604805,174.802551,2
esp32_device_001,2026-05-21T08:02:02+12:00,43.6,-36.604805,174.802551,2
esp32_device_001,2026-05-21T08:02:07+12:00,42.9,-36.604813,174.802551,2
esp32_device_001,2026-05-21T08:02:12+12:00,42.6,-36.604813,174.802551,2
esp32_device_001,2026-05-21T08:02:17+12:00,42.2,-36.60482,174.802536,2
esp32_device_001,2026-05-21T08:02:22+12:00,41.7,-36.604824,174.802536,2
esp32_device_001,2026-05-21T08:02:27+12:00,41.2,-36.604828,174.802536,2
esp32_device_001,2026-05-21T08:02:32+12:00,41.1,-36.604828,174.802536,2
esp32_device_001,2026-05-21T08:05:45+12:00,39.9,-36.604744,174.802597,2
esp32_device_001,2026-05-21T08:05:50+12:00,45.2,-36.604748,174.802597,2
esp32_device_001,2026-05-21T08:05:55+12:00,47.5,-36.604748,174.802582,2
esp32_device_001,2026-05-21T08:06:00+12:00,49.9,-36.604748,174.802582,2
esp32_device_001,2026-05-21T08:06:05+12:00,50.3,-36.604744,174.802567,2
esp32_device_001,2026-05-21T08:06:10+12:00,51.2,-36.604744,174.802567,2
esp32_device_001,2026-05-21T08:06:20+12:00,50.1,-36.60474,174.802582,2
esp32_device_001,2026-05-21T08:06:25+12:00,48.3,-36.604736,174.802582,2
esp32_device_001,2026-05-21T08:06:30+12:00,48,-36.604736,174.802582,2
esp32_device_001,2026-05-21T08:06:40+12:00,48.5,-36.604733,174.802582,2
esp32_device_001,2026-05-21T08:06:50+12:00,52.5,-36.604729,174.802567,2
esp32_device_001,2026-05-21T08:06:55+12:00,56.3,-36.604729,174.802567,2
esp32_device_001,2026-05-21T08:07:00+12:00,57.4,-36.604721,174.802567,2
esp32_device_001,2026-05-21T08:07:05+12:00,58.3,-36.604721,174.802567,2
esp32_device_001,2026-05-21T08:07:10+12:00,59.5,-36.604721,174.802567,2
esp32_device_001,2026-05-21T08:07:15+12:00,62.4,-36.604721,174.802567,2
esp32_device_001,2026-05-21T08:07:25+12:00,63,-36.604729,174.802551,2
esp32_device_001,2026-05-21T08:07:30+12:00,62.4,-36.604729,174.802551,2
esp32_device_001,2026-05-21T08:07:35+12:00,62.7,-36.604729,174.802536,2
esp32_device_001,2026-05-21T08:09:37+12:00,52.1,-36.604786,174.802536,2
esp32_device_001,2026-05-21T08:09:42+12:00,51.8,-36.604786,174.802536,2
esp32_device_001,2026-05-21T08:09:47+12:00,50.8,-36.604782,174.802551,2
esp32_device_001,2026-05-21T08:09:52+12:00,50.7,-36.604786,174.802551,2
esp32_device_001,2026-05-21T08:09:57+12:00,51.4,-36.60479,174.802551,2
esp32_device_001,2026-05-21T08:10:02+12:00,50.9,-36.60479,174.802551,2
esp32_device_001,2026-05-21T08:10:07+12:00,52.1,-36.604794,174.802567,2
esp32_device_001,2026-05-21T08:10:12+12:00,53,-36.604797,174.802567,2
esp32_device_001,2026-05-21T08:10:17+12:00,53.5,-36.604797,174.802567,2
esp32_device_001,2026-05-21T08:10:22+12:00,53.8,-36.604797,174.802567,2
esp32_device_001,2026-05-21T08:10:27+12:00,54.3,-36.604801,174.802567,2
esp32_device_001,2026-05-21T08:10:32+12:00,54,-36.604801,174.802582,2
esp32_device_001,2026-05-21T08:10:37+12:00,54.3,-36.604805,174.802582,2
esp32_device_001,2026-05-21T08:10:42+12:00,54,-36.604805,174.802582,2
esp32_device_001,2026-05-21T08:10:47+12:00,53.5,-36.604801,174.802582,2
esp32_device_001,2026-05-21T08:10:52+12:00,53.1,-36.604797,174.802582,2
esp32_device_001,2026-05-21T08:10:57+12:00,53.1,-36.604794,174.802567,2
esp32_device_001,2026-05-21T08:11:02+12:00,52.8,-36.604794,174.802567,2
esp32_device_001,2026-05-21T08:11:07+12:00,52.7,-36.60479,174.802567,2
esp32_device_001,2026-05-21T08:11:12+12:00,52.4,-36.60479,174.802567,2
esp32_device_001,2026-05-21T08:11:17+12:00,51.9,-36.60479,174.802582,2
esp32_device_001,2026-05-21T08:11:22+12:00,52,-36.604794,174.802582,2
esp32_device_001,2026-05-21T08:11:27+12:00,51.8,-36.604794,174.802597,2
esp32_device_001,2026-05-21T08:11:32+12:00,50.1,-36.604794,174.802597,2
esp32_device_001,2026-05-21T08:11:37+12:00,49.5,-36.604786,174.802597,2
esp32_device_001,2026-05-21T08:11:42+12:00,48.8,-36.604782,174.802582,2
esp32_device_001,2026-05-21T08:11:47+12:00,47.6,-36.604774,174.802582,2
esp32_device_001,2026-05-21T08:11:52+12:00,47,-36.604771,174.802582,2
esp32_device_001,2026-05-21T08:11:57+12:00,47,-36.604767,174.802582,2
esp32_device_001,2026-05-21T08:12:02+12:00,46.5,-36.604767,174.802582,2
esp32_device_001,2026-05-21T08:12:07+12:00,46.9,-36.604755,174.802567,2
esp32_device_001,2026-05-21T08:12:12+12:00,47.5,-36.604744,174.802551,2
esp32_device_001,2026-05-21T08:12:17+12:00,47.6,-36.604755,174.802567,2
esp32_device_001,2026-05-21T08:12:22+12:00,47.4,-36.604767,174.802567,2
esp32_device_001,2026-05-21T08:12:27+12:00,45.6,-36.604778,174.802582,2
esp32_device_001,2026-05-21T08:12:32+12:00,45.3,-36.604774,174.802582,2
esp32_device_001,2026-05-21T08:15:43+12:00,45.3,-36.604767,174.802567,2
esp32_device_001,2026-05-21T08:15:48+12:00,45.3,-36.604759,174.802582,2
esp32_device_001,2026-05-21T08:15:53+12:00,45.3,-36.604759,174.802597,2
esp32_device_001,2026-05-21T08:15:58+12:00,45.3,-36.604748,174.802582,2
esp32_device_001,2026-05-21T08:16:03+12:00,45.3,-36.604744,174.802582,2
esp32_device_001,2026-05-21T08:16:08+12:00,45.3,-36.60474,174.802582,2
esp32_device_001,2026-05-21T08:16:13+12:00,45.3,-36.60474,174.802582,2
esp32_device_001,2026-05-21T08:16:18+12:00,45.3,-36.60474,174.802597,2
esp32_device_001,2026-05-21T08:16:23+12:00,45.3,-36.604733,174.802597,2
esp32_device_001,2026-05-21T08:16:28+12:00,45.3,-36.604729,174.802597,2
esp32_device_001,2026-05-21T08:16:33+12:00,45.3,-36.604725,174.802597,2
esp32_device_001,2026-05-21T08:16:38+12:00,45.3,-36.604721,174.802597,2
esp32_device_001,2026-05-21T08:16:43+12:00,45.3,-36.604717,174.802597,2
esp32_device_001,2026-05-21T08:16:48+12:00,45.3,-36.604713,174.802612,2
esp32_device_001,2026-05-21T08:16:53+12:00,48.7,-36.604713,174.802612,2
esp32_device_001,2026-05-21T08:16:58+12:00,48.7,-36.60471,174.802612,2
esp32_device_001,2026-05-21T08:17:03+12:00,48.4,-36.604706,174.802612,2
esp32_device_001,2026-05-21T08:17:08+12:00,48,-36.604706,174.802612,2
esp32_device_001,2026-05-21T08:17:13+12:00,47.3,-36.604706,174.802612,2
esp32_device_001,2026-05-21T08:17:18+12:00,46.8,-36.60471,174.802612,2
esp32_device_001,2026-05-21T08:17:23+12:00,46.1,-36.604713,174.802612,2
esp32_device_001,2026-05-21T08:17:28+12:00,46.2,-36.604717,174.802612,2
esp32_device_001,2026-05-21T08:17:33+12:00,46.4,-36.604717,174.802612,2
esp32_device_001,2026-05-21T08:21:24+12:00,68.7,-36.604752,174.802597,2
esp32_device_001,2026-05-21T08:21:29+12:00,67.5,-36.604755,174.802597,2
esp32_device_001,2026-05-21T08:21:34+12:00,67.1,-36.604755,174.802597,2
esp32_device_001,2026-05-21T08:21:39+12:00,67.2,-36.604759,174.802597,2
esp32_device_001,2026-05-21T08:21:44+12:00,67.5,-36.604763,174.802597,2
esp32_device_001,2026-05-21T08:21:49+12:00,67.2,-36.604767,174.802597,2
esp32_device_001,2026-05-21T08:21:54+12:00,66.1,-36.604767,174.802597,2
esp32_device_001,2026-05-21T08:21:59+12:00,64.9,-36.604771,174.802597,2
esp32_device_001,2026-05-21T08:22:04+12:00,64.1,-36.604767,174.802597,2
esp32_device_001,2026-05-21T08:22:09+12:00,63.8,-36.604767,174.802597,2
esp32_device_001,2026-05-21T08:22:14+12:00,64.4,-36.604767,174.802597,2
esp32_device_001,2026-05-21T08:22:19+12:00,64.6,-36.604767,174.802597,2
esp32_device_001,2026-05-21T08:22:24+12:00,64.5,-36.604763,174.802597,2
esp32_device_001,2026-05-21T08:22:29+12:00,63.3,-36.604763,174.802597,2
esp32_device_001,2026-05-21T08:22:34+12:00,62.3,-36.604763,174.802597,2
esp32_device_001,2026-05-21T08:25:34+12:00,52,-36.60471,174.802612,2
esp32_device_001,2026-05-21T08:25:39+12:00,49.7,-36.604721,174.802597,2
esp32_device_001,2026-05-21T08:25:44+12:00,50.7,-36.604717,174.802597,2
esp32_device_001,2026-05-21T08:25:49+12:00,51.7,-36.604717,174.802597,2
esp32_device_001,2026-05-21T08:25:54+12:00,52,-36.604717,174.802597,2
esp32_device_001,2026-05-21T08:25:59+12:00,51.6,-36.604713,174.802597,2
esp32_device_001,2026-05-21T08:26:04+12:00,51.4,-36.604717,174.802597,2
esp32_device_001,2026-05-21T08:26:09+12:00,51.3,-36.604717,174.802597,2
esp32_device_001,2026-05-21T08:26:14+12:00,51.3,-36.604717,174.802597,2
esp32_device_001,2026-05-21T08:26:19+12:00,51,-36.604717,174.802597,2
esp32_device_001,2026-05-21T08:26:24+12:00,52.2,-36.604713,174.802597,2
esp32_device_001,2026-05-21T08:26:29+12:00,52.4,-36.60471,174.802597,2
esp32_device_001,2026-05-21T08:26:34+12:00,52.6,-36.60471,174.802612,2
esp32_device_001,2026-05-21T08:26:39+12:00,52.9,-36.60471,174.802612,2
esp32_device_001,2026-05-21T08:26:44+12:00,53.1,-36.60471,174.802597,2
esp32_device_001,2026-05-21T08:26:49+12:00,53.2,-36.60471,174.802597,2
esp32_device_001,2026-05-21T08:26:54+12:00,53.6,-36.60471,174.802597,2
esp32_device_001,2026-05-21T08:26:59+12:00,54,-36.604713,174.802597,2
esp32_device_001,2026-05-21T08:27:04+12:00,55.3,-36.60471,174.802597,2
esp32_device_001,2026-05-21T08:27:09+12:00,56.1,-36.60471,174.802597,2
esp32_device_001,2026-05-21T08:27:14+12:00,56.8,-36.60471,174.802597,2
esp32_device_001,2026-05-21T08:27:19+12:00,57.5,-36.60471,174.802597,2
esp32_device_001,2026-05-21T08:27:24+12:00,57.7,-36.604713,174.802597,2
esp32_device_001,2026-05-21T08:27:29+12:00,57.4,-36.604713,174.802597,2
esp32_device_001,2026-05-21T08:27:34+12:00,57.5,-36.604717,174.802597,2
esp32_device_001,2026-05-21T08:29:22+12:00,62,-36.60474,174.802582,2
esp32_device_001,2026-05-21T08:29:27+12:00,62.5,-36.60474,174.802582,2
esp32_device_001,2026-05-21T08:29:32+12:00,62,-36.604744,174.802582,2
esp32_device_001,2026-05-21T08:29:37+12:00,61,-36.604744,174.802582,2
esp32_device_001,2026-05-21T08:29:42+12:00,60.8,-36.604744,174.802582,2
esp32_device_001,2026-05-21T08:29:47+12:00,60.2,-36.604744,174.802582,2
esp32_device_001,2026-05-21T08:29:52+12:00,59.4,-36.604744,174.802582,2
esp32_device_001,2026-05-21T08:29:57+12:00,59.5,-36.604744,174.802582,2
esp32_device_001,2026-05-21T08:30:02+12:00,58.7,-36.604748,174.802582,2
esp32_device_001,2026-05-21T08:30:07+12:00,58.5,-36.604748,174.802582,2
esp32_device_001,2026-05-21T08:30:12+12:00,58.6,-36.604748,174.802582,2
esp32_device_001,2026-05-21T08:30:17+12:00,58.3,-36.604748,174.802582,2
esp32_device_001,2026-05-21T08:30:22+12:00,57.5,-36.604752,174.802582,2
esp32_device_001,2026-05-21T08:30:27+12:00,57,-36.604755,174.802582,2
esp32_device_001,2026-05-21T08:30:32+12:00,56.5,-36.604755,174.802582,2
esp32_device_001,2026-05-21T08:30:37+12:00,57,-36.604755,174.802582,2
esp32_device_001,2026-05-21T08:30:42+12:00,57,-36.604755,174.802582,2
esp32_device_001,2026-05-21T08:30:47+12:00,56.7,-36.604759,174.802582,2
esp32_device_001,2026-05-21T08:30:52+12:00,56.5,-36.604759,174.802582,2
esp32_device_001,2026-05-21T08:30:57+12:00,56.6,-36.604759,174.802582,2
esp32_device_001,2026-05-21T08:31:02+12:00,56.7,-36.604763,174.802582,2
esp32_device_001,2026-05-21T08:31:07+12:00,57.1,-36.604759,174.802582,2
esp32_device_001,2026-05-21T08:31:12+12:00,57.2,-36.604763,174.802582,2
esp32_device_001,2026-05-21T08:31:17+12:00,57,-36.604763,174.802582,2
esp32_device_001,2026-05-21T08:31:22+12:00,57,-36.604763,174.802582,2
esp32_device_001,2026-05-21T08:31:27+12:00,57.5,-36.604759,174.802582,2
esp32_device_001,2026-05-21T08:31:32+12:00,58.1,-36.604759,174.802582,2
esp32_device_001,2026-05-21T08:31:37+12:00,58.2,-36.604759,174.802582,2
esp32_device_001,2026-05-21T08:31:42+12:00,58.1,-36.604759,174.802582,2
esp32_device_001,2026-05-21T08:31:47+12:00,58.1,-36.604759,174.802582,2
esp32_device_001,2026-05-21T08:31:52+12:00,58.3,-36.604763,174.802582,2
esp32_device_001,2026-05-21T08:31:57+12:00,58.1,-36.604763,174.802582,2
esp32_device_001,2026-05-21T08:32:02+12:00,57.8,-36.604763,174.802582,2
esp32_device_001,2026-05-21T08:32:07+12:00,58.5,-36.604763,174.802582,2
esp32_device_001,2026-05-21T08:32:12+12:00,58.2,-36.604763,174.802582,2
esp32_device_001,2026-05-21T08:32:17+12:00,58.2,-36.604759,174.802582,2
esp32_device_001,2026-05-21T08:32:22+12:00,57.5,-36.604759,174.802582,2
esp32_device_001,2026-05-21T08:32:27+12:00,57.2,-36.604759,174.802582,2
esp32_device_001,2026-05-21T08:32:32+12:00,56.9,-36.604759,174.802567,2
esp32_device_001,2026-05-21T08:35:50+12:00,43.5,-36.604755,174.802597,2
esp32_device_001,2026-05-21T08:35:55+12:00,43.5,-36.604752,174.802597,2
esp32_device_001,2026-05-21T08:36:00+12:00,44.9,-36.604748,174.802597,2
esp32_device_001,2026-05-21T08:36:05+12:00,45.5,-36.604744,174.802597,2
esp32_device_001,2026-05-21T08:36:10+12:00,47.1,-36.60474,174.802597,2
esp32_device_001,2026-05-21T08:36:15+12:00,48.3,-36.604736,174.802597,2
esp32_device_001,2026-05-21T08:36:20+12:00,49.1,-36.604736,174.802597,2
esp32_device_001,2026-05-21T08:36:25+12:00,49.7,-36.604733,174.802582,2
esp32_device_001,2026-05-21T08:36:30+12:00,49.5,-36.604729,174.802582,2
esp32_device_001,2026-05-21T08:36:35+12:00,49.5,-36.604729,174.802582,2
esp32_device_001,2026-05-21T08:36:40+12:00,49.3,-36.604729,174.802582,2
esp32_device_001,2026-05-21T08:36:50+12:00,48.7,-36.604729,174.802582,2
esp32_device_001,2026-05-21T08:36:55+12:00,48.7,-36.604725,174.802582,2
esp32_device_001,2026-05-21T08:37:00+12:00,49.2,-36.604721,174.802582,2
esp32_device_001,2026-05-21T08:37:05+12:00,50.3,-36.604717,174.802597,2
esp32_device_001,2026-05-21T08:37:10+12:00,50.7,-36.604713,174.802597,2
esp32_device_001,2026-05-21T08:37:15+12:00,51.5,-36.60471,174.802597,2
esp32_device_001,2026-05-21T08:37:25+12:00,51.9,-36.604706,174.802597,2
esp32_device_001,2026-05-21T08:37:30+12:00,52.1,-36.604706,174.802597,2
esp32_device_001,2026-05-21T08:37:35+12:00,52.2,-36.604702,174.802597,2
esp32_device_001,2026-05-21T08:38:01+12:00,52.2,-36.60471,174.802612,2
esp32_device_001,2026-05-21T08:38:06+12:00,52.2,-36.604713,174.802612,2
esp32_device_001,2026-05-21T08:38:11+12:00,52.2,-36.604713,174.802612,2
esp32_device_001,2026-05-21T08:38:16+12:00,52.2,-36.604717,174.802612,2
esp32_device_001,2026-05-21T08:38:21+12:00,52.2,-36.604721,174.802612,2
esp32_device_001,2026-05-21T08:38:26+12:00,52.2,-36.604717,174.802612,2
esp32_device_001,2026-05-21T08:38:31+12:00,52.2,-36.604721,174.802612,2
esp32_device_001,2026-05-21T08:38:36+12:00,52.2,-36.604721,174.802612,2
esp32_device_001,2026-05-21T08:38:41+12:00,52.2,-36.604721,174.802612,2
esp32_device_001,2026-05-21T08:38:46+12:00,52.2,-36.604725,174.802612,2
esp32_device_001,2026-05-21T08:38:51+12:00,52.2,-36.604725,174.802612,2
esp32_device_001,2026-05-21T08:38:56+12:00,52.2,-36.604733,174.802612,2
esp32_device_001,2026-05-21T08:39:01+12:00,52.2,-36.604733,174.802612,2
esp32_device_001,2026-05-21T08:39:06+12:00,52.2,-36.604733,174.802612,2
esp32_device_001,2026-05-21T08:39:11+12:00,52.2,-36.604725,174.802612,2
esp32_device_001,2026-05-21T08:39:16+12:00,53,-36.604717,174.802597,2
esp32_device_001,2026-05-21T08:39:21+12:00,53,-36.604706,174.802597,2
esp32_device_001,2026-05-21T08:39:26+12:00,53,-36.604691,174.802612,2
esp32_device_001,2026-05-21T08:39:31+12:00,53,-36.604691,174.802612,2
esp32_device_001,2026-05-21T08:39:36+12:00,53,-36.604698,174.802612,2
esp32_device_001,2026-05-21T08:39:41+12:00,53,-36.60471,174.802612,2
esp32_device_001,2026-05-21T08:39:46+12:00,53,-36.604717,174.802612,2
esp32_device_001,2026-05-21T08:39:51+12:00,53,-36.604725,174.802612,2
esp32_device_001,2026-05-21T08:39:56+12:00,53,-36.604729,174.802597,2
esp32_device_001,2026-05-21T08:40:01+12:00,53,-36.604733,174.802597,2
esp32_device_001,2026-05-21T08:40:06+12:00,53.9,-36.60474,174.802582,2
esp32_device_001,2026-05-21T08:40:11+12:00,53.9,-36.60474,174.802582,2
esp32_device_001,2026-05-21T08:40:16+12:00,53.9,-36.604736,174.802582,2
esp32_device_001,2026-05-21T08:40:21+12:00,53.9,-36.60474,174.802582,2
esp32_device_001,2026-05-21T08:40:26+12:00,53.9,-36.604744,174.802582,2
esp32_device_001,2026-05-21T08:40:31+12:00,53.9,-36.604748,174.802582,2
esp32_device_001,2026-05-21T08:40:36+12:00,53.9,-36.604748,174.802597,2
esp32_device_001,2026-05-21T08:40:41+12:00,53.9,-36.604744,174.802597,2
esp32_device_001,2026-05-21T08:40:46+12:00,53.9,-36.604744,174.802597,2
esp32_device_001,2026-05-21T08:40:51+12:00,53.9,-36.604733,174.802597,2
esp32_device_001,2026-05-21T08:40:56+12:00,53.9,-36.604729,174.802612,2
esp32_device_001,2026-05-21T08:41:01+12:00,53.9,-36.604729,174.802612,2
esp32_device_001,2026-05-21T08:41:06+12:00,53.2,-36.604725,174.802612,2
esp32_device_001,2026-05-21T08:41:11+12:00,53.1,-36.604725,174.802612,2
esp32_device_001,2026-05-21T08:41:16+12:00,54,-36.604725,174.802612,2
esp32_device_001,2026-05-21T08:41:21+12:00,54,-36.604725,174.802612,2
esp32_device_001,2026-05-21T08:41:26+12:00,56.2,-36.604713,174.802628,2
esp32_device_001,2026-05-21T08:41:31+12:00,56.2,-36.604717,174.802628,2
esp32_device_001,2026-05-21T08:41:36+12:00,56.5,-36.604717,174.802628,2
esp32_device_001,2026-05-21T08:41:41+12:00,56.1,-36.604721,174.802628,2
esp32_device_001,2026-05-21T08:41:46+12:00,56,-36.604729,174.802628,2
esp32_device_001,2026-05-21T08:41:51+12:00,56.4,-36.604717,174.802628,2
esp32_device_001,2026-05-21T08:41:56+12:00,56.4,-36.604725,174.802612,2
esp32_device_001,2026-05-21T08:42:01+12:00,56.4,-36.60474,174.802612,2
esp32_device_001,2026-05-21T08:42:06+12:00,52.4,-36.604748,174.802597,2
esp32_device_001,2026-05-21T08:42:11+12:00,51.3,-36.60474,174.802597,2
esp32_device_001,2026-05-21T08:42:16+12:00,50.2,-36.604733,174.802582,2
esp32_device_001,2026-05-21T08:42:21+12:00,48.9,-36.60474,174.802582,2
esp32_device_001,2026-05-21T08:42:26+12:00,48.7,-36.604744,174.802582,2
esp32_device_001,2026-05-21T08:42:31+12:00,48.7,-36.604744,174.802582,2
esp32_device_001,2026-05-21T08:42:36+12:00,49,-36.60474,174.802582,2
esp32_device_001,2026-05-21T08:44:01+12:00,60.9,-36.60471,174.802567,2
esp32_device_001,2026-05-21T08:44:11+12:00,61.9,-36.60471,174.802567,2
esp32_device_001,2026-05-21T08:44:16+12:00,60.9,-36.60471,174.802551,2
esp32_device_001,2026-05-21T08:44:21+12:00,60.6,-36.60471,174.802567,2
esp32_device_001,2026-05-21T08:44:26+12:00,61.2,-36.604713,174.802567,2
esp32_device_001,2026-05-21T08:44:31+12:00,60.3,-36.604713,174.802567,2
esp32_device_001,2026-05-21T08:44:36+12:00,59.6,-36.604717,174.802567,2
esp32_device_001,2026-05-21T08:44:41+12:00,58.6,-36.604721,174.802567,2
esp32_device_001,2026-05-21T08:44:46+12:00,57.5,-36.604725,174.802567,2
esp32_device_001,2026-05-21T08:44:51+12:00,55.5,-36.604733,174.802567,2
esp32_device_001,2026-05-21T08:44:56+12:00,54.9,-36.604736,174.802567,2
esp32_device_001,2026-05-21T08:45:01+12:00,54.2,-36.60474,174.802567,2
esp32_device_001,2026-05-21T08:45:06+12:00,53.7,-36.60474,174.802567,2
esp32_device_001,2026-05-21T08:45:11+12:00,53.5,-36.604744,174.802582,2
esp32_device_001,2026-05-21T08:45:16+12:00,53.1,-36.604744,174.802567,2
esp32_device_001,2026-05-21T08:45:21+12:00,54,-36.604752,174.802567,2
esp32_device_001,2026-05-21T08:45:26+12:00,53.8,-36.604755,174.802567,2
esp32_device_001,2026-05-21T08:45:31+12:00,52.4,-36.604763,174.802567,2
esp32_device_001,2026-05-21T08:45:36+12:00,51.3,-36.604763,174.802567,2
esp32_device_001,2026-05-21T08:45:41+12:00,49.9,-36.604767,174.802567,2
esp32_device_001,2026-05-21T08:45:46+12:00,48.3,-36.604778,174.802567,2
esp32_device_001,2026-05-21T08:45:51+12:00,46.6,-36.604782,174.802582,2
esp32_device_001,2026-05-21T08:45:56+12:00,46,-36.604782,174.802582,2
esp32_device_001,2026-05-21T08:46:01+12:00,46.4,-36.604786,174.802582,2
esp32_device_001,2026-05-21T08:46:06+12:00,46.7,-36.604794,174.802597,2
esp32_device_001,2026-05-21T08:46:11+12:00,47.8,-36.604797,174.802597,2
esp32_device_001,2026-05-21T08:46:16+12:00,51.2,-36.604774,174.802582,2
esp32_device_001,2026-05-21T08:46:21+12:00,56.8,-36.604748,174.802582,2
esp32_device_001,2026-05-21T08:46:26+12:00,59.9,-36.604763,174.802582,2
esp32_device_001,2026-05-21T08:46:31+12:00,61.7,-36.604759,174.802582,2
esp32_device_001,2026-05-21T08:46:36+12:00,62.8,-36.604767,174.802597,2
esp32_device_001,2026-05-21T08:46:41+12:00,62.2,-36.604767,174.802597,2
esp32_device_001,2026-05-21T08:46:46+12:00,63.6,-36.604771,174.802597,2
esp32_device_001,2026-05-21T08:46:51+12:00,65.1,-36.604763,174.802597,2
esp32_device_001,2026-05-21T08:46:56+12:00,66.2,-36.604763,174.802597,2
esp32_device_001,2026-05-21T08:47:01+12:00,67.5,-36.604763,174.802597,2
esp32_device_001,2026-05-21T08:47:06+12:00,68.3,-36.604759,174.802597,2
esp32_device_001,2026-05-21T08:47:11+12:00,69.9,-36.604759,174.802597,2
esp32_device_001,2026-05-21T08:47:16+12:00,70.6,-36.604752,174.802597,2
esp32_device_001,2026-05-21T08:47:21+12:00,70.8,-36.604755,174.802597,2
esp32_device_001,2026-05-21T08:47:26+12:00,72.2,-36.604752,174.802597,2
esp32_device_001,2026-05-21T08:47:31+12:00,73.3,-36.604748,174.802597,2
esp32_device_001,2026-05-21T08:47:36+12:00,74.6,-36.604744,174.802582,2
esp32_device_001,2026-05-21T08:47:41+12:00,73.4,-36.60474,174.802582,2
esp32_device_001,2026-05-21T08:47:46+12:00,73,-36.60474,174.802582,2
esp32_device_001,2026-05-21T08:47:51+12:00,72.9,-36.604736,174.802582,2
esp32_device_001,2026-05-21T08:47:56+12:00,73.5,-36.604725,174.802582,2
esp32_device_001,2026-05-21T08:48:01+12:00,74.2,-36.604717,174.802582,2
esp32_device_001,2026-05-21T08:48:06+12:00,74.8,-36.604725,174.802582,2
esp32_device_001,2026-05-21T08:48:11+12:00,74.9,-36.604713,174.802582,2
esp32_device_001,2026-05-21T08:48:16+12:00,73.8,-36.604721,174.802582,2
esp32_device_001,2026-05-21T08:48:21+12:00,73.4,-36.604736,174.802597,2
esp32_device_001,2026-05-21T08:48:26+12:00,71.3,-36.604755,174.802597,2
esp32_device_001,2026-05-21T08:48:31+12:00,68.6,-36.604763,174.802597,2
esp32_device_001,2026-05-21T08:48:36+12:00,68.4,-36.604763,174.802597,2
esp32_device_001,2026-05-21T08:48:41+12:00,67.7,-36.604763,174.802597,2
esp32_device_001,2026-05-21T08:48:46+12:00,65.8,-36.604774,174.802597,2
esp32_device_001,2026-05-21T08:48:51+12:00,64.8,-36.604778,174.802597,2
esp32_device_001,2026-05-21T08:49:16+12:00,59.4,-36.604763,174.802597,2
esp32_device_001,2026-05-21T08:49:26+12:00,58.9,-36.604771,174.802612,2
esp32_device_001,2026-05-21T08:49:31+12:00,59.3,-36.604771,174.802612,2
esp32_device_001,2026-05-21T08:49:36+12:00,58.7,-36.604771,174.802612,2
esp32_device_001,2026-05-21T08:49:41+12:00,58.5,-36.604767,174.802612,2
esp32_device_001,2026-05-21T08:49:46+12:00,58.8,-36.604763,174.802612,2
esp32_device_001,2026-05-21T08:49:51+12:00,59.5,-36.604755,174.802597,2
esp32_device_001,2026-05-21T08:49:56+12:00,61.2,-36.604748,174.802597,2
esp32_device_001,2026-05-21T08:50:01+12:00,62.4,-36.60474,174.802597,2
esp32_device_001,2026-05-21T08:50:06+12:00,63.4,-36.604744,174.802597,2
esp32_device_001,2026-05-21T08:50:11+12:00,63.4,-36.604736,174.802597,2
esp32_device_001,2026-05-21T08:50:16+12:00,62.8,-36.604729,174.802597,2
esp32_device_001,2026-05-21T08:50:21+12:00,63.3,-36.604736,174.802597,2
esp32_device_001,2026-05-21T08:50:26+12:00,64,-36.60474,174.802597,2
esp32_device_001,2026-05-21T08:50:31+12:00,65.3,-36.604748,174.802597,2
esp32_device_001,2026-05-21T08:50:36+12:00,66.1,-36.604736,174.802582,2
esp32_device_001,2026-05-21T08:50:41+12:00,67.6,-36.60474,174.802582,2
esp32_device_001,2026-05-21T08:50:46+12:00,67.7,-36.604744,174.802582,2
esp32_device_001,2026-05-21T08:50:51+12:00,67.4,-36.604744,174.802582,2
esp32_device_001,2026-05-21T08:50:56+12:00,67.5,-36.60474,174.802582,2
esp32_device_001,2026-05-21T08:51:01+12:00,66.3,-36.604748,174.802582,2
esp32_device_001,2026-05-21T08:51:06+12:00,65.6,-36.604748,174.802582,2
esp32_device_001,2026-05-21T08:51:11+12:00,65.1,-36.604748,174.802582,2
esp32_device_001,2026-05-21T08:51:16+12:00,64.3,-36.604752,174.802582,2
esp32_device_001,2026-05-21T08:51:21+12:00,63.1,-36.604755,174.802582,2
esp32_device_001,2026-05-21T08:51:26+12:00,62.6,-36.604771,174.802582,2
esp32_device_001,2026-05-21T08:51:31+12:00,62,-36.604771,174.802582,2
esp32_device_001,2026-05-21T08:51:36+12:00,62.4,-36.604759,174.802582,2
esp32_device_001,2026-05-21T08:51:41+12:00,62.5,-36.604755,174.802597,2
esp32_device_001,2026-05-21T08:51:46+12:00,62.7,-36.604752,174.802582,2
esp32_device_001,2026-05-21T08:51:51+12:00,61.8,-36.604748,174.802582,2
esp32_device_001,2026-05-21T08:51:56+12:00,61.8,-36.604752,174.802582,2
esp32_device_001,2026-05-21T08:52:01+12:00,61.3,-36.604771,174.802582,2
esp32_device_001,2026-05-21T08:52:06+12:00,60.5,-36.604782,174.802582,2
esp32_device_001,2026-05-21T08:52:11+12:00,61,-36.604782,174.802582,2
esp32_device_001,2026-05-21T08:52:16+12:00,61.3,-36.604774,174.802582,2
esp32_device_001,2026-05-21T08:52:21+12:00,61,-36.604782,174.802582,2
esp32_device_001,2026-05-21T08:52:26+12:00,60.3,-36.604782,174.802567,2
esp32_device_001,2026-05-21T08:52:31+12:00,60.6,-36.60479,174.802567,2
esp32_device_001,2026-05-21T08:52:36+12:00,61.3,-36.604786,174.802582,2
esp32_device_001,2026-05-21T08:52:41+12:00,60.9,-36.604801,174.802582,2
esp32_device_001,2026-05-21T08:52:46+12:00,59.6,-36.604805,174.802582,2
esp32_device_001,2026-05-21T08:52:51+12:00,58.6,-36.604816,174.802582,2
esp32_device_001,2026-05-21T08:52:56+12:00,57.4,-36.604813,174.802582,2
esp32_device_001,2026-05-21T08:53:01+12:00,55.5,-36.60479,174.802551,2
esp32_device_001,2026-05-21T08:53:06+12:00,53.9,-36.60479,174.802551,2
esp32_device_001,2026-05-21T08:53:11+12:00,53.8,-36.604774,174.802536,2
esp32_device_001,2026-05-21T08:53:16+12:00,52.6,-36.604774,174.802536,2
esp32_device_001,2026-05-21T08:53:21+12:00,52.4,-36.604763,174.802536,2
esp32_device_001,2026-05-21T08:53:26+12:00,56.7,-36.604713,174.802521,2
esp32_device_001,2026-05-21T08:53:31+12:00,60,-36.604687,174.802505,2
esp32_device_001,2026-05-21T08:53:36+12:00,61.6,-36.604656,174.802505,2
esp32_device_001,2026-05-21T08:53:41+12:00,62.3,-36.604671,174.802505,2
esp32_device_001,2026-05-21T08:53:46+12:00,63.3,-36.604675,174.802505,2
esp32_device_001,2026-05-21T08:53:51+12:00,62.8,-36.604679,174.802521,2
esp32_device_001,2026-05-21T08:53:56+12:00,62.5,-36.604702,174.802521,2
esp32_device_001,2026-05-21T08:54:01+12:00,62.8,-36.604729,174.802536,2
esp32_device_001,2026-05-21T08:54:06+12:00,63.6,-36.604733,174.802536,2
esp32_device_001,2026-05-21T08:54:11+12:00,64.2,-36.604744,174.802536,2
esp32_device_001,2026-05-21T08:54:31+12:00,64.4,-36.60479,174.802551,2
esp32_device_001,2026-05-21T08:54:36+12:00,63.5,-36.604809,174.802567,2
esp32_device_001,2026-05-21T08:54:41+12:00,61.3,-36.604809,174.802551,2
esp32_device_001,2026-05-21T08:54:46+12:00,60.2,-36.604813,174.802551,2
esp32_device_001,2026-05-21T08:54:51+12:00,58.9,-36.60482,174.802567,2
esp32_device_001,2026-05-21T08:54:56+12:00,58.6,-36.604828,174.802567,2
esp32_device_001,2026-05-21T08:55:01+12:00,57.9,-36.604828,174.802567,2
esp32_device_001,2026-05-21T08:55:06+12:00,57.5,-36.604816,174.802567,2
esp32_device_001,2026-05-21T08:55:11+12:00,57.2,-36.604809,174.802567,2
esp32_device_001,2026-05-21T08:55:16+12:00,57.7,-36.60479,174.802567,2
esp32_device_001,2026-05-21T08:55:21+12:00,58.5,-36.604774,174.802551,2
esp32_device_001,2026-05-21T08:55:26+12:00,58.3,-36.604786,174.802567,2
esp32_device_001,2026-05-21T08:55:31+12:00,58.3,-36.604805,174.802582,2
esp32_device_001,2026-05-21T08:55:36+12:00,57.5,-36.604824,174.802582,2
esp32_device_001,2026-05-21T08:55:41+12:00,57,-36.604816,174.802582,2
esp32_device_001,2026-05-21T08:55:46+12:00,57.3,-36.604816,174.802582,2
esp32_device_001,2026-05-21T08:55:51+12:00,57.3,-36.604816,174.802597,2
esp32_device_001,2026-05-21T08:55:56+12:00,57.3,-36.604824,174.802597,2
esp32_device_001,2026-05-21T08:56:01+12:00,57.1,-36.604824,174.802582,2
esp32_device_001,2026-05-21T08:56:06+12:00,57.2,-36.604813,174.802582,2
esp32_device_001,2026-05-21T08:56:11+12:00,57.1,-36.604816,174.802582,2
esp32_device_001,2026-05-21T08:56:16+12:00,56.3,-36.604805,174.802582,2
esp32_device_001,2026-05-21T08:56:21+12:00,56.1,-36.604813,174.802582,2
esp32_device_001,2026-05-21T08:56:26+12:00,55.7,-36.604816,174.802597,2
esp32_device_001,2026-05-21T08:56:31+12:00,55.9,-36.604805,174.802582,2
esp32_device_001,2026-05-21T08:56:36+12:00,55.5,-36.604805,174.802597,2
esp32_device_001,2026-05-21T08:56:41+12:00,54,-36.60482,174.802582,2
esp32_device_001,2026-05-21T08:56:46+12:00,53.9,-36.60482,174.802582,2
esp32_device_001,2026-05-21T08:56:51+12:00,54.2,-36.604816,174.802582,2
esp32_device_001,2026-05-21T08:56:56+12:00,53.8,-36.604816,174.802582,2
esp32_device_001,2026-05-21T08:57:01+12:00,52.9,-36.60482,174.802597,2
esp32_device_001,2026-05-21T08:57:06+12:00,52,-36.604824,174.802597,2
esp32_device_001,2026-05-21T08:57:11+12:00,50.5,-36.604828,174.802597,2
esp32_device_001,2026-05-21T08:57:16+12:00,51.1,-36.604813,174.802597,2
esp32_device_001,2026-05-21T08:57:21+12:00,51.8,-36.604801,174.802597,2
esp32_device_001,2026-05-21T08:57:26+12:00,52,-36.60479,174.802597,2
esp32_device_001,2026-05-21T08:57:31+12:00,52.3,-36.604782,174.802597,2
esp32_device_001,2026-05-21T08:57:36+12:00,52.7,-36.604778,174.802597,2
esp32_device_001,2026-05-21T08:57:41+12:00,53.2,-36.604778,174.802582,2
esp32_device_001,2026-05-21T08:57:46+12:00,53.2,-36.604778,174.802582,2
esp32_device_001,2026-05-21T08:57:51+12:00,52.6,-36.604786,174.802582,2
esp32_device_001,2026-05-21T08:57:56+12:00,52.2,-36.60479,174.802582,2
esp32_device_001,2026-05-21T08:58:01+12:00,51.3,-36.604797,174.802582,2
esp32_device_001,2026-05-21T08:58:06+12:00,50.7,-36.604801,174.802582,2
esp32_device_001,2026-05-21T08:58:11+12:00,50.5,-36.604805,174.802567,2
esp32_device_001,2026-05-21T08:58:16+12:00,50.7,-36.604801,174.802582,2
esp32_device_001,2026-05-21T08:58:21+12:00,51.2,-36.604801,174.802582,2
esp32_device_001,2026-05-21T08:58:26+12:00,51.7,-36.604805,174.802582,2
esp32_device_001,2026-05-21T08:58:31+12:00,52.2,-36.604809,174.802582,2
esp32_device_001,2026-05-21T08:58:36+12:00,53.3,-36.604801,174.802582,2
esp32_device_001,2026-05-21T08:58:41+12:00,53.9,-36.604794,174.802582,2
esp32_device_001,2026-05-21T08:58:46+12:00,54.2,-36.604794,174.802582,2
esp32_device_001,2026-05-21T08:58:51+12:00,55.2,-36.604778,174.802597,2
esp32_device_001,2026-05-21T08:58:56+12:00,53.9,-36.604774,174.802582,2
esp32_device_001,2026-05-21T08:59:01+12:00,53.2,-36.604763,174.802582,2
esp32_device_001,2026-05-21T08:59:06+12:00,53.7,-36.604759,174.802597,2
esp32_device_001,2026-05-21T08:59:11+12:00,54.2,-36.604763,174.802597,2
esp32_device_001,2026-05-21T08:59:16+12:00,53.5,-36.604774,174.802597,2
esp32_device_001,2026-05-21T09:02:32+12:00,59.7,-36.604771,174.802597,2
esp32_device_001,2026-05-21T09:02:42+12:00,59.4,-36.604771,174.802597,2
esp32_device_001,2026-05-21T09:02:47+12:00,60.4,-36.604767,174.802597,2
esp32_device_001,2026-05-21T09:02:52+12:00,61.2,-36.604763,174.802597,2
esp32_device_001,2026-05-21T09:02:57+12:00,60.5,-36.604774,174.802597,2
esp32_device_001,2026-05-21T09:03:02+12:00,60.8,-36.604771,174.802597,2
esp32_device_001,2026-05-21T09:03:07+12:00,59.8,-36.604782,174.802597,2
esp32_device_001,2026-05-21T09:03:12+12:00,57.7,-36.604794,174.802597,2
esp32_device_001,2026-05-21T09:03:17+12:00,57.7,-36.604782,174.802582,2
esp32_device_001,2026-05-21T09:03:22+12:00,59.3,-36.604782,174.802582,2
esp32_device_001,2026-05-21T09:03:27+12:00,57.6,-36.604794,174.802582,2
esp32_device_001,2026-05-21T09:03:32+12:00,58.5,-36.604782,174.802597,2
esp32_device_001,2026-05-21T09:03:37+12:00,56.5,-36.604805,174.802597,2
esp32_device_001,2026-05-21T09:03:42+12:00,55.5,-36.604809,174.802597,2
esp32_device_001,2026-05-21T09:03:47+12:00,55.5,-36.604805,174.802597,2
esp32_device_001,2026-05-21T09:03:52+12:00,56.4,-36.60479,174.802597,2
esp32_device_001,2026-05-21T09:03:57+12:00,58,-36.604763,174.802597,2
esp32_device_001,2026-05-21T09:04:02+12:00,61.5,-36.604736,174.802582,2
esp32_device_001,2026-05-21T09:04:07+12:00,60.9,-36.60474,174.802582,2
esp32_device_001,2026-05-21T09:04:12+12:00,62.1,-36.604721,174.802582,2
esp32_device_001,2026-05-21T09:04:17+12:00,62.2,-36.604706,174.802567,2
esp32_device_001,2026-05-21T09:04:22+12:00,62.8,-36.604694,174.802567,2
esp32_device_001,2026-05-21T09:04:27+12:00,64.4,-36.604687,174.802551,2
esp32_device_001,2026-05-21T09:04:32+12:00,65.3,-36.604675,174.802551,2
esp32_device_001,2026-05-21T09:04:37+12:00,66.8,-36.604668,174.802551,2
esp32_device_001,2026-05-21T09:04:42+12:00,66.6,-36.604671,174.802551,2
esp32_device_001,2026-05-21T09:04:47+12:00,65.2,-36.604691,174.802551,2
esp32_device_001,2026-05-21T09:04:52+12:00,64.9,-36.604694,174.802582,2
esp32_device_001,2026-05-21T09:04:57+12:00,64.1,-36.60471,174.802582,2
esp32_device_001,2026-05-21T09:05:02+12:00,63,-36.604702,174.802582,2
esp32_device_001,2026-05-21T09:05:07+12:00,62.1,-36.604702,174.802567,2
esp32_device_001,2026-05-21T09:05:12+12:00,60.9,-36.604702,174.802567,2
esp32_device_001,2026-05-21T09:05:17+12:00,60.1,-36.604694,174.802551,2
esp32_device_001,2026-05-21T09:05:22+12:00,59.5,-36.604702,174.802567,2
esp32_device_001,2026-05-21T09:05:27+12:00,59.5,-36.604702,174.802536,2
esp32_device_001,2026-05-21T09:05:32+12:00,60.6,-36.604675,174.802521,2
esp32_device_001,2026-05-21T09:05:37+12:00,59.4,-36.604694,174.802536,2
esp32_device_001,2026-05-21T09:05:42+12:00,58.9,-36.604706,174.802536,2
esp32_device_001,2026-05-21T09:05:47+12:00,57.5,-36.604713,174.802521,2
esp32_device_001,2026-05-21T09:05:52+12:00,56.6,-36.604721,174.802521,2
esp32_device_001,2026-05-21T09:05:57+12:00,56.1,-36.604717,174.802505,2
esp32_device_001,2026-05-21T09:06:02+12:00,55,-36.604713,174.802505,2
esp32_device_001,2026-05-21T09:06:07+12:00,55.2,-36.60471,174.802505,2
esp32_device_001,2026-05-21T09:06:12+12:00,56.5,-36.604706,174.802505,2
esp32_device_001,2026-05-21T09:06:17+12:00,57.2,-36.60471,174.802521,2
esp32_device_001,2026-05-21T09:06:22+12:00,56.7,-36.604725,174.802536,2
esp32_device_001,2026-05-21T09:06:27+12:00,56.8,-36.60474,174.802567,2
esp32_device_001,2026-05-21T09:06:32+12:00,55.8,-36.604782,174.802597,2
esp32_device_001,2026-05-21T09:06:37+12:00,54.6,-36.604809,174.802612,2
esp32_device_001,2026-05-21T09:06:42+12:00,53.1,-36.604809,174.802643,2
esp32_device_001,2026-05-21T09:06:47+12:00,51.3,-36.604797,174.802658,2
esp32_device_001,2026-05-21T09:06:52+12:00,49.3,-36.604809,174.802673,2
esp32_device_001,2026-05-21T09:06:57+12:00,47,-36.60482,174.802689,2
esp32_device_001,2026-05-21T09:07:02+12:00,45,-36.604832,174.802689,2
esp32_device_001,2026-05-21T09:07:07+12:00,43.3,-36.604832,174.802689,2
esp32_device_001,2026-05-21T09:07:12+12:00,42.1,-36.604832,174.802689,2
esp32_device_001,2026-05-21T09:07:17+12:00,41.6,-36.604828,174.802704,2
esp32_device_001,2026-05-21T09:07:22+12:00,41.3,-36.604836,174.802704,2
esp32_device_001,2026-05-21T09:07:27+12:00,41.1,-36.604824,174.802704,2
esp32_device_001,2026-05-21T09:10:43+12:00,61.4,-36.604717,174.802567,2
esp32_device_001,2026-05-21T09:10:53+12:00,60.5,-36.604729,174.802582,2
esp32_device_001,2026-05-21T09:10:58+12:00,59.5,-36.604713,174.802582,2
esp32_device_001,2026-05-21T09:11:03+12:00,58.6,-36.604725,174.802582,2
esp32_device_001,2026-05-21T09:11:08+12:00,57.9,-36.604725,174.802582,2
esp32_device_001,2026-05-21T09:11:13+12:00,57.2,-36.60471,174.802597,2
esp32_device_001,2026-05-21T09:11:18+12:00,55.9,-36.604725,174.802597,2
esp32_device_001,2026-05-21T09:11:23+12:00,54.7,-36.604752,174.802597,2
esp32_device_001,2026-05-21T09:11:28+12:00,54.7,-36.604759,174.802597,2
esp32_device_001,2026-05-21T09:11:33+12:00,54.9,-36.604767,174.802582,2
esp32_device_001,2026-05-21T09:11:38+12:00,54.6,-36.604759,174.802582,2
esp32_device_001,2026-05-21T09:11:43+12:00,55,-36.604748,174.802582,2
esp32_device_001,2026-05-21T09:11:48+12:00,54.9,-36.604748,174.802582,2
esp32_device_001,2026-05-21T09:11:53+12:00,54.5,-36.604759,174.802582,2
esp32_device_001,2026-05-21T09:11:58+12:00,54.1,-36.604759,174.802567,2
esp32_device_001,2026-05-21T09:12:03+12:00,53.3,-36.604763,174.802582,2
esp32_device_001,2026-05-21T09:12:08+12:00,52.4,-36.604748,174.802567,2
esp32_device_001,2026-05-21T09:12:13+12:00,51.7,-36.604759,174.802582,2
esp32_device_001,2026-05-21T09:12:18+12:00,52.4,-36.604759,174.802567,2
esp32_device_001,2026-05-21T09:12:23+12:00,51.9,-36.604763,174.802567,2
esp32_device_001,2026-05-21T09:12:28+12:00,51.2,-36.604767,174.802567,2
esp32_device_001,2026-05-21T09:12:33+12:00,49.5,-36.604771,174.802567,2
esp32_device_001,2026-05-21T09:12:38+12:00,48.1,-36.604755,174.802567,2
esp32_device_001,2026-05-21T09:12:43+12:00,47.8,-36.604752,174.802551,2
esp32_device_001,2026-05-21T09:12:48+12:00,47.8,-36.604744,174.802551,2
esp32_device_001,2026-05-21T09:12:53+12:00,48.6,-36.604748,174.802551,2
esp32_device_001,2026-05-21T09:12:58+12:00,48.7,-36.604759,174.802567,2
esp32_device_001,2026-05-21T09:13:03+12:00,48.2,-36.604755,174.802551,2
esp32_device_001,2026-05-21T09:13:08+12:00,51.6,-36.604733,174.802551,2
esp32_device_001,2026-05-21T09:13:13+12:00,51.1,-36.604748,174.802567,2
esp32_device_001,2026-05-21T09:13:18+12:00,50.6,-36.604752,174.802551,2
esp32_device_001,2026-05-21T09:13:23+12:00,51.9,-36.60474,174.802551,2
esp32_device_001,2026-05-21T09:13:28+12:00,53.8,-36.604717,174.802551,2
esp32_device_001,2026-05-21T09:13:33+12:00,53.4,-36.604717,174.802536,2
esp32_device_001,2026-05-21T09:13:38+12:00,52.5,-36.604725,174.802551,2
esp32_device_001,2026-05-21T09:13:43+12:00,51.7,-36.604733,174.802551,2
esp32_device_001,2026-05-21T09:13:48+12:00,52,-36.604736,174.802567,2
esp32_device_001,2026-05-21T09:13:53+12:00,53.1,-36.604721,174.802551,2
esp32_device_001,2026-05-21T09:13:58+12:00,53.7,-36.604721,174.802567,2
esp32_device_001,2026-05-21T09:14:03+12:00,53.7,-36.604721,174.802567,2
esp32_device_001,2026-05-21T09:14:08+12:00,54,-36.604736,174.802567,2
esp32_device_001,2026-05-21T09:14:13+12:00,53.7,-36.604755,174.802582,2
esp32_device_001,2026-05-21T09:14:18+12:00,52.8,-36.604778,174.802582,2
esp32_device_001,2026-05-21T09:14:23+12:00,51.5,-36.604805,174.802582,2
esp32_device_001,2026-05-21T09:14:28+12:00,51.2,-36.604824,174.802597,2
esp32_device_001,2026-05-21T09:14:33+12:00,52.3,-36.604809,174.802597,2
esp32_device_001,2026-05-21T09:14:38+12:00,52.4,-36.604805,174.802597,2
esp32_device_001,2026-05-21T09:14:43+12:00,52.6,-36.604809,174.802597,2
esp32_device_001,2026-05-21T09:14:48+12:00,52.7,-36.604816,174.802597,2
esp32_device_001,2026-05-21T09:14:53+12:00,52.9,-36.604816,174.802597,2
esp32_device_001,2026-05-21T09:14:58+12:00,53.4,-36.604801,174.802582,2
esp32_device_001,2026-05-21T09:15:03+12:00,53.4,-36.604794,174.802582,2
esp32_device_001,2026-05-21T09:15:08+12:00,53.9,-36.604771,174.802567,2
esp32_device_001,2026-05-21T09:15:13+12:00,55,-36.604755,174.802567,2
esp32_device_001,2026-05-21T09:15:18+12:00,54,-36.604771,174.802582,2
esp32_device_001,2026-05-21T09:15:23+12:00,53.7,-36.604778,174.802582,2
esp32_device_001,2026-05-21T09:15:28+12:00,52.3,-36.60479,174.802582,2
esp32_device_001,2026-05-21T09:15:33+12:00,51.8,-36.604786,174.802582,2
esp32_device_001,2026-05-21T09:15:38+12:00,51.2,-36.60479,174.802582,2
esp32_device_001,2026-05-21T09:15:57+12:00,50.1,-36.60479,174.802597,2
esp32_device_001,2026-05-21T09:16:02+12:00,49.9,-36.604797,174.802597,2
esp32_device_001,2026-05-21T09:16:07+12:00,49.3,-36.604813,174.802612,2
esp32_device_001,2026-05-21T09:16:12+12:00,48.6,-36.60482,174.802612,2
esp32_device_001,2026-05-21T09:16:17+12:00,47.7,-36.604824,174.802612,2
esp32_device_001,2026-05-21T09:16:22+12:00,47.4,-36.604824,174.802612,2
esp32_device_001,2026-05-21T09:16:27+12:00,47.9,-36.604816,174.802612,2
esp32_device_001,2026-05-21T09:16:32+12:00,47.2,-36.604832,174.802612,2
esp32_device_001,2026-05-21T09:16:37+12:00,47.1,-36.604839,174.802612,2
esp32_device_001,2026-05-21T09:16:42+12:00,40.3,-36.604931,174.802643,2
esp32_device_001,2026-05-21T09:16:47+12:00,41.1,-36.604908,174.802628,2
esp32_device_001,2026-05-21T09:16:52+12:00,41.5,-36.604877,174.802612,2
esp32_device_001,2026-05-21T09:16:57+12:00,41.4,-36.604847,174.802597,2
esp32_device_001,2026-05-21T09:17:02+12:00,41.7,-36.604816,174.802582,2
esp32_device_001,2026-05-21T09:17:07+12:00,42.4,-36.604794,174.802582,2
esp32_device_001,2026-05-21T09:17:12+12:00,42.3,-36.604778,174.802567,2
esp32_device_001,2026-05-21T09:17:17+12:00,41.5,-36.604771,174.802567,2
esp32_device_001,2026-05-21T09:17:22+12:00,40.5,-36.604774,174.802567,2
esp32_device_001,2026-05-21T09:17:27+12:00,41.3,-36.604763,174.802567,2
esp32_device_001,2026-05-21T09:17:32+12:00,41.2,-36.604763,174.802567,2
esp32_device_001,2026-05-21T09:17:37+12:00,43.7,-36.60474,174.802567,2
esp32_device_001,2026-05-21T09:17:42+12:00,45.1,-36.604721,174.802551,2
esp32_device_001,2026-05-21T09:17:47+12:00,47.1,-36.604702,174.802536,2
esp32_device_001,2026-05-21T09:17:52+12:00,47.7,-36.60471,174.802551,2
esp32_device_001,2026-05-21T09:17:57+12:00,46.3,-36.604733,174.802551,2
esp32_device_001,2026-05-21T09:18:02+12:00,44.7,-36.604755,174.802567,2
esp32_device_001,2026-05-21T09:18:07+12:00,43.2,-36.604771,174.802567,2
esp32_device_001,2026-05-21T09:18:12+12:00,41.9,-36.604774,174.802582,2
esp32_device_001,2026-05-21T09:18:17+12:00,41.2,-36.604767,174.802567,2
esp32_device_001,2026-05-21T09:18:22+12:00,40.2,-36.604767,174.802567,2
esp32_device_001,2026-05-21T09:18:27+12:00,37.6,-36.604801,174.802582,2
esp32_device_001,2026-05-21T09:18:32+12:00,33,-36.604874,174.802612,2
esp32_device_001,2026-05-21T09:18:37+12:00,28,-36.604927,174.802612,2
esp32_device_001,2026-05-21T09:18:42+12:00,27.7,-36.604931,174.802597,2
esp32_device_001,2026-05-21T09:18:47+12:00,26.3,-36.604946,174.802612,2
esp32_device_001,2026-05-21T09:18:52+12:00,27.4,-36.604927,174.802597,2
esp32_device_001,2026-05-21T09:18:57+12:00,28.3,-36.604908,174.802582,2
esp32_device_001,2026-05-21T09:19:02+12:00,35.9,-36.604816,174.802567,2
esp32_device_001,2026-05-21T09:19:07+12:00,37.2,-36.604805,174.802551,2
esp32_device_001,2026-05-21T09:19:12+12:00,38.7,-36.604797,174.802551,2
esp32_device_001,2026-05-21T09:19:17+12:00,44.6,-36.604752,174.802551,2
esp32_device_001,2026-05-21T09:19:22+12:00,52.3,-36.604694,174.802551,2
esp32_device_001,2026-05-21T09:19:27+12:00,54,-36.604694,174.802567,2
esp32_device_001,2026-05-21T09:19:32+12:00,56.1,-36.604748,174.802597,2
esp32_device_001,2026-05-21T09:19:37+12:00,58.4,-36.604759,174.802597,2
esp32_device_001,2026-05-21T09:19:42+12:00,59.8,-36.604744,174.802597,2
esp32_device_001,2026-05-21T09:19:47+12:00,59.5,-36.604763,174.802597,2
esp32_device_001,2026-05-21T09:19:52+12:00,59.9,-36.604771,174.802628,2
esp32_device_001,2026-05-21T09:19:57+12:00,62.4,-36.604725,174.802628,2
esp32_device_001,2026-05-21T09:20:02+12:00,64,-36.604691,174.802597,2
esp32_device_001,2026-05-21T09:20:07+12:00,65.1,-36.604683,174.802597,2
esp32_device_001,2026-05-21T09:20:12+12:00,66,-36.604645,174.802582,2
esp32_device_001,2026-05-21T09:20:17+12:00,65.9,-36.604645,174.802582,2
esp32_device_001,2026-05-21T09:20:22+12:00,63.9,-36.60463,174.802582,2
esp32_device_001,2026-05-21T09:20:27+12:00,62.2,-36.60463,174.802582,2
esp32_device_001,2026-05-21T09:20:32+12:00,59.4,-36.604622,174.802582,2
esp32_device_001,2026-05-21T09:20:37+12:00,57.9,-36.604603,174.802597,2
esp32_device_001,2026-05-21T09:20:42+12:00,55.4,-36.604614,174.802597,2
esp32_device_001,2026-05-21T09:20:54+12:00,50.4,-36.604622,174.802582,2
esp32_device_001,2026-05-21T09:20:59+12:00,50.1,-36.604633,174.802582,2
esp32_device_001,2026-05-21T09:21:04+12:00,40.1,-36.604568,174.802658,2
esp32_device_001,2026-05-21T09:21:09+12:00,38.7,-36.604607,174.802643,2
esp32_device_001,2026-05-21T09:21:14+12:00,35.5,-36.604622,174.802628,2
esp32_device_001,2026-05-21T09:21:19+12:00,32.1,-36.604622,174.802628,2
esp32_device_001,2026-05-21T09:21:24+12:00,30.9,-36.604607,174.802628,2
esp32_device_001,2026-05-21T09:21:29+12:00,30.6,-36.604626,174.802612,2
esp32_device_001,2026-05-21T09:21:34+12:00,26.7,-36.604652,174.802612,2
esp32_device_001,2026-05-21T09:21:39+12:00,27.4,-36.604671,174.802597,2
esp32_device_001,2026-05-21T09:21:44+12:00,27.1,-36.60471,174.802582,2
esp32_device_001,2026-05-21T09:21:49+12:00,26.3,-36.604713,174.802597,2
esp32_device_001,2026-05-21T09:21:54+12:00,18.5,-36.604694,174.802597,2
esp32_device_001,2026-05-21T09:21:59+12:00,15,-36.604713,174.802597,2
esp32_device_001,2026-05-21T09:22:04+12:00,16.4,-36.604752,174.802567,2
esp32_device_001,2026-05-21T09:22:09+12:00,18.6,-36.60479,174.802567,2
esp32_device_001,2026-05-21T09:22:14+12:00,22,-36.60479,174.802551,2
esp32_device_001,2026-05-21T09:22:19+12:00,24.9,-36.604797,174.802597,2
esp32_device_001,2026-05-21T09:22:24+12:00,27.3,-36.604786,174.802597,2
esp32_device_001,2026-05-21T09:22:29+12:00,29.1,-36.604752,174.802612,2
esp32_device_001,2026-05-21T09:22:34+12:00,30.9,-36.604721,174.802628,2
esp32_device_001,2026-05-21T09:22:39+12:00,30.9,-36.604671,174.802628,2
esp32_device_001,2026-05-21T09:22:44+12:00,30.2,-36.604637,174.802628,2
esp32_device_001,2026-05-21T09:22:49+12:00,28,-36.604614,174.802597,2
esp32_device_001,2026-05-21T09:22:54+12:00,25.4,-36.604637,174.802567,2
esp32_device_001,2026-05-21T09:22:59+12:00,23.9,-36.604652,174.802536,2
esp32_device_001,2026-05-21T09:23:04+12:00,24.1,-36.60466,174.802536,2
esp32_device_001,2026-05-21T09:23:09+12:00,25.3,-36.604729,174.802536,2
esp32_device_001,2026-05-21T09:23:14+12:00,27,-36.604763,174.802567,2
esp32_device_001,2026-05-21T09:23:19+12:00,28.1,-36.604767,174.802567,2
esp32_device_001,2026-05-21T09:23:24+12:00,29.6,-36.604744,174.802567,2
esp32_device_001,2026-05-21T09:23:29+12:00,32.5,-36.604729,174.802567,2
esp32_device_001,2026-05-21T09:23:34+12:00,36.3,-36.60471,174.802551,2
esp32_device_001,2026-05-21T09:23:39+12:00,39.3,-36.604656,174.802551,2
esp32_device_001,2026-05-21T09:23:44+12:00,41.3,-36.604664,174.802551,2
esp32_device_001,2026-05-21T09:23:49+12:00,44.4,-36.604687,174.802536,2
esp32_device_001,2026-05-21T09:23:54+12:00,48.5,-36.604671,174.802551,2
esp32_device_001,2026-05-21T09:23:59+12:00,50.1,-36.60463,174.802521,2
esp32_device_001,2026-05-21T09:24:04+12:00,52.2,-36.604637,174.802521,2
esp32_device_001,2026-05-21T09:24:09+12:00,53.6,-36.604633,174.802521,2
esp32_device_001,2026-05-21T09:24:14+12:00,51.9,-36.60461,174.802521,2
esp32_device_001,2026-05-21T09:24:19+12:00,43.7,-36.604549,174.802521,2
esp32_device_001,2026-05-21T09:24:24+12:00,36.2,-36.604469,174.802536,2
esp32_device_001,2026-05-21T09:24:29+12:00,31.5,-36.60445,174.802536,2
esp32_device_001,2026-05-21T09:24:34+12:00,34.5,-36.604515,174.802551,2
esp32_device_001,2026-05-21T09:24:39+12:00,38.4,-36.604553,174.802551,2
esp32_device_001,2026-05-21T09:24:44+12:00,41.1,-36.604568,174.802582,2
esp32_device_001,2026-05-21T09:24:49+12:00,44.9,-36.604572,174.802597,2
esp32_device_001,2026-05-21T09:24:54+12:00,48.4,-36.604572,174.802597,2
esp32_device_001,2026-05-21T09:24:59+12:00,51.1,-36.604588,174.802567,2
esp32_device_001,2026-05-21T09:25:04+12:00,52.8,-36.604603,174.802567,2
esp32_device_001,2026-05-21T09:25:09+12:00,51.1,-36.604607,174.802597,2
esp32_device_001,2026-05-21T09:25:14+12:00,51,-36.604645,174.802567,2
esp32_device_001,2026-05-21T09:25:19+12:00,50.9,-36.604675,174.802551,2
esp32_device_001,2026-05-21T09:25:24+12:00,50.5,-36.604668,174.802521,2
esp32_device_001,2026-05-21T09:25:29+12:00,50.9,-36.604668,174.802521,2
esp32_device_001,2026-05-21T09:25:34+12:00,51.5,-36.604652,174.802536,2
esp32_device_001,2026-05-21T09:25:39+12:00,52,-36.604668,174.802536,2
esp32_device_001,2026-05-21T09:25:44+12:00,52.1,-36.604671,174.802521,2
esp32_device_001,2026-05-21T09:25:49+12:00,51.7,-36.604675,174.802521,2
esp32_device_001,2026-05-21T09:25:54+12:00,50.6,-36.604706,174.802536,2
esp32_device_001,2026-05-21T09:25:59+12:00,50.4,-36.604698,174.802536,2
esp32_device_001,2026-05-21T09:26:04+12:00,49.8,-36.604694,174.802551,2
esp32_device_001,2026-05-21T09:26:09+12:00,46.3,-36.604671,174.802567,2
esp32_device_001,2026-05-21T09:26:14+12:00,38.6,-36.604633,174.802551,2
esp32_device_001,2026-05-21T09:26:19+12:00,33.4,-36.604649,174.802551,2
esp32_device_001,2026-05-21T09:26:24+12:00,34.1,-36.604683,174.802551,2
esp32_device_001,2026-05-21T09:26:29+12:00,35.4,-36.604736,174.802551,2
esp32_device_001,2026-05-21T09:26:34+12:00,36.3,-36.604748,174.802567,2
esp32_device_001,2026-05-21T09:26:39+12:00,36.4,-36.604748,174.802567,2
esp32_device_001,2026-05-21T09:26:44+12:00,34.2,-36.604771,174.802582,2
esp32_device_001,2026-05-21T09:26:49+12:00,28.1,-36.604794,174.802612,2
esp32_device_001,2026-05-21T09:26:54+12:00,25.2,-36.604805,174.802628,2
esp32_device_001,2026-05-21T09:26:59+12:00,25.1,-36.604771,174.802612,2
esp32_device_001,2026-05-21T09:27:04+12:00,29.9,-36.604691,174.802567,2
esp32_device_001,2026-05-21T09:27:09+12:00,40,-36.604584,174.802505,2
esp32_device_001,2026-05-21T09:27:14+12:00,39.5,-36.604626,174.802505,2
esp32_device_001,2026-05-21T09:27:19+12:00,38.2,-36.604668,174.802505,2
esp32_device_001,2026-05-21T09:27:24+12:00,37.4,-36.604687,174.802505,2
esp32_device_001,2026-05-21T09:27:29+12:00,36.7,-36.604725,174.80249,2
esp32_device_001,2026-05-21T09:27:34+12:00,36.7,-36.604748,174.80249,2
esp32_device_001,2026-05-21T09:27:39+12:00,37.4,-36.604755,174.802505,2
esp32_device_001,2026-05-21T09:27:44+12:00,38.7,-36.604752,174.802505,2
esp32_device_001,2026-05-21T09:27:49+12:00,39.9,-36.60474,174.802505,2
esp32_device_001,2026-05-21T09:27:54+12:00,41,-36.604733,174.80249,2
esp32_device_001,2026-05-21T09:27:59+12:00,41.6,-36.604733,174.80249,2
esp32_device_001,2026-05-21T09:28:04+12:00,41.7,-36.604733,174.80249,2
esp32_device_001,2026-05-21T09:28:09+12:00,40.5,-36.604748,174.80249,2
esp32_device_001,2026-05-21T09:28:14+12:00,40.6,-36.604748,174.802505,2
esp32_device_001,2026-05-21T09:28:19+12:00,40.8,-36.604744,174.802505,2
esp32_device_001,2026-05-21T09:28:24+12:00,40,-36.604744,174.802505,2
esp32_device_001,2026-05-21T09:28:29+12:00,41.1,-36.60474,174.802505,2
esp32_device_001,2026-05-21T09:28:34+12:00,42.3,-36.604725,174.802521,2
esp32_device_001,2026-05-21T09:28:39+12:00,44.8,-36.604721,174.802521,2
esp32_device_001,2026-05-21T09:28:44+12:00,47.4,-36.604717,174.802521,2
esp32_device_001,2026-05-21T09:28:49+12:00,48.4,-36.60471,174.802536,2
esp32_device_001,2026-05-21T09:28:54+12:00,49,-36.60471,174.802536,2
esp32_device_001,2026-05-21T09:28:59+12:00,49.6,-36.604717,174.802536,2
esp32_device_001,2026-05-21T09:29:04+12:00,49.8,-36.604729,174.802536,2
esp32_device_001,2026-05-21T09:29:09+12:00,50,-36.604736,174.802551,2
esp32_device_001,2026-05-21T09:29:14+12:00,51.1,-36.604736,174.802551,2
esp32_device_001,2026-05-21T09:29:19+12:00,53.8,-36.604725,174.802567,2
esp32_device_001,2026-05-21T09:29:24+12:00,56.4,-36.604713,174.802582,2
esp32_device_001,2026-05-21T09:29:29+12:00,59.2,-36.604725,174.802567,2
esp32_device_001,2026-05-21T09:29:34+12:00,65,-36.604759,174.802567,2
esp32_device_001,2026-05-21T09:29:39+12:00,65.6,-36.604763,174.802567,2
esp32_device_001,2026-05-21T09:29:44+12:00,65.2,-36.604763,174.802567,2
esp32_device_001,2026-05-21T09:29:49+12:00,65.1,-36.604755,174.802567,2
esp32_device_001,2026-05-21T09:29:54+12:00,65.4,-36.604752,174.802551,2
esp32_device_001,2026-05-21T09:29:59+12:00,65.6,-36.604763,174.802551,2
esp32_device_001,2026-05-21T09:30:04+12:00,65,-36.604763,174.802551,2
esp32_device_001,2026-05-21T09:30:09+12:00,64.7,-36.604752,174.802551,2
esp32_device_001,2026-05-21T09:30:14+12:00,67,-36.604717,174.802567,2
esp32_device_001,2026-05-21T09:30:19+12:00,68.8,-36.604729,174.802582,2
esp32_device_001,2026-05-21T09:30:24+12:00,70.8,-36.604736,174.802582,2
esp32_device_001,2026-05-21T09:30:29+12:00,70.9,-36.604752,174.802582,2
esp32_device_001,2026-05-21T09:30:34+12:00,70.3,-36.604748,174.802582,2
esp32_device_001,2026-05-21T09:30:39+12:00,67.9,-36.604744,174.802582,2
esp32_device_001,2026-05-21T09:31:25+12:00,56.4,-36.604752,174.802628,2
esp32_device_001,2026-05-21T09:31:35+12:00,53.7,-36.604782,174.802612,2
esp32_device_001,2026-05-21T09:31:45+12:00,50,-36.604809,174.802582,2
esp32_device_001,2026-05-21T09:31:50+12:00,48.5,-36.604809,174.802582,2
esp32_device_001,2026-05-21T09:31:55+12:00,47.5,-36.60479,174.802582,2
esp32_device_001,2026-05-21T09:32:00+12:00,44.7,-36.604774,174.802597,2
esp32_device_001,2026-05-21T09:32:05+12:00,40.1,-36.604725,174.802643,2
esp32_device_001,2026-05-21T09:33:21+12:00,38.4,-36.604713,174.802597,2
esp32_device_001,2026-05-21T09:33:42+12:00,-2.8,-36.604469,174.80275,2
esp32_device_001,2026-05-21T09:33:47+12:00,-5.7,-36.604496,174.802734,2
esp32_device_001,2026-05-21T09:33:52+12:00,-9.6,-36.604542,174.802719,2
esp32_device_001,2026-05-21T09:33:57+12:00,-11,-36.604568,174.802689,2
esp32_device_001,2026-05-21T09:34:02+12:00,-11.1,-36.604576,174.802689,2
esp32_device_001,2026-05-21T09:34:07+12:00,-4.9,-36.604599,174.802673,2
esp32_device_001,2026-05-21T09:34:12+12:00,8.6,-36.60466,174.802643,2
esp32_device_001,2026-05-21T09:34:17+12:00,17.8,-36.604679,174.802628,2
esp32_device_001,2026-05-21T09:34:22+12:00,16.9,-36.604691,174.802612,2
esp32_device_001,2026-05-21T09:34:27+12:00,23.4,-36.604698,174.802612,2
esp32_device_001,2026-05-21T09:34:32+12:00,28.6,-36.604717,174.802597,2
esp32_device_001,2026-05-21T09:34:37+12:00,32.7,-36.604717,174.802597,2
esp32_device_001,2026-05-21T09:34:42+12:00,34,-36.604725,174.802597,2
esp32_device_001,2026-05-21T09:34:47+12:00,35.3,-36.604729,174.802597,2
esp32_device_001,2026-05-21T09:34:52+12:00,36,-36.604733,174.802597,2
esp32_device_001,2026-05-21T09:34:57+12:00,37.2,-36.604733,174.802597,2
esp32_device_001,2026-05-21T09:35:02+12:00,42,-36.604717,174.802612,2
esp32_device_001,2026-05-21T09:35:07+12:00,45,-36.604721,174.802612,2
esp32_device_001,2026-05-21T09:35:12+12:00,48.2,-36.604694,174.802612,2
esp32_device_001,2026-05-21T09:35:17+12:00,48.8,-36.604691,174.802612,2
esp32_device_001,2026-05-21T09:35:22+12:00,48.6,-36.604691,174.802612,2
esp32_device_001,2026-05-21T09:35:27+12:00,49.9,-36.604698,174.802612,2
esp32_device_001,2026-05-21T09:35:32+12:00,50.5,-36.604698,174.802612,2
esp32_device_001,2026-05-21T09:35:37+12:00,51.5,-36.604698,174.802612,2
esp32_device_001,2026-05-21T09:35:42+12:00,52.2,-36.604702,174.802612,2
esp32_device_001,2026-05-21T09:35:47+12:00,52.7,-36.604702,174.802612,2
esp32_device_001,2026-05-21T09:35:52+12:00,53.2,-36.604702,174.802612,2
esp32_device_001,2026-05-21T09:35:57+12:00,52.8,-36.604706,174.802612,2
esp32_device_001,2026-05-21T09:36:02+12:00,53.5,-36.604702,174.802612,2
esp32_device_001,2026-05-21T09:36:07+12:00,54.2,-36.604706,174.802612,2
esp32_device_001,2026-05-21T09:36:12+12:00,54.1,-36.604706,174.802612,2
esp32_device_001,2026-05-21T09:36:17+12:00,52.8,-36.604702,174.802628,2
esp32_device_001,2026-05-21T09:36:22+12:00,46.6,-36.604687,174.802628,2
esp32_device_001,2026-05-21T09:36:27+12:00,47,-36.604687,174.802628,2
esp32_device_001,2026-05-21T09:36:32+12:00,48.2,-36.604691,174.802628,2
esp32_device_001,2026-05-21T09:36:37+12:00,49.7,-36.604691,174.802628,2
esp32_device_001,2026-05-21T09:36:42+12:00,49,-36.604679,174.802643,2
esp32_device_001,2026-05-21T09:36:47+12:00,48.5,-36.604683,174.802643,2
esp32_device_001,2026-05-21T09:36:52+12:00,49.7,-36.604687,174.802628,2
esp32_device_001,2026-05-21T09:36:57+12:00,50,-36.604691,174.802628,2
esp32_device_001,2026-05-21T09:37:02+12:00,50.7,-36.604691,174.802612,2
esp32_device_001,2026-05-21T09:37:07+12:00,50.4,-36.604694,174.802612,2
esp32_device_001,2026-05-21T09:37:12+12:00,50.8,-36.604702,174.802612,2
esp32_device_001,2026-05-21T09:37:17+12:00,52.4,-36.604706,174.802612,2
esp32_device_001,2026-05-21T09:37:22+12:00,52,-36.60471,174.802612,2
esp32_device_001,2026-05-21T09:37:27+12:00,53.6,-36.604683,174.802597,2
esp32_device_001,2026-05-21T09:37:32+12:00,54.9,-36.604668,174.802582,2
esp32_device_001,2026-05-21T09:37:37+12:00,53.9,-36.604679,174.802582,2
esp32_device_001,2026-05-21T09:37:42+12:00,55.5,-36.604668,174.802582,2
esp32_device_001,2026-05-21T09:37:47+12:00,55.4,-36.604679,174.802582,2
esp32_device_001,2026-05-21T09:37:52+12:00,54.8,-36.604706,174.802597,2
esp32_device_001,2026-05-21T09:37:57+12:00,54,-36.604706,174.802597,2
esp32_device_001,2026-05-21T09:38:02+12:00,53.5,-36.604713,174.802597,2
esp32_device_001,2026-05-21T09:38:07+12:00,53.3,-36.604725,174.802612,2
esp32_device_001,2026-05-21T09:38:12+12:00,53.6,-36.60474,174.802612,2
esp32_device_001,2026-05-21T09:38:17+12:00,53.6,-36.604763,174.802628,2
esp32_device_001,2026-05-21T09:38:22+12:00,53.5,-36.604774,174.802628,2
esp32_device_001,2026-05-21T09:38:27+12:00,51.5,-36.604797,174.802643,2
esp32_device_001,2026-05-21T09:38:32+12:00,49.3,-36.604805,174.802658,2
esp32_device_001,2026-05-21T09:38:37+12:00,47.8,-36.604801,174.802658,2
esp32_device_001,2026-05-21T09:38:42+12:00,48.8,-36.60479,174.802643,2
esp32_device_001,2026-05-21T09:38:47+12:00,48.4,-36.604771,174.802628,2
esp32_device_001,2026-05-21T09:38:52+12:00,48.1,-36.604771,174.802612,2
esp32_device_001,2026-05-21T09:38:57+12:00,47.9,-36.604774,174.802628,2
esp32_device_001,2026-05-21T09:39:02+12:00,48,-36.604774,174.802628,2
esp32_device_001,2026-05-21T09:39:07+12:00,47.7,-36.604794,174.802643,2
esp32_device_001,2026-05-21T09:39:12+12:00,48,-36.604797,174.802643,2
esp32_device_001,2026-05-21T09:39:17+12:00,47.3,-36.604782,174.802628,2
esp32_device_001,2026-05-21T09:39:22+12:00,46.7,-36.604774,174.802628,2
esp32_device_001,2026-05-21T09:39:27+12:00,42.3,-36.604786,174.802643,2
esp32_device_001,2026-05-21T09:39:32+12:00,36.9,-36.604786,174.802658,2
esp32_device_001,2026-05-21T09:39:37+12:00,35.2,-36.604794,174.802673,2
esp32_device_001,2026-05-21T09:39:42+12:00,36,-36.60479,174.802658,2
esp32_device_001,2026-05-21T09:39:47+12:00,35.8,-36.60479,174.802658,2
esp32_device_001,2026-05-21T09:39:52+12:00,34.8,-36.604782,174.802658,2
esp32_device_001,2026-05-21T09:39:57+12:00,34.4,-36.604782,174.802658,2
esp32_device_001,2026-05-21T09:40:02+12:00,34.5,-36.604782,174.802658,2
esp32_device_001,2026-05-21T09:40:07+12:00,34.6,-36.604763,174.802643,2
esp32_device_001,2026-05-21T09:40:12+12:00,35.5,-36.604755,174.802628,2
esp32_device_001,2026-05-21T09:40:17+12:00,35.2,-36.604736,174.802612,2
esp32_device_001,2026-05-21T09:40:22+12:00,37.3,-36.604725,174.802612,2
esp32_device_001,2026-05-21T09:40:27+12:00,39.4,-36.604687,174.802582,2
esp32_device_001,2026-05-21T09:40:32+12:00,41.7,-36.604675,174.802582,2
esp32_device_001,2026-05-21T09:40:37+12:00,43.3,-36.604679,174.802582,2
esp32_device_001,2026-05-21T09:40:42+12:00,43.9,-36.604694,174.802582,2
esp32_device_001,2026-05-21T09:40:47+12:00,42.8,-36.604702,174.802597,2
esp32_device_001,2026-05-21T09:40:52+12:00,42.8,-36.604713,174.802612,2
esp32_device_001,2026-05-21T09:40:57+12:00,43.9,-36.604733,174.802628,2
esp32_device_001,2026-05-21T09:41:02+12:00,41.1,-36.604744,174.802628,2
esp32_device_001,2026-05-21T09:41:07+12:00,39.9,-36.604752,174.802643,2
esp32_device_001,2026-05-21T09:41:12+12:00,39.7,-36.604744,174.802643,2
esp32_device_001,2026-05-21T09:41:17+12:00,39,-36.604767,174.802658,2
esp32_device_001,2026-05-21T09:41:22+12:00,38.1,-36.604748,174.802643,2
esp32_device_001,2026-05-21T09:41:27+12:00,37.1,-36.604733,174.802628,2
esp32_device_001,2026-05-21T09:41:32+12:00,37.5,-36.604721,174.802628,2
esp32_device_001,2026-05-21T09:41:37+12:00,38.4,-36.604713,174.802628,2
esp32_device_001,2026-05-21T09:41:42+12:00,39.6,-36.604706,174.802612,2
esp32_device_001,2026-05-21T09:41:47+12:00,40.2,-36.604702,174.802612,2
esp32_device_001,2026-05-21T09:41:52+12:00,41.1,-36.604717,174.802628,2
esp32_device_001,2026-05-21T09:41:57+12:00,39.3,-36.604725,174.802628,2
esp32_device_001,2026-05-21T09:42:02+12:00,35.7,-36.604763,174.802658,2
esp32_device_001,2026-05-21T09:42:07+12:00,36.2,-36.604755,174.802643,2
esp32_device_001,2026-05-21T09:42:12+12:00,34.9,-36.604748,174.802658,2
esp32_device_001,2026-05-21T09:42:17+12:00,34.9,-36.60474,174.802658,2
esp32_device_001,2026-05-21T09:42:22+12:00,35.5,-36.604725,174.802643,2
esp32_device_001,2026-05-21T09:42:27+12:00,36.6,-36.604717,174.802643,2
esp32_device_001,2026-05-21T09:42:32+12:00,37.2,-36.604721,174.802643,2
esp32_device_001,2026-05-21T09:42:37+12:00,37.8,-36.604717,174.802628,2
esp32_device_001,2026-05-21T09:42:42+12:00,38.1,-36.604706,174.802628,2
esp32_device_001,2026-05-21T09:42:47+12:00,37.4,-36.604691,174.802628,2
esp32_device_001,2026-05-21T09:42:52+12:00,36.8,-36.604675,174.802628,2
esp32_device_001,2026-05-21T09:42:57+12:00,36.9,-36.604675,174.802643,2
esp32_device_001,2026-05-21T09:43:02+12:00,37.7,-36.604675,174.802643,2
esp32_device_001,2026-05-21T09:43:07+12:00,37.5,-36.604671,174.802643,2
esp32_device_001,2026-05-21T09:43:12+12:00,27.8,-36.604786,174.802673,2
esp32_device_001,2026-05-21T09:43:49+12:00,0,-36.604599,174.802689,2
esp32_device_001,2026-05-21T09:43:59+12:00,33.8,-36.604591,174.802658,2
esp32_device_001,2026-05-21T09:44:04+12:00,34.6,-36.604588,174.802658,2
esp32_device_001,2026-05-21T09:44:09+12:00,37.9,-36.604576,174.802658,2
esp32_device_001,2026-05-21T09:44:14+12:00,40.6,-36.60458,174.802658,2
esp32_device_001,2026-05-21T09:44:19+12:00,48.3,-36.604595,174.802658,2
esp32_device_001,2026-05-21T09:44:24+12:00,57,-36.604595,174.802643,2
esp32_device_001,2026-05-21T09:44:29+12:00,63.2,-36.604614,174.802643,2
esp32_device_001,2026-05-21T09:44:34+12:00,66.8,-36.604633,174.802628,2
esp32_device_001,2026-05-21T09:44:39+12:00,67.8,-36.604645,174.802612,2
esp32_device_001,2026-05-21T09:44:44+12:00,68.1,-36.604656,174.802597,2
esp32_device_001,2026-05-21T09:44:49+12:00,69,-36.60466,174.802597,2
esp32_device_001,2026-05-21T09:44:54+12:00,67.2,-36.604656,174.802597,2
esp32_device_001,2026-05-21T09:44:59+12:00,66,-36.60466,174.802597,2
esp32_device_001,2026-05-21T09:45:04+12:00,65.3,-36.604664,174.802597,2
esp32_device_001,2026-05-21T09:45:09+12:00,61.4,-36.604683,174.802597,2
esp32_device_001,2026-05-21T09:45:14+12:00,59.2,-36.604687,174.802597,2
esp32_device_001,2026-05-21T09:45:19+12:00,60.1,-36.604679,174.802597,2
esp32_device_001,2026-05-21T09:45:24+12:00,60.7,-36.604683,174.802597,2
esp32_device_001,2026-05-21T09:45:29+12:00,59.1,-36.604694,174.802597,2
esp32_device_001,2026-05-21T09:45:34+12:00,54.3,-36.60471,174.802597,2
esp32_device_001,2026-05-21T09:45:39+12:00,47.5,-36.604713,174.802597,2
esp32_device_001,2026-05-21T09:45:44+12:00,41.5,-36.604706,174.802597,2
esp32_device_001,2026-05-21T09:45:49+12:00,36.7,-36.60471,174.802597,2
esp32_device_001,2026-05-21T09:45:54+12:00,36.4,-36.60471,174.802612,2
esp32_device_001,2026-05-21T09:45:59+12:00,33.9,-36.604721,174.802612,2
esp32_device_001,2026-05-21T09:46:04+12:00,33,-36.604725,174.802612,2
esp32_device_001,2026-05-21T09:46:09+12:00,31.8,-36.604733,174.802612,2
esp32_device_001,2026-05-21T09:46:14+12:00,32,-36.604725,174.802612,2
esp32_device_001,2026-05-21T09:46:19+12:00,31.6,-36.604725,174.802628,2
esp32_device_001,2026-05-21T09:46:24+12:00,32.9,-36.604729,174.802628,2
esp32_device_001,2026-05-21T09:46:29+12:00,33.7,-36.604736,174.802628,2
esp32_device_001,2026-05-21T09:46:34+12:00,33.4,-36.604748,174.802643,2
esp32_device_001,2026-05-21T09:46:39+12:00,32.9,-36.604752,174.802643,2
esp32_device_001,2026-05-21T09:46:44+12:00,32.2,-36.60474,174.802643,2
esp32_device_001,2026-05-21T09:46:49+12:00,32,-36.604736,174.802643,2
esp32_device_001,2026-05-21T09:46:54+12:00,32,-36.604733,174.802643,2
esp32_device_001,2026-05-21T09:46:59+12:00,32.8,-36.604733,174.802658,2
esp32_device_001,2026-05-21T09:47:04+12:00,33.5,-36.604725,174.802643,2
esp32_device_001,2026-05-21T09:47:09+12:00,33.8,-36.604721,174.802643,2
esp32_device_001,2026-05-21T09:47:14+12:00,35.2,-36.604706,174.802628,2
esp32_device_001,2026-05-21T09:47:19+12:00,35.4,-36.604706,174.802612,2
esp32_device_001,2026-05-21T09:47:24+12:00,35.8,-36.604713,174.802612,2
esp32_device_001,2026-05-21T09:47:29+12:00,36.4,-36.604725,174.802612,2
esp32_device_001,2026-05-21T09:47:34+12:00,36.9,-36.604725,174.802612,2
esp32_device_001,2026-05-21T09:47:39+12:00,37.5,-36.604725,174.802612,2
esp32_device_001,2026-05-21T09:47:44+12:00,37.9,-36.604725,174.802612,2
esp32_device_001,2026-05-21T09:47:49+12:00,38.9,-36.604717,174.802628,2
esp32_device_001,2026-05-21T09:47:54+12:00,39.5,-36.60471,174.802612,2
esp32_device_001,2026-05-21T09:47:59+12:00,41,-36.604694,174.802612,2
esp32_device_001,2026-05-21T09:48:04+12:00,42.6,-36.604698,174.802612,2
esp32_device_001,2026-05-21T09:48:09+12:00,44.8,-36.604694,174.802612,2
esp32_device_001,2026-05-21T09:48:14+12:00,47,-36.604691,174.802612,2
esp32_device_001,2026-05-21T09:48:19+12:00,49.2,-36.604679,174.802597,2
esp32_device_001,2026-05-21T09:48:24+12:00,50,-36.604679,174.802612,2
esp32_device_001,2026-05-21T09:48:29+12:00,50.3,-36.604687,174.802612,2
esp32_device_001,2026-05-21T09:48:34+12:00,50.5,-36.604683,174.802612,2
esp32_device_001,2026-05-21T09:48:39+12:00,51.2,-36.604671,174.802597,2
esp32_device_001,2026-05-21T09:48:44+12:00,50.8,-36.60466,174.802597,2
esp32_device_001,2026-05-21T09:49:08+12:00,51.7,-36.604641,174.802582,2
esp32_device_001,2026-05-21T09:49:13+12:00,52.6,-36.604626,174.802567,2
esp32_device_001,2026-05-21T09:49:18+12:00,53,-36.604626,174.802567,2
esp32_device_001,2026-05-21T09:49:23+12:00,52.9,-36.604626,174.802567,2
esp32_device_001,2026-05-21T09:49:28+12:00,53.6,-36.604622,174.802567,2
esp32_device_001,2026-05-21T09:49:33+12:00,54.9,-36.604614,174.802567,2
esp32_device_001,2026-05-21T09:49:38+12:00,55.3,-36.604614,174.802567,2
esp32_device_001,2026-05-21T09:49:43+12:00,56.1,-36.604614,174.802567,2
esp32_device_001,2026-05-21T09:49:48+12:00,53.4,-36.604641,174.802582,2
esp32_device_001,2026-05-21T09:49:53+12:00,50.3,-36.604671,174.802582,2
esp32_device_001,2026-05-21T09:49:58+12:00,48.4,-36.604691,174.802597,2
esp32_device_001,2026-05-21T09:50:03+12:00,47.8,-36.604713,174.802612,2
esp32_device_001,2026-05-21T09:50:08+12:00,47.3,-36.604721,174.802612,2
esp32_device_001,2026-05-21T09:50:13+12:00,47.9,-36.604713,174.802597,2
esp32_device_001,2026-05-21T09:50:18+12:00,48.7,-36.604706,174.802597,2
esp32_device_001,2026-05-21T09:50:23+12:00,48.7,-36.604702,174.802597,2
esp32_device_001,2026-05-21T09:50:28+12:00,48.9,-36.604702,174.802597,2
esp32_device_001,2026-05-21T09:50:33+12:00,48.7,-36.604698,174.802597,2
esp32_device_001,2026-05-21T09:50:38+12:00,48.9,-36.604687,174.802597,2
esp32_device_001,2026-05-21T09:50:43+12:00,49.2,-36.604691,174.802597,2
esp32_device_001,2026-05-21T09:50:48+12:00,50,-36.604687,174.802597,2
esp32_device_001,2026-05-21T09:50:53+12:00,50.1,-36.604694,174.802597,2
esp32_device_001,2026-05-21T09:50:58+12:00,50.5,-36.604702,174.802612,2
esp32_device_001,2026-05-21T09:51:03+12:00,50.3,-36.604694,174.802597,2
esp32_device_001,2026-05-21T09:51:08+12:00,52.3,-36.604694,174.802612,2
esp32_device_001,2026-05-21T09:51:13+12:00,52,-36.604687,174.802612,2
esp32_device_001,2026-05-21T09:51:18+12:00,52.4,-36.604687,174.802612,2
esp32_device_001,2026-05-21T09:51:23+12:00,59.1,-36.604671,174.802628,2
esp32_device_001,2026-05-21T09:51:28+12:00,65.5,-36.60466,174.802643,2
esp32_device_001,2026-05-21T09:51:33+12:00,66.7,-36.604649,174.802643,2
esp32_device_001,2026-05-21T09:51:38+12:00,66.8,-36.604641,174.802643,2
esp32_device_001,2026-05-21T09:51:43+12:00,74.4,-36.604626,174.802658,2
esp32_device_001,2026-05-21T09:51:48+12:00,82.1,-36.604599,174.802673,2
esp32_device_001,2026-05-21T09:51:53+12:00,89.1,-36.604557,174.802704,2
esp32_device_001,2026-05-21T09:51:58+12:00,94.3,-36.604542,174.802704,2
esp32_device_001,2026-05-21T09:52:03+12:00,88.6,-36.604572,174.802689,2
esp32_device_001,2026-05-21T09:52:08+12:00,83.6,-36.604595,174.802673,2
esp32_device_001,2026-05-21T09:52:13+12:00,80.2,-36.60461,174.802658,2
esp32_device_001,2026-05-21T09:52:18+12:00,76.6,-36.604626,174.802658,2
esp32_device_001,2026-05-21T09:52:23+12:00,71.4,-36.604637,174.802643,2
esp32_device_001,2026-05-21T09:52:28+12:00,66.8,-36.604664,174.802628,2
esp32_device_001,2026-05-21T09:52:33+12:00,62.6,-36.604675,174.802628,2
esp32_device_001,2026-05-21T09:52:38+12:00,59,-36.604698,174.802612,2
esp32_device_001,2026-05-21T09:52:43+12:00,57.4,-36.604687,174.802612,2
esp32_device_001,2026-05-21T09:52:48+12:00,54.8,-36.604691,174.802612,2
esp32_device_001,2026-05-21T09:52:53+12:00,52.1,-36.604698,174.802612,2
esp32_device_001,2026-05-21T09:52:58+12:00,49.8,-36.604691,174.802612,2
esp32_device_001,2026-05-21T09:53:03+12:00,47.8,-36.604691,174.802612,2
esp32_device_001,2026-05-21T09:53:08+12:00,44.3,-36.604675,174.802628,2
esp32_device_001,2026-05-21T09:53:13+12:00,42.9,-36.604668,174.802628,2
esp32_device_001,2026-05-21T09:53:18+12:00,41.6,-36.604664,174.802628,2
esp32_device_001,2026-05-21T09:53:23+12:00,40.3,-36.60466,174.802628,2
esp32_device_001,2026-05-21T09:53:28+12:00,39.3,-36.604649,174.802643,2
esp32_device_001,2026-05-21T09:53:33+12:00,38.3,-36.604652,174.802628,2
esp32_device_001,2026-05-21T09:53:38+12:00,37.4,-36.604664,174.802628,2
esp32_device_001,2026-05-21T09:53:43+12:00,37.3,-36.604671,174.802628,2
esp32_device_001,2026-05-21T09:53:48+12:00,35.3,-36.604668,174.802628,2
esp32_device_001,2026-05-21T09:54:11+12:00,31.3,-36.604675,174.802628,2
esp32_device_001,2026-05-21T09:54:31+12:00,32.3,-36.604691,174.802612,2
esp32_device_001,2026-05-21T09:54:36+12:00,32.2,-36.604691,174.802612,2
esp32_device_001,2026-05-21T09:54:41+12:00,32.6,-36.604694,174.802612,2
esp32_device_001,2026-05-21T09:54:46+12:00,37.5,-36.604713,174.802597,2
esp32_device_001,2026-05-21T09:54:51+12:00,39,-36.604725,174.802597,2
esp32_device_001,2026-05-21T09:54:56+12:00,40.8,-36.604729,174.802597,2
esp32_device_001,2026-05-21T09:55:01+12:00,42.1,-36.604733,174.802597,2
esp32_device_001,2026-05-21T09:55:06+12:00,43.9,-36.604733,174.802597,2
esp32_device_001,2026-05-21T09:55:16+12:00,47.7,-36.604744,174.802597,2
esp32_device_001,2026-05-21T09:55:21+12:00,49,-36.604748,174.802582,2
esp32_device_001,2026-05-21T09:55:26+12:00,49.1,-36.604752,174.802582,2
esp32_device_001,2026-05-21T09:55:31+12:00,48.6,-36.604752,174.802597,2
esp32_device_001,2026-05-21T09:55:36+12:00,47.9,-36.604755,174.802582,2
esp32_device_001,2026-05-21T09:55:41+12:00,48,-36.604755,174.802582,2
esp32_device_001,2026-05-21T09:55:46+12:00,47.2,-36.604755,174.802582,2
esp32_device_001,2026-05-21T09:55:56+12:00,47.7,-36.604759,174.802582,2
esp32_device_001,2026-05-21T09:56:01+12:00,48.6,-36.604759,174.802582,2
esp32_device_001,2026-05-21T09:56:06+12:00,48.7,-36.604763,174.802582,2
esp32_device_001,2026-05-21T09:56:16+12:00,47.6,-36.604763,174.802582,2
esp32_device_001,2026-05-21T09:56:41+12:00,47.9,-36.604748,174.802582,2
esp32_device_001,2026-05-21T09:58:12+12:00,48.2,-36.604717,174.802597,2
esp32_device_001,2026-05-21T09:58:22+12:00,47.1,-36.604713,174.802597,2
esp32_device_001,2026-05-21T09:58:27+12:00,47.4,-36.60471,174.802597,2
esp32_device_001,2026-05-21T09:58:32+12:00,47.7,-36.604713,174.802597,2
esp32_device_001,2026-05-21T09:58:37+12:00,47.3,-36.604706,174.802597,2
esp32_device_001,2026-05-21T09:58:42+12:00,47.6,-36.604702,174.802597,2
esp32_device_001,2026-05-21T09:58:47+12:00,47.5,-36.604694,174.802612,2
esp32_device_001,2026-05-21T09:58:52+12:00,47.4,-36.604694,174.802612,2
esp32_device_001,2026-05-21T09:58:57+12:00,47.5,-36.604691,174.802612,2
esp32_device_001,2026-05-21T09:59:02+12:00,47,-36.604694,174.802628,2
esp32_device_001,2026-05-21T09:59:07+12:00,43.9,-36.604733,174.802643,2
esp32_device_001,2026-05-21T09:59:12+12:00,42.5,-36.604755,174.802643,2
esp32_device_001,2026-05-21T09:59:17+12:00,41.3,-36.604748,174.802643,2
esp32_device_001,2026-05-21T09:59:22+12:00,42.9,-36.604744,174.802643,2
esp32_device_001,2026-05-21T09:59:27+12:00,43.8,-36.60474,174.802643,2
esp32_device_001,2026-05-21T09:59:32+12:00,43.2,-36.604725,174.802643,2
esp32_device_001,2026-05-21T09:59:37+12:00,42.4,-36.604713,174.802643,2
esp32_device_001,2026-05-21T09:59:42+12:00,41.9,-36.604702,174.802643,2
esp32_device_001,2026-05-21T09:59:47+12:00,43.5,-36.604706,174.802628,2
esp32_device_001,2026-05-21T09:59:52+12:00,43.3,-36.604702,174.802628,2
esp32_device_001,2026-05-21T09:59:57+12:00,46.3,-36.604706,174.802628,2
esp32_device_001,2026-05-21T10:00:02+12:00,47.3,-36.604706,174.802628,2
esp32_device_001,2026-05-21T10:00:07+12:00,46.9,-36.604706,174.802628,2
esp32_device_001,2026-05-21T10:00:12+12:00,47.4,-36.604713,174.802628,2
esp32_device_001,2026-05-21T10:00:17+12:00,48.1,-36.604721,174.802628,2
esp32_device_001,2026-05-21T10:00:22+12:00,48.6,-36.604721,174.802628,2
esp32_device_001,2026-05-21T10:00:27+12:00,49.3,-36.604717,174.802628,2
esp32_device_001,2026-05-21T10:00:32+12:00,50,-36.604713,174.802612,2
esp32_device_001,2026-05-21T10:00:37+12:00,50.8,-36.604713,174.802612,2
esp32_device_001,2026-05-21T10:00:42+12:00,49.8,-36.604721,174.802612,2
esp32_device_001,2026-05-21T10:00:47+12:00,50.7,-36.604725,174.802612,2
esp32_device_001,2026-05-21T10:00:52+12:00,50.1,-36.604725,174.802612,2
esp32_device_001,2026-05-21T10:00:57+12:00,50.7,-36.604717,174.802612,2
esp32_device_001,2026-05-21T10:01:02+12:00,50.9,-36.604721,174.802612,2
esp32_device_001,2026-05-21T10:01:07+12:00,51.4,-36.604706,174.802597,2
esp32_device_001,2026-05-21T10:01:12+12:00,51.3,-36.604698,174.802612,2
esp32_device_001,2026-05-21T10:01:17+12:00,51.9,-36.604694,174.802612,2
esp32_device_001,2026-05-21T10:01:22+12:00,53.4,-36.604687,174.802612,2
esp32_device_001,2026-05-21T10:01:27+12:00,55.2,-36.604675,174.802612,2
esp32_device_001,2026-05-21T10:01:32+12:00,54.9,-36.604671,174.802612,2
esp32_device_001,2026-05-21T10:01:37+12:00,53.4,-36.604675,174.802612,2
esp32_device_001,2026-05-21T10:01:42+12:00,52.3,-36.604679,174.802612,2
esp32_device_001,2026-05-21T10:01:47+12:00,52.9,-36.604683,174.802612,2
esp32_device_001,2026-05-21T10:01:52+12:00,52.1,-36.604683,174.802612,2
esp32_device_001,2026-05-21T10:01:57+12:00,51.4,-36.604687,174.802612,2
esp32_device_001,2026-05-21T10:02:02+12:00,51.3,-36.604691,174.802612,2
esp32_device_001,2026-05-21T10:02:07+12:00,51.2,-36.604691,174.802612,2
esp32_device_001,2026-05-21T10:02:12+12:00,51.1,-36.604691,174.802612,2
esp32_device_001,2026-05-21T10:02:17+12:00,50.2,-36.604698,174.802612,2
esp32_device_001,2026-05-21T10:02:22+12:00,52,-36.604691,174.802612,2
esp32_device_001,2026-05-21T10:02:27+12:00,52.1,-36.604687,174.802612,2
esp32_device_001,2026-05-21T10:02:32+12:00,52.4,-36.604671,174.802612,2
esp32_device_001,2026-05-21T10:02:37+12:00,50,-36.604675,174.802612,2
esp32_device_001,2026-05-21T10:02:42+12:00,56.2,-36.604622,174.802612,2
esp32_device_001,2026-05-21T10:02:47+12:00,60,-36.604595,174.802612,2
esp32_device_001,2026-05-21T10:02:52+12:00,58.5,-36.604595,174.802612,2
esp32_device_001,2026-05-21T10:02:57+12:00,59.7,-36.604576,174.802612,2
esp32_device_001,2026-05-21T10:03:02+12:00,56.7,-36.604584,174.802628,2
esp32_device_001,2026-05-21T10:03:07+12:00,59.2,-36.604549,174.802612,2
esp32_device_001,2026-05-21T10:03:26+12:00,70.2,-36.604534,174.802567,2
esp32_device_001,2026-05-21T10:03:31+12:00,71.5,-36.604546,174.802567,2
esp32_device_001,2026-05-21T10:03:36+12:00,72.7,-36.604561,174.802567,2
esp32_device_001,2026-05-21T10:03:41+12:00,73.9,-36.604565,174.802551,2
esp32_device_001,2026-05-21T10:03:46+12:00,75.3,-36.604565,174.802536,2
esp32_device_001,2026-05-21T10:03:51+12:00,55.5,-36.604664,174.802628,2
esp32_device_001,2026-05-21T10:03:56+12:00,51.3,-36.604675,174.802628,2
esp32_device_001,2026-05-21T10:04:01+12:00,51.4,-36.604683,174.802628,2
esp32_device_001,2026-05-21T10:04:06+12:00,48.2,-36.604706,174.802643,2
esp32_device_001,2026-05-21T10:04:11+12:00,44.7,-36.604725,174.802658,2
esp32_device_001,2026-05-21T10:04:16+12:00,39,-36.604759,174.802673,2
esp32_device_001,2026-05-21T10:04:21+12:00,32.2,-36.604801,174.802689,2
esp32_device_001,2026-05-21T10:04:26+12:00,26.6,-36.604839,174.802704,2
esp32_device_001,2026-05-21T10:04:31+12:00,23.7,-36.604862,174.802719,2
esp32_device_001,2026-05-21T10:04:36+12:00,21.6,-36.604877,174.802734,2
esp32_device_001,2026-05-21T10:04:41+12:00,20.3,-36.604885,174.802734,2
esp32_device_001,2026-05-21T10:04:46+12:00,19.4,-36.604893,174.802734,2
esp32_device_001,2026-05-21T10:04:51+12:00,19.9,-36.604904,174.802719,2
esp32_device_001,2026-05-21T10:04:56+12:00,19.6,-36.604919,174.802719,2
esp32_device_001,2026-05-21T10:05:01+12:00,20,-36.604935,174.802704,2
esp32_device_001,2026-05-21T10:05:06+12:00,22.1,-36.604931,174.802689,2
esp32_device_001,2026-05-21T10:05:11+12:00,25.2,-36.604908,174.802689,2
esp32_device_001,2026-05-21T10:05:16+12:00,27.2,-36.604885,174.802673,2
esp32_device_001,2026-05-21T10:05:21+12:00,28.5,-36.60487,174.802673,2
esp32_device_001,2026-05-21T10:05:26+12:00,29.8,-36.604855,174.802673,2
esp32_device_001,2026-05-21T10:05:31+12:00,29.6,-36.604847,174.802673,2
esp32_device_001,2026-05-21T10:05:36+12:00,29.4,-36.604843,174.802689,2
esp32_device_001,2026-05-21T10:05:41+12:00,29.1,-36.604843,174.802689,2
esp32_device_001,2026-05-21T10:05:46+12:00,28.4,-36.604847,174.802689,2
esp32_device_001,2026-05-21T10:05:51+12:00,30,-36.604836,174.802673,2
esp32_device_001,2026-05-21T10:05:56+12:00,36.6,-36.604805,174.802658,2
esp32_device_001,2026-05-21T10:06:01+12:00,42.1,-36.604786,174.802643,2
esp32_device_001,2026-05-21T10:06:06+12:00,46.4,-36.604763,174.802628,2
esp32_device_001,2026-05-21T10:06:11+12:00,49.7,-36.604748,174.802612,2
esp32_device_001,2026-05-21T10:06:16+12:00,52.5,-36.604733,174.802612,2
esp32_device_001,2026-05-21T10:06:21+12:00,54.4,-36.604721,174.802597,2
esp32_device_001,2026-05-21T10:06:26+12:00,55.4,-36.604721,174.802612,2
esp32_device_001,2026-05-21T10:06:31+12:00,57.4,-36.604721,174.802597,2
esp32_device_001,2026-05-21T10:06:36+12:00,58.8,-36.604713,174.802597,2
esp32_device_001,2026-05-21T10:06:41+12:00,59.5,-36.604721,174.802597,2
esp32_device_001,2026-05-21T10:06:46+12:00,60.6,-36.604721,174.802597,2
esp32_device_001,2026-05-21T10:06:51+12:00,61.9,-36.604721,174.802582,2
esp32_device_001,2026-05-21T10:06:56+12:00,62.7,-36.60471,174.802582,2
esp32_device_001,2026-05-21T10:07:01+12:00,63.2,-36.60471,174.802582,2
esp32_device_001,2026-05-21T10:07:06+12:00,64,-36.604717,174.802582,2
esp32_device_001,2026-05-21T10:07:11+12:00,65,-36.604733,174.802582,2
esp32_device_001,2026-05-21T10:07:16+12:00,65.9,-36.604755,174.802582,2
esp32_device_001,2026-05-21T10:07:21+12:00,65.9,-36.604767,174.802597,2
esp32_device_001,2026-05-21T10:07:26+12:00,66.2,-36.604759,174.802597,2
esp32_device_001,2026-05-21T10:07:31+12:00,66.2,-36.604759,174.802597,2
esp32_device_001,2026-05-21T10:07:36+12:00,65.8,-36.604759,174.802597,2
esp32_device_001,2026-05-21T10:07:41+12:00,65.1,-36.604744,174.802582,2
esp32_device_001,2026-05-21T10:07:46+12:00,66.8,-36.604736,174.802582,2
esp32_device_001,2026-05-21T10:07:51+12:00,67.8,-36.604729,174.802567,2
esp32_device_001,2026-05-21T10:07:56+12:00,68.6,-36.604725,174.802567,2
esp32_device_001,2026-05-21T10:08:01+12:00,70.7,-36.604729,174.802551,2
esp32_device_001,2026-05-21T10:08:06+12:00,71.8,-36.604736,174.802551,2
esp32_device_001,2026-05-21T10:08:11+12:00,72.7,-36.604694,174.802551,2
esp32_device_001,2026-05-21T10:08:26+12:00,77.7,-36.604443,174.80249,2
esp32_device_001,2026-05-21T10:08:31+12:00,79,-36.604496,174.80249,2
esp32_device_001,2026-05-21T10:08:36+12:00,80,-36.604546,174.80249,2
esp32_device_001,2026-05-21T10:08:41+12:00,77.9,-36.604626,174.802521,2
esp32_device_001,2026-05-21T10:08:46+12:00,71.6,-36.604752,174.802551,2
esp32_device_001,2026-05-21T10:08:51+12:00,69.1,-36.604809,174.802567,2
esp32_device_001,2026-05-21T10:08:56+12:00,68.2,-36.604797,174.802567,2
esp32_device_001,2026-05-21T10:09:01+12:00,67,-36.604855,174.802582,2
esp32_device_001,2026-05-21T10:09:06+12:00,66.4,-36.604874,174.802582,2
esp32_device_001,2026-05-21T10:09:11+12:00,65.2,-36.604858,174.802582,2
esp32_device_001,2026-05-21T10:09:16+12:00,64.4,-36.604843,174.802582,2
esp32_device_001,2026-05-21T10:09:21+12:00,63.3,-36.604839,174.802582,2
esp32_device_001,2026-05-21T10:09:26+12:00,61.1,-36.604824,174.802597,2
esp32_device_001,2026-05-21T10:09:31+12:00,59.6,-36.604759,174.802582,2
esp32_device_001,2026-05-21T10:09:36+12:00,59,-36.604748,174.802582,2
esp32_device_001,2026-05-21T10:09:41+12:00,57.8,-36.604706,174.802582,2
esp32_device_001,2026-05-21T10:09:46+12:00,56.2,-36.604698,174.802582,2
esp32_device_001,2026-05-21T10:09:51+12:00,62.3,-36.604591,174.802521,2
esp32_device_001,2026-05-21T10:09:56+12:00,75.6,-36.604504,174.80246,2
esp32_device_001,2026-05-21T10:10:01+12:00,78.6,-36.604492,174.802444,2
esp32_device_001,2026-05-21T10:10:06+12:00,78.1,-36.604607,174.80246,2
esp32_device_001,2026-05-21T10:10:11+12:00,76.2,-36.604622,174.80246,2
esp32_device_001,2026-05-21T10:10:16+12:00,77.5,-36.604694,174.802475,2
esp32_device_001,2026-05-21T10:10:21+12:00,82.6,-36.604828,174.802475,2
esp32_device_001,2026-05-21T10:10:26+12:00,82.2,-36.604828,174.802475,2
esp32_device_001,2026-05-21T10:10:31+12:00,83.8,-36.604919,174.80249,2
esp32_device_001,2026-05-21T10:10:36+12:00,81.7,-36.604939,174.80249,2
esp32_device_001,2026-05-21T10:10:41+12:00,80.6,-36.604954,174.802505,2
esp32_device_001,2026-05-21T10:10:46+12:00,76.7,-36.604946,174.802505,2
esp32_device_001,2026-05-21T10:10:51+12:00,78.1,-36.60498,174.802505,2
esp32_device_001,2026-05-21T10:10:56+12:00,77.9,-36.605019,174.802521,2
esp32_device_001,2026-05-21T10:11:01+12:00,78,-36.605049,174.802521,2
esp32_device_001,2026-05-21T10:11:06+12:00,77.8,-36.605076,174.802536,2
esp32_device_001,2026-05-21T10:11:11+12:00,77.9,-36.605053,174.802536,2
esp32_device_001,2026-05-21T10:11:16+12:00,78,-36.605087,174.802551,2
esp32_device_001,2026-05-21T10:11:21+12:00,77.8,-36.605114,174.802567,2
esp32_device_001,2026-05-21T10:11:26+12:00,76.3,-36.605099,174.802567,2
esp32_device_001,2026-05-21T10:11:31+12:00,76.4,-36.605061,174.802551,2
esp32_device_001,2026-05-21T10:11:36+12:00,69.4,-36.604958,174.802551,2
esp32_device_001,2026-05-21T10:11:41+12:00,70.9,-36.604893,174.802536,2
esp32_device_001,2026-05-21T10:11:46+12:00,72.5,-36.604858,174.802551,2
esp32_device_001,2026-05-21T10:11:51+12:00,73.3,-36.60479,174.802551,2
esp32_device_001,2026-05-21T10:11:56+12:00,73.3,-36.604717,174.802551,2
esp32_device_001,2026-05-21T10:12:01+12:00,72.6,-36.604729,174.802567,2
esp32_device_001,2026-05-21T10:12:06+12:00,72.1,-36.604752,174.802567,2
esp32_device_001,2026-05-21T10:12:11+12:00,70.8,-36.604767,174.802567,2
esp32_device_001,2026-05-21T10:12:16+12:00,69.6,-36.604755,174.802567,2
esp32_device_001,2026-05-21T10:12:21+12:00,70.3,-36.604748,174.802551,2
esp32_device_001,2026-05-21T10:12:26+12:00,70,-36.604782,174.802567,2
esp32_device_001,2026-05-21T10:12:31+12:00,69.3,-36.604774,174.802567,2
esp32_device_001,2026-05-21T10:12:36+12:00,69.2,-36.604816,174.802567,2
esp32_device_001,2026-05-21T10:12:41+12:00,69.3,-36.604847,174.802551,2
esp32_device_001,2026-05-21T10:12:46+12:00,68.7,-36.604847,174.802536,2
esp32_device_001,2026-05-21T10:12:51+12:00,69.1,-36.604847,174.802536,2
esp32_device_001,2026-05-21T10:12:56+12:00,66.5,-36.604805,174.802536,2
esp32_device_001,2026-05-21T10:13:01+12:00,65.5,-36.604774,174.802536,2
esp32_device_001,2026-05-21T10:13:06+12:00,65.4,-36.604782,174.802551,2
esp32_device_001,2026-05-21T10:13:11+12:00,65.4,-36.604763,174.802551,2
esp32_device_001,2026-05-21T10:13:34+12:00,66,-36.604893,174.802567,2
esp32_device_001,2026-05-21T10:13:39+12:00,66.3,-36.604862,174.802567,2
esp32_device_001,2026-05-21T10:13:44+12:00,65.6,-36.604824,174.802582,2
esp32_device_001,2026-05-21T10:13:49+12:00,65.5,-36.604786,174.802567,2
esp32_device_001,2026-05-21T10:13:54+12:00,66.7,-36.604774,174.802582,2
esp32_device_001,2026-05-21T10:13:59+12:00,66.5,-36.604774,174.802567,2
esp32_device_001,2026-05-21T10:14:04+12:00,66.6,-36.604839,174.802567,2
esp32_device_001,2026-05-21T10:14:09+12:00,65.9,-36.604874,174.802567,2
esp32_device_001,2026-05-21T10:14:14+12:00,64.4,-36.60482,174.802567,2
esp32_device_001,2026-05-21T10:14:19+12:00,63.8,-36.604813,174.802567,2
esp32_device_001,2026-05-21T10:14:24+12:00,63.3,-36.604805,174.802567,2
esp32_device_001,2026-05-21T10:14:29+12:00,64.4,-36.604836,174.802582,2
esp32_device_001,2026-05-21T10:14:34+12:00,67.2,-36.604855,174.802597,2
esp32_device_001,2026-05-21T10:14:39+12:00,66.6,-36.604832,174.802597,2
esp32_device_001,2026-05-21T10:14:44+12:00,66,-36.60479,174.802597,2
esp32_device_001,2026-05-21T10:14:49+12:00,66,-36.604774,174.802597,2
esp32_device_001,2026-05-21T10:14:54+12:00,65.7,-36.604774,174.802597,2
esp32_device_001,2026-05-21T10:14:59+12:00,65.1,-36.604794,174.802597,2
esp32_device_001,2026-05-21T10:15:04+12:00,64.2,-36.604813,174.802597,2
esp32_device_001,2026-05-21T10:15:09+12:00,63.5,-36.604828,174.802582,2
esp32_device_001,2026-05-21T10:15:14+12:00,62.2,-36.604809,174.802582,2
esp32_device_001,2026-05-21T10:15:19+12:00,61.2,-36.60479,174.802582,2
esp32_device_001,2026-05-21T10:15:24+12:00,60.8,-36.604759,174.802582,2
esp32_device_001,2026-05-21T10:15:29+12:00,59.8,-36.604748,174.802582,2
esp32_device_001,2026-05-21T10:15:34+12:00,58.2,-36.604736,174.802582,2
esp32_device_001,2026-05-21T10:15:39+12:00,56.7,-36.604729,174.802582,2
esp32_device_001,2026-05-21T10:15:44+12:00,54.5,-36.604706,174.802597,2
esp32_device_001,2026-05-21T10:15:49+12:00,52.5,-36.604687,174.802597,2
esp32_device_001,2026-05-21T10:15:54+12:00,50.3,-36.604671,174.802597,2
esp32_device_001,2026-05-21T10:15:59+12:00,48,-36.604645,174.802597,2
esp32_device_001,2026-05-21T10:16:04+12:00,45.2,-36.604649,174.802612,2
esp32_device_001,2026-05-21T10:16:09+12:00,41.8,-36.604687,174.802612,2
esp32_device_001,2026-05-21T10:16:14+12:00,38.6,-36.604706,174.802612,2
esp32_device_001,2026-05-21T10:16:19+12:00,37,-36.604755,174.802612,2
esp32_device_001,2026-05-21T10:16:24+12:00,35,-36.604797,174.802597,2
esp32_device_001,2026-05-21T10:16:29+12:00,33.4,-36.604866,174.802567,2
esp32_device_001,2026-05-21T10:16:34+12:00,33,-36.604916,174.802551,2
esp32_device_001,2026-05-21T10:16:39+12:00,32.7,-36.604954,174.802536,2
esp32_device_001,2026-05-21T10:16:44+12:00,33.4,-36.604961,174.802505,2
esp32_device_001,2026-05-21T10:16:49+12:00,34.8,-36.604965,174.802505,2
esp32_device_001,2026-05-21T10:16:54+12:00,37,-36.604958,174.802505,2
esp32_device_001,2026-05-21T10:16:59+12:00,38.6,-36.604935,174.802505,2
esp32_device_001,2026-05-21T10:17:04+12:00,41.6,-36.604984,174.80249,2
esp32_device_001,2026-05-21T10:17:09+12:00,44.6,-36.605038,174.80249,2
esp32_device_001,2026-05-21T10:17:14+12:00,45.5,-36.605026,174.802475,2
esp32_device_001,2026-05-21T10:17:19+12:00,45.9,-36.605003,174.80249,2
esp32_device_001,2026-05-21T10:17:24+12:00,46.4,-36.605015,174.80249,2
esp32_device_001,2026-05-21T10:17:29+12:00,47.6,-36.604992,174.802505,2
esp32_device_001,2026-05-21T10:17:34+12:00,48.3,-36.604946,174.802505,2
esp32_device_001,2026-05-21T10:17:39+12:00,48.7,-36.604919,174.802505,2
esp32_device_001,2026-05-21T10:17:44+12:00,48.1,-36.604851,174.802551,2
esp32_device_001,2026-05-21T10:17:49+12:00,47.6,-36.604847,174.802551,2
esp32_device_001,2026-05-21T10:17:54+12:00,49,-36.604816,174.802567,2
esp32_device_001,2026-05-21T10:17:59+12:00,50.8,-36.604752,174.802597,2
esp32_device_001,2026-05-21T10:18:04+12:00,53.7,-36.604687,174.802628,2
esp32_device_001,2026-05-21T10:18:09+12:00,55.2,-36.604645,174.802658,2
esp32_device_001,2026-05-21T10:19:34+12:00,57.4,-36.60474,174.802597,2
esp32_device_001,2026-05-21T10:19:44+12:00,56.1,-36.604729,174.802597,2
esp32_device_001,2026-05-21T10:19:49+12:00,55.5,-36.604733,174.802597,2
esp32_device_001,2026-05-21T10:19:54+12:00,55.4,-36.604744,174.802597,2
esp32_device_001,2026-05-21T10:19:59+12:00,55.5,-36.604733,174.802597,2
esp32_device_001,2026-05-21T10:20:04+12:00,54.8,-36.604729,174.802582,2
esp32_device_001,2026-05-21T10:20:09+12:00,54.6,-36.604752,174.802567,2
esp32_device_001,2026-05-21T10:20:14+12:00,55.4,-36.604748,174.802582,2
esp32_device_001,2026-05-21T10:20:19+12:00,55.2,-36.604755,174.802582,2
esp32_device_001,2026-05-21T10:20:24+12:00,55.3,-36.604767,174.802567,2
esp32_device_001,2026-05-21T10:20:29+12:00,54.3,-36.604782,174.802567,2
esp32_device_001,2026-05-21T10:20:34+12:00,53.4,-36.604774,174.802567,2
esp32_device_001,2026-05-21T10:20:39+12:00,52.6,-36.604778,174.802567,2
esp32_device_001,2026-05-21T10:20:44+12:00,51.6,-36.604786,174.802567,2
esp32_device_001,2026-05-21T10:20:49+12:00,51,-36.604774,174.802582,2
esp32_device_001,2026-05-21T10:20:54+12:00,50.7,-36.60479,174.802582,2
esp32_device_001,2026-05-21T10:20:59+12:00,50.1,-36.604782,174.802582,2
esp32_device_001,2026-05-21T10:21:04+12:00,49.4,-36.604786,174.802582,2
esp32_device_001,2026-05-21T10:21:09+12:00,48.9,-36.604794,174.802597,2
esp32_device_001,2026-05-21T10:21:14+12:00,49,-36.604832,174.802597,2
esp32_device_001,2026-05-21T10:21:19+12:00,48.1,-36.604862,174.802597,2
esp32_device_001,2026-05-21T10:21:24+12:00,47.6,-36.60482,174.802612,2
esp32_device_001,2026-05-21T10:21:29+12:00,46.1,-36.604805,174.802612,2
esp32_device_001,2026-05-21T10:21:34+12:00,45.3,-36.60482,174.802612,2
esp32_device_001,2026-05-21T10:21:39+12:00,44.2,-36.60482,174.802612,2
esp32_device_001,2026-05-21T10:21:44+12:00,42.9,-36.604786,174.802612,2
esp32_device_001,2026-05-21T10:21:49+12:00,41.5,-36.604797,174.802597,2
esp32_device_001,2026-05-21T10:21:54+12:00,40.9,-36.604862,174.802582,2
esp32_device_001,2026-05-21T10:21:59+12:00,41.2,-36.604897,174.802567,2
esp32_device_001,2026-05-21T10:22:04+12:00,40.9,-36.604881,174.802567,2
esp32_device_001,2026-05-21T10:22:09+12:00,40.4,-36.604862,174.802582,2
esp32_device_001,2026-05-21T10:22:14+12:00,40.5,-36.604881,174.802597,2
esp32_device_001,2026-05-21T10:22:19+12:00,39.1,-36.604855,174.802612,2
esp32_device_001,2026-05-21T10:22:24+12:00,38.2,-36.604836,174.802612,2
esp32_device_001,2026-05-21T10:22:29+12:00,37.9,-36.604858,174.802612,2
esp32_device_001,2026-05-21T10:22:34+12:00,38.7,-36.604877,174.802597,2
esp32_device_001,2026-05-21T10:22:39+12:00,39.1,-36.604908,174.802567,2
esp32_device_001,2026-05-21T10:22:44+12:00,38.9,-36.604939,174.802536,2
esp32_device_001,2026-05-21T10:22:49+12:00,38.9,-36.604961,174.802521,2
esp32_device_001,2026-05-21T10:22:54+12:00,40,-36.604996,174.802505,2
esp32_device_001,2026-05-21T10:22:59+12:00,40.3,-36.60498,174.802505,2
esp32_device_001,2026-05-21T10:23:04+12:00,40.2,-36.604958,174.802505,2
esp32_device_001,2026-05-21T10:23:09+12:00,39.6,-36.604912,174.802536,2
esp32_device_001,2026-05-21T10:23:14+12:00,39,-36.604877,174.802551,2
esp32_device_001,2026-05-21T10:23:19+12:00,37.5,-36.604847,174.802551,2
esp32_device_001,2026-05-21T10:23:24+12:00,37,-36.60482,174.802567,2
esp32_device_001,2026-05-21T10:23:29+12:00,37.1,-36.604813,174.802582,2
esp32_device_001,2026-05-21T10:23:34+12:00,38.8,-36.604809,174.802582,2
esp32_device_001,2026-05-21T10:23:39+12:00,39.3,-36.604809,174.802567,2
esp32_device_001,2026-05-21T10:23:44+12:00,40.1,-36.604828,174.802567,2
esp32_device_001,2026-05-21T10:23:49+12:00,40.9,-36.604843,174.802551,2
esp32_device_001,2026-05-21T10:23:54+12:00,42.4,-36.60487,174.802551,2
esp32_device_001,2026-05-21T10:23:59+12:00,43.1,-36.604881,174.802567,2
esp32_device_001,2026-05-21T10:24:04+12:00,44.4,-36.604881,174.802567,2
esp32_device_001,2026-05-21T10:24:09+12:00,45.4,-36.604904,174.802551,2
esp32_device_001,2026-05-21T10:24:14+12:00,45.8,-36.604916,174.802551,2
esp32_device_001,2026-05-21T10:24:19+12:00,47.8,-36.604912,174.802551,2
esp32_device_001,2026-05-21T10:24:24+12:00,49.5,-36.604919,174.802536,2
esp32_device_001,2026-05-21T10:24:29+12:00,49.4,-36.604874,174.802551,2
esp32_device_001,2026-05-21T10:24:51+12:00,45.6,-36.604668,174.802643,2
esp32_device_001,2026-05-21T10:24:56+12:00,45.2,-36.604637,174.802658,2
esp32_device_001,2026-05-21T10:25:01+12:00,44.2,-36.604614,174.802658,2
esp32_device_001,2026-05-21T10:25:06+12:00,44.2,-36.604603,174.802643,2
esp32_device_001,2026-05-21T10:25:11+12:00,44.1,-36.604641,174.802658,2
esp32_device_001,2026-05-21T10:25:16+12:00,44.3,-36.604671,174.802643,2
esp32_device_001,2026-05-21T10:25:21+12:00,44.8,-36.60466,174.802643,2
esp32_device_001,2026-05-21T10:25:26+12:00,45.6,-36.604649,174.802643,2
esp32_device_001,2026-05-21T10:25:31+12:00,45.6,-36.604649,174.802628,2
esp32_device_001,2026-05-21T10:25:36+12:00,45.1,-36.60463,174.802643,2
esp32_device_001,2026-05-21T10:25:41+12:00,44.7,-36.604641,174.802658,2
esp32_device_001,2026-05-21T10:25:46+12:00,44,-36.604679,174.802643,2
esp32_device_001,2026-05-21T10:25:51+12:00,43.8,-36.604755,174.802597,2
esp32_device_001,2026-05-21T10:25:56+12:00,44,-36.604778,174.802597,2
esp32_device_001,2026-05-21T10:26:01+12:00,44.3,-36.604778,174.802582,2
esp32_device_001,2026-05-21T10:26:06+12:00,44.5,-36.604748,174.802628,2
esp32_device_001,2026-05-21T10:26:11+12:00,44.7,-36.60471,174.802628,2
esp32_device_001,2026-05-21T10:26:16+12:00,45.2,-36.604698,174.802628,2
esp32_device_001,2026-05-21T10:26:21+12:00,45.7,-36.604683,174.802612,2
esp32_device_001,2026-05-21T10:26:26+12:00,45.9,-36.604687,174.802628,2
esp32_device_001,2026-05-21T10:26:31+12:00,46.2,-36.604687,174.802612,2
esp32_device_001,2026-05-21T10:26:36+12:00,46.5,-36.604668,174.802628,2
esp32_device_001,2026-05-21T10:26:41+12:00,46.9,-36.604694,174.802612,2
esp32_device_001,2026-05-21T10:26:46+12:00,47,-36.60471,174.802628,2
esp32_device_001,2026-05-21T10:26:51+12:00,47.4,-36.604691,174.802628,2
esp32_device_001,2026-05-21T10:26:56+12:00,48.3,-36.604698,174.802643,2
esp32_device_001,2026-05-21T10:27:01+12:00,49,-36.604675,174.802689,2
esp32_device_001,2026-05-21T10:27:06+12:00,50.4,-36.604652,174.802704,2
esp32_device_001,2026-05-21T10:27:11+12:00,52.5,-36.604641,174.802704,2
esp32_device_001,2026-05-21T10:27:16+12:00,54.5,-36.604645,174.802704,2
esp32_device_001,2026-05-21T10:27:21+12:00,56.4,-36.604637,174.802689,2
esp32_device_001,2026-05-21T10:27:26+12:00,59.8,-36.604618,174.802719,2
esp32_device_001,2026-05-21T10:27:31+12:00,62,-36.604614,174.802734,2
esp32_device_001,2026-05-21T10:27:36+12:00,63.9,-36.60461,174.802719,2
esp32_device_001,2026-05-21T10:27:41+12:00,64.5,-36.60463,174.802704,2
esp32_device_001,2026-05-21T10:27:46+12:00,65.1,-36.604637,174.802673,2
esp32_device_001,2026-05-21T10:27:51+12:00,69.3,-36.604622,174.802689,2
esp32_device_001,2026-05-21T10:27:56+12:00,72.1,-36.604622,174.802719,2
esp32_device_001,2026-05-21T10:28:01+12:00,72.6,-36.604637,174.802704,2
esp32_device_001,2026-05-21T10:28:06+12:00,71.7,-36.604668,174.802628,2
esp32_device_001,2026-05-21T10:28:11+12:00,70.4,-36.604687,174.802628,2
esp32_device_001,2026-05-21T10:28:16+12:00,69,-36.604717,174.802597,2
esp32_device_001,2026-05-21T10:28:21+12:00,66.8,-36.604729,174.802597,2
esp32_device_001,2026-05-21T10:28:26+12:00,64.5,-36.604774,174.802567,2
esp32_device_001,2026-05-21T10:28:31+12:00,62.1,-36.604782,174.802551,2
esp32_device_001,2026-05-21T10:28:36+12:00,58.9,-36.604782,174.802567,2
esp32_device_001,2026-05-21T10:28:41+12:00,56.2,-36.604759,174.802567,2
esp32_device_001,2026-05-21T10:28:46+12:00,54.8,-36.604759,174.802567,2
esp32_device_001,2026-05-21T10:28:51+12:00,51.7,-36.604752,174.802567,2
esp32_device_001,2026-05-21T10:28:56+12:00,49.8,-36.604759,174.802567,2
esp32_device_001,2026-05-21T10:29:01+12:00,48.6,-36.604755,174.802582,2
esp32_device_001,2026-05-21T10:29:06+12:00,46.5,-36.604763,174.802582,2
esp32_device_001,2026-05-21T10:29:11+12:00,44.4,-36.604782,174.802567,2
esp32_device_001,2026-05-21T10:29:16+12:00,43.3,-36.604794,174.802582,2
esp32_device_001,2026-05-21T10:29:21+12:00,41.5,-36.604801,174.802582,2
esp32_device_001,2026-05-21T10:29:26+12:00,40,-36.604797,174.802597,2
esp32_device_001,2026-05-21T10:29:31+12:00,38.8,-36.604801,174.802597,2
esp32_device_001,2026-05-21T10:29:46+12:00,39.8,-36.60479,174.802612,2
esp32_device_001,2026-05-21T10:29:51+12:00,40.4,-36.60479,174.802612,2
esp32_device_001,2026-05-21T10:29:56+12:00,40.8,-36.604794,174.802597,2
esp32_device_001,2026-05-21T10:30:01+12:00,41.6,-36.604794,174.802597,2
esp32_device_001,2026-05-21T10:30:06+12:00,40.8,-36.604797,174.802597,2
esp32_device_001,2026-05-21T10:30:11+12:00,41.6,-36.604813,174.802597,2
esp32_device_001,2026-05-21T10:30:16+12:00,41.9,-36.604824,174.802582,2
esp32_device_001,2026-05-21T10:30:21+12:00,42.8,-36.604824,174.802582,2
esp32_device_001,2026-05-21T10:30:26+12:00,43.9,-36.604828,174.802582,2
esp32_device_001,2026-05-21T10:30:31+12:00,45.5,-36.604813,174.802597,2
esp32_device_001,2026-05-21T10:30:36+12:00,47,-36.604805,174.802597,2
esp32_device_001,2026-05-21T10:30:41+12:00,48.9,-36.604794,174.802597,2
esp32_device_001,2026-05-21T10:30:46+12:00,50.2,-36.604782,174.802612,2
esp32_device_001,2026-05-21T10:30:51+12:00,49.8,-36.604801,174.802597,2
esp32_device_001,2026-05-21T10:30:56+12:00,49.4,-36.604828,174.802597,2
esp32_device_001,2026-05-21T10:31:01+12:00,49.9,-36.604839,174.802582,2
esp32_device_001,2026-05-21T10:31:06+12:00,51.2,-36.604828,174.802597,2
esp32_device_001,2026-05-21T10:31:11+12:00,52.7,-36.604839,174.802582,2
esp32_device_001,2026-05-21T10:31:16+12:00,53.9,-36.604816,174.802582,2
esp32_device_001,2026-05-21T10:31:21+12:00,55,-36.604786,174.802582,2
esp32_device_001,2026-05-21T10:31:26+12:00,54.9,-36.604774,174.802597,2
esp32_device_001,2026-05-21T10:31:31+12:00,54,-36.604771,174.802597,2
esp32_device_001,2026-05-21T10:31:36+12:00,51.6,-36.604782,174.802582,2
esp32_device_001,2026-05-21T10:31:41+12:00,49.9,-36.604797,174.802567,2
esp32_device_001,2026-05-21T10:31:46+12:00,48.3,-36.604809,174.802567,2
esp32_device_001,2026-05-21T10:31:51+12:00,47.6,-36.60482,174.802536,2
esp32_device_001,2026-05-21T10:31:56+12:00,46.2,-36.604805,174.802551,2
esp32_device_001,2026-05-21T10:32:01+12:00,45.3,-36.60479,174.802567,2
esp32_device_001,2026-05-21T10:32:06+12:00,45.6,-36.604771,174.802597,2
esp32_device_001,2026-05-21T10:32:11+12:00,46.5,-36.604759,174.802597,2
esp32_device_001,2026-05-21T10:32:16+12:00,51.7,-36.604698,174.802628,2
esp32_device_001,2026-05-21T10:32:21+12:00,62.3,-36.604576,174.802689,2
esp32_device_001,2026-05-21T10:32:26+12:00,72.9,-36.604462,174.802719,2
esp32_device_001,2026-05-21T10:32:31+12:00,73.8,-36.604462,174.802689,2
esp32_device_001,2026-05-21T10:32:36+12:00,62.1,-36.604527,174.802673,2
esp32_device_001,2026-05-21T10:32:41+12:00,61,-36.604561,174.802673,2
esp32_device_001,2026-05-21T10:32:46+12:00,60.2,-36.604637,174.802658,2
esp32_device_001,2026-05-21T10:32:56+12:00,59,-36.604584,174.802643,2
esp32_device_001,2026-05-21T10:33:01+12:00,58.1,-36.604622,174.802628,2
esp32_device_001,2026-05-21T10:33:06+12:00,57.9,-36.604645,174.802597,2
esp32_device_001,2026-05-21T10:33:11+12:00,57.5,-36.604671,174.802643,2
esp32_device_001,2026-05-21T10:33:16+12:00,57.6,-36.604656,174.802597,2
esp32_device_001,2026-05-21T10:33:21+12:00,58.4,-36.604626,174.80249,2
esp32_device_001,2026-05-21T10:33:26+12:00,59.4,-36.60461,174.80249,2
esp32_device_001,2026-05-21T10:33:31+12:00,61.3,-36.604626,174.80246,2
esp32_device_001,2026-05-21T10:33:36+12:00,62.1,-36.604668,174.802399,2
esp32_device_001,2026-05-21T10:33:41+12:00,62.5,-36.604683,174.802414,2
esp32_device_001,2026-05-21T10:33:46+12:00,62.4,-36.604691,174.802429,2
esp32_device_001,2026-05-21T10:33:51+12:00,62.9,-36.604687,174.802429,2
esp32_device_001,2026-05-21T10:33:56+12:00,63.1,-36.604687,174.802429,2
esp32_device_001,2026-05-21T10:34:01+12:00,63.6,-36.604717,174.802399,2
esp32_device_001,2026-05-21T10:34:06+12:00,63.6,-36.604725,174.802399,2
esp32_device_001,2026-05-21T10:34:11+12:00,63.2,-36.604744,174.802414,2
esp32_device_001,2026-05-21T10:34:16+12:00,62.9,-36.604736,174.80246,2
esp32_device_001,2026-05-21T10:34:21+12:00,62.5,-36.604752,174.802444,2
esp32_device_001,2026-05-21T10:34:26+12:00,61.4,-36.604767,174.802444,2
esp32_device_001,2026-05-21T10:34:31+12:00,60.2,-36.604771,174.802475,2
esp32_device_001,2026-05-21T10:34:45+12:00,56.2,-36.604736,174.802551,2
esp32_device_001,2026-05-21T10:34:50+12:00,52.9,-36.604748,174.802567,2
esp32_device_001,2026-05-21T10:34:55+12:00,49.6,-36.604771,174.802567,2
esp32_device_001,2026-05-21T10:35:00+12:00,48.2,-36.604759,174.802582,2
esp32_device_001,2026-05-21T10:35:05+12:00,47.7,-36.60474,174.802582,2
esp32_device_001,2026-05-21T10:35:10+12:00,47.5,-36.604694,174.802612,2
esp32_device_001,2026-05-21T10:35:15+12:00,48.8,-36.60463,174.802628,2
esp32_device_001,2026-05-21T10:35:20+12:00,49.1,-36.604603,174.802643,2
esp32_device_001,2026-05-21T10:35:25+12:00,54.1,-36.604561,174.802643,2
esp32_device_001,2026-05-21T10:35:30+12:00,57.8,-36.604568,174.802582,2
esp32_device_001,2026-05-21T10:35:35+12:00,59.9,-36.604561,174.802536,2
esp32_device_001,2026-05-21T10:35:40+12:00,60.9,-36.604549,174.802551,2
esp32_device_001,2026-05-21T10:35:45+12:00,60.5,-36.604561,174.802597,2
esp32_device_001,2026-05-21T10:35:50+12:00,59.6,-36.604557,174.802597,2
esp32_device_001,2026-05-21T10:35:55+12:00,59.6,-36.604572,174.802612,2
esp32_device_001,2026-05-21T10:36:00+12:00,59.6,-36.604576,174.802628,2
esp32_device_001,2026-05-21T10:36:05+12:00,59.4,-36.604584,174.802643,2
esp32_device_001,2026-05-21T10:36:10+12:00,58.3,-36.604599,174.802643,2
esp32_device_001,2026-05-21T10:36:15+12:00,57,-36.604622,174.802612,2
esp32_device_001,2026-05-21T10:36:20+12:00,55.2,-36.604641,174.802597,2
esp32_device_001,2026-05-21T10:36:25+12:00,54.7,-36.604652,174.802567,2
esp32_device_001,2026-05-21T10:36:30+12:00,53.3,-36.604683,174.802551,2
esp32_device_001,2026-05-21T10:36:35+12:00,52.8,-36.604679,174.802551,2
esp32_device_001,2026-05-21T10:36:40+12:00,52.6,-36.604687,174.802536,2
esp32_device_001,2026-05-21T10:36:45+12:00,52.1,-36.604713,174.802505,2
esp32_device_001,2026-05-21T10:36:50+12:00,51.5,-36.604736,174.802475,2
esp32_device_001,2026-05-21T10:36:55+12:00,51,-36.604774,174.802475,2
esp32_device_001,2026-05-21T10:37:00+12:00,50.8,-36.604797,174.80246,2
esp32_device_001,2026-05-21T10:37:05+12:00,51.1,-36.604809,174.802444,2
esp32_device_001,2026-05-21T10:37:10+12:00,52.4,-36.604855,174.802429,2
esp32_device_001,2026-05-21T10:37:15+12:00,55.6,-36.605003,174.802368,2
esp32_device_001,2026-05-21T10:37:20+12:00,57.6,-36.605087,174.802368,2
esp32_device_001,2026-05-21T10:37:25+12:00,57.8,-36.605038,174.802429,2
esp32_device_001,2026-05-21T10:37:30+12:00,59,-36.604855,174.80246,2
esp32_device_001,2026-05-21T10:37:35+12:00,60.5,-36.604771,174.802505,2
esp32_device_001,2026-05-21T10:37:40+12:00,61.6,-36.604717,174.802505,2
esp32_device_001,2026-05-21T10:37:45+12:00,59.7,-36.604683,174.802551,2
esp32_device_001,2026-05-21T10:37:50+12:00,56.9,-36.604679,174.802582,2
esp32_device_001,2026-05-21T10:37:55+12:00,56,-36.604687,174.802597,2
esp32_device_001,2026-05-21T10:38:00+12:00,55.2,-36.604675,174.802597,2
esp32_device_001,2026-05-21T10:38:05+12:00,54,-36.604687,174.802612,2
esp32_device_001,2026-05-21T10:38:10+12:00,52.8,-36.604687,174.802612,2
esp32_device_001,2026-05-21T10:38:15+12:00,52.7,-36.604687,174.802628,2
esp32_device_001,2026-05-21T10:38:20+12:00,54.3,-36.604671,174.802643,2
esp32_device_001,2026-05-21T10:38:25+12:00,55.7,-36.604671,174.802628,2
esp32_device_001,2026-05-21T10:38:30+12:00,58.3,-36.604664,174.802612,2
esp32_device_001,2026-05-21T10:38:35+12:00,58.9,-36.604668,174.802582,2
esp32_device_001,2026-05-21T10:38:40+12:00,59.4,-36.604664,174.802597,2
esp32_device_001,2026-05-21T10:38:45+12:00,60.4,-36.604656,174.802597,2
esp32_device_001,2026-05-21T10:38:50+12:00,59.8,-36.604671,174.802597,2
esp32_device_001,2026-05-21T10:38:55+12:00,59.7,-36.604664,174.802612,2
esp32_device_001,2026-05-21T10:39:00+12:00,60.2,-36.604641,174.802643,2
esp32_device_001,2026-05-21T10:39:05+12:00,59.7,-36.60463,174.802658,2
esp32_device_001,2026-05-21T10:39:10+12:00,58.1,-36.604641,174.802658,2
esp32_device_001,2026-05-21T10:39:15+12:00,56.4,-36.60461,174.802704,2
esp32_device_001,2026-05-21T10:39:20+12:00,55,-36.604652,174.802658,2
esp32_device_001,2026-05-21T10:39:25+12:00,56.8,-36.604691,174.802597,2
esp32_device_001,2026-05-21T10:39:30+12:00,55.4,-36.604729,174.802536,2
esp32_device_001,2026-05-21T10:39:39+12:00,55.4,-36.60474,174.802536,2
esp32_device_001,2026-05-21T10:39:44+12:00,55.4,-36.604759,174.802536,2
esp32_device_001,2026-05-21T10:39:49+12:00,55.4,-36.604797,174.80249,2
esp32_device_001,2026-05-21T10:39:54+12:00,55.4,-36.604824,174.80246,2
esp32_device_001,2026-05-21T10:39:59+12:00,55.4,-36.604828,174.802475,2
esp32_device_001,2026-05-21T10:40:04+12:00,55.4,-36.604805,174.802505,2
esp32_device_001,2026-05-21T10:40:09+12:00,55.4,-36.604786,174.802521,2
esp32_device_001,2026-05-21T10:40:14+12:00,55.4,-36.604794,174.802505,2
esp32_device_001,2026-05-21T10:40:19+12:00,55.4,-36.604782,174.802521,2
esp32_device_001,2026-05-21T10:40:24+12:00,55.4,-36.604771,174.802536,2
esp32_device_001,2026-05-21T10:40:29+12:00,55.4,-36.604748,174.802597,2
esp32_device_001,2026-05-21T10:40:34+12:00,55.4,-36.604733,174.802612,2
esp32_device_001,2026-05-21T10:40:39+12:00,55.4,-36.604752,174.802597,2
esp32_device_001,2026-05-21T10:40:44+12:00,55.4,-36.604752,174.802597,2
esp32_device_001,2026-05-21T10:40:49+12:00,55.4,-36.604782,174.802582,2
esp32_device_001,2026-05-21T10:40:54+12:00,55.4,-36.604786,174.802597,2
esp32_device_001,2026-05-21T10:40:59+12:00,55.4,-36.604759,174.802658,2
esp32_device_001,2026-05-21T10:41:04+12:00,55.4,-36.604691,174.802765,2
esp32_device_001,2026-05-21T10:41:09+12:00,55.4,-36.604679,174.802795,2
esp32_device_001,2026-05-21T10:41:14+12:00,55.4,-36.604702,174.802734,2
esp32_device_001,2026-05-21T10:41:19+12:00,55.4,-36.604721,174.802673,2
esp32_device_001,2026-05-21T10:41:24+12:00,55.4,-36.604721,174.802673,2
esp32_device_001,2026-05-21T10:41:29+12:00,55.4,-36.604748,174.802628,2
esp32_device_001,2026-05-21T10:41:34+12:00,55.4,-36.604771,174.802597,2
esp32_device_001,2026-05-21T10:41:39+12:00,55.4,-36.604782,174.802567,2
esp32_device_001,2026-05-21T10:41:44+12:00,55.4,-36.604774,174.802536,2
esp32_device_001,2026-05-21T10:41:49+12:00,55.4,-36.604797,174.80249,2
esp32_device_001,2026-05-21T10:41:54+12:00,55.4,-36.604771,174.802521,2
esp32_device_001,2026-05-21T10:41:59+12:00,55.4,-36.60474,174.802551,2
esp32_device_001,2026-05-21T10:42:04+12:00,55.4,-36.604671,174.802551,2
esp32_device_001,2026-05-21T10:42:09+12:00,55.4,-36.604668,174.802536,2
esp32_device_001,2026-05-21T10:42:14+12:00,55.4,-36.604671,174.802536,2
esp32_device_001,2026-05-21T10:42:19+12:00,55.4,-36.604572,174.802582,2
esp32_device_001,2026-05-21T10:42:24+12:00,55.4,-36.604538,174.802582,2
esp32_device_001,2026-05-21T10:42:29+12:00,55.4,-36.604584,174.802551,2
esp32_device_001,2026-05-21T10:42:34+12:00,55.4,-36.604607,174.802536,2
esp32_device_001,2026-05-21T10:42:39+12:00,55.4,-36.604645,174.802521,2
esp32_device_001,2026-05-21T10:42:44+12:00,55.4,-36.604622,174.802521,2
esp32_device_001,2026-05-21T10:42:49+12:00,55.4,-36.604584,174.802505,2
esp32_device_001,2026-05-21T10:42:54+12:00,55.4,-36.604618,174.80249,2
esp32_device_001,2026-05-21T10:42:59+12:00,55.4,-36.604656,174.802505,2
esp32_device_001,2026-05-21T10:43:04+12:00,55.4,-36.604683,174.80246,2
esp32_device_001,2026-05-21T10:43:09+12:00,55.4,-36.604698,174.802475,2
esp32_device_001,2026-05-21T10:43:14+12:00,55.4,-36.604729,174.80249,2
esp32_device_001,2026-05-21T10:43:19+12:00,55.4,-36.604721,174.80249,2
esp32_device_001,2026-05-21T10:43:24+12:00,55.4,-36.604713,174.80249,2
esp32_device_001,2026-05-21T10:43:29+12:00,55.4,-36.604748,174.80246,2
esp32_device_001,2026-05-21T10:43:34+12:00,55.4,-36.604786,174.802429,2
esp32_device_001,2026-05-21T10:43:39+12:00,55.4,-36.604679,174.80249,2
esp32_device_001,2026-05-21T10:43:44+12:00,55.4,-36.604626,174.802521,2
esp32_device_001,2026-05-21T10:43:49+12:00,55.4,-36.604614,174.802551,2
esp32_device_001,2026-05-21T10:43:54+12:00,55.4,-36.604626,174.802597,2
esp32_device_001,2026-05-21T10:43:59+12:00,55.4,-36.604645,174.802612,2
esp32_device_001,2026-05-21T10:44:04+12:00,55.4,-36.604626,174.802673,2
esp32_device_001,2026-05-21T10:44:09+12:00,55.4,-36.604622,174.802689,2
esp32_device_001,2026-05-21T10:44:14+12:00,55.4,-36.604668,174.802658,2
esp32_device_001,2026-05-21T10:44:19+12:00,55.4,-36.604713,174.802612,2
esp32_device_001,2026-05-21T10:44:24+12:00,55.4,-36.604675,174.802628,2
esp32_device_001,2026-05-21T10:44:29+12:00,55.4,-36.604736,174.802612,2
esp32_device_001,2026-05-21T10:44:34+12:00,55.4,-36.604752,174.802643,2
esp32_device_001,2026-05-21T10:44:39+12:00,55.4,-36.60471,174.802658,2
esp32_device_001,2026-05-21T10:44:44+12:00,55.4,-36.604671,174.802673,2
esp32_device_001,2026-05-21T10:44:49+12:00,55.4,-36.604683,174.802658,2
esp32_device_001,2026-05-21T10:44:54+12:00,55.4,-36.604656,174.802673,2
esp32_device_001,2026-05-21T10:44:59+12:00,55.4,-36.604652,174.802673,2
esp32_device_001,2026-05-21T10:45:04+12:00,55.4,-36.604706,174.802673,2
esp32_device_001,2026-05-21T10:45:09+12:00,55.4,-36.604733,174.802643,2
esp32_device_001,2026-05-21T10:45:14+12:00,55.4,-36.604736,174.802658,2
esp32_device_001,2026-05-21T10:45:19+12:00,55.4,-36.604721,174.802673,2
esp32_device_001,2026-05-21T10:45:24+12:00,55.4,-36.604721,174.802673,2
esp32_device_001,2026-05-21T10:45:29+12:00,55.4,-36.60471,174.802689,2
esp32_device_001,2026-05-21T10:45:34+12:00,55.4,-36.604729,174.802689,2
esp32_device_001,2026-05-21T10:45:39+12:00,55.4,-36.604733,174.802658,2
esp32_device_001,2026-05-21T10:45:44+12:00,55.4,-36.604744,174.802658,2
esp32_device_001,2026-05-21T10:45:49+12:00,55.4,-36.604733,174.802673,2
esp32_device_001,2026-05-21T10:45:54+12:00,55.4,-36.604752,174.802673,2
esp32_device_001,2026-05-21T10:45:59+12:00,55.4,-36.604809,174.802567,2
esp32_device_001,2026-05-21T10:46:04+12:00,55.4,-36.604824,174.802521,2
esp32_device_001,2026-05-21T10:46:09+12:00,55.4,-36.6049,174.802414,2
esp32_device_001,2026-05-21T10:46:14+12:00,55.4,-36.604912,174.802383,2
esp32_device_001,2026-05-21T10:46:19+12:00,55.4,-36.604931,174.802338,2
esp32_device_001,2026-05-21T10:46:24+12:00,55.4,-36.604931,174.802322,2
esp32_device_001,2026-05-21T10:46:29+12:00,55.4,-36.604885,174.802338,2
esp32_device_001,2026-05-21T10:46:34+12:00,55.4,-36.604763,174.80246,2
esp32_device_001,2026-05-21T10:46:39+12:00,55.4,-36.604694,174.802521,2
esp32_device_001,2026-05-21T10:46:44+12:00,55.4,-36.604668,174.802505,2
esp32_device_001,2026-05-21T10:46:49+12:00,55.4,-36.604641,174.802505,2
esp32_device_001,2026-05-21T10:46:54+12:00,55.4,-36.604652,174.802475,2
esp32_device_001,2026-05-21T10:46:59+12:00,55.4,-36.604656,174.802475,2
esp32_device_001,2026-05-21T10:47:04+12:00,55.4,-36.604652,174.80246,2
esp32_device_001,2026-05-21T10:47:09+12:00,55.4,-36.604683,174.802429,2
esp32_device_001,2026-05-21T10:47:14+12:00,55.4,-36.604706,174.802414,2
esp32_device_001,2026-05-21T10:47:19+12:00,55.4,-36.604687,174.802429,2
esp32_device_001,2026-05-21T10:47:24+12:00,55.4,-36.604668,174.80246,2
esp32_device_001,2026-05-21T10:47:29+12:00,55.4,-36.60471,174.802414,2
esp32_device_001,2026-05-21T10:47:34+12:00,55.4,-36.604717,174.802399,2
esp32_device_001,2026-05-21T10:47:39+12:00,55.4,-36.604713,174.802414,2
esp32_device_001,2026-05-21T10:47:44+12:00,55.4,-36.604725,174.802399,2
esp32_device_001,2026-05-21T10:47:49+12:00,55.4,-36.604744,174.802399,2
esp32_device_001,2026-05-21T10:47:54+12:00,55.4,-36.604744,174.802429,2
esp32_device_001,2026-05-21T10:47:59+12:00,55.4,-36.604755,174.802475,2
esp32_device_001,2026-05-21T10:48:04+12:00,55.4,-36.604763,174.80246,2
esp32_device_001,2026-05-21T10:48:09+12:00,55.4,-36.604713,174.802536,2
esp32_device_001,2026-05-21T10:48:14+12:00,55.4,-36.604683,174.802597,2
esp32_device_001,2026-05-21T10:48:19+12:00,55.4,-36.604691,174.802597,2
esp32_device_001,2026-05-21T10:48:24+12:00,55.4,-36.604717,174.802567,2
esp32_device_001,2026-05-21T10:48:29+12:00,55.4,-36.604733,174.802521,2
esp32_device_001,2026-05-21T10:48:34+12:00,55.4,-36.604744,174.802505,2
esp32_device_001,2026-05-21T10:48:39+12:00,55.4,-36.604813,174.802353,2
esp32_device_001,2026-05-21T10:48:44+12:00,55.4,-36.604877,174.802261,2
esp32_device_001,2026-05-21T10:48:49+12:00,55.4,-36.604877,174.802261,2
esp32_device_001,2026-05-21T10:48:54+12:00,55.4,-36.604839,174.802322,2
esp32_device_001,2026-05-21T10:48:59+12:00,55.4,-36.604824,174.802353,2
esp32_device_001,2026-05-21T10:49:04+12:00,55.4,-36.604782,174.802414,2
esp32_device_001,2026-05-21T10:49:09+12:00,55.4,-36.604694,174.802567,2
esp32_device_001,2026-05-21T10:49:14+12:00,55.4,-36.604668,174.802612,2
esp32_device_001,2026-05-21T10:49:19+12:00,55.4,-36.60466,174.802628,2
esp32_device_001,2026-05-21T10:49:24+12:00,55.4,-36.604725,174.802505,2
esp32_device_001,2026-05-21T10:49:29+12:00,55.4,-36.604778,174.802368,2
esp32_device_001,2026-05-21T10:49:34+12:00,55.4,-36.604908,174.802078,2
esp32_device_001,2026-05-21T10:49:52+12:00,107.4,-36.604874,174.802048,2
esp32_device_001,2026-05-21T10:49:57+12:00,111.8,-36.604748,174.802231,2
esp32_device_001,2026-05-21T10:50:02+12:00,113.9,-36.604679,174.802338,2
esp32_device_001,2026-05-21T10:50:07+12:00,112.9,-36.604637,174.802414,2
esp32_device_001,2026-05-21T10:50:12+12:00,111.1,-36.604595,174.80249,2
esp32_device_001,2026-05-21T10:50:17+12:00,109,-36.604591,174.802505,2
esp32_device_001,2026-05-21T10:50:22+12:00,109.6,-36.6045,174.802643,2
esp32_device_001,2026-05-21T10:50:27+12:00,109.5,-36.604542,174.802582,2
esp32_device_001,2026-05-21T10:50:32+12:00,112.8,-36.604599,174.802475,2
esp32_device_001,2026-05-21T10:50:37+12:00,110.6,-36.604603,174.80249,2
esp32_device_001,2026-05-21T10:50:42+12:00,108.7,-36.604603,174.80249,2
esp32_device_001,2026-05-21T10:50:47+12:00,106.9,-36.604599,174.802505,2
esp32_device_001,2026-05-21T10:50:52+12:00,95.2,-36.604649,174.80249,2
esp32_device_001,2026-05-21T10:50:57+12:00,94.6,-36.604649,174.80249,2
esp32_device_001,2026-05-21T10:51:02+12:00,94.1,-36.604668,174.802475,2
esp32_device_001,2026-05-21T10:51:07+12:00,93.5,-36.604614,174.802567,2
esp32_device_001,2026-05-21T10:51:12+12:00,95.9,-36.60458,174.802628,2
esp32_device_001,2026-05-21T10:51:17+12:00,96.3,-36.604641,174.802521,2
esp32_device_001,2026-05-21T10:51:42+12:00,93.5,-36.604557,174.802612,2
esp32_device_001,2026-05-21T10:51:47+12:00,91.2,-36.604576,174.802597,2
esp32_device_001,2026-05-21T10:51:52+12:00,90.5,-36.604576,174.802597,2
esp32_device_001,2026-05-21T10:51:57+12:00,91.1,-36.604515,174.802719,2
esp32_device_001,2026-05-21T10:52:02+12:00,88.4,-36.604637,174.802567,2
esp32_device_001,2026-05-21T10:52:07+12:00,84.9,-36.604752,174.802399,2
esp32_device_001,2026-05-21T10:52:12+12:00,84.8,-36.604794,174.802338,2
esp32_device_001,2026-05-21T10:52:17+12:00,84.8,-36.604816,174.802307,2
esp32_device_001,2026-05-21T10:52:22+12:00,84.9,-36.604828,174.802292,2
esp32_device_001,2026-05-21T10:52:27+12:00,84.8,-36.604813,174.802307,2
esp32_device_001,2026-05-21T10:52:32+12:00,84.9,-36.604809,174.802322,2
esp32_device_001,2026-05-21T10:52:37+12:00,84.4,-36.60487,174.802231,2
esp32_device_001,2026-05-21T10:52:42+12:00,82.4,-36.604954,174.802078,2
esp32_device_001,2026-05-21T10:52:47+12:00,84.2,-36.605015,174.801971,2
esp32_device_001,2026-05-21T10:52:52+12:00,84.6,-36.605011,174.801987,2
esp32_device_001,2026-05-21T10:52:57+12:00,84.5,-36.605015,174.801971,2
esp32_device_001,2026-05-21T10:53:02+12:00,85.4,-36.605003,174.801987,2
esp32_device_001,2026-05-21T10:53:07+12:00,85.3,-36.604996,174.802002,2
esp32_device_001,2026-05-21T10:53:12+12:00,85,-36.605,174.801987,2
esp32_device_001,2026-05-21T10:53:17+12:00,85.3,-36.605003,174.801971,2
esp32_device_001,2026-05-21T10:53:22+12:00,85.2,-36.605042,174.801926,2
esp32_device_001,2026-05-21T10:53:27+12:00,83.8,-36.605,174.802002,2
esp32_device_001,2026-05-21T10:53:32+12:00,83,-36.604954,174.802094,2
esp32_device_001,2026-05-21T10:53:37+12:00,83.7,-36.604973,174.802078,2
esp32_device_001,2026-05-21T10:53:42+12:00,83.5,-36.604977,174.802078,2
esp32_device_001,2026-05-21T10:53:47+12:00,83.2,-36.604973,174.802078,2
esp32_device_001,2026-05-21T10:53:52+12:00,82.2,-36.604961,174.802094,2
esp32_device_001,2026-05-21T10:53:57+12:00,79.6,-36.604889,174.802216,2
esp32_device_001,2026-05-21T10:54:02+12:00,78.1,-36.604851,174.802277,2
esp32_device_001,2026-05-21T10:54:07+12:00,77.2,-36.604839,174.802307,2
esp32_device_001,2026-05-21T10:54:12+12:00,77.1,-36.604847,174.802338,2
esp32_device_001,2026-05-21T10:54:17+12:00,76.6,-36.604839,174.802383,2
esp32_device_001,2026-05-21T10:54:22+12:00,75.8,-36.604805,174.802414,2
esp32_device_001,2026-05-21T10:54:27+12:00,75,-36.604759,174.802475,2
esp32_device_001,2026-05-21T10:54:32+12:00,74.7,-36.604759,174.80249,2
esp32_device_001,2026-05-21T10:54:46+12:00,74.8,-36.604774,174.80246,2
esp32_device_001,2026-05-21T10:54:51+12:00,75.3,-36.604801,174.802429,2
esp32_device_001,2026-05-21T10:54:56+12:00,74.9,-36.604862,174.802368,2
esp32_device_001,2026-05-21T10:55:01+12:00,74.6,-36.604855,174.802383,2
esp32_device_001,2026-05-21T10:55:06+12:00,72.9,-36.604843,174.802383,2
esp32_device_001,2026-05-21T10:55:11+12:00,70.9,-36.604836,174.802383,2
esp32_device_001,2026-05-21T10:55:16+12:00,70.9,-36.604813,174.802414,2
esp32_device_001,2026-05-21T10:55:21+12:00,71.3,-36.604774,174.80246,2
esp32_device_001,2026-05-21T10:55:26+12:00,71.3,-36.604717,174.802536,2
esp32_device_001,2026-05-21T10:55:31+12:00,71.2,-36.604721,174.802536,2
esp32_device_001,2026-05-21T10:55:36+12:00,70.9,-36.604717,174.802551,2
esp32_device_001,2026-05-21T10:55:41+12:00,70.3,-36.604706,174.802567,2
esp32_device_001,2026-05-21T10:55:46+12:00,69.9,-36.604668,174.802628,2
esp32_device_001,2026-05-21T10:55:51+12:00,69.5,-36.604618,174.802658,2
esp32_device_001,2026-05-21T10:55:56+12:00,69.3,-36.60463,174.802628,2
esp32_device_001,2026-05-21T10:56:01+12:00,69,-36.604649,174.802597,2
esp32_device_001,2026-05-21T10:56:06+12:00,68.4,-36.604668,174.802582,2
esp32_device_001,2026-05-21T10:56:11+12:00,68,-36.604687,174.802551,2
esp32_device_001,2026-05-21T10:56:16+12:00,67.2,-36.604702,174.802536,2
esp32_device_001,2026-05-21T10:56:21+12:00,66.3,-36.604717,174.802521,2
esp32_device_001,2026-05-21T10:56:26+12:00,65.6,-36.604752,174.802505,2
esp32_device_001,2026-05-21T10:56:31+12:00,64.8,-36.604771,174.80249,2
esp32_device_001,2026-05-21T10:56:36+12:00,63.1,-36.604797,174.80246,2
esp32_device_001,2026-05-21T10:56:41+12:00,63.5,-36.604847,174.802414,2
esp32_device_001,2026-05-21T10:56:46+12:00,64.2,-36.60487,174.802383,2
esp32_device_001,2026-05-21T10:56:51+12:00,66.8,-36.604877,174.802307,2
esp32_device_001,2026-05-21T10:56:56+12:00,67,-36.604862,174.802338,2
esp32_device_001,2026-05-21T10:57:01+12:00,67.2,-36.604862,174.802353,2
esp32_device_001,2026-05-21T10:57:06+12:00,67.2,-36.604893,174.802322,2
esp32_device_001,2026-05-21T10:57:11+12:00,64.7,-36.604935,174.802292,2
esp32_device_001,2026-05-21T10:57:16+12:00,63,-36.604916,174.802338,2
esp32_device_001,2026-05-21T10:57:21+12:00,63.4,-36.604855,174.802399,2
esp32_device_001,2026-05-21T10:57:26+12:00,63,-36.604813,174.80246,2
esp32_device_001,2026-05-21T10:57:31+12:00,62.7,-36.60482,174.80249,2
esp32_device_001,2026-05-21T10:57:36+12:00,62.6,-36.604801,174.802505,2
esp32_device_001,2026-05-21T10:57:41+12:00,62.7,-36.604786,174.802551,2
esp32_device_001,2026-05-21T10:57:46+12:00,62.7,-36.604755,174.802567,2
esp32_device_001,2026-05-21T10:57:51+12:00,62.9,-36.604748,174.802567,2
esp32_device_001,2026-05-21T10:57:56+12:00,62.7,-36.604687,174.802643,2
esp32_device_001,2026-05-21T10:58:01+12:00,64.2,-36.604637,174.802704,2
esp32_device_001,2026-05-21T10:58:06+12:00,67.2,-36.604679,174.802643,2
esp32_device_001,2026-05-21T10:58:11+12:00,68.9,-36.604721,174.802567,2
esp32_device_001,2026-05-21T10:58:16+12:00,68.7,-36.604702,174.802582,2
esp32_device_001,2026-05-21T10:58:21+12:00,68.8,-36.604664,174.802643,2
esp32_device_001,2026-05-21T10:58:26+12:00,68.7,-36.604645,174.802658,2
esp32_device_001,2026-05-21T10:58:31+12:00,71,-36.604675,174.802597,2
esp32_device_001,2026-05-21T10:58:36+12:00,71.4,-36.604664,174.802597,2
esp32_device_001,2026-05-21T10:58:41+12:00,71.7,-36.604664,174.802597,2
esp32_device_001,2026-05-21T10:58:46+12:00,72.1,-36.60461,174.802658,2
esp32_device_001,2026-05-21T10:58:51+12:00,72.3,-36.604538,174.802719,2
esp32_device_001,2026-05-21T10:58:56+12:00,71.7,-36.604561,174.802704,2
esp32_device_001,2026-05-21T10:59:01+12:00,70.9,-36.604568,174.802689,2
esp32_device_001,2026-05-21T10:59:06+12:00,70.4,-36.604591,174.802704,2
esp32_device_001,2026-05-21T10:59:11+12:00,70.3,-36.604618,174.802673,2
esp32_device_001,2026-05-21T10:59:16+12:00,70.3,-36.604614,174.802719,2
esp32_device_001,2026-05-21T10:59:21+12:00,69.9,-36.604576,174.80278,2
esp32_device_001,2026-05-21T10:59:26+12:00,69.4,-36.604599,174.802734,2
esp32_device_001,2026-05-21T10:59:31+12:00,69,-36.604626,174.802689,2
esp32_device_001,2026-05-21T10:59:56+12:00,69,-36.60466,174.802582,2
esp32_device_001,2026-05-21T11:00:01+12:00,69,-36.604671,174.802551,2
esp32_device_001,2026-05-21T11:00:06+12:00,69,-36.604748,174.802475,2
esp32_device_001,2026-05-21T11:00:11+12:00,69,-36.604839,174.802383,2
esp32_device_001,2026-05-21T11:00:16+12:00,69,-36.604881,174.802353,2
esp32_device_001,2026-05-21T11:00:21+12:00,69,-36.604919,174.802322,2
esp32_device_001,2026-05-21T11:00:26+12:00,69,-36.604931,174.802338,2
esp32_device_001,2026-05-21T11:00:31+12:00,69,-36.604908,174.802383,2
esp32_device_001,2026-05-21T11:00:36+12:00,69,-36.6049,174.802383,2
esp32_device_001,2026-05-21T11:00:41+12:00,69,-36.604877,174.802414,2
esp32_device_001,2026-05-21T11:00:46+12:00,69,-36.60487,174.802399,2
esp32_device_001,2026-05-21T11:00:51+12:00,69,-36.60487,174.802399,2
esp32_device_001,2026-05-21T11:00:56+12:00,69,-36.604885,174.802414,2
esp32_device_001,2026-05-21T11:01:01+12:00,69,-36.60487,174.80246,2
esp32_device_001,2026-05-21T11:01:06+12:00,69,-36.604858,174.802475,2
esp32_device_001,2026-05-21T11:01:11+12:00,69,-36.604851,174.802521,2
esp32_device_001,2026-05-21T11:01:16+12:00,69,-36.604832,174.802567,2
esp32_device_001,2026-05-21T11:01:21+12:00,69,-36.604855,174.802536,2
esp32_device_001,2026-05-21T11:01:26+12:00,233,-36.604881,174.80249,2
esp32_device_001,2026-05-21T11:01:31+12:00,233,-36.604877,174.80246,2
esp32_device_001,2026-05-21T11:01:36+12:00,233,-36.604874,174.802475,2
esp32_device_001,2026-05-21T11:01:41+12:00,233,-36.60487,174.80249,2
esp32_device_001,2026-05-21T11:01:46+12:00,233,-36.604885,174.802505,2
esp32_device_001,2026-05-21T11:01:51+12:00,233,-36.604931,174.80249,2
esp32_device_001,2026-05-21T11:01:56+12:00,233,-36.604954,174.802444,2
esp32_device_001,2026-05-21T11:02:01+12:00,233,-36.604965,174.802429,2
esp32_device_001,2026-05-21T11:02:06+12:00,233,-36.604942,174.802444,2
esp32_device_001,2026-05-21T11:02:11+12:00,233,-36.604939,174.802429,2
esp32_device_001,2026-05-21T11:02:16+12:00,233,-36.604946,174.802399,2
esp32_device_001,2026-05-21T11:02:21+12:00,233,-36.604958,174.802399,2
esp32_device_001,2026-05-21T11:02:26+12:00,233,-36.604942,174.802399,2
esp32_device_001,2026-05-21T11:02:31+12:00,233,-36.604946,174.802353,2
esp32_device_001,2026-05-21T11:02:36+12:00,233,-36.604954,174.802292,2
esp32_device_001,2026-05-21T11:02:56+12:00,233,-36.604809,174.802368,2
esp32_device_001,2026-05-21T11:03:01+12:00,233,-36.604786,174.802429,2
esp32_device_001,2026-05-21T11:03:06+12:00,233,-36.604813,174.802429,2
esp32_device_001,2026-05-21T11:03:11+12:00,233,-36.604832,174.802414,2
esp32_device_001,2026-05-21T11:03:16+12:00,233,-36.604824,174.802399,2
esp32_device_001,2026-05-21T11:03:21+12:00,233,-36.604816,174.802444,2
esp32_device_001,2026-05-21T11:03:26+12:00,233,-36.604755,174.80249,2
esp32_device_001,2026-05-21T11:03:31+12:00,233,-36.604717,174.802536,2
esp32_device_001,2026-05-21T11:03:36+12:00,233,-36.60471,174.802567,2
esp32_device_001,2026-05-21T11:03:41+12:00,233,-36.604694,174.802628,2
esp32_device_001,2026-05-21T11:03:46+12:00,233,-36.604668,174.802628,2
esp32_device_001,2026-05-21T11:03:51+12:00,233,-36.604694,174.802628,2
esp32_device_001,2026-05-21T11:03:56+12:00,233,-36.604671,174.802658,2
esp32_device_001,2026-05-21T11:04:01+12:00,233,-36.604668,174.802658,2
esp32_device_001,2026-05-21T11:04:06+12:00,233,-36.604675,174.802673,2
esp32_device_001,2026-05-21T11:04:11+12:00,233,-36.604733,174.802582,2
esp32_device_001,2026-05-21T11:04:16+12:00,233,-36.604774,174.802521,2
esp32_device_001,2026-05-21T11:04:21+12:00,233,-36.604816,174.80249,2
esp32_device_001,2026-05-21T11:04:26+12:00,38.5,-36.60482,174.80249,2
esp32_device_001,2026-05-21T11:04:31+12:00,38.5,-36.604836,174.802505,2
esp32_device_001,2026-05-21T11:04:46+12:00,36.9,-36.604797,174.802551,2
esp32_device_001,2026-05-21T11:04:51+12:00,35.5,-36.604805,174.802521,2
esp32_device_001,2026-05-21T11:04:56+12:00,34.8,-36.604752,174.802567,2
esp32_device_001,2026-05-21T11:05:01+12:00,33.7,-36.604778,174.802536,2
esp32_device_001,2026-05-21T11:05:06+12:00,32.6,-36.604816,174.802521,2
esp32_device_001,2026-05-21T11:05:11+12:00,31.3,-36.604782,174.80249,2
esp32_device_001,2026-05-21T11:05:16+12:00,29.4,-36.604839,174.802353,2
esp32_device_001,2026-05-21T11:05:21+12:00,27.2,-36.604839,174.802292,2
esp32_device_001,2026-05-21T11:05:26+12:00,25.2,-36.604828,174.802292,2
esp32_device_001,2026-05-21T11:05:31+12:00,22.9,-36.604763,174.802322,2
esp32_device_001,2026-05-21T11:05:36+12:00,21.3,-36.604755,174.802368,2
esp32_device_001,2026-05-21T11:05:41+12:00,19.7,-36.604774,174.802368,2
esp32_device_001,2026-05-21T11:05:46+12:00,17.7,-36.604778,174.802338,2
esp32_device_001,2026-05-21T11:05:51+12:00,15.9,-36.604809,174.802307,2
esp32_device_001,2026-05-21T11:05:56+12:00,14.4,-36.604851,174.802307,2
esp32_device_001,2026-05-21T11:06:01+12:00,13.4,-36.604908,174.802292,2
esp32_device_001,2026-05-21T11:06:06+12:00,12.7,-36.604939,174.802307,2
esp32_device_001,2026-05-21T11:06:11+12:00,12.8,-36.604969,174.802322,2
esp32_device_001,2026-05-21T11:06:21+12:00,13.7,-36.605,174.802322,2
esp32_device_001,2026-05-21T11:06:26+12:00,15,-36.605011,174.802353,2
esp32_device_001,2026-05-21T11:06:31+12:00,15.4,-36.605007,174.802368,2
esp32_device_001,2026-05-21T11:06:36+12:00,15.2,-36.605003,174.802383,2
esp32_device_001,2026-05-21T11:06:41+12:00,14.5,-36.605022,174.802383,2
esp32_device_001,2026-05-21T11:06:46+12:00,14.2,-36.605038,174.802399,2
esp32_device_001,2026-05-21T11:06:56+12:00,13.8,-36.60495,174.802475,2
esp32_device_001,2026-05-21T11:07:01+12:00,15.9,-36.6049,174.802536,2
esp32_device_001,2026-05-21T11:07:11+12:00,17.8,-36.604881,174.802551,2
esp32_device_001,2026-05-21T11:07:16+12:00,23.7,-36.604855,174.802567,2
esp32_device_001,2026-05-21T11:07:21+12:00,25.2,-36.604851,174.802567,2
esp32_device_001,2026-05-21T11:07:26+12:00,27.5,-36.604813,174.802582,2
esp32_device_001,2026-05-21T11:07:31+12:00,30.4,-36.604778,174.802612,2
esp32_device_001,2026-05-21T11:07:36+12:00,32,-36.604763,174.802628,2
esp32_device_001,2026-05-21T11:07:41+12:00,32.8,-36.604767,174.802597,2
esp32_device_001,2026-05-21T11:07:46+12:00,33.6,-36.604782,174.802597,2
esp32_device_001,2026-05-21T11:07:51+12:00,35.3,-36.60474,174.802643,2
esp32_device_001,2026-05-21T11:08:01+12:00,37.6,-36.604721,174.802643,2
esp32_device_001,2026-05-21T11:08:06+12:00,40.1,-36.604713,174.802658,2
esp32_device_001,2026-05-21T11:08:11+12:00,41.8,-36.604694,174.802673,2
esp32_device_001,2026-05-21T11:08:21+12:00,41.1,-36.604725,174.802643,2
esp32_device_001,2026-05-21T11:08:26+12:00,42.2,-36.60471,174.802673,2
esp32_device_001,2026-05-21T11:08:31+12:00,44.3,-36.60466,174.802719,2
esp32_device_001,2026-05-21T11:08:41+12:00,40.6,-36.604839,174.802505,2
esp32_device_001,2026-05-21T11:08:46+12:00,44.5,-36.604832,174.802505,2
esp32_device_001,2026-05-21T11:08:51+12:00,47.1,-36.604774,174.802582,2
esp32_device_001,2026-05-21T11:08:56+12:00,49.7,-36.60474,174.802628,2
esp32_device_001,2026-05-21T11:09:06+12:00,50.7,-36.604679,174.802689,2
esp32_device_001,2026-05-21T11:09:11+12:00,51.3,-36.604649,174.80275,2
esp32_device_001,2026-05-21T11:09:21+12:00,53.2,-36.604359,174.802994,2
esp32_device_001,2026-05-21T11:09:31+12:00,75.7,-36.604237,174.80307,2
esp32_device_001,2026-05-21T11:09:39+12:00,79.4,-36.604244,174.80307,2
esp32_device_001,2026-05-21T11:09:44+12:00,80.8,-36.604279,174.802979,2
esp32_device_001,2026-05-21T11:09:49+12:00,81.7,-36.604305,174.802948,2
esp32_device_001,2026-05-21T11:09:54+12:00,80.7,-36.604382,174.802856,2
esp32_device_001,2026-05-21T11:09:59+12:00,79.6,-36.604465,174.80278,2
esp32_device_001,2026-05-21T11:10:04+12:00,79.2,-36.604473,174.802765,2
esp32_device_001,2026-05-21T11:10:09+12:00,79,-36.604519,174.802719,2
esp32_device_001,2026-05-21T11:10:14+12:00,78,-36.60458,174.802643,2
esp32_device_001,2026-05-21T11:10:19+12:00,76.7,-36.604668,174.802521,2
esp32_device_001,2026-05-21T11:10:24+12:00,74.9,-36.604656,174.802551,2
esp32_device_001,2026-05-21T11:10:29+12:00,75.2,-36.604679,174.802505,2
esp32_device_001,2026-05-21T11:10:34+12:00,76.1,-36.604671,174.802536,2
esp32_device_001,2026-05-21T11:10:39+12:00,69.2,-36.604717,174.802521,2
esp32_device_001,2026-05-21T11:10:44+12:00,68.9,-36.604755,174.80246,2
esp32_device_001,2026-05-21T11:10:49+12:00,68.6,-36.604698,174.80249,2
esp32_device_001,2026-05-21T11:10:54+12:00,68,-36.604687,174.802521,2
esp32_device_001,2026-05-21T11:10:59+12:00,66.9,-36.604729,174.80249,2
esp32_device_001,2026-05-21T11:11:04+12:00,65.8,-36.604713,174.802536,2
esp32_device_001,2026-05-21T11:11:09+12:00,64.9,-36.604664,174.802628,2
esp32_device_001,2026-05-21T11:11:14+12:00,64.1,-36.604626,174.802673,2
esp32_device_001,2026-05-21T11:11:19+12:00,64.1,-36.604656,174.802673,2
esp32_device_001,2026-05-21T11:11:24+12:00,63.7,-36.604748,174.802536,2
esp32_device_001,2026-05-21T11:11:29+12:00,63.5,-36.604813,174.802429,2
esp32_device_001,2026-05-21T11:11:34+12:00,63.4,-36.604885,174.802353,2
esp32_device_001,2026-05-21T11:11:39+12:00,63.4,-36.605091,174.802078,2
esp32_device_001,2026-05-21T11:11:44+12:00,64.2,-36.605312,174.801804,2
esp32_device_001,2026-05-21T11:11:49+12:00,64.2,-36.605434,174.801636,2
esp32_device_001,2026-05-21T11:11:54+12:00,64.3,-36.605251,174.80191,2
esp32_device_001,2026-05-21T11:11:59+12:00,61.6,-36.60487,174.802475,2
esp32_device_001,2026-05-21T11:12:04+12:00,60.4,-36.604698,174.802719,2
esp32_device_001,2026-05-21T11:12:09+12:00,59.8,-36.604591,174.802856,2
esp32_device_001,2026-05-21T11:12:14+12:00,59.4,-36.604618,174.802826,2
esp32_device_001,2026-05-21T11:12:19+12:00,58.7,-36.604553,174.802933,2
esp32_device_001,2026-05-21T11:12:24+12:00,58.6,-36.604511,174.802933,2
esp32_device_001,2026-05-21T11:12:29+12:00,58.6,-36.604572,174.802856,2
esp32_device_001,2026-05-21T11:12:34+12:00,57.9,-36.604603,174.802811,2
esp32_device_001,2026-05-21T11:12:39+12:00,57.2,-36.604652,174.80275,2
esp32_device_001,2026-05-21T11:12:44+12:00,56.6,-36.604679,174.802704,2
esp32_device_001,2026-05-21T11:12:49+12:00,56.1,-36.604664,174.802673,2
esp32_device_001,2026-05-21T11:12:54+12:00,55.7,-36.604664,174.802658,2
esp32_device_001,2026-05-21T11:12:59+12:00,55,-36.604691,174.802597,2
esp32_device_001,2026-05-21T11:13:04+12:00,54.3,-36.604687,174.802612,2
esp32_device_001,2026-05-21T11:13:09+12:00,48.7,-36.604553,174.802811,2
esp32_device_001,2026-05-21T11:13:14+12:00,46,-36.604542,174.802856,2
esp32_device_001,2026-05-21T11:13:19+12:00,44.6,-36.604546,174.802872,2
esp32_device_001,2026-05-21T11:13:24+12:00,43.5,-36.60458,174.802856,2
esp32_device_001,2026-05-21T11:13:29+12:00,43.1,-36.604664,174.80275,2
esp32_device_001,2026-05-21T11:13:34+12:00,43.3,-36.604767,174.802643,2
esp32_device_001,2026-05-21T11:13:39+12:00,43.7,-36.604877,174.802505,2
esp32_device_001,2026-05-21T11:13:44+12:00,42.8,-36.604946,174.802429,2
esp32_device_001,2026-05-21T11:13:49+12:00,42,-36.604931,174.80246,2
esp32_device_001,2026-05-21T11:13:54+12:00,41.1,-36.605,174.802399,2
esp32_device_001,2026-05-21T11:13:59+12:00,46.1,-36.60508,174.802231,2
esp32_device_001,2026-05-21T11:14:04+12:00,45.9,-36.605141,174.80217,2
esp32_device_001,2026-05-21T11:14:09+12:00,45.7,-36.605087,174.802231,2
esp32_device_001,2026-05-21T11:14:14+12:00,44.6,-36.605022,174.802307,2
esp32_device_001,2026-05-21T11:14:19+12:00,42.2,-36.604927,174.80246,2
esp32_device_001,2026-05-21T11:14:24+12:00,41,-36.604874,174.802536,2
esp32_device_001,2026-05-21T11:14:29+12:00,38.7,-36.604885,174.802536,2
esp32_device_001,2026-05-21T11:14:34+12:00,35.4,-36.60487,174.802567,2
esp32_device_001,2026-05-21T11:14:39+12:00,31.4,-36.604866,174.802582,2
esp32_device_001,2026-05-21T11:14:44+12:00,26.7,-36.604694,174.802811,2
esp32_device_001,2026-05-21T11:14:49+12:00,22.2,-36.604576,174.803009,2
esp32_device_001,2026-05-21T11:14:54+12:00,16.5,-36.604496,174.803116,2
esp32_device_001,2026-05-21T11:14:59+12:00,11.5,-36.604633,174.802948,2
esp32_device_001,2026-05-21T11:15:04+12:00,10.2,-36.604855,174.802673,2
esp32_device_001,2026-05-21T11:15:09+12:00,8.3,-36.60487,174.802658,2
esp32_device_001,2026-05-21T11:15:14+12:00,7.8,-36.604855,174.802673,2
esp32_device_001,2026-05-21T11:15:19+12:00,6.7,-36.604801,174.802734,2
esp32_device_001,2026-05-21T11:15:24+12:00,6.1,-36.604794,174.80275,2
esp32_device_001,2026-05-21T11:15:29+12:00,6,-36.604897,174.802628,2
esp32_device_001,2026-05-21T11:15:34+12:00,16.2,-36.604877,174.802612,2
esp32_device_001,2026-05-21T11:15:39+12:00,16.2,-36.604935,174.802551,2
esp32_device_001,2026-05-21T11:15:44+12:00,16.3,-36.605045,174.802414,2
esp32_device_001,2026-05-21T11:15:49+12:00,16.8,-36.605057,174.802399,2
esp32_device_001,2026-05-21T11:15:54+12:00,16.4,-36.605095,174.802353,2
esp32_device_001,2026-05-21T11:15:59+12:00,16.7,-36.604935,174.802551,2
esp32_device_001,2026-05-21T11:16:04+12:00,16.4,-36.60495,174.802521,2
esp32_device_001,2026-05-21T11:16:09+12:00,16.1,-36.604897,174.802597,2
esp32_device_001,2026-05-21T11:16:14+12:00,16.1,-36.605019,174.802444,2
esp32_device_001,2026-05-21T11:16:19+12:00,16.7,-36.605286,174.802094,2
esp32_device_001,2026-05-21T11:16:24+12:00,17.5,-36.605415,174.801895,2
esp32_device_001,2026-05-21T11:16:29+12:00,18,-36.605488,174.801788,2
esp32_device_001,2026-05-21T11:17:04+12:00,14.9,-36.604988,174.80246,2
esp32_device_001,2026-05-21T11:17:09+12:00,16.4,-36.604828,174.802673,2
esp32_device_001,2026-05-21T11:17:14+12:00,16.2,-36.604778,174.802734,2
esp32_device_001,2026-05-21T11:17:19+12:00,15.7,-36.604786,174.802719,2
esp32_device_001,2026-05-21T11:17:24+12:00,15.2,-36.60474,174.80278,2
esp32_device_001,2026-05-21T11:17:29+12:00,15,-36.60474,174.802765,2
esp32_device_001,2026-05-21T11:17:34+12:00,15,-36.604729,174.802795,2
esp32_device_001,2026-05-21T11:17:39+12:00,15.7,-36.604679,174.802856,2
esp32_device_001,2026-05-21T11:17:44+12:00,15.7,-36.604633,174.802902,2
esp32_device_001,2026-05-21T11:17:49+12:00,16,-36.604683,174.802841,2
esp32_device_001,2026-05-21T11:17:54+12:00,17.2,-36.604668,174.802841,2
esp32_device_001,2026-05-21T11:17:59+12:00,18.6,-36.60463,174.802872,2
esp32_device_001,2026-05-21T11:18:04+12:00,21.3,-36.604568,174.802948,2
esp32_device_001,2026-05-21T11:18:09+12:00,24.3,-36.604595,174.802887,2
esp32_device_001,2026-05-21T11:18:14+12:00,25.1,-36.604668,174.802795,2
esp32_device_001,2026-05-21T11:18:19+12:00,25,-36.604698,174.802765,2
esp32_device_001,2026-05-21T11:18:24+12:00,25.2,-36.604733,174.802704,2
esp32_device_001,2026-05-21T11:18:29+12:00,25.2,-36.604774,174.802628,2
esp32_device_001,2026-05-21T11:18:34+12:00,25.7,-36.604801,174.802597,2
esp32_device_001,2026-05-21T11:18:39+12:00,26.3,-36.604794,174.802597,2
esp32_device_001,2026-05-21T11:18:44+12:00,22.8,-36.604843,174.802567,2
esp32_device_001,2026-05-21T11:18:49+12:00,23.1,-36.60487,174.802536,2
esp32_device_001,2026-05-21T11:18:54+12:00,23.2,-36.604897,174.802551,2
esp32_device_001,2026-05-21T11:18:59+12:00,23.1,-36.604897,174.802582,2
esp32_device_001,2026-05-21T11:19:04+12:00,23.4,-36.604885,174.802582,2
esp32_device_001,2026-05-21T11:19:09+12:00,24,-36.60482,174.802628,2
esp32_device_001,2026-05-21T11:19:14+12:00,24.1,-36.604752,174.802704,2
esp32_device_001,2026-05-21T11:19:19+12:00,24.6,-36.604717,174.802704,2
esp32_device_001,2026-05-21T11:19:24+12:00,24.9,-36.604664,174.80275,2
esp32_device_001,2026-05-21T11:19:29+12:00,25.6,-36.604656,174.802734,2
esp32_device_001,2026-05-21T11:19:47+12:00,27.7,-36.604721,174.802628,2
esp32_device_001,2026-05-21T11:19:52+12:00,26.2,-36.604801,174.802612,2
esp32_device_001,2026-05-21T11:19:57+12:00,24.5,-36.604889,174.802597,2
esp32_device_001,2026-05-21T11:20:02+12:00,25.6,-36.604889,174.802582,2
esp32_device_001,2026-05-21T11:20:07+12:00,24.3,-36.604977,174.802582,2
esp32_device_001,2026-05-21T11:20:12+12:00,25.9,-36.604877,174.802567,2
esp32_device_001,2026-05-21T11:20:17+12:00,26,-36.604893,174.802597,2
esp32_device_001,2026-05-21T11:20:22+12:00,26,-36.604919,174.802597,2
esp32_device_001,2026-05-21T11:20:27+12:00,25.9,-36.604904,174.802612,2
esp32_device_001,2026-05-21T11:20:32+12:00,22.3,-36.604786,174.802643,2
esp32_device_001,2026-05-21T11:20:37+12:00,23.8,-36.604736,174.802689,2
esp32_device_001,2026-05-21T11:20:42+12:00,25.5,-36.604763,174.802643,2
esp32_device_001,2026-05-21T11:20:47+12:00,26.9,-36.604763,174.802658,2
esp32_device_001,2026-05-21T11:20:52+12:00,27.9,-36.604782,174.802612,2
esp32_device_001,2026-05-21T11:20:57+12:00,28.7,-36.604786,174.802612,2
esp32_device_001,2026-05-21T11:21:02+12:00,29.9,-36.60471,174.802643,2
esp32_device_001,2026-05-21T11:21:07+12:00,30.7,-36.604679,174.802643,2
esp32_device_001,2026-05-21T11:21:12+12:00,30.7,-36.604694,174.802658,2
esp32_device_001,2026-05-21T11:21:17+12:00,30.6,-36.60474,174.802643,2
esp32_device_001,2026-05-21T11:21:22+12:00,30.4,-36.604801,174.802643,2
esp32_device_001,2026-05-21T11:21:27+12:00,31.9,-36.604832,174.802551,2
esp32_device_001,2026-05-21T11:21:32+12:00,33.4,-36.604801,174.802551,2
esp32_device_001,2026-05-21T11:21:37+12:00,34.5,-36.604748,174.802612,2
esp32_device_001,2026-05-21T11:21:42+12:00,35.9,-36.604767,174.802582,2
esp32_device_001,2026-05-21T11:21:47+12:00,37.2,-36.604759,174.802551,2
esp32_device_001,2026-05-21T11:21:52+12:00,39,-36.604637,174.802719,2
esp32_device_001,2026-05-21T11:21:57+12:00,40.4,-36.604519,174.802811,2
esp32_device_001,2026-05-21T11:22:02+12:00,38,-36.604591,174.802704,2
esp32_device_001,2026-05-21T11:22:12+12:00,37.5,-36.604584,174.802734,2
esp32_device_001,2026-05-21T11:22:17+12:00,37.1,-36.604595,174.802765,2
esp32_device_001,2026-05-21T11:22:22+12:00,37,-36.604591,174.802795,2
esp32_device_001,2026-05-21T11:22:27+12:00,37.8,-36.604649,174.802719,2
esp32_device_001,2026-05-21T11:22:32+12:00,39.2,-36.604687,174.802673,2
esp32_device_001,2026-05-21T11:22:37+12:00,40.9,-36.604721,174.802612,2
esp32_device_001,2026-05-21T11:22:42+12:00,40.7,-36.604816,174.802536,2
esp32_device_001,2026-05-21T11:22:47+12:00,41.2,-36.604904,174.802429,2
esp32_device_001,2026-05-21T11:22:52+12:00,41.2,-36.605026,174.802292,2
esp32_device_001,2026-05-21T11:22:57+12:00,41.2,-36.605061,174.802292,2
esp32_device_001,2026-05-21T11:23:07+12:00,41.4,-36.605026,174.802277,2
esp32_device_001,2026-05-21T11:23:12+12:00,42.3,-36.60487,174.802338,2
esp32_device_001,2026-05-21T11:25:41+12:00,57.5,-36.604855,174.802368,2
esp32_device_001,2026-05-21T11:25:46+12:00,63.2,-36.604988,174.802185,2
esp32_device_001,2026-05-21T11:25:51+12:00,66.6,-36.60503,174.802124,2
esp32_device_001,2026-05-21T11:25:56+12:00,65.2,-36.605003,174.802185,2
esp32_device_001,2026-05-21T11:26:01+12:00,61.9,-36.605022,174.802185,2
esp32_device_001,2026-05-21T11:26:06+12:00,53.6,-36.605,174.802277,2
esp32_device_001,2026-05-21T11:26:11+12:00,48.3,-36.60495,174.802368,2
esp32_device_001,2026-05-21T11:26:16+12:00,43.5,-36.604916,174.802399,2
esp32_device_001,2026-05-21T11:26:21+12:00,37.8,-36.604851,174.802505,2
esp32_device_001,2026-05-21T11:26:26+12:00,32.7,-36.604771,174.802658,2
esp32_device_001,2026-05-21T11:26:31+12:00,30.3,-36.604748,174.802689,2
esp32_device_001,2026-05-21T11:26:36+12:00,30.4,-36.604713,174.802719,2
esp32_device_001,2026-05-21T11:26:41+12:00,30,-36.604713,174.802719,2
esp32_device_001,2026-05-21T11:26:46+12:00,28.8,-36.604717,174.802719,2
esp32_device_001,2026-05-21T11:26:51+12:00,30.2,-36.604671,174.80278,2
esp32_device_001,2026-05-21T11:26:56+12:00,30.7,-36.60466,174.80278,2
esp32_device_001,2026-05-21T11:27:01+12:00,33.1,-36.604736,174.802689,2
esp32_device_001,2026-05-21T11:27:06+12:00,33,-36.60479,174.802628,2
esp32_device_001,2026-05-21T11:27:11+12:00,34.8,-36.604782,174.802612,2
esp32_device_001,2026-05-21T11:27:16+12:00,35.3,-36.604778,174.802628,2
esp32_device_001,2026-05-21T11:27:21+12:00,32.8,-36.604794,174.802628,2
esp32_device_001,2026-05-21T11:27:26+12:00,31.7,-36.604794,174.802628,2
esp32_device_001,2026-05-21T11:27:31+12:00,31.3,-36.604797,174.802628,2
esp32_device_001,2026-05-21T11:27:36+12:00,32.4,-36.60479,174.802612,2
esp32_device_001,2026-05-21T11:27:41+12:00,33.4,-36.604786,174.802612,2
esp32_device_001,2026-05-21T11:27:46+12:00,34,-36.604786,174.802612,2
esp32_device_001,2026-05-21T11:27:51+12:00,35.5,-36.604782,174.802612,2
esp32_device_001,2026-05-21T11:27:56+12:00,37.9,-36.604774,174.802597,2
esp32_device_001,2026-05-21T11:28:01+12:00,39.2,-36.604771,174.802597,2
esp32_device_001,2026-05-21T11:28:06+12:00,39.9,-36.604767,174.802597,2
esp32_device_001,2026-05-21T11:28:11+12:00,41.1,-36.604763,174.802597,2
esp32_device_001,2026-05-21T11:28:16+12:00,41.1,-36.604763,174.802597,2
esp32_device_001,2026-05-21T11:28:21+12:00,41.3,-36.604767,174.802597,2
esp32_device_001,2026-05-21T11:28:26+12:00,42.4,-36.604767,174.802597,2
esp32_device_001,2026-05-21T11:28:31+12:00,43.1,-36.604759,174.802597,2
esp32_device_001,2026-05-21T11:28:36+12:00,44.4,-36.604752,174.802597,2
esp32_device_001,2026-05-21T11:28:41+12:00,45.7,-36.60474,174.802612,2
esp32_device_001,2026-05-21T11:28:46+12:00,47.6,-36.604729,174.802612,2
esp32_device_001,2026-05-21T11:28:51+12:00,49.8,-36.604717,174.802597,2
esp32_device_001,2026-05-21T11:28:56+12:00,52.7,-36.604702,174.802597,2
esp32_device_001,2026-05-21T11:29:01+12:00,54.7,-36.604698,174.802597,2
esp32_device_001,2026-05-21T11:29:06+12:00,55.9,-36.604687,174.802612,2
esp32_device_001,2026-05-21T11:29:11+12:00,58.8,-36.604671,174.802612,2
esp32_device_001,2026-05-21T11:29:16+12:00,60.6,-36.604664,174.802597,2
esp32_device_001,2026-05-21T11:29:21+12:00,61.1,-36.60466,174.802612,2
esp32_device_001,2026-05-21T11:29:26+12:00,61.3,-36.604664,174.802612,2
esp32_device_001,2026-05-21T11:29:31+12:00,60.5,-36.604675,174.802612,2
esp32_device_001,2026-05-21T11:29:36+12:00,59.2,-36.604683,174.802612,2
esp32_device_001,2026-05-21T11:29:41+12:00,56.5,-36.604698,174.802612,2
esp32_device_001,2026-05-21T11:29:46+12:00,54.9,-36.604706,174.802628,2
esp32_device_001,2026-05-21T11:29:51+12:00,52.6,-36.604717,174.802612,2
esp32_device_001,2026-05-21T11:30:10+12:00,44.4,-36.604744,174.802597,2
esp32_device_001,2026-05-21T11:30:15+12:00,43,-36.604752,174.802597,2
esp32_device_001,2026-05-21T11:30:20+12:00,42.3,-36.604752,174.802597,2
esp32_device_001,2026-05-21T11:30:25+12:00,41.2,-36.604763,174.802582,2
esp32_device_001,2026-05-21T11:30:30+12:00,39.6,-36.604771,174.802582,2
esp32_device_001,2026-05-21T11:30:35+12:00,37,-36.604786,174.802597,2
esp32_device_001,2026-05-21T11:30:40+12:00,36.2,-36.604786,174.802597,2
esp32_device_001,2026-05-21T11:30:45+12:00,35.9,-36.60479,174.802597,2
esp32_device_001,2026-05-21T11:30:50+12:00,35.1,-36.604794,174.802597,2
esp32_device_001,2026-05-21T11:30:55+12:00,35.4,-36.604801,174.802612,2
esp32_device_001,2026-05-21T11:31:00+12:00,36.1,-36.604805,174.802597,2
esp32_device_001,2026-05-21T11:31:05+12:00,37.7,-36.604809,174.802597,2
esp32_device_001,2026-05-21T11:31:10+12:00,37.6,-36.604813,174.802597,2
esp32_device_001,2026-05-21T11:31:15+12:00,38.6,-36.604813,174.802597,2
esp32_device_001,2026-05-21T11:31:20+12:00,39.3,-36.604813,174.802582,2
esp32_device_001,2026-05-21T11:31:25+12:00,40.6,-36.604809,174.802582,2
esp32_device_001,2026-05-21T11:31:30+12:00,41.9,-36.604813,174.802567,2
esp32_device_001,2026-05-21T11:31:35+12:00,43.6,-36.604797,174.802567,2
esp32_device_001,2026-05-21T11:31:40+12:00,44.6,-36.604794,174.802567,2
esp32_device_001,2026-05-21T11:31:45+12:00,45,-36.604794,174.802567,2
esp32_device_001,2026-05-21T11:31:50+12:00,45.7,-36.60479,174.802567,2
esp32_device_001,2026-05-21T11:31:55+12:00,45.8,-36.60479,174.802567,2
esp32_device_001,2026-05-21T11:32:00+12:00,46.6,-36.604782,174.802551,2
esp32_device_001,2026-05-21T11:32:05+12:00,48.3,-36.604767,174.802567,2
esp32_device_001,2026-05-21T11:32:10+12:00,49.8,-36.604759,174.802567,2
esp32_device_001,2026-05-21T11:32:15+12:00,51.7,-36.604744,174.802582,2
esp32_device_001,2026-05-21T11:32:20+12:00,53.6,-36.604736,174.802582,2
esp32_device_001,2026-05-21T11:32:25+12:00,55.5,-36.604733,174.802582,2
esp32_device_001,2026-05-21T11:32:30+12:00,57.5,-36.604725,174.802582,2
esp32_device_001,2026-05-21T11:32:35+12:00,58.1,-36.604729,174.802567,2
esp32_device_001,2026-05-21T11:32:40+12:00,57.9,-36.604729,174.802567,2
esp32_device_001,2026-05-21T11:32:45+12:00,57.2,-36.604725,174.802567,2
esp32_device_001,2026-05-21T11:32:50+12:00,56.8,-36.604721,174.802567,2
esp32_device_001,2026-05-21T11:32:55+12:00,56.1,-36.604717,174.802582,2
esp32_device_001,2026-05-21T11:33:00+12:00,54.3,-36.604725,174.802567,2
esp32_device_001,2026-05-21T11:33:05+12:00,53.4,-36.604725,174.802551,2
esp32_device_001,2026-05-21T11:33:10+12:00,52.9,-36.604725,174.802551,2
esp32_device_001,2026-05-21T11:33:15+12:00,51.7,-36.604725,174.802551,2
esp32_device_001,2026-05-21T11:33:20+12:00,50.3,-36.604729,174.802551,2
esp32_device_001,2026-05-21T11:33:25+12:00,49.2,-36.604763,174.802521,2
esp32_device_001,2026-05-21T11:33:30+12:00,48,-36.604782,174.802505,2
esp32_device_001,2026-05-21T11:33:35+12:00,47.1,-36.604771,174.802521,2
esp32_device_001,2026-05-21T11:33:40+12:00,45.7,-36.604771,174.802521,2
esp32_device_001,2026-05-21T11:33:45+12:00,44.5,-36.604767,174.802536,2
esp32_device_001,2026-05-21T11:33:50+12:00,42.1,-36.604755,174.802536,2
esp32_device_001,2026-05-21T11:33:55+12:00,39.8,-36.604755,174.802536,2
esp32_device_001,2026-05-21T11:34:00+12:00,39,-36.604752,174.802536,2
esp32_device_001,2026-05-21T11:34:05+12:00,37.8,-36.60474,174.802567,2
esp32_device_001,2026-05-21T11:34:10+12:00,37.2,-36.604717,174.802582,2
esp32_device_001,2026-05-21T11:34:15+12:00,36.4,-36.604729,174.802582,2
esp32_device_001,2026-05-21T11:34:20+12:00,36.2,-36.604721,174.802582,2
esp32_device_001,2026-05-21T11:34:25+12:00,36.6,-36.604679,174.802628,2
esp32_device_001,2026-05-21T11:34:30+12:00,37.3,-36.604683,174.802597,2
esp32_device_001,2026-05-21T11:34:35+12:00,37.9,-36.604744,174.802536,2
esp32_device_001,2026-05-21T11:34:40+12:00,38.3,-36.604763,174.802505,2
esp32_device_001,2026-05-21T11:34:45+12:00,39,-36.604786,174.80249,2
esp32_device_001,2026-05-21T11:34:50+12:00,38.7,-36.604778,174.802505,2
esp32_device_001,2026-05-21T11:35:08+12:00,36.7,-36.604797,174.80249,2
esp32_device_001,2026-05-21T11:36:08+12:00,37.5,-36.604683,174.802689,2
esp32_device_001,2026-05-21T11:36:13+12:00,37.3,-36.604671,174.802704,2
esp32_device_001,2026-05-21T11:36:18+12:00,37.4,-36.604664,174.802704,2
esp32_device_001,2026-05-21T11:36:23+12:00,37.1,-36.604649,174.80275,2
esp32_device_001,2026-05-21T11:36:28+12:00,37,-36.604656,174.802734,2
esp32_device_001,2026-05-21T11:36:33+12:00,37,-36.604652,174.802734,2
esp32_device_001,2026-05-21T11:36:38+12:00,37.1,-36.604664,174.802704,2
esp32_device_001,2026-05-21T11:36:43+12:00,37.2,-36.604675,174.802689,2
esp32_device_001,2026-05-21T11:36:48+12:00,41.1,-36.604645,174.802719,2
esp32_device_001,2026-05-21T11:36:58+12:00,43.7,-36.60458,174.802795,2
esp32_device_001,2026-05-21T11:37:03+12:00,43.9,-36.604603,174.802765,2
esp32_device_001,2026-05-21T11:37:18+12:00,41.4,-36.604637,174.802704,2
esp32_device_001,2026-05-21T11:37:23+12:00,41.9,-36.604641,174.802719,2
esp32_device_001,2026-05-21T11:37:28+12:00,41.4,-36.604652,174.802704,2
esp32_device_001,2026-05-21T11:41:11+12:00,52.9,-36.604759,174.802551,2
esp32_device_001,2026-05-21T11:41:21+12:00,53.5,-36.604725,174.802597,2
esp32_device_001,2026-05-21T11:41:26+12:00,54.1,-36.604694,174.802628,2
esp32_device_001,2026-05-21T11:41:31+12:00,55.9,-36.604668,174.802658,2
esp32_device_001,2026-05-21T11:41:36+12:00,56.7,-36.604649,174.802689,2
esp32_device_001,2026-05-21T11:41:41+12:00,56.5,-36.604633,174.802704,2
esp32_device_001,2026-05-21T11:41:46+12:00,57,-36.604633,174.802689,2
esp32_device_001,2026-05-21T11:41:51+12:00,56.4,-36.604652,174.802673,2
esp32_device_001,2026-05-21T11:41:56+12:00,55.9,-36.604679,174.802643,2
esp32_device_001,2026-05-21T11:42:01+12:00,55.5,-36.604694,174.802643,2
esp32_device_001,2026-05-21T11:42:06+12:00,54.6,-36.604713,174.802612,2
esp32_device_001,2026-05-21T11:42:11+12:00,54.7,-36.604702,174.802628,2
esp32_device_001,2026-05-21T11:42:16+12:00,54.5,-36.604721,174.802597,2
esp32_device_001,2026-05-21T11:42:21+12:00,55,-36.604733,174.802597,2
esp32_device_001,2026-05-21T11:42:26+12:00,55.4,-36.604725,174.802597,2
esp32_device_001,2026-05-21T11:42:31+12:00,55.8,-36.604717,174.802612,2
esp32_device_001,2026-05-21T11:42:36+12:00,57,-36.604717,174.802612,2
esp32_device_001,2026-05-21T11:42:41+12:00,57.3,-36.604725,174.802597,2
esp32_device_001,2026-05-21T11:42:46+12:00,57.1,-36.604725,174.802597,2
esp32_device_001,2026-05-21T11:42:51+12:00,57.1,-36.604736,174.802597,2
esp32_device_001,2026-05-21T11:42:56+12:00,56.9,-36.604752,174.802582,2
esp32_device_001,2026-05-21T11:43:01+12:00,56.8,-36.604744,174.802582,2
esp32_device_001,2026-05-21T11:43:06+12:00,56.9,-36.604729,174.802597,2
esp32_device_001,2026-05-21T11:43:11+12:00,57.3,-36.604729,174.802597,2
esp32_device_001,2026-05-21T11:43:16+12:00,57.8,-36.604744,174.802582,2
esp32_device_001,2026-05-21T11:43:21+12:00,58.6,-36.604748,174.802582,2
esp32_device_001,2026-05-21T11:43:26+12:00,59.6,-36.604744,174.802597,2
esp32_device_001,2026-05-21T11:43:31+12:00,59.4,-36.604759,174.802582,2
esp32_device_001,2026-05-21T11:43:36+12:00,59.5,-36.604797,174.802536,2
esp32_device_001,2026-05-21T11:43:41+12:00,60.1,-36.604797,174.802536,2
esp32_device_001,2026-05-21T11:43:46+12:00,60.9,-36.604782,174.802551,2
esp32_device_001,2026-05-21T11:43:51+12:00,60.7,-36.604786,174.802536,2
esp32_device_001,2026-05-21T11:43:56+12:00,59.6,-36.604794,174.802536,2
esp32_device_001,2026-05-21T11:44:01+12:00,58.6,-36.604794,174.802536,2
esp32_device_001,2026-05-21T11:44:06+12:00,58,-36.604801,174.802521,2
esp32_device_001,2026-05-21T11:44:11+12:00,55.4,-36.604816,174.802505,2
esp32_device_001,2026-05-21T11:44:16+12:00,50.6,-36.604847,174.80246,2
esp32_device_001,2026-05-21T11:44:21+12:00,50.9,-36.604832,174.80249,2
esp32_device_001,2026-05-21T11:44:26+12:00,51,-36.60482,174.802505,2
esp32_device_001,2026-05-21T11:44:31+12:00,51.2,-36.604797,174.802536,2
esp32_device_001,2026-05-21T11:44:36+12:00,50.5,-36.604797,174.802551,2
esp32_device_001,2026-05-21T11:44:41+12:00,50.2,-36.604786,174.802551,2
esp32_device_001,2026-05-21T11:44:46+12:00,49.5,-36.60482,174.802536,2
esp32_device_001,2026-05-21T11:44:51+12:00,49.2,-36.604824,174.802536,2
esp32_device_001,2026-05-21T11:44:56+12:00,47.7,-36.604832,174.802536,2
esp32_device_001,2026-05-21T11:45:01+12:00,42.8,-36.604843,174.80249,2
esp32_device_001,2026-05-21T11:45:06+12:00,42.2,-36.604839,174.80249,2
esp32_device_001,2026-05-21T11:45:11+12:00,42.1,-36.604839,174.80249,2
esp32_device_001,2026-05-21T11:45:16+12:00,41.4,-36.604843,174.802505,2
esp32_device_001,2026-05-21T11:45:21+12:00,41.6,-36.604843,174.802505,2
esp32_device_001,2026-05-21T11:45:26+12:00,42,-36.604836,174.802505,2
esp32_device_001,2026-05-21T11:45:31+12:00,44,-36.604832,174.802521,2
esp32_device_001,2026-05-21T11:45:36+12:00,46.4,-36.604832,174.802536,2
esp32_device_001,2026-05-21T11:45:41+12:00,46.7,-36.604828,174.802536,2
esp32_device_001,2026-05-21T11:45:46+12:00,46.4,-36.60482,174.802551,2
esp32_device_001,2026-05-21T11:45:51+12:00,45.6,-36.60482,174.802551,2
esp32_device_001,2026-05-21T11:45:56+12:00,45.3,-36.604816,174.802551,2
esp32_device_001,2026-05-21T11:46:01+12:00,45.2,-36.604813,174.802551,2
esp32_device_001,2026-05-21T11:46:06+12:00,44.9,-36.604816,174.802551,2
esp32_device_001,2026-05-21T11:47:00+12:00,44.9,-36.604794,174.802582,2
esp32_device_001,2026-05-21T11:47:05+12:00,44.9,-36.604794,174.802582,2
esp32_device_001,2026-05-21T11:47:10+12:00,44.9,-36.604794,174.802582,2
esp32_device_001,2026-05-21T11:47:15+12:00,44.9,-36.60479,174.802582,2
esp32_device_001,2026-05-21T11:47:20+12:00,44.9,-36.60479,174.802582,2
esp32_device_001,2026-05-21T11:47:25+12:00,44.9,-36.60479,174.802582,2
esp32_device_001,2026-05-21T11:47:30+12:00,44.9,-36.60479,174.802582,2
esp32_device_001,2026-05-21T11:47:35+12:00,44.9,-36.604786,174.802582,2
esp32_device_001,2026-05-21T11:47:40+12:00,44.9,-36.604786,174.802582,2
esp32_device_001,2026-05-21T11:47:45+12:00,44.9,-36.604786,174.802582,2
esp32_device_001,2026-05-21T11:47:50+12:00,44.9,-36.60479,174.802567,2
esp32_device_001,2026-05-21T11:47:55+12:00,44.9,-36.60479,174.802582,2
esp32_device_001,2026-05-21T11:48:00+12:00,44.9,-36.60479,174.802567,2
esp32_device_001,2026-05-21T11:48:05+12:00,44.9,-36.60479,174.802567,2
esp32_device_001,2026-05-21T11:48:10+12:00,44.9,-36.604794,174.802567,2
esp32_device_001,2026-05-21T11:48:15+12:00,44.9,-36.60479,174.802567,2
esp32_device_001,2026-05-21T11:48:20+12:00,44.9,-36.60479,174.802567,2
esp32_device_001,2026-05-21T11:48:25+12:00,44.9,-36.604794,174.802567,2
esp32_device_001,2026-05-21T11:48:30+12:00,44.9,-36.60479,174.802567,2
esp32_device_001,2026-05-21T11:48:35+12:00,44.9,-36.604786,174.802567,2
esp32_device_001,2026-05-21T11:48:40+12:00,44.9,-36.604786,174.802567,2
esp32_device_001,2026-05-21T11:48:45+12:00,44.9,-36.604782,174.802567,2
esp32_device_001,2026-05-21T11:48:50+12:00,44.9,-36.604778,174.802567,2
esp32_device_001,2026-05-21T11:48:55+12:00,44.9,-36.604778,174.802582,2
esp32_device_001,2026-05-21T11:49:00+12:00,44.9,-36.604778,174.802567,2
esp32_device_001,2026-05-21T11:49:05+12:00,44.9,-36.604782,174.802567,2
esp32_device_001,2026-05-21T11:49:10+12:00,44.9,-36.604782,174.802567,2
esp32_device_001,2026-05-21T11:49:15+12:00,44.9,-36.604778,174.802567,2
esp32_device_001,2026-05-21T11:49:20+12:00,44.9,-36.604778,174.802567,2
esp32_device_001,2026-05-21T11:49:25+12:00,44.9,-36.604778,174.802567,2
esp32_device_001,2026-05-21T11:49:30+12:00,44.9,-36.604782,174.802567,2
esp32_device_001,2026-05-21T11:49:35+12:00,44.9,-36.604782,174.802567,2
esp32_device_001,2026-05-21T11:49:40+12:00,44.9,-36.604778,174.802567,2
esp32_device_001,2026-05-21T11:49:45+12:00,44.9,-36.604778,174.802567,2
esp32_device_001,2026-05-21T11:49:50+12:00,44.9,-36.604778,174.802567,2
esp32_device_001,2026-05-21T11:49:55+12:00,44.9,-36.604782,174.802567,2
esp32_device_001,2026-05-21T11:50:00+12:00,44.9,-36.604786,174.802551,2
esp32_device_001,2026-05-21T11:50:05+12:00,44.9,-36.604786,174.802551,2
esp32_device_001,2026-05-21T11:50:10+12:00,44.9,-36.604786,174.802567,2
esp32_device_001,2026-05-21T11:50:15+12:00,44.9,-36.604786,174.802551,2
esp32_device_001,2026-05-21T11:50:20+12:00,44.9,-36.604782,174.802567,2
esp32_device_001,2026-05-21T11:50:25+12:00,44.9,-36.604778,174.802567,2
esp32_device_001,2026-05-21T11:50:30+12:00,44.9,-36.604778,174.802567,2
esp32_device_001,2026-05-21T11:50:35+12:00,44.9,-36.604778,174.802567,2
esp32_device_001,2026-05-21T11:50:40+12:00,44.9,-36.604786,174.802567,2
esp32_device_001,2026-05-21T11:50:45+12:00,44.9,-36.604786,174.802551,2
esp32_device_001,2026-05-21T11:50:50+12:00,44.9,-36.604786,174.802567,2
esp32_device_001,2026-05-21T11:50:55+12:00,44.9,-36.604786,174.802567,2
esp32_device_001,2026-05-21T11:51:00+12:00,44.9,-36.60479,174.802551,2
esp32_device_001,2026-05-21T11:51:05+12:00,44.9,-36.604797,174.802551,2
esp32_device_001,2026-05-21T11:51:10+12:00,44.9,-36.604797,174.802551,2
esp32_device_001,2026-05-21T11:51:19+12:00,43.1,-36.604782,174.802567,2
esp32_device_001,2026-05-21T11:51:24+12:00,43.3,-36.604786,174.802567,2
esp32_device_001,2026-05-21T11:51:29+12:00,43.7,-36.604786,174.802567,2
esp32_device_001,2026-05-21T11:51:34+12:00,44.9,-36.604774,174.802582,2
esp32_device_001,2026-05-21T11:51:39+12:00,44.7,-36.604778,174.802567,2
esp32_device_001,2026-05-21T11:51:44+12:00,45.1,-36.604782,174.802567,2
esp32_device_001,2026-05-21T11:51:49+12:00,44.3,-36.604778,174.802567,2
esp32_device_001,2026-05-21T11:51:54+12:00,44.6,-36.604782,174.802567,2
esp32_device_001,2026-05-21T11:51:59+12:00,44.9,-36.604774,174.802582,2
esp32_device_001,2026-05-21T11:52:04+12:00,44.7,-36.604771,174.802582,2
esp32_device_001,2026-05-21T11:52:09+12:00,44.4,-36.604774,174.802582,2
esp32_device_001,2026-05-21T11:52:14+12:00,44.7,-36.604774,174.802582,2
esp32_device_001,2026-05-21T11:52:19+12:00,44.6,-36.604778,174.802582,2
esp32_device_001,2026-05-21T11:52:24+12:00,44.8,-36.604774,174.802582,2
esp32_device_001,2026-05-21T11:52:29+12:00,44.9,-36.604778,174.802582,2
esp32_device_001,2026-05-21T11:52:34+12:00,45,-36.604778,174.802582,2
esp32_device_001,2026-05-21T11:52:39+12:00,45.3,-36.604774,174.802582,2
esp32_device_001,2026-05-21T11:52:44+12:00,45.7,-36.604774,174.802582,2
esp32_device_001,2026-05-21T11:52:49+12:00,46,-36.604774,174.802582,2
esp32_device_001,2026-05-21T11:52:54+12:00,46.2,-36.604774,174.802582,2
esp32_device_001,2026-05-21T11:52:59+12:00,46.2,-36.604771,174.802582,2
esp32_device_001,2026-05-21T11:53:04+12:00,46.5,-36.604771,174.802582,2
esp32_device_001,2026-05-21T11:53:09+12:00,47,-36.604771,174.802582,2
esp32_device_001,2026-05-21T11:53:14+12:00,48.2,-36.604767,174.802582,2
esp32_device_001,2026-05-21T11:53:19+12:00,48.6,-36.604767,174.802582,2
esp32_device_001,2026-05-21T11:53:24+12:00,48.9,-36.604767,174.802582,2
esp32_device_001,2026-05-21T11:53:29+12:00,49.3,-36.604767,174.802597,2
esp32_device_001,2026-05-21T11:53:34+12:00,49.5,-36.604767,174.802597,2
esp32_device_001,2026-05-21T11:53:39+12:00,49.6,-36.604763,174.802597,2
esp32_device_001,2026-05-21T11:53:44+12:00,49.8,-36.604755,174.802597,2
esp32_device_001,2026-05-21T11:53:49+12:00,50.2,-36.604755,174.802597,2
esp32_device_001,2026-05-21T11:53:54+12:00,51.1,-36.604752,174.802597,2
esp32_device_001,2026-05-21T11:53:59+12:00,51.4,-36.604748,174.802597,2
esp32_device_001,2026-05-21T11:54:04+12:00,51.9,-36.604744,174.802597,2
esp32_device_001,2026-05-21T11:54:09+12:00,52.1,-36.604748,174.802597,2
esp32_device_001,2026-05-21T11:54:14+12:00,52.2,-36.604748,174.802597,2
esp32_device_001,2026-05-21T11:54:19+12:00,52.2,-36.604748,174.802597,2
esp32_device_001,2026-05-21T11:54:24+12:00,51.7,-36.604752,174.802582,2
esp32_device_001,2026-05-21T11:54:29+12:00,48.5,-36.604755,174.802582,2
esp32_device_001,2026-05-21T11:54:34+12:00,47.4,-36.604755,174.802582,2
esp32_device_001,2026-05-21T11:54:39+12:00,46.2,-36.604755,174.802582,2
esp32_device_001,2026-05-21T11:54:44+12:00,44.8,-36.604755,174.802597,2
esp32_device_001,2026-05-21T11:54:49+12:00,44.6,-36.604755,174.802597,2
esp32_device_001,2026-05-21T11:54:54+12:00,44.2,-36.604752,174.802597,2
esp32_device_001,2026-05-21T11:54:59+12:00,44.2,-36.604755,174.802597,2
esp32_device_001,2026-05-21T11:55:04+12:00,45.1,-36.604755,174.802597,2
esp32_device_001,2026-05-21T11:55:09+12:00,45.7,-36.604752,174.802597,2
esp32_device_001,2026-05-21T11:55:14+12:00,45.8,-36.604752,174.802597,2
esp32_device_001,2026-05-21T11:55:19+12:00,45.6,-36.604752,174.802597,2
esp32_device_001,2026-05-21T11:55:24+12:00,45.4,-36.604752,174.802597,2
esp32_device_001,2026-05-21T11:55:29+12:00,45.2,-36.604759,174.802597,2
esp32_device_001,2026-05-21T11:55:34+12:00,45.2,-36.604763,174.802597,2
esp32_device_001,2026-05-21T11:55:39+12:00,45.5,-36.604771,174.802582,2
esp32_device_001,2026-05-21T11:55:44+12:00,45.6,-36.604771,174.802582,2
esp32_device_001,2026-05-21T11:55:49+12:00,45.8,-36.604771,174.802582,2
esp32_device_001,2026-05-21T11:55:54+12:00,46.8,-36.604771,174.802582,2
esp32_device_001,2026-05-21T11:55:59+12:00,47.7,-36.604767,174.802582,2
esp32_device_001,2026-05-21T11:56:04+12:00,48.6,-36.604763,174.802582,2
esp32_device_001,2026-05-21T11:56:09+12:00,47.7,-36.604763,174.802582,2
esp32_device_001,2026-05-21T11:56:14+12:00,48,-36.604767,174.802582,2
esp32_device_001,2026-05-21T11:56:19+12:00,49.1,-36.604763,174.802582,2
esp32_device_001,2026-05-21T11:56:24+12:00,51.2,-36.604767,174.802567,2
esp32_device_001,2026-05-21T11:56:29+12:00,50.4,-36.604767,174.802582,2
esp32_device_001,2026-05-21T11:56:34+12:00,50.6,-36.604771,174.802582,2
esp32_device_001,2026-05-21T11:56:39+12:00,50.7,-36.604771,174.802582,2
esp32_device_001,2026-05-21T11:56:44+12:00,51.2,-36.604774,174.802567,2
esp32_device_001,2026-05-21T11:56:49+12:00,54.4,-36.604771,174.802567,2
esp32_device_001,2026-05-21T11:56:54+12:00,54.7,-36.604771,174.802567,2
esp32_device_001,2026-05-21T11:56:59+12:00,55.3,-36.604774,174.802567,2
esp32_device_001,2026-05-21T11:57:04+12:00,54.8,-36.604771,174.802567,2
esp32_device_001,2026-05-21T11:57:09+12:00,54.7,-36.604771,174.802567,2
esp32_device_001,2026-05-21T11:57:14+12:00,55.7,-36.604767,174.802582,2
esp32_device_001,2026-05-21T11:57:19+12:00,55.5,-36.604763,174.802582,2
esp32_device_001,2026-05-21T11:57:24+12:00,55.2,-36.604763,174.802582,2
esp32_device_001,2026-05-21T11:57:29+12:00,56.1,-36.604763,174.802582,2
esp32_device_001,2026-05-21T11:57:34+12:00,54.8,-36.604763,174.802582,2
esp32_device_001,2026-05-21T11:57:39+12:00,54.1,-36.604763,174.802582,2
esp32_device_001,2026-05-21T11:57:44+12:00,52.2,-36.604763,174.802582,2
esp32_device_001,2026-05-21T11:57:49+12:00,51,-36.604759,174.802582,2
esp32_device_001,2026-05-21T11:57:54+12:00,50,-36.604763,174.802582,2
esp32_device_001,2026-05-21T11:57:59+12:00,49.4,-36.604767,174.802582,2
esp32_device_001,2026-05-21T11:58:04+12:00,51.3,-36.604767,174.802582,2
esp32_device_001,2026-05-21T11:58:09+12:00,51.4,-36.604763,174.802582,2
esp32_device_001,2026-05-21T11:58:14+12:00,52.3,-36.604763,174.802582,2
esp32_device_001,2026-05-21T11:58:19+12:00,53.7,-36.604759,174.802582,2
esp32_device_001,2026-05-21T11:58:24+12:00,53.3,-36.604759,174.802582,2
esp32_device_001,2026-05-21T11:58:29+12:00,54.1,-36.604759,174.802567,2
esp32_device_001,2026-05-21T11:58:34+12:00,55.6,-36.604763,174.802567,2
esp32_device_001,2026-05-21T11:58:39+12:00,55.5,-36.604759,174.802567,2
esp32_device_001,2026-05-21T11:58:44+12:00,55.2,-36.604763,174.802567,2
esp32_device_001,2026-05-21T11:58:49+12:00,56.1,-36.604759,174.802567,2
esp32_device_001,2026-05-21T11:58:54+12:00,56.6,-36.604759,174.802567,2
esp32_device_001,2026-05-21T11:58:59+12:00,57,-36.604759,174.802567,2
esp32_device_001,2026-05-21T11:59:04+12:00,55.7,-36.604763,174.802567,2
esp32_device_001,2026-05-21T11:59:09+12:00,53.6,-36.604763,174.802567,2
esp32_device_001,2026-05-21T11:59:14+12:00,52.6,-36.604767,174.802567,2
esp32_device_001,2026-05-21T11:59:19+12:00,52.6,-36.604767,174.802567,2
esp32_device_001,2026-05-21T11:59:24+12:00,52.6,-36.604767,174.802567,2
esp32_device_001,2026-05-21T11:59:29+12:00,52.3,-36.604771,174.802551,2
esp32_device_001,2026-05-21T11:59:34+12:00,52.5,-36.604774,174.802551,2
esp32_device_001,2026-05-21T11:59:39+12:00,52.7,-36.604774,174.802567,2
esp32_device_001,2026-05-21T11:59:44+12:00,54.8,-36.604771,174.802551,2
esp32_device_001,2026-05-21T11:59:49+12:00,52.9,-36.604774,174.802567,2
esp32_device_001,2026-05-21T11:59:54+12:00,53.8,-36.604774,174.802551,2
esp32_device_001,2026-05-21T11:59:59+12:00,53.4,-36.604778,174.802551,2
esp32_device_001,2026-05-21T12:00:04+12:00,52.8,-36.604782,174.802551,2
esp32_device_001,2026-05-21T12:00:09+12:00,52.7,-36.604786,174.802551,2
esp32_device_001,2026-05-21T12:00:14+12:00,51.8,-36.60479,174.802551,2
esp32_device_001,2026-05-21T12:00:19+12:00,50.5,-36.60479,174.802551,2
esp32_device_001,2026-05-21T12:00:24+12:00,48.9,-36.60479,174.802551,2
esp32_device_001,2026-05-21T12:00:29+12:00,48.3,-36.60479,174.802567,2
esp32_device_001,2026-05-21T12:00:34+12:00,46.5,-36.60479,174.802567,2
esp32_device_001,2026-05-21T12:00:39+12:00,47.1,-36.604786,174.802567,2
esp32_device_001,2026-05-21T12:00:44+12:00,46.1,-36.60479,174.802567,2
esp32_device_001,2026-05-21T12:00:49+12:00,48.5,-36.604786,174.802551,2
esp32_device_001,2026-05-21T12:00:54+12:00,49.3,-36.604786,174.802551,2
esp32_device_001,2026-05-21T12:00:59+12:00,47.1,-36.60479,174.802567,2
esp32_device_001,2026-05-21T12:01:04+12:00,44.3,-36.60479,174.802567,2
esp32_device_001,2026-05-21T12:01:09+12:00,43.5,-36.604794,174.802567,2
esp32_device_001,2026-05-21T12:01:38+12:00,35.6,-36.604805,174.802582,2
esp32_device_001,2026-05-21T12:01:43+12:00,35.3,-36.604805,174.802582,2
esp32_device_001,2026-05-21T12:01:53+12:00,33.9,-36.604805,174.802582,2
esp32_device_001,2026-05-21T12:01:58+12:00,34.2,-36.604805,174.802582,2
esp32_device_001,2026-05-21T12:02:03+12:00,34.3,-36.604809,174.802582,2
esp32_device_001,2026-05-21T12:02:28+12:00,38.9,-36.604794,174.802582,2
esp32_device_001,2026-05-21T12:02:38+12:00,38,-36.604786,174.802582,2
esp32_device_001,2026-05-21T12:04:00+12:00,44.6,-36.604778,174.802582,2
esp32_device_001,2026-05-21T12:04:10+12:00,44.4,-36.604782,174.802597,2
esp32_device_001,2026-05-21T12:04:15+12:00,44.7,-36.604786,174.802597,2
esp32_device_001,2026-05-21T12:04:20+12:00,43.7,-36.604797,174.802597,2
esp32_device_001,2026-05-21T12:04:25+12:00,42.9,-36.604816,174.802582,2
esp32_device_001,2026-05-21T12:04:30+12:00,42.4,-36.604824,174.802567,2
esp32_device_001,2026-05-21T12:04:35+12:00,42.3,-36.604816,174.802582,2
esp32_device_001,2026-05-21T12:04:40+12:00,42.3,-36.604813,174.802582,2
esp32_device_001,2026-05-21T12:04:45+12:00,42.1,-36.604805,174.802582,2
esp32_device_001,2026-05-21T12:04:50+12:00,41.9,-36.604801,174.802567,2
esp32_device_001,2026-05-21T12:04:55+12:00,42.1,-36.604805,174.802567,2
esp32_device_001,2026-05-21T12:05:00+12:00,41.3,-36.604809,174.802551,2
esp32_device_001,2026-05-21T12:05:05+12:00,42.3,-36.604801,174.802551,2
esp32_device_001,2026-05-21T12:05:10+12:00,42.8,-36.604786,174.802551,2
esp32_device_001,2026-05-21T12:05:15+12:00,43.4,-36.604778,174.802567,2
esp32_device_001,2026-05-21T12:05:20+12:00,44.4,-36.604774,174.802567,2
esp32_device_001,2026-05-21T12:05:25+12:00,44.2,-36.604771,174.802582,2
esp32_device_001,2026-05-21T12:05:30+12:00,43.3,-36.604767,174.802597,2
esp32_device_001,2026-05-21T12:05:35+12:00,42.4,-36.604782,174.802597,2
esp32_device_001,2026-05-21T12:05:40+12:00,43,-36.604774,174.802582,2
esp32_device_001,2026-05-21T12:05:45+12:00,43.6,-36.604759,174.802567,2
esp32_device_001,2026-05-21T12:05:50+12:00,42.4,-36.604771,174.802582,2
esp32_device_001,2026-05-21T12:05:55+12:00,48.6,-36.604759,174.802567,2
esp32_device_001,2026-05-21T12:06:00+12:00,52.8,-36.604755,174.802551,2
esp32_device_001,2026-05-21T12:06:05+12:00,54.2,-36.604752,174.802551,2
esp32_device_001,2026-05-21T12:06:10+12:00,53.8,-36.604748,174.802551,2
esp32_device_001,2026-05-21T12:06:15+12:00,55,-36.604744,174.802551,2
esp32_device_001,2026-05-21T12:06:20+12:00,58.3,-36.604725,174.802551,2
esp32_device_001,2026-05-21T12:06:25+12:00,59.7,-36.604717,174.802551,2
esp32_device_001,2026-05-21T12:06:30+12:00,56.2,-36.604729,174.802567,2
esp32_device_001,2026-05-21T12:06:35+12:00,53.6,-36.604759,174.802551,2
esp32_device_001,2026-05-21T12:06:40+12:00,51.9,-36.604771,174.802536,2
esp32_device_001,2026-05-21T12:06:45+12:00,48.6,-36.604771,174.802536,2
esp32_device_001,2026-05-21T12:06:50+12:00,49.3,-36.604725,174.802582,2
esp32_device_001,2026-05-21T12:06:55+12:00,49.2,-36.604691,174.802612,2
esp32_device_001,2026-05-21T12:07:00+12:00,51.2,-36.604671,174.802643,2
esp32_device_001,2026-05-21T12:07:05+12:00,53.3,-36.60466,174.802673,2
esp32_device_001,2026-05-21T12:07:10+12:00,59,-36.604649,174.802673,2
esp32_device_001,2026-05-21T12:07:15+12:00,62.9,-36.60466,174.802643,2
esp32_device_001,2026-05-21T12:07:20+12:00,64,-36.604641,174.802643,2
esp32_device_001,2026-05-21T12:07:25+12:00,61.7,-36.604679,174.802628,2
esp32_device_001,2026-05-21T12:07:30+12:00,59.3,-36.604725,174.802597,2
esp32_device_001,2026-05-21T12:07:35+12:00,55.8,-36.604748,174.802597,2
esp32_device_001,2026-05-21T12:07:40+12:00,51.7,-36.604763,174.802597,2
esp32_device_001,2026-05-21T12:07:45+12:00,50,-36.604759,174.802597,2
esp32_device_001,2026-05-21T12:07:50+12:00,48.8,-36.604763,174.802612,2
esp32_device_001,2026-05-21T12:07:55+12:00,48.1,-36.604755,174.802612,2
esp32_device_001,2026-05-21T12:08:00+12:00,49.7,-36.604752,174.802612,2
esp32_device_001,2026-05-21T12:08:05+12:00,54.3,-36.604679,174.802628,2
esp32_device_001,2026-05-21T12:08:10+12:00,62,-36.604595,174.802643,2
esp32_device_001,2026-05-21T12:08:15+12:00,68.1,-36.604557,174.802643,2
esp32_device_001,2026-05-21T12:08:20+12:00,72.8,-36.604538,174.802673,2
esp32_device_001,2026-05-21T12:08:25+12:00,72.6,-36.604546,174.802689,2
esp32_device_001,2026-05-21T12:08:30+12:00,73.8,-36.604576,174.802689,2
esp32_device_001,2026-05-21T12:08:35+12:00,76.2,-36.604549,174.802689,2
esp32_device_001,2026-05-21T12:08:40+12:00,78,-36.604568,174.802658,2
esp32_device_001,2026-05-21T12:08:45+12:00,78.1,-36.604591,174.802643,2
esp32_device_001,2026-05-21T12:08:50+12:00,77.2,-36.60461,174.802628,2
esp32_device_001,2026-05-21T12:08:55+12:00,75.7,-36.60461,174.802628,2
esp32_device_001,2026-05-21T12:09:13+12:00,69.2,-36.604618,174.802673,2
esp32_device_001,2026-05-21T12:09:18+12:00,66.9,-36.604591,174.802704,2
esp32_device_001,2026-05-21T12:09:23+12:00,64.8,-36.60461,174.802704,2
esp32_device_001,2026-05-21T12:09:28+12:00,62.3,-36.60463,174.802689,2
esp32_device_001,2026-05-21T12:09:33+12:00,59,-36.604656,174.802673,2
esp32_device_001,2026-05-21T12:09:38+12:00,57,-36.60466,174.802689,2
esp32_device_001,2026-05-21T12:09:43+12:00,54.1,-36.604671,174.802689,2
esp32_device_001,2026-05-21T12:09:48+12:00,51.8,-36.604679,174.802704,2
esp32_device_001,2026-05-21T12:09:53+12:00,49.5,-36.604702,174.802719,2
esp32_device_001,2026-05-21T12:09:58+12:00,47.5,-36.604725,174.802719,2
esp32_device_001,2026-05-21T12:10:03+12:00,46.1,-36.60474,174.802719,2
esp32_device_001,2026-05-21T12:10:08+12:00,45.9,-36.60474,174.802704,2
esp32_device_001,2026-05-21T12:10:18+12:00,46.8,-36.604725,174.802689,2
esp32_device_001,2026-05-21T12:10:23+12:00,47.1,-36.604721,174.802689,2
esp32_device_001,2026-05-21T12:10:28+12:00,46.9,-36.604706,174.802704,2
esp32_device_001,2026-05-21T12:10:30+12:00,39.5,-36.604633,174.80249,2
esp32_device_001,2026-05-21T12:10:33+12:00,46.8,-36.604698,174.802719,2
esp32_device_001,2026-05-21T12:10:43+12:00,46.8,-36.604698,174.802734,2
esp32_device_001,2026-05-21T12:10:53+12:00,45.8,-36.604687,174.802719,2
esp32_device_001,2026-05-21T12:10:58+12:00,46.5,-36.604713,174.802689,2
esp32_device_001,2026-05-21T12:11:03+12:00,46.5,-36.604713,174.802704,2
esp32_device_001,2026-05-21T12:11:13+12:00,47.5,-36.604702,174.802719,2
esp32_device_001,2026-05-21T12:11:18+12:00,47.7,-36.604713,174.802719,2
esp32_device_001,2026-05-21T12:11:23+12:00,47.7,-36.604744,174.802689,2
esp32_device_001,2026-05-21T12:11:28+12:00,47.6,-36.604767,174.802673,2
esp32_device_001,2026-05-21T12:11:33+12:00,48,-36.604782,174.802658,2
esp32_device_001,2026-05-21T12:11:38+12:00,48.7,-36.604794,174.802643,2
esp32_device_001,2026-05-21T12:11:43+12:00,49.1,-36.604805,174.802628,2
esp32_device_001,2026-05-21T12:11:48+12:00,49.6,-36.604816,174.802612,2
esp32_device_001,2026-05-21T12:11:53+12:00,50.3,-36.604824,174.802597,2
esp32_device_001,2026-05-21T12:11:58+12:00,50.5,-36.604813,174.802628,2
esp32_device_001,2026-05-21T12:12:08+12:00,53.2,-36.604794,174.802612,2
esp32_device_001,2026-05-21T12:12:18+12:00,54,-36.604797,174.802597,2
esp32_device_001,2026-05-21T12:12:23+12:00,54.5,-36.604797,174.802597,2
esp32_device_001,2026-05-21T12:12:28+12:00,54.4,-36.60479,174.802597,2
esp32_device_001,2026-05-21T12:12:33+12:00,55,-36.604771,174.802597,2
esp32_device_001,2026-05-21T12:12:38+12:00,55.8,-36.604782,174.802597,2
esp32_device_001,2026-05-21T12:12:43+12:00,56.7,-36.604794,174.802597,2
esp32_device_001,2026-05-21T12:12:48+12:00,56.5,-36.604794,174.802612,2
esp32_device_001,2026-05-21T12:12:53+12:00,56.2,-36.60479,174.802612,2
esp32_device_001,2026-05-21T12:12:58+12:00,54.4,-36.604782,174.802612,2
esp32_device_001,2026-05-21T12:13:03+12:00,54.2,-36.604782,174.802597,2
esp32_device_001,2026-05-21T12:13:08+12:00,53.6,-36.604774,174.802597,2
esp32_device_001,2026-05-21T12:13:18+12:00,53.6,-36.604759,174.802597,2
esp32_device_001,2026-05-21T12:13:28+12:00,56.5,-36.604759,174.802597,2
esp32_device_001,2026-05-21T12:13:33+12:00,56.9,-36.604778,174.802582,2
esp32_device_001,2026-05-21T12:13:38+12:00,55.9,-36.604832,174.802536,2
esp32_device_001,2026-05-21T12:13:43+12:00,54.5,-36.604866,174.802521,2
esp32_device_001,2026-05-21T12:13:48+12:00,54.1,-36.604881,174.80249,2
esp32_device_001,2026-05-21T12:13:53+12:00,54.3,-36.604862,174.802505,2
esp32_device_001,2026-05-21T12:13:58+12:00,53.3,-36.604877,174.802475,2
esp32_device_001,2026-05-21T12:14:14+12:00,52,-36.604847,174.802521,2
esp32_device_001,2026-05-21T12:14:19+12:00,52.3,-36.604801,174.802582,2
esp32_device_001,2026-05-21T12:14:24+12:00,53.3,-36.604771,174.802612,2
esp32_device_001,2026-05-21T12:14:29+12:00,52.5,-36.604733,174.802643,2
esp32_device_001,2026-05-21T12:14:34+12:00,53.1,-36.604687,174.802689,2
esp32_device_001,2026-05-21T12:14:39+12:00,52.3,-36.604668,174.802719,2
esp32_device_001,2026-05-21T12:14:44+12:00,51.7,-36.604637,174.802734,2
esp32_device_001,2026-05-21T12:14:49+12:00,50.2,-36.604641,174.802689,2
esp32_device_001,2026-05-21T12:14:54+12:00,49.5,-36.604687,174.802643,2
esp32_device_001,2026-05-21T12:14:59+12:00,49.2,-36.604706,174.802643,2
esp32_device_001,2026-05-21T12:15:04+12:00,49.7,-36.604706,174.802643,2
esp32_device_001,2026-05-21T12:15:09+12:00,49,-36.60474,174.802628,2
esp32_device_001,2026-05-21T12:15:14+12:00,49.5,-36.604763,174.802612,2
esp32_device_001,2026-05-21T12:15:19+12:00,50.5,-36.604782,174.802597,2
esp32_device_001,2026-05-21T12:15:24+12:00,50.2,-36.604794,174.802567,2
esp32_device_001,2026-05-21T12:15:29+12:00,49.5,-36.604805,174.802536,2
esp32_device_001,2026-05-21T12:15:34+12:00,48.8,-36.604813,174.802521,2
esp32_device_001,2026-05-21T12:15:39+12:00,48.2,-36.604801,174.802567,2
esp32_device_001,2026-05-21T12:15:44+12:00,46.6,-36.604786,174.802612,2
esp32_device_001,2026-05-21T12:15:49+12:00,45.4,-36.604771,174.802658,2
esp32_device_001,2026-05-21T12:15:54+12:00,45.1,-36.604759,174.802658,2
esp32_device_001,2026-05-21T12:15:59+12:00,44.7,-36.604759,174.802658,2
esp32_device_001,2026-05-21T12:16:04+12:00,44.9,-36.604767,174.802628,2
esp32_device_001,2026-05-21T12:16:09+12:00,45.1,-36.604767,174.802628,2
esp32_device_001,2026-05-21T12:16:14+12:00,44,-36.604782,174.802612,2
esp32_device_001,2026-05-21T12:16:19+12:00,44.1,-36.604794,174.802597,2
esp32_device_001,2026-05-21T12:16:24+12:00,44.4,-36.60479,174.802597,2
esp32_device_001,2026-05-21T12:16:29+12:00,45.5,-36.604794,174.802612,2
esp32_device_001,2026-05-21T12:16:34+12:00,45.2,-36.60479,174.802612,2
esp32_device_001,2026-05-21T12:16:39+12:00,44.1,-36.604782,174.802628,2
esp32_device_001,2026-05-21T12:16:44+12:00,43.5,-36.604794,174.802612,2
esp32_device_001,2026-05-21T12:16:49+12:00,43.1,-36.604774,174.802612,2
esp32_device_001,2026-05-21T12:16:54+12:00,42,-36.604771,174.802612,2
esp32_device_001,2026-05-21T12:16:59+12:00,41.2,-36.604778,174.802612,2
esp32_device_001,2026-05-21T12:17:04+12:00,40.3,-36.604782,174.802612,2
esp32_device_001,2026-05-21T12:17:09+12:00,40.1,-36.604782,174.802628,2
esp32_device_001,2026-05-21T12:17:14+12:00,40.5,-36.604774,174.802628,2
esp32_device_001,2026-05-21T12:17:19+12:00,40.9,-36.604786,174.802628,2
esp32_device_001,2026-05-21T12:17:24+12:00,41,-36.604794,174.802628,2
esp32_device_001,2026-05-21T12:17:29+12:00,40.3,-36.604843,174.802628,2
esp32_device_001,2026-05-21T12:17:34+12:00,40.9,-36.604858,174.802612,2
esp32_device_001,2026-05-21T12:17:39+12:00,41.5,-36.604851,174.802612,2
esp32_device_001,2026-05-21T12:17:44+12:00,41.7,-36.604851,174.802612,2
esp32_device_001,2026-05-21T12:17:49+12:00,42.3,-36.604839,174.802612,2
esp32_device_001,2026-05-21T12:17:54+12:00,42,-36.604836,174.802597,2
esp32_device_001,2026-05-21T12:17:59+12:00,41.6,-36.604839,174.802597,2
esp32_device_001,2026-05-21T12:18:04+12:00,42.9,-36.604813,174.802597,2
esp32_device_001,2026-05-21T12:18:09+12:00,44,-36.604782,174.802597,2
esp32_device_001,2026-05-21T12:18:14+12:00,44.1,-36.604774,174.802597,2
esp32_device_001,2026-05-21T12:18:19+12:00,44,-36.604767,174.802597,2
esp32_device_001,2026-05-21T12:18:24+12:00,44.2,-36.604767,174.802582,2
esp32_device_001,2026-05-21T12:18:29+12:00,44.4,-36.604763,174.802582,2
esp32_device_001,2026-05-21T12:18:34+12:00,44.6,-36.604755,174.802597,2
esp32_device_001,2026-05-21T12:18:39+12:00,45.3,-36.604748,174.802597,2
esp32_device_001,2026-05-21T12:18:44+12:00,46.5,-36.604725,174.802597,2
esp32_device_001,2026-05-21T12:18:49+12:00,47.4,-36.604725,174.802597,2
esp32_device_001,2026-05-21T12:18:54+12:00,48.3,-36.604713,174.802597,2
esp32_device_001,2026-05-21T12:18:59+12:00,48.8,-36.604702,174.802597,2
esp32_device_001,2026-05-21T12:19:24+12:00,52.2,-36.604691,174.802567,2
esp32_device_001,2026-05-21T12:19:29+12:00,52.5,-36.604702,174.802551,2
esp32_device_001,2026-05-21T12:19:34+12:00,51.8,-36.60471,174.802551,2
esp32_device_001,2026-05-21T12:19:39+12:00,51.1,-36.60471,174.802551,2
esp32_device_001,2026-05-21T12:19:44+12:00,50.7,-36.604717,174.802551,2
esp32_device_001,2026-05-21T12:19:49+12:00,50.1,-36.604721,174.802567,2
esp32_device_001,2026-05-21T12:19:54+12:00,50,-36.60471,174.802567,2
esp32_device_001,2026-05-21T12:19:59+12:00,51.3,-36.604691,174.802567,2
esp32_device_001,2026-05-21T12:20:04+12:00,53.2,-36.604671,174.802567,2
esp32_device_001,2026-05-21T12:20:09+12:00,54.6,-36.604671,174.802567,2
esp32_device_001,2026-05-21T12:20:14+12:00,56.6,-36.60466,174.802551,2
esp32_device_001,2026-05-21T12:20:19+12:00,56.8,-36.60466,174.802551,2
esp32_device_001,2026-05-21T12:20:24+12:00,57.3,-36.60466,174.802551,2
esp32_device_001,2026-05-21T12:20:29+12:00,57.5,-36.604691,174.802551,2
esp32_device_001,2026-05-21T12:20:34+12:00,57.7,-36.604721,174.802536,2
esp32_device_001,2026-05-21T12:20:39+12:00,57.9,-36.604721,174.802536,2
esp32_device_001,2026-05-21T12:20:44+12:00,58.2,-36.604733,174.802536,2
esp32_device_001,2026-05-21T12:20:49+12:00,57.9,-36.604748,174.802536,2
esp32_device_001,2026-05-21T12:20:54+12:00,57.4,-36.60474,174.802536,2
esp32_device_001,2026-05-21T12:20:59+12:00,57.1,-36.60474,174.802551,2
esp32_device_001,2026-05-21T12:21:04+12:00,57.3,-36.604725,174.802551,2
esp32_device_001,2026-05-21T12:21:09+12:00,56.5,-36.604702,174.802567,2
esp32_device_001,2026-05-21T12:21:14+12:00,56.3,-36.604691,174.802567,2
esp32_device_001,2026-05-21T12:21:19+12:00,55.7,-36.604694,174.802582,2
esp32_device_001,2026-05-21T12:21:24+12:00,55.3,-36.604694,174.802597,2
esp32_device_001,2026-05-21T12:21:29+12:00,54.9,-36.604713,174.802597,2
esp32_device_001,2026-05-21T12:21:34+12:00,54.5,-36.604717,174.802597,2
esp32_device_001,2026-05-21T12:21:39+12:00,53.7,-36.604717,174.802612,2
esp32_device_001,2026-05-21T12:21:44+12:00,53,-36.604721,174.802582,2
esp32_device_001,2026-05-21T12:21:49+12:00,52.3,-36.604733,174.802582,2
esp32_device_001,2026-05-21T12:21:54+12:00,51.4,-36.604733,174.802582,2
esp32_device_001,2026-05-21T12:21:59+12:00,50.8,-36.604733,174.802567,2
esp32_device_001,2026-05-21T12:22:04+12:00,50.2,-36.604748,174.802567,2
esp32_device_001,2026-05-21T12:22:09+12:00,49.6,-36.604755,174.802567,2
esp32_device_001,2026-05-21T12:22:14+12:00,49.6,-36.604759,174.802597,2
esp32_device_001,2026-05-21T12:22:19+12:00,48.8,-36.604767,174.802612,2
esp32_device_001,2026-05-21T12:22:24+12:00,47.6,-36.604767,174.802628,2
esp32_device_001,2026-05-21T12:22:29+12:00,44.7,-36.604782,174.802658,2
esp32_device_001,2026-05-21T12:22:34+12:00,43,-36.604797,174.802673,2
esp32_device_001,2026-05-21T12:22:39+12:00,42,-36.604805,174.802658,2
esp32_device_001,2026-05-21T12:22:44+12:00,40.4,-36.604797,174.802673,2
esp32_device_001,2026-05-21T12:22:49+12:00,39.2,-36.604797,174.802673,2
esp32_device_001,2026-05-21T12:22:54+12:00,46.7,-36.604797,174.802658,2
esp32_device_001,2026-05-21T12:22:59+12:00,48,-36.604786,174.802658,2
esp32_device_001,2026-05-21T12:23:04+12:00,47.8,-36.604752,174.802643,2
esp32_device_001,2026-05-21T12:23:09+12:00,47.3,-36.604744,174.802628,2
esp32_device_001,2026-05-21T12:23:14+12:00,47.5,-36.604786,174.802612,2
esp32_device_001,2026-05-21T12:23:19+12:00,47.4,-36.604816,174.802597,2
esp32_device_001,2026-05-21T12:23:24+12:00,44,-36.604824,174.802597,2
esp32_device_001,2026-05-21T12:23:29+12:00,42,-36.604836,174.802597,2
esp32_device_001,2026-05-21T12:23:34+12:00,40.6,-36.604813,174.802597,2
esp32_device_001,2026-05-21T12:23:39+12:00,39.2,-36.604771,174.802597,2
esp32_device_001,2026-05-21T12:23:44+12:00,37.7,-36.604736,174.802612,2
esp32_device_001,2026-05-21T12:23:49+12:00,37.2,-36.604748,174.802597,2
esp32_device_001,2026-05-21T12:23:54+12:00,37,-36.604748,174.802597,2
esp32_device_001,2026-05-21T12:23:59+12:00,36.4,-36.60474,174.802597,2
esp32_device_001,2026-05-21T12:24:13+12:00,36.4,-36.604725,174.802597,2
esp32_device_001,2026-05-21T12:24:18+12:00,36.4,-36.604733,174.802597,2
esp32_device_001,2026-05-21T12:24:23+12:00,36.4,-36.604733,174.802597,2
esp32_device_001,2026-05-21T12:24:28+12:00,36.4,-36.604721,174.802597,2
esp32_device_001,2026-05-21T12:24:33+12:00,36.4,-36.604733,174.802597,2
esp32_device_001,2026-05-21T12:24:38+12:00,36.4,-36.604733,174.802597,2
esp32_device_001,2026-05-21T12:24:43+12:00,36.4,-36.604744,174.802597,2
esp32_device_001,2026-05-21T12:24:48+12:00,36.4,-36.604721,174.802628,2
esp32_device_001,2026-05-21T12:24:53+12:00,36.4,-36.604744,174.802628,2
esp32_device_001,2026-05-21T12:24:58+12:00,36.4,-36.604733,174.802628,2
esp32_device_001,2026-05-21T12:25:03+12:00,36.4,-36.604755,174.802612,2
esp32_device_001,2026-05-21T12:25:08+12:00,36.4,-36.604816,174.802567,2
esp32_device_001,2026-05-21T12:25:13+12:00,36.4,-36.604782,174.802567,2
esp32_device_001,2026-05-21T12:25:18+12:00,36.4,-36.604748,174.802567,2
esp32_device_001,2026-05-21T12:25:23+12:00,36.4,-36.604778,174.802567,2
esp32_device_001,2026-05-21T12:25:28+12:00,36.4,-36.604839,174.802536,2
esp32_device_001,2026-05-21T12:25:33+12:00,36.4,-36.604843,174.802536,2
esp32_device_001,2026-05-21T12:25:38+12:00,36.4,-36.604816,174.802551,2
esp32_device_001,2026-05-21T12:25:43+12:00,36.4,-36.60479,174.802582,2
esp32_device_001,2026-05-21T12:25:48+12:00,36.4,-36.604767,174.802597,2
esp32_device_001,2026-05-21T12:25:53+12:00,36.4,-36.604778,174.802582,2
esp32_device_001,2026-05-21T12:25:58+12:00,36.4,-36.60479,174.802582,2
esp32_device_001,2026-05-21T12:26:03+12:00,36.4,-36.604801,174.802567,2
esp32_device_001,2026-05-21T12:26:08+12:00,36.4,-36.604794,174.802567,2
esp32_device_001,2026-05-21T12:26:13+12:00,36.4,-36.604782,174.802551,2
esp32_device_001,2026-05-21T12:26:18+12:00,36.4,-36.604771,174.802536,2
esp32_device_001,2026-05-21T12:26:23+12:00,36.4,-36.604774,174.802521,2
esp32_device_001,2026-05-21T12:26:28+12:00,36.4,-36.604771,174.802505,2
esp32_device_001,2026-05-21T12:26:33+12:00,36.4,-36.604774,174.802505,2
esp32_device_001,2026-05-21T12:26:38+12:00,36.4,-36.604771,174.802505,2
esp32_device_001,2026-05-21T12:26:43+12:00,36.4,-36.604763,174.802505,2
esp32_device_001,2026-05-21T12:26:48+12:00,36.4,-36.604767,174.802505,2
esp32_device_001,2026-05-21T12:26:53+12:00,36.4,-36.604774,174.802505,2
esp32_device_001,2026-05-21T12:26:58+12:00,36.4,-36.604778,174.802505,2
esp32_device_001,2026-05-21T12:27:03+12:00,36.4,-36.604778,174.802505,2
esp32_device_001,2026-05-21T12:27:08+12:00,36.4,-36.604778,174.802505,2
esp32_device_001,2026-05-21T12:27:13+12:00,36.4,-36.604774,174.802505,2
esp32_device_001,2026-05-21T12:27:18+12:00,36.4,-36.604767,174.802505,2
esp32_device_001,2026-05-21T12:27:23+12:00,36.4,-36.604771,174.802505,2
esp32_device_001,2026-05-21T12:27:28+12:00,36.4,-36.604771,174.802505,2
esp32_device_001,2026-05-21T12:27:33+12:00,36.4,-36.604774,174.802505,2
esp32_device_001,2026-05-21T12:27:38+12:00,36.4,-36.604774,174.802505,2
esp32_device_001,2026-05-21T12:27:43+12:00,36.4,-36.604767,174.802505,2
esp32_device_001,2026-05-21T12:27:48+12:00,36.4,-36.604755,174.802505,2
esp32_device_001,2026-05-21T12:27:53+12:00,36.4,-36.604744,174.802505,2
esp32_device_001,2026-05-21T12:27:58+12:00,36.4,-36.604733,174.802521,2
esp32_device_001,2026-05-21T12:28:03+12:00,36.4,-36.604733,174.802505,2
esp32_device_001,2026-05-21T12:28:08+12:00,36.4,-36.604729,174.80249,2
esp32_device_001,2026-05-21T12:28:13+12:00,36.4,-36.604717,174.80249,2
esp32_device_001,2026-05-21T12:28:18+12:00,36.4,-36.604733,174.802475,2
esp32_device_001,2026-05-21T12:28:23+12:00,36.4,-36.604729,174.802475,2
esp32_device_001,2026-05-21T12:28:28+12:00,36.4,-36.604729,174.802475,2
esp32_device_001,2026-05-21T12:28:33+12:00,36.4,-36.604721,174.802475,2
esp32_device_001,2026-05-21T12:28:38+12:00,36.4,-36.604717,174.802475,2
esp32_device_001,2026-05-21T12:28:43+12:00,36.4,-36.604729,174.802475,2
esp32_device_001,2026-05-21T12:28:48+12:00,36.4,-36.604744,174.802475,2
esp32_device_001,2026-05-21T12:28:53+12:00,36.4,-36.604736,174.80249,2
esp32_device_001,2026-05-21T12:28:58+12:00,36.4,-36.604744,174.80249,2
esp32_device_001,2026-05-21T12:29:13+12:00,66.6,-36.604767,174.802505,2
esp32_device_001,2026-05-21T12:29:18+12:00,64.8,-36.604763,174.802505,2
esp32_device_001,2026-05-21T12:29:23+12:00,63,-36.604752,174.802521,2
esp32_device_001,2026-05-21T12:29:28+12:00,60.8,-36.604759,174.802521,2
esp32_device_001,2026-05-21T12:29:33+12:00,58.6,-36.604755,174.802536,2
esp32_device_001,2026-05-21T12:29:38+12:00,56.7,-36.604744,174.802551,2
esp32_device_001,2026-05-21T12:29:43+12:00,55.9,-36.604748,174.802567,2
esp32_device_001,2026-05-21T12:29:48+12:00,55.1,-36.604752,174.802551,2
esp32_device_001,2026-05-21T12:29:53+12:00,53.8,-36.604744,174.802567,2
esp32_device_001,2026-05-21T12:29:58+12:00,51.8,-36.60474,174.802597,2
esp32_device_001,2026-05-21T12:30:03+12:00,49.6,-36.604752,174.802597,2
esp32_device_001,2026-05-21T12:30:08+12:00,47.7,-36.604767,174.802597,2
esp32_device_001,2026-05-21T12:30:13+12:00,46.8,-36.604786,174.802582,2
esp32_device_001,2026-05-21T12:30:18+12:00,45.1,-36.604801,174.802597,2
esp32_device_001,2026-05-21T12:30:23+12:00,44.5,-36.604809,174.802582,2
esp32_device_001,2026-05-21T12:30:28+12:00,44.4,-36.604813,174.802567,2
esp32_device_001,2026-05-21T12:30:33+12:00,44.3,-36.604809,174.802567,2
esp32_device_001,2026-05-21T12:30:38+12:00,45.2,-36.604813,174.802567,2
esp32_device_001,2026-05-21T12:30:43+12:00,46.3,-36.604824,174.802551,2
esp32_device_001,2026-05-21T12:30:48+12:00,47.8,-36.604816,174.802551,2
esp32_device_001,2026-05-21T12:30:53+12:00,48,-36.604824,174.802536,2
esp32_device_001,2026-05-21T12:30:58+12:00,47.9,-36.604801,174.802567,2
esp32_device_001,2026-05-21T12:31:03+12:00,48.2,-36.604778,174.802567,2
esp32_device_001,2026-05-21T12:31:08+12:00,47.4,-36.604755,174.802612,2
esp32_device_001,2026-05-21T12:31:13+12:00,46.5,-36.604733,174.802628,2
esp32_device_001,2026-05-21T12:31:18+12:00,45.6,-36.604698,174.802643,2
esp32_device_001,2026-05-21T12:31:23+12:00,46,-36.604691,174.802658,2
esp32_device_001,2026-05-21T12:31:28+12:00,46.5,-36.604717,174.802628,2
esp32_device_001,2026-05-21T12:31:33+12:00,46.3,-36.604733,174.802597,2
esp32_device_001,2026-05-21T12:31:38+12:00,46.3,-36.604752,174.802567,2
esp32_device_001,2026-05-21T12:31:43+12:00,47.4,-36.604771,174.802567,2
esp32_device_001,2026-05-21T12:31:48+12:00,48.2,-36.604763,174.802582,2
esp32_device_001,2026-05-21T12:31:53+12:00,48.9,-36.604744,174.802612,2
esp32_device_001,2026-05-21T12:31:58+12:00,49.9,-36.604725,174.802643,2
esp32_device_001,2026-05-21T12:32:03+12:00,50.4,-36.604706,174.802658,2
esp32_device_001,2026-05-21T12:32:08+12:00,50.5,-36.604694,174.802673,2
esp32_device_001,2026-05-21T12:32:13+12:00,52.9,-36.604691,174.802643,2
esp32_device_001,2026-05-21T12:32:18+12:00,51.8,-36.604706,174.802643,2
esp32_device_001,2026-05-21T12:32:23+12:00,50.2,-36.604702,174.802658,2
esp32_device_001,2026-05-21T12:32:28+12:00,49.8,-36.604694,174.802673,2
esp32_device_001,2026-05-21T12:32:33+12:00,50.6,-36.604683,174.802673,2
esp32_device_001,2026-05-21T12:32:43+12:00,50.1,-36.604607,174.802887,2
esp32_device_001,2026-05-21T12:32:48+12:00,39.2,-36.604607,174.802933,2
esp32_device_001,2026-05-21T12:32:53+12:00,34.9,-36.604607,174.802917,2
esp32_device_001,2026-05-21T12:32:58+12:00,34.8,-36.60461,174.802902,2
esp32_device_001,2026-05-21T12:33:03+12:00,34.1,-36.604622,174.802887,2
esp32_device_001,2026-05-21T12:33:08+12:00,33.8,-36.604637,174.802872,2
esp32_device_001,2026-05-21T12:33:13+12:00,33.7,-36.604656,174.802841,2
esp32_device_001,2026-05-21T12:33:18+12:00,34.2,-36.604687,174.802795,2
esp32_device_001,2026-05-21T12:33:23+12:00,34,-36.604706,174.802765,2
esp32_device_001,2026-05-21T12:33:28+12:00,31.4,-36.604736,174.802734,2
esp32_device_001,2026-05-21T12:33:33+12:00,29.7,-36.604767,174.802704,2
esp32_device_001,2026-05-21T12:33:38+12:00,30.2,-36.60479,174.802658,2
esp32_device_001,2026-05-21T12:33:43+12:00,30.4,-36.604782,174.802643,2
esp32_device_001,2026-05-21T12:33:48+12:00,29.4,-36.604778,174.802658,2
esp32_device_001,2026-05-21T12:33:53+12:00,31,-36.60479,174.802628,2
esp32_device_001,2026-05-21T12:33:58+12:00,33.3,-36.604786,174.802612,2
esp32_device_001,2026-05-21T12:34:19+12:00,38.7,-36.604713,174.802658,2
esp32_device_001,2026-05-21T12:34:24+12:00,39.2,-36.604702,174.802673,2
esp32_device_001,2026-05-21T12:34:29+12:00,40.2,-36.604702,174.802689,2
esp32_device_001,2026-05-21T12:34:34+12:00,41.6,-36.604691,174.802689,2
esp32_device_001,2026-05-21T12:34:39+12:00,42,-36.604687,174.802704,2
esp32_device_001,2026-05-21T12:34:44+12:00,42.9,-36.604683,174.802689,2
esp32_device_001,2026-05-21T12:34:49+12:00,42.9,-36.604671,174.802704,2
esp32_device_001,2026-05-21T12:34:54+12:00,43.7,-36.604687,174.802704,2
esp32_device_001,2026-05-21T12:34:59+12:00,43.9,-36.604668,174.802719,2
esp32_device_001,2026-05-21T12:35:04+12:00,42.9,-36.604649,174.802734,2
esp32_device_001,2026-05-21T12:35:09+12:00,43,-36.604649,174.80275,2
esp32_device_001,2026-05-21T12:35:14+12:00,43.5,-36.604649,174.80275,2
esp32_device_001,2026-05-21T12:35:19+12:00,44.7,-36.604626,174.80275,2
esp32_device_001,2026-05-21T12:35:24+12:00,45.7,-36.604618,174.802734,2
esp32_device_001,2026-05-21T12:35:29+12:00,46.4,-36.604626,174.802734,2
esp32_device_001,2026-05-21T12:35:34+12:00,47.6,-36.604649,174.802704,2
esp32_device_001,2026-05-21T12:35:39+12:00,48.3,-36.604637,174.802719,2
esp32_device_001,2026-05-21T12:35:44+12:00,48.9,-36.604637,174.802704,2
esp32_device_001,2026-05-21T12:35:49+12:00,48.9,-36.604645,174.802704,2
esp32_device_001,2026-05-21T12:35:54+12:00,49.1,-36.60466,174.802689,2
esp32_device_001,2026-05-21T12:35:59+12:00,48.9,-36.604675,174.802704,2
esp32_device_001,2026-05-21T12:36:04+12:00,48.5,-36.604702,174.802704,2
esp32_device_001,2026-05-21T12:36:09+12:00,48.4,-36.604698,174.802704,2
esp32_device_001,2026-05-21T12:36:14+12:00,49.1,-36.604694,174.802704,2
esp32_device_001,2026-05-21T12:36:19+12:00,50.9,-36.604675,174.802689,2
esp32_device_001,2026-05-21T12:36:24+12:00,52.4,-36.60466,174.802673,2
esp32_device_001,2026-05-21T12:36:29+12:00,52.7,-36.604652,174.802689,2
esp32_device_001,2026-05-21T12:36:34+12:00,52.2,-36.604675,174.802673,2
esp32_device_001,2026-05-21T12:36:39+12:00,51.6,-36.604694,174.802658,2
esp32_device_001,2026-05-21T12:36:44+12:00,51,-36.604679,174.802658,2
esp32_device_001,2026-05-21T12:36:49+12:00,51.4,-36.604664,174.802673,2
esp32_device_001,2026-05-21T12:36:54+12:00,50.6,-36.60466,174.802673,2
esp32_device_001,2026-05-21T12:36:59+12:00,50.8,-36.604675,174.802658,2
esp32_device_001,2026-05-21T12:37:04+12:00,50,-36.604687,174.802658,2
esp32_device_001,2026-05-21T12:37:09+12:00,49.5,-36.604679,174.802673,2
esp32_device_001,2026-05-21T12:37:14+12:00,49.1,-36.604671,174.802673,2
esp32_device_001,2026-05-21T12:37:19+12:00,49,-36.604691,174.802658,2
esp32_device_001,2026-05-21T12:37:24+12:00,49.8,-36.604713,174.802643,2
esp32_device_001,2026-05-21T12:37:29+12:00,50,-36.604721,174.802628,2
esp32_device_001,2026-05-21T12:37:34+12:00,49.5,-36.604736,174.802628,2
esp32_device_001,2026-05-21T12:37:39+12:00,48.7,-36.604748,174.802628,2
esp32_device_001,2026-05-21T12:37:44+12:00,49.1,-36.604744,174.802612,2
esp32_device_001,2026-05-21T12:37:49+12:00,48.1,-36.604744,174.802628,2
esp32_device_001,2026-05-21T12:37:54+12:00,45.7,-36.604736,174.802612,2
esp32_device_001,2026-05-21T12:37:59+12:00,42.9,-36.60474,174.802612,2
esp32_device_001,2026-05-21T12:38:04+12:00,41.3,-36.604752,174.802612,2
esp32_device_001,2026-05-21T12:38:09+12:00,41,-36.604771,174.802597,2
esp32_device_001,2026-05-21T12:38:14+12:00,40.7,-36.604774,174.802597,2
esp32_device_001,2026-05-21T12:38:19+12:00,40,-36.604767,174.802597,2
esp32_device_001,2026-05-21T12:38:24+12:00,39.6,-36.604755,174.802612,2
esp32_device_001,2026-05-21T12:38:29+12:00,38,-36.604752,174.802628,2
esp32_device_001,2026-05-21T12:38:34+12:00,38.1,-36.60474,174.802643,2
esp32_device_001,2026-05-21T12:38:39+12:00,38.9,-36.604744,174.802628,2
esp32_device_001,2026-05-21T12:38:44+12:00,38.5,-36.604759,174.802628,2
esp32_device_001,2026-05-21T12:38:49+12:00,39.4,-36.604748,174.802628,2
esp32_device_001,2026-05-21T12:38:54+12:00,41.7,-36.604744,174.802628,2
esp32_device_001,2026-05-21T12:38:59+12:00,41.2,-36.604759,174.802612,2
esp32_device_001,2026-05-21T12:39:14+12:00,46.7,-36.604744,174.802612,2
esp32_device_001,2026-05-21T12:39:19+12:00,48.1,-36.604725,174.802612,2
esp32_device_001,2026-05-21T12:39:24+12:00,48.5,-36.604736,174.802612,2
esp32_device_001,2026-05-21T12:39:29+12:00,48.6,-36.604752,174.802597,2
esp32_device_001,2026-05-21T12:39:34+12:00,48.1,-36.604763,174.802597,2
esp32_device_001,2026-05-21T12:39:39+12:00,48.9,-36.604763,174.802597,2
esp32_device_001,2026-05-21T12:39:44+12:00,49.9,-36.604759,174.802597,2
esp32_device_001,2026-05-21T12:39:49+12:00,50.9,-36.604752,174.802597,2
esp32_device_001,2026-05-21T12:39:54+12:00,51.3,-36.604744,174.802597,2
esp32_device_001,2026-05-21T12:39:59+12:00,51.8,-36.604736,174.802597,2
esp32_device_001,2026-05-21T12:40:04+12:00,51,-36.60474,174.802597,2
esp32_device_001,2026-05-21T12:40:09+12:00,51.4,-36.604733,174.802597,2
esp32_device_001,2026-05-21T12:40:14+12:00,51.5,-36.604721,174.802597,2
esp32_device_001,2026-05-21T12:40:19+12:00,52.6,-36.604713,174.802597,2
esp32_device_001,2026-05-21T12:40:24+12:00,53.1,-36.604706,174.802612,2
esp32_device_001,2026-05-21T12:40:29+12:00,53.4,-36.60471,174.802612,2
esp32_device_001,2026-05-21T12:40:34+12:00,54.5,-36.604713,174.802597,2
esp32_device_001,2026-05-21T12:40:39+12:00,54.7,-36.604729,174.802597,2
esp32_device_001,2026-05-21T12:40:44+12:00,53.3,-36.604733,174.802597,2
esp32_device_001,2026-05-21T12:40:49+12:00,53.4,-36.604752,174.802597,2
esp32_device_001,2026-05-21T12:40:54+12:00,52.7,-36.604771,174.802597,2
esp32_device_001,2026-05-21T12:40:59+12:00,51.5,-36.604774,174.802597,2
esp32_device_001,2026-05-21T12:41:04+12:00,51.9,-36.604752,174.802597,2
esp32_device_001,2026-05-21T12:41:09+12:00,52.4,-36.604736,174.802612,2
esp32_device_001,2026-05-21T12:41:14+12:00,51.6,-36.604736,174.802612,2
esp32_device_001,2026-05-21T12:41:19+12:00,49.2,-36.604752,174.802612,2
esp32_device_001,2026-05-21T12:41:24+12:00,46.6,-36.604767,174.802612,2
esp32_device_001,2026-05-21T12:41:29+12:00,44.8,-36.604771,174.802612,2
esp32_device_001,2026-05-21T12:41:34+12:00,43.1,-36.604782,174.802612,2
esp32_device_001,2026-05-21T12:41:39+12:00,42.8,-36.604786,174.802628,2
esp32_device_001,2026-05-21T12:41:44+12:00,41.5,-36.60479,174.802628,2
esp32_device_001,2026-05-21T12:41:49+12:00,39.6,-36.604794,174.802628,2
esp32_device_001,2026-05-21T12:41:54+12:00,36.8,-36.604801,174.802643,2
esp32_device_001,2026-05-21T12:41:59+12:00,34.1,-36.604794,174.802658,2
esp32_device_001,2026-05-21T12:42:04+12:00,31.5,-36.604786,174.802673,2
esp32_device_001,2026-05-21T12:42:09+12:00,28.7,-36.60479,174.802673,2
esp32_device_001,2026-05-21T12:42:14+12:00,27.6,-36.604782,174.802689,2
esp32_device_001,2026-05-21T12:42:19+12:00,27.9,-36.604774,174.802689,2
esp32_device_001,2026-05-21T12:42:24+12:00,27.4,-36.604767,174.802704,2
esp32_device_001,2026-05-21T12:42:29+12:00,28.1,-36.604752,174.802704,2
esp32_device_001,2026-05-21T12:42:34+12:00,30.5,-36.604748,174.802704,2
esp32_device_001,2026-05-21T12:42:39+12:00,32.3,-36.604752,174.802689,2
esp32_device_001,2026-05-21T12:42:44+12:00,34.9,-36.604759,174.802673,2
esp32_device_001,2026-05-21T12:42:49+12:00,37.4,-36.604755,174.802658,2
esp32_device_001,2026-05-21T12:42:54+12:00,40.1,-36.604763,174.802643,2
esp32_device_001,2026-05-21T12:42:59+12:00,42.8,-36.604752,174.802643,2
esp32_device_001,2026-05-21T12:43:04+12:00,46.2,-36.604725,174.802628,2
esp32_device_001,2026-05-21T12:43:09+12:00,48.4,-36.60471,174.802628,2
esp32_device_001,2026-05-21T12:43:14+12:00,48.8,-36.604702,174.802628,2
esp32_device_001,2026-05-21T12:43:19+12:00,50.1,-36.604706,174.802628,2
esp32_device_001,2026-05-21T12:43:24+12:00,50.4,-36.604706,174.802628,2
esp32_device_001,2026-05-21T12:43:29+12:00,52,-36.604717,174.802612,2
esp32_device_001,2026-05-21T12:43:34+12:00,53.7,-36.604721,174.802612,2
esp32_device_001,2026-05-21T12:43:39+12:00,54.5,-36.604717,174.802612,2
esp32_device_001,2026-05-21T12:43:44+12:00,55,-36.604721,174.802612,2
esp32_device_001,2026-05-21T12:43:49+12:00,58,-36.604725,174.802597,2
esp32_device_001,2026-05-21T12:43:54+12:00,59.4,-36.604702,174.802612,2
esp32_device_001,2026-05-21T12:43:59+12:00,60.2,-36.604713,174.802597,2
esp32_device_001,2026-05-21T12:44:13+12:00,60.5,-36.604729,174.802582,2
esp32_device_001,2026-05-21T12:44:18+12:00,60.6,-36.604744,174.802582,2
esp32_device_001,2026-05-21T12:44:23+12:00,61.3,-36.604748,174.802582,2
esp32_device_001,2026-05-21T12:44:28+12:00,61.7,-36.604736,174.802582,2
esp32_device_001,2026-05-21T12:44:33+12:00,62.2,-36.604748,174.802582,2
esp32_device_001,2026-05-21T12:44:43+12:00,63.1,-36.604805,174.802536,2
esp32_device_001,2026-05-21T12:44:48+12:00,65,-36.604774,174.802551,2
esp32_device_001,2026-05-21T12:44:53+12:00,64.9,-36.604755,174.802551,2
esp32_device_001,2026-05-21T12:44:58+12:00,64.8,-36.604729,174.802567,2
esp32_device_001,2026-05-21T12:45:03+12:00,65.3,-36.604729,174.802567,2
esp32_device_001,2026-05-21T12:45:08+12:00,65.9,-36.604759,174.802551,2
esp32_device_001,2026-05-21T12:45:13+12:00,65.9,-36.604752,174.802551,2
esp32_device_001,2026-05-21T12:45:18+12:00,66.8,-36.604744,174.802551,2
esp32_device_001,2026-05-21T12:45:23+12:00,66.6,-36.604733,174.802567,2
esp32_device_001,2026-05-21T12:45:28+12:00,61,-36.604748,174.802582,2
esp32_device_001,2026-05-21T12:45:33+12:00,60.1,-36.604733,174.802597,2
esp32_device_001,2026-05-21T12:45:43+12:00,59.2,-36.604748,174.802612,2
esp32_device_001,2026-05-21T12:45:48+12:00,53,-36.604755,174.802612,2
esp32_device_001,2026-05-21T12:45:53+12:00,53.5,-36.604752,174.802612,2
esp32_device_001,2026-05-21T12:45:58+12:00,52.9,-36.60474,174.802628,2
esp32_device_001,2026-05-21T12:46:03+12:00,53.3,-36.604736,174.802628,2
esp32_device_001,2026-05-21T12:46:08+12:00,52.8,-36.604736,174.802612,2
esp32_device_001,2026-05-21T12:46:18+12:00,51.6,-36.604778,174.802597,2
esp32_device_001,2026-05-21T12:46:23+12:00,51.7,-36.604778,174.802597,2
esp32_device_001,2026-05-21T12:46:33+12:00,51.2,-36.604797,174.802582,2
esp32_device_001,2026-05-21T12:46:38+12:00,50.6,-36.604767,174.802597,2
esp32_device_001,2026-05-21T12:46:48+12:00,48.2,-36.604721,174.802612,2
esp32_device_001,2026-05-21T12:46:53+12:00,48,-36.60474,174.802597,2
esp32_device_001,2026-05-21T12:46:58+12:00,48.2,-36.604744,174.802597,2
esp32_device_001,2026-05-21T12:47:03+12:00,48.5,-36.604759,174.802582,2
esp32_device_001,2026-05-21T12:47:13+12:00,48.8,-36.604755,174.802597,2
esp32_device_001,2026-05-21T12:47:23+12:00,48.7,-36.604759,174.802597,2
esp32_device_001,2026-05-21T12:47:28+12:00,48.4,-36.604763,174.802597,2
esp32_device_001,2026-05-21T12:47:33+12:00,48.6,-36.604763,174.802597,2
esp32_device_001,2026-05-21T12:47:38+12:00,48.2,-36.604767,174.802582,2
esp32_device_001,2026-05-21T12:47:43+12:00,48.4,-36.604759,174.802582,2
esp32_device_001,2026-05-21T12:47:48+12:00,48.8,-36.604771,174.802582,2
esp32_device_001,2026-05-21T12:47:53+12:00,49.4,-36.604771,174.802582,2
esp32_device_001,2026-05-21T12:47:58+12:00,51.1,-36.604717,174.802567,2
esp32_device_001,2026-05-21T12:48:03+12:00,49.2,-36.604713,174.802582,2
esp32_device_001,2026-05-21T12:48:08+12:00,48.3,-36.60471,174.802582,2
esp32_device_001,2026-05-21T12:48:13+12:00,46.2,-36.604713,174.802612,2
esp32_device_001,2026-05-21T12:48:18+12:00,45,-36.604725,174.802628,2
esp32_device_001,2026-05-21T12:48:23+12:00,46.4,-36.604702,174.802628,2
esp32_device_001,2026-05-21T12:48:28+12:00,46.1,-36.60471,174.802612,2
esp32_device_001,2026-05-21T12:48:33+12:00,46.4,-36.60471,174.802612,2
esp32_device_001,2026-05-21T12:48:38+12:00,45.8,-36.604721,174.802597,2
esp32_device_001,2026-05-21T12:48:43+12:00,44.4,-36.604733,174.802612,2
esp32_device_001,2026-05-21T12:48:48+12:00,43.8,-36.604736,174.802612,2
esp32_device_001,2026-05-21T12:48:53+12:00,42.4,-36.604748,174.802597,2
esp32_device_001,2026-05-21T12:48:58+12:00,40.5,-36.604755,174.802597,2
esp32_device_001,2026-05-21T12:49:11+12:00,40.5,-36.604733,174.802597,2
esp32_device_001,2026-05-21T12:49:16+12:00,42.3,-36.604721,174.802582,2
esp32_device_001,2026-05-21T12:49:21+12:00,43.9,-36.604717,174.802582,2
esp32_device_001,2026-05-21T12:49:26+12:00,46.1,-36.604702,174.802582,2
esp32_device_001,2026-05-21T12:49:31+12:00,47.9,-36.604706,174.802582,2
esp32_device_001,2026-05-21T12:49:36+12:00,50.4,-36.604694,174.802567,2
esp32_device_001,2026-05-21T12:49:41+12:00,51,-36.604694,174.802551,2
esp32_device_001,2026-05-21T12:49:46+12:00,51.8,-36.604687,174.802536,2
esp32_device_001,2026-05-21T12:49:51+12:00,51.9,-36.604687,174.802551,2
esp32_device_001,2026-05-21T12:49:56+12:00,52.8,-36.604683,174.802536,2
esp32_device_001,2026-05-21T12:50:01+12:00,53.4,-36.604687,174.802536,2
esp32_device_001,2026-05-21T12:50:06+12:00,48.4,-36.604717,174.802582,2
esp32_device_001,2026-05-21T12:50:11+12:00,50.5,-36.604713,174.802551,2
esp32_device_001,2026-05-21T12:50:16+12:00,52.4,-36.60471,174.802551,2
esp32_device_001,2026-05-21T12:50:21+12:00,54.4,-36.604713,174.802551,2
esp32_device_001,2026-05-21T12:50:26+12:00,56.4,-36.604717,174.802567,2
esp32_device_001,2026-05-21T12:50:31+12:00,58.9,-36.604713,174.802567,2
esp32_device_001,2026-05-21T12:50:36+12:00,61,-36.604706,174.802567,2
esp32_device_001,2026-05-21T12:50:41+12:00,61.2,-36.604702,174.802551,2
esp32_device_001,2026-05-21T12:50:46+12:00,61.7,-36.604702,174.802521,2
esp32_device_001,2026-05-21T12:50:51+12:00,65.4,-36.604683,174.80249,2
esp32_device_001,2026-05-21T12:50:56+12:00,67.8,-36.604668,174.802444,2
esp32_device_001,2026-05-21T12:51:01+12:00,64.7,-36.604683,174.80246,2
esp32_device_001,2026-05-21T12:51:06+12:00,56.9,-36.604713,174.802521,2
esp32_device_001,2026-05-21T12:51:11+12:00,53.7,-36.604687,174.80246,2
esp32_device_001,2026-05-21T12:51:16+12:00,58.8,-36.604614,174.802307,2
esp32_device_001,2026-05-21T12:51:21+12:00,65.5,-36.604549,174.80217,2
esp32_device_001,2026-05-21T12:51:26+12:00,70.8,-36.604538,174.802139,2
esp32_device_001,2026-05-21T12:51:31+12:00,74.7,-36.604557,174.802185,2
esp32_device_001,2026-05-21T12:51:36+12:00,81.6,-36.604561,174.802231,2
esp32_device_001,2026-05-21T12:51:41+12:00,88.1,-36.604546,174.802246,2
esp32_device_001,2026-05-21T12:51:46+12:00,94.7,-36.604546,174.802261,2
esp32_device_001,2026-05-21T12:51:51+12:00,105.4,-36.604515,174.802231,2
esp32_device_001,2026-05-21T12:51:56+12:00,112.4,-36.604504,174.802231,2
esp32_device_001,2026-05-21T12:52:01+12:00,118.7,-36.604492,174.802261,2
esp32_device_001,2026-05-21T12:52:06+12:00,122.3,-36.604492,174.802246,2
esp32_device_001,2026-05-21T12:52:11+12:00,125,-36.604481,174.802231,2
esp32_device_001,2026-05-21T12:52:16+12:00,128.2,-36.604485,174.802185,2
esp32_device_001,2026-05-21T12:52:21+12:00,136.1,-36.604458,174.802155,2
esp32_device_001,2026-05-21T12:52:26+12:00,146.4,-36.604427,174.802139,2
esp32_device_001,2026-05-21T12:52:31+12:00,153.6,-36.604427,174.802155,2
esp32_device_001,2026-05-21T12:52:36+12:00,157.5,-36.604427,174.802185,2
esp32_device_001,2026-05-21T12:52:41+12:00,160.6,-36.604446,174.8022,2
esp32_device_001,2026-05-21T12:52:46+12:00,164.5,-36.60445,174.8022,2
esp32_device_001,2026-05-21T12:52:51+12:00,166.7,-36.60445,174.802185,2
esp32_device_001,2026-05-21T12:52:56+12:00,169.5,-36.60445,174.802185,2
esp32_device_001,2026-05-21T12:53:01+12:00,171.5,-36.604431,174.80217,2
esp32_device_001,2026-05-21T12:53:06+12:00,174,-36.60442,174.80217,2
esp32_device_001,2026-05-21T12:53:11+12:00,176.3,-36.604404,174.802185,2
esp32_device_001,2026-05-21T12:53:16+12:00,168.8,-36.604439,174.802231,2
esp32_device_001,2026-05-21T12:53:21+12:00,160.3,-36.604465,174.802261,2
esp32_device_001,2026-05-21T12:53:26+12:00,154.8,-36.604492,174.802277,2
esp32_device_001,2026-05-21T12:53:31+12:00,154.1,-36.604496,174.802277,2
esp32_device_001,2026-05-21T12:53:36+12:00,153.9,-36.604488,174.802261,2
esp32_device_001,2026-05-21T12:53:41+12:00,153.6,-36.604485,174.802277,2
esp32_device_001,2026-05-21T12:53:46+12:00,153.8,-36.604492,174.802277,2
esp32_device_001,2026-05-21T12:53:51+12:00,154.3,-36.604481,174.802277,2
esp32_device_001,2026-05-21T12:53:56+12:00,153.7,-36.604485,174.802261,2
esp32_device_001,2026-05-21T12:54:11+12:00,153.7,-36.604389,174.802155,2
esp32_device_001,2026-05-21T12:54:16+12:00,153.7,-36.604355,174.802109,2
esp32_device_001,2026-05-21T12:54:21+12:00,153.7,-36.604366,174.802109,2
esp32_device_001,2026-05-21T12:54:26+12:00,153.7,-36.60437,174.802124,2
esp32_device_001,2026-05-21T12:54:31+12:00,153.7,-36.604492,174.802292,2
esp32_device_001,2026-05-21T12:54:36+12:00,153.7,-36.604568,174.802399,2
esp32_device_001,2026-05-21T12:54:41+12:00,153.7,-36.604591,174.80246,2
esp32_device_001,2026-05-21T12:54:46+12:00,153.7,-36.604607,174.802475,2
esp32_device_001,2026-05-21T12:54:51+12:00,153.7,-36.604641,174.802521,2
esp32_device_001,2026-05-21T12:54:56+12:00,153.7,-36.604652,174.802521,2
esp32_device_001,2026-05-21T12:55:01+12:00,153.7,-36.60466,174.802536,2
esp32_device_001,2026-05-21T12:55:06+12:00,153.7,-36.604679,174.802567,2
esp32_device_001,2026-05-21T12:55:11+12:00,153.7,-36.604687,174.802582,2
esp32_device_001,2026-05-21T12:55:16+12:00,153.7,-36.604687,174.802567,2
esp32_device_001,2026-05-21T12:55:21+12:00,153.7,-36.604691,174.802582,2
esp32_device_001,2026-05-21T12:55:26+12:00,153.7,-36.604706,174.802612,2
esp32_device_001,2026-05-21T12:55:31+12:00,153.7,-36.604713,174.802612,2
esp32_device_001,2026-05-21T12:55:36+12:00,153.7,-36.604725,174.802612,2
esp32_device_001,2026-05-21T12:55:41+12:00,153.7,-36.60474,174.802612,2
esp32_device_001,2026-05-21T12:55:46+12:00,153.7,-36.604748,174.802628,2
esp32_device_001,2026-05-21T12:55:51+12:00,153.7,-36.604763,174.802658,2
esp32_device_001,2026-05-21T12:55:56+12:00,153.7,-36.604771,174.802658,2
esp32_device_001,2026-05-21T12:56:01+12:00,153.7,-36.604771,174.802658,2
esp32_device_001,2026-05-21T12:56:06+12:00,153.7,-36.604763,174.802643,2
esp32_device_001,2026-05-21T12:56:11+12:00,153.7,-36.604759,174.802643,2
esp32_device_001,2026-05-21T12:56:16+12:00,153.7,-36.604755,174.802643,2
esp32_device_001,2026-05-21T12:56:21+12:00,153.7,-36.604759,174.802643,2
esp32_device_001,2026-05-21T12:56:26+12:00,153.7,-36.604767,174.802658,2
esp32_device_001,2026-05-21T12:56:31+12:00,153.7,-36.604755,174.802643,2
esp32_device_001,2026-05-21T12:56:36+12:00,153.7,-36.604744,174.802628,2
esp32_device_001,2026-05-21T12:56:41+12:00,153.7,-36.604736,174.802628,2
esp32_device_001,2026-05-21T12:56:46+12:00,153.7,-36.604736,174.802628,2
esp32_device_001,2026-05-21T12:56:51+12:00,153.7,-36.604733,174.802628,2
esp32_device_001,2026-05-21T12:56:56+12:00,153.7,-36.604729,174.802612,2
esp32_device_001,2026-05-21T12:57:01+12:00,153.7,-36.604725,174.802597,2
esp32_device_001,2026-05-21T12:57:06+12:00,153.7,-36.604713,174.802597,2
esp32_device_001,2026-05-21T12:57:11+12:00,153.7,-36.604717,174.802597,2
esp32_device_001,2026-05-21T12:57:16+12:00,153.7,-36.604725,174.802612,2
esp32_device_001,2026-05-21T12:57:21+12:00,153.7,-36.604729,174.802612,2
esp32_device_001,2026-05-21T12:57:26+12:00,153.7,-36.604721,174.802628,2
esp32_device_001,2026-05-21T12:57:31+12:00,153.7,-36.604702,174.802612,2
esp32_device_001,2026-05-21T12:57:36+12:00,153.7,-36.604694,174.802612,2
esp32_device_001,2026-05-21T12:57:41+12:00,153.7,-36.604698,174.802612,2
esp32_device_001,2026-05-21T12:57:46+12:00,153.7,-36.60471,174.802612,2
esp32_device_001,2026-05-21T12:57:51+12:00,153.7,-36.604717,174.802628,2
esp32_device_001,2026-05-21T12:57:56+12:00,153.7,-36.60471,174.802612,2
esp32_device_001,2026-05-21T12:58:01+12:00,153.7,-36.604702,174.802597,2
esp32_device_001,2026-05-21T12:58:06+12:00,153.7,-36.604691,174.802582,2
esp32_device_001,2026-05-21T12:58:11+12:00,153.7,-36.604691,174.802582,2
esp32_device_001,2026-05-21T12:58:16+12:00,153.7,-36.604687,174.802582,2
esp32_device_001,2026-05-21T12:58:21+12:00,153.7,-36.604698,174.802582,2
esp32_device_001,2026-05-21T12:58:26+12:00,153.7,-36.60471,174.802582,2
esp32_device_001,2026-05-21T12:58:31+12:00,153.7,-36.604721,174.802582,2
esp32_device_001,2026-05-21T12:58:36+12:00,153.7,-36.604733,174.802582,2
esp32_device_001,2026-05-21T12:58:41+12:00,153.7,-36.604729,174.802582,2
esp32_device_001,2026-05-21T12:58:46+12:00,153.7,-36.604729,174.802567,2
esp32_device_001,2026-05-21T12:58:51+12:00,153.7,-36.604729,174.802551,2
esp32_device_001,2026-05-21T12:58:56+12:00,153.7,-36.604717,174.802551,2
esp32_device_001,2026-05-21T12:59:01+12:00,153.7,-36.604729,174.802536,2
esp32_device_001,2026-05-21T12:59:06+12:00,153.7,-36.604733,174.802551,2
esp32_device_001,2026-05-21T12:59:11+12:00,153.7,-36.604736,174.802582,2
esp32_device_001,2026-05-21T12:59:16+12:00,153.7,-36.604748,174.802582,2
esp32_device_001,2026-05-21T12:59:21+12:00,153.7,-36.604759,174.802567,2
esp32_device_001,2026-05-21T12:59:26+12:00,153.7,-36.604767,174.802582,2
esp32_device_001,2026-05-21T12:59:31+12:00,153.7,-36.604774,174.802582,2
esp32_device_001,2026-05-21T12:59:36+12:00,153.7,-36.604774,174.802582,2
esp32_device_001,2026-05-21T12:59:41+12:00,153.7,-36.604774,174.802567,2
esp32_device_001,2026-05-21T12:59:46+12:00,153.7,-36.604767,174.802567,2
esp32_device_001,2026-05-21T12:59:51+12:00,153.7,-36.604752,174.802567,2
esp32_device_001,2026-05-21T12:59:56+12:00,153.7,-36.604744,174.802567,2
esp32_device_001,2026-05-21T13:00:01+12:00,153.7,-36.60474,174.802567,2
esp32_device_001,2026-05-21T13:00:06+12:00,153.7,-36.604748,174.802567,2
esp32_device_001,2026-05-21T13:00:11+12:00,153.7,-36.604755,174.802567,2
esp32_device_001,2026-05-21T13:00:16+12:00,153.7,-36.604755,174.802582,2
esp32_device_001,2026-05-21T13:00:21+12:00,153.7,-36.604752,174.802567,2
esp32_device_001,2026-05-21T13:00:26+12:00,153.7,-36.604744,174.802567,2
esp32_device_001,2026-05-21T13:00:31+12:00,153.7,-36.604733,174.802567,2
esp32_device_001,2026-05-21T13:00:36+12:00,153.7,-36.60474,174.802567,2
esp32_device_001,2026-05-21T13:00:41+12:00,153.7,-36.604733,174.802582,2
esp32_device_001,2026-05-21T13:00:46+12:00,153.7,-36.604733,174.802597,2
esp32_device_001,2026-05-21T13:00:51+12:00,153.7,-36.604725,174.802597,2
esp32_device_001,2026-05-21T13:00:56+12:00,153.7,-36.60471,174.802597,2
esp32_device_001,2026-05-21T13:01:01+12:00,153.7,-36.604725,174.802597,2
esp32_device_001,2026-05-21T13:01:06+12:00,153.7,-36.604729,174.802597,2
esp32_device_001,2026-05-21T13:01:11+12:00,153.7,-36.604713,174.802597,2
esp32_device_001,2026-05-21T13:01:16+12:00,153.7,-36.604725,174.802582,2
esp32_device_001,2026-05-21T13:01:21+12:00,153.7,-36.604717,174.802612,2
esp32_device_001,2026-05-21T13:01:26+12:00,153.7,-36.604698,174.802643,2
esp32_device_001,2026-05-21T13:01:31+12:00,153.7,-36.604683,174.802658,2
esp32_device_001,2026-05-21T13:01:36+12:00,153.7,-36.604679,174.802643,2
esp32_device_001,2026-05-21T13:01:41+12:00,153.7,-36.604687,174.802643,2
esp32_device_001,2026-05-21T13:01:46+12:00,153.7,-36.604691,174.802643,2
esp32_device_001,2026-05-21T13:01:51+12:00,153.7,-36.604694,174.802643,2
esp32_device_001,2026-05-21T13:01:56+12:00,153.7,-36.604698,174.802643,2
esp32_device_001,2026-05-21T13:02:01+12:00,153.7,-36.604698,174.802628,2
esp32_device_001,2026-05-21T13:02:06+12:00,153.7,-36.60471,174.802612,2
esp32_device_001,2026-05-21T13:02:11+12:00,153.7,-36.604713,174.802597,2
esp32_device_001,2026-05-21T13:02:16+12:00,153.7,-36.604729,174.802597,2
esp32_device_001,2026-05-21T13:02:21+12:00,153.7,-36.604733,174.802597,2
esp32_device_001,2026-05-21T13:02:26+12:00,153.7,-36.604725,174.802597,2
esp32_device_001,2026-05-21T13:02:31+12:00,153.7,-36.604736,174.802597,2
esp32_device_001,2026-05-21T13:02:36+12:00,153.7,-36.604744,174.802597,2
esp32_device_001,2026-05-21T13:02:41+12:00,153.7,-36.604733,174.802597,2
esp32_device_001,2026-05-21T13:02:46+12:00,153.7,-36.604733,174.802597,2
esp32_device_001,2026-05-21T13:02:51+12:00,153.7,-36.604725,174.802582,2
esp32_device_001,2026-05-21T13:02:56+12:00,153.7,-36.60471,174.802612,2
esp32_device_001,2026-05-21T13:03:01+12:00,153.7,-36.604706,174.802612,2
esp32_device_001,2026-05-21T13:03:06+12:00,153.7,-36.604694,174.802612,2
esp32_device_001,2026-05-21T13:03:11+12:00,153.7,-36.604675,174.802612,2
esp32_device_001,2026-05-21T13:03:16+12:00,153.7,-36.604637,174.802612,2
esp32_device_001,2026-05-21T13:03:21+12:00,153.7,-36.60461,174.802628,2
esp32_device_001,2026-05-21T13:03:26+12:00,153.7,-36.604588,174.802658,2
esp32_device_001,2026-05-21T13:03:31+12:00,153.7,-36.604584,174.802658,2
esp32_device_001,2026-05-21T13:03:36+12:00,153.7,-36.604603,174.802628,2
esp32_device_001,2026-05-21T13:03:41+12:00,153.7,-36.604618,174.802643,2
esp32_device_001,2026-05-21T13:03:46+12:00,153.7,-36.604645,174.802612,2
esp32_device_001,2026-05-21T13:03:51+12:00,153.7,-36.604671,174.802582,2
esp32_device_001,2026-05-21T13:03:56+12:00,153.7,-36.604664,174.802597,2
esp32_device_001,2026-05-21T13:04:13+12:00,70.3,-36.604656,174.802536,2
esp32_device_001,2026-05-21T13:04:18+12:00,70.1,-36.604641,174.802551,2
esp32_device_001,2026-05-21T13:04:23+12:00,70,-36.604706,174.802505,2
esp32_device_001,2026-05-21T13:04:28+12:00,73.3,-36.604733,174.80246,2
esp32_device_001,2026-05-21T13:04:33+12:00,79.6,-36.60479,174.802383,2
esp32_device_001,2026-05-21T13:04:38+12:00,84.5,-36.604805,174.802353,2
esp32_device_001,2026-05-21T13:04:43+12:00,90,-36.604877,174.802277,2
esp32_device_001,2026-05-21T13:04:48+12:00,92.8,-36.604858,174.802261,2
esp32_device_001,2026-05-21T13:04:53+12:00,93.9,-36.604809,174.802292,2
esp32_device_001,2026-05-21T13:04:58+12:00,92.9,-36.604713,174.802368,2
esp32_device_001,2026-05-21T13:05:03+12:00,91.4,-36.604656,174.802414,2
esp32_device_001,2026-05-21T13:05:08+12:00,90.7,-36.604637,174.802444,2
esp32_device_001,2026-05-21T13:05:13+12:00,89.4,-36.604656,174.802444,2
esp32_device_001,2026-05-21T13:05:18+12:00,86.1,-36.60466,174.802475,2
esp32_device_001,2026-05-21T13:05:23+12:00,82.8,-36.604637,174.802521,2
esp32_device_001,2026-05-21T13:05:28+12:00,79.3,-36.604637,174.802536,2
esp32_device_001,2026-05-21T13:05:33+12:00,76.9,-36.604641,174.802536,2
esp32_device_001,2026-05-21T13:05:38+12:00,74.2,-36.604664,174.802521,2
esp32_device_001,2026-05-21T13:05:43+12:00,71.5,-36.604675,174.802521,2
esp32_device_001,2026-05-21T13:05:48+12:00,79.7,-36.604568,174.802536,2
esp32_device_001,2026-05-21T13:05:53+12:00,80,-36.604565,174.802536,2
esp32_device_001,2026-05-21T13:05:58+12:00,77.1,-36.604591,174.802521,2
esp32_device_001,2026-05-21T13:06:03+12:00,74,-36.604599,174.802536,2
esp32_device_001,2026-05-21T13:06:08+12:00,71.3,-36.604607,174.802536,2
esp32_device_001,2026-05-21T13:06:13+12:00,67.9,-36.60461,174.802551,2
esp32_device_001,2026-05-21T13:06:18+12:00,66.5,-36.604622,174.802536,2
esp32_device_001,2026-05-21T13:06:23+12:00,65.9,-36.604614,174.802551,2
esp32_device_001,2026-05-21T13:06:28+12:00,64.3,-36.604618,174.802551,2
esp32_device_001,2026-05-21T13:06:33+12:00,64.4,-36.604607,174.802551,2
esp32_device_001,2026-05-21T13:06:38+12:00,64.4,-36.604614,174.802536,2
esp32_device_001,2026-05-21T13:06:43+12:00,65.1,-36.604626,174.802536,2
esp32_device_001,2026-05-21T13:06:48+12:00,63.3,-36.604652,174.802521,2
esp32_device_001,2026-05-21T13:06:53+12:00,62.4,-36.604671,174.802521,2
esp32_device_001,2026-05-21T13:06:58+12:00,62.2,-36.604683,174.802521,2
esp32_device_001,2026-05-21T13:07:03+12:00,61.1,-36.604691,174.802505,2
esp32_device_001,2026-05-21T13:07:08+12:00,60.3,-36.604702,174.802505,2
esp32_device_001,2026-05-21T13:07:13+12:00,57.9,-36.604706,174.802521,2
esp32_device_001,2026-05-21T13:07:18+12:00,56.5,-36.604702,174.802521,2
esp32_device_001,2026-05-21T13:07:23+12:00,56.2,-36.604706,174.802505,2
esp32_device_001,2026-05-21T13:07:28+12:00,56,-36.604713,174.802505,2
esp32_device_001,2026-05-21T13:07:33+12:00,53.2,-36.604721,174.802505,2
esp32_device_001,2026-05-21T13:07:38+12:00,50.2,-36.604729,174.802505,2
esp32_device_001,2026-05-21T13:07:43+12:00,49.4,-36.604729,174.802521,2
esp32_device_001,2026-05-21T13:07:48+12:00,48.1,-36.604733,174.802521,2
esp32_device_001,2026-05-21T13:07:53+12:00,45.6,-36.604736,174.802536,2
esp32_device_001,2026-05-21T13:07:58+12:00,42.7,-36.604736,174.802551,2
esp32_device_001,2026-05-21T13:08:03+12:00,41.3,-36.60474,174.802551,2
esp32_device_001,2026-05-21T13:08:08+12:00,40,-36.60474,174.802551,2
esp32_device_001,2026-05-21T13:08:13+12:00,38.4,-36.604744,174.802582,2
esp32_device_001,2026-05-21T13:08:18+12:00,36.9,-36.604744,174.802597,2
esp32_device_001,2026-05-21T13:08:23+12:00,35.1,-36.604748,174.802597,2
esp32_device_001,2026-05-21T13:08:28+12:00,33.5,-36.60474,174.802612,2
esp32_device_001,2026-05-21T13:08:33+12:00,31.6,-36.604736,174.802658,2
esp32_device_001,2026-05-21T13:08:38+12:00,30.3,-36.604748,174.802658,2
esp32_device_001,2026-05-21T13:08:43+12:00,32.1,-36.604748,174.802628,2
esp32_device_001,2026-05-21T13:08:48+12:00,30.4,-36.604755,174.802612,2
esp32_device_001,2026-05-21T13:08:53+12:00,29.4,-36.604763,174.802628,2
esp32_device_001,2026-05-21T13:08:58+12:00,29.6,-36.604794,174.802597,2
esp32_device_001,2026-05-21T13:09:24+12:00,20.6,-36.60474,174.802689,2
esp32_device_001,2026-05-21T13:09:29+12:00,20.5,-36.60474,174.802689,2
esp32_device_001,2026-05-21T13:09:34+12:00,20.2,-36.60474,174.802689,2
esp32_device_001,2026-05-21T13:09:39+12:00,19.4,-36.604733,174.802719,2
esp32_device_001,2026-05-21T13:09:44+12:00,17.5,-36.604691,174.80275,2
esp32_device_001,2026-05-21T13:09:49+12:00,14.9,-36.604652,174.802811,2
esp32_device_001,2026-05-21T13:09:54+12:00,13.4,-36.604645,174.802811,2
esp32_device_001,2026-05-21T13:09:59+12:00,13.8,-36.604649,174.802795,2
esp32_device_001,2026-05-21T13:10:04+12:00,13.6,-36.604671,174.80278,2
esp32_device_001,2026-05-21T13:10:09+12:00,13.1,-36.604671,174.80275,2
esp32_device_001,2026-05-21T13:10:14+12:00,11.9,-36.604691,174.802734,2
esp32_device_001,2026-05-21T13:10:19+12:00,11,-36.604713,174.802689,2
esp32_device_001,2026-05-21T13:10:24+12:00,10.3,-36.604729,174.802689,2
esp32_device_001,2026-05-21T13:10:29+12:00,10.4,-36.604725,174.802689,2
esp32_device_001,2026-05-21T13:10:34+12:00,11.1,-36.60471,174.802704,2
esp32_device_001,2026-05-21T13:10:39+12:00,10.7,-36.604687,174.802719,2
esp32_device_001,2026-05-21T13:10:44+12:00,12.5,-36.604675,174.802719,2
esp32_device_001,2026-05-21T13:10:49+12:00,12.1,-36.604679,174.802719,2
esp32_device_001,2026-05-21T13:10:54+12:00,11.2,-36.604698,174.802704,2
esp32_device_001,2026-05-21T13:10:59+12:00,24.2,-36.604744,174.802582,2
esp32_device_001,2026-05-21T13:11:04+12:00,23.5,-36.604755,174.802582,2
esp32_device_001,2026-05-21T13:11:09+12:00,39,-36.60474,174.802505,2
esp32_device_001,2026-05-21T13:11:14+12:00,40.9,-36.604721,174.802536,2
esp32_device_001,2026-05-21T13:11:19+12:00,44.2,-36.604725,174.802567,2
esp32_device_001,2026-05-21T13:11:24+12:00,48,-36.604729,174.802536,2
esp32_device_001,2026-05-21T13:11:29+12:00,52.6,-36.604744,174.802505,2
esp32_device_001,2026-05-21T13:11:34+12:00,55.2,-36.604748,174.802505,2
esp32_device_001,2026-05-21T13:11:39+12:00,57.1,-36.604733,174.802521,2
esp32_device_001,2026-05-21T13:11:44+12:00,59.8,-36.604691,174.802567,2
esp32_device_001,2026-05-21T13:11:49+12:00,62.9,-36.604671,174.802551,2
esp32_device_001,2026-05-21T13:11:54+12:00,65.4,-36.60466,174.802551,2
esp32_device_001,2026-05-21T13:11:59+12:00,66.5,-36.604687,174.802521,2
esp32_device_001,2026-05-21T13:12:04+12:00,64.9,-36.60471,174.802521,2
esp32_device_001,2026-05-21T13:12:09+12:00,66.7,-36.604691,174.802521,2
esp32_device_001,2026-05-21T13:12:14+12:00,66.4,-36.604694,174.802505,2
esp32_device_001,2026-05-21T13:12:19+12:00,57,-36.604748,174.802505,2
esp32_device_001,2026-05-21T13:12:24+12:00,54.4,-36.604748,174.802505,2
esp32_device_001,2026-05-21T13:12:29+12:00,55.9,-36.60479,174.80246,2
esp32_device_001,2026-05-21T13:12:34+12:00,57.5,-36.60479,174.80246,2
esp32_device_001,2026-05-21T13:12:39+12:00,57.8,-36.604832,174.802399,2
esp32_device_001,2026-05-21T13:12:44+12:00,58.2,-36.604851,174.802383,2
esp32_device_001,2026-05-21T13:12:49+12:00,58.1,-36.604828,174.802414,2
esp32_device_001,2026-05-21T13:12:54+12:00,58.5,-36.604797,174.80246,2
esp32_device_001,2026-05-21T13:12:59+12:00,58.4,-36.604725,174.802551,2
esp32_device_001,2026-05-21T13:13:04+12:00,58.5,-36.604664,174.802612,2
esp32_device_001,2026-05-21T13:13:09+12:00,59.3,-36.60466,174.802597,2
esp32_device_001,2026-05-21T13:13:14+12:00,63.1,-36.604633,174.802612,2
esp32_device_001,2026-05-21T13:13:19+12:00,76.4,-36.604561,174.802612,2
esp32_device_001,2026-05-21T13:13:24+12:00,85.7,-36.604523,174.802628,2
esp32_device_001,2026-05-21T13:13:29+12:00,92.2,-36.604492,174.802628,2
esp32_device_001,2026-05-21T13:13:34+12:00,99.5,-36.604465,174.802612,2
esp32_device_001,2026-05-21T13:13:39+12:00,107.2,-36.604431,174.802582,2
esp32_device_001,2026-05-21T13:13:44+12:00,115.3,-36.604424,174.802551,2
esp32_device_001,2026-05-21T13:13:49+12:00,123.6,-36.604408,174.802536,2
esp32_device_001,2026-05-21T13:13:54+12:00,135.4,-36.604374,174.802521,2
esp32_device_001,2026-05-21T13:13:59+12:00,145.5,-36.604332,174.802521,2
esp32_device_001,2026-05-21T13:14:29+12:00,152.1,-36.604481,174.802338,2
esp32_device_001,2026-05-21T13:14:34+12:00,150.1,-36.604546,174.802292,2
esp32_device_001,2026-05-21T13:14:44+12:00,146.2,-36.604591,174.802231,2
esp32_device_001,2026-05-21T13:14:49+12:00,141.9,-36.60463,174.802216,2
esp32_device_001,2026-05-21T13:14:54+12:00,138,-36.604649,174.802216,2
esp32_device_001,2026-05-21T13:14:59+12:00,135.2,-36.604656,174.802216,2
esp32_device_001,2026-05-21T13:15:04+12:00,134.1,-36.60463,174.802246,2
esp32_device_001,2026-05-21T13:15:09+12:00,132.4,-36.604595,174.802277,2
esp32_device_001,2026-05-21T13:15:14+12:00,130.2,-36.604565,174.802322,2
esp32_device_001,2026-05-21T13:15:29+12:00,127.6,-36.604679,174.802246,2
esp32_device_001,2026-05-21T13:15:34+12:00,127.1,-36.604717,174.802231,2
esp32_device_001,2026-05-21T13:15:39+12:00,126.8,-36.604786,174.80217,2
esp32_device_001,2026-05-21T13:15:44+12:00,125.9,-36.604797,174.802139,2
esp32_device_001,2026-05-21T13:15:49+12:00,124.5,-36.604874,174.802124,2
esp32_device_001,2026-05-21T13:16:14+12:00,112.5,-36.604675,174.802399,2
esp32_device_001,2026-05-21T13:16:29+12:00,107.5,-36.604618,174.802429,2
esp32_device_001,2026-05-21T13:16:34+12:00,108.1,-36.60463,174.802399,2
esp32_device_001,2026-05-21T13:16:39+12:00,107.5,-36.604671,174.802368,2
esp32_device_001,2026-05-21T13:16:44+12:00,108.2,-36.604683,174.802368,2
esp32_device_001,2026-05-21T13:16:49+12:00,108.5,-36.604675,174.802368,2
esp32_device_001,2026-05-21T13:16:54+12:00,107.5,-36.60458,174.802429,2
esp32_device_001,2026-05-21T13:16:59+12:00,106.6,-36.604473,174.80246,2
esp32_device_001,2026-05-21T13:17:04+12:00,105.1,-36.604359,174.802521,2
esp32_device_001,2026-05-21T13:17:09+12:00,104.8,-36.604355,174.802521,2
esp32_device_001,2026-05-21T13:17:19+12:00,104.4,-36.604401,174.802505,2
esp32_device_001,2026-05-21T13:17:24+12:00,104.1,-36.604443,174.80249,2
esp32_device_001,2026-05-21T13:17:29+12:00,104.4,-36.604481,174.80246,2
esp32_device_001,2026-05-21T13:17:34+12:00,103.8,-36.604542,174.802414,2
esp32_device_001,2026-05-21T13:17:39+12:00,104.2,-36.604538,174.802429,2
esp32_device_001,2026-05-21T13:17:49+12:00,103.7,-36.604595,174.80246,2
esp32_device_001,2026-05-21T13:17:54+12:00,103.1,-36.604576,174.802475,2
esp32_device_001,2026-05-21T13:18:04+12:00,102,-36.604641,174.802429,2
esp32_device_001,2026-05-21T13:18:14+12:00,103.8,-36.604656,174.802399,2
esp32_device_001,2026-05-21T13:18:29+12:00,102.6,-36.604424,174.802521,2
esp32_device_001,2026-05-21T13:18:34+12:00,101.4,-36.604328,174.802582,2
esp32_device_001,2026-05-21T13:18:39+12:00,100,-36.604244,174.802643,2
esp32_device_001,2026-05-21T13:18:44+12:00,98.3,-36.604282,174.802643,2
esp32_device_001,2026-05-21T13:19:35+12:00,98.3,-36.6045,174.802475,2
esp32_device_001,2026-05-21T13:19:40+12:00,98.3,-36.604485,174.80249,2
esp32_device_001,2026-05-21T13:19:45+12:00,98.3,-36.604458,174.802505,2
esp32_device_001,2026-05-21T13:19:50+12:00,98.3,-36.604519,174.802521,2
esp32_device_001,2026-05-21T13:19:55+12:00,98.3,-36.604496,174.802536,2
esp32_device_001,2026-05-21T13:20:00+12:00,98.3,-36.6045,174.802521,2
esp32_device_001,2026-05-21T13:20:05+12:00,98.3,-36.604485,174.802521,2
esp32_device_001,2026-05-21T13:20:10+12:00,98.3,-36.604519,174.802521,2
esp32_device_001,2026-05-21T13:20:15+12:00,98.3,-36.604565,174.802536,2
esp32_device_001,2026-05-21T13:20:20+12:00,98.3,-36.604591,174.802536,2
esp32_device_001,2026-05-21T13:20:25+12:00,98.3,-36.604633,174.802536,2
esp32_device_001,2026-05-21T13:20:30+12:00,98.3,-36.604691,174.802551,2
esp32_device_001,2026-05-21T13:20:35+12:00,98.3,-36.604721,174.802567,2
esp32_device_001,2026-05-21T13:20:40+12:00,98.3,-36.604717,174.802582,2
esp32_device_001,2026-05-21T13:20:45+12:00,98.3,-36.604721,174.802597,2
esp32_device_001,2026-05-21T13:20:50+12:00,98.3,-36.604725,174.802597,2
esp32_device_001,2026-05-21T13:20:55+12:00,98.3,-36.604744,174.802597,2
esp32_device_001,2026-05-21T13:21:00+12:00,98.3,-36.604725,174.802612,2
esp32_device_001,2026-05-21T13:21:05+12:00,98.3,-36.604706,174.802628,2
esp32_device_001,2026-05-21T13:21:10+12:00,98.3,-36.604694,174.802628,2
esp32_device_001,2026-05-21T13:21:15+12:00,98.3,-36.604698,174.802643,2
esp32_device_001,2026-05-21T13:21:20+12:00,98.3,-36.604706,174.802643,2
esp32_device_001,2026-05-21T13:21:25+12:00,98.3,-36.604713,174.802643,2
esp32_device_001,2026-05-21T13:21:30+12:00,98.3,-36.604706,174.802628,2
esp32_device_001,2026-05-21T13:21:35+12:00,98.3,-36.604691,174.802658,2
esp32_device_001,2026-05-21T13:21:40+12:00,98.3,-36.604675,174.802658,2
esp32_device_001,2026-05-21T13:21:45+12:00,98.3,-36.604691,174.802658,2
esp32_device_001,2026-05-21T13:21:55+12:00,98.3,-36.604595,174.802612,2
esp32_device_001,2026-05-21T13:22:05+12:00,98.3,-36.604618,174.802582,2
esp32_device_001,2026-05-21T13:22:10+12:00,98.3,-36.604614,174.802582,2
esp32_device_001,2026-05-21T13:22:15+12:00,98.3,-36.604572,174.802612,2
esp32_device_001,2026-05-21T13:22:30+12:00,55.7,-36.604485,174.802689,2
esp32_device_001,2026-05-21T13:22:35+12:00,55.7,-36.6045,174.802658,2
esp32_device_001,2026-05-21T13:22:40+12:00,55.7,-36.604496,174.802658,2
esp32_device_001,2026-05-21T13:22:45+12:00,55.7,-36.604454,174.802673,2
esp32_device_001,2026-05-21T13:25:16+12:00,55.3,-36.604649,174.802597,2
esp32_device_001,2026-05-21T13:25:21+12:00,56.5,-36.604675,174.802582,2
esp32_device_001,2026-05-21T13:25:26+12:00,57.8,-36.60463,174.802628,2
esp32_device_001,2026-05-21T13:25:31+12:00,57.7,-36.604675,174.802597,2
esp32_device_001,2026-05-21T13:25:36+12:00,55.4,-36.604652,174.802612,2
esp32_device_001,2026-05-21T13:25:41+12:00,58.9,-36.604877,174.802414,2
esp32_device_001,2026-05-21T13:25:46+12:00,60,-36.605099,174.802246,2
esp32_device_001,2026-05-21T13:25:51+12:00,66.4,-36.605568,174.801865,2
esp32_device_001,2026-05-21T13:25:56+12:00,71.6,-36.605846,174.80162,2
esp32_device_001,2026-05-21T13:26:01+12:00,79.5,-36.605907,174.801575,2
esp32_device_001,2026-05-21T13:26:11+12:00,81.1,-36.605701,174.801712,2
esp32_device_001,2026-05-21T13:26:16+12:00,80.6,-36.605488,174.801865,2
esp32_device_001,2026-05-21T13:26:21+12:00,80.3,-36.605278,174.802002,2
esp32_device_001,2026-05-21T13:26:26+12:00,80.5,-36.605114,174.802124,2
esp32_device_001,2026-05-21T13:26:31+12:00,80.5,-36.60503,174.802185,2
esp32_device_001,2026-05-21T13:26:36+12:00,79.9,-36.60495,174.802246,2
esp32_device_001,2026-05-21T13:26:41+12:00,80.3,-36.604923,174.802261,2
esp32_device_001,2026-05-21T13:26:46+12:00,80.4,-36.604881,174.802307,2
esp32_device_001,2026-05-21T13:26:51+12:00,80.9,-36.604847,174.802338,2
esp32_device_001,2026-05-21T13:26:56+12:00,80.9,-36.604839,174.802338,2
esp32_device_001,2026-05-21T13:27:01+12:00,81.2,-36.604828,174.802353,2
esp32_device_001,2026-05-21T13:27:06+12:00,80.9,-36.604797,174.802383,2
esp32_device_001,2026-05-21T13:27:11+12:00,80.7,-36.60479,174.802399,2
esp32_device_001,2026-05-21T13:27:16+12:00,80.8,-36.604774,174.802414,2
esp32_device_001,2026-05-21T13:27:21+12:00,81.2,-36.604782,174.802399,2
esp32_device_001,2026-05-21T13:27:26+12:00,81.1,-36.604778,174.802414,2
esp32_device_001,2026-05-21T13:27:31+12:00,71.7,-36.604584,174.802597,2
esp32_device_001,2026-05-21T13:27:36+12:00,69.8,-36.604469,174.802704,2
esp32_device_001,2026-05-21T13:27:41+12:00,71.1,-36.604515,174.802673,2
esp32_device_001,2026-05-21T13:27:46+12:00,70.4,-36.604523,174.802689,2
esp32_device_001,2026-05-21T13:27:51+12:00,71.2,-36.604565,174.802658,2
esp32_device_001,2026-05-21T13:27:56+12:00,71.5,-36.604603,174.802628,2
esp32_device_001,2026-05-21T13:28:01+12:00,71.4,-36.604645,174.802597,2
esp32_device_001,2026-05-21T13:28:06+12:00,71.4,-36.604702,174.802551,2
esp32_device_001,2026-05-21T13:28:11+12:00,70.7,-36.604736,174.802536,2
esp32_device_001,2026-05-21T13:28:16+12:00,70.9,-36.604752,174.802521,2
esp32_device_001,2026-05-21T13:28:21+12:00,70.5,-36.604767,174.802505,2
esp32_device_001,2026-05-21T13:28:26+12:00,73.1,-36.604782,174.80249,2
esp32_device_001,2026-05-21T13:28:31+12:00,73.9,-36.60487,174.802399,2
esp32_device_001,2026-05-21T13:28:36+12:00,75.1,-36.604851,174.802414,2
esp32_device_001,2026-05-21T13:28:41+12:00,75.6,-36.604847,174.802414,2
esp32_device_001,2026-05-21T13:28:46+12:00,75,-36.604832,174.802414,2
esp32_device_001,2026-05-21T13:28:51+12:00,74.2,-36.604801,174.802444,2
esp32_device_001,2026-05-21T13:28:56+12:00,72.2,-36.604782,174.802475,2
esp32_device_001,2026-05-21T13:29:54+12:00,65.7,-36.604744,174.802551,2
esp32_device_001,2026-05-21T13:29:59+12:00,65,-36.604752,174.802536,2
esp32_device_001,2026-05-21T13:30:04+12:00,64.7,-36.604748,174.802536,2
esp32_device_001,2026-05-21T13:30:09+12:00,63.9,-36.604744,174.802551,2
esp32_device_001,2026-05-21T13:30:14+12:00,63.2,-36.60474,174.802551,2
esp32_device_001,2026-05-21T13:30:19+12:00,61.8,-36.604759,174.802551,2
esp32_device_001,2026-05-21T13:30:24+12:00,60.4,-36.604759,174.802567,2
esp32_device_001,2026-05-21T13:30:29+12:00,58.8,-36.604774,174.802582,2
esp32_device_001,2026-05-21T13:30:34+12:00,57.7,-36.604778,174.802582,2
esp32_device_001,2026-05-21T13:30:39+12:00,55.5,-36.604794,174.802582,2
esp32_device_001,2026-05-21T13:30:44+12:00,52.5,-36.604797,174.802597,2
esp32_device_001,2026-05-21T13:30:49+12:00,49.7,-36.604801,174.802597,2
esp32_device_001,2026-05-21T13:30:54+12:00,46.4,-36.604805,174.802612,2
esp32_device_001,2026-05-21T13:30:59+12:00,43.9,-36.604805,174.802612,2
esp32_device_001,2026-05-21T13:31:04+12:00,41.5,-36.604805,174.802628,2
esp32_device_001,2026-05-21T13:31:09+12:00,38.5,-36.604813,174.802643,2
esp32_device_001,2026-05-21T13:31:14+12:00,35.8,-36.604813,174.802658,2
esp32_device_001,2026-05-21T13:31:19+12:00,33.3,-36.604816,174.802673,2
esp32_device_001,2026-05-21T13:31:24+12:00,31.5,-36.604813,174.802673,2
esp32_device_001,2026-05-21T13:31:29+12:00,30.2,-36.604813,174.802673,2
esp32_device_001,2026-05-21T13:31:34+12:00,29,-36.604813,174.802689,2
esp32_device_001,2026-05-21T13:31:39+12:00,29.7,-36.604797,174.802673,2
esp32_device_001,2026-05-21T13:31:44+12:00,30.2,-36.604794,174.802673,2
esp32_device_001,2026-05-21T13:31:49+12:00,29.6,-36.604794,174.802673,2
esp32_device_001,2026-05-21T13:31:54+12:00,29,-36.604797,174.802673,2
esp32_device_001,2026-05-21T13:31:59+12:00,28.4,-36.604797,174.802673,2
esp32_device_001,2026-05-21T13:32:04+12:00,28.2,-36.604794,174.802673,2
esp32_device_001,2026-05-21T13:32:09+12:00,27.5,-36.604816,174.802673,2
esp32_device_001,2026-05-21T13:32:14+12:00,27,-36.604816,174.802673,2
esp32_device_001,2026-05-21T13:32:19+12:00,26.8,-36.604813,174.802673,2
esp32_device_001,2026-05-21T13:32:24+12:00,27.7,-36.604824,174.802658,2
esp32_device_001,2026-05-21T13:32:29+12:00,28.6,-36.604816,174.802658,2
esp32_device_001,2026-05-21T13:32:34+12:00,27.9,-36.60482,174.802658,2
esp32_device_001,2026-05-21T13:32:39+12:00,27.4,-36.604828,174.802643,2
esp32_device_001,2026-05-21T13:32:44+12:00,27,-36.604816,174.802643,2
esp32_device_001,2026-05-21T13:32:49+12:00,26.4,-36.60482,174.802658,2
esp32_device_001,2026-05-21T13:32:54+12:00,24.5,-36.60482,174.802658,2
esp32_device_001,2026-05-21T13:32:59+12:00,22.2,-36.604824,174.802658,2
esp32_device_001,2026-05-21T13:33:04+12:00,21.8,-36.604816,174.802643,2
esp32_device_001,2026-05-21T13:33:09+12:00,21.5,-36.604797,174.802643,2
esp32_device_001,2026-05-21T13:33:14+12:00,20.3,-36.604794,174.802658,2
esp32_device_001,2026-05-21T13:33:19+12:00,19.2,-36.604786,174.802673,2
esp32_device_001,2026-05-21T13:33:24+12:00,19.8,-36.604786,174.802658,2
esp32_device_001,2026-05-21T13:33:29+12:00,20.6,-36.604797,174.802658,2
esp32_device_001,2026-05-21T13:33:34+12:00,20,-36.604797,174.802658,2
esp32_device_001,2026-05-21T13:33:39+12:00,20.2,-36.604786,174.802658,2
esp32_device_001,2026-05-21T13:33:44+12:00,21.7,-36.604797,174.802658,2
esp32_device_001,2026-05-21T13:33:49+12:00,23.6,-36.604794,174.802643,2
esp32_device_001,2026-05-21T13:33:54+12:00,24.6,-36.604786,174.802643,2
esp32_device_001,2026-05-21T13:33:59+12:00,25.5,-36.60479,174.802643,2
esp32_device_001,2026-05-21T13:34:16+12:00,27.7,-36.604755,174.802643,2
esp32_device_001,2026-05-21T13:34:21+12:00,28.1,-36.604755,174.802643,2
esp32_device_001,2026-05-21T13:34:26+12:00,29,-36.604744,174.802643,2
esp32_device_001,2026-05-21T13:34:31+12:00,29.8,-36.604755,174.802643,2
esp32_device_001,2026-05-21T13:34:36+12:00,31.3,-36.604748,174.802643,2
esp32_device_001,2026-05-21T13:34:41+12:00,31.6,-36.604744,174.802643,2
esp32_device_001,2026-05-21T13:34:46+12:00,30.6,-36.60474,174.802658,2
esp32_device_001,2026-05-21T13:34:51+12:00,30.3,-36.60474,174.802673,2
esp32_device_001,2026-05-21T13:34:56+12:00,29.7,-36.604736,174.802689,2
esp32_device_001,2026-05-21T13:35:01+12:00,31,-36.604752,174.802658,2
esp32_device_001,2026-05-21T13:35:06+12:00,31.4,-36.604736,174.802658,2
esp32_device_001,2026-05-21T13:35:11+12:00,31.9,-36.60471,174.802673,2
esp32_device_001,2026-05-21T13:35:16+12:00,31.6,-36.604698,174.802689,2
esp32_device_001,2026-05-21T13:35:21+12:00,31.6,-36.604702,174.802689,2
esp32_device_001,2026-05-21T13:35:26+12:00,28.5,-36.604675,174.802719,2
esp32_device_001,2026-05-21T13:35:31+12:00,28.4,-36.604671,174.802734,2
esp32_device_001,2026-05-21T13:35:36+12:00,29.2,-36.604668,174.80275,2
esp32_device_001,2026-05-21T13:35:41+12:00,29.7,-36.604671,174.80275,2
esp32_device_001,2026-05-21T13:35:46+12:00,29.7,-36.604668,174.80275,2
esp32_device_001,2026-05-21T13:35:51+12:00,29.7,-36.604683,174.802719,2
esp32_device_001,2026-05-21T13:35:56+12:00,30.8,-36.604736,174.802643,2
esp32_device_001,2026-05-21T13:36:01+12:00,31.6,-36.604748,174.802597,2
esp32_device_001,2026-05-21T13:36:06+12:00,32.5,-36.604778,174.802551,2
esp32_device_001,2026-05-21T13:36:11+12:00,34.2,-36.604858,174.80246,2
esp32_device_001,2026-05-21T13:36:16+12:00,36.9,-36.604965,174.802307,2
esp32_device_001,2026-05-21T13:36:21+12:00,39.6,-36.605022,174.802246,2
esp32_device_001,2026-05-21T13:36:26+12:00,41.6,-36.605019,174.802246,2
esp32_device_001,2026-05-21T13:36:31+12:00,43.3,-36.604973,174.802292,2
esp32_device_001,2026-05-21T13:36:36+12:00,44.4,-36.604923,174.802353,2
esp32_device_001,2026-05-21T13:36:41+12:00,45.3,-36.604874,174.802429,2
esp32_device_001,2026-05-21T13:36:46+12:00,46.1,-36.60482,174.80249,2
esp32_device_001,2026-05-21T13:36:51+12:00,46.7,-36.604797,174.802521,2
esp32_device_001,2026-05-21T13:36:56+12:00,45.1,-36.604774,174.802567,2
esp32_device_001,2026-05-21T13:37:01+12:00,45.1,-36.604809,174.802536,2
esp32_device_001,2026-05-21T13:37:06+12:00,45.7,-36.60482,174.802521,2
esp32_device_001,2026-05-21T13:37:11+12:00,46,-36.604832,174.802536,2
esp32_device_001,2026-05-21T13:37:16+12:00,46.7,-36.604832,174.802551,2
esp32_device_001,2026-05-21T13:37:21+12:00,47.3,-36.604816,174.802551,2
esp32_device_001,2026-05-21T13:37:26+12:00,47.5,-36.604797,174.802582,2
esp32_device_001,2026-05-21T13:37:31+12:00,47.3,-36.604786,174.802612,2
esp32_device_001,2026-05-21T13:37:36+12:00,46.5,-36.604763,174.802643,2
esp32_device_001,2026-05-21T13:37:41+12:00,47.3,-36.604771,174.802643,2
esp32_device_001,2026-05-21T13:37:46+12:00,47.8,-36.604748,174.802658,2
esp32_device_001,2026-05-21T13:37:51+12:00,48.1,-36.604744,174.802658,2
esp32_device_001,2026-05-21T13:37:56+12:00,48.2,-36.604744,174.802643,2
esp32_device_001,2026-05-21T13:38:01+12:00,48.1,-36.60474,174.802643,2
esp32_device_001,2026-05-21T13:38:06+12:00,48.8,-36.604736,174.802643,2
esp32_device_001,2026-05-21T13:38:11+12:00,48.8,-36.60474,174.802658,2
esp32_device_001,2026-05-21T13:38:16+12:00,48.2,-36.604744,174.802673,2
esp32_device_001,2026-05-21T13:38:21+12:00,47.2,-36.604752,174.802673,2
esp32_device_001,2026-05-21T13:38:26+12:00,47.2,-36.604744,174.802643,2
esp32_device_001,2026-05-21T13:38:31+12:00,47.1,-36.604755,174.802643,2
esp32_device_001,2026-05-21T13:38:36+12:00,46.9,-36.604763,174.802628,2
esp32_device_001,2026-05-21T13:38:41+12:00,46.8,-36.604767,174.802628,2
esp32_device_001,2026-05-21T13:38:46+12:00,45.7,-36.604759,174.802628,2
esp32_device_001,2026-05-21T13:38:51+12:00,44.2,-36.604744,174.802612,2
esp32_device_001,2026-05-21T13:38:56+12:00,43.9,-36.604748,174.802612,2
esp32_device_001,2026-05-21T13:39:16+12:00,45.4,-36.60474,174.802597,2
esp32_device_001,2026-05-21T13:39:21+12:00,45.7,-36.604744,174.802597,2
esp32_device_001,2026-05-21T13:39:26+12:00,45.6,-36.604752,174.802597,2
esp32_device_001,2026-05-21T13:39:31+12:00,46.3,-36.604744,174.802597,2
esp32_device_001,2026-05-21T13:39:36+12:00,47.1,-36.60474,174.802582,2
esp32_device_001,2026-05-21T13:39:41+12:00,47,-36.604744,174.802597,2
esp32_device_001,2026-05-21T13:39:46+12:00,46.5,-36.604755,174.802612,2
esp32_device_001,2026-05-21T13:39:51+12:00,45.7,-36.604759,174.802612,2
esp32_device_001,2026-05-21T13:39:56+12:00,45.3,-36.604755,174.802612,2
esp32_device_001,2026-05-21T13:40:01+12:00,44,-36.604755,174.802628,2
esp32_device_001,2026-05-21T13:40:06+12:00,43.1,-36.604755,174.802612,2
esp32_device_001,2026-05-21T13:40:11+12:00,42.5,-36.604755,174.802612,2
esp32_device_001,2026-05-21T13:40:16+12:00,40.8,-36.604744,174.802612,2
esp32_device_001,2026-05-21T13:40:21+12:00,39.9,-36.604733,174.802612,2
esp32_device_001,2026-05-21T13:40:26+12:00,38.8,-36.604733,174.802597,2
esp32_device_001,2026-05-21T13:40:31+12:00,37.6,-36.604725,174.802597,2
esp32_device_001,2026-05-21T13:40:36+12:00,35.7,-36.604733,174.802582,2
esp32_device_001,2026-05-21T13:40:41+12:00,35.1,-36.604744,174.802567,2
esp32_device_001,2026-05-21T13:40:46+12:00,35.3,-36.60474,174.802597,2
esp32_device_001,2026-05-21T13:40:51+12:00,33.6,-36.604736,174.802597,2
esp32_device_001,2026-05-21T13:40:56+12:00,32.4,-36.604736,174.802597,2
esp32_device_001,2026-05-21T13:41:01+12:00,31.1,-36.604748,174.802612,2
esp32_device_001,2026-05-21T13:41:06+12:00,29.5,-36.604763,174.802658,2
esp32_device_001,2026-05-21T13:41:11+12:00,27.6,-36.604778,174.802658,2
esp32_device_001,2026-05-21T13:41:16+12:00,26.6,-36.604786,174.802658,2
esp32_device_001,2026-05-21T13:41:21+12:00,25.8,-36.604794,174.802612,2
esp32_device_001,2026-05-21T13:41:26+12:00,24.2,-36.604809,174.802597,2
esp32_device_001,2026-05-21T13:41:31+12:00,23.1,-36.60482,174.802582,2
esp32_device_001,2026-05-21T13:41:36+12:00,23.1,-36.604839,174.802597,2
esp32_device_001,2026-05-21T13:41:41+12:00,22.1,-36.604855,174.802612,2
esp32_device_001,2026-05-21T13:41:46+12:00,18.7,-36.6049,174.802673,2
esp32_device_001,2026-05-21T13:41:51+12:00,16.1,-36.604881,174.802689,2
esp32_device_001,2026-05-21T13:41:56+12:00,15.4,-36.604877,174.802689,2
esp32_device_001,2026-05-21T13:42:01+12:00,20.9,-36.604816,174.802673,2
esp32_device_001,2026-05-21T13:42:06+12:00,26.6,-36.60479,174.802658,2
esp32_device_001,2026-05-21T13:42:11+12:00,28.2,-36.604763,174.802658,2
esp32_device_001,2026-05-21T13:42:16+12:00,29.9,-36.604752,174.802643,2
esp32_device_001,2026-05-21T13:42:21+12:00,31.7,-36.604733,174.802658,2
esp32_device_001,2026-05-21T13:42:26+12:00,34.2,-36.604691,174.802628,2
esp32_device_001,2026-05-21T13:42:31+12:00,36.9,-36.604698,174.802567,2
esp32_device_001,2026-05-21T13:42:36+12:00,37.3,-36.604687,174.802582,2
esp32_device_001,2026-05-21T13:42:41+12:00,38.1,-36.604675,174.802582,2
esp32_device_001,2026-05-21T13:42:46+12:00,39.3,-36.604668,174.802582,2
esp32_device_001,2026-05-21T13:42:51+12:00,40.7,-36.604691,174.802567,2
esp32_device_001,2026-05-21T13:42:56+12:00,43.5,-36.604733,174.802536,2
esp32_device_001,2026-05-21T13:43:01+12:00,47,-36.604767,174.80249,2
esp32_device_001,2026-05-21T13:43:06+12:00,49.5,-36.604786,174.80246,2
esp32_device_001,2026-05-21T13:43:11+12:00,52.1,-36.604805,174.80246,2
esp32_device_001,2026-05-21T13:43:16+12:00,54.2,-36.604813,174.802475,2
esp32_device_001,2026-05-21T13:43:21+12:00,53.6,-36.604801,174.802521,2
esp32_device_001,2026-05-21T13:43:26+12:00,52,-36.604778,174.802567,2
esp32_device_001,2026-05-21T13:43:31+12:00,50.5,-36.604774,174.802597,2
esp32_device_001,2026-05-21T13:43:36+12:00,49.8,-36.604759,174.802597,2
esp32_device_001,2026-05-21T13:43:41+12:00,49.9,-36.604752,174.802628,2
esp32_device_001,2026-05-21T13:43:46+12:00,50.8,-36.604759,174.802628,2
esp32_device_001,2026-05-21T13:43:51+12:00,50.8,-36.60474,174.802612,2
esp32_device_001,2026-05-21T13:43:56+12:00,50.2,-36.604744,174.802582,2
esp32_device_001,2026-05-21T13:44:11+12:00,51,-36.604794,174.802551,2
esp32_device_001,2026-05-21T13:44:16+12:00,50.1,-36.604794,174.802551,2
esp32_device_001,2026-05-21T13:44:21+12:00,50.1,-36.604797,174.802551,2
esp32_device_001,2026-05-21T13:44:26+12:00,49,-36.604828,174.802521,2
esp32_device_001,2026-05-21T13:44:31+12:00,48.5,-36.604847,174.802505,2
esp32_device_001,2026-05-21T13:44:36+12:00,48.8,-36.604832,174.802536,2
esp32_device_001,2026-05-21T13:44:41+12:00,48,-36.604786,174.802612,2
esp32_device_001,2026-05-21T13:44:46+12:00,46.3,-36.604744,174.802673,2
esp32_device_001,2026-05-21T13:44:51+12:00,43.2,-36.604744,174.802689,2
esp32_device_001,2026-05-21T13:44:56+12:00,44.6,-36.604805,174.802612,2
esp32_device_001,2026-05-21T13:45:01+12:00,44.7,-36.604824,174.802567,2
esp32_device_001,2026-05-21T13:45:06+12:00,44.5,-36.604813,174.802567,2
esp32_device_001,2026-05-21T13:45:11+12:00,44.6,-36.604832,174.802521,2
esp32_device_001,2026-05-21T13:45:16+12:00,41.4,-36.604847,174.802521,2
esp32_device_001,2026-05-21T13:45:21+12:00,39.1,-36.604809,174.802582,2
esp32_device_001,2026-05-21T13:45:26+12:00,36.8,-36.604782,174.802612,2
esp32_device_001,2026-05-21T13:45:31+12:00,35.2,-36.604771,174.802612,2
esp32_device_001,2026-05-21T13:45:36+12:00,28.2,-36.604809,174.802597,2
esp32_device_001,2026-05-21T13:45:41+12:00,24.2,-36.604824,174.802612,2
esp32_device_001,2026-05-21T13:45:46+12:00,23.5,-36.604816,174.802628,2
esp32_device_001,2026-05-21T13:45:51+12:00,24.5,-36.604816,174.802628,2
esp32_device_001,2026-05-21T13:45:56+12:00,25.8,-36.604816,174.802643,2
esp32_device_001,2026-05-21T13:46:01+12:00,25.4,-36.604794,174.802658,2
esp32_device_001,2026-05-21T13:46:06+12:00,26.3,-36.604794,174.802673,2
esp32_device_001,2026-05-21T13:46:11+12:00,27.4,-36.60479,174.802673,2
esp32_device_001,2026-05-21T13:46:16+12:00,28.2,-36.604782,174.802673,2
esp32_device_001,2026-05-21T13:46:21+12:00,29.2,-36.604778,174.802689,2
esp32_device_001,2026-05-21T13:46:26+12:00,31.5,-36.604778,174.802689,2
esp32_device_001,2026-05-21T13:46:31+12:00,33.3,-36.604771,174.802704,2
esp32_device_001,2026-05-21T13:46:36+12:00,35.9,-36.604786,174.802673,2
esp32_device_001,2026-05-21T13:46:41+12:00,38.8,-36.60479,174.802673,2
esp32_device_001,2026-05-21T13:46:46+12:00,41.5,-36.60479,174.802658,2
esp32_device_001,2026-05-21T13:46:51+12:00,42.8,-36.604809,174.802643,2
esp32_device_001,2026-05-21T13:46:56+12:00,45.1,-36.60482,174.802628,2
esp32_device_001,2026-05-21T13:47:01+12:00,48,-36.604828,174.802612,2
esp32_device_001,2026-05-21T13:47:06+12:00,50,-36.604816,174.802582,2
esp32_device_001,2026-05-21T13:47:11+12:00,52.3,-36.604809,174.802567,2
esp32_device_001,2026-05-21T13:47:16+12:00,55.3,-36.604816,174.802551,2
esp32_device_001,2026-05-21T13:47:21+12:00,57,-36.604809,174.802551,2
esp32_device_001,2026-05-21T13:47:26+12:00,59.6,-36.604797,174.802567,2
esp32_device_001,2026-05-21T13:47:31+12:00,62.2,-36.604797,174.802551,2
esp32_device_001,2026-05-21T13:47:36+12:00,64.8,-36.604801,174.802551,2
esp32_device_001,2026-05-21T13:47:41+12:00,67,-36.604813,174.802536,2
esp32_device_001,2026-05-21T13:47:46+12:00,67.7,-36.60482,174.802521,2
esp32_device_001,2026-05-21T13:47:51+12:00,67.6,-36.604828,174.802505,2
esp32_device_001,2026-05-21T13:47:56+12:00,66.8,-36.604832,174.80249,2
esp32_device_001,2026-05-21T13:48:01+12:00,64.8,-36.604824,174.80249,2
esp32_device_001,2026-05-21T13:48:06+12:00,63.4,-36.604805,174.802521,2
esp32_device_001,2026-05-21T13:48:11+12:00,62.1,-36.604794,174.802521,2
esp32_device_001,2026-05-21T13:48:16+12:00,60.3,-36.604782,174.802551,2
esp32_device_001,2026-05-21T13:48:21+12:00,58.6,-36.604771,174.802551,2
esp32_device_001,2026-05-21T13:48:26+12:00,59.1,-36.604774,174.802551,2
esp32_device_001,2026-05-21T13:48:31+12:00,58.8,-36.604771,174.802567,2
esp32_device_001,2026-05-21T13:48:36+12:00,59.4,-36.604771,174.802567,2
esp32_device_001,2026-05-21T13:48:41+12:00,58.5,-36.604759,174.802582,2
esp32_device_001,2026-05-21T13:48:46+12:00,57.7,-36.604748,174.802597,2
esp32_device_001,2026-05-21T13:48:51+12:00,57.8,-36.604752,174.802612,2
esp32_device_001,2026-05-21T13:48:56+12:00,57,-36.604744,174.802612,2
esp32_device_001,2026-05-21T13:49:30+12:00,49.9,-36.604771,174.802643,2
esp32_device_001,2026-05-21T13:49:35+12:00,49.1,-36.604744,174.802643,2
esp32_device_001,2026-05-21T13:49:45+12:00,48.8,-36.604744,174.802582,2
esp32_device_001,2026-05-21T13:49:55+12:00,49.4,-36.60474,174.802582,2
esp32_device_001,2026-05-21T13:50:00+12:00,47.1,-36.604736,174.802582,2
esp32_device_001,2026-05-21T13:50:05+12:00,46.6,-36.604744,174.802597,2
esp32_device_001,2026-05-21T13:50:15+12:00,46.4,-36.604763,174.802582,2
esp32_device_001,2026-05-21T13:50:25+12:00,47.6,-36.604786,174.802628,2
esp32_device_001,2026-05-21T13:50:35+12:00,48.1,-36.604786,174.802628,2
esp32_device_001,2026-05-21T13:50:40+12:00,47.9,-36.604767,174.802597,2
esp32_device_001,2026-05-21T13:50:45+12:00,48.3,-36.604755,174.802597,2
esp32_device_001,2026-05-21T13:50:50+12:00,49.4,-36.604725,174.802582,2
esp32_device_001,2026-05-21T13:50:55+12:00,49.7,-36.604713,174.802567,2
esp32_device_001,2026-05-21T13:51:00+12:00,47.2,-36.60471,174.802551,2
esp32_device_001,2026-05-21T13:51:05+12:00,47.8,-36.604736,174.802536,2
esp32_device_001,2026-05-21T13:51:15+12:00,46.9,-36.60471,174.802521,2
esp32_device_001,2026-05-21T13:51:25+12:00,43.4,-36.604706,174.802582,2
esp32_device_001,2026-05-21T13:51:30+12:00,41.6,-36.604694,174.802582,2
esp32_device_001,2026-05-21T13:51:35+12:00,39.9,-36.604702,174.802567,2
esp32_device_001,2026-05-21T13:51:45+12:00,38.6,-36.604698,174.802567,2
esp32_device_001,2026-05-21T13:51:50+12:00,37.1,-36.60471,174.802551,2
esp32_device_001,2026-05-21T13:51:55+12:00,35.9,-36.604725,174.802551,2
esp32_device_001,2026-05-21T13:52:05+12:00,33.6,-36.604687,174.802597,2
esp32_device_001,2026-05-21T13:52:10+12:00,33.1,-36.604679,174.802612,2
esp32_device_001,2026-05-21T13:52:15+12:00,32.7,-36.604687,174.802612,2
esp32_device_001,2026-05-21T13:52:25+12:00,32.7,-36.604691,174.802582,2
esp32_device_001,2026-05-21T13:52:30+12:00,33,-36.604687,174.802597,2
esp32_device_001,2026-05-21T13:52:35+12:00,33.5,-36.604721,174.802597,2
esp32_device_001,2026-05-21T13:52:40+12:00,33,-36.604736,174.802567,2
esp32_device_001,2026-05-21T13:52:45+12:00,30.9,-36.604759,174.802567,2
esp32_device_001,2026-05-21T13:52:50+12:00,30.8,-36.604771,174.802582,2
esp32_device_001,2026-05-21T13:52:55+12:00,35.9,-36.604729,174.802582,2
esp32_device_001,2026-05-21T13:53:00+12:00,44,-36.604702,174.802551,2
esp32_device_001,2026-05-21T13:53:05+12:00,51.1,-36.604668,174.802521,2
esp32_device_001,2026-05-21T13:53:10+12:00,55.3,-36.604656,174.802521,2
esp32_device_001,2026-05-21T13:53:15+12:00,58.3,-36.604649,174.802536,2
esp32_device_001,2026-05-21T13:53:20+12:00,58.4,-36.60466,174.802551,2
esp32_device_001,2026-05-21T13:53:25+12:00,56.2,-36.604649,174.802551,2
esp32_device_001,2026-05-21T13:53:30+12:00,51.7,-36.60466,174.802536,2
esp32_device_001,2026-05-21T13:53:35+12:00,51.6,-36.604671,174.802521,2
esp32_device_001,2026-05-21T13:53:40+12:00,50,-36.604664,174.802505,2
esp32_device_001,2026-05-21T13:53:45+12:00,52.8,-36.604668,174.802475,2
esp32_device_001,2026-05-21T13:53:50+12:00,50.1,-36.604694,174.802505,2
esp32_device_001,2026-05-21T13:53:55+12:00,47.3,-36.604706,174.802521,2
esp32_device_001,2026-05-21T13:55:54+12:00,16.6,-36.604786,174.802628,2
esp32_device_001,2026-05-21T13:56:04+12:00,26.1,-36.604736,174.802612,2
esp32_device_001,2026-05-21T13:56:09+12:00,27.9,-36.604733,174.802612,2
esp32_device_001,2026-05-21T13:56:14+12:00,29.4,-36.604744,174.802597,2
esp32_device_001,2026-05-21T13:56:19+12:00,29.1,-36.604744,174.802597,2
esp32_device_001,2026-05-21T13:56:24+12:00,31.6,-36.604828,174.802521,2
esp32_device_001,2026-05-21T13:56:29+12:00,31.2,-36.604862,174.802505,2
esp32_device_001,2026-05-21T13:56:34+12:00,33.5,-36.604855,174.80249,2
esp32_device_001,2026-05-21T13:56:39+12:00,36,-36.604916,174.802444,2
esp32_device_001,2026-05-21T13:56:44+12:00,37.5,-36.604954,174.802414,2
esp32_device_001,2026-05-21T13:56:49+12:00,37.2,-36.604958,174.802414,2
esp32_device_001,2026-05-21T13:56:54+12:00,32,-36.604927,174.802475,2
esp32_device_001,2026-05-21T13:56:59+12:00,31.1,-36.604855,174.802521,2
esp32_device_001,2026-05-21T13:57:04+12:00,30.8,-36.604839,174.802551,2
esp32_device_001,2026-05-21T13:57:09+12:00,30.3,-36.60482,174.802597,2
esp32_device_001,2026-05-21T13:57:14+12:00,30.4,-36.604797,174.802612,2
esp32_device_001,2026-05-21T13:57:19+12:00,30.8,-36.604786,174.802628,2
esp32_device_001,2026-05-21T13:57:24+12:00,30.8,-36.604778,174.802643,2
esp32_device_001,2026-05-21T13:57:29+12:00,30.8,-36.604774,174.802643,2
esp32_device_001,2026-05-21T13:57:34+12:00,30.9,-36.604771,174.802658,2
esp32_device_001,2026-05-21T13:57:39+12:00,30.8,-36.604744,174.802658,2
esp32_device_001,2026-05-21T13:57:44+12:00,30.8,-36.604755,174.802673,2
esp32_device_001,2026-05-21T13:57:49+12:00,30.5,-36.604767,174.802658,2
esp32_device_001,2026-05-21T13:57:54+12:00,29.8,-36.604774,174.802673,2
esp32_device_001,2026-05-21T13:57:59+12:00,28.8,-36.604755,174.802689,2
esp32_device_001,2026-05-21T13:58:04+12:00,28.6,-36.604767,174.802673,2
esp32_device_001,2026-05-21T13:58:09+12:00,27.9,-36.604786,174.802673,2
esp32_device_001,2026-05-21T13:58:14+12:00,27.8,-36.60479,174.802658,2
esp32_device_001,2026-05-21T13:58:19+12:00,27.8,-36.604771,174.802673,2
esp32_device_001,2026-05-21T13:58:24+12:00,25.6,-36.604809,174.802673,2
esp32_device_001,2026-05-21T13:58:29+12:00,24.1,-36.604828,174.802658,2
esp32_device_001,2026-05-21T13:58:34+12:00,23.8,-36.604816,174.802673,2
esp32_device_001,2026-05-21T13:58:39+12:00,24.7,-36.60482,174.802658,2
esp32_device_001,2026-05-21T13:58:44+12:00,25.2,-36.604832,174.802643,2
esp32_device_001,2026-05-21T13:58:49+12:00,24.4,-36.604813,174.802658,2
esp32_device_001,2026-05-21T13:58:54+12:00,26,-36.604828,174.802628,2
esp32_device_001,2026-05-21T13:58:59+12:00,25.7,-36.604813,174.802643,2
esp32_device_001,2026-05-21T13:59:04+12:00,25.8,-36.604797,174.802643,2
esp32_device_001,2026-05-21T13:59:09+12:00,28.7,-36.604809,174.802612,2
esp32_device_001,2026-05-21T13:59:14+12:00,32.6,-36.604843,174.802567,2
esp32_device_001,2026-05-21T13:59:19+12:00,35.6,-36.604855,174.802536,2
esp32_device_001,2026-05-21T13:59:24+12:00,39.6,-36.604877,174.80249,2
esp32_device_001,2026-05-21T13:59:29+12:00,43.2,-36.604908,174.802444,2
esp32_device_001,2026-05-21T13:59:34+12:00,46.4,-36.604897,174.802444,2
esp32_device_001,2026-05-21T13:59:39+12:00,48.3,-36.604877,174.80246,2
esp32_device_001,2026-05-21T13:59:44+12:00,50.1,-36.604881,174.802444,2
esp32_device_001,2026-05-21T13:59:49+12:00,51.3,-36.604889,174.802444,2
esp32_device_001,2026-05-21T13:59:54+12:00,59.5,-36.604996,174.802322,2
esp32_device_001,2026-05-21T13:59:59+12:00,61.2,-36.60498,174.802322,2
esp32_device_001,2026-05-21T14:00:04+12:00,62.7,-36.604954,174.802353,2
esp32_device_001,2026-05-21T14:00:09+12:00,64.1,-36.604939,174.802353,2
esp32_device_001,2026-05-21T14:00:14+12:00,65.6,-36.604946,174.802322,2
esp32_device_001,2026-05-21T14:00:19+12:00,67.3,-36.604935,174.802322,2
esp32_device_001,2026-05-21T14:00:24+12:00,69.3,-36.604931,174.802322,2
esp32_device_001,2026-05-21T14:00:29+12:00,72,-36.604897,174.802353,2
esp32_device_001,2026-05-21T14:00:34+12:00,75.2,-36.604885,174.802353,2
esp32_device_001,2026-05-21T14:00:39+12:00,65,-36.604725,174.802551,2
esp32_device_001,2026-05-21T14:00:44+12:00,67.2,-36.60471,174.802551,2
esp32_device_001,2026-05-21T14:00:49+12:00,68.8,-36.604759,174.802505,2
esp32_device_001,2026-05-21T14:01:15+12:00,117.4,-36.605076,174.802048,2
esp32_device_001,2026-05-21T14:01:20+12:00,125.5,-36.605087,174.802002,2
esp32_device_001,2026-05-21T14:01:25+12:00,131,-36.605087,174.801971,2
esp32_device_001,2026-05-21T14:01:40+12:00,99.9,-36.605133,174.802002,2
esp32_device_001,2026-05-21T14:01:45+12:00,99.9,-36.605145,174.801956,2
esp32_device_001,2026-05-21T14:01:50+12:00,100.9,-36.605145,174.801956,2
esp32_device_001,2026-05-21T14:01:55+12:00,100.8,-36.605122,174.801987,2
esp32_device_001,2026-05-21T14:02:00+12:00,101.5,-36.605091,174.802032,2
esp32_device_001,2026-05-21T14:02:05+12:00,101.4,-36.605072,174.802063,2
esp32_device_001,2026-05-21T14:02:10+12:00,101.5,-36.605026,174.802109,2
esp32_device_001,2026-05-21T14:02:20+12:00,101.4,-36.604996,174.802139,2
esp32_device_001,2026-05-21T14:02:25+12:00,101.2,-36.604992,174.80217,2
esp32_device_001,2026-05-21T14:02:30+12:00,101.2,-36.604958,174.802185,2
esp32_device_001,2026-05-21T14:02:35+12:00,93.5,-36.604782,174.802414,2
esp32_device_001,2026-05-21T14:02:40+12:00,88.4,-36.604702,174.802521,2
esp32_device_001,2026-05-21T14:02:45+12:00,85.4,-36.604687,174.802551,2
esp32_device_001,2026-05-21T14:02:50+12:00,83.1,-36.604683,174.802567,2
esp32_device_001,2026-05-21T14:02:55+12:00,80.7,-36.604687,174.802567,2
esp32_device_001,2026-05-21T14:03:00+12:00,78.4,-36.604683,174.802582,2
esp32_device_001,2026-05-21T14:03:05+12:00,75.7,-36.604691,174.802582,2
esp32_device_001,2026-05-21T14:03:10+12:00,73.5,-36.604687,174.802597,2
esp32_device_001,2026-05-21T14:03:15+12:00,71.3,-36.60471,174.802597,2
esp32_device_001,2026-05-21T14:03:20+12:00,69.1,-36.604729,174.802582,2
esp32_device_001,2026-05-21T14:03:25+12:00,66.5,-36.604752,174.802597,2
esp32_device_001,2026-05-21T14:03:30+12:00,64.4,-36.604752,174.802582,2
esp32_device_001,2026-05-21T14:03:35+12:00,61.7,-36.604755,174.802597,2
esp32_device_001,2026-05-21T14:03:40+12:00,59.2,-36.604748,174.802597,2
esp32_device_001,2026-05-21T14:03:45+12:00,57.9,-36.604717,174.802628,2
esp32_device_001,2026-05-21T14:03:50+12:00,56.4,-36.604702,174.802643,2
esp32_device_001,2026-05-21T14:03:55+12:00,55.6,-36.604694,174.802643,2
esp32_device_001,2026-05-21T14:04:00+12:00,54.7,-36.604679,174.802658,2
esp32_device_001,2026-05-21T14:04:05+12:00,54.3,-36.604683,174.802643,2
esp32_device_001,2026-05-21T14:04:10+12:00,55,-36.604687,174.802612,2
esp32_device_001,2026-05-21T14:04:15+12:00,57.4,-36.604683,174.802612,2
esp32_device_001,2026-05-21T14:04:20+12:00,58,-36.604664,174.802612,2
esp32_device_001,2026-05-21T14:04:25+12:00,62.4,-36.604645,174.802597,2
esp32_device_001,2026-05-21T14:04:30+12:00,65.4,-36.604649,174.802582,2
esp32_device_001,2026-05-21T14:04:35+12:00,65.3,-36.604649,174.802597,2
esp32_device_001,2026-05-21T14:04:40+12:00,66.8,-36.604622,174.802612,2
esp32_device_001,2026-05-21T14:04:45+12:00,66.7,-36.60458,174.802658,2
esp32_device_001,2026-05-21T14:04:50+12:00,67.8,-36.604568,174.802658,2
esp32_device_001,2026-05-21T14:04:55+12:00,68.6,-36.604572,174.802658,2
esp32_device_001,2026-05-21T14:05:00+12:00,67.5,-36.604603,174.802643,2
esp32_device_001,2026-05-21T14:05:05+12:00,65.5,-36.604622,174.802612,2
esp32_device_001,2026-05-21T14:05:10+12:00,62.5,-36.604618,174.802612,2
esp32_device_001,2026-05-21T14:05:15+12:00,59.9,-36.604607,174.802628,2
esp32_device_001,2026-05-21T14:05:20+12:00,58.2,-36.604626,174.802597,2
esp32_device_001,2026-05-21T14:05:25+12:00,57.9,-36.604626,174.802597,2
esp32_device_001,2026-05-21T14:05:30+12:00,58.6,-36.604626,174.802597,2
esp32_device_001,2026-05-21T14:05:35+12:00,58.4,-36.604626,174.802628,2
esp32_device_001,2026-05-21T14:05:40+12:00,57.2,-36.604599,174.802628,2
esp32_device_001,2026-05-21T14:05:45+12:00,56.6,-36.604591,174.802643,2
esp32_device_001,2026-05-21T14:05:50+12:00,57.1,-36.604607,174.802643,2
esp32_device_001,2026-05-21T14:08:25+12:00,42.9,-36.60458,174.802704,2
esp32_device_001,2026-05-21T14:08:35+12:00,44.5,-36.60458,174.802704,2
esp32_device_001,2026-05-21T14:08:40+12:00,45.2,-36.60458,174.802689,2
esp32_device_001,2026-05-21T14:08:45+12:00,47.9,-36.604595,174.802673,2
esp32_device_001,2026-05-21T14:08:50+12:00,46.8,-36.604607,174.802673,2
esp32_device_001,2026-05-21T14:08:55+12:00,46.2,-36.604603,174.802673,2
esp32_device_001,2026-05-21T14:09:00+12:00,46.7,-36.604603,174.802673,2
esp32_device_001,2026-05-21T14:09:05+12:00,45.7,-36.604603,174.802673,2
esp32_device_001,2026-05-21T14:09:10+12:00,44.9,-36.60461,174.802673,2
esp32_device_001,2026-05-21T14:09:15+12:00,43.8,-36.604591,174.802689,2
esp32_device_001,2026-05-21T14:09:20+12:00,43.4,-36.604584,174.802704,2
esp32_device_001,2026-05-21T14:09:25+12:00,43.3,-36.604572,174.802704,2
esp32_device_001,2026-05-21T14:09:30+12:00,43.5,-36.604568,174.802704,2
esp32_device_001,2026-05-21T14:09:35+12:00,44.5,-36.604588,174.802689,2
esp32_device_001,2026-05-21T14:09:40+12:00,45,-36.604584,174.802689,2
esp32_device_001,2026-05-21T14:09:45+12:00,44.4,-36.604591,174.802689,2
esp32_device_001,2026-05-21T14:09:50+12:00,44.5,-36.604595,174.802689,2
esp32_device_001,2026-05-21T14:09:55+12:00,44.9,-36.604584,174.802704,2
esp32_device_001,2026-05-21T14:10:00+12:00,45.6,-36.604584,174.802704,2
esp32_device_001,2026-05-21T14:10:05+12:00,45,-36.604599,174.802689,2
esp32_device_001,2026-05-21T14:10:10+12:00,44.2,-36.604591,174.802704,2
esp32_device_001,2026-05-21T14:10:15+12:00,45.3,-36.604607,174.802689,2
esp32_device_001,2026-05-21T14:10:20+12:00,45.8,-36.604614,174.802689,2
esp32_device_001,2026-05-21T14:10:25+12:00,44.4,-36.60461,174.802689,2
esp32_device_001,2026-05-21T14:10:30+12:00,42.9,-36.604626,174.802689,2
esp32_device_001,2026-05-21T14:10:35+12:00,43,-36.604618,174.802689,2
esp32_device_001,2026-05-21T14:10:40+12:00,42.9,-36.604633,174.802689,2
esp32_device_001,2026-05-21T14:10:45+12:00,41.6,-36.604622,174.802689,2
esp32_device_001,2026-05-21T14:10:50+12:00,39.7,-36.604561,174.802734,2
esp32_device_001,2026-05-21T14:10:55+12:00,37.2,-36.604568,174.802734,2
esp32_device_001,2026-05-21T14:11:00+12:00,34.5,-36.604572,174.80275,2
esp32_device_001,2026-05-21T14:11:05+12:00,31.6,-36.604591,174.80275,2
esp32_device_001,2026-05-21T14:11:10+12:00,28.8,-36.60463,174.802734,2
esp32_device_001,2026-05-21T14:11:15+12:00,28.8,-36.604656,174.802719,2
esp32_device_001,2026-05-21T14:11:20+12:00,28,-36.604671,174.802719,2
esp32_device_001,2026-05-21T14:11:25+12:00,27.1,-36.604687,174.802719,2
esp32_device_001,2026-05-21T14:11:30+12:00,28.2,-36.604698,174.802704,2
esp32_device_001,2026-05-21T14:11:35+12:00,30.7,-36.604721,174.802673,2
esp32_device_001,2026-05-21T14:11:40+12:00,34.2,-36.604733,174.802658,2
esp32_device_001,2026-05-21T14:11:45+12:00,36.6,-36.604759,174.802628,2
esp32_device_001,2026-05-21T14:11:50+12:00,38.8,-36.60479,174.802612,2
esp32_device_001,2026-05-21T14:11:55+12:00,42.6,-36.604782,174.802597,2
esp32_device_001,2026-05-21T14:12:00+12:00,45.8,-36.604797,174.802582,2
esp32_device_001,2026-05-21T14:12:05+12:00,47.6,-36.604797,174.802582,2
esp32_device_001,2026-05-21T14:12:10+12:00,48.7,-36.604759,174.802597,2
esp32_device_001,2026-05-21T14:12:15+12:00,50.3,-36.604698,174.802612,2
esp32_device_001,2026-05-21T14:12:20+12:00,44,-36.604687,174.802658,2
esp32_device_001,2026-05-21T14:12:25+12:00,43.7,-36.604637,174.802689,2
esp32_device_001,2026-05-21T14:12:30+12:00,42.9,-36.60458,174.802719,2
esp32_device_001,2026-05-21T14:12:35+12:00,44.4,-36.604641,174.802689,2
esp32_device_001,2026-05-21T14:12:40+12:00,45.4,-36.604652,174.802658,2
esp32_device_001,2026-05-21T14:12:45+12:00,49,-36.604813,174.802612,2
esp32_device_001,2026-05-21T14:12:50+12:00,49.4,-36.60482,174.802612,2
esp32_device_001,2026-05-21T14:12:55+12:00,49.2,-36.60482,174.802612,2
esp32_device_001,2026-05-21T14:13:00+12:00,48.4,-36.604797,174.802612,2
esp32_device_001,2026-05-21T14:13:05+12:00,47.3,-36.604782,174.802628,2
esp32_device_001,2026-05-21T14:13:10+12:00,46.8,-36.604744,174.802658,2
esp32_device_001,2026-05-21T14:13:15+12:00,46.8,-36.604736,174.802658,2
esp32_device_001,2026-05-21T14:13:20+12:00,46.6,-36.604721,174.802689,2
esp32_device_001,2026-05-21T14:14:57+12:00,34.5,-36.60445,174.802734,2
esp32_device_001,2026-05-21T14:15:02+12:00,35.2,-36.604511,174.802719,2
esp32_device_001,2026-05-21T14:15:07+12:00,36,-36.60458,174.802704,2
esp32_device_001,2026-05-21T14:15:12+12:00,36.5,-36.604706,174.802689,2
esp32_device_001,2026-05-21T14:15:17+12:00,37.4,-36.604774,174.802673,2
esp32_device_001,2026-05-21T14:15:22+12:00,37.9,-36.604794,174.802673,2
esp32_device_001,2026-05-21T14:15:27+12:00,38.1,-36.604805,174.802673,2
esp32_device_001,2026-05-21T14:15:32+12:00,39,-36.604782,174.802673,2
esp32_device_001,2026-05-21T14:15:37+12:00,38.4,-36.604767,174.802689,2
esp32_device_001,2026-05-21T14:15:42+12:00,38.3,-36.604794,174.802689,2
esp32_device_001,2026-05-21T14:15:47+12:00,39,-36.604782,174.802689,2
esp32_device_001,2026-05-21T14:15:52+12:00,40.2,-36.604763,174.802704,2
esp32_device_001,2026-05-21T14:15:57+12:00,41.2,-36.604759,174.802689,2
esp32_device_001,2026-05-21T14:16:02+12:00,42.1,-36.604797,174.802673,2
esp32_device_001,2026-05-21T14:16:07+12:00,43.8,-36.604824,174.802658,2
esp32_device_001,2026-05-21T14:16:12+12:00,44.9,-36.604828,174.802643,2
esp32_device_001,2026-05-21T14:16:17+12:00,46.3,-36.604836,174.802643,2
esp32_device_001,2026-05-21T14:16:22+12:00,48.4,-36.60479,174.802628,2
esp32_device_001,2026-05-21T14:16:27+12:00,49.7,-36.604759,174.802628,2
esp32_device_001,2026-05-21T14:16:32+12:00,53.5,-36.604733,174.802612,2
esp32_device_001,2026-05-21T14:16:37+12:00,45.2,-36.604755,174.802628,2
esp32_device_001,2026-05-21T14:16:42+12:00,45.2,-36.60479,174.802628,2
esp32_device_001,2026-05-21T14:16:47+12:00,44.9,-36.604828,174.802628,2
esp32_device_001,2026-05-21T14:16:52+12:00,44.7,-36.604843,174.802628,2
esp32_device_001,2026-05-21T14:16:57+12:00,40.7,-36.604897,174.802643,2
esp32_device_001,2026-05-21T14:17:02+12:00,39.5,-36.604935,174.802658,2
esp32_device_001,2026-05-21T14:17:07+12:00,37.9,-36.604954,174.802643,2
esp32_device_001,2026-05-21T14:17:12+12:00,31.5,-36.605129,174.802704,2
esp32_device_001,2026-05-21T14:17:17+12:00,28.9,-36.605137,174.802689,2
esp32_device_001,2026-05-21T14:17:22+12:00,29.2,-36.605118,174.802689,2
esp32_device_001,2026-05-21T14:17:27+12:00,29.4,-36.605083,174.802689,2
esp32_device_001,2026-05-21T14:17:32+12:00,29.8,-36.605072,174.802658,2
esp32_device_001,2026-05-21T14:17:37+12:00,30.3,-36.605015,174.802643,2
esp32_device_001,2026-05-21T14:17:42+12:00,30.5,-36.604958,174.802628,2
esp32_device_001,2026-05-21T14:17:47+12:00,30.8,-36.604904,174.802612,2
esp32_device_001,2026-05-21T14:17:52+12:00,31.5,-36.604881,174.802628,2
esp32_device_001,2026-05-21T14:17:57+12:00,35.8,-36.60479,174.802628,2
esp32_device_001,2026-05-21T14:18:02+12:00,44.9,-36.604698,174.802567,2
esp32_device_001,2026-05-21T14:18:07+12:00,48.4,-36.604721,174.802567,2
esp32_device_001,2026-05-21T14:18:12+12:00,49.6,-36.604736,174.802551,2
esp32_device_001,2026-05-21T14:18:17+12:00,50.6,-36.604671,174.802551,2
esp32_device_001,2026-05-21T14:18:44+12:00,38.6,-36.604771,174.802643,2
esp32_device_001,2026-05-21T14:18:49+12:00,38.5,-36.604767,174.802612,2
esp32_device_001,2026-05-21T14:18:59+12:00,42.9,-36.604679,174.802612,2
esp32_device_001,2026-05-21T14:19:04+12:00,42.8,-36.604649,174.802643,2
esp32_device_001,2026-05-21T14:19:09+12:00,43.7,-36.604679,174.802643,2
esp32_device_001,2026-05-21T14:19:14+12:00,43,-36.604641,174.802658,2
esp32_device_001,2026-05-21T14:19:19+12:00,44.1,-36.604614,174.802658,2
esp32_device_001,2026-05-21T14:19:24+12:00,44.1,-36.604641,174.802643,2
esp32_device_001,2026-05-21T14:19:29+12:00,44,-36.604675,174.802658,2
esp32_device_001,2026-05-21T14:19:34+12:00,44.7,-36.604687,174.802628,2
esp32_device_001,2026-05-21T14:19:39+12:00,46.9,-36.604698,174.802597,2
esp32_device_001,2026-05-21T14:19:49+12:00,49,-36.604717,174.802582,2
esp32_device_001,2026-05-21T14:19:54+12:00,49.1,-36.604706,174.802597,2
esp32_device_001,2026-05-21T14:20:19+12:00,40.7,-36.604652,174.802658,2
esp32_device_001,2026-05-21T14:20:59+12:00,33.6,-36.604664,174.802689,2
esp32_device_001,2026-05-21T14:21:29+12:00,29.7,-36.604641,174.802704,2
esp32_device_001,2026-05-21T14:21:34+12:00,29.7,-36.60461,174.802719,2
esp32_device_001,2026-05-21T14:21:39+12:00,29.4,-36.604565,174.802765,2
esp32_device_001,2026-05-21T14:21:44+12:00,29.4,-36.604576,174.80275,2
esp32_device_001,2026-05-21T14:24:58+12:00,61.8,-36.604721,174.802567,2
esp32_device_001,2026-05-21T14:25:08+12:00,63.8,-36.604717,174.802582,2
esp32_device_001,2026-05-21T14:25:13+12:00,64.3,-36.604721,174.802597,2
esp32_device_001,2026-05-21T14:25:18+12:00,63.2,-36.604725,174.802582,2
esp32_device_001,2026-05-21T14:25:23+12:00,62.2,-36.604725,174.802582,2
esp32_device_001,2026-05-21T14:25:28+12:00,63,-36.604733,174.802582,2
esp32_device_001,2026-05-21T14:25:33+12:00,62.3,-36.60474,174.802582,2
esp32_device_001,2026-05-21T14:25:38+12:00,61,-36.604752,174.802567,2
esp32_device_001,2026-05-21T14:25:43+12:00,59.8,-36.604752,174.802582,2
esp32_device_001,2026-05-21T14:25:48+12:00,58.9,-36.604759,174.802551,2
esp32_device_001,2026-05-21T14:25:53+12:00,58.6,-36.604752,174.802551,2
esp32_device_001,2026-05-21T14:25:58+12:00,57.7,-36.604755,174.802551,2
esp32_device_001,2026-05-21T14:26:03+12:00,57.1,-36.604763,174.802567,2
esp32_device_001,2026-05-21T14:26:08+12:00,57.2,-36.604748,174.802567,2
esp32_device_001,2026-05-21T14:26:13+12:00,57.3,-36.604748,174.802567,2
esp32_device_001,2026-05-21T14:26:18+12:00,56.4,-36.604725,174.802582,2
esp32_device_001,2026-05-21T14:26:23+12:00,56,-36.604729,174.802597,2
esp32_device_001,2026-05-21T14:26:28+12:00,56.6,-36.604729,174.802612,2
esp32_device_001,2026-05-21T14:26:33+12:00,57.5,-36.604713,174.802612,2
esp32_device_001,2026-05-21T14:26:38+12:00,58.4,-36.60471,174.802612,2
esp32_device_001,2026-05-21T14:26:43+12:00,60,-36.60471,174.802597,2
esp32_device_001,2026-05-21T14:26:48+12:00,61.8,-36.604717,174.802597,2
esp32_device_001,2026-05-21T14:26:53+12:00,62.7,-36.604702,174.802612,2
esp32_device_001,2026-05-21T14:26:58+12:00,63.7,-36.604702,174.802612,2
esp32_device_001,2026-05-21T14:27:03+12:00,65.9,-36.604706,174.802597,2
esp32_device_001,2026-05-21T14:27:08+12:00,67.3,-36.604691,174.802597,2
esp32_device_001,2026-05-21T14:27:13+12:00,67.9,-36.604687,174.802567,2
esp32_device_001,2026-05-21T14:27:18+12:00,69.6,-36.604679,174.802582,2
esp32_device_001,2026-05-21T14:27:23+12:00,70.5,-36.604679,174.802567,2
esp32_device_001,2026-05-21T14:27:28+12:00,69.9,-36.604675,174.802567,2
esp32_device_001,2026-05-21T14:27:33+12:00,68.7,-36.604671,174.802567,2
esp32_device_001,2026-05-21T14:27:38+12:00,68.5,-36.604675,174.802567,2
esp32_device_001,2026-05-21T14:27:43+12:00,67.8,-36.604679,174.802567,2
esp32_device_001,2026-05-21T14:27:48+12:00,66.8,-36.604679,174.802551,2
esp32_device_001,2026-05-21T14:27:53+12:00,65.2,-36.604694,174.802536,2
esp32_device_001,2026-05-21T14:27:58+12:00,64.4,-36.604694,174.802551,2
esp32_device_001,2026-05-21T14:28:03+12:00,64,-36.604683,174.802536,2
esp32_device_001,2026-05-21T14:28:08+12:00,63.4,-36.604694,174.802551,2
esp32_device_001,2026-05-21T14:28:13+12:00,62.4,-36.604675,174.802536,2
esp32_device_001,2026-05-21T14:28:18+12:00,61.2,-36.604668,174.802536,2
esp32_device_001,2026-05-21T14:28:23+12:00,60.5,-36.604664,174.802536,2
esp32_device_001,2026-05-21T14:28:28+12:00,59.5,-36.604675,174.802536,2
esp32_device_001,2026-05-21T14:28:33+12:00,59.8,-36.604671,174.802536,2
esp32_device_001,2026-05-21T14:28:38+12:00,59.6,-36.604668,174.802536,2
esp32_device_001,2026-05-21T14:28:43+12:00,61.5,-36.604633,174.80249,2
esp32_device_001,2026-05-21T14:28:48+12:00,63.3,-36.604607,174.802475,2
esp32_device_001,2026-05-21T14:28:53+12:00,63.7,-36.60461,174.802475,2
esp32_device_001,2026-05-21T14:28:58+12:00,63.5,-36.604607,174.802444,2
esp32_device_001,2026-05-21T14:29:03+12:00,62.3,-36.60461,174.802444,2
esp32_device_001,2026-05-21T14:29:08+12:00,65.1,-36.604588,174.802414,2
esp32_device_001,2026-05-21T14:29:13+12:00,64.9,-36.604595,174.802429,2
esp32_device_001,2026-05-21T14:29:18+12:00,68.3,-36.604557,174.802399,2
esp32_device_001,2026-05-21T14:29:23+12:00,70.1,-36.604542,174.802368,2
esp32_device_001,2026-05-21T14:29:28+12:00,70.3,-36.604534,174.802353,2
esp32_device_001,2026-05-21T14:29:33+12:00,77.5,-36.604462,174.802292,2
esp32_device_001,2026-05-21T14:29:38+12:00,77.4,-36.604477,174.802307,2
esp32_device_001,2026-05-21T14:29:43+12:00,83.6,-36.604424,174.802246,2
esp32_device_001,2026-05-21T14:29:48+12:00,85.1,-36.604431,174.802246,2
esp32_device_001,2026-05-21T14:29:53+12:00,84.5,-36.604462,174.802277,2
esp32_device_001,2026-05-21T14:30:36+12:00,57,-36.604725,174.802567,2
esp32_device_001,2026-05-21T14:30:41+12:00,54.6,-36.604733,174.802567,2
esp32_device_001,2026-05-21T14:30:46+12:00,51.9,-36.604752,174.802597,2
esp32_device_001,2026-05-21T14:30:51+12:00,50.1,-36.604763,174.802612,2
esp32_device_001,2026-05-21T14:30:56+12:00,48.2,-36.604763,174.802597,2
esp32_device_001,2026-05-21T14:31:01+12:00,47.9,-36.604736,174.802567,2
esp32_device_001,2026-05-21T14:31:06+12:00,46.7,-36.604725,174.802567,2
esp32_device_001,2026-05-21T14:31:11+12:00,46,-36.604717,174.802567,2
esp32_device_001,2026-05-21T14:31:16+12:00,46.8,-36.604717,174.802551,2
esp32_device_001,2026-05-21T14:31:21+12:00,48.5,-36.60471,174.802551,2
esp32_device_001,2026-05-21T14:31:26+12:00,49.6,-36.60471,174.802536,2
esp32_device_001,2026-05-21T14:31:31+12:00,49.8,-36.60471,174.802551,2
esp32_device_001,2026-05-21T14:31:36+12:00,48.8,-36.604725,174.802582,2
esp32_device_001,2026-05-21T14:31:41+12:00,48,-36.604733,174.802612,2
esp32_device_001,2026-05-21T14:31:46+12:00,47.4,-36.604721,174.802628,2
esp32_device_001,2026-05-21T14:31:51+12:00,47.8,-36.604717,174.802612,2
esp32_device_001,2026-05-21T14:31:56+12:00,48,-36.604675,174.802628,2
esp32_device_001,2026-05-21T14:32:01+12:00,47.9,-36.604671,174.802628,2
esp32_device_001,2026-05-21T14:32:06+12:00,48.2,-36.60466,174.802628,2
esp32_device_001,2026-05-21T14:32:11+12:00,48.2,-36.604664,174.802628,2
esp32_device_001,2026-05-21T14:32:16+12:00,48.1,-36.604706,174.802612,2
esp32_device_001,2026-05-21T14:32:21+12:00,48.5,-36.604706,174.802612,2
esp32_device_001,2026-05-21T14:32:26+12:00,47.3,-36.604725,174.802628,2
esp32_device_001,2026-05-21T14:32:31+12:00,46.5,-36.604729,174.802628,2
esp32_device_001,2026-05-21T14:32:36+12:00,44.8,-36.604725,174.802643,2
esp32_device_001,2026-05-21T14:32:41+12:00,43.4,-36.604729,174.802643,2
esp32_device_001,2026-05-21T14:32:46+12:00,42.1,-36.604729,174.802658,2
esp32_device_001,2026-05-21T14:32:51+12:00,41.3,-36.60474,174.802673,2
esp32_device_001,2026-05-21T14:32:56+12:00,41.1,-36.604721,174.802658,2
esp32_device_001,2026-05-21T14:33:01+12:00,41.5,-36.604713,174.802658,2
esp32_device_001,2026-05-21T14:33:06+12:00,41.4,-36.604721,174.802673,2
esp32_device_001,2026-05-21T14:33:11+12:00,41,-36.604713,174.802673,2
esp32_device_001,2026-05-21T14:33:16+12:00,41.2,-36.604702,174.802658,2
esp32_device_001,2026-05-21T14:33:21+12:00,41.6,-36.604698,174.802658,2
esp32_device_001,2026-05-21T14:33:26+12:00,42.1,-36.604687,174.802643,2
esp32_device_001,2026-05-21T14:33:31+12:00,43.4,-36.604675,174.802628,2
esp32_device_001,2026-05-21T14:33:36+12:00,44.7,-36.604668,174.802628,2
esp32_device_001,2026-05-21T14:33:41+12:00,45.1,-36.604649,174.802628,2
esp32_device_001,2026-05-21T14:33:46+12:00,45,-36.604641,174.802628,2
esp32_device_001,2026-05-21T14:33:51+12:00,45.2,-36.604652,174.802612,2
esp32_device_001,2026-05-21T14:33:56+12:00,45.9,-36.604656,174.802597,2
esp32_device_001,2026-05-21T14:34:01+12:00,46,-36.604679,174.802597,2
esp32_device_001,2026-05-21T14:34:06+12:00,45.5,-36.604687,174.802612,2
esp32_device_001,2026-05-21T14:34:11+12:00,45.5,-36.604698,174.802597,2
esp32_device_001,2026-05-21T14:34:16+12:00,45.5,-36.604706,174.802582,2
esp32_device_001,2026-05-21T14:34:21+12:00,46.4,-36.604721,174.802567,2
esp32_device_001,2026-05-21T14:34:26+12:00,48.7,-36.604713,174.802536,2
esp32_device_001,2026-05-21T14:34:31+12:00,48.8,-36.604729,174.802536,2
esp32_device_001,2026-05-21T14:34:36+12:00,49.7,-36.604721,174.802536,2
esp32_device_001,2026-05-21T14:34:41+12:00,49.7,-36.604752,174.802536,2
esp32_device_001,2026-05-21T14:34:46+12:00,50.1,-36.604767,174.802536,2
esp32_device_001,2026-05-21T14:34:51+12:00,50.8,-36.604763,174.802521,2
esp32_device_001,2026-05-21T14:34:56+12:00,51.7,-36.604767,174.802505,2
esp32_device_001,2026-05-21T14:35:10+12:00,49.6,-36.604763,174.802505,2
esp32_device_001,2026-05-21T14:35:15+12:00,49.2,-36.604771,174.802505,2
esp32_device_001,2026-05-21T14:35:20+12:00,48.9,-36.604813,174.802521,2
esp32_device_001,2026-05-21T14:35:25+12:00,48.6,-36.604881,174.802551,2
esp32_device_001,2026-05-21T14:35:30+12:00,47.4,-36.604858,174.802567,2
esp32_device_001,2026-05-21T14:35:35+12:00,45.5,-36.604851,174.802582,2
esp32_device_001,2026-05-21T14:35:40+12:00,44.1,-36.604881,174.802612,2
esp32_device_001,2026-05-21T14:35:45+12:00,43.9,-36.604877,174.802628,2
esp32_device_001,2026-05-21T14:35:50+12:00,44.6,-36.604877,174.802628,2
esp32_device_001,2026-05-21T14:35:55+12:00,45.8,-36.604889,174.802628,2
esp32_device_001,2026-05-21T14:36:00+12:00,45.4,-36.604923,174.802658,2
esp32_device_001,2026-05-21T14:36:05+12:00,45.2,-36.604927,174.802658,2
esp32_device_001,2026-05-21T14:36:10+12:00,46,-36.604939,174.802643,2
esp32_device_001,2026-05-21T14:36:15+12:00,45.9,-36.604931,174.802643,2
esp32_device_001,2026-05-21T14:36:20+12:00,46.8,-36.604919,174.802612,2
esp32_device_001,2026-05-21T14:36:25+12:00,47.6,-36.604904,174.802597,2
esp32_device_001,2026-05-21T14:36:30+12:00,47.8,-36.604893,174.802582,2
esp32_device_001,2026-05-21T14:36:35+12:00,48.7,-36.60487,174.802551,2
esp32_device_001,2026-05-21T14:36:40+12:00,49.9,-36.60487,174.802567,2
esp32_device_001,2026-05-21T14:36:45+12:00,51.9,-36.604858,174.802567,2
esp32_device_001,2026-05-21T14:36:50+12:00,55.3,-36.604809,174.802551,2
esp32_device_001,2026-05-21T14:36:55+12:00,60.5,-36.604736,174.802536,2
esp32_device_001,2026-05-21T14:37:00+12:00,62,-36.604702,174.802521,2
esp32_device_001,2026-05-21T14:37:05+12:00,63.8,-36.604702,174.802521,2
esp32_device_001,2026-05-21T14:37:10+12:00,60.9,-36.604702,174.802521,2
esp32_device_001,2026-05-21T14:37:15+12:00,57.6,-36.604713,174.802536,2
esp32_device_001,2026-05-21T14:37:20+12:00,54.5,-36.604729,174.802536,2
esp32_device_001,2026-05-21T14:37:25+12:00,56.5,-36.604725,174.802536,2
esp32_device_001,2026-05-21T14:37:30+12:00,59.9,-36.604706,174.802521,2
esp32_device_001,2026-05-21T14:37:35+12:00,61.5,-36.604698,174.802521,2
esp32_device_001,2026-05-21T14:37:40+12:00,63.7,-36.604713,174.802521,2
esp32_device_001,2026-05-21T14:37:45+12:00,65.1,-36.604729,174.802536,2
esp32_device_001,2026-05-21T14:37:50+12:00,65,-36.604725,174.802536,2
esp32_device_001,2026-05-21T14:37:55+12:00,63.5,-36.60474,174.802536,2
esp32_device_001,2026-05-21T14:38:00+12:00,62.6,-36.60474,174.802536,2
esp32_device_001,2026-05-21T14:38:05+12:00,60.7,-36.60474,174.802536,2
esp32_device_001,2026-05-21T14:38:10+12:00,58.1,-36.604752,174.802521,2
esp32_device_001,2026-05-21T14:38:15+12:00,56.9,-36.604763,174.802521,2
esp32_device_001,2026-05-21T14:38:20+12:00,56,-36.604759,174.802521,2
esp32_device_001,2026-05-21T14:38:25+12:00,56.3,-36.604759,174.802536,2
esp32_device_001,2026-05-21T14:38:30+12:00,54.4,-36.604771,174.802536,2
esp32_device_001,2026-05-21T14:38:35+12:00,52.7,-36.604778,174.802536,2
esp32_device_001,2026-05-21T14:38:40+12:00,51.3,-36.604782,174.802536,2
esp32_device_001,2026-05-21T14:38:45+12:00,52.1,-36.604774,174.802551,2
esp32_device_001,2026-05-21T14:38:50+12:00,53.3,-36.604763,174.802567,2
esp32_device_001,2026-05-21T14:38:55+12:00,54.4,-36.604736,174.802567,2
esp32_device_001,2026-05-21T14:39:00+12:00,53.4,-36.60471,174.802582,2
esp32_device_001,2026-05-21T14:39:05+12:00,54.1,-36.604713,174.802567,2
esp32_device_001,2026-05-21T14:39:10+12:00,55,-36.604713,174.802551,2
esp32_device_001,2026-05-21T14:39:15+12:00,53.6,-36.604698,174.802551,2
esp32_device_001,2026-05-21T14:39:20+12:00,51.1,-36.604687,174.802536,2
esp32_device_001,2026-05-21T14:39:25+12:00,49.3,-36.604675,174.802567,2
esp32_device_001,2026-05-21T14:39:30+12:00,48.2,-36.604702,174.802536,2
esp32_device_001,2026-05-21T14:39:35+12:00,46.5,-36.604679,174.802551,2
esp32_device_001,2026-05-21T14:39:40+12:00,44.5,-36.60471,174.802521,2
esp32_device_001,2026-05-21T14:39:45+12:00,41.7,-36.604694,174.802536,2
esp32_device_001,2026-05-21T14:39:50+12:00,38,-36.604744,174.802551,2
esp32_device_001,2026-05-21T14:39:55+12:00,37,-36.604717,174.802582,2
esp32_device_001,2026-05-21T14:40:00+12:00,37.6,-36.604706,174.802567,2
esp32_device_001,2026-05-21T14:40:05+12:00,38.3,-36.60471,174.802597,2
esp32_device_001,2026-05-21T14:40:10+12:00,37.9,-36.604736,174.802582,2
esp32_device_001,2026-05-21T14:40:15+12:00,37,-36.604797,174.802551,2
esp32_device_001,2026-05-21T14:40:20+12:00,35.4,-36.604858,174.802536,2
esp32_device_001,2026-05-21T14:40:25+12:00,33.6,-36.604893,174.802521,2
esp32_device_001,2026-05-21T14:40:30+12:00,30.7,-36.604805,174.802582,2
esp32_device_001,2026-05-21T14:40:35+12:00,26.8,-36.604759,174.802612,2
esp32_device_001,2026-05-21T14:40:40+12:00,24.3,-36.604748,174.802628,2
esp32_device_001,2026-05-21T14:40:45+12:00,21.5,-36.60479,174.802628,2
esp32_device_001,2026-05-21T14:40:50+12:00,18.2,-36.604836,174.802658,2
esp32_device_001,2026-05-21T14:40:55+12:00,16,-36.604794,174.802689,2
esp32_device_001,2026-05-21T14:41:00+12:00,13.2,-36.604839,174.802643,2
esp32_device_001,2026-05-21T14:41:05+12:00,7.2,-36.605137,174.802597,2
esp32_device_001,2026-05-21T14:41:10+12:00,4.8,-36.605221,174.802551,2
esp32_device_001,2026-05-21T14:41:15+12:00,8.2,-36.605133,174.802612,2
esp32_device_001,2026-05-21T14:41:20+12:00,9.5,-36.605095,174.802612,2
esp32_device_001,2026-05-21T14:41:25+12:00,10,-36.605042,174.802643,2
esp32_device_001,2026-05-21T14:41:30+12:00,9,-36.604984,174.802673,2
esp32_device_001,2026-05-21T14:41:35+12:00,8,-36.604946,174.802689,2
esp32_device_001,2026-05-21T14:41:40+12:00,8.2,-36.604939,174.802704,2
esp32_device_001,2026-05-21T14:41:45+12:00,9.5,-36.604889,174.802704,2
esp32_device_001,2026-05-21T14:41:50+12:00,10,-36.604866,174.802673,2
esp32_device_001,2026-05-21T14:41:55+12:00,10.4,-36.604839,174.802658,2
esp32_device_001,2026-05-21T14:42:00+12:00,10.4,-36.604813,174.802643,2
esp32_device_001,2026-05-21T14:42:05+12:00,11.6,-36.60479,174.802628,2
esp32_device_001,2026-05-21T14:42:10+12:00,12.7,-36.604778,174.802643,2
esp32_device_001,2026-05-21T14:42:15+12:00,13.5,-36.604771,174.802643,2
esp32_device_001,2026-05-21T14:42:20+12:00,14.4,-36.604752,174.802628,2
esp32_device_001,2026-05-21T14:42:25+12:00,14.7,-36.604736,174.802643,2
esp32_device_001,2026-05-21T14:42:30+12:00,14.5,-36.604729,174.802612,2
esp32_device_001,2026-05-21T14:42:35+12:00,16,-36.60471,174.802612,2
esp32_device_001,2026-05-21T14:42:40+12:00,16.9,-36.604691,174.802582,2
esp32_device_001,2026-05-21T14:42:45+12:00,17.9,-36.604683,174.802551,2
esp32_device_001,2026-05-21T14:42:50+12:00,18.6,-36.604694,174.802521,2
esp32_device_001,2026-05-21T14:42:55+12:00,20.9,-36.604713,174.802505,2
esp32_device_001,2026-05-21T14:43:00+12:00,24.2,-36.604706,174.802475,2
esp32_device_001,2026-05-21T14:43:05+12:00,26.2,-36.604706,174.802551,2
esp32_device_001,2026-05-21T14:43:10+12:00,28.5,-36.604725,174.802597,2
esp32_device_001,2026-05-21T14:43:15+12:00,32.3,-36.604702,174.802551,2
esp32_device_001,2026-05-21T14:43:20+12:00,35.8,-36.604656,174.802429,2
esp32_device_001,2026-05-21T14:43:25+12:00,37.3,-36.604694,174.802444,2
esp32_device_001,2026-05-21T14:43:30+12:00,38.5,-36.604698,174.802444,2
esp32_device_001,2026-05-21T14:43:35+12:00,39.3,-36.604702,174.80246,2
esp32_device_001,2026-05-21T14:43:40+12:00,40.4,-36.604671,174.80249,2
esp32_device_001,2026-05-21T14:43:45+12:00,40.2,-36.604736,174.802536,2
esp32_device_001,2026-05-21T14:43:50+12:00,38.7,-36.60474,174.802567,2
esp32_device_001,2026-05-21T14:43:55+12:00,38.5,-36.604744,174.802582,2
esp32_device_001,2026-05-21T14:44:00+12:00,39.2,-36.604748,174.802597,2
esp32_device_001,2026-05-21T14:44:05+12:00,41.4,-36.604717,174.802612,2
esp32_device_001,2026-05-21T14:44:10+12:00,43.3,-36.604729,174.802597,2
esp32_device_001,2026-05-21T14:44:15+12:00,44.6,-36.604713,174.802643,2
esp32_device_001,2026-05-21T14:44:20+12:00,44.5,-36.604725,174.802643,2
esp32_device_001,2026-05-21T14:44:25+12:00,43.4,-36.604725,174.802673,2
esp32_device_001,2026-05-21T14:44:30+12:00,43.1,-36.604698,174.802689,2
esp32_device_001,2026-05-21T14:44:35+12:00,43.2,-36.604717,174.802658,2
esp32_device_001,2026-05-21T14:44:40+12:00,46.9,-36.604683,174.802643,2
esp32_device_001,2026-05-21T14:44:45+12:00,51.9,-36.604618,174.802612,2
esp32_device_001,2026-05-21T14:44:50+12:00,55.5,-36.604607,174.802597,2
esp32_device_001,2026-05-21T14:45:05+12:00,55.3,-36.604656,174.802551,2
esp32_device_001,2026-05-21T14:45:10+12:00,54.2,-36.604645,174.802567,2
esp32_device_001,2026-05-21T14:45:15+12:00,54.9,-36.604637,174.802597,2
esp32_device_001,2026-05-21T14:45:20+12:00,56.3,-36.604645,174.802582,2
esp32_device_001,2026-05-21T14:45:25+12:00,58.1,-36.604649,174.802582,2
esp32_device_001,2026-05-21T14:45:30+12:00,58.5,-36.604652,174.802582,2
esp32_device_001,2026-05-21T14:45:35+12:00,58.2,-36.60466,174.802551,2
esp32_device_001,2026-05-21T14:45:40+12:00,58.2,-36.604649,174.802567,2
esp32_device_001,2026-05-21T14:45:45+12:00,58.7,-36.604668,174.802536,2
esp32_device_001,2026-05-21T14:45:50+12:00,59.1,-36.604664,174.802521,2
esp32_device_001,2026-05-21T14:45:55+12:00,59.6,-36.604671,174.802505,2
esp32_device_001,2026-05-21T14:46:05+12:00,59.3,-36.604702,174.80246,2
esp32_device_001,2026-05-21T14:46:15+12:00,57.9,-36.604713,174.802444,2
esp32_device_001,2026-05-21T14:46:20+12:00,58.6,-36.60471,174.802429,2
esp32_device_001,2026-05-21T14:46:25+12:00,61.2,-36.604683,174.802475,2
esp32_device_001,2026-05-21T14:46:30+12:00,62.8,-36.604671,174.802521,2
esp32_device_001,2026-05-21T14:46:35+12:00,63.9,-36.604671,174.802521,2
esp32_device_001,2026-05-21T14:46:40+12:00,64.8,-36.604649,174.802536,2
esp32_device_001,2026-05-21T14:46:45+12:00,65.1,-36.604645,174.802536,2
esp32_device_001,2026-05-21T14:46:50+12:00,64.9,-36.604649,174.802551,2
esp32_device_001,2026-05-21T14:46:55+12:00,66.4,-36.604664,174.802551,2
esp32_device_001,2026-05-21T14:47:00+12:00,66.4,-36.604633,174.802567,2
esp32_device_001,2026-05-21T14:47:05+12:00,65.8,-36.604633,174.802551,2
esp32_device_001,2026-05-21T14:47:10+12:00,65.9,-36.60461,174.802551,2
esp32_device_001,2026-05-21T14:47:15+12:00,65.6,-36.604614,174.802567,2
esp32_device_001,2026-05-21T14:47:20+12:00,65.1,-36.604618,174.802551,2
esp32_device_001,2026-05-21T14:47:25+12:00,65.6,-36.604649,174.802521,2
esp32_device_001,2026-05-21T14:47:30+12:00,64.4,-36.604679,174.80249,2
esp32_device_001,2026-05-21T14:47:35+12:00,63.3,-36.604691,174.802475,2
esp32_device_001,2026-05-21T14:47:40+12:00,61.9,-36.604675,174.80249,2
esp32_device_001,2026-05-21T14:47:45+12:00,60.3,-36.604687,174.80249,2
esp32_device_001,2026-05-21T14:47:50+12:00,60.2,-36.604729,174.80246,2
esp32_device_001,2026-05-21T14:47:55+12:00,60.3,-36.604698,174.80249,2
esp32_device_001,2026-05-21T14:48:00+12:00,60.5,-36.604702,174.80249,2
esp32_device_001,2026-05-21T14:48:05+12:00,61,-36.604694,174.802505,2
esp32_device_001,2026-05-21T14:48:10+12:00,62.8,-36.604691,174.802505,2
esp32_device_001,2026-05-21T14:48:15+12:00,61.6,-36.604656,174.802551,2
esp32_device_001,2026-05-21T14:48:20+12:00,60.5,-36.604641,174.802567,2
esp32_device_001,2026-05-21T14:48:25+12:00,58.9,-36.60466,174.802551,2
esp32_device_001,2026-05-21T14:48:35+12:00,55.1,-36.604683,174.802505,2
esp32_device_001,2026-05-21T14:48:50+12:00,42.5,-36.604668,174.802567,2
esp32_device_001,2026-05-21T14:48:55+12:00,43.3,-36.604652,174.802612,2
esp32_device_001,2026-05-21T14:49:00+12:00,45,-36.604656,174.802628,2
esp32_device_001,2026-05-21T14:49:05+12:00,44.7,-36.604652,174.802643,2
esp32_device_001,2026-05-21T14:49:10+12:00,44.2,-36.604668,174.802643,2
esp32_device_001,2026-05-21T14:49:15+12:00,43.5,-36.604691,174.802628,2
esp32_device_001,2026-05-21T14:49:20+12:00,43.7,-36.604702,174.802612,2
esp32_device_001,2026-05-21T14:49:25+12:00,42,-36.604717,174.802612,2
esp32_device_001,2026-05-21T14:49:30+12:00,40.3,-36.604725,174.802597,2
esp32_device_001,2026-05-21T14:49:35+12:00,39.5,-36.604721,174.802612,2
esp32_device_001,2026-05-21T14:49:40+12:00,39.2,-36.604721,174.802612,2
esp32_device_001,2026-05-21T14:49:45+12:00,39.4,-36.604706,174.802628,2
esp32_device_001,2026-05-21T14:49:50+12:00,39.9,-36.604687,174.802643,2
esp32_device_001,2026-05-21T14:49:55+12:00,39.3,-36.604702,174.802612,2
esp32_device_001,2026-05-21T14:50:00+12:00,39,-36.604736,174.802582,2
esp32_device_001,2026-05-21T14:50:05+12:00,38.3,-36.604736,174.802612,2
esp32_device_001,2026-05-21T14:50:10+12:00,39.3,-36.604778,174.802536,2
esp32_device_001,2026-05-21T14:50:15+12:00,36.5,-36.60479,174.802536,2
esp32_device_001,2026-05-21T14:50:20+12:00,45.8,-36.604919,174.802383,2
esp32_device_001,2026-05-21T14:50:30+12:00,42.7,-36.604912,174.802429,2
esp32_device_001,2026-05-21T14:50:35+12:00,40.5,-36.604885,174.802475,2
esp32_device_001,2026-05-21T14:50:40+12:00,38.8,-36.604866,174.802536,2
esp32_device_001,2026-05-21T14:50:45+12:00,38.1,-36.604843,174.802567,2
esp32_device_001,2026-05-21T14:51:00+12:00,23.4,-36.604851,174.802658,2
esp32_device_001,2026-05-21T14:51:05+12:00,20,-36.604843,174.802689,2
esp32_device_001,2026-05-21T14:51:10+12:00,16.6,-36.604843,174.802704,2
esp32_device_001,2026-05-21T14:51:15+12:00,14.5,-36.604843,174.802704,2
esp32_device_001,2026-05-21T14:51:30+12:00,12.9,-36.604736,174.802673,2
esp32_device_001,2026-05-21T14:51:35+12:00,14.1,-36.604752,174.802673,2
esp32_device_001,2026-05-21T14:51:40+12:00,14.4,-36.604778,174.802628,2
esp32_device_001,2026-05-21T14:52:20+12:00,33.8,-36.604748,174.802505,2
esp32_device_001,2026-05-21T14:55:37+12:00,27.7,-36.604813,174.802658,2
esp32_device_001,2026-05-21T14:55:47+12:00,23,-36.604824,174.802658,2
esp32_device_001,2026-05-21T14:55:52+12:00,19.8,-36.604828,174.802658,2
esp32_device_001,2026-05-21T14:55:57+12:00,15.3,-36.604828,174.802673,2
esp32_device_001,2026-05-21T14:56:02+12:00,13.3,-36.604809,174.802689,2
esp32_device_001,2026-05-21T14:56:07+12:00,12.8,-36.604813,174.802689,2
esp32_device_001,2026-05-21T14:56:12+12:00,15.8,-36.604782,174.802673,2
esp32_device_001,2026-05-21T14:56:17+12:00,21.1,-36.604736,174.802673,2
esp32_device_001,2026-05-21T14:56:22+12:00,25.8,-36.604721,174.802689,2
esp32_device_001,2026-05-21T14:56:27+12:00,27.6,-36.604553,174.802917,2
esp32_device_001,2026-05-21T14:56:32+12:00,26.2,-36.604282,174.803223,2
esp32_device_001,2026-05-21T14:56:37+12:00,27.8,-36.604248,174.803284,2
esp32_device_001,2026-05-21T14:56:42+12:00,28,-36.604218,174.803329,2
esp32_device_001,2026-05-21T14:56:47+12:00,27.2,-36.604221,174.803314,2
esp32_device_001,2026-05-21T14:56:52+12:00,26.8,-36.604355,174.803131,2
esp32_device_001,2026-05-21T14:56:57+12:00,26.2,-36.604485,174.802994,2
esp32_device_001,2026-05-21T14:57:02+12:00,27.2,-36.604576,174.802902,2
esp32_device_001,2026-05-21T14:57:07+12:00,28.7,-36.60463,174.802841,2
esp32_device_001,2026-05-21T14:57:12+12:00,29.6,-36.604668,174.80278,2
esp32_device_001,2026-05-21T14:57:17+12:00,30.7,-36.60471,174.802734,2
esp32_device_001,2026-05-21T14:57:22+12:00,31.5,-36.604733,174.802704,2
esp32_device_001,2026-05-21T14:57:27+12:00,33,-36.604763,174.802689,2
esp32_device_001,2026-05-21T14:57:32+12:00,33.8,-36.604778,174.802704,2
esp32_device_001,2026-05-21T14:57:37+12:00,34.6,-36.604786,174.802704,2
esp32_device_001,2026-05-21T14:57:42+12:00,31.9,-36.604824,174.802734,2
esp32_device_001,2026-05-21T14:57:47+12:00,29.2,-36.604862,174.80275,2
esp32_device_001,2026-05-21T14:57:52+12:00,25,-36.604885,174.802795,2
esp32_device_001,2026-05-21T14:57:57+12:00,22.5,-36.604885,174.802826,2
esp32_device_001,2026-05-21T14:58:02+12:00,22.5,-36.604858,174.802826,2
esp32_device_001,2026-05-21T14:58:07+12:00,27.1,-36.604843,174.802765,2
esp32_device_001,2026-05-21T14:58:12+12:00,30.8,-36.604836,174.802734,2
esp32_device_001,2026-05-21T14:58:17+12:00,34.4,-36.604813,174.802719,2
esp32_device_001,2026-05-21T14:58:22+12:00,37.7,-36.604774,174.802719,2
esp32_device_001,2026-05-21T14:58:27+12:00,38.5,-36.604767,174.802719,2
esp32_device_001,2026-05-21T14:58:32+12:00,39.5,-36.60474,174.802704,2
esp32_device_001,2026-05-21T14:58:37+12:00,40.2,-36.60474,174.802658,2
esp32_device_001,2026-05-21T14:58:42+12:00,40.3,-36.604717,174.802658,2
esp32_device_001,2026-05-21T14:58:47+12:00,40.8,-36.604691,174.802689,2
esp32_device_001,2026-05-21T14:58:52+12:00,40.3,-36.604683,174.802704,2
esp32_device_001,2026-05-21T14:58:57+12:00,40.3,-36.604683,174.802704,2
esp32_device_001,2026-05-21T14:59:02+12:00,38.9,-36.60471,174.802658,2
esp32_device_001,2026-05-21T14:59:07+12:00,38.9,-36.604736,174.802643,2
esp32_device_001,2026-05-21T14:59:12+12:00,41.3,-36.604755,174.802612,2
esp32_device_001,2026-05-21T14:59:17+12:00,44.5,-36.604771,174.802612,2
esp32_device_001,2026-05-21T14:59:22+12:00,46.9,-36.604778,174.802612,2
esp32_device_001,2026-05-21T14:59:27+12:00,46.9,-36.60482,174.802551,2
esp32_device_001,2026-05-21T14:59:32+12:00,48.8,-36.604816,174.802567,2
esp32_device_001,2026-05-21T14:59:37+12:00,46.1,-36.604866,174.802444,2
esp32_device_001,2026-05-21T14:59:42+12:00,43.1,-36.604908,174.802353,2
esp32_device_001,2026-05-21T14:59:47+12:00,41.5,-36.604916,174.802322,2
esp32_device_001,2026-05-21T14:59:52+12:00,42,-36.604912,174.802307,2
esp32_device_001,2026-05-21T14:59:57+12:00,43.2,-36.604881,174.802338,2
esp32_device_001,2026-05-21T15:00:02+12:00,44.1,-36.604858,174.802383,2
esp32_device_001,2026-05-21T15:00:07+12:00,45.7,-36.604839,174.802414,2
esp32_device_001,2026-05-21T15:00:12+12:00,46.3,-36.604816,174.802444,2
esp32_device_001,2026-05-21T15:00:17+12:00,47,-36.604805,174.802475,2
esp32_device_001,2026-05-21T15:00:22+12:00,47.9,-36.604786,174.802521,2
esp32_device_001,2026-05-21T15:00:27+12:00,48.3,-36.604778,174.802505,2
esp32_device_001,2026-05-21T15:00:32+12:00,48.7,-36.604778,174.802505,2
esp32_device_001,2026-05-21T15:01:22+12:00,56.3,-36.60461,174.802765,2
esp32_device_001,2026-05-21T15:01:27+12:00,56,-36.604618,174.802734,2
esp32_device_001,2026-05-21T15:01:32+12:00,54.7,-36.604622,174.802673,2
esp32_device_001,2026-05-21T15:01:37+12:00,53.8,-36.604618,174.802643,2
esp32_device_001,2026-05-21T15:01:42+12:00,53.1,-36.604622,174.802628,2
esp32_device_001,2026-05-21T15:01:47+12:00,51.5,-36.604641,174.802612,2
esp32_device_001,2026-05-21T15:01:52+12:00,49.6,-36.604641,174.802612,2
esp32_device_001,2026-05-21T15:01:57+12:00,56,-36.604618,174.802628,2
esp32_device_001,2026-05-21T15:02:02+12:00,53.8,-36.604626,174.802628,2
esp32_device_001,2026-05-21T15:02:07+12:00,48.7,-36.604652,174.802612,2
esp32_device_001,2026-05-21T15:02:12+12:00,44.3,-36.604671,174.802582,2
esp32_device_001,2026-05-21T15:02:17+12:00,41.2,-36.604691,174.802567,2
esp32_device_001,2026-05-21T15:02:22+12:00,38.1,-36.604717,174.802567,2
esp32_device_001,2026-05-21T15:02:27+12:00,36.2,-36.604717,174.802582,2
esp32_device_001,2026-05-21T15:02:32+12:00,33.3,-36.604725,174.802582,2
esp32_device_001,2026-05-21T15:02:37+12:00,30.8,-36.604733,174.802582,2
esp32_device_001,2026-05-21T15:02:42+12:00,31.1,-36.604733,174.802597,2
esp32_device_001,2026-05-21T15:02:47+12:00,32.3,-36.604721,174.802582,2
esp32_device_001,2026-05-21T15:02:52+12:00,32.6,-36.604725,174.802612,2
esp32_device_001,2026-05-21T15:02:57+12:00,31.7,-36.604736,174.802628,2
esp32_device_001,2026-05-21T15:03:02+12:00,30.8,-36.60474,174.802643,2
esp32_device_001,2026-05-21T15:03:07+12:00,30.8,-36.604748,174.802658,2
esp32_device_001,2026-05-21T15:03:12+12:00,31.6,-36.604748,174.802643,2
esp32_device_001,2026-05-21T15:03:17+12:00,31.3,-36.604752,174.802643,2
esp32_device_001,2026-05-21T15:03:22+12:00,30.7,-36.604759,174.802628,2
esp32_device_001,2026-05-21T15:03:27+12:00,31.9,-36.604721,174.802643,2
esp32_device_001,2026-05-21T15:03:32+12:00,34.1,-36.604706,174.802628,2
esp32_device_001,2026-05-21T15:03:37+12:00,35.7,-36.604698,174.802597,2
esp32_device_001,2026-05-21T15:03:42+12:00,37.4,-36.604683,174.802567,2
esp32_device_001,2026-05-21T15:03:47+12:00,39.3,-36.604698,174.802567,2
esp32_device_001,2026-05-21T15:03:52+12:00,41.4,-36.604694,174.802582,2
esp32_device_001,2026-05-21T15:03:57+12:00,43.8,-36.604698,174.802597,2
esp32_device_001,2026-05-21T15:04:02+12:00,46.6,-36.604687,174.802567,2
esp32_device_001,2026-05-21T15:04:07+12:00,50.1,-36.604656,174.802551,2
esp32_device_001,2026-05-21T15:04:12+12:00,52,-36.60466,174.802551,2
esp32_device_001,2026-05-21T15:04:17+12:00,52.4,-36.604675,174.802551,2
esp32_device_001,2026-05-21T15:04:22+12:00,53.8,-36.604694,174.802567,2
esp32_device_001,2026-05-21T15:04:27+12:00,55.1,-36.604713,174.802567,2
esp32_device_001,2026-05-21T15:04:32+12:00,55.4,-36.604713,174.802567,2
esp32_device_001,2026-05-21T15:04:37+12:00,56.3,-36.604717,174.802567,2
esp32_device_001,2026-05-21T15:04:42+12:00,57.9,-36.604721,174.802567,2
esp32_device_001,2026-05-21T15:04:47+12:00,59.2,-36.604717,174.802551,2
esp32_device_001,2026-05-21T15:04:52+12:00,60,-36.604706,174.802536,2
esp32_device_001,2026-05-21T15:04:57+12:00,52.2,-36.604774,174.802582,2
esp32_device_001,2026-05-21T15:05:02+12:00,50.9,-36.604774,174.802582,2
esp32_device_001,2026-05-21T15:05:07+12:00,48.3,-36.604782,174.802582,2
esp32_device_001,2026-05-21T15:05:12+12:00,47.8,-36.60479,174.802597,2
esp32_device_001,2026-05-21T15:05:17+12:00,47.8,-36.604786,174.802597,2
esp32_device_001,2026-05-21T15:05:22+12:00,48,-36.60479,174.802597,2
esp32_device_001,2026-05-21T15:05:27+12:00,48,-36.604794,174.802582,2
esp32_device_001,2026-05-21T15:05:32+12:00,48.9,-36.604786,174.802582,2
esp32_device_001,2026-05-21T15:08:52+12:00,12.7,-36.604843,174.80275,2
esp32_device_001,2026-05-21T15:09:02+12:00,12.6,-36.604832,174.802734,2
esp32_device_001,2026-05-21T15:09:07+12:00,13.3,-36.604824,174.802719,2
esp32_device_001,2026-05-21T15:09:12+12:00,14.2,-36.604816,174.802719,2
esp32_device_001,2026-05-21T15:09:17+12:00,14.7,-36.604813,174.802704,2
esp32_device_001,2026-05-21T15:09:22+12:00,15,-36.604809,174.802704,2
esp32_device_001,2026-05-21T15:09:27+12:00,10.6,-36.604836,174.802719,2
esp32_device_001,2026-05-21T15:09:32+12:00,7.2,-36.604855,174.802719,2
esp32_device_001,2026-05-21T15:09:37+12:00,7.3,-36.604862,174.802719,2
esp32_device_001,2026-05-21T15:09:42+12:00,9.5,-36.604858,174.802704,2
esp32_device_001,2026-05-21T15:09:47+12:00,11.6,-36.604851,174.802689,2
esp32_device_001,2026-05-21T15:09:52+12:00,12.9,-36.604847,174.802689,2
esp32_device_001,2026-05-21T15:09:57+12:00,13.7,-36.604847,174.802673,2
esp32_device_001,2026-05-21T15:10:02+12:00,15.1,-36.604843,174.802673,2
esp32_device_001,2026-05-21T15:10:07+12:00,16.6,-36.604839,174.802658,2
esp32_device_001,2026-05-21T15:10:12+12:00,19.3,-36.604836,174.802643,2
esp32_device_001,2026-05-21T15:10:17+12:00,21.5,-36.604828,174.802643,2
esp32_device_001,2026-05-21T15:10:22+12:00,22.9,-36.604828,174.802628,2
esp32_device_001,2026-05-21T15:10:27+12:00,23.2,-36.604832,174.802628,2
esp32_device_001,2026-05-21T15:10:32+12:00,22.8,-36.604843,174.802628,2
esp32_device_001,2026-05-21T15:10:37+12:00,22.8,-36.604847,174.802628,2
esp32_device_001,2026-05-21T15:10:42+12:00,22.5,-36.604855,174.802628,2
esp32_device_001,2026-05-21T15:10:47+12:00,22,-36.604858,174.802612,2
esp32_device_001,2026-05-21T15:10:52+12:00,22.5,-36.604862,174.802612,2
esp32_device_001,2026-05-21T15:10:57+12:00,23.5,-36.604851,174.802612,2
esp32_device_001,2026-05-21T15:11:02+12:00,24.4,-36.604847,174.802597,2
esp32_device_001,2026-05-21T15:11:07+12:00,24.7,-36.604847,174.802597,2
esp32_device_001,2026-05-21T15:11:12+12:00,23.4,-36.604851,174.802597,2
esp32_device_001,2026-05-21T15:11:17+12:00,22.5,-36.604855,174.802597,2
esp32_device_001,2026-05-21T15:11:22+12:00,21.7,-36.604858,174.802597,2
esp32_device_001,2026-05-21T15:11:27+12:00,22.3,-36.604858,174.802597,2
esp32_device_001,2026-05-21T15:11:32+12:00,23.7,-36.604855,174.802597,2
esp32_device_001,2026-05-21T15:11:37+12:00,26.1,-36.604843,174.802582,2
esp32_device_001,2026-05-21T15:11:42+12:00,26.5,-36.604839,174.802582,2
esp32_device_001,2026-05-21T15:11:47+12:00,28.2,-36.604836,174.802582,2
esp32_device_001,2026-05-21T15:11:52+12:00,28.4,-36.604839,174.802567,2
esp32_device_001,2026-05-21T15:11:57+12:00,29,-36.604836,174.802567,2
esp32_device_001,2026-05-21T15:12:02+12:00,30.4,-36.604828,174.802567,2
esp32_device_001,2026-05-21T15:12:07+12:00,30.7,-36.604824,174.802567,2
esp32_device_001,2026-05-21T15:12:12+12:00,31.2,-36.604824,174.802567,2
esp32_device_001,2026-05-21T15:12:17+12:00,29.5,-36.604832,174.802567,2
esp32_device_001,2026-05-21T15:12:22+12:00,29.8,-36.604828,174.802567,2
esp32_device_001,2026-05-21T15:12:27+12:00,32.3,-36.604816,174.802567,2
esp32_device_001,2026-05-21T15:12:32+12:00,34.2,-36.604805,174.802567,2
esp32_device_001,2026-05-21T15:12:37+12:00,36.6,-36.60479,174.802567,2
esp32_device_001,2026-05-21T15:12:42+12:00,39.4,-36.604778,174.802582,2
esp32_device_001,2026-05-21T15:12:47+12:00,40.7,-36.604767,174.802582,2
esp32_device_001,2026-05-21T15:12:52+12:00,41.3,-36.604767,174.802582,2
esp32_device_001,2026-05-21T15:12:57+12:00,42,-36.604763,174.802582,2
esp32_device_001,2026-05-21T15:13:02+12:00,42.6,-36.604763,174.802582,2
esp32_device_001,2026-05-21T15:13:07+12:00,44.7,-36.604755,174.802582,2
esp32_device_001,2026-05-21T15:13:12+12:00,46.5,-36.604748,174.802582,2
esp32_device_001,2026-05-21T15:13:17+12:00,49.1,-36.60474,174.802567,2
esp32_device_001,2026-05-21T15:13:22+12:00,50.7,-36.604736,174.802567,2
esp32_device_001,2026-05-21T15:13:27+12:00,51.5,-36.604736,174.802567,2
esp32_device_001,2026-05-21T15:13:32+12:00,53.2,-36.604733,174.802567,2
esp32_device_001,2026-05-21T15:13:37+12:00,55,-36.604729,174.802551,2
esp32_device_001,2026-05-21T15:13:42+12:00,56.6,-36.604725,174.802551,2
esp32_device_001,2026-05-21T15:13:47+12:00,56.9,-36.604725,174.802551,2
esp32_device_001,2026-05-21T15:14:21+12:00,55.8,-36.60474,174.802551,2
esp32_device_001,2026-05-21T15:14:26+12:00,53.9,-36.604748,174.802551,2
esp32_device_001,2026-05-21T15:14:31+12:00,52.9,-36.604752,174.802567,2
esp32_device_001,2026-05-21T15:14:36+12:00,53.2,-36.604748,174.802567,2
esp32_device_001,2026-05-21T15:14:41+12:00,53,-36.604759,174.802567,2
esp32_device_001,2026-05-21T15:14:46+12:00,50.6,-36.604774,174.802567,2
esp32_device_001,2026-05-21T15:14:51+12:00,48.4,-36.604786,174.802567,2
esp32_device_001,2026-05-21T15:14:56+12:00,45.9,-36.604801,174.802567,2
esp32_device_001,2026-05-21T15:15:01+12:00,44.5,-36.604809,174.802567,2
esp32_device_001,2026-05-21T15:15:06+12:00,42.6,-36.60482,174.802567,2
esp32_device_001,2026-05-21T15:15:11+12:00,41.6,-36.604828,174.802567,2
esp32_device_001,2026-05-21T15:15:16+12:00,40.9,-36.604832,174.802567,2
esp32_device_001,2026-05-21T15:15:21+12:00,40.7,-36.604832,174.802567,2
esp32_device_001,2026-05-21T15:15:26+12:00,40.3,-36.604832,174.802567,2
esp32_device_001,2026-05-21T15:15:31+12:00,40.4,-36.604832,174.802567,2
esp32_device_001,2026-05-21T15:15:36+12:00,40.6,-36.604832,174.802567,2
esp32_device_001,2026-05-21T15:15:41+12:00,40.8,-36.604836,174.802567,2
esp32_device_001,2026-05-21T15:15:46+12:00,41.3,-36.604836,174.802567,2
esp32_device_001,2026-05-21T15:15:51+12:00,40,-36.604839,174.802567,2
esp32_device_001,2026-05-21T15:15:56+12:00,39.2,-36.604843,174.802567,2
esp32_device_001,2026-05-21T15:16:01+12:00,39,-36.604843,174.802567,2
esp32_device_001,2026-05-21T15:16:06+12:00,40.7,-36.604839,174.802567,2
esp32_device_001,2026-05-21T15:16:11+12:00,42.8,-36.604836,174.802567,2
esp32_device_001,2026-05-21T15:16:16+12:00,44.5,-36.604832,174.802551,2
esp32_device_001,2026-05-21T15:16:21+12:00,47,-36.604828,174.802551,2
esp32_device_001,2026-05-21T15:16:26+12:00,49,-36.604828,174.802551,2
esp32_device_001,2026-05-21T15:16:31+12:00,51.5,-36.604828,174.802551,2
esp32_device_001,2026-05-21T15:16:36+12:00,53.3,-36.604816,174.802551,2
esp32_device_001,2026-05-21T15:16:41+12:00,55.7,-36.604809,174.802551,2
esp32_device_001,2026-05-21T15:16:46+12:00,57.8,-36.604809,174.802551,2
esp32_device_001,2026-05-21T15:16:51+12:00,57.9,-36.604801,174.802536,2
esp32_device_001,2026-05-21T15:16:56+12:00,57.5,-36.604797,174.802536,2
esp32_device_001,2026-05-21T15:17:01+12:00,58.5,-36.604794,174.802536,2
esp32_device_001,2026-05-21T15:17:06+12:00,60.5,-36.604794,174.802521,2
esp32_device_001,2026-05-21T15:17:11+12:00,62.7,-36.604797,174.802505,2
esp32_device_001,2026-05-21T15:17:16+12:00,63.7,-36.604801,174.802505,2
esp32_device_001,2026-05-21T15:17:21+12:00,64,-36.604797,174.802505,2
esp32_device_001,2026-05-21T15:17:26+12:00,65.1,-36.604797,174.80249,2
esp32_device_001,2026-05-21T15:17:31+12:00,66.4,-36.604801,174.80249,2
esp32_device_001,2026-05-21T15:17:36+12:00,67.8,-36.604813,174.802475,2
esp32_device_001,2026-05-21T15:17:41+12:00,71.5,-36.60482,174.80246,2
esp32_device_001,2026-05-21T15:17:46+12:00,79,-36.604828,174.802429,2
esp32_device_001,2026-05-21T15:17:51+12:00,81.8,-36.604836,174.802414,2
esp32_device_001,2026-05-21T15:17:56+12:00,81.2,-36.604832,174.802429,2
esp32_device_001,2026-05-21T15:18:01+12:00,83.7,-36.604828,174.802414,2
esp32_device_001,2026-05-21T15:18:06+12:00,84.8,-36.604824,174.802414,2
esp32_device_001,2026-05-21T15:18:11+12:00,79.3,-36.604836,174.802444,2
esp32_device_001,2026-05-21T15:18:16+12:00,71.6,-36.604851,174.80249,2
esp32_device_001,2026-05-21T15:18:21+12:00,69.2,-36.604836,174.802505,2
esp32_device_001,2026-05-21T15:18:26+12:00,60.7,-36.604874,174.802551,2
esp32_device_001,2026-05-21T15:18:31+12:00,55.3,-36.604893,174.802567,2
esp32_device_001,2026-05-21T15:18:36+12:00,51.2,-36.6049,174.802567,2
esp32_device_001,2026-05-21T15:18:41+12:00,46.6,-36.604908,174.802597,2
esp32_device_001,2026-05-21T15:18:46+12:00,41.1,-36.6049,174.802612,2
esp32_device_001,2026-05-21T15:18:51+12:00,37,-36.604897,174.802628,2
esp32_device_001,2026-05-21T15:19:17+12:00,37,-36.604839,174.802597,2
esp32_device_001,2026-05-21T15:19:22+12:00,37,-36.604816,174.802597,2
esp32_device_001,2026-05-21T15:19:27+12:00,37,-36.604805,174.802597,2
esp32_device_001,2026-05-21T15:19:32+12:00,37,-36.604786,174.802582,2
esp32_device_001,2026-05-21T15:19:37+12:00,37,-36.604782,174.802597,2
esp32_device_001,2026-05-21T15:19:42+12:00,37,-36.604786,174.802612,2
esp32_device_001,2026-05-21T15:19:47+12:00,37,-36.604782,174.802628,2
esp32_device_001,2026-05-21T15:19:52+12:00,37,-36.604774,174.802628,2
esp32_device_001,2026-05-21T15:19:57+12:00,37,-36.604774,174.802628,2
esp32_device_001,2026-05-21T15:20:02+12:00,37,-36.604767,174.802628,2
esp32_device_001,2026-05-21T15:20:07+12:00,37,-36.604763,174.802628,2
esp32_device_001,2026-05-21T15:20:12+12:00,37,-36.604763,174.802628,2
esp32_device_001,2026-05-21T15:20:17+12:00,37,-36.604767,174.802628,2
esp32_device_001,2026-05-21T15:20:22+12:00,37,-36.604763,174.802643,2
esp32_device_001,2026-05-21T15:20:27+12:00,37,-36.604763,174.802643,2
esp32_device_001,2026-05-21T15:20:32+12:00,37,-36.604763,174.802643,2
esp32_device_001,2026-05-21T15:20:37+12:00,37,-36.604763,174.802643,2
esp32_device_001,2026-05-21T15:20:42+12:00,37,-36.604763,174.802643,2
esp32_device_001,2026-05-21T15:20:47+12:00,37,-36.604763,174.802658,2
esp32_device_001,2026-05-21T15:20:52+12:00,37,-36.604748,174.802689,2
esp32_device_001,2026-05-21T15:20:57+12:00,37,-36.604752,174.802673,2
esp32_device_001,2026-05-21T15:21:02+12:00,37,-36.604759,174.802658,2
esp32_device_001,2026-05-21T15:21:07+12:00,37,-36.604744,174.802658,2
esp32_device_001,2026-05-21T15:21:12+12:00,37,-36.60479,174.802658,2
esp32_device_001,2026-05-21T15:21:17+12:00,37,-36.604855,174.802643,2
esp32_device_001,2026-05-21T15:21:22+12:00,37,-36.604862,174.802628,2
esp32_device_001,2026-05-21T15:21:27+12:00,37,-36.604874,174.802612,2
esp32_device_001,2026-05-21T15:21:32+12:00,37,-36.604866,174.802597,2
esp32_device_001,2026-05-21T15:21:37+12:00,37,-36.604858,174.802597,2
esp32_device_001,2026-05-21T15:21:42+12:00,37,-36.604843,174.802582,2
esp32_device_001,2026-05-21T15:21:47+12:00,37,-36.604843,174.802582,2
esp32_device_001,2026-05-21T15:21:52+12:00,37,-36.604839,174.802567,2
esp32_device_001,2026-05-21T15:21:57+12:00,37,-36.604858,174.802551,2
esp32_device_001,2026-05-21T15:22:02+12:00,37,-36.604862,174.802567,2
esp32_device_001,2026-05-21T15:22:07+12:00,37,-36.604855,174.802567,2
esp32_device_001,2026-05-21T15:22:12+12:00,37,-36.604855,174.802567,2
esp32_device_001,2026-05-21T15:22:17+12:00,37,-36.604843,174.802567,2
esp32_device_001,2026-05-21T15:22:22+12:00,37,-36.604832,174.802567,2
esp32_device_001,2026-05-21T15:22:27+12:00,37,-36.604843,174.802567,2
esp32_device_001,2026-05-21T15:22:32+12:00,37,-36.604839,174.802567,2
esp32_device_001,2026-05-21T15:22:37+12:00,37,-36.604847,174.802551,2
esp32_device_001,2026-05-21T15:22:42+12:00,37,-36.604851,174.802551,2
esp32_device_001,2026-05-21T15:22:47+12:00,37,-36.604851,174.802551,2
esp32_device_001,2026-05-21T15:22:52+12:00,37,-36.604847,174.802551,2
esp32_device_001,2026-05-21T15:22:57+12:00,37,-36.604836,174.802567,2
esp32_device_001,2026-05-21T15:23:02+12:00,37,-36.604836,174.802567,2
esp32_device_001,2026-05-21T15:23:07+12:00,37,-36.604832,174.802567,2
esp32_device_001,2026-05-21T15:23:12+12:00,37,-36.604836,174.802567,2
esp32_device_001,2026-05-21T15:23:17+12:00,37,-36.604828,174.802582,2
esp32_device_001,2026-05-21T15:23:22+12:00,37,-36.604816,174.802597,2
esp32_device_001,2026-05-21T15:23:27+12:00,37,-36.604813,174.802582,2
esp32_device_001,2026-05-21T15:23:32+12:00,37,-36.604805,174.802597,2
esp32_device_001,2026-05-21T15:23:37+12:00,37,-36.604797,174.802597,2
esp32_device_001,2026-05-21T15:23:42+12:00,37,-36.604801,174.802597,2
esp32_device_001,2026-05-21T15:23:47+12:00,37,-36.604809,174.802597,2
esp32_device_001,2026-05-21T15:23:52+12:00,37,-36.604809,174.802597,2
esp32_device_001,2026-05-21T15:24:13+12:00,32.3,-36.604782,174.802628,2
esp32_device_001,2026-05-21T15:24:18+12:00,31.8,-36.604786,174.802628,2
esp32_device_001,2026-05-21T15:24:23+12:00,32,-36.604786,174.802628,2
esp32_device_001,2026-05-21T15:24:28+12:00,32.4,-36.604786,174.802628,2
esp32_device_001,2026-05-21T15:24:33+12:00,32.4,-36.604778,174.802643,2
esp32_device_001,2026-05-21T15:24:38+12:00,32.3,-36.604778,174.802628,2
esp32_device_001,2026-05-21T15:24:43+12:00,32.4,-36.60479,174.802628,2
esp32_device_001,2026-05-21T15:24:48+12:00,32.5,-36.604786,174.802628,2
esp32_device_001,2026-05-21T15:24:53+12:00,32.7,-36.604774,174.802643,2
esp32_device_001,2026-05-21T15:24:58+12:00,32.7,-36.604774,174.802643,2
esp32_device_001,2026-05-21T15:25:03+12:00,33,-36.604778,174.802628,2
esp32_device_001,2026-05-21T15:25:08+12:00,33.7,-36.604778,174.802628,2
esp32_device_001,2026-05-21T15:25:13+12:00,33.8,-36.604782,174.802628,2
esp32_device_001,2026-05-21T15:25:18+12:00,34.7,-36.604782,174.802628,2
esp32_device_001,2026-05-21T15:25:23+12:00,35.9,-36.604774,174.802628,2
esp32_device_001,2026-05-21T15:25:28+12:00,36.8,-36.604771,174.802628,2
esp32_device_001,2026-05-21T15:25:33+12:00,37.8,-36.604771,174.802628,2
esp32_device_001,2026-05-21T15:25:38+12:00,38.7,-36.604771,174.802612,2
esp32_device_001,2026-05-21T15:25:43+12:00,39.2,-36.604778,174.802597,2
esp32_device_001,2026-05-21T15:25:48+12:00,40,-36.604782,174.802597,2
esp32_device_001,2026-05-21T15:25:53+12:00,39,-36.604786,174.802597,2
esp32_device_001,2026-05-21T15:25:58+12:00,37,-36.604786,174.802612,2
esp32_device_001,2026-05-21T15:26:03+12:00,36.1,-36.604794,174.802612,2
esp32_device_001,2026-05-21T15:26:08+12:00,36.6,-36.604786,174.802612,2
esp32_device_001,2026-05-21T15:26:13+12:00,36.2,-36.604782,174.802612,2
esp32_device_001,2026-05-21T15:26:18+12:00,36.4,-36.604782,174.802612,2
esp32_device_001,2026-05-21T15:26:23+12:00,37.2,-36.604778,174.802628,2
esp32_device_001,2026-05-21T15:26:28+12:00,38.5,-36.604778,174.802628,2
esp32_device_001,2026-05-21T15:26:33+12:00,39.4,-36.604774,174.802628,2
esp32_device_001,2026-05-21T15:26:38+12:00,40.1,-36.604778,174.802628,2
esp32_device_001,2026-05-21T15:26:43+12:00,43.3,-36.604778,174.802628,2
esp32_device_001,2026-05-21T15:26:48+12:00,44.8,-36.604786,174.802612,2
esp32_device_001,2026-05-21T15:26:53+12:00,49.6,-36.604774,174.802612,2
esp32_device_001,2026-05-21T15:26:58+12:00,51,-36.604767,174.802612,2
esp32_device_001,2026-05-21T15:27:03+12:00,53.2,-36.604759,174.802612,2
esp32_device_001,2026-05-21T15:27:08+12:00,56.6,-36.604755,174.802597,2
esp32_device_001,2026-05-21T15:27:13+12:00,58.8,-36.604763,174.802597,2
esp32_device_001,2026-05-21T15:27:18+12:00,61.2,-36.604759,174.802582,2
esp32_device_001,2026-05-21T15:27:23+12:00,66.8,-36.604733,174.802582,2
esp32_device_001,2026-05-21T15:27:28+12:00,71.3,-36.604717,174.802597,2
esp32_device_001,2026-05-21T15:27:33+12:00,73.8,-36.604702,174.802597,2
esp32_device_001,2026-05-21T15:27:38+12:00,76.3,-36.604687,174.802597,2
esp32_device_001,2026-05-21T15:27:43+12:00,77.5,-36.604671,174.802597,2
esp32_device_001,2026-05-21T15:27:48+12:00,78.4,-36.604668,174.802597,2
esp32_device_001,2026-05-21T15:27:53+12:00,78.2,-36.604664,174.802612,2
esp32_device_001,2026-05-21T15:27:58+12:00,76.8,-36.604664,174.802612,2
esp32_device_001,2026-05-21T15:28:03+12:00,77.2,-36.604656,174.802612,2
esp32_device_001,2026-05-21T15:28:08+12:00,76.1,-36.60466,174.802612,2
esp32_device_001,2026-05-21T15:28:13+12:00,76.5,-36.604664,174.802612,2
esp32_device_001,2026-05-21T15:28:18+12:00,74.8,-36.604671,174.802597,2
esp32_device_001,2026-05-21T15:28:23+12:00,74,-36.604671,174.802597,2
esp32_device_001,2026-05-21T15:28:28+12:00,73.3,-36.604668,174.802597,2
esp32_device_001,2026-05-21T15:28:33+12:00,71.2,-36.604675,174.802597,2
esp32_device_001,2026-05-21T15:28:38+12:00,70.4,-36.604679,174.802597,2
esp32_device_001,2026-05-21T15:28:43+12:00,68.7,-36.604683,174.802597,2
esp32_device_001,2026-05-21T15:28:48+12:00,66,-36.604691,174.802597,2
esp32_device_001,2026-05-21T15:29:03+12:00,60.5,-36.604706,174.802597,2
esp32_device_001,2026-05-21T15:29:08+12:00,58.9,-36.60471,174.802597,2
esp32_device_001,2026-05-21T15:29:13+12:00,58.2,-36.604713,174.802597,2
esp32_device_001,2026-05-21T15:29:18+12:00,56,-36.604721,174.802597,2
esp32_device_001,2026-05-21T15:29:23+12:00,54,-36.604729,174.802597,2
esp32_device_001,2026-05-21T15:29:28+12:00,50.7,-36.604744,174.802597,2
esp32_device_001,2026-05-21T15:29:33+12:00,51.4,-36.604736,174.802597,2
esp32_device_001,2026-05-21T15:29:38+12:00,50.7,-36.60474,174.802597,2
esp32_device_001,2026-05-21T15:29:43+12:00,49.8,-36.60474,174.802597,2
esp32_device_001,2026-05-21T15:29:48+12:00,49.3,-36.604733,174.802597,2
esp32_device_001,2026-05-21T15:29:53+12:00,49.2,-36.604733,174.802597,2
esp32_device_001,2026-05-21T15:29:58+12:00,48.3,-36.60474,174.802582,2
esp32_device_001,2026-05-21T15:30:03+12:00,49.9,-36.604748,174.802582,2
esp32_device_001,2026-05-21T15:30:08+12:00,52.5,-36.604752,174.802582,2
esp32_device_001,2026-05-21T15:30:13+12:00,56.3,-36.604748,174.802567,2
esp32_device_001,2026-05-21T15:30:18+12:00,58.7,-36.604744,174.802567,2
esp32_device_001,2026-05-21T15:30:23+12:00,60.5,-36.60474,174.802582,2
esp32_device_001,2026-05-21T15:30:28+12:00,61.8,-36.60474,174.802582,2
esp32_device_001,2026-05-21T15:30:33+12:00,62.1,-36.604733,174.802582,2
esp32_device_001,2026-05-21T15:30:38+12:00,62.2,-36.604725,174.802582,2
esp32_device_001,2026-05-21T15:30:43+12:00,61.9,-36.604721,174.802582,2
esp32_device_001,2026-05-21T15:30:48+12:00,62.7,-36.604713,174.802582,2
esp32_device_001,2026-05-21T15:30:53+12:00,65.1,-36.604706,174.802582,2
esp32_device_001,2026-05-21T15:30:58+12:00,65.9,-36.604702,174.802582,2
esp32_device_001,2026-05-21T15:31:03+12:00,64.5,-36.604702,174.802582,2
esp32_device_001,2026-05-21T15:31:08+12:00,64,-36.604702,174.802597,2
esp32_device_001,2026-05-21T15:31:13+12:00,62.8,-36.604706,174.802597,2
esp32_device_001,2026-05-21T15:31:18+12:00,61,-36.604713,174.802597,2
esp32_device_001,2026-05-21T15:31:23+12:00,59.8,-36.604717,174.802582,2
esp32_device_001,2026-05-21T15:31:28+12:00,59.2,-36.604717,174.802582,2
esp32_device_001,2026-05-21T15:31:33+12:00,58.6,-36.604717,174.802582,2
esp32_device_001,2026-05-21T15:31:38+12:00,57.5,-36.604721,174.802582,2
esp32_device_001,2026-05-21T15:31:43+12:00,56.7,-36.604721,174.802582,2
esp32_device_001,2026-05-21T15:31:48+12:00,56.3,-36.604721,174.802582,2
esp32_device_001,2026-05-21T15:31:53+12:00,56.2,-36.604717,174.802582,2
esp32_device_001,2026-05-21T15:31:58+12:00,54.7,-36.604717,174.802582,2
esp32_device_001,2026-05-21T15:32:03+12:00,53.8,-36.604717,174.802582,2
esp32_device_001,2026-05-21T15:32:08+12:00,54,-36.604717,174.802582,2
esp32_device_001,2026-05-21T15:32:13+12:00,55.3,-36.604717,174.802597,2
esp32_device_001,2026-05-21T15:32:18+12:00,56.4,-36.604713,174.802597,2
esp32_device_001,2026-05-21T15:32:23+12:00,59.6,-36.604706,174.802597,2
esp32_device_001,2026-05-21T15:32:28+12:00,60.3,-36.604706,174.802597,2
esp32_device_001,2026-05-21T15:32:33+12:00,60.8,-36.604706,174.802597,2
esp32_device_001,2026-05-21T15:32:38+12:00,62.7,-36.604698,174.802597,2
esp32_device_001,2026-05-21T15:32:43+12:00,65,-36.604691,174.802612,2
esp32_device_001,2026-05-21T15:32:48+12:00,67.7,-36.604679,174.802612,2
esp32_device_001,2026-05-21T15:32:53+12:00,69.1,-36.604671,174.802612,2
esp32_device_001,2026-05-21T15:32:58+12:00,73,-36.604652,174.802597,2
esp32_device_001,2026-05-21T15:33:03+12:00,74.2,-36.604649,174.802597,2
esp32_device_001,2026-05-21T15:33:08+12:00,73.4,-36.604649,174.802597,2
esp32_device_001,2026-05-21T15:33:13+12:00,74.4,-36.604641,174.802597,2
esp32_device_001,2026-05-21T15:33:18+12:00,75,-36.604637,174.802597,2
esp32_device_001,2026-05-21T15:33:23+12:00,75.3,-36.604633,174.802597,2
esp32_device_001,2026-05-21T15:33:28+12:00,75.2,-36.604633,174.802612,2
esp32_device_001,2026-05-21T15:33:33+12:00,73.1,-36.604637,174.802612,2
esp32_device_001,2026-05-21T15:33:38+12:00,70.3,-36.604649,174.802612,2
esp32_device_001,2026-05-21T15:33:43+12:00,67,-36.60466,174.802612,2
esp32_device_001,2026-05-21T15:33:48+12:00,64.1,-36.604679,174.802597,2
esp32_device_001,2026-05-21T15:34:13+12:00,59.6,-36.604687,174.802597,2
esp32_device_001,2026-05-21T15:34:18+12:00,57.9,-36.604691,174.802597,2
esp32_device_001,2026-05-21T15:34:23+12:00,55.6,-36.604694,174.802597,2
esp32_device_001,2026-05-21T15:34:28+12:00,54.1,-36.604698,174.802597,2
esp32_device_001,2026-05-21T15:34:33+12:00,53.5,-36.604698,174.802597,2
esp32_device_001,2026-05-21T15:34:38+12:00,53.4,-36.604698,174.802597,2
esp32_device_001,2026-05-21T15:34:43+12:00,53.3,-36.604691,174.802597,2
esp32_device_001,2026-05-21T15:34:48+12:00,52.2,-36.604694,174.802597,2
esp32_device_001,2026-05-21T15:34:53+12:00,51.3,-36.604694,174.802597,2
esp32_device_001,2026-05-21T15:34:58+12:00,50.5,-36.604698,174.802597,2
esp32_device_001,2026-05-21T15:35:03+12:00,50,-36.604698,174.802597,2
esp32_device_001,2026-05-21T15:35:08+12:00,49,-36.604698,174.802597,2
esp32_device_001,2026-05-21T15:35:13+12:00,50.2,-36.604698,174.802597,2
esp32_device_001,2026-05-21T15:35:18+12:00,50.4,-36.604698,174.802597,2
esp32_device_001,2026-05-21T15:35:23+12:00,51,-36.604694,174.802597,2
esp32_device_001,2026-05-21T15:35:28+12:00,52.1,-36.604691,174.802597,2
esp32_device_001,2026-05-21T15:35:33+12:00,53.5,-36.604687,174.802597,2
esp32_device_001,2026-05-21T15:35:38+12:00,53.1,-36.604687,174.802612,2
esp32_device_001,2026-05-21T15:35:43+12:00,53,-36.604691,174.802612,2
esp32_device_001,2026-05-21T15:35:48+12:00,53.4,-36.604691,174.802612,2
esp32_device_001,2026-05-21T15:35:53+12:00,53.7,-36.604687,174.802612,2
esp32_device_001,2026-05-21T15:35:58+12:00,53.6,-36.604687,174.802612,2
esp32_device_001,2026-05-21T15:36:03+12:00,54,-36.604683,174.802612,2
esp32_device_001,2026-05-21T15:36:08+12:00,53.8,-36.604683,174.802612,2
esp32_device_001,2026-05-21T15:36:13+12:00,52.4,-36.604683,174.802612,2
esp32_device_001,2026-05-21T15:36:18+12:00,52,-36.604687,174.802612,2
esp32_device_001,2026-05-21T15:36:23+12:00,53.1,-36.604687,174.802612,2
esp32_device_001,2026-05-21T15:36:28+12:00,54.7,-36.604687,174.802612,2
esp32_device_001,2026-05-21T15:36:33+12:00,55.5,-36.604679,174.802612,2
esp32_device_001,2026-05-21T15:36:38+12:00,55,-36.604687,174.802612,2
esp32_device_001,2026-05-21T15:36:43+12:00,54.5,-36.604694,174.802597,2
esp32_device_001,2026-05-21T15:36:48+12:00,54.7,-36.604713,174.802597,2
esp32_device_001,2026-05-21T15:36:53+12:00,55.5,-36.604748,174.802582,2
esp32_device_001,2026-05-21T15:36:58+12:00,57,-36.604752,174.802582,2
esp32_device_001,2026-05-21T15:37:03+12:00,57.4,-36.604755,174.802582,2
esp32_device_001,2026-05-21T15:37:08+12:00,60.2,-36.604778,174.802582,2
esp32_device_001,2026-05-21T15:37:13+12:00,61.7,-36.604771,174.802582,2
esp32_device_001,2026-05-21T15:37:18+12:00,64.1,-36.604759,174.802597,2
esp32_device_001,2026-05-21T15:37:23+12:00,65.7,-36.604759,174.802597,2
esp32_device_001,2026-05-21T15:37:28+12:00,66.5,-36.60474,174.802612,2
esp32_device_001,2026-05-21T15:37:33+12:00,66.5,-36.604725,174.802612,2
esp32_device_001,2026-05-21T15:37:38+12:00,65.9,-36.604706,174.802628,2
esp32_device_001,2026-05-21T15:37:43+12:00,64.5,-36.604694,174.802628,2
esp32_device_001,2026-05-21T15:37:48+12:00,62.5,-36.604691,174.802643,2
esp32_device_001,2026-05-21T15:37:53+12:00,60.9,-36.604691,174.802628,2
esp32_device_001,2026-05-21T15:37:58+12:00,58.5,-36.604687,174.802628,2
esp32_device_001,2026-05-21T15:38:03+12:00,55.2,-36.604683,174.802628,2
esp32_device_001,2026-05-21T15:38:08+12:00,53.4,-36.604671,174.802628,2
esp32_device_001,2026-05-21T15:38:13+12:00,52.2,-36.604671,174.802628,2
esp32_device_001,2026-05-21T15:38:18+12:00,53,-36.604675,174.802643,2
esp32_device_001,2026-05-21T15:38:23+12:00,53.4,-36.604675,174.802643,2
esp32_device_001,2026-05-21T15:38:28+12:00,53.1,-36.604683,174.802643,2
esp32_device_001,2026-05-21T15:38:33+12:00,53.4,-36.604687,174.802658,2
esp32_device_001,2026-05-21T15:38:38+12:00,54.4,-36.604691,174.802658,2
esp32_device_001,2026-05-21T15:38:43+12:00,55,-36.604691,174.802658,2
esp32_device_001,2026-05-21T15:38:48+12:00,54.3,-36.604691,174.802658,2
esp32_device_001,2026-05-21T15:39:56+12:00,52.6,-36.604675,174.802643,2
esp32_device_001,2026-05-21T15:40:01+12:00,52.3,-36.604675,174.802643,2
esp32_device_001,2026-05-21T15:40:06+12:00,53.9,-36.604671,174.802643,2
esp32_device_001,2026-05-21T15:40:11+12:00,55.9,-36.604675,174.802643,2
esp32_device_001,2026-05-21T15:42:07+12:00,0,-36.604752,174.802612,2
esp32_device_001,2026-05-21T15:42:12+12:00,0,-36.604755,174.802612,2
esp32_device_001,2026-05-21T15:42:17+12:00,0,-36.604748,174.802612,2
esp32_device_001,2026-05-21T15:43:12+12:00,0,-36.604748,174.802612,2
esp32_device_001,2026-05-21T15:43:32+12:00,0,-36.604759,174.802597,2
esp32_device_001,2026-05-21T15:43:37+12:00,0,-36.604774,174.802597,2
esp32_device_001,2026-05-21T15:43:42+12:00,0,-36.604782,174.802597,2
esp32_device_001,2026-05-21T15:43:47+12:00,0,-36.604786,174.802597,2
esp32_device_001,2026-05-21T15:43:52+12:00,0,-36.60479,174.802597,2
esp32_device_001,2026-05-21T15:43:57+12:00,0,-36.60479,174.802597,2
esp32_device_001,2026-05-21T15:44:02+12:00,0,-36.604794,174.802597,2
esp32_device_001,2026-05-21T15:44:07+12:00,0,-36.604805,174.802597,2
esp32_device_001,2026-05-21T15:44:12+12:00,0,-36.604809,174.802597,2
esp32_device_001,2026-05-21T15:44:17+12:00,0,-36.604809,174.802597,2
esp32_device_001,2026-05-21T15:44:22+12:00,0,-36.604816,174.802597,2
esp32_device_001,2026-05-21T15:44:37+12:00,0,-36.604843,174.802582,2
esp32_device_001,2026-05-21T15:44:42+12:00,0,-36.604851,174.802582,2
esp32_device_001,2026-05-21T15:44:47+12:00,0,-36.604847,174.802582,2
esp32_device_001,2026-05-21T15:44:52+12:00,0,-36.604843,174.802582,2
esp32_device_001,2026-05-21T15:44:57+12:00,0,-36.604836,174.802582,2
esp32_device_001,2026-05-21T15:45:02+12:00,0,-36.604824,174.802582,2
esp32_device_001,2026-05-21T15:45:07+12:00,0,-36.604816,174.802582,2
esp32_device_001,2026-05-21T15:45:12+12:00,0,-36.604813,174.802582,2
esp32_device_001,2026-05-21T15:45:17+12:00,0,-36.604805,174.802582,2
esp32_device_001,2026-05-21T15:45:22+12:00,0,-36.604794,174.802582,2
esp32_device_001,2026-05-21T15:45:27+12:00,0,-36.60479,174.802582,2
esp32_device_001,2026-05-21T15:45:32+12:00,0,-36.604786,174.802582,2
esp32_device_001,2026-05-21T15:45:37+12:00,0,-36.604786,174.802582,2
esp32_device_001,2026-05-21T15:45:57+12:00,0,-36.604782,174.802582,2
esp32_device_001,2026-05-21T15:46:02+12:00,0,-36.604782,174.802582,2
esp32_device_001,2026-05-21T15:46:07+12:00,0,-36.604778,174.802582,2
esp32_device_001,2026-05-21T15:46:12+12:00,0,-36.604782,174.802597,2
esp32_device_001,2026-05-21T15:46:34+12:00,35.9,-36.604778,174.802597,2
esp32_device_001,2026-05-21T15:46:39+12:00,36.3,-36.604771,174.802597,2
esp32_device_001,2026-05-21T15:46:44+12:00,37.4,-36.604771,174.802597,2
esp32_device_001,2026-05-21T15:46:49+12:00,38.9,-36.604767,174.802597,2
esp32_device_001,2026-05-21T15:46:54+12:00,39.2,-36.604759,174.802597,2
esp32_device_001,2026-05-21T15:46:59+12:00,39.7,-36.604755,174.802597,2
esp32_device_001,2026-05-21T15:47:04+12:00,40.7,-36.604755,174.802597,2
esp32_device_001,2026-05-21T15:47:09+12:00,40.7,-36.604755,174.802597,2
esp32_device_001,2026-05-21T15:47:14+12:00,38.8,-36.604759,174.802597,2
esp32_device_001,2026-05-21T15:47:19+12:00,37.7,-36.604759,174.802597,2
esp32_device_001,2026-05-21T15:47:24+12:00,36.3,-36.604759,174.802597,2
esp32_device_001,2026-05-21T15:47:29+12:00,35.6,-36.604763,174.802597,2
esp32_device_001,2026-05-21T15:47:34+12:00,35.5,-36.604759,174.802597,2
esp32_device_001,2026-05-21T15:47:39+12:00,36.5,-36.604759,174.802597,2
esp32_device_001,2026-05-21T15:47:44+12:00,37.5,-36.604755,174.802597,2
esp32_device_001,2026-05-21T15:47:49+12:00,39.5,-36.604752,174.802597,2
esp32_device_001,2026-05-21T15:47:54+12:00,40,-36.604748,174.802597,2
esp32_device_001,2026-05-21T15:47:59+12:00,41.4,-36.604748,174.802597,2
esp32_device_001,2026-05-21T15:48:04+12:00,41.8,-36.604748,174.802597,2
esp32_device_001,2026-05-21T15:48:09+12:00,42.9,-36.604748,174.802597,2
esp32_device_001,2026-05-21T15:48:14+12:00,42.6,-36.604755,174.802597,2
esp32_device_001,2026-05-21T15:48:19+12:00,41,-36.604759,174.802597,2
esp32_device_001,2026-05-21T15:48:24+12:00,39.7,-36.604771,174.802597,2
esp32_device_001,2026-05-21T15:48:29+12:00,38.6,-36.604782,174.802597,2
esp32_device_001,2026-05-21T15:48:34+12:00,37.5,-36.604786,174.802582,2
esp32_device_001,2026-05-21T15:48:39+12:00,36.3,-36.60479,174.802582,2
esp32_device_001,2026-05-21T15:48:44+12:00,36.2,-36.60479,174.802582,2
esp32_device_001,2026-05-21T15:48:49+12:00,36.5,-36.604794,174.802597,2
esp32_device_001,2026-05-21T15:48:54+12:00,37.1,-36.604794,174.802597,2
esp32_device_001,2026-05-21T15:48:59+12:00,35.8,-36.604797,174.802597,2
esp32_device_001,2026-05-21T15:49:04+12:00,36,-36.604794,174.802597,2
esp32_device_001,2026-05-21T15:49:09+12:00,36.2,-36.604797,174.802597,2
esp32_device_001,2026-05-21T15:49:14+12:00,36.4,-36.604797,174.802597,2
esp32_device_001,2026-05-21T15:49:19+12:00,37,-36.604797,174.802597,2
esp32_device_001,2026-05-21T15:49:24+12:00,39.1,-36.604786,174.802597,2
esp32_device_001,2026-05-21T15:49:29+12:00,38.4,-36.604782,174.802612,2
esp32_device_001,2026-05-21T15:49:34+12:00,38.3,-36.604782,174.802612,2
esp32_device_001,2026-05-21T15:49:39+12:00,38,-36.604782,174.802612,2
esp32_device_001,2026-05-21T15:49:44+12:00,38.9,-36.604778,174.802612,2
esp32_device_001,2026-05-21T15:49:49+12:00,39.9,-36.604778,174.802612,2
esp32_device_001,2026-05-21T15:49:54+12:00,42.3,-36.604767,174.802612,2
esp32_device_001,2026-05-21T15:49:59+12:00,42.1,-36.604763,174.802612,2
esp32_device_001,2026-05-21T15:50:04+12:00,44.3,-36.604755,174.802628,2
esp32_device_001,2026-05-21T15:50:09+12:00,47.4,-36.604748,174.802628,2
esp32_device_001,2026-05-21T15:50:14+12:00,48.7,-36.604744,174.802628,2
esp32_device_001,2026-05-21T15:50:19+12:00,49.1,-36.60474,174.802628,2
esp32_device_001,2026-05-21T15:50:24+12:00,46.9,-36.604755,174.802628,2
esp32_device_001,2026-05-21T15:50:29+12:00,44.6,-36.604774,174.802628,2
esp32_device_001,2026-05-21T15:50:34+12:00,43.6,-36.604778,174.802628,2
esp32_device_001,2026-05-21T15:50:39+12:00,42.8,-36.604786,174.802628,2
esp32_device_001,2026-05-21T15:50:44+12:00,42.3,-36.604794,174.802628,2
esp32_device_001,2026-05-21T15:50:49+12:00,41.8,-36.604794,174.802628,2
esp32_device_001,2026-05-21T15:50:54+12:00,42.1,-36.604794,174.802628,2
esp32_device_001,2026-05-21T15:50:59+12:00,42.2,-36.604801,174.802628,2
esp32_device_001,2026-05-21T15:51:04+12:00,42.9,-36.604797,174.802628,2
esp32_device_001,2026-05-21T15:51:09+12:00,44,-36.604794,174.802628,2
esp32_device_001,2026-05-21T15:51:14+12:00,45,-36.604786,174.802628,2
esp32_device_001,2026-05-21T15:51:19+12:00,46.6,-36.604778,174.802628,2
esp32_device_001,2026-05-21T15:51:37+12:00,47.3,-36.604778,174.802628,2
esp32_device_001,2026-05-21T15:51:42+12:00,46.8,-36.604778,174.802628,2
esp32_device_001,2026-05-21T15:51:47+12:00,46.2,-36.604771,174.802628,2
esp32_device_001,2026-05-21T15:51:52+12:00,46.2,-36.604771,174.802628,2
esp32_device_001,2026-05-21T15:51:57+12:00,46.2,-36.604771,174.802628,2
esp32_device_001,2026-05-21T15:52:02+12:00,46.2,-36.604771,174.802628,2
esp32_device_001,2026-05-21T15:52:07+12:00,46.2,-36.604782,174.802612,2
esp32_device_001,2026-05-21T15:52:12+12:00,46.2,-36.604774,174.802612,2
esp32_device_001,2026-05-21T15:52:17+12:00,46.2,-36.604771,174.802612,2
esp32_device_001,2026-05-21T15:52:22+12:00,46.2,-36.604778,174.802612,2
esp32_device_001,2026-05-21T15:52:27+12:00,46.2,-36.604778,174.802612,2
esp32_device_001,2026-05-21T15:52:32+12:00,46.2,-36.604774,174.802612,2
esp32_device_001,2026-05-21T15:52:37+12:00,46.2,-36.604763,174.802612,2
esp32_device_001,2026-05-21T15:52:42+12:00,50.3,-36.604767,174.802612,2
esp32_device_001,2026-05-21T15:52:47+12:00,50.3,-36.604752,174.802612,2
esp32_device_001,2026-05-21T15:52:52+12:00,51.7,-36.604752,174.802612,2
esp32_device_001,2026-05-21T15:52:57+12:00,51.4,-36.604752,174.802612,2
esp32_device_001,2026-05-21T15:53:02+12:00,52.1,-36.604748,174.802628,2
esp32_device_001,2026-05-21T15:53:07+12:00,53.3,-36.604755,174.802612,2
esp32_device_001,2026-05-21T15:53:12+12:00,52.3,-36.604752,174.802612,2
esp32_device_001,2026-05-21T15:53:17+12:00,51.6,-36.604759,174.802612,2
esp32_device_001,2026-05-21T15:53:22+12:00,52.8,-36.604763,174.802612,2
esp32_device_001,2026-05-21T15:53:27+12:00,54.5,-36.604759,174.802612,2
esp32_device_001,2026-05-21T15:53:32+12:00,57.8,-36.604759,174.802612,2
esp32_device_001,2026-05-21T15:53:37+12:00,60,-36.604763,174.802597,2
esp32_device_001,2026-05-21T15:53:42+12:00,62,-36.604755,174.802597,2
esp32_device_001,2026-05-21T15:53:47+12:00,63.1,-36.604752,174.802597,2
esp32_device_001,2026-05-21T15:53:52+12:00,64.3,-36.604752,174.802597,2
esp32_device_001,2026-05-21T15:53:57+12:00,65.5,-36.604755,174.802597,2
esp32_device_001,2026-05-21T15:54:02+12:00,66.9,-36.604763,174.802597,2
esp32_device_001,2026-05-21T15:54:07+12:00,67.5,-36.604763,174.802597,2
esp32_device_001,2026-05-21T15:54:12+12:00,68.2,-36.604759,174.802597,2
esp32_device_001,2026-05-21T15:54:17+12:00,68.4,-36.604755,174.802597,2
esp32_device_001,2026-05-21T15:54:22+12:00,67.8,-36.604755,174.802612,2
esp32_device_001,2026-05-21T15:54:27+12:00,66.7,-36.604759,174.802612,2
esp32_device_001,2026-05-21T15:54:32+12:00,65.4,-36.604771,174.802597,2
esp32_device_001,2026-05-21T15:54:37+12:00,65,-36.604767,174.802597,2
esp32_device_001,2026-05-21T15:54:42+12:00,64.1,-36.604767,174.802612,2
esp32_device_001,2026-05-21T15:54:47+12:00,63.4,-36.604771,174.802612,2
esp32_device_001,2026-05-21T15:54:52+12:00,63.1,-36.604767,174.802612,2
esp32_device_001,2026-05-21T15:54:57+12:00,63.8,-36.604759,174.802612,2
esp32_device_001,2026-05-21T15:55:02+12:00,64,-36.604748,174.802628,2
esp32_device_001,2026-05-21T15:55:07+12:00,61.5,-36.604744,174.802628,2
esp32_device_001,2026-05-21T15:55:12+12:00,59.8,-36.604744,174.802628,2
esp32_device_001,2026-05-21T15:55:17+12:00,58.9,-36.604748,174.802628,2
esp32_device_001,2026-05-21T15:55:22+12:00,59,-36.604752,174.802628,2
esp32_device_001,2026-05-21T15:55:27+12:00,59,-36.604763,174.802628,2
esp32_device_001,2026-05-21T15:55:32+12:00,59.1,-36.604771,174.802628,2
esp32_device_001,2026-05-21T15:55:37+12:00,60.2,-36.604771,174.802628,2
esp32_device_001,2026-05-21T15:55:42+12:00,62.5,-36.604771,174.802628,2
esp32_device_001,2026-05-21T15:55:47+12:00,63,-36.604774,174.802628,2
esp32_device_001,2026-05-21T15:55:52+12:00,62.6,-36.604774,174.802628,2
esp32_device_001,2026-05-21T15:55:57+12:00,62.4,-36.604774,174.802612,2
esp32_device_001,2026-05-21T15:56:02+12:00,61.6,-36.604782,174.802612,2
esp32_device_001,2026-05-21T15:56:07+12:00,60.2,-36.604782,174.802612,2
esp32_device_001,2026-05-21T15:56:12+12:00,58.8,-36.604786,174.802612,2
esp32_device_001,2026-05-21T15:56:17+12:00,57.6,-36.604786,174.802612,2
esp32_device_001,2026-05-21T15:57:30+12:00,50.2,-36.604786,174.802612,2
esp32_device_001,2026-05-21T15:57:35+12:00,49.7,-36.604782,174.802612,2
esp32_device_001,2026-05-21T15:57:40+12:00,49.3,-36.604778,174.802612,2
esp32_device_001,2026-05-21T15:57:45+12:00,46,-36.604786,174.802612,2
esp32_device_001,2026-05-21T15:57:50+12:00,44.6,-36.604786,174.802612,2
esp32_device_001,2026-05-21T15:57:55+12:00,42.9,-36.604786,174.802597,2
esp32_device_001,2026-05-21T15:58:00+12:00,40.6,-36.60479,174.802597,2
esp32_device_001,2026-05-21T15:58:05+12:00,34.8,-36.604801,174.802597,2
esp32_device_001,2026-05-21T15:58:10+12:00,33.7,-36.604805,174.802597,2
esp32_device_001,2026-05-21T15:58:15+12:00,32.3,-36.604816,174.802582,2
esp32_device_001,2026-05-21T15:58:20+12:00,31.2,-36.604824,174.802582,2
esp32_device_001,2026-05-21T15:58:25+12:00,31.3,-36.604832,174.802567,2
esp32_device_001,2026-05-21T15:58:30+12:00,31.9,-36.604828,174.802567,2
esp32_device_001,2026-05-21T15:58:35+12:00,30.8,-36.604832,174.802567,2
esp32_device_001,2026-05-21T15:58:40+12:00,29.3,-36.604828,174.802567,2
esp32_device_001,2026-05-21T15:58:45+12:00,28.2,-36.604824,174.802567,2
esp32_device_001,2026-05-21T15:58:50+12:00,26.5,-36.604832,174.802567,2
esp32_device_001,2026-05-21T15:58:55+12:00,23.5,-36.604836,174.802567,2
esp32_device_001,2026-05-21T15:59:00+12:00,22.8,-36.604836,174.802567,2
esp32_device_001,2026-05-21T15:59:05+12:00,21.7,-36.604839,174.802567,2
esp32_device_001,2026-05-21T15:59:10+12:00,20.4,-36.604839,174.802567,2
esp32_device_001,2026-05-21T15:59:15+12:00,19.4,-36.604843,174.802567,2
esp32_device_001,2026-05-21T15:59:20+12:00,18.4,-36.604847,174.802567,2
esp32_device_001,2026-05-21T15:59:25+12:00,18.1,-36.604843,174.802567,2
esp32_device_001,2026-05-21T15:59:30+12:00,16.5,-36.604843,174.802567,2
esp32_device_001,2026-05-21T15:59:35+12:00,15.6,-36.604847,174.802567,2
esp32_device_001,2026-05-21T15:59:40+12:00,14.6,-36.604847,174.802567,2
esp32_device_001,2026-05-21T15:59:45+12:00,14.5,-36.604851,174.802567,2
esp32_device_001,2026-05-21T15:59:50+12:00,15.7,-36.604851,174.802567,2
esp32_device_001,2026-05-21T15:59:55+12:00,15.7,-36.604851,174.802567,2
esp32_device_001,2026-05-21T16:00:00+12:00,15.1,-36.604851,174.802582,2
esp32_device_001,2026-05-21T16:00:05+12:00,15.1,-36.604847,174.802582,2
esp32_device_001,2026-05-21T16:00:10+12:00,18.5,-36.604839,174.802582,2
esp32_device_001,2026-05-21T16:00:15+12:00,23.5,-36.604839,174.802582,2
esp32_device_001,2026-05-21T16:00:20+12:00,26.6,-36.604836,174.802582,2
esp32_device_001,2026-05-21T16:00:25+12:00,27.2,-36.604836,174.802582,2
esp32_device_001,2026-05-21T16:00:30+12:00,27.1,-36.604836,174.802582,2
esp32_device_001,2026-05-21T16:00:35+12:00,27.5,-36.604836,174.802582,2
esp32_device_001,2026-05-21T16:00:40+12:00,28.6,-36.604832,174.802582,2
esp32_device_001,2026-05-21T16:00:45+12:00,30.2,-36.604828,174.802582,2
esp32_device_001,2026-05-21T16:00:50+12:00,31.6,-36.60482,174.802582,2
esp32_device_001,2026-05-21T16:00:55+12:00,32,-36.604824,174.802582,2
esp32_device_001,2026-05-21T16:01:00+12:00,31.1,-36.604824,174.802582,2
esp32_device_001,2026-05-21T16:01:05+12:00,29.9,-36.604828,174.802582,2
esp32_device_001,2026-05-21T16:01:10+12:00,29.6,-36.604832,174.802582,2
esp32_device_001,2026-05-21T16:01:15+12:00,28.9,-36.604832,174.802582,2
esp32_device_001,2026-05-21T16:01:20+12:00,29.6,-36.604828,174.802582,2
esp32_device_001,2026-05-21T16:02:14+12:00,33.4,-36.604794,174.802612,2
esp32_device_001,2026-05-21T16:02:19+12:00,34.2,-36.604794,174.802612,2
esp32_device_001,2026-05-21T16:02:24+12:00,35.8,-36.604794,174.802597,2
esp32_device_001,2026-05-21T16:02:29+12:00,37.3,-36.604801,174.802597,2
esp32_device_001,2026-05-21T16:02:34+12:00,38.1,-36.604805,174.802597,2
esp32_device_001,2026-05-21T16:02:39+12:00,39.9,-36.604805,174.802597,2
esp32_device_001,2026-05-21T16:02:44+12:00,40.8,-36.604805,174.802597,2
esp32_device_001,2026-05-21T16:02:49+12:00,42.6,-36.604805,174.802597,2
esp32_device_001,2026-05-21T16:02:54+12:00,43.4,-36.604805,174.802597,2
esp32_device_001,2026-05-21T16:02:59+12:00,43.1,-36.604805,174.802597,2
esp32_device_001,2026-05-21T16:03:04+12:00,41.3,-36.604809,174.802597,2
esp32_device_001,2026-05-21T16:03:09+12:00,38.2,-36.604805,174.802612,2
esp32_device_001,2026-05-21T16:03:14+12:00,34.6,-36.604801,174.802628,2
esp32_device_001,2026-05-21T16:03:19+12:00,31.8,-36.604797,174.802628,2
esp32_device_001,2026-05-21T16:03:24+12:00,29.6,-36.60479,174.802628,2
esp32_device_001,2026-05-21T16:03:29+12:00,27.8,-36.604801,174.802628,2
esp32_device_001,2026-05-21T16:03:34+12:00,26.6,-36.604794,174.802612,2
esp32_device_001,2026-05-21T16:03:39+12:00,27.7,-36.604778,174.802612,2
esp32_device_001,2026-05-21T16:03:44+12:00,29.4,-36.604755,174.802612,2
esp32_device_001,2026-05-21T16:03:49+12:00,30.1,-36.604763,174.802597,2
esp32_device_001,2026-05-21T16:03:54+12:00,29.5,-36.604729,174.802597,2
esp32_device_001,2026-05-21T16:03:59+12:00,27.2,-36.604713,174.802597,2
esp32_device_001,2026-05-21T16:04:04+12:00,25.9,-36.604694,174.802612,2
esp32_device_001,2026-05-21T16:04:09+12:00,24.4,-36.604698,174.802612,2
esp32_device_001,2026-05-21T16:04:14+12:00,23.3,-36.604691,174.802612,2
esp32_device_001,2026-05-21T16:04:19+12:00,21.5,-36.604683,174.802628,2
esp32_device_001,2026-05-21T16:04:24+12:00,18.8,-36.604713,174.802612,2
esp32_device_001,2026-05-21T16:04:29+12:00,16.8,-36.604702,174.802628,2
esp32_device_001,2026-05-21T16:04:34+12:00,15.8,-36.604725,174.802628,2
esp32_device_001,2026-05-21T16:04:39+12:00,15.5,-36.60474,174.802628,2
esp32_device_001,2026-05-21T16:04:44+12:00,14.4,-36.604744,174.802628,2
esp32_device_001,2026-05-21T16:04:49+12:00,14.1,-36.604755,174.802628,2
esp32_device_001,2026-05-21T16:04:54+12:00,9.1,-36.604767,174.802612,2
esp32_device_001,2026-05-21T16:04:59+12:00,8.3,-36.604763,174.802612,2
esp32_device_001,2026-05-21T16:05:04+12:00,8.8,-36.604782,174.802597,2
esp32_device_001,2026-05-21T16:05:09+12:00,10.1,-36.604805,174.802582,2
esp32_device_001,2026-05-21T16:05:14+12:00,12,-36.60482,174.802582,2
esp32_device_001,2026-05-21T16:05:19+12:00,15,-36.60482,174.802582,2
esp32_device_001,2026-05-21T16:05:24+12:00,18,-36.60482,174.802567,2
esp32_device_001,2026-05-21T16:05:29+12:00,21.9,-36.604836,174.802567,2
esp32_device_001,2026-05-21T16:05:34+12:00,25.8,-36.60482,174.802567,2
esp32_device_001,2026-05-21T16:05:39+12:00,26.4,-36.604828,174.802551,2
esp32_device_001,2026-05-21T16:05:44+12:00,24.2,-36.604828,174.802551,2
esp32_device_001,2026-05-21T16:05:49+12:00,22.5,-36.604816,174.802567,2
esp32_device_001,2026-05-21T16:05:54+12:00,20.7,-36.604813,174.802567,2
esp32_device_001,2026-05-21T16:05:59+12:00,21,-36.604797,174.802567,2
esp32_device_001,2026-05-21T16:06:04+12:00,20.7,-36.604801,174.802567,2
esp32_device_001,2026-05-21T16:06:09+12:00,19.6,-36.604801,174.802567,2
esp32_device_001,2026-05-21T16:06:14+12:00,19.6,-36.604809,174.802567,2
esp32_device_001,2026-05-21T16:06:19+12:00,20.1,-36.604816,174.802567,2
esp32_device_001,2026-05-21T16:07:48+12:00,34.1,-36.604782,174.802567,2
esp32_device_001,2026-05-21T16:07:53+12:00,33.6,-36.604786,174.802551,2
esp32_device_001,2026-05-21T16:07:58+12:00,33.2,-36.604794,174.802567,2
esp32_device_001,2026-05-21T16:08:03+12:00,33,-36.604794,174.802567,2
esp32_device_001,2026-05-21T16:08:08+12:00,32.4,-36.604801,174.802567,2
esp32_device_001,2026-05-21T16:08:13+12:00,30.3,-36.604809,174.802567,2
esp32_device_001,2026-05-21T16:08:18+12:00,28.6,-36.604824,174.802551,2
esp32_device_001,2026-05-21T16:08:23+12:00,26.7,-36.604828,174.802551,2
esp32_device_001,2026-05-21T16:08:28+12:00,27.7,-36.604832,174.802551,2
esp32_device_001,2026-05-21T16:08:33+12:00,27,-36.604836,174.802551,2
esp32_device_001,2026-05-21T16:08:38+12:00,26.5,-36.604836,174.802551,2
esp32_device_001,2026-05-21T16:08:43+12:00,25.3,-36.604839,174.802551,2
esp32_device_001,2026-05-21T16:08:48+12:00,28.2,-36.604843,174.802551,2
esp32_device_001,2026-05-21T16:08:53+12:00,29.8,-36.604839,174.802551,2
esp32_device_001,2026-05-21T16:08:58+12:00,32.1,-36.604832,174.802551,2
esp32_device_001,2026-05-21T16:09:03+12:00,34.1,-36.604824,174.802567,2
esp32_device_001,2026-05-21T16:09:08+12:00,36.2,-36.604816,174.802567,2
esp32_device_001,2026-05-21T16:09:13+12:00,37.3,-36.604813,174.802567,2
esp32_device_001,2026-05-21T16:09:18+12:00,38.1,-36.604809,174.802567,2
esp32_device_001,2026-05-21T16:09:23+12:00,38.9,-36.604805,174.802567,2
esp32_device_001,2026-05-21T16:09:28+12:00,39.6,-36.604801,174.802567,2
esp32_device_001,2026-05-21T16:09:33+12:00,39.2,-36.604801,174.802567,2
esp32_device_001,2026-05-21T16:09:38+12:00,40,-36.604794,174.802567,2
esp32_device_001,2026-05-21T16:09:43+12:00,40,-36.604797,174.802567,2
esp32_device_001,2026-05-21T16:09:48+12:00,39.3,-36.604797,174.802567,2
esp32_device_001,2026-05-21T16:09:53+12:00,39.4,-36.604801,174.802567,2
esp32_device_001,2026-05-21T16:09:58+12:00,39.6,-36.604805,174.802551,2
esp32_device_001,2026-05-21T16:10:03+12:00,39,-36.60482,174.802551,2
esp32_device_001,2026-05-21T16:10:08+12:00,38.6,-36.604832,174.802536,2
esp32_device_001,2026-05-21T16:10:13+12:00,39.6,-36.604832,174.802536,2
esp32_device_001,2026-05-21T16:10:18+12:00,40.7,-36.604828,174.802551,2
esp32_device_001,2026-05-21T16:10:23+12:00,41,-36.604824,174.802551,2
esp32_device_001,2026-05-21T16:10:28+12:00,41.3,-36.60482,174.802551,2
esp32_device_001,2026-05-21T16:10:33+12:00,40.1,-36.604832,174.802551,2
esp32_device_001,2026-05-21T16:10:38+12:00,39.1,-36.604847,174.802536,2
esp32_device_001,2026-05-21T16:10:43+12:00,39,-36.604839,174.802536,2
esp32_device_001,2026-05-21T16:10:48+12:00,38.3,-36.604843,174.802536,2
esp32_device_001,2026-05-21T16:10:53+12:00,38.3,-36.604832,174.802551,2
esp32_device_001,2026-05-21T16:10:58+12:00,38.7,-36.604816,174.802551,2
esp32_device_001,2026-05-21T16:11:03+12:00,37.6,-36.604805,174.802567,2
esp32_device_001,2026-05-21T16:11:08+12:00,37.4,-36.604809,174.802567,2
esp32_device_001,2026-05-21T16:11:13+12:00,36.9,-36.604805,174.802582,2
esp32_device_001,2026-05-21T16:11:18+12:00,36.3,-36.604801,174.802582,2
esp32_device_001,2026-05-21T16:12:07+12:00,30.6,-36.604816,174.802582,2
esp32_device_001,2026-05-21T16:12:12+12:00,30.3,-36.604816,174.802582,2
esp32_device_001,2026-05-21T16:12:17+12:00,29.9,-36.604824,174.802582,2
esp32_device_001,2026-05-21T16:12:22+12:00,29.7,-36.604828,174.802567,2
esp32_device_001,2026-05-21T16:12:27+12:00,30.6,-36.604828,174.802567,2
esp32_device_001,2026-05-21T16:12:32+12:00,31.3,-36.604824,174.802582,2
esp32_device_001,2026-05-21T16:12:37+12:00,31,-36.604828,174.802582,2
esp32_device_001,2026-05-21T16:12:42+12:00,31.6,-36.604828,174.802582,2
esp32_device_001,2026-05-21T16:12:47+12:00,32.8,-36.604816,174.802582,2
esp32_device_001,2026-05-21T16:12:52+12:00,33.9,-36.604813,174.802582,2
esp32_device_001,2026-05-21T16:12:57+12:00,34.9,-36.604805,174.802597,2
esp32_device_001,2026-05-21T16:13:02+12:00,36.1,-36.604797,174.802597,2
esp32_device_001,2026-05-21T16:13:07+12:00,37.4,-36.60479,174.802597,2
esp32_device_001,2026-05-21T16:13:12+12:00,38.4,-36.604786,174.802597,2
esp32_device_001,2026-05-21T16:13:17+12:00,38.1,-36.604794,174.802597,2
esp32_device_001,2026-05-21T16:13:22+12:00,39,-36.604794,174.802597,2
esp32_device_001,2026-05-21T16:13:27+12:00,39.3,-36.604794,174.802597,2
esp32_device_001,2026-05-21T16:13:32+12:00,40.5,-36.60479,174.802597,2
esp32_device_001,2026-05-21T16:13:37+12:00,40.8,-36.60479,174.802597,2
esp32_device_001,2026-05-21T16:13:42+12:00,40.6,-36.604794,174.802597,2
esp32_device_001,2026-05-21T16:13:47+12:00,41.1,-36.604794,174.802582,2
esp32_device_001,2026-05-21T16:13:52+12:00,41.8,-36.604794,174.802582,2
esp32_device_001,2026-05-21T16:13:57+12:00,42.7,-36.604786,174.802582,2
esp32_device_001,2026-05-21T16:14:02+12:00,43.6,-36.604774,174.802582,2
esp32_device_001,2026-05-21T16:14:07+12:00,44.1,-36.604774,174.802582,2
esp32_device_001,2026-05-21T16:14:12+12:00,44.4,-36.604774,174.802582,2
esp32_device_001,2026-05-21T16:14:17+12:00,45.1,-36.604767,174.802582,2
esp32_device_001,2026-05-21T16:14:22+12:00,45.5,-36.604767,174.802582,2
esp32_device_001,2026-05-21T16:14:27+12:00,45.6,-36.604767,174.802582,2
esp32_device_001,2026-05-21T16:14:32+12:00,45.7,-36.604771,174.802582,2
esp32_device_001,2026-05-21T16:14:37+12:00,45.9,-36.604778,174.802582,2
esp32_device_001,2026-05-21T16:14:42+12:00,46.1,-36.604782,174.802582,2
esp32_device_001,2026-05-21T16:14:47+12:00,45.5,-36.60479,174.802582,2
esp32_device_001,2026-05-21T16:14:52+12:00,44.9,-36.604797,174.802582,2
esp32_device_001,2026-05-21T16:14:57+12:00,45.2,-36.604794,174.802582,2
esp32_device_001,2026-05-21T16:15:02+12:00,45.7,-36.604786,174.802582,2
esp32_device_001,2026-05-21T16:15:07+12:00,45.7,-36.604782,174.802582,2
esp32_device_001,2026-05-21T16:15:12+12:00,45.7,-36.604786,174.802582,2
esp32_device_001,2026-05-21T16:15:17+12:00,46.8,-36.604782,174.802582,2
esp32_device_001,2026-05-21T16:15:22+12:00,47,-36.604786,174.802582,2
esp32_device_001,2026-05-21T16:15:27+12:00,48.1,-36.604782,174.802582,2
esp32_device_001,2026-05-21T16:15:32+12:00,49.4,-36.604774,174.802582,2
esp32_device_001,2026-05-21T16:15:37+12:00,50,-36.604774,174.802567,2
esp32_device_001,2026-05-21T16:15:42+12:00,50.7,-36.604778,174.802567,2
esp32_device_001,2026-05-21T16:15:47+12:00,51.6,-36.604771,174.802582,2
esp32_device_001,2026-05-21T16:15:52+12:00,51.6,-36.604771,174.802567,2
esp32_device_001,2026-05-21T16:15:57+12:00,51.4,-36.604771,174.802567,2
esp32_device_001,2026-05-21T16:16:02+12:00,51.9,-36.604763,174.802582,2
esp32_device_001,2026-05-21T16:16:07+12:00,51.7,-36.604759,174.802582,2
esp32_device_001,2026-05-21T16:16:12+12:00,51.7,-36.604752,174.802582,2
esp32_device_001,2026-05-21T16:16:17+12:00,50.9,-36.604755,174.802582,2
esp32_device_001,2026-05-21T16:23:17+12:00,53,-36.604744,174.802567,3
esp32_device_001,2026-05-21T16:23:31+12:00,53.6,-36.60474,174.802567,3
esp32_device_001,2026-05-21T16:23:36+12:00,53.1,-36.60474,174.802567,3
esp32_device_001,2026-05-21T16:23:41+12:00,53,-36.60474,174.802582,3
esp32_device_001,2026-05-21T16:23:46+12:00,52.6,-36.60474,174.802582,3
esp32_device_001,2026-05-21T16:23:51+12:00,51.2,-36.604748,174.802582,3
esp32_device_001,2026-05-21T16:23:56+12:00,50.7,-36.604755,174.802597,3
esp32_device_001,2026-05-21T16:24:01+12:00,50.5,-36.604752,174.802597,3
esp32_device_001,2026-05-21T16:24:06+12:00,50.1,-36.604752,174.802597,3
esp32_device_001,2026-05-21T16:24:11+12:00,49.7,-36.604755,174.802597,3
esp32_device_001,2026-05-21T16:24:16+12:00,49.5,-36.604759,174.802582,3
esp32_device_001,2026-05-21T16:24:21+12:00,48.7,-36.604767,174.802582,3
esp32_device_001,2026-05-21T16:24:26+12:00,48.6,-36.604767,174.802582,3
esp32_device_001,2026-05-21T16:24:31+12:00,48.7,-36.604763,174.802567,3
esp32_device_001,2026-05-21T16:24:36+12:00,48.8,-36.604759,174.802567,3
esp32_device_001,2026-05-21T16:24:41+12:00,49.1,-36.604759,174.802582,3
esp32_device_001,2026-05-21T16:24:46+12:00,48.3,-36.604778,174.802582,3
esp32_device_001,2026-05-21T16:24:51+12:00,47.5,-36.60479,174.802582,3
esp32_device_001,2026-05-21T16:24:56+12:00,47.6,-36.604794,174.802582,3
esp32_device_001,2026-05-21T16:25:01+12:00,46.7,-36.604794,174.802567,3
esp32_device_001,2026-05-21T16:25:06+12:00,46.8,-36.60479,174.802567,3
esp32_device_001,2026-05-21T16:25:11+12:00,47.1,-36.604786,174.802567,3
esp32_device_001,2026-05-21T16:25:16+12:00,46.5,-36.60479,174.802567,3
esp32_device_001,2026-05-21T16:25:21+12:00,45.8,-36.604797,174.802551,3
esp32_device_001,2026-05-21T16:25:26+12:00,45,-36.604794,174.802567,3
esp32_device_001,2026-05-21T16:25:31+12:00,46.3,-36.60479,174.802567,3
esp32_device_001,2026-05-21T16:25:36+12:00,46.7,-36.604782,174.802551,3
esp32_device_001,2026-05-21T16:25:41+12:00,46.1,-36.604778,174.802551,3
esp32_device_001,2026-05-21T16:25:46+12:00,46.3,-36.604771,174.802567,3
esp32_device_001,2026-05-21T16:25:51+12:00,45.9,-36.604771,174.802551,3
esp32_device_001,2026-05-21T16:25:56+12:00,45.4,-36.604774,174.802551,3
esp32_device_001,2026-05-21T16:26:01+12:00,44.6,-36.604778,174.802551,3
esp32_device_001,2026-05-21T16:26:06+12:00,44.2,-36.604774,174.802551,3
esp32_device_001,2026-05-21T16:26:11+12:00,43.4,-36.604774,174.802551,3
esp32_device_001,2026-05-21T16:26:16+12:00,42.5,-36.604767,174.802567,3
esp32_device_001,2026-05-21T16:26:21+12:00,40.5,-36.604767,174.802567,3
esp32_device_001,2026-05-21T16:26:26+12:00,39.2,-36.604771,174.802567,3
esp32_device_001,2026-05-21T16:26:31+12:00,39.4,-36.604767,174.802567,3
esp32_device_001,2026-05-21T16:26:36+12:00,38.3,-36.604759,174.802567,3
esp32_device_001,2026-05-21T16:26:41+12:00,36,-36.604778,174.802567,3
esp32_device_001,2026-05-21T16:26:46+12:00,35.2,-36.604778,174.802582,3
esp32_device_001,2026-05-21T16:26:51+12:00,34.4,-36.604771,174.802582,3
esp32_device_001,2026-05-21T16:26:56+12:00,33.6,-36.604759,174.802582,3
esp32_device_001,2026-05-21T16:27:01+12:00,33.6,-36.604748,174.802582,3
esp32_device_001,2026-05-21T16:27:06+12:00,32.6,-36.604744,174.802582,3
esp32_device_001,2026-05-21T16:27:11+12:00,33.6,-36.60474,174.802582,3
esp32_device_001,2026-05-21T16:27:16+12:00,35,-36.604736,174.802582,3
esp32_device_001,2026-05-21T16:27:21+12:00,36.5,-36.604729,174.802582,3
esp32_device_001,2026-05-21T16:27:26+12:00,37.8,-36.60474,174.802582,3
esp32_device_001,2026-05-21T16:27:31+12:00,38.2,-36.604748,174.802582,3
esp32_device_001,2026-05-21T16:27:36+12:00,37.4,-36.604748,174.802582,3
esp32_device_001,2026-05-21T16:27:41+12:00,36.5,-36.604744,174.802582,3
esp32_device_001,2026-05-21T16:27:46+12:00,37.3,-36.604744,174.802582,3
esp32_device_001,2026-05-21T16:27:51+12:00,35.8,-36.60474,174.802582,3
esp32_device_001,2026-05-21T16:27:56+12:00,35.5,-36.604744,174.802582,3
esp32_device_001,2026-05-21T16:28:01+12:00,36.1,-36.604744,174.802582,3
esp32_device_001,2026-05-21T16:28:06+12:00,36.3,-36.604744,174.802582,3
esp32_device_001,2026-05-21T16:28:11+12:00,38,-36.604752,174.802567,3
esp32_device_001,2026-05-21T16:28:16+12:00,38.1,-36.604755,174.802567,3
esp32_device_001,2026-05-21T16:28:29+12:00,38.7,-36.604778,174.802551,3
esp32_device_001,2026-05-21T16:28:34+12:00,38.5,-36.604774,174.802567,3
esp32_device_001,2026-05-21T16:28:39+12:00,37.7,-36.604778,174.802551,3
esp32_device_001,2026-05-21T16:28:44+12:00,36.8,-36.604774,174.802567,3
esp32_device_001,2026-05-21T16:28:49+12:00,35.9,-36.604767,174.802567,3
esp32_device_001,2026-05-21T16:28:54+12:00,35.7,-36.604752,174.802567,3
esp32_device_001,2026-05-21T16:28:59+12:00,35.8,-36.604744,174.802567,3
esp32_device_001,2026-05-21T16:29:04+12:00,36.9,-36.604736,174.802582,3
esp32_device_001,2026-05-21T16:29:09+12:00,37.8,-36.604729,174.802567,3
esp32_device_001,2026-05-21T16:29:14+12:00,39.5,-36.604736,174.802567,3
esp32_device_001,2026-05-21T16:29:19+12:00,40.3,-36.604733,174.802567,3
esp32_device_001,2026-05-21T16:29:24+12:00,41.8,-36.604729,174.802567,3
esp32_device_001,2026-05-21T16:29:29+12:00,41.9,-36.604725,174.802567,3
esp32_device_001,2026-05-21T16:29:34+12:00,42.6,-36.604729,174.802567,3
esp32_device_001,2026-05-21T16:29:39+12:00,43.3,-36.604736,174.802567,3
esp32_device_001,2026-05-21T16:29:44+12:00,44.4,-36.604748,174.802567,3
esp32_device_001,2026-05-21T16:29:49+12:00,44.9,-36.604752,174.802567,3
esp32_device_001,2026-05-21T16:29:54+12:00,44.6,-36.604748,174.802567,3
esp32_device_001,2026-05-21T16:29:59+12:00,44.6,-36.604744,174.802567,3
esp32_device_001,2026-05-21T16:30:04+12:00,45.7,-36.604748,174.802567,3
esp32_device_001,2026-05-21T16:30:09+12:00,46.1,-36.604752,174.802567,3
esp32_device_001,2026-05-21T16:30:14+12:00,47.9,-36.604759,174.802567,3
esp32_device_001,2026-05-21T16:30:19+12:00,46.4,-36.604755,174.802567,3
esp32_device_001,2026-05-21T16:30:24+12:00,43.5,-36.604752,174.802567,3
esp32_device_001,2026-05-21T16:30:29+12:00,43.2,-36.604755,174.802567,3
esp32_device_001,2026-05-21T16:30:34+12:00,43.2,-36.604755,174.802567,3
esp32_device_001,2026-05-21T16:30:39+12:00,42.7,-36.604752,174.802567,3
esp32_device_001,2026-05-21T16:30:44+12:00,42.8,-36.604752,174.802567,3
esp32_device_001,2026-05-21T16:30:49+12:00,42.9,-36.604744,174.802567,3
esp32_device_001,2026-05-21T16:30:54+12:00,43.7,-36.604744,174.802567,3
esp32_device_001,2026-05-21T16:30:59+12:00,43.9,-36.604744,174.802567,3
esp32_device_001,2026-05-21T16:31:04+12:00,44.6,-36.604744,174.802567,3
esp32_device_001,2026-05-21T16:31:09+12:00,45.7,-36.604744,174.802567,3
esp32_device_001,2026-05-21T16:31:14+12:00,46.7,-36.604744,174.802567,3
esp32_device_001,2026-05-21T16:31:19+12:00,47.8,-36.604748,174.802567,3
esp32_device_001,2026-05-21T16:31:24+12:00,48.2,-36.604744,174.802567,3
esp32_device_001,2026-05-21T16:31:29+12:00,48.4,-36.604736,174.802567,3
esp32_device_001,2026-05-21T16:31:34+12:00,49.7,-36.604733,174.802567,3
esp32_device_001,2026-05-21T16:31:39+12:00,50.4,-36.604733,174.802567,3
esp32_device_001,2026-05-21T16:31:44+12:00,52.3,-36.604733,174.802567,3
esp32_device_001,2026-05-21T16:31:49+12:00,52.8,-36.604733,174.802567,3
esp32_device_001,2026-05-21T16:31:54+12:00,51.1,-36.604725,174.802582,3
esp32_device_001,2026-05-21T16:31:59+12:00,52,-36.604721,174.802582,3
esp32_device_001,2026-05-21T16:32:04+12:00,53.1,-36.604721,174.802582,3
esp32_device_001,2026-05-21T16:32:09+12:00,53.4,-36.604721,174.802582,3
esp32_device_001,2026-05-21T16:32:14+12:00,53.9,-36.604725,174.802582,3
esp32_device_001,2026-05-21T16:32:19+12:00,54.2,-36.604736,174.802582,3
esp32_device_001,2026-05-21T16:32:24+12:00,53.2,-36.604744,174.802582,3
esp32_device_001,2026-05-21T16:32:29+12:00,53,-36.604748,174.802582,3
esp32_device_001,2026-05-21T16:32:34+12:00,52.9,-36.604744,174.802582,3
esp32_device_001,2026-05-21T16:32:39+12:00,53.3,-36.604744,174.802582,3
esp32_device_001,2026-05-21T16:32:44+12:00,53.6,-36.60474,174.802582,3
esp32_device_001,2026-05-21T16:32:49+12:00,53.6,-36.604744,174.802597,3
esp32_device_001,2026-05-21T16:32:59+12:00,54.3,-36.604725,174.802597,3
esp32_device_001,2026-05-21T16:33:04+12:00,53.1,-36.604733,174.802597,3
esp32_device_001,2026-05-21T16:33:09+12:00,54.2,-36.60474,174.802597,3
esp32_device_001,2026-05-21T16:33:14+12:00,55,-36.604744,174.802597,3
esp32_device_001,2026-05-21T16:33:45+12:00,58.6,-36.604782,174.802582,3
esp32_device_001,2026-05-21T16:33:50+12:00,60.7,-36.604782,174.802582,3
esp32_device_001,2026-05-21T16:33:55+12:00,59.9,-36.604767,174.802597,3
esp32_device_001,2026-05-21T16:34:00+12:00,57,-36.60471,174.802597,3
esp32_device_001,2026-05-21T16:34:05+12:00,57.2,-36.604713,174.802597,3
esp32_device_001,2026-05-21T16:34:10+12:00,57.7,-36.60471,174.802597,3
esp32_device_001,2026-05-21T16:34:15+12:00,58.1,-36.604702,174.802612,3
esp32_device_001,2026-05-21T16:34:20+12:00,60.9,-36.604733,174.802612,3
esp32_device_001,2026-05-21T16:34:25+12:00,62.4,-36.604755,174.802597,3
esp32_device_001,2026-05-21T16:34:30+12:00,62.3,-36.604759,174.802597,3
esp32_device_001,2026-05-21T16:34:35+12:00,59.8,-36.604725,174.802612,3
esp32_device_001,2026-05-21T16:34:40+12:00,57.1,-36.604691,174.802612,3
esp32_device_001,2026-05-21T16:34:45+12:00,58,-36.604694,174.802612,3
esp32_device_001,2026-05-21T16:34:50+12:00,57.8,-36.604687,174.802597,3
esp32_device_001,2026-05-21T16:34:55+12:00,57.9,-36.604691,174.802597,3
esp32_device_001,2026-05-21T16:35:00+12:00,57.7,-36.604702,174.802597,3
esp32_device_001,2026-05-21T16:35:05+12:00,57.8,-36.604706,174.802612,3
esp32_device_001,2026-05-21T16:35:10+12:00,56.4,-36.604679,174.802612,3
esp32_device_001,2026-05-21T16:35:15+12:00,56.3,-36.604675,174.802612,3
esp32_device_001,2026-05-21T16:35:20+12:00,56.5,-36.604664,174.802612,3
esp32_device_001,2026-05-21T16:35:25+12:00,54.8,-36.604626,174.802628,3
esp32_device_001,2026-05-21T16:35:30+12:00,54.9,-36.604618,174.802628,3
esp32_device_001,2026-05-21T16:35:35+12:00,54.8,-36.604626,174.802628,3
esp32_device_001,2026-05-21T16:35:40+12:00,54.9,-36.604633,174.802628,3
esp32_device_001,2026-05-21T16:35:45+12:00,55.7,-36.604656,174.802612,3
esp32_device_001,2026-05-21T16:35:50+12:00,54.3,-36.604671,174.802612,3
esp32_device_001,2026-05-21T16:35:55+12:00,54.4,-36.604687,174.802612,3
esp32_device_001,2026-05-21T16:36:00+12:00,52.8,-36.604671,174.802612,3
esp32_device_001,2026-05-21T16:36:05+12:00,50.1,-36.604622,174.802628,3
esp32_device_001,2026-05-21T16:36:10+12:00,46.9,-36.604576,174.802643,3
esp32_device_001,2026-05-21T16:36:15+12:00,44.1,-36.604553,174.802658,3
esp32_device_001,2026-05-21T16:36:20+12:00,43.1,-36.604557,174.802658,3
esp32_device_001,2026-05-21T16:36:25+12:00,42.3,-36.604553,174.802658,3
esp32_device_001,2026-05-21T16:36:30+12:00,42.3,-36.604538,174.802643,3
esp32_device_001,2026-05-21T16:36:35+12:00,43,-36.604561,174.802643,3
esp32_device_001,2026-05-21T16:36:40+12:00,43.1,-36.604576,174.802643,3
esp32_device_001,2026-05-21T16:36:45+12:00,43.5,-36.604588,174.802628,3
esp32_device_001,2026-05-21T16:36:50+12:00,43.1,-36.604584,174.802628,3
esp32_device_001,2026-05-21T16:36:55+12:00,42.9,-36.604576,174.802628,3
esp32_device_001,2026-05-21T16:37:00+12:00,42.9,-36.604595,174.802628,3
esp32_device_001,2026-05-21T16:37:05+12:00,43.8,-36.604614,174.802628,3
esp32_device_001,2026-05-21T16:37:10+12:00,43.5,-36.604618,174.802612,3
esp32_device_001,2026-05-21T16:37:15+12:00,45.4,-36.604637,174.802612,3
esp32_device_001,2026-05-21T16:37:20+12:00,47.8,-36.604675,174.802597,3
esp32_device_001,2026-05-21T16:37:25+12:00,49.4,-36.604729,174.802597,3
esp32_device_001,2026-05-21T16:37:30+12:00,51.3,-36.604771,174.802582,3
esp32_device_001,2026-05-21T16:37:35+12:00,51.4,-36.604801,174.802582,3
esp32_device_001,2026-05-21T16:37:40+12:00,50.3,-36.604809,174.802582,3
esp32_device_001,2026-05-21T16:37:45+12:00,48.3,-36.604805,174.802582,3
esp32_device_001,2026-05-21T16:37:50+12:00,47.2,-36.60482,174.802567,3
esp32_device_001,2026-05-21T16:37:55+12:00,46.3,-36.604828,174.802567,3
esp32_device_001,2026-05-21T16:38:00+12:00,45.3,-36.604828,174.802567,3
esp32_device_001,2026-05-21T16:38:05+12:00,43,-36.604809,174.802567,3
esp32_device_001,2026-05-21T16:38:10+12:00,41.5,-36.604809,174.802567,3
esp32_device_001,2026-05-21T16:38:15+12:00,38.9,-36.60479,174.802567,3
esp32_device_001,2026-05-21T16:39:31+12:00,39.3,-36.604809,174.802521,3
esp32_device_001,2026-05-21T16:39:36+12:00,40.6,-36.604813,174.802521,3
esp32_device_001,2026-05-21T16:39:41+12:00,41,-36.604805,174.802521,3
esp32_device_001,2026-05-21T16:39:46+12:00,41.8,-36.604805,174.802521,3
esp32_device_001,2026-05-21T16:39:51+12:00,42.8,-36.604801,174.802521,3
esp32_device_001,2026-05-21T16:39:56+12:00,43.6,-36.604801,174.802521,3
esp32_device_001,2026-05-21T16:40:01+12:00,44.6,-36.604794,174.802521,3
esp32_device_001,2026-05-21T16:40:06+12:00,45.3,-36.604786,174.802521,3
esp32_device_001,2026-05-21T16:40:11+12:00,45.8,-36.604771,174.802521,3
esp32_device_001,2026-05-21T16:40:16+12:00,45.9,-36.604763,174.802521,3
esp32_device_001,2026-05-21T16:40:21+12:00,46,-36.604763,174.802521,3
esp32_device_001,2026-05-21T16:40:26+12:00,46,-36.604763,174.802521,3
esp32_device_001,2026-05-21T16:40:31+12:00,47,-36.604759,174.802536,3
esp32_device_001,2026-05-21T16:40:36+12:00,48.1,-36.604759,174.802536,3
esp32_device_001,2026-05-21T16:40:41+12:00,48.2,-36.604755,174.802536,3
esp32_device_001,2026-05-21T16:40:46+12:00,48.4,-36.604748,174.802536,3
esp32_device_001,2026-05-21T16:40:51+12:00,49.6,-36.604748,174.802536,3
esp32_device_001,2026-05-21T16:40:56+12:00,51.2,-36.604755,174.802536,3
esp32_device_001,2026-05-21T16:41:01+12:00,52.9,-36.604767,174.802536,3
esp32_device_001,2026-05-21T16:41:06+12:00,54.1,-36.604763,174.802536,3
esp32_device_001,2026-05-21T16:41:11+12:00,55.1,-36.604763,174.802536,3
esp32_device_001,2026-05-21T16:41:16+12:00,55.9,-36.604767,174.802536,3
esp32_device_001,2026-05-21T16:41:21+12:00,56.6,-36.604767,174.802536,3
esp32_device_001,2026-05-21T16:41:26+12:00,55.8,-36.604759,174.802536,3
esp32_device_001,2026-05-21T16:41:31+12:00,55.1,-36.604755,174.802536,3
esp32_device_001,2026-05-21T16:41:36+12:00,54,-36.604755,174.802551,3
esp32_device_001,2026-05-21T16:41:41+12:00,52.8,-36.604744,174.802551,3
esp32_device_001,2026-05-21T16:41:46+12:00,51.3,-36.604733,174.802551,3
esp32_device_001,2026-05-21T16:41:51+12:00,50.2,-36.60471,174.802551,3
esp32_device_001,2026-05-21T16:41:56+12:00,49,-36.60471,174.802551,3
esp32_device_001,2026-05-21T16:42:01+12:00,48.8,-36.604725,174.802551,3
esp32_device_001,2026-05-21T16:42:06+12:00,49,-36.604729,174.802567,3
esp32_device_001,2026-05-21T16:42:11+12:00,49,-36.604733,174.802567,3
esp32_device_001,2026-05-21T16:42:16+12:00,48.1,-36.60471,174.802567,3
esp32_device_001,2026-05-21T16:42:21+12:00,47.5,-36.604706,174.802567,3
esp32_device_001,2026-05-21T16:42:26+12:00,47.8,-36.604706,174.802567,3
esp32_device_001,2026-05-21T16:42:31+12:00,48,-36.604717,174.802567,3
esp32_device_001,2026-05-21T16:42:36+12:00,46.3,-36.604725,174.802582,3
esp32_device_001,2026-05-21T16:42:41+12:00,47.4,-36.604729,174.802582,3
esp32_device_001,2026-05-21T16:42:46+12:00,47.4,-36.604725,174.802582,3
esp32_device_001,2026-05-21T16:42:51+12:00,46.1,-36.60471,174.802582,3
esp32_device_001,2026-05-21T16:42:56+12:00,45.5,-36.604694,174.802582,3
esp32_device_001,2026-05-21T16:43:01+12:00,46.7,-36.604702,174.802582,3
esp32_device_001,2026-05-21T16:43:06+12:00,48.6,-36.604698,174.802582,3
esp32_device_001,2026-05-21T16:43:11+12:00,49.4,-36.604679,174.802582,3
esp32_device_001,2026-05-21T16:43:16+12:00,50.8,-36.604687,174.802582,3
esp32_device_001,2026-05-21T16:45:37+12:00,44.5,-36.60466,174.802582,3
esp32_device_001,2026-05-21T16:45:42+12:00,43.3,-36.60466,174.802582,3
esp32_device_001,2026-05-21T16:45:47+12:00,41.8,-36.60466,174.802582,3
esp32_device_001,2026-05-21T16:45:52+12:00,41,-36.60466,174.802582,3
esp32_device_001,2026-05-21T16:45:57+12:00,38.7,-36.604637,174.802582,3
esp32_device_001,2026-05-21T16:46:02+12:00,38.6,-36.604645,174.802582,3
esp32_device_001,2026-05-21T16:46:07+12:00,39.2,-36.604645,174.802582,3
esp32_device_001,2026-05-21T16:46:12+12:00,36.9,-36.604633,174.802597,3
esp32_device_001,2026-05-21T16:46:17+12:00,35.1,-36.60461,174.802597,3
esp32_device_001,2026-05-21T16:46:22+12:00,35.1,-36.604614,174.802582,3
esp32_device_001,2026-05-21T16:46:27+12:00,35.2,-36.604626,174.802582,3
esp32_device_001,2026-05-21T16:46:32+12:00,37.2,-36.604652,174.802582,3
esp32_device_001,2026-05-21T16:46:37+12:00,38.1,-36.604664,174.802582,3
esp32_device_001,2026-05-21T16:46:42+12:00,39.3,-36.604675,174.802567,3
esp32_device_001,2026-05-21T16:46:47+12:00,40.8,-36.604683,174.802567,3
esp32_device_001,2026-05-21T16:46:52+12:00,40.9,-36.604691,174.802567,3
esp32_device_001,2026-05-21T16:46:57+12:00,41.1,-36.604694,174.802567,3
esp32_device_001,2026-05-21T16:47:02+12:00,41.1,-36.604694,174.802567,3
esp32_device_001,2026-05-21T16:47:07+12:00,41.8,-36.604694,174.802567,3
esp32_device_001,2026-05-21T16:47:12+12:00,43.3,-36.604698,174.802567,3
esp32_device_001,2026-05-21T16:47:17+12:00,44.9,-36.604698,174.802567,3
esp32_device_001,2026-05-21T16:47:22+12:00,45.9,-36.604706,174.802567,3
esp32_device_001,2026-05-21T16:47:27+12:00,46.4,-36.604706,174.802567,3
esp32_device_001,2026-05-21T16:47:32+12:00,47,-36.604706,174.802567,3
esp32_device_001,2026-05-21T16:47:37+12:00,45.8,-36.604721,174.802582,3
esp32_device_001,2026-05-21T16:47:42+12:00,44.4,-36.60474,174.802582,3
esp32_device_001,2026-05-21T16:47:47+12:00,43.7,-36.60474,174.802582,3
esp32_device_001,2026-05-21T16:47:52+12:00,42.5,-36.604755,174.802582,3
esp32_device_001,2026-05-21T16:47:57+12:00,42.1,-36.604759,174.802582,3
esp32_device_001,2026-05-21T16:48:02+12:00,41,-36.604759,174.802597,3
esp32_device_001,2026-05-21T16:48:07+12:00,41.2,-36.604752,174.802597,3
esp32_device_001,2026-05-21T16:48:12+12:00,40.1,-36.604748,174.802597,3
esp32_device_001,2026-05-21T16:48:17+12:00,41.1,-36.604744,174.802597,3
esp32_device_001,2026-05-21T16:49:30+12:00,48.5,-36.604759,174.802582,3
esp32_device_001,2026-05-21T16:49:35+12:00,47.6,-36.604759,174.802582,3
esp32_device_001,2026-05-21T16:49:40+12:00,46,-36.604748,174.802582,3
esp32_device_001,2026-05-21T16:49:45+12:00,44.3,-36.604744,174.802597,3
esp32_device_001,2026-05-21T16:49:50+12:00,42.5,-36.604752,174.802597,3
esp32_device_001,2026-05-21T16:49:55+12:00,42.6,-36.604763,174.802597,3
esp32_device_001,2026-05-21T16:50:00+12:00,43.4,-36.604767,174.802597,3
esp32_device_001,2026-05-21T16:50:05+12:00,44,-36.604767,174.802582,3
esp32_device_001,2026-05-21T16:50:10+12:00,44.7,-36.604778,174.802582,3
esp32_device_001,2026-05-21T16:50:15+12:00,45.7,-36.604778,174.802582,3
esp32_device_001,2026-05-21T16:50:20+12:00,46.1,-36.604778,174.802582,3
esp32_device_001,2026-05-21T16:50:25+12:00,45.5,-36.604774,174.802582,3
esp32_device_001,2026-05-21T16:50:30+12:00,45.8,-36.604774,174.802582,3
esp32_device_001,2026-05-21T16:50:35+12:00,46,-36.604774,174.802582,3
esp32_device_001,2026-05-21T16:50:40+12:00,45.5,-36.604774,174.802582,3
esp32_device_001,2026-05-21T16:50:45+12:00,46,-36.604771,174.802582,3
esp32_device_001,2026-05-21T16:50:50+12:00,47.3,-36.604767,174.802582,3
esp32_device_001,2026-05-21T16:50:55+12:00,47.6,-36.604759,174.802582,3
esp32_device_001,2026-05-21T16:51:00+12:00,47.4,-36.604744,174.802582,3
esp32_device_001,2026-05-21T16:51:05+12:00,47.3,-36.604744,174.802582,3
esp32_device_001,2026-05-21T16:51:10+12:00,47.3,-36.60474,174.802582,3
esp32_device_001,2026-05-21T16:51:15+12:00,48.6,-36.604748,174.802582,3
esp32_device_001,2026-05-21T16:51:20+12:00,49.7,-36.604748,174.802582,3
esp32_device_001,2026-05-21T16:51:25+12:00,50.7,-36.60474,174.802582,3
esp32_device_001,2026-05-21T16:51:30+12:00,51.4,-36.604736,174.802582,3
esp32_device_001,2026-05-21T16:51:35+12:00,52,-36.604721,174.802582,3
esp32_device_001,2026-05-21T16:51:40+12:00,52.2,-36.604713,174.802582,3
esp32_device_001,2026-05-21T16:51:45+12:00,54.4,-36.60471,174.802582,3
esp32_device_001,2026-05-21T16:51:50+12:00,55.7,-36.60471,174.802582,3
esp32_device_001,2026-05-21T16:51:55+12:00,59.3,-36.604698,174.802582,3
esp32_device_001,2026-05-21T16:52:00+12:00,62.2,-36.604706,174.802582,3
esp32_device_001,2026-05-21T16:52:05+12:00,63.9,-36.604691,174.802582,3
esp32_device_001,2026-05-21T16:52:10+12:00,65.6,-36.604683,174.802582,3
esp32_device_001,2026-05-21T16:52:15+12:00,66.8,-36.604683,174.802582,3
esp32_device_001,2026-05-21T16:52:20+12:00,67.9,-36.604683,174.802582,3
esp32_device_001,2026-05-21T16:52:25+12:00,69.4,-36.604683,174.802597,3
esp32_device_001,2026-05-21T16:52:35+12:00,70.7,-36.604687,174.802597,3
esp32_device_001,2026-05-21T16:52:45+12:00,70,-36.604694,174.802597,3
esp32_device_001,2026-05-21T16:52:50+12:00,68.8,-36.604698,174.802597,3
esp32_device_001,2026-05-21T16:52:55+12:00,67.7,-36.604694,174.802597,3
esp32_device_001,2026-05-21T16:53:00+12:00,67.9,-36.604694,174.802597,3
esp32_device_001,2026-05-21T16:53:05+12:00,68.2,-36.604694,174.802597,3
esp32_device_001,2026-05-21T16:53:10+12:00,71.6,-36.604698,174.802597,3
esp32_device_001,2026-05-21T16:53:15+12:00,71.1,-36.604702,174.802597,3
esp32_device_001,2026-05-21T16:53:31+12:00,68.3,-36.60471,174.802597,3
esp32_device_001,2026-05-21T16:53:36+12:00,68.9,-36.604713,174.802597,3
esp32_device_001,2026-05-21T16:53:41+12:00,68.4,-36.604713,174.802597,3
esp32_device_001,2026-05-21T16:53:46+12:00,66.1,-36.604721,174.802597,3
esp32_device_001,2026-05-21T16:53:51+12:00,61.3,-36.604736,174.802612,3
esp32_device_001,2026-05-21T16:53:56+12:00,58.9,-36.604744,174.802612,3
esp32_device_001,2026-05-21T16:54:01+12:00,57.1,-36.604752,174.802612,3
esp32_device_001,2026-05-21T16:54:06+12:00,56.4,-36.604748,174.802612,3
esp32_device_001,2026-05-21T16:54:11+12:00,55.7,-36.604752,174.802612,3
esp32_device_001,2026-05-21T16:54:16+12:00,55.6,-36.604744,174.802612,3
esp32_device_001,2026-05-21T16:54:21+12:00,55.1,-36.60474,174.802612,3
esp32_device_001,2026-05-21T16:54:26+12:00,54.9,-36.604733,174.802612,3
esp32_device_001,2026-05-21T16:54:31+12:00,54.7,-36.604729,174.802612,3
esp32_device_001,2026-05-21T16:54:36+12:00,55.7,-36.604733,174.802612,3
esp32_device_001,2026-05-21T16:54:41+12:00,57.2,-36.604733,174.802612,3
esp32_device_001,2026-05-21T16:54:46+12:00,58.4,-36.604733,174.802597,3
esp32_device_001,2026-05-21T16:54:51+12:00,59.3,-36.604733,174.802597,3
esp32_device_001,2026-05-21T16:54:56+12:00,59.1,-36.60474,174.802597,3
esp32_device_001,2026-05-21T16:55:01+12:00,59,-36.604733,174.802597,3
esp32_device_001,2026-05-21T16:55:06+12:00,59.8,-36.604729,174.802597,3
esp32_device_001,2026-05-21T16:55:11+12:00,58.9,-36.604725,174.802597,3
esp32_device_001,2026-05-21T16:55:16+12:00,58.8,-36.604717,174.802612,3
esp32_device_001,2026-05-21T16:55:21+12:00,58.2,-36.604721,174.802612,3
esp32_device_001,2026-05-21T16:55:26+12:00,58,-36.604725,174.802612,3
esp32_device_001,2026-05-21T16:55:31+12:00,57.5,-36.604725,174.802612,3
esp32_device_001,2026-05-21T16:55:36+12:00,56.3,-36.604721,174.802612,3
esp32_device_001,2026-05-21T16:55:41+12:00,56.3,-36.604725,174.802612,3
esp32_device_001,2026-05-21T16:55:46+12:00,56,-36.604729,174.802612,3
esp32_device_001,2026-05-21T16:55:51+12:00,55.8,-36.604733,174.802612,3
esp32_device_001,2026-05-21T16:55:56+12:00,55,-36.604729,174.802612,3
esp32_device_001,2026-05-21T16:56:01+12:00,54.6,-36.604736,174.802612,3
esp32_device_001,2026-05-21T16:56:06+12:00,53.3,-36.604733,174.802612,3
esp32_device_001,2026-05-21T16:56:11+12:00,52.7,-36.604733,174.802612,3
esp32_device_001,2026-05-21T16:56:16+12:00,52.5,-36.604733,174.802612,3
esp32_device_001,2026-05-21T16:56:21+12:00,53,-36.604744,174.802597,3
esp32_device_001,2026-05-21T16:56:26+12:00,53.2,-36.604748,174.802597,3
esp32_device_001,2026-05-21T16:56:31+12:00,53.7,-36.604752,174.802597,3
esp32_device_001,2026-05-21T16:56:36+12:00,53.1,-36.604759,174.802597,3
esp32_device_001,2026-05-21T16:56:41+12:00,53.4,-36.604759,174.802597,3
esp32_device_001,2026-05-21T16:56:46+12:00,52.2,-36.604763,174.802597,3
esp32_device_001,2026-05-21T16:56:51+12:00,44.1,-36.60479,174.802597,3
esp32_device_001,2026-05-21T16:56:56+12:00,45.3,-36.604786,174.802597,3
esp32_device_001,2026-05-21T16:57:01+12:00,45.8,-36.604774,174.802597,3
esp32_device_001,2026-05-21T16:57:06+12:00,46.7,-36.604767,174.802612,3
esp32_device_001,2026-05-21T16:57:11+12:00,47.4,-36.604759,174.802612,3
esp32_device_001,2026-05-21T16:57:16+12:00,47.4,-36.604759,174.802612,3
esp32_device_001,2026-05-21T16:57:31+12:00,49.5,-36.604752,174.802612,3
esp32_device_001,2026-05-21T16:57:41+12:00,52.8,-36.604763,174.802597,3
esp32_device_001,2026-05-21T16:57:51+12:00,54.6,-36.604763,174.802597,3
esp32_device_001,2026-05-21T16:57:56+12:00,55.8,-36.604759,174.802597,3
esp32_device_001,2026-05-21T16:58:06+12:00,56.5,-36.604744,174.802612,3
esp32_device_001,2026-05-21T16:58:11+12:00,57.5,-36.604748,174.802612,3
esp32_device_001,2026-05-21T16:58:16+12:00,58.3,-36.604733,174.802612,3
esp32_device_001,2026-05-21T16:58:54+12:00,67.5,-36.604721,174.802612,3
esp32_device_001,2026-05-21T16:58:59+12:00,67,-36.604729,174.802612,3
esp32_device_001,2026-05-21T16:59:04+12:00,66.9,-36.604733,174.802612,3
esp32_device_001,2026-05-21T16:59:09+12:00,67.2,-36.60474,174.802612,3
esp32_device_001,2026-05-21T16:59:14+12:00,66.8,-36.604744,174.802612,3
esp32_device_001,2026-05-21T16:59:19+12:00,67.1,-36.604744,174.802612,3
esp32_device_001,2026-05-21T16:59:24+12:00,68.2,-36.604744,174.802612,3
esp32_device_001,2026-05-21T16:59:29+12:00,69.1,-36.604744,174.802612,3
esp32_device_001,2026-05-21T16:59:34+12:00,70.9,-36.604763,174.802597,3
esp32_device_001,2026-05-21T16:59:39+12:00,76,-36.604786,174.802582,3
esp32_device_001,2026-05-21T16:59:44+12:00,79.9,-36.604809,174.802567,3
esp32_device_001,2026-05-21T16:59:49+12:00,72.5,-36.604786,174.802582,3
esp32_device_001,2026-05-21T16:59:54+12:00,72.2,-36.604778,174.802582,3
esp32_device_001,2026-05-21T16:59:59+12:00,73.5,-36.604778,174.802582,3
esp32_device_001,2026-05-21T17:00:04+12:00,73.4,-36.604778,174.802582,3
esp32_device_001,2026-05-21T17:00:09+12:00,73.5,-36.604778,174.802582,3
esp32_device_001,2026-05-21T17:00:14+12:00,74.2,-36.604782,174.802582,3
esp32_device_001,2026-05-21T17:00:19+12:00,73.8,-36.604782,174.802582,3
esp32_device_001,2026-05-21T17:00:24+12:00,73.3,-36.604786,174.802582,3
esp32_device_001,2026-05-21T17:00:29+12:00,73.2,-36.604786,174.802582,3
esp32_device_001,2026-05-21T17:00:34+12:00,72.3,-36.604782,174.802582,3
esp32_device_001,2026-05-21T17:00:39+12:00,69.4,-36.604774,174.802582,3
esp32_device_001,2026-05-21T17:00:44+12:00,65.7,-36.604771,174.802582,3
esp32_device_001,2026-05-21T17:00:49+12:00,64.1,-36.604771,174.802582,3
esp32_device_001,2026-05-21T17:00:54+12:00,62,-36.604771,174.802582,3
esp32_device_001,2026-05-21T17:00:59+12:00,56.4,-36.604752,174.802582,3
esp32_device_001,2026-05-21T17:01:04+12:00,52.7,-36.604744,174.802582,3
esp32_device_001,2026-05-21T17:01:09+12:00,51.4,-36.60474,174.802582,3
esp32_device_001,2026-05-21T17:01:14+12:00,49.2,-36.60474,174.802582,3
esp32_device_001,2026-05-21T17:01:19+12:00,47.5,-36.604755,174.802582,3
esp32_device_001,2026-05-21T17:01:24+12:00,45.1,-36.604767,174.802567,3
esp32_device_001,2026-05-21T17:01:29+12:00,44,-36.604771,174.802567,3
esp32_device_001,2026-05-21T17:01:34+12:00,42.8,-36.604767,174.802567,3
esp32_device_001,2026-05-21T17:01:39+12:00,40.9,-36.604767,174.802567,3
esp32_device_001,2026-05-21T17:01:44+12:00,39.6,-36.604763,174.802567,3
esp32_device_001,2026-05-21T17:01:49+12:00,39.2,-36.604763,174.802567,3
esp32_device_001,2026-05-21T17:01:54+12:00,37.2,-36.604752,174.802567,3
esp32_device_001,2026-05-21T17:01:59+12:00,35,-36.604744,174.802567,3
esp32_device_001,2026-05-21T17:02:04+12:00,31.5,-36.604748,174.802551,3
esp32_device_001,2026-05-21T17:02:09+12:00,29.6,-36.604755,174.802551,3
esp32_device_001,2026-05-21T17:02:14+12:00,27.7,-36.604759,174.802551,3
esp32_device_001,2026-05-21T17:02:19+12:00,26.8,-36.604771,174.802551,3
esp32_device_001,2026-05-21T17:02:24+12:00,27.3,-36.60479,174.802551,3
esp32_device_001,2026-05-21T17:02:29+12:00,26.5,-36.604786,174.802551,3
esp32_device_001,2026-05-21T17:02:34+12:00,25.5,-36.604794,174.802551,3
esp32_device_001,2026-05-21T17:02:39+12:00,24.3,-36.604794,174.802551,3
esp32_device_001,2026-05-21T17:02:44+12:00,25.1,-36.604797,174.802551,3
esp32_device_001,2026-05-21T17:02:49+12:00,22.8,-36.60479,174.802551,3
esp32_device_001,2026-05-21T17:02:54+12:00,22.4,-36.60479,174.802551,3
esp32_device_001,2026-05-21T17:02:59+12:00,22.2,-36.60479,174.802551,3
esp32_device_001,2026-05-21T17:03:04+12:00,20.7,-36.604778,174.802551,3
esp32_device_001,2026-05-21T17:03:09+12:00,18.4,-36.604774,174.802551,3
esp32_device_001,2026-05-21T17:03:14+12:00,17.7,-36.604778,174.802551,3
esp32_device_001,2026-05-21T17:03:32+12:00,17.4,-36.604778,174.802551,3
esp32_device_001,2026-05-21T17:03:37+12:00,16.2,-36.604767,174.802551,3
esp32_device_001,2026-05-21T17:03:42+12:00,16.1,-36.604767,174.802551,3
esp32_device_001,2026-05-21T17:03:47+12:00,17.4,-36.604774,174.802551,3
esp32_device_001,2026-05-21T17:03:52+12:00,19.1,-36.604786,174.802551,3
esp32_device_001,2026-05-21T17:03:57+12:00,21,-36.604797,174.802551,3
esp32_device_001,2026-05-21T17:04:02+12:00,22.7,-36.604813,174.802551,3
esp32_device_001,2026-05-21T17:04:07+12:00,23.2,-36.604824,174.802551,3
esp32_device_001,2026-05-21T17:04:12+12:00,22.7,-36.604843,174.802551,3
esp32_device_001,2026-05-21T17:04:17+12:00,21.9,-36.604847,174.802551,3
esp32_device_001,2026-05-21T17:04:22+12:00,20.8,-36.604866,174.802551,3
esp32_device_001,2026-05-21T17:04:27+12:00,20.9,-36.60487,174.802551,3
esp32_device_001,2026-05-21T17:04:32+12:00,21.1,-36.604866,174.802551,3
esp32_device_001,2026-05-21T17:04:37+12:00,21.9,-36.604855,174.802551,3
esp32_device_001,2026-05-21T17:04:42+12:00,23.3,-36.604839,174.802551,3
esp32_device_001,2026-05-21T17:04:47+12:00,26,-36.604851,174.802551,3
esp32_device_001,2026-05-21T17:04:52+12:00,28.4,-36.604877,174.802551,3
esp32_device_001,2026-05-21T17:04:57+12:00,29.5,-36.604897,174.802551,3
esp32_device_001,2026-05-21T17:05:02+12:00,30.6,-36.604893,174.802551,3
esp32_device_001,2026-05-21T17:05:07+12:00,31.4,-36.604889,174.802551,3
esp32_device_001,2026-05-21T17:05:12+12:00,31.3,-36.604916,174.802536,3
esp32_device_001,2026-05-21T17:05:17+12:00,32.4,-36.604908,174.802551,3
esp32_device_001,2026-05-21T17:05:22+12:00,32,-36.6049,174.802551,3
esp32_device_001,2026-05-21T17:05:27+12:00,32,-36.604877,174.802551,3
esp32_device_001,2026-05-21T17:05:32+12:00,29.4,-36.604885,174.802551,3
esp32_device_001,2026-05-21T17:05:37+12:00,25.9,-36.604893,174.802551,3
esp32_device_001,2026-05-21T17:05:42+12:00,23.6,-36.6049,174.802567,3
esp32_device_001,2026-05-21T17:05:47+12:00,19.6,-36.604897,174.802567,3
esp32_device_001,2026-05-21T17:05:52+12:00,14.7,-36.604877,174.802567,3
esp32_device_001,2026-05-21T17:05:57+12:00,9.7,-36.604877,174.802567,3
esp32_device_001,2026-05-21T17:06:02+12:00,6.5,-36.604881,174.802567,3
esp32_device_001,2026-05-21T17:06:07+12:00,4.1,-36.604885,174.802567,3
esp32_device_001,2026-05-21T17:06:12+12:00,2.1,-36.604916,174.802551,3
esp32_device_001,2026-05-21T17:06:17+12:00,1,-36.604916,174.802551,3
esp32_device_001,2026-05-21T17:06:22+12:00,-0.7,-36.604935,174.802551,3
esp32_device_001,2026-05-21T17:06:27+12:00,-2.7,-36.604916,174.802551,3
esp32_device_001,2026-05-21T17:06:32+12:00,-0.4,-36.604916,174.802551,3
esp32_device_001,2026-05-21T17:06:37+12:00,5.6,-36.604885,174.802567,3
esp32_device_001,2026-05-21T17:06:42+12:00,11.1,-36.604851,174.802567,3
esp32_device_001,2026-05-21T17:06:47+12:00,14.7,-36.60482,174.802567,3
esp32_device_001,2026-05-21T17:06:52+12:00,17.2,-36.60479,174.802582,3
esp32_device_001,2026-05-21T17:06:57+12:00,18.8,-36.604809,174.802567,3
esp32_device_001,2026-05-21T17:07:02+12:00,24,-36.604813,174.802567,3
esp32_device_001,2026-05-21T17:07:07+12:00,27.4,-36.604816,174.802567,3
esp32_device_001,2026-05-21T17:07:12+12:00,28.6,-36.60482,174.802567,3
esp32_device_001,2026-05-21T17:07:17+12:00,30.1,-36.60482,174.802567,3
esp32_device_001,2026-05-21T17:07:22+12:00,31.3,-36.604801,174.802567,3
esp32_device_001,2026-05-21T17:07:27+12:00,32.6,-36.604786,174.802567,3
esp32_device_001,2026-05-21T17:07:32+12:00,36.4,-36.604763,174.802567,3
esp32_device_001,2026-05-21T17:07:37+12:00,36.9,-36.604752,174.802567,3
esp32_device_001,2026-05-21T17:07:42+12:00,37.4,-36.604748,174.802567,3
esp32_device_001,2026-05-21T17:07:47+12:00,37.5,-36.60474,174.802582,3
esp32_device_001,2026-05-21T17:07:52+12:00,39.2,-36.604733,174.802582,3
esp32_device_001,2026-05-21T17:07:57+12:00,44.4,-36.604721,174.802582,3
esp32_device_001,2026-05-21T17:08:02+12:00,52.3,-36.604717,174.802567,3
esp32_device_001,2026-05-21T17:08:07+12:00,58,-36.60471,174.802567,3
esp32_device_001,2026-05-21T17:08:12+12:00,59.6,-36.604706,174.802567,3
esp32_device_001,2026-05-21T17:08:17+12:00,62.5,-36.604706,174.802551,3
esp32_device_001,2026-05-21T17:08:22+12:00,68.5,-36.604694,174.802551,3
esp32_device_001,2026-05-21T17:08:27+12:00,72.6,-36.604691,174.802551,3
esp32_device_001,2026-05-21T17:08:32+12:00,73.9,-36.604683,174.802551,3
esp32_device_001,2026-05-21T17:08:37+12:00,72.5,-36.604679,174.802551,3
esp32_device_001,2026-05-21T17:08:42+12:00,70.3,-36.604691,174.802551,3
esp32_device_001,2026-05-21T17:08:47+12:00,68.8,-36.604694,174.802567,3
esp32_device_001,2026-05-21T17:08:52+12:00,67.7,-36.604706,174.802567,3
esp32_device_001,2026-05-21T17:08:57+12:00,66.3,-36.60471,174.802567,3
esp32_device_001,2026-05-21T17:09:02+12:00,65.2,-36.604702,174.802567,3
esp32_device_001,2026-05-21T17:09:07+12:00,62.8,-36.604698,174.802582,3
esp32_device_001,2026-05-21T17:09:12+12:00,61.1,-36.604694,174.802582,3
esp32_device_001,2026-05-21T17:09:17+12:00,60.6,-36.604706,174.802567,3
esp32_device_001,2026-05-21T17:09:22+12:00,59.2,-36.60471,174.802582,3
esp32_device_001,2026-05-21T17:09:27+12:00,57.5,-36.60471,174.802582,3
esp32_device_001,2026-05-21T17:09:32+12:00,56,-36.604706,174.802582,3
esp32_device_001,2026-05-21T17:09:37+12:00,54.4,-36.60471,174.802567,3
esp32_device_001,2026-05-21T17:09:42+12:00,52.4,-36.604702,174.802582,3
esp32_device_001,2026-05-21T17:09:47+12:00,50.3,-36.604702,174.802567,3
esp32_device_001,2026-05-21T17:09:52+12:00,48.1,-36.604717,174.802567,3
esp32_device_001,2026-05-21T17:09:57+12:00,46.5,-36.604717,174.802582,3
esp32_device_001,2026-05-21T17:10:02+12:00,44.4,-36.60471,174.802582,3
esp32_device_001,2026-05-21T17:10:07+12:00,43,-36.604702,174.802597,3
esp32_device_001,2026-05-21T17:10:12+12:00,43.2,-36.604706,174.802597,3
esp32_device_001,2026-05-21T17:10:17+12:00,42.5,-36.604706,174.802597,3
esp32_device_001,2026-05-21T17:10:22+12:00,42,-36.60471,174.802597,3
esp32_device_001,2026-05-21T17:10:27+12:00,41,-36.604725,174.802582,3
esp32_device_001,2026-05-21T17:10:32+12:00,39.6,-36.604729,174.802582,3
esp32_device_001,2026-05-21T17:10:37+12:00,38.2,-36.604729,174.802582,3
esp32_device_001,2026-05-21T17:10:42+12:00,37.4,-36.604729,174.802582,3
esp32_device_001,2026-05-21T17:10:47+12:00,36.4,-36.604729,174.802582,3
esp32_device_001,2026-05-21T17:10:52+12:00,35.4,-36.604725,174.802582,3
esp32_device_001,2026-05-21T17:10:57+12:00,34.4,-36.604729,174.802582,3
esp32_device_001,2026-05-21T17:11:02+12:00,34.9,-36.604721,174.802597,3
esp32_device_001,2026-05-21T17:11:07+12:00,35.7,-36.604713,174.802597,3
esp32_device_001,2026-05-21T17:11:12+12:00,35.6,-36.604713,174.802597,3
esp32_device_001,2026-05-21T17:11:17+12:00,35.1,-36.604713,174.802612,3
esp32_device_001,2026-05-21T17:11:22+12:00,34.1,-36.604713,174.802597,3
esp32_device_001,2026-05-21T17:11:27+12:00,34.9,-36.604721,174.802597,3
esp32_device_001,2026-05-21T17:11:32+12:00,35.1,-36.604729,174.802597,3
esp32_device_001,2026-05-21T17:11:37+12:00,36,-36.604721,174.802597,3
esp32_device_001,2026-05-21T17:11:42+12:00,36.4,-36.604721,174.802612,3
esp32_device_001,2026-05-21T17:11:47+12:00,36.9,-36.604713,174.802612,3
esp32_device_001,2026-05-21T17:11:52+12:00,36.7,-36.604721,174.802597,3
esp32_device_001,2026-05-21T17:11:57+12:00,37,-36.604721,174.802597,3
esp32_device_001,2026-05-21T17:12:02+12:00,36.4,-36.604717,174.802597,3
esp32_device_001,2026-05-21T17:12:07+12:00,36.1,-36.604725,174.802582,3
esp32_device_001,2026-05-21T17:12:12+12:00,36.3,-36.604729,174.802582,3
esp32_device_001,2026-05-21T17:12:17+12:00,36.3,-36.604729,174.802582,3
esp32_device_001,2026-05-21T17:12:22+12:00,36.1,-36.604733,174.802567,3
esp32_device_001,2026-05-21T17:12:27+12:00,34.8,-36.604744,174.802551,3
esp32_device_001,2026-05-21T17:12:32+12:00,35,-36.604752,174.802551,3
esp32_device_001,2026-05-21T17:12:37+12:00,33.9,-36.604759,174.802551,3
esp32_device_001,2026-05-21T17:12:42+12:00,36.6,-36.604752,174.802567,3
esp32_device_001,2026-05-21T17:12:47+12:00,39.6,-36.604748,174.802567,3
esp32_device_001,2026-05-21T17:12:52+12:00,40,-36.604748,174.802567,3
esp32_device_001,2026-05-21T17:12:57+12:00,39.5,-36.60474,174.802582,3
esp32_device_001,2026-05-21T17:13:02+12:00,39.5,-36.60474,174.802582,3
esp32_device_001,2026-05-21T17:13:07+12:00,38.7,-36.60474,174.802567,3
esp32_device_001,2026-05-21T17:13:12+12:00,38.4,-36.604736,174.802582,3
esp32_device_001,2026-05-21T17:13:17+12:00,37.4,-36.604744,174.802567,3
esp32_device_001,2026-05-21T17:13:45+12:00,35.8,-36.604748,174.802536,3
esp32_device_001,2026-05-21T17:13:50+12:00,34.5,-36.604752,174.802536,3
esp32_device_001,2026-05-21T17:13:55+12:00,23.5,-36.604805,174.80246,3
esp32_device_001,2026-05-21T17:14:00+12:00,7,-36.604866,174.802399,3
esp32_device_001,2026-05-21T17:14:05+12:00,-7.2,-36.6049,174.802368,3
esp32_device_001,2026-05-21T17:14:10+12:00,-10.2,-36.604897,174.802399,3
esp32_device_001,2026-05-21T17:14:15+12:00,-12.2,-36.604893,174.802429,3
esp32_device_001,2026-05-21T17:14:20+12:00,-13.2,-36.604889,174.802444,3
esp32_device_001,2026-05-21T17:14:25+12:00,-14.3,-36.604889,174.80246,3
esp32_device_001,2026-05-21T17:14:30+12:00,-14.4,-36.604885,174.802475,3
esp32_device_001,2026-05-21T17:14:35+12:00,-14.5,-36.604877,174.802505,3
esp32_device_001,2026-05-21T17:14:40+12:00,-15.2,-36.60487,174.802521,3
esp32_device_001,2026-05-21T17:14:45+12:00,-14.5,-36.604866,174.802536,3
esp32_device_001,2026-05-21T17:14:50+12:00,-13.7,-36.604855,174.802567,3
esp32_device_001,2026-05-21T17:14:55+12:00,-12.1,-36.604843,174.802567,3
esp32_device_001,2026-05-21T17:15:00+12:00,-7.9,-36.604843,174.802582,3
esp32_device_001,2026-05-21T17:15:05+12:00,-3.8,-36.604839,174.802582,3
esp32_device_001,2026-05-21T17:15:10+12:00,-2,-36.604851,174.802597,3
esp32_device_001,2026-05-21T17:15:15+12:00,1.5,-36.604847,174.802597,3
esp32_device_001,2026-05-21T17:15:20+12:00,4.9,-36.604839,174.802612,3
esp32_device_001,2026-05-21T17:15:25+12:00,7.9,-36.604839,174.802612,3
esp32_device_001,2026-05-21T17:15:30+12:00,11,-36.604828,174.802612,3
esp32_device_001,2026-05-21T17:15:35+12:00,13.3,-36.60482,174.802612,3
esp32_device_001,2026-05-21T17:15:40+12:00,14.9,-36.604809,174.802612,3
esp32_device_001,2026-05-21T17:15:45+12:00,16.3,-36.604805,174.802628,3
esp32_device_001,2026-05-21T17:15:50+12:00,18.9,-36.604805,174.802628,3
esp32_device_001,2026-05-21T17:15:55+12:00,20.7,-36.604809,174.802628,3
esp32_device_001,2026-05-21T17:16:00+12:00,22,-36.604816,174.802628,3
esp32_device_001,2026-05-21T17:16:05+12:00,22.8,-36.604813,174.802628,3
esp32_device_001,2026-05-21T17:16:10+12:00,23.4,-36.604809,174.802628,3
esp32_device_001,2026-05-21T17:16:15+12:00,23,-36.604809,174.802643,3
esp32_device_001,2026-05-21T17:16:20+12:00,24.6,-36.604813,174.802643,3
esp32_device_001,2026-05-21T17:16:25+12:00,29.5,-36.604801,174.802628,3
esp32_device_001,2026-05-21T17:16:30+12:00,31.2,-36.604813,174.802628,3
esp32_device_001,2026-05-21T17:16:35+12:00,30.9,-36.604813,174.802643,3
esp32_device_001,2026-05-21T17:16:40+12:00,31.1,-36.604801,174.802643,3
esp32_device_001,2026-05-21T17:16:45+12:00,32,-36.604794,174.802628,3
esp32_device_001,2026-05-21T17:16:50+12:00,34.3,-36.604794,174.802628,3
esp32_device_001,2026-05-21T17:16:55+12:00,36.6,-36.60479,174.802628,3
esp32_device_001,2026-05-21T17:17:00+12:00,40.5,-36.604778,174.802628,3
esp32_device_001,2026-05-21T17:17:05+12:00,42.2,-36.604782,174.802628,3
esp32_device_001,2026-05-21T17:17:10+12:00,42.2,-36.604794,174.802628,3
esp32_device_001,2026-05-21T17:17:15+12:00,42.4,-36.604778,174.802612,3
esp32_device_001,2026-05-21T17:17:20+12:00,42.8,-36.604771,174.802612,3
esp32_device_001,2026-05-21T17:17:25+12:00,43.3,-36.604774,174.802612,3
esp32_device_001,2026-05-21T17:17:30+12:00,43.9,-36.604774,174.802612,3
esp32_device_001,2026-05-21T17:17:35+12:00,43.9,-36.604778,174.802597,3
esp32_device_001,2026-05-21T17:17:40+12:00,44.4,-36.604771,174.802597,3
esp32_device_001,2026-05-21T17:17:45+12:00,45,-36.604767,174.802597,3
esp32_device_001,2026-05-21T17:17:50+12:00,45.9,-36.604763,174.802597,3
esp32_device_001,2026-05-21T17:17:55+12:00,46.4,-36.604755,174.802582,3
esp32_device_001,2026-05-21T17:18:00+12:00,44.5,-36.604759,174.802597,3
esp32_device_001,2026-05-21T17:18:05+12:00,44.1,-36.604755,174.802612,3
esp32_device_001,2026-05-21T17:18:10+12:00,43.3,-36.604759,174.802612,3
esp32_device_001,2026-05-21T17:18:15+12:00,43,-36.604759,174.802612,3
esp32_device_001,2026-05-21T17:18:24+12:00,42.7,-36.604752,174.802612,3
esp32_device_001,2026-05-21T17:18:29+12:00,42.4,-36.604752,174.802612,3
esp32_device_001,2026-05-21T17:18:34+12:00,43.2,-36.60474,174.802612,3
esp32_device_001,2026-05-21T17:18:39+12:00,43.9,-36.604736,174.802612,3
esp32_device_001,2026-05-21T17:18:44+12:00,44.1,-36.604733,174.802628,3
esp32_device_001,2026-05-21T17:18:49+12:00,43.4,-36.604736,174.802628,3
esp32_device_001,2026-05-21T17:18:54+12:00,44,-36.604725,174.802628,3
esp32_device_001,2026-05-21T17:18:59+12:00,45.2,-36.604725,174.802628,3
esp32_device_001,2026-05-21T17:19:04+12:00,47.4,-36.604729,174.802628,3
esp32_device_001,2026-05-21T17:19:09+12:00,48.6,-36.604736,174.802628,3
esp32_device_001,2026-05-21T17:19:14+12:00,50.9,-36.604729,174.802628,3
esp32_device_001,2026-05-21T17:19:19+12:00,53.8,-36.604725,174.802628,3
esp32_device_001,2026-05-21T17:19:24+12:00,54.8,-36.604729,174.802628,3
esp32_device_001,2026-05-21T17:19:29+12:00,53.7,-36.604736,174.802628,3
esp32_device_001,2026-05-21T17:19:34+12:00,53,-36.604736,174.802628,3
esp32_device_001,2026-05-21T17:19:39+12:00,52.9,-36.604733,174.802628,3
esp32_device_001,2026-05-21T17:19:44+12:00,51.9,-36.604736,174.802628,3
esp32_device_001,2026-05-21T17:19:49+12:00,52.5,-36.604736,174.802612,3
esp32_device_001,2026-05-21T17:19:54+12:00,52.2,-36.604733,174.802612,3
esp32_device_001,2026-05-21T17:19:59+12:00,55,-36.604744,174.802612,3
esp32_device_001,2026-05-21T17:20:04+12:00,58.1,-36.604759,174.802597,3
esp32_device_001,2026-05-21T17:20:09+12:00,60.8,-36.604771,174.802582,3
esp32_device_001,2026-05-21T17:20:14+12:00,63.4,-36.604782,174.802567,3
esp32_device_001,2026-05-21T17:20:19+12:00,65.5,-36.604786,174.802567,3
esp32_device_001,2026-05-21T17:20:24+12:00,67,-36.604782,174.802567,3
esp32_device_001,2026-05-21T17:20:29+12:00,65.5,-36.604782,174.802567,3
esp32_device_001,2026-05-21T17:20:34+12:00,63.6,-36.604782,174.802567,3
esp32_device_001,2026-05-21T17:20:39+12:00,62.9,-36.604782,174.802567,3
esp32_device_001,2026-05-21T17:20:44+12:00,60.2,-36.604782,174.802567,3
esp32_device_001,2026-05-21T17:20:49+12:00,59.6,-36.604782,174.802567,3
esp32_device_001,2026-05-21T17:20:54+12:00,59.9,-36.604774,174.802567,3
esp32_device_001,2026-05-21T17:20:59+12:00,59.7,-36.604767,174.802567,3
esp32_device_001,2026-05-21T17:21:04+12:00,58.8,-36.604763,174.802567,3
esp32_device_001,2026-05-21T17:21:09+12:00,58,-36.604759,174.802567,3
esp32_device_001,2026-05-21T17:21:14+12:00,56,-36.604759,174.802567,3
esp32_device_001,2026-05-21T17:21:19+12:00,55.3,-36.604755,174.802567,3
esp32_device_001,2026-05-21T17:21:24+12:00,54.8,-36.604752,174.802582,3
esp32_device_001,2026-05-21T17:21:29+12:00,54.3,-36.604755,174.802582,3
esp32_device_001,2026-05-21T17:21:34+12:00,53.2,-36.604748,174.802582,3
esp32_device_001,2026-05-21T17:21:39+12:00,51.2,-36.604752,174.802582,3
esp32_device_001,2026-05-21T17:21:44+12:00,50.4,-36.604755,174.802597,3
esp32_device_001,2026-05-21T17:21:49+12:00,50.2,-36.604752,174.802597,3
esp32_device_001,2026-05-21T17:21:54+12:00,49.6,-36.604752,174.802597,3
esp32_device_001,2026-05-21T17:21:59+12:00,50,-36.604744,174.802597,3
esp32_device_001,2026-05-21T17:22:04+12:00,51,-36.604736,174.802582,3
esp32_device_001,2026-05-21T17:22:09+12:00,51.9,-36.604733,174.802582,3
esp32_device_001,2026-05-21T17:22:14+12:00,52,-36.604729,174.802582,3
esp32_device_001,2026-05-21T17:22:19+12:00,51,-36.604729,174.802582,3
esp32_device_001,2026-05-21T17:22:24+12:00,50.2,-36.604721,174.802582,3
esp32_device_001,2026-05-21T17:22:29+12:00,49,-36.604717,174.802582,3
esp32_device_001,2026-05-21T17:22:34+12:00,49.2,-36.604713,174.802582,3
esp32_device_001,2026-05-21T17:22:39+12:00,48.5,-36.60471,174.802582,3
esp32_device_001,2026-05-21T17:22:44+12:00,48.2,-36.60471,174.802582,3
esp32_device_001,2026-05-21T17:22:49+12:00,48.4,-36.604713,174.802582,3
esp32_device_001,2026-05-21T17:22:54+12:00,47.6,-36.604717,174.802582,3
esp32_device_001,2026-05-21T17:22:59+12:00,46.6,-36.604721,174.802582,3
esp32_device_001,2026-05-21T17:23:04+12:00,46.5,-36.604725,174.802582,3
esp32_device_001,2026-05-21T17:23:09+12:00,45.6,-36.604729,174.802582,3
esp32_device_001,2026-05-21T17:23:14+12:00,46.3,-36.604725,174.802582,3
esp32_device_001,2026-05-21T17:23:19+12:00,46.8,-36.604725,174.802582,3
esp32_device_001,2026-05-21T17:23:24+12:00,45.6,-36.604729,174.802582,3
esp32_device_001,2026-05-21T17:23:29+12:00,45.1,-36.604733,174.802582,3
esp32_device_001,2026-05-21T17:23:34+12:00,44.4,-36.604733,174.802582,3
esp32_device_001,2026-05-21T17:23:39+12:00,42.5,-36.604733,174.802582,3
esp32_device_001,2026-05-21T17:23:44+12:00,42.8,-36.604733,174.802582,3
esp32_device_001,2026-05-21T17:23:49+12:00,42,-36.604736,174.802582,3
esp32_device_001,2026-05-21T17:23:54+12:00,42.1,-36.604736,174.802582,3
esp32_device_001,2026-05-21T17:23:59+12:00,44.4,-36.60474,174.802582,3
esp32_device_001,2026-05-21T17:24:04+12:00,43,-36.604744,174.802582,3
esp32_device_001,2026-05-21T17:24:09+12:00,42.7,-36.604744,174.802582,3
esp32_device_001,2026-05-21T17:24:14+12:00,45,-36.604733,174.802597,3
esp32_device_001,2026-05-21T17:24:19+12:00,49.9,-36.604721,174.802597,3
esp32_device_001,2026-05-21T17:24:24+12:00,52.5,-36.60471,174.802597,3
esp32_device_001,2026-05-21T17:24:29+12:00,53.1,-36.60471,174.802597,3
esp32_device_001,2026-05-21T17:24:34+12:00,54.7,-36.60471,174.802597,3
esp32_device_001,2026-05-21T17:24:39+12:00,56.4,-36.604706,174.802597,3
esp32_device_001,2026-05-21T17:24:44+12:00,59.1,-36.604698,174.802597,3
esp32_device_001,2026-05-21T17:24:49+12:00,59.8,-36.604702,174.802597,3
esp32_device_001,2026-05-21T17:24:54+12:00,60.8,-36.604698,174.802597,3
esp32_device_001,2026-05-21T17:24:59+12:00,62.6,-36.604698,174.802597,3
esp32_device_001,2026-05-21T17:25:04+12:00,61.9,-36.604698,174.802597,3
esp32_device_001,2026-05-21T17:25:09+12:00,59,-36.604706,174.802597,3
esp32_device_001,2026-05-21T17:25:14+12:00,56.5,-36.604713,174.802597,3
esp32_device_001,2026-05-21T17:25:19+12:00,54.7,-36.604717,174.802597,3
esp32_device_001,2026-05-21T17:25:24+12:00,55.5,-36.604713,174.802597,3
esp32_device_001,2026-05-21T17:25:29+12:00,55.4,-36.604713,174.802597,3
esp32_device_001,2026-05-21T17:25:34+12:00,54.9,-36.604717,174.802597,3
esp32_device_001,2026-05-21T17:25:39+12:00,54.6,-36.604713,174.802597,3
esp32_device_001,2026-05-21T17:25:44+12:00,55,-36.60471,174.802612,3
esp32_device_001,2026-05-21T17:25:49+12:00,55,-36.604713,174.802612,3
esp32_device_001,2026-05-21T17:25:54+12:00,54.7,-36.604713,174.802612,3
esp32_device_001,2026-05-21T17:25:59+12:00,55.4,-36.604713,174.802612,3
esp32_device_001,2026-05-21T17:26:04+12:00,56.1,-36.604706,174.802612,3
esp32_device_001,2026-05-21T17:26:09+12:00,55.9,-36.60471,174.802612,3
esp32_device_001,2026-05-21T17:26:14+12:00,55.5,-36.60471,174.802612,3
esp32_device_001,2026-05-21T17:26:19+12:00,55.4,-36.60471,174.802612,3
esp32_device_001,2026-05-21T17:26:24+12:00,54.3,-36.604717,174.802612,3
esp32_device_001,2026-05-21T17:26:29+12:00,53.3,-36.604713,174.802612,3
esp32_device_001,2026-05-21T17:26:34+12:00,51.9,-36.604713,174.802612,3
esp32_device_001,2026-05-21T17:26:39+12:00,52.5,-36.604729,174.802597,3
esp32_device_001,2026-05-21T17:26:44+12:00,52.2,-36.604733,174.802597,3
esp32_device_001,2026-05-21T17:26:49+12:00,52.1,-36.604725,174.802597,3
esp32_device_001,2026-05-21T17:26:54+12:00,51.4,-36.604694,174.802597,3
esp32_device_001,2026-05-21T17:26:59+12:00,52.5,-36.604687,174.802612,3
esp32_device_001,2026-05-21T17:27:04+12:00,53.2,-36.604675,174.802628,3
esp32_device_001,2026-05-21T17:27:09+12:00,52.4,-36.604687,174.802628,3
esp32_device_001,2026-05-21T17:27:14+12:00,52.1,-36.604675,174.802628,3
esp32_device_001,2026-05-21T17:27:19+12:00,48.8,-36.604675,174.802628,3
esp32_device_001,2026-05-21T17:27:24+12:00,45.9,-36.604652,174.802628,3
esp32_device_001,2026-05-21T17:27:29+12:00,42.2,-36.604679,174.802628,3
esp32_device_001,2026-05-21T17:27:34+12:00,40,-36.604679,174.802628,3
esp32_device_001,2026-05-21T17:27:39+12:00,37.6,-36.604706,174.802612,3
esp32_device_001,2026-05-21T17:27:44+12:00,35,-36.604763,174.802567,3
esp32_device_001,2026-05-21T17:27:49+12:00,34.2,-36.604774,174.802567,3
esp32_device_001,2026-05-21T17:27:54+12:00,34,-36.604767,174.802582,3
esp32_device_001,2026-05-21T17:27:59+12:00,34,-36.604771,174.802582,3
esp32_device_001,2026-05-21T17:28:04+12:00,34.9,-36.604744,174.802597,3
esp32_device_001,2026-05-21T17:28:09+12:00,34.7,-36.604736,174.802582,3
esp32_device_001,2026-05-21T17:28:14+12:00,34.1,-36.60474,174.802582,3
esp32_device_001,2026-05-21T17:28:27+12:00,34.5,-36.604717,174.802567,3
esp32_device_001,2026-05-21T17:28:32+12:00,32.8,-36.604729,174.802567,3
esp32_device_001,2026-05-21T17:28:37+12:00,31.4,-36.60471,174.802567,3
esp32_device_001,2026-05-21T17:28:42+12:00,31.3,-36.604725,174.802567,3
esp32_device_001,2026-05-21T17:28:47+12:00,31.7,-36.604736,174.802582,3
esp32_device_001,2026-05-21T17:28:52+12:00,31.1,-36.604706,174.802567,3
esp32_device_001,2026-05-21T17:28:57+12:00,30.9,-36.604698,174.802567,3
esp32_device_001,2026-05-21T17:29:02+12:00,30.7,-36.604694,174.802567,3
esp32_device_001,2026-05-21T17:29:07+12:00,31.6,-36.604683,174.802567,3
esp32_device_001,2026-05-21T17:29:12+12:00,33.7,-36.604698,174.802582,3
esp32_device_001,2026-05-21T17:29:17+12:00,35,-36.60474,174.802597,3
esp32_device_001,2026-05-21T17:29:22+12:00,38,-36.604725,174.802582,3
esp32_device_001,2026-05-21T17:29:27+12:00,42.5,-36.604671,174.802536,3
esp32_device_001,2026-05-21T17:29:32+12:00,45.3,-36.604671,174.802536,3
esp32_device_001,2026-05-21T17:29:37+12:00,47.3,-36.604683,174.802536,3
esp32_device_001,2026-05-21T17:29:42+12:00,48.9,-36.604679,174.802536,3
esp32_device_001,2026-05-21T17:29:47+12:00,50.6,-36.604683,174.802536,3
esp32_device_001,2026-05-21T17:29:52+12:00,52.8,-36.604687,174.802521,3
esp32_device_001,2026-05-21T17:29:57+12:00,54.2,-36.604694,174.802536,3
esp32_device_001,2026-05-21T17:30:02+12:00,54.9,-36.604683,174.802521,3
esp32_device_001,2026-05-21T17:30:07+12:00,55.7,-36.604683,174.802521,3
esp32_device_001,2026-05-21T17:30:12+12:00,56.3,-36.604698,174.802536,3
esp32_device_001,2026-05-21T17:30:17+12:00,57.2,-36.604698,174.802551,3
esp32_device_001,2026-05-21T17:30:22+12:00,57.8,-36.604702,174.802551,3
esp32_device_001,2026-05-21T17:30:27+12:00,57.3,-36.604683,174.802551,3
esp32_device_001,2026-05-21T17:30:32+12:00,56.9,-36.604725,174.802567,3
esp32_device_001,2026-05-21T17:30:37+12:00,56.6,-36.604729,174.802567,3
esp32_device_001,2026-05-21T17:30:42+12:00,57.1,-36.604721,174.802567,3
esp32_device_001,2026-05-21T17:30:47+12:00,56.8,-36.604721,174.802551,3
esp32_device_001,2026-05-21T17:30:52+12:00,56.1,-36.604725,174.802536,3
esp32_device_001,2026-05-21T17:30:57+12:00,56.8,-36.604763,174.802536,3
esp32_device_001,2026-05-21T17:31:02+12:00,55.6,-36.60479,174.802536,3
esp32_device_001,2026-05-21T17:31:07+12:00,54.7,-36.60479,174.802536,3
esp32_device_001,2026-05-21T17:31:12+12:00,49.2,-36.604908,174.802612,3
esp32_device_001,2026-05-21T17:31:17+12:00,42,-36.605007,174.802704,3
esp32_device_001,2026-05-21T17:31:22+12:00,41.3,-36.604965,174.802689,3
esp32_device_001,2026-05-21T17:31:27+12:00,43,-36.604893,174.802658,3
esp32_device_001,2026-05-21T17:31:32+12:00,44.7,-36.604866,174.802643,3
esp32_device_001,2026-05-21T17:31:37+12:00,45,-36.604839,174.802612,3
esp32_device_001,2026-05-21T17:31:42+12:00,43.7,-36.604801,174.802612,3
esp32_device_001,2026-05-21T17:31:47+12:00,42.8,-36.604786,174.802597,3
esp32_device_001,2026-05-21T17:31:52+12:00,42.8,-36.604774,174.802597,3
esp32_device_001,2026-05-21T17:31:57+12:00,42.4,-36.604771,174.802612,3
esp32_device_001,2026-05-21T17:32:02+12:00,41.6,-36.604748,174.802628,3
esp32_device_001,2026-05-21T17:32:07+12:00,41.2,-36.604771,174.802628,3
esp32_device_001,2026-05-21T17:32:12+12:00,40.2,-36.604778,174.802612,3
esp32_device_001,2026-05-21T17:32:17+12:00,39.3,-36.604774,174.802628,3
esp32_device_001,2026-05-21T17:32:22+12:00,37.8,-36.604767,174.802628,3
esp32_device_001,2026-05-21T17:32:27+12:00,36.6,-36.604774,174.802628,3
esp32_device_001,2026-05-21T17:32:32+12:00,35.8,-36.604786,174.802612,3
esp32_device_001,2026-05-21T17:32:37+12:00,36.5,-36.604794,174.802612,3
esp32_device_001,2026-05-21T17:32:42+12:00,37.1,-36.604794,174.802612,3
esp32_device_001,2026-05-21T17:32:47+12:00,38.2,-36.604786,174.802612,3
esp32_device_001,2026-05-21T17:32:52+12:00,39.2,-36.604786,174.802597,3
esp32_device_001,2026-05-21T17:32:57+12:00,40.7,-36.604786,174.802597,3
esp32_device_001,2026-05-21T17:33:02+12:00,41.6,-36.60479,174.802582,3
esp32_device_001,2026-05-21T17:33:07+12:00,42.8,-36.604786,174.802582,3
esp32_device_001,2026-05-21T17:33:12+12:00,44.6,-36.604786,174.802582,3
esp32_device_001,2026-05-21T17:33:17+12:00,46.2,-36.604782,174.802567,3
esp32_device_001,2026-05-21T17:33:22+12:00,47.5,-36.604782,174.802551,3
esp32_device_001,2026-05-21T17:33:27+12:00,47.9,-36.604778,174.802551,3
esp32_device_001,2026-05-21T17:33:32+12:00,47.8,-36.604778,174.802551,3
esp32_device_001,2026-05-21T17:33:37+12:00,47.8,-36.604778,174.802536,3
esp32_device_001,2026-05-21T17:33:42+12:00,48.4,-36.604774,174.802536,3
esp32_device_001,2026-05-21T17:33:47+12:00,49,-36.604774,174.802551,3
esp32_device_001,2026-05-21T17:33:52+12:00,49.2,-36.604774,174.802536,3
esp32_device_001,2026-05-21T17:33:57+12:00,48.3,-36.604782,174.802536,3
esp32_device_001,2026-05-21T17:34:02+12:00,46.3,-36.60479,174.802521,3
esp32_device_001,2026-05-21T17:34:07+12:00,42.3,-36.604813,174.80249,3
esp32_device_001,2026-05-21T17:34:12+12:00,40.9,-36.604816,174.80246,3
esp32_device_001,2026-05-21T17:34:17+12:00,37.5,-36.60482,174.80246,3
esp32_device_001,2026-05-21T17:34:22+12:00,36,-36.60482,174.80246,3
esp32_device_001,2026-05-21T17:34:27+12:00,34.6,-36.604816,174.802475,3
esp32_device_001,2026-05-21T17:34:32+12:00,32.4,-36.604816,174.80249,3
esp32_device_001,2026-05-21T17:34:37+12:00,30.8,-36.604809,174.802521,3
esp32_device_001,2026-05-21T17:34:42+12:00,29.9,-36.604805,174.802551,3
esp32_device_001,2026-05-21T17:34:47+12:00,29.9,-36.604813,174.802551,3
esp32_device_001,2026-05-21T17:34:52+12:00,31.4,-36.604809,174.802567,3
esp32_device_001,2026-05-21T17:34:57+12:00,33,-36.60479,174.802582,3
esp32_device_001,2026-05-21T17:35:02+12:00,34.9,-36.604786,174.802582,3
esp32_device_001,2026-05-21T17:35:07+12:00,37.5,-36.604786,174.802567,3
esp32_device_001,2026-05-21T17:35:12+12:00,38.8,-36.604797,174.802582,3
esp32_device_001,2026-05-21T17:35:17+12:00,39.9,-36.60479,174.802582,3
esp32_device_001,2026-05-21T17:35:22+12:00,43.3,-36.604786,174.802628,3
esp32_device_001,2026-05-21T17:35:27+12:00,46.1,-36.604805,174.802612,3
esp32_device_001,2026-05-21T17:35:32+12:00,48.7,-36.604809,174.802597,3
esp32_device_001,2026-05-21T17:35:37+12:00,50.6,-36.604805,174.802597,3
esp32_device_001,2026-05-21T17:35:42+12:00,53,-36.604801,174.802582,3
esp32_device_001,2026-05-21T17:35:47+12:00,54.8,-36.604774,174.802612,3
esp32_device_001,2026-05-21T17:35:52+12:00,56.3,-36.604778,174.802628,3
esp32_device_001,2026-05-21T17:35:57+12:00,58.1,-36.604778,174.802643,3
esp32_device_001,2026-05-21T17:36:02+12:00,62.4,-36.604759,174.802643,3
esp32_device_001,2026-05-21T17:36:07+12:00,65.3,-36.604744,174.802643,3
esp32_device_001,2026-05-21T17:36:12+12:00,62.7,-36.604774,174.802643,3
esp32_device_001,2026-05-21T17:36:17+12:00,62.2,-36.604759,174.802643,3
esp32_device_001,2026-05-21T17:36:22+12:00,62.1,-36.604755,174.802628,3
esp32_device_001,2026-05-21T17:36:27+12:00,63,-36.604759,174.802612,3
esp32_device_001,2026-05-21T17:36:32+12:00,63.4,-36.604771,174.802597,3
esp32_device_001,2026-05-21T17:36:37+12:00,63.1,-36.604774,174.802612,3
esp32_device_001,2026-05-21T17:36:42+12:00,62.1,-36.604774,174.802612,3
esp32_device_001,2026-05-21T17:36:47+12:00,61.6,-36.604778,174.802612,3
esp32_device_001,2026-05-21T17:36:52+12:00,61.2,-36.604782,174.802612,3
esp32_device_001,2026-05-21T17:36:57+12:00,61.5,-36.604786,174.802628,3
esp32_device_001,2026-05-21T17:37:02+12:00,60.5,-36.604786,174.802628,3
esp32_device_001,2026-05-21T17:37:07+12:00,59.4,-36.604786,174.802628,3
esp32_device_001,2026-05-21T17:37:12+12:00,58.3,-36.604786,174.802643,3
esp32_device_001,2026-05-21T17:37:17+12:00,56.7,-36.60479,174.802643,3
esp32_device_001,2026-05-21T17:37:22+12:00,51.5,-36.604797,174.802628,3
esp32_device_001,2026-05-21T17:37:27+12:00,47.8,-36.604805,174.802643,3
esp32_device_001,2026-05-21T17:37:32+12:00,47.5,-36.604801,174.802643,3
esp32_device_001,2026-05-21T17:37:37+12:00,44.4,-36.604816,174.802597,3
esp32_device_001,2026-05-21T17:37:42+12:00,41.8,-36.604824,174.802567,3
esp32_device_001,2026-05-21T17:37:47+12:00,40.1,-36.604824,174.802567,3
esp32_device_001,2026-05-21T17:37:52+12:00,38.4,-36.604832,174.802567,3
esp32_device_001,2026-05-21T17:37:57+12:00,37,-36.604836,174.802567,3
esp32_device_001,2026-05-21T17:38:02+12:00,35,-36.604836,174.802567,3
esp32_device_001,2026-05-21T17:38:07+12:00,34.1,-36.604839,174.802567,3
esp32_device_001,2026-05-21T17:38:12+12:00,33.7,-36.604836,174.802582,3
esp32_device_001,2026-05-21T17:38:17+12:00,35.7,-36.604836,174.802567,3
esp32_device_001,2026-05-21T17:38:26+12:00,40.6,-36.604828,174.802567,3
esp32_device_001,2026-05-21T17:38:31+12:00,41.9,-36.604832,174.802567,3
esp32_device_001,2026-05-21T17:38:36+12:00,41.4,-36.604832,174.802567,3
esp32_device_001,2026-05-21T17:38:41+12:00,41.5,-36.604828,174.802567,3
esp32_device_001,2026-05-21T17:38:46+12:00,42.1,-36.604828,174.802582,3
esp32_device_001,2026-05-21T17:38:51+12:00,42.4,-36.604832,174.802567,3
esp32_device_001,2026-05-21T17:38:56+12:00,44.6,-36.604824,174.802582,3
esp32_device_001,2026-05-21T17:39:01+12:00,45.4,-36.60482,174.802582,3
esp32_device_001,2026-05-21T17:39:06+12:00,47,-36.604816,174.802597,3
esp32_device_001,2026-05-21T17:39:11+12:00,47,-36.60482,174.802582,3
esp32_device_001,2026-05-21T17:39:16+12:00,47,-36.604813,174.802567,3
esp32_device_001,2026-05-21T17:39:21+12:00,45.4,-36.604809,174.802567,3
esp32_device_001,2026-05-21T17:39:26+12:00,46.3,-36.604794,174.802567,3
esp32_device_001,2026-05-21T17:39:31+12:00,46.5,-36.604794,174.802567,3
esp32_device_001,2026-05-21T17:39:36+12:00,45.5,-36.604801,174.802582,3
esp32_device_001,2026-05-21T17:39:41+12:00,44.3,-36.604805,174.802567,3
esp32_device_001,2026-05-21T17:39:46+12:00,42.3,-36.604809,174.802551,3
esp32_device_001,2026-05-21T17:39:51+12:00,41.2,-36.604813,174.802551,3
esp32_device_001,2026-05-21T17:39:56+12:00,40.1,-36.604813,174.802551,3
esp32_device_001,2026-05-21T17:40:01+12:00,40.1,-36.604816,174.802551,3
esp32_device_001,2026-05-21T17:40:06+12:00,40.7,-36.604809,174.802567,3
esp32_device_001,2026-05-21T17:40:11+12:00,41.8,-36.604801,174.802582,3
esp32_device_001,2026-05-21T17:40:16+12:00,41.1,-36.604794,174.802567,3
esp32_device_001,2026-05-21T17:40:21+12:00,40.3,-36.604786,174.802551,3
esp32_device_001,2026-05-21T17:40:26+12:00,40.7,-36.604786,174.802567,3
esp32_device_001,2026-05-21T17:40:31+12:00,39.8,-36.604786,174.802567,3
esp32_device_001,2026-05-21T17:40:36+12:00,40.4,-36.604794,174.802567,3
esp32_device_001,2026-05-21T17:40:41+12:00,41.2,-36.604786,174.802567,3
esp32_device_001,2026-05-21T17:40:46+12:00,41.9,-36.604782,174.802582,3
esp32_device_001,2026-05-21T17:40:51+12:00,43.3,-36.604778,174.802582,3
esp32_device_001,2026-05-21T17:40:56+12:00,46,-36.604771,174.802567,3
esp32_device_001,2026-05-21T17:41:01+12:00,47.9,-36.604778,174.802567,3
esp32_device_001,2026-05-21T17:41:06+12:00,49,-36.604786,174.802597,3
esp32_device_001,2026-05-21T17:41:11+12:00,48.4,-36.604794,174.802612,3
esp32_device_001,2026-05-21T17:41:16+12:00,47,-36.604786,174.802612,3
esp32_device_001,2026-05-21T17:41:21+12:00,46.6,-36.604794,174.802612,3
esp32_device_001,2026-05-21T17:41:26+12:00,47,-36.60479,174.802612,3
esp32_device_001,2026-05-21T17:41:31+12:00,47,-36.604786,174.802597,3
esp32_device_001,2026-05-21T17:41:36+12:00,46.7,-36.604778,174.802597,3
esp32_device_001,2026-05-21T17:41:41+12:00,48.4,-36.604778,174.802597,3
esp32_device_001,2026-05-21T17:41:46+12:00,48.2,-36.604778,174.802582,3
esp32_device_001,2026-05-21T17:41:51+12:00,48.5,-36.604778,174.802582,3
esp32_device_001,2026-05-21T17:41:56+12:00,49.2,-36.604771,174.802597,3
esp32_device_001,2026-05-21T17:42:01+12:00,48.7,-36.604782,174.802582,3
esp32_device_001,2026-05-21T17:42:06+12:00,48.7,-36.604782,174.802582,3
esp32_device_001,2026-05-21T17:42:11+12:00,48.9,-36.604786,174.802597,3
esp32_device_001,2026-05-21T17:42:16+12:00,48.4,-36.604782,174.802582,3
esp32_device_001,2026-05-21T17:42:21+12:00,49.2,-36.604782,174.802567,3
esp32_device_001,2026-05-21T17:42:26+12:00,50.1,-36.604782,174.802582,3
esp32_device_001,2026-05-21T17:42:31+12:00,49.8,-36.604782,174.802567,3
esp32_device_001,2026-05-21T17:42:36+12:00,49.9,-36.604778,174.802567,3
esp32_device_001,2026-05-21T17:42:41+12:00,50.3,-36.604771,174.802551,3
esp32_device_001,2026-05-21T17:42:46+12:00,52.7,-36.604763,174.802551,3
esp32_device_001,2026-05-21T17:42:51+12:00,55.4,-36.60474,174.802536,3
esp32_device_001,2026-05-21T17:42:56+12:00,57.4,-36.604736,174.802551,3
esp32_device_001,2026-05-21T17:43:01+12:00,58,-36.60474,174.802567,3
esp32_device_001,2026-05-21T17:43:06+12:00,56.7,-36.604755,174.802551,3
esp32_device_001,2026-05-21T17:43:11+12:00,55.3,-36.604767,174.802536,3
esp32_device_001,2026-05-21T17:43:16+12:00,54.1,-36.604759,174.802521,3
esp32_device_001,2026-05-21T17:43:21+12:00,53,-36.604755,174.802536,3
esp32_device_001,2026-05-21T17:43:26+12:00,52.9,-36.604767,174.802582,3
esp32_device_001,2026-05-21T17:43:31+12:00,52,-36.60479,174.802612,3
esp32_device_001,2026-05-21T17:43:36+12:00,51.4,-36.604786,174.802612,3
esp32_device_001,2026-05-21T17:43:41+12:00,51.4,-36.604778,174.802612,3
esp32_device_001,2026-05-21T17:43:46+12:00,51.3,-36.604771,174.802612,3
esp32_device_001,2026-05-21T17:43:51+12:00,51.4,-36.604767,174.802597,3
esp32_device_001,2026-05-21T17:43:56+12:00,52.5,-36.604767,174.802597,3
esp32_device_001,2026-05-21T17:44:01+12:00,55.9,-36.604744,174.802567,3
esp32_device_001,2026-05-21T17:44:06+12:00,56.7,-36.604763,174.802612,3
esp32_device_001,2026-05-21T17:44:11+12:00,55.8,-36.604763,174.802643,3
esp32_device_001,2026-05-21T17:44:16+12:00,54.1,-36.604774,174.802673,3
esp32_device_001,2026-05-21T17:44:21+12:00,53.6,-36.604782,174.802673,3
esp32_device_001,2026-05-21T17:44:26+12:00,52.6,-36.604797,174.802673,3
esp32_device_001,2026-05-21T17:44:31+12:00,50,-36.604805,174.802643,3
esp32_device_001,2026-05-21T17:44:36+12:00,48.8,-36.604813,174.802628,3
esp32_device_001,2026-05-21T17:44:41+12:00,49.1,-36.604809,174.802612,3
esp32_device_001,2026-05-21T17:44:46+12:00,51.1,-36.604794,174.802582,3
esp32_device_001,2026-05-21T17:44:51+12:00,55.1,-36.604755,174.802567,3
esp32_device_001,2026-05-21T17:44:56+12:00,57,-36.604748,174.802567,3
esp32_device_001,2026-05-21T17:45:01+12:00,60.6,-36.60474,174.802567,3
esp32_device_001,2026-05-21T17:45:06+12:00,65.1,-36.604729,174.802582,3
esp32_device_001,2026-05-21T17:45:11+12:00,69.3,-36.604721,174.802612,3
esp32_device_001,2026-05-21T17:45:16+12:00,71.4,-36.604713,174.802612,3
esp32_device_001,2026-05-21T17:45:21+12:00,72.9,-36.604706,174.802628,3
esp32_device_001,2026-05-21T17:45:26+12:00,73.2,-36.604706,174.802628,3
esp32_device_001,2026-05-21T17:45:31+12:00,73.5,-36.604702,174.802643,3
esp32_device_001,2026-05-21T17:45:36+12:00,74.3,-36.604687,174.802628,3
esp32_device_001,2026-05-21T17:45:41+12:00,74.5,-36.604694,174.802628,3
esp32_device_001,2026-05-21T17:45:46+12:00,74.4,-36.604694,174.802643,3
esp32_device_001,2026-05-21T17:45:51+12:00,73.6,-36.604694,174.802643,3
esp32_device_001,2026-05-21T17:45:56+12:00,73.6,-36.604698,174.802628,3
esp32_device_001,2026-05-21T17:46:01+12:00,72.2,-36.604702,174.802628,3
esp32_device_001,2026-05-21T17:46:06+12:00,70.4,-36.604702,174.802597,3
esp32_device_001,2026-05-21T17:46:11+12:00,68.1,-36.604702,174.802567,3
esp32_device_001,2026-05-21T17:46:16+12:00,66.2,-36.60471,174.802567,3
esp32_device_001,2026-05-21T17:46:21+12:00,65,-36.60471,174.802567,3
esp32_device_001,2026-05-21T17:46:26+12:00,64.1,-36.604713,174.802567,3
esp32_device_001,2026-05-21T17:46:31+12:00,64.5,-36.604717,174.802567,3
esp32_device_001,2026-05-21T17:46:36+12:00,65.5,-36.604717,174.802582,3
esp32_device_001,2026-05-21T17:46:41+12:00,66,-36.604729,174.802597,3
esp32_device_001,2026-05-21T17:46:46+12:00,65.4,-36.604725,174.802582,3
esp32_device_001,2026-05-21T17:46:51+12:00,64.6,-36.604721,174.802597,3
esp32_device_001,2026-05-21T17:46:56+12:00,64.5,-36.604717,174.802597,3
esp32_device_001,2026-05-21T17:47:01+12:00,65.5,-36.604706,174.802612,3
esp32_device_001,2026-05-21T17:47:06+12:00,65.7,-36.604702,174.802612,3
esp32_device_001,2026-05-21T17:47:11+12:00,63.9,-36.604713,174.802597,3
esp32_device_001,2026-05-21T17:47:16+12:00,61.8,-36.604729,174.802612,3
esp32_device_001,2026-05-21T17:47:21+12:00,59.6,-36.604744,174.802643,3
esp32_device_001,2026-05-21T17:47:26+12:00,57.8,-36.604759,174.802658,3
esp32_device_001,2026-05-21T17:47:31+12:00,56.5,-36.604774,174.802643,3
esp32_device_001,2026-05-21T17:47:36+12:00,55.7,-36.604763,174.802628,3
esp32_device_001,2026-05-21T17:47:41+12:00,56.3,-36.60474,174.802628,3
esp32_device_001,2026-05-21T17:47:46+12:00,56.9,-36.604744,174.802628,3
esp32_device_001,2026-05-21T17:47:51+12:00,57.8,-36.604733,174.802612,3
esp32_device_001,2026-05-21T17:47:56+12:00,58.4,-36.604729,174.802612,3
esp32_device_001,2026-05-21T17:48:01+12:00,58.5,-36.604729,174.802612,3
esp32_device_001,2026-05-21T17:48:06+12:00,57.1,-36.60474,174.802612,3
esp32_device_001,2026-05-21T17:48:11+12:00,55.6,-36.604744,174.802612,3
esp32_device_001,2026-05-21T17:48:16+12:00,53.5,-36.60474,174.802597,3
esp32_device_001,2026-05-21T17:48:47+12:00,57.4,-36.604748,174.802567,3
esp32_device_001,2026-05-21T17:48:52+12:00,58.5,-36.604744,174.802567,3
esp32_device_001,2026-05-21T17:48:57+12:00,59.5,-36.60474,174.802536,3
esp32_device_001,2026-05-21T17:49:02+12:00,59.4,-36.604733,174.802536,3
esp32_device_001,2026-05-21T17:49:07+12:00,59.6,-36.604725,174.802505,3
esp32_device_001,2026-05-21T17:49:12+12:00,58.2,-36.604748,174.802536,3
esp32_device_001,2026-05-21T17:49:17+12:00,58.2,-36.604755,174.802597,3
esp32_device_001,2026-05-21T17:49:22+12:00,57,-36.604759,174.802643,3
esp32_device_001,2026-05-21T17:49:27+12:00,58.6,-36.604774,174.802628,3
esp32_device_001,2026-05-21T17:49:32+12:00,59.7,-36.604778,174.802628,3
esp32_device_001,2026-05-21T17:49:37+12:00,59.8,-36.604797,174.802628,3
esp32_device_001,2026-05-21T17:49:42+12:00,60.8,-36.604797,174.802628,3
esp32_device_001,2026-05-21T17:49:47+12:00,60.6,-36.604778,174.802612,3
esp32_device_001,2026-05-21T17:49:52+12:00,60.7,-36.604767,174.802597,3
esp32_device_001,2026-05-21T17:49:57+12:00,59.2,-36.604752,174.802582,3
esp32_device_001,2026-05-21T17:50:02+12:00,57.7,-36.604755,174.802612,3
esp32_device_001,2026-05-21T17:50:07+12:00,54.5,-36.604752,174.802612,3
esp32_device_001,2026-05-21T17:50:12+12:00,51.9,-36.604763,174.802643,3
esp32_device_001,2026-05-21T17:50:17+12:00,50.5,-36.604771,174.802628,3
esp32_device_001,2026-05-21T17:50:22+12:00,50.7,-36.604771,174.802612,3
esp32_device_001,2026-05-21T17:50:27+12:00,50.5,-36.604771,174.802612,3
esp32_device_001,2026-05-21T17:50:32+12:00,49.2,-36.604778,174.802628,3
esp32_device_001,2026-05-21T17:50:37+12:00,47.5,-36.604782,174.802628,3
esp32_device_001,2026-05-21T17:50:42+12:00,47,-36.604778,174.802612,3
esp32_device_001,2026-05-21T17:50:47+12:00,46.9,-36.604778,174.802612,3
esp32_device_001,2026-05-21T17:50:52+12:00,47.5,-36.604774,174.802597,3
esp32_device_001,2026-05-21T17:50:57+12:00,47.9,-36.604771,174.802597,3
esp32_device_001,2026-05-21T17:51:02+12:00,48.5,-36.604767,174.802582,3
esp32_device_001,2026-05-21T17:51:07+12:00,48.8,-36.604759,174.802582,3
esp32_device_001,2026-05-21T17:51:12+12:00,50.4,-36.604744,174.802597,3
esp32_device_001,2026-05-21T17:51:17+12:00,51,-36.604733,174.802597,3
esp32_device_001,2026-05-21T17:51:22+12:00,51.9,-36.604733,174.802612,3
esp32_device_001,2026-05-21T17:51:27+12:00,52.9,-36.604729,174.802612,3
esp32_device_001,2026-05-21T17:51:32+12:00,53.4,-36.604729,174.802628,3
esp32_device_001,2026-05-21T17:51:37+12:00,54.3,-36.604729,174.802628,3
esp32_device_001,2026-05-21T17:51:42+12:00,52.8,-36.604736,174.802628,3
esp32_device_001,2026-05-21T17:51:47+12:00,53,-36.604736,174.802628,3
esp32_device_001,2026-05-21T17:51:52+12:00,51,-36.604744,174.802628,3
esp32_device_001,2026-05-21T17:51:57+12:00,50.4,-36.604748,174.802628,3
esp32_device_001,2026-05-21T17:52:02+12:00,50.8,-36.604748,174.802628,3
esp32_device_001,2026-05-21T17:52:07+12:00,52.2,-36.604744,174.802628,3
esp32_device_001,2026-05-21T17:52:12+12:00,50.6,-36.604752,174.802612,3
esp32_device_001,2026-05-21T17:52:17+12:00,50.2,-36.604752,174.802628,3
esp32_device_001,2026-05-21T17:52:22+12:00,52.7,-36.604744,174.802628,3
esp32_device_001,2026-05-21T17:52:27+12:00,52.3,-36.604744,174.802628,3
esp32_device_001,2026-05-21T17:52:32+12:00,51.5,-36.604752,174.802612,3
esp32_device_001,2026-05-21T17:52:37+12:00,52,-36.604752,174.802612,3
esp32_device_001,2026-05-21T17:52:42+12:00,52.3,-36.604752,174.802628,3
esp32_device_001,2026-05-21T17:52:47+12:00,53.2,-36.604748,174.802628,3
esp32_device_001,2026-05-21T17:52:52+12:00,53.6,-36.604752,174.802612,3
esp32_device_001,2026-05-21T17:52:57+12:00,54,-36.604752,174.802612,3
esp32_device_001,2026-05-21T17:53:02+12:00,53.3,-36.604752,174.802612,3
esp32_device_001,2026-05-21T17:53:07+12:00,52.3,-36.604752,174.802628,3
esp32_device_001,2026-05-21T17:53:12+12:00,53.2,-36.604744,174.802643,3
esp32_device_001,2026-05-21T17:53:17+12:00,52,-36.604748,174.802643,3
esp32_device_001,2026-05-21T17:54:25+12:00,40.8,-36.604767,174.802628,3
esp32_device_001,2026-05-21T17:54:30+12:00,42.4,-36.604748,174.802643,3
esp32_device_001,2026-05-21T17:54:35+12:00,52.2,-36.604748,174.802628,3
esp32_device_001,2026-05-21T17:54:40+12:00,59.4,-36.604752,174.802612,3
esp32_device_001,2026-05-21T17:54:45+12:00,61.5,-36.604744,174.802628,3
esp32_device_001,2026-05-21T17:54:50+12:00,59.9,-36.604744,174.802628,3
esp32_device_001,2026-05-21T17:54:55+12:00,58.5,-36.604721,174.802643,3
esp32_device_001,2026-05-21T17:55:00+12:00,58.3,-36.604698,174.802643,3
esp32_device_001,2026-05-21T17:55:05+12:00,57.2,-36.604694,174.802643,3
esp32_device_001,2026-05-21T17:55:10+12:00,54.7,-36.604698,174.802643,3
esp32_device_001,2026-05-21T17:55:15+12:00,54,-36.604706,174.802643,3
esp32_device_001,2026-05-21T17:55:20+12:00,55.3,-36.604694,174.802673,3
esp32_device_001,2026-05-21T17:55:25+12:00,55.7,-36.604702,174.802689,3
esp32_device_001,2026-05-21T17:55:30+12:00,57.7,-36.604694,174.802704,3
esp32_device_001,2026-05-21T17:55:35+12:00,58,-36.604698,174.802704,3
esp32_device_001,2026-05-21T17:55:40+12:00,54.1,-36.604729,174.802673,3
esp32_device_001,2026-05-21T17:55:45+12:00,46.4,-36.604767,174.802689,3
esp32_device_001,2026-05-21T17:55:50+12:00,37.3,-36.604797,174.802704,3
esp32_device_001,2026-05-21T17:55:55+12:00,38.9,-36.604774,174.802704,3
esp32_device_001,2026-05-21T17:56:00+12:00,39.7,-36.604774,174.802719,3
esp32_device_001,2026-05-21T17:56:05+12:00,39.7,-36.604774,174.802704,3
esp32_device_001,2026-05-21T17:56:10+12:00,41,-36.604771,174.802719,3
esp32_device_001,2026-05-21T17:56:15+12:00,47.2,-36.604736,174.802719,3
esp32_device_001,2026-05-21T17:56:20+12:00,48.7,-36.60474,174.802719,3
esp32_device_001,2026-05-21T17:56:25+12:00,47.5,-36.604755,174.802704,3
esp32_device_001,2026-05-21T17:56:30+12:00,46.1,-36.604778,174.802689,3
esp32_device_001,2026-05-21T17:56:35+12:00,45.7,-36.604801,174.802673,3
esp32_device_001,2026-05-21T17:56:40+12:00,44.2,-36.604816,174.802643,3
esp32_device_001,2026-05-21T17:56:45+12:00,43.9,-36.604824,174.802628,3
esp32_device_001,2026-05-21T17:56:50+12:00,43,-36.604805,174.802628,3
esp32_device_001,2026-05-21T17:56:55+12:00,43.3,-36.604801,174.802612,3
esp32_device_001,2026-05-21T17:57:00+12:00,44.4,-36.604797,174.802597,3
esp32_device_001,2026-05-21T17:57:05+12:00,44.5,-36.604794,174.802582,3
esp32_device_001,2026-05-21T17:57:10+12:00,45.7,-36.604782,174.802597,3
esp32_device_001,2026-05-21T17:57:15+12:00,47.1,-36.604774,174.802597,3
esp32_device_001,2026-05-21T17:57:20+12:00,48.9,-36.604752,174.802612,3
esp32_device_001,2026-05-21T17:57:25+12:00,49.2,-36.604759,174.802597,3
esp32_device_001,2026-05-21T17:57:30+12:00,49.9,-36.604759,174.802597,3
esp32_device_001,2026-05-21T17:57:35+12:00,50.6,-36.604767,174.802567,3
esp32_device_001,2026-05-21T17:57:40+12:00,50.1,-36.604771,174.802567,3
esp32_device_001,2026-05-21T17:57:45+12:00,50.2,-36.604763,174.802567,3
esp32_device_001,2026-05-21T17:57:50+12:00,50.6,-36.604763,174.802567,3
esp32_device_001,2026-05-21T17:57:55+12:00,50.3,-36.604763,174.802582,3
esp32_device_001,2026-05-21T17:58:00+12:00,50.8,-36.604763,174.802582,3
esp32_device_001,2026-05-21T17:58:05+12:00,50.5,-36.604767,174.802567,3
esp32_device_001,2026-05-21T17:58:10+12:00,51.9,-36.604759,174.802582,3
esp32_device_001,2026-05-21T17:58:41+12:00,0,-36.604755,174.802582,3
esp32_device_001,2026-05-21T17:58:46+12:00,0,-36.604748,174.802582,3
esp32_device_001,2026-05-21T17:58:51+12:00,0,-36.604748,174.802597,3
esp32_device_001,2026-05-21T17:58:56+12:00,0,-36.604759,174.802582,3
esp32_device_001,2026-05-21T17:59:01+12:00,0,-36.604755,174.802582,3
esp32_device_001,2026-05-21T17:59:06+12:00,0,-36.604763,174.802582,3
esp32_device_001,2026-05-21T17:59:11+12:00,0,-36.604763,174.802582,3
esp32_device_001,2026-05-21T17:59:16+12:00,0,-36.604744,174.802597,3
esp32_device_001,2026-05-21T17:59:21+12:00,0,-36.604733,174.802582,3
esp32_device_001,2026-05-21T17:59:26+12:00,0,-36.604729,174.802582,3
esp32_device_001,2026-05-21T17:59:31+12:00,0,-36.604721,174.802597,3
esp32_device_001,2026-05-21T17:59:36+12:00,0,-36.604706,174.802612,3
esp32_device_001,2026-05-21T17:59:41+12:00,0,-36.604698,174.802612,3
esp32_device_001,2026-05-21T17:59:46+12:00,79292,-36.604691,174.802628,3
esp32_device_001,2026-05-21T17:59:51+12:00,79292,-36.604687,174.802628,3
esp32_device_001,2026-05-21T17:59:56+12:00,79292,-36.604702,174.802612,3
esp32_device_001,2026-05-21T18:00:01+12:00,79292,-36.604706,174.802597,3
esp32_device_001,2026-05-21T18:00:06+12:00,79292,-36.604698,174.802612,3
esp32_device_001,2026-05-21T18:00:11+12:00,79292,-36.604713,174.802582,3
esp32_device_001,2026-05-21T18:00:16+12:00,79292,-36.604721,174.802582,3
esp32_device_001,2026-05-21T18:00:21+12:00,79292,-36.604725,174.802567,3
esp32_device_001,2026-05-21T18:00:26+12:00,79292,-36.604721,174.802567,3
esp32_device_001,2026-05-21T18:00:31+12:00,79292,-36.604725,174.802551,3
esp32_device_001,2026-05-21T18:00:36+12:00,79292,-36.604729,174.802551,3
esp32_device_001,2026-05-21T18:00:41+12:00,79292,-36.604733,174.802551,3
esp32_device_001,2026-05-21T18:00:46+12:00,60.1,-36.60474,174.802551,3
esp32_device_001,2026-05-21T18:00:51+12:00,60.1,-36.604752,174.802551,3
esp32_device_001,2026-05-21T18:00:56+12:00,60.1,-36.604763,174.802551,3
esp32_device_001,2026-05-21T18:01:01+12:00,60.1,-36.604767,174.802551,3
esp32_device_001,2026-05-21T18:01:06+12:00,60.1,-36.604782,174.802536,3
esp32_device_001,2026-05-21T18:01:11+12:00,60.1,-36.60479,174.802536,3
esp32_device_001,2026-05-21T18:01:16+12:00,60.1,-36.604794,174.802536,3
esp32_device_001,2026-05-21T18:01:21+12:00,60.1,-36.604805,174.802536,3
esp32_device_001,2026-05-21T18:01:26+12:00,60.1,-36.604805,174.802536,3
esp32_device_001,2026-05-21T18:01:31+12:00,60.1,-36.604805,174.802551,3
esp32_device_001,2026-05-21T18:01:36+12:00,60.1,-36.604801,174.802551,3
esp32_device_001,2026-05-21T18:01:41+12:00,60.1,-36.604801,174.802567,3
esp32_device_001,2026-05-21T18:01:46+12:00,60.1,-36.604797,174.802567,3
esp32_device_001,2026-05-21T18:01:51+12:00,60.1,-36.604801,174.802551,3
esp32_device_001,2026-05-21T18:01:56+12:00,60.1,-36.604813,174.802536,3
esp32_device_001,2026-05-21T18:02:01+12:00,60.1,-36.604797,174.802536,3
esp32_device_001,2026-05-21T18:02:06+12:00,60.1,-36.604767,174.802567,3
esp32_device_001,2026-05-21T18:02:11+12:00,60.1,-36.604733,174.802612,3
esp32_device_001,2026-05-21T18:02:16+12:00,60.1,-36.604721,174.802612,3
esp32_device_001,2026-05-21T18:02:21+12:00,60.1,-36.604717,174.802597,3
esp32_device_001,2026-05-21T18:02:26+12:00,60.1,-36.604713,174.802597,3
esp32_device_001,2026-05-21T18:02:31+12:00,60.1,-36.604694,174.802612,3
esp32_device_001,2026-05-21T18:02:36+12:00,60.1,-36.604698,174.802582,3
esp32_device_001,2026-05-21T18:02:41+12:00,60.1,-36.604683,174.802597,3
esp32_device_001,2026-05-21T18:02:46+12:00,60.1,-36.604675,174.802597,3
esp32_device_001,2026-05-21T18:02:51+12:00,60.1,-36.604675,174.802597,3
esp32_device_001,2026-05-21T18:02:56+12:00,60.1,-36.604691,174.802567,3
esp32_device_001,2026-05-21T18:03:01+12:00,60.1,-36.604668,174.802582,3
esp32_device_001,2026-05-21T18:03:06+12:00,60.1,-36.604645,174.802582,3
esp32_device_001,2026-05-21T18:03:11+12:00,60.1,-36.604641,174.802597,3
esp32_device_001,2026-05-21T18:03:16+12:00,60.1,-36.604656,174.802597,3
esp32_device_001,2026-05-21T18:03:21+12:00,60.1,-36.604649,174.802612,3
esp32_device_001,2026-05-21T18:03:26+12:00,60.1,-36.604633,174.802628,3
esp32_device_001,2026-05-21T18:03:49+12:00,58.9,-36.604702,174.802597,3
esp32_device_001,2026-05-21T18:03:54+12:00,57.5,-36.604706,174.802597,3
esp32_device_001,2026-05-21T18:03:59+12:00,55.2,-36.604706,174.802597,3
esp32_device_001,2026-05-21T18:04:04+12:00,54.2,-36.60471,174.802582,3
esp32_device_001,2026-05-21T18:04:09+12:00,53.5,-36.60471,174.802597,3
esp32_device_001,2026-05-21T18:04:14+12:00,52.7,-36.604717,174.802597,3
esp32_device_001,2026-05-21T18:04:19+12:00,52.5,-36.60474,174.802597,3
esp32_device_001,2026-05-21T18:04:24+12:00,51.2,-36.604725,174.802582,3
esp32_device_001,2026-05-21T18:04:29+12:00,49,-36.604717,174.802582,3
esp32_device_001,2026-05-21T18:04:34+12:00,45.1,-36.604721,174.802582,3
esp32_device_001,2026-05-21T18:04:39+12:00,39.9,-36.604717,174.802551,3
esp32_device_001,2026-05-21T18:04:44+12:00,34.9,-36.604736,174.802567,3
esp32_device_001,2026-05-21T18:04:49+12:00,31.4,-36.604748,174.802582,3
esp32_device_001,2026-05-21T18:04:54+12:00,30,-36.604771,174.802597,3
esp32_device_001,2026-05-21T18:04:59+12:00,29.2,-36.604786,174.802597,3
esp32_device_001,2026-05-21T18:05:04+12:00,27.7,-36.604782,174.802597,3
esp32_device_001,2026-05-21T18:05:09+12:00,26.5,-36.604782,174.802597,3
esp32_device_001,2026-05-21T18:05:14+12:00,26.4,-36.604805,174.802612,3
esp32_device_001,2026-05-21T18:05:19+12:00,26.2,-36.604828,174.802612,3
esp32_device_001,2026-05-21T18:05:24+12:00,26.1,-36.604843,174.802612,3
esp32_device_001,2026-05-21T18:05:29+12:00,27.1,-36.604832,174.802612,3
esp32_device_001,2026-05-21T18:05:34+12:00,27.9,-36.604824,174.802612,3
esp32_device_001,2026-05-21T18:05:39+12:00,29.6,-36.604839,174.802597,3
esp32_device_001,2026-05-21T18:05:44+12:00,31.3,-36.604843,174.802612,3
esp32_device_001,2026-05-21T18:05:49+12:00,32.7,-36.604839,174.802597,3
esp32_device_001,2026-05-21T18:05:54+12:00,34.4,-36.604824,174.802567,3
esp32_device_001,2026-05-21T18:05:59+12:00,35.5,-36.604809,174.802536,3
esp32_device_001,2026-05-21T18:06:04+12:00,36.9,-36.604797,174.802536,3
esp32_device_001,2026-05-21T18:06:09+12:00,38.3,-36.60479,174.802521,3
esp32_device_001,2026-05-21T18:06:14+12:00,40.5,-36.604778,174.802536,3
esp32_device_001,2026-05-21T18:06:19+12:00,42.1,-36.604774,174.802521,3
esp32_device_001,2026-05-21T18:06:24+12:00,44.1,-36.604774,174.802521,3
esp32_device_001,2026-05-21T18:06:29+12:00,46,-36.604767,174.802505,3
esp32_device_001,2026-05-21T18:06:34+12:00,47.6,-36.604771,174.80249,3
esp32_device_001,2026-05-21T18:06:39+12:00,49.4,-36.604759,174.80249,3
esp32_device_001,2026-05-21T18:06:44+12:00,51,-36.604767,174.802475,3
esp32_device_001,2026-05-21T18:06:49+12:00,50.9,-36.604748,174.80249,3
esp32_device_001,2026-05-21T18:06:54+12:00,49.2,-36.60474,174.802521,3
esp32_device_001,2026-05-21T18:06:59+12:00,48.5,-36.604736,174.802536,3
esp32_device_001,2026-05-21T18:07:04+12:00,46.8,-36.604736,174.802551,3
esp32_device_001,2026-05-21T18:07:09+12:00,52.3,-36.60471,174.802582,3
esp32_device_001,2026-05-21T18:07:14+12:00,60.2,-36.604679,174.802597,3
esp32_device_001,2026-05-21T18:07:19+12:00,70.7,-36.604649,174.802597,3
esp32_device_001,2026-05-21T18:07:24+12:00,72.5,-36.604671,174.802582,3
esp32_device_001,2026-05-21T18:07:29+12:00,73.8,-36.604679,174.802628,3
esp32_device_001,2026-05-21T18:07:34+12:00,66.7,-36.604706,174.802551,3
esp32_device_001,2026-05-21T18:07:39+12:00,62.4,-36.604744,174.80249,3
esp32_device_001,2026-05-21T18:07:44+12:00,59.8,-36.604759,174.80249,3
esp32_device_001,2026-05-21T18:07:49+12:00,53.4,-36.604752,174.802521,3
esp32_device_001,2026-05-21T18:07:54+12:00,47.7,-36.60474,174.802551,3
esp32_device_001,2026-05-21T18:07:59+12:00,43.9,-36.604736,174.802536,3
esp32_device_001,2026-05-21T18:08:04+12:00,43.1,-36.604729,174.802536,3
esp32_device_001,2026-05-21T18:08:09+12:00,43,-36.604725,174.802567,3
esp32_device_001,2026-05-21T18:08:14+12:00,41,-36.604713,174.802567,3
esp32_device_001,2026-05-21T18:08:19+12:00,38.2,-36.604706,174.802582,3
esp32_device_001,2026-05-21T18:08:24+12:00,38.3,-36.604706,174.802597,3
esp32_device_001,2026-05-21T18:08:29+12:00,38.1,-36.604717,174.802612,3
esp32_device_001,2026-05-21T18:08:54+12:00,38.1,-36.604752,174.802628,3
esp32_device_001,2026-05-21T18:08:59+12:00,38.1,-36.604763,174.802612,3
esp32_device_001,2026-05-21T18:09:04+12:00,38.1,-36.604763,174.802612,3
esp32_device_001,2026-05-21T18:09:09+12:00,38.1,-36.604755,174.802628,3
esp32_device_001,2026-05-21T18:09:14+12:00,38.1,-36.604752,174.802612,3
esp32_device_001,2026-05-21T18:09:19+12:00,38.1,-36.604763,174.802582,3
esp32_device_001,2026-05-21T18:09:24+12:00,38.1,-36.604755,174.802567,3
esp32_device_001,2026-05-21T18:09:29+12:00,38.1,-36.604763,174.802567,3
esp32_device_001,2026-05-21T18:09:34+12:00,38.1,-36.604771,174.802551,3
esp32_device_001,2026-05-21T18:09:39+12:00,38.1,-36.604771,174.802551,3
esp32_device_001,2026-05-21T18:09:44+12:00,38.1,-36.604755,174.802551,3
esp32_device_001,2026-05-21T18:09:49+12:00,38.1,-36.604752,174.802551,3
esp32_device_001,2026-05-21T18:09:54+12:00,38.1,-36.604736,174.802567,3
esp32_device_001,2026-05-21T18:09:59+12:00,38.1,-36.604729,174.802582,3
esp32_device_001,2026-05-21T18:10:04+12:00,38.1,-36.604725,174.802597,3
esp32_device_001,2026-05-21T18:10:09+12:00,38.1,-36.604721,174.802582,3
esp32_device_001,2026-05-21T18:10:14+12:00,38.1,-36.604713,174.802597,3
esp32_device_001,2026-05-21T18:10:19+12:00,38.1,-36.60471,174.802597,3
esp32_device_001,2026-05-21T18:10:24+12:00,38.1,-36.604698,174.802597,3
esp32_device_001,2026-05-21T18:10:29+12:00,38.1,-36.604698,174.802582,3
esp32_device_001,2026-05-21T18:10:34+12:00,38.1,-36.604698,174.802597,3
esp32_device_001,2026-05-21T18:10:39+12:00,38.1,-36.604702,174.802612,3
esp32_device_001,2026-05-21T18:10:44+12:00,38.1,-36.604702,174.802643,3
esp32_device_001,2026-05-21T18:10:49+12:00,38.1,-36.604702,174.802628,3
esp32_device_001,2026-05-21T18:10:54+12:00,38.1,-36.604706,174.802612,3
esp32_device_001,2026-05-21T18:10:59+12:00,38.1,-36.604698,174.802643,3
esp32_device_001,2026-05-21T18:11:04+12:00,38.1,-36.604683,174.802643,3
esp32_device_001,2026-05-21T18:11:09+12:00,38.1,-36.604687,174.802643,3
esp32_device_001,2026-05-21T18:11:14+12:00,38.1,-36.60471,174.802658,3
esp32_device_001,2026-05-21T18:11:19+12:00,38.1,-36.604713,174.802643,3
esp32_device_001,2026-05-21T18:11:24+12:00,38.1,-36.604717,174.802597,3
esp32_device_001,2026-05-21T18:11:29+12:00,38.1,-36.604733,174.802597,3
esp32_device_001,2026-05-21T18:11:34+12:00,38.1,-36.60474,174.802612,3
esp32_device_001,2026-05-21T18:11:39+12:00,38.1,-36.604733,174.802597,3
esp32_device_001,2026-05-21T18:11:44+12:00,38.1,-36.60474,174.802551,3
esp32_device_001,2026-05-21T18:11:49+12:00,38.1,-36.604755,174.802551,3
esp32_device_001,2026-05-21T18:11:54+12:00,38.1,-36.604778,174.802521,3
esp32_device_001,2026-05-21T18:11:59+12:00,38.1,-36.604816,174.802475,3
esp32_device_001,2026-05-21T18:12:04+12:00,38.1,-36.604847,174.80249,3
esp32_device_001,2026-05-21T18:12:09+12:00,38.1,-36.604889,174.802536,3
esp32_device_001,2026-05-21T18:12:14+12:00,38.1,-36.604923,174.802521,3
esp32_device_001,2026-05-21T18:12:19+12:00,38.1,-36.604912,174.80249,3
esp32_device_001,2026-05-21T18:12:24+12:00,38.1,-36.604912,174.80249,3
esp32_device_001,2026-05-21T18:12:29+12:00,38.1,-36.604897,174.80249,3
esp32_device_001,2026-05-21T18:12:34+12:00,38.1,-36.604877,174.802475,3
esp32_device_001,2026-05-21T18:12:39+12:00,38.1,-36.604866,174.802475,3
esp32_device_001,2026-05-21T18:12:44+12:00,38.1,-36.604874,174.80249,3
esp32_device_001,2026-05-21T18:12:49+12:00,38.1,-36.604874,174.802505,3
esp32_device_001,2026-05-21T18:12:54+12:00,38.1,-36.604862,174.802505,3
esp32_device_001,2026-05-21T18:12:59+12:00,38.1,-36.604843,174.80249,3
esp32_device_001,2026-05-21T18:13:04+12:00,38.1,-36.604828,174.802444,3
esp32_device_001,2026-05-21T18:13:09+12:00,38.1,-36.604824,174.802444,3
esp32_device_001,2026-05-21T18:13:14+12:00,38.1,-36.60482,174.802429,3
esp32_device_001,2026-05-21T18:13:19+12:00,38.1,-36.604797,174.802475,3
esp32_device_001,2026-05-21T18:13:24+12:00,38.1,-36.604786,174.802475,3
esp32_device_001,2026-05-21T18:13:29+12:00,38.1,-36.604782,174.80246,3
esp32_device_001,2026-05-21T18:15:05+12:00,61.9,-36.60471,174.802551,3
esp32_device_001,2026-05-21T18:16:31+12:00,64.9,-36.604767,174.802628,3
esp32_device_001,2026-05-21T18:16:41+12:00,61.1,-36.604778,174.802612,3
esp32_device_001,2026-05-21T18:16:46+12:00,54.5,-36.604824,174.802658,3
esp32_device_001,2026-05-21T18:16:51+12:00,46.7,-36.604862,174.802734,3
esp32_device_001,2026-05-21T18:16:56+12:00,44.2,-36.604851,174.802704,3
esp32_device_001,2026-05-21T18:17:01+12:00,42.8,-36.604839,174.802673,3
esp32_device_001,2026-05-21T18:17:06+12:00,41.2,-36.604824,174.802689,3
esp32_device_001,2026-05-21T18:17:11+12:00,40.6,-36.604816,174.802673,3
esp32_device_001,2026-05-21T18:17:16+12:00,41.1,-36.60482,174.802643,3
esp32_device_001,2026-05-21T18:17:21+12:00,40.5,-36.60482,174.802628,3
esp32_device_001,2026-05-21T18:17:26+12:00,40.1,-36.60482,174.802643,3
esp32_device_001,2026-05-21T18:17:31+12:00,41,-36.604813,174.802628,3
esp32_device_001,2026-05-21T18:17:36+12:00,42.1,-36.604813,174.802612,3
esp32_device_001,2026-05-21T18:17:41+12:00,41.5,-36.604797,174.802597,3
esp32_device_001,2026-05-21T18:17:46+12:00,41.4,-36.604786,174.802582,3
esp32_device_001,2026-05-21T18:17:51+12:00,41.4,-36.604778,174.802536,3
esp32_device_001,2026-05-21T18:17:56+12:00,42,-36.604771,174.802521,3
esp32_device_001,2026-05-21T18:18:01+12:00,39.8,-36.604794,174.802597,3
esp32_device_001,2026-05-21T18:18:06+12:00,38,-36.604801,174.802597,3
esp32_device_001,2026-05-21T18:18:11+12:00,37.2,-36.604797,174.802582,3
esp32_device_001,2026-05-21T18:18:16+12:00,36.5,-36.604816,174.802582,3
esp32_device_001,2026-05-21T18:18:21+12:00,35.5,-36.60482,174.802612,3
esp32_device_001,2026-05-21T18:18:26+12:00,34.8,-36.60482,174.802612,3
esp32_device_001,2026-05-21T18:18:31+12:00,34.1,-36.604824,174.802628,3
esp32_device_001,2026-05-21T18:18:36+12:00,34.1,-36.60482,174.802628,3
esp32_device_001,2026-05-21T18:18:41+12:00,34.2,-36.604816,174.802612,3
esp32_device_001,2026-05-21T18:18:46+12:00,32.5,-36.604832,174.802582,3
esp32_device_001,2026-05-21T18:18:51+12:00,30.6,-36.604836,174.802567,3
esp32_device_001,2026-05-21T18:18:56+12:00,31.4,-36.604813,174.802521,3
esp32_device_001,2026-05-21T18:19:01+12:00,27.1,-36.604858,174.802536,3
esp32_device_001,2026-05-21T18:19:06+12:00,20.8,-36.6049,174.802551,3
esp32_device_001,2026-05-21T18:19:11+12:00,20,-36.604893,174.802551,3
esp32_device_001,2026-05-21T18:19:16+12:00,19.6,-36.604897,174.802536,3
esp32_device_001,2026-05-21T18:19:21+12:00,18.6,-36.604912,174.802536,3
esp32_device_001,2026-05-21T18:19:26+12:00,18.6,-36.604919,174.802536,3
esp32_device_001,2026-05-21T18:19:31+12:00,18.8,-36.6049,174.802536,3
esp32_device_001,2026-05-21T18:19:36+12:00,20.5,-36.60487,174.802551,3
esp32_device_001,2026-05-21T18:19:41+12:00,22.4,-36.604843,174.802551,3
esp32_device_001,2026-05-21T18:19:46+12:00,26.6,-36.60479,174.802567,3
esp32_device_001,2026-05-21T18:19:51+12:00,29.7,-36.604782,174.802551,3
esp32_device_001,2026-05-21T18:19:56+12:00,33.1,-36.604778,174.802551,3
esp32_device_001,2026-05-21T18:20:01+12:00,36.1,-36.604763,174.802551,3
esp32_device_001,2026-05-21T18:20:06+12:00,39.3,-36.604736,174.802567,3
esp32_device_001,2026-05-21T18:20:11+12:00,41.1,-36.604706,174.802582,3
esp32_device_001,2026-05-21T18:20:16+12:00,43.1,-36.604694,174.802582,3
esp32_device_001,2026-05-21T18:20:21+12:00,44.1,-36.604694,174.802551,3
esp32_device_001,2026-05-21T18:20:26+12:00,45.7,-36.604713,174.802505,3
esp32_device_001,2026-05-21T18:20:31+12:00,46,-36.60474,174.80249,3
esp32_device_001,2026-05-21T18:20:36+12:00,45.5,-36.604774,174.80249,3
esp32_device_001,2026-05-21T18:20:41+12:00,46.2,-36.604782,174.80249,3
esp32_device_001,2026-05-21T18:20:46+12:00,47.7,-36.604767,174.802505,3
esp32_device_001,2026-05-21T18:20:51+12:00,48.4,-36.604778,174.80249,3
esp32_device_001,2026-05-21T18:20:56+12:00,49.2,-36.60479,174.80246,3
esp32_device_001,2026-05-21T18:21:01+12:00,50.4,-36.604797,174.80246,3
esp32_device_001,2026-05-21T18:21:06+12:00,50,-36.604782,174.80246,3
esp32_device_001,2026-05-21T18:21:11+12:00,49.7,-36.604759,174.80249,3
esp32_device_001,2026-05-21T18:21:16+12:00,50.1,-36.604748,174.802521,3
esp32_device_001,2026-05-21T18:21:21+12:00,50,-36.60474,174.802521,3
esp32_device_001,2026-05-21T18:21:31+12:00,50.4,-36.604717,174.802551,3
esp32_device_001,2026-05-21T18:22:01+12:00,54.6,-36.604733,174.802383,3
esp32_device_001,2026-05-21T18:23:21+12:00,57.6,-36.604771,174.802567,3
esp32_device_001,2026-05-21T18:23:26+12:00,53.9,-36.60474,174.802521,3
esp32_device_001,2026-05-21T18:24:32+12:00,42.2,-36.60482,174.802673,3
esp32_device_001,2026-05-21T18:24:42+12:00,42,-36.604805,174.802673,3
esp32_device_001,2026-05-21T18:24:47+12:00,43.8,-36.604805,174.802658,3
esp32_device_001,2026-05-21T18:24:52+12:00,44.4,-36.604794,174.802673,3
esp32_device_001,2026-05-21T18:24:57+12:00,44,-36.604782,174.802658,3
esp32_device_001,2026-05-21T18:25:02+12:00,43.9,-36.604794,174.802643,3
esp32_device_001,2026-05-21T18:25:07+12:00,44.7,-36.604763,174.802628,3
esp32_device_001,2026-05-21T18:25:12+12:00,44.6,-36.604763,174.802612,3
esp32_device_001,2026-05-21T18:25:17+12:00,45.5,-36.604774,174.802628,3
esp32_device_001,2026-05-21T18:25:22+12:00,49.6,-36.604748,174.802612,3
esp32_device_001,2026-05-21T18:25:27+12:00,54.1,-36.604725,174.802597,3
esp32_device_001,2026-05-21T18:25:32+12:00,57.6,-36.604683,174.802582,3
esp32_device_001,2026-05-21T18:25:37+12:00,61.4,-36.604668,174.802567,3
esp32_device_001,2026-05-21T18:25:42+12:00,63.2,-36.604675,174.802567,3
esp32_device_001,2026-05-21T18:25:47+12:00,61,-36.604683,174.802505,3
esp32_device_001,2026-05-21T18:25:52+12:00,61.5,-36.604671,174.802505,3
esp32_device_001,2026-05-21T18:25:57+12:00,63.6,-36.604671,174.802505,3
esp32_device_001,2026-05-21T18:26:02+12:00,65.5,-36.604641,174.802505,3
esp32_device_001,2026-05-21T18:26:07+12:00,65.9,-36.604671,174.80249,3
esp32_device_001,2026-05-21T18:26:12+12:00,66.8,-36.604679,174.80249,3
esp32_device_001,2026-05-21T18:26:17+12:00,65.1,-36.604683,174.80249,3
esp32_device_001,2026-05-21T18:26:22+12:00,62.7,-36.604702,174.802505,3
esp32_device_001,2026-05-21T18:26:27+12:00,60,-36.60471,174.802521,3
esp32_device_001,2026-05-21T18:26:32+12:00,60.3,-36.604713,174.802521,3
esp32_device_001,2026-05-21T18:26:37+12:00,63,-36.604733,174.802536,3
esp32_device_001,2026-05-21T18:26:42+12:00,63.2,-36.604736,174.802536,3
esp32_device_001,2026-05-21T18:26:47+12:00,65.4,-36.604752,174.802536,3
esp32_device_001,2026-05-21T18:26:52+12:00,67.4,-36.604748,174.802536,3
esp32_device_001,2026-05-21T18:26:57+12:00,71.1,-36.604748,174.802536,3
esp32_device_001,2026-05-21T18:27:02+12:00,71.5,-36.604733,174.802551,3
esp32_device_001,2026-05-21T18:27:07+12:00,69.9,-36.604713,174.802551,3
esp32_device_001,2026-05-21T18:27:12+12:00,61.3,-36.604755,174.802612,3
esp32_device_001,2026-05-21T18:27:17+12:00,55.8,-36.604774,174.802643,3
esp32_device_001,2026-05-21T18:27:22+12:00,52,-36.604801,174.802643,3
esp32_device_001,2026-05-21T18:27:27+12:00,48.8,-36.604801,174.802628,3
esp32_device_001,2026-05-21T18:27:32+12:00,47.3,-36.604801,174.802628,3
esp32_device_001,2026-05-21T18:27:37+12:00,46.3,-36.604794,174.802628,3
esp32_device_001,2026-05-21T18:27:42+12:00,45.6,-36.604794,174.802597,3
esp32_device_001,2026-05-21T18:27:47+12:00,45.7,-36.604801,174.802582,3
esp32_device_001,2026-05-21T18:27:52+12:00,45,-36.604809,174.802582,3
esp32_device_001,2026-05-21T18:27:57+12:00,45.7,-36.604801,174.802567,3
esp32_device_001,2026-05-21T18:28:02+12:00,45.8,-36.604797,174.802567,3
esp32_device_001,2026-05-21T18:28:07+12:00,44.8,-36.604794,174.802582,3
esp32_device_001,2026-05-21T18:28:12+12:00,42.9,-36.60479,174.802597,3
esp32_device_001,2026-05-21T18:28:17+12:00,41.1,-36.604782,174.802567,3
esp32_device_001,2026-05-21T18:28:22+12:00,42.1,-36.604759,174.802567,3
esp32_device_001,2026-05-21T18:28:27+12:00,40.8,-36.604763,174.802582,3
esp32_device_001,2026-05-21T18:28:32+12:00,39.1,-36.604759,174.802582,3
esp32_device_001,2026-05-21T18:28:37+12:00,40.1,-36.604748,174.802582,3
esp32_device_001,2026-05-21T18:28:42+12:00,39.1,-36.604755,174.802567,3
esp32_device_001,2026-05-21T18:28:47+12:00,39,-36.604752,174.802567,3
esp32_device_001,2026-05-21T18:28:52+12:00,39.1,-36.60474,174.802582,3
esp32_device_001,2026-05-21T18:28:57+12:00,39.5,-36.604725,174.802582,3
esp32_device_001,2026-05-21T18:29:02+12:00,40.8,-36.60471,174.802582,3
esp32_device_001,2026-05-21T18:29:07+12:00,41.8,-36.60471,174.802582,3
esp32_device_001,2026-05-21T18:29:12+12:00,41.1,-36.604717,174.802582,3
esp32_device_001,2026-05-21T18:29:17+12:00,39.8,-36.604736,174.802597,3
esp32_device_001,2026-05-21T18:29:22+12:00,39.7,-36.604736,174.802597,3
esp32_device_001,2026-05-21T18:29:27+12:00,40.2,-36.604733,174.802582,3
esp32_device_001,2026-05-21T18:30:27+12:00,43.3,-36.604816,174.802551,3
esp32_device_001,2026-05-21T18:30:32+12:00,45.3,-36.604816,174.802551,3
esp32_device_001,2026-05-21T18:30:37+12:00,46.9,-36.604832,174.802536,3
esp32_device_001,2026-05-21T18:30:42+12:00,48.2,-36.604839,174.802536,3
esp32_device_001,2026-05-21T18:30:47+12:00,49.5,-36.604843,174.802536,3
esp32_device_001,2026-05-21T18:30:52+12:00,50.3,-36.604847,174.802521,3
esp32_device_001,2026-05-21T18:30:57+12:00,49.5,-36.604855,174.802505,3
esp32_device_001,2026-05-21T18:31:02+12:00,50,-36.604874,174.802475,3
esp32_device_001,2026-05-21T18:31:07+12:00,49.3,-36.604866,174.80246,3
esp32_device_001,2026-05-21T18:31:12+12:00,48.2,-36.604862,174.802475,3
esp32_device_001,2026-05-21T18:31:17+12:00,46.9,-36.604851,174.802505,3
esp32_device_001,2026-05-21T18:31:22+12:00,46.8,-36.604836,174.802505,3
esp32_device_001,2026-05-21T18:31:27+12:00,45.8,-36.604839,174.802551,3
esp32_device_001,2026-05-21T18:31:32+12:00,45.6,-36.60482,174.802567,3
esp32_device_001,2026-05-21T18:31:37+12:00,45.5,-36.604816,174.802567,3
esp32_device_001,2026-05-21T18:31:42+12:00,45.1,-36.60482,174.802567,3
esp32_device_001,2026-05-21T18:31:47+12:00,45.5,-36.60482,174.802567,3
esp32_device_001,2026-05-21T18:31:52+12:00,45.7,-36.604809,174.802597,3
esp32_device_001,2026-05-21T18:31:57+12:00,46.4,-36.604813,174.802597,3
esp32_device_001,2026-05-21T18:32:02+12:00,47.8,-36.604794,174.802597,3
esp32_device_001,2026-05-21T18:32:07+12:00,48.8,-36.604801,174.802582,3
esp32_device_001,2026-05-21T18:32:12+12:00,48.6,-36.604809,174.802582,3
esp32_device_001,2026-05-21T18:32:17+12:00,49,-36.604801,174.802582,3
esp32_device_001,2026-05-21T18:32:22+12:00,49.9,-36.604801,174.802567,3
esp32_device_001,2026-05-21T18:32:27+12:00,51.1,-36.604797,174.802567,3
esp32_device_001,2026-05-21T18:32:32+12:00,51.8,-36.604797,174.802567,3
esp32_device_001,2026-05-21T18:32:37+12:00,52.4,-36.60479,174.802582,3
esp32_device_001,2026-05-21T18:32:42+12:00,52.8,-36.604786,174.802567,3
esp32_device_001,2026-05-21T18:32:47+12:00,53.3,-36.604763,174.802567,3
esp32_device_001,2026-05-21T18:32:52+12:00,53.9,-36.604755,174.802567,3
esp32_device_001,2026-05-21T18:32:57+12:00,54.8,-36.604733,174.802582,3
esp32_device_001,2026-05-21T18:33:02+12:00,55.2,-36.604725,174.802582,3
esp32_device_001,2026-05-21T18:33:07+12:00,55.2,-36.604717,174.802567,3
esp32_device_001,2026-05-21T18:33:12+12:00,54.3,-36.604706,174.802597,3
esp32_device_001,2026-05-21T18:33:17+12:00,54,-36.604702,174.802597,3
esp32_device_001,2026-05-21T18:33:22+12:00,53.3,-36.604698,174.802597,3
esp32_device_001,2026-05-21T18:33:27+12:00,52.5,-36.604683,174.802612,3
esp32_device_001,2026-05-21T18:33:32+12:00,52.1,-36.604702,174.802597,3
esp32_device_001,2026-05-21T18:33:37+12:00,52,-36.604706,174.802597,3
esp32_device_001,2026-05-21T18:33:42+12:00,51.9,-36.604713,174.802628,3
esp32_device_001,2026-05-21T18:33:47+12:00,52.1,-36.604698,174.802643,3
esp32_device_001,2026-05-21T18:33:52+12:00,50.7,-36.604706,174.802597,3
esp32_device_001,2026-05-21T18:33:57+12:00,51.2,-36.604702,174.802612,3
esp32_device_001,2026-05-21T18:34:02+12:00,52.8,-36.604691,174.802628,3
esp32_device_001,2026-05-21T18:34:07+12:00,55.5,-36.604679,174.802643,3
esp32_device_001,2026-05-21T18:34:12+12:00,57.2,-36.604664,174.802658,3
esp32_device_001,2026-05-21T18:34:17+12:00,61.4,-36.604675,174.802582,3
esp32_device_001,2026-05-21T18:34:22+12:00,67,-36.60471,174.80249,3
esp32_device_001,2026-05-21T18:34:27+12:00,72.7,-36.604744,174.802399,3
esp32_device_001,2026-05-21T18:34:48+12:00,71.3,-36.604698,174.802521,3
esp32_device_001,2026-05-21T18:34:53+12:00,69.2,-36.604694,174.802521,3
esp32_device_001,2026-05-21T18:34:58+12:00,67.4,-36.604694,174.802551,3
esp32_device_001,2026-05-21T18:35:03+12:00,64.3,-36.604694,174.802582,3
esp32_device_001,2026-05-21T18:35:08+12:00,60.3,-36.60471,174.802597,3
esp32_device_001,2026-05-21T18:35:13+12:00,57.5,-36.604713,174.802612,3
esp32_device_001,2026-05-21T18:35:18+12:00,55.2,-36.604725,174.802612,3
esp32_device_001,2026-05-21T18:35:23+12:00,54.2,-36.604729,174.802612,3
esp32_device_001,2026-05-21T18:35:28+12:00,56,-36.604713,174.802597,3
esp32_device_001,2026-05-21T18:35:33+12:00,57.9,-36.604713,174.802582,3
esp32_device_001,2026-05-21T18:35:38+12:00,59,-36.604698,174.802597,3
esp32_device_001,2026-05-21T18:35:43+12:00,59.7,-36.604679,174.802597,3
esp32_device_001,2026-05-21T18:35:48+12:00,59.9,-36.604679,174.802597,3
esp32_device_001,2026-05-21T18:35:53+12:00,59.1,-36.604698,174.802597,3
esp32_device_001,2026-05-21T18:35:58+12:00,58.7,-36.604694,174.802612,3
esp32_device_001,2026-05-21T18:36:03+12:00,59.6,-36.604691,174.802612,3
esp32_device_001,2026-05-21T18:36:08+12:00,61.4,-36.604675,174.802612,3
esp32_device_001,2026-05-21T18:36:13+12:00,61.9,-36.60466,174.802643,3
esp32_device_001,2026-05-21T18:36:18+12:00,59.5,-36.60466,174.802597,3
esp32_device_001,2026-05-21T18:36:23+12:00,56.8,-36.60466,174.802597,3
esp32_device_001,2026-05-21T18:36:28+12:00,56,-36.604664,174.802597,3
esp32_device_001,2026-05-21T18:36:33+12:00,54.4,-36.604679,174.802612,3
esp32_device_001,2026-05-21T18:36:38+12:00,53,-36.604694,174.802612,3
esp32_device_001,2026-05-21T18:36:43+12:00,53,-36.604698,174.802628,3
esp32_device_001,2026-05-21T18:36:48+12:00,51.6,-36.604702,174.802643,3
esp32_device_001,2026-05-21T18:36:53+12:00,51.6,-36.604698,174.802643,3
esp32_device_001,2026-05-21T18:36:58+12:00,51.4,-36.604702,174.802628,3
esp32_device_001,2026-05-21T18:37:03+12:00,49.7,-36.604713,174.802643,3
esp32_device_001,2026-05-21T18:37:08+12:00,49,-36.604702,174.802658,3
esp32_device_001,2026-05-21T18:37:13+12:00,48.3,-36.60471,174.802658,3
esp32_device_001,2026-05-21T18:37:18+12:00,47.7,-36.604713,174.802658,3
esp32_device_001,2026-05-21T18:37:23+12:00,46.4,-36.604713,174.802628,3
esp32_device_001,2026-05-21T18:37:28+12:00,45.3,-36.604721,174.802628,3
esp32_device_001,2026-05-21T18:37:33+12:00,43.8,-36.604729,174.802628,3
esp32_device_001,2026-05-21T18:37:38+12:00,43.1,-36.604733,174.802628,3
esp32_device_001,2026-05-21T18:37:43+12:00,43.6,-36.60474,174.802643,3
esp32_device_001,2026-05-21T18:37:48+12:00,44.3,-36.604729,174.802673,3
esp32_device_001,2026-05-21T18:37:53+12:00,44.6,-36.604733,174.802689,3
esp32_device_001,2026-05-21T18:37:58+12:00,44.2,-36.604733,174.802689,3
esp32_device_001,2026-05-21T18:38:03+12:00,43.5,-36.604736,174.802673,3
esp32_device_001,2026-05-21T18:38:08+12:00,42.5,-36.60474,174.802689,3
esp32_device_001,2026-05-21T18:38:13+12:00,43.5,-36.60474,174.802704,3
esp32_device_001,2026-05-21T18:38:18+12:00,43.9,-36.604733,174.802719,3
esp32_device_001,2026-05-21T18:38:23+12:00,43.9,-36.604733,174.802719,3
esp32_device_001,2026-05-21T18:38:28+12:00,41.2,-36.60474,174.802689,3
esp32_device_001,2026-05-21T18:38:33+12:00,41.6,-36.604733,174.802643,3
esp32_device_001,2026-05-21T18:38:38+12:00,42.3,-36.604721,174.802643,3
esp32_device_001,2026-05-21T18:38:43+12:00,42.7,-36.604717,174.802658,3
esp32_device_001,2026-05-21T18:38:48+12:00,43.3,-36.604725,174.802643,3
esp32_device_001,2026-05-21T18:38:53+12:00,43.6,-36.60474,174.802673,3
esp32_device_001,2026-05-21T18:38:58+12:00,46.1,-36.604729,174.802704,3
esp32_device_001,2026-05-21T18:39:03+12:00,47.4,-36.604725,174.802734,3
esp32_device_001,2026-05-21T18:39:08+12:00,49.5,-36.604713,174.802734,3
esp32_device_001,2026-05-21T18:39:13+12:00,50.8,-36.604729,174.802765,3
esp32_device_001,2026-05-21T18:39:18+12:00,52,-36.604733,174.80278,3
esp32_device_001,2026-05-21T18:39:23+12:00,54.4,-36.604744,174.802795,3
esp32_device_001,2026-05-21T18:39:28+12:00,56.1,-36.604729,174.802811,3
esp32_device_001,2026-05-21T18:39:55+12:00,68.5,-36.604713,174.802872,3
esp32_device_001,2026-05-21T18:40:00+12:00,67.7,-36.604706,174.802795,3
esp32_device_001,2026-05-21T18:40:05+12:00,65.6,-36.604717,174.80275,3
esp32_device_001,2026-05-21T18:40:15+12:00,63.2,-36.604755,174.802689,3
esp32_device_001,2026-05-21T18:41:38+12:00,0,-36.604713,174.802643,3
esp32_device_001,2026-05-21T18:41:43+12:00,0,-36.604713,174.802612,3
esp32_device_001,2026-05-21T18:41:48+12:00,0,-36.604694,174.802643,3
esp32_device_001,2026-05-21T18:41:53+12:00,0,-36.604675,174.802673,3
esp32_device_001,2026-05-21T18:41:58+12:00,0,-36.604679,174.802704,3
esp32_device_001,2026-05-21T18:42:03+12:00,0,-36.604702,174.80275,3
esp32_device_001,2026-05-21T18:42:08+12:00,0,-36.604713,174.802795,3
esp32_device_001,2026-05-21T18:42:13+12:00,0,-36.60471,174.802795,3
esp32_device_001,2026-05-21T18:42:18+12:00,0,-36.604702,174.802765,3
esp32_device_001,2026-05-21T18:42:23+12:00,0,-36.604691,174.80278,3
esp32_device_001,2026-05-21T18:42:28+12:00,0,-36.604668,174.802826,3
esp32_device_001,2026-05-21T18:42:33+12:00,0,-36.60466,174.802841,3
esp32_device_001,2026-05-21T18:42:38+12:00,0,-36.604652,174.802826,3
esp32_device_001,2026-05-21T18:42:43+12:00,0,-36.604637,174.802811,3
esp32_device_001,2026-05-21T18:42:48+12:00,0,-36.604626,174.802795,3
esp32_device_001,2026-05-21T18:42:53+12:00,0,-36.60461,174.802765,3
esp32_device_001,2026-05-21T18:42:58+12:00,0,-36.604626,174.80275,3
esp32_device_001,2026-05-21T18:43:03+12:00,0,-36.604633,174.802765,3
esp32_device_001,2026-05-21T18:43:08+12:00,0,-36.604633,174.802811,3
esp32_device_001,2026-05-21T18:43:13+12:00,72,-36.604637,174.802826,3
esp32_device_001,2026-05-21T18:43:18+12:00,71.9,-36.60463,174.80278,3
esp32_device_001,2026-05-21T18:43:23+12:00,65.5,-36.60463,174.802643,3
esp32_device_001,2026-05-21T18:43:28+12:00,65.5,-36.60463,174.802673,3
esp32_device_001,2026-05-21T18:43:33+12:00,65.4,-36.604652,174.802704,3
esp32_device_001,2026-05-21T18:43:38+12:00,64.7,-36.604637,174.802795,3
esp32_device_001,2026-05-21T18:43:43+12:00,64.3,-36.604637,174.802841,3
esp32_device_001,2026-05-21T18:43:48+12:00,63.8,-36.604626,174.802872,3
esp32_device_001,2026-05-21T18:43:53+12:00,64,-36.604607,174.802856,3
esp32_device_001,2026-05-21T18:43:58+12:00,62.4,-36.604588,174.802826,3
esp32_device_001,2026-05-21T18:44:03+12:00,59.6,-36.604576,174.80275,3
esp32_device_001,2026-05-21T18:44:08+12:00,56.8,-36.604572,174.802689,3
esp32_device_001,2026-05-21T18:44:13+12:00,54.5,-36.604565,174.802673,3
esp32_device_001,2026-05-21T18:44:18+12:00,53,-36.604565,174.802734,3
esp32_device_001,2026-05-21T18:44:23+12:00,51.3,-36.604576,174.80275,3
esp32_device_001,2026-05-21T18:44:28+12:00,50.4,-36.604588,174.802704,3
esp32_device_001,2026-05-21T18:44:33+12:00,50.2,-36.604603,174.802719,3
esp32_device_001,2026-05-21T18:44:38+12:00,49.5,-36.604618,174.802689,3
esp32_device_001,2026-05-21T18:44:43+12:00,48.9,-36.604633,174.802658,3
esp32_device_001,2026-05-21T18:44:48+12:00,49,-36.60463,174.802643,3
esp32_device_001,2026-05-21T18:44:53+12:00,49.3,-36.604618,174.802628,3
esp32_device_001,2026-05-21T18:44:58+12:00,51.2,-36.60463,174.802628,3
esp32_device_001,2026-05-21T18:45:03+12:00,52.4,-36.604622,174.802612,3
esp32_device_001,2026-05-21T18:45:08+12:00,52.3,-36.604652,174.802582,3
esp32_device_001,2026-05-21T18:45:13+12:00,51.9,-36.604668,174.802551,3
esp32_device_001,2026-05-21T18:45:18+12:00,51.8,-36.604706,174.802582,3
esp32_device_001,2026-05-21T18:45:23+12:00,52.6,-36.604713,174.802658,3
esp32_device_001,2026-05-21T18:45:28+12:00,52.1,-36.604706,174.802689,3
esp32_device_001,2026-05-21T18:45:33+12:00,52.1,-36.604698,174.802673,3
esp32_device_001,2026-05-21T18:45:38+12:00,51.9,-36.60471,174.802673,3
esp32_device_001,2026-05-21T18:45:43+12:00,50.8,-36.604729,174.802658,3
esp32_device_001,2026-05-21T18:45:48+12:00,47.9,-36.604733,174.802643,3
esp32_device_001,2026-05-21T18:45:53+12:00,46.8,-36.604733,174.802658,3
esp32_device_001,2026-05-21T18:45:58+12:00,46.4,-36.604725,174.802673,3
esp32_device_001,2026-05-21T18:46:03+12:00,46.7,-36.604713,174.802689,3
esp32_device_001,2026-05-21T18:46:08+12:00,45.4,-36.604713,174.802689,3
esp32_device_001,2026-05-21T18:46:13+12:00,47,-36.604698,174.802719,3
esp32_device_001,2026-05-21T18:46:18+12:00,48.4,-36.604698,174.802704,3
esp32_device_001,2026-05-21T18:46:23+12:00,50.6,-36.604691,174.802689,3
esp32_device_001,2026-05-21T18:46:28+12:00,51.1,-36.604683,174.802658,3
esp32_device_001,2026-05-21T18:46:33+12:00,53.6,-36.604668,174.802673,3
esp32_device_001,2026-05-21T18:46:38+12:00,54.3,-36.604649,174.802658,3
esp32_device_001,2026-05-21T18:46:43+12:00,55.7,-36.604649,174.802689,3
esp32_device_001,2026-05-21T18:46:48+12:00,55.5,-36.604656,174.802673,3
esp32_device_001,2026-05-21T18:46:53+12:00,55.2,-36.604664,174.802658,3
esp32_device_001,2026-05-21T18:46:58+12:00,54.9,-36.604668,174.802673,3
esp32_device_001,2026-05-21T18:47:03+12:00,54,-36.604679,174.802673,3
esp32_device_001,2026-05-21T18:47:08+12:00,53.7,-36.604713,174.802719,3
esp32_device_001,2026-05-21T18:47:13+12:00,53.4,-36.604748,174.802765,3
esp32_device_001,2026-05-21T18:47:18+12:00,50.5,-36.604786,174.802811,3
esp32_device_001,2026-05-21T18:47:23+12:00,49.8,-36.604805,174.802795,3
esp32_device_001,2026-05-21T18:47:28+12:00,50.3,-36.60482,174.80278,3
esp32_device_001,2026-05-21T18:47:33+12:00,49.3,-36.604801,174.802734,3
esp32_device_001,2026-05-21T18:47:38+12:00,48.7,-36.604774,174.802689,3
esp32_device_001,2026-05-21T18:47:43+12:00,47.8,-36.604752,174.802658,3
esp32_device_001,2026-05-21T18:47:48+12:00,49.1,-36.604729,174.802643,3
esp32_device_001,2026-05-21T18:47:53+12:00,48.9,-36.604721,174.802643,3
esp32_device_001,2026-05-21T18:47:58+12:00,47.1,-36.604713,174.802643,3
esp32_device_001,2026-05-21T18:48:03+12:00,46.6,-36.604706,174.802643,3
esp32_device_001,2026-05-21T18:48:08+12:00,46.6,-36.604702,174.802628,3
esp32_device_001,2026-05-21T18:48:13+12:00,47.4,-36.604691,174.802612,3
esp32_device_001,2026-05-21T18:48:18+12:00,48.2,-36.604687,174.802628,3
esp32_device_001,2026-05-21T18:48:23+12:00,47.7,-36.604679,174.802628,3
esp32_device_001,2026-05-21T18:48:28+12:00,44.9,-36.604691,174.802612,3
esp32_device_001,2026-05-21T18:48:33+12:00,41.4,-36.604691,174.802582,3
esp32_device_001,2026-05-21T18:48:38+12:00,39,-36.604687,174.802567,3
esp32_device_001,2026-05-21T18:48:43+12:00,37.2,-36.604679,174.802521,3
esp32_device_001,2026-05-21T18:48:48+12:00,36.4,-36.604694,174.80249,3
esp32_device_001,2026-05-21T18:48:53+12:00,36.8,-36.604713,174.80249,3
esp32_device_001,2026-05-21T18:48:58+12:00,35.9,-36.604664,174.802353,3
esp32_device_001,2026-05-21T18:49:03+12:00,36.1,-36.604652,174.802338,3
esp32_device_001,2026-05-21T18:49:08+12:00,35.6,-36.604652,174.802307,3
esp32_device_001,2026-05-21T18:49:13+12:00,34.1,-36.604645,174.802353,3
esp32_device_001,2026-05-21T18:49:18+12:00,33.5,-36.604637,174.802368,3
esp32_device_001,2026-05-21T18:49:23+12:00,30.9,-36.604664,174.802414,3
esp32_device_001,2026-05-21T18:49:28+12:00,30,-36.604691,174.80249,3
esp32_device_001,2026-05-21T18:49:33+12:00,32,-36.604702,174.802628,3
esp32_device_001,2026-05-21T18:49:38+12:00,34.9,-36.604702,174.802689,3
esp32_device_001,2026-05-21T18:49:43+12:00,36.9,-36.604702,174.802719,3
esp32_device_001,2026-05-21T18:49:48+12:00,41.6,-36.604687,174.802628,3
esp32_device_001,2026-05-21T18:49:53+12:00,44.2,-36.604694,174.802673,3
esp32_device_001,2026-05-21T18:49:58+12:00,45.2,-36.604721,174.802673,3
esp32_device_001,2026-05-21T18:50:03+12:00,46,-36.604744,174.802689,3
esp32_device_001,2026-05-21T18:50:08+12:00,47.1,-36.604752,174.802826,3
esp32_device_001,2026-05-21T18:50:13+12:00,50.2,-36.60474,174.802811,3
esp32_device_001,2026-05-21T18:50:18+12:00,51.6,-36.604725,174.80275,3
esp32_device_001,2026-05-21T18:50:23+12:00,58.5,-36.604733,174.802795,3
esp32_device_001,2026-05-21T18:50:28+12:00,58.8,-36.604702,174.802765,3
esp32_device_001,2026-05-21T18:50:33+12:00,52.4,-36.604698,174.802673,3
esp32_device_001,2026-05-21T18:50:38+12:00,51.7,-36.604706,174.80275,3
esp32_device_001,2026-05-21T18:50:43+12:00,50.6,-36.604721,174.802856,3
esp32_device_001,2026-05-21T18:50:48+12:00,50.8,-36.604679,174.802917,3
esp32_device_001,2026-05-21T18:50:53+12:00,52.5,-36.604603,174.802979,3
esp32_device_001,2026-05-21T18:50:58+12:00,54,-36.604633,174.803116,3
esp32_device_001,2026-05-21T18:51:03+12:00,49.7,-36.604755,174.803604,3
esp32_device_001,2026-05-21T18:51:13+12:00,49.5,-36.604866,174.803558,3
esp32_device_001,2026-05-21T18:51:18+12:00,48.4,-36.604885,174.803009,3
esp32_device_001,2026-05-21T18:52:24+12:00,46.2,-36.604778,174.802444,3
esp32_device_001,2026-05-21T18:52:29+12:00,45.1,-36.604862,174.802536,3
esp32_device_001,2026-05-21T18:53:29+12:00,43.4,-36.605091,174.803772,3
esp32_device_001,2026-05-21T18:53:34+12:00,38,-36.604946,174.803482,3
esp32_device_001,2026-05-21T18:53:39+12:00,43.2,-36.604851,174.803314,3
esp32_device_001,2026-05-21T18:53:44+12:00,34.8,-36.604965,174.803207,3
esp32_device_001,2026-05-21T18:53:49+12:00,31.2,-36.604916,174.803024,3
esp32_device_001,2026-05-21T18:53:54+12:00,41.6,-36.60479,174.802841,3
esp32_device_001,2026-05-21T18:53:59+12:00,48.8,-36.604755,174.80275,3
esp32_device_001,2026-05-21T18:54:04+12:00,57.1,-36.60471,174.802673,3
esp32_device_001,2026-05-21T18:54:09+12:00,60.4,-36.604675,174.802628,3
esp32_device_001,2026-05-21T18:54:14+12:00,54.7,-36.60466,174.802658,3
esp32_device_001,2026-05-21T18:54:19+12:00,53.3,-36.604645,174.802658,3
esp32_device_001,2026-05-21T18:54:24+12:00,38.8,-36.604702,174.802719,3
esp32_device_001,2026-05-21T18:54:29+12:00,17.9,-36.604763,174.802811,3
esp32_device_001,2026-05-21T18:54:34+12:00,1.4,-36.604813,174.802872,3
esp32_device_001,2026-05-21T18:54:39+12:00,-11.4,-36.604877,174.802933,3
esp32_device_001,2026-05-21T18:54:44+12:00,-12.4,-36.60487,174.802933,3
esp32_device_001,2026-05-21T18:54:49+12:00,-8.9,-36.604855,174.802902,3
esp32_device_001,2026-05-21T18:54:54+12:00,-10.7,-36.604843,174.802917,3
esp32_device_001,2026-05-21T18:54:59+12:00,-11.5,-36.604843,174.802917,3
esp32_device_001,2026-05-21T18:55:04+12:00,-9.8,-36.604836,174.802902,3
esp32_device_001,2026-05-21T18:55:09+12:00,-9,-36.604836,174.802887,3
esp32_device_001,2026-05-21T18:55:14+12:00,-17,-36.604874,174.802933,3
esp32_device_001,2026-05-21T18:55:19+12:00,-24.4,-36.604904,174.802963,3
esp32_device_001,2026-05-21T18:55:24+12:00,-25.7,-36.605007,174.802979,3
esp32_device_001,2026-05-21T18:55:29+12:00,-21.6,-36.605099,174.802948,3
esp32_device_001,2026-05-21T18:55:34+12:00,-19.4,-36.605141,174.802917,3
esp32_device_001,2026-05-21T18:55:39+12:00,-18.4,-36.60511,174.802902,3
esp32_device_001,2026-05-21T18:55:44+12:00,-19,-36.605068,174.802917,3
esp32_device_001,2026-05-21T18:55:49+12:00,-19,-36.605038,174.802917,3
esp32_device_001,2026-05-21T18:55:54+12:00,-16.9,-36.605019,174.802887,3
esp32_device_001,2026-05-21T18:55:59+12:00,-9.6,-36.605019,174.802856,3
esp32_device_001,2026-05-21T18:56:04+12:00,1.8,-36.60498,174.802811,3
esp32_device_001,2026-05-21T18:56:09+12:00,9.7,-36.604912,174.802765,3
esp32_device_001,2026-05-21T18:56:14+12:00,19.7,-36.604763,174.802673,3
esp32_device_001,2026-05-21T18:56:19+12:00,39.5,-36.604633,174.802567,3
esp32_device_001,2026-05-21T18:56:24+12:00,52.1,-36.604538,174.802505,3
esp32_device_001,2026-05-21T18:56:50+12:00,52.1,-36.60461,174.802475,3
esp32_device_001,2026-05-21T18:56:55+12:00,52.1,-36.604614,174.802475,3
esp32_device_001,2026-05-21T18:57:05+12:00,52.1,-36.60461,174.802414,3
esp32_device_001,2026-05-21T18:58:50+12:00,52.1,-36.604691,174.802551,3
esp32_device_001,2026-05-21T18:59:40+12:00,52.1,-36.604725,174.802597,3
esp32_device_001,2026-05-21T18:59:45+12:00,52.1,-36.604736,174.802597,3
esp32_device_001,2026-05-21T18:59:50+12:00,52.1,-36.604736,174.802582,3
esp32_device_001,2026-05-21T19:00:00+12:00,52.1,-36.604736,174.802567,3
esp32_device_001,2026-05-21T19:00:15+12:00,52.1,-36.604733,174.802521,3
esp32_device_001,2026-05-21T19:00:20+12:00,52.1,-36.604733,174.802521,3
esp32_device_001,2026-05-21T19:00:25+12:00,52.1,-36.604725,174.802505,3
esp32_device_001,2026-05-21T19:00:30+12:00,52.1,-36.604706,174.802505,3
esp32_device_001,2026-05-21T19:00:35+12:00,52.1,-36.604717,174.802505,3
esp32_device_001,2026-05-21T19:00:40+12:00,52.1,-36.60471,174.802505,3
esp32_device_001,2026-05-21T19:00:45+12:00,52.1,-36.60471,174.802505,3
esp32_device_001,2026-05-21T19:00:50+12:00,52.1,-36.604733,174.802521,3
esp32_device_001,2026-05-21T19:00:55+12:00,52.1,-36.604767,174.802536,3
esp32_device_001,2026-05-21T19:01:00+12:00,52.1,-36.604767,174.802536,3
esp32_device_001,2026-05-21T19:01:05+12:00,52.1,-36.604717,174.802567,3
esp32_device_001,2026-05-21T19:01:10+12:00,52.1,-36.604687,174.802567,3
esp32_device_001,2026-05-21T19:01:15+12:00,52.1,-36.604687,174.802582,3
esp32_device_001,2026-05-21T19:01:20+12:00,52.1,-36.604683,174.802582,3
esp32_device_001,2026-05-21T19:01:25+12:00,52.1,-36.604668,174.802567,3
esp32_device_001,2026-05-21T19:01:31+12:00,53.3,-36.604671,174.802567,3
esp32_device_001,2026-05-21T19:01:36+12:00,53.2,-36.604664,174.802567,3
esp32_device_001,2026-05-21T19:01:41+12:00,53.4,-36.604656,174.802567,3
esp32_device_001,2026-05-21T19:01:46+12:00,53.5,-36.604664,174.802567,3
esp32_device_001,2026-05-21T19:01:51+12:00,52.9,-36.604664,174.802582,3
esp32_device_001,2026-05-21T19:01:56+12:00,53.2,-36.60466,174.802582,3
esp32_device_001,2026-05-21T19:02:01+12:00,52.9,-36.604679,174.802567,3
esp32_device_001,2026-05-21T19:02:06+12:00,52,-36.604683,174.802582,3
esp32_device_001,2026-05-21T19:02:11+12:00,51.4,-36.604694,174.802582,3
esp32_device_001,2026-05-21T19:02:16+12:00,50.4,-36.604725,174.802582,3
esp32_device_001,2026-05-21T19:02:21+12:00,49.1,-36.604755,174.802567,3
esp32_device_001,2026-05-21T19:02:26+12:00,48.6,-36.604755,174.802567,3
esp32_device_001,2026-05-21T19:02:31+12:00,48.3,-36.604774,174.802567,3
esp32_device_001,2026-05-21T19:02:36+12:00,48.2,-36.604778,174.802567,3
esp32_device_001,2026-05-21T19:02:41+12:00,47.8,-36.604774,174.802567,3
esp32_device_001,2026-05-21T19:02:46+12:00,47.8,-36.604774,174.802567,3
esp32_device_001,2026-05-21T19:02:51+12:00,48,-36.604778,174.802551,3
esp32_device_001,2026-05-21T19:02:56+12:00,47.8,-36.604767,174.802551,3
esp32_device_001,2026-05-21T19:03:06+12:00,52.4,-36.604717,174.80246,3
esp32_device_001,2026-05-21T19:03:11+12:00,63.8,-36.604721,174.802444,3
esp32_device_001,2026-05-21T19:03:16+12:00,68,-36.604759,174.802353,3
esp32_device_001,2026-05-21T19:03:21+12:00,70.2,-36.60474,174.802338,3
esp32_device_001,2026-05-21T19:03:26+12:00,71.4,-36.604717,174.802353,3
esp32_device_001,2026-05-21T19:03:31+12:00,72.6,-36.604713,174.802338,3
esp32_device_001,2026-05-21T19:03:36+12:00,71.9,-36.60471,174.802353,3
esp32_device_001,2026-05-21T19:03:41+12:00,72.1,-36.604725,174.802338,3
esp32_device_001,2026-05-21T19:03:46+12:00,71.1,-36.604736,174.802368,3
esp32_device_001,2026-05-21T19:03:51+12:00,69.7,-36.604744,174.802383,3
esp32_device_001,2026-05-21T19:03:56+12:00,68.6,-36.604744,174.802368,3
esp32_device_001,2026-05-21T19:04:01+12:00,67.9,-36.604767,174.802353,3
esp32_device_001,2026-05-21T19:04:06+12:00,65.6,-36.604771,174.802383,3
esp32_device_001,2026-05-21T19:04:11+12:00,63.5,-36.604744,174.802444,3
esp32_device_001,2026-05-21T19:04:16+12:00,60.8,-36.604733,174.80249,3
esp32_device_001,2026-05-21T19:04:21+12:00,59.1,-36.604748,174.80249,3
esp32_device_001,2026-05-21T19:04:26+12:00,57.4,-36.604755,174.802505,3
esp32_device_001,2026-05-21T19:04:31+12:00,55.4,-36.604752,174.802536,3
esp32_device_001,2026-05-21T19:04:36+12:00,54,-36.604767,174.802536,3
esp32_device_001,2026-05-21T19:04:41+12:00,52.6,-36.604755,174.802567,3
esp32_device_001,2026-05-21T19:04:46+12:00,52.5,-36.60474,174.802567,3
esp32_device_001,2026-05-21T19:04:51+12:00,52.1,-36.604733,174.802582,3
esp32_device_001,2026-05-21T19:04:56+12:00,52.3,-36.604729,174.802582,3
esp32_device_001,2026-05-21T19:05:01+12:00,53.4,-36.604733,174.802551,3
esp32_device_001,2026-05-21T19:05:06+12:00,55.7,-36.604729,174.802521,3
esp32_device_001,2026-05-21T19:05:11+12:00,56.7,-36.604729,174.802505,3
esp32_device_001,2026-05-21T19:05:16+12:00,57.3,-36.604736,174.802475,3
esp32_device_001,2026-05-21T19:05:21+12:00,56.8,-36.604733,174.80249,3
esp32_device_001,2026-05-21T19:05:26+12:00,55.2,-36.604729,174.802505,3
esp32_device_001,2026-05-21T19:05:31+12:00,52.8,-36.604736,174.802521,3
esp32_device_001,2026-05-21T19:05:36+12:00,50.7,-36.604733,174.802521,3
esp32_device_001,2026-05-21T19:05:41+12:00,49.6,-36.604733,174.802521,3
esp32_device_001,2026-05-21T19:05:46+12:00,48.9,-36.604736,174.802505,3
esp32_device_001,2026-05-21T19:05:51+12:00,49.2,-36.604748,174.80249,3
esp32_device_001,2026-05-21T19:05:56+12:00,49.3,-36.604755,174.802505,3
esp32_device_001,2026-05-21T19:06:01+12:00,48.5,-36.604774,174.802505,3
esp32_device_001,2026-05-21T19:06:06+12:00,46.6,-36.60479,174.802505,3
esp32_device_001,2026-05-21T19:06:11+12:00,45.4,-36.604771,174.802505,3
esp32_device_001,2026-05-21T19:06:16+12:00,44.5,-36.604752,174.802521,3
esp32_device_001,2026-05-21T19:06:21+12:00,43.4,-36.604763,174.802536,3
esp32_device_001,2026-05-21T19:06:26+12:00,46.5,-36.604729,174.802521,3
esp32_device_001,2026-05-21T19:06:31+12:00,49.4,-36.604706,174.80249,3
esp32_device_001,2026-05-21T19:06:36+12:00,49.8,-36.604694,174.80249,3
esp32_device_001,2026-05-21T19:06:41+12:00,49.9,-36.604694,174.80249,3
esp32_device_001,2026-05-21T19:06:46+12:00,49.1,-36.604702,174.80249,3
esp32_device_001,2026-05-21T19:06:51+12:00,45.8,-36.604725,174.802536,3
esp32_device_001,2026-05-21T19:06:56+12:00,41.6,-36.604759,174.802567,3
esp32_device_001,2026-05-21T19:07:01+12:00,39.5,-36.604778,174.802582,3
esp32_device_001,2026-05-21T19:07:06+12:00,38.7,-36.604782,174.802597,3
esp32_device_001,2026-05-21T19:07:11+12:00,36.6,-36.60479,174.802612,3
esp32_device_001,2026-05-21T19:07:16+12:00,36.2,-36.604782,174.802597,3
esp32_device_001,2026-05-21T19:07:21+12:00,36.5,-36.604771,174.802597,3
esp32_device_001,2026-05-21T19:07:26+12:00,37.3,-36.604759,174.802597,3
esp32_device_001,2026-05-21T19:07:31+12:00,37.7,-36.604755,174.802597,3
esp32_device_001,2026-05-21T19:07:36+12:00,37.2,-36.604759,174.802597,3
esp32_device_001,2026-05-21T19:07:41+12:00,36.2,-36.604782,174.802597,3
esp32_device_001,2026-05-21T19:07:46+12:00,35,-36.604782,174.802582,3
esp32_device_001,2026-05-21T19:07:51+12:00,33.5,-36.60479,174.802582,3
esp32_device_001,2026-05-21T19:07:56+12:00,31.1,-36.604805,174.802597,3
esp32_device_001,2026-05-21T19:08:01+12:00,28.9,-36.604813,174.802612,3
esp32_device_001,2026-05-21T19:08:06+12:00,25.7,-36.604816,174.802643,3
esp32_device_001,2026-05-21T19:08:11+12:00,23.8,-36.60482,174.802658,3
esp32_device_001,2026-05-21T19:08:16+12:00,22.5,-36.604855,174.802673,3
esp32_device_001,2026-05-21T19:08:21+12:00,20.6,-36.604874,174.802673,3
esp32_device_001,2026-05-21T19:08:26+12:00,19.4,-36.604904,174.802673,3
esp32_device_001,2026-05-21T19:08:31+12:00,15.7,-36.604965,174.802689,3
esp32_device_001,2026-05-21T19:08:41+12:00,10.8,-36.605038,174.802734,3
esp32_device_001,2026-05-21T19:08:46+12:00,6.8,-36.605068,174.802765,3
esp32_device_001,2026-05-21T19:08:51+12:00,2,-36.605083,174.802765,3
esp32_device_001,2026-05-21T19:08:56+12:00,0,-36.605103,174.80278,3
esp32_device_001,2026-05-21T19:09:01+12:00,-2,-36.605114,174.802795,3
esp32_device_001,2026-05-21T19:09:06+12:00,-4.8,-36.605011,174.80275,3
esp32_device_001,2026-05-21T19:09:16+12:00,-2.4,-36.604897,174.802719,3
esp32_device_001,2026-05-21T19:09:21+12:00,-2.1,-36.604893,174.802734,3
esp32_device_001,2026-05-21T19:09:26+12:00,-2.6,-36.604912,174.80278,3
esp32_device_001,2026-05-21T19:09:31+12:00,-10.8,-36.604939,174.80278,3
esp32_device_001,2026-05-21T19:09:36+12:00,-13.1,-36.604954,174.80278,3
esp32_device_001,2026-05-21T19:09:41+12:00,-9,-36.604919,174.802734,3
esp32_device_001,2026-05-21T19:09:51+12:00,-5.8,-36.604904,174.802704,3
esp32_device_001,2026-05-21T19:09:56+12:00,-7.6,-36.6049,174.802704,3
esp32_device_001,2026-05-21T19:10:01+12:00,-8,-36.604912,174.802719,3
esp32_device_001,2026-05-21T19:10:06+12:00,1.6,-36.604912,174.802719,3
esp32_device_001,2026-05-21T19:10:16+12:00,2.5,-36.604893,174.802734,3
esp32_device_001,2026-05-21T19:10:21+12:00,3.6,-36.604877,174.802765,3
esp32_device_001,2026-05-21T19:10:26+12:00,3.9,-36.604877,174.80278,3
esp32_device_001,2026-05-21T19:10:31+12:00,5.7,-36.604866,174.80278,3
esp32_device_001,2026-05-21T19:10:41+12:00,7.4,-36.604885,174.80278,3
esp32_device_001,2026-05-21T19:10:46+12:00,9.6,-36.604877,174.80278,3
esp32_device_001,2026-05-21T19:10:51+12:00,11.8,-36.604862,174.802765,3
esp32_device_001,2026-05-21T19:10:56+12:00,13.9,-36.604858,174.802719,3
esp32_device_001,2026-05-21T19:11:06+12:00,17.3,-36.604824,174.802673,3
esp32_device_001,2026-05-21T19:11:11+12:00,23.3,-36.604828,174.802673,3
esp32_device_001,2026-05-21T19:11:16+12:00,25.7,-36.604828,174.802673,3
esp32_device_001,2026-05-21T19:11:21+12:00,28.3,-36.604824,174.802643,3
esp32_device_001,2026-05-21T19:11:26+12:00,34,-36.604816,174.802628,3
esp32_device_001,2026-05-21T19:11:36+12:00,40.6,-36.604794,174.802597,3
esp32_device_001,2026-05-21T19:11:41+12:00,44,-36.604774,174.802582,3
esp32_device_001,2026-05-21T19:11:46+12:00,53,-36.604736,174.802521,3
esp32_device_001,2026-05-21T19:11:51+12:00,59.7,-36.604713,174.802505,3
esp32_device_001,2026-05-21T19:11:56+12:00,63.2,-36.604713,174.802505,3
esp32_device_001,2026-05-21T19:12:01+12:00,66.8,-36.604717,174.80249,3
esp32_device_001,2026-05-21T19:12:06+12:00,70.7,-36.604713,174.802475,3
esp32_device_001,2026-05-21T19:12:11+12:00,72.9,-36.604721,174.802475,3
esp32_device_001,2026-05-21T19:12:16+12:00,74.7,-36.604721,174.80246,3
esp32_device_001,2026-05-21T19:12:21+12:00,75.7,-36.604725,174.80246,3
esp32_device_001,2026-05-21T19:12:26+12:00,76.7,-36.604736,174.802444,3
esp32_device_001,2026-05-21T19:12:31+12:00,77.3,-36.604733,174.802444,3
esp32_device_001,2026-05-21T19:12:36+12:00,78.4,-36.604733,174.802444,3
esp32_device_001,2026-05-21T19:12:41+12:00,81,-36.604729,174.802429,3
esp32_device_001,2026-05-21T19:12:46+12:00,83.1,-36.604729,174.802429,3
esp32_device_001,2026-05-21T19:12:51+12:00,81.9,-36.604702,174.80246,3
esp32_device_001,2026-05-21T19:12:56+12:00,82.4,-36.604675,174.802475,3
esp32_device_001,2026-05-21T19:13:01+12:00,81.2,-36.604649,174.802505,3
esp32_device_001,2026-05-21T19:13:06+12:00,80.6,-36.604645,174.802521,3
esp32_device_001,2026-05-21T19:13:11+12:00,79.5,-36.604645,174.802536,3
esp32_device_001,2026-05-21T19:13:16+12:00,79.5,-36.604675,174.802536,3
esp32_device_001,2026-05-21T19:13:21+12:00,78.8,-36.604683,174.802551,3
esp32_device_001,2026-05-21T19:13:26+12:00,77.4,-36.604687,174.802536,3
esp32_device_001,2026-05-21T19:13:31+12:00,75.6,-36.60471,174.802521,3
esp32_device_001,2026-05-21T19:13:36+12:00,73.8,-36.604706,174.802536,3
esp32_device_001,2026-05-21T19:13:41+12:00,73.3,-36.604713,174.802505,3
esp32_device_001,2026-05-21T19:13:46+12:00,72.9,-36.60471,174.802505,3
esp32_device_001,2026-05-21T19:13:51+12:00,72,-36.60471,174.802505,3
esp32_device_001,2026-05-21T19:13:56+12:00,70.8,-36.604706,174.802505,3
esp32_device_001,2026-05-21T19:14:01+12:00,70.4,-36.604694,174.802505,3
esp32_device_001,2026-05-21T19:14:06+12:00,70.3,-36.604698,174.802505,3
esp32_device_001,2026-05-21T19:14:11+12:00,70.6,-36.604698,174.802505,3
esp32_device_001,2026-05-21T19:14:16+12:00,69.1,-36.604698,174.802505,3
esp32_device_001,2026-05-21T19:14:21+12:00,68.9,-36.604702,174.802505,3
esp32_device_001,2026-05-21T19:14:26+12:00,69,-36.604694,174.802505,3
esp32_device_001,2026-05-21T19:14:31+12:00,68.4,-36.604702,174.802505,3
esp32_device_001,2026-05-21T19:14:36+12:00,68.3,-36.604698,174.802505,3
esp32_device_001,2026-05-21T19:14:41+12:00,68.1,-36.604698,174.802505,3
esp32_device_001,2026-05-21T19:14:46+12:00,67.2,-36.604702,174.802505,3
esp32_device_001,2026-05-21T19:14:51+12:00,65,-36.604706,174.802521,3
esp32_device_001,2026-05-21T19:14:56+12:00,61.6,-36.604717,174.802521,3
esp32_device_001,2026-05-21T19:15:01+12:00,60.5,-36.604721,174.802536,3
esp32_device_001,2026-05-21T19:15:06+12:00,59.2,-36.604725,174.802536,3
esp32_device_001,2026-05-21T19:15:11+12:00,58.5,-36.604736,174.802551,3
esp32_device_001,2026-05-21T19:15:16+12:00,57.5,-36.604736,174.802551,3
esp32_device_001,2026-05-21T19:15:21+12:00,56,-36.604755,174.802551,3
esp32_device_001,2026-05-21T19:15:26+12:00,54.4,-36.604767,174.802551,3
esp32_device_001,2026-05-21T19:15:31+12:00,50.2,-36.604782,174.802567,3
esp32_device_001,2026-05-21T19:15:36+12:00,41.2,-36.604805,174.802597,3
esp32_device_001,2026-05-21T19:15:41+12:00,39.2,-36.60482,174.802582,3
esp32_device_001,2026-05-21T19:15:46+12:00,49.3,-36.60479,174.802551,3
esp32_device_001,2026-05-21T19:15:51+12:00,63.4,-36.604744,174.802505,3
esp32_device_001,2026-05-21T19:15:56+12:00,73,-36.604706,174.802475,3
esp32_device_001,2026-05-21T19:16:01+12:00,70.8,-36.604717,174.802475,3
esp32_device_001,2026-05-21T19:16:06+12:00,77,-36.604664,174.80246,3
esp32_device_001,2026-05-21T19:16:11+12:00,75.9,-36.604656,174.802475,3
esp32_device_001,2026-05-21T19:16:16+12:00,74.7,-36.604656,174.802475,3
esp32_device_001,2026-05-21T19:16:21+12:00,72.8,-36.604679,174.802475,3
esp32_device_001,2026-05-21T19:16:26+12:00,70.7,-36.604683,174.80249,3
esp32_device_001,2026-05-21T19:16:31+12:00,68.3,-36.604706,174.80249,3
esp32_device_001,2026-05-21T19:16:36+12:00,66.1,-36.604717,174.802505,3
esp32_device_001,2026-05-21T19:16:41+12:00,65.7,-36.604706,174.802505,3
esp32_device_001,2026-05-21T19:16:46+12:00,65.2,-36.604694,174.802505,3
esp32_device_001,2026-05-21T19:16:51+12:00,62.3,-36.604698,174.802521,3
esp32_device_001,2026-05-21T19:16:56+12:00,60,-36.604713,174.802521,3
esp32_device_001,2026-05-21T19:17:01+12:00,57.7,-36.604736,174.802521,3
esp32_device_001,2026-05-21T19:17:06+12:00,57.7,-36.604725,174.802521,3
esp32_device_001,2026-05-21T19:17:11+12:00,55.5,-36.604729,174.802536,3
esp32_device_001,2026-05-21T19:17:16+12:00,53,-36.604736,174.802551,3
esp32_device_001,2026-05-21T19:17:21+12:00,51.2,-36.60474,174.802551,3
esp32_device_001,2026-05-21T19:17:26+12:00,48.8,-36.604755,174.802567,3
esp32_device_001,2026-05-21T19:17:31+12:00,47.5,-36.604767,174.802582,3
esp32_device_001,2026-05-21T19:17:36+12:00,45.7,-36.604774,174.802582,3
esp32_device_001,2026-05-21T19:17:41+12:00,43.5,-36.604763,174.802597,3
esp32_device_001,2026-05-21T19:17:46+12:00,41.4,-36.604771,174.802612,3
esp32_device_001,2026-05-21T19:17:51+12:00,39.6,-36.604752,174.802612,3
esp32_device_001,2026-05-21T19:17:56+12:00,37.1,-36.604752,174.802612,3
esp32_device_001,2026-05-21T19:18:01+12:00,34.9,-36.604774,174.802612,3
esp32_device_001,2026-05-21T19:18:06+12:00,33.3,-36.604778,174.802628,3
esp32_device_001,2026-05-21T19:18:11+12:00,31.8,-36.604774,174.802643,3
esp32_device_001,2026-05-21T19:18:16+12:00,29.3,-36.604778,174.802658,3
esp32_device_001,2026-05-21T19:18:21+12:00,26.8,-36.60479,174.802673,3
esp32_device_001,2026-05-21T19:18:26+12:00,25,-36.604797,174.802689,3
esp32_device_001,2026-05-21T19:18:31+12:00,23.7,-36.604771,174.802689,3
esp32_device_001,2026-05-21T19:18:36+12:00,23.4,-36.604801,174.802689,3
esp32_device_001,2026-05-21T19:18:41+12:00,23.7,-36.604851,174.802689,3
esp32_device_001,2026-05-21T19:18:46+12:00,24.1,-36.604885,174.802689,3
esp32_device_001,2026-05-21T19:18:51+12:00,24.5,-36.604885,174.802673,3
esp32_device_001,2026-05-21T19:18:56+12:00,22.9,-36.604897,174.802673,3
esp32_device_001,2026-05-21T19:19:01+12:00,21.4,-36.604885,174.802673,3
esp32_device_001,2026-05-21T19:19:06+12:00,20.3,-36.604897,174.802673,3
esp32_device_001,2026-05-21T19:19:11+12:00,18.9,-36.604904,174.802673,3
esp32_device_001,2026-05-21T19:19:16+12:00,16.9,-36.604923,174.802673,3
esp32_device_001,2026-05-21T19:19:21+12:00,15.3,-36.604897,174.802658,3
esp32_device_001,2026-05-21T19:19:26+12:00,14,-36.604923,174.802658,3
esp32_device_001,2026-05-21T19:19:31+12:00,11.2,-36.604931,174.802673,3
esp32_device_001,2026-05-21T19:19:36+12:00,10.2,-36.604904,174.802673,3
esp32_device_001,2026-05-21T19:19:41+12:00,32.3,-36.604744,174.802597,3
esp32_device_001,2026-05-21T19:19:46+12:00,39.4,-36.604702,174.802582,3
esp32_device_001,2026-05-21T19:19:51+12:00,42.3,-36.60471,174.802582,3
esp32_device_001,2026-05-21T19:19:56+12:00,45.9,-36.604706,174.802582,3
esp32_device_001,2026-05-21T19:20:01+12:00,46.3,-36.604683,174.802582,3
esp32_device_001,2026-05-21T19:20:06+12:00,46.2,-36.604675,174.802582,3
esp32_device_001,2026-05-21T19:20:11+12:00,48.6,-36.604645,174.802582,3
esp32_device_001,2026-05-21T19:20:16+12:00,48.7,-36.60463,174.802597,3
esp32_device_001,2026-05-21T19:20:21+12:00,48.3,-36.60461,174.802612,3
esp32_device_001,2026-05-21T19:20:26+12:00,42.9,-36.60463,174.802612,3
esp32_device_001,2026-05-21T19:20:31+12:00,43.3,-36.604565,174.802582,3
esp32_device_001,2026-05-21T19:20:36+12:00,45.5,-36.604492,174.802567,3
esp32_device_001,2026-05-21T19:20:41+12:00,28.1,-36.604576,174.802628,3
esp32_device_001,2026-05-21T19:20:46+12:00,23.3,-36.604622,174.802689,3
esp32_device_001,2026-05-21T19:20:51+12:00,25.1,-36.604683,174.802673,3
esp32_device_001,2026-05-21T19:20:56+12:00,26.7,-36.604794,174.802628,3
esp32_device_001,2026-05-21T19:21:01+12:00,27.3,-36.604904,174.802567,3
esp32_device_001,2026-05-21T19:21:06+12:00,25.5,-36.604912,174.802612,3
esp32_device_001,2026-05-21T19:21:11+12:00,24.2,-36.604919,174.802628,3
esp32_device_001,2026-05-21T19:21:16+12:00,23.5,-36.604923,174.802597,3
esp32_device_001,2026-05-21T19:21:21+12:00,22.1,-36.604931,174.802612,3
esp32_device_001,2026-05-21T19:21:26+12:00,21.1,-36.604942,174.802628,3
esp32_device_001,2026-05-21T19:21:36+12:00,21.1,-36.605194,174.802475,3
esp32_device_001,2026-05-21T19:21:41+12:00,21.1,-36.605255,174.802399,3
esp32_device_001,2026-05-21T19:21:46+12:00,21.1,-36.605202,174.802399,3
esp32_device_001,2026-05-21T19:21:51+12:00,21.1,-36.605137,174.802399,3
esp32_device_001,2026-05-21T19:21:56+12:00,21.1,-36.605141,174.802368,3
esp32_device_001,2026-05-21T19:22:01+12:00,21.1,-36.605133,174.802368,3
esp32_device_001,2026-05-21T19:22:06+12:00,21.1,-36.605137,174.802368,3
esp32_device_001,2026-05-21T19:22:11+12:00,21.1,-36.605152,174.802383,3
esp32_device_001,2026-05-21T19:22:16+12:00,21.1,-36.605137,174.802429,3
esp32_device_001,2026-05-21T19:22:21+12:00,21.1,-36.605049,174.80246,3
esp32_device_001,2026-05-21T19:22:26+12:00,21.1,-36.604992,174.802475,3
esp32_device_001,2026-05-21T19:22:31+12:00,21.1,-36.604954,174.802505,3
esp32_device_001,2026-05-21T19:22:36+12:00,21.1,-36.604931,174.802521,3
esp32_device_001,2026-05-21T19:22:41+12:00,21.1,-36.604897,174.802521,3
esp32_device_001,2026-05-21T19:22:46+12:00,21.1,-36.604862,174.802536,3
esp32_device_001,2026-05-21T19:22:51+12:00,21.1,-36.604836,174.802551,3
esp32_device_001,2026-05-21T19:22:56+12:00,21.1,-36.604809,174.802551,3
esp32_device_001,2026-05-21T19:23:01+12:00,21.1,-36.604813,174.802551,3
esp32_device_001,2026-05-21T19:23:06+12:00,21.1,-36.604805,174.802551,3
esp32_device_001,2026-05-21T19:23:11+12:00,21.1,-36.604786,174.802551,3
esp32_device_001,2026-05-21T19:23:16+12:00,21.1,-36.604771,174.802551,3
esp32_device_001,2026-05-21T19:23:21+12:00,21.1,-36.604771,174.802536,3
esp32_device_001,2026-05-21T19:23:26+12:00,21.1,-36.604771,174.802536,3
esp32_device_001,2026-05-21T19:23:31+12:00,21.1,-36.604752,174.802536,3
esp32_device_001,2026-05-21T19:23:36+12:00,21.1,-36.604725,174.802551,3
esp32_device_001,2026-05-21T19:23:41+12:00,21.1,-36.604721,174.802551,3
esp32_device_001,2026-05-21T19:23:46+12:00,21.1,-36.604725,174.802536,3
esp32_device_001,2026-05-21T19:23:51+12:00,21.1,-36.604721,174.802536,3
esp32_device_001,2026-05-21T19:23:56+12:00,21.1,-36.604729,174.802521,3
esp32_device_001,2026-05-21T19:24:01+12:00,21.1,-36.604744,174.802505,3
esp32_device_001,2026-05-21T19:24:06+12:00,21.1,-36.604748,174.802505,3
esp32_device_001,2026-05-21T19:24:11+12:00,21.1,-36.604736,174.802505,3
esp32_device_001,2026-05-21T19:24:16+12:00,21.1,-36.604759,174.802536,3
esp32_device_001,2026-05-21T19:24:21+12:00,21.1,-36.60474,174.802551,3
esp32_device_001,2026-05-21T19:24:26+12:00,21.1,-36.60474,174.802582,3
esp32_device_001,2026-05-21T19:24:31+12:00,21.1,-36.604717,174.802597,3
esp32_device_001,2026-05-21T19:24:36+12:00,21.1,-36.604702,174.802612,3
esp32_device_001,2026-05-21T19:24:41+12:00,21.1,-36.604702,174.802628,3
esp32_device_001,2026-05-21T19:24:46+12:00,21.1,-36.604683,174.802643,3
esp32_device_001,2026-05-21T19:24:51+12:00,21.1,-36.604675,174.802612,3
esp32_device_001,2026-05-21T19:24:56+12:00,21.1,-36.604679,174.802597,3
esp32_device_001,2026-05-21T19:25:01+12:00,21.1,-36.604675,174.802597,3
esp32_device_001,2026-05-21T19:25:06+12:00,21.1,-36.604668,174.802612,3
esp32_device_001,2026-05-21T19:25:11+12:00,21.1,-36.604679,174.802582,3
esp32_device_001,2026-05-21T19:25:16+12:00,21.1,-36.604687,174.802582,3
esp32_device_001,2026-05-21T19:25:21+12:00,21.1,-36.604671,174.802597,3
esp32_device_001,2026-05-21T19:25:26+12:00,21.1,-36.604675,174.802582,3
esp32_device_001,2026-05-21T19:25:31+12:00,21.1,-36.604687,174.802567,3
esp32_device_001,2026-05-21T19:25:36+12:00,21.1,-36.604668,174.802582,3
esp32_device_001,2026-05-21T19:25:41+12:00,21.1,-36.604668,174.802567,3
esp32_device_001,2026-05-21T19:25:46+12:00,21.1,-36.604683,174.802551,3
esp32_device_001,2026-05-21T19:25:51+12:00,21.1,-36.60466,174.802551,3
esp32_device_001,2026-05-21T19:25:56+12:00,21.1,-36.604656,174.802551,3
esp32_device_001,2026-05-21T19:26:01+12:00,21.1,-36.604664,174.802551,3
esp32_device_001,2026-05-21T19:26:06+12:00,21.1,-36.604687,174.802536,3
esp32_device_001,2026-05-21T19:26:11+12:00,21.1,-36.604702,174.802521,3
esp32_device_001,2026-05-21T19:26:16+12:00,21.1,-36.604702,174.802505,3
esp32_device_001,2026-05-21T19:26:21+12:00,21.1,-36.604702,174.802521,3
esp32_device_001,2026-05-21T19:26:26+12:00,21.1,-36.604698,174.802521,3
esp32_device_001,2026-05-21T19:26:31+12:00,21.1,-36.604698,174.802536,3
esp32_device_001,2026-05-21T19:26:36+12:00,21.1,-36.604717,174.802521,3
esp32_device_001,2026-05-21T19:26:41+12:00,21.1,-36.604706,174.802536,3
esp32_device_001,2026-05-21T19:26:46+12:00,21.1,-36.604702,174.802536,3
esp32_device_001,2026-05-21T19:26:51+12:00,21.1,-36.604706,174.802536,3
esp32_device_001,2026-05-21T19:26:56+12:00,21.1,-36.604713,174.802536,3
esp32_device_001,2026-05-21T19:27:01+12:00,21.1,-36.604683,174.802567,3
esp32_device_001,2026-05-21T19:27:06+12:00,21.1,-36.604679,174.802582,3
esp32_device_001,2026-05-21T19:27:11+12:00,21.1,-36.604683,174.802597,3
esp32_device_001,2026-05-21T19:27:16+12:00,21.1,-36.604687,174.802597,3
esp32_device_001,2026-05-21T19:27:21+12:00,21.1,-36.604679,174.802612,3
esp32_device_001,2026-05-21T19:27:26+12:00,21.1,-36.60466,174.802628,3
esp32_device_001,2026-05-21T19:27:31+12:00,21.1,-36.604687,174.802612,3
esp32_device_001,2026-05-21T19:27:36+12:00,21.1,-36.604752,174.802567,3
esp32_device_001,2026-05-21T19:27:41+12:00,21.1,-36.604771,174.802551,3
esp32_device_001,2026-05-21T19:27:46+12:00,21.1,-36.604801,174.802536,3
esp32_device_001,2026-05-21T19:27:51+12:00,21.1,-36.604809,174.802551,3
esp32_device_001,2026-05-21T19:27:56+12:00,21.1,-36.604832,174.802536,3
esp32_device_001,2026-05-21T19:28:01+12:00,21.1,-36.604809,174.802567,3
esp32_device_001,2026-05-21T19:28:06+12:00,21.1,-36.604774,174.802582,3
esp32_device_001,2026-05-21T19:28:11+12:00,21.1,-36.604763,174.802597,3
esp32_device_001,2026-05-21T19:28:16+12:00,21.1,-36.604759,174.802597,3
esp32_device_001,2026-05-21T19:28:21+12:00,21.1,-36.604755,174.802597,3
esp32_device_001,2026-05-21T19:28:26+12:00,21.1,-36.60474,174.802597,3
esp32_device_001,2026-05-21T19:28:31+12:00,21.1,-36.604717,174.802612,3
esp32_device_001,2026-05-21T19:28:36+12:00,21.1,-36.604694,174.802612,3
esp32_device_001,2026-05-21T19:28:41+12:00,21.1,-36.604694,174.802612,3
esp32_device_001,2026-05-21T19:28:46+12:00,21.1,-36.60471,174.802612,3
esp32_device_001,2026-05-21T19:28:51+12:00,21.1,-36.604725,174.802612,3
esp32_device_001,2026-05-21T19:28:56+12:00,21.1,-36.604725,174.802612,3
esp32_device_001,2026-05-21T19:29:01+12:00,21.1,-36.604725,174.802612,3
esp32_device_001,2026-05-21T19:29:06+12:00,21.1,-36.604729,174.802612,3
esp32_device_001,2026-05-21T19:29:11+12:00,21.1,-36.604706,174.802628,3
esp32_device_001,2026-05-21T19:29:16+12:00,21.1,-36.60471,174.802612,3
esp32_device_001,2026-05-21T19:29:21+12:00,21.1,-36.604706,174.802612,3
esp32_device_001,2026-05-21T19:29:26+12:00,21.1,-36.604713,174.802612,3
esp32_device_001,2026-05-21T19:29:31+12:00,21.1,-36.604752,174.802628,3
esp32_device_001,2026-05-21T19:29:36+12:00,21.1,-36.604759,174.802612,3
esp32_device_001,2026-05-21T19:29:41+12:00,21.1,-36.604755,174.802612,3
esp32_device_001,2026-05-21T19:29:46+12:00,21.1,-36.604752,174.802612,3
esp32_device_001,2026-05-21T19:29:51+12:00,21.1,-36.604763,174.802612,3
esp32_device_001,2026-05-21T19:29:56+12:00,21.1,-36.604763,174.802612,3
esp32_device_001,2026-05-21T19:30:01+12:00,21.1,-36.604763,174.802612,3
esp32_device_001,2026-05-21T19:30:06+12:00,21.1,-36.604755,174.802597,3
esp32_device_001,2026-05-21T19:30:11+12:00,21.1,-36.604752,174.802597,3
esp32_device_001,2026-05-21T19:30:16+12:00,21.1,-36.604752,174.802582,3
esp32_device_001,2026-05-21T19:30:21+12:00,21.1,-36.604736,174.802582,3
esp32_device_001,2026-05-21T19:30:26+12:00,21.1,-36.604733,174.802582,3
esp32_device_001,2026-05-21T19:30:31+12:00,21.1,-36.604733,174.802567,3
esp32_device_001,2026-05-21T19:30:36+12:00,21.1,-36.60474,174.802551,3
esp32_device_001,2026-05-21T19:30:41+12:00,21.1,-36.604752,174.802551,3
esp32_device_001,2026-05-21T19:30:46+12:00,21.1,-36.604748,174.802551,3
esp32_device_001,2026-05-21T19:30:51+12:00,21.1,-36.604763,174.802536,3
esp32_device_001,2026-05-21T19:30:56+12:00,21.1,-36.604771,174.802536,3
esp32_device_001,2026-05-21T19:31:01+12:00,21.1,-36.60479,174.802536,3
esp32_device_001,2026-05-21T19:31:06+12:00,21.1,-36.60474,174.802536,3
esp32_device_001,2026-05-21T19:31:11+12:00,21.1,-36.604729,174.802567,3
esp32_device_001,2026-05-21T19:31:16+12:00,21.1,-36.604748,174.802567,3
esp32_device_001,2026-05-21T19:31:21+12:00,21.1,-36.604771,174.802551,3
esp32_device_001,2026-05-21T19:31:26+12:00,21.1,-36.604774,174.802536,3
esp32_device_001,2026-05-21T19:31:38+12:00,50.9,-36.604786,174.802551,3
esp32_device_001,2026-05-21T19:31:43+12:00,52.1,-36.604778,174.802551,3
esp32_device_001,2026-05-21T19:31:48+12:00,53.2,-36.604774,174.802551,3
esp32_device_001,2026-05-21T19:31:53+12:00,53.1,-36.604771,174.802551,3
esp32_device_001,2026-05-21T19:31:58+12:00,52,-36.604759,174.802567,3
esp32_device_001,2026-05-21T19:32:03+12:00,51.3,-36.604767,174.802567,3
esp32_device_001,2026-05-21T19:32:08+12:00,49.9,-36.604759,174.802582,3
esp32_device_001,2026-05-21T19:32:13+12:00,49.6,-36.604763,174.802567,3
esp32_device_001,2026-05-21T19:32:18+12:00,50,-36.60474,174.802582,3
esp32_device_001,2026-05-21T19:32:23+12:00,50.1,-36.604725,174.802597,3
esp32_device_001,2026-05-21T19:32:28+12:00,48.7,-36.60471,174.802612,3
esp32_device_001,2026-05-21T19:32:33+12:00,46.6,-36.604706,174.802628,3
esp32_device_001,2026-05-21T19:32:38+12:00,46,-36.604717,174.802612,3
esp32_device_001,2026-05-21T19:32:43+12:00,45.6,-36.604733,174.802612,3
esp32_device_001,2026-05-21T19:32:48+12:00,45,-36.60474,174.802597,3
esp32_device_001,2026-05-21T19:32:53+12:00,46.1,-36.604725,174.802612,3
esp32_device_001,2026-05-21T19:32:58+12:00,48.7,-36.60471,174.802612,3
esp32_device_001,2026-05-21T19:33:03+12:00,51.8,-36.604694,174.802612,3
esp32_device_001,2026-05-21T19:33:08+12:00,55.5,-36.604671,174.802612,3
esp32_device_001,2026-05-21T19:33:13+12:00,58.5,-36.604652,174.802612,3
esp32_device_001,2026-05-21T19:33:18+12:00,60.5,-36.604645,174.802612,3
esp32_device_001,2026-05-21T19:33:23+12:00,61.6,-36.604671,174.802597,3
esp32_device_001,2026-05-21T19:33:28+12:00,61.6,-36.604691,174.802567,3
esp32_device_001,2026-05-21T19:33:33+12:00,61.7,-36.604713,174.802567,3
esp32_device_001,2026-05-21T19:33:38+12:00,61.5,-36.604744,174.802551,3
esp32_device_001,2026-05-21T19:33:43+12:00,60.1,-36.604767,174.802536,3
esp32_device_001,2026-05-21T19:33:48+12:00,60.7,-36.604767,174.802536,3
esp32_device_001,2026-05-21T19:33:53+12:00,59.8,-36.604786,174.802551,3
esp32_device_001,2026-05-21T19:33:58+12:00,58,-36.604801,174.802551,3
esp32_device_001,2026-05-21T19:34:03+12:00,52.6,-36.604816,174.802567,3
esp32_device_001,2026-05-21T19:34:08+12:00,51.4,-36.604805,174.802582,3
esp32_device_001,2026-05-21T19:34:13+12:00,51.3,-36.60479,174.802597,3
esp32_device_001,2026-05-21T19:34:18+12:00,48.3,-36.60479,174.802597,3
esp32_device_001,2026-05-21T19:34:23+12:00,46.2,-36.604786,174.802612,3
esp32_device_001,2026-05-21T19:34:28+12:00,46.2,-36.60479,174.802612,3
esp32_device_001,2026-05-21T19:34:33+12:00,48.5,-36.604771,174.802597,3
esp32_device_001,2026-05-21T19:34:38+12:00,49.3,-36.604771,174.802597,3
esp32_device_001,2026-05-21T19:34:43+12:00,51.2,-36.604755,174.802597,3
esp32_device_001,2026-05-21T19:34:48+12:00,52.3,-36.604748,174.802597,3
esp32_device_001,2026-05-21T19:34:53+12:00,53,-36.604748,174.802582,3
esp32_device_001,2026-05-21T19:34:58+12:00,53.4,-36.604748,174.802582,3
esp32_device_001,2026-05-21T19:35:03+12:00,53.2,-36.604752,174.802582,3
esp32_device_001,2026-05-21T19:35:08+12:00,52.9,-36.604755,174.802582,3
esp32_device_001,2026-05-21T19:35:13+12:00,53.3,-36.604752,174.802582,3
esp32_device_001,2026-05-21T19:35:18+12:00,54,-36.604748,174.802582,3
esp32_device_001,2026-05-21T19:35:23+12:00,54.4,-36.604744,174.802582,3
esp32_device_001,2026-05-21T19:35:28+12:00,54.4,-36.604748,174.802582,3
esp32_device_001,2026-05-21T19:35:33+12:00,54.2,-36.604748,174.802582,3
esp32_device_001,2026-05-21T19:35:38+12:00,53.3,-36.604755,174.802582,3
esp32_device_001,2026-05-21T19:35:43+12:00,52.9,-36.604755,174.802582,3
esp32_device_001,2026-05-21T19:35:48+12:00,52.8,-36.604755,174.802582,3
esp32_device_001,2026-05-21T19:35:53+12:00,52.5,-36.604759,174.802597,3
esp32_device_001,2026-05-21T19:35:58+12:00,51.8,-36.604763,174.802597,3
esp32_device_001,2026-05-21T19:36:03+12:00,51.1,-36.604763,174.802597,3
esp32_device_001,2026-05-21T19:36:08+12:00,49.9,-36.604771,174.802597,3
esp32_device_001,2026-05-21T19:36:13+12:00,48.6,-36.604774,174.802597,3
esp32_device_001,2026-05-21T19:36:18+12:00,47.1,-36.604782,174.802612,3
esp32_device_001,2026-05-21T19:36:23+12:00,46.2,-36.604782,174.802597,3
esp32_device_001,2026-05-21T19:36:28+12:00,45.4,-36.604786,174.802597,3
esp32_device_001,2026-05-21T19:36:33+12:00,45,-36.604786,174.802597,3
esp32_device_001,2026-05-21T19:36:38+12:00,45.2,-36.604786,174.802612,3
esp32_device_001,2026-05-21T19:36:43+12:00,45,-36.60479,174.802597,3
esp32_device_001,2026-05-21T19:36:48+12:00,45.3,-36.60479,174.802597,3
esp32_device_001,2026-05-21T19:36:53+12:00,44.4,-36.604794,174.802597,3
esp32_device_001,2026-05-21T19:36:58+12:00,44.5,-36.604797,174.802597,3
esp32_device_001,2026-05-21T19:37:03+12:00,44.7,-36.604794,174.802597,3
esp32_device_001,2026-05-21T19:37:08+12:00,44.4,-36.604794,174.802597,3
esp32_device_001,2026-05-21T19:37:13+12:00,44.1,-36.604797,174.802597,3
esp32_device_001,2026-05-21T19:37:18+12:00,44.1,-36.604797,174.802597,3
esp32_device_001,2026-05-21T19:37:23+12:00,43.7,-36.604797,174.802597,3
esp32_device_001,2026-05-21T19:37:28+12:00,44,-36.604797,174.802597,3
esp32_device_001,2026-05-21T19:37:33+12:00,44,-36.604797,174.802597,3
esp32_device_001,2026-05-21T19:37:38+12:00,43.8,-36.604794,174.802597,3
esp32_device_001,2026-05-21T19:37:43+12:00,45.1,-36.604786,174.802597,3
esp32_device_001,2026-05-21T19:37:48+12:00,46.2,-36.604778,174.802597,3
esp32_device_001,2026-05-21T19:37:53+12:00,46.7,-36.604771,174.802597,3
esp32_device_001,2026-05-21T19:37:58+12:00,46.2,-36.604771,174.802597,3
esp32_device_001,2026-05-21T19:38:03+12:00,45.6,-36.604774,174.802582,3
esp32_device_001,2026-05-21T19:38:08+12:00,45.1,-36.604771,174.802582,3
esp32_device_001,2026-05-21T19:38:13+12:00,46.2,-36.604755,174.802582,3
esp32_device_001,2026-05-21T19:38:18+12:00,48.5,-36.60474,174.802582,3
esp32_device_001,2026-05-21T19:38:23+12:00,52,-36.604713,174.802582,3
esp32_device_001,2026-05-21T19:38:28+12:00,55,-36.604694,174.802582,3
esp32_device_001,2026-05-21T19:38:33+12:00,57.1,-36.604679,174.802582,3
esp32_device_001,2026-05-21T19:38:38+12:00,58.6,-36.604671,174.802567,3
esp32_device_001,2026-05-21T19:38:43+12:00,59.3,-36.604668,174.802567,3
esp32_device_001,2026-05-21T19:38:48+12:00,59.4,-36.604668,174.802551,3
esp32_device_001,2026-05-21T19:38:53+12:00,59.5,-36.604668,174.802551,3
esp32_device_001,2026-05-21T19:38:58+12:00,59.6,-36.604668,174.802551,3
esp32_device_001,2026-05-21T19:39:03+12:00,57.1,-36.604687,174.802551,3
esp32_device_001,2026-05-21T19:39:08+12:00,50.5,-36.604744,174.802551,3
esp32_device_001,2026-05-21T19:39:13+12:00,47.8,-36.604767,174.802551,3
esp32_device_001,2026-05-21T19:39:18+12:00,47.9,-36.604771,174.802536,3
esp32_device_001,2026-05-21T19:39:23+12:00,50,-36.604755,174.802536,3
esp32_device_001,2026-05-21T19:39:28+12:00,48.1,-36.604774,174.802536,3
esp32_device_001,2026-05-21T19:39:33+12:00,50,-36.604763,174.802536,3
esp32_device_001,2026-05-21T19:39:38+12:00,49.2,-36.604767,174.802536,3
esp32_device_001,2026-05-21T19:39:43+12:00,46.2,-36.604797,174.802536,3
esp32_device_001,2026-05-21T19:39:48+12:00,47.3,-36.604794,174.802536,3
esp32_device_001,2026-05-21T19:39:53+12:00,46.3,-36.604805,174.802536,3
esp32_device_001,2026-05-21T19:39:58+12:00,46.1,-36.604813,174.802536,3
esp32_device_001,2026-05-21T19:40:03+12:00,43.6,-36.604836,174.802551,3
esp32_device_001,2026-05-21T19:40:08+12:00,45.5,-36.604809,174.802551,3
esp32_device_001,2026-05-21T19:40:13+12:00,48.1,-36.60479,174.802551,3
esp32_device_001,2026-05-21T19:40:18+12:00,50.4,-36.604771,174.802551,3
esp32_device_001,2026-05-21T19:40:23+12:00,53.2,-36.604744,174.802551,3
esp32_device_001,2026-05-21T19:40:28+12:00,54.5,-36.604736,174.802551,3
esp32_device_001,2026-05-21T19:40:33+12:00,55.7,-36.604733,174.802536,3
esp32_device_001,2026-05-21T19:40:38+12:00,57.1,-36.604721,174.802536,3
esp32_device_001,2026-05-21T19:40:43+12:00,59.4,-36.604702,174.802536,3
esp32_device_001,2026-05-21T19:40:48+12:00,60.8,-36.604691,174.802521,3
esp32_device_001,2026-05-21T19:40:53+12:00,61.6,-36.604691,174.802521,3
esp32_device_001,2026-05-21T19:40:58+12:00,61.9,-36.604694,174.802505,3
esp32_device_001,2026-05-21T19:41:03+12:00,61.8,-36.604691,174.802521,3
esp32_device_001,2026-05-21T19:41:08+12:00,64.2,-36.604664,174.802551,3
esp32_device_001,2026-05-21T19:41:13+12:00,66,-36.604645,174.802582,3
esp32_device_001,2026-05-21T19:41:18+12:00,66.3,-36.604649,174.802582,3
esp32_device_001,2026-05-21T19:41:23+12:00,65.1,-36.604664,174.802567,3
esp32_device_001,2026-05-21T19:41:36+12:00,58.4,-36.604733,174.802567,3
esp32_device_001,2026-05-21T19:41:41+12:00,56.5,-36.604744,174.802582,3
esp32_device_001,2026-05-21T19:41:46+12:00,55.6,-36.604752,174.802597,3
esp32_device_001,2026-05-21T19:41:51+12:00,55.3,-36.604752,174.802612,3
esp32_device_001,2026-05-21T19:41:56+12:00,53.7,-36.604771,174.802643,3
esp32_device_001,2026-05-21T19:42:01+12:00,50.9,-36.604786,174.802628,3
esp32_device_001,2026-05-21T19:42:06+12:00,48.7,-36.604786,174.802612,3
esp32_device_001,2026-05-21T19:42:11+12:00,47.9,-36.604782,174.802582,3
esp32_device_001,2026-05-21T19:42:16+12:00,47.7,-36.604778,174.802567,3
esp32_device_001,2026-05-21T19:42:21+12:00,47.1,-36.604774,174.802567,3
esp32_device_001,2026-05-21T19:42:26+12:00,47,-36.604771,174.802567,3
esp32_device_001,2026-05-21T19:42:31+12:00,47.3,-36.604763,174.802567,3
esp32_device_001,2026-05-21T19:42:36+12:00,46.6,-36.604755,174.802551,3
esp32_device_001,2026-05-21T19:42:41+12:00,44.1,-36.604767,174.802551,3
esp32_device_001,2026-05-21T19:42:46+12:00,43.6,-36.604767,174.802567,3
esp32_device_001,2026-05-21T19:42:51+12:00,42.9,-36.604774,174.802551,3
esp32_device_001,2026-05-21T19:42:56+12:00,41.7,-36.604778,174.802551,3
esp32_device_001,2026-05-21T19:43:01+12:00,40.6,-36.604782,174.802567,3
esp32_device_001,2026-05-21T19:43:06+12:00,39.4,-36.60479,174.802567,3
esp32_device_001,2026-05-21T19:43:11+12:00,38.4,-36.604797,174.802567,3
esp32_device_001,2026-05-21T19:43:16+12:00,37.1,-36.604805,174.802567,3
esp32_device_001,2026-05-21T19:43:21+12:00,35.7,-36.604813,174.802567,3
esp32_device_001,2026-05-21T19:43:26+12:00,35.2,-36.604816,174.802567,3
esp32_device_001,2026-05-21T19:43:31+12:00,34.4,-36.60482,174.802582,3
esp32_device_001,2026-05-21T19:43:36+12:00,32.9,-36.60482,174.802582,3
esp32_device_001,2026-05-21T19:43:41+12:00,32.4,-36.60482,174.802597,3
esp32_device_001,2026-05-21T19:43:46+12:00,31.5,-36.604828,174.802597,3
esp32_device_001,2026-05-21T19:43:51+12:00,30.8,-36.604832,174.802597,3
esp32_device_001,2026-05-21T19:43:56+12:00,30.4,-36.604832,174.802582,3
esp32_device_001,2026-05-21T19:44:01+12:00,30.2,-36.604832,174.802582,3
esp32_device_001,2026-05-21T19:44:06+12:00,29.9,-36.604832,174.802582,3
esp32_device_001,2026-05-21T19:44:11+12:00,30,-36.604828,174.802582,3
esp32_device_001,2026-05-21T19:44:16+12:00,29.6,-36.604824,174.802582,3
esp32_device_001,2026-05-21T19:44:21+12:00,29.5,-36.604816,174.802582,3
esp32_device_001,2026-05-21T19:44:26+12:00,31.3,-36.604813,174.802597,3
esp32_device_001,2026-05-21T19:44:31+12:00,33.7,-36.604813,174.802597,3
esp32_device_001,2026-05-21T19:44:36+12:00,36.8,-36.604805,174.802597,3
esp32_device_001,2026-05-21T19:44:41+12:00,39.6,-36.604794,174.802597,3
esp32_device_001,2026-05-21T19:44:46+12:00,40.1,-36.604794,174.802597,3
esp32_device_001,2026-05-21T19:44:51+12:00,40.1,-36.60479,174.802597,3
esp32_device_001,2026-05-21T19:44:56+12:00,39.1,-36.604786,174.802597,3
esp32_device_001,2026-05-21T19:45:01+12:00,38.6,-36.604786,174.802582,3
esp32_device_001,2026-05-21T19:45:06+12:00,38.5,-36.604786,174.802582,3
esp32_device_001,2026-05-21T19:45:11+12:00,38.4,-36.604786,174.802567,3
esp32_device_001,2026-05-21T19:45:16+12:00,38.5,-36.604782,174.802567,3
esp32_device_001,2026-05-21T19:45:21+12:00,37.6,-36.604786,174.802567,3
esp32_device_001,2026-05-21T19:45:26+12:00,36.7,-36.604782,174.802582,3
esp32_device_001,2026-05-21T19:45:31+12:00,35.7,-36.604786,174.802582,3
esp32_device_001,2026-05-21T19:45:36+12:00,34.3,-36.60479,174.802582,3
esp32_device_001,2026-05-21T19:45:41+12:00,33.2,-36.60479,174.802597,3
esp32_device_001,2026-05-21T19:45:46+12:00,32.8,-36.604794,174.802597,3
esp32_device_001,2026-05-21T19:45:51+12:00,31.8,-36.604794,174.802597,3
esp32_device_001,2026-05-21T19:45:56+12:00,32.1,-36.604794,174.802597,3
esp32_device_001,2026-05-21T19:46:01+12:00,31.3,-36.604794,174.802597,3
esp32_device_001,2026-05-21T19:46:06+12:00,32.6,-36.604794,174.802597,3
esp32_device_001,2026-05-21T19:46:11+12:00,33.2,-36.604794,174.802597,3
esp32_device_001,2026-05-21T19:46:16+12:00,33.9,-36.60479,174.802597,3
esp32_device_001,2026-05-21T19:46:21+12:00,34.8,-36.60479,174.802582,3
esp32_device_001,2026-05-21T19:46:26+12:00,35.7,-36.604786,174.802582,3
esp32_device_001,2026-05-21T19:46:31+12:00,35.2,-36.604786,174.802582,3
esp32_device_001,2026-05-21T19:46:36+12:00,35.1,-36.604786,174.802582,3
esp32_device_001,2026-05-21T19:46:41+12:00,36.8,-36.60479,174.802567,3
esp32_device_001,2026-05-21T19:46:46+12:00,39.2,-36.60479,174.802567,3
esp32_device_001,2026-05-21T19:46:51+12:00,38.9,-36.60479,174.802567,3
esp32_device_001,2026-05-21T19:46:56+12:00,37.1,-36.60479,174.802567,3
esp32_device_001,2026-05-21T19:47:01+12:00,36,-36.60479,174.802567,3
esp32_device_001,2026-05-21T19:47:06+12:00,36.3,-36.60479,174.802567,3
esp32_device_001,2026-05-21T19:47:11+12:00,36.8,-36.604786,174.802567,3
esp32_device_001,2026-05-21T19:47:16+12:00,37.2,-36.604786,174.802551,3
esp32_device_001,2026-05-21T19:47:21+12:00,37.6,-36.604786,174.802551,3
esp32_device_001,2026-05-21T19:47:26+12:00,38.3,-36.604782,174.802551,3
esp32_device_001,2026-05-21T19:47:31+12:00,38.3,-36.604782,174.802551,3
esp32_device_001,2026-05-21T19:47:36+12:00,38.8,-36.604782,174.802551,3
esp32_device_001,2026-05-21T19:47:41+12:00,39.9,-36.604782,174.802551,3
esp32_device_001,2026-05-21T19:47:46+12:00,41.4,-36.604782,174.802551,3
esp32_device_001,2026-05-21T19:47:51+12:00,41.5,-36.604782,174.802551,3
esp32_device_001,2026-05-21T19:47:56+12:00,42.2,-36.604786,174.802551,3
esp32_device_001,2026-05-21T19:48:01+12:00,41.8,-36.604786,174.802551,3
esp32_device_001,2026-05-21T19:48:06+12:00,41.6,-36.604786,174.802551,3
esp32_device_001,2026-05-21T19:48:11+12:00,41.1,-36.604794,174.802551,3
esp32_device_001,2026-05-21T19:48:16+12:00,40.8,-36.604794,174.802551,3
esp32_device_001,2026-05-21T19:48:21+12:00,39.5,-36.604794,174.802567,3
esp32_device_001,2026-05-21T19:48:26+12:00,38.4,-36.604797,174.802567,3
esp32_device_001,2026-05-21T19:48:31+12:00,35.4,-36.604794,174.802582,3
esp32_device_001,2026-05-21T19:48:36+12:00,32.7,-36.604794,174.802582,3
esp32_device_001,2026-05-21T19:48:41+12:00,30.7,-36.604797,174.802597,3
esp32_device_001,2026-05-21T19:48:46+12:00,28.3,-36.604809,174.802597,3
esp32_device_001,2026-05-21T19:48:51+12:00,26.2,-36.60482,174.802597,3
esp32_device_001,2026-05-21T19:48:56+12:00,23.7,-36.604836,174.802597,3
esp32_device_001,2026-05-21T19:49:01+12:00,22,-36.604816,174.802612,3
esp32_device_001,2026-05-21T19:49:06+12:00,20.8,-36.604809,174.802628,3
esp32_device_001,2026-05-21T19:49:11+12:00,19,-36.60479,174.802643,3
esp32_device_001,2026-05-21T19:49:16+12:00,17.4,-36.604794,174.802658,3
esp32_device_001,2026-05-21T19:49:21+12:00,16.1,-36.604778,174.802673,3
esp32_device_001,2026-05-21T19:49:26+12:00,13.6,-36.604794,174.802673,3
esp32_device_001,2026-05-21T19:49:31+12:00,10.9,-36.60482,174.802673,3
esp32_device_001,2026-05-21T19:49:36+12:00,9.4,-36.60482,174.802673,3
esp32_device_001,2026-05-21T19:49:41+12:00,8,-36.604828,174.802673,3
esp32_device_001,2026-05-21T19:49:46+12:00,8,-36.604813,174.802689,3
esp32_device_001,2026-05-21T19:49:51+12:00,7.6,-36.604797,174.802719,3
esp32_device_001,2026-05-21T19:49:56+12:00,6.9,-36.604778,174.802734,3
esp32_device_001,2026-05-21T19:50:01+12:00,6.5,-36.604767,174.80275,3
esp32_device_001,2026-05-21T19:50:06+12:00,8.7,-36.604748,174.802765,3
esp32_device_001,2026-05-21T19:50:11+12:00,11.2,-36.604733,174.802765,3
esp32_device_001,2026-05-21T19:50:16+12:00,11.4,-36.604733,174.802765,3
esp32_device_001,2026-05-21T19:50:21+12:00,9.8,-36.604733,174.802765,3
esp32_device_001,2026-05-21T19:50:26+12:00,9.2,-36.604744,174.802765,3
esp32_device_001,2026-05-21T19:50:31+12:00,11,-36.604759,174.80275,3
esp32_device_001,2026-05-21T19:50:36+12:00,13,-36.604759,174.802734,3
esp32_device_001,2026-05-21T19:50:41+12:00,14.2,-36.604763,174.802734,3
esp32_device_001,2026-05-21T19:50:46+12:00,17.9,-36.604767,174.802719,3
esp32_device_001,2026-05-21T19:50:51+12:00,22.2,-36.604778,174.802689,3
esp32_device_001,2026-05-21T19:50:56+12:00,29.1,-36.604771,174.802643,3
esp32_device_001,2026-05-21T19:51:01+12:00,33.8,-36.604767,174.802628,3
esp32_device_001,2026-05-21T19:51:06+12:00,37,-36.604771,174.802612,3
esp32_device_001,2026-05-21T19:51:11+12:00,40.1,-36.604771,174.802597,3
esp32_device_001,2026-05-21T19:51:16+12:00,41.6,-36.604767,174.802597,3
esp32_device_001,2026-05-21T19:51:21+12:00,42.3,-36.604771,174.802597,3
esp32_device_001,2026-05-21T19:51:26+12:00,42.8,-36.604771,174.802597,3
esp32_device_001,2026-05-21T19:53:01+12:00,42.8,-36.604752,174.802567,3
esp32_device_001,2026-05-21T19:53:06+12:00,51.2,-36.604755,174.802567,3
esp32_device_001,2026-05-21T19:53:11+12:00,49.6,-36.604759,174.802582,3
esp32_device_001,2026-05-21T19:53:16+12:00,47.9,-36.604763,174.802582,3
esp32_device_001,2026-05-21T19:53:21+12:00,47.1,-36.604767,174.802582,3
esp32_device_001,2026-05-21T19:53:26+12:00,45.2,-36.604771,174.802582,3
esp32_device_001,2026-05-21T19:53:31+12:00,43.9,-36.604767,174.802597,3
esp32_device_001,2026-05-21T19:53:36+12:00,43.2,-36.604767,174.802597,3
esp32_device_001,2026-05-21T19:53:41+12:00,42.2,-36.604767,174.802597,3
esp32_device_001,2026-05-21T19:53:46+12:00,41.1,-36.604767,174.802597,3
esp32_device_001,2026-05-21T19:53:51+12:00,40.7,-36.604767,174.802597,3
esp32_device_001,2026-05-21T19:53:56+12:00,40.3,-36.604767,174.802597,3
esp32_device_001,2026-05-21T19:54:01+12:00,39.8,-36.604767,174.802597,3
esp32_device_001,2026-05-21T19:54:06+12:00,39.7,-36.604767,174.802597,3
esp32_device_001,2026-05-21T19:54:11+12:00,39.2,-36.604767,174.802597,3
esp32_device_001,2026-05-21T19:54:16+12:00,38,-36.604767,174.802597,3
esp32_device_001,2026-05-21T19:54:21+12:00,37.1,-36.604763,174.802597,3
esp32_device_001,2026-05-21T19:54:26+12:00,36.1,-36.604767,174.802612,3
esp32_device_001,2026-05-21T19:54:31+12:00,35.3,-36.604767,174.802612,3
esp32_device_001,2026-05-21T19:54:36+12:00,34.1,-36.604763,174.802612,3
esp32_device_001,2026-05-21T19:54:41+12:00,32.4,-36.604767,174.802628,3
esp32_device_001,2026-05-21T19:54:46+12:00,31.2,-36.604767,174.802628,3
esp32_device_001,2026-05-21T19:54:51+12:00,28.7,-36.604767,174.802628,3
esp32_device_001,2026-05-21T19:54:56+12:00,26.2,-36.604767,174.802643,3
esp32_device_001,2026-05-21T19:55:01+12:00,25.5,-36.604767,174.802643,3
esp32_device_001,2026-05-21T19:55:06+12:00,25.9,-36.604771,174.802643,3
esp32_device_001,2026-05-21T19:55:11+12:00,26.9,-36.604771,174.802643,3
esp32_device_001,2026-05-21T19:55:16+12:00,28.7,-36.604774,174.802628,3
esp32_device_001,2026-05-21T19:55:21+12:00,27.7,-36.604774,174.802643,3
esp32_device_001,2026-05-21T19:55:26+12:00,28.1,-36.604774,174.802643,3
esp32_device_001,2026-05-21T19:55:31+12:00,29.8,-36.604771,174.802628,3
esp32_device_001,2026-05-21T19:55:36+12:00,30.7,-36.604771,174.802628,3
esp32_device_001,2026-05-21T19:55:41+12:00,32,-36.604771,174.802628,3
esp32_device_001,2026-05-21T19:55:46+12:00,32.5,-36.604767,174.802628,3
esp32_device_001,2026-05-21T19:55:51+12:00,31.5,-36.604767,174.802643,3
esp32_device_001,2026-05-21T19:55:56+12:00,29.2,-36.604771,174.802643,3
esp32_device_001,2026-05-21T19:56:01+12:00,26,-36.604771,174.802658,3
esp32_device_001,2026-05-21T19:56:06+12:00,22.7,-36.604771,174.802658,3
esp32_device_001,2026-05-21T19:56:11+12:00,19.3,-36.604771,174.802673,3
esp32_device_001,2026-05-21T19:56:16+12:00,16.2,-36.604767,174.802673,3
esp32_device_001,2026-05-21T19:56:21+12:00,14,-36.604763,174.802673,3
esp32_device_001,2026-05-21T20:01:30+12:00,34.4,-36.604763,174.802582,4
esp32_device_001,2026-05-21T20:02:18+12:00,42.2,-36.604694,174.802597,4
esp32_device_001,2026-05-21T20:02:23+12:00,43.1,-36.604691,174.802612,4
esp32_device_001,2026-05-21T20:02:28+12:00,43.5,-36.604694,174.802612,4
esp32_device_001,2026-05-21T20:02:33+12:00,43.5,-36.604702,174.802597,4
esp32_device_001,2026-05-21T20:02:38+12:00,43.1,-36.60471,174.802597,4
esp32_device_001,2026-05-21T20:02:43+12:00,43.6,-36.604717,174.802597,4
esp32_device_001,2026-05-21T20:02:48+12:00,43.3,-36.604721,174.802597,4
esp32_device_001,2026-05-21T20:02:53+12:00,42.7,-36.604717,174.802597,4
esp32_device_001,2026-05-21T20:02:58+12:00,43.3,-36.604721,174.802597,4
esp32_device_001,2026-05-21T20:03:03+12:00,44.1,-36.604717,174.802597,4
esp32_device_001,2026-05-21T20:03:08+12:00,43.7,-36.604721,174.802597,4
esp32_device_001,2026-05-21T20:03:13+12:00,43.7,-36.604729,174.802597,4
esp32_device_001,2026-05-21T20:03:18+12:00,43.6,-36.604736,174.802597,4
esp32_device_001,2026-05-21T20:03:23+12:00,43.4,-36.604736,174.802597,4
esp32_device_001,2026-05-21T20:03:28+12:00,42.6,-36.60474,174.802582,4
esp32_device_001,2026-05-21T20:03:33+12:00,41.1,-36.604736,174.802582,4
esp32_device_001,2026-05-21T20:03:38+12:00,40.5,-36.604733,174.802597,4
esp32_device_001,2026-05-21T20:03:43+12:00,39.6,-36.604736,174.802582,4
esp32_device_001,2026-05-21T20:03:48+12:00,38.4,-36.604736,174.802582,4
esp32_device_001,2026-05-21T20:03:53+12:00,38.9,-36.604736,174.802582,4
esp32_device_001,2026-05-21T20:03:58+12:00,39.6,-36.60474,174.802582,4
esp32_device_001,2026-05-21T20:04:03+12:00,39.4,-36.60474,174.802582,4
esp32_device_001,2026-05-21T20:04:08+12:00,39.6,-36.604744,174.802582,4
esp32_device_001,2026-05-21T20:04:13+12:00,40.5,-36.60474,174.802582,4
esp32_device_001,2026-05-21T20:04:18+12:00,40.5,-36.60474,174.802582,4
esp32_device_001,2026-05-21T20:04:23+12:00,40.9,-36.604744,174.802582,4
esp32_device_001,2026-05-21T20:04:28+12:00,40.8,-36.604748,174.802567,4
esp32_device_001,2026-05-21T20:04:33+12:00,40.2,-36.604752,174.802567,4
esp32_device_001,2026-05-21T20:04:38+12:00,39.9,-36.604752,174.802582,4
esp32_device_001,2026-05-21T20:04:43+12:00,39.4,-36.604759,174.802567,4
esp32_device_001,2026-05-21T20:04:48+12:00,39.1,-36.604763,174.802567,4
esp32_device_001,2026-05-21T20:04:53+12:00,39.6,-36.604763,174.802567,4
esp32_device_001,2026-05-21T20:04:58+12:00,40.1,-36.604767,174.802582,4
esp32_device_001,2026-05-21T20:05:03+12:00,39.6,-36.604771,174.802567,4
esp32_device_001,2026-05-21T20:05:08+12:00,39.5,-36.604771,174.802582,4
esp32_device_001,2026-05-21T20:05:13+12:00,39.4,-36.604767,174.802582,4
esp32_device_001,2026-05-21T20:05:18+12:00,39.2,-36.604763,174.802597,4
esp32_device_001,2026-05-21T20:05:23+12:00,39.2,-36.604759,174.802612,4
esp32_device_001,2026-05-21T20:05:28+12:00,39.4,-36.604755,174.802612,4
esp32_device_001,2026-05-21T20:05:33+12:00,39.7,-36.604771,174.802597,4
esp32_device_001,2026-05-21T20:05:38+12:00,39.5,-36.604771,174.802582,4
esp32_device_001,2026-05-21T20:05:43+12:00,40.1,-36.604774,174.802582,4
esp32_device_001,2026-05-21T20:05:48+12:00,40.8,-36.604771,174.802567,4
esp32_device_001,2026-05-21T20:05:53+12:00,41.3,-36.604763,174.802567,4
esp32_device_001,2026-05-21T20:05:58+12:00,42.1,-36.604752,174.802582,4
esp32_device_001,2026-05-21T20:06:03+12:00,42.5,-36.604736,174.802597,4
esp32_device_001,2026-05-21T20:06:08+12:00,42.7,-36.604729,174.802612,4
esp32_device_001,2026-05-21T20:06:13+12:00,43,-36.604713,174.802628,4
esp32_device_001,2026-05-21T20:06:18+12:00,43.1,-36.60471,174.802628,4
esp32_device_001,2026-05-21T20:06:23+12:00,43,-36.604721,174.802612,4
esp32_device_001,2026-05-21T20:10:44+12:00,34,-36.604736,174.802643,4
esp32_device_001,2026-05-21T20:10:54+12:00,36.5,-36.60474,174.802628,4
esp32_device_001,2026-05-21T20:10:59+12:00,36.1,-36.604736,174.802628,4
esp32_device_001,2026-05-21T20:11:04+12:00,36.2,-36.604736,174.802628,4
esp32_device_001,2026-05-21T20:11:09+12:00,35.4,-36.604733,174.802628,4
esp32_device_001,2026-05-21T20:11:14+12:00,34.3,-36.604729,174.802628,4
esp32_device_001,2026-05-21T20:11:19+12:00,33.6,-36.604725,174.802628,4
esp32_device_001,2026-05-21T20:11:24+12:00,33.2,-36.604721,174.802628,4
esp32_device_001,2026-05-21T20:11:29+12:00,33.2,-36.604721,174.802628,4
esp32_device_001,2026-05-21T20:11:34+12:00,33.5,-36.604725,174.802612,4
esp32_device_001,2026-05-21T20:11:39+12:00,32.5,-36.604721,174.802612,4
esp32_device_001,2026-05-21T20:11:44+12:00,31.4,-36.604717,174.802628,4
esp32_device_001,2026-05-21T20:11:49+12:00,30.7,-36.604713,174.802628,4
esp32_device_001,2026-05-21T20:11:54+12:00,30.3,-36.604713,174.802612,4
esp32_device_001,2026-05-21T20:11:59+12:00,30.7,-36.604713,174.802612,4
esp32_device_001,2026-05-21T20:12:04+12:00,30.2,-36.604713,174.802612,4
esp32_device_001,2026-05-21T20:12:09+12:00,30.4,-36.604717,174.802612,4
esp32_device_001,2026-05-21T20:12:14+12:00,30.3,-36.604717,174.802612,4
esp32_device_001,2026-05-21T20:12:19+12:00,29.9,-36.604717,174.802612,4
esp32_device_001,2026-05-21T20:12:24+12:00,32.2,-36.604725,174.802612,4
esp32_device_001,2026-05-21T20:12:29+12:00,33.7,-36.604725,174.802612,4
esp32_device_001,2026-05-21T20:12:34+12:00,33.6,-36.604725,174.802612,4
esp32_device_001,2026-05-21T20:12:39+12:00,33.5,-36.604725,174.802612,4
esp32_device_001,2026-05-21T20:12:44+12:00,34.1,-36.604729,174.802612,4
esp32_device_001,2026-05-21T20:12:49+12:00,33.9,-36.604725,174.802612,4
esp32_device_001,2026-05-21T20:12:54+12:00,34.9,-36.604725,174.802612,4
esp32_device_001,2026-05-21T20:12:59+12:00,36.3,-36.604729,174.802612,4
esp32_device_001,2026-05-21T20:13:04+12:00,37.2,-36.604729,174.802612,4
esp32_device_001,2026-05-21T20:13:09+12:00,37.7,-36.604733,174.802612,4
esp32_device_001,2026-05-21T20:13:14+12:00,37.8,-36.604733,174.802612,4
esp32_device_001,2026-05-21T20:13:19+12:00,36.3,-36.604729,174.802612,4
esp32_device_001,2026-05-21T20:13:24+12:00,35.2,-36.604725,174.802612,4
esp32_device_001,2026-05-21T20:13:29+12:00,35,-36.604725,174.802597,4
esp32_device_001,2026-05-21T20:13:34+12:00,35.7,-36.604729,174.802597,4
esp32_device_001,2026-05-21T20:13:39+12:00,35.6,-36.604725,174.802597,4
esp32_device_001,2026-05-21T20:13:44+12:00,36.8,-36.604729,174.802597,4
esp32_device_001,2026-05-21T20:13:49+12:00,37.7,-36.604733,174.802597,4
esp32_device_001,2026-05-21T20:13:54+12:00,39.4,-36.60474,174.802597,4
esp32_device_001,2026-05-21T20:13:59+12:00,40.5,-36.60474,174.802597,4
esp32_device_001,2026-05-21T20:14:04+12:00,42.3,-36.604744,174.802597,4
esp32_device_001,2026-05-21T20:14:09+12:00,42.4,-36.604744,174.802597,4
esp32_device_001,2026-05-21T20:14:14+12:00,41.9,-36.604744,174.802597,4
esp32_device_001,2026-05-21T20:14:19+12:00,41.9,-36.60474,174.802597,4
esp32_device_001,2026-05-21T20:14:24+12:00,42,-36.604736,174.802597,4
esp32_device_001,2026-05-21T20:14:29+12:00,43.1,-36.604736,174.802597,4
esp32_device_001,2026-05-21T20:14:34+12:00,41.9,-36.604733,174.802597,4
esp32_device_001,2026-05-21T20:14:39+12:00,41.8,-36.604729,174.802597,4
esp32_device_001,2026-05-21T20:14:44+12:00,41.2,-36.604729,174.802597,4
esp32_device_001,2026-05-21T20:14:49+12:00,40.3,-36.604725,174.802597,4
esp32_device_001,2026-05-21T20:14:54+12:00,40.2,-36.604725,174.802597,4
esp32_device_001,2026-05-21T20:14:59+12:00,40.7,-36.604725,174.802597,4
esp32_device_001,2026-05-21T20:15:04+12:00,40.5,-36.604725,174.802597,4
esp32_device_001,2026-05-21T20:15:09+12:00,40.2,-36.604729,174.802582,4
esp32_device_001,2026-05-21T20:15:14+12:00,40.8,-36.604729,174.802582,4
esp32_device_001,2026-05-21T20:15:19+12:00,40.3,-36.604729,174.802582,4
esp32_device_001,2026-05-21T20:15:24+12:00,39.4,-36.604733,174.802582,4
esp32_device_001,2026-05-21T20:15:29+12:00,39.4,-36.604736,174.802582,4
esp32_device_001,2026-05-21T20:15:34+12:00,38,-36.604736,174.802582,4
esp32_device_001,2026-05-21T20:15:39+12:00,38.8,-36.60474,174.802582,4
esp32_device_001,2026-05-21T20:15:44+12:00,37.4,-36.60474,174.802582,4
esp32_device_001,2026-05-21T20:15:49+12:00,37.2,-36.60474,174.802582,4
esp32_device_001,2026-05-21T20:15:54+12:00,36.3,-36.60474,174.802582,4
esp32_device_001,2026-05-21T20:15:59+12:00,35.9,-36.604736,174.802582,4
esp32_device_001,2026-05-21T20:16:04+12:00,35.6,-36.604736,174.802582,4
esp32_device_001,2026-05-21T20:16:09+12:00,34.6,-36.604736,174.802582,4
esp32_device_001,2026-05-21T20:16:14+12:00,35.1,-36.604736,174.802582,4
esp32_device_001,2026-05-21T20:16:19+12:00,35.1,-36.604736,174.802582,4
esp32_device_001,2026-05-21T20:16:24+12:00,36.6,-36.604744,174.802582,4
esp32_device_001,2026-05-21T20:16:29+12:00,36.8,-36.604744,174.802582,4
esp32_device_001,2026-05-21T20:16:34+12:00,38,-36.604752,174.802567,4
esp32_device_001,2026-05-21T20:16:39+12:00,38.2,-36.604752,174.802567,4
esp32_device_001,2026-05-21T20:16:44+12:00,38.5,-36.604752,174.802567,4
esp32_device_001,2026-05-21T20:16:49+12:00,39.3,-36.604755,174.802567,4
esp32_device_001,2026-05-21T20:16:54+12:00,39.2,-36.604755,174.802567,4
esp32_device_001,2026-05-21T20:16:59+12:00,39.5,-36.604752,174.802567,4
esp32_device_001,2026-05-21T20:17:04+12:00,39.3,-36.604752,174.802567,4
esp32_device_001,2026-05-21T20:17:09+12:00,39.4,-36.604752,174.802567,4
esp32_device_001,2026-05-21T20:17:14+12:00,39.6,-36.604752,174.802567,4
esp32_device_001,2026-05-21T20:17:19+12:00,40.5,-36.604759,174.802551,4
esp32_device_001,2026-05-21T20:17:24+12:00,40.7,-36.604759,174.802551,4
esp32_device_001,2026-05-21T20:17:29+12:00,42.6,-36.604767,174.802536,4
esp32_device_001,2026-05-21T20:17:34+12:00,42.5,-36.604767,174.802536,4
esp32_device_001,2026-05-21T20:17:39+12:00,43.2,-36.604763,174.802536,4
esp32_device_001,2026-05-21T20:17:44+12:00,43.6,-36.604759,174.802551,4
esp32_device_001,2026-05-21T20:17:49+12:00,44,-36.604755,174.802551,4
esp32_device_001,2026-05-21T20:17:54+12:00,44.5,-36.604752,174.802551,4
esp32_device_001,2026-05-21T20:17:59+12:00,45.2,-36.604748,174.802551,4
esp32_device_001,2026-05-21T20:18:04+12:00,45,-36.604744,174.802567,4
esp32_device_001,2026-05-21T20:18:09+12:00,44.6,-36.60474,174.802567,4
esp32_device_001,2026-05-21T20:18:14+12:00,44.1,-36.604736,174.802567,4
esp32_device_001,2026-05-21T20:18:19+12:00,44.2,-36.604736,174.802567,4
esp32_device_001,2026-05-21T20:18:24+12:00,43.7,-36.604736,174.802567,4
esp32_device_001,2026-05-21T20:18:29+12:00,44,-36.60474,174.802567,4
esp32_device_001,2026-05-21T20:18:34+12:00,44.3,-36.60474,174.802567,4
esp32_device_001,2026-05-21T20:18:39+12:00,44.2,-36.60474,174.802567,4
esp32_device_001,2026-05-21T20:18:44+12:00,43.8,-36.604744,174.802582,4
esp32_device_001,2026-05-21T20:18:49+12:00,43.6,-36.604748,174.802567,4
esp32_device_001,2026-05-21T20:18:54+12:00,42.8,-36.604752,174.802567,4
esp32_device_001,2026-05-21T20:18:59+12:00,42.2,-36.604748,174.802567,4
esp32_device_001,2026-05-21T20:19:04+12:00,41.6,-36.604748,174.802582,4
esp32_device_001,2026-05-21T20:19:09+12:00,40.7,-36.604748,174.802582,4
esp32_device_001,2026-05-21T20:19:14+12:00,40,-36.604748,174.802582,4
esp32_device_001,2026-05-21T20:19:19+12:00,39.1,-36.604748,174.802582,4
esp32_device_001,2026-05-21T20:19:24+12:00,38.5,-36.604748,174.802582,4
esp32_device_001,2026-05-21T20:19:29+12:00,37.9,-36.604748,174.802582,4
esp32_device_001,2026-05-21T20:19:34+12:00,37.9,-36.604744,174.802582,4
esp32_device_001,2026-05-21T20:19:39+12:00,37.3,-36.604748,174.802582,4
esp32_device_001,2026-05-21T20:19:44+12:00,34.8,-36.604755,174.802582,4
esp32_device_001,2026-05-21T20:19:49+12:00,33.9,-36.604755,174.802582,4
esp32_device_001,2026-05-21T20:19:54+12:00,32.7,-36.604752,174.802582,4
esp32_device_001,2026-05-21T20:19:59+12:00,32,-36.604748,174.802582,4
esp32_device_001,2026-05-21T20:20:04+12:00,30,-36.604748,174.802582,4
esp32_device_001,2026-05-21T20:20:09+12:00,28.3,-36.60474,174.802597,4
esp32_device_001,2026-05-21T20:20:14+12:00,26.3,-36.60474,174.802597,4
esp32_device_001,2026-05-21T20:20:19+12:00,24.3,-36.60474,174.802582,4
esp32_device_001,2026-05-21T20:20:24+12:00,22.5,-36.60474,174.802582,4
esp32_device_001,2026-05-21T20:20:29+12:00,21.9,-36.604744,174.802582,4
esp32_device_001,2026-05-21T20:20:34+12:00,21,-36.604752,174.802582,4
esp32_device_001,2026-05-21T20:20:39+12:00,20.5,-36.604752,174.802582,4
esp32_device_001,2026-05-21T20:20:44+12:00,21.1,-36.604752,174.802582,4
esp32_device_001,2026-05-21T20:20:49+12:00,21.8,-36.604759,174.802582,4
esp32_device_001,2026-05-21T20:20:54+12:00,21.5,-36.604763,174.802567,4
esp32_device_001,2026-05-21T20:20:59+12:00,22.6,-36.604767,174.802582,4
esp32_device_001,2026-05-21T20:21:04+12:00,23.2,-36.604771,174.802582,4
esp32_device_001,2026-05-21T20:21:09+12:00,24.2,-36.604767,174.802582,4
esp32_device_001,2026-05-21T20:21:14+12:00,24.4,-36.604771,174.802582,4
esp32_device_001,2026-05-21T20:21:19+12:00,26,-36.604767,174.802582,4
esp32_device_001,2026-05-21T20:21:24+12:00,27.2,-36.604767,174.802582,4
esp32_device_001,2026-05-21T20:21:29+12:00,30.2,-36.604763,174.802582,4
esp32_device_001,2026-05-21T20:21:34+12:00,29.3,-36.604767,174.802582,4
esp32_device_001,2026-05-21T20:21:39+12:00,30.1,-36.604763,174.802582,4
esp32_device_001,2026-05-21T20:21:44+12:00,29.9,-36.604767,174.802582,4
esp32_device_001,2026-05-21T20:21:49+12:00,28.9,-36.604767,174.802582,4
esp32_device_001,2026-05-21T20:21:54+12:00,29,-36.604767,174.802582,4
esp32_device_001,2026-05-21T20:21:59+12:00,27.4,-36.604771,174.802582,4
esp32_device_001,2026-05-21T20:22:04+12:00,26.2,-36.604774,174.802582,4
esp32_device_001,2026-05-21T20:22:09+12:00,26.4,-36.604778,174.802567,4
esp32_device_001,2026-05-21T20:22:14+12:00,26.1,-36.604778,174.802567,4
esp32_device_001,2026-05-21T20:22:19+12:00,26.9,-36.604774,174.802567,4
esp32_device_001,2026-05-21T20:22:24+12:00,26.9,-36.604774,174.802567,4
esp32_device_001,2026-05-21T20:22:29+12:00,27.8,-36.604774,174.802567,4
esp32_device_001,2026-05-21T20:22:34+12:00,27.8,-36.604774,174.802567,4
esp32_device_001,2026-05-21T20:22:39+12:00,29.6,-36.604771,174.802582,4
esp32_device_001,2026-05-21T20:22:44+12:00,30.5,-36.604767,174.802582,4
esp32_device_001,2026-05-21T20:22:49+12:00,30.6,-36.604763,174.802582,4
esp32_device_001,2026-05-21T20:22:54+12:00,31.7,-36.604763,174.802582,4
esp32_device_001,2026-05-21T20:22:59+12:00,32.5,-36.604759,174.802582,4
esp32_device_001,2026-05-21T20:23:04+12:00,32.4,-36.604759,174.802582,4
esp32_device_001,2026-05-21T20:23:09+12:00,31.4,-36.604763,174.802582,4
esp32_device_001,2026-05-21T20:23:14+12:00,31.1,-36.604763,174.802582,4
esp32_device_001,2026-05-21T20:23:19+12:00,31.1,-36.604767,174.802567,4
esp32_device_001,2026-05-21T20:23:24+12:00,30.8,-36.604767,174.802567,4
esp32_device_001,2026-05-21T20:23:29+12:00,32.3,-36.604759,174.802567,4
esp32_device_001,2026-05-21T20:23:34+12:00,33.6,-36.604755,174.802567,4
esp32_device_001,2026-05-21T20:23:39+12:00,34.2,-36.604755,174.802567,4
esp32_device_001,2026-05-21T20:23:44+12:00,35,-36.604755,174.802567,4
esp32_device_001,2026-05-21T20:23:49+12:00,36.4,-36.604755,174.802567,4
esp32_device_001,2026-05-21T20:23:54+12:00,37.5,-36.604755,174.802567,4
esp32_device_001,2026-05-21T20:23:59+12:00,38.9,-36.604759,174.802567,4
esp32_device_001,2026-05-21T20:24:04+12:00,40.9,-36.604755,174.802567,4
esp32_device_001,2026-05-21T20:24:09+12:00,41.9,-36.604752,174.802582,4
esp32_device_001,2026-05-21T20:24:14+12:00,42.7,-36.604752,174.802582,4
esp32_device_001,2026-05-21T20:24:19+12:00,43.1,-36.604752,174.802582,4
esp32_device_001,2026-05-21T20:24:24+12:00,42.7,-36.604752,174.802582,4
esp32_device_001,2026-05-21T20:24:29+12:00,42.3,-36.604752,174.802582,4
esp32_device_001,2026-05-21T20:24:34+12:00,42.1,-36.604752,174.802582,4
esp32_device_001,2026-05-21T20:24:39+12:00,42.1,-36.604755,174.802582,4
esp32_device_001,2026-05-21T20:24:44+12:00,41.3,-36.604755,174.802582,4
esp32_device_001,2026-05-21T20:24:49+12:00,41.2,-36.604759,174.802582,4
esp32_device_001,2026-05-21T20:24:54+12:00,41.7,-36.604763,174.802582,4
esp32_device_001,2026-05-21T20:24:59+12:00,41.9,-36.604763,174.802582,4
esp32_device_001,2026-05-21T20:25:04+12:00,42.7,-36.604767,174.802582,4
esp32_device_001,2026-05-21T20:25:09+12:00,42.6,-36.604771,174.802582,4
esp32_device_001,2026-05-21T20:25:14+12:00,41.9,-36.604778,174.802567,4
esp32_device_001,2026-05-21T20:25:19+12:00,42.1,-36.604778,174.802567,4
esp32_device_001,2026-05-21T20:25:24+12:00,41.9,-36.604782,174.802567,4
esp32_device_001,2026-05-21T20:25:29+12:00,42,-36.604782,174.802567,4
esp32_device_001,2026-05-21T20:25:34+12:00,42.6,-36.604774,174.802582,4
esp32_device_001,2026-05-21T20:25:39+12:00,42.7,-36.604771,174.802582,4
esp32_device_001,2026-05-21T20:25:45+12:00,42.7,-36.604771,174.802582,4
esp32_device_001,2026-05-21T20:25:50+12:00,42.7,-36.604774,174.802582,4
esp32_device_001,2026-05-21T20:25:55+12:00,42.7,-36.604774,174.802582,4
esp32_device_001,2026-05-21T20:26:00+12:00,42.7,-36.604771,174.802582,4
esp32_device_001,2026-05-21T20:26:05+12:00,42.7,-36.604771,174.802582,4
esp32_device_001,2026-05-21T20:26:10+12:00,42.7,-36.604767,174.802582,4
esp32_device_001,2026-05-21T20:26:15+12:00,42.7,-36.604763,174.802597,4
esp32_device_001,2026-05-21T20:26:20+12:00,42.7,-36.604759,174.802597,4
esp32_device_001,2026-05-21T20:26:25+12:00,42.7,-36.604759,174.802597,4
esp32_device_001,2026-05-21T20:26:30+12:00,42.7,-36.604755,174.802597,4
esp32_device_001,2026-05-21T20:26:35+12:00,42.7,-36.604755,174.802597,4
esp32_device_001,2026-05-21T20:26:40+12:00,42.7,-36.604755,174.802597,4
esp32_device_001,2026-05-21T20:26:45+12:00,42.7,-36.604752,174.802597,4
esp32_device_001,2026-05-21T20:26:50+12:00,42.7,-36.604752,174.802597,4
esp32_device_001,2026-05-21T20:26:55+12:00,42.7,-36.604755,174.802597,4
esp32_device_001,2026-05-21T20:27:00+12:00,42.7,-36.604752,174.802597,4
esp32_device_001,2026-05-21T20:27:05+12:00,42.7,-36.604752,174.802597,4
esp32_device_001,2026-05-21T20:27:10+12:00,42.7,-36.604752,174.802597,4
esp32_device_001,2026-05-21T20:27:15+12:00,42.7,-36.604752,174.802612,4
esp32_device_001,2026-05-21T20:27:20+12:00,42.7,-36.604744,174.802612,4
esp32_device_001,2026-05-21T20:27:25+12:00,42.7,-36.604748,174.802612,4
esp32_device_001,2026-05-21T20:27:30+12:00,42.7,-36.604748,174.802612,4
esp32_device_001,2026-05-21T20:27:35+12:00,33,-36.604744,174.802612,4
esp32_device_001,2026-05-21T20:27:40+12:00,33,-36.604744,174.802612,4
esp32_device_001,2026-05-21T20:27:45+12:00,33,-36.604744,174.802612,4
esp32_device_001,2026-05-21T20:27:50+12:00,33,-36.604744,174.802612,4
esp32_device_001,2026-05-21T20:27:55+12:00,33,-36.604744,174.802612,4
esp32_device_001,2026-05-21T20:28:00+12:00,33,-36.604744,174.802612,4
esp32_device_001,2026-05-21T20:28:05+12:00,33,-36.604748,174.802612,4
esp32_device_001,2026-05-21T20:28:10+12:00,33,-36.604748,174.802612,4
esp32_device_001,2026-05-21T20:28:15+12:00,33,-36.604748,174.802597,4
esp32_device_001,2026-05-21T20:28:20+12:00,33,-36.604748,174.802597,4
esp32_device_001,2026-05-21T20:28:25+12:00,33,-36.60474,174.802612,4
esp32_device_001,2026-05-21T20:28:30+12:00,33,-36.60474,174.802612,4
esp32_device_001,2026-05-21T20:28:35+12:00,33,-36.604733,174.802612,4
esp32_device_001,2026-05-21T20:28:40+12:00,33,-36.604729,174.802612,4
esp32_device_001,2026-05-21T20:28:45+12:00,33,-36.604725,174.802612,4
esp32_device_001,2026-05-21T20:28:50+12:00,31,-36.604725,174.802612,4
esp32_device_001,2026-05-21T20:28:55+12:00,31,-36.604729,174.802612,4
esp32_device_001,2026-05-21T20:29:00+12:00,31,-36.604733,174.802612,4
esp32_device_001,2026-05-21T20:29:05+12:00,31,-36.604736,174.802612,4
esp32_device_001,2026-05-21T20:29:10+12:00,31,-36.604744,174.802597,4
esp32_device_001,2026-05-21T20:29:15+12:00,31,-36.604744,174.802597,4
esp32_device_001,2026-05-21T20:29:20+12:00,31,-36.604748,174.802597,4
esp32_device_001,2026-05-21T20:29:25+12:00,31,-36.604748,174.802597,4
esp32_device_001,2026-05-21T20:29:30+12:00,31,-36.604755,174.802597,4
esp32_device_001,2026-05-21T20:29:35+12:00,31,-36.604755,174.802597,4
esp32_device_001,2026-05-21T20:29:40+12:00,31,-36.604763,174.802597,4
esp32_device_001,2026-05-21T20:29:45+12:00,31,-36.604771,174.802597,4
esp32_device_001,2026-05-21T20:29:50+12:00,31,-36.604771,174.802597,4
esp32_device_001,2026-05-21T20:29:55+12:00,31,-36.604767,174.802597,4
esp32_device_001,2026-05-21T20:30:00+12:00,31,-36.604771,174.802597,4
esp32_device_001,2026-05-21T20:30:05+12:00,31,-36.604771,174.802597,4
esp32_device_001,2026-05-21T20:30:10+12:00,31,-36.604767,174.802582,4
esp32_device_001,2026-05-21T20:30:15+12:00,31,-36.604763,174.802597,4
esp32_device_001,2026-05-21T20:30:20+12:00,31,-36.604759,174.802597,4
esp32_device_001,2026-05-21T20:30:25+12:00,31,-36.604755,174.802597,4
esp32_device_001,2026-05-21T20:30:30+12:00,31,-36.604755,174.802597,4
esp32_device_001,2026-05-21T20:30:35+12:00,31,-36.604752,174.802597,4
esp32_device_001,2026-05-21T20:30:40+12:00,31,-36.604759,174.802582,4
esp32_device_001,2026-05-21T20:30:45+12:00,38.1,-36.604755,174.802582,4
esp32_device_001,2026-05-21T20:30:50+12:00,39,-36.604752,174.802582,4
esp32_device_001,2026-05-21T20:30:55+12:00,39.9,-36.604744,174.802597,4
esp32_device_001,2026-05-21T20:31:00+12:00,40.5,-36.60474,174.802597,4
esp32_device_001,2026-05-21T20:31:05+12:00,41.3,-36.604736,174.802597,4
esp32_device_001,2026-05-21T20:31:10+12:00,41.3,-36.604736,174.802597,4
esp32_device_001,2026-05-21T20:31:15+12:00,41.3,-36.60474,174.802582,4
esp32_device_001,2026-05-21T20:31:20+12:00,40.2,-36.60474,174.802582,4
esp32_device_001,2026-05-21T20:31:25+12:00,39.3,-36.60474,174.802582,4
esp32_device_001,2026-05-21T20:31:30+12:00,38.7,-36.604744,174.802582,4
esp32_device_001,2026-05-21T20:31:35+12:00,38,-36.604744,174.802567,4
esp32_device_001,2026-05-21T20:31:40+12:00,38.1,-36.60474,174.802567,4
esp32_device_001,2026-05-21T20:31:45+12:00,37.5,-36.60474,174.802567,4
esp32_device_001,2026-05-21T20:31:50+12:00,35.2,-36.604744,174.802567,4
esp32_device_001,2026-05-21T20:31:55+12:00,34.2,-36.604748,174.802551,4
esp32_device_001,2026-05-21T20:32:00+12:00,33.5,-36.604748,174.802551,4
esp32_device_001,2026-05-21T20:32:05+12:00,33.9,-36.604744,174.802567,4
esp32_device_001,2026-05-21T20:32:10+12:00,34.7,-36.60474,174.802567,4
esp32_device_001,2026-05-21T20:32:15+12:00,33.2,-36.604744,174.802567,4
esp32_device_001,2026-05-21T20:32:20+12:00,31.9,-36.604748,174.802567,4
esp32_device_001,2026-05-21T20:32:25+12:00,32.1,-36.60474,174.802567,4
esp32_device_001,2026-05-21T20:32:30+12:00,29.8,-36.604748,174.802567,4
esp32_device_001,2026-05-21T20:32:35+12:00,31.1,-36.60474,174.802582,4
esp32_device_001,2026-05-21T20:32:40+12:00,30.6,-36.604733,174.802582,4
esp32_device_001,2026-05-21T20:32:45+12:00,29.8,-36.604729,174.802582,4
esp32_device_001,2026-05-21T20:32:50+12:00,31,-36.604725,174.802582,4
esp32_device_001,2026-05-21T20:32:55+12:00,32,-36.604713,174.802582,4
esp32_device_001,2026-05-21T20:33:00+12:00,35.2,-36.604683,174.802597,4
esp32_device_001,2026-05-21T20:33:05+12:00,40,-36.604641,174.802612,4
esp32_device_001,2026-05-21T20:33:10+12:00,38.5,-36.604664,174.802612,4
esp32_device_001,2026-05-21T20:33:15+12:00,35.9,-36.604691,174.802597,4
esp32_device_001,2026-05-21T20:33:20+12:00,35.9,-36.604744,174.802597,4
esp32_device_001,2026-05-21T20:33:25+12:00,31.9,-36.604755,174.802597,4
esp32_device_001,2026-05-21T20:33:30+12:00,30.7,-36.604759,174.802597,4
esp32_device_001,2026-05-21T20:33:35+12:00,31.4,-36.60474,174.802597,4
esp32_device_001,2026-05-21T20:33:40+12:00,31.5,-36.604748,174.802597,4
esp32_device_001,2026-05-21T20:33:45+12:00,27.6,-36.604797,174.802597,4
esp32_device_001,2026-05-21T20:33:50+12:00,27.4,-36.604813,174.802597,4
esp32_device_001,2026-05-21T20:33:55+12:00,28.9,-36.604805,174.802597,4
esp32_device_001,2026-05-21T20:34:00+12:00,31.7,-36.604794,174.802597,4
esp32_device_001,2026-05-21T20:34:05+12:00,34.1,-36.604771,174.802597,4
esp32_device_001,2026-05-21T20:34:10+12:00,35.7,-36.604759,174.802597,4
esp32_device_001,2026-05-21T20:34:15+12:00,35.7,-36.604755,174.802597,4
esp32_device_001,2026-05-21T20:34:20+12:00,36.6,-36.604752,174.802597,4
esp32_device_001,2026-05-21T20:34:25+12:00,36,-36.604759,174.802597,4
esp32_device_001,2026-05-21T20:34:30+12:00,37.2,-36.604752,174.802597,4
esp32_device_001,2026-05-21T20:34:35+12:00,36.7,-36.604752,174.802597,4
esp32_device_001,2026-05-21T20:34:40+12:00,37.3,-36.604748,174.802597,4
esp32_device_001,2026-05-21T20:34:45+12:00,38.9,-36.604736,174.802582,4
esp32_device_001,2026-05-21T20:34:50+12:00,40.2,-36.604725,174.802582,4
esp32_device_001,2026-05-21T20:34:55+12:00,40,-36.604725,174.802582,4
esp32_device_001,2026-05-21T20:35:00+12:00,40.1,-36.604729,174.802582,4
esp32_device_001,2026-05-21T20:35:05+12:00,40.8,-36.604729,174.802567,4
esp32_device_001,2026-05-21T20:35:10+12:00,41.6,-36.604736,174.802567,4
esp32_device_001,2026-05-21T20:35:15+12:00,42.4,-36.604736,174.802567,4
esp32_device_001,2026-05-21T20:35:20+12:00,43.7,-36.604736,174.802567,4
esp32_device_001,2026-05-21T20:35:25+12:00,44.9,-36.604725,174.802567,4
esp32_device_001,2026-05-21T20:35:30+12:00,47,-36.604717,174.802567,4
esp32_device_001,2026-05-21T20:35:35+12:00,48.4,-36.604713,174.802567,4
esp32_device_001,2026-05-21T20:36:46+12:00,52.7,-36.60471,174.802551,4
esp32_device_001,2026-05-21T20:36:51+12:00,52.9,-36.60471,174.802551,4
esp32_device_001,2026-05-21T20:36:56+12:00,52.8,-36.604713,174.802551,4
esp32_device_001,2026-05-21T20:37:01+12:00,52,-36.604717,174.802551,4
esp32_device_001,2026-05-21T20:37:06+12:00,52,-36.604713,174.802551,4
esp32_device_001,2026-05-21T20:37:11+12:00,52.3,-36.604713,174.802551,4
esp32_device_001,2026-05-21T20:37:16+12:00,52,-36.604713,174.802551,4
esp32_device_001,2026-05-21T20:37:21+12:00,52,-36.604717,174.802551,4
esp32_device_001,2026-05-21T20:37:26+12:00,52.3,-36.604713,174.802551,4
esp32_device_001,2026-05-21T20:37:31+12:00,51.9,-36.604717,174.802551,4
esp32_device_001,2026-05-21T20:37:36+12:00,52.3,-36.604713,174.802551,4
esp32_device_001,2026-05-21T20:37:41+12:00,52.3,-36.604717,174.802551,4
esp32_device_001,2026-05-21T20:37:46+12:00,52.3,-36.604717,174.802551,4
esp32_device_001,2026-05-21T20:37:51+12:00,53,-36.604717,174.802551,4
esp32_device_001,2026-05-21T20:37:56+12:00,53.3,-36.604717,174.802567,4
esp32_device_001,2026-05-21T20:38:01+12:00,53.7,-36.604713,174.802567,4
esp32_device_001,2026-05-21T20:38:06+12:00,53.3,-36.604713,174.802582,4
esp32_device_001,2026-05-21T20:38:11+12:00,53.1,-36.604713,174.802582,4
esp32_device_001,2026-05-21T20:38:16+12:00,54.1,-36.604706,174.802582,4
esp32_device_001,2026-05-21T20:38:21+12:00,54.3,-36.604706,174.802582,4
esp32_device_001,2026-05-21T20:38:26+12:00,53.3,-36.60471,174.802582,4
esp32_device_001,2026-05-21T20:38:31+12:00,53.8,-36.604706,174.802597,4
esp32_device_001,2026-05-21T20:38:36+12:00,54.4,-36.604702,174.802597,4
esp32_device_001,2026-05-21T20:38:41+12:00,54.7,-36.604702,174.802597,4
esp32_device_001,2026-05-21T20:38:46+12:00,54.9,-36.604702,174.802597,4
esp32_device_001,2026-05-21T20:38:51+12:00,54.5,-36.604702,174.802597,4
esp32_device_001,2026-05-21T20:38:56+12:00,54.5,-36.604698,174.802597,4
esp32_device_001,2026-05-21T20:39:01+12:00,54.6,-36.604698,174.802597,4
esp32_device_001,2026-05-21T20:39:06+12:00,54.6,-36.604694,174.802597,4
esp32_device_001,2026-05-21T20:39:11+12:00,55.8,-36.604687,174.802597,4
esp32_device_001,2026-05-21T20:39:16+12:00,54.1,-36.604694,174.802597,4
esp32_device_001,2026-05-21T20:39:21+12:00,52.6,-36.604698,174.802597,4
esp32_device_001,2026-05-21T20:39:26+12:00,50.4,-36.604706,174.802597,4
esp32_device_001,2026-05-21T20:39:31+12:00,48.2,-36.604717,174.802597,4
esp32_device_001,2026-05-21T20:39:36+12:00,47.3,-36.604717,174.802597,4
esp32_device_001,2026-05-21T20:39:41+12:00,45.7,-36.604721,174.802582,4
esp32_device_001,2026-05-21T20:39:46+12:00,44.8,-36.604721,174.802582,4
esp32_device_001,2026-05-21T20:39:51+12:00,44.9,-36.604717,174.802582,4
esp32_device_001,2026-05-21T20:39:56+12:00,45.4,-36.604713,174.802582,4
esp32_device_001,2026-05-21T20:40:01+12:00,46.1,-36.604713,174.802582,4
esp32_device_001,2026-05-21T20:40:06+12:00,46.6,-36.60471,174.802582,4
esp32_device_001,2026-05-21T20:40:11+12:00,45.3,-36.604713,174.802582,4
esp32_device_001,2026-05-21T20:40:16+12:00,43.9,-36.604717,174.802582,4
esp32_device_001,2026-05-21T20:40:21+12:00,42.3,-36.604725,174.802582,4
esp32_device_001,2026-05-21T20:40:26+12:00,42.3,-36.604725,174.802582,4
esp32_device_001,2026-05-21T20:40:31+12:00,42.3,-36.604725,174.802582,4
esp32_device_001,2026-05-21T20:40:36+12:00,42.1,-36.604725,174.802582,4
esp32_device_001,2026-05-21T20:40:41+12:00,42.3,-36.604725,174.802582,4
esp32_device_001,2026-05-21T20:40:46+12:00,42.4,-36.604725,174.802582,4
esp32_device_001,2026-05-21T20:40:51+12:00,42.4,-36.604725,174.802567,4
esp32_device_001,2026-05-21T20:40:56+12:00,42.1,-36.604729,174.802567,4
esp32_device_001,2026-05-21T20:41:01+12:00,42.4,-36.604729,174.802582,4
esp32_device_001,2026-05-21T20:41:06+12:00,42.6,-36.604729,174.802582,4
esp32_device_001,2026-05-21T20:41:11+12:00,42.8,-36.604733,174.802567,4
esp32_device_001,2026-05-21T20:41:16+12:00,42.2,-36.604736,174.802567,4
esp32_device_001,2026-05-21T20:41:21+12:00,41.9,-36.60474,174.802567,4
esp32_device_001,2026-05-21T20:41:26+12:00,41.8,-36.604736,174.802567,4
esp32_device_001,2026-05-21T20:41:31+12:00,41.8,-36.604736,174.802582,4
esp32_device_001,2026-05-21T20:41:36+12:00,42.3,-36.604733,174.802582,4
esp32_device_001,2026-05-21T20:41:41+12:00,43.4,-36.604725,174.802582,4
esp32_device_001,2026-05-21T20:41:46+12:00,44.4,-36.604721,174.802582,4
esp32_device_001,2026-05-21T20:41:51+12:00,45.3,-36.604721,174.802582,4
esp32_device_001,2026-05-21T20:41:56+12:00,47,-36.604717,174.802582,4
esp32_device_001,2026-05-21T20:42:01+12:00,48.1,-36.604713,174.802582,4
esp32_device_001,2026-05-21T20:42:06+12:00,48.4,-36.604713,174.802582,4
esp32_device_001,2026-05-21T20:42:11+12:00,48.5,-36.604717,174.802567,4
esp32_device_001,2026-05-21T20:42:16+12:00,48.9,-36.604713,174.802567,4
esp32_device_001,2026-05-21T20:42:21+12:00,48.6,-36.604721,174.802567,4
esp32_device_001,2026-05-21T20:42:26+12:00,46,-36.604736,174.802567,4
esp32_device_001,2026-05-21T20:42:31+12:00,43.8,-36.604744,174.802567,4
esp32_device_001,2026-05-21T20:42:36+12:00,42.4,-36.604748,174.802551,4
esp32_device_001,2026-05-21T20:42:41+12:00,43.7,-36.604744,174.802567,4
esp32_device_001,2026-05-21T20:42:46+12:00,42.3,-36.604752,174.802551,4
esp32_device_001,2026-05-21T20:42:51+12:00,42.2,-36.604748,174.802551,4
esp32_device_001,2026-05-21T20:42:56+12:00,41.5,-36.604759,174.802551,4
esp32_device_001,2026-05-21T20:43:01+12:00,40.9,-36.604763,174.802551,4
esp32_device_001,2026-05-21T20:43:06+12:00,40.5,-36.604763,174.802551,4
esp32_device_001,2026-05-21T20:43:11+12:00,40.6,-36.604763,174.802567,4
esp32_device_001,2026-05-21T20:43:16+12:00,40.4,-36.604763,174.802567,4
esp32_device_001,2026-05-21T20:43:21+12:00,40.8,-36.604759,174.802567,4
esp32_device_001,2026-05-21T20:43:26+12:00,40.3,-36.604763,174.802567,4
esp32_device_001,2026-05-21T20:43:31+12:00,39.6,-36.604767,174.802567,4
esp32_device_001,2026-05-21T20:43:36+12:00,39.8,-36.604767,174.802567,4
esp32_device_001,2026-05-21T20:43:41+12:00,38.9,-36.604774,174.802582,4
esp32_device_001,2026-05-21T20:43:46+12:00,39.1,-36.604771,174.802582,4
esp32_device_001,2026-05-21T20:43:51+12:00,39.6,-36.604767,174.802567,4
esp32_device_001,2026-05-21T20:43:56+12:00,39.7,-36.604771,174.802567,4
esp32_device_001,2026-05-21T20:44:01+12:00,39.6,-36.604778,174.802567,4
esp32_device_001,2026-05-21T20:44:06+12:00,40.4,-36.604774,174.802567,4
esp32_device_001,2026-05-21T20:44:11+12:00,39.9,-36.604782,174.802567,4
esp32_device_001,2026-05-21T20:44:16+12:00,39.5,-36.604786,174.802567,4
esp32_device_001,2026-05-21T20:44:21+12:00,38.6,-36.604794,174.802551,4
esp32_device_001,2026-05-21T20:44:26+12:00,38.7,-36.60479,174.802551,4
esp32_device_001,2026-05-21T20:44:31+12:00,39.3,-36.604786,174.802551,4
esp32_device_001,2026-05-21T20:44:36+12:00,40,-36.604778,174.802551,4
esp32_device_001,2026-05-21T20:44:41+12:00,39.1,-36.604782,174.802551,4
esp32_device_001,2026-05-21T20:44:46+12:00,40.4,-36.604774,174.802551,4
esp32_device_001,2026-05-21T20:44:51+12:00,40,-36.604778,174.802551,4
esp32_device_001,2026-05-21T20:44:56+12:00,38.8,-36.60479,174.802551,4
esp32_device_001,2026-05-21T20:45:01+12:00,37.8,-36.604797,174.802551,4
esp32_device_001,2026-05-21T20:45:06+12:00,36.8,-36.604805,174.802551,4
esp32_device_001,2026-05-21T20:45:11+12:00,36.9,-36.604801,174.802551,4
esp32_device_001,2026-05-21T20:45:16+12:00,36.6,-36.604797,174.802536,4
esp32_device_001,2026-05-21T20:45:21+12:00,35.6,-36.604805,174.802536,4
esp32_device_001,2026-05-21T20:45:26+12:00,34.2,-36.604813,174.802551,4
esp32_device_001,2026-05-21T20:45:31+12:00,33.9,-36.604813,174.802551,4
esp32_device_001,2026-05-21T20:45:36+12:00,32.9,-36.60482,174.802551,4
esp32_device_001,2026-05-21T20:45:41+12:00,32.8,-36.60482,174.802551,4
esp32_device_001,2026-05-21T20:45:46+12:00,34.5,-36.604813,174.802567,4
esp32_device_001,2026-05-21T20:45:51+12:00,35.3,-36.604809,174.802567,4
esp32_device_001,2026-05-21T20:45:56+12:00,35.8,-36.604805,174.802567,4
esp32_device_001,2026-05-21T20:46:01+12:00,35.5,-36.604801,174.802567,4
esp32_device_001,2026-05-21T20:46:06+12:00,38.5,-36.60479,174.802567,4
esp32_device_001,2026-05-21T20:46:11+12:00,38.8,-36.604786,174.802567,4
esp32_device_001,2026-05-21T20:46:16+12:00,38.9,-36.604786,174.802567,4
esp32_device_001,2026-05-21T20:46:21+12:00,37.9,-36.60479,174.802567,4
esp32_device_001,2026-05-21T20:46:26+12:00,37,-36.60479,174.802567,4
esp32_device_001,2026-05-21T20:46:31+12:00,36.7,-36.60479,174.802567,4
esp32_device_001,2026-05-21T20:46:36+12:00,36.2,-36.604794,174.802567,4
esp32_device_001,2026-05-21T20:46:41+12:00,35.7,-36.604794,174.802567,4
esp32_device_001,2026-05-21T20:46:46+12:00,36.1,-36.60479,174.802567,4
esp32_device_001,2026-05-21T20:46:51+12:00,36.5,-36.604786,174.802567,4
esp32_device_001,2026-05-21T20:46:56+12:00,37.1,-36.604782,174.802567,4
esp32_device_001,2026-05-21T20:47:01+12:00,38.2,-36.604778,174.802567,4
esp32_device_001,2026-05-21T20:47:06+12:00,39.3,-36.604774,174.802567,4
esp32_device_001,2026-05-21T20:47:11+12:00,40,-36.604771,174.802582,4
esp32_device_001,2026-05-21T20:47:16+12:00,40.5,-36.604771,174.802567,4
esp32_device_001,2026-05-21T20:47:21+12:00,41.3,-36.604763,174.802582,4
esp32_device_001,2026-05-21T20:47:26+12:00,42.6,-36.604755,174.802582,4
esp32_device_001,2026-05-21T20:47:31+12:00,43.7,-36.604752,174.802582,4
esp32_device_001,2026-05-21T20:47:36+12:00,43.8,-36.604748,174.802582,4
esp32_device_001,2026-05-21T20:47:41+12:00,43.6,-36.604752,174.802582,4
esp32_device_001,2026-05-21T20:47:46+12:00,42.4,-36.604755,174.802582,4
esp32_device_001,2026-05-21T20:47:51+12:00,41.4,-36.604763,174.802582,4
esp32_device_001,2026-05-21T20:47:56+12:00,40.7,-36.604763,174.802582,4
esp32_device_001,2026-05-21T20:48:01+12:00,39.7,-36.604771,174.802582,4
esp32_device_001,2026-05-21T20:48:06+12:00,39.1,-36.604774,174.802582,4
esp32_device_001,2026-05-21T20:48:11+12:00,38.9,-36.604774,174.802567,4
esp32_device_001,2026-05-21T20:48:21+12:00,38.8,-36.604771,174.802567,4
esp32_device_001,2026-05-21T20:48:26+12:00,39.7,-36.604771,174.802567,4
esp32_device_001,2026-05-21T20:48:31+12:00,40.5,-36.604767,174.802567,4
esp32_device_001,2026-05-21T20:48:36+12:00,40.7,-36.604771,174.802551,4
esp32_device_001,2026-05-21T20:48:46+12:00,40.3,-36.604774,174.802551,4
esp32_device_001,2026-05-21T20:48:51+12:00,40.4,-36.604778,174.802551,4
esp32_device_001,2026-05-21T20:48:56+12:00,40,-36.604767,174.802551,4
esp32_device_001,2026-05-21T20:49:01+12:00,40.9,-36.604771,174.802551,4
esp32_device_001,2026-05-21T20:49:11+12:00,42.6,-36.604736,174.802567,4
esp32_device_001,2026-05-21T20:49:16+12:00,45.9,-36.60471,174.802582,4
esp32_device_001,2026-05-21T20:49:21+12:00,50.5,-36.604698,174.802597,4
esp32_device_001,2026-05-21T20:49:26+12:00,52.6,-36.604687,174.802597,4
esp32_device_001,2026-05-21T20:49:36+12:00,57.9,-36.604671,174.802597,4
esp32_device_001,2026-05-21T20:49:41+12:00,61.1,-36.604675,174.802597,4
esp32_device_001,2026-05-21T20:49:46+12:00,61.7,-36.604679,174.802597,4
esp32_device_001,2026-05-21T20:49:51+12:00,61.7,-36.604683,174.802597,4
esp32_device_001,2026-05-21T20:49:56+12:00,63.1,-36.604675,174.802597,4
esp32_device_001,2026-05-21T20:50:01+12:00,61.8,-36.604687,174.802597,4
esp32_device_001,2026-05-21T20:50:06+12:00,60.1,-36.604698,174.802597,4
esp32_device_001,2026-05-21T20:50:11+12:00,60.1,-36.604698,174.802597,4
esp32_device_001,2026-05-21T20:50:21+12:00,58.7,-36.604698,174.802597,4
esp32_device_001,2026-05-21T20:50:26+12:00,59.9,-36.604702,174.802597,4
esp32_device_001,2026-05-21T20:50:31+12:00,59.7,-36.604702,174.802597,4
esp32_device_001,2026-05-21T20:50:36+12:00,59.6,-36.604717,174.802582,4
esp32_device_001,2026-05-21T20:50:41+12:00,57.7,-36.604729,174.802582,4
esp32_device_001,2026-05-21T20:50:46+12:00,55.8,-36.604733,174.802567,4
esp32_device_001,2026-05-21T20:50:56+12:00,52.4,-36.604748,174.802551,4
esp32_device_001,2026-05-21T20:51:01+12:00,50.7,-36.604752,174.802551,4
esp32_device_001,2026-05-21T20:51:06+12:00,49.9,-36.604752,174.802551,4
esp32_device_001,2026-05-21T20:51:11+12:00,49.7,-36.604752,174.802536,4
esp32_device_001,2026-05-21T20:51:16+12:00,50.1,-36.604748,174.802536,4
esp32_device_001,2026-05-21T20:51:21+12:00,50,-36.604748,174.802536,4
esp32_device_001,2026-05-21T20:51:26+12:00,49.2,-36.604748,174.802536,4
esp32_device_001,2026-05-21T20:51:31+12:00,48.4,-36.604752,174.802536,4
esp32_device_001,2026-05-21T20:51:36+12:00,48,-36.604752,174.802536,4
esp32_device_001,2026-05-21T20:51:41+12:00,47.6,-36.604752,174.802536,4
esp32_device_001,2026-05-21T20:51:46+12:00,47.5,-36.604752,174.802536,4
esp32_device_001,2026-05-21T20:51:51+12:00,46.4,-36.604755,174.802536,4
esp32_device_001,2026-05-21T20:51:56+12:00,43.8,-36.604767,174.802536,4
esp32_device_001,2026-05-21T20:52:01+12:00,42.1,-36.604774,174.802536,4
esp32_device_001,2026-05-21T20:52:06+12:00,42.8,-36.604771,174.802536,4
esp32_device_001,2026-05-21T20:52:11+12:00,43.2,-36.604771,174.802551,4
esp32_device_001,2026-05-21T20:52:16+12:00,44.5,-36.604767,174.802551,4
esp32_device_001,2026-05-21T20:52:21+12:00,45.3,-36.604767,174.802551,4
esp32_device_001,2026-05-21T20:52:26+12:00,47.8,-36.604763,174.802567,4
esp32_device_001,2026-05-21T20:52:31+12:00,49.3,-36.604759,174.802567,4
esp32_device_001,2026-05-21T20:52:36+12:00,51.1,-36.604748,174.802567,4
esp32_device_001,2026-05-21T20:52:41+12:00,51.2,-36.604752,174.802567,4
esp32_device_001,2026-05-21T20:52:46+12:00,50.6,-36.604759,174.802567,4
esp32_device_001,2026-05-21T20:52:51+12:00,50,-36.604763,174.802582,4
esp32_device_001,2026-05-21T20:52:56+12:00,48.6,-36.604771,174.802582,4
esp32_device_001,2026-05-21T20:53:01+12:00,47.5,-36.604782,174.802582,4
esp32_device_001,2026-05-21T20:53:06+12:00,46.6,-36.604786,174.802582,4
esp32_device_001,2026-05-21T20:53:11+12:00,45.8,-36.60479,174.802582,4
esp32_device_001,2026-05-21T20:53:21+12:00,46.4,-36.604774,174.802582,4
esp32_device_001,2026-05-21T20:53:26+12:00,46.1,-36.604774,174.802582,4
esp32_device_001,2026-05-21T20:53:31+12:00,45.2,-36.604778,174.802582,4
esp32_device_001,2026-05-21T20:53:36+12:00,44.3,-36.604778,174.802597,4
esp32_device_001,2026-05-21T20:53:41+12:00,44.1,-36.604774,174.802582,4
esp32_device_001,2026-05-21T20:53:46+12:00,44.5,-36.604767,174.802582,4
esp32_device_001,2026-05-21T20:53:51+12:00,45,-36.604763,174.802582,4
esp32_device_001,2026-05-21T20:53:56+12:00,45.8,-36.604755,174.802582,4
esp32_device_001,2026-05-21T20:54:01+12:00,46,-36.604752,174.802582,4
esp32_device_001,2026-05-21T20:54:06+12:00,46.2,-36.604752,174.802582,4
esp32_device_001,2026-05-21T20:54:11+12:00,46.5,-36.604752,174.802582,4
esp32_device_001,2026-05-21T20:54:16+12:00,46,-36.604752,174.802582,4
esp32_device_001,2026-05-21T20:54:21+12:00,46,-36.604752,174.802582,4
esp32_device_001,2026-05-21T20:54:46+12:00,49,-36.604755,174.802597,4
esp32_device_001,2026-05-21T20:54:51+12:00,49.6,-36.604755,174.802597,4
esp32_device_001,2026-05-21T20:54:56+12:00,50.2,-36.604752,174.802597,4
esp32_device_001,2026-05-21T20:55:01+12:00,49.7,-36.604755,174.802597,4
esp32_device_001,2026-05-21T20:55:06+12:00,49,-36.604763,174.802612,4
esp32_device_001,2026-05-21T20:55:11+12:00,48.2,-36.604763,174.802612,4
esp32_device_001,2026-05-21T20:55:21+12:00,46.7,-36.604767,174.802612,4
esp32_device_001,2026-05-21T20:55:26+12:00,46.1,-36.604771,174.802612,4
esp32_device_001,2026-05-21T20:55:31+12:00,46,-36.604767,174.802612,4
esp32_device_001,2026-05-21T20:55:36+12:00,45,-36.604771,174.802612,4
esp32_device_001,2026-05-21T20:55:41+12:00,44.4,-36.604774,174.802612,4
esp32_device_001,2026-05-21T20:55:46+12:00,45.4,-36.604767,174.802612,4
esp32_device_001,2026-05-21T20:55:51+12:00,45.5,-36.604767,174.802612,4
esp32_device_001,2026-05-21T20:55:56+12:00,45.8,-36.604763,174.802612,4
esp32_device_001,2026-05-21T20:56:01+12:00,46.9,-36.604755,174.802612,4
esp32_device_001,2026-05-21T20:56:06+12:00,47.5,-36.604752,174.802597,4
esp32_device_001,2026-05-21T20:56:11+12:00,49,-36.604744,174.802597,4
esp32_device_001,2026-05-21T20:56:16+12:00,49.9,-36.60474,174.802612,4
esp32_device_001,2026-05-21T20:56:21+12:00,49.9,-36.60474,174.802597,4
esp32_device_001,2026-05-21T20:56:26+12:00,49.9,-36.604736,174.802597,4
esp32_device_001,2026-05-21T20:56:46+12:00,49.9,-36.604736,174.802597,4
esp32_device_001,2026-05-21T20:56:51+12:00,50.4,-36.604733,174.802582,4
esp32_device_001,2026-05-21T20:56:56+12:00,50.7,-36.604729,174.802597,4
esp32_device_001,2026-05-21T20:57:01+12:00,50.3,-36.604733,174.802582,4
esp32_device_001,2026-05-21T20:57:06+12:00,49.4,-36.604736,174.802582,4
esp32_device_001,2026-05-21T20:57:11+12:00,48.6,-36.60474,174.802582,4
esp32_device_001,2026-05-21T20:57:21+12:00,45.7,-36.604759,174.802582,4
esp32_device_001,2026-05-21T20:57:26+12:00,44.8,-36.604763,174.802582,4
esp32_device_001,2026-05-21T20:57:31+12:00,44.1,-36.604763,174.802582,4
esp32_device_001,2026-05-21T20:57:41+12:00,43.9,-36.604763,174.802597,4
esp32_device_001,2026-05-21T20:57:46+12:00,43.6,-36.604767,174.802597,4
esp32_device_001,2026-05-21T20:59:47+12:00,46.4,-36.604717,174.802567,4
esp32_device_001,2026-05-21T20:59:57+12:00,47.9,-36.604706,174.802567,4
esp32_device_001,2026-05-21T21:00:02+12:00,46.4,-36.604717,174.802567,4
esp32_device_001,2026-05-21T21:00:07+12:00,45.3,-36.604721,174.802567,4
esp32_device_001,2026-05-21T21:00:12+12:00,45.1,-36.604721,174.802551,4
esp32_device_001,2026-05-21T21:00:17+12:00,45.2,-36.604721,174.802551,4
esp32_device_001,2026-05-21T21:00:22+12:00,46.1,-36.604713,174.802551,4
esp32_device_001,2026-05-21T21:00:27+12:00,46.3,-36.604713,174.802551,4
esp32_device_001,2026-05-21T21:00:32+12:00,47.8,-36.60471,174.802551,4
esp32_device_001,2026-05-21T21:00:37+12:00,48.5,-36.60471,174.802567,4
esp32_device_001,2026-05-21T21:00:42+12:00,50,-36.604702,174.802567,4
esp32_device_001,2026-05-21T21:00:47+12:00,49.7,-36.604702,174.802567,4
esp32_device_001,2026-05-21T21:00:52+12:00,49.4,-36.604706,174.802567,4
esp32_device_001,2026-05-21T21:00:57+12:00,49.2,-36.604706,174.802567,4
esp32_device_001,2026-05-21T21:01:02+12:00,49,-36.604706,174.802567,4
esp32_device_001,2026-05-21T21:01:07+12:00,49.4,-36.604706,174.802567,4
esp32_device_001,2026-05-21T21:01:12+12:00,48.6,-36.60471,174.802582,4
esp32_device_001,2026-05-21T21:01:17+12:00,48.3,-36.60471,174.802582,4
esp32_device_001,2026-05-21T21:01:22+12:00,47.4,-36.604717,174.802582,4
esp32_device_001,2026-05-21T21:01:27+12:00,47.5,-36.604721,174.802582,4
esp32_device_001,2026-05-21T21:01:32+12:00,49,-36.60471,174.802582,4
esp32_device_001,2026-05-21T21:01:37+12:00,50.1,-36.604706,174.802582,4
esp32_device_001,2026-05-21T21:01:42+12:00,51.2,-36.604702,174.802582,4
esp32_device_001,2026-05-21T21:01:47+12:00,51.8,-36.604698,174.802582,4
esp32_device_001,2026-05-21T21:01:52+12:00,52.1,-36.604691,174.802582,4
esp32_device_001,2026-05-21T21:01:57+12:00,52.5,-36.604687,174.802567,4
esp32_device_001,2026-05-21T21:02:02+12:00,52.3,-36.604691,174.802567,4
esp32_device_001,2026-05-21T21:02:07+12:00,51.7,-36.604694,174.802567,4
esp32_device_001,2026-05-21T21:02:12+12:00,50,-36.604698,174.802567,4
esp32_device_001,2026-05-21T21:02:17+12:00,47.7,-36.604713,174.802551,4
esp32_device_001,2026-05-21T21:02:22+12:00,46.5,-36.604717,174.802551,4
esp32_device_001,2026-05-21T21:02:27+12:00,45.3,-36.604729,174.802551,4
esp32_device_001,2026-05-21T21:02:32+12:00,44.3,-36.604736,174.802551,4
esp32_device_001,2026-05-21T21:02:37+12:00,45.6,-36.604736,174.802551,4
esp32_device_001,2026-05-21T21:02:42+12:00,47,-36.604729,174.802567,4
esp32_device_001,2026-05-21T21:02:47+12:00,47.6,-36.604729,174.802567,4
esp32_device_001,2026-05-21T21:02:52+12:00,47.2,-36.604729,174.802551,4
esp32_device_001,2026-05-21T21:02:57+12:00,47,-36.604733,174.802551,4
esp32_device_001,2026-05-21T21:03:02+12:00,45.9,-36.604733,174.802551,4
esp32_device_001,2026-05-21T21:03:07+12:00,45.3,-36.604736,174.802551,4
esp32_device_001,2026-05-21T21:03:12+12:00,45.6,-36.604736,174.802551,4
esp32_device_001,2026-05-21T21:03:17+12:00,45.4,-36.604736,174.802551,4
esp32_device_001,2026-05-21T21:03:22+12:00,45.5,-36.60474,174.802551,4
esp32_device_001,2026-05-21T21:03:27+12:00,46.5,-36.604736,174.802551,4
esp32_device_001,2026-05-21T21:03:32+12:00,47.5,-36.604733,174.802551,4
esp32_device_001,2026-05-21T21:03:37+12:00,49.4,-36.604729,174.802567,4
esp32_device_001,2026-05-21T21:03:42+12:00,50.2,-36.604729,174.802567,4
esp32_device_001,2026-05-21T21:03:47+12:00,50.8,-36.604729,174.802567,4
esp32_device_001,2026-05-21T21:03:52+12:00,51.4,-36.604733,174.802567,4
esp32_device_001,2026-05-21T21:03:57+12:00,51.7,-36.604733,174.802567,4
esp32_device_001,2026-05-21T21:04:02+12:00,51.7,-36.604736,174.802567,4
esp32_device_001,2026-05-21T21:04:07+12:00,53.1,-36.604729,174.802582,4
esp32_device_001,2026-05-21T21:04:12+12:00,55.1,-36.604725,174.802582,4
esp32_device_001,2026-05-21T21:04:17+12:00,56,-36.604713,174.802582,4
esp32_device_001,2026-05-21T21:04:22+12:00,56.3,-36.604706,174.802567,4
esp32_device_001,2026-05-21T21:04:27+12:00,55.6,-36.604702,174.802567,4
esp32_device_001,2026-05-21T21:04:32+12:00,53.7,-36.604706,174.802567,4
esp32_device_001,2026-05-21T21:04:37+12:00,51.7,-36.604713,174.802551,4
esp32_device_001,2026-05-21T21:04:42+12:00,50.4,-36.604717,174.802551,4
esp32_device_001,2026-05-21T21:04:48+12:00,51.8,-36.60471,174.802567,4
esp32_device_001,2026-05-21T21:04:53+12:00,51.7,-36.604706,174.802567,4
esp32_device_001,2026-05-21T21:04:58+12:00,51.5,-36.604706,174.802567,4
esp32_device_001,2026-05-21T21:05:03+12:00,50.8,-36.60471,174.802567,4
esp32_device_001,2026-05-21T21:05:08+12:00,51,-36.604713,174.802567,4
esp32_device_001,2026-05-21T21:05:13+12:00,51.8,-36.60471,174.802567,4
esp32_device_001,2026-05-21T21:05:18+12:00,52.9,-36.604706,174.802567,4
esp32_device_001,2026-05-21T21:05:23+12:00,53.9,-36.604702,174.802582,4
esp32_device_001,2026-05-21T21:05:28+12:00,54.7,-36.604702,174.802582,4
esp32_device_001,2026-05-21T21:05:33+12:00,55.7,-36.604698,174.802582,4
esp32_device_001,2026-05-21T21:05:38+12:00,56.7,-36.604694,174.802582,4
esp32_device_001,2026-05-21T21:05:43+12:00,56.8,-36.604691,174.802582,4
esp32_device_001,2026-05-21T21:05:48+12:00,57.7,-36.604687,174.802582,4
esp32_device_001,2026-05-21T21:05:53+12:00,58.3,-36.604679,174.802582,4
esp32_device_001,2026-05-21T21:05:58+12:00,58.4,-36.604683,174.802582,4
esp32_device_001,2026-05-21T21:06:03+12:00,58.9,-36.604683,174.802582,4
esp32_device_001,2026-05-21T21:06:08+12:00,58.4,-36.604683,174.802582,4
esp32_device_001,2026-05-21T21:06:13+12:00,57.7,-36.604687,174.802597,4
esp32_device_001,2026-05-21T21:06:18+12:00,57.6,-36.604694,174.802597,4
esp32_device_001,2026-05-21T21:06:23+12:00,57.2,-36.604694,174.802597,4
esp32_device_001,2026-05-21T21:06:28+12:00,56.8,-36.604694,174.802597,4
esp32_device_001,2026-05-21T21:06:33+12:00,56.7,-36.604691,174.802582,4
esp32_device_001,2026-05-21T21:06:38+12:00,57.1,-36.604687,174.802582,4
esp32_device_001,2026-05-21T21:06:43+12:00,57,-36.604687,174.802582,4
esp32_device_001,2026-05-21T21:06:48+12:00,57.1,-36.604683,174.802567,4
esp32_device_001,2026-05-21T21:06:53+12:00,58,-36.604683,174.802582,4
esp32_device_001,2026-05-21T21:06:58+12:00,57.4,-36.604683,174.802582,4
esp32_device_001,2026-05-21T21:07:03+12:00,56.4,-36.604687,174.802582,4
esp32_device_001,2026-05-21T21:07:08+12:00,56.6,-36.604683,174.802582,4
esp32_device_001,2026-05-21T21:07:13+12:00,56.1,-36.604683,174.802582,4
esp32_device_001,2026-05-21T21:07:18+12:00,56.3,-36.604679,174.802567,4
esp32_device_001,2026-05-21T21:07:23+12:00,54.6,-36.604683,174.802582,4
esp32_device_001,2026-05-21T21:07:28+12:00,54.5,-36.604683,174.802567,4
esp32_device_001,2026-05-21T21:07:33+12:00,53.9,-36.604683,174.802567,4
esp32_device_001,2026-05-21T21:07:38+12:00,53.2,-36.604694,174.802582,4
esp32_device_001,2026-05-21T21:07:43+12:00,53.1,-36.604694,174.802582,4
esp32_device_001,2026-05-21T21:07:48+12:00,53.1,-36.604698,174.802567,4
esp32_device_001,2026-05-21T21:07:53+12:00,54.3,-36.604694,174.802567,4
esp32_device_001,2026-05-21T21:07:58+12:00,54.8,-36.604691,174.802567,4
esp32_device_001,2026-05-21T21:08:03+12:00,55.9,-36.604679,174.802567,4
esp32_device_001,2026-05-21T21:08:08+12:00,55.9,-36.604675,174.802567,4
esp32_device_001,2026-05-21T21:08:13+12:00,55.9,-36.604675,174.802551,4
esp32_device_001,2026-05-21T21:08:18+12:00,54.5,-36.604679,174.802551,4
esp32_device_001,2026-05-21T21:08:23+12:00,53.6,-36.604679,174.802551,4
esp32_device_001,2026-05-21T21:08:28+12:00,53.1,-36.604683,174.802551,4
esp32_device_001,2026-05-21T21:08:33+12:00,52,-36.604691,174.802567,4
esp32_device_001,2026-05-21T21:08:38+12:00,50.9,-36.604698,174.802567,4
esp32_device_001,2026-05-21T21:08:43+12:00,50.7,-36.604702,174.802567,4
esp32_device_001,2026-05-21T21:08:48+12:00,52.2,-36.604698,174.802551,4
esp32_device_001,2026-05-21T21:08:53+12:00,50.4,-36.60471,174.802567,4
esp32_device_001,2026-05-21T21:08:58+12:00,48.6,-36.604725,174.802567,4
esp32_device_001,2026-05-21T21:09:03+12:00,47.8,-36.604729,174.802567,4
esp32_device_001,2026-05-21T21:09:08+12:00,48.2,-36.604733,174.802582,4
esp32_device_001,2026-05-21T21:09:13+12:00,47.9,-36.604736,174.802582,4
esp32_device_001,2026-05-21T21:09:18+12:00,48.4,-36.604736,174.802582,4
esp32_device_001,2026-05-21T21:09:23+12:00,49.1,-36.604733,174.802582,4
esp32_device_001,2026-05-21T21:09:28+12:00,53.1,-36.604721,174.802582,4
esp32_device_001,2026-05-21T21:09:33+12:00,54.6,-36.604717,174.802582,4
esp32_device_001,2026-05-21T21:09:38+12:00,55.8,-36.604713,174.802582,4
esp32_device_001,2026-05-21T21:09:43+12:00,55.6,-36.604717,174.802582,4
esp32_device_001,2026-05-21T21:09:48+12:00,54.9,-36.604717,174.802582,4
esp32_device_001,2026-05-21T21:09:53+12:00,52.8,-36.604725,174.802567,4
esp32_device_001,2026-05-21T21:09:58+12:00,52.2,-36.604729,174.802567,4
esp32_device_001,2026-05-21T21:10:03+12:00,50.7,-36.604736,174.802567,4
esp32_device_001,2026-05-21T21:10:08+12:00,48.8,-36.604744,174.802567,4
esp32_device_001,2026-05-21T21:10:13+12:00,48.5,-36.604744,174.802567,4
esp32_device_001,2026-05-21T21:10:18+12:00,48.4,-36.604744,174.802567,4
esp32_device_001,2026-05-21T21:10:23+12:00,48,-36.604748,174.802567,4
esp32_device_001,2026-05-21T21:10:28+12:00,46.9,-36.604755,174.802567,4
esp32_device_001,2026-05-21T21:10:33+12:00,45.7,-36.604759,174.802567,4
esp32_device_001,2026-05-21T21:10:38+12:00,45.5,-36.604763,174.802567,4
esp32_device_001,2026-05-21T21:10:43+12:00,47,-36.604759,174.802567,4
esp32_device_001,2026-05-21T21:10:48+12:00,47.4,-36.604759,174.802567,4
esp32_device_001,2026-05-21T21:10:53+12:00,48.2,-36.604759,174.802567,4
esp32_device_001,2026-05-21T21:10:58+12:00,49.5,-36.604759,174.802567,4
esp32_device_001,2026-05-21T21:11:03+12:00,50.3,-36.604755,174.802567,4
esp32_device_001,2026-05-21T21:11:08+12:00,52.1,-36.604752,174.802567,4
esp32_device_001,2026-05-21T21:11:13+12:00,53.3,-36.604748,174.802567,4
esp32_device_001,2026-05-21T21:11:18+12:00,52.4,-36.604752,174.802567,4
esp32_device_001,2026-05-21T21:11:23+12:00,52.8,-36.604748,174.802582,4
esp32_device_001,2026-05-21T21:11:28+12:00,53.2,-36.604748,174.802582,4
esp32_device_001,2026-05-21T21:11:33+12:00,53.6,-36.604744,174.802567,4
esp32_device_001,2026-05-21T21:11:38+12:00,51.8,-36.604752,174.802582,4
esp32_device_001,2026-05-21T21:11:43+12:00,50.3,-36.604755,174.802582,4
esp32_device_001,2026-05-21T21:11:48+12:00,48.9,-36.604759,174.802582,4
esp32_device_001,2026-05-21T21:11:53+12:00,47.3,-36.604763,174.802582,4
esp32_device_001,2026-05-21T21:11:58+12:00,48.2,-36.604763,174.802582,4
esp32_device_001,2026-05-21T21:12:03+12:00,47.2,-36.604767,174.802597,4
esp32_device_001,2026-05-21T21:12:08+12:00,46.2,-36.604774,174.802597,4
esp32_device_001,2026-05-21T21:12:13+12:00,46.7,-36.604771,174.802597,4
esp32_device_001,2026-05-21T21:12:18+12:00,46,-36.604771,174.802597,4
esp32_device_001,2026-05-21T21:12:23+12:00,45,-36.604771,174.802597,4
esp32_device_001,2026-05-21T21:12:28+12:00,45.6,-36.604774,174.802597,4
esp32_device_001,2026-05-21T21:12:33+12:00,47,-36.604767,174.802582,4
esp32_device_001,2026-05-21T21:12:38+12:00,48,-36.604763,174.802582,4
esp32_device_001,2026-05-21T21:12:43+12:00,47,-36.604763,174.802582,4
esp32_device_001,2026-05-21T21:12:48+12:00,45.8,-36.604767,174.802582,4
esp32_device_001,2026-05-21T21:12:53+12:00,43.3,-36.604774,174.802582,4
esp32_device_001,2026-05-21T21:12:58+12:00,42.7,-36.604778,174.802597,4
esp32_device_001,2026-05-21T21:13:03+12:00,43.2,-36.604778,174.802582,4
esp32_device_001,2026-05-21T21:13:08+12:00,42.3,-36.604782,174.802597,4
esp32_device_001,2026-05-21T21:13:13+12:00,41.8,-36.604786,174.802597,4
esp32_device_001,2026-05-21T21:13:18+12:00,43.2,-36.604786,174.802597,4
esp32_device_001,2026-05-21T21:13:23+12:00,41.9,-36.60479,174.802597,4
esp32_device_001,2026-05-21T21:13:28+12:00,43.9,-36.604782,174.802582,4
esp32_device_001,2026-05-21T21:13:33+12:00,43.1,-36.604786,174.802582,4
esp32_device_001,2026-05-21T21:13:38+12:00,42.4,-36.60479,174.802582,4
esp32_device_001,2026-05-21T21:13:43+12:00,42,-36.604794,174.802582,4
esp32_device_001,2026-05-21T21:13:48+12:00,41.4,-36.604797,174.802582,4
esp32_device_001,2026-05-21T21:13:53+12:00,40.9,-36.604797,174.802582,4
esp32_device_001,2026-05-21T21:13:58+12:00,38.6,-36.604809,174.802582,4
esp32_device_001,2026-05-21T21:14:03+12:00,38.8,-36.604809,174.802582,4
esp32_device_001,2026-05-21T21:14:08+12:00,39,-36.604805,174.802582,4
esp32_device_001,2026-05-21T21:14:13+12:00,39.8,-36.604801,174.802582,4
esp32_device_001,2026-05-21T21:14:18+12:00,40.8,-36.604801,174.802582,4
esp32_device_001,2026-05-21T21:14:23+12:00,40.9,-36.604801,174.802582,4
esp32_device_001,2026-05-21T21:14:28+12:00,41.1,-36.604801,174.802582,4
esp32_device_001,2026-05-21T21:14:33+12:00,40.8,-36.604801,174.802582,4
esp32_device_001,2026-05-21T21:14:38+12:00,40.2,-36.604805,174.802582,4
esp32_device_001,2026-05-21T21:14:43+12:00,41.1,-36.604805,174.802597,4
esp32_device_001,2026-05-21T21:14:48+12:00,41.3,-36.604805,174.802582,4
esp32_device_001,2026-05-21T21:14:53+12:00,40.9,-36.604809,174.802582,4
esp32_device_001,2026-05-21T21:14:58+12:00,40.6,-36.604809,174.802582,4
esp32_device_001,2026-05-21T21:15:03+12:00,40.7,-36.604809,174.802582,4
esp32_device_001,2026-05-21T21:15:08+12:00,40.6,-36.604809,174.802582,4
esp32_device_001,2026-05-21T21:15:13+12:00,40.8,-36.604809,174.802582,4
esp32_device_001,2026-05-21T21:15:18+12:00,41.3,-36.604805,174.802582,4
esp32_device_001,2026-05-21T21:15:23+12:00,42,-36.604797,174.802582,4
esp32_device_001,2026-05-21T21:15:28+12:00,40.6,-36.604801,174.802582,4
esp32_device_001,2026-05-21T21:15:33+12:00,40.9,-36.604797,174.802567,4
esp32_device_001,2026-05-21T21:15:38+12:00,40,-36.604801,174.802567,4
esp32_device_001,2026-05-21T21:15:43+12:00,38.7,-36.604805,174.802567,4
esp32_device_001,2026-05-21T21:15:48+12:00,38.6,-36.604809,174.802582,4
esp32_device_001,2026-05-21T21:15:53+12:00,38.4,-36.604809,174.802582,4
esp32_device_001,2026-05-21T21:15:58+12:00,39.4,-36.604805,174.802582,4
esp32_device_001,2026-05-21T21:16:03+12:00,40,-36.604805,174.802582,4
esp32_device_001,2026-05-21T21:16:08+12:00,40.1,-36.604801,174.802582,4
esp32_device_001,2026-05-21T21:16:13+12:00,41.1,-36.604794,174.802582,4
esp32_device_001,2026-05-21T21:16:18+12:00,41,-36.60479,174.802582,4
esp32_device_001,2026-05-21T21:16:23+12:00,40.5,-36.604794,174.802582,4
esp32_device_001,2026-05-21T21:16:28+12:00,39.9,-36.604797,174.802597,4
esp32_device_001,2026-05-21T21:16:33+12:00,39.7,-36.604801,174.802597,4
esp32_device_001,2026-05-21T21:16:38+12:00,39.3,-36.604801,174.802597,4
esp32_device_001,2026-05-21T21:16:43+12:00,39.7,-36.604805,174.802597,4
esp32_device_001,2026-05-21T21:16:48+12:00,39.9,-36.604805,174.802597,4
esp32_device_001,2026-05-21T21:16:53+12:00,40.3,-36.604809,174.802612,4
esp32_device_001,2026-05-21T21:16:58+12:00,41.8,-36.604801,174.802597,4
esp32_device_001,2026-05-21T21:17:03+12:00,41.9,-36.604805,174.802597,4
esp32_device_001,2026-05-21T21:17:08+12:00,44.8,-36.604794,174.802597,4
esp32_device_001,2026-05-21T21:17:13+12:00,47.3,-36.604782,174.802597,4
esp32_device_001,2026-05-21T21:17:18+12:00,48.1,-36.604778,174.802597,4
esp32_device_001,2026-05-21T21:17:23+12:00,49.4,-36.604774,174.802597,4
esp32_device_001,2026-05-21T21:17:28+12:00,49.5,-36.604771,174.802597,4
esp32_device_001,2026-05-21T21:17:33+12:00,49.2,-36.604767,174.802597,4
esp32_device_001,2026-05-21T21:17:38+12:00,48.7,-36.604767,174.802597,4
esp32_device_001,2026-05-21T21:17:43+12:00,48.3,-36.604763,174.802597,4
esp32_device_001,2026-05-21T21:17:48+12:00,49.7,-36.604755,174.802597,4
esp32_device_001,2026-05-21T21:17:53+12:00,50.9,-36.604748,174.802597,4
esp32_device_001,2026-05-21T21:17:58+12:00,52.2,-36.60474,174.802582,4
esp32_device_001,2026-05-21T21:18:03+12:00,51.7,-36.60474,174.802582,4
esp32_device_001,2026-05-21T21:18:08+12:00,51,-36.60474,174.802582,4
esp32_device_001,2026-05-21T21:18:13+12:00,49.8,-36.604744,174.802597,4
esp32_device_001,2026-05-21T21:18:18+12:00,51.2,-36.60474,174.802597,4
esp32_device_001,2026-05-21T21:18:23+12:00,52.4,-36.60474,174.802597,4
esp32_device_001,2026-05-21T21:18:28+12:00,53.6,-36.604733,174.802597,4
esp32_device_001,2026-05-21T21:18:33+12:00,55.3,-36.604725,174.802597,4
esp32_device_001,2026-05-21T21:18:38+12:00,54.3,-36.604725,174.802597,4
esp32_device_001,2026-05-21T21:18:43+12:00,54,-36.604725,174.802582,4
esp32_device_001,2026-05-21T21:18:48+12:00,53,-36.604725,174.802582,4
esp32_device_001,2026-05-21T21:18:53+12:00,52,-36.604729,174.802582,4
esp32_device_001,2026-05-21T21:18:58+12:00,52,-36.604729,174.802582,4
esp32_device_001,2026-05-21T21:19:03+12:00,52.1,-36.604733,174.802582,4
esp32_device_001,2026-05-21T21:19:08+12:00,52.3,-36.604733,174.802582,4
esp32_device_001,2026-05-21T21:19:13+12:00,51.5,-36.60474,174.802597,4
esp32_device_001,2026-05-21T21:19:18+12:00,51,-36.60474,174.802597,4
esp32_device_001,2026-05-21T21:19:23+12:00,50.7,-36.604744,174.802597,4
esp32_device_001,2026-05-21T21:19:28+12:00,50,-36.604744,174.802597,4
esp32_device_001,2026-05-21T21:19:33+12:00,50.2,-36.60474,174.802582,4
esp32_device_001,2026-05-21T21:19:38+12:00,50.9,-36.60474,174.802582,4
esp32_device_001,2026-05-21T21:19:43+12:00,51.4,-36.60474,174.802582,4
esp32_device_001,2026-05-21T21:19:48+12:00,52.3,-36.60474,174.802582,4
esp32_device_001,2026-05-21T21:19:53+12:00,52.7,-36.604744,174.802597,4
esp32_device_001,2026-05-21T21:19:58+12:00,53.9,-36.604744,174.802597,4
esp32_device_001,2026-05-21T21:20:03+12:00,52.3,-36.604755,174.802597,4
esp32_device_001,2026-05-21T21:20:08+12:00,51.4,-36.604763,174.802597,4
esp32_device_001,2026-05-21T21:20:13+12:00,50.7,-36.604771,174.802612,4
esp32_device_001,2026-05-21T21:20:18+12:00,48.2,-36.604786,174.802612,4
esp32_device_001,2026-05-21T21:20:23+12:00,48.2,-36.604782,174.802612,4
esp32_device_001,2026-05-21T21:20:28+12:00,47,-36.604786,174.802612,4
esp32_device_001,2026-05-21T21:20:33+12:00,46.3,-36.604786,174.802612,4
esp32_device_001,2026-05-21T21:20:38+12:00,44.4,-36.604797,174.802612,4
esp32_device_001,2026-05-21T21:20:43+12:00,41.7,-36.604816,174.802628,4
esp32_device_001,2026-05-21T21:20:48+12:00,39.1,-36.604836,174.802658,4
esp32_device_001,2026-05-21T21:20:53+12:00,39.7,-36.604828,174.802643,4
esp32_device_001,2026-05-21T21:20:58+12:00,39.6,-36.604824,174.802643,4
esp32_device_001,2026-05-21T21:21:03+12:00,39,-36.604832,174.802658,4
esp32_device_001,2026-05-21T21:21:08+12:00,38.1,-36.604832,174.802658,4
esp32_device_001,2026-05-21T21:21:13+12:00,39.4,-36.604816,174.802643,4
esp32_device_001,2026-05-21T21:21:18+12:00,39.9,-36.604805,174.802643,4
esp32_device_001,2026-05-21T21:21:23+12:00,43.6,-36.604786,174.802612,4
esp32_device_001,2026-05-21T21:21:28+12:00,43.8,-36.604782,174.802612,4
esp32_device_001,2026-05-21T21:21:33+12:00,43.2,-36.604782,174.802612,4
esp32_device_001,2026-05-21T21:21:38+12:00,42.8,-36.604782,174.802612,4
esp32_device_001,2026-05-21T21:21:43+12:00,44.2,-36.604778,174.802612,4
esp32_device_001,2026-05-21T21:21:48+12:00,46.1,-36.604767,174.802597,4
esp32_device_001,2026-05-21T21:21:53+12:00,48.4,-36.604763,174.802597,4
esp32_device_001,2026-05-21T21:21:58+12:00,50.7,-36.604752,174.802597,4
esp32_device_001,2026-05-21T21:22:03+12:00,54.1,-36.604736,174.802597,4
esp32_device_001,2026-05-21T21:22:08+12:00,55.6,-36.604729,174.802582,4
esp32_device_001,2026-05-21T21:22:13+12:00,56,-36.604725,174.802582,4
esp32_device_001,2026-05-21T21:22:18+12:00,55.7,-36.604733,174.802597,4
esp32_device_001,2026-05-21T21:22:23+12:00,55.9,-36.60474,174.802597,4
esp32_device_001,2026-05-21T21:22:28+12:00,56.5,-36.604736,174.802597,4
esp32_device_001,2026-05-21T21:22:33+12:00,56.1,-36.60474,174.802597,4
esp32_device_001,2026-05-21T21:22:38+12:00,56,-36.604736,174.802597,4
esp32_device_001,2026-05-21T21:22:43+12:00,54.7,-36.604744,174.802597,4
esp32_device_001,2026-05-21T21:22:48+12:00,56,-36.604736,174.802597,4
esp32_device_001,2026-05-21T21:22:53+12:00,56.1,-36.60474,174.802582,4
esp32_device_001,2026-05-21T21:22:58+12:00,57.5,-36.604736,174.802582,4
esp32_device_001,2026-05-21T21:23:03+12:00,58.3,-36.604729,174.802582,4
esp32_device_001,2026-05-21T21:23:08+12:00,58.8,-36.604725,174.802582,4
esp32_device_001,2026-05-21T21:23:13+12:00,59.2,-36.604725,174.802582,4
esp32_device_001,2026-05-21T21:23:18+12:00,59,-36.604725,174.802567,4
esp32_device_001,2026-05-21T21:23:23+12:00,59.3,-36.604721,174.802567,4
esp32_device_001,2026-05-21T21:23:28+12:00,58.7,-36.604725,174.802567,4
esp32_device_001,2026-05-21T21:23:33+12:00,58.5,-36.604729,174.802582,4
esp32_device_001,2026-05-21T21:23:38+12:00,59.6,-36.604725,174.802582,4
esp32_device_001,2026-05-21T21:23:43+12:00,59.7,-36.604729,174.802582,4
esp32_device_001,2026-05-21T21:23:48+12:00,59,-36.604736,174.802582,4
esp32_device_001,2026-05-21T21:23:53+12:00,59,-36.60474,174.802582,4
esp32_device_001,2026-05-21T21:23:58+12:00,57.4,-36.604748,174.802582,4
esp32_device_001,2026-05-21T21:24:03+12:00,55.9,-36.604752,174.802582,4
esp32_device_001,2026-05-21T21:24:08+12:00,55.7,-36.604752,174.802582,4
esp32_device_001,2026-05-21T21:24:13+12:00,55.8,-36.604748,174.802567,4
esp32_device_001,2026-05-21T21:24:18+12:00,55.7,-36.604748,174.802567,4
esp32_device_001,2026-05-21T21:24:23+12:00,56.1,-36.604748,174.802567,4
esp32_device_001,2026-05-21T21:24:28+12:00,57.4,-36.60474,174.802567,4
esp32_device_001,2026-05-21T21:24:33+12:00,59.1,-36.604725,174.802567,4
esp32_device_001,2026-05-21T21:24:38+12:00,58.6,-36.604725,174.802567,4
esp32_device_001,2026-05-21T21:24:43+12:00,56.6,-36.604733,174.802582,4
esp32_device_001,2026-05-21T21:24:48+12:00,52.9,-36.604752,174.802582,4
esp32_device_001,2026-05-21T21:24:53+12:00,49.7,-36.604767,174.802582,4
esp32_device_001,2026-05-21T21:24:58+12:00,46.3,-36.604786,174.802582,4
esp32_device_001,2026-05-21T21:25:03+12:00,44.6,-36.604794,174.802582,4
esp32_device_001,2026-05-21T21:25:08+12:00,42.6,-36.604809,174.802567,4
esp32_device_001,2026-05-21T21:25:13+12:00,39.8,-36.604824,174.802567,4
esp32_device_001,2026-05-21T21:25:18+12:00,39,-36.604828,174.802567,4
esp32_device_001,2026-05-21T21:25:23+12:00,38.1,-36.604832,174.802567,4
esp32_device_001,2026-05-21T21:25:28+12:00,37.3,-36.604832,174.802567,4
esp32_device_001,2026-05-21T21:25:33+12:00,36.9,-36.604832,174.802567,4
esp32_device_001,2026-05-21T21:25:38+12:00,36.5,-36.604836,174.802567,4
esp32_device_001,2026-05-21T21:25:43+12:00,36.5,-36.604836,174.802567,4
esp32_device_001,2026-05-21T21:25:48+12:00,36.5,-36.604836,174.802567,4
esp32_device_001,2026-05-21T21:25:53+12:00,36.5,-36.604839,174.802567,4
esp32_device_001,2026-05-21T21:25:58+12:00,37.8,-36.604832,174.802567,4
esp32_device_001,2026-05-21T21:26:03+12:00,40,-36.604824,174.802567,4
esp32_device_001,2026-05-21T21:26:08+12:00,40.9,-36.604816,174.802567,4
esp32_device_001,2026-05-21T21:26:13+12:00,41.8,-36.604816,174.802567,4
esp32_device_001,2026-05-21T21:26:18+12:00,42.5,-36.604813,174.802567,4
esp32_device_001,2026-05-21T21:26:23+12:00,43.8,-36.604805,174.802567,4
esp32_device_001,2026-05-21T21:26:28+12:00,44.3,-36.604805,174.802567,4
esp32_device_001,2026-05-21T21:26:33+12:00,45.1,-36.604805,174.802567,4
esp32_device_001,2026-05-21T21:26:38+12:00,47,-36.604797,174.802567,4
esp32_device_001,2026-05-21T21:26:43+12:00,47.5,-36.604797,174.802567,4
esp32_device_001,2026-05-21T21:26:48+12:00,48.6,-36.604794,174.802567,4
esp32_device_001,2026-05-21T21:26:53+12:00,52.3,-36.604774,174.802582,4
esp32_device_001,2026-05-21T21:26:58+12:00,55.3,-36.604763,174.802582,4
esp32_device_001,2026-05-21T21:27:03+12:00,56.6,-36.604759,174.802582,4
esp32_device_001,2026-05-21T21:27:08+12:00,56.3,-36.604755,174.802582,4
esp32_device_001,2026-05-21T21:27:13+12:00,55.6,-36.604755,174.802582,4
esp32_device_001,2026-05-21T21:27:18+12:00,56,-36.604752,174.802582,4
esp32_device_001,2026-05-21T21:27:23+12:00,57.2,-36.604744,174.802582,4
esp32_device_001,2026-05-21T21:27:28+12:00,59.1,-36.604736,174.802582,4
esp32_device_001,2026-05-21T21:27:33+12:00,59.1,-36.604733,174.802582,4
esp32_device_001,2026-05-21T21:27:38+12:00,59.4,-36.604729,174.802582,4
esp32_device_001,2026-05-21T21:27:43+12:00,60.1,-36.604725,174.802582,4
esp32_device_001,2026-05-21T21:27:48+12:00,60.5,-36.604725,174.802582,4
esp32_device_001,2026-05-21T21:27:53+12:00,60.5,-36.604725,174.802582,4
esp32_device_001,2026-05-21T21:27:58+12:00,60.5,-36.604725,174.802582,4
esp32_device_001,2026-05-21T21:28:03+12:00,60.2,-36.604725,174.802582,4
esp32_device_001,2026-05-21T21:28:08+12:00,59.8,-36.604729,174.802582,4
esp32_device_001,2026-05-21T21:28:13+12:00,60,-36.604725,174.802582,4
esp32_device_001,2026-05-21T21:28:18+12:00,60.9,-36.604725,174.802582,4
esp32_device_001,2026-05-21T21:28:23+12:00,61.7,-36.604721,174.802597,4
esp32_device_001,2026-05-21T21:28:28+12:00,62,-36.604721,174.802597,4
esp32_device_001,2026-05-21T21:28:33+12:00,62.4,-36.604721,174.802597,4
esp32_device_001,2026-05-21T21:28:38+12:00,62,-36.604717,174.802612,4
esp32_device_001,2026-05-21T21:28:43+12:00,60.5,-36.604721,174.802612,4
esp32_device_001,2026-05-21T21:28:48+12:00,57.3,-36.604725,174.802612,4
esp32_device_001,2026-05-21T21:28:53+12:00,57.3,-36.604725,174.802612,4
esp32_device_001,2026-05-21T21:28:58+12:00,56.3,-36.604725,174.802597,4
esp32_device_001,2026-05-21T21:29:03+12:00,55.1,-36.604729,174.802597,4
esp32_device_001,2026-05-21T21:29:08+12:00,54.9,-36.604733,174.802597,4
esp32_device_001,2026-05-21T21:29:13+12:00,54.8,-36.604736,174.802597,4
esp32_device_001,2026-05-21T21:29:18+12:00,54,-36.604736,174.802597,4
esp32_device_001,2026-05-21T21:29:23+12:00,54.7,-36.604736,174.802597,4
esp32_device_001,2026-05-21T21:29:28+12:00,54.5,-36.604736,174.802597,4
esp32_device_001,2026-05-21T21:29:33+12:00,53.9,-36.604736,174.802597,4
esp32_device_001,2026-05-21T21:29:38+12:00,54.1,-36.604736,174.802597,4
esp32_device_001,2026-05-21T21:29:43+12:00,55.3,-36.604736,174.802612,4
esp32_device_001,2026-05-21T21:29:48+12:00,58.2,-36.604736,174.802597,4
esp32_device_001,2026-05-21T21:29:53+12:00,62,-36.604729,174.802597,4
esp32_device_001,2026-05-21T21:29:58+12:00,62.8,-36.604729,174.802597,4
esp32_device_001,2026-05-21T21:30:03+12:00,64.6,-36.604733,174.802597,4
esp32_device_001,2026-05-21T21:30:08+12:00,65.4,-36.604736,174.802597,4
esp32_device_001,2026-05-21T21:30:13+12:00,63.8,-36.60474,174.802582,4
esp32_device_001,2026-05-21T21:30:18+12:00,62.1,-36.604736,174.802582,4
esp32_device_001,2026-05-21T21:30:23+12:00,61.8,-36.604729,174.802582,4
esp32_device_001,2026-05-21T21:30:28+12:00,60.9,-36.604721,174.802582,4
esp32_device_001,2026-05-21T21:30:33+12:00,60.8,-36.604721,174.802582,4
esp32_device_001,2026-05-21T21:30:38+12:00,59.7,-36.604717,174.802582,4
esp32_device_001,2026-05-21T21:30:43+12:00,57.6,-36.604717,174.802582,4
esp32_device_001,2026-05-21T21:30:48+12:00,55.9,-36.604717,174.802597,4
esp32_device_001,2026-05-21T21:30:53+12:00,54.6,-36.604725,174.802597,4
esp32_device_001,2026-05-21T21:30:58+12:00,54.8,-36.604729,174.802612,4
esp32_device_001,2026-05-21T21:31:03+12:00,54.8,-36.604721,174.802612,4
esp32_device_001,2026-05-21T21:31:08+12:00,56.1,-36.604713,174.802597,4
esp32_device_001,2026-05-21T21:31:13+12:00,57.6,-36.604717,174.802597,4
esp32_device_001,2026-05-21T21:31:18+12:00,59.6,-36.60471,174.802597,4
esp32_device_001,2026-05-21T21:31:23+12:00,61.6,-36.604706,174.802582,4
esp32_device_001,2026-05-21T21:31:28+12:00,61.5,-36.604698,174.802567,4
esp32_device_001,2026-05-21T21:31:33+12:00,59.3,-36.604702,174.802567,4
esp32_device_001,2026-05-21T21:31:38+12:00,58,-36.604706,174.802551,4
esp32_device_001,2026-05-21T21:31:43+12:00,55.9,-36.604702,174.802551,4
esp32_device_001,2026-05-21T21:31:48+12:00,55.5,-36.604694,174.802567,4
esp32_device_001,2026-05-21T21:31:53+12:00,54.1,-36.604702,174.802567,4
esp32_device_001,2026-05-21T21:31:58+12:00,52.6,-36.60471,174.802567,4
esp32_device_001,2026-05-21T21:32:03+12:00,52.2,-36.604702,174.802567,4
esp32_device_001,2026-05-21T21:32:08+12:00,50.6,-36.604702,174.802582,4
esp32_device_001,2026-05-21T21:32:13+12:00,48.8,-36.60471,174.802582,4
esp32_device_001,2026-05-21T21:32:18+12:00,47.7,-36.604717,174.802582,4
esp32_device_001,2026-05-21T21:32:23+12:00,45.6,-36.604725,174.802551,4
esp32_device_001,2026-05-21T21:32:28+12:00,46.9,-36.604733,174.802536,4
esp32_device_001,2026-05-21T21:32:33+12:00,48.7,-36.604717,174.802536,4
esp32_device_001,2026-05-21T21:32:38+12:00,51.3,-36.604717,174.802551,4
esp32_device_001,2026-05-21T21:32:43+12:00,53.2,-36.604713,174.802551,4
esp32_device_001,2026-05-21T21:32:48+12:00,56.3,-36.604702,174.802551,4
esp32_device_001,2026-05-21T21:32:53+12:00,59.6,-36.604694,174.802567,4
esp32_device_001,2026-05-21T21:32:58+12:00,60.9,-36.604687,174.802567,4
esp32_device_001,2026-05-21T21:33:03+12:00,62.3,-36.604691,174.802567,4
esp32_device_001,2026-05-21T21:33:08+12:00,63,-36.604691,174.802567,4
esp32_device_001,2026-05-21T21:33:13+12:00,62.6,-36.604691,174.802567,4
esp32_device_001,2026-05-21T21:33:18+12:00,62.5,-36.604694,174.802567,4
esp32_device_001,2026-05-21T21:33:23+12:00,61.9,-36.604694,174.802567,4
esp32_device_001,2026-05-21T21:33:28+12:00,61.2,-36.604694,174.802582,4
esp32_device_001,2026-05-21T21:33:33+12:00,59.5,-36.604702,174.802582,4
esp32_device_001,2026-05-21T21:33:38+12:00,58.8,-36.604706,174.802582,4
esp32_device_001,2026-05-21T21:33:43+12:00,58.4,-36.60471,174.802582,4
esp32_device_001,2026-05-21T21:33:48+12:00,57.9,-36.604706,174.802582,4
esp32_device_001,2026-05-21T21:33:53+12:00,57.1,-36.604706,174.802582,4
esp32_device_001,2026-05-21T21:33:58+12:00,57,-36.604702,174.802597,4
esp32_device_001,2026-05-21T21:34:03+12:00,57.7,-36.604694,174.802597,4
esp32_device_001,2026-05-21T21:34:08+12:00,58.5,-36.604687,174.802597,4
esp32_device_001,2026-05-21T21:34:13+12:00,59.5,-36.604683,174.802597,4
esp32_device_001,2026-05-21T21:34:18+12:00,61.2,-36.604675,174.802597,4
esp32_device_001,2026-05-21T21:34:23+12:00,63,-36.604675,174.802597,4
esp32_device_001,2026-05-21T21:34:28+12:00,63,-36.604679,174.802597,4
esp32_device_001,2026-05-21T21:34:33+12:00,62.5,-36.604671,174.802597,4
esp32_device_001,2026-05-21T21:34:38+12:00,60.8,-36.604671,174.802597,4
esp32_device_001,2026-05-21T21:34:43+12:00,58.6,-36.604679,174.802597,4
esp32_device_001,2026-05-21T21:34:48+12:00,56.7,-36.604687,174.802597,4
esp32_device_001,2026-05-21T21:34:53+12:00,55.4,-36.604691,174.802597,4
esp32_device_001,2026-05-21T21:34:58+12:00,54.5,-36.604698,174.802597,4
esp32_device_001,2026-05-21T21:35:03+12:00,54.8,-36.604698,174.802597,4
esp32_device_001,2026-05-21T21:35:08+12:00,55.8,-36.604698,174.802597,4
esp32_device_001,2026-05-21T21:35:13+12:00,55.3,-36.604706,174.802582,4
esp32_device_001,2026-05-21T21:35:18+12:00,53.3,-36.604721,174.802567,4
esp32_device_001,2026-05-21T21:35:23+12:00,52.3,-36.604725,174.802551,4
esp32_device_001,2026-05-21T21:35:28+12:00,49.5,-36.60474,174.802551,4
esp32_device_001,2026-05-21T21:35:33+12:00,47.8,-36.604744,174.802536,4
esp32_device_001,2026-05-21T21:35:38+12:00,47.3,-36.604748,174.802551,4
esp32_device_001,2026-05-21T21:35:43+12:00,48,-36.604744,174.802551,4
esp32_device_001,2026-05-21T21:35:48+12:00,49.6,-36.60474,174.802551,4
esp32_device_001,2026-05-21T21:35:53+12:00,50.1,-36.604736,174.802567,4
esp32_device_001,2026-05-21T21:35:58+12:00,50.1,-36.60474,174.802551,4
esp32_device_001,2026-05-21T21:36:03+12:00,49.4,-36.604748,174.802536,4
esp32_device_001,2026-05-21T21:36:08+12:00,48.9,-36.604752,174.802536,4
esp32_device_001,2026-05-21T21:36:13+12:00,47.9,-36.604748,174.802536,4
esp32_device_001,2026-05-21T21:36:18+12:00,47.5,-36.604752,174.802536,4
esp32_device_001,2026-05-21T21:36:23+12:00,45.5,-36.604755,174.802536,4
esp32_device_001,2026-05-21T21:36:28+12:00,42.1,-36.604763,174.802521,4
esp32_device_001,2026-05-21T21:36:33+12:00,40.4,-36.604763,174.802536,4
esp32_device_001,2026-05-21T21:36:38+12:00,39.6,-36.604767,174.802536,4
esp32_device_001,2026-05-21T21:36:43+12:00,41.4,-36.604763,174.802551,4
esp32_device_001,2026-05-21T21:36:48+12:00,40.9,-36.604759,174.802567,4
esp32_device_001,2026-05-21T21:36:53+12:00,42.4,-36.604759,174.802567,4
esp32_device_001,2026-05-21T21:36:58+12:00,43.3,-36.604759,174.802567,4
esp32_device_001,2026-05-21T21:37:03+12:00,45.6,-36.604752,174.802551,4
esp32_device_001,2026-05-21T21:37:08+12:00,46.4,-36.604752,174.802551,4
esp32_device_001,2026-05-21T21:37:13+12:00,48.1,-36.604752,174.802536,4
esp32_device_001,2026-05-21T21:37:18+12:00,49,-36.604755,174.802521,4
esp32_device_001,2026-05-21T21:37:23+12:00,50.7,-36.604755,174.802521,4
esp32_device_001,2026-05-21T21:37:28+12:00,53.1,-36.604755,174.802521,4
esp32_device_001,2026-05-21T21:37:33+12:00,52,-36.604755,174.802536,4
esp32_device_001,2026-05-21T21:37:38+12:00,43.1,-36.604778,174.802551,4
esp32_device_001,2026-05-21T21:37:43+12:00,37.5,-36.604797,174.802567,4
esp32_device_001,2026-05-21T21:37:48+12:00,37.5,-36.60479,174.802567,4
esp32_device_001,2026-05-21T21:37:53+12:00,38,-36.60479,174.802567,4
esp32_device_001,2026-05-21T21:37:58+12:00,41.8,-36.604771,174.802567,4
esp32_device_001,2026-05-21T21:38:03+12:00,45.6,-36.604752,174.802567,4
esp32_device_001,2026-05-21T21:38:08+12:00,49.3,-36.604736,174.802567,4
esp32_device_001,2026-05-21T21:38:13+12:00,51.9,-36.604729,174.802567,4
esp32_device_001,2026-05-21T21:38:18+12:00,53.4,-36.604725,174.802567,4
esp32_device_001,2026-05-21T21:38:23+12:00,53.8,-36.604725,174.802567,4
esp32_device_001,2026-05-21T21:38:28+12:00,53.1,-36.604725,174.802567,4
esp32_device_001,2026-05-21T21:38:33+12:00,52.9,-36.604721,174.802567,4
esp32_device_001,2026-05-21T21:38:38+12:00,52.7,-36.604713,174.802567,4
esp32_device_001,2026-05-21T21:38:43+12:00,52,-36.604717,174.802582,4
esp32_device_001,2026-05-21T21:38:48+12:00,51.3,-36.604717,174.802582,4
esp32_device_001,2026-05-21T21:38:53+12:00,50.9,-36.604717,174.802582,4
esp32_device_001,2026-05-21T21:38:58+12:00,50.6,-36.604721,174.802582,4
esp32_device_001,2026-05-21T21:39:03+12:00,50.6,-36.604721,174.802582,4
esp32_device_001,2026-05-21T21:39:08+12:00,50.8,-36.604721,174.802582,4
esp32_device_001,2026-05-21T21:39:13+12:00,50.3,-36.604725,174.802582,4
esp32_device_001,2026-05-21T21:39:18+12:00,49.8,-36.604725,174.802597,4
esp32_device_001,2026-05-21T21:39:23+12:00,49.5,-36.604725,174.802597,4
esp32_device_001,2026-05-21T21:39:28+12:00,49.9,-36.604721,174.802597,4
esp32_device_001,2026-05-21T21:39:33+12:00,50.5,-36.604717,174.802597,4
esp32_device_001,2026-05-21T21:39:38+12:00,51.7,-36.60471,174.802597,4
esp32_device_001,2026-05-21T21:39:43+12:00,52.3,-36.604706,174.802597,4
esp32_device_001,2026-05-21T21:39:48+12:00,52.6,-36.604702,174.802597,4
esp32_device_001,2026-05-21T21:39:53+12:00,51.6,-36.604702,174.802597,4
esp32_device_001,2026-05-21T21:39:58+12:00,52.3,-36.604698,174.802597,4
esp32_device_001,2026-05-21T21:40:03+12:00,52.8,-36.604694,174.802597,4
esp32_device_001,2026-05-21T21:40:08+12:00,54.3,-36.604691,174.802597,4
esp32_device_001,2026-05-21T21:40:13+12:00,55.3,-36.604687,174.802582,4
esp32_device_001,2026-05-21T21:40:18+12:00,56.6,-36.604687,174.802582,4
esp32_device_001,2026-05-21T21:40:23+12:00,58.6,-36.604683,174.802582,4
esp32_device_001,2026-05-21T21:40:28+12:00,59.4,-36.604679,174.802567,4
esp32_device_001,2026-05-21T21:40:33+12:00,60,-36.604679,174.802567,4
esp32_device_001,2026-05-21T21:40:38+12:00,61.5,-36.604675,174.802567,4
esp32_device_001,2026-05-21T21:40:43+12:00,62,-36.604675,174.802567,4
esp32_device_001,2026-05-21T21:40:48+12:00,62.8,-36.604679,174.802551,4
esp32_device_001,2026-05-21T21:40:53+12:00,62,-36.604679,174.802567,4
esp32_device_001,2026-05-21T21:40:58+12:00,63.3,-36.604679,174.802551,4
esp32_device_001,2026-05-21T21:41:03+12:00,63.4,-36.604683,174.802551,4
esp32_device_001,2026-05-21T21:41:08+12:00,63,-36.604687,174.802551,4
esp32_device_001,2026-05-21T21:41:13+12:00,62.1,-36.604694,174.802567,4
esp32_device_001,2026-05-21T21:41:18+12:00,60.9,-36.604698,174.802567,4
esp32_device_001,2026-05-21T21:41:23+12:00,58.5,-36.604702,174.802567,4
esp32_device_001,2026-05-21T21:41:28+12:00,57.5,-36.604706,174.802567,4
esp32_device_001,2026-05-21T21:41:33+12:00,56,-36.60471,174.802582,4
esp32_device_001,2026-05-21T21:41:38+12:00,55.6,-36.60471,174.802582,4
esp32_device_001,2026-05-21T21:41:43+12:00,55.2,-36.60471,174.802582,4
esp32_device_001,2026-05-21T21:41:48+12:00,54.8,-36.60471,174.802582,4
esp32_device_001,2026-05-21T21:41:53+12:00,54.3,-36.60471,174.802582,4
esp32_device_001,2026-05-21T21:41:58+12:00,54.5,-36.60471,174.802597,4
esp32_device_001,2026-05-21T21:42:03+12:00,53.8,-36.604713,174.802597,4
esp32_device_001,2026-05-21T21:42:08+12:00,53.2,-36.604713,174.802597,4
esp32_device_001,2026-05-21T21:42:13+12:00,53.3,-36.604713,174.802582,4
esp32_device_001,2026-05-21T21:42:18+12:00,52.3,-36.60471,174.802582,4
esp32_device_001,2026-05-21T21:42:23+12:00,52.1,-36.604713,174.802582,4
esp32_device_001,2026-05-21T21:42:28+12:00,52.2,-36.604717,174.802582,4
esp32_device_001,2026-05-21T21:42:33+12:00,52.8,-36.604721,174.802582,4
esp32_device_001,2026-05-21T21:42:38+12:00,52,-36.604725,174.802597,4
esp32_device_001,2026-05-21T21:42:43+12:00,50.8,-36.604729,174.802597,4
esp32_device_001,2026-05-21T21:42:48+12:00,49.1,-36.604729,174.802612,4
esp32_device_001,2026-05-21T21:42:53+12:00,46.7,-36.604733,174.802628,4
esp32_device_001,2026-05-21T21:42:58+12:00,45.4,-36.604729,174.802628,4
esp32_device_001,2026-05-21T21:43:03+12:00,43.3,-36.604736,174.802628,4
esp32_device_001,2026-05-21T21:43:08+12:00,43.3,-36.604733,174.802628,4
esp32_device_001,2026-05-21T21:43:13+12:00,43.7,-36.604736,174.802628,4
esp32_device_001,2026-05-21T21:43:18+12:00,45.5,-36.604729,174.802612,4
esp32_device_001,2026-05-21T21:43:23+12:00,46.6,-36.604721,174.802612,4
esp32_device_001,2026-05-21T21:43:28+12:00,45.9,-36.604733,174.802612,4
esp32_device_001,2026-05-21T21:43:33+12:00,45.2,-36.604733,174.802628,4
esp32_device_001,2026-05-21T21:43:38+12:00,45.9,-36.604733,174.802612,4
esp32_device_001,2026-05-21T21:43:43+12:00,47,-36.604725,174.802597,4
esp32_device_001,2026-05-21T21:43:48+12:00,45.5,-36.604733,174.802612,4
esp32_device_001,2026-05-21T21:43:53+12:00,43.2,-36.60474,174.802628,4
esp32_device_001,2026-05-21T21:43:58+12:00,41.9,-36.604744,174.802628,4
esp32_device_001,2026-05-21T21:44:03+12:00,40.4,-36.604744,174.802628,4
esp32_device_001,2026-05-21T21:44:08+12:00,41.7,-36.604744,174.802628,4
esp32_device_001,2026-05-21T21:44:13+12:00,44.8,-36.604736,174.802612,4
esp32_device_001,2026-05-21T21:44:18+12:00,45,-36.604729,174.802597,4
esp32_device_001,2026-05-21T21:44:23+12:00,46.3,-36.604725,174.802582,4
esp32_device_001,2026-05-21T21:44:28+12:00,48.7,-36.604717,174.802567,4
esp32_device_001,2026-05-21T21:44:33+12:00,48.6,-36.604717,174.802567,4
esp32_device_001,2026-05-21T21:44:38+12:00,49.7,-36.604717,174.802567,4
esp32_device_001,2026-05-21T21:44:43+12:00,50.2,-36.604713,174.802567,4
esp32_device_001,2026-05-21T21:44:48+12:00,48.3,-36.604721,174.802582,4
esp32_device_001,2026-05-21T21:44:53+12:00,47.2,-36.604729,174.802582,4
esp32_device_001,2026-05-21T21:44:58+12:00,47.9,-36.604736,174.802582,4
esp32_device_001,2026-05-21T21:45:03+12:00,48,-36.604744,174.802597,4
esp32_device_001,2026-05-21T21:45:08+12:00,51,-36.604748,174.802582,4
esp32_device_001,2026-05-21T21:45:13+12:00,52.3,-36.604736,174.802567,4
esp32_device_001,2026-05-21T21:45:18+12:00,49.2,-36.604733,174.802582,4
esp32_device_001,2026-05-21T21:45:23+12:00,46.8,-36.604736,174.802597,4
esp32_device_001,2026-05-21T21:45:28+12:00,47.7,-36.60474,174.802582,4
esp32_device_001,2026-05-21T21:45:33+12:00,48.5,-36.604736,174.802582,4
esp32_device_001,2026-05-21T21:45:38+12:00,48.2,-36.604736,174.802582,4
esp32_device_001,2026-05-21T21:45:43+12:00,46.2,-36.604752,174.802582,4
esp32_device_001,2026-05-21T21:45:48+12:00,45.3,-36.604759,174.802597,4
esp32_device_001,2026-05-21T21:45:53+12:00,43.8,-36.604759,174.802597,4
esp32_device_001,2026-05-21T21:45:58+12:00,43.6,-36.604771,174.802597,4
esp32_device_001,2026-05-21T21:46:03+12:00,42.6,-36.60479,174.802597,4
esp32_device_001,2026-05-21T21:46:08+12:00,41.7,-36.60479,174.802597,4
esp32_device_001,2026-05-21T21:46:13+12:00,40.4,-36.604801,174.802597,4
esp32_device_001,2026-05-21T21:46:18+12:00,39.3,-36.604805,174.802597,4
esp32_device_001,2026-05-21T21:46:23+12:00,37.5,-36.60482,174.802597,4
esp32_device_001,2026-05-21T21:46:28+12:00,36.7,-36.604832,174.802597,4
esp32_device_001,2026-05-21T21:46:33+12:00,36.6,-36.604847,174.802582,4
esp32_device_001,2026-05-21T21:46:38+12:00,35.8,-36.604862,174.802582,4
esp32_device_001,2026-05-21T21:46:43+12:00,34.4,-36.604881,174.802567,4
esp32_device_001,2026-05-21T21:46:48+12:00,34.3,-36.604881,174.802567,4
esp32_device_001,2026-05-21T21:46:53+12:00,34.4,-36.604866,174.802567,4
esp32_device_001,2026-05-21T21:46:58+12:00,34.5,-36.604855,174.802567,4
esp32_device_001,2026-05-21T21:47:03+12:00,34,-36.604847,174.802567,4
esp32_device_001,2026-05-21T21:47:08+12:00,36,-36.604824,174.802567,4
esp32_device_001,2026-05-21T21:47:13+12:00,39,-36.604805,174.802567,4
esp32_device_001,2026-05-21T21:47:18+12:00,41.3,-36.604786,174.802567,4
esp32_device_001,2026-05-21T21:47:23+12:00,42.5,-36.604774,174.802567,4
esp32_device_001,2026-05-21T21:47:28+12:00,46.8,-36.604774,174.802551,4
esp32_device_001,2026-05-21T21:47:33+12:00,49.3,-36.604774,174.802551,4
esp32_device_001,2026-05-21T21:47:38+12:00,51,-36.604767,174.802551,4
esp32_device_001,2026-05-21T21:47:43+12:00,51.7,-36.604759,174.802551,4
esp32_device_001,2026-05-21T21:47:48+12:00,51,-36.604759,174.802551,4
esp32_device_001,2026-05-21T21:47:53+12:00,50.9,-36.604755,174.802567,4
esp32_device_001,2026-05-21T21:47:58+12:00,49.1,-36.604759,174.802567,4
esp32_device_001,2026-05-21T21:48:03+12:00,48.7,-36.604763,174.802567,4
esp32_device_001,2026-05-21T21:48:08+12:00,49,-36.604759,174.802582,4
esp32_device_001,2026-05-21T21:48:13+12:00,49.3,-36.604755,174.802582,4
esp32_device_001,2026-05-21T21:48:18+12:00,49.8,-36.604752,174.802582,4
esp32_device_001,2026-05-21T21:48:23+12:00,50.6,-36.604748,174.802582,4
esp32_device_001,2026-05-21T21:48:28+12:00,51.3,-36.604748,174.802582,4
esp32_device_001,2026-05-21T21:48:33+12:00,51.7,-36.60474,174.802582,4
esp32_device_001,2026-05-21T21:48:38+12:00,52.1,-36.604733,174.802582,4
esp32_device_001,2026-05-21T21:48:43+12:00,51.8,-36.604729,174.802597,4
esp32_device_001,2026-05-21T21:48:48+12:00,53.4,-36.604729,174.802582,4
esp32_device_001,2026-05-21T21:48:53+12:00,51.5,-36.604736,174.802597,4
esp32_device_001,2026-05-21T21:48:58+12:00,51.6,-36.604733,174.802597,4
esp32_device_001,2026-05-21T21:49:03+12:00,50.8,-36.604733,174.802597,4
esp32_device_001,2026-05-21T21:49:08+12:00,49.7,-36.604736,174.802597,4
esp32_device_001,2026-05-21T21:49:13+12:00,50.8,-36.60474,174.802597,4
esp32_device_001,2026-05-21T21:49:18+12:00,50.5,-36.604736,174.802597,4
esp32_device_001,2026-05-21T21:49:23+12:00,50,-36.604733,174.802597,4
esp32_device_001,2026-05-21T21:49:28+12:00,49,-36.604733,174.802597,4
esp32_device_001,2026-05-21T21:49:33+12:00,48.1,-36.604733,174.802597,4
esp32_device_001,2026-05-21T21:49:38+12:00,48.4,-36.604729,174.802597,4
esp32_device_001,2026-05-21T21:49:48+12:00,45.4,-36.604725,174.802597,4
esp32_device_001,2026-05-21T21:49:58+12:00,46.7,-36.604725,174.802597,4
esp32_device_001,2026-05-21T21:50:03+12:00,46.7,-36.604721,174.802597,4
esp32_device_001,2026-05-21T21:50:08+12:00,47.5,-36.604717,174.802597,4
esp32_device_001,2026-05-21T21:50:13+12:00,47.6,-36.604717,174.802597,4
esp32_device_001,2026-05-21T21:50:18+12:00,47.4,-36.604721,174.802597,4
esp32_device_001,2026-05-21T21:50:23+12:00,48.1,-36.604725,174.802597,4
esp32_device_001,2026-05-21T21:50:28+12:00,48.5,-36.604721,174.802597,4
esp32_device_001,2026-05-21T21:50:33+12:00,49.4,-36.604717,174.802597,4
esp32_device_001,2026-05-21T21:50:38+12:00,50.1,-36.604717,174.802597,4
esp32_device_001,2026-05-21T21:50:43+12:00,50.5,-36.604729,174.802597,4
esp32_device_001,2026-05-21T21:50:49+12:00,50.7,-36.604744,174.802597,4
esp32_device_001,2026-05-21T21:50:54+12:00,49.4,-36.604748,174.802597,4
esp32_device_001,2026-05-21T21:50:59+12:00,47.9,-36.604748,174.802597,4
esp32_device_001,2026-05-21T21:51:04+12:00,47.3,-36.604744,174.802597,4
esp32_device_001,2026-05-21T21:51:09+12:00,47.8,-36.604733,174.802597,4
esp32_device_001,2026-05-21T21:51:14+12:00,48.5,-36.604725,174.802597,4
esp32_device_001,2026-05-21T21:51:19+12:00,49.8,-36.604717,174.802582,4
esp32_device_001,2026-05-21T21:51:24+12:00,49.8,-36.604721,174.802582,4
esp32_device_001,2026-05-21T21:51:29+12:00,50.9,-36.604717,174.802597,4
esp32_device_001,2026-05-21T21:51:34+12:00,51.4,-36.604717,174.802597,4
esp32_device_001,2026-05-21T21:51:39+12:00,52.1,-36.604717,174.802582,4
esp32_device_001,2026-05-21T21:51:44+12:00,51.8,-36.604725,174.802582,4
esp32_device_001,2026-05-21T21:51:49+12:00,51.3,-36.60474,174.802582,4
esp32_device_001,2026-05-21T21:51:54+12:00,50.2,-36.60474,174.802582,4
esp32_device_001,2026-05-21T21:51:59+12:00,50.9,-36.60474,174.802582,4
esp32_device_001,2026-05-21T21:52:04+12:00,51.2,-36.604736,174.802582,4
esp32_device_001,2026-05-21T21:52:09+12:00,52.5,-36.604733,174.802582,4
esp32_device_001,2026-05-21T21:52:14+12:00,53.8,-36.604729,174.802582,4
esp32_device_001,2026-05-21T21:52:19+12:00,54.7,-36.604729,174.802582,4
esp32_device_001,2026-05-21T21:52:24+12:00,55.9,-36.604725,174.802567,4
esp32_device_001,2026-05-21T21:52:29+12:00,56,-36.604729,174.802567,4
esp32_device_001,2026-05-21T21:52:34+12:00,57,-36.604721,174.802567,4
esp32_device_001,2026-05-21T21:52:39+12:00,58.6,-36.604713,174.802582,4
esp32_device_001,2026-05-21T21:52:44+12:00,60.3,-36.604706,174.802582,4
esp32_device_001,2026-05-21T21:52:49+12:00,60.9,-36.604702,174.802597,4
esp32_device_001,2026-05-21T21:52:54+12:00,62.5,-36.604691,174.802597,4
esp32_device_001,2026-05-21T21:52:59+12:00,63.4,-36.604691,174.802597,4
esp32_device_001,2026-05-21T21:53:04+12:00,62.2,-36.604683,174.802612,4
esp32_device_001,2026-05-21T21:53:09+12:00,61.8,-36.604683,174.802628,4
esp32_device_001,2026-05-21T21:53:14+12:00,60.2,-36.604679,174.802628,4
esp32_device_001,2026-05-21T21:53:19+12:00,59.6,-36.604675,174.802628,4
esp32_device_001,2026-05-21T21:53:24+12:00,57.8,-36.604671,174.802628,4
esp32_device_001,2026-05-21T21:53:29+12:00,56.5,-36.604683,174.802628,4
esp32_device_001,2026-05-21T21:53:34+12:00,55,-36.604694,174.802628,4
esp32_device_001,2026-05-21T21:53:39+12:00,53,-36.604706,174.802643,4
esp32_device_001,2026-05-21T21:53:44+12:00,52.8,-36.60471,174.802643,4
esp32_device_001,2026-05-21T21:53:49+12:00,52,-36.604729,174.802628,4
esp32_device_001,2026-05-21T21:53:54+12:00,50.9,-36.604744,174.802628,4
esp32_device_001,2026-05-21T21:53:59+12:00,49.9,-36.604748,174.802628,4
esp32_device_001,2026-05-21T21:54:04+12:00,52.2,-36.604733,174.802612,4
esp32_device_001,2026-05-21T21:54:09+12:00,53.5,-36.604725,174.802612,4
esp32_device_001,2026-05-21T21:54:14+12:00,55.5,-36.604721,174.802612,4
esp32_device_001,2026-05-21T21:54:19+12:00,55.7,-36.604729,174.802597,4
esp32_device_001,2026-05-21T21:54:24+12:00,56.9,-36.604729,174.802597,4
esp32_device_001,2026-05-21T21:54:29+12:00,56.9,-36.604733,174.802597,4
esp32_device_001,2026-05-21T21:54:34+12:00,57.9,-36.604733,174.802597,4
esp32_device_001,2026-05-21T21:54:39+12:00,59.8,-36.604721,174.802597,4
esp32_device_001,2026-05-21T21:54:49+12:00,62.6,-36.604717,174.802597,4
esp32_device_001,2026-05-21T21:56:50+12:00,48.8,-36.604748,174.802582,4
esp32_device_001,2026-05-21T21:57:00+12:00,48,-36.604755,174.802582,4
esp32_device_001,2026-05-21T21:57:05+12:00,47.1,-36.604759,174.802582,4
esp32_device_001,2026-05-21T21:57:10+12:00,47.2,-36.604755,174.802582,4
esp32_device_001,2026-05-21T21:57:15+12:00,47.7,-36.604755,174.802582,4
esp32_device_001,2026-05-21T21:57:20+12:00,49.1,-36.604752,174.802582,4
esp32_device_001,2026-05-21T21:57:25+12:00,49.7,-36.604748,174.802582,4
esp32_device_001,2026-05-21T21:57:30+12:00,50,-36.604752,174.802582,4
esp32_device_001,2026-05-21T21:57:35+12:00,51.9,-36.604755,174.802567,4
esp32_device_001,2026-05-21T21:57:40+12:00,52.3,-36.604759,174.802567,4
esp32_device_001,2026-05-21T21:57:45+12:00,52.4,-36.604763,174.802567,4
esp32_device_001,2026-05-21T21:57:51+12:00,51.9,-36.604759,174.802567,4
esp32_device_001,2026-05-21T21:57:56+12:00,52.1,-36.604759,174.802567,4
esp32_device_001,2026-05-21T21:58:01+12:00,51.6,-36.604759,174.802582,4
esp32_device_001,2026-05-21T21:58:06+12:00,51.6,-36.604763,174.802582,4
esp32_device_001,2026-05-21T21:58:11+12:00,51.9,-36.604759,174.802582,4
esp32_device_001,2026-05-21T21:58:16+12:00,51.9,-36.604767,174.802582,4
esp32_device_001,2026-05-21T21:58:21+12:00,51.3,-36.604767,174.802582,4
esp32_device_001,2026-05-21T21:58:26+12:00,51.4,-36.604767,174.802582,4
esp32_device_001,2026-05-21T21:58:31+12:00,51.1,-36.604763,174.802582,4
esp32_device_001,2026-05-21T21:58:36+12:00,51.2,-36.604763,174.802582,4
esp32_device_001,2026-05-21T21:58:41+12:00,51.7,-36.604763,174.802582,4
esp32_device_001,2026-05-21T21:58:46+12:00,50.1,-36.604759,174.802582,4
esp32_device_001,2026-05-21T21:58:51+12:00,48.8,-36.604763,174.802582,4
esp32_device_001,2026-05-21T21:58:56+12:00,46.9,-36.604759,174.802582,4
esp32_device_001,2026-05-21T21:59:01+12:00,46,-36.604755,174.802597,4
esp32_device_001,2026-05-21T21:59:06+12:00,46,-36.604755,174.802597,4
esp32_device_001,2026-05-21T21:59:11+12:00,47.5,-36.604755,174.802597,4
esp32_device_001,2026-05-21T21:59:16+12:00,48.5,-36.604752,174.802597,4
esp32_device_001,2026-05-21T21:59:21+12:00,49.8,-36.604748,174.802597,4
esp32_device_001,2026-05-21T21:59:26+12:00,49.7,-36.604736,174.802597,4
esp32_device_001,2026-05-21T21:59:31+12:00,50.5,-36.604725,174.802597,4
esp32_device_001,2026-05-21T21:59:36+12:00,52.2,-36.604717,174.802597,4
esp32_device_001,2026-05-21T21:59:41+12:00,52.6,-36.604713,174.802597,4
esp32_device_001,2026-05-21T21:59:46+12:00,52.9,-36.604713,174.802597,4
esp32_device_001,2026-05-21T21:59:51+12:00,51.7,-36.604713,174.802597,4
esp32_device_001,2026-05-21T21:59:56+12:00,50.4,-36.604713,174.802597,4
esp32_device_001,2026-05-21T22:00:01+12:00,50.7,-36.604713,174.802597,4
esp32_device_001,2026-05-21T22:00:06+12:00,51.2,-36.60471,174.802597,4
esp32_device_001,2026-05-21T22:00:11+12:00,50.3,-36.60471,174.802597,4
esp32_device_001,2026-05-21T22:00:16+12:00,47.8,-36.60471,174.802597,4
esp32_device_001,2026-05-21T22:00:21+12:00,46.5,-36.604721,174.802597,4
esp32_device_001,2026-05-21T22:00:26+12:00,48.2,-36.604729,174.802582,4
esp32_device_001,2026-05-21T22:00:31+12:00,49.9,-36.60474,174.802582,4
esp32_device_001,2026-05-21T22:00:36+12:00,49.7,-36.604755,174.802582,4
esp32_device_001,2026-05-21T22:00:41+12:00,49.2,-36.604767,174.802582,4
esp32_device_001,2026-05-21T22:00:46+12:00,48.4,-36.604774,174.802582,4
esp32_device_001,2026-05-21T22:00:51+12:00,48,-36.604774,174.802582,4
esp32_device_001,2026-05-21T22:00:56+12:00,47.8,-36.604778,174.802582,4
esp32_device_001,2026-05-21T22:01:01+12:00,48.3,-36.604778,174.802582,4
esp32_device_001,2026-05-21T22:01:06+12:00,48.4,-36.604782,174.802582,4
esp32_device_001,2026-05-21T22:01:11+12:00,48,-36.604782,174.802582,4
esp32_device_001,2026-05-21T22:01:16+12:00,47.2,-36.604786,174.802582,4
esp32_device_001,2026-05-21T22:01:21+12:00,46.5,-36.60479,174.802582,4
esp32_device_001,2026-05-21T22:01:26+12:00,46.2,-36.604786,174.802582,4
esp32_device_001,2026-05-21T22:01:31+12:00,45.9,-36.604786,174.802582,4
esp32_device_001,2026-05-21T22:01:36+12:00,46.7,-36.604782,174.802582,4
esp32_device_001,2026-05-21T22:01:41+12:00,47,-36.604778,174.802567,4
esp32_device_001,2026-05-21T22:01:46+12:00,47.7,-36.604771,174.802567,4
esp32_device_001,2026-05-21T22:02:01+12:00,47.7,-36.604767,174.802567,4
esp32_device_001,2026-05-21T22:02:16+12:00,45.1,-36.604755,174.802582,4
esp32_device_001,2026-05-21T22:02:21+12:00,44.9,-36.604752,174.802582,4
esp32_device_001,2026-05-21T22:02:26+12:00,44.5,-36.604752,174.802582,4
esp32_device_001,2026-05-21T22:02:31+12:00,44.5,-36.604748,174.802582,4
esp32_device_001,2026-05-21T22:02:41+12:00,44.8,-36.604744,174.802582,4
esp32_device_001,2026-05-21T22:02:46+12:00,44.7,-36.60474,174.802582,4
esp32_device_001,2026-05-21T22:02:51+12:00,43.7,-36.60474,174.802582,4
esp32_device_001,2026-05-21T22:02:56+12:00,44.4,-36.60474,174.802582,4
esp32_device_001,2026-05-21T22:03:01+12:00,44.3,-36.604736,174.802582,4
esp32_device_001,2026-05-21T22:03:11+12:00,46.1,-36.604733,174.802582,4
esp32_device_001,2026-05-21T22:03:16+12:00,47.1,-36.604729,174.802582,4
esp32_device_001,2026-05-21T22:03:26+12:00,47.5,-36.604725,174.802582,4
esp32_device_001,2026-05-21T22:03:51+12:00,46.4,-36.604733,174.802597,4
esp32_device_001,2026-05-21T22:03:56+12:00,46.1,-36.604733,174.802597,4
esp32_device_001,2026-05-21T22:04:01+12:00,45.8,-36.604736,174.802597,4
esp32_device_001,2026-05-21T22:04:06+12:00,45.6,-36.604736,174.802597,4
esp32_device_001,2026-05-21T22:04:11+12:00,46.2,-36.604736,174.802597,4
esp32_device_001,2026-05-21T22:04:16+12:00,47.3,-36.604733,174.802597,4
esp32_device_001,2026-05-21T22:04:26+12:00,49.4,-36.604729,174.802597,4
esp32_device_001,2026-05-21T22:04:36+12:00,53,-36.604713,174.802597,4
esp32_device_001,2026-05-21T22:04:46+12:00,52.9,-36.604721,174.802597,4
esp32_device_001,2026-05-21T22:04:56+12:00,53.2,-36.604717,174.802597,4
esp32_device_001,2026-05-21T22:05:01+12:00,52.4,-36.604721,174.802597,4
esp32_device_001,2026-05-21T22:05:06+12:00,51.4,-36.604725,174.802597,4
esp32_device_001,2026-05-21T22:05:11+12:00,51.2,-36.604729,174.802597,4
esp32_device_001,2026-05-21T22:05:16+12:00,49.8,-36.604736,174.802597,4
esp32_device_001,2026-05-21T22:05:21+12:00,49,-36.604736,174.802597,4
esp32_device_001,2026-05-21T22:05:26+12:00,49.4,-36.604736,174.802597,4
esp32_device_001,2026-05-21T22:05:31+12:00,48.9,-36.604736,174.802597,4
esp32_device_001,2026-05-21T22:05:36+12:00,48.2,-36.604736,174.802612,4
esp32_device_001,2026-05-21T22:05:41+12:00,47.4,-36.604733,174.802612,4
esp32_device_001,2026-05-21T22:05:46+12:00,46.8,-36.604736,174.802612,4
esp32_device_001,2026-05-21T22:05:51+12:00,47.1,-36.60474,174.802612,4
esp32_device_001,2026-05-21T22:05:56+12:00,43.8,-36.60474,174.802612,4
esp32_device_001,2026-05-21T22:06:01+12:00,43.5,-36.604744,174.802612,4
esp32_device_001,2026-05-21T22:06:06+12:00,42.8,-36.604736,174.802612,4
esp32_device_001,2026-05-21T22:06:16+12:00,43.1,-36.604729,174.802612,4
esp32_device_001,2026-05-21T22:06:21+12:00,43.4,-36.604721,174.802612,4
esp32_device_001,2026-05-21T22:06:26+12:00,43,-36.604717,174.802612,4
esp32_device_001,2026-05-21T22:06:56+12:00,53.5,-36.604774,174.802582,4
esp32_device_001,2026-05-21T22:07:26+12:00,48.5,-36.604748,174.802597,4
esp32_device_001,2026-05-21T22:07:31+12:00,46.2,-36.60474,174.802612,4
esp32_device_001,2026-05-21T22:07:36+12:00,46.2,-36.604733,174.802612,4
esp32_device_001,2026-05-21T22:07:41+12:00,46.3,-36.604725,174.802612,4
esp32_device_001,2026-05-21T22:07:46+12:00,45.6,-36.604717,174.802612,4
esp32_device_001,2026-05-21T22:07:56+12:00,47.2,-36.604702,174.802612,4
esp32_device_001,2026-05-21T22:08:01+12:00,46.2,-36.604706,174.802612,4
esp32_device_001,2026-05-21T22:08:11+12:00,47.7,-36.604694,174.802612,4
esp32_device_001,2026-05-21T22:08:16+12:00,51.6,-36.604698,174.802612,4
esp32_device_001,2026-05-21T22:08:21+12:00,53.4,-36.604694,174.802612,4
esp32_device_001,2026-05-21T22:08:26+12:00,55.2,-36.604698,174.802612,4
esp32_device_001,2026-05-21T22:08:31+12:00,58.6,-36.604698,174.802597,4
esp32_device_001,2026-05-21T22:08:36+12:00,57.6,-36.604698,174.802612,4
esp32_device_001,2026-05-21T22:08:51+12:00,54.7,-36.604702,174.802612,4
esp32_device_001,2026-05-21T22:08:56+12:00,54.5,-36.604702,174.802612,4
esp32_device_001,2026-05-21T22:09:26+12:00,53.4,-36.604691,174.802582,4
esp32_device_001,2026-05-21T22:09:31+12:00,53.2,-36.604691,174.802567,4
esp32_device_001,2026-05-21T22:09:36+12:00,53.6,-36.604691,174.802567,4
esp32_device_001,2026-05-21T22:09:41+12:00,53.5,-36.604683,174.802567,4
esp32_device_001,2026-05-21T22:09:46+12:00,53.5,-36.604687,174.802551,4
esp32_device_001,2026-05-21T22:09:51+12:00,54,-36.604687,174.802567,4
esp32_device_001,2026-05-21T22:09:56+12:00,53.8,-36.604679,174.802567,4
esp32_device_001,2026-05-21T22:10:01+12:00,53.4,-36.604679,174.802567,4
esp32_device_001,2026-05-21T22:10:06+12:00,57.1,-36.604679,174.802582,4
esp32_device_001,2026-05-21T22:10:11+12:00,57.9,-36.604683,174.802582,4
esp32_device_001,2026-05-21T22:10:26+12:00,57.8,-36.604694,174.802597,4
esp32_device_001,2026-05-21T22:10:31+12:00,54,-36.604702,174.802597,4
esp32_device_001,2026-05-21T22:10:36+12:00,51.5,-36.60471,174.802582,4
esp32_device_001,2026-05-21T22:10:41+12:00,50,-36.604725,174.802582,4
esp32_device_001,2026-05-21T22:10:46+12:00,49.3,-36.604729,174.802567,4
esp32_device_001,2026-05-21T22:10:56+12:00,49.3,-36.60474,174.802567,4
esp32_device_001,2026-05-21T22:11:01+12:00,48.5,-36.604733,174.802567,4
esp32_device_001,2026-05-21T22:11:06+12:00,50.3,-36.604721,174.802567,4
esp32_device_001,2026-05-21T22:11:11+12:00,50.1,-36.604725,174.802551,4
esp32_device_001,2026-05-21T22:11:16+12:00,50.5,-36.604733,174.802551,4
esp32_device_001,2026-05-21T22:11:26+12:00,49.9,-36.60474,174.802567,4
esp32_device_001,2026-05-21T22:11:31+12:00,46.3,-36.604755,174.802551,4
esp32_device_001,2026-05-21T22:11:36+12:00,42.6,-36.604763,174.802551,4
esp32_device_001,2026-05-21T22:11:41+12:00,38.7,-36.604774,174.802551,4
esp32_device_001,2026-05-21T22:11:46+12:00,35.1,-36.604771,174.802536,4
esp32_device_001,2026-05-21T22:11:56+12:00,29.8,-36.604755,174.802521,4
esp32_device_001,2026-05-21T22:12:01+12:00,27.8,-36.604755,174.802521,4
esp32_device_001,2026-05-21T22:12:06+12:00,26.7,-36.604748,174.802521,4
esp32_device_001,2026-05-21T22:12:11+12:00,27.7,-36.60474,174.802521,4
esp32_device_001,2026-05-21T22:12:16+12:00,29.5,-36.60474,174.802521,4
esp32_device_001,2026-05-21T22:12:26+12:00,30.8,-36.60471,174.802521,4
esp32_device_001,2026-05-21T22:12:31+12:00,33,-36.604706,174.802536,4
esp32_device_001,2026-05-21T22:12:36+12:00,34.8,-36.604698,174.802536,4
esp32_device_001,2026-05-21T22:12:41+12:00,35.7,-36.604706,174.802536,4
esp32_device_001,2026-05-21T22:12:46+12:00,37.8,-36.60471,174.802536,4
esp32_device_001,2026-05-21T22:12:51+12:00,38.5,-36.604736,174.802536,4
esp32_device_001,2026-05-21T22:12:56+12:00,39.6,-36.604752,174.802521,4
esp32_device_001,2026-05-21T22:13:01+12:00,43.2,-36.604805,174.802505,4
esp32_device_001,2026-05-21T22:13:06+12:00,45.6,-36.604836,174.80249,4
esp32_device_001,2026-05-21T22:13:16+12:00,49.8,-36.604862,174.80246,4
esp32_device_001,2026-05-21T22:13:31+12:00,57.7,-36.604828,174.802505,4
esp32_device_001,2026-05-21T22:13:46+12:00,63.5,-36.604805,174.802505,4
esp32_device_001,2026-05-21T22:13:51+12:00,63.9,-36.604801,174.802521,4
esp32_device_001,2026-05-21T22:14:06+12:00,62.9,-36.604801,174.802536,4
esp32_device_001,2026-05-21T22:14:31+12:00,62.8,-36.604755,174.802597,4
esp32_device_001,2026-05-21T22:14:36+12:00,63.2,-36.604748,174.802612,4
esp32_device_001,2026-05-21T22:14:41+12:00,61.4,-36.604763,174.802597,4
esp32_device_001,2026-05-21T22:14:46+12:00,59.5,-36.604767,174.802597,4
esp32_device_001,2026-05-21T22:14:51+12:00,58,-36.604771,174.802582,4
esp32_device_001,2026-05-21T22:15:06+12:00,55.2,-36.604786,174.802567,4
esp32_device_001,2026-05-21T22:15:11+12:00,54.3,-36.60479,174.802567,4
esp32_device_001,2026-05-21T22:15:16+12:00,53.1,-36.604794,174.802567,4
esp32_device_001,2026-05-21T22:15:21+12:00,52.2,-36.604794,174.802551,4
esp32_device_001,2026-05-21T22:15:26+12:00,51,-36.604797,174.802551,4
esp32_device_001,2026-05-21T22:15:31+12:00,50.8,-36.604797,174.802551,4
esp32_device_001,2026-05-21T22:15:36+12:00,50.5,-36.604797,174.802551,4
esp32_device_001,2026-05-21T22:15:41+12:00,50,-36.604797,174.802551,4
esp32_device_001,2026-05-21T22:15:46+12:00,49,-36.604797,174.802551,4
esp32_device_001,2026-05-21T22:15:51+12:00,48.1,-36.604797,174.802551,4
esp32_device_001,2026-05-21T22:16:01+12:00,46.9,-36.604794,174.802567,4
esp32_device_001,2026-05-21T22:16:06+12:00,46,-36.604794,174.802567,4
esp32_device_001,2026-05-21T22:16:11+12:00,45.2,-36.60479,174.802567,4
esp32_device_001,2026-05-21T22:16:16+12:00,44.9,-36.604794,174.802567,4
esp32_device_001,2026-05-21T22:16:26+12:00,44.2,-36.604786,174.802567,4
esp32_device_001,2026-05-21T22:16:56+12:00,36.7,-36.60479,174.802567,4
esp32_device_001,2026-05-21T22:17:16+12:00,37.4,-36.604801,174.802567,4
esp32_device_001,2026-05-21T22:18:01+12:00,39.5,-36.604832,174.802551,4
esp32_device_001,2026-05-21T22:18:06+12:00,38,-36.604832,174.802551,4
esp32_device_001,2026-05-21T22:18:36+12:00,42.3,-36.604832,174.802567,4
esp32_device_001,2026-05-21T22:18:46+12:00,46.7,-36.604832,174.802567,4
esp32_device_001,2026-05-21T22:19:21+12:00,48,-36.604832,174.802551,4
esp32_device_001,2026-05-21T22:19:56+12:00,51.9,-36.604813,174.802551,4
esp32_device_001,2026-05-21T22:20:01+12:00,55.1,-36.604809,174.802551,4
esp32_device_001,2026-05-21T22:20:31+12:00,55,-36.604805,174.802551,4
esp32_device_001,2026-05-21T22:20:36+12:00,54.9,-36.604816,174.802536,4
esp32_device_001,2026-05-21T22:21:52+12:00,49.3,-36.604752,174.802551,4
esp32_device_001,2026-05-21T22:22:02+12:00,47.3,-36.604763,174.802567,4
esp32_device_001,2026-05-21T22:22:07+12:00,47,-36.604755,174.802567,4
esp32_device_001,2026-05-21T22:22:12+12:00,45.3,-36.604755,174.802582,4
esp32_device_001,2026-05-21T22:22:17+12:00,43.8,-36.604771,174.802582,4
esp32_device_001,2026-05-21T22:22:22+12:00,42.6,-36.604782,174.802597,4
esp32_device_001,2026-05-21T22:22:27+12:00,41,-36.60479,174.802597,4
esp32_device_001,2026-05-21T22:22:32+12:00,38.8,-36.604801,174.802582,4
esp32_device_001,2026-05-21T22:22:37+12:00,38.1,-36.604813,174.802582,4
esp32_device_001,2026-05-21T22:22:42+12:00,38.5,-36.604824,174.802582,4
esp32_device_001,2026-05-21T22:22:47+12:00,39.4,-36.60482,174.802582,4
esp32_device_001,2026-05-21T22:22:53+12:00,40.2,-36.604824,174.802567,4
esp32_device_001,2026-05-21T22:22:58+12:00,41.3,-36.60482,174.802567,4
esp32_device_001,2026-05-21T22:23:03+12:00,43.3,-36.604816,174.802582,4
esp32_device_001,2026-05-21T22:23:08+12:00,44.3,-36.604816,174.802597,4
esp32_device_001,2026-05-21T22:23:13+12:00,45.6,-36.604813,174.802597,4
esp32_device_001,2026-05-21T22:23:18+12:00,47.5,-36.604816,174.802612,4
esp32_device_001,2026-05-21T22:23:23+12:00,48.9,-36.604816,174.802612,4
esp32_device_001,2026-05-21T22:23:28+12:00,51.2,-36.604816,174.802612,4
esp32_device_001,2026-05-21T22:23:33+12:00,53.1,-36.604813,174.802612,4
esp32_device_001,2026-05-21T22:23:38+12:00,53.3,-36.604794,174.802597,4
esp32_device_001,2026-05-21T22:23:43+12:00,52.5,-36.604786,174.802597,4
esp32_device_001,2026-05-21T22:23:48+12:00,51.9,-36.604778,174.802597,4
esp32_device_001,2026-05-21T22:23:53+12:00,53.6,-36.604778,174.802597,4
esp32_device_001,2026-05-21T22:23:58+12:00,55.7,-36.604782,174.802597,4
esp32_device_001,2026-05-21T22:24:03+12:00,57.8,-36.604782,174.802612,4
esp32_device_001,2026-05-21T22:24:08+12:00,59.2,-36.604782,174.802612,4
esp32_device_001,2026-05-21T22:24:13+12:00,61,-36.604794,174.802612,4
esp32_device_001,2026-05-21T22:24:18+12:00,63.7,-36.604809,174.802628,4
esp32_device_001,2026-05-21T22:24:23+12:00,66.3,-36.604824,174.802643,4
esp32_device_001,2026-05-21T22:24:28+12:00,67.7,-36.604832,174.802643,4
esp32_device_001,2026-05-21T22:24:33+12:00,67.2,-36.604832,174.802643,4
esp32_device_001,2026-05-21T22:24:38+12:00,66,-36.604824,174.802643,4
esp32_device_001,2026-05-21T22:24:43+12:00,63.3,-36.604809,174.802628,4
esp32_device_001,2026-05-21T22:24:48+12:00,61,-36.604797,174.802612,4
esp32_device_001,2026-05-21T22:24:53+12:00,58.9,-36.604786,174.802612,4
esp32_device_001,2026-05-21T22:24:58+12:00,57.6,-36.604774,174.802612,4
esp32_device_001,2026-05-21T22:25:03+12:00,56.6,-36.604763,174.802597,4
esp32_device_001,2026-05-21T22:25:08+12:00,56.2,-36.604755,174.802597,4
esp32_device_001,2026-05-21T22:25:13+12:00,54.4,-36.604748,174.802597,4
esp32_device_001,2026-05-21T22:25:18+12:00,54.3,-36.604752,174.802582,4
esp32_device_001,2026-05-21T22:25:23+12:00,54.4,-36.604759,174.802582,4
esp32_device_001,2026-05-21T22:25:28+12:00,54.6,-36.604763,174.802582,4
esp32_device_001,2026-05-21T22:25:33+12:00,54.5,-36.604767,174.802582,4
esp32_device_001,2026-05-21T22:25:38+12:00,55,-36.604774,174.802582,4
esp32_device_001,2026-05-21T22:25:43+12:00,55.4,-36.604774,174.802582,4
esp32_device_001,2026-05-21T22:25:48+12:00,55.3,-36.604771,174.802582,4
esp32_device_001,2026-05-21T22:25:53+12:00,53.2,-36.604767,174.802582,4
esp32_device_001,2026-05-21T22:25:58+12:00,49.7,-36.604767,174.802582,4
esp32_device_001,2026-05-21T22:26:03+12:00,48.3,-36.604763,174.802582,4
esp32_device_001,2026-05-21T22:26:08+12:00,46.8,-36.604763,174.802582,4
esp32_device_001,2026-05-21T22:26:13+12:00,46.2,-36.604763,174.802582,4
esp32_device_001,2026-05-21T22:26:18+12:00,44.1,-36.604771,174.802582,4
esp32_device_001,2026-05-21T22:26:23+12:00,43,-36.604782,174.802567,4
esp32_device_001,2026-05-21T22:26:28+12:00,40.5,-36.604782,174.802567,4
esp32_device_001,2026-05-21T22:26:33+12:00,40.6,-36.604786,174.802567,4
esp32_device_001,2026-05-21T22:26:38+12:00,39.7,-36.604782,174.802567,4
esp32_device_001,2026-05-21T22:26:43+12:00,39.1,-36.604782,174.802567,4
esp32_device_001,2026-05-21T22:26:48+12:00,39.5,-36.604782,174.802567,4
esp32_device_001,2026-05-21T22:26:54+12:00,39.5,-36.604782,174.802567,4
esp32_device_001,2026-05-21T22:26:59+12:00,39.5,-36.604778,174.802582,4
esp32_device_001,2026-05-21T22:27:04+12:00,39.5,-36.604782,174.802582,4
esp32_device_001,2026-05-21T22:27:09+12:00,39.5,-36.604794,174.802582,4
esp32_device_001,2026-05-21T22:27:14+12:00,39.5,-36.604797,174.802582,4
esp32_device_001,2026-05-21T22:27:19+12:00,39.5,-36.604801,174.802582,4
esp32_device_001,2026-05-21T22:27:24+12:00,39.5,-36.604801,174.802582,4
esp32_device_001,2026-05-21T22:27:29+12:00,39.5,-36.604805,174.802582,4
esp32_device_001,2026-05-21T22:27:34+12:00,39.5,-36.604805,174.802582,4
esp32_device_001,2026-05-21T22:27:39+12:00,39.5,-36.604805,174.802567,4
esp32_device_001,2026-05-21T22:27:44+12:00,39.5,-36.604801,174.802567,4
esp32_device_001,2026-05-21T22:27:54+12:00,39.5,-36.604797,174.802536,4
esp32_device_001,2026-05-21T22:27:59+12:00,39.5,-36.60479,174.802536,4
esp32_device_001,2026-05-21T22:28:04+12:00,39.5,-36.604774,174.802536,4
esp32_device_001,2026-05-21T22:28:09+12:00,39.5,-36.604763,174.802536,4
esp32_device_001,2026-05-21T22:28:14+12:00,39.5,-36.604752,174.802536,4
esp32_device_001,2026-05-21T22:28:19+12:00,39.5,-36.604736,174.802536,4
esp32_device_001,2026-05-21T22:28:24+12:00,39.5,-36.604729,174.802536,4
esp32_device_001,2026-05-21T22:28:29+12:00,39.5,-36.604729,174.802536,4
esp32_device_001,2026-05-21T22:28:34+12:00,39.5,-36.604729,174.802536,4
esp32_device_001,2026-05-21T22:28:39+12:00,39.5,-36.604721,174.802536,4
esp32_device_001,2026-05-21T22:28:44+12:00,39.5,-36.604721,174.802551,4
esp32_device_001,2026-05-21T22:28:49+12:00,39.5,-36.604713,174.802551,4
esp32_device_001,2026-05-21T22:28:54+12:00,39.5,-36.604713,174.802567,4
esp32_device_001,2026-05-21T22:28:59+12:00,39.5,-36.604721,174.802536,4
esp32_device_001,2026-05-21T22:29:04+12:00,39.5,-36.604706,174.802551,4
esp32_device_001,2026-05-21T22:29:09+12:00,39.5,-36.604702,174.802551,4
esp32_device_001,2026-05-21T22:29:14+12:00,39.5,-36.604694,174.802582,4
esp32_device_001,2026-05-21T22:29:19+12:00,39.5,-36.604683,174.802597,4
esp32_device_001,2026-05-21T22:29:24+12:00,39.5,-36.604702,174.802582,4
esp32_device_001,2026-05-21T22:29:29+12:00,39.5,-36.604702,174.802551,4
esp32_device_001,2026-05-21T22:29:34+12:00,39.5,-36.604694,174.802551,4
esp32_device_001,2026-05-21T22:29:39+12:00,39.5,-36.604691,174.802536,4
esp32_device_001,2026-05-21T22:29:44+12:00,39.5,-36.604691,174.802521,4
esp32_device_001,2026-05-21T22:29:49+12:00,39.5,-36.604675,174.802521,4
esp32_device_001,2026-05-21T22:29:54+12:00,39.5,-36.604656,174.802521,4
esp32_device_001,2026-05-21T22:29:59+12:00,39.5,-36.604626,174.802505,4
esp32_device_001,2026-05-21T22:30:04+12:00,39.5,-36.604637,174.80249,4
esp32_device_001,2026-05-21T22:30:09+12:00,39.5,-36.60463,174.80249,4
esp32_device_001,2026-05-21T22:30:19+12:00,39.5,-36.604641,174.802475,4
esp32_device_001,2026-05-21T22:30:24+12:00,39.5,-36.604645,174.80249,4
esp32_device_001,2026-05-21T22:30:29+12:00,39.5,-36.604652,174.802505,4
esp32_device_001,2026-05-21T22:30:34+12:00,39.5,-36.604652,174.802521,4
esp32_device_001,2026-05-21T22:30:39+12:00,39.5,-36.604645,174.802536,4
esp32_device_001,2026-05-21T22:30:44+12:00,39.5,-36.604652,174.802521,4
esp32_device_001,2026-05-21T22:30:49+12:00,39.5,-36.604656,174.802536,4
esp32_device_001,2026-05-21T22:30:54+12:00,39.5,-36.604694,174.802536,4
esp32_device_001,2026-05-21T22:30:59+12:00,39.5,-36.604687,174.802551,4
esp32_device_001,2026-05-21T22:31:04+12:00,39.5,-36.604671,174.802551,4
esp32_device_001,2026-05-21T22:31:09+12:00,39.5,-36.604668,174.802536,4
esp32_device_001,2026-05-21T22:31:14+12:00,39.5,-36.604668,174.802521,4
esp32_device_001,2026-05-21T22:31:19+12:00,39.5,-36.604679,174.802521,4
esp32_device_001,2026-05-21T22:31:24+12:00,39.5,-36.604691,174.802521,4
esp32_device_001,2026-05-21T22:31:29+12:00,39.5,-36.604713,174.802521,4
esp32_device_001,2026-05-21T22:31:34+12:00,39.5,-36.604729,174.802521,4
esp32_device_001,2026-05-21T22:31:39+12:00,39.5,-36.604744,174.802536,4
esp32_device_001,2026-05-21T22:31:44+12:00,39.5,-36.604759,174.802536,4
esp32_device_001,2026-05-21T22:33:42+12:00,44.7,-36.604713,174.80249,4
esp32_device_001,2026-05-21T22:33:47+12:00,48.5,-36.604713,174.802475,4
esp32_device_001,2026-05-21T22:33:52+12:00,49.5,-36.604713,174.802475,4
esp32_device_001,2026-05-21T22:33:57+12:00,50.1,-36.604713,174.802475,4
esp32_device_001,2026-05-21T22:34:02+12:00,51.3,-36.60471,174.802475,4
esp32_device_001,2026-05-21T22:34:07+12:00,53.1,-36.604698,174.80246,4
esp32_device_001,2026-05-21T22:34:12+12:00,53.6,-36.604698,174.80246,4
esp32_device_001,2026-05-21T22:34:22+12:00,52.8,-36.604721,174.802475,4
esp32_device_001,2026-05-21T22:34:27+12:00,51.9,-36.604736,174.80249,4
esp32_device_001,2026-05-21T22:34:32+12:00,50.4,-36.60474,174.80249,4
esp32_device_001,2026-05-21T22:34:37+12:00,49.9,-36.604744,174.80249,4
esp32_device_001,2026-05-21T22:34:42+12:00,50.3,-36.604752,174.802505,4
esp32_device_001,2026-05-21T22:34:47+12:00,49.6,-36.604763,174.802521,4
esp32_device_001,2026-05-21T22:34:52+12:00,47.6,-36.604763,174.802521,4
esp32_device_001,2026-05-21T22:34:57+12:00,46.9,-36.604763,174.802521,4
esp32_device_001,2026-05-21T22:35:12+12:00,47.6,-36.604748,174.802505,4
esp32_device_001,2026-05-21T22:35:22+12:00,46.7,-36.604744,174.80249,4
esp32_device_001,2026-05-21T22:35:27+12:00,47.5,-36.60474,174.80249,4
esp32_device_001,2026-05-21T22:35:32+12:00,47.6,-36.604733,174.80249,4
esp32_device_001,2026-05-21T22:35:37+12:00,47.2,-36.604729,174.80249,4
esp32_device_001,2026-05-21T22:35:42+12:00,47,-36.60474,174.802475,4
esp32_device_001,2026-05-21T22:35:47+12:00,45.6,-36.60474,174.80249,4
esp32_device_001,2026-05-21T22:36:02+12:00,47.3,-36.60474,174.80249,4
esp32_device_001,2026-05-21T22:36:07+12:00,49.8,-36.604733,174.80249,4
esp32_device_001,2026-05-21T22:36:12+12:00,50.7,-36.604733,174.80249,4
esp32_device_001,2026-05-21T22:36:22+12:00,50.7,-36.604748,174.802475,4
esp32_device_001,2026-05-21T22:36:37+12:00,56.8,-36.604748,174.802475,4
esp32_device_001,2026-05-21T22:36:42+12:00,57.3,-36.604748,174.80249,4
esp32_device_001,2026-05-21T22:36:47+12:00,55.5,-36.604748,174.80249,4
esp32_device_001,2026-05-21T22:36:52+12:00,54.8,-36.604771,174.802521,4
esp32_device_001,2026-05-21T22:36:57+12:00,52.8,-36.604782,174.802521,4
esp32_device_001,2026-05-21T22:37:07+12:00,52.8,-36.604801,174.802536,4
esp32_device_001,2026-05-21T22:37:12+12:00,52.5,-36.604809,174.802551,4
esp32_device_001,2026-05-21T22:37:17+12:00,53.3,-36.604813,174.802551,4
esp32_device_001,2026-05-21T22:37:27+12:00,55,-36.604805,174.802536,4
esp32_device_001,2026-05-21T22:37:32+12:00,55.2,-36.604801,174.802536,4
esp32_device_001,2026-05-21T22:37:37+12:00,55,-36.604813,174.802551,4
esp32_device_001,2026-05-21T22:37:42+12:00,56.4,-36.604805,174.802536,4
esp32_device_001,2026-05-21T22:37:52+12:00,56.6,-36.604805,174.802551,4
esp32_device_001,2026-05-21T22:37:57+12:00,57.5,-36.604813,174.802567,4
esp32_device_001,2026-05-21T22:38:02+12:00,59,-36.604813,174.802567,4
esp32_device_001,2026-05-21T22:38:07+12:00,59.8,-36.604813,174.802567,4
esp32_device_001,2026-05-21T22:38:12+12:00,60.8,-36.604805,174.802582,4
esp32_device_001,2026-05-21T22:38:17+12:00,60.8,-36.604797,174.802567,4
esp32_device_001,2026-05-21T22:38:22+12:00,60.4,-36.60479,174.802567,4
esp32_device_001,2026-05-21T22:38:33+12:00,58,-36.604771,174.802551,4
esp32_device_001,2026-05-21T22:38:43+12:00,57,-36.604771,174.802536,4
esp32_device_001,2026-05-21T22:38:48+12:00,55.9,-36.604778,174.802536,4
esp32_device_001,2026-05-21T22:38:53+12:00,54.2,-36.60479,174.802536,4
esp32_device_001,2026-05-21T22:38:58+12:00,52.4,-36.60479,174.802536,4
esp32_device_001,2026-05-21T22:39:03+12:00,52,-36.604786,174.802521,4
esp32_device_001,2026-05-21T22:39:08+12:00,51.5,-36.604786,174.802521,4
esp32_device_001,2026-05-21T22:39:13+12:00,51,-36.604782,174.802521,4
esp32_device_001,2026-05-21T22:39:18+12:00,51.5,-36.604771,174.802521,4
esp32_device_001,2026-05-21T22:39:23+12:00,53.3,-36.604763,174.802521,4
esp32_device_001,2026-05-21T22:39:28+12:00,54.6,-36.604755,174.802521,4
esp32_device_001,2026-05-21T22:39:33+12:00,52.8,-36.604759,174.802521,4
esp32_device_001,2026-05-21T22:39:38+12:00,54,-36.604755,174.802521,4
esp32_device_001,2026-05-21T22:39:43+12:00,53.8,-36.604763,174.802521,4
esp32_device_001,2026-05-21T22:39:48+12:00,53,-36.604771,174.802521,4
esp32_device_001,2026-05-21T22:39:53+12:00,49.2,-36.604782,174.802521,4
esp32_device_001,2026-05-21T22:39:58+12:00,47.3,-36.604786,174.802521,4
esp32_device_001,2026-05-21T22:40:03+12:00,44.6,-36.604786,174.802536,4
esp32_device_001,2026-05-21T22:40:08+12:00,45.8,-36.604786,174.802521,4
esp32_device_001,2026-05-21T22:40:13+12:00,42.6,-36.604786,174.802536,4
esp32_device_001,2026-05-21T22:40:18+12:00,41.4,-36.60479,174.802536,4
esp32_device_001,2026-05-21T22:40:23+12:00,41.8,-36.60479,174.802536,4
esp32_device_001,2026-05-21T22:40:28+12:00,42.7,-36.604797,174.802536,4
esp32_device_001,2026-05-21T22:40:33+12:00,41.1,-36.604797,174.802536,4
esp32_device_001,2026-05-21T22:40:38+12:00,39.9,-36.604794,174.802536,4
esp32_device_001,2026-05-21T22:40:43+12:00,33,-36.604794,174.802551,4
esp32_device_001,2026-05-21T22:40:48+12:00,25.4,-36.604801,174.802582,4
esp32_device_001,2026-05-21T22:40:53+12:00,22.3,-36.604809,174.802612,4
esp32_device_001,2026-05-21T22:40:58+12:00,21.8,-36.604809,174.802612,4
esp32_device_001,2026-05-21T22:41:03+12:00,22.8,-36.604797,174.802628,4
esp32_device_001,2026-05-21T22:41:08+12:00,23.2,-36.604805,174.802643,4
esp32_device_001,2026-05-21T22:41:13+12:00,22.1,-36.604805,174.802658,4
esp32_device_001,2026-05-21T22:41:18+12:00,21.9,-36.604813,174.802673,4
esp32_device_001,2026-05-21T22:41:23+12:00,23.8,-36.604801,174.802658,4
esp32_device_001,2026-05-21T22:41:28+12:00,26.2,-36.604782,174.802643,4
esp32_device_001,2026-05-21T22:41:33+12:00,27.6,-36.604774,174.802628,4
esp32_device_001,2026-05-21T22:41:38+12:00,28.8,-36.604782,174.802628,4
esp32_device_001,2026-05-21T22:41:43+12:00,28.1,-36.604774,174.802628,4
esp32_device_001,2026-05-21T22:41:48+12:00,27.5,-36.604774,174.802643,4
esp32_device_001,2026-05-21T22:41:53+12:00,28.3,-36.604794,174.802643,4
esp32_device_001,2026-05-21T22:41:58+12:00,29.8,-36.604797,174.802643,4
esp32_device_001,2026-05-21T22:42:03+12:00,30.2,-36.604801,174.802643,4
esp32_device_001,2026-05-21T22:42:08+12:00,32.3,-36.604782,174.802643,4
esp32_device_001,2026-05-21T22:42:13+12:00,34.4,-36.604778,174.802643,4
esp32_device_001,2026-05-21T22:42:18+12:00,36.2,-36.604771,174.802628,4
esp32_device_001,2026-05-21T22:42:23+12:00,39.3,-36.604774,174.802597,4
esp32_device_001,2026-05-21T22:42:28+12:00,43,-36.604782,174.802567,4
esp32_device_001,2026-05-21T22:42:33+12:00,46.6,-36.604797,174.802536,4
esp32_device_001,2026-05-21T22:42:38+12:00,48.6,-36.604786,174.802536,4
esp32_device_001,2026-05-21T22:42:43+12:00,48.2,-36.604767,174.802551,4
esp32_device_001,2026-05-21T22:42:48+12:00,48.9,-36.604744,174.802551,4
esp32_device_001,2026-05-21T22:42:53+12:00,48.5,-36.604725,174.802597,4
esp32_device_001,2026-05-21T22:42:58+12:00,47.3,-36.604706,174.802643,4
esp32_device_001,2026-05-21T22:43:03+12:00,46.7,-36.604694,174.802643,4
esp32_device_001,2026-05-21T22:43:08+12:00,45.8,-36.604683,174.802658,4
esp32_device_001,2026-05-21T22:43:13+12:00,44.6,-36.604668,174.802643,4
esp32_device_001,2026-05-21T22:43:18+12:00,45.7,-36.604664,174.802628,4
esp32_device_001,2026-05-21T22:43:23+12:00,45.8,-36.604668,174.802643,4
esp32_device_001,2026-05-21T22:43:28+12:00,44.5,-36.604668,174.802643,4
esp32_device_001,2026-05-21T22:43:34+12:00,42,-36.604675,174.802643,4
esp32_device_001,2026-05-21T22:43:39+12:00,42,-36.604679,174.802643,4
esp32_device_001,2026-05-21T22:43:44+12:00,40.9,-36.604675,174.802658,4
esp32_device_001,2026-05-21T22:43:49+12:00,40.9,-36.604683,174.802673,4
esp32_device_001,2026-05-21T22:43:54+12:00,40.1,-36.604683,174.802673,4
esp32_device_001,2026-05-21T22:43:59+12:00,40.1,-36.604694,174.802673,4
esp32_device_001,2026-05-21T22:44:04+12:00,41.4,-36.604698,174.802673,4
esp32_device_001,2026-05-21T22:44:09+12:00,43.3,-36.604706,174.802658,4
esp32_device_001,2026-05-21T22:44:14+12:00,44.8,-36.604717,174.802643,4
esp32_device_001,2026-05-21T22:44:19+12:00,44.8,-36.604729,174.802643,4
esp32_device_001,2026-05-21T22:44:24+12:00,46.5,-36.604733,174.802643,4
esp32_device_001,2026-05-21T22:44:29+12:00,46.7,-36.604733,174.802643,4
esp32_device_001,2026-05-21T22:44:34+12:00,46.7,-36.604729,174.802643,4
esp32_device_001,2026-05-21T22:44:39+12:00,46.3,-36.604729,174.802643,4
esp32_device_001,2026-05-21T22:44:44+12:00,45.8,-36.604729,174.802628,4
esp32_device_001,2026-05-21T22:44:49+12:00,45.9,-36.604729,174.802628,4
esp32_device_001,2026-05-21T22:44:54+12:00,46.6,-36.604736,174.802612,4
esp32_device_001,2026-05-21T22:44:59+12:00,47.7,-36.604748,174.802612,4
esp32_device_001,2026-05-21T22:45:04+12:00,48.3,-36.604748,174.802597,4
esp32_device_001,2026-05-21T22:45:09+12:00,47,-36.604748,174.802597,4
esp32_device_001,2026-05-21T22:45:14+12:00,46.3,-36.60474,174.802597,4
esp32_device_001,2026-05-21T22:45:19+12:00,46,-36.604729,174.802597,4
esp32_device_001,2026-05-21T22:45:24+12:00,45.8,-36.604717,174.802597,4
esp32_device_001,2026-05-21T22:45:29+12:00,46.4,-36.604717,174.802597,4
esp32_device_001,2026-05-21T22:45:34+12:00,47,-36.604713,174.802597,4
esp32_device_001,2026-05-21T22:45:39+12:00,47.5,-36.604713,174.802597,4
esp32_device_001,2026-05-21T22:45:44+12:00,46.6,-36.604717,174.802582,4
esp32_device_001,2026-05-21T22:45:49+12:00,45.5,-36.604713,174.802582,4
esp32_device_001,2026-05-21T22:45:54+12:00,43.8,-36.604702,174.802582,4
esp32_device_001,2026-05-21T22:45:59+12:00,43.7,-36.604698,174.802582,4
esp32_device_001,2026-05-21T22:46:04+12:00,44.6,-36.604702,174.802582,4
esp32_device_001,2026-05-21T22:46:09+12:00,44.7,-36.604706,174.802582,4
esp32_device_001,2026-05-21T22:46:14+12:00,43.4,-36.604702,174.802597,4
esp32_device_001,2026-05-21T22:46:19+12:00,42.9,-36.604698,174.802597,4
esp32_device_001,2026-05-21T22:46:24+12:00,42.5,-36.604694,174.802597,4
esp32_device_001,2026-05-21T22:46:29+12:00,43.8,-36.604698,174.802597,4
esp32_device_001,2026-05-21T22:46:34+12:00,44.5,-36.604702,174.802612,4
esp32_device_001,2026-05-21T22:46:39+12:00,42.5,-36.604702,174.802612,4
esp32_device_001,2026-05-21T22:46:44+12:00,43.2,-36.604702,174.802612,4
esp32_device_001,2026-05-21T22:46:49+12:00,43.8,-36.604698,174.802612,4
esp32_device_001,2026-05-21T22:46:54+12:00,43.9,-36.604698,174.802612,4
esp32_device_001,2026-05-21T22:46:59+12:00,44.2,-36.604698,174.802612,4
esp32_device_001,2026-05-21T22:47:04+12:00,44.1,-36.604702,174.802597,4
esp32_device_001,2026-05-21T22:47:09+12:00,44.5,-36.604706,174.802597,4
esp32_device_001,2026-05-21T22:47:14+12:00,43.3,-36.60471,174.802597,4
esp32_device_001,2026-05-21T22:47:19+12:00,43.5,-36.604717,174.802597,4
esp32_device_001,2026-05-21T22:47:24+12:00,43.2,-36.604717,174.802597,4
esp32_device_001,2026-05-21T22:47:29+12:00,45.1,-36.604721,174.802597,4
esp32_device_001,2026-05-21T22:47:34+12:00,47.3,-36.604725,174.802597,4
esp32_device_001,2026-05-21T22:47:39+12:00,47.8,-36.604729,174.802597,4
esp32_device_001,2026-05-21T22:47:44+12:00,50.3,-36.604729,174.802597,4
esp32_device_001,2026-05-21T22:47:49+12:00,53,-36.604733,174.802597,4
esp32_device_001,2026-05-21T22:47:54+12:00,53.6,-36.604733,174.802597,4
esp32_device_001,2026-05-21T22:47:59+12:00,54.6,-36.604729,174.802597,4
esp32_device_001,2026-05-21T22:48:04+12:00,56.2,-36.604729,174.802597,4
esp32_device_001,2026-05-21T22:48:09+12:00,56,-36.604729,174.802597,4
esp32_device_001,2026-05-21T22:48:14+12:00,55.5,-36.604729,174.802597,4
esp32_device_001,2026-05-21T22:48:19+12:00,57,-36.604733,174.802612,4
esp32_device_001,2026-05-21T22:48:24+12:00,57.3,-36.604733,174.802597,4
esp32_device_001,2026-05-21T22:48:29+12:00,57.1,-36.604733,174.802597,4
esp32_device_001,2026-05-21T22:48:34+12:00,56.3,-36.604736,174.802597,4
esp32_device_001,2026-05-21T22:48:39+12:00,55.1,-36.604736,174.802582,4
esp32_device_001,2026-05-21T22:48:44+12:00,52.9,-36.604733,174.802582,4
esp32_device_001,2026-05-21T22:48:49+12:00,52.5,-36.604733,174.802582,4
esp32_device_001,2026-05-21T22:48:54+12:00,51.4,-36.604736,174.802567,4
esp32_device_001,2026-05-21T22:48:59+12:00,53.1,-36.604733,174.802582,4
esp32_device_001,2026-05-21T22:49:04+12:00,54.3,-36.604725,174.802597,4
esp32_device_001,2026-05-21T22:49:09+12:00,53.1,-36.604729,174.802582,4
esp32_device_001,2026-05-21T22:49:14+12:00,55,-36.604733,174.802582,4
esp32_device_001,2026-05-21T22:49:19+12:00,54.7,-36.604733,174.802582,4
esp32_device_001,2026-05-21T22:49:24+12:00,52.6,-36.604733,174.802582,4
esp32_device_001,2026-05-21T22:49:29+12:00,52.3,-36.604733,174.802567,4
esp32_device_001,2026-05-21T22:49:34+12:00,52.3,-36.604729,174.802567,4
esp32_device_001,2026-05-21T22:49:39+12:00,50.6,-36.604729,174.802567,4
esp32_device_001,2026-05-21T22:49:44+12:00,48.5,-36.60474,174.802551,4
esp32_device_001,2026-05-21T22:49:49+12:00,49.7,-36.604744,174.802567,4
esp32_device_001,2026-05-21T22:49:54+12:00,51.7,-36.60474,174.802582,4
esp32_device_001,2026-05-21T22:49:59+12:00,53,-36.604744,174.802582,4
esp32_device_001,2026-05-21T22:50:04+12:00,54.6,-36.60474,174.802597,4
esp32_device_001,2026-05-21T22:50:09+12:00,55.4,-36.604733,174.802597,4
esp32_device_001,2026-05-21T22:50:14+12:00,55.7,-36.604717,174.802612,4
esp32_device_001,2026-05-21T22:50:19+12:00,55.8,-36.604717,174.802612,4
esp32_device_001,2026-05-21T22:50:24+12:00,54.5,-36.604706,174.802612,4
esp32_device_001,2026-05-21T22:50:29+12:00,54,-36.604698,174.802612,4
esp32_device_001,2026-05-21T22:50:34+12:00,53.6,-36.604706,174.802597,4
esp32_device_001,2026-05-21T22:50:39+12:00,51.8,-36.604702,174.802597,4
esp32_device_001,2026-05-21T22:50:44+12:00,50.7,-36.604702,174.802597,4
esp32_device_001,2026-05-21T22:50:49+12:00,51.2,-36.60471,174.802597,4
esp32_device_001,2026-05-21T22:50:54+12:00,49,-36.604717,174.802597,4
esp32_device_001,2026-05-21T22:50:59+12:00,46.4,-36.604729,174.802597,4
esp32_device_001,2026-05-21T22:51:04+12:00,42.6,-36.604729,174.802567,4
esp32_device_001,2026-05-21T22:51:09+12:00,42.5,-36.60471,174.802567,4
esp32_device_001,2026-05-21T22:51:14+12:00,44.8,-36.60471,174.802551,4
esp32_device_001,2026-05-21T22:51:19+12:00,45.9,-36.604713,174.802567,4
esp32_device_001,2026-05-21T22:51:24+12:00,44.2,-36.604725,174.802551,4
esp32_device_001,2026-05-21T22:51:29+12:00,45.6,-36.604729,174.802551,4
esp32_device_001,2026-05-21T22:51:34+12:00,46.1,-36.60474,174.802567,4
esp32_device_001,2026-05-21T22:51:39+12:00,48.3,-36.604744,174.802567,4
esp32_device_001,2026-05-21T22:51:44+12:00,48.5,-36.604752,174.802551,4
esp32_device_001,2026-05-21T22:51:49+12:00,49.5,-36.604729,174.802551,4
esp32_device_001,2026-05-21T22:51:54+12:00,50.5,-36.604721,174.802567,4
esp32_device_001,2026-05-21T22:51:59+12:00,52.3,-36.604717,174.802567,4
esp32_device_001,2026-05-21T22:52:04+12:00,52.4,-36.604721,174.802551,4
esp32_device_001,2026-05-21T22:52:09+12:00,53.4,-36.604721,174.802567,4
esp32_device_001,2026-05-21T22:52:14+12:00,52.4,-36.60474,174.802551,4
esp32_device_001,2026-05-21T22:52:19+12:00,51.5,-36.604717,174.802536,4
esp32_device_001,2026-05-21T22:52:24+12:00,50.2,-36.604729,174.802521,4
esp32_device_001,2026-05-21T22:52:29+12:00,50,-36.604752,174.802521,4
esp32_device_001,2026-05-21T22:52:34+12:00,50.5,-36.604744,174.802536,4
esp32_device_001,2026-05-21T22:52:39+12:00,51.5,-36.604713,174.802551,4
esp32_device_001,2026-05-21T22:52:44+12:00,52,-36.604706,174.802551,4
esp32_device_001,2026-05-21T22:52:49+12:00,51.4,-36.604702,174.802567,4
esp32_device_001,2026-05-21T22:52:54+12:00,50.2,-36.604698,174.802551,4
esp32_device_001,2026-05-21T22:52:59+12:00,50,-36.604702,174.802567,4
esp32_device_001,2026-05-21T22:53:04+12:00,49.7,-36.604725,174.802582,4
esp32_device_001,2026-05-21T22:53:09+12:00,49.8,-36.60474,174.802582,4
esp32_device_001,2026-05-21T22:53:14+12:00,50.2,-36.604755,174.802597,4
esp32_device_001,2026-05-21T22:53:19+12:00,50,-36.604767,174.802597,4
esp32_device_001,2026-05-21T22:53:24+12:00,49.5,-36.604771,174.802597,4
esp32_device_001,2026-05-21T22:53:29+12:00,47.5,-36.604771,174.802597,4
esp32_device_001,2026-05-21T22:53:34+12:00,45.7,-36.604771,174.802582,4
esp32_device_001,2026-05-21T22:53:39+12:00,44.3,-36.604748,174.802582,4
esp32_device_001,2026-05-21T22:53:44+12:00,42,-36.604698,174.802567,4
esp32_device_001,2026-05-21T22:53:49+12:00,39.3,-36.60466,174.802551,4
esp32_device_001,2026-05-21T22:53:54+12:00,37.7,-36.60466,174.802536,4
esp32_device_001,2026-05-21T22:53:59+12:00,36.3,-36.60466,174.802536,4
esp32_device_001,2026-05-21T22:54:04+12:00,35.1,-36.604675,174.802521,4
esp32_device_001,2026-05-21T22:54:09+12:00,33.7,-36.604687,174.802521,4
esp32_device_001,2026-05-21T22:54:14+12:00,33.2,-36.604702,174.802536,4
esp32_device_001,2026-05-21T22:54:19+12:00,33.2,-36.604733,174.802551,4
esp32_device_001,2026-05-21T22:54:24+12:00,33,-36.604744,174.802567,4
esp32_device_001,2026-05-21T22:54:29+12:00,33.3,-36.604744,174.802567,4
esp32_device_001,2026-05-21T22:54:34+12:00,34.5,-36.604744,174.802567,4
esp32_device_001,2026-05-21T22:54:39+12:00,35.8,-36.604736,174.802567,4
esp32_device_001,2026-05-21T22:54:44+12:00,37.8,-36.604736,174.802567,4
esp32_device_001,2026-05-21T22:54:49+12:00,39.6,-36.604733,174.802551,4
esp32_device_001,2026-05-21T22:54:54+12:00,41.7,-36.604721,174.802551,4
esp32_device_001,2026-05-21T22:54:59+12:00,43.1,-36.604706,174.802551,4
esp32_device_001,2026-05-21T22:55:04+12:00,44.4,-36.604691,174.802551,4
esp32_device_001,2026-05-21T22:55:09+12:00,45.1,-36.604687,174.802551,4
esp32_device_001,2026-05-21T22:55:14+12:00,45.6,-36.604687,174.802551,4
esp32_device_001,2026-05-21T22:55:19+12:00,46.5,-36.604687,174.802551,4
esp32_device_001,2026-05-21T22:55:24+12:00,47.7,-36.604687,174.802551,4
esp32_device_001,2026-05-21T22:55:29+12:00,47.8,-36.60471,174.802551,4
esp32_device_001,2026-05-21T22:55:34+12:00,46.8,-36.604752,174.802551,4
esp32_device_001,2026-05-21T22:55:39+12:00,46.2,-36.604755,174.802551,4
esp32_device_001,2026-05-21T22:55:44+12:00,45.7,-36.604755,174.802551,4
esp32_device_001,2026-05-21T22:55:49+12:00,45.5,-36.604774,174.802551,4
esp32_device_001,2026-05-21T22:55:54+12:00,45.3,-36.604774,174.802551,4
esp32_device_001,2026-05-21T22:55:59+12:00,45.3,-36.604778,174.802567,4
esp32_device_001,2026-05-21T22:56:04+12:00,44,-36.604801,174.802551,4
esp32_device_001,2026-05-21T22:56:09+12:00,43.1,-36.604809,174.802551,4
esp32_device_001,2026-05-21T22:56:14+12:00,42.8,-36.604797,174.802551,4
esp32_device_001,2026-05-21T22:56:19+12:00,43.4,-36.604778,174.802551,4
esp32_device_001,2026-05-21T22:56:24+12:00,43,-36.604771,174.802551,4
esp32_device_001,2026-05-21T22:56:29+12:00,43,-36.60479,174.802551,4
esp32_device_001,2026-05-21T22:56:34+12:00,42.3,-36.604809,174.802551,4
esp32_device_001,2026-05-21T22:56:39+12:00,42.1,-36.60482,174.802536,4
esp32_device_001,2026-05-21T22:56:44+12:00,42.6,-36.604832,174.802536,4
esp32_device_001,2026-05-21T22:56:49+12:00,42.8,-36.604836,174.802551,4
esp32_device_001,2026-05-21T22:56:54+12:00,43,-36.604828,174.802551,4
esp32_device_001,2026-05-21T22:56:59+12:00,43.6,-36.604816,174.802551,4
esp32_device_001,2026-05-21T22:57:04+12:00,44.2,-36.604805,174.802551,4
esp32_device_001,2026-05-21T22:57:09+12:00,43.9,-36.604801,174.802551,4
esp32_device_001,2026-05-21T22:57:14+12:00,45.1,-36.604794,174.802551,4
esp32_device_001,2026-05-21T22:57:19+12:00,45.6,-36.60479,174.802551,4
esp32_device_001,2026-05-21T22:57:24+12:00,44.7,-36.604797,174.802551,4
esp32_device_001,2026-05-21T22:57:29+12:00,43.5,-36.60479,174.802551,4
esp32_device_001,2026-05-21T22:57:34+12:00,42.6,-36.604786,174.802551,4
esp32_device_001,2026-05-21T22:57:39+12:00,42.1,-36.60479,174.802551,4
esp32_device_001,2026-05-21T22:57:44+12:00,41.9,-36.60479,174.802551,4
esp32_device_001,2026-05-21T22:57:49+12:00,40.1,-36.604801,174.802551,4
esp32_device_001,2026-05-21T22:57:54+12:00,39.7,-36.604805,174.802551,4
esp32_device_001,2026-05-21T22:57:59+12:00,38.8,-36.604805,174.802536,4
esp32_device_001,2026-05-21T22:58:04+12:00,39.7,-36.60482,174.802536,4
esp32_device_001,2026-05-21T22:58:09+12:00,40.4,-36.604836,174.802536,4
esp32_device_001,2026-05-21T22:58:14+12:00,42.1,-36.604813,174.802551,4
esp32_device_001,2026-05-21T22:58:19+12:00,43.7,-36.604786,174.802551,4
esp32_device_001,2026-05-21T22:58:24+12:00,43.9,-36.604782,174.802551,4
esp32_device_001,2026-05-21T22:58:49+12:00,41.1,-36.604763,174.802551,4
esp32_device_001,2026-05-21T22:58:59+12:00,39.4,-36.604755,174.802536,4
esp32_device_001,2026-05-21T22:59:04+12:00,38.8,-36.604759,174.802536,4
esp32_device_001,2026-05-21T22:59:09+12:00,37.3,-36.604759,174.802536,4
esp32_device_001,2026-05-21T22:59:14+12:00,36.5,-36.604759,174.802521,4
esp32_device_001,2026-05-21T22:59:19+12:00,36.3,-36.604759,174.802521,4
esp32_device_001,2026-05-21T22:59:24+12:00,35.3,-36.604755,174.802521,4
esp32_device_001,2026-05-21T22:59:29+12:00,35.6,-36.604752,174.802521,4
esp32_device_001,2026-05-21T22:59:34+12:00,36,-36.604755,174.802521,4
esp32_device_001,2026-05-21T22:59:39+12:00,36.5,-36.604767,174.802521,4
esp32_device_001,2026-05-21T22:59:44+12:00,37.6,-36.604774,174.802536,4
esp32_device_001,2026-05-21T22:59:49+12:00,37.6,-36.604771,174.802536,4
esp32_device_001,2026-05-21T22:59:54+12:00,37.9,-36.604767,174.802536,4
esp32_device_001,2026-05-21T22:59:59+12:00,38.3,-36.604755,174.802536,4
esp32_device_001,2026-05-21T23:00:04+12:00,38.9,-36.604752,174.802536,4
esp32_device_001,2026-05-21T23:00:09+12:00,40.1,-36.604752,174.802536,4
esp32_device_001,2026-05-21T23:00:14+12:00,41.3,-36.604752,174.802536,4
esp32_device_001,2026-05-21T23:00:19+12:00,43.4,-36.604759,174.802551,4
esp32_device_001,2026-05-21T23:00:24+12:00,44.9,-36.604767,174.802551,4
esp32_device_001,2026-05-21T23:00:29+12:00,46.3,-36.604774,174.802551,4
esp32_device_001,2026-05-21T23:00:34+12:00,47.4,-36.604778,174.802551,4
esp32_device_001,2026-05-21T23:00:39+12:00,48.8,-36.60479,174.802551,4
esp32_device_001,2026-05-21T23:00:44+12:00,49.7,-36.604797,174.802551,4
esp32_device_001,2026-05-21T23:00:49+12:00,50.5,-36.604805,174.802567,4
esp32_device_001,2026-05-21T23:00:54+12:00,51,-36.604809,174.802551,4
esp32_device_001,2026-05-21T23:00:59+12:00,50.7,-36.604801,174.802551,4
esp32_device_001,2026-05-21T23:01:04+12:00,50.3,-36.604794,174.802551,4
esp32_device_001,2026-05-21T23:01:09+12:00,49.7,-36.60479,174.802551,4
esp32_device_001,2026-05-21T23:01:14+12:00,48.8,-36.60479,174.802551,4
esp32_device_001,2026-05-21T23:01:19+12:00,48.4,-36.604797,174.802551,4
esp32_device_001,2026-05-21T23:01:24+12:00,48.1,-36.604805,174.802536,4
esp32_device_001,2026-05-21T23:01:29+12:00,49.2,-36.604813,174.802551,4
esp32_device_001,2026-05-21T23:01:34+12:00,48.9,-36.604824,174.802551,4
esp32_device_001,2026-05-21T23:01:39+12:00,48.1,-36.604809,174.802551,4
esp32_device_001,2026-05-21T23:01:44+12:00,48.1,-36.604809,174.802551,4
esp32_device_001,2026-05-21T23:01:49+12:00,47.2,-36.604809,174.802551,4
esp32_device_001,2026-05-21T23:01:54+12:00,47.7,-36.60482,174.802567,4
esp32_device_001,2026-05-21T23:01:59+12:00,46.6,-36.604824,174.802567,4
esp32_device_001,2026-05-21T23:02:04+12:00,44.9,-36.604805,174.802551,4
esp32_device_001,2026-05-21T23:02:09+12:00,45.4,-36.604801,174.802551,4
esp32_device_001,2026-05-21T23:02:14+12:00,46.1,-36.604805,174.802551,4
esp32_device_001,2026-05-21T23:02:19+12:00,46.2,-36.604813,174.802551,4
esp32_device_001,2026-05-21T23:02:24+12:00,45.4,-36.60482,174.802551,4
esp32_device_001,2026-05-21T23:02:29+12:00,45.5,-36.604809,174.802536,4
esp32_device_001,2026-05-21T23:02:34+12:00,44.4,-36.604794,174.802536,4
esp32_device_001,2026-05-21T23:02:39+12:00,43.6,-36.604786,174.802551,4
esp32_device_001,2026-05-21T23:02:44+12:00,42.5,-36.604778,174.802551,4
esp32_device_001,2026-05-21T23:02:49+12:00,44.1,-36.604771,174.802551,4
esp32_device_001,2026-05-21T23:02:54+12:00,45.2,-36.604748,174.802536,4
esp32_device_001,2026-05-21T23:02:59+12:00,45.1,-36.604744,174.802536,4
esp32_device_001,2026-05-21T23:03:04+12:00,45.1,-36.604752,174.802536,4
esp32_device_001,2026-05-21T23:03:09+12:00,44.1,-36.604755,174.802551,4
esp32_device_001,2026-05-21T23:03:14+12:00,42.8,-36.604752,174.802551,4
esp32_device_001,2026-05-21T23:03:19+12:00,43.3,-36.604755,174.802551,4
esp32_device_001,2026-05-21T23:03:24+12:00,43.3,-36.604759,174.802551,4
esp32_device_001,2026-05-21T23:03:29+12:00,45.6,-36.604755,174.802551,4
esp32_device_001,2026-05-21T23:03:34+12:00,45,-36.604755,174.802551,4
esp32_device_001,2026-05-21T23:03:39+12:00,44.6,-36.604755,174.802551,4
esp32_device_001,2026-05-21T23:03:44+12:00,44.9,-36.604748,174.802551,4
esp32_device_001,2026-05-21T23:04:07+12:00,48.9,-36.604755,174.802536,4
esp32_device_001,2026-05-21T23:04:12+12:00,49.5,-36.604763,174.802551,4
esp32_device_001,2026-05-21T23:04:17+12:00,49.3,-36.604767,174.802567,4
esp32_device_001,2026-05-21T23:04:22+12:00,49.7,-36.604767,174.802582,4
esp32_device_001,2026-05-21T23:04:27+12:00,49,-36.604774,174.802582,4
esp32_device_001,2026-05-21T23:04:32+12:00,46.8,-36.604771,174.802582,4
esp32_device_001,2026-05-21T23:04:37+12:00,44.6,-36.604763,174.802597,4
esp32_device_001,2026-05-21T23:04:42+12:00,43.5,-36.604763,174.802612,4
esp32_device_001,2026-05-21T23:04:47+12:00,42.5,-36.604767,174.802612,4
esp32_device_001,2026-05-21T23:04:52+12:00,41.1,-36.604763,174.802612,4
esp32_device_001,2026-05-21T23:04:57+12:00,42.7,-36.604767,174.802597,4
esp32_device_001,2026-05-21T23:05:02+12:00,41.6,-36.604763,174.802612,4
esp32_device_001,2026-05-21T23:05:07+12:00,41.5,-36.604755,174.802628,4
esp32_device_001,2026-05-21T23:05:12+12:00,41.7,-36.604752,174.802628,4
esp32_device_001,2026-05-21T23:05:17+12:00,40.4,-36.604744,174.802643,4
esp32_device_001,2026-05-21T23:05:22+12:00,40.5,-36.60474,174.802643,4
esp32_device_001,2026-05-21T23:05:27+12:00,43.3,-36.60474,174.802628,4
esp32_device_001,2026-05-21T23:05:32+12:00,42,-36.604733,174.802628,4
esp32_device_001,2026-05-21T23:05:37+12:00,42.7,-36.604729,174.802612,4
esp32_device_001,2026-05-21T23:05:42+12:00,43.6,-36.604736,174.802612,4
esp32_device_001,2026-05-21T23:05:47+12:00,43.9,-36.604736,174.802597,4
esp32_device_001,2026-05-21T23:05:52+12:00,43.2,-36.60474,174.802597,4
esp32_device_001,2026-05-21T23:05:57+12:00,41.6,-36.60474,174.802597,4
esp32_device_001,2026-05-21T23:06:02+12:00,41.4,-36.604736,174.802597,4
esp32_device_001,2026-05-21T23:06:07+12:00,39.5,-36.604729,174.802597,4
esp32_device_001,2026-05-21T23:06:12+12:00,39.1,-36.604729,174.802597,4
esp32_device_001,2026-05-21T23:06:17+12:00,38.7,-36.604729,174.802597,4
esp32_device_001,2026-05-21T23:06:22+12:00,38.7,-36.604729,174.802597,4
esp32_device_001,2026-05-21T23:06:27+12:00,38.4,-36.604733,174.802597,4
esp32_device_001,2026-05-21T23:06:32+12:00,38.4,-36.604733,174.802597,4
esp32_device_001,2026-05-21T23:06:37+12:00,38.7,-36.604736,174.802597,4
esp32_device_001,2026-05-21T23:06:42+12:00,38.8,-36.604736,174.802597,4
esp32_device_001,2026-05-21T23:06:47+12:00,38,-36.604736,174.802597,4
esp32_device_001,2026-05-21T23:06:52+12:00,39,-36.604744,174.802597,4
esp32_device_001,2026-05-21T23:06:57+12:00,38.7,-36.60474,174.802582,4
esp32_device_001,2026-05-21T23:07:02+12:00,39.6,-36.604736,174.802582,4
esp32_device_001,2026-05-21T23:07:07+12:00,39.8,-36.604744,174.802582,4
esp32_device_001,2026-05-21T23:07:12+12:00,38.1,-36.604744,174.802582,4
esp32_device_001,2026-05-21T23:07:17+12:00,36.8,-36.604744,174.802582,4
esp32_device_001,2026-05-21T23:07:22+12:00,35.4,-36.604736,174.802582,4
esp32_device_001,2026-05-21T23:07:27+12:00,35.5,-36.604733,174.802582,4
esp32_device_001,2026-05-21T23:07:32+12:00,35.1,-36.604733,174.802582,4
esp32_device_001,2026-05-21T23:07:37+12:00,35.2,-36.604729,174.802582,4
esp32_device_001,2026-05-21T23:07:42+12:00,36.5,-36.60474,174.802597,4
esp32_device_001,2026-05-21T23:07:47+12:00,38.7,-36.604744,174.802597,4
esp32_device_001,2026-05-21T23:07:52+12:00,41.4,-36.604752,174.802597,4
esp32_device_001,2026-05-21T23:07:57+12:00,40.5,-36.604744,174.802582,4
esp32_device_001,2026-05-21T23:08:02+12:00,40.2,-36.60474,174.802567,4
esp32_device_001,2026-05-21T23:08:07+12:00,39.4,-36.604736,174.802567,4
esp32_device_001,2026-05-21T23:08:12+12:00,38.8,-36.604736,174.802551,4
esp32_device_001,2026-05-21T23:08:17+12:00,39.1,-36.604744,174.802567,4
esp32_device_001,2026-05-21T23:08:22+12:00,38.5,-36.604744,174.802567,4
esp32_device_001,2026-05-21T23:08:27+12:00,37.3,-36.604744,174.802551,4
esp32_device_001,2026-05-21T23:08:32+12:00,36.8,-36.60474,174.802536,4
esp32_device_001,2026-05-21T23:08:37+12:00,36.2,-36.604744,174.802551,4
esp32_device_001,2026-05-21T23:08:42+12:00,36.3,-36.604752,174.802551,4
esp32_device_001,2026-05-21T23:08:47+12:00,34.9,-36.604748,174.802567,4
esp32_device_001,2026-05-21T23:09:12+12:00,30.3,-36.604713,174.802521,4
esp32_device_001,2026-05-21T23:09:17+12:00,26.7,-36.604702,174.802536,4
esp32_device_001,2026-05-21T23:09:22+12:00,22.2,-36.604694,174.802521,4
esp32_device_001,2026-05-21T23:09:27+12:00,18.6,-36.604683,174.802505,4
esp32_device_001,2026-05-21T23:09:32+12:00,17.8,-36.604675,174.802521,4
esp32_device_001,2026-05-21T23:09:37+12:00,16.5,-36.604675,174.802521,4
esp32_device_001,2026-05-21T23:09:42+12:00,18.3,-36.604675,174.802536,4
esp32_device_001,2026-05-21T23:09:47+12:00,20.7,-36.604668,174.802567,4
esp32_device_001,2026-05-21T23:09:52+12:00,21.3,-36.604664,174.802567,4
esp32_device_001,2026-05-21T23:09:57+12:00,22.6,-36.604656,174.802551,4
esp32_device_001,2026-05-21T23:10:02+12:00,25.2,-36.604671,174.802567,4
esp32_device_001,2026-05-21T23:10:07+12:00,25.5,-36.604694,174.802551,4
esp32_device_001,2026-05-21T23:10:12+12:00,28.5,-36.604698,174.802567,4
esp32_device_001,2026-05-21T23:10:17+12:00,30,-36.604702,174.802551,4
esp32_device_001,2026-05-21T23:10:22+12:00,31.2,-36.604698,174.802551,4
esp32_device_001,2026-05-21T23:10:27+12:00,32.3,-36.604698,174.802551,4
esp32_device_001,2026-05-21T23:10:32+12:00,33.4,-36.604698,174.802567,4
esp32_device_001,2026-05-21T23:10:37+12:00,35.4,-36.604702,174.802551,4
esp32_device_001,2026-05-21T23:10:42+12:00,36.4,-36.604702,174.802551,4
esp32_device_001,2026-05-21T23:10:47+12:00,37.6,-36.604702,174.802551,4
esp32_device_001,2026-05-21T23:10:52+12:00,39.6,-36.604702,174.802551,4
esp32_device_001,2026-05-21T23:10:57+12:00,40.7,-36.60471,174.802536,4
esp32_device_001,2026-05-21T23:11:02+12:00,41.6,-36.604717,174.802551,4
esp32_device_001,2026-05-21T23:11:07+12:00,41.6,-36.604717,174.802551,4
esp32_device_001,2026-05-21T23:11:12+12:00,42.2,-36.60471,174.802551,4
esp32_device_001,2026-05-21T23:11:17+12:00,44.2,-36.604702,174.802521,4
esp32_device_001,2026-05-21T23:11:22+12:00,46.6,-36.604698,174.802521,4
esp32_device_001,2026-05-21T23:11:27+12:00,47.4,-36.604679,174.802521,4
esp32_device_001,2026-05-21T23:11:32+12:00,48.2,-36.604675,174.802521,4
esp32_device_001,2026-05-21T23:11:37+12:00,48.9,-36.604675,174.802505,4
esp32_device_001,2026-05-21T23:11:42+12:00,49.1,-36.604679,174.802505,4
esp32_device_001,2026-05-21T23:11:47+12:00,49.8,-36.604679,174.802505,4
esp32_device_001,2026-05-21T23:11:52+12:00,50.4,-36.604679,174.802505,4
esp32_device_001,2026-05-21T23:11:57+12:00,51.9,-36.604698,174.802505,4
esp32_device_001,2026-05-21T23:12:02+12:00,52.6,-36.604706,174.802505,4
esp32_device_001,2026-05-21T23:12:07+12:00,52.3,-36.604694,174.802505,4
esp32_device_001,2026-05-21T23:12:12+12:00,53.3,-36.604698,174.802505,4
esp32_device_001,2026-05-21T23:12:17+12:00,53.2,-36.604694,174.80249,4
esp32_device_001,2026-05-21T23:12:22+12:00,54.4,-36.60471,174.80249,4
esp32_device_001,2026-05-21T23:12:27+12:00,54.2,-36.60471,174.802505,4
esp32_device_001,2026-05-21T23:12:32+12:00,51.4,-36.604687,174.802505,4
esp32_device_001,2026-05-21T23:12:37+12:00,50.4,-36.604694,174.802505,4
esp32_device_001,2026-05-21T23:12:42+12:00,49.4,-36.604687,174.802505,4
esp32_device_001,2026-05-21T23:12:47+12:00,48,-36.604668,174.802521,4
esp32_device_001,2026-05-21T23:12:52+12:00,45.9,-36.604664,174.802521,4
esp32_device_001,2026-05-21T23:12:57+12:00,44.8,-36.604679,174.802521,4
esp32_device_001,2026-05-21T23:13:02+12:00,43.9,-36.604702,174.802521,4
esp32_device_001,2026-05-21T23:13:07+12:00,44.9,-36.604713,174.802521,4
esp32_device_001,2026-05-21T23:13:12+12:00,47,-36.604733,174.802521,4
esp32_device_001,2026-05-21T23:13:17+12:00,47.3,-36.604733,174.802505,4
esp32_device_001,2026-05-21T23:13:22+12:00,46.5,-36.604748,174.802521,4
esp32_device_001,2026-05-21T23:13:27+12:00,46.8,-36.604752,174.802521,4
esp32_device_001,2026-05-21T23:13:32+12:00,48.2,-36.604767,174.802521,4
esp32_device_001,2026-05-21T23:13:37+12:00,50,-36.604782,174.802521,4
esp32_device_001,2026-05-21T23:13:42+12:00,49.8,-36.604778,174.802521,4
esp32_device_001,2026-05-21T23:13:47+12:00,49.7,-36.604759,174.802505,4
esp32_device_001,2026-05-21T23:13:58+12:00,49.7,-36.604744,174.802475,4
esp32_device_001,2026-05-21T23:14:03+12:00,49.7,-36.604752,174.80249,4
esp32_device_001,2026-05-21T23:14:08+12:00,49.7,-36.60474,174.80249,4
esp32_device_001,2026-05-21T23:14:13+12:00,135,364.149994,0.3,5
esp32_device_001,2026-05-21T23:14:18+12:00,135,-36.604752,174.802505,6
esp32_device_001,2026-05-21T23:14:23+12:00,135,-36.604763,174.802521,6
esp32_device_001,2026-05-21T23:14:28+12:00,135,-36.604759,174.802536,6
esp32_device_001,2026-05-21T23:14:33+12:00,135,-36.604767,174.802551,6
esp32_device_001,2026-05-21T23:14:38+12:00,135,-36.604759,174.802551,6
esp32_device_001,2026-05-21T23:14:43+12:00,135,-36.604771,174.802551,6
esp32_device_001,2026-05-21T23:14:48+12:00,135,-36.604782,174.802551,6
esp32_device_001,2026-05-21T23:14:53+12:00,135,-36.604774,174.802536,6
esp32_device_001,2026-05-21T23:14:58+12:00,135,-36.604782,174.802536,6
esp32_device_001,2026-05-21T23:15:03+12:00,135,-36.604786,174.802536,6
esp32_device_001,2026-05-21T23:15:08+12:00,135,-36.604809,174.802536,6
esp32_device_001,2026-05-21T23:15:13+12:00,135,-36.604828,174.802536,6
esp32_device_001,2026-05-21T23:15:18+12:00,135,-36.604816,174.802536,6
esp32_device_001,2026-05-21T23:15:23+12:00,135,-36.604794,174.802551,6
esp32_device_001,2026-05-21T23:15:28+12:00,135,-36.604782,174.802551,6
esp32_device_001,2026-05-21T23:15:33+12:00,135,-36.604778,174.802567,6
esp32_device_001,2026-05-21T23:15:38+12:00,135,-36.604782,174.802567,6
esp32_device_001,2026-05-21T23:15:43+12:00,135,-36.604782,174.802567,6
esp32_device_001,2026-05-21T23:15:48+12:00,135,-36.60479,174.802582,6
esp32_device_001,2026-05-21T23:15:53+12:00,135,-36.604797,174.802597,6
esp32_device_001,2026-05-21T23:15:58+12:00,135,-36.604778,174.802628,6
esp32_device_001,2026-05-21T23:16:03+12:00,135,-36.604748,174.802612,6
esp32_device_001,2026-05-21T23:16:08+12:00,135,-36.604759,174.802597,6
esp32_device_001,2026-05-21T23:16:13+12:00,135,-36.604744,174.802597,6
esp32_device_001,2026-05-21T23:16:18+12:00,135,-36.60474,174.802582,6
esp32_device_001,2026-05-21T23:16:23+12:00,135,-36.604736,174.802551,6
esp32_device_001,2026-05-21T23:16:28+12:00,135,-36.604744,174.802536,6
esp32_device_001,2026-05-21T23:16:33+12:00,135,-36.604736,174.802521,6
esp32_device_001,2026-05-21T23:16:38+12:00,135,-36.604752,174.80249,6
esp32_device_001,2026-05-21T23:16:43+12:00,135,-36.604763,174.80249,6
esp32_device_001,2026-05-21T23:16:48+12:00,135,-36.604759,174.80249,6
esp32_device_001,2026-05-21T23:16:53+12:00,135,-36.604774,174.80249,6
esp32_device_001,2026-05-21T23:16:58+12:00,135,-36.604797,174.802475,6
esp32_device_001,2026-05-21T23:17:03+12:00,135,-36.604786,174.802475,6
esp32_device_001,2026-05-21T23:17:08+12:00,135,-36.60479,174.80246,6
esp32_device_001,2026-05-21T23:17:13+12:00,53,36.604797,0.15,7
esp32_device_001,2026-05-21T23:17:18+12:00,53,-36.604778,174.802475,8
esp32_device_001,2026-05-21T23:17:23+12:00,53,-36.604748,174.802521,8
esp32_device_001,2026-05-21T23:17:28+12:00,53,-36.60471,174.802612,8
esp32_device_001,2026-05-21T23:17:33+12:00,53,-36.604691,174.802673,8
esp32_device_001,2026-05-21T23:17:38+12:00,53,-36.604683,174.802673,8
esp32_device_001,2026-05-21T23:17:43+12:00,53,-36.604679,174.802673,8
esp32_device_001,2026-05-21T23:17:48+12:00,53,-36.604679,174.802673,8
esp32_device_001,2026-05-21T23:17:53+12:00,53,-36.604687,174.802673,8
esp32_device_001,2026-05-21T23:17:58+12:00,53,-36.604687,174.802673,8
esp32_device_001,2026-05-21T23:18:03+12:00,53,-36.604698,174.802658,8
esp32_device_001,2026-05-21T23:18:08+12:00,53,-36.604713,174.802658,8
esp32_device_001,2026-05-21T23:18:13+12:00,53,-36.604725,174.802628,8
esp32_device_001,2026-05-21T23:18:18+12:00,53,-36.604748,174.802582,8
esp32_device_001,2026-05-21T23:18:23+12:00,53,-36.604755,174.802567,8
esp32_device_001,2026-05-21T23:18:28+12:00,53,-36.604763,174.802551,8
esp32_device_001,2026-05-21T23:18:33+12:00,53,-36.604748,174.802536,8
esp32_device_001,2026-05-21T23:18:38+12:00,53,-36.604725,174.802536,8
esp32_device_001,2026-05-21T23:18:43+12:00,53,-36.604717,174.802536,8
esp32_device_001,2026-05-21T23:18:48+12:00,53,-36.604717,174.802536,8
esp32_device_001,2026-05-21T23:18:53+12:00,53,-36.60471,174.802505,8
esp32_device_001,2026-05-21T23:18:58+12:00,53,-36.604698,174.802505,8
esp32_device_001,2026-05-21T23:19:03+12:00,53,-36.604687,174.802505,8
esp32_device_001,2026-05-21T23:19:08+12:00,53,-36.604679,174.80249,8
esp32_device_001,2026-05-21T23:19:13+12:00,53,-36.604671,174.802505,8
esp32_device_001,2026-05-21T23:19:18+12:00,53,-36.604671,174.802521,8
esp32_device_001,2026-05-21T23:19:23+12:00,53,-36.604687,174.802521,8
esp32_device_001,2026-05-21T23:19:28+12:00,53,-36.604691,174.80249,8
esp32_device_001,2026-05-21T23:19:33+12:00,53,-36.604683,174.802475,8
esp32_device_001,2026-05-21T23:19:38+12:00,53,-36.604691,174.80246,8
esp32_device_001,2026-05-21T23:19:43+12:00,53,-36.60471,174.802444,8
esp32_device_001,2026-05-21T23:19:48+12:00,53,-36.604729,174.802444,8
esp32_device_001,2026-05-21T23:19:53+12:00,53,-36.60474,174.80246,8
esp32_device_001,2026-05-21T23:19:58+12:00,53,-36.604763,174.802475,8
esp32_device_001,2026-05-21T23:20:03+12:00,53,-36.604771,174.80249,8
esp32_device_001,2026-05-21T23:20:08+12:00,53,-36.60479,174.802505,8
esp32_device_001,2026-05-21T23:20:13+12:00,53,-36.604805,174.802536,8
esp32_device_001,2026-05-21T23:20:18+12:00,53,-36.604816,174.802551,8
esp32_device_001,2026-05-21T23:20:23+12:00,53,-36.604824,174.802551,8
esp32_device_001,2026-05-21T23:20:28+12:00,53,-36.604813,174.802551,8
esp32_device_001,2026-05-21T23:20:33+12:00,53,-36.604801,174.802551,8
esp32_device_001,2026-05-21T23:20:38+12:00,53,-36.604794,174.802551,8
esp32_device_001,2026-05-21T23:20:43+12:00,53,-36.60479,174.802551,8
esp32_device_001,2026-05-21T23:20:48+12:00,53,-36.604782,174.802551,8
esp32_device_001,2026-05-21T23:20:53+12:00,53,-36.604774,174.802551,8
esp32_device_001,2026-05-21T23:20:58+12:00,53,-36.604774,174.802551,8
esp32_device_001,2026-05-21T23:21:03+12:00,53,-36.604767,174.802536,8
esp32_device_001,2026-05-21T23:21:08+12:00,53,-36.604763,174.802521,8
esp32_device_001,2026-05-21T23:21:13+12:00,53,-36.604752,174.802521,8
esp32_device_001,2026-05-21T23:21:18+12:00,53,-36.60474,174.802536,8
esp32_device_001,2026-05-21T23:21:23+12:00,53,-36.604736,174.802536,8
esp32_device_001,2026-05-21T23:21:28+12:00,53,-36.604725,174.802567,8
esp32_device_001,2026-05-21T23:21:33+12:00,53,-36.604729,174.802582,8
esp32_device_001,2026-05-21T23:21:38+12:00,53,-36.60474,174.802597,8
esp32_device_001,2026-05-21T23:21:43+12:00,53,-36.604744,174.802597,8
esp32_device_001,2026-05-21T23:21:48+12:00,53,-36.604759,174.802597,8
esp32_device_001,2026-05-21T23:21:53+12:00,53,-36.604767,174.802597,8
esp32_device_001,2026-05-21T23:21:58+12:00,53,-36.604786,174.802582,8
esp32_device_001,2026-05-21T23:22:03+12:00,53,-36.604816,174.802567,8
esp32_device_001,2026-05-21T23:22:08+12:00,53,-36.604839,174.802567,8
esp32_device_001,2026-05-21T23:22:13+12:00,53,-36.604851,174.802567,8
esp32_device_001,2026-05-21T23:22:18+12:00,53,-36.604855,174.802567,8
esp32_device_001,2026-05-21T23:22:23+12:00,53,-36.604847,174.802567,8
esp32_device_001,2026-05-21T23:22:28+12:00,53,-36.604839,174.802582,8
esp32_device_001,2026-05-21T23:22:33+12:00,53,-36.604809,174.802582,8
esp32_device_001,2026-05-21T23:22:38+12:00,53,-36.604794,174.802582,8
esp32_device_001,2026-05-21T23:22:43+12:00,7,36.604801,0.1,9
esp32_device_001,2026-05-21T23:22:48+12:00,7,-36.604809,174.802597,10
esp32_device_001,2026-05-21T23:22:53+12:00,7,-36.604809,174.802612,10
esp32_device_001,2026-05-21T23:22:58+12:00,7,-36.604809,174.802597,10
esp32_device_001,2026-05-21T23:23:03+12:00,7,-36.604797,174.802582,10
esp32_device_001,2026-05-21T23:23:08+12:00,7,-36.604786,174.802551,10
esp32_device_001,2026-05-21T23:23:13+12:00,7,-36.604797,174.802551,10
esp32_device_001,2026-05-21T23:23:18+12:00,7,-36.604805,174.802551,10
esp32_device_001,2026-05-21T23:23:23+12:00,7,-36.604809,174.802551,10
esp32_device_001,2026-05-21T23:23:28+12:00,7,-36.604824,174.802551,10
esp32_device_001,2026-05-21T23:23:33+12:00,7,-36.604832,174.802521,10
esp32_device_001,2026-05-21T23:23:38+12:00,7,-36.604843,174.802521,10
esp32_device_001,2026-05-21T23:23:43+12:00,7,-36.604794,174.802612,10
esp32_device_001,2026-05-21T23:23:48+12:00,7,-36.604759,174.802673,10
esp32_device_001,2026-05-21T23:25:43+12:00,39.7,-36.604778,174.802612,10
esp32_device_001,2026-05-21T23:25:48+12:00,39,-36.604767,174.802612,10
esp32_device_001,2026-05-21T23:25:53+12:00,38.4,-36.604759,174.802612,10
esp32_device_001,2026-05-21T23:25:58+12:00,38.3,-36.604759,174.802612,10
esp32_device_001,2026-05-21T23:26:03+12:00,38.8,-36.604755,174.802612,10
esp32_device_001,2026-05-21T23:26:08+12:00,39.7,-36.604759,174.802612,10
esp32_device_001,2026-05-21T23:26:13+12:00,40.3,-36.604767,174.802597,10
esp32_device_001,2026-05-21T23:26:18+12:00,41.9,-36.604771,174.802597,10
esp32_device_001,2026-05-21T23:26:23+12:00,43.1,-36.604774,174.802582,10
esp32_device_001,2026-05-21T23:26:28+12:00,44.8,-36.604782,174.802567,10
esp32_device_001,2026-05-21T23:26:33+12:00,45.6,-36.604782,174.802567,10
esp32_device_001,2026-05-21T23:26:38+12:00,46.5,-36.604786,174.802567,10
esp32_device_001,2026-05-21T23:26:43+12:00,47.3,-36.604794,174.802551,10
esp32_device_001,2026-05-21T23:26:48+12:00,49.3,-36.604797,174.802536,10
esp32_device_001,2026-05-21T23:26:53+12:00,51.9,-36.604809,174.802521,10
esp32_device_001,2026-05-21T23:26:58+12:00,52.7,-36.604805,174.802521,10
esp32_device_001,2026-05-21T23:27:03+12:00,52.9,-36.604797,174.802536,10
esp32_device_001,2026-05-21T23:27:08+12:00,53.8,-36.604797,174.802536,10
esp32_device_001,2026-05-21T23:27:13+12:00,55.1,-36.604805,174.802521,10
esp32_device_001,2026-05-21T23:27:18+12:00,56.4,-36.604813,174.802505,10
esp32_device_001,2026-05-21T23:27:23+12:00,56.6,-36.604816,174.802505,10
esp32_device_001,2026-05-21T23:27:28+12:00,56.2,-36.604816,174.802505,10
esp32_device_001,2026-05-21T23:27:33+12:00,55.6,-36.604816,174.802505,10
esp32_device_001,2026-05-21T23:27:38+12:00,55.2,-36.604813,174.802521,10
esp32_device_001,2026-05-21T23:27:43+12:00,55.2,-36.604813,174.802521,10
esp32_device_001,2026-05-21T23:27:48+12:00,55,-36.604809,174.802521,10
esp32_device_001,2026-05-21T23:27:53+12:00,54.2,-36.604805,174.802536,10
esp32_device_001,2026-05-21T23:27:58+12:00,54.4,-36.604805,174.802536,10
esp32_device_001,2026-05-21T23:28:03+12:00,54.1,-36.604801,174.802536,10
esp32_device_001,2026-05-21T23:28:08+12:00,53.7,-36.604797,174.802536,10
esp32_device_001,2026-05-21T23:28:13+12:00,53.7,-36.60479,174.802536,10
esp32_device_001,2026-05-21T23:28:18+12:00,53.6,-36.60479,174.802536,10
esp32_device_001,2026-05-21T23:28:23+12:00,53.3,-36.60479,174.802536,10
esp32_device_001,2026-05-21T23:28:28+12:00,52.5,-36.604778,174.802536,10
esp32_device_001,2026-05-21T23:28:33+12:00,52.7,-36.604782,174.802536,10
esp32_device_001,2026-05-21T23:28:38+12:00,52.7,-36.604782,174.802536,10
esp32_device_001,2026-05-21T23:28:43+12:00,52.5,-36.604786,174.802536,10
esp32_device_001,2026-05-21T23:28:48+12:00,51.3,-36.604782,174.802536,10
esp32_device_001,2026-05-21T23:32:34+12:00,53.5,-36.604782,174.802536,10
esp32_device_001,2026-05-21T23:32:44+12:00,53.5,-36.604794,174.802521,10
esp32_device_001,2026-05-21T23:32:49+12:00,55,-36.604801,174.802536,10
esp32_device_001,2026-05-21T23:32:54+12:00,56.2,-36.604816,174.802551,10
esp32_device_001,2026-05-21T23:32:59+12:00,58.7,-36.604824,174.802551,10
esp32_device_001,2026-05-21T23:33:04+12:00,60.5,-36.604832,174.802551,10
esp32_device_001,2026-05-21T23:33:09+12:00,61.4,-36.604832,174.802536,10
esp32_device_001,2026-05-21T23:33:14+12:00,62.7,-36.604828,174.802521,10
esp32_device_001,2026-05-21T23:33:19+12:00,63.5,-36.604828,174.802505,10
esp32_device_001,2026-05-21T23:33:24+12:00,64.5,-36.604824,174.802505,10
esp32_device_001,2026-05-21T23:33:29+12:00,65.7,-36.60482,174.802505,10
esp32_device_001,2026-05-21T23:33:34+12:00,66.1,-36.60482,174.802505,10
esp32_device_001,2026-05-21T23:33:39+12:00,68.1,-36.604816,174.802505,10
esp32_device_001,2026-05-21T23:33:44+12:00,69.2,-36.60482,174.802521,10
esp32_device_001,2026-05-21T23:33:49+12:00,69.8,-36.604813,174.802521,10
esp32_device_001,2026-05-21T23:33:54+12:00,69.8,-36.604801,174.802521,10
esp32_device_001,2026-05-21T23:33:59+12:00,69.4,-36.604797,174.802536,10
esp32_device_001,2026-05-21T23:34:04+12:00,68.6,-36.604794,174.802536,10
esp32_device_001,2026-05-21T23:34:09+12:00,67.6,-36.604797,174.802536,10
esp32_device_001,2026-05-21T23:34:14+12:00,67.3,-36.604801,174.802551,10
esp32_device_001,2026-05-21T23:34:19+12:00,66.1,-36.604805,174.802567,10
esp32_device_001,2026-05-21T23:34:24+12:00,66.3,-36.60482,174.802567,10
esp32_device_001,2026-05-21T23:34:29+12:00,66.7,-36.604839,174.802567,10
esp32_device_001,2026-05-21T23:34:34+12:00,68,-36.604858,174.802567,10
esp32_device_001,2026-05-21T23:34:39+12:00,70.4,-36.604858,174.802551,10
esp32_device_001,2026-05-21T23:34:44+12:00,73.1,-36.604847,174.802551,10
esp32_device_001,2026-05-21T23:34:49+12:00,75.8,-36.604839,174.802536,10
esp32_device_001,2026-05-21T23:34:54+12:00,78.7,-36.604832,174.802521,10
esp32_device_001,2026-05-21T23:34:59+12:00,79.2,-36.604832,174.802536,10
esp32_device_001,2026-05-21T23:35:04+12:00,80,-36.604816,174.802505,10
esp32_device_001,2026-05-21T23:35:09+12:00,81.4,-36.604809,174.80249,10
esp32_device_001,2026-05-21T23:35:14+12:00,81.1,-36.604794,174.80249,10
esp32_device_001,2026-05-21T23:35:19+12:00,80.4,-36.604794,174.80249,10
esp32_device_001,2026-05-21T23:35:24+12:00,80.1,-36.60479,174.80249,10
esp32_device_001,2026-05-21T23:35:29+12:00,80.2,-36.60479,174.80249,10
esp32_device_001,2026-05-21T23:35:34+12:00,80.5,-36.604786,174.80249,10
esp32_device_001,2026-05-21T23:35:39+12:00,76.7,-36.604809,174.802567,10
esp32_device_001,2026-05-21T23:35:44+12:00,74.7,-36.604809,174.802567,10
esp32_device_001,2026-05-21T23:35:49+12:00,73.2,-36.604794,174.802551,10
esp32_device_001,2026-05-21T23:35:54+12:00,72,-36.60479,174.802536,10
esp32_device_001,2026-05-21T23:35:59+12:00,64.3,-36.604805,174.802582,10
esp32_device_001,2026-05-21T23:36:04+12:00,47.2,-36.604851,174.802719,10
esp32_device_001,2026-05-21T23:36:09+12:00,28.1,-36.604885,174.802856,10
esp32_device_001,2026-05-21T23:36:14+12:00,13,-36.604919,174.802963,10
esp32_device_001,2026-05-21T23:36:19+12:00,9.9,-36.6049,174.802948,10
esp32_device_001,2026-05-21T23:36:24+12:00,8.5,-36.604874,174.802917,10
esp32_device_001,2026-05-21T23:36:29+12:00,9.8,-36.604839,174.802872,10
esp32_device_001,2026-05-21T23:36:34+12:00,13.6,-36.604809,174.802811,10
esp32_device_001,2026-05-21T23:36:39+12:00,16.9,-36.604782,174.802765,10
esp32_device_001,2026-05-21T23:36:44+12:00,21.8,-36.604755,174.802719,10
esp32_device_001,2026-05-21T23:36:49+12:00,25.1,-36.60474,174.802689,10
esp32_device_001,2026-05-21T23:36:54+12:00,27.6,-36.604729,174.802673,10
esp32_device_001,2026-05-21T23:36:59+12:00,29.7,-36.604721,174.802658,10
esp32_device_001,2026-05-21T23:37:04+12:00,31.1,-36.604721,174.802658,10
esp32_device_001,2026-05-21T23:37:09+12:00,33.1,-36.604721,174.802643,10
esp32_device_001,2026-05-21T23:37:14+12:00,37,-36.604717,174.802628,10
esp32_device_001,2026-05-21T23:37:19+12:00,40.2,-36.604717,174.802612,10
esp32_device_001,2026-05-21T23:37:24+12:00,43.3,-36.604717,174.802612,10
esp32_device_001,2026-05-21T23:37:29+12:00,46.6,-36.60471,174.802597,10
esp32_device_001,2026-05-21T23:39:35+12:00,51.4,-36.604717,174.802551,10
esp32_device_001,2026-05-21T23:39:45+12:00,50.7,-36.604706,174.802536,10
esp32_device_001,2026-05-21T23:39:50+12:00,51.7,-36.604713,174.802567,10
esp32_device_001,2026-05-21T23:39:55+12:00,52.5,-36.604713,174.802567,10
esp32_device_001,2026-05-21T23:40:00+12:00,52.6,-36.60471,174.802567,10
esp32_device_001,2026-05-21T23:40:05+12:00,52.4,-36.60471,174.802582,10
esp32_device_001,2026-05-21T23:40:10+12:00,52.5,-36.604713,174.802582,10
esp32_device_001,2026-05-21T23:40:15+12:00,52.8,-36.604725,174.802597,10
esp32_device_001,2026-05-21T23:40:20+12:00,53.9,-36.604729,174.802612,10
esp32_device_001,2026-05-21T23:40:25+12:00,54.2,-36.604721,174.802612,10
esp32_device_001,2026-05-21T23:40:30+12:00,54,-36.604725,174.802597,10
esp32_device_001,2026-05-21T23:40:35+12:00,54.1,-36.604733,174.802612,10
esp32_device_001,2026-05-21T23:40:40+12:00,54.2,-36.604736,174.802597,10
esp32_device_001,2026-05-21T23:40:45+12:00,54.8,-36.604733,174.802597,10
esp32_device_001,2026-05-21T23:40:50+12:00,55.5,-36.604733,174.802597,10
esp32_device_001,2026-05-21T23:40:55+12:00,55.9,-36.604729,174.802597,10
esp32_device_001,2026-05-21T23:41:00+12:00,55.5,-36.604736,174.802597,10
esp32_device_001,2026-05-21T23:41:05+12:00,54.1,-36.604748,174.802597,10
esp32_device_001,2026-05-21T23:41:10+12:00,53.2,-36.604755,174.802597,10
esp32_device_001,2026-05-21T23:41:15+12:00,52.9,-36.604755,174.802597,10
esp32_device_001,2026-05-21T23:41:20+12:00,53,-36.604744,174.802597,10
esp32_device_001,2026-05-21T23:41:25+12:00,53.4,-36.60474,174.802597,10
esp32_device_001,2026-05-21T23:41:30+12:00,53.3,-36.60474,174.802597,10
esp32_device_001,2026-05-21T23:41:35+12:00,53.2,-36.604733,174.802582,10
esp32_device_001,2026-05-21T23:41:40+12:00,53.5,-36.604729,174.802582,10
esp32_device_001,2026-05-21T23:41:45+12:00,52.8,-36.604733,174.802582,10
esp32_device_001,2026-05-21T23:41:50+12:00,51.7,-36.604736,174.802582,10
esp32_device_001,2026-05-21T23:41:55+12:00,50.7,-36.604744,174.802582,10
esp32_device_001,2026-05-21T23:42:00+12:00,49.6,-36.604752,174.802582,10
esp32_device_001,2026-05-21T23:42:05+12:00,49.1,-36.604755,174.802582,10
esp32_device_001,2026-05-21T23:42:10+12:00,48.6,-36.604763,174.802597,10
esp32_device_001,2026-05-21T23:42:15+12:00,48.1,-36.604767,174.802582,10
esp32_device_001,2026-05-21T23:42:20+12:00,47.6,-36.604771,174.802582,10
esp32_device_001,2026-05-21T23:42:25+12:00,48.1,-36.604767,174.802582,10
esp32_device_001,2026-05-21T23:42:30+12:00,48.6,-36.604759,174.802582,10
esp32_device_001,2026-05-21T23:42:35+12:00,49.1,-36.604752,174.802582,10
esp32_device_001,2026-05-21T23:42:40+12:00,49.2,-36.604748,174.802567,10
esp32_device_001,2026-05-21T23:42:45+12:00,48.8,-36.604755,174.802567,10
esp32_device_001,2026-05-21T23:42:50+12:00,48.4,-36.604763,174.802582,10
esp32_device_001,2026-05-21T23:42:55+12:00,47.9,-36.604771,174.802582,10
esp32_device_001,2026-05-21T23:43:00+12:00,47.1,-36.604771,174.802582,10
esp32_device_001,2026-05-21T23:43:05+12:00,45.9,-36.604771,174.802582,10
esp32_device_001,2026-05-21T23:43:10+12:00,43.3,-36.604778,174.802597,10
esp32_device_001,2026-05-21T23:43:15+12:00,42.3,-36.604778,174.802597,10
esp32_device_001,2026-05-21T23:43:20+12:00,42,-36.604778,174.802597,10
esp32_device_001,2026-05-21T23:43:25+12:00,42,-36.604782,174.802612,10
esp32_device_001,2026-05-21T23:43:30+12:00,43.1,-36.604774,174.802612,10
esp32_device_001,2026-05-21T23:43:35+12:00,43.4,-36.604763,174.802597,10
esp32_device_001,2026-05-21T23:43:40+12:00,43.5,-36.604759,174.802597,10
esp32_device_001,2026-05-21T23:43:45+12:00,41.6,-36.604763,174.802597,10
esp32_device_001,2026-05-21T23:43:50+12:00,40.3,-36.604774,174.802612,10
esp32_device_001,2026-05-21T23:43:55+12:00,39,-36.604778,174.802612,10
esp32_device_001,2026-05-21T23:44:00+12:00,38.6,-36.604786,174.802612,10
esp32_device_001,2026-05-21T23:44:05+12:00,37.5,-36.604794,174.802628,10
esp32_device_001,2026-05-21T23:44:10+12:00,37.9,-36.60479,174.802628,10
esp32_device_001,2026-05-21T23:44:15+12:00,37.7,-36.60479,174.802628,10
esp32_device_001,2026-05-21T23:44:20+12:00,38,-36.604786,174.802628,10
esp32_device_001,2026-05-21T23:44:25+12:00,38.1,-36.604786,174.802612,10
esp32_device_001,2026-05-21T23:44:30+12:00,38.5,-36.604786,174.802612,10
esp32_device_001,2026-05-21T23:46:36+12:00,44.6,-36.604759,174.802582,10
esp32_device_001,2026-05-21T23:46:46+12:00,46.6,-36.604752,174.802582,10
esp32_device_001,2026-05-21T23:46:51+12:00,46.8,-36.604755,174.802582,10
esp32_device_001,2026-05-21T23:46:56+12:00,46.4,-36.604752,174.802567,10
esp32_device_001,2026-05-21T23:47:01+12:00,46.3,-36.604752,174.802567,10
esp32_device_001,2026-05-21T23:47:06+12:00,46.6,-36.604752,174.802567,10
esp32_device_001,2026-05-21T23:47:11+12:00,46.3,-36.604752,174.802551,10
esp32_device_001,2026-05-21T23:47:16+12:00,46,-36.604752,174.802551,10
esp32_device_001,2026-05-21T23:47:21+12:00,45.5,-36.604752,174.802551,10
esp32_device_001,2026-05-21T23:47:26+12:00,45.1,-36.604752,174.802536,10
esp32_device_001,2026-05-21T23:47:31+12:00,44.9,-36.604752,174.802536,10
esp32_device_001,2026-05-21T23:47:36+12:00,44.6,-36.604752,174.802536,10
esp32_device_001,2026-05-21T23:47:41+12:00,44.4,-36.604752,174.802536,10
esp32_device_001,2026-05-21T23:47:46+12:00,44.4,-36.604755,174.802536,10
esp32_device_001,2026-05-21T23:47:51+12:00,44.6,-36.604748,174.802536,10
esp32_device_001,2026-05-21T23:47:56+12:00,45.2,-36.604744,174.802536,10
esp32_device_001,2026-05-21T23:48:01+12:00,45.6,-36.604744,174.802551,10
esp32_device_001,2026-05-21T23:48:06+12:00,45.9,-36.604744,174.802551,10
esp32_device_001,2026-05-21T23:48:11+12:00,45.4,-36.604752,174.802567,10
esp32_device_001,2026-05-21T23:48:16+12:00,44.8,-36.604759,174.802567,10
esp32_device_001,2026-05-21T23:48:21+12:00,43.9,-36.604774,174.802567,10
esp32_device_001,2026-05-21T23:48:26+12:00,43.5,-36.604782,174.802582,10
esp32_device_001,2026-05-21T23:48:31+12:00,43.1,-36.604794,174.802597,10
esp32_device_001,2026-05-21T23:48:36+12:00,42.2,-36.604805,174.802612,10
esp32_device_001,2026-05-21T23:48:41+12:00,42,-36.604801,174.802612,10
esp32_device_001,2026-05-21T23:48:46+12:00,42.1,-36.604794,174.802612,10
esp32_device_001,2026-05-21T23:48:51+12:00,41.7,-36.604794,174.802612,10
esp32_device_001,2026-05-21T23:48:56+12:00,41.6,-36.60479,174.802597,10
esp32_device_001,2026-05-21T23:49:01+12:00,42,-36.604786,174.802597,10
esp32_device_001,2026-05-21T23:49:06+12:00,42.9,-36.604778,174.802597,10
esp32_device_001,2026-05-21T23:49:11+12:00,43,-36.604774,174.802597,10
esp32_device_001,2026-05-21T23:49:16+12:00,43.4,-36.604767,174.802597,10
esp32_device_001,2026-05-21T23:49:21+12:00,44.2,-36.604759,174.802612,10
esp32_device_001,2026-05-21T23:49:26+12:00,44.3,-36.604755,174.802612,10
esp32_device_001,2026-05-21T23:49:31+12:00,44.4,-36.604752,174.802612,10
esp32_device_001,2026-05-21T23:49:36+12:00,44,-36.604752,174.802612,10
esp32_device_001,2026-05-21T23:49:41+12:00,43.9,-36.604755,174.802612,10
esp32_device_001,2026-05-21T23:49:46+12:00,43.7,-36.604755,174.802612,10
esp32_device_001,2026-05-21T23:49:51+12:00,42.2,-36.604767,174.802612,10
esp32_device_001,2026-05-21T23:49:56+12:00,41.4,-36.604774,174.802597,10
esp32_device_001,2026-05-21T23:50:01+12:00,41.4,-36.604771,174.802597,10
esp32_device_001,2026-05-21T23:50:06+12:00,42.1,-36.604767,174.802612,10
esp32_device_001,2026-05-21T23:50:11+12:00,42.4,-36.604763,174.802597,10
esp32_device_001,2026-05-21T23:50:16+12:00,43.2,-36.604759,174.802597,10
esp32_device_001,2026-05-21T23:50:21+12:00,43.2,-36.604759,174.802597,10
esp32_device_001,2026-05-21T23:50:26+12:00,44.1,-36.604755,174.802582,10
esp32_device_001,2026-05-21T23:50:31+12:00,44.8,-36.604752,174.802582,10
esp32_device_001,2026-05-21T23:50:36+12:00,44,-36.604759,174.802582,10
esp32_device_001,2026-05-21T23:50:41+12:00,45.3,-36.604759,174.802582,10
esp32_device_001,2026-05-21T23:50:46+12:00,47.1,-36.604752,174.802597,10
esp32_device_001,2026-05-21T23:50:51+12:00,47.8,-36.604748,174.802597,10
esp32_device_001,2026-05-21T23:50:56+12:00,48.9,-36.604744,174.802597,10
esp32_device_001,2026-05-21T23:51:01+12:00,49,-36.604748,174.802597,10
esp32_device_001,2026-05-21T23:51:06+12:00,48.8,-36.604748,174.802582,10
esp32_device_001,2026-05-21T23:51:11+12:00,49,-36.604748,174.802597,10
esp32_device_001,2026-05-21T23:51:16+12:00,49.6,-36.604744,174.802597,10
esp32_device_001,2026-05-21T23:51:21+12:00,48.9,-36.604748,174.802597,10
esp32_device_001,2026-05-21T23:51:26+12:00,47.8,-36.604755,174.802597,10
esp32_device_001,2026-05-21T23:51:31+12:00,46.1,-36.604763,174.802597,10
esp32_device_001,2026-05-21T23:51:37+12:00,46.1,-36.604763,174.802582,10
esp32_device_001,2026-05-21T23:51:42+12:00,46.1,-36.604767,174.802582,10
esp32_device_001,2026-05-21T23:51:47+12:00,46.1,-36.604771,174.802582,10
esp32_device_001,2026-05-21T23:51:52+12:00,46.1,-36.604771,174.802582,10
esp32_device_001,2026-05-21T23:51:57+12:00,46.1,-36.604771,174.802582,10
esp32_device_001,2026-05-21T23:52:02+12:00,46.1,-36.604767,174.802567,10
esp32_device_001,2026-05-21T23:52:07+12:00,46.1,-36.604763,174.802567,10
esp32_device_001,2026-05-21T23:52:12+12:00,46.1,-36.604763,174.802567,10
esp32_device_001,2026-05-21T23:52:17+12:00,46.1,-36.604759,174.802567,10
esp32_device_001,2026-05-21T23:52:22+12:00,46.1,-36.604755,174.802582,10
esp32_device_001,2026-05-21T23:52:27+12:00,46.1,-36.604755,174.802567,10
esp32_device_001,2026-05-21T23:52:32+12:00,46.1,-36.604752,174.802567,10
esp32_device_001,2026-05-21T23:52:37+12:00,46.1,-36.604752,174.802582,10
esp32_device_001,2026-05-21T23:52:42+12:00,46.1,-36.604752,174.802582,10
esp32_device_001,2026-05-21T23:52:47+12:00,46.1,-36.604755,174.802597,10
esp32_device_001,2026-05-21T23:52:52+12:00,46.1,-36.604752,174.802597,10
esp32_device_001,2026-05-21T23:52:57+12:00,46.1,-36.604755,174.802582,10
esp32_device_001,2026-05-21T23:53:02+12:00,46.1,-36.604755,174.802582,10
esp32_device_001,2026-05-21T23:53:07+12:00,46.1,-36.604752,174.802582,10
esp32_device_001,2026-05-21T23:53:12+12:00,46.1,-36.604752,174.802567,10
esp32_device_001,2026-05-21T23:53:17+12:00,46.1,-36.604752,174.802582,10
esp32_device_001,2026-05-21T23:53:22+12:00,46.1,-36.604752,174.802567,10
esp32_device_001,2026-05-21T23:53:27+12:00,46.1,-36.604752,174.802567,10
esp32_device_001,2026-05-21T23:53:32+12:00,46.1,-36.604748,174.802551,10
esp32_device_001,2026-05-21T23:53:37+12:00,46.1,-36.604744,174.802551,10
esp32_device_001,2026-05-21T23:53:42+12:00,46.1,-36.60474,174.802567,10
esp32_device_001,2026-05-21T23:53:47+12:00,46.1,-36.60474,174.802567,10
esp32_device_001,2026-05-21T23:53:52+12:00,46.1,-36.604736,174.802567,10
esp32_device_001,2026-05-21T23:53:57+12:00,46.1,-36.604733,174.802567,10
esp32_device_001,2026-05-21T23:54:02+12:00,46.1,-36.604729,174.802567,10
esp32_device_001,2026-05-21T23:54:07+12:00,46.1,-36.604729,174.802567,10
esp32_device_001,2026-05-21T23:54:12+12:00,46.1,-36.604725,174.802567,10
esp32_device_001,2026-05-21T23:54:17+12:00,46.1,-36.604729,174.802567,10
esp32_device_001,2026-05-21T23:54:22+12:00,46.1,-36.604729,174.802551,10
esp32_device_001,2026-05-21T23:54:27+12:00,46.1,-36.604725,174.802551,10
esp32_device_001,2026-05-21T23:54:32+12:00,46.1,-36.604725,174.802551,10
esp32_device_001,2026-05-21T23:54:37+12:00,46.1,-36.604721,174.802551,10
esp32_device_001,2026-05-21T23:54:42+12:00,46.1,-36.604721,174.802551,10
esp32_device_001,2026-05-21T23:54:47+12:00,46.1,-36.604717,174.802551,10
esp32_device_001,2026-05-21T23:54:52+12:00,46.1,-36.604713,174.802551,10
esp32_device_001,2026-05-21T23:54:57+12:00,46.1,-36.604717,174.802551,10
esp32_device_001,2026-05-21T23:55:02+12:00,46.1,-36.604717,174.802551,10
esp32_device_001,2026-05-21T23:55:07+12:00,46.1,-36.604721,174.802567,10
esp32_device_001,2026-05-21T23:55:12+12:00,46.1,-36.604725,174.802567,10
esp32_device_001,2026-05-21T23:55:17+12:00,46.1,-36.604725,174.802567,10
esp32_device_001,2026-05-21T23:55:22+12:00,46.1,-36.604729,174.802551,10
esp32_device_001,2026-05-21T23:55:27+12:00,46.1,-36.604729,174.802567,10
esp32_device_001,2026-05-21T23:55:32+12:00,46.1,-36.604733,174.802567,10
esp32_device_001,2026-05-21T23:55:37+12:00,46.1,-36.604729,174.802567,10
esp32_device_001,2026-05-21T23:55:42+12:00,46.1,-36.604733,174.802567,10
esp32_device_001,2026-05-21T23:55:47+12:00,46.1,-36.604733,174.802567,10
esp32_device_001,2026-05-21T23:55:52+12:00,46.1,-36.604736,174.802567,10
esp32_device_001,2026-05-21T23:55:57+12:00,46.1,-36.604736,174.802567,10
esp32_device_001,2026-05-21T23:56:02+12:00,46.1,-36.60474,174.802567,10
esp32_device_001,2026-05-21T23:56:07+12:00,46.1,-36.604744,174.802567,10
esp32_device_001,2026-05-21T23:56:12+12:00,46.1,-36.604744,174.802582,10
esp32_device_001,2026-05-21T23:56:17+12:00,46.1,-36.604748,174.802582,10
esp32_device_001,2026-05-21T23:56:22+12:00,46.1,-36.604744,174.802582,10
esp32_device_001,2026-05-21T23:56:27+12:00,46.1,-36.604744,174.802582,10
esp32_device_001,2026-05-21T23:56:50+12:00,46.1,-36.604736,174.802597,10
esp32_device_001,2026-05-21T23:56:55+12:00,53.9,-36.604733,174.802612,10
esp32_device_001,2026-05-21T23:57:00+12:00,55.1,-36.604729,174.802612,10
esp32_device_001,2026-05-21T23:57:05+12:00,54.8,-36.604729,174.802612,10
esp32_device_001,2026-05-21T23:57:10+12:00,53.8,-36.604733,174.802612,10
esp32_device_001,2026-05-21T23:57:15+12:00,54.5,-36.604733,174.802612,10
esp32_device_001,2026-05-21T23:57:20+12:00,54.8,-36.604729,174.802612,10
esp32_device_001,2026-05-21T23:57:25+12:00,53.9,-36.604733,174.802612,10
esp32_device_001,2026-05-21T23:57:30+12:00,53.9,-36.604733,174.802612,10
esp32_device_001,2026-05-21T23:57:35+12:00,53.5,-36.604729,174.802612,10
esp32_device_001,2026-05-21T23:57:40+12:00,52,-36.604733,174.802612,10
esp32_device_001,2026-05-21T23:57:45+12:00,51.1,-36.604733,174.802612,10
esp32_device_001,2026-05-21T23:57:50+12:00,50.6,-36.604733,174.802612,10
esp32_device_001,2026-05-21T23:57:55+12:00,49.7,-36.604733,174.802612,10
esp32_device_001,2026-05-21T23:58:00+12:00,48.7,-36.604736,174.802612,10
esp32_device_001,2026-05-21T23:58:05+12:00,48.1,-36.604736,174.802612,10
esp32_device_001,2026-05-21T23:58:10+12:00,47.4,-36.604736,174.802612,10
esp32_device_001,2026-05-21T23:58:15+12:00,46.7,-36.604736,174.802612,10
esp32_device_001,2026-05-21T23:58:20+12:00,45.5,-36.60474,174.802612,10
esp32_device_001,2026-05-21T23:58:25+12:00,45.5,-36.60474,174.802612,10
esp32_device_001,2026-05-21T23:58:30+12:00,44.4,-36.604748,174.802612,10
esp32_device_001,2026-05-21T23:58:35+12:00,44.2,-36.604744,174.802612,10
esp32_device_001,2026-05-21T23:58:40+12:00,45.4,-36.604744,174.802612,10
esp32_device_001,2026-05-21T23:58:45+12:00,44.6,-36.604748,174.802597,10
esp32_device_001,2026-05-21T23:58:50+12:00,44,-36.604752,174.802597,10
esp32_device_001,2026-05-21T23:58:55+12:00,44.3,-36.604752,174.802597,10
esp32_device_001,2026-05-21T23:59:00+12:00,45,-36.604752,174.802597,10
esp32_device_001,2026-05-21T23:59:05+12:00,45.7,-36.604752,174.802597,10
esp32_device_001,2026-05-21T23:59:10+12:00,46.3,-36.604755,174.802597,10
esp32_device_001,2026-05-21T23:59:15+12:00,46.3,-36.604755,174.802597,10
esp32_device_001,2026-05-21T23:59:20+12:00,47.7,-36.604759,174.802597,10
esp32_device_001,2026-05-21T23:59:25+12:00,45.7,-36.604759,174.802582,10
esp32_device_001,2026-05-21T23:59:30+12:00,44.7,-36.604759,174.802582,10
esp32_device_001,2026-05-21T23:59:35+12:00,43.8,-36.604759,174.802582,10
esp32_device_001,2026-05-21T23:59:40+12:00,43.8,-36.604763,174.802582,10
esp32_device_001,2026-05-21T23:59:45+12:00,43.6,-36.604755,174.802567,10
esp32_device_001,2026-05-21T23:59:50+12:00,43.3,-36.604759,174.802567,10
esp32_device_001,2026-05-21T23:59:55+12:00,44.9,-36.604759,174.802567,10
