dev_esp32,timestamp,altitude,latitude,longitude,journey_id
esp32_device_001,2026-05-24T00:00:00+12:00,57.1,-36.604683,174.802536,1
esp32_device_001,2026-05-24T00:00:05+12:00,56.8,-36.604687,174.802536,1
esp32_device_001,2026-05-24T00:00:10+12:00,56,-36.604691,174.802536,1
esp32_device_001,2026-05-24T00:00:15+12:00,55.2,-36.604702,174.802551,1
esp32_device_001,2026-05-24T00:00:20+12:00,55.1,-36.604706,174.802551,1
esp32_device_001,2026-05-24T00:00:25+12:00,54.9,-36.604721,174.802567,1
esp32_device_001,2026-05-24T00:00:30+12:00,54.8,-36.604729,174.802567,1
esp32_device_001,2026-05-24T00:00:35+12:00,55.3,-36.604733,174.802567,1
esp32_device_001,2026-05-24T00:00:40+12:00,55.8,-36.60474,174.802567,1
esp32_device_001,2026-05-24T00:00:45+12:00,55.5,-36.604736,174.802567,1
esp32_device_001,2026-05-24T00:00:50+12:00,56,-36.604744,174.802567,1
esp32_device_001,2026-05-24T00:00:55+12:00,57.1,-36.604744,174.802582,1
esp32_device_001,2026-05-24T00:01:00+12:00,57,-36.604748,174.802567,1
esp32_device_001,2026-05-24T00:01:05+12:00,56.6,-36.604748,174.802567,1
esp32_device_001,2026-05-24T00:01:10+12:00,56.7,-36.604752,174.802567,1
esp32_device_001,2026-05-24T00:01:15+12:00,56.1,-36.604752,174.802567,1
esp32_device_001,2026-05-24T00:01:20+12:00,56.2,-36.604748,174.802567,1
esp32_device_001,2026-05-24T00:01:25+12:00,56.5,-36.604744,174.802551,1
esp32_device_001,2026-05-24T00:01:30+12:00,57.2,-36.604744,174.802551,1
esp32_device_001,2026-05-24T00:01:35+12:00,57.7,-36.604748,174.802567,1
esp32_device_001,2026-05-24T00:01:40+12:00,58.1,-36.604748,174.802567,1
esp32_device_001,2026-05-24T00:01:45+12:00,58.6,-36.604748,174.802567,1
esp32_device_001,2026-05-24T00:01:50+12:00,59.3,-36.604744,174.802567,1
esp32_device_001,2026-05-24T00:01:55+12:00,60.1,-36.604744,174.802551,1
esp32_device_001,2026-05-24T00:02:00+12:00,60.7,-36.604736,174.802551,1
esp32_device_001,2026-05-24T00:02:05+12:00,61.1,-36.604736,174.802551,1
esp32_device_001,2026-05-24T00:02:10+12:00,61.1,-36.604736,174.802551,1
esp32_device_001,2026-05-24T00:02:15+12:00,61.3,-36.604744,174.802551,1
esp32_device_001,2026-05-24T00:02:20+12:00,61.1,-36.604744,174.802551,1
esp32_device_001,2026-05-24T00:02:25+12:00,61.8,-36.604748,174.802551,1
esp32_device_001,2026-05-24T00:02:30+12:00,62.5,-36.604755,174.802551,1
esp32_device_001,2026-05-24T00:02:35+12:00,63.1,-36.604755,174.802551,1
esp32_device_001,2026-05-24T00:02:40+12:00,63.7,-36.604752,174.802536,1
esp32_device_001,2026-05-24T00:02:45+12:00,64.2,-36.604744,174.802536,1
esp32_device_001,2026-05-24T00:02:50+12:00,63.5,-36.604744,174.802536,1
esp32_device_001,2026-05-24T00:02:58+12:00,63.5,-36.60474,174.802536,1
esp32_device_001,2026-05-24T00:03:03+12:00,63.5,-36.604744,174.802536,1
esp32_device_001,2026-05-24T00:03:08+12:00,63.5,-36.604744,174.802521,1
esp32_device_001,2026-05-24T00:03:13+12:00,63.5,-36.604748,174.802521,1
esp32_device_001,2026-05-24T00:03:18+12:00,63.5,-36.604748,174.802521,1
esp32_device_001,2026-05-24T00:03:23+12:00,63.5,-36.604748,174.802536,1
esp32_device_001,2026-05-24T00:03:28+12:00,63.5,-36.604748,174.802536,1
esp32_device_001,2026-05-24T00:03:33+12:00,63.5,-36.604744,174.802536,1
esp32_device_001,2026-05-24T00:03:38+12:00,63.5,-36.604748,174.802536,1
esp32_device_001,2026-05-24T00:03:43+12:00,63.5,-36.604752,174.802536,1
esp32_device_001,2026-05-24T00:03:48+12:00,63.5,-36.604752,174.802536,1
esp32_device_001,2026-05-24T00:03:53+12:00,63.5,-36.604748,174.802536,1
esp32_device_001,2026-05-24T00:03:58+12:00,63.5,-36.604752,174.802551,1
esp32_device_001,2026-05-24T00:04:03+12:00,63.5,-36.604748,174.802551,1
esp32_device_001,2026-05-24T00:04:08+12:00,63.5,-36.604748,174.802551,1
esp32_device_001,2026-05-24T00:04:13+12:00,63.5,-36.604748,174.802551,1
esp32_device_001,2026-05-24T00:04:18+12:00,63.5,-36.604748,174.802551,1
esp32_device_001,2026-05-24T00:04:23+12:00,63.5,-36.604748,174.802567,1
esp32_device_001,2026-05-24T00:04:28+12:00,63.5,-36.604748,174.802567,1
esp32_device_001,2026-05-24T00:04:33+12:00,63.5,-36.604752,174.802567,1
esp32_device_001,2026-05-24T00:04:38+12:00,63.5,-36.604748,174.802567,1
esp32_device_001,2026-05-24T00:04:43+12:00,63.5,-36.604744,174.802567,1
esp32_device_001,2026-05-24T00:04:48+12:00,63.5,-36.60474,174.802551,1
esp32_device_001,2026-05-24T00:04:53+12:00,63.5,-36.604736,174.802551,1
esp32_device_001,2026-05-24T00:04:58+12:00,63.5,-36.604736,174.802567,1
esp32_device_001,2026-05-24T00:05:03+12:00,63.5,-36.604736,174.802551,1
esp32_device_001,2026-05-24T00:05:08+12:00,63.5,-36.604733,174.802567,1
esp32_device_001,2026-05-24T00:05:13+12:00,63.5,-36.604729,174.802551,1
esp32_device_001,2026-05-24T00:05:18+12:00,63.5,-36.604729,174.802567,1
esp32_device_001,2026-05-24T00:05:23+12:00,63.5,-36.604733,174.802567,1
esp32_device_001,2026-05-24T00:05:28+12:00,63.5,-36.604733,174.802582,1
esp32_device_001,2026-05-24T00:05:33+12:00,63.5,-36.604733,174.802582,1
esp32_device_001,2026-05-24T00:05:38+12:00,63.5,-36.604729,174.802582,1
esp32_device_001,2026-05-24T00:05:43+12:00,63.5,-36.604721,174.802582,1
esp32_device_001,2026-05-24T00:05:48+12:00,63.5,-36.604713,174.802567,1
esp32_device_001,2026-05-24T00:05:53+12:00,63.5,-36.60471,174.802567,1
esp32_device_001,2026-05-24T00:05:58+12:00,63.5,-36.604702,174.802567,1
esp32_device_001,2026-05-24T00:06:03+12:00,63.5,-36.604702,174.802567,1
esp32_device_001,2026-05-24T00:06:08+12:00,63.5,-36.604706,174.802567,1
esp32_device_001,2026-05-24T00:06:13+12:00,63.5,-36.604713,174.802567,1
esp32_device_001,2026-05-24T00:06:18+12:00,63.5,-36.604725,174.802567,1
esp32_device_001,2026-05-24T00:06:23+12:00,63.5,-36.604736,174.802582,1
esp32_device_001,2026-05-24T00:06:28+12:00,63.5,-36.60474,174.802582,1
esp32_device_001,2026-05-24T00:06:33+12:00,63.5,-36.604744,174.802582,1
esp32_device_001,2026-05-24T00:06:38+12:00,63.5,-36.604748,174.802582,1
esp32_device_001,2026-05-24T00:06:43+12:00,63.5,-36.604748,174.802582,1
esp32_device_001,2026-05-24T00:06:48+12:00,63.5,-36.604748,174.802582,1
esp32_device_001,2026-05-24T00:06:53+12:00,63.5,-36.604748,174.802582,1
esp32_device_001,2026-05-24T00:06:58+12:00,63.5,-36.604752,174.802582,1
esp32_device_001,2026-05-24T00:07:03+12:00,63.5,-36.604748,174.802567,1
esp32_device_001,2026-05-24T00:07:08+12:00,63.5,-36.604759,174.802582,1
esp32_device_001,2026-05-24T00:07:13+12:00,63.5,-36.604763,174.802582,1
esp32_device_001,2026-05-24T00:07:18+12:00,63.5,-36.604763,174.802582,1
esp32_device_001,2026-05-24T00:07:23+12:00,63.5,-36.604767,174.802582,1
esp32_device_001,2026-05-24T00:07:28+12:00,63.5,-36.604778,174.802597,1
esp32_device_001,2026-05-24T00:07:33+12:00,63.5,-36.604782,174.802597,1
esp32_device_001,2026-05-24T00:07:38+12:00,63.5,-36.604774,174.802597,1
esp32_device_001,2026-05-24T00:07:43+12:00,63.5,-36.604778,174.802597,1
esp32_device_001,2026-05-24T00:07:48+12:00,63.5,-36.604771,174.802582,1
esp32_device_001,2026-05-24T00:07:53+12:00,63.5,-36.604771,174.802582,1
esp32_device_001,2026-05-24T00:07:58+12:00,63.5,-36.604767,174.802582,1
esp32_device_001,2026-05-24T00:08:03+12:00,63.5,-36.604767,174.802582,1
esp32_device_001,2026-05-24T00:08:08+12:00,63.5,-36.604759,174.802582,1
esp32_device_001,2026-05-24T00:08:13+12:00,63.5,-36.604748,174.802582,1
esp32_device_001,2026-05-24T00:08:18+12:00,63.5,-36.60474,174.802567,1
esp32_device_001,2026-05-24T00:08:23+12:00,63.5,-36.60474,174.802582,1
esp32_device_001,2026-05-24T00:08:28+12:00,63.5,-36.604733,174.802567,1
esp32_device_001,2026-05-24T00:08:33+12:00,63.5,-36.604736,174.802582,1
esp32_device_001,2026-05-24T00:08:38+12:00,63.5,-36.604736,174.802582,1
esp32_device_001,2026-05-24T00:08:43+12:00,63.5,-36.604729,174.802567,1
esp32_device_001,2026-05-24T00:08:48+12:00,63.5,-36.604729,174.802567,1
esp32_device_001,2026-05-24T00:08:53+12:00,63.5,-36.604725,174.802567,1
esp32_device_001,2026-05-24T00:08:58+12:00,63.5,-36.604721,174.802551,1
esp32_device_001,2026-05-24T00:09:03+12:00,63.5,-36.604713,174.802551,1
esp32_device_001,2026-05-24T00:09:08+12:00,63.5,-36.604713,174.802551,1
esp32_device_001,2026-05-24T00:09:13+12:00,63.5,-36.604713,174.802551,1
esp32_device_001,2026-05-24T00:09:18+12:00,63.5,-36.604706,174.802551,1
esp32_device_001,2026-05-24T00:09:23+12:00,63.5,-36.604702,174.802551,1
esp32_device_001,2026-05-24T00:09:28+12:00,63.5,-36.604698,174.802536,1
esp32_device_001,2026-05-24T00:09:33+12:00,63.5,-36.604702,174.802536,1
esp32_device_001,2026-05-24T00:09:38+12:00,63.5,-36.604698,174.802536,1
esp32_device_001,2026-05-24T00:09:43+12:00,63.5,-36.604694,174.802536,1
esp32_device_001,2026-05-24T00:09:48+12:00,63.5,-36.604694,174.802536,1
esp32_device_001,2026-05-24T00:09:53+12:00,63.5,-36.604698,174.802536,1
esp32_device_001,2026-05-24T00:09:58+12:00,63.5,-36.604702,174.802536,1
esp32_device_001,2026-05-24T00:10:03+12:00,63.5,-36.604706,174.802551,1
esp32_device_001,2026-05-24T00:10:08+12:00,63.5,-36.604706,174.802551,1
esp32_device_001,2026-05-24T00:10:13+12:00,63.5,-36.604706,174.802551,1
esp32_device_001,2026-05-24T00:10:18+12:00,63.5,-36.604706,174.802536,1
esp32_device_001,2026-05-24T00:10:23+12:00,63.5,-36.604706,174.802536,1
esp32_device_001,2026-05-24T00:10:28+12:00,63.5,-36.60471,174.802551,1
esp32_device_001,2026-05-24T00:10:33+12:00,63.5,-36.604713,174.802551,1
esp32_device_001,2026-05-24T00:10:38+12:00,63.5,-36.604717,174.802551,1
esp32_device_001,2026-05-24T00:10:43+12:00,63.5,-36.604721,174.802551,1
esp32_device_001,2026-05-24T00:10:48+12:00,63.5,-36.604721,174.802551,1
esp32_device_001,2026-05-24T00:10:53+12:00,63.5,-36.604721,174.802551,1
esp32_device_001,2026-05-24T00:10:58+12:00,63.5,-36.604713,174.802536,1
esp32_device_001,2026-05-24T00:11:03+12:00,63.5,-36.604713,174.802536,1
esp32_device_001,2026-05-24T00:11:08+12:00,63.5,-36.60471,174.802536,1
esp32_device_001,2026-05-24T00:11:13+12:00,63.5,-36.60471,174.802536,1
esp32_device_001,2026-05-24T00:11:18+12:00,63.5,-36.604713,174.802536,1
esp32_device_001,2026-05-24T00:11:23+12:00,63.5,-36.604717,174.802536,1
esp32_device_001,2026-05-24T00:11:28+12:00,63.5,-36.604725,174.802551,1
esp32_device_001,2026-05-24T00:11:33+12:00,63.5,-36.604725,174.802536,1
esp32_device_001,2026-05-24T00:11:38+12:00,63.5,-36.604721,174.802536,1
esp32_device_001,2026-05-24T00:11:43+12:00,63.5,-36.604729,174.802536,1
esp32_device_001,2026-05-24T00:11:48+12:00,63.5,-36.604733,174.802551,1
esp32_device_001,2026-05-24T00:11:53+12:00,63.5,-36.604736,174.802551,1
esp32_device_001,2026-05-24T00:11:58+12:00,63.5,-36.604736,174.802551,1
esp32_device_001,2026-05-24T00:12:03+12:00,63.5,-36.604733,174.802551,1
esp32_device_001,2026-05-24T00:12:08+12:00,63.5,-36.604733,174.802536,1
esp32_device_001,2026-05-24T00:12:13+12:00,63.5,-36.604733,174.802536,1
esp32_device_001,2026-05-24T00:12:18+12:00,63.5,-36.604733,174.802536,1
esp32_device_001,2026-05-24T00:12:23+12:00,63.5,-36.604733,174.802536,1
esp32_device_001,2026-05-24T00:12:28+12:00,63.5,-36.604736,174.802536,1
esp32_device_001,2026-05-24T00:12:33+12:00,63.5,-36.604736,174.802536,1
esp32_device_001,2026-05-24T00:12:38+12:00,63.5,-36.60474,174.802551,1
esp32_device_001,2026-05-24T00:12:43+12:00,63.5,-36.60474,174.802551,1
esp32_device_001,2026-05-24T00:12:48+12:00,63.5,-36.604748,174.802551,1
esp32_device_001,2026-05-24T00:13:01+12:00,53,-36.604755,174.802551,1
esp32_device_001,2026-05-24T00:13:06+12:00,50.9,-36.604759,174.802551,1
esp32_device_001,2026-05-24T00:13:11+12:00,49.4,-36.604759,174.802551,1
esp32_device_001,2026-05-24T00:13:16+12:00,47.1,-36.604763,174.802551,1
esp32_device_001,2026-05-24T00:13:21+12:00,46.7,-36.604763,174.802551,1
esp32_device_001,2026-05-24T00:13:26+12:00,44.4,-36.604771,174.802551,1
esp32_device_001,2026-05-24T00:13:31+12:00,44.5,-36.604774,174.802551,1
esp32_device_001,2026-05-24T00:13:36+12:00,44.1,-36.604774,174.802551,1
esp32_device_001,2026-05-24T00:13:41+12:00,44.4,-36.604774,174.802551,1
esp32_device_001,2026-05-24T00:13:46+12:00,43.2,-36.604778,174.802551,1
esp32_device_001,2026-05-24T00:13:51+12:00,41.4,-36.604782,174.802551,1
esp32_device_001,2026-05-24T00:13:56+12:00,42,-36.604778,174.802551,1
esp32_device_001,2026-05-24T00:14:01+12:00,46,-36.604774,174.802551,1
esp32_device_001,2026-05-24T00:14:06+12:00,48.6,-36.604774,174.802551,1
esp32_device_001,2026-05-24T00:14:11+12:00,48.9,-36.604774,174.802551,1
esp32_device_001,2026-05-24T00:14:16+12:00,51.2,-36.604767,174.802551,1
esp32_device_001,2026-05-24T00:14:21+12:00,50.7,-36.604767,174.802551,1
esp32_device_001,2026-05-24T00:14:26+12:00,49.4,-36.604767,174.802551,1
esp32_device_001,2026-05-24T00:14:31+12:00,48,-36.604771,174.802551,1
esp32_device_001,2026-05-24T00:14:36+12:00,48.6,-36.604767,174.802551,1
esp32_device_001,2026-05-24T00:14:41+12:00,48.9,-36.604767,174.802551,1
esp32_device_001,2026-05-24T00:14:46+12:00,49.6,-36.604763,174.802551,1
esp32_device_001,2026-05-24T00:14:51+12:00,49.9,-36.604759,174.802551,1
esp32_device_001,2026-05-24T00:14:56+12:00,50.3,-36.604759,174.802551,1
esp32_device_001,2026-05-24T00:15:01+12:00,49.7,-36.604755,174.802551,1
esp32_device_001,2026-05-24T00:15:06+12:00,50.3,-36.604755,174.802551,1
esp32_device_001,2026-05-24T00:15:11+12:00,51,-36.604755,174.802551,1
esp32_device_001,2026-05-24T00:15:16+12:00,51,-36.604759,174.802551,1
esp32_device_001,2026-05-24T00:15:21+12:00,51.7,-36.604755,174.802551,1
esp32_device_001,2026-05-24T00:15:26+12:00,51.5,-36.604759,174.802551,1
esp32_device_001,2026-05-24T00:15:31+12:00,51.8,-36.604755,174.802551,1
esp32_device_001,2026-05-24T00:15:36+12:00,52.7,-36.604755,174.802551,1
esp32_device_001,2026-05-24T00:15:41+12:00,53.3,-36.604755,174.802551,1
esp32_device_001,2026-05-24T00:15:46+12:00,53.5,-36.604755,174.802567,1
esp32_device_001,2026-05-24T00:15:51+12:00,54,-36.604752,174.802567,1
esp32_device_001,2026-05-24T00:15:56+12:00,53.7,-36.604748,174.802567,1
esp32_device_001,2026-05-24T00:16:01+12:00,53.4,-36.604748,174.802567,1
esp32_device_001,2026-05-24T00:16:06+12:00,53.1,-36.604748,174.802567,1
esp32_device_001,2026-05-24T00:16:11+12:00,51.4,-36.604748,174.802567,1
esp32_device_001,2026-05-24T00:16:16+12:00,50.6,-36.604755,174.802582,1
esp32_device_001,2026-05-24T00:16:21+12:00,48.2,-36.604763,174.802582,1
esp32_device_001,2026-05-24T00:16:26+12:00,47.4,-36.604767,174.802582,1
esp32_device_001,2026-05-24T00:16:31+12:00,47.1,-36.604774,174.802582,1
esp32_device_001,2026-05-24T00:16:36+12:00,48.9,-36.604778,174.802582,1
esp32_device_001,2026-05-24T00:16:41+12:00,52.1,-36.604778,174.802582,1
esp32_device_001,2026-05-24T00:16:46+12:00,54.1,-36.604778,174.802582,1
esp32_device_001,2026-05-24T00:16:51+12:00,56.2,-36.604771,174.802582,1
esp32_device_001,2026-05-24T00:16:56+12:00,58,-36.604759,174.802582,1
esp32_device_001,2026-05-24T00:17:01+12:00,59.3,-36.604755,174.802582,1
esp32_device_001,2026-05-24T00:17:06+12:00,58.8,-36.604755,174.802582,1
esp32_device_001,2026-05-24T00:17:11+12:00,57.8,-36.604763,174.802582,1
esp32_device_001,2026-05-24T00:17:16+12:00,57.1,-36.604763,174.802582,1
esp32_device_001,2026-05-24T00:17:21+12:00,56.3,-36.604763,174.802582,1
esp32_device_001,2026-05-24T00:17:26+12:00,56.6,-36.604755,174.802582,1
esp32_device_001,2026-05-24T00:17:31+12:00,56.7,-36.604752,174.802567,1
esp32_device_001,2026-05-24T00:17:36+12:00,57.3,-36.604752,174.802567,1
esp32_device_001,2026-05-24T00:17:41+12:00,58.4,-36.604748,174.802567,1
esp32_device_001,2026-05-24T00:17:46+12:00,59.7,-36.604744,174.802567,1
esp32_device_001,2026-05-24T00:17:51+12:00,61,-36.604736,174.802567,1
esp32_device_001,2026-05-24T00:17:56+12:00,62.7,-36.604736,174.802567,1
esp32_device_001,2026-05-24T00:18:01+12:00,63.7,-36.604729,174.802567,1
esp32_device_001,2026-05-24T00:18:06+12:00,62.9,-36.604729,174.802567,1
esp32_device_001,2026-05-24T00:18:11+12:00,63.3,-36.604733,174.802567,1
esp32_device_001,2026-05-24T00:18:16+12:00,62.5,-36.604736,174.802567,1
esp32_device_001,2026-05-24T00:18:21+12:00,61.7,-36.604733,174.802567,1
esp32_device_001,2026-05-24T00:18:26+12:00,61.5,-36.604736,174.802567,1
esp32_device_001,2026-05-24T00:18:31+12:00,61,-36.60474,174.802582,1
esp32_device_001,2026-05-24T00:18:36+12:00,59.6,-36.60474,174.802582,1
esp32_device_001,2026-05-24T00:18:41+12:00,59.5,-36.604744,174.802582,1
esp32_device_001,2026-05-24T00:18:46+12:00,58.9,-36.604748,174.802582,1
esp32_device_001,2026-05-24T00:18:51+12:00,58.3,-36.604752,174.802582,1
esp32_device_001,2026-05-24T00:18:56+12:00,58.2,-36.604752,174.802582,1
esp32_device_001,2026-05-24T00:19:01+12:00,57.7,-36.604752,174.802582,1
esp32_device_001,2026-05-24T00:19:06+12:00,56.8,-36.604752,174.802582,1
esp32_device_001,2026-05-24T00:19:11+12:00,57.2,-36.604752,174.802582,1
esp32_device_001,2026-05-24T00:19:16+12:00,56.9,-36.604755,174.802582,1
esp32_device_001,2026-05-24T00:19:21+12:00,57.3,-36.604759,174.802582,1
esp32_device_001,2026-05-24T00:19:26+12:00,58.2,-36.604763,174.802582,1
esp32_device_001,2026-05-24T00:19:31+12:00,59.1,-36.604771,174.802597,1
esp32_device_001,2026-05-24T00:19:36+12:00,58.4,-36.604774,174.802597,1
esp32_device_001,2026-05-24T00:19:41+12:00,58.3,-36.604778,174.802597,1
esp32_device_001,2026-05-24T00:19:46+12:00,58.3,-36.604786,174.802597,1
esp32_device_001,2026-05-24T00:19:51+12:00,58.6,-36.60479,174.802612,1
esp32_device_001,2026-05-24T00:19:56+12:00,59.2,-36.604794,174.802612,1
esp32_device_001,2026-05-24T00:20:01+12:00,59.9,-36.60479,174.802612,1
esp32_device_001,2026-05-24T00:20:06+12:00,60.2,-36.60479,174.802612,1
esp32_device_001,2026-05-24T00:20:11+12:00,61.1,-36.604786,174.802597,1
esp32_device_001,2026-05-24T00:20:16+12:00,62.3,-36.604778,174.802597,1
esp32_device_001,2026-05-24T00:20:21+12:00,64,-36.604771,174.802582,1
esp32_device_001,2026-05-24T00:20:26+12:00,65.5,-36.604767,174.802582,1
esp32_device_001,2026-05-24T00:20:31+12:00,64.8,-36.604767,174.802582,1
esp32_device_001,2026-05-24T00:20:36+12:00,64.1,-36.604763,174.802582,1
esp32_device_001,2026-05-24T00:20:41+12:00,62.8,-36.604763,174.802567,1
esp32_device_001,2026-05-24T00:20:46+12:00,60.8,-36.604759,174.802567,1
esp32_device_001,2026-05-24T00:20:51+12:00,59.3,-36.604755,174.802567,1
esp32_device_001,2026-05-24T00:20:56+12:00,58.7,-36.604755,174.802567,1
esp32_device_001,2026-05-24T00:21:01+12:00,59.8,-36.604755,174.802567,1
esp32_device_001,2026-05-24T00:21:06+12:00,59.6,-36.604755,174.802567,1
esp32_device_001,2026-05-24T00:21:11+12:00,58.6,-36.604755,174.802551,1
esp32_device_001,2026-05-24T00:21:16+12:00,57.6,-36.604755,174.802551,1
esp32_device_001,2026-05-24T00:21:21+12:00,59,-36.604767,174.802567,1
esp32_device_001,2026-05-24T00:21:26+12:00,59.1,-36.604771,174.802567,1
esp32_device_001,2026-05-24T00:21:31+12:00,59.4,-36.604771,174.802567,1
esp32_device_001,2026-05-24T00:21:36+12:00,59.7,-36.604771,174.802567,1
esp32_device_001,2026-05-24T00:21:41+12:00,59.9,-36.604771,174.802551,1
esp32_device_001,2026-05-24T00:21:46+12:00,60.4,-36.604771,174.802551,1
esp32_device_001,2026-05-24T00:21:51+12:00,60.2,-36.604774,174.802551,1
esp32_device_001,2026-05-24T00:21:56+12:00,60.2,-36.604771,174.802551,1
esp32_device_001,2026-05-24T00:22:01+12:00,59.9,-36.604771,174.802551,1
esp32_device_001,2026-05-24T00:22:06+12:00,59.6,-36.604782,174.802551,1
esp32_device_001,2026-05-24T00:22:11+12:00,60,-36.604782,174.802551,1
esp32_device_001,2026-05-24T00:22:16+12:00,60,-36.60479,174.802551,1
esp32_device_001,2026-05-24T00:22:21+12:00,60.2,-36.604794,174.802551,1
esp32_device_001,2026-05-24T00:22:26+12:00,60.4,-36.604794,174.802551,1
esp32_device_001,2026-05-24T00:22:31+12:00,59.9,-36.60479,174.802551,1
esp32_device_001,2026-05-24T00:22:36+12:00,58.1,-36.60479,174.802551,1
esp32_device_001,2026-05-24T00:22:41+12:00,57.1,-36.604786,174.802551,1
esp32_device_001,2026-05-24T00:22:46+12:00,57,-36.60479,174.802551,1
esp32_device_001,2026-05-24T00:25:18+12:00,51.5,-36.60479,174.802536,1
esp32_device_001,2026-05-24T00:25:28+12:00,49.3,-36.604794,174.802536,1
esp32_device_001,2026-05-24T00:25:33+12:00,48.9,-36.604794,174.802536,1
esp32_device_001,2026-05-24T00:25:38+12:00,49.6,-36.60479,174.802536,1
esp32_device_001,2026-05-24T00:25:43+12:00,51.8,-36.604786,174.802536,1
esp32_device_001,2026-05-24T00:25:48+12:00,51.6,-36.604786,174.802536,1
esp32_device_001,2026-05-24T00:25:53+12:00,52.5,-36.604786,174.802536,1
esp32_device_001,2026-05-24T00:25:58+12:00,54.6,-36.604782,174.802536,1
esp32_device_001,2026-05-24T00:26:03+12:00,55,-36.604782,174.802536,1
esp32_device_001,2026-05-24T00:26:08+12:00,56.1,-36.604778,174.802536,1
esp32_device_001,2026-05-24T00:26:13+12:00,56.6,-36.604774,174.802536,1
esp32_device_001,2026-05-24T00:26:18+12:00,54.8,-36.604778,174.802536,1
esp32_device_001,2026-05-24T00:26:23+12:00,55.5,-36.604774,174.802536,1
esp32_device_001,2026-05-24T00:26:28+12:00,54.1,-36.604774,174.802536,1
esp32_device_001,2026-05-24T00:26:33+12:00,52.7,-36.604774,174.802536,1
esp32_device_001,2026-05-24T00:26:38+12:00,50.3,-36.604778,174.802551,1
esp32_device_001,2026-05-24T00:26:43+12:00,49.2,-36.604778,174.802551,1
esp32_device_001,2026-05-24T00:26:48+12:00,48.7,-36.604782,174.802551,1
esp32_device_001,2026-05-24T00:26:53+12:00,49.5,-36.604778,174.802551,1
esp32_device_001,2026-05-24T00:26:58+12:00,49.6,-36.604778,174.802551,1
esp32_device_001,2026-05-24T00:27:03+12:00,49.6,-36.604778,174.802551,1
esp32_device_001,2026-05-24T00:27:08+12:00,49.4,-36.604778,174.802551,1
esp32_device_001,2026-05-24T00:27:13+12:00,50,-36.604778,174.802551,1
esp32_device_001,2026-05-24T00:27:18+12:00,50.5,-36.604774,174.802551,1
esp32_device_001,2026-05-24T00:27:23+12:00,49.8,-36.604774,174.802551,1
esp32_device_001,2026-05-24T00:27:28+12:00,48.9,-36.604774,174.802551,1
esp32_device_001,2026-05-24T00:27:33+12:00,49.3,-36.604771,174.802536,1
esp32_device_001,2026-05-24T00:27:38+12:00,49.3,-36.604771,174.802536,1
esp32_device_001,2026-05-24T00:27:43+12:00,49.3,-36.604771,174.802536,1
esp32_device_001,2026-05-24T00:27:48+12:00,49.2,-36.604774,174.802536,1
esp32_device_001,2026-05-24T00:27:53+12:00,47.9,-36.604774,174.802536,1
esp32_device_001,2026-05-24T00:27:58+12:00,46.6,-36.604774,174.802551,1
esp32_device_001,2026-05-24T00:28:03+12:00,46,-36.604778,174.802551,1
esp32_device_001,2026-05-24T00:28:08+12:00,47.7,-36.604778,174.802551,1
esp32_device_001,2026-05-24T00:28:13+12:00,49.6,-36.604778,174.802551,1
esp32_device_001,2026-05-24T00:28:18+12:00,50.5,-36.604778,174.802551,1
esp32_device_001,2026-05-24T00:28:23+12:00,52.6,-36.604774,174.802551,1
esp32_device_001,2026-05-24T00:28:28+12:00,53.1,-36.604771,174.802551,1
esp32_device_001,2026-05-24T00:28:33+12:00,55,-36.604767,174.802551,1
esp32_device_001,2026-05-24T00:28:38+12:00,56.5,-36.604763,174.802551,1
esp32_device_001,2026-05-24T00:28:43+12:00,57.4,-36.604759,174.802551,1
esp32_device_001,2026-05-24T00:28:48+12:00,58.1,-36.604759,174.802536,1
esp32_device_001,2026-05-24T00:28:53+12:00,59,-36.604759,174.802536,1
esp32_device_001,2026-05-24T00:28:58+12:00,58.1,-36.604759,174.802536,1
esp32_device_001,2026-05-24T00:29:03+12:00,57,-36.604759,174.802551,1
esp32_device_001,2026-05-24T00:29:08+12:00,57.4,-36.604759,174.802551,1
esp32_device_001,2026-05-24T00:29:13+12:00,56.6,-36.604759,174.802551,1
esp32_device_001,2026-05-24T00:29:18+12:00,55.2,-36.604759,174.802551,1
esp32_device_001,2026-05-24T00:29:23+12:00,54.8,-36.604759,174.802551,1
esp32_device_001,2026-05-24T00:29:28+12:00,53.6,-36.604763,174.802551,1
esp32_device_001,2026-05-24T00:29:33+12:00,52.1,-36.604763,174.802551,1
esp32_device_001,2026-05-24T00:29:38+12:00,52.6,-36.604763,174.802551,1
esp32_device_001,2026-05-24T00:29:43+12:00,52.3,-36.604763,174.802551,1
esp32_device_001,2026-05-24T00:29:48+12:00,53.6,-36.604763,174.802551,1
esp32_device_001,2026-05-24T00:29:53+12:00,54.7,-36.604763,174.802551,1
esp32_device_001,2026-05-24T00:29:58+12:00,54.1,-36.604763,174.802567,1
esp32_device_001,2026-05-24T00:30:03+12:00,53.9,-36.604763,174.802567,1
esp32_device_001,2026-05-24T00:30:08+12:00,54.2,-36.604763,174.802567,1
esp32_device_001,2026-05-24T00:30:13+12:00,54.1,-36.604763,174.802567,1
esp32_device_001,2026-05-24T00:34:19+12:00,27.9,-36.604744,174.802582,1
esp32_device_001,2026-05-24T00:34:29+12:00,28.5,-36.604755,174.802597,1
esp32_device_001,2026-05-24T00:34:34+12:00,27.8,-36.604752,174.802597,1
esp32_device_001,2026-05-24T00:34:39+12:00,27.2,-36.604744,174.802597,1
esp32_device_001,2026-05-24T00:34:44+12:00,29.2,-36.604744,174.802597,1
esp32_device_001,2026-05-24T00:34:49+12:00,30.2,-36.604744,174.802582,1
esp32_device_001,2026-05-24T00:34:54+12:00,32.3,-36.604748,174.802582,1
esp32_device_001,2026-05-24T00:34:59+12:00,32.8,-36.604744,174.802567,1
esp32_device_001,2026-05-24T00:35:04+12:00,34.6,-36.604744,174.802567,1
esp32_device_001,2026-05-24T00:35:09+12:00,36.4,-36.604752,174.802567,1
esp32_device_001,2026-05-24T00:35:14+12:00,37.2,-36.604755,174.802567,1
esp32_device_001,2026-05-24T00:35:19+12:00,39.8,-36.604763,174.802567,1
esp32_device_001,2026-05-24T00:35:24+12:00,41.4,-36.604778,174.802567,1
esp32_device_001,2026-05-24T00:35:29+12:00,42.6,-36.604797,174.802582,1
esp32_device_001,2026-05-24T00:35:34+12:00,42.6,-36.604813,174.802597,1
esp32_device_001,2026-05-24T00:35:39+12:00,41.4,-36.604805,174.802582,1
esp32_device_001,2026-05-24T00:35:44+12:00,41,-36.604801,174.802582,1
esp32_device_001,2026-05-24T00:35:49+12:00,39.8,-36.604786,174.802582,1
esp32_device_001,2026-05-24T00:35:54+12:00,41.4,-36.604797,174.802582,1
esp32_device_001,2026-05-24T00:35:59+12:00,42.8,-36.604801,174.802582,1
esp32_device_001,2026-05-24T00:36:04+12:00,42.4,-36.604797,174.802582,1
esp32_device_001,2026-05-24T00:36:09+12:00,41.5,-36.604797,174.802582,1
esp32_device_001,2026-05-24T00:36:14+12:00,40.7,-36.604801,174.802567,1
esp32_device_001,2026-05-24T00:36:19+12:00,41,-36.604809,174.802567,1
esp32_device_001,2026-05-24T00:36:24+12:00,42.1,-36.604813,174.802567,1
esp32_device_001,2026-05-24T00:36:29+12:00,42.3,-36.604809,174.802567,1
esp32_device_001,2026-05-24T00:36:34+12:00,42.1,-36.604809,174.802567,1
esp32_device_001,2026-05-24T00:36:39+12:00,41.6,-36.604805,174.802551,1
esp32_device_001,2026-05-24T00:36:44+12:00,42,-36.604805,174.802567,1
esp32_device_001,2026-05-24T00:36:49+12:00,41.8,-36.604801,174.802567,1
esp32_device_001,2026-05-24T00:36:54+12:00,42.2,-36.604801,174.802567,1
esp32_device_001,2026-05-24T00:36:59+12:00,43.1,-36.604801,174.802567,1
esp32_device_001,2026-05-24T00:37:04+12:00,43.7,-36.604801,174.802551,1
esp32_device_001,2026-05-24T00:37:09+12:00,44.2,-36.604809,174.802567,1
esp32_device_001,2026-05-24T00:37:14+12:00,43.4,-36.604813,174.802567,1
esp32_device_001,2026-05-24T00:37:19+12:00,43,-36.604816,174.802582,1
esp32_device_001,2026-05-24T00:37:24+12:00,42.3,-36.604809,174.802567,1
esp32_device_001,2026-05-24T00:37:29+12:00,42.1,-36.604809,174.802567,1
esp32_device_001,2026-05-24T00:37:34+12:00,43.7,-36.604813,174.802567,1
esp32_device_001,2026-05-24T00:37:39+12:00,45.4,-36.604816,174.802582,1
esp32_device_001,2026-05-24T00:37:44+12:00,45.2,-36.604809,174.802582,1
esp32_device_001,2026-05-24T00:37:49+12:00,44.8,-36.604801,174.802582,1
esp32_device_001,2026-05-24T00:37:54+12:00,44.2,-36.604809,174.802582,1
esp32_device_001,2026-05-24T00:37:59+12:00,44.2,-36.604809,174.802582,1
esp32_device_001,2026-05-24T00:38:04+12:00,44.7,-36.604809,174.802597,1
esp32_device_001,2026-05-24T00:38:09+12:00,43.7,-36.604809,174.802597,1
esp32_device_001,2026-05-24T00:38:14+12:00,43.5,-36.604813,174.802597,1
esp32_device_001,2026-05-24T00:38:19+12:00,42.9,-36.604809,174.802597,1
esp32_device_001,2026-05-24T00:38:24+12:00,42.2,-36.604813,174.802597,1
esp32_device_001,2026-05-24T00:38:29+12:00,41.8,-36.604813,174.802597,1
esp32_device_001,2026-05-24T00:38:34+12:00,41.4,-36.604805,174.802597,1
esp32_device_001,2026-05-24T00:38:39+12:00,41,-36.604805,174.802597,1
esp32_device_001,2026-05-24T00:38:44+12:00,40.1,-36.604805,174.802597,1
esp32_device_001,2026-05-24T00:38:49+12:00,40,-36.604805,174.802597,1
esp32_device_001,2026-05-24T00:38:54+12:00,39.5,-36.604801,174.802597,1
esp32_device_001,2026-05-24T00:38:59+12:00,40,-36.604786,174.802597,1
esp32_device_001,2026-05-24T00:39:04+12:00,40.8,-36.604782,174.802597,1
esp32_device_001,2026-05-24T00:39:09+12:00,40.7,-36.604782,174.802597,1
esp32_device_001,2026-05-24T00:39:14+12:00,42.3,-36.604774,174.802582,1
esp32_device_001,2026-05-24T00:39:33+12:00,42.3,-36.60479,174.802597,1
esp32_device_001,2026-05-24T00:39:38+12:00,42.3,-36.604794,174.802597,1
esp32_device_001,2026-05-24T00:39:43+12:00,42.3,-36.604786,174.802597,1
esp32_device_001,2026-05-24T00:39:48+12:00,42.3,-36.60479,174.802597,1
esp32_device_001,2026-05-24T00:39:53+12:00,42.3,-36.604797,174.802597,1
esp32_device_001,2026-05-24T00:39:58+12:00,42.3,-36.604801,174.802612,1
esp32_device_001,2026-05-24T00:40:03+12:00,42.3,-36.604797,174.802612,1
esp32_device_001,2026-05-24T00:40:08+12:00,42.3,-36.604809,174.802612,1
esp32_device_001,2026-05-24T00:40:13+12:00,42.3,-36.604816,174.802628,1
esp32_device_001,2026-05-24T00:40:18+12:00,42.3,-36.604813,174.802628,1
esp32_device_001,2026-05-24T00:40:23+12:00,42.3,-36.604805,174.802612,1
esp32_device_001,2026-05-24T00:40:28+12:00,42.3,-36.604797,174.802612,1
esp32_device_001,2026-05-24T00:40:33+12:00,42.3,-36.604797,174.802597,1
esp32_device_001,2026-05-24T00:40:38+12:00,42.3,-36.604797,174.802597,1
esp32_device_001,2026-05-24T00:40:43+12:00,42.3,-36.604794,174.802597,1
esp32_device_001,2026-05-24T00:40:48+12:00,42.3,-36.60479,174.802597,1
esp32_device_001,2026-05-24T00:40:53+12:00,42.3,-36.604786,174.802597,1
esp32_device_001,2026-05-24T00:40:58+12:00,42.3,-36.604782,174.802597,1
esp32_device_001,2026-05-24T00:41:03+12:00,42.3,-36.604778,174.802597,1
esp32_device_001,2026-05-24T00:41:08+12:00,42.3,-36.604778,174.802597,1
esp32_device_001,2026-05-24T00:41:13+12:00,42.3,-36.604778,174.802597,1
esp32_device_001,2026-05-24T00:41:18+12:00,42.3,-36.604782,174.802597,1
esp32_device_001,2026-05-24T00:41:23+12:00,42.3,-36.604782,174.802597,1
esp32_device_001,2026-05-24T00:41:28+12:00,42.3,-36.604774,174.802597,1
esp32_device_001,2026-05-24T00:41:33+12:00,42.3,-36.604771,174.802597,1
esp32_device_001,2026-05-24T00:41:38+12:00,42.3,-36.604759,174.802582,1
esp32_device_001,2026-05-24T00:41:43+12:00,42.3,-36.604763,174.802582,1
esp32_device_001,2026-05-24T00:41:48+12:00,42.3,-36.604763,174.802582,1
esp32_device_001,2026-05-24T00:41:53+12:00,42.3,-36.604763,174.802582,1
esp32_device_001,2026-05-24T00:41:58+12:00,42.3,-36.604759,174.802582,1
esp32_device_001,2026-05-24T00:42:03+12:00,42.3,-36.604763,174.802582,1
esp32_device_001,2026-05-24T00:42:08+12:00,42.3,-36.604763,174.802582,1
esp32_device_001,2026-05-24T00:42:13+12:00,42.3,-36.604759,174.802582,1
esp32_device_001,2026-05-24T00:42:18+12:00,42.3,-36.604752,174.802567,1
esp32_device_001,2026-05-24T00:42:23+12:00,42.3,-36.604755,174.802567,1
esp32_device_001,2026-05-24T00:42:28+12:00,42.3,-36.604744,174.802567,1
esp32_device_001,2026-05-24T00:42:33+12:00,42.3,-36.60474,174.802567,1
esp32_device_001,2026-05-24T00:42:38+12:00,42.3,-36.60474,174.802567,1
esp32_device_001,2026-05-24T00:42:43+12:00,42.3,-36.604744,174.802567,1
esp32_device_001,2026-05-24T00:42:48+12:00,42.3,-36.60474,174.802567,1
esp32_device_001,2026-05-24T00:42:53+12:00,42.3,-36.60474,174.802567,1
esp32_device_001,2026-05-24T00:42:58+12:00,42.3,-36.60474,174.802567,1
esp32_device_001,2026-05-24T00:43:03+12:00,42.3,-36.604736,174.802567,1
esp32_device_001,2026-05-24T00:43:08+12:00,42.3,-36.604733,174.802567,1
esp32_device_001,2026-05-24T00:43:13+12:00,42.3,-36.604729,174.802567,1
esp32_device_001,2026-05-24T00:43:18+12:00,42.3,-36.604729,174.802567,1
esp32_device_001,2026-05-24T00:43:23+12:00,42.3,-36.604729,174.802567,1
esp32_device_001,2026-05-24T00:43:28+12:00,42.3,-36.604733,174.802567,1
esp32_device_001,2026-05-24T00:43:33+12:00,59.6,-36.604733,174.802567,1
esp32_device_001,2026-05-24T00:43:38+12:00,59.6,-36.604733,174.802567,1
esp32_device_001,2026-05-24T00:43:43+12:00,61,-36.60474,174.802567,1
esp32_device_001,2026-05-24T00:43:48+12:00,61.2,-36.604736,174.802567,1
esp32_device_001,2026-05-24T00:43:53+12:00,61.7,-36.604736,174.802567,1
esp32_device_001,2026-05-24T00:43:58+12:00,60.1,-36.60474,174.802567,1
esp32_device_001,2026-05-24T00:44:03+12:00,58.6,-36.604744,174.802567,1
esp32_device_001,2026-05-24T00:44:08+12:00,57.3,-36.604748,174.802567,1
esp32_device_001,2026-05-24T00:44:13+12:00,57.4,-36.604748,174.802567,1
esp32_device_001,2026-05-24T00:44:18+12:00,57.4,-36.604744,174.802567,1
esp32_device_001,2026-05-24T00:44:57+12:00,57.5,-36.604717,174.802567,1
esp32_device_001,2026-05-24T00:46:53+12:00,59.2,-36.604733,174.802551,1
esp32_device_001,2026-05-24T00:47:03+12:00,60.3,-36.604725,174.802536,1
esp32_device_001,2026-05-24T00:47:08+12:00,60.3,-36.604725,174.802551,1
esp32_device_001,2026-05-24T00:47:13+12:00,60.6,-36.604725,174.802536,1
esp32_device_001,2026-05-24T00:47:18+12:00,59.5,-36.604725,174.802536,1
esp32_device_001,2026-05-24T00:47:23+12:00,60.5,-36.604725,174.802536,1
esp32_device_001,2026-05-24T00:47:28+12:00,60.1,-36.604725,174.802536,1
esp32_device_001,2026-05-24T00:47:33+12:00,59.3,-36.604725,174.802536,1
esp32_device_001,2026-05-24T00:47:38+12:00,57.6,-36.604725,174.802536,1
esp32_device_001,2026-05-24T00:47:43+12:00,54.8,-36.604725,174.802551,1
esp32_device_001,2026-05-24T00:47:48+12:00,52.6,-36.604725,174.802551,1
esp32_device_001,2026-05-24T00:47:53+12:00,50.9,-36.604729,174.802551,1
esp32_device_001,2026-05-24T00:47:58+12:00,50.9,-36.604729,174.802551,1
esp32_device_001,2026-05-24T00:48:03+12:00,51.9,-36.604729,174.802551,1
esp32_device_001,2026-05-24T00:48:08+12:00,52.6,-36.604729,174.802551,1
esp32_device_001,2026-05-24T00:48:13+12:00,53.7,-36.604729,174.802551,1
esp32_device_001,2026-05-24T00:48:18+12:00,54.8,-36.604729,174.802551,1
esp32_device_001,2026-05-24T00:48:23+12:00,57.2,-36.604725,174.802551,1
esp32_device_001,2026-05-24T00:48:28+12:00,58.9,-36.604725,174.802551,1
esp32_device_001,2026-05-24T00:48:33+12:00,59.4,-36.604721,174.802551,1
esp32_device_001,2026-05-24T00:48:38+12:00,59.9,-36.604721,174.802551,1
esp32_device_001,2026-05-24T00:48:43+12:00,61,-36.604721,174.802551,1
esp32_device_001,2026-05-24T00:48:48+12:00,60.7,-36.604725,174.802551,1
esp32_device_001,2026-05-24T00:48:53+12:00,59.2,-36.604729,174.802551,1
esp32_device_001,2026-05-24T00:48:58+12:00,58.1,-36.604729,174.802551,1
esp32_device_001,2026-05-24T00:49:03+12:00,58,-36.604733,174.802551,1
esp32_device_001,2026-05-24T00:49:08+12:00,58.5,-36.604733,174.802551,1
esp32_device_001,2026-05-24T00:49:13+12:00,57.8,-36.604733,174.802551,1
esp32_device_001,2026-05-24T00:49:18+12:00,57.3,-36.604736,174.802551,1
esp32_device_001,2026-05-24T00:49:23+12:00,56.9,-36.604736,174.802551,1
esp32_device_001,2026-05-24T00:49:28+12:00,56.6,-36.60474,174.802551,1
esp32_device_001,2026-05-24T00:49:33+12:00,56,-36.604744,174.802551,1
esp32_device_001,2026-05-24T00:49:38+12:00,55.8,-36.604744,174.802551,1
esp32_device_001,2026-05-24T00:49:43+12:00,56.2,-36.604748,174.802551,1
esp32_device_001,2026-05-24T00:49:48+12:00,55.7,-36.604748,174.802551,1
esp32_device_001,2026-05-24T00:49:53+12:00,55.9,-36.604748,174.802551,1
esp32_device_001,2026-05-24T00:49:58+12:00,55.8,-36.604748,174.802551,1
esp32_device_001,2026-05-24T00:50:03+12:00,55.8,-36.604752,174.802551,1
esp32_device_001,2026-05-24T00:50:08+12:00,55.7,-36.604752,174.802551,1
esp32_device_001,2026-05-24T00:50:13+12:00,55.8,-36.604752,174.802567,1
esp32_device_001,2026-05-24T00:50:18+12:00,56.4,-36.604752,174.802567,1
esp32_device_001,2026-05-24T00:50:23+12:00,56.6,-36.604748,174.802567,1
esp32_device_001,2026-05-24T00:50:28+12:00,56.7,-36.604748,174.802567,1
esp32_device_001,2026-05-24T00:50:33+12:00,56.7,-36.604744,174.802567,1
esp32_device_001,2026-05-24T00:50:38+12:00,56.3,-36.604744,174.802567,1
esp32_device_001,2026-05-24T00:50:43+12:00,56.7,-36.60474,174.802551,1
esp32_device_001,2026-05-24T00:50:48+12:00,57,-36.60474,174.802551,1
esp32_device_001,2026-05-24T00:50:53+12:00,57.1,-36.604736,174.802551,1
esp32_device_001,2026-05-24T00:50:58+12:00,57.1,-36.604736,174.802551,1
esp32_device_001,2026-05-24T00:51:03+12:00,56.6,-36.604736,174.802551,1
esp32_device_001,2026-05-24T00:51:08+12:00,55.7,-36.60474,174.802551,1
esp32_device_001,2026-05-24T00:51:13+12:00,55.8,-36.60474,174.802551,1
esp32_device_001,2026-05-24T00:51:18+12:00,55.2,-36.60474,174.802551,1
esp32_device_001,2026-05-24T00:51:23+12:00,54.4,-36.604744,174.802551,1
esp32_device_001,2026-05-24T00:51:28+12:00,54,-36.604748,174.802551,1
esp32_device_001,2026-05-24T00:51:33+12:00,53.7,-36.604748,174.802551,1
esp32_device_001,2026-05-24T00:51:38+12:00,53.3,-36.604752,174.802551,1
esp32_device_001,2026-05-24T00:51:43+12:00,52.8,-36.604755,174.802551,1
esp32_device_001,2026-05-24T00:51:48+12:00,51.6,-36.604755,174.802551,1
esp32_device_001,2026-05-24T00:52:07+12:00,50,-36.604763,174.802567,1
esp32_device_001,2026-05-24T00:52:12+12:00,49.8,-36.604763,174.802567,1
esp32_device_001,2026-05-24T00:52:17+12:00,49.3,-36.604763,174.802567,1
esp32_device_001,2026-05-24T00:52:22+12:00,49.1,-36.604767,174.802567,1
esp32_device_001,2026-05-24T00:52:27+12:00,50.3,-36.604763,174.802567,1
esp32_device_001,2026-05-24T00:52:32+12:00,50.6,-36.604763,174.802567,1
esp32_device_001,2026-05-24T00:52:37+12:00,50.8,-36.604759,174.802567,1
esp32_device_001,2026-05-24T00:52:42+12:00,51.1,-36.604755,174.802551,1
esp32_device_001,2026-05-24T00:52:47+12:00,51.3,-36.604755,174.802551,1
esp32_device_001,2026-05-24T00:52:52+12:00,51.5,-36.604752,174.802551,1
esp32_device_001,2026-05-24T00:52:57+12:00,51.8,-36.604748,174.802551,1
esp32_device_001,2026-05-24T00:53:02+12:00,51.4,-36.604744,174.802551,1
esp32_device_001,2026-05-24T00:53:07+12:00,50.4,-36.604748,174.802567,1
esp32_device_001,2026-05-24T00:53:12+12:00,50.5,-36.604744,174.802567,1
esp32_device_001,2026-05-24T00:53:17+12:00,50.1,-36.60474,174.802567,1
esp32_device_001,2026-05-24T00:53:22+12:00,52,-36.604736,174.802551,1
esp32_device_001,2026-05-24T00:53:27+12:00,53.4,-36.604733,174.802551,1
esp32_device_001,2026-05-24T00:53:32+12:00,53.4,-36.604733,174.802551,1
esp32_device_001,2026-05-24T00:53:37+12:00,53.3,-36.604733,174.802551,1
esp32_device_001,2026-05-24T00:53:42+12:00,53.4,-36.604733,174.802551,1
esp32_device_001,2026-05-24T00:53:47+12:00,52.7,-36.604736,174.802551,1
esp32_device_001,2026-05-24T00:53:52+12:00,52.3,-36.604736,174.802567,1
esp32_device_001,2026-05-24T00:53:57+12:00,51.4,-36.604736,174.802567,1
esp32_device_001,2026-05-24T00:54:02+12:00,51.8,-36.604736,174.802551,1
esp32_device_001,2026-05-24T00:54:07+12:00,53.2,-36.604733,174.802551,1
esp32_device_001,2026-05-24T00:54:12+12:00,54.4,-36.604729,174.802551,1
esp32_device_001,2026-05-24T00:54:17+12:00,54.6,-36.604725,174.802536,1
esp32_device_001,2026-05-24T00:54:22+12:00,54.4,-36.604725,174.802536,1
esp32_device_001,2026-05-24T00:54:27+12:00,53.2,-36.604729,174.802551,1
esp32_device_001,2026-05-24T00:54:32+12:00,53.5,-36.604729,174.802551,1
esp32_device_001,2026-05-24T00:54:37+12:00,52.7,-36.604733,174.802551,1
esp32_device_001,2026-05-24T00:54:42+12:00,52.7,-36.604733,174.802551,1
esp32_device_001,2026-05-24T00:54:47+12:00,52.7,-36.604736,174.802551,1
esp32_device_001,2026-05-24T00:54:52+12:00,53.3,-36.604736,174.802551,1
esp32_device_001,2026-05-24T00:54:57+12:00,53.3,-36.604736,174.802567,1
esp32_device_001,2026-05-24T00:55:02+12:00,53.2,-36.604733,174.802567,1
esp32_device_001,2026-05-24T00:55:07+12:00,53.7,-36.604733,174.802551,1
esp32_device_001,2026-05-24T00:55:12+12:00,54.2,-36.604729,174.802551,1
esp32_device_001,2026-05-24T00:55:17+12:00,55.3,-36.604725,174.802551,1
esp32_device_001,2026-05-24T00:55:22+12:00,55.6,-36.604729,174.802551,1
esp32_device_001,2026-05-24T00:55:27+12:00,56.6,-36.604729,174.802551,1
esp32_device_001,2026-05-24T00:55:32+12:00,56.3,-36.604733,174.802551,1
esp32_device_001,2026-05-24T00:55:37+12:00,56.4,-36.604736,174.802551,1
esp32_device_001,2026-05-24T00:55:42+12:00,56.2,-36.604736,174.802567,1
esp32_device_001,2026-05-24T00:55:47+12:00,56.1,-36.60474,174.802567,1
esp32_device_001,2026-05-24T00:55:52+12:00,56,-36.60474,174.802567,1
esp32_device_001,2026-05-24T00:55:57+12:00,54.1,-36.604752,174.802582,1
esp32_device_001,2026-05-24T00:56:02+12:00,53.2,-36.604752,174.802597,1
esp32_device_001,2026-05-24T00:56:07+12:00,52.7,-36.604755,174.802597,1
esp32_device_001,2026-05-24T00:56:12+12:00,53.4,-36.604752,174.802597,1
esp32_device_001,2026-05-24T00:56:17+12:00,54.3,-36.604752,174.802582,1
esp32_device_001,2026-05-24T00:56:22+12:00,54.2,-36.604752,174.802582,1
esp32_device_001,2026-05-24T00:56:27+12:00,53.7,-36.604748,174.802582,1
esp32_device_001,2026-05-24T00:56:32+12:00,52.4,-36.604748,174.802582,1
esp32_device_001,2026-05-24T00:56:37+12:00,50.6,-36.604752,174.802597,1
esp32_device_001,2026-05-24T00:56:42+12:00,49.6,-36.604752,174.802597,1
esp32_device_001,2026-05-24T00:56:47+12:00,48.4,-36.604755,174.802597,1
esp32_device_001,2026-05-24T00:56:52+12:00,47.6,-36.604759,174.802597,1
esp32_device_001,2026-05-24T00:57:04+12:00,48.5,-36.604763,174.802597,1
esp32_device_001,2026-05-24T00:57:09+12:00,49.5,-36.604759,174.802597,1
esp32_device_001,2026-05-24T00:57:14+12:00,49.8,-36.604752,174.802597,1
esp32_device_001,2026-05-24T00:57:19+12:00,50.3,-36.604744,174.802597,1
esp32_device_001,2026-05-24T00:57:24+12:00,51,-36.604744,174.802597,1
esp32_device_001,2026-05-24T00:57:29+12:00,52.2,-36.604736,174.802582,1
esp32_device_001,2026-05-24T00:57:34+12:00,52.8,-36.604736,174.802597,1
esp32_device_001,2026-05-24T00:57:39+12:00,52.9,-36.604733,174.802582,1
esp32_device_001,2026-05-24T00:57:44+12:00,52.7,-36.604733,174.802582,1
esp32_device_001,2026-05-24T00:57:49+12:00,52.8,-36.604733,174.802582,1
esp32_device_001,2026-05-24T00:57:54+12:00,52.9,-36.604736,174.802582,1
esp32_device_001,2026-05-24T00:57:59+12:00,53.6,-36.60474,174.802567,1
esp32_device_001,2026-05-24T00:58:04+12:00,53,-36.60474,174.802582,1
esp32_device_001,2026-05-24T00:58:09+12:00,52.2,-36.604736,174.802567,1
esp32_device_001,2026-05-24T00:58:14+12:00,50.8,-36.604736,174.802582,1
esp32_device_001,2026-05-24T00:58:19+12:00,51,-36.604736,174.802567,1
esp32_device_001,2026-05-24T00:58:24+12:00,50.6,-36.604733,174.802567,1
esp32_device_001,2026-05-24T00:58:29+12:00,50.8,-36.604733,174.802567,1
esp32_device_001,2026-05-24T00:58:34+12:00,49.3,-36.604733,174.802567,1
esp32_device_001,2026-05-24T00:58:39+12:00,49.2,-36.604729,174.802582,1
esp32_device_001,2026-05-24T00:58:44+12:00,50.4,-36.604725,174.802582,1
esp32_device_001,2026-05-24T00:58:49+12:00,51.4,-36.604725,174.802597,1
esp32_device_001,2026-05-24T00:58:54+12:00,52,-36.604721,174.802597,1
esp32_device_001,2026-05-24T00:58:59+12:00,51.9,-36.604721,174.802612,1
esp32_device_001,2026-05-24T00:59:04+12:00,54.3,-36.604721,174.802628,1
esp32_device_001,2026-05-24T00:59:09+12:00,57,-36.604721,174.802628,1
esp32_device_001,2026-05-24T00:59:14+12:00,59.1,-36.604717,174.802628,1
esp32_device_001,2026-05-24T00:59:19+12:00,60.7,-36.604717,174.802612,1
esp32_device_001,2026-05-24T00:59:24+12:00,61.9,-36.604717,174.802612,1
esp32_device_001,2026-05-24T00:59:29+12:00,63.2,-36.604713,174.802612,1
esp32_device_001,2026-05-24T00:59:34+12:00,60.5,-36.604725,174.802597,1
esp32_device_001,2026-05-24T00:59:39+12:00,56.4,-36.60474,174.802597,1
esp32_device_001,2026-05-24T00:59:44+12:00,55.1,-36.60474,174.802582,1
esp32_device_001,2026-05-24T00:59:49+12:00,57,-36.604729,174.802582,1
esp32_device_001,2026-05-24T00:59:54+12:00,59.1,-36.604725,174.802582,1
esp32_device_001,2026-05-24T00:59:59+12:00,57.6,-36.604725,174.802582,1
esp32_device_001,2026-05-24T01:00:04+12:00,57.3,-36.604733,174.802597,1
esp32_device_001,2026-05-24T01:00:09+12:00,54.4,-36.604736,174.802582,1
esp32_device_001,2026-05-24T01:00:14+12:00,53.8,-36.604736,174.802597,1
esp32_device_001,2026-05-24T01:00:19+12:00,54,-36.604733,174.802582,1
esp32_device_001,2026-05-24T01:00:24+12:00,53.1,-36.60474,174.802582,1
esp32_device_001,2026-05-24T01:00:34+12:00,51.9,-36.604752,174.802582,1
esp32_device_001,2026-05-24T01:00:39+12:00,51.2,-36.604748,174.802597,1
esp32_device_001,2026-05-24T01:00:44+12:00,51.9,-36.604748,174.802597,1
esp32_device_001,2026-05-24T01:00:49+12:00,51.1,-36.604748,174.802597,1
esp32_device_001,2026-05-24T01:00:54+12:00,51.3,-36.604752,174.802597,1
esp32_device_001,2026-05-24T01:00:59+12:00,52.1,-36.604752,174.802612,1
esp32_device_001,2026-05-24T01:01:04+12:00,52.1,-36.604752,174.802597,1
esp32_device_001,2026-05-24T01:01:09+12:00,52.4,-36.604744,174.802597,1
esp32_device_001,2026-05-24T01:01:14+12:00,53.8,-36.604744,174.802612,1
esp32_device_001,2026-05-24T01:01:19+12:00,53.5,-36.604744,174.802597,1
esp32_device_001,2026-05-24T01:01:24+12:00,53.3,-36.604744,174.802597,1
esp32_device_001,2026-05-24T01:01:29+12:00,53.2,-36.604744,174.802597,1
esp32_device_001,2026-05-24T01:01:34+12:00,52.4,-36.604744,174.802582,1
esp32_device_001,2026-05-24T01:01:39+12:00,52.8,-36.604744,174.802582,1
esp32_device_001,2026-05-24T01:01:44+12:00,53.5,-36.604744,174.802567,1
esp32_device_001,2026-05-24T01:01:49+12:00,53.3,-36.604744,174.802582,1
esp32_device_001,2026-05-24T01:01:54+12:00,54.6,-36.60474,174.802567,1
esp32_device_001,2026-05-24T01:01:59+12:00,55.5,-36.604744,174.802582,1
esp32_device_001,2026-05-24T01:02:04+12:00,55.6,-36.604744,174.802582,1
esp32_device_001,2026-05-24T01:02:09+12:00,56.1,-36.60474,174.802567,1
esp32_device_001,2026-05-24T01:02:14+12:00,55.2,-36.604744,174.802582,1
esp32_device_001,2026-05-24T01:02:19+12:00,54.2,-36.604744,174.802597,1
esp32_device_001,2026-05-24T01:02:24+12:00,54.4,-36.60474,174.802597,1
esp32_device_001,2026-05-24T01:02:29+12:00,55.1,-36.604736,174.802597,1
esp32_device_001,2026-05-24T01:02:34+12:00,55,-36.604733,174.802597,1
esp32_device_001,2026-05-24T01:02:39+12:00,53.8,-36.604733,174.802597,1
esp32_device_001,2026-05-24T01:02:44+12:00,52.3,-36.604733,174.802597,1
esp32_device_001,2026-05-24T01:02:49+12:00,52.6,-36.604736,174.802597,1
esp32_device_001,2026-05-24T01:02:54+12:00,52.7,-36.60474,174.802597,1
esp32_device_001,2026-05-24T01:02:59+12:00,52.3,-36.604736,174.802582,1
esp32_device_001,2026-05-24T01:03:04+12:00,51.2,-36.604744,174.802597,1
esp32_device_001,2026-05-24T01:03:09+12:00,50.2,-36.604744,174.802597,1
esp32_device_001,2026-05-24T01:03:14+12:00,48.7,-36.604748,174.802582,1
esp32_device_001,2026-05-24T01:03:19+12:00,47.8,-36.604752,174.802582,1
esp32_device_001,2026-05-24T01:03:24+12:00,47.6,-36.604752,174.802582,1
esp32_device_001,2026-05-24T01:03:29+12:00,47.6,-36.604759,174.802582,1
esp32_device_001,2026-05-24T01:03:34+12:00,47.6,-36.604759,174.802582,1
esp32_device_001,2026-05-24T01:03:39+12:00,47.6,-36.604759,174.802567,1
esp32_device_001,2026-05-24T01:03:44+12:00,47.7,-36.604755,174.802567,1
esp32_device_001,2026-05-24T01:03:49+12:00,48,-36.604759,174.802567,1
esp32_device_001,2026-05-24T01:03:54+12:00,47.7,-36.604759,174.802567,1
esp32_device_001,2026-05-24T01:03:59+12:00,47.7,-36.604759,174.802567,1
esp32_device_001,2026-05-24T01:04:04+12:00,47.7,-36.604759,174.802567,1
esp32_device_001,2026-05-24T01:04:09+12:00,48.1,-36.604755,174.802567,1
esp32_device_001,2026-05-24T01:04:14+12:00,48.3,-36.604755,174.802567,1
esp32_device_001,2026-05-24T01:04:19+12:00,48.4,-36.604755,174.802582,1
esp32_device_001,2026-05-24T01:04:24+12:00,48.7,-36.604759,174.802582,1
esp32_device_001,2026-05-24T01:04:29+12:00,49.3,-36.604759,174.802582,1
esp32_device_001,2026-05-24T01:04:34+12:00,50.3,-36.604759,174.802582,1
esp32_device_001,2026-05-24T01:04:39+12:00,51.1,-36.604759,174.802582,1
esp32_device_001,2026-05-24T01:04:44+12:00,51.4,-36.604763,174.802582,1
esp32_device_001,2026-05-24T01:04:49+12:00,51.6,-36.604767,174.802582,1
esp32_device_001,2026-05-24T01:04:54+12:00,51.3,-36.604767,174.802582,1
esp32_device_001,2026-05-24T01:04:59+12:00,50.9,-36.604767,174.802582,1
esp32_device_001,2026-05-24T01:05:04+12:00,50.1,-36.604771,174.802582,1
esp32_device_001,2026-05-24T01:05:09+12:00,49.8,-36.604771,174.802582,1
esp32_device_001,2026-05-24T01:05:14+12:00,49.6,-36.604771,174.802582,1
esp32_device_001,2026-05-24T01:05:19+12:00,49.1,-36.604774,174.802582,1
esp32_device_001,2026-05-24T01:05:24+12:00,48.9,-36.604774,174.802582,1
esp32_device_001,2026-05-24T01:05:29+12:00,48.5,-36.604774,174.802582,1
esp32_device_001,2026-05-24T01:05:34+12:00,48.6,-36.604771,174.802582,1
esp32_device_001,2026-05-24T01:05:39+12:00,49.1,-36.604771,174.802582,1
esp32_device_001,2026-05-24T01:05:44+12:00,50,-36.604767,174.802582,1
esp32_device_001,2026-05-24T01:05:49+12:00,50.6,-36.604763,174.802582,1
esp32_device_001,2026-05-24T01:05:54+12:00,51.3,-36.604763,174.802567,1
esp32_device_001,2026-05-24T01:05:59+12:00,51.5,-36.604763,174.802567,1
esp32_device_001,2026-05-24T01:06:04+12:00,51.6,-36.604763,174.802567,1
esp32_device_001,2026-05-24T01:06:09+12:00,51.9,-36.604763,174.802567,1
esp32_device_001,2026-05-24T01:06:14+12:00,52,-36.604759,174.802567,1
esp32_device_001,2026-05-24T01:06:19+12:00,52.1,-36.604759,174.802567,1
esp32_device_001,2026-05-24T01:06:24+12:00,52.1,-36.604759,174.802567,1
esp32_device_001,2026-05-24T01:06:29+12:00,52.6,-36.604759,174.802567,1
esp32_device_001,2026-05-24T01:06:34+12:00,52.1,-36.604763,174.802567,1
esp32_device_001,2026-05-24T01:06:39+12:00,52.5,-36.604763,174.802567,1
esp32_device_001,2026-05-24T01:06:44+12:00,52.9,-36.604759,174.802567,1
esp32_device_001,2026-05-24T01:06:49+12:00,53.4,-36.604759,174.802567,1
esp32_device_001,2026-05-24T01:07:20+12:00,51.7,-36.604759,174.802582,1
esp32_device_001,2026-05-24T01:07:25+12:00,52.2,-36.604755,174.802582,1
esp32_device_001,2026-05-24T01:07:30+12:00,53,-36.604752,174.802582,1
esp32_device_001,2026-05-24T01:07:35+12:00,53.3,-36.604752,174.802582,1
esp32_device_001,2026-05-24T01:07:40+12:00,53.9,-36.604752,174.802567,1
esp32_device_001,2026-05-24T01:07:45+12:00,54.7,-36.604752,174.802567,1
esp32_device_001,2026-05-24T01:07:50+12:00,54.4,-36.604755,174.802582,1
esp32_device_001,2026-05-24T01:07:55+12:00,54.4,-36.604755,174.802582,1
esp32_device_001,2026-05-24T01:08:00+12:00,53.9,-36.604763,174.802597,1
esp32_device_001,2026-05-24T01:08:05+12:00,53.7,-36.604767,174.802597,1
esp32_device_001,2026-05-24T01:08:10+12:00,53.8,-36.604767,174.802597,1
esp32_device_001,2026-05-24T01:08:15+12:00,53.1,-36.604771,174.802597,1
esp32_device_001,2026-05-24T01:08:20+12:00,53.1,-36.604771,174.802597,1
esp32_device_001,2026-05-24T01:08:25+12:00,52.8,-36.604767,174.802597,1
esp32_device_001,2026-05-24T01:08:30+12:00,52.2,-36.604767,174.802597,1
esp32_device_001,2026-05-24T01:08:35+12:00,52,-36.604759,174.802597,1
esp32_device_001,2026-05-24T01:08:40+12:00,51.1,-36.604763,174.802612,1
esp32_device_001,2026-05-24T01:08:45+12:00,50.1,-36.604767,174.802612,1
esp32_device_001,2026-05-24T01:08:50+12:00,50.3,-36.604767,174.802612,1
esp32_device_001,2026-05-24T01:08:55+12:00,49.8,-36.604767,174.802612,1
esp32_device_001,2026-05-24T01:09:00+12:00,50.9,-36.604759,174.802612,1
esp32_device_001,2026-05-24T01:09:05+12:00,51.4,-36.604752,174.802597,1
esp32_device_001,2026-05-24T01:09:10+12:00,52,-36.604748,174.802597,1
esp32_device_001,2026-05-24T01:09:15+12:00,52,-36.604748,174.802597,1
esp32_device_001,2026-05-24T01:09:20+12:00,52.6,-36.604744,174.802597,1
esp32_device_001,2026-05-24T01:09:25+12:00,52.4,-36.604748,174.802597,1
esp32_device_001,2026-05-24T01:09:30+12:00,52.4,-36.604748,174.802597,1
esp32_device_001,2026-05-24T01:09:35+12:00,53,-36.604748,174.802597,1
esp32_device_001,2026-05-24T01:09:40+12:00,54.2,-36.604752,174.802597,1
esp32_device_001,2026-05-24T01:09:45+12:00,55,-36.604752,174.802582,1
esp32_device_001,2026-05-24T01:09:50+12:00,55.1,-36.604759,174.802582,1
esp32_device_001,2026-05-24T01:09:55+12:00,55,-36.604763,174.802582,1
esp32_device_001,2026-05-24T01:10:00+12:00,55.3,-36.604767,174.802582,1
esp32_device_001,2026-05-24T01:10:05+12:00,55.4,-36.604771,174.802597,1
esp32_device_001,2026-05-24T01:10:10+12:00,56.1,-36.604767,174.802582,1
esp32_device_001,2026-05-24T01:10:15+12:00,56.6,-36.604774,174.802597,1
esp32_device_001,2026-05-24T01:10:20+12:00,57.1,-36.604774,174.802597,1
esp32_device_001,2026-05-24T01:10:25+12:00,58.1,-36.604771,174.802582,1
esp32_device_001,2026-05-24T01:10:30+12:00,58.9,-36.604767,174.802582,1
esp32_device_001,2026-05-24T01:10:35+12:00,59.2,-36.604767,174.802582,1
esp32_device_001,2026-05-24T01:10:40+12:00,60.3,-36.604763,174.802582,1
esp32_device_001,2026-05-24T01:10:45+12:00,61,-36.604763,174.802582,1
esp32_device_001,2026-05-24T01:10:50+12:00,61.8,-36.604759,174.802567,1
esp32_device_001,2026-05-24T01:10:55+12:00,61.2,-36.604759,174.802582,1
esp32_device_001,2026-05-24T01:11:00+12:00,62.3,-36.604759,174.802567,1
esp32_device_001,2026-05-24T01:11:05+12:00,63.1,-36.604763,174.802567,1
esp32_device_001,2026-05-24T01:11:10+12:00,63.5,-36.604771,174.802582,1
esp32_device_001,2026-05-24T01:11:15+12:00,64.2,-36.604771,174.802582,1
esp32_device_001,2026-05-24T01:11:20+12:00,61.9,-36.604786,174.802597,1
esp32_device_001,2026-05-24T01:11:25+12:00,59.6,-36.604794,174.802612,1
esp32_device_001,2026-05-24T01:11:30+12:00,58.7,-36.604797,174.802612,1
esp32_device_001,2026-05-24T01:11:35+12:00,59,-36.604797,174.802612,1
esp32_device_001,2026-05-24T01:11:40+12:00,60.8,-36.604786,174.802597,1
esp32_device_001,2026-05-24T01:11:45+12:00,61.3,-36.604786,174.802597,1
esp32_device_001,2026-05-24T01:11:50+12:00,62.2,-36.604782,174.802582,1
esp32_device_001,2026-05-24T01:12:00+12:00,62.4,-36.604782,174.802582,1
esp32_device_001,2026-05-24T01:12:05+12:00,63,-36.604778,174.802582,1
esp32_device_001,2026-05-24T01:12:10+12:00,63.6,-36.604778,174.802567,1
esp32_device_001,2026-05-24T01:12:15+12:00,64,-36.604774,174.802567,1
esp32_device_001,2026-05-24T01:12:20+12:00,63.3,-36.604778,174.802582,1
esp32_device_001,2026-05-24T01:12:25+12:00,61.5,-36.604782,174.802597,1
esp32_device_001,2026-05-24T01:12:30+12:00,61.1,-36.604782,174.802612,1
esp32_device_001,2026-05-24T01:12:35+12:00,59.9,-36.604786,174.802612,1
esp32_device_001,2026-05-24T01:12:40+12:00,59.1,-36.604786,174.802628,1
esp32_device_001,2026-05-24T01:12:45+12:00,58.8,-36.604782,174.802628,1
esp32_device_001,2026-05-24T01:12:50+12:00,58.8,-36.604778,174.802628,1
esp32_device_001,2026-05-24T01:12:55+12:00,58.5,-36.604774,174.802628,1
esp32_device_001,2026-05-24T01:13:00+12:00,58.9,-36.604771,174.802612,1
esp32_device_001,2026-05-24T01:13:05+12:00,58.5,-36.604767,174.802612,1
esp32_device_001,2026-05-24T01:13:10+12:00,58.9,-36.604759,174.802612,1
esp32_device_001,2026-05-24T01:13:15+12:00,58.8,-36.604755,174.802597,1
esp32_device_001,2026-05-24T01:13:20+12:00,58.2,-36.604763,174.802612,1
esp32_device_001,2026-05-24T01:13:25+12:00,58.2,-36.604763,174.802612,1
esp32_device_001,2026-05-24T01:13:30+12:00,59.7,-36.604752,174.802597,1
esp32_device_001,2026-05-24T01:13:35+12:00,64.9,-36.604713,174.802551,1
esp32_device_001,2026-05-24T01:13:40+12:00,71.1,-36.604675,174.80249,1
esp32_device_001,2026-05-24T01:13:45+12:00,74.9,-36.604656,174.802444,1
esp32_device_001,2026-05-24T01:13:50+12:00,73.6,-36.604668,174.80246,1
esp32_device_001,2026-05-24T01:13:55+12:00,72.4,-36.604679,174.802475,1
esp32_device_001,2026-05-24T01:14:00+12:00,71.5,-36.604691,174.80249,1
esp32_device_001,2026-05-24T01:14:05+12:00,69.7,-36.604702,174.802505,1
esp32_device_001,2026-05-24T01:14:10+12:00,69.5,-36.60471,174.80249,1
esp32_device_001,2026-05-24T01:14:15+12:00,66.9,-36.604725,174.802521,1
esp32_device_001,2026-05-24T01:14:20+12:00,64,-36.60474,174.802536,1
esp32_device_001,2026-05-24T01:14:25+12:00,62.4,-36.604748,174.802536,1
esp32_device_001,2026-05-24T01:14:30+12:00,61.3,-36.604752,174.802536,1
esp32_device_001,2026-05-24T01:14:35+12:00,60.5,-36.604755,174.802536,1
esp32_device_001,2026-05-24T01:14:40+12:00,60.1,-36.604759,174.802536,1
esp32_device_001,2026-05-24T01:14:45+12:00,59.7,-36.604763,174.802536,1
esp32_device_001,2026-05-24T01:14:50+12:00,59.5,-36.604763,174.802551,1
esp32_device_001,2026-05-24T01:14:55+12:00,57.6,-36.604767,174.802551,1
esp32_device_001,2026-05-24T01:15:00+12:00,56.4,-36.604759,174.802567,1
esp32_device_001,2026-05-24T01:15:05+12:00,54.4,-36.604774,174.802582,1
esp32_device_001,2026-05-24T01:15:10+12:00,53.6,-36.604771,174.802582,1
esp32_device_001,2026-05-24T01:15:15+12:00,53.8,-36.604771,174.802582,1
esp32_device_001,2026-05-24T01:15:20+12:00,54,-36.604774,174.802582,1
esp32_device_001,2026-05-24T01:15:25+12:00,54.4,-36.604771,174.802597,1
esp32_device_001,2026-05-24T01:15:30+12:00,54.5,-36.604763,174.802597,1
esp32_device_001,2026-05-24T01:15:35+12:00,54.7,-36.604759,174.802582,1
esp32_device_001,2026-05-24T01:15:40+12:00,55.2,-36.604755,174.802582,1
esp32_device_001,2026-05-24T01:15:45+12:00,54.7,-36.604755,174.802582,1
esp32_device_001,2026-05-24T01:15:50+12:00,56.6,-36.604748,174.802582,1
esp32_device_001,2026-05-24T01:15:55+12:00,56.8,-36.604744,174.802582,1
esp32_device_001,2026-05-24T01:16:00+12:00,56.8,-36.604748,174.802582,1
esp32_device_001,2026-05-24T01:16:05+12:00,57,-36.604744,174.802582,1
esp32_device_001,2026-05-24T01:16:10+12:00,57,-36.604744,174.802582,1
esp32_device_001,2026-05-24T01:16:15+12:00,57,-36.604744,174.802567,1
esp32_device_001,2026-05-24T01:16:20+12:00,56.6,-36.604744,174.802567,1
esp32_device_001,2026-05-24T01:16:25+12:00,56.1,-36.604744,174.802582,1
esp32_device_001,2026-05-24T01:16:30+12:00,55.8,-36.604748,174.802582,1
esp32_device_001,2026-05-24T01:16:35+12:00,55.3,-36.604748,174.802582,1
esp32_device_001,2026-05-24T01:16:40+12:00,54.3,-36.604748,174.802597,1
esp32_device_001,2026-05-24T01:16:45+12:00,53.6,-36.604748,174.802597,1
esp32_device_001,2026-05-24T01:16:50+12:00,53,-36.604752,174.802597,1
esp32_device_001,2026-05-24T01:16:55+12:00,53.2,-36.604755,174.802597,1
esp32_device_001,2026-05-24T01:17:00+12:00,53.4,-36.604755,174.802597,1
esp32_device_001,2026-05-24T01:17:05+12:00,54.2,-36.604752,174.802597,1
esp32_device_001,2026-05-24T01:17:10+12:00,53.9,-36.604755,174.802597,1
esp32_device_001,2026-05-24T01:17:15+12:00,54.1,-36.604752,174.802597,1
esp32_device_001,2026-05-24T01:17:20+12:00,54.4,-36.604752,174.802597,1
esp32_device_001,2026-05-24T01:17:25+12:00,54.7,-36.604752,174.802582,1
esp32_device_001,2026-05-24T01:17:30+12:00,54.3,-36.604755,174.802582,1
esp32_device_001,2026-05-24T01:17:35+12:00,54.7,-36.604755,174.802582,1
esp32_device_001,2026-05-24T01:17:40+12:00,54.7,-36.604755,174.802582,1
esp32_device_001,2026-05-24T01:17:45+12:00,54.8,-36.604755,174.802582,1
esp32_device_001,2026-05-24T01:17:50+12:00,55.1,-36.604752,174.802582,1
esp32_device_001,2026-05-24T01:17:55+12:00,55.7,-36.604755,174.802582,1
esp32_device_001,2026-05-24T01:18:00+12:00,55.9,-36.604755,174.802597,1
esp32_device_001,2026-05-24T01:18:05+12:00,56,-36.604755,174.802597,1
esp32_device_001,2026-05-24T01:18:10+12:00,55.5,-36.604755,174.802597,1
esp32_device_001,2026-05-24T01:18:15+12:00,54.9,-36.604759,174.802597,1
esp32_device_001,2026-05-24T01:18:20+12:00,54.6,-36.604755,174.802582,1
esp32_device_001,2026-05-24T01:18:25+12:00,54.9,-36.604755,174.802582,1
esp32_device_001,2026-05-24T01:18:30+12:00,55,-36.604755,174.802582,1
esp32_device_001,2026-05-24T01:18:35+12:00,55.2,-36.604752,174.802582,1
esp32_device_001,2026-05-24T01:18:40+12:00,55.1,-36.604752,174.802582,1
esp32_device_001,2026-05-24T01:18:45+12:00,55.4,-36.604752,174.802582,1
esp32_device_001,2026-05-24T01:18:50+12:00,55.4,-36.604752,174.802582,1
esp32_device_001,2026-05-24T01:18:55+12:00,55.5,-36.604752,174.802582,1
esp32_device_001,2026-05-24T01:19:00+12:00,55.6,-36.604752,174.802582,1
esp32_device_001,2026-05-24T01:19:05+12:00,55.9,-36.604752,174.802582,1
esp32_device_001,2026-05-24T01:19:10+12:00,55.3,-36.604752,174.802582,1
esp32_device_001,2026-05-24T01:19:15+12:00,55.1,-36.604752,174.802582,1
esp32_device_001,2026-05-24T01:19:20+12:00,55.6,-36.604755,174.802582,1
esp32_device_001,2026-05-24T01:19:25+12:00,55.8,-36.604759,174.802597,1
esp32_device_001,2026-05-24T01:19:30+12:00,55.6,-36.604763,174.802597,1
esp32_device_001,2026-05-24T01:19:35+12:00,55.1,-36.604767,174.802597,1
esp32_device_001,2026-05-24T01:19:40+12:00,54.5,-36.604767,174.802597,1
esp32_device_001,2026-05-24T01:19:45+12:00,54.6,-36.604771,174.802582,1
esp32_device_001,2026-05-24T01:19:50+12:00,55.2,-36.604771,174.802582,1
esp32_device_001,2026-05-24T01:19:55+12:00,55.9,-36.604767,174.802582,1
esp32_device_001,2026-05-24T01:20:00+12:00,56.4,-36.604767,174.802582,1
esp32_device_001,2026-05-24T01:20:05+12:00,57.1,-36.604767,174.802582,1
esp32_device_001,2026-05-24T01:20:10+12:00,57.6,-36.604767,174.802582,1
esp32_device_001,2026-05-24T01:20:15+12:00,57.4,-36.604767,174.802582,1
esp32_device_001,2026-05-24T01:20:20+12:00,57.5,-36.604767,174.802582,1
esp32_device_001,2026-05-24T01:20:25+12:00,57.1,-36.604763,174.802582,1
esp32_device_001,2026-05-24T01:20:30+12:00,57.2,-36.604763,174.802582,1
esp32_device_001,2026-05-24T01:20:35+12:00,57.6,-36.604767,174.802582,1
esp32_device_001,2026-05-24T01:20:40+12:00,57.7,-36.604767,174.802582,1
esp32_device_001,2026-05-24T01:20:45+12:00,58.1,-36.604767,174.802582,1
esp32_device_001,2026-05-24T01:20:50+12:00,58,-36.604767,174.802582,1
esp32_device_001,2026-05-24T01:20:55+12:00,59,-36.604771,174.802582,1
esp32_device_001,2026-05-24T01:21:00+12:00,58.9,-36.604767,174.802582,1
esp32_device_001,2026-05-24T01:21:05+12:00,59.1,-36.604767,174.802582,1
esp32_device_001,2026-05-24T01:21:10+12:00,59.1,-36.604767,174.802582,1
esp32_device_001,2026-05-24T01:21:15+12:00,58.5,-36.604771,174.802582,1
esp32_device_001,2026-05-24T01:21:20+12:00,57.8,-36.604771,174.802597,1
esp32_device_001,2026-05-24T01:21:25+12:00,57.1,-36.604771,174.802597,1
esp32_device_001,2026-05-24T01:21:30+12:00,57.1,-36.604771,174.802597,1
esp32_device_001,2026-05-24T01:21:35+12:00,57.3,-36.604774,174.802597,1
esp32_device_001,2026-05-24T01:21:40+12:00,58.1,-36.604774,174.802597,1
esp32_device_001,2026-05-24T01:21:45+12:00,59.5,-36.604778,174.802597,1
esp32_device_001,2026-05-24T01:21:50+12:00,59.1,-36.604778,174.802597,1
esp32_device_001,2026-05-24T01:22:01+12:00,58.7,-36.604774,174.802597,1
esp32_device_001,2026-05-24T01:22:06+12:00,59.2,-36.604774,174.802582,1
esp32_device_001,2026-05-24T01:22:11+12:00,59,-36.604778,174.802582,1
esp32_device_001,2026-05-24T01:22:16+12:00,58.1,-36.604774,174.802582,1
esp32_device_001,2026-05-24T01:22:21+12:00,57.7,-36.604771,174.802582,1
esp32_device_001,2026-05-24T01:22:26+12:00,56.9,-36.604767,174.802567,1
esp32_device_001,2026-05-24T01:22:31+12:00,56.3,-36.604767,174.802567,1
esp32_device_001,2026-05-24T01:22:36+12:00,56.1,-36.604771,174.802567,1
esp32_device_001,2026-05-24T01:22:41+12:00,55.3,-36.604767,174.802567,1
esp32_device_001,2026-05-24T01:22:46+12:00,55.3,-36.604767,174.802567,1
esp32_device_001,2026-05-24T01:22:51+12:00,55.8,-36.604763,174.802567,1
esp32_device_001,2026-05-24T01:22:56+12:00,55.8,-36.604759,174.802582,1
esp32_device_001,2026-05-24T01:23:01+12:00,56.4,-36.604755,174.802582,1
esp32_device_001,2026-05-24T01:23:06+12:00,57.8,-36.604752,174.802582,1
esp32_device_001,2026-05-24T01:23:11+12:00,58.5,-36.604752,174.802582,1
esp32_device_001,2026-05-24T01:23:16+12:00,58.9,-36.604752,174.802582,1
esp32_device_001,2026-05-24T01:23:21+12:00,58.7,-36.604752,174.802582,1
esp32_device_001,2026-05-24T01:23:26+12:00,58.9,-36.604752,174.802582,1
esp32_device_001,2026-05-24T01:23:31+12:00,58.6,-36.604752,174.802582,1
esp32_device_001,2026-05-24T01:23:36+12:00,58.1,-36.604752,174.802567,1
esp32_device_001,2026-05-24T01:23:41+12:00,57.9,-36.604752,174.802567,1
esp32_device_001,2026-05-24T01:23:46+12:00,57.6,-36.604752,174.802567,1
esp32_device_001,2026-05-24T01:23:51+12:00,57.3,-36.604752,174.802567,1
esp32_device_001,2026-05-24T01:23:56+12:00,57,-36.604752,174.802567,1
esp32_device_001,2026-05-24T01:24:01+12:00,56.9,-36.604752,174.802567,1
esp32_device_001,2026-05-24T01:24:06+12:00,56.7,-36.604752,174.802567,1
esp32_device_001,2026-05-24T01:24:11+12:00,56.1,-36.604752,174.802567,1
esp32_device_001,2026-05-24T01:24:16+12:00,55.8,-36.604755,174.802567,1
esp32_device_001,2026-05-24T01:24:21+12:00,55.7,-36.604759,174.802567,1
esp32_device_001,2026-05-24T01:24:26+12:00,55.7,-36.604759,174.802567,1
esp32_device_001,2026-05-24T01:24:31+12:00,55.8,-36.604759,174.802567,1
esp32_device_001,2026-05-24T01:24:36+12:00,56.2,-36.604759,174.802567,1
esp32_device_001,2026-05-24T01:24:41+12:00,56.6,-36.604759,174.802567,1
esp32_device_001,2026-05-24T01:24:46+12:00,56.9,-36.604759,174.802582,1
esp32_device_001,2026-05-24T01:24:51+12:00,56.3,-36.604755,174.802582,1
esp32_device_001,2026-05-24T01:24:56+12:00,55.6,-36.604752,174.802582,1
esp32_device_001,2026-05-24T01:25:01+12:00,55,-36.604752,174.802582,1
esp32_device_001,2026-05-24T01:25:06+12:00,55,-36.604752,174.802582,1
esp32_device_001,2026-05-24T01:25:11+12:00,55.5,-36.604755,174.802582,1
esp32_device_001,2026-05-24T01:25:16+12:00,56.3,-36.604755,174.802582,1
esp32_device_001,2026-05-24T01:25:21+12:00,56.3,-36.604755,174.802582,1
esp32_device_001,2026-05-24T01:25:26+12:00,56,-36.604759,174.802582,1
esp32_device_001,2026-05-24T01:25:31+12:00,55.3,-36.604759,174.802567,1
esp32_device_001,2026-05-24T01:25:36+12:00,55.8,-36.604763,174.802582,1
esp32_device_001,2026-05-24T01:25:41+12:00,56.4,-36.604767,174.802582,1
esp32_device_001,2026-05-24T01:25:46+12:00,56.7,-36.604767,174.802582,1
esp32_device_001,2026-05-24T01:25:51+12:00,57.4,-36.604767,174.802582,1
esp32_device_001,2026-05-24T01:25:56+12:00,57.3,-36.604771,174.802582,1
esp32_device_001,2026-05-24T01:26:01+12:00,58.2,-36.604771,174.802582,1
esp32_device_001,2026-05-24T01:26:06+12:00,58.8,-36.604771,174.802582,1
esp32_device_001,2026-05-24T01:26:11+12:00,59.2,-36.604774,174.802597,1
esp32_device_001,2026-05-24T01:26:16+12:00,59.7,-36.604774,174.802582,1
esp32_device_001,2026-05-24T01:26:21+12:00,59.7,-36.604774,174.802582,1
esp32_device_001,2026-05-24T01:26:26+12:00,59.5,-36.604774,174.802582,1
esp32_device_001,2026-05-24T01:26:31+12:00,59.7,-36.604774,174.802582,1
esp32_device_001,2026-05-24T01:26:36+12:00,59.3,-36.604774,174.802582,1
esp32_device_001,2026-05-24T01:26:41+12:00,59,-36.604771,174.802582,1
esp32_device_001,2026-05-24T01:26:46+12:00,58.4,-36.604774,174.802582,1
esp32_device_001,2026-05-24T01:26:51+12:00,58.8,-36.604774,174.802582,1
esp32_device_001,2026-05-24T01:26:56+12:00,59.3,-36.604774,174.802582,1
esp32_device_001,2026-05-24T01:27:01+12:00,59.2,-36.604774,174.802582,1
esp32_device_001,2026-05-24T01:27:06+12:00,59.6,-36.604774,174.802582,1
esp32_device_001,2026-05-24T01:27:11+12:00,60.5,-36.604771,174.802582,1
esp32_device_001,2026-05-24T01:27:16+12:00,61.1,-36.604771,174.802582,1
esp32_device_001,2026-05-24T01:27:21+12:00,61.5,-36.604767,174.802582,1
esp32_device_001,2026-05-24T01:27:26+12:00,61.5,-36.604767,174.802582,1
esp32_device_001,2026-05-24T01:27:31+12:00,60.8,-36.604763,174.802582,1
esp32_device_001,2026-05-24T01:27:36+12:00,60.4,-36.604763,174.802582,1
esp32_device_001,2026-05-24T01:27:41+12:00,59.9,-36.604763,174.802582,1
esp32_device_001,2026-05-24T01:27:46+12:00,59.5,-36.604755,174.802582,1
esp32_device_001,2026-05-24T01:27:51+12:00,58.5,-36.604755,174.802582,1
esp32_device_001,2026-05-24T01:27:56+12:00,57.5,-36.604752,174.802582,1
esp32_device_001,2026-05-24T01:28:01+12:00,57.2,-36.604748,174.802582,1
esp32_device_001,2026-05-24T01:28:06+12:00,57.8,-36.604748,174.802582,1
esp32_device_001,2026-05-24T01:28:11+12:00,58.3,-36.604744,174.802582,1
esp32_device_001,2026-05-24T01:28:16+12:00,59.1,-36.604744,174.802582,1
esp32_device_001,2026-05-24T01:28:21+12:00,60.3,-36.60474,174.802582,1
esp32_device_001,2026-05-24T01:28:26+12:00,59.3,-36.604744,174.802582,1
esp32_device_001,2026-05-24T01:28:31+12:00,58.6,-36.604744,174.802582,1
esp32_device_001,2026-05-24T01:28:36+12:00,56.9,-36.60474,174.802582,1
esp32_device_001,2026-05-24T01:28:41+12:00,55.9,-36.604736,174.802582,1
esp32_device_001,2026-05-24T01:28:46+12:00,56.7,-36.604736,174.802582,1
esp32_device_001,2026-05-24T01:28:51+12:00,56.9,-36.60474,174.802582,1
esp32_device_001,2026-05-24T01:28:56+12:00,57.3,-36.604736,174.802582,1
esp32_device_001,2026-05-24T01:29:01+12:00,58.3,-36.604736,174.802582,1
esp32_device_001,2026-05-24T01:29:06+12:00,58.4,-36.604736,174.802582,1
esp32_device_001,2026-05-24T01:29:11+12:00,58.1,-36.60474,174.802582,1
esp32_device_001,2026-05-24T01:29:16+12:00,58.3,-36.60474,174.802582,1
esp32_device_001,2026-05-24T01:29:21+12:00,59.4,-36.604744,174.802582,1
esp32_device_001,2026-05-24T01:29:26+12:00,60.9,-36.604748,174.802582,1
esp32_device_001,2026-05-24T01:29:31+12:00,61.7,-36.604752,174.802582,1
esp32_device_001,2026-05-24T01:29:36+12:00,62.5,-36.604759,174.802582,1
esp32_device_001,2026-05-24T01:29:41+12:00,62.4,-36.604759,174.802582,1
esp32_device_001,2026-05-24T01:29:46+12:00,63.3,-36.604763,174.802582,1
esp32_device_001,2026-05-24T01:29:51+12:00,61.9,-36.604763,174.802582,1
esp32_device_001,2026-05-24T01:29:56+12:00,60.7,-36.604767,174.802582,1
esp32_device_001,2026-05-24T01:30:01+12:00,59.2,-36.604767,174.802582,1
esp32_device_001,2026-05-24T01:30:06+12:00,58.2,-36.604763,174.802582,1
esp32_device_001,2026-05-24T01:30:11+12:00,57.4,-36.604763,174.802582,1
esp32_device_001,2026-05-24T01:30:16+12:00,56.8,-36.604763,174.802582,1
esp32_device_001,2026-05-24T01:30:21+12:00,56.4,-36.604763,174.802567,1
esp32_device_001,2026-05-24T01:30:26+12:00,56.8,-36.604763,174.802567,1
esp32_device_001,2026-05-24T01:30:31+12:00,56,-36.604759,174.802567,1
esp32_device_001,2026-05-24T01:30:36+12:00,56,-36.604755,174.802567,1
esp32_device_001,2026-05-24T01:30:41+12:00,56.5,-36.604755,174.802567,1
esp32_device_001,2026-05-24T01:30:46+12:00,58,-36.604755,174.802567,1
esp32_device_001,2026-05-24T01:30:51+12:00,58.8,-36.604752,174.802567,1
esp32_device_001,2026-05-24T01:30:56+12:00,58.8,-36.604752,174.802567,1
esp32_device_001,2026-05-24T01:31:01+12:00,58.8,-36.604755,174.802567,1
esp32_device_001,2026-05-24T01:31:06+12:00,59,-36.604755,174.802567,1
esp32_device_001,2026-05-24T01:31:11+12:00,60.1,-36.604755,174.802567,1
esp32_device_001,2026-05-24T01:31:16+12:00,61.6,-36.604752,174.802551,1
esp32_device_001,2026-05-24T01:31:21+12:00,63.2,-36.604748,174.802551,1
esp32_device_001,2026-05-24T01:31:26+12:00,63.8,-36.604744,174.802551,1
esp32_device_001,2026-05-24T01:31:31+12:00,63.8,-36.604744,174.802536,1
esp32_device_001,2026-05-24T01:31:36+12:00,64.4,-36.604744,174.802536,1
esp32_device_001,2026-05-24T01:31:41+12:00,63.8,-36.604748,174.802536,1
esp32_device_001,2026-05-24T01:31:46+12:00,63.6,-36.604748,174.802521,1
esp32_device_001,2026-05-24T01:31:51+12:00,62.9,-36.604748,174.802521,1
esp32_device_001,2026-05-24T01:33:20+12:00,56.7,-36.604774,174.802536,1
esp32_device_001,2026-05-24T01:33:30+12:00,55.8,-36.604778,174.802536,1
esp32_device_001,2026-05-24T01:33:35+12:00,55.9,-36.604778,174.802536,1
esp32_device_001,2026-05-24T01:33:40+12:00,56,-36.604782,174.802536,1
esp32_device_001,2026-05-24T01:33:45+12:00,56.2,-36.604782,174.802536,1
esp32_device_001,2026-05-24T01:33:50+12:00,55.8,-36.604786,174.802536,1
esp32_device_001,2026-05-24T01:33:55+12:00,55.3,-36.60479,174.802536,1
esp32_device_001,2026-05-24T01:34:05+12:00,55.1,-36.60479,174.802551,1
esp32_device_001,2026-05-24T01:34:10+12:00,54.9,-36.604786,174.802551,1
esp32_device_001,2026-05-24T01:34:15+12:00,54.2,-36.604786,174.802551,1
esp32_device_001,2026-05-24T01:34:20+12:00,53.7,-36.604782,174.802551,1
esp32_device_001,2026-05-24T01:34:25+12:00,52.8,-36.604782,174.802551,1
esp32_device_001,2026-05-24T01:34:30+12:00,53.2,-36.604778,174.802551,1
esp32_device_001,2026-05-24T01:34:35+12:00,54.3,-36.604774,174.802551,1
esp32_device_001,2026-05-24T01:34:40+12:00,55.7,-36.604767,174.802551,1
esp32_device_001,2026-05-24T01:34:45+12:00,57.2,-36.604763,174.802551,1
esp32_device_001,2026-05-24T01:34:50+12:00,58.5,-36.604755,174.802551,1
esp32_device_001,2026-05-24T01:34:55+12:00,59,-36.604752,174.802551,1
esp32_device_001,2026-05-24T01:35:05+12:00,59.1,-36.604744,174.802551,1
esp32_device_001,2026-05-24T01:35:15+12:00,59.4,-36.604748,174.802551,1
esp32_device_001,2026-05-24T01:35:20+12:00,58.6,-36.604752,174.802551,1
esp32_device_001,2026-05-24T01:35:25+12:00,58.2,-36.604755,174.802551,1
esp32_device_001,2026-05-24T01:35:30+12:00,57.8,-36.604759,174.802567,1
esp32_device_001,2026-05-24T01:35:35+12:00,57.4,-36.604763,174.802567,1
esp32_device_001,2026-05-24T01:35:40+12:00,56.9,-36.604767,174.802567,1
esp32_device_001,2026-05-24T01:35:45+12:00,55.1,-36.604778,174.802582,1
esp32_device_001,2026-05-24T01:35:50+12:00,53.5,-36.60479,174.802582,1
esp32_device_001,2026-05-24T01:35:55+12:00,53.4,-36.60479,174.802582,1
esp32_device_001,2026-05-24T01:36:00+12:00,52.7,-36.604794,174.802582,1
esp32_device_001,2026-05-24T01:36:05+12:00,52.8,-36.60479,174.802582,1
esp32_device_001,2026-05-24T01:36:10+12:00,52.6,-36.60479,174.802582,1
esp32_device_001,2026-05-24T01:36:15+12:00,51.8,-36.60479,174.802582,1
esp32_device_001,2026-05-24T01:36:20+12:00,50.9,-36.60479,174.802597,1
esp32_device_001,2026-05-24T01:36:25+12:00,50.9,-36.60479,174.802597,1
esp32_device_001,2026-05-24T01:36:30+12:00,52.1,-36.604786,174.802582,1
esp32_device_001,2026-05-24T01:36:40+12:00,52.6,-36.604786,174.802582,1
esp32_device_001,2026-05-24T01:36:45+12:00,52.9,-36.604786,174.802582,1
esp32_device_001,2026-05-24T01:36:50+12:00,53,-36.604786,174.802582,1
esp32_device_001,2026-05-24T01:36:55+12:00,52.3,-36.60479,174.802582,1
esp32_device_001,2026-05-24T01:37:05+12:00,53.2,-36.604778,174.802567,1
esp32_device_001,2026-05-24T01:37:10+12:00,53.4,-36.604778,174.802567,1
esp32_device_001,2026-05-24T01:37:15+12:00,53,-36.604782,174.802582,1
esp32_device_001,2026-05-24T01:37:20+12:00,52.1,-36.604786,174.802582,1
esp32_device_001,2026-05-24T01:37:25+12:00,51.8,-36.604794,174.802582,1
esp32_device_001,2026-05-24T01:37:30+12:00,53.1,-36.604786,174.802567,1
esp32_device_001,2026-05-24T01:37:35+12:00,51.9,-36.604794,174.802582,1
esp32_device_001,2026-05-24T01:37:40+12:00,51.3,-36.604797,174.802582,1
esp32_device_001,2026-05-24T01:37:45+12:00,49.3,-36.604813,174.802597,1
esp32_device_001,2026-05-24T01:37:50+12:00,48.9,-36.604813,174.802597,1
esp32_device_001,2026-05-24T01:37:55+12:00,49,-36.604809,174.802597,1
esp32_device_001,2026-05-24T01:38:00+12:00,48.4,-36.604813,174.802597,1
esp32_device_001,2026-05-24T01:38:05+12:00,48.6,-36.604809,174.802582,1
esp32_device_001,2026-05-24T01:38:10+12:00,49.3,-36.604801,174.802582,1
esp32_device_001,2026-05-24T01:38:27+12:00,0,-36.604805,174.802582,1
esp32_device_001,2026-05-24T01:38:37+12:00,48.9,-36.604816,174.802582,1
esp32_device_001,2026-05-24T01:38:42+12:00,49.1,-36.604809,174.802582,1
esp32_device_001,2026-05-24T01:38:47+12:00,49.3,-36.604805,174.802582,1
esp32_device_001,2026-05-24T01:38:52+12:00,49.4,-36.604805,174.802582,1
esp32_device_001,2026-05-24T01:38:57+12:00,48.8,-36.604805,174.802582,1
esp32_device_001,2026-05-24T01:39:02+12:00,49.4,-36.604797,174.802567,1
esp32_device_001,2026-05-24T01:39:07+12:00,49.2,-36.604801,174.802567,1
esp32_device_001,2026-05-24T01:39:12+12:00,50.6,-36.604794,174.802567,1
esp32_device_001,2026-05-24T01:39:17+12:00,51.3,-36.604786,174.802567,1
esp32_device_001,2026-05-24T01:39:22+12:00,51.9,-36.604786,174.802567,1
esp32_device_001,2026-05-24T01:39:27+12:00,51.6,-36.604794,174.802567,1
esp32_device_001,2026-05-24T01:39:32+12:00,52.1,-36.60479,174.802567,1
esp32_device_001,2026-05-24T01:39:37+12:00,51.6,-36.604797,174.802567,1
esp32_device_001,2026-05-24T01:39:42+12:00,51.3,-36.604801,174.802582,1
esp32_device_001,2026-05-24T01:39:47+12:00,54,-36.604794,174.802582,1
esp32_device_001,2026-05-24T01:39:52+12:00,56.5,-36.604782,174.802567,1
esp32_device_001,2026-05-24T01:39:57+12:00,57.7,-36.604782,174.802567,1
esp32_device_001,2026-05-24T01:40:02+12:00,56.4,-36.604794,174.802567,1
esp32_device_001,2026-05-24T01:40:07+12:00,56.2,-36.604797,174.802567,1
esp32_device_001,2026-05-24T01:40:12+12:00,55,-36.604801,174.802567,1
esp32_device_001,2026-05-24T01:40:17+12:00,55.7,-36.604797,174.802551,1
esp32_device_001,2026-05-24T01:40:22+12:00,57,-36.60479,174.802536,1
esp32_device_001,2026-05-24T01:40:27+12:00,57.9,-36.604786,174.802521,1
esp32_device_001,2026-05-24T01:40:32+12:00,61,-36.604771,174.802505,1
esp32_device_001,2026-05-24T01:40:37+12:00,62.1,-36.604767,174.802505,1
esp32_device_001,2026-05-24T01:40:42+12:00,61.3,-36.604771,174.802521,1
esp32_device_001,2026-05-24T01:40:47+12:00,56.3,-36.604801,174.802536,1
esp32_device_001,2026-05-24T01:40:52+12:00,56.2,-36.604801,174.802536,1
esp32_device_001,2026-05-24T01:40:57+12:00,57.9,-36.604797,174.802551,1
esp32_device_001,2026-05-24T01:41:02+12:00,58.2,-36.604794,174.802551,1
esp32_device_001,2026-05-24T01:41:07+12:00,58.7,-36.60479,174.802551,1
esp32_device_001,2026-05-24T01:41:12+12:00,57.9,-36.604794,174.802551,1
esp32_device_001,2026-05-24T01:41:17+12:00,59.8,-36.604782,174.802551,1
esp32_device_001,2026-05-24T01:41:22+12:00,61,-36.604782,174.802551,1
esp32_device_001,2026-05-24T01:41:27+12:00,61.6,-36.604778,174.802551,1
esp32_device_001,2026-05-24T01:41:32+12:00,61,-36.604786,174.802536,1
esp32_device_001,2026-05-24T01:41:37+12:00,60.7,-36.60479,174.802551,1
esp32_device_001,2026-05-24T01:41:42+12:00,63,-36.604774,174.802551,1
esp32_device_001,2026-05-24T01:41:47+12:00,64.7,-36.604767,174.802567,1
esp32_device_001,2026-05-24T01:41:52+12:00,65.1,-36.604763,174.802567,1
esp32_device_001,2026-05-24T01:41:57+12:00,65.5,-36.604759,174.802582,1
esp32_device_001,2026-05-24T01:42:02+12:00,64.6,-36.604755,174.802597,1
esp32_device_001,2026-05-24T01:42:07+12:00,61.7,-36.604759,174.802643,1
esp32_device_001,2026-05-24T01:42:12+12:00,59.9,-36.604767,174.802628,1
esp32_device_001,2026-05-24T01:42:17+12:00,61,-36.604767,174.802628,1
esp32_device_001,2026-05-24T01:42:22+12:00,61.1,-36.604771,174.802612,1
esp32_device_001,2026-05-24T01:42:27+12:00,60.4,-36.604778,174.802612,1
esp32_device_001,2026-05-24T01:42:32+12:00,59.4,-36.604786,174.802597,1
esp32_device_001,2026-05-24T01:42:37+12:00,60.3,-36.604786,174.802582,1
esp32_device_001,2026-05-24T01:42:42+12:00,61.4,-36.604782,174.802582,1
esp32_device_001,2026-05-24T01:42:47+12:00,60.1,-36.604794,174.802567,1
esp32_device_001,2026-05-24T01:42:52+12:00,58.5,-36.604805,174.802567,1
esp32_device_001,2026-05-24T01:42:57+12:00,55.8,-36.604816,174.802551,1
esp32_device_001,2026-05-24T01:43:02+12:00,52.8,-36.604828,174.802521,1
esp32_device_001,2026-05-24T01:43:07+12:00,50.5,-36.604843,174.802505,1
esp32_device_001,2026-05-24T01:43:12+12:00,47.5,-36.604855,174.80249,1
esp32_device_001,2026-05-24T01:43:17+12:00,46.5,-36.604858,174.802475,1
esp32_device_001,2026-05-24T01:43:39+12:00,0,-36.604851,174.80249,1
esp32_device_001,2026-05-24T01:43:49+12:00,48.5,-36.604836,174.802505,1
esp32_device_001,2026-05-24T01:43:54+12:00,50,-36.604828,174.802505,1
esp32_device_001,2026-05-24T01:43:59+12:00,52.7,-36.604816,174.802505,1
esp32_device_001,2026-05-24T01:44:04+12:00,55.5,-36.604809,174.802521,1
esp32_device_001,2026-05-24T01:44:09+12:00,58.8,-36.604801,174.802536,1
esp32_device_001,2026-05-24T01:44:14+12:00,59.3,-36.604794,174.802536,1
esp32_device_001,2026-05-24T01:44:19+12:00,60.8,-36.604797,174.802551,1
esp32_device_001,2026-05-24T01:44:24+12:00,62.1,-36.604797,174.802567,1
esp32_device_001,2026-05-24T01:44:29+12:00,65.5,-36.604778,174.802567,1
esp32_device_001,2026-05-24T01:44:34+12:00,68.8,-36.604763,174.802582,1
esp32_device_001,2026-05-24T01:44:39+12:00,71,-36.604767,174.802597,1
esp32_device_001,2026-05-24T01:44:44+12:00,73.1,-36.604752,174.802597,1
esp32_device_001,2026-05-24T01:44:49+12:00,73.6,-36.604736,174.802597,1
esp32_device_001,2026-05-24T01:44:54+12:00,73.4,-36.604729,174.802597,1
esp32_device_001,2026-05-24T01:44:59+12:00,73,-36.60474,174.802582,1
esp32_device_001,2026-05-24T01:45:04+12:00,71.4,-36.604744,174.802582,1
esp32_device_001,2026-05-24T01:45:09+12:00,67.6,-36.604763,174.802582,1
esp32_device_001,2026-05-24T01:45:14+12:00,63.6,-36.604774,174.802597,1
esp32_device_001,2026-05-24T01:45:19+12:00,61.1,-36.604782,174.802597,1
esp32_device_001,2026-05-24T01:45:24+12:00,60.7,-36.604778,174.802582,1
esp32_device_001,2026-05-24T01:45:29+12:00,61.9,-36.604767,174.802597,1
esp32_device_001,2026-05-24T01:45:34+12:00,67.7,-36.604736,174.802612,1
esp32_device_001,2026-05-24T01:45:39+12:00,78.3,-36.604649,174.802628,1
esp32_device_001,2026-05-24T01:45:44+12:00,78.1,-36.604664,174.802612,1
esp32_device_001,2026-05-24T01:45:49+12:00,76.1,-36.604687,174.802597,1
esp32_device_001,2026-05-24T01:45:54+12:00,71.2,-36.604729,174.802597,1
esp32_device_001,2026-05-24T01:45:59+12:00,62.7,-36.604771,174.802612,1
esp32_device_001,2026-05-24T01:46:04+12:00,56,-36.604797,174.802612,1
esp32_device_001,2026-05-24T01:46:09+12:00,50.2,-36.604824,174.802628,1
esp32_device_001,2026-05-24T01:46:14+12:00,50.7,-36.604805,174.802612,1
esp32_device_001,2026-05-24T01:46:19+12:00,48.1,-36.604816,174.802628,1
esp32_device_001,2026-05-24T01:46:24+12:00,44.9,-36.604843,174.802628,1
esp32_device_001,2026-05-24T01:46:29+12:00,42.8,-36.604847,174.802612,1
esp32_device_001,2026-05-24T01:46:34+12:00,44.2,-36.604828,174.802597,1
esp32_device_001,2026-05-24T01:46:39+12:00,43.6,-36.604843,174.802582,1
esp32_device_001,2026-05-24T01:46:44+12:00,43.3,-36.604855,174.802582,1
esp32_device_001,2026-05-24T01:46:49+12:00,43.7,-36.60487,174.802582,1
esp32_device_001,2026-05-24T01:46:54+12:00,44.7,-36.604862,174.802597,1
esp32_device_001,2026-05-24T01:46:59+12:00,45.1,-36.604866,174.802597,1
esp32_device_001,2026-05-24T01:47:04+12:00,43.8,-36.604877,174.802597,1
esp32_device_001,2026-05-24T01:47:09+12:00,43,-36.604893,174.802582,1
esp32_device_001,2026-05-24T01:47:14+12:00,41.7,-36.604897,174.802567,1
esp32_device_001,2026-05-24T01:47:19+12:00,39.1,-36.604908,174.802582,1
esp32_device_001,2026-05-24T01:47:24+12:00,36.8,-36.604931,174.802597,1
esp32_device_001,2026-05-24T01:47:29+12:00,34.5,-36.604942,174.802597,1
esp32_device_001,2026-05-24T01:47:34+12:00,33.4,-36.604958,174.802597,1
esp32_device_001,2026-05-24T01:47:39+12:00,33.3,-36.604954,174.802582,1
esp32_device_001,2026-05-24T01:47:44+12:00,33.2,-36.604942,174.802582,1
esp32_device_001,2026-05-24T01:47:49+12:00,34.5,-36.604919,174.802582,1
esp32_device_001,2026-05-24T01:47:54+12:00,35.1,-36.604908,174.802582,1
esp32_device_001,2026-05-24T01:47:59+12:00,37.1,-36.604893,174.802582,1
esp32_device_001,2026-05-24T01:48:04+12:00,39.5,-36.604874,174.802567,1
esp32_device_001,2026-05-24T01:48:09+12:00,41.7,-36.604858,174.802567,1
esp32_device_001,2026-05-24T01:48:14+12:00,42.5,-36.604858,174.802567,1
esp32_device_001,2026-05-24T01:48:19+12:00,42.6,-36.604858,174.802551,1
esp32_device_001,2026-05-24T01:48:24+12:00,43,-36.604858,174.802551,1
esp32_device_001,2026-05-24T01:48:29+12:00,44.4,-36.604851,174.802551,1
esp32_device_001,2026-05-24T01:48:34+12:00,44.6,-36.604855,174.802551,1
esp32_device_001,2026-05-24T01:50:57+12:00,54.1,-36.604813,174.802521,1
esp32_device_001,2026-05-24T01:51:07+12:00,53.3,-36.60482,174.802505,1
esp32_device_001,2026-05-24T01:51:12+12:00,52.5,-36.604824,174.802505,1
esp32_device_001,2026-05-24T01:51:17+12:00,52.1,-36.60482,174.802505,1
esp32_device_001,2026-05-24T01:51:22+12:00,51.9,-36.604824,174.802505,1
esp32_device_001,2026-05-24T01:51:27+12:00,52.1,-36.60482,174.802521,1
esp32_device_001,2026-05-24T01:51:32+12:00,52.6,-36.604816,174.802521,1
esp32_device_001,2026-05-24T01:51:37+12:00,52.7,-36.60482,174.802521,1
esp32_device_001,2026-05-24T01:51:42+12:00,53.1,-36.60482,174.802521,1
esp32_device_001,2026-05-24T01:51:47+12:00,51.7,-36.60482,174.802521,1
esp32_device_001,2026-05-24T01:51:52+12:00,48.7,-36.604816,174.802521,1
esp32_device_001,2026-05-24T01:51:57+12:00,46.2,-36.604786,174.802551,1
esp32_device_001,2026-05-24T01:52:02+12:00,42.3,-36.604755,174.802567,1
esp32_device_001,2026-05-24T01:52:07+12:00,37.4,-36.604725,174.802597,1
esp32_device_001,2026-05-24T01:52:12+12:00,34.9,-36.60471,174.802612,1
esp32_device_001,2026-05-24T01:52:17+12:00,32.3,-36.604702,174.802628,1
esp32_device_001,2026-05-24T01:52:22+12:00,31.7,-36.604702,174.802612,1
esp32_device_001,2026-05-24T01:52:27+12:00,32.4,-36.604698,174.802628,1
esp32_device_001,2026-05-24T01:52:32+12:00,32.8,-36.604702,174.802612,1
esp32_device_001,2026-05-24T01:52:37+12:00,33.2,-36.60471,174.802612,1
esp32_device_001,2026-05-24T01:52:42+12:00,39.6,-36.60471,174.802597,1
esp32_device_001,2026-05-24T01:52:47+12:00,42.4,-36.604713,174.802597,1
esp32_device_001,2026-05-24T01:52:52+12:00,43.3,-36.604713,174.802597,1
esp32_device_001,2026-05-24T01:52:57+12:00,42.9,-36.604721,174.802597,1
esp32_device_001,2026-05-24T01:53:02+12:00,34.3,-36.604729,174.802597,1
esp32_device_001,2026-05-24T01:53:07+12:00,32.7,-36.60471,174.802612,1
esp32_device_001,2026-05-24T01:53:12+12:00,27,-36.604702,174.802628,1
esp32_device_001,2026-05-24T01:53:17+12:00,24.2,-36.604687,174.802643,1
esp32_device_001,2026-05-24T01:53:22+12:00,24.6,-36.604687,174.802643,1
esp32_device_001,2026-05-24T01:53:27+12:00,25.7,-36.604691,174.802643,1
esp32_device_001,2026-05-24T01:53:32+12:00,26.6,-36.604698,174.802628,1
esp32_device_001,2026-05-24T01:53:37+12:00,27.7,-36.604702,174.802628,1
esp32_device_001,2026-05-24T01:53:42+12:00,25.4,-36.604706,174.802628,1
esp32_device_001,2026-05-24T01:53:47+12:00,25.4,-36.60471,174.802628,1
esp32_device_001,2026-05-24T01:53:52+12:00,27,-36.604713,174.802612,1
esp32_device_001,2026-05-24T01:53:57+12:00,26.6,-36.604706,174.802612,1
esp32_device_001,2026-05-24T01:54:02+12:00,28.5,-36.604694,174.802628,1
esp32_device_001,2026-05-24T01:54:07+12:00,34.6,-36.604691,174.802612,1
esp32_device_001,2026-05-24T01:54:12+12:00,41.9,-36.604694,174.802597,1
esp32_device_001,2026-05-24T01:54:17+12:00,47.2,-36.604698,174.802582,1
esp32_device_001,2026-05-24T01:54:22+12:00,49.6,-36.604702,174.802567,1
esp32_device_001,2026-05-24T01:54:27+12:00,52,-36.604702,174.802567,1
esp32_device_001,2026-05-24T01:54:32+12:00,53.2,-36.604706,174.802551,1
esp32_device_001,2026-05-24T01:54:37+12:00,55.5,-36.604706,174.802551,1
esp32_device_001,2026-05-24T01:54:42+12:00,57.2,-36.604702,174.802551,1
esp32_device_001,2026-05-24T01:54:47+12:00,56.6,-36.604702,174.802551,1
esp32_device_001,2026-05-24T01:54:52+12:00,54.3,-36.604702,174.802567,1
esp32_device_001,2026-05-24T01:54:57+12:00,54.6,-36.604702,174.802567,1
esp32_device_001,2026-05-24T01:55:02+12:00,55.2,-36.60471,174.802567,1
esp32_device_001,2026-05-24T01:55:07+12:00,55.4,-36.604713,174.802567,1
esp32_device_001,2026-05-24T01:55:12+12:00,54.8,-36.604721,174.802567,1
esp32_device_001,2026-05-24T01:55:17+12:00,52.6,-36.604721,174.802567,1
esp32_device_001,2026-05-24T01:55:22+12:00,50.4,-36.604721,174.802567,1
esp32_device_001,2026-05-24T01:55:27+12:00,49.7,-36.604721,174.802567,1
esp32_device_001,2026-05-24T01:55:32+12:00,44.2,-36.604721,174.802582,1
esp32_device_001,2026-05-24T01:55:37+12:00,43.5,-36.604721,174.802582,1
esp32_device_001,2026-05-24T01:55:42+12:00,43.5,-36.604717,174.802582,1
esp32_device_001,2026-05-24T01:55:47+12:00,43.4,-36.604717,174.802582,1
esp32_device_001,2026-05-24T01:57:42+12:00,42.8,-36.604763,174.802582,1
esp32_device_001,2026-05-24T01:59:43+12:00,48.8,-36.604763,174.802551,1
esp32_device_001,2026-05-24T01:59:53+12:00,49.7,-36.604763,174.802551,1
esp32_device_001,2026-05-24T01:59:58+12:00,49,-36.604767,174.802551,1
esp32_device_001,2026-05-24T02:00:03+12:00,48.1,-36.604767,174.802551,1
esp32_device_001,2026-05-24T02:00:08+12:00,47.5,-36.604771,174.802551,1
esp32_device_001,2026-05-24T02:00:13+12:00,46.9,-36.604774,174.802536,1
esp32_device_001,2026-05-24T02:00:18+12:00,46.1,-36.604774,174.802551,1
esp32_device_001,2026-05-24T02:00:23+12:00,45.8,-36.604774,174.802536,1
esp32_device_001,2026-05-24T02:00:28+12:00,46.2,-36.604774,174.802536,1
esp32_device_001,2026-05-24T02:00:33+12:00,46.1,-36.604774,174.802536,1
esp32_device_001,2026-05-24T02:00:38+12:00,47.3,-36.604774,174.802536,1
esp32_device_001,2026-05-24T02:00:43+12:00,47.2,-36.604771,174.802536,1
esp32_device_001,2026-05-24T02:00:48+12:00,47.8,-36.604771,174.802536,1
esp32_device_001,2026-05-24T02:00:53+12:00,49.3,-36.604771,174.802536,1
esp32_device_001,2026-05-24T02:00:58+12:00,49.3,-36.604771,174.802551,1
esp32_device_001,2026-05-24T02:01:03+12:00,49.2,-36.604767,174.802551,1
esp32_device_001,2026-05-24T02:01:08+12:00,48,-36.604763,174.802551,1
esp32_device_001,2026-05-24T02:01:13+12:00,47.8,-36.604763,174.802551,1
esp32_device_001,2026-05-24T02:01:18+12:00,46.4,-36.604759,174.802567,1
esp32_device_001,2026-05-24T02:01:23+12:00,45.7,-36.604755,174.802567,1
esp32_device_001,2026-05-24T02:01:28+12:00,45.3,-36.604752,174.802567,1
esp32_device_001,2026-05-24T02:01:33+12:00,45.5,-36.604752,174.802567,1
esp32_device_001,2026-05-24T02:01:38+12:00,45.8,-36.604752,174.802567,1
esp32_device_001,2026-05-24T02:01:43+12:00,46.5,-36.604752,174.802567,1
esp32_device_001,2026-05-24T02:01:48+12:00,47.5,-36.604752,174.802567,1
esp32_device_001,2026-05-24T02:01:53+12:00,47.7,-36.604752,174.802567,1
esp32_device_001,2026-05-24T02:01:58+12:00,47.2,-36.604752,174.802567,1
esp32_device_001,2026-05-24T02:02:03+12:00,45.7,-36.604752,174.802567,1
esp32_device_001,2026-05-24T02:02:08+12:00,45.5,-36.604752,174.802567,1
esp32_device_001,2026-05-24T02:02:13+12:00,45.7,-36.604752,174.802567,1
esp32_device_001,2026-05-24T02:02:18+12:00,43.6,-36.604744,174.802567,1
esp32_device_001,2026-05-24T02:02:23+12:00,42.2,-36.604748,174.802551,1
esp32_device_001,2026-05-24T02:02:28+12:00,40,-36.604748,174.802551,1
esp32_device_001,2026-05-24T02:02:33+12:00,37.9,-36.604752,174.802551,1
esp32_device_001,2026-05-24T02:02:38+12:00,37.9,-36.604752,174.802551,1
esp32_device_001,2026-05-24T02:02:43+12:00,37.5,-36.604752,174.802551,1
esp32_device_001,2026-05-24T02:02:48+12:00,36.9,-36.604752,174.802551,1
esp32_device_001,2026-05-24T02:02:53+12:00,36,-36.604748,174.802567,1
esp32_device_001,2026-05-24T02:02:58+12:00,34.1,-36.604752,174.802567,1
esp32_device_001,2026-05-24T02:03:03+12:00,35.6,-36.604763,174.802551,1
esp32_device_001,2026-05-24T02:03:08+12:00,36.9,-36.604767,174.802551,1
esp32_device_001,2026-05-24T02:03:13+12:00,37.2,-36.604763,174.802551,1
esp32_device_001,2026-05-24T02:03:18+12:00,37.2,-36.604759,174.802551,1
esp32_device_001,2026-05-24T02:03:23+12:00,37.4,-36.604755,174.802551,1
esp32_device_001,2026-05-24T02:03:28+12:00,38.4,-36.604755,174.802551,1
esp32_device_001,2026-05-24T02:03:33+12:00,34.1,-36.604752,174.802567,1
esp32_device_001,2026-05-24T02:03:38+12:00,33.3,-36.604744,174.802567,1
esp32_device_001,2026-05-24T02:03:43+12:00,33.8,-36.60474,174.802567,1
esp32_device_001,2026-05-24T02:03:48+12:00,31.1,-36.604725,174.802582,1
esp32_device_001,2026-05-24T02:03:53+12:00,29.3,-36.604717,174.802597,1
esp32_device_001,2026-05-24T02:03:58+12:00,25.1,-36.604713,174.802597,1
esp32_device_001,2026-05-24T02:04:03+12:00,22.5,-36.604713,174.802597,1
esp32_device_001,2026-05-24T02:04:08+12:00,21.3,-36.604717,174.802597,1
esp32_device_001,2026-05-24T02:04:13+12:00,20.7,-36.604713,174.802597,1
esp32_device_001,2026-05-24T02:04:18+12:00,20.1,-36.604713,174.802597,1
esp32_device_001,2026-05-24T02:04:23+12:00,19.5,-36.60471,174.802597,1
esp32_device_001,2026-05-24T02:04:28+12:00,17.1,-36.604706,174.802612,1
esp32_device_001,2026-05-24T02:04:33+12:00,12.4,-36.604698,174.802612,1
esp32_device_001,2026-05-24T02:04:38+12:00,13.5,-36.604694,174.802612,1
esp32_device_001,2026-05-24T02:06:56+12:00,13.5,-36.60474,174.802597,1
esp32_device_001,2026-05-24T02:07:01+12:00,13.5,-36.60474,174.802597,1
esp32_device_001,2026-05-24T02:07:06+12:00,13.5,-36.60474,174.802597,1
esp32_device_001,2026-05-24T02:07:11+12:00,13.5,-36.60474,174.802597,1
esp32_device_001,2026-05-24T02:07:31+12:00,13.5,-36.604771,174.802582,1
esp32_device_001,2026-05-24T02:07:36+12:00,13.5,-36.604763,174.802582,1
esp32_device_001,2026-05-24T02:07:41+12:00,13.5,-36.604763,174.802582,1
esp32_device_001,2026-05-24T02:07:51+12:00,13.5,-36.604755,174.802567,1
esp32_device_001,2026-05-24T02:07:56+12:00,13.5,-36.604752,174.802567,1
esp32_device_001,2026-05-24T02:08:06+12:00,13.5,-36.604755,174.802551,1
esp32_device_001,2026-05-24T02:08:11+12:00,13.5,-36.604763,174.802551,1
esp32_device_001,2026-05-24T02:08:16+12:00,13.5,-36.604763,174.802551,1
esp32_device_001,2026-05-24T02:08:21+12:00,13.5,-36.604763,174.802551,1
esp32_device_001,2026-05-24T02:08:26+12:00,13.5,-36.604759,174.802567,1
esp32_device_001,2026-05-24T02:08:56+12:00,13.5,-36.604763,174.802551,1
esp32_device_001,2026-05-24T02:09:01+12:00,13.5,-36.604763,174.802536,1
esp32_device_001,2026-05-24T02:09:06+12:00,13.5,-36.604759,174.802536,1
esp32_device_001,2026-05-24T02:09:16+12:00,13.5,-36.604755,174.802536,1
esp32_device_001,2026-05-24T02:09:21+12:00,13.5,-36.604755,174.802536,1
esp32_device_001,2026-05-24T02:09:26+12:00,13.5,-36.604752,174.802521,1
esp32_device_001,2026-05-24T02:09:36+12:00,13.5,-36.604771,174.802521,1
esp32_device_001,2026-05-24T02:09:41+12:00,13.5,-36.604767,174.802521,1
esp32_device_001,2026-05-24T02:10:03+12:00,22.7,-36.604725,174.802536,1
esp32_device_001,2026-05-24T02:10:08+12:00,20.8,-36.604729,174.802551,1
esp32_device_001,2026-05-24T02:10:13+12:00,18.3,-36.604721,174.802551,1
esp32_device_001,2026-05-24T02:10:18+12:00,15.3,-36.604721,174.802567,1
esp32_device_001,2026-05-24T02:10:23+12:00,11.3,-36.604717,174.802567,1
esp32_device_001,2026-05-24T02:10:28+12:00,10.4,-36.604713,174.802567,1
esp32_device_001,2026-05-24T02:10:33+12:00,11.2,-36.604717,174.802567,1
esp32_device_001,2026-05-24T02:10:38+12:00,12,-36.604713,174.802567,1
esp32_device_001,2026-05-24T02:10:43+12:00,14.6,-36.60474,174.802567,1
esp32_device_001,2026-05-24T02:10:48+12:00,23.5,-36.604778,174.802551,1
esp32_device_001,2026-05-24T02:10:53+12:00,33.8,-36.604828,174.802551,1
esp32_device_001,2026-05-24T02:10:58+12:00,35.1,-36.60482,174.802551,1
esp32_device_001,2026-05-24T02:11:03+12:00,35,-36.604805,174.802536,1
esp32_device_001,2026-05-24T02:11:08+12:00,34.9,-36.604797,174.802521,1
esp32_device_001,2026-05-24T02:11:13+12:00,35.5,-36.60479,174.802521,1
esp32_device_001,2026-05-24T02:11:18+12:00,36.7,-36.604794,174.802521,1
esp32_device_001,2026-05-24T02:11:23+12:00,39.3,-36.604801,174.802536,1
esp32_device_001,2026-05-24T02:11:28+12:00,41.3,-36.604813,174.802551,1
esp32_device_001,2026-05-24T02:11:33+12:00,41.4,-36.604809,174.802551,1
esp32_device_001,2026-05-24T02:11:38+12:00,42.5,-36.604813,174.802567,1
esp32_device_001,2026-05-24T02:11:43+12:00,43.5,-36.604809,174.802567,1
esp32_device_001,2026-05-24T02:11:48+12:00,42.7,-36.604797,174.802567,1
esp32_device_001,2026-05-24T02:11:53+12:00,40.3,-36.604786,174.802551,1
esp32_device_001,2026-05-24T02:11:58+12:00,38.2,-36.604786,174.802567,1
esp32_device_001,2026-05-24T02:12:03+12:00,36.6,-36.604786,174.802567,1
esp32_device_001,2026-05-24T02:12:08+12:00,36,-36.604782,174.802567,1
esp32_device_001,2026-05-24T02:12:13+12:00,40.6,-36.604782,174.802567,1
esp32_device_001,2026-05-24T02:12:18+12:00,45.9,-36.604774,174.802551,1
esp32_device_001,2026-05-24T02:12:23+12:00,49.7,-36.604767,174.802551,1
esp32_device_001,2026-05-24T02:12:28+12:00,50.9,-36.604763,174.802551,1
esp32_device_001,2026-05-24T02:12:33+12:00,52.4,-36.604759,174.802567,1
esp32_device_001,2026-05-24T02:12:38+12:00,53.9,-36.604755,174.802567,1
esp32_device_001,2026-05-24T02:12:43+12:00,56.2,-36.604752,174.802567,1
esp32_device_001,2026-05-24T02:12:48+12:00,58,-36.604752,174.802582,1
esp32_device_001,2026-05-24T02:12:53+12:00,56.7,-36.604744,174.802567,1
esp32_device_001,2026-05-24T02:12:58+12:00,55.8,-36.604744,174.802567,1
esp32_device_001,2026-05-24T02:13:03+12:00,44,-36.604752,174.802582,1
esp32_device_001,2026-05-24T02:13:08+12:00,41.5,-36.604759,174.802567,1
esp32_device_001,2026-05-24T02:13:13+12:00,39.3,-36.604759,174.802567,1
esp32_device_001,2026-05-24T02:13:18+12:00,36.5,-36.604755,174.802551,1
esp32_device_001,2026-05-24T02:13:23+12:00,33.9,-36.604755,174.802536,1
esp32_device_001,2026-05-24T02:13:28+12:00,31.8,-36.604759,174.802536,1
esp32_device_001,2026-05-24T02:13:33+12:00,30.7,-36.604763,174.802536,1
esp32_device_001,2026-05-24T02:13:38+12:00,29.6,-36.604767,174.802536,1
esp32_device_001,2026-05-24T02:13:43+12:00,27.9,-36.604774,174.802551,1
esp32_device_001,2026-05-24T02:13:48+12:00,26.2,-36.604771,174.802567,1
esp32_device_001,2026-05-24T02:13:53+12:00,24.3,-36.604763,174.802567,1
esp32_device_001,2026-05-24T02:13:58+12:00,23.4,-36.604759,174.802567,1
esp32_device_001,2026-05-24T02:14:03+12:00,23.8,-36.604763,174.802567,1
esp32_device_001,2026-05-24T02:14:08+12:00,22.8,-36.604771,174.802567,1
esp32_device_001,2026-05-24T02:14:13+12:00,22.9,-36.604774,174.802567,1
esp32_device_001,2026-05-24T02:14:18+12:00,23.1,-36.604774,174.802567,1
esp32_device_001,2026-05-24T02:14:23+12:00,23.1,-36.604778,174.802567,1
esp32_device_001,2026-05-24T02:14:28+12:00,23.7,-36.604774,174.802567,1
esp32_device_001,2026-05-24T02:14:33+12:00,24,-36.604774,174.802567,1
esp32_device_001,2026-05-24T02:14:38+12:00,24.3,-36.604771,174.802567,1
esp32_device_001,2026-05-24T02:15:33+12:00,56.2,-36.604767,174.802475,1
esp32_device_001,2026-05-24T02:15:38+12:00,59.2,-36.604771,174.80246,1
esp32_device_001,2026-05-24T02:15:43+12:00,59.3,-36.604778,174.802475,1
esp32_device_001,2026-05-24T02:15:48+12:00,59.5,-36.604767,174.802475,1
esp32_device_001,2026-05-24T02:15:53+12:00,58.6,-36.604759,174.802475,1
esp32_device_001,2026-05-24T02:15:58+12:00,57.6,-36.604763,174.80249,1
esp32_device_001,2026-05-24T02:16:03+12:00,56.1,-36.604759,174.802505,1
esp32_device_001,2026-05-24T02:16:08+12:00,53.4,-36.604767,174.802521,1
esp32_device_001,2026-05-24T02:16:13+12:00,52.5,-36.604774,174.802536,1
esp32_device_001,2026-05-24T02:16:18+12:00,44.1,-36.604786,174.802582,1
esp32_device_001,2026-05-24T02:16:23+12:00,33.4,-36.604797,174.802628,1
esp32_device_001,2026-05-24T02:16:28+12:00,33.7,-36.604797,174.802612,1
esp32_device_001,2026-05-24T02:16:33+12:00,33.8,-36.60479,174.802597,1
esp32_device_001,2026-05-24T02:16:38+12:00,33.4,-36.60479,174.802597,1
esp32_device_001,2026-05-24T02:16:43+12:00,33.5,-36.604786,174.802582,1
esp32_device_001,2026-05-24T02:16:48+12:00,33.9,-36.60479,174.802582,1
esp32_device_001,2026-05-24T02:16:53+12:00,34.9,-36.604786,174.802567,1
esp32_device_001,2026-05-24T02:16:58+12:00,35.2,-36.604782,174.802567,1
esp32_device_001,2026-05-24T02:17:03+12:00,35.5,-36.604771,174.802551,1
esp32_device_001,2026-05-24T02:17:08+12:00,35.4,-36.604767,174.802551,1
esp32_device_001,2026-05-24T02:17:13+12:00,35.6,-36.604763,174.802536,1
esp32_device_001,2026-05-24T02:17:18+12:00,36.1,-36.604759,174.802536,1
esp32_device_001,2026-05-24T02:17:23+12:00,36.1,-36.604755,174.802536,1
esp32_device_001,2026-05-24T02:17:28+12:00,36.8,-36.604752,174.802521,1
esp32_device_001,2026-05-24T02:17:33+12:00,37.3,-36.604748,174.802521,1
esp32_device_001,2026-05-24T02:17:38+12:00,37.6,-36.604744,174.802505,1
esp32_device_001,2026-05-24T02:17:43+12:00,37.6,-36.604744,174.802505,1
esp32_device_001,2026-05-24T02:17:48+12:00,37.4,-36.604744,174.802521,1
esp32_device_001,2026-05-24T02:17:53+12:00,37.4,-36.604744,174.802521,1
esp32_device_001,2026-05-24T02:17:58+12:00,37.4,-36.604744,174.802521,1
esp32_device_001,2026-05-24T02:18:03+12:00,37.9,-36.604736,174.802521,1
esp32_device_001,2026-05-24T02:18:08+12:00,38.3,-36.604736,174.802521,1
esp32_device_001,2026-05-24T02:18:13+12:00,39,-36.604733,174.802521,1
esp32_device_001,2026-05-24T02:18:18+12:00,39,-36.604729,174.802521,1
esp32_device_001,2026-05-24T02:18:23+12:00,39,-36.604729,174.802521,1
esp32_device_001,2026-05-24T02:18:28+12:00,39.4,-36.604725,174.802536,1
esp32_device_001,2026-05-24T02:18:33+12:00,39.5,-36.604725,174.802536,1
esp32_device_001,2026-05-24T02:18:38+12:00,39.2,-36.604717,174.802536,1
esp32_device_001,2026-05-24T02:18:43+12:00,39.4,-36.604717,174.802536,1
esp32_device_001,2026-05-24T02:18:48+12:00,39.6,-36.604713,174.802536,1
esp32_device_001,2026-05-24T02:18:53+12:00,40.2,-36.604713,174.802536,1
esp32_device_001,2026-05-24T02:18:58+12:00,41.8,-36.604717,174.802536,1
esp32_device_001,2026-05-24T02:19:03+12:00,43.1,-36.604721,174.802536,1
esp32_device_001,2026-05-24T02:19:08+12:00,43.2,-36.604729,174.802536,1
esp32_device_001,2026-05-24T02:19:13+12:00,43.7,-36.604733,174.802536,1
esp32_device_001,2026-05-24T02:19:18+12:00,44.1,-36.60474,174.802536,1
esp32_device_001,2026-05-24T02:19:23+12:00,45,-36.604744,174.802551,1
esp32_device_001,2026-05-24T02:19:28+12:00,45.7,-36.604744,174.802551,1
esp32_device_001,2026-05-24T02:19:33+12:00,46.5,-36.604748,174.802551,1
esp32_device_001,2026-05-24T02:19:38+12:00,47,-36.604748,174.802551,1
esp32_device_001,2026-05-24T02:19:57+12:00,47.4,-36.604755,174.802567,1
esp32_device_001,2026-05-24T02:20:02+12:00,47.6,-36.604759,174.802582,1
esp32_device_001,2026-05-24T02:20:07+12:00,47.4,-36.604767,174.802582,1
esp32_device_001,2026-05-24T02:20:12+12:00,47,-36.604771,174.802582,1
esp32_device_001,2026-05-24T02:20:17+12:00,46,-36.604771,174.802582,1
esp32_device_001,2026-05-24T02:20:22+12:00,45.6,-36.604771,174.802582,1
esp32_device_001,2026-05-24T02:20:27+12:00,44.7,-36.604767,174.802582,1
esp32_device_001,2026-05-24T02:20:32+12:00,43.7,-36.604759,174.802582,1
esp32_device_001,2026-05-24T02:20:37+12:00,42.8,-36.604763,174.802582,1
esp32_device_001,2026-05-24T02:20:42+12:00,43.1,-36.604759,174.802582,1
esp32_device_001,2026-05-24T02:20:47+12:00,43.7,-36.604763,174.802597,1
esp32_device_001,2026-05-24T02:20:52+12:00,43.9,-36.604752,174.802597,1
esp32_device_001,2026-05-24T02:20:57+12:00,44.3,-36.604752,174.802597,1
esp32_device_001,2026-05-24T02:21:02+12:00,44.7,-36.604752,174.802597,1
esp32_device_001,2026-05-24T02:21:07+12:00,45.2,-36.604752,174.802582,1
esp32_device_001,2026-05-24T02:21:12+12:00,45.2,-36.60474,174.802582,1
esp32_device_001,2026-05-24T02:21:17+12:00,45.4,-36.604736,174.802582,1
esp32_device_001,2026-05-24T02:21:22+12:00,45.8,-36.604729,174.802567,1
esp32_device_001,2026-05-24T02:21:27+12:00,45.6,-36.604733,174.802567,1
esp32_device_001,2026-05-24T02:21:32+12:00,45.5,-36.604736,174.802582,1
esp32_device_001,2026-05-24T02:21:37+12:00,45.5,-36.604733,174.802582,1
esp32_device_001,2026-05-24T02:21:42+12:00,45.5,-36.604725,174.802567,1
esp32_device_001,2026-05-24T02:21:47+12:00,46,-36.604721,174.802567,1
esp32_device_001,2026-05-24T02:21:52+12:00,46.2,-36.604729,174.802567,1
esp32_device_001,2026-05-24T02:21:57+12:00,46.5,-36.604736,174.802582,1
esp32_device_001,2026-05-24T02:22:02+12:00,46.9,-36.60474,174.802582,1
esp32_device_001,2026-05-24T02:22:07+12:00,46.5,-36.604744,174.802582,1
esp32_device_001,2026-05-24T02:22:12+12:00,46,-36.604748,174.802582,1
esp32_device_001,2026-05-24T02:22:17+12:00,45.9,-36.604736,174.802567,1
esp32_device_001,2026-05-24T02:22:22+12:00,46.6,-36.604729,174.802567,1
esp32_device_001,2026-05-24T02:22:27+12:00,46.9,-36.604725,174.802567,1
esp32_device_001,2026-05-24T02:22:32+12:00,46.5,-36.604725,174.802567,1
esp32_device_001,2026-05-24T02:22:37+12:00,46,-36.604729,174.802567,1
esp32_device_001,2026-05-24T02:22:42+12:00,45.6,-36.604733,174.802567,1
esp32_device_001,2026-05-24T02:22:47+12:00,45.2,-36.60474,174.802582,1
esp32_device_001,2026-05-24T02:22:52+12:00,44.9,-36.604736,174.802582,1
esp32_device_001,2026-05-24T02:22:57+12:00,45,-36.604725,174.802582,1
esp32_device_001,2026-05-24T02:23:02+12:00,44.9,-36.604725,174.802582,1
esp32_device_001,2026-05-24T02:23:07+12:00,44.4,-36.604733,174.802567,1
esp32_device_001,2026-05-24T02:23:12+12:00,44.4,-36.60474,174.802582,1
esp32_device_001,2026-05-24T02:23:17+12:00,43.5,-36.60474,174.802582,1
esp32_device_001,2026-05-24T02:23:22+12:00,43.2,-36.604744,174.802582,1
esp32_device_001,2026-05-24T02:23:27+12:00,42.6,-36.604744,174.802567,1
esp32_device_001,2026-05-24T02:23:32+12:00,42.2,-36.604748,174.802567,1
esp32_device_001,2026-05-24T02:23:37+12:00,42.2,-36.604755,174.802567,1
esp32_device_001,2026-05-24T02:23:42+12:00,41.9,-36.604752,174.802567,1
esp32_device_001,2026-05-24T02:23:47+12:00,41.4,-36.604748,174.802567,1
esp32_device_001,2026-05-24T02:23:52+12:00,40.8,-36.60474,174.802567,1
esp32_device_001,2026-05-24T02:23:57+12:00,40.6,-36.60474,174.802582,1
esp32_device_001,2026-05-24T02:24:02+12:00,40.7,-36.604733,174.802567,1
esp32_device_001,2026-05-24T02:24:07+12:00,40.7,-36.604733,174.802582,1
esp32_device_001,2026-05-24T02:24:12+12:00,40.7,-36.604733,174.802582,1
esp32_device_001,2026-05-24T02:24:17+12:00,40.5,-36.604744,174.802582,1
esp32_device_001,2026-05-24T02:24:22+12:00,40.6,-36.60474,174.802582,1
esp32_device_001,2026-05-24T02:24:27+12:00,40.6,-36.60474,174.802582,1
esp32_device_001,2026-05-24T02:24:32+12:00,41,-36.604744,174.802582,1
esp32_device_001,2026-05-24T02:24:37+12:00,40.6,-36.604748,174.802582,1
esp32_device_001,2026-05-24T02:24:42+12:00,40.7,-36.604744,174.802567,1
esp32_device_001,2026-05-24T02:24:47+12:00,41.1,-36.604744,174.802567,1
esp32_device_001,2026-05-24T02:24:52+12:00,41,-36.604744,174.802567,1
esp32_device_001,2026-05-24T02:24:57+12:00,40.2,-36.604744,174.802567,1
esp32_device_001,2026-05-24T02:25:02+12:00,39.7,-36.60474,174.802567,1
esp32_device_001,2026-05-24T02:25:07+12:00,39.9,-36.604752,174.802567,1
esp32_device_001,2026-05-24T02:25:12+12:00,39.4,-36.604755,174.802567,1
esp32_device_001,2026-05-24T02:25:17+12:00,39.1,-36.604748,174.802567,1
esp32_device_001,2026-05-24T02:25:22+12:00,39.7,-36.604759,174.802567,1
esp32_device_001,2026-05-24T02:25:27+12:00,39.3,-36.604755,174.802567,1
esp32_device_001,2026-05-24T02:25:32+12:00,38.9,-36.604744,174.802567,1
esp32_device_001,2026-05-24T02:25:37+12:00,38.5,-36.604733,174.802551,1
esp32_device_001,2026-05-24T02:25:42+12:00,39.3,-36.604725,174.802551,1
esp32_device_001,2026-05-24T02:25:47+12:00,40.5,-36.604733,174.802551,1
esp32_device_001,2026-05-24T02:25:52+12:00,40.8,-36.604729,174.802551,1
esp32_device_001,2026-05-24T02:25:57+12:00,41,-36.604725,174.802551,1
esp32_device_001,2026-05-24T02:26:02+12:00,40.3,-36.604706,174.802551,1
esp32_device_001,2026-05-24T02:26:07+12:00,39.8,-36.604698,174.802536,1
esp32_device_001,2026-05-24T02:26:12+12:00,40.2,-36.604698,174.802536,1
esp32_device_001,2026-05-24T02:26:17+12:00,41.5,-36.604698,174.802536,1
esp32_device_001,2026-05-24T02:26:22+12:00,42.7,-36.604702,174.802551,1
esp32_device_001,2026-05-24T02:26:27+12:00,43.4,-36.604713,174.802551,1
esp32_device_001,2026-05-24T02:26:32+12:00,44.4,-36.604729,174.802551,1
esp32_device_001,2026-05-24T02:26:37+12:00,45.5,-36.604733,174.802551,1
esp32_device_001,2026-05-24T02:26:42+12:00,47.4,-36.604748,174.802567,1
esp32_device_001,2026-05-24T02:26:47+12:00,47.9,-36.604752,174.802567,1
esp32_device_001,2026-05-24T02:26:52+12:00,48.7,-36.604744,174.802567,1
esp32_device_001,2026-05-24T02:26:57+12:00,50.6,-36.604755,174.802582,1
esp32_device_001,2026-05-24T02:27:02+12:00,51.1,-36.604755,174.802582,1
esp32_device_001,2026-05-24T02:27:07+12:00,51.7,-36.604759,174.802582,1
esp32_device_001,2026-05-24T02:27:12+12:00,51.4,-36.604763,174.802582,1
esp32_device_001,2026-05-24T02:27:17+12:00,51.4,-36.604755,174.802582,1
esp32_device_001,2026-05-24T02:27:22+12:00,51.6,-36.604752,174.802567,1
esp32_device_001,2026-05-24T02:27:27+12:00,51.2,-36.604744,174.802567,1
esp32_device_001,2026-05-24T02:27:32+12:00,50.8,-36.604729,174.802567,1
esp32_device_001,2026-05-24T02:27:37+12:00,51.3,-36.604721,174.802567,1
esp32_device_001,2026-05-24T02:27:42+12:00,51.2,-36.604721,174.802567,1
esp32_device_001,2026-05-24T02:27:47+12:00,52.1,-36.604729,174.802567,1
esp32_device_001,2026-05-24T02:27:52+12:00,52.9,-36.604729,174.802567,1
esp32_device_001,2026-05-24T02:27:57+12:00,53,-36.604729,174.802567,1
esp32_device_001,2026-05-24T02:28:02+12:00,52.8,-36.604733,174.802567,1
esp32_device_001,2026-05-24T02:28:07+12:00,53,-36.604733,174.802567,1
esp32_device_001,2026-05-24T02:28:12+12:00,52.7,-36.604733,174.802567,1
esp32_device_001,2026-05-24T02:28:17+12:00,53,-36.604733,174.802567,1
esp32_device_001,2026-05-24T02:28:22+12:00,53,-36.604733,174.802567,1
esp32_device_001,2026-05-24T02:28:27+12:00,52.9,-36.604733,174.802567,1
esp32_device_001,2026-05-24T02:28:32+12:00,52.6,-36.604725,174.802567,1
esp32_device_001,2026-05-24T02:28:37+12:00,52.8,-36.604721,174.802567,1
esp32_device_001,2026-05-24T02:28:42+12:00,52.6,-36.604725,174.802567,1
esp32_device_001,2026-05-24T02:28:47+12:00,52,-36.604725,174.802567,1
esp32_device_001,2026-05-24T02:28:52+12:00,51.5,-36.604717,174.802551,1
esp32_device_001,2026-05-24T02:28:57+12:00,50.8,-36.604717,174.802551,1
esp32_device_001,2026-05-24T02:29:02+12:00,50.3,-36.604713,174.802551,1
esp32_device_001,2026-05-24T02:29:07+12:00,50.4,-36.604717,174.802551,1
esp32_device_001,2026-05-24T02:29:12+12:00,50,-36.604717,174.802551,1
esp32_device_001,2026-05-24T02:29:17+12:00,50.1,-36.604721,174.802551,1
esp32_device_001,2026-05-24T02:29:22+12:00,50.4,-36.604717,174.802551,1
esp32_device_001,2026-05-24T02:29:27+12:00,50.2,-36.604713,174.802536,1
esp32_device_001,2026-05-24T02:29:32+12:00,50.7,-36.60471,174.802536,1
esp32_device_001,2026-05-24T02:29:37+12:00,50.9,-36.604702,174.802536,1
esp32_device_001,2026-05-24T02:29:42+12:00,51.2,-36.604702,174.802536,1
esp32_device_001,2026-05-24T02:30:07+12:00,53.9,-36.604687,174.802536,1
esp32_device_001,2026-05-24T02:30:12+12:00,54.6,-36.604694,174.802536,1
esp32_device_001,2026-05-24T02:30:17+12:00,55.1,-36.604698,174.802536,1
esp32_device_001,2026-05-24T02:30:22+12:00,54.9,-36.604694,174.802536,1
esp32_device_001,2026-05-24T02:30:27+12:00,54.8,-36.604679,174.802521,1
esp32_device_001,2026-05-24T02:30:32+12:00,54.9,-36.604679,174.802521,1
esp32_device_001,2026-05-24T02:30:37+12:00,55.2,-36.604679,174.802521,1
esp32_device_001,2026-05-24T02:30:42+12:00,55.1,-36.604675,174.802521,1
esp32_device_001,2026-05-24T02:30:47+12:00,54.9,-36.604679,174.802521,1
esp32_device_001,2026-05-24T02:30:52+12:00,55.1,-36.604691,174.802521,1
esp32_device_001,2026-05-24T02:30:57+12:00,54.7,-36.604683,174.802521,1
esp32_device_001,2026-05-24T02:31:02+12:00,54.7,-36.604683,174.802521,1
esp32_device_001,2026-05-24T02:31:07+12:00,54.4,-36.604675,174.802521,1
esp32_device_001,2026-05-24T02:31:12+12:00,54.2,-36.604679,174.802521,1
esp32_device_001,2026-05-24T02:31:17+12:00,54,-36.604687,174.802521,1
esp32_device_001,2026-05-24T02:31:22+12:00,53.5,-36.604694,174.802521,1
esp32_device_001,2026-05-24T02:31:27+12:00,53.2,-36.604694,174.802521,1
esp32_device_001,2026-05-24T02:31:32+12:00,52.9,-36.604706,174.802521,1
esp32_device_001,2026-05-24T02:31:37+12:00,52.8,-36.604717,174.802536,1
esp32_device_001,2026-05-24T02:31:42+12:00,52.5,-36.604717,174.802536,1
esp32_device_001,2026-05-24T02:31:47+12:00,52.1,-36.604717,174.802536,1
esp32_device_001,2026-05-24T02:31:52+12:00,51.8,-36.604713,174.802521,1
esp32_device_001,2026-05-24T02:31:57+12:00,51.3,-36.604713,174.802521,1
esp32_device_001,2026-05-24T02:32:02+12:00,51.1,-36.60471,174.802536,1
esp32_device_001,2026-05-24T02:32:07+12:00,50.7,-36.604706,174.802536,1
esp32_device_001,2026-05-24T02:32:12+12:00,50.3,-36.604702,174.802536,1
esp32_device_001,2026-05-24T02:32:17+12:00,49.9,-36.604694,174.802536,1
esp32_device_001,2026-05-24T02:32:22+12:00,49.8,-36.604691,174.802536,1
esp32_device_001,2026-05-24T02:32:27+12:00,49.8,-36.604691,174.802536,1
esp32_device_001,2026-05-24T02:32:32+12:00,49.4,-36.604683,174.802521,1
esp32_device_001,2026-05-24T02:32:37+12:00,49.6,-36.604691,174.802536,1
esp32_device_001,2026-05-24T02:32:42+12:00,49.9,-36.604698,174.802536,1
esp32_device_001,2026-05-24T02:32:47+12:00,49.7,-36.604698,174.802536,1
esp32_device_001,2026-05-24T02:32:52+12:00,49.8,-36.604702,174.802536,1
esp32_device_001,2026-05-24T02:32:57+12:00,49.7,-36.604694,174.802536,1
esp32_device_001,2026-05-24T02:33:02+12:00,49.8,-36.604691,174.802536,1
esp32_device_001,2026-05-24T02:33:07+12:00,49.9,-36.604687,174.802551,1
esp32_device_001,2026-05-24T02:33:12+12:00,49.6,-36.604675,174.802536,1
esp32_device_001,2026-05-24T02:33:17+12:00,50.5,-36.604691,174.802551,1
esp32_device_001,2026-05-24T02:33:22+12:00,51.3,-36.60471,174.802551,1
esp32_device_001,2026-05-24T02:33:27+12:00,51.3,-36.60471,174.802551,1
esp32_device_001,2026-05-24T02:33:32+12:00,51.5,-36.60471,174.802551,1
esp32_device_001,2026-05-24T02:33:37+12:00,51.2,-36.604702,174.802551,1
esp32_device_001,2026-05-24T02:33:42+12:00,51.1,-36.604702,174.802551,1
esp32_device_001,2026-05-24T02:33:47+12:00,50.7,-36.604702,174.802551,1
esp32_device_001,2026-05-24T02:33:52+12:00,50.3,-36.604713,174.802551,1
esp32_device_001,2026-05-24T02:33:57+12:00,50,-36.604717,174.802551,1
esp32_device_001,2026-05-24T02:34:02+12:00,49.6,-36.60471,174.802551,1
esp32_device_001,2026-05-24T02:34:07+12:00,49.3,-36.604698,174.802551,1
esp32_device_001,2026-05-24T02:34:12+12:00,48.9,-36.604691,174.802551,1
esp32_device_001,2026-05-24T02:34:17+12:00,48.7,-36.604687,174.802551,1
esp32_device_001,2026-05-24T02:34:22+12:00,48.8,-36.604702,174.802551,1
esp32_device_001,2026-05-24T02:34:27+12:00,48.7,-36.604698,174.802551,1
esp32_device_001,2026-05-24T02:34:32+12:00,48.6,-36.604702,174.802551,1
esp32_device_001,2026-05-24T02:34:37+12:00,48.9,-36.60471,174.802551,1
esp32_device_001,2026-05-24T02:34:42+12:00,49.2,-36.604717,174.802551,1
esp32_device_001,2026-05-24T02:35:01+12:00,48.8,-36.604717,174.802551,1
esp32_device_001,2026-05-24T02:35:06+12:00,48.7,-36.60471,174.802551,1
esp32_device_001,2026-05-24T02:35:11+12:00,48.8,-36.604706,174.802551,1
esp32_device_001,2026-05-24T02:35:16+12:00,49.3,-36.604717,174.802551,1
esp32_device_001,2026-05-24T02:35:21+12:00,49.9,-36.604721,174.802551,1
esp32_device_001,2026-05-24T02:35:26+12:00,50.3,-36.604725,174.802551,1
esp32_device_001,2026-05-24T02:35:31+12:00,50.7,-36.604717,174.802551,1
esp32_device_001,2026-05-24T02:35:36+12:00,50.9,-36.604713,174.802551,1
esp32_device_001,2026-05-24T02:35:41+12:00,50.8,-36.604702,174.802551,1
esp32_device_001,2026-05-24T02:35:46+12:00,50.8,-36.604698,174.802551,1
esp32_device_001,2026-05-24T02:35:51+12:00,51.3,-36.604691,174.802551,1
esp32_device_001,2026-05-24T02:35:56+12:00,51.9,-36.604698,174.802551,1
esp32_device_001,2026-05-24T02:36:01+12:00,52.6,-36.604706,174.802551,1
esp32_device_001,2026-05-24T02:36:06+12:00,52.9,-36.604706,174.802551,1
esp32_device_001,2026-05-24T02:36:11+12:00,52.8,-36.604702,174.802551,1
esp32_device_001,2026-05-24T02:36:16+12:00,52.6,-36.604698,174.802551,1
esp32_device_001,2026-05-24T02:36:21+12:00,52.3,-36.604694,174.802551,1
esp32_device_001,2026-05-24T02:36:26+12:00,52,-36.604691,174.802551,1
esp32_device_001,2026-05-24T02:36:31+12:00,52.4,-36.604698,174.802551,1
esp32_device_001,2026-05-24T02:36:36+12:00,52,-36.604694,174.802551,1
esp32_device_001,2026-05-24T02:36:41+12:00,52.9,-36.604694,174.802551,1
esp32_device_001,2026-05-24T02:36:46+12:00,52.6,-36.604691,174.802551,1
esp32_device_001,2026-05-24T02:36:51+12:00,52.5,-36.604687,174.802551,1
esp32_device_001,2026-05-24T02:36:56+12:00,52.4,-36.604687,174.802551,1
esp32_device_001,2026-05-24T02:37:01+12:00,52.3,-36.604687,174.802551,1
esp32_device_001,2026-05-24T02:37:06+12:00,52.6,-36.604679,174.802551,1
esp32_device_001,2026-05-24T02:37:11+12:00,52.6,-36.604679,174.802551,1
esp32_device_001,2026-05-24T02:37:16+12:00,52.6,-36.604683,174.802551,1
esp32_device_001,2026-05-24T02:37:21+12:00,52.6,-36.604683,174.802551,1
esp32_device_001,2026-05-24T02:37:26+12:00,52.8,-36.604679,174.802536,1
esp32_device_001,2026-05-24T02:37:31+12:00,52.7,-36.604675,174.802536,1
esp32_device_001,2026-05-24T02:37:36+12:00,52.7,-36.604668,174.802536,1
esp32_device_001,2026-05-24T02:37:41+12:00,52.7,-36.604671,174.802536,1
esp32_device_001,2026-05-24T02:37:46+12:00,52.4,-36.604671,174.802536,1
esp32_device_001,2026-05-24T02:37:51+12:00,52.3,-36.604675,174.802536,1
esp32_device_001,2026-05-24T02:37:56+12:00,52.3,-36.604671,174.802536,1
esp32_device_001,2026-05-24T02:38:01+12:00,52.5,-36.604671,174.802536,1
esp32_device_001,2026-05-24T02:38:06+12:00,52.6,-36.604679,174.802536,1
esp32_device_001,2026-05-24T02:38:11+12:00,52.7,-36.604679,174.802536,1
esp32_device_001,2026-05-24T02:38:16+12:00,52.4,-36.604679,174.802536,1
esp32_device_001,2026-05-24T02:38:21+12:00,52.4,-36.604679,174.802536,1
esp32_device_001,2026-05-24T02:38:26+12:00,52.9,-36.604675,174.802536,1
esp32_device_001,2026-05-24T02:38:31+12:00,53.2,-36.604683,174.802551,1
esp32_device_001,2026-05-24T02:38:36+12:00,53.2,-36.604691,174.802551,1
esp32_device_001,2026-05-24T02:38:41+12:00,52.7,-36.604691,174.802551,1
esp32_device_001,2026-05-24T02:38:46+12:00,52.5,-36.604694,174.802551,1
esp32_device_001,2026-05-24T02:38:51+12:00,51.9,-36.604702,174.802551,1
esp32_device_001,2026-05-24T02:38:56+12:00,51.9,-36.60471,174.802551,1
esp32_device_001,2026-05-24T02:39:01+12:00,51.4,-36.604713,174.802551,1
esp32_device_001,2026-05-24T02:39:06+12:00,50.7,-36.604717,174.802567,1
esp32_device_001,2026-05-24T02:39:11+12:00,50.4,-36.604721,174.802567,1
esp32_device_001,2026-05-24T02:39:16+12:00,50.1,-36.604725,174.802567,1
esp32_device_001,2026-05-24T02:39:21+12:00,50,-36.604733,174.802567,1
esp32_device_001,2026-05-24T02:39:26+12:00,49.3,-36.604733,174.802567,1
esp32_device_001,2026-05-24T02:39:31+12:00,48.3,-36.604733,174.802567,1
esp32_device_001,2026-05-24T02:39:36+12:00,47.8,-36.604733,174.802567,1
esp32_device_001,2026-05-24T02:39:41+12:00,47.6,-36.604733,174.802567,1
esp32_device_001,2026-05-24T02:39:51+12:00,47.6,-36.60474,174.802567,1
esp32_device_001,2026-05-24T02:39:56+12:00,47.6,-36.60474,174.802567,1
esp32_device_001,2026-05-24T02:40:01+12:00,47.6,-36.604744,174.802567,1
esp32_device_001,2026-05-24T02:40:06+12:00,47.6,-36.604748,174.802567,1
esp32_device_001,2026-05-24T02:40:11+12:00,47.6,-36.604748,174.802567,1
esp32_device_001,2026-05-24T02:40:16+12:00,47.6,-36.604748,174.802567,1
esp32_device_001,2026-05-24T02:40:21+12:00,47.6,-36.604748,174.802567,1
esp32_device_001,2026-05-24T02:40:26+12:00,47.6,-36.604744,174.802567,1
esp32_device_001,2026-05-24T02:40:31+12:00,47.6,-36.60474,174.802551,1
esp32_device_001,2026-05-24T02:40:36+12:00,47.6,-36.60474,174.802551,1
esp32_device_001,2026-05-24T02:40:41+12:00,47.6,-36.60474,174.802551,1
esp32_device_001,2026-05-24T02:40:46+12:00,47.6,-36.60474,174.802551,1
esp32_device_001,2026-05-24T02:40:51+12:00,47.6,-36.604744,174.802551,1
esp32_device_001,2026-05-24T02:40:56+12:00,47.6,-36.604744,174.802551,1
esp32_device_001,2026-05-24T02:41:01+12:00,47.6,-36.604748,174.802551,1
esp32_device_001,2026-05-24T02:41:06+12:00,47.6,-36.604748,174.802551,1
esp32_device_001,2026-05-24T02:41:11+12:00,47.6,-36.604752,174.802551,1
esp32_device_001,2026-05-24T02:41:16+12:00,47.6,-36.604752,174.802551,1
esp32_device_001,2026-05-24T02:41:21+12:00,47.6,-36.604755,174.802567,1
esp32_device_001,2026-05-24T02:41:26+12:00,47.6,-36.604759,174.802567,1
esp32_device_001,2026-05-24T02:41:31+12:00,47.6,-36.604755,174.802567,1
esp32_device_001,2026-05-24T02:41:36+12:00,47.6,-36.604759,174.802567,1
esp32_device_001,2026-05-24T02:41:41+12:00,47.6,-36.604759,174.802567,1
esp32_device_001,2026-05-24T02:41:46+12:00,47.6,-36.604755,174.802551,1
esp32_device_001,2026-05-24T02:41:51+12:00,47.6,-36.604759,174.802551,1
esp32_device_001,2026-05-24T02:41:56+12:00,47.6,-36.604759,174.802551,1
esp32_device_001,2026-05-24T02:42:01+12:00,47.6,-36.604759,174.802567,1
esp32_device_001,2026-05-24T02:42:06+12:00,47.6,-36.604759,174.802567,1
esp32_device_001,2026-05-24T02:42:11+12:00,47.6,-36.604759,174.802567,1
esp32_device_001,2026-05-24T02:42:16+12:00,47.6,-36.604759,174.802567,1
esp32_device_001,2026-05-24T02:42:21+12:00,47.6,-36.604755,174.802567,1
esp32_device_001,2026-05-24T02:42:26+12:00,47.6,-36.604755,174.802567,1
esp32_device_001,2026-05-24T02:42:31+12:00,47.6,-36.604755,174.802567,1
esp32_device_001,2026-05-24T02:42:36+12:00,47.6,-36.604755,174.802567,1
esp32_device_001,2026-05-24T02:42:41+12:00,47.6,-36.604755,174.802567,1
esp32_device_001,2026-05-24T02:42:46+12:00,47.6,-36.604755,174.802582,1
esp32_device_001,2026-05-24T02:42:51+12:00,47.6,-36.604759,174.802582,1
esp32_device_001,2026-05-24T02:42:56+12:00,47.6,-36.604759,174.802582,1
esp32_device_001,2026-05-24T02:43:01+12:00,47.6,-36.604759,174.802582,1
esp32_device_001,2026-05-24T02:43:06+12:00,47.6,-36.604759,174.802582,1
esp32_device_001,2026-05-24T02:43:11+12:00,47.6,-36.604755,174.802582,1
esp32_device_001,2026-05-24T02:43:16+12:00,47.6,-36.604755,174.802582,1
esp32_device_001,2026-05-24T02:43:21+12:00,47.6,-36.604759,174.802582,1
esp32_device_001,2026-05-24T02:43:26+12:00,47.6,-36.604759,174.802582,1
esp32_device_001,2026-05-24T02:43:31+12:00,47.6,-36.604759,174.802567,1
esp32_device_001,2026-05-24T02:43:36+12:00,47.6,-36.604767,174.802582,1
esp32_device_001,2026-05-24T02:43:41+12:00,47.6,-36.604767,174.802582,1
esp32_device_001,2026-05-24T02:43:46+12:00,47.6,-36.604771,174.802582,1
esp32_device_001,2026-05-24T02:43:51+12:00,47.6,-36.604771,174.802582,1
esp32_device_001,2026-05-24T02:43:56+12:00,47.6,-36.604767,174.802582,1
esp32_device_001,2026-05-24T02:44:01+12:00,47.6,-36.604759,174.802567,1
esp32_device_001,2026-05-24T02:44:06+12:00,47.6,-36.604755,174.802567,1
esp32_device_001,2026-05-24T02:44:11+12:00,47.6,-36.604755,174.802582,1
esp32_device_001,2026-05-24T02:44:16+12:00,47.6,-36.604755,174.802582,1
esp32_device_001,2026-05-24T02:44:21+12:00,47.6,-36.604755,174.802582,1
esp32_device_001,2026-05-24T02:44:26+12:00,47.6,-36.604755,174.802582,1
esp32_device_001,2026-05-24T02:44:31+12:00,47.6,-36.604755,174.802582,1
esp32_device_001,2026-05-24T02:44:36+12:00,47.6,-36.604752,174.802582,1
esp32_device_001,2026-05-24T02:44:41+12:00,47.6,-36.604752,174.802582,1
esp32_device_001,2026-05-24T02:44:46+12:00,47.6,-36.604752,174.802582,1
esp32_device_001,2026-05-24T02:44:51+12:00,47.6,-36.604748,174.802582,1
esp32_device_001,2026-05-24T02:44:56+12:00,47.6,-36.604748,174.802582,1
esp32_device_001,2026-05-24T02:45:01+12:00,47.6,-36.604748,174.802582,1
esp32_device_001,2026-05-24T02:45:06+12:00,47.6,-36.604752,174.802582,1
esp32_device_001,2026-05-24T02:45:11+12:00,47.6,-36.604755,174.802582,1
esp32_device_001,2026-05-24T02:45:16+12:00,47.6,-36.604748,174.802582,1
esp32_device_001,2026-05-24T02:45:21+12:00,47.6,-36.604744,174.802582,1
esp32_device_001,2026-05-24T02:45:26+12:00,47.6,-36.604736,174.802567,1
esp32_device_001,2026-05-24T02:45:31+12:00,47.6,-36.604729,174.802567,1
esp32_device_001,2026-05-24T02:45:36+12:00,47.6,-36.604733,174.802567,1
esp32_device_001,2026-05-24T02:45:41+12:00,47.6,-36.604733,174.802567,1
esp32_device_001,2026-05-24T02:45:46+12:00,47.6,-36.604729,174.802567,1
esp32_device_001,2026-05-24T02:45:51+12:00,47.6,-36.60474,174.802567,1
esp32_device_001,2026-05-24T02:45:56+12:00,47.6,-36.60474,174.802567,1
esp32_device_001,2026-05-24T02:46:01+12:00,47.6,-36.604748,174.802567,1
esp32_device_001,2026-05-24T02:46:06+12:00,47.6,-36.604755,174.802567,1
esp32_device_001,2026-05-24T02:46:11+12:00,47.6,-36.604767,174.802582,1
esp32_device_001,2026-05-24T02:46:16+12:00,47.6,-36.604771,174.802582,1
esp32_device_001,2026-05-24T02:46:21+12:00,47.6,-36.604767,174.802582,1
esp32_device_001,2026-05-24T02:46:26+12:00,47.6,-36.604759,174.802582,1
esp32_device_001,2026-05-24T02:46:31+12:00,47.6,-36.604755,174.802582,1
esp32_device_001,2026-05-24T02:46:36+12:00,47.6,-36.604763,174.802582,1
esp32_device_001,2026-05-24T02:46:41+12:00,47.6,-36.604763,174.802597,1
esp32_device_001,2026-05-24T02:46:46+12:00,47.6,-36.604771,174.802597,1
esp32_device_001,2026-05-24T02:46:51+12:00,47.6,-36.604767,174.802597,1
esp32_device_001,2026-05-24T02:46:56+12:00,47.6,-36.604767,174.802597,1
esp32_device_001,2026-05-24T02:47:01+12:00,47.6,-36.604763,174.802597,1
esp32_device_001,2026-05-24T02:47:06+12:00,47.6,-36.604763,174.802612,1
esp32_device_001,2026-05-24T02:47:11+12:00,47.6,-36.604759,174.802597,1
esp32_device_001,2026-05-24T02:47:16+12:00,47.6,-36.604752,174.802597,1
esp32_device_001,2026-05-24T02:47:21+12:00,47.6,-36.604748,174.802597,1
esp32_device_001,2026-05-24T02:47:26+12:00,47.6,-36.604748,174.802597,1
esp32_device_001,2026-05-24T02:47:31+12:00,47.6,-36.60474,174.802597,1
esp32_device_001,2026-05-24T02:47:36+12:00,47.6,-36.604744,174.802597,1
esp32_device_001,2026-05-24T02:47:41+12:00,47.6,-36.604748,174.802597,1
esp32_device_001,2026-05-24T02:47:46+12:00,47.6,-36.604748,174.802597,1
esp32_device_001,2026-05-24T02:47:51+12:00,47.6,-36.604752,174.802597,1
esp32_device_001,2026-05-24T02:47:56+12:00,47.6,-36.604748,174.802597,1
esp32_device_001,2026-05-24T02:48:01+12:00,47.6,-36.60474,174.802597,1
esp32_device_001,2026-05-24T02:48:06+12:00,47.6,-36.604736,174.802597,1
esp32_device_001,2026-05-24T02:48:11+12:00,47.6,-36.604736,174.802597,1
esp32_device_001,2026-05-24T02:48:16+12:00,47.6,-36.604733,174.802582,1
esp32_device_001,2026-05-24T02:48:21+12:00,47.6,-36.604736,174.802597,1
esp32_device_001,2026-05-24T02:48:26+12:00,47.6,-36.60474,174.802597,1
esp32_device_001,2026-05-24T02:48:31+12:00,47.6,-36.604744,174.802597,1
esp32_device_001,2026-05-24T02:48:36+12:00,47.6,-36.604744,174.802597,1
esp32_device_001,2026-05-24T02:48:41+12:00,47.6,-36.604748,174.802582,1
esp32_device_001,2026-05-24T02:48:46+12:00,47.6,-36.604752,174.802582,1
esp32_device_001,2026-05-24T02:48:51+12:00,47.6,-36.604752,174.802582,1
esp32_device_001,2026-05-24T02:48:56+12:00,47.6,-36.604759,174.802582,1
esp32_device_001,2026-05-24T02:49:01+12:00,47.6,-36.604763,174.802567,1
esp32_device_001,2026-05-24T02:49:06+12:00,47.6,-36.604771,174.802567,1
esp32_device_001,2026-05-24T02:49:11+12:00,47.6,-36.604778,174.802567,1
esp32_device_001,2026-05-24T02:49:16+12:00,47.6,-36.604794,174.802567,1
esp32_device_001,2026-05-24T02:49:21+12:00,47.6,-36.604801,174.802567,1
esp32_device_001,2026-05-24T02:49:26+12:00,47.6,-36.604805,174.802551,1
esp32_device_001,2026-05-24T02:49:31+12:00,47.6,-36.604805,174.802567,1
esp32_device_001,2026-05-24T02:49:36+12:00,47.6,-36.604797,174.802567,1
esp32_device_001,2026-05-24T02:49:41+12:00,47.6,-36.604794,174.802582,1
esp32_device_001,2026-05-24T02:50:10+12:00,37.1,-36.60479,174.802643,1
esp32_device_001,2026-05-24T02:50:15+12:00,39.4,-36.60479,174.802628,1
esp32_device_001,2026-05-24T02:50:20+12:00,37.6,-36.604786,174.802643,1
esp32_device_001,2026-05-24T02:50:25+12:00,36.5,-36.604778,174.802643,1
esp32_device_001,2026-05-24T02:50:30+12:00,36.1,-36.604774,174.802643,1
esp32_device_001,2026-05-24T02:50:35+12:00,35.3,-36.604767,174.802643,1
esp32_device_001,2026-05-24T02:50:40+12:00,33.6,-36.604763,174.802643,1
esp32_device_001,2026-05-24T02:50:45+12:00,31.7,-36.604763,174.802643,1
esp32_device_001,2026-05-24T02:50:50+12:00,30,-36.604767,174.802658,1
esp32_device_001,2026-05-24T02:50:55+12:00,32.3,-36.604771,174.802643,1
esp32_device_001,2026-05-24T02:51:00+12:00,31,-36.604771,174.802658,1
esp32_device_001,2026-05-24T02:51:05+12:00,28.1,-36.604767,174.802658,1
esp32_device_001,2026-05-24T02:51:10+12:00,26.4,-36.604767,174.802673,1
esp32_device_001,2026-05-24T02:51:15+12:00,25.7,-36.604767,174.802673,1
esp32_device_001,2026-05-24T02:51:20+12:00,24.9,-36.604767,174.802673,1
esp32_device_001,2026-05-24T02:51:25+12:00,24.9,-36.604763,174.802673,1
esp32_device_001,2026-05-24T02:51:30+12:00,26.6,-36.604759,174.802673,1
esp32_device_001,2026-05-24T02:51:35+12:00,29.7,-36.604763,174.802658,1
esp32_device_001,2026-05-24T02:51:40+12:00,31.5,-36.604759,174.802658,1
esp32_device_001,2026-05-24T02:51:45+12:00,33,-36.604763,174.802643,1
esp32_device_001,2026-05-24T02:51:50+12:00,33.2,-36.604759,174.802643,1
esp32_device_001,2026-05-24T02:51:55+12:00,34.7,-36.604763,174.802643,1
esp32_device_001,2026-05-24T02:52:00+12:00,34.3,-36.604767,174.802643,1
esp32_device_001,2026-05-24T02:52:05+12:00,34.3,-36.604763,174.802643,1
esp32_device_001,2026-05-24T02:52:10+12:00,34.9,-36.604763,174.802628,1
esp32_device_001,2026-05-24T02:52:15+12:00,35.8,-36.604759,174.802628,1
esp32_device_001,2026-05-24T02:52:20+12:00,37.5,-36.604759,174.802612,1
esp32_device_001,2026-05-24T02:52:25+12:00,38.3,-36.604759,174.802612,1
esp32_device_001,2026-05-24T02:52:30+12:00,38.6,-36.604759,174.802612,1
esp32_device_001,2026-05-24T02:52:35+12:00,38.8,-36.604759,174.802612,1
esp32_device_001,2026-05-24T02:52:40+12:00,39.1,-36.604763,174.802612,1
esp32_device_001,2026-05-24T02:52:45+12:00,39.9,-36.604767,174.802612,1
esp32_device_001,2026-05-24T02:52:50+12:00,39.9,-36.604767,174.802612,1
esp32_device_001,2026-05-24T02:52:55+12:00,40.2,-36.604763,174.802612,1
esp32_device_001,2026-05-24T02:53:00+12:00,39.6,-36.604755,174.802612,1
esp32_device_001,2026-05-24T02:53:05+12:00,42,-36.604763,174.802597,1
esp32_device_001,2026-05-24T02:53:10+12:00,42.6,-36.604771,174.802612,1
esp32_device_001,2026-05-24T02:53:15+12:00,41.8,-36.604771,174.802612,1
esp32_device_001,2026-05-24T02:53:20+12:00,41.6,-36.604774,174.802612,1
esp32_device_001,2026-05-24T02:53:25+12:00,41.7,-36.604778,174.802612,1
esp32_device_001,2026-05-24T02:53:30+12:00,41.3,-36.604778,174.802612,1
esp32_device_001,2026-05-24T02:53:35+12:00,40.1,-36.604767,174.802612,1
esp32_device_001,2026-05-24T02:53:40+12:00,40.7,-36.604774,174.802612,1
esp32_device_001,2026-05-24T02:53:45+12:00,40.1,-36.604771,174.802612,1
esp32_device_001,2026-05-24T02:53:50+12:00,39.9,-36.604771,174.802612,1
esp32_device_001,2026-05-24T02:53:55+12:00,39.6,-36.604771,174.802612,1
esp32_device_001,2026-05-24T02:54:00+12:00,38.3,-36.604767,174.802612,1
esp32_device_001,2026-05-24T02:54:05+12:00,38.5,-36.604767,174.802612,1
esp32_device_001,2026-05-24T02:54:10+12:00,39,-36.604771,174.802612,1
esp32_device_001,2026-05-24T02:54:15+12:00,39.8,-36.604774,174.802612,1
esp32_device_001,2026-05-24T02:54:20+12:00,40.5,-36.604778,174.802612,1
esp32_device_001,2026-05-24T02:54:25+12:00,41.3,-36.604786,174.802612,1
esp32_device_001,2026-05-24T02:54:30+12:00,40.4,-36.604778,174.802612,1
esp32_device_001,2026-05-24T02:54:35+12:00,40,-36.604774,174.802612,1
esp32_device_001,2026-05-24T02:54:40+12:00,40.7,-36.604774,174.802612,1
esp32_device_001,2026-05-24T02:54:45+12:00,40.7,-36.604771,174.802612,1
esp32_device_001,2026-05-24T02:54:50+12:00,41.2,-36.604774,174.802612,1
esp32_device_001,2026-05-24T02:54:55+12:00,41.2,-36.604774,174.802612,1
esp32_device_001,2026-05-24T02:55:00+12:00,41.7,-36.604774,174.802612,1
esp32_device_001,2026-05-24T02:55:05+12:00,43.7,-36.604782,174.802612,1
esp32_device_001,2026-05-24T02:55:10+12:00,44.6,-36.604782,174.802612,1
esp32_device_001,2026-05-24T02:55:15+12:00,44,-36.604774,174.802612,1
esp32_device_001,2026-05-24T02:55:20+12:00,44.6,-36.604774,174.802612,1
esp32_device_001,2026-05-24T02:55:25+12:00,44.1,-36.604771,174.802612,1
esp32_device_001,2026-05-24T02:55:30+12:00,43.3,-36.604771,174.802612,1
esp32_device_001,2026-05-24T02:55:35+12:00,43.3,-36.604771,174.802628,1
esp32_device_001,2026-05-24T02:55:40+12:00,43.3,-36.604771,174.802628,1
esp32_device_001,2026-05-24T02:55:45+12:00,42.8,-36.604763,174.802612,1
esp32_device_001,2026-05-24T02:55:50+12:00,42,-36.604763,174.802628,1
esp32_device_001,2026-05-24T02:55:55+12:00,41.3,-36.604759,174.802628,1
esp32_device_001,2026-05-24T02:56:00+12:00,41.7,-36.604759,174.802628,1
esp32_device_001,2026-05-24T02:56:05+12:00,41.4,-36.604755,174.802612,1
esp32_device_001,2026-05-24T02:56:10+12:00,41.6,-36.604752,174.802612,1
esp32_device_001,2026-05-24T02:56:15+12:00,43,-36.604752,174.802612,1
esp32_device_001,2026-05-24T02:56:20+12:00,44,-36.604752,174.802597,1
esp32_device_001,2026-05-24T02:56:25+12:00,44.1,-36.604752,174.802597,1
esp32_device_001,2026-05-24T02:56:30+12:00,44.9,-36.604752,174.802597,1
esp32_device_001,2026-05-24T02:56:35+12:00,46.8,-36.604752,174.802597,1
esp32_device_001,2026-05-24T02:56:40+12:00,47.3,-36.604755,174.802597,1
esp32_device_001,2026-05-24T02:56:45+12:00,48.2,-36.604759,174.802612,1
esp32_device_001,2026-05-24T02:56:50+12:00,48.6,-36.604763,174.802612,1
esp32_device_001,2026-05-24T02:56:55+12:00,49.8,-36.604774,174.802612,1
esp32_device_001,2026-05-24T02:57:00+12:00,49.8,-36.604774,174.802612,1
esp32_device_001,2026-05-24T02:57:05+12:00,49.5,-36.604774,174.802612,1
esp32_device_001,2026-05-24T02:57:10+12:00,49.8,-36.604774,174.802612,1
esp32_device_001,2026-05-24T02:57:15+12:00,48.8,-36.604774,174.802612,1
esp32_device_001,2026-05-24T02:57:20+12:00,48.3,-36.604771,174.802612,1
esp32_device_001,2026-05-24T02:57:25+12:00,48.4,-36.604774,174.802612,1
esp32_device_001,2026-05-24T02:57:30+12:00,46.7,-36.604767,174.802612,1
esp32_device_001,2026-05-24T02:57:35+12:00,46.1,-36.604763,174.802612,1
esp32_device_001,2026-05-24T02:57:40+12:00,45,-36.604755,174.802597,1
esp32_device_001,2026-05-24T02:57:45+12:00,44.1,-36.604755,174.802597,1
esp32_device_001,2026-05-24T02:57:50+12:00,43.2,-36.604752,174.802597,1
esp32_device_001,2026-05-24T02:57:55+12:00,43.3,-36.604755,174.802597,1
esp32_device_001,2026-05-24T02:58:00+12:00,43.5,-36.604755,174.802597,1
esp32_device_001,2026-05-24T02:58:05+12:00,44,-36.604759,174.802597,1
esp32_device_001,2026-05-24T02:58:10+12:00,44.3,-36.604755,174.802597,1
esp32_device_001,2026-05-24T02:58:15+12:00,45,-36.604755,174.802597,1
esp32_device_001,2026-05-24T02:58:20+12:00,45.6,-36.604752,174.802597,1
esp32_device_001,2026-05-24T02:58:25+12:00,46.2,-36.604752,174.802597,1
esp32_device_001,2026-05-24T02:58:30+12:00,46.9,-36.604748,174.802582,1
esp32_device_001,2026-05-24T02:58:35+12:00,47.1,-36.604744,174.802582,1
esp32_device_001,2026-05-24T02:58:40+12:00,47.3,-36.604744,174.802582,1
esp32_device_001,2026-05-24T02:58:45+12:00,47.2,-36.604744,174.802582,1
esp32_device_001,2026-05-24T02:58:50+12:00,46.9,-36.604744,174.802582,1
esp32_device_001,2026-05-24T02:58:55+12:00,46.8,-36.604744,174.802582,1
esp32_device_001,2026-05-24T02:59:00+12:00,46.9,-36.604748,174.802582,1
esp32_device_001,2026-05-24T02:59:05+12:00,46.9,-36.604752,174.802582,1
esp32_device_001,2026-05-24T02:59:10+12:00,47.6,-36.604752,174.802582,1
esp32_device_001,2026-05-24T02:59:15+12:00,48,-36.604752,174.802567,1
esp32_device_001,2026-05-24T02:59:20+12:00,47.9,-36.604752,174.802567,1
esp32_device_001,2026-05-24T02:59:25+12:00,47.9,-36.604752,174.802567,1
esp32_device_001,2026-05-24T02:59:30+12:00,48.1,-36.604752,174.802567,1
esp32_device_001,2026-05-24T02:59:35+12:00,48.1,-36.604752,174.802567,1
esp32_device_001,2026-05-24T02:59:40+12:00,47.8,-36.604752,174.802567,1
esp32_device_001,2026-05-24T02:59:53+12:00,48.9,-36.604755,174.802567,1
esp32_device_001,2026-05-24T02:59:58+12:00,48.7,-36.604759,174.802567,1
esp32_device_001,2026-05-24T03:00:03+12:00,48.4,-36.604755,174.802567,1
esp32_device_001,2026-05-24T03:00:08+12:00,47.9,-36.604759,174.802567,1
esp32_device_001,2026-05-24T03:00:13+12:00,47.6,-36.604759,174.802567,1
esp32_device_001,2026-05-24T03:00:18+12:00,47.5,-36.604759,174.802567,1
esp32_device_001,2026-05-24T03:00:23+12:00,47.3,-36.604755,174.802567,1
esp32_device_001,2026-05-24T03:00:28+12:00,47.2,-36.604755,174.802567,1
esp32_device_001,2026-05-24T03:00:33+12:00,47,-36.604755,174.802567,1
esp32_device_001,2026-05-24T03:00:38+12:00,47.1,-36.604755,174.802567,1
esp32_device_001,2026-05-24T03:00:43+12:00,46.2,-36.604752,174.802567,1
esp32_device_001,2026-05-24T03:00:48+12:00,46,-36.604752,174.802582,1
esp32_device_001,2026-05-24T03:00:53+12:00,46.6,-36.604748,174.802582,1
esp32_device_001,2026-05-24T03:00:58+12:00,46.9,-36.604748,174.802582,1
esp32_device_001,2026-05-24T03:01:03+12:00,47.3,-36.604752,174.802582,1
esp32_device_001,2026-05-24T03:01:08+12:00,46.8,-36.604755,174.802582,1
esp32_device_001,2026-05-24T03:01:13+12:00,46.2,-36.604759,174.802582,1
esp32_device_001,2026-05-24T03:01:18+12:00,45.7,-36.604763,174.802582,1
esp32_device_001,2026-05-24T03:01:23+12:00,45.3,-36.604767,174.802597,1
esp32_device_001,2026-05-24T03:01:28+12:00,45.3,-36.604771,174.802597,1
esp32_device_001,2026-05-24T03:01:33+12:00,45.9,-36.604771,174.802597,1
esp32_device_001,2026-05-24T03:01:38+12:00,45.5,-36.604771,174.802597,1
esp32_device_001,2026-05-24T03:01:43+12:00,45.4,-36.604771,174.802597,1
esp32_device_001,2026-05-24T03:01:48+12:00,44.2,-36.604767,174.802597,1
esp32_device_001,2026-05-24T03:01:53+12:00,43.2,-36.604763,174.802597,1
esp32_device_001,2026-05-24T03:01:58+12:00,42.4,-36.604759,174.802597,1
esp32_device_001,2026-05-24T03:02:03+12:00,42.5,-36.604759,174.802597,1
esp32_device_001,2026-05-24T03:02:08+12:00,41.8,-36.604755,174.802597,1
esp32_device_001,2026-05-24T03:02:13+12:00,41.8,-36.604755,174.802597,1
esp32_device_001,2026-05-24T03:02:18+12:00,42.1,-36.604755,174.802597,1
esp32_device_001,2026-05-24T03:02:23+12:00,41.6,-36.604748,174.802597,1
esp32_device_001,2026-05-24T03:02:28+12:00,41.7,-36.604748,174.802597,1
esp32_device_001,2026-05-24T03:02:33+12:00,41.7,-36.604744,174.802597,1
esp32_device_001,2026-05-24T03:02:38+12:00,41.5,-36.60474,174.802597,1
esp32_device_001,2026-05-24T03:02:43+12:00,42.4,-36.604744,174.802597,1
esp32_device_001,2026-05-24T03:02:48+12:00,43.9,-36.60474,174.802597,1
esp32_device_001,2026-05-24T03:02:53+12:00,45.2,-36.60474,174.802597,1
esp32_device_001,2026-05-24T03:02:58+12:00,43.4,-36.60474,174.802597,1
esp32_device_001,2026-05-24T03:03:03+12:00,43,-36.60474,174.802597,1
esp32_device_001,2026-05-24T03:03:08+12:00,42.9,-36.604736,174.802597,1
esp32_device_001,2026-05-24T03:03:13+12:00,41.6,-36.60474,174.802612,1
esp32_device_001,2026-05-24T03:03:18+12:00,42,-36.60474,174.802597,1
esp32_device_001,2026-05-24T03:03:23+12:00,40.7,-36.60474,174.802612,1
esp32_device_001,2026-05-24T03:03:28+12:00,42.3,-36.604744,174.802597,1
esp32_device_001,2026-05-24T03:03:33+12:00,43,-36.604748,174.802597,1
esp32_device_001,2026-05-24T03:03:38+12:00,43.1,-36.604752,174.802597,1
esp32_device_001,2026-05-24T03:03:43+12:00,42.7,-36.604752,174.802612,1
esp32_device_001,2026-05-24T03:03:48+12:00,43.7,-36.604752,174.802597,1
esp32_device_001,2026-05-24T03:03:53+12:00,43.6,-36.604755,174.802612,1
esp32_device_001,2026-05-24T03:03:58+12:00,43.4,-36.604755,174.802597,1
esp32_device_001,2026-05-24T03:04:03+12:00,44.1,-36.604755,174.802597,1
esp32_device_001,2026-05-24T03:04:08+12:00,43.5,-36.604755,174.802597,1
esp32_device_001,2026-05-24T03:04:13+12:00,41.6,-36.604748,174.802597,1
esp32_device_001,2026-05-24T03:04:18+12:00,42.4,-36.604744,174.802597,1
esp32_device_001,2026-05-24T03:04:23+12:00,44,-36.60474,174.802597,1
esp32_device_001,2026-05-24T03:04:28+12:00,45.1,-36.60474,174.802597,1
esp32_device_001,2026-05-24T03:04:33+12:00,44.5,-36.60474,174.802597,1
esp32_device_001,2026-05-24T03:04:38+12:00,44.3,-36.604744,174.802612,1
esp32_device_001,2026-05-24T03:04:43+12:00,46,-36.604748,174.802612,1
esp32_device_001,2026-05-24T03:04:48+12:00,46.3,-36.604748,174.802612,1
esp32_device_001,2026-05-24T03:04:53+12:00,43.9,-36.604752,174.802612,1
esp32_device_001,2026-05-24T03:04:58+12:00,43.2,-36.604755,174.802612,1
esp32_device_001,2026-05-24T03:05:03+12:00,44.3,-36.604759,174.802628,1
esp32_device_001,2026-05-24T03:05:08+12:00,44,-36.604759,174.802612,1
esp32_device_001,2026-05-24T03:05:13+12:00,43.5,-36.604759,174.802612,1
esp32_device_001,2026-05-24T03:05:18+12:00,44,-36.604763,174.802628,1
esp32_device_001,2026-05-24T03:05:23+12:00,42.4,-36.604759,174.802612,1
esp32_device_001,2026-05-24T03:05:28+12:00,41.7,-36.604755,174.802612,1
esp32_device_001,2026-05-24T03:05:33+12:00,42.4,-36.604752,174.802612,1
esp32_device_001,2026-05-24T03:05:38+12:00,43.7,-36.604752,174.802612,1
esp32_device_001,2026-05-24T03:05:43+12:00,45.6,-36.604759,174.802612,1
esp32_device_001,2026-05-24T03:05:48+12:00,45,-36.604759,174.802612,1
esp32_device_001,2026-05-24T03:05:53+12:00,45.5,-36.604763,174.802612,1
esp32_device_001,2026-05-24T03:05:58+12:00,44.6,-36.604759,174.802612,1
esp32_device_001,2026-05-24T03:06:03+12:00,44.3,-36.604755,174.802612,1
esp32_device_001,2026-05-24T03:06:08+12:00,44.8,-36.604755,174.802612,1
esp32_device_001,2026-05-24T03:06:13+12:00,44.2,-36.604755,174.802612,1
esp32_device_001,2026-05-24T03:06:18+12:00,49.5,-36.604774,174.802612,1
esp32_device_001,2026-05-24T03:06:23+12:00,51.4,-36.604782,174.802612,1
esp32_device_001,2026-05-24T03:06:28+12:00,56.9,-36.604794,174.802628,1
esp32_device_001,2026-05-24T03:06:33+12:00,59,-36.604794,174.802628,1
esp32_device_001,2026-05-24T03:06:38+12:00,59.8,-36.604794,174.802612,1
esp32_device_001,2026-05-24T03:06:43+12:00,59.7,-36.60479,174.802612,1
esp32_device_001,2026-05-24T03:06:48+12:00,61.9,-36.604794,174.802612,1
esp32_device_001,2026-05-24T03:06:53+12:00,61.2,-36.604794,174.802612,1
esp32_device_001,2026-05-24T03:06:58+12:00,63.4,-36.604794,174.802612,1
esp32_device_001,2026-05-24T03:07:03+12:00,62.1,-36.604786,174.802612,1
esp32_device_001,2026-05-24T03:07:08+12:00,58.9,-36.604774,174.802597,1
esp32_device_001,2026-05-24T03:07:13+12:00,52.8,-36.604763,174.802597,1
esp32_device_001,2026-05-24T03:07:18+12:00,52,-36.604763,174.802597,1
esp32_device_001,2026-05-24T03:07:23+12:00,50.1,-36.604755,174.802597,1
esp32_device_001,2026-05-24T03:07:28+12:00,49.9,-36.604755,174.802582,1
esp32_device_001,2026-05-24T03:07:33+12:00,49.6,-36.604755,174.802582,1
esp32_device_001,2026-05-24T03:07:38+12:00,50.2,-36.604752,174.802582,1
esp32_device_001,2026-05-24T03:07:43+12:00,50.6,-36.604759,174.802582,1
esp32_device_001,2026-05-24T03:07:48+12:00,49.9,-36.604755,174.802582,1
esp32_device_001,2026-05-24T03:07:53+12:00,48.6,-36.604748,174.802582,1
esp32_device_001,2026-05-24T03:07:58+12:00,48,-36.604744,174.802567,1
esp32_device_001,2026-05-24T03:08:03+12:00,48.3,-36.60474,174.802567,1
esp32_device_001,2026-05-24T03:08:08+12:00,48.9,-36.604736,174.802567,1
esp32_device_001,2026-05-24T03:08:13+12:00,48.1,-36.604733,174.802567,1
esp32_device_001,2026-05-24T03:08:18+12:00,48,-36.604733,174.802567,1
esp32_device_001,2026-05-24T03:08:23+12:00,48,-36.604736,174.802567,1
esp32_device_001,2026-05-24T03:08:28+12:00,48.7,-36.604736,174.802567,1
esp32_device_001,2026-05-24T03:08:33+12:00,49.1,-36.604736,174.802567,1
esp32_device_001,2026-05-24T03:08:38+12:00,50.2,-36.604736,174.802567,1
esp32_device_001,2026-05-24T03:08:43+12:00,50.1,-36.60474,174.802567,1
esp32_device_001,2026-05-24T03:08:48+12:00,49.1,-36.60474,174.802567,1
esp32_device_001,2026-05-24T03:08:53+12:00,48.8,-36.60474,174.802567,1
esp32_device_001,2026-05-24T03:08:58+12:00,49.1,-36.604736,174.802582,1
esp32_device_001,2026-05-24T03:09:03+12:00,49.2,-36.604736,174.802582,1
esp32_device_001,2026-05-24T03:09:08+12:00,49.7,-36.604736,174.802582,1
esp32_device_001,2026-05-24T03:09:13+12:00,50.5,-36.604733,174.802582,1
esp32_device_001,2026-05-24T03:09:18+12:00,50.4,-36.604733,174.802582,1
esp32_device_001,2026-05-24T03:09:23+12:00,49.8,-36.604733,174.802582,1
esp32_device_001,2026-05-24T03:09:28+12:00,51.6,-36.604733,174.802582,1
esp32_device_001,2026-05-24T03:09:33+12:00,52.8,-36.604733,174.802582,1
esp32_device_001,2026-05-24T03:09:38+12:00,53.7,-36.604733,174.802582,1
esp32_device_001,2026-05-24T03:10:24+12:00,51.2,-36.60474,174.802582,1
esp32_device_001,2026-05-24T03:10:29+12:00,49.6,-36.604736,174.802582,1
esp32_device_001,2026-05-24T03:10:34+12:00,47,-36.604736,174.802582,1
esp32_device_001,2026-05-24T03:10:39+12:00,45.5,-36.60474,174.802582,1
esp32_device_001,2026-05-24T03:10:44+12:00,51.4,-36.604744,174.802582,1
esp32_device_001,2026-05-24T03:10:49+12:00,54.1,-36.604748,174.802582,1
esp32_device_001,2026-05-24T03:10:54+12:00,54.4,-36.604748,174.802582,1
esp32_device_001,2026-05-24T03:10:59+12:00,53.3,-36.604748,174.802582,1
esp32_device_001,2026-05-24T03:11:04+12:00,55.3,-36.604748,174.802582,1
esp32_device_001,2026-05-24T03:11:14+12:00,56.5,-36.604755,174.802582,1
esp32_device_001,2026-05-24T03:11:24+12:00,57.9,-36.604759,174.802597,1
esp32_device_001,2026-05-24T03:11:29+12:00,58.6,-36.604763,174.802597,1
esp32_device_001,2026-05-24T03:11:39+12:00,56.8,-36.604763,174.802597,1
esp32_device_001,2026-05-24T03:11:44+12:00,53.6,-36.604767,174.802597,1
esp32_device_001,2026-05-24T03:11:54+12:00,63.7,-36.604778,174.802612,1
esp32_device_001,2026-05-24T03:11:59+12:00,62.4,-36.604774,174.802612,1
esp32_device_001,2026-05-24T03:12:04+12:00,62.4,-36.604774,174.802612,1
esp32_device_001,2026-05-24T03:12:09+12:00,62.1,-36.604774,174.802612,1
esp32_device_001,2026-05-24T03:12:14+12:00,62.4,-36.604774,174.802612,1
esp32_device_001,2026-05-24T03:12:19+12:00,61.5,-36.604771,174.802597,1
esp32_device_001,2026-05-24T03:12:24+12:00,58.1,-36.604767,174.802597,1
esp32_device_001,2026-05-24T03:12:29+12:00,57.3,-36.604763,174.802597,1
esp32_device_001,2026-05-24T03:12:44+12:00,57.3,-36.604752,174.802582,1
esp32_device_001,2026-05-24T03:12:49+12:00,54,-36.604744,174.802582,1
esp32_device_001,2026-05-24T03:12:54+12:00,51.2,-36.60474,174.802567,1
esp32_device_001,2026-05-24T03:12:59+12:00,53.4,-36.604744,174.802567,1
esp32_device_001,2026-05-24T03:13:04+12:00,54.3,-36.604744,174.802567,1
esp32_device_001,2026-05-24T03:13:09+12:00,59.5,-36.604755,174.802582,1
esp32_device_001,2026-05-24T03:13:14+12:00,60.3,-36.604759,174.802582,1
esp32_device_001,2026-05-24T03:13:29+12:00,67.9,-36.604771,174.802582,1
esp32_device_001,2026-05-24T03:13:39+12:00,72.3,-36.604774,174.802582,1
esp32_device_001,2026-05-24T03:13:49+12:00,71.4,-36.604778,174.802582,1
esp32_device_001,2026-05-24T03:13:54+12:00,70.3,-36.604778,174.802582,1
esp32_device_001,2026-05-24T03:13:59+12:00,67.7,-36.604778,174.802597,1
esp32_device_001,2026-05-24T03:14:04+12:00,64,-36.604771,174.802597,1
esp32_device_001,2026-05-24T03:14:09+12:00,65.4,-36.604771,174.802597,1
esp32_device_001,2026-05-24T03:14:14+12:00,68,-36.604771,174.802597,1
esp32_device_001,2026-05-24T03:14:19+12:00,69.4,-36.604767,174.802597,1
esp32_device_001,2026-05-24T03:14:24+12:00,68.3,-36.604759,174.802582,1
esp32_device_001,2026-05-24T03:14:29+12:00,65.4,-36.604748,174.802582,1
esp32_device_001,2026-05-24T03:14:34+12:00,66.3,-36.604744,174.802582,1
esp32_device_001,2026-05-24T03:14:39+12:00,64.8,-36.604744,174.802567,1
esp32_device_001,2026-05-24T03:15:39+12:00,57.5,-36.604752,174.802551,1
esp32_device_001,2026-05-24T03:15:44+12:00,58.5,-36.604744,174.802551,1
esp32_device_001,2026-05-24T03:15:49+12:00,57.4,-36.60474,174.802551,1
esp32_device_001,2026-05-24T03:15:54+12:00,58.5,-36.604744,174.802551,1
esp32_device_001,2026-05-24T03:15:59+12:00,57,-36.604748,174.802551,1
esp32_device_001,2026-05-24T03:16:04+12:00,56.8,-36.604752,174.802567,1
esp32_device_001,2026-05-24T03:16:14+12:00,57.9,-36.604767,174.802567,1
esp32_device_001,2026-05-24T03:16:19+12:00,58.1,-36.604763,174.802567,1
esp32_device_001,2026-05-24T03:16:24+12:00,61.1,-36.604767,174.802567,1
esp32_device_001,2026-05-24T03:16:29+12:00,65.3,-36.604767,174.802567,1
esp32_device_001,2026-05-24T03:16:34+12:00,67.5,-36.604767,174.802567,1
esp32_device_001,2026-05-24T03:16:39+12:00,67.7,-36.604763,174.802567,1
esp32_device_001,2026-05-24T03:16:44+12:00,67.6,-36.604763,174.802582,1
esp32_device_001,2026-05-24T03:16:49+12:00,68.7,-36.604763,174.802582,1
esp32_device_001,2026-05-24T03:16:54+12:00,67.7,-36.604763,174.802582,1
esp32_device_001,2026-05-24T03:16:59+12:00,65.4,-36.604759,174.802567,1
esp32_device_001,2026-05-24T03:17:04+12:00,63.7,-36.604755,174.802567,1
esp32_device_001,2026-05-24T03:17:09+12:00,63.1,-36.604752,174.802567,1
esp32_device_001,2026-05-24T03:17:14+12:00,62.2,-36.604752,174.802582,1
esp32_device_001,2026-05-24T03:17:19+12:00,62.8,-36.604755,174.802582,1
esp32_device_001,2026-05-24T03:17:24+12:00,63.5,-36.604752,174.802582,1
esp32_device_001,2026-05-24T03:17:29+12:00,63.5,-36.604752,174.802582,1
esp32_device_001,2026-05-24T03:17:39+12:00,60.2,-36.604752,174.802582,1
esp32_device_001,2026-05-24T03:17:44+12:00,60,-36.604752,174.802582,1
esp32_device_001,2026-05-24T03:17:49+12:00,61.1,-36.604752,174.802582,1
esp32_device_001,2026-05-24T03:17:54+12:00,63.5,-36.604752,174.802582,1
esp32_device_001,2026-05-24T03:17:59+12:00,64.4,-36.604752,174.802582,1
esp32_device_001,2026-05-24T03:18:04+12:00,65.1,-36.604752,174.802582,1
esp32_device_001,2026-05-24T03:18:09+12:00,65.3,-36.604744,174.802582,1
esp32_device_001,2026-05-24T03:18:14+12:00,63.8,-36.604744,174.802582,1
esp32_device_001,2026-05-24T03:18:19+12:00,61.9,-36.604744,174.802582,1
esp32_device_001,2026-05-24T03:18:24+12:00,61.7,-36.604748,174.802582,1
esp32_device_001,2026-05-24T03:18:29+12:00,60.6,-36.604748,174.802582,1
esp32_device_001,2026-05-24T03:18:34+12:00,59.4,-36.604748,174.802582,1
esp32_device_001,2026-05-24T03:18:39+12:00,58.5,-36.604748,174.802582,1
esp32_device_001,2026-05-24T03:18:44+12:00,58.8,-36.604752,174.802582,1
esp32_device_001,2026-05-24T03:18:49+12:00,57.6,-36.604752,174.802582,1
esp32_device_001,2026-05-24T03:18:54+12:00,56.8,-36.604752,174.802582,1
esp32_device_001,2026-05-24T03:18:59+12:00,56.6,-36.604752,174.802582,1
esp32_device_001,2026-05-24T03:19:04+12:00,54.5,-36.604748,174.802582,1
esp32_device_001,2026-05-24T03:19:09+12:00,53.9,-36.604748,174.802582,1
esp32_device_001,2026-05-24T03:19:14+12:00,53.2,-36.604748,174.802582,1
esp32_device_001,2026-05-24T03:19:19+12:00,55.5,-36.604744,174.802582,1
esp32_device_001,2026-05-24T03:19:24+12:00,58.7,-36.60474,174.802567,1
esp32_device_001,2026-05-24T03:19:29+12:00,58.5,-36.60474,174.802582,1
esp32_device_001,2026-05-24T03:19:34+12:00,57.7,-36.60474,174.802582,1
esp32_device_001,2026-05-24T03:19:39+12:00,58.7,-36.60474,174.802582,1
esp32_device_001,2026-05-24T03:20:26+12:00,62.6,-36.604721,174.802582,1
esp32_device_001,2026-05-24T03:20:31+12:00,62.6,-36.604717,174.802582,1
esp32_device_001,2026-05-24T03:20:36+12:00,61.9,-36.604717,174.802582,1
esp32_device_001,2026-05-24T03:20:41+12:00,60.5,-36.604717,174.802582,1
esp32_device_001,2026-05-24T03:20:46+12:00,60.2,-36.604717,174.802582,1
esp32_device_001,2026-05-24T03:20:51+12:00,59.6,-36.604721,174.802582,1
esp32_device_001,2026-05-24T03:20:56+12:00,58,-36.604725,174.802582,1
esp32_device_001,2026-05-24T03:21:01+12:00,58.7,-36.604721,174.802582,1
esp32_device_001,2026-05-24T03:21:06+12:00,59.9,-36.604721,174.802582,1
esp32_device_001,2026-05-24T03:21:11+12:00,63.2,-36.604721,174.802567,1
esp32_device_001,2026-05-24T03:21:16+12:00,63.6,-36.604717,174.802567,1
esp32_device_001,2026-05-24T03:21:21+12:00,63.8,-36.604721,174.802567,1
esp32_device_001,2026-05-24T03:21:26+12:00,66,-36.604717,174.802551,1
esp32_device_001,2026-05-24T03:21:31+12:00,67.8,-36.604717,174.802551,1
esp32_device_001,2026-05-24T03:21:36+12:00,65.3,-36.604717,174.802551,1
esp32_device_001,2026-05-24T03:21:41+12:00,68.9,-36.604706,174.802536,1
esp32_device_001,2026-05-24T03:21:46+12:00,68.7,-36.604706,174.802521,1
esp32_device_001,2026-05-24T03:21:51+12:00,66.7,-36.60471,174.802536,1
esp32_device_001,2026-05-24T03:21:56+12:00,65.4,-36.60471,174.802536,1
esp32_device_001,2026-05-24T03:22:01+12:00,61.2,-36.604717,174.802536,1
esp32_device_001,2026-05-24T03:22:06+12:00,59.4,-36.604717,174.802536,1
esp32_device_001,2026-05-24T03:22:11+12:00,63.1,-36.604713,174.802536,1
esp32_device_001,2026-05-24T03:22:16+12:00,67.5,-36.604706,174.802521,1
esp32_device_001,2026-05-24T03:22:21+12:00,70.7,-36.604702,174.802505,1
esp32_device_001,2026-05-24T03:22:26+12:00,72.5,-36.604702,174.802505,1
esp32_device_001,2026-05-24T03:22:31+12:00,74.2,-36.604698,174.80249,1
esp32_device_001,2026-05-24T03:22:36+12:00,72.9,-36.604694,174.80249,1
esp32_device_001,2026-05-24T03:22:41+12:00,70.3,-36.604698,174.80249,1
esp32_device_001,2026-05-24T03:22:46+12:00,68.6,-36.604698,174.80249,1
esp32_device_001,2026-05-24T03:22:51+12:00,66.4,-36.604702,174.80249,1
esp32_device_001,2026-05-24T03:22:56+12:00,65.7,-36.604698,174.802475,1
esp32_device_001,2026-05-24T03:23:01+12:00,63.7,-36.604698,174.802475,1
esp32_device_001,2026-05-24T03:23:06+12:00,65,-36.604694,174.802475,1
esp32_device_001,2026-05-24T03:23:11+12:00,64.2,-36.604694,174.802475,1
esp32_device_001,2026-05-24T03:23:16+12:00,62.4,-36.604702,174.802475,1
esp32_device_001,2026-05-24T03:23:21+12:00,59.8,-36.604702,174.80249,1
esp32_device_001,2026-05-24T03:23:26+12:00,57.4,-36.604706,174.80249,1
esp32_device_001,2026-05-24T03:23:31+12:00,57.3,-36.604706,174.80249,1
esp32_device_001,2026-05-24T03:23:36+12:00,59,-36.604706,174.80249,1
esp32_device_001,2026-05-24T03:23:41+12:00,60.4,-36.604706,174.80249,1
esp32_device_001,2026-05-24T03:23:46+12:00,58.4,-36.60471,174.802505,1
esp32_device_001,2026-05-24T03:23:51+12:00,57.7,-36.604717,174.802521,1
esp32_device_001,2026-05-24T03:23:56+12:00,58.6,-36.604721,174.802521,1
esp32_device_001,2026-05-24T03:24:01+12:00,57.1,-36.604717,174.802505,1
esp32_device_001,2026-05-24T03:24:06+12:00,54.1,-36.604717,174.802505,1
esp32_device_001,2026-05-24T03:24:11+12:00,49.3,-36.604736,174.802521,1
esp32_device_001,2026-05-24T03:24:16+12:00,44.6,-36.604744,174.802536,1
esp32_device_001,2026-05-24T03:24:21+12:00,42,-36.604748,174.802536,1
esp32_device_001,2026-05-24T03:24:26+12:00,40.6,-36.604748,174.802536,1
esp32_device_001,2026-05-24T03:24:31+12:00,38.9,-36.604763,174.802551,1
esp32_device_001,2026-05-24T03:24:36+12:00,37.6,-36.604774,174.802582,1
esp32_device_001,2026-05-24T03:24:41+12:00,37,-36.60479,174.802597,1
esp32_device_001,2026-05-24T03:25:49+12:00,37.3,-36.604767,174.802551,1
esp32_device_001,2026-05-24T03:25:54+12:00,36.4,-36.604767,174.802551,1
esp32_device_001,2026-05-24T03:25:59+12:00,38.5,-36.604748,174.802536,1
esp32_device_001,2026-05-24T03:26:04+12:00,41.8,-36.604744,174.802536,1
esp32_device_001,2026-05-24T03:26:09+12:00,51.9,-36.604721,174.802505,1
esp32_device_001,2026-05-24T03:26:14+12:00,52.8,-36.604729,174.802521,1
esp32_device_001,2026-05-24T03:26:19+12:00,58.2,-36.60471,174.802505,1
esp32_device_001,2026-05-24T03:26:24+12:00,65.2,-36.604694,174.80249,1
esp32_device_001,2026-05-24T03:26:29+12:00,69,-36.604698,174.80249,1
esp32_device_001,2026-05-24T03:26:34+12:00,66.9,-36.604721,174.802536,1
esp32_device_001,2026-05-24T03:26:39+12:00,64.2,-36.604733,174.802551,1
esp32_device_001,2026-05-24T03:26:44+12:00,60.8,-36.60474,174.802551,1
esp32_device_001,2026-05-24T03:26:49+12:00,58.4,-36.604748,174.802567,1
esp32_device_001,2026-05-24T03:26:54+12:00,56.2,-36.604748,174.802567,1
esp32_device_001,2026-05-24T03:26:59+12:00,55,-36.604748,174.802567,1
esp32_device_001,2026-05-24T03:27:04+12:00,55.3,-36.604748,174.802567,1
esp32_device_001,2026-05-24T03:27:09+12:00,55.3,-36.604744,174.802551,1
esp32_device_001,2026-05-24T03:27:14+12:00,54.2,-36.604744,174.802567,1
esp32_device_001,2026-05-24T03:27:19+12:00,52.9,-36.604748,174.802582,1
esp32_device_001,2026-05-24T03:27:24+12:00,51.8,-36.60474,174.802567,1
esp32_device_001,2026-05-24T03:27:29+12:00,50.8,-36.604736,174.802567,1
esp32_device_001,2026-05-24T03:27:34+12:00,50.9,-36.604733,174.802567,1
esp32_device_001,2026-05-24T03:27:39+12:00,51.1,-36.604729,174.802567,1
esp32_device_001,2026-05-24T03:27:44+12:00,51.4,-36.604729,174.802567,1
esp32_device_001,2026-05-24T03:27:49+12:00,51.5,-36.604725,174.802567,1
esp32_device_001,2026-05-24T03:27:54+12:00,52,-36.604725,174.802567,1
esp32_device_001,2026-05-24T03:27:59+12:00,52.2,-36.604721,174.802567,1
esp32_device_001,2026-05-24T03:28:04+12:00,53.9,-36.604717,174.802567,1
esp32_device_001,2026-05-24T03:28:09+12:00,53.6,-36.604721,174.802567,1
esp32_device_001,2026-05-24T03:28:14+12:00,53.6,-36.604725,174.802567,1
esp32_device_001,2026-05-24T03:28:19+12:00,57.4,-36.604729,174.802567,1
esp32_device_001,2026-05-24T03:28:24+12:00,62.3,-36.604717,174.802551,1
esp32_device_001,2026-05-24T03:28:29+12:00,63.1,-36.60471,174.802551,1
esp32_device_001,2026-05-24T03:28:34+12:00,65.2,-36.60471,174.802551,1
esp32_device_001,2026-05-24T03:28:39+12:00,62.7,-36.604698,174.802551,1
esp32_device_001,2026-05-24T03:28:44+12:00,64.7,-36.604691,174.802536,1
esp32_device_001,2026-05-24T03:28:49+12:00,64.9,-36.604687,174.802536,1
esp32_device_001,2026-05-24T03:28:54+12:00,64.2,-36.604691,174.802536,1
esp32_device_001,2026-05-24T03:28:59+12:00,64.5,-36.604691,174.802536,1
esp32_device_001,2026-05-24T03:29:04+12:00,67.8,-36.604691,174.802536,1
esp32_device_001,2026-05-24T03:29:09+12:00,69.7,-36.604691,174.802536,1
esp32_device_001,2026-05-24T03:29:14+12:00,73.5,-36.604683,174.802536,1
esp32_device_001,2026-05-24T03:29:19+12:00,75.4,-36.604683,174.802536,1
esp32_device_001,2026-05-24T03:29:24+12:00,77.1,-36.604679,174.802536,1
esp32_device_001,2026-05-24T03:29:29+12:00,79.2,-36.604683,174.802551,1
esp32_device_001,2026-05-24T03:29:34+12:00,80.9,-36.604679,174.802551,1
esp32_device_001,2026-05-24T03:30:12+12:00,0,-36.604683,174.802536,1
esp32_device_001,2026-05-24T03:30:22+12:00,52.1,-36.604687,174.802536,1
esp32_device_001,2026-05-24T03:30:27+12:00,49.5,-36.604687,174.802551,1
esp32_device_001,2026-05-24T03:30:32+12:00,47.9,-36.604687,174.802536,1
esp32_device_001,2026-05-24T03:30:37+12:00,46.5,-36.604687,174.802536,1
esp32_device_001,2026-05-24T03:30:42+12:00,46.7,-36.604683,174.802536,1
esp32_device_001,2026-05-24T03:30:47+12:00,47.5,-36.604679,174.802536,1
esp32_device_001,2026-05-24T03:30:52+12:00,48.6,-36.604683,174.802536,1
esp32_device_001,2026-05-24T03:30:57+12:00,49,-36.604683,174.802536,1
esp32_device_001,2026-05-24T03:31:02+12:00,49,-36.604694,174.802536,1
esp32_device_001,2026-05-24T03:31:07+12:00,47.9,-36.604706,174.802551,1
esp32_device_001,2026-05-24T03:31:12+12:00,45.5,-36.604733,174.802582,1
esp32_device_001,2026-05-24T03:31:17+12:00,42.8,-36.604774,174.802628,1
esp32_device_001,2026-05-24T03:31:22+12:00,41.7,-36.604782,174.802628,1
esp32_device_001,2026-05-24T03:31:27+12:00,42.4,-36.604771,174.802628,1
esp32_device_001,2026-05-24T03:31:32+12:00,43.7,-36.604759,174.802612,1
esp32_device_001,2026-05-24T03:31:37+12:00,50.1,-36.604725,174.802582,1
esp32_device_001,2026-05-24T03:31:42+12:00,52.7,-36.604729,174.802582,1
esp32_device_001,2026-05-24T03:31:47+12:00,55.4,-36.604721,174.802582,1
esp32_device_001,2026-05-24T03:31:52+12:00,54.6,-36.604729,174.802597,1
esp32_device_001,2026-05-24T03:31:57+12:00,55.2,-36.604725,174.802582,1
esp32_device_001,2026-05-24T03:32:02+12:00,56.3,-36.604721,174.802582,1
esp32_device_001,2026-05-24T03:32:07+12:00,58.1,-36.604717,174.802582,1
esp32_device_001,2026-05-24T03:32:12+12:00,58.6,-36.604713,174.802582,1
esp32_device_001,2026-05-24T03:32:17+12:00,58.7,-36.604721,174.802582,1
esp32_device_001,2026-05-24T03:32:22+12:00,58.7,-36.604721,174.802582,1
esp32_device_001,2026-05-24T03:32:27+12:00,58.9,-36.604721,174.802582,1
esp32_device_001,2026-05-24T03:32:32+12:00,58.4,-36.604725,174.802582,1
esp32_device_001,2026-05-24T03:32:37+12:00,57.2,-36.604733,174.802597,1
esp32_device_001,2026-05-24T03:32:42+12:00,57.3,-36.604736,174.802597,1
esp32_device_001,2026-05-24T03:32:47+12:00,58.2,-36.604733,174.802597,1
esp32_device_001,2026-05-24T03:32:52+12:00,59.6,-36.604729,174.802582,1
esp32_device_001,2026-05-24T03:32:57+12:00,59.8,-36.604733,174.802597,1
esp32_device_001,2026-05-24T03:33:02+12:00,60,-36.60474,174.802597,1
esp32_device_001,2026-05-24T03:33:07+12:00,59.8,-36.60474,174.802597,1
esp32_device_001,2026-05-24T03:33:12+12:00,58.1,-36.604744,174.802612,1
esp32_device_001,2026-05-24T03:33:17+12:00,57.6,-36.604748,174.802612,1
esp32_device_001,2026-05-24T03:33:22+12:00,58.1,-36.604752,174.802612,1
esp32_device_001,2026-05-24T03:33:27+12:00,58.1,-36.604752,174.802612,1
esp32_device_001,2026-05-24T03:33:32+12:00,59.4,-36.604744,174.802597,1
esp32_device_001,2026-05-24T03:33:37+12:00,59.9,-36.604744,174.802582,1
esp32_device_001,2026-05-24T03:33:42+12:00,60.1,-36.604744,174.802582,1
esp32_device_001,2026-05-24T03:33:47+12:00,60.4,-36.604744,174.802582,1
esp32_device_001,2026-05-24T03:33:52+12:00,62.1,-36.60474,174.802567,1
esp32_device_001,2026-05-24T03:33:57+12:00,64.3,-36.604736,174.802567,1
esp32_device_001,2026-05-24T03:34:02+12:00,64.4,-36.604736,174.802567,1
esp32_device_001,2026-05-24T03:34:07+12:00,64.5,-36.604736,174.802551,1
esp32_device_001,2026-05-24T03:34:12+12:00,65.1,-36.604736,174.802551,1
esp32_device_001,2026-05-24T03:34:17+12:00,66,-36.604733,174.802551,1
esp32_device_001,2026-05-24T03:34:22+12:00,64.8,-36.604736,174.802536,1
esp32_device_001,2026-05-24T03:34:27+12:00,65.3,-36.604733,174.802536,1
esp32_device_001,2026-05-24T03:34:32+12:00,69,-36.604717,174.802521,1
esp32_device_001,2026-05-24T03:34:37+12:00,74.9,-36.604691,174.80249,1
esp32_device_001,2026-05-24T03:34:42+12:00,77.1,-36.604675,174.802475,1
esp32_device_001,2026-05-24T03:34:47+12:00,78.2,-36.604671,174.802475,1
esp32_device_001,2026-05-24T03:34:52+12:00,76,-36.604675,174.802475,1
esp32_device_001,2026-05-24T03:34:57+12:00,72.8,-36.604691,174.80249,1
esp32_device_001,2026-05-24T03:35:02+12:00,71.7,-36.604691,174.80249,1
esp32_device_001,2026-05-24T03:35:07+12:00,70.1,-36.604698,174.802505,1
esp32_device_001,2026-05-24T03:35:58+12:00,64.4,-36.604729,174.802551,1
esp32_device_001,2026-05-24T03:36:13+12:00,63.3,-36.604744,174.802567,1
esp32_device_001,2026-05-24T03:37:13+12:00,51.1,-36.604778,174.802582,1
esp32_device_001,2026-05-24T03:37:18+12:00,51.3,-36.604774,174.802582,1
esp32_device_001,2026-05-24T03:37:23+12:00,52,-36.604771,174.802582,1
esp32_device_001,2026-05-24T03:39:24+12:00,43.9,-36.604774,174.802597,1
esp32_device_001,2026-05-24T03:39:34+12:00,45.4,-36.604778,174.802582,1
esp32_device_001,2026-05-24T03:39:39+12:00,45.9,-36.604778,174.802582,1
esp32_device_001,2026-05-24T03:39:44+12:00,46.8,-36.604774,174.802582,1
esp32_device_001,2026-05-24T03:39:49+12:00,48.7,-36.604763,174.802582,1
esp32_device_001,2026-05-24T03:39:54+12:00,50.3,-36.604755,174.802597,1
esp32_device_001,2026-05-24T03:39:59+12:00,51.8,-36.604744,174.802597,1
esp32_device_001,2026-05-24T03:40:04+12:00,55.5,-36.604733,174.802582,1
esp32_device_001,2026-05-24T03:40:09+12:00,58,-36.604725,174.802582,1
esp32_device_001,2026-05-24T03:40:14+12:00,61.7,-36.604717,174.802582,1
esp32_device_001,2026-05-24T03:40:19+12:00,64.8,-36.60471,174.802567,1
esp32_device_001,2026-05-24T03:40:24+12:00,65.1,-36.60471,174.802567,1
esp32_device_001,2026-05-24T03:40:29+12:00,66.9,-36.604698,174.802582,1
esp32_device_001,2026-05-24T03:40:34+12:00,68.6,-36.604691,174.802582,1
esp32_device_001,2026-05-24T03:40:39+12:00,69.7,-36.604679,174.802582,1
esp32_device_001,2026-05-24T03:40:44+12:00,70.2,-36.604679,174.802582,1
esp32_device_001,2026-05-24T03:40:49+12:00,68.2,-36.604691,174.802582,1
esp32_device_001,2026-05-24T03:40:54+12:00,66,-36.604694,174.802582,1
esp32_device_001,2026-05-24T03:40:59+12:00,62.9,-36.604706,174.802582,1
esp32_device_001,2026-05-24T03:41:04+12:00,61.5,-36.60471,174.802582,1
esp32_device_001,2026-05-24T03:41:09+12:00,59.7,-36.604713,174.802597,1
esp32_device_001,2026-05-24T03:41:14+12:00,59.4,-36.604713,174.802597,1
esp32_device_001,2026-05-24T03:41:19+12:00,59,-36.604713,174.802597,1
esp32_device_001,2026-05-24T03:41:24+12:00,58.4,-36.604713,174.802597,1
esp32_device_001,2026-05-24T03:41:29+12:00,57.5,-36.604713,174.802597,1
esp32_device_001,2026-05-24T03:41:34+12:00,55.6,-36.604717,174.802597,1
esp32_device_001,2026-05-24T03:41:39+12:00,54.4,-36.604717,174.802597,1
esp32_device_001,2026-05-24T03:41:44+12:00,56.2,-36.604713,174.802597,1
esp32_device_001,2026-05-24T03:41:49+12:00,57.5,-36.604713,174.802597,1
esp32_device_001,2026-05-24T03:41:54+12:00,57.5,-36.604717,174.802597,1
esp32_device_001,2026-05-24T03:41:59+12:00,56.6,-36.604721,174.802597,1
esp32_device_001,2026-05-24T03:42:04+12:00,54.9,-36.604725,174.802612,1
esp32_device_001,2026-05-24T03:42:09+12:00,55.1,-36.604721,174.802612,1
esp32_device_001,2026-05-24T03:42:14+12:00,53.8,-36.604721,174.802612,1
esp32_device_001,2026-05-24T03:42:19+12:00,54.1,-36.604717,174.802612,1
esp32_device_001,2026-05-24T03:42:24+12:00,55.8,-36.604717,174.802612,1
esp32_device_001,2026-05-24T03:42:29+12:00,55.2,-36.604721,174.802612,1
esp32_device_001,2026-05-24T03:42:34+12:00,53.8,-36.604725,174.802612,1
esp32_device_001,2026-05-24T03:42:39+12:00,55.4,-36.604725,174.802597,1
esp32_device_001,2026-05-24T03:42:44+12:00,56.4,-36.604725,174.802597,1
esp32_device_001,2026-05-24T03:42:49+12:00,55.5,-36.604729,174.802597,1
esp32_device_001,2026-05-24T03:42:54+12:00,53,-36.604733,174.802612,1
esp32_device_001,2026-05-24T03:42:59+12:00,51.1,-36.604729,174.802612,1
esp32_device_001,2026-05-24T03:43:04+12:00,50.1,-36.604736,174.802612,1
esp32_device_001,2026-05-24T03:43:09+12:00,48.2,-36.60474,174.802612,1
esp32_device_001,2026-05-24T03:43:14+12:00,46.7,-36.60474,174.802612,1
esp32_device_001,2026-05-24T03:43:19+12:00,46.9,-36.60474,174.802612,1
esp32_device_001,2026-05-24T03:43:24+12:00,47.7,-36.60474,174.802612,1
esp32_device_001,2026-05-24T03:43:29+12:00,49.8,-36.604736,174.802612,1
esp32_device_001,2026-05-24T03:43:34+12:00,52.1,-36.604733,174.802597,1
esp32_device_001,2026-05-24T03:43:39+12:00,54.1,-36.604729,174.802612,1
esp32_device_001,2026-05-24T03:43:44+12:00,54,-36.604729,174.802612,1
esp32_device_001,2026-05-24T03:43:49+12:00,54.8,-36.604729,174.802612,1
esp32_device_001,2026-05-24T03:43:54+12:00,53.5,-36.604733,174.802612,1
esp32_device_001,2026-05-24T03:43:59+12:00,53,-36.604736,174.802612,1
esp32_device_001,2026-05-24T03:44:04+12:00,52.3,-36.60474,174.802597,1
esp32_device_001,2026-05-24T03:44:09+12:00,52.6,-36.60474,174.802597,1
esp32_device_001,2026-05-24T03:44:14+12:00,50.6,-36.604744,174.802612,1
esp32_device_001,2026-05-24T03:44:19+12:00,50.3,-36.604744,174.802612,1
esp32_device_001,2026-05-24T03:44:49+12:00,49.4,-36.60474,174.802628,1
esp32_device_001,2026-05-24T03:44:54+12:00,50.3,-36.604736,174.802628,1
esp32_device_001,2026-05-24T03:44:59+12:00,52.5,-36.604733,174.802628,1
esp32_device_001,2026-05-24T03:45:04+12:00,53.7,-36.604733,174.802628,1
esp32_device_001,2026-05-24T03:45:09+12:00,54.2,-36.604736,174.802628,1
esp32_device_001,2026-05-24T03:45:14+12:00,53.4,-36.604744,174.802612,1
esp32_device_001,2026-05-24T03:45:19+12:00,55.2,-36.60474,174.802612,1
esp32_device_001,2026-05-24T03:45:24+12:00,55,-36.604744,174.802612,1
esp32_device_001,2026-05-24T03:45:29+12:00,57.3,-36.604736,174.802612,1
esp32_device_001,2026-05-24T03:45:34+12:00,60.6,-36.604729,174.802597,1
esp32_device_001,2026-05-24T03:45:39+12:00,62.4,-36.604725,174.802597,1
esp32_device_001,2026-05-24T03:45:44+12:00,62,-36.604729,174.802597,1
esp32_device_001,2026-05-24T03:45:49+12:00,61.7,-36.604729,174.802597,1
esp32_device_001,2026-05-24T03:45:54+12:00,60.9,-36.604733,174.802597,1
esp32_device_001,2026-05-24T03:45:59+12:00,61.1,-36.604733,174.802597,1
esp32_device_001,2026-05-24T03:46:04+12:00,62.5,-36.604729,174.802597,1
esp32_device_001,2026-05-24T03:46:09+12:00,62.4,-36.604729,174.802597,1
esp32_device_001,2026-05-24T03:46:14+12:00,59.5,-36.60474,174.802597,1
esp32_device_001,2026-05-24T03:46:19+12:00,57.6,-36.604748,174.802597,1
esp32_device_001,2026-05-24T03:46:24+12:00,56.6,-36.604748,174.802597,1
esp32_device_001,2026-05-24T03:46:29+12:00,58.3,-36.604744,174.802597,1
esp32_device_001,2026-05-24T03:46:34+12:00,57.7,-36.604744,174.802597,1
esp32_device_001,2026-05-24T03:46:39+12:00,57.4,-36.604744,174.802597,1
esp32_device_001,2026-05-24T03:46:44+12:00,57.1,-36.604748,174.802597,1
esp32_device_001,2026-05-24T03:46:49+12:00,57.8,-36.604744,174.802597,1
esp32_device_001,2026-05-24T03:46:54+12:00,59.2,-36.60474,174.802597,1
esp32_device_001,2026-05-24T03:46:59+12:00,59.4,-36.60474,174.802597,1
esp32_device_001,2026-05-24T03:47:04+12:00,59.3,-36.60474,174.802597,1
esp32_device_001,2026-05-24T03:47:09+12:00,58.3,-36.604744,174.802597,1
esp32_device_001,2026-05-24T03:47:14+12:00,56.4,-36.604752,174.802597,1
esp32_device_001,2026-05-24T03:47:19+12:00,54.4,-36.604759,174.802597,1
esp32_device_001,2026-05-24T03:47:24+12:00,52.9,-36.604763,174.802612,1
esp32_device_001,2026-05-24T03:47:29+12:00,51.2,-36.604771,174.802612,1
esp32_device_001,2026-05-24T03:47:34+12:00,50.5,-36.604771,174.802612,1
esp32_device_001,2026-05-24T03:47:39+12:00,48.7,-36.604774,174.802612,1
esp32_device_001,2026-05-24T03:47:44+12:00,46.1,-36.604786,174.802612,1
esp32_device_001,2026-05-24T03:47:49+12:00,44.8,-36.60479,174.802612,1
esp32_device_001,2026-05-24T03:47:54+12:00,43.3,-36.604794,174.802612,1
esp32_device_001,2026-05-24T03:47:59+12:00,42.6,-36.604797,174.802612,1
esp32_device_001,2026-05-24T03:48:04+12:00,45.3,-36.604786,174.802628,1
esp32_device_001,2026-05-24T03:48:09+12:00,45.9,-36.604786,174.802628,1
esp32_device_001,2026-05-24T03:48:14+12:00,47.1,-36.604778,174.802628,1
esp32_device_001,2026-05-24T03:48:19+12:00,46.2,-36.604782,174.802628,1
esp32_device_001,2026-05-24T03:48:24+12:00,46,-36.604786,174.802628,1
esp32_device_001,2026-05-24T03:48:29+12:00,45.7,-36.604786,174.802628,1
esp32_device_001,2026-05-24T03:48:34+12:00,46.2,-36.604786,174.802628,1
esp32_device_001,2026-05-24T03:48:39+12:00,46.1,-36.604786,174.802628,1
esp32_device_001,2026-05-24T03:48:44+12:00,46.9,-36.604782,174.802628,1
esp32_device_001,2026-05-24T03:48:49+12:00,47,-36.604782,174.802628,1
esp32_device_001,2026-05-24T03:48:54+12:00,47.2,-36.604782,174.802628,1
esp32_device_001,2026-05-24T03:48:59+12:00,47.4,-36.604782,174.802628,1
esp32_device_001,2026-05-24T03:49:04+12:00,46.8,-36.604786,174.802628,1
esp32_device_001,2026-05-24T03:49:09+12:00,46,-36.60479,174.802628,1
esp32_device_001,2026-05-24T03:49:14+12:00,45.5,-36.604794,174.802628,1
esp32_device_001,2026-05-24T03:49:19+12:00,45.3,-36.604794,174.802628,1
esp32_device_001,2026-05-24T03:50:20+12:00,47,-36.604786,174.802628,1
esp32_device_001,2026-05-24T03:50:30+12:00,47.5,-36.604782,174.802628,1
esp32_device_001,2026-05-24T03:50:35+12:00,46.2,-36.604786,174.802628,1
esp32_device_001,2026-05-24T03:50:40+12:00,45.8,-36.604786,174.802628,1
esp32_device_001,2026-05-24T03:50:45+12:00,44.9,-36.60479,174.802628,1
esp32_device_001,2026-05-24T03:50:50+12:00,44.1,-36.604794,174.802628,1
esp32_device_001,2026-05-24T03:50:55+12:00,44.5,-36.60479,174.802628,1
esp32_device_001,2026-05-24T03:51:00+12:00,44.3,-36.60479,174.802628,1
esp32_device_001,2026-05-24T03:51:05+12:00,44.1,-36.60479,174.802628,1
esp32_device_001,2026-05-24T03:51:10+12:00,42.6,-36.60479,174.802628,1
esp32_device_001,2026-05-24T03:51:40+12:00,35.5,-36.604801,174.802612,1
esp32_device_001,2026-05-24T03:51:45+12:00,36.8,-36.604797,174.802612,1
esp32_device_001,2026-05-24T03:52:50+12:00,0,-36.604759,174.802612,1
esp32_device_001,2026-05-24T03:53:00+12:00,44.9,-36.604771,174.802612,1
esp32_device_001,2026-05-24T03:53:05+12:00,44.2,-36.604774,174.802612,1
esp32_device_001,2026-05-24T03:53:10+12:00,42.3,-36.604778,174.802612,1
esp32_device_001,2026-05-24T03:53:15+12:00,43.2,-36.604778,174.802612,1
esp32_device_001,2026-05-24T03:53:20+12:00,43.3,-36.604782,174.802597,1
esp32_device_001,2026-05-24T03:53:25+12:00,44.3,-36.604782,174.802597,1
esp32_device_001,2026-05-24T03:53:30+12:00,46,-36.604778,174.802597,1
esp32_device_001,2026-05-24T03:53:35+12:00,47.4,-36.604778,174.802597,1
esp32_device_001,2026-05-24T03:53:40+12:00,46.6,-36.604782,174.802597,1
esp32_device_001,2026-05-24T03:53:45+12:00,46,-36.604782,174.802597,1
esp32_device_001,2026-05-24T03:53:50+12:00,46.7,-36.604778,174.802597,1
esp32_device_001,2026-05-24T03:53:55+12:00,47.7,-36.604774,174.802597,1
esp32_device_001,2026-05-24T03:54:00+12:00,47.8,-36.604774,174.802597,1
esp32_device_001,2026-05-24T03:54:05+12:00,47.6,-36.604778,174.802597,1
esp32_device_001,2026-05-24T03:54:10+12:00,47.5,-36.604778,174.802597,1
esp32_device_001,2026-05-24T03:54:15+12:00,47.9,-36.604778,174.802597,1
esp32_device_001,2026-05-24T03:54:20+12:00,49.1,-36.604774,174.802597,1
esp32_device_001,2026-05-24T03:54:25+12:00,49.8,-36.604774,174.802597,1
esp32_device_001,2026-05-24T03:54:30+12:00,49.8,-36.604771,174.802597,1
esp32_device_001,2026-05-24T03:54:35+12:00,50,-36.604771,174.802597,1
esp32_device_001,2026-05-24T03:54:40+12:00,50.3,-36.604771,174.802597,1
esp32_device_001,2026-05-24T03:54:45+12:00,50.4,-36.604771,174.802597,1
esp32_device_001,2026-05-24T03:54:50+12:00,50,-36.604774,174.802597,1
esp32_device_001,2026-05-24T03:54:55+12:00,48.9,-36.604778,174.802597,1
esp32_device_001,2026-05-24T03:55:00+12:00,48.9,-36.604774,174.802597,1
esp32_device_001,2026-05-24T03:55:05+12:00,45.9,-36.604778,174.802597,1
esp32_device_001,2026-05-24T03:55:10+12:00,44.3,-36.604778,174.802597,1
esp32_device_001,2026-05-24T03:55:15+12:00,42.9,-36.604778,174.802597,1
esp32_device_001,2026-05-24T03:55:20+12:00,40.8,-36.604782,174.802597,1
esp32_device_001,2026-05-24T03:55:25+12:00,42.1,-36.604778,174.802597,1
esp32_device_001,2026-05-24T03:55:30+12:00,43,-36.604774,174.802597,1
esp32_device_001,2026-05-24T03:55:35+12:00,43.6,-36.604778,174.802597,1
esp32_device_001,2026-05-24T03:55:40+12:00,45.5,-36.604774,174.802597,1
esp32_device_001,2026-05-24T03:55:45+12:00,44.7,-36.604774,174.802597,1
esp32_device_001,2026-05-24T03:55:50+12:00,44.2,-36.604778,174.802597,1
esp32_device_001,2026-05-24T03:55:55+12:00,43.4,-36.604778,174.802597,1
esp32_device_001,2026-05-24T03:56:00+12:00,42,-36.604782,174.802597,1
esp32_device_001,2026-05-24T03:56:05+12:00,43.4,-36.604782,174.802582,1
esp32_device_001,2026-05-24T03:56:10+12:00,44.6,-36.604778,174.802582,1
esp32_device_001,2026-05-24T03:56:15+12:00,48.3,-36.604771,174.802582,1
esp32_device_001,2026-05-24T03:56:20+12:00,50.6,-36.604763,174.802582,1
esp32_device_001,2026-05-24T03:56:25+12:00,52,-36.604763,174.802567,1
esp32_device_001,2026-05-24T03:56:30+12:00,54.5,-36.604755,174.802567,1
esp32_device_001,2026-05-24T03:56:35+12:00,57.2,-36.604752,174.802567,1
esp32_device_001,2026-05-24T03:56:40+12:00,60,-36.604748,174.802567,1
esp32_device_001,2026-05-24T03:56:45+12:00,62.1,-36.60474,174.802567,1
esp32_device_001,2026-05-24T03:56:50+12:00,62.6,-36.60474,174.802567,1
esp32_device_001,2026-05-24T03:56:55+12:00,62.5,-36.60474,174.802582,1
esp32_device_001,2026-05-24T03:57:00+12:00,59.4,-36.604748,174.802582,1
esp32_device_001,2026-05-24T03:57:05+12:00,57.1,-36.604755,174.802567,1
esp32_device_001,2026-05-24T03:57:10+12:00,56,-36.604759,174.802567,1
esp32_device_001,2026-05-24T03:57:15+12:00,55.8,-36.604759,174.802567,1
esp32_device_001,2026-05-24T03:57:20+12:00,54.5,-36.604763,174.802567,1
esp32_device_001,2026-05-24T03:57:25+12:00,55,-36.604759,174.802567,1
esp32_device_001,2026-05-24T03:57:30+12:00,55.4,-36.604759,174.802567,1
esp32_device_001,2026-05-24T03:57:35+12:00,59.8,-36.604752,174.802567,1
esp32_device_001,2026-05-24T03:57:40+12:00,61.2,-36.604748,174.802567,1
esp32_device_001,2026-05-24T03:57:45+12:00,61,-36.604752,174.802567,1
esp32_device_001,2026-05-24T04:00:14+12:00,67.9,-36.604736,174.802567,1
esp32_device_001,2026-05-24T04:00:24+12:00,69.2,-36.604725,174.802567,1
esp32_device_001,2026-05-24T04:00:29+12:00,69.5,-36.604721,174.802567,1
esp32_device_001,2026-05-24T04:00:34+12:00,69.5,-36.604717,174.802582,1
esp32_device_001,2026-05-24T04:00:39+12:00,68.7,-36.604713,174.802582,1
esp32_device_001,2026-05-24T04:00:44+12:00,68.5,-36.604713,174.802582,1
esp32_device_001,2026-05-24T04:00:49+12:00,67.3,-36.60471,174.802582,1
esp32_device_001,2026-05-24T04:00:54+12:00,66,-36.60471,174.802582,1
esp32_device_001,2026-05-24T04:00:59+12:00,65.7,-36.604706,174.802582,1
esp32_device_001,2026-05-24T04:01:04+12:00,65.7,-36.604706,174.802582,1
esp32_device_001,2026-05-24T04:01:09+12:00,64.3,-36.604706,174.802582,1
esp32_device_001,2026-05-24T04:01:14+12:00,61.7,-36.60471,174.802582,1
esp32_device_001,2026-05-24T04:01:19+12:00,59.4,-36.60471,174.802582,1
esp32_device_001,2026-05-24T04:01:24+12:00,57.5,-36.604713,174.802582,1
esp32_device_001,2026-05-24T04:01:29+12:00,53.9,-36.604721,174.802597,1
esp32_device_001,2026-05-24T04:01:34+12:00,52.1,-36.604725,174.802597,1
esp32_device_001,2026-05-24T04:01:39+12:00,50.2,-36.604729,174.802597,1
esp32_device_001,2026-05-24T04:01:44+12:00,48.3,-36.604733,174.802582,1
esp32_device_001,2026-05-24T04:01:49+12:00,47,-36.604736,174.802582,1
esp32_device_001,2026-05-24T04:01:54+12:00,46.4,-36.60474,174.802582,1
esp32_device_001,2026-05-24T04:01:59+12:00,45.6,-36.604744,174.802582,1
esp32_device_001,2026-05-24T04:02:04+12:00,44.6,-36.604748,174.802582,1
esp32_device_001,2026-05-24T04:02:09+12:00,42.7,-36.604752,174.802582,1
esp32_device_001,2026-05-24T04:02:14+12:00,43,-36.604752,174.802582,1
esp32_device_001,2026-05-24T04:02:19+12:00,42.9,-36.604752,174.802582,1
esp32_device_001,2026-05-24T04:02:24+12:00,43.2,-36.604752,174.802582,1
esp32_device_001,2026-05-24T04:02:29+12:00,42.8,-36.604755,174.802597,1
esp32_device_001,2026-05-24T04:02:34+12:00,41.4,-36.604759,174.802597,1
esp32_device_001,2026-05-24T04:02:39+12:00,41.7,-36.604759,174.802597,1
esp32_device_001,2026-05-24T04:02:44+12:00,41,-36.604759,174.802597,1
esp32_device_001,2026-05-24T04:02:49+12:00,42.2,-36.604759,174.802597,1
esp32_device_001,2026-05-24T04:02:54+12:00,44.4,-36.604752,174.802597,1
esp32_device_001,2026-05-24T04:02:59+12:00,45,-36.604752,174.802597,1
esp32_device_001,2026-05-24T04:03:04+12:00,46.6,-36.604748,174.802597,1
esp32_device_001,2026-05-24T04:03:09+12:00,48.1,-36.604744,174.802597,1
esp32_device_001,2026-05-24T04:03:14+12:00,50,-36.60474,174.802597,1
esp32_device_001,2026-05-24T04:03:19+12:00,52.2,-36.604736,174.802597,1
esp32_device_001,2026-05-24T04:03:24+12:00,55.8,-36.604729,174.802582,1
esp32_device_001,2026-05-24T04:03:29+12:00,57.5,-36.604729,174.802582,1
esp32_device_001,2026-05-24T04:03:34+12:00,58.3,-36.604725,174.802597,1
esp32_device_001,2026-05-24T04:03:39+12:00,58.5,-36.604725,174.802597,1
esp32_device_001,2026-05-24T04:03:44+12:00,56.3,-36.604733,174.802597,1
esp32_device_001,2026-05-24T04:03:49+12:00,54.8,-36.604748,174.802582,1
esp32_device_001,2026-05-24T04:03:54+12:00,55.5,-36.604744,174.802582,1
esp32_device_001,2026-05-24T04:03:59+12:00,55.1,-36.604744,174.802597,1
esp32_device_001,2026-05-24T04:04:04+12:00,56.4,-36.604744,174.802597,1
esp32_device_001,2026-05-24T04:04:09+12:00,57.5,-36.604748,174.802597,1
esp32_device_001,2026-05-24T04:04:14+12:00,58.8,-36.604752,174.802612,1
esp32_device_001,2026-05-24T04:04:19+12:00,56.2,-36.604759,174.802597,1
esp32_device_001,2026-05-24T04:04:24+12:00,56.3,-36.604759,174.802597,1
esp32_device_001,2026-05-24T04:04:29+12:00,56.4,-36.604755,174.802597,1
esp32_device_001,2026-05-24T04:04:34+12:00,57.6,-36.604752,174.802582,1
esp32_device_001,2026-05-24T04:04:39+12:00,57.1,-36.604748,174.802567,1
esp32_device_001,2026-05-24T04:04:44+12:00,57.6,-36.604752,174.802567,1
esp32_device_001,2026-05-24T04:04:49+12:00,58.7,-36.604755,174.802567,1
esp32_device_001,2026-05-24T04:04:54+12:00,58.7,-36.604759,174.802582,1
esp32_device_001,2026-05-24T04:04:59+12:00,60,-36.604755,174.802597,1
esp32_device_001,2026-05-24T04:05:04+12:00,61.2,-36.604755,174.802612,1
esp32_device_001,2026-05-24T04:05:09+12:00,61.8,-36.604755,174.802612,1
esp32_device_001,2026-05-24T04:05:28+12:00,55.3,-36.604759,174.802597,1
esp32_device_001,2026-05-24T04:05:33+12:00,52.9,-36.604763,174.802582,1
esp32_device_001,2026-05-24T04:05:38+12:00,52.3,-36.604763,174.802567,1
esp32_device_001,2026-05-24T04:05:43+12:00,51.5,-36.604767,174.802567,1
esp32_device_001,2026-05-24T04:05:48+12:00,50.2,-36.604767,174.802582,1
esp32_device_001,2026-05-24T04:05:53+12:00,49.2,-36.604767,174.802582,1
esp32_device_001,2026-05-24T04:05:58+12:00,48.7,-36.604767,174.802582,1
esp32_device_001,2026-05-24T04:06:03+12:00,47.3,-36.604767,174.802567,1
esp32_device_001,2026-05-24T04:06:08+12:00,46.1,-36.604767,174.802567,1
esp32_device_001,2026-05-24T04:06:13+12:00,45.5,-36.604763,174.802551,1
esp32_device_001,2026-05-24T04:06:18+12:00,46.4,-36.604759,174.802551,1
esp32_device_001,2026-05-24T04:06:23+12:00,47.6,-36.604755,174.802551,1
esp32_device_001,2026-05-24T04:06:28+12:00,46.4,-36.604755,174.802551,1
esp32_device_001,2026-05-24T04:06:33+12:00,44.9,-36.604755,174.802551,1
esp32_device_001,2026-05-24T04:06:38+12:00,44.8,-36.604759,174.802567,1
esp32_device_001,2026-05-24T04:06:43+12:00,45.9,-36.604759,174.802582,1
esp32_device_001,2026-05-24T04:06:48+12:00,47.4,-36.604755,174.802597,1
esp32_device_001,2026-05-24T04:06:53+12:00,47.5,-36.604755,174.802597,1
esp32_device_001,2026-05-24T04:06:58+12:00,47.5,-36.604755,174.802612,1
esp32_device_001,2026-05-24T04:07:03+12:00,47.6,-36.604759,174.802612,1
esp32_device_001,2026-05-24T04:07:08+12:00,47.6,-36.604759,174.802597,1
esp32_device_001,2026-05-24T04:07:13+12:00,45.5,-36.604767,174.802582,1
esp32_device_001,2026-05-24T04:07:18+12:00,44.8,-36.604771,174.802582,1
esp32_device_001,2026-05-24T04:07:23+12:00,44.9,-36.604774,174.802582,1
esp32_device_001,2026-05-24T04:07:28+12:00,44.3,-36.604774,174.802597,1
esp32_device_001,2026-05-24T04:07:33+12:00,45.3,-36.604771,174.802582,1
esp32_device_001,2026-05-24T04:07:38+12:00,45.2,-36.604771,174.802582,1
esp32_device_001,2026-05-24T04:07:43+12:00,42.9,-36.604774,174.802582,1
esp32_device_001,2026-05-24T04:07:48+12:00,41.2,-36.604778,174.802597,1
esp32_device_001,2026-05-24T04:07:53+12:00,38.4,-36.604786,174.802597,1
esp32_device_001,2026-05-24T04:07:58+12:00,37,-36.60479,174.802582,1
esp32_device_001,2026-05-24T04:08:03+12:00,36.5,-36.60479,174.802597,1
esp32_device_001,2026-05-24T04:08:08+12:00,35.3,-36.60479,174.802597,1
esp32_device_001,2026-05-24T04:08:13+12:00,32.6,-36.604794,174.802582,1
esp32_device_001,2026-05-24T04:08:18+12:00,29.4,-36.604805,174.802597,1
esp32_device_001,2026-05-24T04:08:23+12:00,28.6,-36.604809,174.802597,1
esp32_device_001,2026-05-24T04:08:28+12:00,28.7,-36.604809,174.802597,1
esp32_device_001,2026-05-24T04:08:33+12:00,29.1,-36.604813,174.802612,1
esp32_device_001,2026-05-24T04:08:38+12:00,29.7,-36.604813,174.802612,1
esp32_device_001,2026-05-24T04:08:43+12:00,29.7,-36.604813,174.802597,1
esp32_device_001,2026-05-24T04:08:48+12:00,31.1,-36.604809,174.802597,1
esp32_device_001,2026-05-24T04:08:53+12:00,31.1,-36.604805,174.802582,1
esp32_device_001,2026-05-24T04:08:58+12:00,30.7,-36.604805,174.802582,1
esp32_device_001,2026-05-24T04:09:03+12:00,31.7,-36.604801,174.802567,1
esp32_device_001,2026-05-24T04:09:08+12:00,33,-36.604797,174.802567,1
esp32_device_001,2026-05-24T04:09:13+12:00,35.9,-36.60479,174.802567,1
esp32_device_001,2026-05-24T04:09:18+12:00,38.6,-36.604782,174.802567,1
esp32_device_001,2026-05-24T04:09:23+12:00,41.4,-36.604774,174.802567,1
esp32_device_001,2026-05-24T04:09:28+12:00,43.5,-36.604774,174.802567,1
esp32_device_001,2026-05-24T04:09:33+12:00,49,-36.604763,174.802567,1
esp32_device_001,2026-05-24T04:09:38+12:00,53.5,-36.604748,174.802567,1
esp32_device_001,2026-05-24T04:09:43+12:00,56.7,-36.60474,174.802567,1
esp32_device_001,2026-05-24T04:09:48+12:00,57.8,-36.60474,174.802567,1
esp32_device_001,2026-05-24T04:09:53+12:00,57.7,-36.60474,174.802567,1
esp32_device_001,2026-05-24T04:09:58+12:00,59,-36.60474,174.802582,1
esp32_device_001,2026-05-24T04:10:03+12:00,58.2,-36.604744,174.802582,1
esp32_device_001,2026-05-24T04:10:08+12:00,57.6,-36.604748,174.802582,1
esp32_device_001,2026-05-24T04:10:13+12:00,59.8,-36.604744,174.802597,1
esp32_device_001,2026-05-24T04:10:28+12:00,59.8,-36.60474,174.802597,1
esp32_device_001,2026-05-24T04:10:33+12:00,59.8,-36.604744,174.802597,1
esp32_device_001,2026-05-24T04:10:38+12:00,59.8,-36.604759,174.802582,1
esp32_device_001,2026-05-24T04:10:43+12:00,59.8,-36.604763,174.802567,1
esp32_device_001,2026-05-24T04:10:48+12:00,59.8,-36.604767,174.802567,1
esp32_device_001,2026-05-24T04:10:53+12:00,59.8,-36.604771,174.802567,1
esp32_device_001,2026-05-24T04:10:58+12:00,59.8,-36.604774,174.802567,1
esp32_device_001,2026-05-24T04:11:03+12:00,59.8,-36.604778,174.802567,1
esp32_device_001,2026-05-24T04:11:08+12:00,59.8,-36.604778,174.802582,1
esp32_device_001,2026-05-24T04:11:13+12:00,59.8,-36.604782,174.802567,1
esp32_device_001,2026-05-24T04:11:18+12:00,59.8,-36.604782,174.802567,1
esp32_device_001,2026-05-24T04:11:23+12:00,59.8,-36.604778,174.802567,1
esp32_device_001,2026-05-24T04:11:28+12:00,59.8,-36.604778,174.802567,1
esp32_device_001,2026-05-24T04:11:33+12:00,59.8,-36.604782,174.802582,1
esp32_device_001,2026-05-24T04:11:38+12:00,59.8,-36.604778,174.802582,1
esp32_device_001,2026-05-24T04:11:43+12:00,59.8,-36.604782,174.802582,1
esp32_device_001,2026-05-24T04:11:48+12:00,59.8,-36.604786,174.802582,1
esp32_device_001,2026-05-24T04:11:53+12:00,59.8,-36.604786,174.802582,1
esp32_device_001,2026-05-24T04:11:58+12:00,59.8,-36.604786,174.802582,1
esp32_device_001,2026-05-24T04:12:03+12:00,59.8,-36.604786,174.802582,1
esp32_device_001,2026-05-24T04:12:08+12:00,59.8,-36.60479,174.802567,1
esp32_device_001,2026-05-24T04:12:13+12:00,59.8,-36.604786,174.802567,1
esp32_device_001,2026-05-24T04:12:18+12:00,59.8,-36.604786,174.802567,1
esp32_device_001,2026-05-24T04:12:23+12:00,59.8,-36.604782,174.802567,1
esp32_device_001,2026-05-24T04:12:28+12:00,59.8,-36.604782,174.802551,1
esp32_device_001,2026-05-24T04:12:33+12:00,59.8,-36.604778,174.802551,1
esp32_device_001,2026-05-24T04:12:38+12:00,59.8,-36.604778,174.802551,1
esp32_device_001,2026-05-24T04:12:43+12:00,59.8,-36.604774,174.802551,1
esp32_device_001,2026-05-24T04:12:48+12:00,59.8,-36.604771,174.802536,1
esp32_device_001,2026-05-24T04:12:53+12:00,59.8,-36.604767,174.802536,1
esp32_device_001,2026-05-24T04:12:58+12:00,59.8,-36.604767,174.802536,1
esp32_device_001,2026-05-24T04:13:03+12:00,59.8,-36.604767,174.802551,1
esp32_device_001,2026-05-24T04:13:08+12:00,59.8,-36.604767,174.802551,1
esp32_device_001,2026-05-24T04:13:13+12:00,59.8,-36.604767,174.802551,1
esp32_device_001,2026-05-24T04:13:18+12:00,59.8,-36.604763,174.802551,1
esp32_device_001,2026-05-24T04:13:23+12:00,59.8,-36.604771,174.802551,1
esp32_device_001,2026-05-24T04:13:28+12:00,59.8,-36.604767,174.802551,1
esp32_device_001,2026-05-24T04:13:33+12:00,59.8,-36.604774,174.802551,1
esp32_device_001,2026-05-24T04:13:38+12:00,59.8,-36.604778,174.802551,1
esp32_device_001,2026-05-24T04:13:43+12:00,59.8,-36.604786,174.802551,1
esp32_device_001,2026-05-24T04:13:48+12:00,59.8,-36.604782,174.802551,1
esp32_device_001,2026-05-24T04:13:53+12:00,59.8,-36.604786,174.802551,1
esp32_device_001,2026-05-24T04:13:58+12:00,59.8,-36.60479,174.802551,1
esp32_device_001,2026-05-24T04:14:03+12:00,59.8,-36.604797,174.802551,1
esp32_device_001,2026-05-24T04:14:08+12:00,59.8,-36.604782,174.802551,1
esp32_device_001,2026-05-24T04:14:13+12:00,59.8,-36.604767,174.802551,1
esp32_device_001,2026-05-24T04:14:18+12:00,59.8,-36.604771,174.802551,1
esp32_device_001,2026-05-24T04:14:23+12:00,59.8,-36.60479,174.802551,1
esp32_device_001,2026-05-24T04:14:28+12:00,59.8,-36.604801,174.802551,1
esp32_device_001,2026-05-24T04:14:33+12:00,59.8,-36.604809,174.802551,1
esp32_device_001,2026-05-24T04:14:38+12:00,59.8,-36.604816,174.802551,1
esp32_device_001,2026-05-24T04:14:43+12:00,59.8,-36.604813,174.802551,1
esp32_device_001,2026-05-24T04:14:48+12:00,59.8,-36.604801,174.802551,1
esp32_device_001,2026-05-24T04:14:53+12:00,59.8,-36.604797,174.802567,1
esp32_device_001,2026-05-24T04:14:58+12:00,59.8,-36.604797,174.802567,1
esp32_device_001,2026-05-24T04:15:03+12:00,59.8,-36.604797,174.802567,1
esp32_device_001,2026-05-24T04:15:08+12:00,59.8,-36.604794,174.802567,1
esp32_device_001,2026-05-24T04:15:13+12:00,59.8,-36.60479,174.802582,1
esp32_device_001,2026-05-24T04:15:48+12:00,35.9,-36.604794,174.802597,1
esp32_device_001,2026-05-24T04:15:53+12:00,37.3,-36.604794,174.802612,1
esp32_device_001,2026-05-24T04:15:58+12:00,39.5,-36.60479,174.802597,1
esp32_device_001,2026-05-24T04:16:03+12:00,42.5,-36.604782,174.802597,1
esp32_device_001,2026-05-24T04:16:08+12:00,43.5,-36.604782,174.802597,1
esp32_device_001,2026-05-24T04:16:18+12:00,42.3,-36.604782,174.802597,1
esp32_device_001,2026-05-24T04:16:23+12:00,42.6,-36.604782,174.802597,1
esp32_device_001,2026-05-24T04:16:28+12:00,41.5,-36.604782,174.802597,1
esp32_device_001,2026-05-24T04:16:33+12:00,40.2,-36.604782,174.802597,1
esp32_device_001,2026-05-24T04:16:38+12:00,38.7,-36.604782,174.802597,1
esp32_device_001,2026-05-24T04:16:43+12:00,37,-36.604786,174.802597,1
esp32_device_001,2026-05-24T04:16:53+12:00,36.2,-36.604786,174.802597,1
esp32_device_001,2026-05-24T04:16:58+12:00,37,-36.604782,174.802597,1
esp32_device_001,2026-05-24T04:17:13+12:00,37.8,-36.604778,174.802597,1
esp32_device_001,2026-05-24T04:17:18+12:00,43.8,-36.604774,174.802582,1
esp32_device_001,2026-05-24T04:17:28+12:00,46,-36.604778,174.802582,1
esp32_device_001,2026-05-24T04:17:33+12:00,50.9,-36.604774,174.802567,1
esp32_device_001,2026-05-24T04:17:38+12:00,51.6,-36.604778,174.802567,1
esp32_device_001,2026-05-24T04:17:48+12:00,57.1,-36.604771,174.802567,1
esp32_device_001,2026-05-24T04:18:08+12:00,57.1,-36.604767,174.802567,1
esp32_device_001,2026-05-24T04:18:18+12:00,54.3,-36.604767,174.802567,1
esp32_device_001,2026-05-24T04:18:58+12:00,62.3,-36.60474,174.802551,1
esp32_device_001,2026-05-24T04:19:03+12:00,65.3,-36.604733,174.802551,1
esp32_device_001,2026-05-24T04:19:08+12:00,62.7,-36.604736,174.802551,1
esp32_device_001,2026-05-24T04:19:18+12:00,66.4,-36.604725,174.802536,1
esp32_device_001,2026-05-24T04:19:23+12:00,64.9,-36.604733,174.802536,1
esp32_device_001,2026-05-24T04:19:28+12:00,63.3,-36.604736,174.802551,1
esp32_device_001,2026-05-24T04:19:33+12:00,62.3,-36.604736,174.802551,1
esp32_device_001,2026-05-24T04:19:38+12:00,61.3,-36.60474,174.802551,1
esp32_device_001,2026-05-24T04:19:48+12:00,66.2,-36.604725,174.802536,1
esp32_device_001,2026-05-24T04:19:58+12:00,66.3,-36.604729,174.802536,1
esp32_device_001,2026-05-24T04:20:08+12:00,70.2,-36.604717,174.802521,1
esp32_device_001,2026-05-24T04:20:13+12:00,64.2,-36.604736,174.802521,1
esp32_device_001,2026-05-24T04:20:55+12:00,32.6,-36.604824,174.802551,1
esp32_device_001,2026-05-24T04:21:00+12:00,32.4,-36.604824,174.802551,1
esp32_device_001,2026-05-24T04:21:05+12:00,34.1,-36.60482,174.802551,1
esp32_device_001,2026-05-24T04:21:10+12:00,37.1,-36.604813,174.802551,1
esp32_device_001,2026-05-24T04:21:15+12:00,38,-36.604809,174.802551,1
esp32_device_001,2026-05-24T04:21:20+12:00,36.4,-36.604809,174.802551,1
esp32_device_001,2026-05-24T04:21:25+12:00,36.1,-36.604805,174.802551,1
esp32_device_001,2026-05-24T04:21:30+12:00,37.8,-36.604797,174.802551,1
esp32_device_001,2026-05-24T04:21:35+12:00,40,-36.604794,174.802551,1
esp32_device_001,2026-05-24T04:21:40+12:00,40.7,-36.604794,174.802551,1
esp32_device_001,2026-05-24T04:21:45+12:00,39.5,-36.604797,174.802567,1
esp32_device_001,2026-05-24T04:21:50+12:00,41.4,-36.60479,174.802551,1
esp32_device_001,2026-05-24T04:21:55+12:00,42.1,-36.604782,174.802551,1
esp32_device_001,2026-05-24T04:22:00+12:00,43.4,-36.604778,174.802551,1
esp32_device_001,2026-05-24T04:22:05+12:00,44.5,-36.604778,174.802551,1
esp32_device_001,2026-05-24T04:22:10+12:00,47,-36.604774,174.802551,1
esp32_device_001,2026-05-24T04:22:15+12:00,50,-36.604771,174.802551,1
esp32_device_001,2026-05-24T04:22:20+12:00,53.5,-36.604763,174.802551,1
esp32_device_001,2026-05-24T04:22:25+12:00,56.4,-36.604755,174.802551,1
esp32_device_001,2026-05-24T04:22:30+12:00,59.6,-36.604748,174.802536,1
esp32_device_001,2026-05-24T04:22:35+12:00,63.2,-36.604733,174.802536,1
esp32_device_001,2026-05-24T04:22:40+12:00,65,-36.604725,174.802536,1
esp32_device_001,2026-05-24T04:22:45+12:00,66,-36.604721,174.802536,1
esp32_device_001,2026-05-24T04:22:50+12:00,64.9,-36.604721,174.802521,1
esp32_device_001,2026-05-24T04:22:55+12:00,64.2,-36.604717,174.802536,1
esp32_device_001,2026-05-24T04:23:00+12:00,64,-36.604717,174.802536,1
esp32_device_001,2026-05-24T04:23:05+12:00,64.6,-36.604717,174.802536,1
esp32_device_001,2026-05-24T04:23:10+12:00,64.2,-36.604713,174.802521,1
esp32_device_001,2026-05-24T04:23:15+12:00,62.7,-36.604721,174.802521,1
esp32_device_001,2026-05-24T04:23:20+12:00,60.1,-36.604725,174.802521,1
esp32_device_001,2026-05-24T04:23:25+12:00,57.6,-36.604733,174.802521,1
esp32_device_001,2026-05-24T04:23:30+12:00,56.5,-36.604736,174.802521,1
esp32_device_001,2026-05-24T04:23:35+12:00,55.4,-36.60474,174.802521,1
esp32_device_001,2026-05-24T04:23:40+12:00,54.8,-36.60474,174.802536,1
esp32_device_001,2026-05-24T04:23:45+12:00,53,-36.604744,174.802536,1
esp32_device_001,2026-05-24T04:23:50+12:00,50.4,-36.604744,174.802521,1
esp32_device_001,2026-05-24T04:23:55+12:00,48.1,-36.604755,174.802536,1
esp32_device_001,2026-05-24T04:24:00+12:00,47.2,-36.604759,174.802551,1
esp32_device_001,2026-05-24T04:24:05+12:00,46,-36.604755,174.802551,1
esp32_device_001,2026-05-24T04:24:10+12:00,47.9,-36.604752,174.802551,1
esp32_device_001,2026-05-24T04:24:15+12:00,50.3,-36.604744,174.802567,1
esp32_device_001,2026-05-24T04:24:20+12:00,53.6,-36.604736,174.802567,1
esp32_device_001,2026-05-24T04:24:25+12:00,60,-36.604713,174.802551,1
esp32_device_001,2026-05-24T04:24:30+12:00,65.2,-36.604694,174.802521,1
esp32_device_001,2026-05-24T04:24:35+12:00,60.5,-36.604698,174.802536,1
esp32_device_001,2026-05-24T04:24:40+12:00,54.8,-36.604706,174.802551,1
esp32_device_001,2026-05-24T04:24:45+12:00,52,-36.604713,174.802567,1
esp32_device_001,2026-05-24T04:24:50+12:00,52.9,-36.604717,174.802582,1
esp32_device_001,2026-05-24T04:24:55+12:00,51.7,-36.604725,174.802597,1
esp32_device_001,2026-05-24T04:25:00+12:00,47.8,-36.604736,174.802628,1
esp32_device_001,2026-05-24T04:25:05+12:00,44.1,-36.604744,174.802628,1
esp32_device_001,2026-05-24T04:25:10+12:00,40.1,-36.604748,174.802628,1
esp32_device_001,2026-05-24T04:25:21+12:00,34.6,-36.604755,174.802612,1
esp32_device_001,2026-05-24T04:25:26+12:00,35.8,-36.604755,174.802597,1
esp32_device_001,2026-05-24T04:25:31+12:00,38.7,-36.604748,174.802597,1
esp32_device_001,2026-05-24T04:25:36+12:00,41.1,-36.604744,174.802582,1
esp32_device_001,2026-05-24T04:25:41+12:00,41.9,-36.604744,174.802582,1
esp32_device_001,2026-05-24T04:25:46+12:00,42.2,-36.60474,174.802597,1
esp32_device_001,2026-05-24T04:25:51+12:00,42.5,-36.60474,174.802567,1
esp32_device_001,2026-05-24T04:25:56+12:00,43,-36.604752,174.802551,1
esp32_device_001,2026-05-24T04:26:01+12:00,40.6,-36.604774,174.802536,1
esp32_device_001,2026-05-24T04:26:06+12:00,38.5,-36.604778,174.802536,1
esp32_device_001,2026-05-24T04:26:11+12:00,36.4,-36.604782,174.802536,1
esp32_device_001,2026-05-24T04:26:16+12:00,31.7,-36.60479,174.802536,1
esp32_device_001,2026-05-24T04:26:21+12:00,31.1,-36.604786,174.802536,1
esp32_device_001,2026-05-24T04:26:26+12:00,31.8,-36.604778,174.802536,1
esp32_device_001,2026-05-24T04:26:31+12:00,32.8,-36.60479,174.802536,1
esp32_device_001,2026-05-24T04:26:36+12:00,34.6,-36.604782,174.802536,1
esp32_device_001,2026-05-24T04:26:41+12:00,37,-36.604774,174.802536,1
esp32_device_001,2026-05-24T04:26:46+12:00,45.3,-36.604748,174.802536,1
esp32_device_001,2026-05-24T04:26:51+12:00,54.3,-36.604721,174.802551,1
esp32_device_001,2026-05-24T04:26:56+12:00,61.6,-36.604706,174.802551,1
esp32_device_001,2026-05-24T04:27:01+12:00,66.2,-36.604702,174.802536,1
esp32_device_001,2026-05-24T04:27:06+12:00,69.6,-36.604694,174.802536,1
esp32_device_001,2026-05-24T04:27:11+12:00,71.5,-36.604698,174.802536,1
esp32_device_001,2026-05-24T04:27:16+12:00,70.8,-36.604698,174.802536,1
esp32_device_001,2026-05-24T04:27:21+12:00,71,-36.604698,174.802536,1
esp32_device_001,2026-05-24T04:27:26+12:00,70.6,-36.604702,174.802536,1
esp32_device_001,2026-05-24T04:27:31+12:00,69.7,-36.604698,174.802536,1
esp32_device_001,2026-05-24T04:27:36+12:00,68.9,-36.604698,174.802536,1
esp32_device_001,2026-05-24T04:27:41+12:00,69.3,-36.604702,174.802536,1
esp32_device_001,2026-05-24T04:27:46+12:00,68.8,-36.604702,174.802536,1
esp32_device_001,2026-05-24T04:27:51+12:00,67.1,-36.604706,174.802536,1
esp32_device_001,2026-05-24T04:27:56+12:00,65.6,-36.60471,174.802551,1
esp32_device_001,2026-05-24T04:28:01+12:00,64.8,-36.60471,174.802551,1
esp32_device_001,2026-05-24T04:28:06+12:00,62.8,-36.604713,174.802551,1
esp32_device_001,2026-05-24T04:28:11+12:00,61,-36.604717,174.802551,1
esp32_device_001,2026-05-24T04:28:16+12:00,59.8,-36.604721,174.802551,1
esp32_device_001,2026-05-24T04:28:21+12:00,59.2,-36.604725,174.802551,1
esp32_device_001,2026-05-24T04:28:26+12:00,58.8,-36.604725,174.802551,1
esp32_device_001,2026-05-24T04:28:31+12:00,57.4,-36.604729,174.802551,1
esp32_device_001,2026-05-24T04:28:36+12:00,56,-36.604729,174.802567,1
esp32_device_001,2026-05-24T04:28:41+12:00,55.8,-36.604729,174.802567,1
esp32_device_001,2026-05-24T04:28:46+12:00,54.9,-36.604725,174.802567,1
esp32_device_001,2026-05-24T04:28:51+12:00,53.3,-36.604729,174.802567,1
esp32_device_001,2026-05-24T04:28:56+12:00,53.5,-36.604729,174.802567,1
esp32_device_001,2026-05-24T04:29:01+12:00,55.1,-36.604729,174.802567,1
esp32_device_001,2026-05-24T04:29:06+12:00,56.7,-36.604725,174.802567,1
esp32_device_001,2026-05-24T04:29:11+12:00,56.5,-36.604721,174.802567,1
esp32_device_001,2026-05-24T04:29:16+12:00,55.6,-36.604721,174.802551,1
esp32_device_001,2026-05-24T04:29:21+12:00,54.7,-36.604713,174.802551,1
esp32_device_001,2026-05-24T04:29:26+12:00,54.7,-36.604706,174.802551,1
esp32_device_001,2026-05-24T04:29:31+12:00,55.5,-36.60471,174.802551,1
esp32_device_001,2026-05-24T04:29:36+12:00,55.4,-36.60471,174.802551,1
esp32_device_001,2026-05-24T04:29:41+12:00,56.1,-36.604694,174.802536,1
esp32_device_001,2026-05-24T04:29:46+12:00,55.1,-36.604687,174.802536,1
esp32_device_001,2026-05-24T04:29:51+12:00,55.3,-36.604683,174.802536,1
esp32_device_001,2026-05-24T04:29:56+12:00,57.7,-36.604671,174.802521,1
esp32_device_001,2026-05-24T04:30:01+12:00,61.5,-36.604652,174.802505,1
esp32_device_001,2026-05-24T04:30:06+12:00,62.3,-36.604641,174.802505,1
esp32_device_001,2026-05-24T04:30:11+12:00,62.5,-36.604652,174.802505,1
esp32_device_001,2026-05-24T04:30:16+12:00,62.4,-36.604664,174.802505,1
esp32_device_001,2026-05-24T04:30:21+12:00,62,-36.604675,174.802521,1
esp32_device_001,2026-05-24T04:30:26+12:00,60.1,-36.604683,174.802521,1
esp32_device_001,2026-05-24T04:30:31+12:00,57.8,-36.604691,174.802536,1
esp32_device_001,2026-05-24T04:30:36+12:00,55,-36.604694,174.802536,1
esp32_device_001,2026-05-24T04:30:41+12:00,53,-36.604702,174.802551,1
esp32_device_001,2026-05-24T04:30:46+12:00,51.9,-36.604694,174.802551,1
esp32_device_001,2026-05-24T04:30:51+12:00,51.6,-36.604698,174.802567,1
esp32_device_001,2026-05-24T04:30:56+12:00,50.7,-36.604713,174.802567,1
esp32_device_001,2026-05-24T04:31:01+12:00,49.7,-36.604725,174.802567,1
esp32_device_001,2026-05-24T04:31:06+12:00,48.8,-36.604733,174.802582,1
esp32_device_001,2026-05-24T04:31:11+12:00,47.3,-36.604748,174.802597,1
esp32_device_001,2026-05-24T04:31:16+12:00,44.7,-36.604771,174.802612,1
esp32_device_001,2026-05-24T04:31:21+12:00,43.6,-36.604767,174.802628,1
esp32_device_001,2026-05-24T04:31:26+12:00,43.9,-36.604759,174.802612,1
esp32_device_001,2026-05-24T04:31:31+12:00,43.7,-36.604755,174.802628,1
esp32_device_001,2026-05-24T04:31:36+12:00,44,-36.604755,174.802643,1
esp32_device_001,2026-05-24T04:31:41+12:00,44,-36.604748,174.802643,1
esp32_device_001,2026-05-24T04:31:46+12:00,44.3,-36.604748,174.802643,1
esp32_device_001,2026-05-24T04:31:51+12:00,43.9,-36.604752,174.802643,1
esp32_device_001,2026-05-24T04:31:56+12:00,43.8,-36.604759,174.802658,1
esp32_device_001,2026-05-24T04:32:01+12:00,43.2,-36.604771,174.802658,1
esp32_device_001,2026-05-24T04:32:06+12:00,42.8,-36.604774,174.802673,1
esp32_device_001,2026-05-24T04:32:11+12:00,43,-36.604782,174.802673,1
esp32_device_001,2026-05-24T04:32:16+12:00,43.2,-36.604786,174.802673,1
esp32_device_001,2026-05-24T04:32:21+12:00,45.1,-36.604782,174.802658,1
esp32_device_001,2026-05-24T04:32:26+12:00,46.4,-36.604778,174.802643,1
esp32_device_001,2026-05-24T04:32:31+12:00,47.3,-36.604778,174.802628,1
esp32_device_001,2026-05-24T04:32:36+12:00,47.2,-36.604778,174.802643,1
esp32_device_001,2026-05-24T04:32:41+12:00,47.8,-36.604778,174.802643,1
esp32_device_001,2026-05-24T04:32:46+12:00,48.7,-36.604771,174.802628,1
esp32_device_001,2026-05-24T04:32:51+12:00,48.7,-36.604763,174.802628,1
esp32_device_001,2026-05-24T04:32:56+12:00,48.5,-36.604767,174.802628,1
esp32_device_001,2026-05-24T04:33:01+12:00,48.1,-36.604759,174.802643,1
esp32_device_001,2026-05-24T04:33:06+12:00,47.8,-36.604771,174.802628,1
esp32_device_001,2026-05-24T04:33:11+12:00,47.9,-36.604774,174.802612,1
esp32_device_001,2026-05-24T04:33:16+12:00,48.6,-36.60479,174.802597,1
esp32_device_001,2026-05-24T04:33:21+12:00,49.6,-36.604786,174.802597,1
esp32_device_001,2026-05-24T04:33:26+12:00,51.2,-36.604794,174.802582,1
esp32_device_001,2026-05-24T04:33:31+12:00,52.8,-36.604774,174.802597,1
esp32_device_001,2026-05-24T04:33:36+12:00,54.5,-36.604759,174.802582,1
esp32_device_001,2026-05-24T04:33:41+12:00,56.8,-36.604755,174.802582,1
esp32_device_001,2026-05-24T04:33:46+12:00,57.1,-36.604752,174.802582,1
esp32_device_001,2026-05-24T04:33:51+12:00,57.9,-36.604736,174.802582,1
esp32_device_001,2026-05-24T04:33:56+12:00,61.5,-36.604729,174.802582,1
esp32_device_001,2026-05-24T04:34:01+12:00,63.7,-36.604729,174.802567,1
esp32_device_001,2026-05-24T04:34:06+12:00,65.1,-36.604748,174.802551,1
esp32_device_001,2026-05-24T04:34:11+12:00,65.3,-36.604755,174.802551,1
esp32_device_001,2026-05-24T04:34:16+12:00,63.8,-36.604752,174.802551,1
esp32_device_001,2026-05-24T04:34:21+12:00,67.1,-36.604755,174.802551,1
esp32_device_001,2026-05-24T04:34:26+12:00,67,-36.604763,174.802567,1
esp32_device_001,2026-05-24T04:34:31+12:00,65.2,-36.604767,174.802582,1
esp32_device_001,2026-05-24T04:34:36+12:00,64.4,-36.604774,174.802597,1
esp32_device_001,2026-05-24T04:34:41+12:00,63.7,-36.604763,174.802582,1
esp32_device_001,2026-05-24T04:34:46+12:00,63.3,-36.604759,174.802567,1
esp32_device_001,2026-05-24T04:34:51+12:00,63.2,-36.604759,174.802567,1
esp32_device_001,2026-05-24T04:34:56+12:00,61.9,-36.604755,174.802551,1
esp32_device_001,2026-05-24T04:35:01+12:00,61.9,-36.604755,174.802551,1
esp32_device_001,2026-05-24T04:35:06+12:00,61.5,-36.604755,174.802551,1
esp32_device_001,2026-05-24T04:35:11+12:00,60.7,-36.604752,174.802567,1
esp32_device_001,2026-05-24T04:35:23+12:00,57.9,-36.604767,174.802551,1
esp32_device_001,2026-05-24T04:35:28+12:00,56.9,-36.604755,174.802582,1
esp32_device_001,2026-05-24T04:35:33+12:00,55.9,-36.604752,174.802582,1
esp32_device_001,2026-05-24T04:35:38+12:00,55.4,-36.604755,174.802582,1
esp32_device_001,2026-05-24T04:35:43+12:00,55.8,-36.604755,174.802582,1
esp32_device_001,2026-05-24T04:35:48+12:00,56.7,-36.604755,174.802582,1
esp32_device_001,2026-05-24T04:35:53+12:00,56.9,-36.604755,174.802582,1
esp32_device_001,2026-05-24T04:35:58+12:00,58.2,-36.604755,174.802582,1
esp32_device_001,2026-05-24T04:36:03+12:00,59.1,-36.604752,174.802582,1
esp32_device_001,2026-05-24T04:36:08+12:00,58.4,-36.604748,174.802567,1
esp32_device_001,2026-05-24T04:36:13+12:00,57.3,-36.60474,174.802582,1
esp32_device_001,2026-05-24T04:36:18+12:00,57.5,-36.604725,174.802567,1
esp32_device_001,2026-05-24T04:36:23+12:00,57.4,-36.604721,174.802567,1
esp32_device_001,2026-05-24T04:36:28+12:00,57.7,-36.604725,174.802551,1
esp32_device_001,2026-05-24T04:36:33+12:00,58.5,-36.604725,174.802567,1
esp32_device_001,2026-05-24T04:36:38+12:00,59.4,-36.604729,174.802567,1
esp32_device_001,2026-05-24T04:36:43+12:00,61,-36.604725,174.802551,1
esp32_device_001,2026-05-24T04:36:48+12:00,61.3,-36.604729,174.802551,1
esp32_device_001,2026-05-24T04:36:53+12:00,61.4,-36.604717,174.802536,1
esp32_device_001,2026-05-24T04:36:58+12:00,61.7,-36.604729,174.802536,1
esp32_device_001,2026-05-24T04:37:03+12:00,63.4,-36.604736,174.802536,1
esp32_device_001,2026-05-24T04:37:08+12:00,64.9,-36.604733,174.802536,1
esp32_device_001,2026-05-24T04:37:13+12:00,64.3,-36.60474,174.802551,1
esp32_device_001,2026-05-24T04:37:18+12:00,66.9,-36.604729,174.802536,1
esp32_device_001,2026-05-24T04:37:23+12:00,66.6,-36.604736,174.802536,1
esp32_device_001,2026-05-24T04:37:28+12:00,67.2,-36.60474,174.802536,1
esp32_device_001,2026-05-24T04:37:33+12:00,67.6,-36.604748,174.802521,1
esp32_device_001,2026-05-24T04:37:38+12:00,68.7,-36.604763,174.802521,1
esp32_device_001,2026-05-24T04:37:43+12:00,69.7,-36.604759,174.802521,1
esp32_device_001,2026-05-24T04:37:48+12:00,70,-36.604759,174.802505,1
esp32_device_001,2026-05-24T04:37:53+12:00,69.2,-36.604759,174.802521,1
esp32_device_001,2026-05-24T04:37:58+12:00,68.1,-36.604744,174.802505,1
esp32_device_001,2026-05-24T04:38:03+12:00,66.4,-36.604744,174.802536,1
esp32_device_001,2026-05-24T04:38:08+12:00,64.1,-36.604733,174.802536,1
esp32_device_001,2026-05-24T04:38:13+12:00,60.9,-36.604725,174.802551,1
esp32_device_001,2026-05-24T04:38:18+12:00,60,-36.604713,174.802551,1
esp32_device_001,2026-05-24T04:38:23+12:00,58.8,-36.604717,174.802551,1
esp32_device_001,2026-05-24T04:38:28+12:00,59.2,-36.604706,174.802567,1
esp32_device_001,2026-05-24T04:38:33+12:00,59.8,-36.604702,174.802567,1
esp32_device_001,2026-05-24T04:38:38+12:00,60.6,-36.604694,174.802567,1
esp32_device_001,2026-05-24T04:38:43+12:00,61.3,-36.604702,174.802582,1
esp32_device_001,2026-05-24T04:38:48+12:00,60.3,-36.604706,174.802582,1
esp32_device_001,2026-05-24T04:38:53+12:00,60.4,-36.604717,174.802582,1
esp32_device_001,2026-05-24T04:38:58+12:00,61.6,-36.60471,174.802567,1
esp32_device_001,2026-05-24T04:39:03+12:00,61.3,-36.604702,174.802551,1
esp32_device_001,2026-05-24T04:39:08+12:00,60.5,-36.604717,174.802567,1
esp32_device_001,2026-05-24T04:39:13+12:00,58.5,-36.604717,174.802582,1
esp32_device_001,2026-05-24T04:39:18+12:00,56.7,-36.604744,174.802612,1
esp32_device_001,2026-05-24T04:39:23+12:00,56.5,-36.604752,174.802612,1
esp32_device_001,2026-05-24T04:39:28+12:00,56.6,-36.604748,174.802612,1
esp32_device_001,2026-05-24T04:39:33+12:00,45.6,-36.604794,174.802704,1
esp32_device_001,2026-05-24T04:39:38+12:00,49.3,-36.604771,174.802658,1
esp32_device_001,2026-05-24T04:39:43+12:00,52,-36.604759,174.802628,1
esp32_device_001,2026-05-24T04:39:48+12:00,52.9,-36.604752,174.802628,1
esp32_device_001,2026-05-24T04:39:53+12:00,51.9,-36.604748,174.802612,1
esp32_device_001,2026-05-24T04:39:58+12:00,53,-36.60471,174.802567,1
esp32_device_001,2026-05-24T04:40:03+12:00,55.3,-36.604671,174.802551,1
esp32_device_001,2026-05-24T04:40:08+12:00,58.2,-36.604691,174.802551,1
esp32_device_001,2026-05-24T04:40:13+12:00,59.6,-36.604725,174.802567,1
esp32_device_001,2026-05-24T04:40:18+12:00,60.7,-36.604736,174.802567,1
esp32_device_001,2026-05-24T04:40:23+12:00,62.7,-36.604744,174.802536,1
esp32_device_001,2026-05-24T04:40:28+12:00,65.1,-36.604736,174.802521,1
esp32_device_001,2026-05-24T04:40:33+12:00,68.3,-36.604717,174.80249,1
esp32_device_001,2026-05-24T04:40:38+12:00,71,-36.604717,174.80249,1
esp32_device_001,2026-05-24T04:40:43+12:00,75.6,-36.604725,174.80249,1
esp32_device_001,2026-05-24T04:40:48+12:00,77.8,-36.604729,174.80249,1
esp32_device_001,2026-05-24T04:40:53+12:00,80.2,-36.604733,174.802475,1
esp32_device_001,2026-05-24T04:40:58+12:00,87.6,-36.604713,174.802429,1
esp32_device_001,2026-05-24T04:41:03+12:00,88.9,-36.604713,174.802429,1
esp32_device_001,2026-05-24T04:41:08+12:00,88,-36.604729,174.802444,1
esp32_device_001,2026-05-24T04:41:13+12:00,84.5,-36.604748,174.802475,1
esp32_device_001,2026-05-24T04:41:18+12:00,84.6,-36.604755,174.80249,1
esp32_device_001,2026-05-24T04:41:23+12:00,83.4,-36.60474,174.80249,1
esp32_device_001,2026-05-24T04:41:28+12:00,75.1,-36.604752,174.802521,1
esp32_device_001,2026-05-24T04:41:33+12:00,72.7,-36.604752,174.802536,1
esp32_device_001,2026-05-24T04:41:38+12:00,71.7,-36.604763,174.802536,1
esp32_device_001,2026-05-24T04:41:43+12:00,68.4,-36.604771,174.802536,1
esp32_device_001,2026-05-24T04:41:48+12:00,67.2,-36.604778,174.802536,1
esp32_device_001,2026-05-24T04:41:53+12:00,58.5,-36.604809,174.802597,1
esp32_device_001,2026-05-24T04:41:58+12:00,47.6,-36.604866,174.802673,1
esp32_device_001,2026-05-24T04:42:03+12:00,44.6,-36.604866,174.802689,1
esp32_device_001,2026-05-24T04:42:08+12:00,42,-36.604862,174.802689,1
esp32_device_001,2026-05-24T04:42:13+12:00,31.1,-36.6049,174.80275,1
esp32_device_001,2026-05-24T04:42:18+12:00,13.2,-36.604946,174.802841,1
esp32_device_001,2026-05-24T04:42:23+12:00,0.2,-36.60498,174.802917,1
esp32_device_001,2026-05-24T04:42:28+12:00,-10.6,-36.605007,174.802979,1
esp32_device_001,2026-05-24T04:42:33+12:00,-15,-36.605007,174.802979,1
esp32_device_001,2026-05-24T04:42:38+12:00,-25.2,-36.605034,174.80304,1
esp32_device_001,2026-05-24T04:42:43+12:00,-32.4,-36.605057,174.80307,1
esp32_device_001,2026-05-24T04:42:48+12:00,-35.4,-36.605068,174.803085,1
esp32_device_001,2026-05-24T04:42:53+12:00,-37.8,-36.605076,174.803101,1
esp32_device_001,2026-05-24T04:42:58+12:00,-32.8,-36.605057,174.803055,1
esp32_device_001,2026-05-24T04:43:03+12:00,-26.2,-36.605034,174.803009,1
esp32_device_001,2026-05-24T04:43:08+12:00,-20.5,-36.605011,174.802963,1
esp32_device_001,2026-05-24T04:43:13+12:00,-14.3,-36.60498,174.802917,1
esp32_device_001,2026-05-24T04:43:18+12:00,-9.8,-36.604965,174.802887,1
esp32_device_001,2026-05-24T04:43:23+12:00,-4.8,-36.604939,174.802856,1
esp32_device_001,2026-05-24T04:43:28+12:00,-0.2,-36.604916,174.802826,1
esp32_device_001,2026-05-24T04:43:33+12:00,3.4,-36.604904,174.802795,1
esp32_device_001,2026-05-24T04:43:38+12:00,5.6,-36.604893,174.802795,1
esp32_device_001,2026-05-24T04:43:43+12:00,6.6,-36.604893,174.802795,1
esp32_device_001,2026-05-24T04:43:48+12:00,8.8,-36.604885,174.80278,1
esp32_device_001,2026-05-24T04:43:53+12:00,12.8,-36.60487,174.80275,1
esp32_device_001,2026-05-24T04:43:58+12:00,17.3,-36.604858,174.802734,1
esp32_device_001,2026-05-24T04:44:03+12:00,22.2,-36.604839,174.802704,1
esp32_device_001,2026-05-24T04:44:08+12:00,26.2,-36.604832,174.802673,1
esp32_device_001,2026-05-24T04:44:13+12:00,30.5,-36.60482,174.802658,1
esp32_device_001,2026-05-24T04:44:18+12:00,34.4,-36.604813,174.802643,1
esp32_device_001,2026-05-24T04:44:23+12:00,37.3,-36.604805,174.802628,1
esp32_device_001,2026-05-24T04:44:28+12:00,39.5,-36.604797,174.802612,1
esp32_device_001,2026-05-24T04:44:33+12:00,41.4,-36.604794,174.802597,1
esp32_device_001,2026-05-24T04:44:38+12:00,43.9,-36.60479,174.802597,1
esp32_device_001,2026-05-24T04:44:43+12:00,45.9,-36.604786,174.802582,1
esp32_device_001,2026-05-24T04:44:48+12:00,45.9,-36.604797,174.802582,1
esp32_device_001,2026-05-24T04:44:53+12:00,41.3,-36.604836,174.802628,1
esp32_device_001,2026-05-24T04:44:58+12:00,34.1,-36.60487,174.802673,1
esp32_device_001,2026-05-24T04:45:03+12:00,34,-36.604877,174.802673,1
esp32_device_001,2026-05-24T04:45:08+12:00,35.7,-36.604866,174.802658,1
esp32_device_001,2026-05-24T04:45:13+12:00,37.2,-36.604862,174.802658,1
esp32_device_001,2026-05-24T04:45:26+12:00,44.4,-36.604832,174.802612,1
esp32_device_001,2026-05-24T04:45:31+12:00,44.9,-36.604828,174.802612,1
esp32_device_001,2026-05-24T04:45:36+12:00,46.6,-36.60482,174.802597,1
esp32_device_001,2026-05-24T04:45:41+12:00,49.3,-36.604809,174.802597,1
esp32_device_001,2026-05-24T04:45:46+12:00,50.5,-36.604809,174.802582,1
esp32_device_001,2026-05-24T04:45:51+12:00,51.9,-36.604805,174.802582,1
esp32_device_001,2026-05-24T04:45:56+12:00,53.4,-36.604801,174.802582,1
esp32_device_001,2026-05-24T04:46:01+12:00,54.9,-36.604805,174.802567,1
esp32_device_001,2026-05-24T04:46:06+12:00,56.1,-36.604794,174.802567,1
esp32_device_001,2026-05-24T04:46:11+12:00,54.3,-36.604813,174.802582,1
esp32_device_001,2026-05-24T04:46:16+12:00,53.8,-36.604828,174.802597,1
esp32_device_001,2026-05-24T04:46:21+12:00,54.4,-36.604816,174.802597,1
esp32_device_001,2026-05-24T04:46:26+12:00,54.4,-36.604809,174.802597,1
esp32_device_001,2026-05-24T04:46:31+12:00,54.5,-36.604797,174.802582,1
esp32_device_001,2026-05-24T04:46:36+12:00,54.4,-36.604797,174.802582,1
esp32_device_001,2026-05-24T04:46:41+12:00,54.4,-36.604809,174.802597,1
esp32_device_001,2026-05-24T04:46:46+12:00,61.1,-36.604782,174.802567,1
esp32_device_001,2026-05-24T04:46:51+12:00,63.3,-36.604778,174.802551,1
esp32_device_001,2026-05-24T04:46:56+12:00,62.7,-36.604782,174.802551,1
esp32_device_001,2026-05-24T04:47:01+12:00,61.4,-36.604774,174.802567,1
esp32_device_001,2026-05-24T04:47:06+12:00,59.8,-36.604782,174.802582,1
esp32_device_001,2026-05-24T04:47:11+12:00,57.6,-36.604778,174.802582,1
esp32_device_001,2026-05-24T04:47:16+12:00,57.7,-36.604759,174.802582,1
esp32_device_001,2026-05-24T04:47:21+12:00,55.3,-36.604759,174.802597,1
esp32_device_001,2026-05-24T04:47:26+12:00,50.4,-36.604763,174.802612,1
esp32_device_001,2026-05-24T04:47:31+12:00,47.1,-36.604771,174.802643,1
esp32_device_001,2026-05-24T04:47:36+12:00,45.7,-36.604755,174.802643,1
esp32_device_001,2026-05-24T04:47:41+12:00,45.5,-36.60474,174.802643,1
esp32_device_001,2026-05-24T04:47:46+12:00,46,-36.604721,174.802628,1
esp32_device_001,2026-05-24T04:47:51+12:00,53.8,-36.604706,174.802582,1
esp32_device_001,2026-05-24T04:47:56+12:00,57.2,-36.604706,174.802582,1
esp32_device_001,2026-05-24T04:48:01+12:00,58,-36.604694,174.802567,1
esp32_device_001,2026-05-24T04:48:06+12:00,57.3,-36.604687,174.802567,1
esp32_device_001,2026-05-24T04:48:11+12:00,55.6,-36.604691,174.802567,1
esp32_device_001,2026-05-24T04:48:16+12:00,52.3,-36.604694,174.802582,1
esp32_device_001,2026-05-24T04:48:21+12:00,50.7,-36.604702,174.802597,1
esp32_device_001,2026-05-24T04:48:26+12:00,49.8,-36.604706,174.802597,1
esp32_device_001,2026-05-24T04:48:31+12:00,49.5,-36.604698,174.802597,1
esp32_device_001,2026-05-24T04:48:36+12:00,49.5,-36.604698,174.802597,1
esp32_device_001,2026-05-24T04:48:41+12:00,50.9,-36.604702,174.802582,1
esp32_device_001,2026-05-24T04:48:46+12:00,51.6,-36.604698,174.802582,1
esp32_device_001,2026-05-24T04:48:51+12:00,53.7,-36.604713,174.802582,1
esp32_device_001,2026-05-24T04:48:56+12:00,54.8,-36.604725,174.802582,1
esp32_device_001,2026-05-24T04:49:01+12:00,54.6,-36.604721,174.802567,1
esp32_device_001,2026-05-24T04:49:06+12:00,54.9,-36.604721,174.802567,1
esp32_device_001,2026-05-24T04:49:11+12:00,56.2,-36.604725,174.802567,1
esp32_device_001,2026-05-24T04:49:16+12:00,57.4,-36.604725,174.802551,1
esp32_device_001,2026-05-24T04:49:21+12:00,57.7,-36.604717,174.802551,1
esp32_device_001,2026-05-24T04:49:26+12:00,56.4,-36.604717,174.802551,1
esp32_device_001,2026-05-24T04:49:31+12:00,56.5,-36.604721,174.802551,1
esp32_device_001,2026-05-24T04:49:36+12:00,55.8,-36.604717,174.802536,1
esp32_device_001,2026-05-24T04:49:41+12:00,54.7,-36.60471,174.802536,1
esp32_device_001,2026-05-24T04:49:46+12:00,53.8,-36.60471,174.802536,1
esp32_device_001,2026-05-24T04:49:51+12:00,52.7,-36.604717,174.802536,1
esp32_device_001,2026-05-24T04:49:56+12:00,51.5,-36.604725,174.802551,1
esp32_device_001,2026-05-24T04:50:01+12:00,51.2,-36.604729,174.802551,1
esp32_device_001,2026-05-24T04:50:06+12:00,51.6,-36.604733,174.802551,1
esp32_device_001,2026-05-24T04:50:11+12:00,51.7,-36.604736,174.802551,1
esp32_device_001,2026-05-24T04:50:16+12:00,50.4,-36.604736,174.802551,1
esp32_device_001,2026-05-24T04:50:21+12:00,49.4,-36.604736,174.802551,1
esp32_device_001,2026-05-24T04:50:26+12:00,48.1,-36.604736,174.802551,1
esp32_device_001,2026-05-24T04:50:31+12:00,48.2,-36.604736,174.802551,1
esp32_device_001,2026-05-24T04:50:36+12:00,43,-36.604729,174.802567,1
esp32_device_001,2026-05-24T04:50:41+12:00,39.2,-36.604721,174.802567,1
esp32_device_001,2026-05-24T04:50:46+12:00,35.4,-36.604706,174.802582,1
esp32_device_001,2026-05-24T04:50:51+12:00,30.8,-36.604694,174.802582,1
esp32_device_001,2026-05-24T04:50:56+12:00,28.3,-36.604694,174.802597,1
esp32_device_001,2026-05-24T04:51:01+12:00,27.9,-36.604702,174.802597,1
esp32_device_001,2026-05-24T04:51:06+12:00,28.9,-36.60471,174.802612,1
esp32_device_001,2026-05-24T04:51:11+12:00,32.2,-36.604725,174.802612,1
esp32_device_001,2026-05-24T04:51:16+12:00,32.1,-36.604729,174.802612,1
esp32_device_001,2026-05-24T04:51:21+12:00,31.7,-36.604725,174.802612,1
esp32_device_001,2026-05-24T04:51:26+12:00,30.6,-36.604725,174.802628,1
esp32_device_001,2026-05-24T04:51:31+12:00,31.5,-36.604729,174.802628,1
esp32_device_001,2026-05-24T04:51:36+12:00,27.5,-36.604733,174.802643,1
esp32_device_001,2026-05-24T04:51:41+12:00,23,-36.60474,174.802658,1
esp32_device_001,2026-05-24T04:51:46+12:00,20.2,-36.60474,174.802673,1
esp32_device_001,2026-05-24T04:51:51+12:00,15.5,-36.604733,174.802704,1
esp32_device_001,2026-05-24T04:51:56+12:00,15.9,-36.604744,174.802719,1
esp32_device_001,2026-05-24T04:52:01+12:00,16.4,-36.604752,174.802719,1
esp32_device_001,2026-05-24T04:52:06+12:00,10.9,-36.604767,174.802765,1
esp32_device_001,2026-05-24T04:52:11+12:00,6.6,-36.60479,174.802795,1
esp32_device_001,2026-05-24T04:52:16+12:00,1.3,-36.604801,174.802811,1
esp32_device_001,2026-05-24T04:52:21+12:00,-6.3,-36.604816,174.802841,1
esp32_device_001,2026-05-24T04:52:26+12:00,-5.9,-36.604813,174.802826,1
esp32_device_001,2026-05-24T04:52:31+12:00,-4.8,-36.604801,174.802795,1
esp32_device_001,2026-05-24T04:52:36+12:00,-4.1,-36.60479,174.80278,1
esp32_device_001,2026-05-24T04:52:41+12:00,5,-36.604786,174.80275,1
esp32_device_001,2026-05-24T04:52:46+12:00,9.5,-36.60479,174.80275,1
esp32_device_001,2026-05-24T04:52:51+12:00,13.8,-36.604786,174.802734,1
esp32_device_001,2026-05-24T04:52:56+12:00,8.3,-36.604813,174.80278,1
esp32_device_001,2026-05-24T04:53:01+12:00,11.4,-36.604801,174.80275,1
esp32_device_001,2026-05-24T04:53:06+12:00,15.5,-36.604809,174.80275,1
esp32_device_001,2026-05-24T04:53:11+12:00,21.6,-36.604801,174.802719,1
esp32_device_001,2026-05-24T04:53:16+12:00,28.5,-36.604794,174.802689,1
esp32_device_001,2026-05-24T04:53:21+12:00,34.3,-36.604797,174.802689,1
esp32_device_001,2026-05-24T04:53:26+12:00,39.8,-36.604797,174.802673,1
esp32_device_001,2026-05-24T04:53:31+12:00,45.4,-36.604794,174.802658,1
esp32_device_001,2026-05-24T04:53:36+12:00,50.2,-36.604801,174.802658,1
esp32_device_001,2026-05-24T04:53:41+12:00,43.1,-36.604836,174.802719,1
esp32_device_001,2026-05-24T04:53:46+12:00,34.2,-36.604862,174.802795,1
esp32_device_001,2026-05-24T04:53:51+12:00,35.7,-36.604843,174.802765,1
esp32_device_001,2026-05-24T04:53:56+12:00,36,-36.604832,174.802765,1
esp32_device_001,2026-05-24T04:54:01+12:00,35.7,-36.604824,174.802765,1
esp32_device_001,2026-05-24T04:54:06+12:00,36,-36.60482,174.80275,1
esp32_device_001,2026-05-24T04:54:11+12:00,37.2,-36.60482,174.802734,1
esp32_device_001,2026-05-24T04:54:16+12:00,38.4,-36.604809,174.802719,1
esp32_device_001,2026-05-24T04:54:21+12:00,41.9,-36.604813,174.802689,1
esp32_device_001,2026-05-24T04:54:26+12:00,44.2,-36.604813,174.802689,1
esp32_device_001,2026-05-24T04:54:31+12:00,42.9,-36.604816,174.802704,1
esp32_device_001,2026-05-24T04:54:36+12:00,43.6,-36.604809,174.802704,1
esp32_device_001,2026-05-24T04:54:41+12:00,42.6,-36.60479,174.802689,1
esp32_device_001,2026-05-24T04:54:46+12:00,43,-36.604774,174.802673,1
esp32_device_001,2026-05-24T04:54:51+12:00,44.1,-36.604767,174.802673,1
esp32_device_001,2026-05-24T04:54:56+12:00,46.4,-36.604767,174.802673,1
esp32_device_001,2026-05-24T04:55:01+12:00,48.5,-36.604763,174.802658,1
esp32_device_001,2026-05-24T04:55:06+12:00,50.1,-36.604752,174.802643,1
esp32_device_001,2026-05-24T04:55:11+12:00,52.2,-36.60474,174.802643,1
esp32_device_001,2026-05-24T04:55:23+12:00,56.3,-36.604733,174.802612,1
esp32_device_001,2026-05-24T04:55:28+12:00,55.6,-36.604721,174.802612,1
esp32_device_001,2026-05-24T04:55:33+12:00,55,-36.604713,174.802612,1
esp32_device_001,2026-05-24T04:55:38+12:00,55.4,-36.604702,174.802597,1
esp32_device_001,2026-05-24T04:55:43+12:00,55.3,-36.604702,174.802597,1
esp32_device_001,2026-05-24T04:55:48+12:00,55.1,-36.604691,174.802582,1
esp32_device_001,2026-05-24T04:55:53+12:00,55.8,-36.604679,174.802582,1
esp32_device_001,2026-05-24T04:55:58+12:00,56.2,-36.604668,174.802567,1
esp32_device_001,2026-05-24T04:56:03+12:00,56.5,-36.60466,174.802567,1
esp32_device_001,2026-05-24T04:56:08+12:00,56.7,-36.604656,174.802567,1
esp32_device_001,2026-05-24T04:56:13+12:00,56.9,-36.60466,174.802567,1
esp32_device_001,2026-05-24T04:56:18+12:00,56.3,-36.604656,174.802567,1
esp32_device_001,2026-05-24T04:56:23+12:00,55.7,-36.604649,174.802567,1
esp32_device_001,2026-05-24T04:56:28+12:00,56.3,-36.604652,174.802567,1
esp32_device_001,2026-05-24T04:56:33+12:00,56.5,-36.604656,174.802582,1
esp32_device_001,2026-05-24T04:56:38+12:00,58.3,-36.60466,174.802582,1
esp32_device_001,2026-05-24T04:56:43+12:00,59.8,-36.60466,174.802567,1
esp32_device_001,2026-05-24T04:56:48+12:00,57.3,-36.604679,174.802582,1
esp32_device_001,2026-05-24T04:56:53+12:00,58.5,-36.604675,174.802582,1
esp32_device_001,2026-05-24T04:56:58+12:00,59.4,-36.604675,174.802582,1
esp32_device_001,2026-05-24T04:57:03+12:00,59.9,-36.604664,174.802567,1
esp32_device_001,2026-05-24T04:57:08+12:00,60.5,-36.604668,174.802567,1
esp32_device_001,2026-05-24T04:57:13+12:00,61.2,-36.604671,174.802567,1
esp32_device_001,2026-05-24T04:57:18+12:00,62.2,-36.604679,174.802567,1
esp32_device_001,2026-05-24T04:57:23+12:00,67.4,-36.604668,174.802551,1
esp32_device_001,2026-05-24T04:57:28+12:00,73.7,-36.604656,174.802521,1
esp32_device_001,2026-05-24T04:57:33+12:00,78.3,-36.604645,174.802505,1
esp32_device_001,2026-05-24T04:57:38+12:00,79.8,-36.604656,174.802505,1
esp32_device_001,2026-05-24T04:57:43+12:00,80.4,-36.604671,174.802521,1
esp32_device_001,2026-05-24T04:57:48+12:00,79.1,-36.604679,174.802521,1
esp32_device_001,2026-05-24T04:57:53+12:00,78.3,-36.604687,174.802536,1
esp32_device_001,2026-05-24T04:57:58+12:00,77.2,-36.604694,174.802536,1
esp32_device_001,2026-05-24T04:58:03+12:00,75.5,-36.604698,174.802536,1
esp32_device_001,2026-05-24T04:58:08+12:00,72,-36.604698,174.802551,1
esp32_device_001,2026-05-24T04:58:13+12:00,69.9,-36.604698,174.802551,1
esp32_device_001,2026-05-24T04:58:18+12:00,68,-36.604702,174.802551,1
esp32_device_001,2026-05-24T04:58:23+12:00,65.1,-36.604706,174.802567,1
esp32_device_001,2026-05-24T04:58:28+12:00,62.4,-36.604706,174.802567,1
esp32_device_001,2026-05-24T04:58:33+12:00,61,-36.60471,174.802567,1
esp32_device_001,2026-05-24T04:58:38+12:00,58.3,-36.60471,174.802567,1
esp32_device_001,2026-05-24T04:58:43+12:00,55,-36.60471,174.802582,1
esp32_device_001,2026-05-24T04:58:48+12:00,53.4,-36.604713,174.802582,1
esp32_device_001,2026-05-24T04:58:53+12:00,51.1,-36.604721,174.802597,1
esp32_device_001,2026-05-24T04:58:58+12:00,48.3,-36.604729,174.802597,1
esp32_device_001,2026-05-24T04:59:03+12:00,44.4,-36.604729,174.802612,1
esp32_device_001,2026-05-24T04:59:08+12:00,44.7,-36.604725,174.802612,1
esp32_device_001,2026-05-24T04:59:13+12:00,46.7,-36.604725,174.802597,1
esp32_device_001,2026-05-24T04:59:18+12:00,49,-36.604729,174.802597,1
esp32_device_001,2026-05-24T04:59:23+12:00,51.3,-36.604733,174.802582,1
esp32_device_001,2026-05-24T04:59:28+12:00,52.2,-36.604733,174.802582,1
esp32_device_001,2026-05-24T04:59:33+12:00,49.4,-36.604748,174.802597,1
esp32_device_001,2026-05-24T04:59:38+12:00,43.9,-36.604778,174.802628,1
esp32_device_001,2026-05-24T04:59:43+12:00,45.9,-36.604778,174.802628,1
esp32_device_001,2026-05-24T04:59:48+12:00,47.9,-36.604778,174.802628,1
esp32_device_001,2026-05-24T04:59:53+12:00,52.3,-36.604755,174.802597,1
esp32_device_001,2026-05-24T04:59:58+12:00,57.6,-36.60474,174.802582,1
esp32_device_001,2026-05-24T05:00:03+12:00,54.6,-36.604744,174.802582,1
esp32_device_001,2026-05-24T05:00:08+12:00,54.7,-36.604736,174.802582,1
esp32_device_001,2026-05-24T05:00:13+12:00,55.4,-36.604725,174.802582,1
esp32_device_001,2026-05-24T05:00:18+12:00,54.9,-36.604721,174.802582,1
esp32_device_001,2026-05-24T05:00:23+12:00,56.5,-36.604721,174.802582,1
esp32_device_001,2026-05-24T05:00:28+12:00,44.1,-36.604763,174.802643,1
esp32_device_001,2026-05-24T05:00:33+12:00,25.4,-36.604816,174.802719,1
esp32_device_001,2026-05-24T05:00:38+12:00,28.5,-36.604801,174.802704,1
esp32_device_001,2026-05-24T05:00:43+12:00,32.8,-36.60479,174.802689,1
esp32_device_001,2026-05-24T05:00:48+12:00,36.2,-36.604778,174.802673,1
esp32_device_001,2026-05-24T05:00:53+12:00,38.8,-36.604767,174.802658,1
esp32_device_001,2026-05-24T05:00:58+12:00,43.9,-36.60474,174.802628,1
esp32_device_001,2026-05-24T05:01:03+12:00,52.8,-36.604691,174.802567,1
esp32_device_001,2026-05-24T05:01:08+12:00,55.9,-36.604694,174.802567,1
esp32_device_001,2026-05-24T05:01:13+12:00,57.6,-36.604694,174.802567,1
esp32_device_001,2026-05-24T05:01:18+12:00,59.3,-36.604702,174.802567,1
esp32_device_001,2026-05-24T05:01:23+12:00,60,-36.604706,174.802582,1
esp32_device_001,2026-05-24T05:01:28+12:00,58.2,-36.604713,174.802597,1
esp32_device_001,2026-05-24T05:01:33+12:00,57.4,-36.60471,174.802597,1
esp32_device_001,2026-05-24T05:01:38+12:00,50.9,-36.604729,174.802628,1
esp32_device_001,2026-05-24T05:01:43+12:00,46.5,-36.60474,174.802643,1
esp32_device_001,2026-05-24T05:01:48+12:00,47.6,-36.604744,174.802643,1
esp32_device_001,2026-05-24T05:01:53+12:00,48.8,-36.60474,174.802643,1
esp32_device_001,2026-05-24T05:01:58+12:00,48.9,-36.60474,174.802628,1
esp32_device_001,2026-05-24T05:02:03+12:00,49.3,-36.60474,174.802628,1
esp32_device_001,2026-05-24T05:02:08+12:00,49.9,-36.604736,174.802612,1
esp32_device_001,2026-05-24T05:02:13+12:00,49.6,-36.604744,174.802628,1
esp32_device_001,2026-05-24T05:02:18+12:00,49.9,-36.604744,174.802612,1
esp32_device_001,2026-05-24T05:02:23+12:00,49.6,-36.604752,174.802628,1
esp32_device_001,2026-05-24T05:02:28+12:00,47.8,-36.604759,174.802628,1
esp32_device_001,2026-05-24T05:02:33+12:00,45.6,-36.604771,174.802643,1
esp32_device_001,2026-05-24T05:02:38+12:00,43.1,-36.604778,174.802658,1
esp32_device_001,2026-05-24T05:02:43+12:00,41,-36.604782,174.802673,1
esp32_device_001,2026-05-24T05:02:48+12:00,39.7,-36.60479,174.802673,1
esp32_device_001,2026-05-24T05:02:53+12:00,38.8,-36.604797,174.802689,1
esp32_device_001,2026-05-24T05:02:58+12:00,35.8,-36.604813,174.802704,1
esp32_device_001,2026-05-24T05:03:03+12:00,32.6,-36.604816,174.802719,1
esp32_device_001,2026-05-24T05:03:08+12:00,29.2,-36.604824,174.802734,1
esp32_device_001,2026-05-24T05:03:13+12:00,25,-36.604855,174.802765,1
esp32_device_001,2026-05-24T05:03:18+12:00,23.4,-36.604862,174.802765,1
esp32_device_001,2026-05-24T05:03:23+12:00,22.4,-36.604851,174.802765,1
esp32_device_001,2026-05-24T05:03:28+12:00,27.6,-36.604813,174.802719,1
esp32_device_001,2026-05-24T05:03:33+12:00,33.3,-36.604778,174.802673,1
esp32_device_001,2026-05-24T05:03:38+12:00,38.3,-36.604759,174.802643,1
esp32_device_001,2026-05-24T05:03:43+12:00,42.1,-36.604752,174.802628,1
esp32_device_001,2026-05-24T05:03:48+12:00,45.3,-36.604755,174.802628,1
esp32_device_001,2026-05-24T05:03:53+12:00,49.5,-36.604759,174.802612,1
esp32_device_001,2026-05-24T05:03:58+12:00,52.5,-36.604748,174.802597,1
esp32_device_001,2026-05-24T05:04:03+12:00,54.7,-36.60474,174.802567,1
esp32_device_001,2026-05-24T05:04:08+12:00,53.1,-36.60474,174.802582,1
esp32_device_001,2026-05-24T05:04:13+12:00,52.9,-36.60474,174.802582,1
esp32_device_001,2026-05-24T05:04:18+12:00,52.1,-36.60474,174.802567,1
esp32_device_001,2026-05-24T05:04:23+12:00,51.8,-36.60474,174.802582,1
esp32_device_001,2026-05-24T05:04:28+12:00,51.2,-36.60474,174.802582,1
esp32_device_001,2026-05-24T05:04:33+12:00,51.5,-36.604736,174.802582,1
esp32_device_001,2026-05-24T05:04:38+12:00,50.4,-36.60474,174.802597,1
esp32_device_001,2026-05-24T05:04:43+12:00,49.7,-36.604748,174.802597,1
esp32_device_001,2026-05-24T05:04:48+12:00,51.2,-36.604748,174.802582,1
esp32_device_001,2026-05-24T05:04:53+12:00,52.9,-36.604748,174.802567,1
esp32_device_001,2026-05-24T05:04:58+12:00,53.2,-36.604748,174.802567,1
esp32_device_001,2026-05-24T05:05:03+12:00,55.2,-36.604744,174.802551,1
esp32_device_001,2026-05-24T05:05:08+12:00,55.3,-36.604744,174.802567,1
esp32_device_001,2026-05-24T05:05:13+12:00,55.8,-36.60474,174.802567,1
esp32_device_001,2026-05-24T05:05:22+12:00,56.1,-36.604752,174.802567,1
esp32_device_001,2026-05-24T05:05:27+12:00,59.7,-36.604744,174.802536,1
esp32_device_001,2026-05-24T05:05:32+12:00,62.2,-36.60474,174.802521,1
esp32_device_001,2026-05-24T05:05:37+12:00,64.3,-36.604733,174.802505,1
esp32_device_001,2026-05-24T05:05:42+12:00,64.3,-36.604736,174.802505,1
esp32_device_001,2026-05-24T05:05:47+12:00,64.4,-36.604736,174.802505,1
esp32_device_001,2026-05-24T05:05:52+12:00,66,-36.604729,174.802505,1
esp32_device_001,2026-05-24T05:05:57+12:00,67,-36.604717,174.80249,1
esp32_device_001,2026-05-24T05:06:02+12:00,67.9,-36.604717,174.80249,1
esp32_device_001,2026-05-24T05:06:07+12:00,68.3,-36.604713,174.80249,1
esp32_device_001,2026-05-24T05:06:12+12:00,67.5,-36.60471,174.802505,1
esp32_device_001,2026-05-24T05:06:17+12:00,66.1,-36.60471,174.802521,1
esp32_device_001,2026-05-24T05:06:22+12:00,64.5,-36.60471,174.802536,1
esp32_device_001,2026-05-24T05:06:27+12:00,62.9,-36.604706,174.802551,1
esp32_device_001,2026-05-24T05:06:32+12:00,61.7,-36.604706,174.802567,1
esp32_device_001,2026-05-24T05:06:37+12:00,61.4,-36.604706,174.802567,1
esp32_device_001,2026-05-24T05:06:42+12:00,60.4,-36.60471,174.802567,1
esp32_device_001,2026-05-24T05:06:47+12:00,61.2,-36.604721,174.802567,1
esp32_device_001,2026-05-24T05:06:52+12:00,61.6,-36.604733,174.802582,1
esp32_device_001,2026-05-24T05:06:57+12:00,62.5,-36.60474,174.802582,1
esp32_device_001,2026-05-24T05:07:02+12:00,62.5,-36.604748,174.802582,1
esp32_device_001,2026-05-24T05:07:07+12:00,62.2,-36.604752,174.802582,1
esp32_device_001,2026-05-24T05:07:12+12:00,61.8,-36.604748,174.802582,1
esp32_device_001,2026-05-24T05:07:17+12:00,62.3,-36.604744,174.802582,1
esp32_device_001,2026-05-24T05:07:22+12:00,62,-36.604736,174.802567,1
esp32_device_001,2026-05-24T05:07:27+12:00,63.8,-36.604733,174.802567,1
esp32_device_001,2026-05-24T05:07:32+12:00,63.4,-36.604729,174.802567,1
esp32_device_001,2026-05-24T05:07:37+12:00,64,-36.604733,174.802551,1
esp32_device_001,2026-05-24T05:07:42+12:00,64.4,-36.604733,174.802551,1
esp32_device_001,2026-05-24T05:07:47+12:00,64.2,-36.604725,174.802551,1
esp32_device_001,2026-05-24T05:07:52+12:00,62.7,-36.604725,174.802551,1
esp32_device_001,2026-05-24T05:07:57+12:00,62.6,-36.604717,174.802551,1
esp32_device_001,2026-05-24T05:08:02+12:00,62.4,-36.604717,174.802567,1
esp32_device_001,2026-05-24T05:08:07+12:00,61.7,-36.604706,174.802567,1
esp32_device_001,2026-05-24T05:08:12+12:00,59.8,-36.604702,174.802567,1
esp32_device_001,2026-05-24T05:08:17+12:00,57.6,-36.604702,174.802582,1
esp32_device_001,2026-05-24T05:08:22+12:00,57.3,-36.604706,174.802582,1
esp32_device_001,2026-05-24T05:08:27+12:00,61.6,-36.604683,174.802551,1
esp32_device_001,2026-05-24T05:08:32+12:00,61.7,-36.604694,174.802567,1
esp32_device_001,2026-05-24T05:08:37+12:00,62.7,-36.604702,174.802567,1
esp32_device_001,2026-05-24T05:08:42+12:00,62.3,-36.604698,174.802551,1
esp32_device_001,2026-05-24T05:08:47+12:00,63.1,-36.604706,174.802551,1
esp32_device_001,2026-05-24T05:08:52+12:00,62.6,-36.604698,174.802551,1
esp32_device_001,2026-05-24T05:08:57+12:00,62.2,-36.604702,174.802551,1
esp32_device_001,2026-05-24T05:09:02+12:00,60.2,-36.60471,174.802551,1
esp32_device_001,2026-05-24T05:09:07+12:00,59.1,-36.604717,174.802567,1
esp32_device_001,2026-05-24T05:09:12+12:00,57.8,-36.604725,174.802567,1
esp32_device_001,2026-05-24T05:09:17+12:00,56.8,-36.604733,174.802582,1
esp32_device_001,2026-05-24T05:09:22+12:00,57.6,-36.604725,174.802582,1
esp32_device_001,2026-05-24T05:09:27+12:00,57.9,-36.604721,174.802582,1
esp32_device_001,2026-05-24T05:09:32+12:00,58.2,-36.604717,174.802567,1
esp32_device_001,2026-05-24T05:09:37+12:00,60.6,-36.604706,174.802551,1
esp32_device_001,2026-05-24T05:09:42+12:00,59.2,-36.60471,174.802567,1
esp32_device_001,2026-05-24T05:09:47+12:00,57.6,-36.604717,174.802567,1
esp32_device_001,2026-05-24T05:09:52+12:00,56.6,-36.604721,174.802582,1
esp32_device_001,2026-05-24T05:09:57+12:00,51.6,-36.604759,174.802612,1
esp32_device_001,2026-05-24T05:10:02+12:00,48.9,-36.604774,174.802628,1
esp32_device_001,2026-05-24T05:10:07+12:00,39.9,-36.604832,174.802689,1
esp32_device_001,2026-05-24T05:10:12+12:00,37.8,-36.604843,174.802689,1
esp32_device_001,2026-05-24T05:10:17+12:00,36.6,-36.604836,174.802689,1
esp32_device_001,2026-05-24T05:10:22+12:00,36.4,-36.604839,174.802704,1
esp32_device_001,2026-05-24T05:10:27+12:00,36.1,-36.604832,174.802689,1
esp32_device_001,2026-05-24T05:10:32+12:00,35.9,-36.604832,174.802704,1
esp32_device_001,2026-05-24T05:10:37+12:00,35.9,-36.604828,174.802689,1
esp32_device_001,2026-05-24T05:10:42+12:00,36.8,-36.604813,174.802689,1
esp32_device_001,2026-05-24T05:10:47+12:00,38,-36.60482,174.802689,1
esp32_device_001,2026-05-24T05:10:52+12:00,40.1,-36.60482,174.802689,1
esp32_device_001,2026-05-24T05:10:57+12:00,40.4,-36.60482,174.802689,1
esp32_device_001,2026-05-24T05:11:02+12:00,30,-36.60487,174.802734,1
esp32_device_001,2026-05-24T05:11:07+12:00,23.7,-36.604893,174.802765,1
esp32_device_001,2026-05-24T05:11:12+12:00,24.3,-36.604885,174.802765,1
esp32_device_001,2026-05-24T05:11:17+12:00,28,-36.604858,174.802734,1
esp32_device_001,2026-05-24T05:11:22+12:00,31,-36.604832,174.802704,1
esp32_device_001,2026-05-24T05:11:27+12:00,37.2,-36.604797,174.802673,1
esp32_device_001,2026-05-24T05:11:32+12:00,40.3,-36.604786,174.802658,1
esp32_device_001,2026-05-24T05:11:37+12:00,43.4,-36.604778,174.802643,1
esp32_device_001,2026-05-24T05:11:42+12:00,47,-36.604767,174.802628,1
esp32_device_001,2026-05-24T05:11:47+12:00,50.1,-36.604759,174.802612,1
esp32_device_001,2026-05-24T05:11:52+12:00,52.5,-36.604744,174.802597,1
esp32_device_001,2026-05-24T05:11:57+12:00,54.1,-36.604733,174.802582,1
esp32_device_001,2026-05-24T05:12:02+12:00,55.2,-36.604717,174.802582,1
esp32_device_001,2026-05-24T05:12:07+12:00,57.4,-36.604725,174.802582,1
esp32_device_001,2026-05-24T05:12:12+12:00,58.3,-36.604733,174.802582,1
esp32_device_001,2026-05-24T05:12:17+12:00,58.7,-36.604729,174.802582,1
esp32_device_001,2026-05-24T05:12:22+12:00,60.1,-36.604721,174.802567,1
esp32_device_001,2026-05-24T05:12:27+12:00,60.4,-36.604713,174.802567,1
esp32_device_001,2026-05-24T05:12:32+12:00,60.3,-36.60471,174.802567,1
esp32_device_001,2026-05-24T05:12:37+12:00,60.2,-36.604698,174.802551,1
esp32_device_001,2026-05-24T05:12:42+12:00,61.1,-36.604698,174.802551,1
esp32_device_001,2026-05-24T05:12:47+12:00,62.2,-36.604694,174.802551,1
esp32_device_001,2026-05-24T05:12:52+12:00,62.7,-36.604691,174.802551,1
esp32_device_001,2026-05-24T05:12:57+12:00,63.1,-36.604683,174.802536,1
esp32_device_001,2026-05-24T05:13:02+12:00,63.5,-36.604671,174.802536,1
esp32_device_001,2026-05-24T05:13:07+12:00,63.3,-36.604656,174.802521,1
esp32_device_001,2026-05-24T05:13:12+12:00,62.4,-36.604633,174.802521,1
esp32_device_001,2026-05-24T05:13:17+12:00,62,-36.604637,174.802521,1
esp32_device_001,2026-05-24T05:13:22+12:00,61,-36.604641,174.802521,1
esp32_device_001,2026-05-24T05:13:27+12:00,57.2,-36.60466,174.802551,1
esp32_device_001,2026-05-24T05:13:32+12:00,54.4,-36.604675,174.802567,1
esp32_device_001,2026-05-24T05:13:37+12:00,53.9,-36.604679,174.802567,1
esp32_device_001,2026-05-24T05:13:42+12:00,53.4,-36.604675,174.802567,1
esp32_device_001,2026-05-24T05:13:47+12:00,53.1,-36.604664,174.802551,1
esp32_device_001,2026-05-24T05:13:52+12:00,52.7,-36.604656,174.802551,1
esp32_device_001,2026-05-24T05:13:57+12:00,52.9,-36.60466,174.802551,1
esp32_device_001,2026-05-24T05:14:02+12:00,53.3,-36.604656,174.802551,1
esp32_device_001,2026-05-24T05:14:07+12:00,53.9,-36.604656,174.802551,1
esp32_device_001,2026-05-24T05:14:12+12:00,54.9,-36.604652,174.802551,1
esp32_device_001,2026-05-24T05:14:17+12:00,55.2,-36.604656,174.802551,1
esp32_device_001,2026-05-24T05:14:22+12:00,55.7,-36.604664,174.802551,1
esp32_device_001,2026-05-24T05:14:27+12:00,56.1,-36.604668,174.802567,1
esp32_device_001,2026-05-24T05:14:32+12:00,57,-36.60466,174.802551,1
esp32_device_001,2026-05-24T05:14:37+12:00,56.5,-36.60466,174.802551,1
esp32_device_001,2026-05-24T05:14:42+12:00,56.2,-36.60466,174.802551,1
esp32_device_001,2026-05-24T05:14:47+12:00,55.5,-36.604664,174.802551,1
esp32_device_001,2026-05-24T05:14:52+12:00,54.2,-36.604679,174.802567,1
esp32_device_001,2026-05-24T05:14:57+12:00,52.6,-36.604683,174.802567,1
esp32_device_001,2026-05-24T05:15:02+12:00,50,-36.604698,174.802582,1
esp32_device_001,2026-05-24T05:15:07+12:00,49.2,-36.604702,174.802582,1
esp32_device_001,2026-05-24T05:15:22+12:00,48,-36.604698,174.802582,1
esp32_device_001,2026-05-24T05:15:27+12:00,48.9,-36.604706,174.802582,1
esp32_device_001,2026-05-24T05:15:32+12:00,49,-36.604706,174.802582,1
esp32_device_001,2026-05-24T05:15:37+12:00,49.2,-36.604698,174.802582,1
esp32_device_001,2026-05-24T05:15:42+12:00,49.9,-36.604691,174.802567,1
esp32_device_001,2026-05-24T05:15:47+12:00,50.6,-36.604702,174.802582,1
esp32_device_001,2026-05-24T05:15:52+12:00,50.1,-36.604706,174.802582,1
esp32_device_001,2026-05-24T05:15:57+12:00,49.7,-36.60471,174.802582,1
esp32_device_001,2026-05-24T05:16:02+12:00,49.6,-36.604713,174.802582,1
esp32_device_001,2026-05-24T05:16:07+12:00,49.8,-36.604725,174.802597,1
esp32_device_001,2026-05-24T05:16:12+12:00,50.4,-36.604721,174.802597,1
esp32_device_001,2026-05-24T05:16:17+12:00,51.3,-36.604713,174.802582,1
esp32_device_001,2026-05-24T05:16:22+12:00,50.5,-36.604717,174.802582,1
esp32_device_001,2026-05-24T05:16:27+12:00,48.2,-36.604736,174.802597,1
esp32_device_001,2026-05-24T05:16:37+12:00,46.1,-36.604759,174.802612,1
esp32_device_001,2026-05-24T05:16:42+12:00,45.3,-36.604748,174.802612,1
esp32_device_001,2026-05-24T05:16:52+12:00,45.7,-36.604748,174.802612,1
esp32_device_001,2026-05-24T05:16:57+12:00,46.2,-36.604729,174.802597,1
esp32_device_001,2026-05-24T05:17:02+12:00,48.4,-36.60471,174.802582,1
esp32_device_001,2026-05-24T05:17:12+12:00,55.6,-36.604675,174.802551,1
esp32_device_001,2026-05-24T05:17:22+12:00,62.1,-36.60466,174.802536,1
esp32_device_001,2026-05-24T05:17:27+12:00,61.9,-36.604671,174.802536,1
esp32_device_001,2026-05-24T05:17:32+12:00,61.2,-36.604683,174.802551,1
esp32_device_001,2026-05-24T05:17:42+12:00,61.4,-36.604687,174.802551,1
esp32_device_001,2026-05-24T05:17:47+12:00,61.7,-36.604687,174.802551,1
esp32_device_001,2026-05-24T05:17:52+12:00,60.7,-36.604687,174.802551,1
esp32_device_001,2026-05-24T05:17:57+12:00,59.9,-36.604687,174.802551,1
esp32_device_001,2026-05-24T05:18:02+12:00,58.7,-36.604694,174.802551,1
esp32_device_001,2026-05-24T05:18:07+12:00,57.5,-36.604702,174.802567,1
esp32_device_001,2026-05-24T05:18:22+12:00,53.3,-36.604725,174.802582,1
esp32_device_001,2026-05-24T05:18:32+12:00,53.3,-36.604721,174.802582,1
esp32_device_001,2026-05-24T05:18:37+12:00,54.2,-36.604717,174.802582,1
esp32_device_001,2026-05-24T05:18:42+12:00,54.9,-36.60471,174.802582,1
esp32_device_001,2026-05-24T05:18:47+12:00,56.1,-36.604706,174.802567,1
esp32_device_001,2026-05-24T05:18:52+12:00,57.6,-36.604698,174.802567,1
esp32_device_001,2026-05-24T05:18:57+12:00,59.1,-36.604698,174.802551,1
esp32_device_001,2026-05-24T05:19:02+12:00,60.6,-36.604702,174.802567,1
esp32_device_001,2026-05-24T05:19:12+12:00,60.7,-36.604702,174.802567,1
esp32_device_001,2026-05-24T05:19:22+12:00,60.1,-36.604717,174.802567,1
esp32_device_001,2026-05-24T05:19:27+12:00,59.2,-36.604717,174.802567,1
esp32_device_001,2026-05-24T05:19:37+12:00,57.7,-36.604733,174.802582,1
esp32_device_001,2026-05-24T05:19:42+12:00,57.1,-36.604736,174.802597,1
esp32_device_001,2026-05-24T05:19:47+12:00,56.1,-36.60474,174.802597,1
esp32_device_001,2026-05-24T05:19:52+12:00,55.8,-36.604736,174.802582,1
esp32_device_001,2026-05-24T05:20:12+12:00,59.7,-36.604725,174.802582,1
esp32_device_001,2026-05-24T05:20:17+12:00,63.2,-36.604721,174.802582,1
esp32_device_001,2026-05-24T05:20:22+12:00,67.1,-36.604713,174.802582,1
esp32_device_001,2026-05-24T05:20:27+12:00,69.8,-36.604713,174.802567,1
esp32_device_001,2026-05-24T05:20:32+12:00,71.8,-36.604706,174.802567,1
esp32_device_001,2026-05-24T05:20:37+12:00,72.9,-36.604702,174.802567,1
esp32_device_001,2026-05-24T05:20:42+12:00,72.5,-36.604702,174.802567,1
esp32_device_001,2026-05-24T05:20:47+12:00,71.3,-36.604702,174.802582,1
esp32_device_001,2026-05-24T05:20:52+12:00,67.6,-36.604706,174.802582,1
esp32_device_001,2026-05-24T05:20:57+12:00,65.4,-36.60471,174.802582,1
esp32_device_001,2026-05-24T05:21:02+12:00,64.4,-36.604713,174.802597,1
esp32_device_001,2026-05-24T05:21:07+12:00,64,-36.604713,174.802597,1
esp32_device_001,2026-05-24T05:21:12+12:00,63.1,-36.604717,174.802597,1
esp32_device_001,2026-05-24T05:21:17+12:00,64.9,-36.604706,174.802582,1
esp32_device_001,2026-05-24T05:21:22+12:00,62.5,-36.604717,174.802597,1
esp32_device_001,2026-05-24T05:21:27+12:00,60.8,-36.604721,174.802597,1
esp32_device_001,2026-05-24T05:21:32+12:00,59.8,-36.604725,174.802597,1
esp32_device_001,2026-05-24T05:21:37+12:00,61.2,-36.604713,174.802597,1
esp32_device_001,2026-05-24T05:21:42+12:00,59.9,-36.604717,174.802597,1
esp32_device_001,2026-05-24T05:21:47+12:00,59.2,-36.604721,174.802597,1
esp32_device_001,2026-05-24T05:21:52+12:00,58.3,-36.604729,174.802612,1
esp32_device_001,2026-05-24T05:21:57+12:00,57.9,-36.604733,174.802612,1
esp32_device_001,2026-05-24T05:22:02+12:00,57.9,-36.604736,174.802612,1
esp32_device_001,2026-05-24T05:22:07+12:00,58.1,-36.60474,174.802612,1
esp32_device_001,2026-05-24T05:22:12+12:00,58.9,-36.604736,174.802612,1
esp32_device_001,2026-05-24T05:22:17+12:00,59.6,-36.604733,174.802597,1
esp32_device_001,2026-05-24T05:22:22+12:00,59.9,-36.604733,174.802597,1
esp32_device_001,2026-05-24T05:22:27+12:00,60.7,-36.604725,174.802582,1
esp32_device_001,2026-05-24T05:22:32+12:00,61.2,-36.604725,174.802582,1
esp32_device_001,2026-05-24T05:22:37+12:00,60.6,-36.604725,174.802582,1
esp32_device_001,2026-05-24T05:22:42+12:00,65.3,-36.604702,174.802567,1
esp32_device_001,2026-05-24T05:22:47+12:00,67.1,-36.604691,174.802551,1
esp32_device_001,2026-05-24T05:22:52+12:00,68.3,-36.604687,174.802551,1
esp32_device_001,2026-05-24T05:22:57+12:00,65.8,-36.604691,174.802551,1
esp32_device_001,2026-05-24T05:23:02+12:00,62.7,-36.604706,174.802567,1
esp32_device_001,2026-05-24T05:23:07+12:00,60.7,-36.604713,174.802582,1
esp32_device_001,2026-05-24T05:23:12+12:00,60.2,-36.604717,174.802582,1
esp32_device_001,2026-05-24T05:23:17+12:00,58.1,-36.604725,174.802597,1
esp32_device_001,2026-05-24T05:23:22+12:00,55.5,-36.604736,174.802597,1
esp32_device_001,2026-05-24T05:23:27+12:00,55.7,-36.604729,174.802597,1
esp32_device_001,2026-05-24T05:23:32+12:00,55.5,-36.604729,174.802597,1
esp32_device_001,2026-05-24T05:23:37+12:00,57,-36.604725,174.802582,1
esp32_device_001,2026-05-24T05:23:42+12:00,57.8,-36.604721,174.802582,1
esp32_device_001,2026-05-24T05:23:47+12:00,62,-36.604706,174.802551,1
esp32_device_001,2026-05-24T05:23:52+12:00,63,-36.604702,174.802551,1
esp32_device_001,2026-05-24T05:23:57+12:00,62.5,-36.604706,174.802551,1
esp32_device_001,2026-05-24T05:24:02+12:00,63.1,-36.604702,174.802551,1
esp32_device_001,2026-05-24T05:24:07+12:00,64,-36.604698,174.802536,1
esp32_device_001,2026-05-24T05:24:12+12:00,64.6,-36.604694,174.802536,1
esp32_device_001,2026-05-24T05:24:17+12:00,64.7,-36.604698,174.802536,1
esp32_device_001,2026-05-24T05:24:22+12:00,64.8,-36.604694,174.802536,1
esp32_device_001,2026-05-24T05:24:27+12:00,65.2,-36.604691,174.802536,1
esp32_device_001,2026-05-24T05:24:32+12:00,65.8,-36.604687,174.802521,1
esp32_device_001,2026-05-24T05:24:37+12:00,68.2,-36.604675,174.802505,1
esp32_device_001,2026-05-24T05:24:42+12:00,69.3,-36.604664,174.802505,1
esp32_device_001,2026-05-24T05:24:47+12:00,71.4,-36.604656,174.80249,1
esp32_device_001,2026-05-24T05:24:52+12:00,71.7,-36.60466,174.80249,1
esp32_device_001,2026-05-24T05:24:57+12:00,70,-36.604675,174.802505,1
esp32_device_001,2026-05-24T05:25:02+12:00,69.4,-36.604675,174.802505,1
esp32_device_001,2026-05-24T05:25:07+12:00,67,-36.604691,174.802521,1
esp32_device_001,2026-05-24T05:25:12+12:00,64.9,-36.604702,174.802521,1
esp32_device_001,2026-05-24T05:25:22+12:00,63.2,-36.604713,174.802536,1
esp32_device_001,2026-05-24T05:25:27+12:00,61.1,-36.604725,174.802551,1
esp32_device_001,2026-05-24T05:25:32+12:00,58.6,-36.60474,174.802551,1
esp32_device_001,2026-05-24T05:25:37+12:00,57.5,-36.604744,174.802567,1
esp32_device_001,2026-05-24T05:25:42+12:00,55.9,-36.604755,174.802567,1
esp32_device_001,2026-05-24T05:25:47+12:00,53.6,-36.604763,174.802582,1
esp32_device_001,2026-05-24T05:25:52+12:00,51.5,-36.604767,174.802582,1
esp32_device_001,2026-05-24T05:25:57+12:00,51.3,-36.604767,174.802582,1
esp32_device_001,2026-05-24T05:26:02+12:00,50.8,-36.604771,174.802582,1
esp32_device_001,2026-05-24T05:26:07+12:00,51.2,-36.604767,174.802582,1
esp32_device_001,2026-05-24T05:26:12+12:00,51.4,-36.604771,174.802582,1
esp32_device_001,2026-05-24T05:26:17+12:00,50.9,-36.604767,174.802582,1
esp32_device_001,2026-05-24T05:26:22+12:00,50.6,-36.604763,174.802582,1
esp32_device_001,2026-05-24T05:26:27+12:00,50.1,-36.604763,174.802582,1
esp32_device_001,2026-05-24T05:26:32+12:00,51.4,-36.604759,174.802582,1
esp32_device_001,2026-05-24T05:26:37+12:00,51.9,-36.604755,174.802582,1
esp32_device_001,2026-05-24T05:26:42+12:00,52,-36.604759,174.802582,1
esp32_device_001,2026-05-24T05:26:47+12:00,51.8,-36.604763,174.802582,1
esp32_device_001,2026-05-24T05:26:52+12:00,52,-36.604755,174.802582,1
esp32_device_001,2026-05-24T05:26:57+12:00,51.1,-36.604763,174.802582,1
esp32_device_001,2026-05-24T05:27:02+12:00,51.4,-36.604755,174.802582,1
esp32_device_001,2026-05-24T05:27:07+12:00,50.2,-36.604767,174.802582,1
esp32_device_001,2026-05-24T05:27:12+12:00,48.6,-36.604778,174.802597,1
esp32_device_001,2026-05-24T05:27:17+12:00,48.4,-36.604778,174.802597,1
esp32_device_001,2026-05-24T05:27:22+12:00,49.2,-36.604774,174.802582,1
esp32_device_001,2026-05-24T05:27:27+12:00,49.3,-36.604774,174.802582,1
esp32_device_001,2026-05-24T05:27:32+12:00,48.7,-36.604778,174.802597,1
esp32_device_001,2026-05-24T05:27:37+12:00,47.9,-36.604786,174.802597,1
esp32_device_001,2026-05-24T05:27:42+12:00,48,-36.604786,174.802597,1
esp32_device_001,2026-05-24T05:27:47+12:00,47.1,-36.604794,174.802597,1
esp32_device_001,2026-05-24T05:27:52+12:00,45.9,-36.604805,174.802612,1
esp32_device_001,2026-05-24T05:27:57+12:00,45.2,-36.604809,174.802612,1
esp32_device_001,2026-05-24T05:28:02+12:00,45.6,-36.604805,174.802612,1
esp32_device_001,2026-05-24T05:28:07+12:00,46.6,-36.604794,174.802597,1
esp32_device_001,2026-05-24T05:28:12+12:00,46.7,-36.604786,174.802597,1
esp32_device_001,2026-05-24T05:28:17+12:00,48.1,-36.604774,174.802597,1
esp32_device_001,2026-05-24T05:28:22+12:00,49,-36.604763,174.802582,1
esp32_device_001,2026-05-24T05:28:27+12:00,48.7,-36.604767,174.802582,1
esp32_device_001,2026-05-24T05:28:32+12:00,48.5,-36.604771,174.802582,1
esp32_device_001,2026-05-24T05:28:37+12:00,49.1,-36.604771,174.802582,1
esp32_device_001,2026-05-24T05:28:42+12:00,50.3,-36.604763,174.802582,1
esp32_device_001,2026-05-24T05:28:47+12:00,49.8,-36.604771,174.802582,1
esp32_device_001,2026-05-24T05:28:52+12:00,50.2,-36.604771,174.802582,1
esp32_device_001,2026-05-24T05:28:57+12:00,50.4,-36.604771,174.802582,1
esp32_device_001,2026-05-24T05:29:02+12:00,52,-36.604759,174.802567,1
esp32_device_001,2026-05-24T05:29:07+12:00,52.9,-36.604748,174.802567,1
esp32_device_001,2026-05-24T05:29:12+12:00,54.5,-36.60474,174.802567,1
esp32_device_001,2026-05-24T05:29:17+12:00,54.3,-36.60474,174.802567,1
esp32_device_001,2026-05-24T05:29:22+12:00,53.1,-36.604752,174.802567,1
esp32_device_001,2026-05-24T05:29:27+12:00,51.6,-36.604767,174.802582,1
esp32_device_001,2026-05-24T05:29:32+12:00,50.4,-36.604774,174.802582,1
esp32_device_001,2026-05-24T05:29:37+12:00,48.6,-36.60479,174.802597,1
esp32_device_001,2026-05-24T05:29:42+12:00,48.1,-36.604794,174.802597,1
esp32_device_001,2026-05-24T05:29:47+12:00,48,-36.60479,174.802597,1
esp32_device_001,2026-05-24T05:29:52+12:00,47.9,-36.60479,174.802597,1
esp32_device_001,2026-05-24T05:29:57+12:00,48.1,-36.604786,174.802597,1
esp32_device_001,2026-05-24T05:30:02+12:00,48.4,-36.604782,174.802597,1
esp32_device_001,2026-05-24T05:30:07+12:00,49.2,-36.604774,174.802582,1
esp32_device_001,2026-05-24T05:30:12+12:00,49.9,-36.604774,174.802582,1
esp32_device_001,2026-05-24T05:30:17+12:00,50.8,-36.604771,174.802582,1
esp32_device_001,2026-05-24T05:30:22+12:00,51.4,-36.604767,174.802582,1
esp32_device_001,2026-05-24T05:30:27+12:00,51.7,-36.604763,174.802582,1
esp32_device_001,2026-05-24T05:30:32+12:00,51.6,-36.604763,174.802567,1
esp32_device_001,2026-05-24T05:30:37+12:00,51.4,-36.604763,174.802582,1
esp32_device_001,2026-05-24T05:30:42+12:00,50.9,-36.604767,174.802582,1
esp32_device_001,2026-05-24T05:30:47+12:00,50.3,-36.604774,174.802582,1
esp32_device_001,2026-05-24T05:30:52+12:00,50.4,-36.604774,174.802597,1
esp32_device_001,2026-05-24T05:30:57+12:00,50,-36.604778,174.802597,1
esp32_device_001,2026-05-24T05:31:02+12:00,50.5,-36.604778,174.802597,1
esp32_device_001,2026-05-24T05:31:07+12:00,52.5,-36.604767,174.802582,1
esp32_device_001,2026-05-24T05:31:12+12:00,53.1,-36.604767,174.802582,1
esp32_device_001,2026-05-24T05:31:17+12:00,53.6,-36.604763,174.802582,1
esp32_device_001,2026-05-24T05:31:22+12:00,55.4,-36.604752,174.802567,1
esp32_device_001,2026-05-24T05:31:27+12:00,55.6,-36.604748,174.802567,1
esp32_device_001,2026-05-24T05:31:32+12:00,55.4,-36.604752,174.802567,1
esp32_device_001,2026-05-24T05:31:37+12:00,53.9,-36.604763,174.802567,1
esp32_device_001,2026-05-24T05:31:42+12:00,53,-36.604771,174.802582,1
esp32_device_001,2026-05-24T05:31:47+12:00,51.8,-36.604774,174.802582,1
esp32_device_001,2026-05-24T05:31:52+12:00,50.9,-36.604778,174.802582,1
esp32_device_001,2026-05-24T05:31:57+12:00,49.3,-36.604786,174.802597,1
esp32_device_001,2026-05-24T05:32:02+12:00,48.3,-36.604786,174.802597,1
esp32_device_001,2026-05-24T05:32:07+12:00,47.5,-36.60479,174.802597,1
esp32_device_001,2026-05-24T05:32:12+12:00,47,-36.60479,174.802612,1
esp32_device_001,2026-05-24T05:32:17+12:00,46.4,-36.604794,174.802612,1
esp32_device_001,2026-05-24T05:32:22+12:00,47.5,-36.604786,174.802597,1
esp32_device_001,2026-05-24T05:32:27+12:00,48,-36.604782,174.802597,1
esp32_device_001,2026-05-24T05:32:32+12:00,46.6,-36.60479,174.802597,1
esp32_device_001,2026-05-24T05:32:37+12:00,45.6,-36.604794,174.802597,1
esp32_device_001,2026-05-24T05:32:42+12:00,45.5,-36.604794,174.802597,1
esp32_device_001,2026-05-24T05:32:47+12:00,45.8,-36.60479,174.802597,1
esp32_device_001,2026-05-24T05:32:52+12:00,46,-36.604786,174.802597,1
esp32_device_001,2026-05-24T05:32:57+12:00,47.2,-36.604782,174.802597,1
esp32_device_001,2026-05-24T05:33:02+12:00,47.5,-36.604782,174.802597,1
esp32_device_001,2026-05-24T05:33:07+12:00,48.4,-36.604782,174.802597,1
esp32_device_001,2026-05-24T05:33:12+12:00,49.8,-36.604778,174.802597,1
esp32_device_001,2026-05-24T05:33:17+12:00,51,-36.604774,174.802597,1
esp32_device_001,2026-05-24T05:33:22+12:00,51.4,-36.604771,174.802582,1
esp32_device_001,2026-05-24T05:33:27+12:00,51.2,-36.604774,174.802597,1
esp32_device_001,2026-05-24T05:33:32+12:00,51.5,-36.604774,174.802597,1
esp32_device_001,2026-05-24T05:33:37+12:00,51,-36.604774,174.802597,1
esp32_device_001,2026-05-24T05:33:42+12:00,49.9,-36.604782,174.802597,1
esp32_device_001,2026-05-24T05:33:47+12:00,49.5,-36.604778,174.802597,1
esp32_device_001,2026-05-24T05:33:52+12:00,49.3,-36.604778,174.802597,1
esp32_device_001,2026-05-24T05:33:57+12:00,48.5,-36.604786,174.802597,1
esp32_device_001,2026-05-24T05:34:02+12:00,48.4,-36.604786,174.802597,1
esp32_device_001,2026-05-24T05:34:07+12:00,48.6,-36.604782,174.802597,1
esp32_device_001,2026-05-24T05:34:12+12:00,48.1,-36.604782,174.802597,1
esp32_device_001,2026-05-24T05:34:17+12:00,47.9,-36.604782,174.802597,1
esp32_device_001,2026-05-24T05:34:22+12:00,47.6,-36.604782,174.802597,1
esp32_device_001,2026-05-24T05:34:27+12:00,48,-36.604782,174.802597,1
esp32_device_001,2026-05-24T05:34:32+12:00,48.2,-36.604782,174.802597,1
esp32_device_001,2026-05-24T05:34:37+12:00,48.2,-36.604782,174.802597,1
esp32_device_001,2026-05-24T05:34:42+12:00,48.8,-36.604782,174.802597,1
esp32_device_001,2026-05-24T05:34:47+12:00,49.8,-36.604774,174.802582,1
esp32_device_001,2026-05-24T05:34:52+12:00,50.4,-36.604771,174.802582,1
esp32_device_001,2026-05-24T05:34:57+12:00,51.7,-36.604763,174.802582,1
esp32_device_001,2026-05-24T05:35:02+12:00,51.6,-36.604767,174.802582,1
esp32_device_001,2026-05-24T05:35:07+12:00,51,-36.604774,174.802582,1
esp32_device_001,2026-05-24T05:35:12+12:00,50.8,-36.604778,174.802582,1
esp32_device_001,2026-05-24T05:35:22+12:00,51.1,-36.604778,174.802582,1
esp32_device_001,2026-05-24T05:35:27+12:00,52.2,-36.604771,174.802582,1
esp32_device_001,2026-05-24T05:35:32+12:00,52.5,-36.604771,174.802567,1
esp32_device_001,2026-05-24T05:35:37+12:00,53.2,-36.604763,174.802567,1
esp32_device_001,2026-05-24T05:35:42+12:00,53.9,-36.604759,174.802567,1
esp32_device_001,2026-05-24T05:35:47+12:00,54,-36.604759,174.802551,1
esp32_device_001,2026-05-24T05:35:52+12:00,53.9,-36.604763,174.802567,1
esp32_device_001,2026-05-24T05:35:57+12:00,54.2,-36.604763,174.802567,1
esp32_device_001,2026-05-24T05:36:02+12:00,55.1,-36.604752,174.802551,1
esp32_device_001,2026-05-24T05:36:07+12:00,55.8,-36.604748,174.802551,1
esp32_device_001,2026-05-24T05:36:12+12:00,55.8,-36.604744,174.802551,1
esp32_device_001,2026-05-24T05:36:17+12:00,56.2,-36.604736,174.802551,1
esp32_device_001,2026-05-24T05:36:22+12:00,56.7,-36.604729,174.802551,1
esp32_device_001,2026-05-24T05:36:27+12:00,56.2,-36.604729,174.802551,1
esp32_device_001,2026-05-24T05:36:32+12:00,55.5,-36.604729,174.802551,1
esp32_device_001,2026-05-24T05:36:37+12:00,54.5,-36.604729,174.802551,1
esp32_device_001,2026-05-24T05:36:42+12:00,53.5,-36.604736,174.802551,1
esp32_device_001,2026-05-24T05:36:47+12:00,52.8,-36.604736,174.802567,1
esp32_device_001,2026-05-24T05:36:52+12:00,52.7,-36.604733,174.802567,1
esp32_device_001,2026-05-24T05:36:57+12:00,52.5,-36.604733,174.802567,1
esp32_device_001,2026-05-24T05:37:02+12:00,51.7,-36.604744,174.802567,1
esp32_device_001,2026-05-24T05:37:07+12:00,51.4,-36.604744,174.802567,1
esp32_device_001,2026-05-24T05:37:12+12:00,51.2,-36.604744,174.802567,1
esp32_device_001,2026-05-24T05:37:17+12:00,50.3,-36.604748,174.802582,1
esp32_device_001,2026-05-24T05:37:22+12:00,50.3,-36.604748,174.802582,1
esp32_device_001,2026-05-24T05:37:27+12:00,51,-36.60474,174.802567,1
esp32_device_001,2026-05-24T05:37:32+12:00,51.1,-36.60474,174.802567,1
esp32_device_001,2026-05-24T05:37:37+12:00,50.7,-36.604744,174.802582,1
esp32_device_001,2026-05-24T05:37:42+12:00,50,-36.604752,174.802582,1
esp32_device_001,2026-05-24T05:37:47+12:00,49.7,-36.604755,174.802582,1
esp32_device_001,2026-05-24T05:37:52+12:00,49.4,-36.604759,174.802597,1
esp32_device_001,2026-05-24T05:37:57+12:00,49.8,-36.604755,174.802582,1
esp32_device_001,2026-05-24T05:38:02+12:00,49.8,-36.604759,174.802582,1
esp32_device_001,2026-05-24T05:38:07+12:00,49,-36.604767,174.802597,1
esp32_device_001,2026-05-24T05:38:12+12:00,50.7,-36.604759,174.802582,1
esp32_device_001,2026-05-24T05:38:17+12:00,49.9,-36.604767,174.802582,1
esp32_device_001,2026-05-24T05:38:22+12:00,49.3,-36.604774,174.802597,1
esp32_device_001,2026-05-24T05:38:27+12:00,49.8,-36.604771,174.802597,1
esp32_device_001,2026-05-24T05:38:32+12:00,49.4,-36.604778,174.802597,1
esp32_device_001,2026-05-24T05:38:37+12:00,48.4,-36.604786,174.802597,1
esp32_device_001,2026-05-24T05:38:42+12:00,46,-36.604801,174.802612,1
esp32_device_001,2026-05-24T05:38:47+12:00,43.4,-36.604816,174.802628,1
esp32_device_001,2026-05-24T05:38:52+12:00,42,-36.604824,174.802628,1
esp32_device_001,2026-05-24T05:38:57+12:00,41.2,-36.604828,174.802643,1
esp32_device_001,2026-05-24T05:39:02+12:00,40.8,-36.604832,174.802643,1
esp32_device_001,2026-05-24T05:39:07+12:00,38,-36.604855,174.802658,1
esp32_device_001,2026-05-24T05:39:12+12:00,37.1,-36.604862,174.802658,1
esp32_device_001,2026-05-24T05:39:17+12:00,37.9,-36.604851,174.802658,1
esp32_device_001,2026-05-24T05:39:22+12:00,39.3,-36.604839,174.802643,1
esp32_device_001,2026-05-24T05:39:27+12:00,40.8,-36.604828,174.802628,1
esp32_device_001,2026-05-24T05:39:32+12:00,42.5,-36.604813,174.802612,1
esp32_device_001,2026-05-24T05:39:37+12:00,43.8,-36.604805,174.802612,1
esp32_device_001,2026-05-24T05:39:42+12:00,44.9,-36.604797,174.802597,1
esp32_device_001,2026-05-24T05:39:47+12:00,45.4,-36.604797,174.802597,1
esp32_device_001,2026-05-24T05:39:52+12:00,46.2,-36.60479,174.802597,1
esp32_device_001,2026-05-24T05:39:57+12:00,46.4,-36.604794,174.802597,1
esp32_device_001,2026-05-24T05:40:02+12:00,46.7,-36.60479,174.802597,1
esp32_device_001,2026-05-24T05:40:07+12:00,47.6,-36.604782,174.802582,1
esp32_device_001,2026-05-24T05:40:12+12:00,48.6,-36.604774,174.802582,1
esp32_device_001,2026-05-24T05:40:17+12:00,48.2,-36.604774,174.802582,1
esp32_device_001,2026-05-24T05:40:22+12:00,47.6,-36.604778,174.802582,1
esp32_device_001,2026-05-24T05:40:27+12:00,46.3,-36.604786,174.802597,1
esp32_device_001,2026-05-24T05:40:32+12:00,45.4,-36.604794,174.802597,1
esp32_device_001,2026-05-24T05:40:37+12:00,44.6,-36.604797,174.802597,1
esp32_device_001,2026-05-24T05:40:42+12:00,43.2,-36.604805,174.802612,1
esp32_device_001,2026-05-24T05:40:47+12:00,43.3,-36.604801,174.802612,1
esp32_device_001,2026-05-24T05:40:52+12:00,43.1,-36.604797,174.802612,1
esp32_device_001,2026-05-24T05:40:57+12:00,42.6,-36.604797,174.802612,1
esp32_device_001,2026-05-24T05:41:02+12:00,42.4,-36.604801,174.802612,1
esp32_device_001,2026-05-24T05:41:07+12:00,42.5,-36.604797,174.802612,1
esp32_device_001,2026-05-24T05:41:12+12:00,43.5,-36.604794,174.802612,1
esp32_device_001,2026-05-24T05:41:17+12:00,45.2,-36.604778,174.802597,1
esp32_device_001,2026-05-24T05:41:22+12:00,46.6,-36.604771,174.802597,1
esp32_device_001,2026-05-24T05:41:27+12:00,46.6,-36.604767,174.802582,1
esp32_device_001,2026-05-24T05:41:32+12:00,47.9,-36.604759,174.802582,1
esp32_device_001,2026-05-24T05:41:37+12:00,48.7,-36.604759,174.802582,1
esp32_device_001,2026-05-24T05:41:42+12:00,49.3,-36.604755,174.802567,1
esp32_device_001,2026-05-24T05:41:47+12:00,49.7,-36.604755,174.802567,1
esp32_device_001,2026-05-24T05:41:52+12:00,50.5,-36.604748,174.802567,1
esp32_device_001,2026-05-24T05:41:57+12:00,49.6,-36.604755,174.802567,1
esp32_device_001,2026-05-24T05:42:02+12:00,49.5,-36.604755,174.802567,1
esp32_device_001,2026-05-24T05:42:07+12:00,49.3,-36.604759,174.802582,1
esp32_device_001,2026-05-24T05:42:12+12:00,49.2,-36.604759,174.802582,1
esp32_device_001,2026-05-24T05:42:17+12:00,49.3,-36.604755,174.802567,1
esp32_device_001,2026-05-24T05:42:22+12:00,48.6,-36.604759,174.802567,1
esp32_device_001,2026-05-24T05:42:27+12:00,47.5,-36.604763,174.802582,1
esp32_device_001,2026-05-24T05:42:32+12:00,47.5,-36.604759,174.802567,1
esp32_device_001,2026-05-24T05:42:37+12:00,48.1,-36.604755,174.802567,1
esp32_device_001,2026-05-24T05:42:42+12:00,47.8,-36.604755,174.802567,1
esp32_device_001,2026-05-24T05:42:47+12:00,47.8,-36.604755,174.802567,1
esp32_device_001,2026-05-24T05:42:52+12:00,47,-36.604759,174.802567,1
esp32_device_001,2026-05-24T05:42:57+12:00,46.5,-36.604763,174.802567,1
esp32_device_001,2026-05-24T05:43:02+12:00,46.1,-36.604759,174.802567,1
esp32_device_001,2026-05-24T05:43:07+12:00,45.2,-36.604763,174.802567,1
esp32_device_001,2026-05-24T05:43:12+12:00,45.2,-36.604763,174.802567,1
esp32_device_001,2026-05-24T05:43:17+12:00,45.6,-36.604763,174.802567,1
esp32_device_001,2026-05-24T05:43:22+12:00,45.5,-36.604767,174.802567,1
esp32_device_001,2026-05-24T05:43:27+12:00,45.9,-36.604763,174.802567,1
esp32_device_001,2026-05-24T05:43:32+12:00,46.1,-36.604759,174.802567,1
esp32_device_001,2026-05-24T05:43:37+12:00,46.3,-36.604759,174.802582,1
esp32_device_001,2026-05-24T05:43:42+12:00,45.7,-36.604767,174.802582,1
esp32_device_001,2026-05-24T05:43:47+12:00,46,-36.604767,174.802582,1
esp32_device_001,2026-05-24T05:43:52+12:00,46,-36.604767,174.802582,1
esp32_device_001,2026-05-24T05:43:57+12:00,46.3,-36.604763,174.802597,1
esp32_device_001,2026-05-24T05:44:02+12:00,47,-36.604759,174.802597,1
esp32_device_001,2026-05-24T05:44:07+12:00,47.7,-36.604752,174.802582,1
esp32_device_001,2026-05-24T05:44:12+12:00,48,-36.604752,174.802582,1
esp32_device_001,2026-05-24T05:44:17+12:00,49.2,-36.604748,174.802582,1
esp32_device_001,2026-05-24T05:44:22+12:00,50.1,-36.60474,174.802567,1
esp32_device_001,2026-05-24T05:44:27+12:00,50.4,-36.60474,174.802567,1
esp32_device_001,2026-05-24T05:44:32+12:00,51.1,-36.60474,174.802567,1
esp32_device_001,2026-05-24T05:44:37+12:00,51.1,-36.60474,174.802551,1
esp32_device_001,2026-05-24T05:44:42+12:00,51.6,-36.604736,174.802551,1
esp32_device_001,2026-05-24T05:44:47+12:00,51.4,-36.60474,174.802551,1
esp32_device_001,2026-05-24T05:44:52+12:00,50.4,-36.604748,174.802551,1
esp32_device_001,2026-05-24T05:44:57+12:00,49.3,-36.604755,174.802551,1
esp32_device_001,2026-05-24T05:45:02+12:00,48.9,-36.604763,174.802551,1
esp32_device_001,2026-05-24T05:45:07+12:00,49.4,-36.604759,174.802551,1
esp32_device_001,2026-05-24T05:45:12+12:00,49.5,-36.604759,174.802551,1
esp32_device_001,2026-05-24T05:45:22+12:00,47.8,-36.604774,174.802567,1
esp32_device_001,2026-05-24T05:45:27+12:00,47.4,-36.604778,174.802567,1
esp32_device_001,2026-05-24T05:45:32+12:00,47.3,-36.604782,174.802582,1
esp32_device_001,2026-05-24T05:45:37+12:00,47.1,-36.604786,174.802582,1
esp32_device_001,2026-05-24T05:45:42+12:00,46.4,-36.604786,174.802582,1
esp32_device_001,2026-05-24T05:45:47+12:00,46.1,-36.60479,174.802582,1
esp32_device_001,2026-05-24T05:45:52+12:00,45.9,-36.604794,174.802582,1
esp32_device_001,2026-05-24T05:45:57+12:00,44.9,-36.604801,174.802597,1
esp32_device_001,2026-05-24T05:46:02+12:00,43.5,-36.604809,174.802597,1
esp32_device_001,2026-05-24T05:46:07+12:00,42.8,-36.604813,174.802597,1
esp32_device_001,2026-05-24T05:46:12+12:00,43.4,-36.604809,174.802597,1
esp32_device_001,2026-05-24T05:46:17+12:00,43.6,-36.604809,174.802597,1
esp32_device_001,2026-05-24T05:46:22+12:00,44.7,-36.604805,174.802597,1
esp32_device_001,2026-05-24T05:46:27+12:00,45.9,-36.604797,174.802597,1
esp32_device_001,2026-05-24T05:46:32+12:00,47.1,-36.60479,174.802597,1
esp32_device_001,2026-05-24T05:46:37+12:00,47.4,-36.60479,174.802597,1
esp32_device_001,2026-05-24T05:46:42+12:00,48,-36.604782,174.802597,1
esp32_device_001,2026-05-24T05:46:47+12:00,48,-36.604782,174.802597,1
esp32_device_001,2026-05-24T05:46:52+12:00,47.8,-36.604782,174.802597,1
esp32_device_001,2026-05-24T05:46:57+12:00,48,-36.604778,174.802597,1
esp32_device_001,2026-05-24T05:47:02+12:00,48.1,-36.604778,174.802597,1
esp32_device_001,2026-05-24T05:47:07+12:00,48.5,-36.604778,174.802597,1
esp32_device_001,2026-05-24T05:47:12+12:00,48.3,-36.604778,174.802597,1
esp32_device_001,2026-05-24T05:47:17+12:00,48.1,-36.604782,174.802612,1
esp32_device_001,2026-05-24T05:47:22+12:00,47.9,-36.604786,174.802612,1
esp32_device_001,2026-05-24T05:47:27+12:00,47.6,-36.604786,174.802612,1
esp32_device_001,2026-05-24T05:47:32+12:00,47.7,-36.604786,174.802612,1
esp32_device_001,2026-05-24T05:47:37+12:00,47.8,-36.604786,174.802597,1
esp32_device_001,2026-05-24T05:47:42+12:00,47.8,-36.604782,174.802597,1
esp32_device_001,2026-05-24T05:47:47+12:00,48.1,-36.604782,174.802597,1
esp32_device_001,2026-05-24T05:47:52+12:00,48.2,-36.604782,174.802612,1
esp32_device_001,2026-05-24T05:47:57+12:00,48.3,-36.604782,174.802597,1
esp32_device_001,2026-05-24T05:48:02+12:00,49,-36.604778,174.802597,1
esp32_device_001,2026-05-24T05:48:07+12:00,49.3,-36.604778,174.802597,1
esp32_device_001,2026-05-24T05:48:12+12:00,49.7,-36.604771,174.802597,1
esp32_device_001,2026-05-24T05:48:17+12:00,49.4,-36.604774,174.802597,1
esp32_device_001,2026-05-24T05:48:22+12:00,49.2,-36.604774,174.802597,1
esp32_device_001,2026-05-24T05:48:27+12:00,49.3,-36.604771,174.802597,1
esp32_device_001,2026-05-24T05:48:32+12:00,49.4,-36.604771,174.802582,1
esp32_device_001,2026-05-24T05:48:37+12:00,49.7,-36.604767,174.802582,1
esp32_device_001,2026-05-24T05:48:42+12:00,50.7,-36.604763,174.802567,1
esp32_device_001,2026-05-24T05:48:47+12:00,51.6,-36.604759,174.802567,1
esp32_device_001,2026-05-24T05:48:52+12:00,52.2,-36.604755,174.802551,1
esp32_device_001,2026-05-24T05:48:57+12:00,52.1,-36.604755,174.802551,1
esp32_device_001,2026-05-24T05:49:02+12:00,52.6,-36.604752,174.802551,1
esp32_device_001,2026-05-24T05:49:07+12:00,52.4,-36.604755,174.802551,1
esp32_device_001,2026-05-24T05:49:12+12:00,51.6,-36.604759,174.802551,1
esp32_device_001,2026-05-24T05:49:17+12:00,50.1,-36.604767,174.802551,1
esp32_device_001,2026-05-24T05:49:22+12:00,48.6,-36.604774,174.802551,1
esp32_device_001,2026-05-24T05:49:27+12:00,47.4,-36.604782,174.802567,1
esp32_device_001,2026-05-24T05:49:32+12:00,46.1,-36.60479,174.802567,1
esp32_device_001,2026-05-24T05:49:37+12:00,45.4,-36.604794,174.802567,1
esp32_device_001,2026-05-24T05:49:42+12:00,45.2,-36.604794,174.802567,1
esp32_device_001,2026-05-24T05:49:47+12:00,46.3,-36.604786,174.802567,1
esp32_device_001,2026-05-24T05:49:52+12:00,47.4,-36.604778,174.802567,1
esp32_device_001,2026-05-24T05:49:57+12:00,48.5,-36.604771,174.802567,1
esp32_device_001,2026-05-24T05:50:02+12:00,49.3,-36.604767,174.802567,1
esp32_device_001,2026-05-24T05:50:07+12:00,49.2,-36.604767,174.802567,1
esp32_device_001,2026-05-24T05:50:12+12:00,48.9,-36.604767,174.802582,1
esp32_device_001,2026-05-24T05:50:17+12:00,48.4,-36.604767,174.802582,1
esp32_device_001,2026-05-24T05:50:22+12:00,48.7,-36.604767,174.802582,1
esp32_device_001,2026-05-24T05:50:27+12:00,48,-36.604771,174.802582,1
esp32_device_001,2026-05-24T05:50:32+12:00,47.1,-36.604774,174.802597,1
esp32_device_001,2026-05-24T05:50:37+12:00,46.2,-36.604782,174.802597,1
esp32_device_001,2026-05-24T05:50:42+12:00,45.1,-36.604786,174.802597,1
esp32_device_001,2026-05-24T05:50:47+12:00,44.1,-36.60479,174.802597,1
esp32_device_001,2026-05-24T05:50:52+12:00,43.7,-36.604794,174.802597,1
esp32_device_001,2026-05-24T05:50:57+12:00,43.8,-36.604794,174.802612,1
esp32_device_001,2026-05-24T05:51:02+12:00,44.6,-36.60479,174.802597,1
esp32_device_001,2026-05-24T05:51:07+12:00,45.1,-36.604786,174.802597,1
esp32_device_001,2026-05-24T05:51:12+12:00,45.6,-36.604782,174.802597,1
esp32_device_001,2026-05-24T05:51:17+12:00,45.7,-36.604782,174.802597,1
esp32_device_001,2026-05-24T05:51:22+12:00,45.6,-36.604782,174.802597,1
esp32_device_001,2026-05-24T05:51:27+12:00,45.3,-36.604782,174.802597,1
esp32_device_001,2026-05-24T05:51:32+12:00,44.7,-36.604786,174.802597,1
esp32_device_001,2026-05-24T05:51:37+12:00,45,-36.604778,174.802597,1
esp32_device_001,2026-05-24T05:51:42+12:00,45.4,-36.604774,174.802597,1
esp32_device_001,2026-05-24T05:51:47+12:00,45,-36.604778,174.802597,1
esp32_device_001,2026-05-24T05:51:52+12:00,44.7,-36.604778,174.802597,1
esp32_device_001,2026-05-24T05:51:57+12:00,44.6,-36.604782,174.802597,1
esp32_device_001,2026-05-24T05:52:02+12:00,44.1,-36.604786,174.802597,1
esp32_device_001,2026-05-24T05:52:07+12:00,43.9,-36.604786,174.802597,1
esp32_device_001,2026-05-24T05:52:12+12:00,43.3,-36.60479,174.802597,1
esp32_device_001,2026-05-24T05:52:17+12:00,42.9,-36.604794,174.802612,1
esp32_device_001,2026-05-24T05:52:22+12:00,43.5,-36.604786,174.802597,1
esp32_device_001,2026-05-24T05:52:27+12:00,44.6,-36.604778,174.802597,1
esp32_device_001,2026-05-24T05:52:32+12:00,44.7,-36.604778,174.802582,1
esp32_device_001,2026-05-24T05:52:37+12:00,43.3,-36.604786,174.802597,1
esp32_device_001,2026-05-24T05:52:42+12:00,43.4,-36.604786,174.802597,1
esp32_device_001,2026-05-24T05:52:47+12:00,44.1,-36.604782,174.802582,1
esp32_device_001,2026-05-24T05:52:52+12:00,45.6,-36.604774,174.802582,1
esp32_device_001,2026-05-24T05:52:57+12:00,45.4,-36.604778,174.802582,1
esp32_device_001,2026-05-24T05:53:02+12:00,46.2,-36.604774,174.802582,1
esp32_device_001,2026-05-24T05:53:07+12:00,46.7,-36.604767,174.802567,1
esp32_device_001,2026-05-24T05:53:12+12:00,47.2,-36.604763,174.802567,1
esp32_device_001,2026-05-24T05:53:17+12:00,48,-36.604755,174.802567,1
esp32_device_001,2026-05-24T05:53:22+12:00,48.7,-36.604752,174.802567,1
esp32_device_001,2026-05-24T05:53:27+12:00,49.4,-36.604748,174.802567,1
esp32_device_001,2026-05-24T05:53:32+12:00,49.1,-36.604752,174.802567,1
esp32_device_001,2026-05-24T05:53:37+12:00,49.9,-36.604744,174.802551,1
esp32_device_001,2026-05-24T05:53:42+12:00,50.5,-36.604736,174.802551,1
esp32_device_001,2026-05-24T05:53:47+12:00,51.1,-36.604729,174.802551,1
esp32_device_001,2026-05-24T05:53:52+12:00,50.8,-36.604729,174.802551,1
esp32_device_001,2026-05-24T05:53:57+12:00,50.6,-36.604733,174.802551,1
esp32_device_001,2026-05-24T05:54:02+12:00,51.1,-36.604733,174.802551,1
esp32_device_001,2026-05-24T05:54:07+12:00,50.8,-36.604736,174.802551,1
esp32_device_001,2026-05-24T05:54:12+12:00,51,-36.604736,174.802551,1
esp32_device_001,2026-05-24T05:54:17+12:00,51.8,-36.604725,174.802536,1
esp32_device_001,2026-05-24T05:54:22+12:00,52.1,-36.604721,174.802536,1
esp32_device_001,2026-05-24T05:54:27+12:00,52.1,-36.604721,174.802536,1
esp32_device_001,2026-05-24T05:54:32+12:00,52.9,-36.604717,174.802536,1
esp32_device_001,2026-05-24T05:54:37+12:00,52.7,-36.604721,174.802536,1
esp32_device_001,2026-05-24T05:54:42+12:00,53.3,-36.604706,174.802536,1
esp32_device_001,2026-05-24T05:54:47+12:00,53.8,-36.604702,174.802536,1
esp32_device_001,2026-05-24T05:54:52+12:00,54.3,-36.604691,174.802536,1
esp32_device_001,2026-05-24T05:54:57+12:00,54,-36.604694,174.802521,1
esp32_device_001,2026-05-24T05:55:02+12:00,53.8,-36.604691,174.802521,1
esp32_device_001,2026-05-24T05:55:07+12:00,53.4,-36.604702,174.802505,1
esp32_device_001,2026-05-24T05:55:12+12:00,51.9,-36.604721,174.802521,1
esp32_device_001,2026-05-24T05:55:22+12:00,50,-36.604736,174.802536,1
esp32_device_001,2026-05-24T05:55:27+12:00,49,-36.604748,174.802521,1
esp32_device_001,2026-05-24T05:55:32+12:00,47.8,-36.604759,174.802536,1
esp32_device_001,2026-05-24T05:55:37+12:00,46.9,-36.604771,174.802536,1
esp32_device_001,2026-05-24T05:55:42+12:00,46.7,-36.604774,174.802536,1
esp32_device_001,2026-05-24T05:55:47+12:00,46.5,-36.604778,174.802551,1
esp32_device_001,2026-05-24T05:55:52+12:00,47.6,-36.604778,174.802551,1
esp32_device_001,2026-05-24T05:55:57+12:00,47.6,-36.604774,174.802551,1
esp32_device_001,2026-05-24T05:56:02+12:00,47.3,-36.604778,174.802567,1
esp32_device_001,2026-05-24T05:56:07+12:00,47.3,-36.604782,174.802567,1
esp32_device_001,2026-05-24T05:56:12+12:00,47.4,-36.604786,174.802567,1
esp32_device_001,2026-05-24T05:56:17+12:00,47.7,-36.60479,174.802567,1
esp32_device_001,2026-05-24T05:56:22+12:00,48,-36.604786,174.802567,1
esp32_device_001,2026-05-24T05:56:27+12:00,48.7,-36.604782,174.802551,1
esp32_device_001,2026-05-24T05:56:32+12:00,49.4,-36.604778,174.802551,1
esp32_device_001,2026-05-24T05:56:37+12:00,49.6,-36.604782,174.802551,1
esp32_device_001,2026-05-24T05:56:42+12:00,49.5,-36.604778,174.802551,1
esp32_device_001,2026-05-24T05:56:47+12:00,49.5,-36.604782,174.802551,1
esp32_device_001,2026-05-24T05:56:52+12:00,50,-36.604782,174.802551,1
esp32_device_001,2026-05-24T05:56:57+12:00,50.7,-36.604778,174.802551,1
esp32_device_001,2026-05-24T05:57:02+12:00,50.9,-36.604778,174.802551,1
esp32_device_001,2026-05-24T05:57:07+12:00,51,-36.604782,174.802551,1
esp32_device_001,2026-05-24T05:57:12+12:00,51.3,-36.604782,174.802567,1
esp32_device_001,2026-05-24T05:57:17+12:00,51.2,-36.604778,174.802567,1
esp32_device_001,2026-05-24T05:57:22+12:00,50.8,-36.604778,174.802551,1
esp32_device_001,2026-05-24T05:57:27+12:00,51.5,-36.604771,174.802551,1
esp32_device_001,2026-05-24T05:57:32+12:00,51.6,-36.604771,174.802551,1
esp32_device_001,2026-05-24T05:57:37+12:00,51.8,-36.604767,174.802551,1
esp32_device_001,2026-05-24T05:57:42+12:00,52.8,-36.604763,174.802551,1
esp32_device_001,2026-05-24T05:57:47+12:00,53.5,-36.604763,174.802536,1
esp32_device_001,2026-05-24T05:57:52+12:00,54.3,-36.604759,174.802536,1
esp32_device_001,2026-05-24T05:57:57+12:00,55.3,-36.604752,174.802536,1
esp32_device_001,2026-05-24T05:58:02+12:00,56.1,-36.604748,174.802536,1
esp32_device_001,2026-05-24T05:58:07+12:00,56.9,-36.604744,174.802536,1
esp32_device_001,2026-05-24T05:58:12+12:00,57,-36.60474,174.802536,1
esp32_device_001,2026-05-24T05:58:17+12:00,56.8,-36.60474,174.802536,1
esp32_device_001,2026-05-24T05:58:22+12:00,56.6,-36.60474,174.802536,1
esp32_device_001,2026-05-24T05:58:27+12:00,55.6,-36.604744,174.802551,1
esp32_device_001,2026-05-24T05:58:32+12:00,55.3,-36.604748,174.802551,1
esp32_device_001,2026-05-24T05:58:37+12:00,55.4,-36.604744,174.802551,1
esp32_device_001,2026-05-24T05:58:42+12:00,55,-36.604752,174.802551,1
esp32_device_001,2026-05-24T05:58:47+12:00,54.7,-36.604755,174.802551,1
esp32_device_001,2026-05-24T05:58:52+12:00,54.4,-36.604759,174.802551,1
esp32_device_001,2026-05-24T05:58:57+12:00,54.1,-36.604759,174.802551,1
esp32_device_001,2026-05-24T05:59:02+12:00,54.3,-36.604759,174.802551,1
esp32_device_001,2026-05-24T05:59:07+12:00,53.8,-36.604763,174.802551,1
esp32_device_001,2026-05-24T05:59:12+12:00,53.5,-36.604763,174.802567,1
esp32_device_001,2026-05-24T05:59:17+12:00,53.7,-36.604763,174.802567,1
esp32_device_001,2026-05-24T05:59:22+12:00,53.9,-36.604759,174.802567,1
esp32_device_001,2026-05-24T05:59:27+12:00,53.9,-36.604759,174.802567,1
esp32_device_001,2026-05-24T05:59:32+12:00,53.8,-36.604759,174.802567,1
esp32_device_001,2026-05-24T05:59:37+12:00,53.6,-36.604759,174.802567,1
esp32_device_001,2026-05-24T05:59:42+12:00,53.3,-36.604759,174.802567,1
esp32_device_001,2026-05-24T05:59:47+12:00,52.8,-36.604752,174.802551,1
esp32_device_001,2026-05-24T05:59:52+12:00,51.6,-36.604752,174.802551,1
esp32_device_001,2026-05-24T05:59:57+12:00,51.2,-36.604752,174.802567,1
esp32_device_001,2026-05-24T06:00:02+12:00,50.1,-36.604759,174.802567,1
esp32_device_001,2026-05-24T06:00:07+12:00,49.2,-36.604767,174.802582,1
esp32_device_001,2026-05-24T06:00:12+12:00,49,-36.604771,174.802582,1
esp32_device_001,2026-05-24T06:00:17+12:00,48.8,-36.604771,174.802582,1
esp32_device_001,2026-05-24T06:00:22+12:00,49.2,-36.604767,174.802582,1
esp32_device_001,2026-05-24T06:00:27+12:00,49.7,-36.604763,174.802582,1
esp32_device_001,2026-05-24T06:00:32+12:00,49.5,-36.604763,174.802582,1
esp32_device_001,2026-05-24T06:00:37+12:00,49.9,-36.604759,174.802582,1
esp32_device_001,2026-05-24T06:00:42+12:00,50.5,-36.604752,174.802582,1
esp32_device_001,2026-05-24T06:00:47+12:00,50.8,-36.604748,174.802582,1
esp32_device_001,2026-05-24T06:00:52+12:00,51.2,-36.604744,174.802582,1
esp32_device_001,2026-05-24T06:00:57+12:00,51.4,-36.60474,174.802582,1
esp32_device_001,2026-05-24T06:01:02+12:00,51.8,-36.604736,174.802582,1
esp32_device_001,2026-05-24T06:01:07+12:00,51.9,-36.604736,174.802582,1
esp32_device_001,2026-05-24T06:01:12+12:00,52,-36.604733,174.802567,1
esp32_device_001,2026-05-24T06:01:17+12:00,52.4,-36.604733,174.802567,1
esp32_device_001,2026-05-24T06:01:22+12:00,52.7,-36.604729,174.802567,1
esp32_device_001,2026-05-24T06:01:27+12:00,53.4,-36.604721,174.802567,1
esp32_device_001,2026-05-24T06:01:32+12:00,53.2,-36.604721,174.802551,1
esp32_device_001,2026-05-24T06:01:37+12:00,53.3,-36.604721,174.802551,1
esp32_device_001,2026-05-24T06:01:42+12:00,53.5,-36.604717,174.802551,1
esp32_device_001,2026-05-24T06:01:47+12:00,53.5,-36.604713,174.802551,1
esp32_device_001,2026-05-24T06:01:52+12:00,54,-36.60471,174.802551,1
esp32_device_001,2026-05-24T06:01:57+12:00,54.5,-36.60471,174.802551,1
esp32_device_001,2026-05-24T06:02:02+12:00,54.6,-36.60471,174.802551,1
esp32_device_001,2026-05-24T06:02:07+12:00,54.6,-36.60471,174.802551,1
esp32_device_001,2026-05-24T06:02:12+12:00,54.4,-36.604713,174.802551,1
esp32_device_001,2026-05-24T06:02:17+12:00,54.9,-36.604706,174.802551,1
esp32_device_001,2026-05-24T06:02:22+12:00,54.5,-36.604706,174.802551,1
esp32_device_001,2026-05-24T06:02:27+12:00,54.9,-36.604706,174.802551,1
esp32_device_001,2026-05-24T06:02:32+12:00,55.2,-36.604702,174.802551,1
esp32_device_001,2026-05-24T06:02:37+12:00,54.6,-36.60471,174.802551,1
esp32_device_001,2026-05-24T06:02:42+12:00,54.1,-36.60471,174.802551,1
esp32_device_001,2026-05-24T06:02:47+12:00,53.2,-36.604713,174.802551,1
esp32_device_001,2026-05-24T06:02:52+12:00,52.2,-36.604717,174.802551,1
esp32_device_001,2026-05-24T06:02:57+12:00,52.6,-36.604713,174.802551,1
esp32_device_001,2026-05-24T06:03:02+12:00,52.8,-36.604713,174.802551,1
esp32_device_001,2026-05-24T06:03:07+12:00,51.3,-36.604717,174.802536,1
esp32_device_001,2026-05-24T06:03:12+12:00,50.7,-36.604717,174.802536,1
esp32_device_001,2026-05-24T06:03:17+12:00,50,-36.604721,174.802536,1
esp32_device_001,2026-05-24T06:03:22+12:00,47.3,-36.604736,174.802536,1
esp32_device_001,2026-05-24T06:03:27+12:00,46.8,-36.604736,174.802536,1
esp32_device_001,2026-05-24T06:03:32+12:00,46.8,-36.604736,174.802536,1
esp32_device_001,2026-05-24T06:03:37+12:00,46.8,-36.604736,174.802536,1
esp32_device_001,2026-05-24T06:03:42+12:00,46.8,-36.60474,174.802536,1
esp32_device_001,2026-05-24T06:03:47+12:00,47.2,-36.604736,174.802536,1
esp32_device_001,2026-05-24T06:03:52+12:00,47.9,-36.604736,174.802551,1
esp32_device_001,2026-05-24T06:03:57+12:00,49.5,-36.604733,174.802551,1
esp32_device_001,2026-05-24T06:04:02+12:00,51.3,-36.604729,174.802567,1
esp32_device_001,2026-05-24T06:04:07+12:00,53.2,-36.604721,174.802567,1
esp32_device_001,2026-05-24T06:04:12+12:00,52.9,-36.604725,174.802567,1
esp32_device_001,2026-05-24T06:04:17+12:00,52.7,-36.604733,174.802567,1
esp32_device_001,2026-05-24T06:04:22+12:00,51.7,-36.60474,174.802567,1
esp32_device_001,2026-05-24T06:04:27+12:00,52.5,-36.60474,174.802567,1
esp32_device_001,2026-05-24T06:04:32+12:00,52.3,-36.60474,174.802567,1
esp32_device_001,2026-05-24T06:04:37+12:00,52.9,-36.60474,174.802582,1
esp32_device_001,2026-05-24T06:04:42+12:00,55.2,-36.604733,174.802582,1
esp32_device_001,2026-05-24T06:04:47+12:00,56.4,-36.604725,174.802597,1
esp32_device_001,2026-05-24T06:04:52+12:00,57.4,-36.604717,174.802582,1
esp32_device_001,2026-05-24T06:04:57+12:00,58.6,-36.60471,174.802582,1
esp32_device_001,2026-05-24T06:05:02+12:00,58.6,-36.604706,174.802582,1
esp32_device_001,2026-05-24T06:05:07+12:00,58.7,-36.604702,174.802567,1
esp32_device_001,2026-05-24T06:05:12+12:00,59.4,-36.604694,174.802567,1
esp32_device_001,2026-05-24T06:05:22+12:00,59.4,-36.604694,174.802567,1
esp32_device_001,2026-05-24T06:06:55+12:00,37,-36.604801,174.802658,1
esp32_device_001,2026-05-24T06:07:05+12:00,37,-36.604801,174.802658,1
esp32_device_001,2026-05-24T06:07:10+12:00,38.5,-36.604794,174.802643,1
esp32_device_001,2026-05-24T06:07:15+12:00,39.1,-36.60479,174.802643,1
esp32_device_001,2026-05-24T06:07:20+12:00,41.1,-36.604778,174.802643,1
esp32_device_001,2026-05-24T06:07:25+12:00,42,-36.604774,174.802628,1
esp32_device_001,2026-05-24T06:07:30+12:00,43,-36.604767,174.802628,1
esp32_device_001,2026-05-24T06:07:35+12:00,44.4,-36.604763,174.802628,1
esp32_device_001,2026-05-24T06:07:40+12:00,45.4,-36.604759,174.802612,1
esp32_device_001,2026-05-24T06:07:45+12:00,45.8,-36.604755,174.802612,1
esp32_device_001,2026-05-24T06:07:50+12:00,47.3,-36.604748,174.802612,1
esp32_device_001,2026-05-24T06:07:55+12:00,48.3,-36.604748,174.802612,1
esp32_device_001,2026-05-24T06:08:00+12:00,48.1,-36.604752,174.802612,1
esp32_device_001,2026-05-24T06:08:05+12:00,48.9,-36.604748,174.802612,1
esp32_device_001,2026-05-24T06:08:10+12:00,49.8,-36.604748,174.802612,1
esp32_device_001,2026-05-24T06:08:15+12:00,49.9,-36.604744,174.802597,1
esp32_device_001,2026-05-24T06:08:20+12:00,48.5,-36.604748,174.802597,1
esp32_device_001,2026-05-24T06:08:25+12:00,48.4,-36.604748,174.802597,1
esp32_device_001,2026-05-24T06:08:30+12:00,47.5,-36.604752,174.802582,1
esp32_device_001,2026-05-24T06:08:35+12:00,47.2,-36.604755,174.802567,1
esp32_device_001,2026-05-24T06:08:40+12:00,48.8,-36.604748,174.802582,1
esp32_device_001,2026-05-24T06:08:45+12:00,49.6,-36.604748,174.802582,1
esp32_device_001,2026-05-24T06:08:50+12:00,50.1,-36.604767,174.802597,1
esp32_device_001,2026-05-24T06:08:55+12:00,49.5,-36.604782,174.802597,1
esp32_device_001,2026-05-24T06:09:00+12:00,46.2,-36.604816,174.802597,1
esp32_device_001,2026-05-24T06:09:05+12:00,47,-36.604805,174.802597,1
esp32_device_001,2026-05-24T06:09:10+12:00,49.1,-36.604794,174.802582,1
esp32_device_001,2026-05-24T06:09:15+12:00,51.3,-36.604782,174.802597,1
esp32_device_001,2026-05-24T06:09:20+12:00,52.4,-36.604774,174.802597,1
esp32_device_001,2026-05-24T06:09:25+12:00,53.1,-36.604763,174.802597,1
esp32_device_001,2026-05-24T06:09:30+12:00,54,-36.604759,174.802597,1
esp32_device_001,2026-05-24T06:09:35+12:00,54.9,-36.604744,174.802597,1
esp32_device_001,2026-05-24T06:09:40+12:00,55.9,-36.60474,174.802597,1
esp32_device_001,2026-05-24T06:09:45+12:00,57.9,-36.604721,174.802582,1
esp32_device_001,2026-05-24T06:09:50+12:00,57.2,-36.604729,174.802582,1
esp32_device_001,2026-05-24T06:09:55+12:00,58.1,-36.604733,174.802612,1
esp32_device_001,2026-05-24T06:10:00+12:00,58.4,-36.604729,174.802612,1
esp32_device_001,2026-05-24T06:10:05+12:00,57.9,-36.604729,174.802612,1
esp32_device_001,2026-05-24T06:10:10+12:00,57.8,-36.604725,174.802612,1
esp32_device_001,2026-05-24T06:10:15+12:00,57,-36.604721,174.802612,1
esp32_device_001,2026-05-24T06:10:20+12:00,56.6,-36.604713,174.802597,1
esp32_device_001,2026-05-24T06:10:25+12:00,56.1,-36.60471,174.802582,1
esp32_device_001,2026-05-24T06:10:30+12:00,57.7,-36.604702,174.802597,1
esp32_device_001,2026-05-24T06:10:35+12:00,58.6,-36.604698,174.802597,1
esp32_device_001,2026-05-24T06:10:40+12:00,59.7,-36.604702,174.802597,1
esp32_device_001,2026-05-24T06:10:45+12:00,60.7,-36.604698,174.802612,1
esp32_device_001,2026-05-24T06:10:50+12:00,60.4,-36.604698,174.802597,1
esp32_device_001,2026-05-24T06:10:55+12:00,60.5,-36.604687,174.802582,1
esp32_device_001,2026-05-24T06:11:00+12:00,60.4,-36.604675,174.802567,1
esp32_device_001,2026-05-24T06:11:05+12:00,60.7,-36.604664,174.802551,1
esp32_device_001,2026-05-24T06:11:10+12:00,60.9,-36.604664,174.802551,1
esp32_device_001,2026-05-24T06:11:15+12:00,61.3,-36.60466,174.802536,1
esp32_device_001,2026-05-24T06:11:20+12:00,60.2,-36.604664,174.802536,1
esp32_device_001,2026-05-24T06:11:25+12:00,61.7,-36.604656,174.802536,1
esp32_device_001,2026-05-24T06:11:30+12:00,62.2,-36.604656,174.802536,1
esp32_device_001,2026-05-24T06:11:35+12:00,60.5,-36.604668,174.802536,1
esp32_device_001,2026-05-24T06:11:40+12:00,63.4,-36.604652,174.802551,1
esp32_device_001,2026-05-24T06:11:45+12:00,66.1,-36.60463,174.802567,1
esp32_device_001,2026-05-24T06:12:19+12:00,0,-36.60471,174.802643,1
esp32_device_001,2026-05-24T06:12:29+12:00,58.1,-36.604713,174.802628,1
esp32_device_001,2026-05-24T06:12:34+12:00,58.6,-36.604725,174.802643,1
esp32_device_001,2026-05-24T06:12:39+12:00,56.5,-36.604752,174.802673,1
esp32_device_001,2026-05-24T06:12:44+12:00,55.2,-36.604763,174.802689,1
esp32_device_001,2026-05-24T06:12:49+12:00,56,-36.604771,174.802704,1
esp32_device_001,2026-05-24T06:12:54+12:00,54,-36.604767,174.802673,1
esp32_device_001,2026-05-24T06:12:59+12:00,54.5,-36.604759,174.802673,1
esp32_device_001,2026-05-24T06:13:04+12:00,54.4,-36.604763,174.802673,1
esp32_device_001,2026-05-24T06:13:09+12:00,54.7,-36.604748,174.802658,1
esp32_device_001,2026-05-24T06:13:14+12:00,56.2,-36.604729,174.802658,1
esp32_device_001,2026-05-24T06:13:19+12:00,58.1,-36.604702,174.802628,1
esp32_device_001,2026-05-24T06:13:24+12:00,59,-36.604713,174.802658,1
esp32_device_001,2026-05-24T06:13:29+12:00,58.5,-36.60471,174.802643,1
esp32_device_001,2026-05-24T06:13:34+12:00,57.9,-36.604717,174.802643,1
esp32_device_001,2026-05-24T06:13:39+12:00,58.3,-36.60471,174.802643,1
esp32_device_001,2026-05-24T06:13:44+12:00,55.3,-36.604752,174.802689,1
esp32_device_001,2026-05-24T06:13:49+12:00,52.3,-36.604774,174.802704,1
esp32_device_001,2026-05-24T06:13:54+12:00,50.5,-36.604771,174.802689,1
esp32_device_001,2026-05-24T06:13:59+12:00,49.2,-36.604763,174.802658,1
esp32_device_001,2026-05-24T06:14:04+12:00,49.6,-36.604759,174.802643,1
esp32_device_001,2026-05-24T06:14:09+12:00,50.1,-36.604755,174.802612,1
esp32_device_001,2026-05-24T06:14:14+12:00,51.5,-36.604744,174.802597,1
esp32_device_001,2026-05-24T06:14:19+12:00,53.2,-36.604729,174.802582,1
esp32_device_001,2026-05-24T06:14:24+12:00,55,-36.604717,174.802582,1
esp32_device_001,2026-05-24T06:14:29+12:00,57.7,-36.604706,174.802582,1
esp32_device_001,2026-05-24T06:14:34+12:00,59,-36.604698,174.802597,1
esp32_device_001,2026-05-24T06:14:39+12:00,59.8,-36.604691,174.802582,1
esp32_device_001,2026-05-24T06:14:44+12:00,60.5,-36.604679,174.802567,1
esp32_device_001,2026-05-24T06:14:49+12:00,60.1,-36.604679,174.802551,1
esp32_device_001,2026-05-24T06:14:54+12:00,62.6,-36.604656,174.802536,1
esp32_device_001,2026-05-24T06:14:59+12:00,61.3,-36.604664,174.802521,1
esp32_device_001,2026-05-24T06:15:04+12:00,57.4,-36.604683,174.802521,1
esp32_device_001,2026-05-24T06:15:09+12:00,54,-36.604698,174.802505,1
esp32_device_001,2026-05-24T06:15:14+12:00,50.3,-36.604717,174.80249,1
esp32_device_001,2026-05-24T06:15:19+12:00,48.3,-36.604725,174.80249,1
esp32_device_001,2026-05-24T06:15:24+12:00,48.5,-36.604713,174.80246,1
esp32_device_001,2026-05-24T06:15:29+12:00,49.4,-36.604698,174.802429,1
esp32_device_001,2026-05-24T06:15:34+12:00,50.3,-36.604687,174.802399,1
esp32_device_001,2026-05-24T06:15:39+12:00,52.2,-36.604683,174.802429,1
esp32_device_001,2026-05-24T06:15:44+12:00,55.2,-36.604668,174.802444,1
esp32_device_001,2026-05-24T06:15:49+12:00,56.3,-36.604671,174.802475,1
esp32_device_001,2026-05-24T06:15:54+12:00,56.8,-36.604671,174.80249,1
esp32_device_001,2026-05-24T06:15:59+12:00,57.1,-36.604675,174.80249,1
esp32_device_001,2026-05-24T06:16:04+12:00,57.1,-36.604683,174.802505,1
esp32_device_001,2026-05-24T06:16:09+12:00,57.9,-36.604683,174.802521,1
esp32_device_001,2026-05-24T06:16:14+12:00,57.5,-36.604687,174.802521,1
esp32_device_001,2026-05-24T06:16:19+12:00,56.5,-36.604687,174.802521,1
esp32_device_001,2026-05-24T06:16:24+12:00,55.8,-36.604691,174.802521,1
esp32_device_001,2026-05-24T06:16:29+12:00,55.2,-36.604694,174.802521,1
esp32_device_001,2026-05-24T06:16:34+12:00,54.7,-36.604694,174.802521,1
esp32_device_001,2026-05-24T06:16:39+12:00,54.1,-36.604698,174.802521,1
esp32_device_001,2026-05-24T06:16:44+12:00,54,-36.604702,174.802521,1
esp32_device_001,2026-05-24T06:16:49+12:00,54.4,-36.604698,174.802536,1
esp32_device_001,2026-05-24T06:16:54+12:00,55.4,-36.604694,174.802551,1
esp32_device_001,2026-05-24T06:16:59+12:00,56.1,-36.604698,174.802567,1
esp32_device_001,2026-05-24T06:17:04+12:00,55.9,-36.604702,174.802567,1
esp32_device_001,2026-05-24T06:17:09+12:00,54.9,-36.60471,174.802567,1
esp32_device_001,2026-05-24T06:17:14+12:00,54.3,-36.604717,174.802567,1
esp32_device_001,2026-05-24T06:17:35+12:00,56.4,-36.604725,174.802597,1
esp32_device_001,2026-05-24T06:17:40+12:00,55.6,-36.604729,174.802597,1
esp32_device_001,2026-05-24T06:17:45+12:00,55.4,-36.604729,174.802597,1
esp32_device_001,2026-05-24T06:17:50+12:00,55,-36.604733,174.802597,1
esp32_device_001,2026-05-24T06:17:55+12:00,54.8,-36.60474,174.802597,1
esp32_device_001,2026-05-24T06:18:00+12:00,55.2,-36.604736,174.802597,1
esp32_device_001,2026-05-24T06:18:05+12:00,55.2,-36.604733,174.802597,1
esp32_device_001,2026-05-24T06:18:10+12:00,55.8,-36.604733,174.802597,1
esp32_device_001,2026-05-24T06:18:15+12:00,56.1,-36.604736,174.802612,1
esp32_device_001,2026-05-24T06:18:20+12:00,55.8,-36.60474,174.802612,1
esp32_device_001,2026-05-24T06:18:25+12:00,53.9,-36.604744,174.802612,1
esp32_device_001,2026-05-24T06:18:30+12:00,53.5,-36.604748,174.802612,1
esp32_device_001,2026-05-24T06:18:35+12:00,52.4,-36.604744,174.802597,1
esp32_device_001,2026-05-24T06:18:40+12:00,51.6,-36.604755,174.802612,1
esp32_device_001,2026-05-24T06:18:45+12:00,50.2,-36.604771,174.802612,1
esp32_device_001,2026-05-24T06:18:50+12:00,49.4,-36.604771,174.802612,1
esp32_device_001,2026-05-24T06:18:55+12:00,49.7,-36.604774,174.802612,1
esp32_device_001,2026-05-24T06:19:00+12:00,50,-36.604771,174.802612,1
esp32_device_001,2026-05-24T06:19:05+12:00,50.7,-36.604767,174.802612,1
esp32_device_001,2026-05-24T06:19:10+12:00,51.6,-36.604763,174.802612,1
esp32_device_001,2026-05-24T06:19:15+12:00,52.6,-36.604755,174.802612,1
esp32_device_001,2026-05-24T06:19:20+12:00,52.7,-36.604752,174.802597,1
esp32_device_001,2026-05-24T06:19:25+12:00,52.7,-36.604752,174.802597,1
esp32_device_001,2026-05-24T06:19:30+12:00,53.1,-36.604748,174.802597,1
esp32_device_001,2026-05-24T06:19:35+12:00,53.4,-36.60474,174.802597,1
esp32_device_001,2026-05-24T06:19:40+12:00,53.2,-36.604733,174.802582,1
esp32_device_001,2026-05-24T06:19:45+12:00,53.5,-36.604729,174.802567,1
esp32_device_001,2026-05-24T06:19:50+12:00,54.2,-36.604729,174.802582,1
esp32_device_001,2026-05-24T06:19:55+12:00,55.1,-36.604729,174.802582,1
esp32_device_001,2026-05-24T06:20:00+12:00,55.1,-36.604729,174.802582,1
esp32_device_001,2026-05-24T06:20:05+12:00,54.2,-36.604725,174.802567,1
esp32_device_001,2026-05-24T06:20:10+12:00,53.7,-36.604725,174.802567,1
esp32_device_001,2026-05-24T06:20:15+12:00,54,-36.604729,174.802582,1
esp32_device_001,2026-05-24T06:20:20+12:00,53.8,-36.604729,174.802582,1
esp32_device_001,2026-05-24T06:20:25+12:00,53.7,-36.604733,174.802582,1
esp32_device_001,2026-05-24T06:20:30+12:00,54.1,-36.604729,174.802582,1
esp32_device_001,2026-05-24T06:20:35+12:00,55,-36.604736,174.802597,1
esp32_device_001,2026-05-24T06:20:40+12:00,55.4,-36.604744,174.802597,1
esp32_device_001,2026-05-24T06:20:45+12:00,56.2,-36.604744,174.802612,1
esp32_device_001,2026-05-24T06:20:50+12:00,55.5,-36.604748,174.802612,1
esp32_device_001,2026-05-24T06:20:55+12:00,55.6,-36.604744,174.802612,1
esp32_device_001,2026-05-24T06:21:00+12:00,55.7,-36.60474,174.802597,1
esp32_device_001,2026-05-24T06:21:05+12:00,55.6,-36.60474,174.802597,1
esp32_device_001,2026-05-24T06:21:10+12:00,55.1,-36.604736,174.802597,1
esp32_device_001,2026-05-24T06:21:15+12:00,54.9,-36.604736,174.802582,1
esp32_device_001,2026-05-24T06:21:20+12:00,56,-36.604725,174.802582,1
esp32_device_001,2026-05-24T06:21:25+12:00,55.8,-36.604733,174.802582,1
esp32_device_001,2026-05-24T06:21:30+12:00,56.7,-36.604736,174.802597,1
esp32_device_001,2026-05-24T06:21:35+12:00,57,-36.604736,174.802597,1
esp32_device_001,2026-05-24T06:21:40+12:00,57.1,-36.604736,174.802597,1
esp32_device_001,2026-05-24T06:21:45+12:00,56.7,-36.60474,174.802597,1
esp32_device_001,2026-05-24T06:21:50+12:00,56,-36.604744,174.802597,1
esp32_device_001,2026-05-24T06:21:55+12:00,53.7,-36.604755,174.802597,1
esp32_device_001,2026-05-24T06:22:00+12:00,52.4,-36.604763,174.802597,1
esp32_device_001,2026-05-24T06:22:05+12:00,53,-36.604755,174.802597,1
esp32_device_001,2026-05-24T06:22:10+12:00,53,-36.604752,174.802597,1
esp32_device_001,2026-05-24T06:22:15+12:00,53.1,-36.604752,174.802612,1
esp32_device_001,2026-05-24T06:22:26+12:00,52.4,-36.604759,174.802628,1
esp32_device_001,2026-05-24T06:22:31+12:00,51.3,-36.604771,174.802628,1
esp32_device_001,2026-05-24T06:22:36+12:00,50.8,-36.604771,174.802628,1
esp32_device_001,2026-05-24T06:22:41+12:00,49.7,-36.604782,174.802628,1
esp32_device_001,2026-05-24T06:22:46+12:00,50.7,-36.604778,174.802643,1
esp32_device_001,2026-05-24T06:22:51+12:00,50.8,-36.604778,174.802643,1
esp32_device_001,2026-05-24T06:22:56+12:00,50.6,-36.604782,174.802643,1
esp32_device_001,2026-05-24T06:23:01+12:00,50.2,-36.604786,174.802643,1
esp32_device_001,2026-05-24T06:23:06+12:00,51.6,-36.604778,174.802643,1
esp32_device_001,2026-05-24T06:23:11+12:00,53.1,-36.604774,174.802658,1
esp32_device_001,2026-05-24T06:23:16+12:00,53,-36.604771,174.802658,1
esp32_device_001,2026-05-24T06:23:21+12:00,53.6,-36.604767,174.802658,1
esp32_device_001,2026-05-24T06:23:26+12:00,52.6,-36.604767,174.802643,1
esp32_device_001,2026-05-24T06:23:31+12:00,52.3,-36.604767,174.802643,1
esp32_device_001,2026-05-24T06:23:36+12:00,53.5,-36.604763,174.802658,1
esp32_device_001,2026-05-24T06:23:41+12:00,52.1,-36.604767,174.802658,1
esp32_device_001,2026-05-24T06:23:46+12:00,50.5,-36.604767,174.802643,1
esp32_device_001,2026-05-24T06:23:51+12:00,49.9,-36.604767,174.802628,1
esp32_device_001,2026-05-24T06:23:56+12:00,50.1,-36.604763,174.802628,1
esp32_device_001,2026-05-24T06:24:01+12:00,51,-36.604767,174.802643,1
esp32_device_001,2026-05-24T06:24:06+12:00,50.5,-36.604778,174.802643,1
esp32_device_001,2026-05-24T06:24:11+12:00,48.5,-36.60479,174.802643,1
esp32_device_001,2026-05-24T06:24:16+12:00,48,-36.604797,174.802643,1
esp32_device_001,2026-05-24T06:24:21+12:00,49.4,-36.60479,174.802643,1
esp32_device_001,2026-05-24T06:24:26+12:00,48.5,-36.604778,174.802628,1
esp32_device_001,2026-05-24T06:24:31+12:00,49.8,-36.604778,174.802628,1
esp32_device_001,2026-05-24T06:24:36+12:00,48.9,-36.604771,174.802612,1
esp32_device_001,2026-05-24T06:24:41+12:00,49.6,-36.604767,174.802612,1
esp32_device_001,2026-05-24T06:24:46+12:00,48.8,-36.604759,174.802597,1
esp32_device_001,2026-05-24T06:24:51+12:00,49,-36.604755,174.802597,1
esp32_device_001,2026-05-24T06:24:56+12:00,48.3,-36.604755,174.802582,1
esp32_device_001,2026-05-24T06:25:01+12:00,50.7,-36.60482,174.802643,1
esp32_device_001,2026-05-24T06:25:06+12:00,49.6,-36.604828,174.802643,1
esp32_device_001,2026-05-24T06:25:11+12:00,51.1,-36.604824,174.802643,1
esp32_device_001,2026-05-24T06:25:16+12:00,51.7,-36.604805,174.802643,1
esp32_device_001,2026-05-24T06:25:21+12:00,53.6,-36.604801,174.802643,1
esp32_device_001,2026-05-24T06:25:26+12:00,54.5,-36.604782,174.802628,1
esp32_device_001,2026-05-24T06:25:31+12:00,54.5,-36.604771,174.802628,1
esp32_device_001,2026-05-24T06:25:36+12:00,56.8,-36.604763,174.802628,1
esp32_device_001,2026-05-24T06:25:41+12:00,57.5,-36.604763,174.802628,1
esp32_device_001,2026-05-24T06:25:46+12:00,58.2,-36.604763,174.802643,1
esp32_device_001,2026-05-24T06:25:51+12:00,58.8,-36.604744,174.802628,1
esp32_device_001,2026-05-24T06:25:56+12:00,59,-36.604736,174.802612,1
esp32_device_001,2026-05-24T06:26:01+12:00,59.8,-36.60474,174.802628,1
esp32_device_001,2026-05-24T06:26:06+12:00,60.9,-36.604759,174.802643,1
esp32_device_001,2026-05-24T06:26:11+12:00,60.8,-36.604759,174.802658,1
esp32_device_001,2026-05-24T06:26:16+12:00,58.9,-36.604824,174.802734,1
esp32_device_001,2026-05-24T06:26:21+12:00,55.9,-36.604885,174.802811,1
esp32_device_001,2026-05-24T06:26:26+12:00,55.1,-36.604908,174.802826,1
esp32_device_001,2026-05-24T06:26:31+12:00,54.6,-36.604904,174.802811,1
esp32_device_001,2026-05-24T06:26:36+12:00,54.1,-36.604874,174.80278,1
esp32_device_001,2026-05-24T06:26:41+12:00,54.3,-36.604847,174.80275,1
esp32_device_001,2026-05-24T06:26:46+12:00,53.8,-36.604851,174.802765,1
esp32_device_001,2026-05-24T06:26:51+12:00,54.5,-36.604832,174.80275,1
esp32_device_001,2026-05-24T06:26:56+12:00,56.9,-36.604836,174.802765,1
esp32_device_001,2026-05-24T06:27:01+12:00,55.8,-36.604816,174.80275,1
esp32_device_001,2026-05-24T06:27:06+12:00,56.3,-36.60479,174.802719,1
esp32_device_001,2026-05-24T06:27:11+12:00,55.2,-36.604774,174.802704,1
esp32_device_001,2026-05-24T06:27:16+12:00,55.6,-36.604755,174.802689,1
esp32_device_001,2026-05-24T06:27:21+12:00,55.4,-36.604744,174.802673,1
esp32_device_001,2026-05-24T06:27:26+12:00,55.4,-36.604729,174.802643,1
esp32_device_001,2026-05-24T06:27:31+12:00,54.2,-36.604733,174.802643,1
esp32_device_001,2026-05-24T06:27:36+12:00,53.9,-36.604736,174.802658,1
esp32_device_001,2026-05-24T06:27:41+12:00,55,-36.604725,174.802628,1
esp32_device_001,2026-05-24T06:27:46+12:00,54.1,-36.604744,174.802673,1
esp32_device_001,2026-05-24T06:27:51+12:00,51.5,-36.604759,174.802689,1
esp32_device_001,2026-05-24T06:27:56+12:00,50.5,-36.604763,174.802689,1
esp32_device_001,2026-05-24T06:28:01+12:00,51.9,-36.604767,174.802689,1
esp32_device_001,2026-05-24T06:28:06+12:00,55.3,-36.60474,174.802658,1
esp32_device_001,2026-05-24T06:28:11+12:00,56.4,-36.604729,174.802628,1
esp32_device_001,2026-05-24T06:28:16+12:00,59.8,-36.60471,174.802612,1
esp32_device_001,2026-05-24T06:28:21+12:00,60.6,-36.604702,174.802582,1
esp32_device_001,2026-05-24T06:28:26+12:00,61.7,-36.604691,174.802567,1
esp32_device_001,2026-05-24T06:28:31+12:00,60.6,-36.60471,174.802597,1
esp32_device_001,2026-05-24T06:28:36+12:00,60,-36.604733,174.802628,1
esp32_device_001,2026-05-24T06:28:41+12:00,60.4,-36.604729,174.802628,1
esp32_device_001,2026-05-24T06:28:46+12:00,60.9,-36.604729,174.802628,1
esp32_device_001,2026-05-24T06:28:51+12:00,61.3,-36.604729,174.802612,1
esp32_device_001,2026-05-24T06:28:56+12:00,60.8,-36.604733,174.802597,1
esp32_device_001,2026-05-24T06:29:01+12:00,61.3,-36.604733,174.802597,1
esp32_device_001,2026-05-24T06:29:06+12:00,62.7,-36.60474,174.802582,1
esp32_device_001,2026-05-24T06:29:11+12:00,64.3,-36.604729,174.802597,1
esp32_device_001,2026-05-24T06:29:16+12:00,64.8,-36.604717,174.802597,1
esp32_device_001,2026-05-24T06:29:21+12:00,66.4,-36.604694,174.802612,1
esp32_device_001,2026-05-24T06:29:26+12:00,67.5,-36.604675,174.802612,1
esp32_device_001,2026-05-24T06:29:31+12:00,68.6,-36.604664,174.802628,1
esp32_device_001,2026-05-24T06:29:36+12:00,69,-36.604656,174.802628,1
esp32_device_001,2026-05-24T06:29:41+12:00,68,-36.60466,174.802628,1
esp32_device_001,2026-05-24T06:29:46+12:00,65.7,-36.604675,174.802612,1
esp32_device_001,2026-05-24T06:29:51+12:00,64.8,-36.604687,174.802612,1
esp32_device_001,2026-05-24T06:29:56+12:00,65.1,-36.604687,174.802612,1
esp32_device_001,2026-05-24T06:30:01+12:00,64.5,-36.604691,174.802612,1
esp32_device_001,2026-05-24T06:30:06+12:00,63.6,-36.604694,174.802612,1
esp32_device_001,2026-05-24T06:30:11+12:00,63.1,-36.604698,174.802612,1
esp32_device_001,2026-05-24T06:30:16+12:00,62.2,-36.604706,174.802612,1
esp32_device_001,2026-05-24T06:30:21+12:00,60.7,-36.604713,174.802612,1
esp32_device_001,2026-05-24T06:30:26+12:00,59,-36.604725,174.802612,1
esp32_device_001,2026-05-24T06:30:31+12:00,57.1,-36.60474,174.802597,1
esp32_device_001,2026-05-24T06:30:36+12:00,56.7,-36.60474,174.802597,1
esp32_device_001,2026-05-24T06:30:41+12:00,56.6,-36.60474,174.802597,1
esp32_device_001,2026-05-24T06:30:46+12:00,55.2,-36.604752,174.802597,1
esp32_device_001,2026-05-24T06:30:51+12:00,56.3,-36.604744,174.802597,1
esp32_device_001,2026-05-24T06:30:56+12:00,56.8,-36.60474,174.802612,1
esp32_device_001,2026-05-24T06:31:01+12:00,56.5,-36.604744,174.802612,1
esp32_device_001,2026-05-24T06:31:06+12:00,56.1,-36.604748,174.802612,1
esp32_device_001,2026-05-24T06:31:11+12:00,55.2,-36.604755,174.802597,1
esp32_device_001,2026-05-24T06:31:16+12:00,54.5,-36.604759,174.802597,1
esp32_device_001,2026-05-24T06:31:21+12:00,54.8,-36.604759,174.802597,1
esp32_device_001,2026-05-24T06:31:26+12:00,55.1,-36.604755,174.802597,1
esp32_device_001,2026-05-24T06:31:31+12:00,54.4,-36.604763,174.802597,1
esp32_device_001,2026-05-24T06:31:36+12:00,54.1,-36.604759,174.802597,1
esp32_device_001,2026-05-24T06:31:41+12:00,53.7,-36.604763,174.802597,1
esp32_device_001,2026-05-24T06:31:46+12:00,55,-36.604759,174.802597,1
esp32_device_001,2026-05-24T06:31:51+12:00,52.9,-36.604763,174.802597,1
esp32_device_001,2026-05-24T06:31:56+12:00,52.5,-36.604759,174.802582,1
esp32_device_001,2026-05-24T06:32:01+12:00,52,-36.604755,174.802582,1
esp32_device_001,2026-05-24T06:32:06+12:00,50.2,-36.604759,174.802582,1
esp32_device_001,2026-05-24T06:32:11+12:00,49.6,-36.604759,174.802582,1
esp32_device_001,2026-05-24T06:32:16+12:00,50.8,-36.604752,174.802582,1
esp32_device_001,2026-05-24T06:32:27+12:00,52.7,-36.604763,174.802597,1
esp32_device_001,2026-05-24T06:32:32+12:00,55.1,-36.604763,174.802597,1
esp32_device_001,2026-05-24T06:32:37+12:00,57.1,-36.604752,174.802597,1
esp32_device_001,2026-05-24T06:32:42+12:00,57,-36.604767,174.802597,1
esp32_device_001,2026-05-24T06:32:47+12:00,59,-36.604782,174.802582,1
esp32_device_001,2026-05-24T06:32:52+12:00,59,-36.604786,174.802582,1
esp32_device_001,2026-05-24T06:32:57+12:00,58.8,-36.604782,174.802582,1
esp32_device_001,2026-05-24T06:33:02+12:00,61.5,-36.604771,174.802597,1
esp32_device_001,2026-05-24T06:33:07+12:00,61.6,-36.604763,174.802597,1
esp32_device_001,2026-05-24T06:33:12+12:00,60.4,-36.604748,174.802612,1
esp32_device_001,2026-05-24T06:33:17+12:00,61.9,-36.604744,174.802612,1
esp32_device_001,2026-05-24T06:33:22+12:00,62,-36.604733,174.802628,1
esp32_device_001,2026-05-24T06:33:27+12:00,62.3,-36.604721,174.802628,1
esp32_device_001,2026-05-24T06:33:32+12:00,60.4,-36.604721,174.802628,1
esp32_device_001,2026-05-24T06:33:37+12:00,61.7,-36.604713,174.802643,1
esp32_device_001,2026-05-24T06:33:42+12:00,64.2,-36.604706,174.802643,1
esp32_device_001,2026-05-24T06:33:47+12:00,61.5,-36.604717,174.802643,1
esp32_device_001,2026-05-24T06:33:52+12:00,60.3,-36.604729,174.802628,1
esp32_device_001,2026-05-24T06:33:57+12:00,57.6,-36.604755,174.802612,1
esp32_device_001,2026-05-24T06:34:02+12:00,55.7,-36.604774,174.802612,1
esp32_device_001,2026-05-24T06:34:07+12:00,53.4,-36.604794,174.802597,1
esp32_device_001,2026-05-24T06:34:12+12:00,52.8,-36.604797,174.802597,1
esp32_device_001,2026-05-24T06:34:17+12:00,52.5,-36.604797,174.802597,1
esp32_device_001,2026-05-24T06:34:22+12:00,53.2,-36.604774,174.802612,1
esp32_device_001,2026-05-24T06:34:27+12:00,53.3,-36.604782,174.802612,1
esp32_device_001,2026-05-24T06:34:32+12:00,53.8,-36.604786,174.802612,1
esp32_device_001,2026-05-24T06:34:37+12:00,54.3,-36.604786,174.802612,1
esp32_device_001,2026-05-24T06:34:42+12:00,53.8,-36.604778,174.802612,1
esp32_device_001,2026-05-24T06:34:47+12:00,50.1,-36.604797,174.802612,1
esp32_device_001,2026-05-24T06:34:52+12:00,49.1,-36.60479,174.802612,1
esp32_device_001,2026-05-24T06:34:57+12:00,48.9,-36.604786,174.802612,1
esp32_device_001,2026-05-24T06:35:02+12:00,47.7,-36.604797,174.802612,1
esp32_device_001,2026-05-24T06:35:07+12:00,46.3,-36.604801,174.802612,1
esp32_device_001,2026-05-24T06:35:12+12:00,42.6,-36.604836,174.802582,1
esp32_device_001,2026-05-24T06:35:17+12:00,38.5,-36.604866,174.802567,1
esp32_device_001,2026-05-24T06:35:22+12:00,35,-36.604881,174.802551,1
esp32_device_001,2026-05-24T06:35:27+12:00,34.5,-36.604881,174.802551,1
esp32_device_001,2026-05-24T06:35:32+12:00,38.5,-36.604839,174.802567,1
esp32_device_001,2026-05-24T06:35:37+12:00,39.4,-36.604824,174.802567,1
esp32_device_001,2026-05-24T06:35:42+12:00,40.1,-36.604824,174.802567,1
esp32_device_001,2026-05-24T06:35:47+12:00,40.3,-36.604816,174.802567,1
esp32_device_001,2026-05-24T06:35:52+12:00,43.7,-36.604797,174.802582,1
esp32_device_001,2026-05-24T06:35:57+12:00,43.7,-36.60479,174.802582,1
esp32_device_001,2026-05-24T06:36:02+12:00,43.7,-36.604782,174.802582,1
esp32_device_001,2026-05-24T06:36:07+12:00,43.8,-36.604778,174.802582,1
esp32_device_001,2026-05-24T06:36:12+12:00,43.3,-36.604778,174.802582,1
esp32_device_001,2026-05-24T06:36:17+12:00,43.5,-36.604771,174.802597,1
esp32_device_001,2026-05-24T06:36:22+12:00,44.3,-36.604771,174.802597,1
esp32_device_001,2026-05-24T06:36:27+12:00,45.3,-36.604759,174.802597,1
esp32_device_001,2026-05-24T06:36:32+12:00,46.4,-36.604752,174.802597,1
esp32_device_001,2026-05-24T06:36:37+12:00,47.2,-36.60474,174.802597,1
esp32_device_001,2026-05-24T06:36:42+12:00,47.9,-36.604729,174.802612,1
esp32_device_001,2026-05-24T06:36:47+12:00,48.4,-36.604725,174.802612,1
esp32_device_001,2026-05-24T06:36:52+12:00,48.2,-36.604733,174.802612,1
esp32_device_001,2026-05-24T06:36:57+12:00,47.4,-36.604736,174.802597,1
esp32_device_001,2026-05-24T06:37:02+12:00,47.6,-36.604733,174.802597,1
esp32_device_001,2026-05-24T06:37:07+12:00,47.9,-36.604729,174.802597,1
esp32_device_001,2026-05-24T06:37:12+12:00,47.7,-36.604729,174.802597,1
esp32_device_001,2026-05-24T06:37:17+12:00,48.1,-36.604729,174.802597,1
esp32_device_001,2026-05-24T06:37:22+12:00,47.6,-36.604733,174.802597,1
esp32_device_001,2026-05-24T06:37:27+12:00,47.5,-36.604733,174.802597,1
esp32_device_001,2026-05-24T06:37:32+12:00,48.6,-36.604725,174.802597,1
esp32_device_001,2026-05-24T06:37:37+12:00,49.2,-36.604721,174.802597,1
esp32_device_001,2026-05-24T06:37:42+12:00,50.1,-36.604713,174.802597,1
esp32_device_001,2026-05-24T06:37:47+12:00,51.2,-36.60471,174.802612,1
esp32_device_001,2026-05-24T06:37:52+12:00,52.1,-36.604702,174.802612,1
esp32_device_001,2026-05-24T06:37:57+12:00,53.4,-36.604694,174.802612,1
esp32_device_001,2026-05-24T06:38:02+12:00,54.9,-36.604675,174.802628,1
esp32_device_001,2026-05-24T06:38:07+12:00,55.3,-36.604683,174.802612,1
esp32_device_001,2026-05-24T06:38:12+12:00,54.6,-36.604694,174.802612,1
esp32_device_001,2026-05-24T06:38:17+12:00,54.6,-36.604702,174.802597,1
esp32_device_001,2026-05-24T06:38:22+12:00,53.7,-36.604721,174.802597,1
esp32_device_001,2026-05-24T06:38:27+12:00,53.7,-36.604744,174.802582,1
esp32_device_001,2026-05-24T06:38:32+12:00,54,-36.60474,174.802582,1
esp32_device_001,2026-05-24T06:38:37+12:00,53.1,-36.604763,174.802567,1
esp32_device_001,2026-05-24T06:38:42+12:00,52.9,-36.604759,174.802551,1
esp32_device_001,2026-05-24T06:38:47+12:00,52.6,-36.604763,174.802551,1
esp32_device_001,2026-05-24T06:38:52+12:00,52.4,-36.604767,174.802551,1
esp32_device_001,2026-05-24T06:38:57+12:00,53,-36.604748,174.802567,1
esp32_device_001,2026-05-24T06:39:02+12:00,57,-36.604679,174.802597,1
esp32_device_001,2026-05-24T06:39:07+12:00,61,-36.604626,174.802643,1
esp32_device_001,2026-05-24T06:39:12+12:00,61.5,-36.604622,174.802643,1
esp32_device_001,2026-05-24T06:39:17+12:00,61.4,-36.60463,174.802628,1
esp32_device_001,2026-05-24T06:39:22+12:00,65,-36.604572,174.802673,1
esp32_device_001,2026-05-24T06:39:27+12:00,69.1,-36.604492,174.802719,1
esp32_device_001,2026-05-24T06:39:32+12:00,69.8,-36.604469,174.802734,1
esp32_device_001,2026-05-24T06:39:37+12:00,69,-36.604485,174.802719,1
esp32_device_001,2026-05-24T06:39:42+12:00,63.3,-36.604549,174.802673,1
esp32_device_001,2026-05-24T06:39:47+12:00,59.4,-36.604584,174.802658,1
esp32_device_001,2026-05-24T06:39:52+12:00,56.9,-36.604607,174.802643,1
esp32_device_001,2026-05-24T06:39:57+12:00,53.8,-36.604637,174.802628,1
esp32_device_001,2026-05-24T06:40:02+12:00,48.7,-36.604691,174.802597,1
esp32_device_001,2026-05-24T06:40:07+12:00,46.7,-36.604713,174.802582,1
esp32_device_001,2026-05-24T06:40:12+12:00,46.3,-36.60471,174.802582,1
esp32_device_001,2026-05-24T06:40:17+12:00,46,-36.604706,174.802597,1
esp32_device_001,2026-05-24T06:40:22+12:00,45.4,-36.604706,174.802582,1
esp32_device_001,2026-05-24T06:40:27+12:00,44.8,-36.604694,174.802597,1
esp32_device_001,2026-05-24T06:40:32+12:00,45.1,-36.604683,174.802597,1
esp32_device_001,2026-05-24T06:40:37+12:00,44.6,-36.604664,174.802612,1
esp32_device_001,2026-05-24T06:40:42+12:00,43.4,-36.604668,174.802597,1
esp32_device_001,2026-05-24T06:40:47+12:00,41.4,-36.604694,174.802582,1
esp32_device_001,2026-05-24T06:40:52+12:00,40.5,-36.60471,174.802582,1
esp32_device_001,2026-05-24T06:40:57+12:00,40.8,-36.604713,174.802567,1
esp32_device_001,2026-05-24T06:41:02+12:00,40.9,-36.604713,174.802567,1
esp32_device_001,2026-05-24T06:41:07+12:00,40.9,-36.604725,174.802567,1
esp32_device_001,2026-05-24T06:41:12+12:00,42,-36.604717,174.802567,1
esp32_device_001,2026-05-24T06:41:17+12:00,43.1,-36.604725,174.802567,1
esp32_device_001,2026-05-24T06:41:22+12:00,44.2,-36.604725,174.802567,1
esp32_device_001,2026-05-24T06:41:27+12:00,45.1,-36.604725,174.802567,1
esp32_device_001,2026-05-24T06:41:32+12:00,45.1,-36.604717,174.802567,1
esp32_device_001,2026-05-24T06:41:37+12:00,45.5,-36.604725,174.802567,1
esp32_device_001,2026-05-24T06:41:42+12:00,46.8,-36.604717,174.802582,1
esp32_device_001,2026-05-24T06:41:47+12:00,47.9,-36.604713,174.802582,1
esp32_device_001,2026-05-24T06:41:52+12:00,49.3,-36.60471,174.802582,1
esp32_device_001,2026-05-24T06:41:57+12:00,51,-36.60471,174.802597,1
esp32_device_001,2026-05-24T06:42:02+12:00,52.9,-36.604717,174.802582,1
esp32_device_001,2026-05-24T06:42:07+12:00,54.1,-36.604713,174.802582,1
esp32_device_001,2026-05-24T06:42:12+12:00,54.6,-36.604717,174.802582,1
esp32_device_001,2026-05-24T06:42:17+12:00,56.5,-36.604668,174.802612,1
esp32_device_001,2026-05-24T06:42:27+12:00,57.7,-36.604664,174.802612,1
esp32_device_001,2026-05-24T06:42:32+12:00,58.4,-36.604679,174.802612,1
esp32_device_001,2026-05-24T06:42:37+12:00,59.8,-36.60466,174.802628,1
esp32_device_001,2026-05-24T06:42:42+12:00,59.2,-36.604664,174.802628,1
esp32_device_001,2026-05-24T06:42:47+12:00,59.6,-36.60463,174.802643,1
esp32_device_001,2026-05-24T06:42:52+12:00,59.8,-36.604614,174.802658,1
esp32_device_001,2026-05-24T06:42:57+12:00,60.2,-36.604595,174.802658,1
esp32_device_001,2026-05-24T06:43:02+12:00,61.1,-36.604568,174.802673,1
esp32_device_001,2026-05-24T06:43:07+12:00,62.4,-36.604549,174.802689,1
esp32_device_001,2026-05-24T06:43:12+12:00,62.5,-36.604553,174.802689,1
esp32_device_001,2026-05-24T06:43:17+12:00,64.4,-36.604534,174.802704,1
esp32_device_001,2026-05-24T06:43:22+12:00,64.3,-36.604549,174.802689,1
esp32_device_001,2026-05-24T06:43:27+12:00,62.1,-36.604591,174.802673,1
esp32_device_001,2026-05-24T06:43:32+12:00,60.4,-36.60461,174.802658,1
esp32_device_001,2026-05-24T06:43:37+12:00,58.8,-36.60463,174.802643,1
esp32_device_001,2026-05-24T06:43:42+12:00,54.8,-36.604691,174.802612,1
esp32_device_001,2026-05-24T06:43:47+12:00,53.1,-36.604706,174.802612,1
esp32_device_001,2026-05-24T06:43:52+12:00,51.4,-36.604721,174.802597,1
esp32_device_001,2026-05-24T06:43:57+12:00,49.9,-36.604733,174.802597,1
esp32_device_001,2026-05-24T06:44:02+12:00,48.6,-36.60474,174.802582,1
esp32_device_001,2026-05-24T06:44:07+12:00,47.8,-36.60474,174.802597,1
esp32_device_001,2026-05-24T06:44:12+12:00,47.3,-36.604729,174.802597,1
esp32_device_001,2026-05-24T06:44:17+12:00,46.3,-36.604748,174.802582,1
esp32_device_001,2026-05-24T06:44:22+12:00,45.6,-36.604755,174.802582,1
esp32_device_001,2026-05-24T06:44:27+12:00,45.2,-36.604771,174.802567,1
esp32_device_001,2026-05-24T06:44:32+12:00,44.4,-36.604778,174.802567,1
esp32_device_001,2026-05-24T06:44:37+12:00,44.5,-36.604778,174.802567,1
esp32_device_001,2026-05-24T06:44:42+12:00,45.6,-36.604778,174.802567,1
esp32_device_001,2026-05-24T06:44:47+12:00,47.3,-36.604759,174.802582,1
esp32_device_001,2026-05-24T06:44:52+12:00,48.6,-36.604752,174.802582,1
esp32_device_001,2026-05-24T06:44:57+12:00,50.7,-36.604744,174.802582,1
esp32_device_001,2026-05-24T06:45:02+12:00,52.1,-36.604752,174.802567,1
esp32_device_001,2026-05-24T06:45:07+12:00,52.8,-36.604752,174.802567,1
esp32_device_001,2026-05-24T06:45:12+12:00,53.7,-36.604755,174.802551,1
esp32_device_001,2026-05-24T06:45:17+12:00,54.1,-36.604755,174.802551,1
esp32_device_001,2026-05-24T06:45:22+12:00,56.1,-36.604752,174.802551,1
esp32_device_001,2026-05-24T06:45:27+12:00,57.2,-36.604752,174.802551,1
esp32_device_001,2026-05-24T06:45:32+12:00,57.7,-36.604748,174.802551,1
esp32_device_001,2026-05-24T06:45:37+12:00,58.5,-36.604744,174.802551,1
esp32_device_001,2026-05-24T06:45:42+12:00,58.7,-36.604752,174.802551,1
esp32_device_001,2026-05-24T06:45:47+12:00,58.4,-36.604755,174.802567,1
esp32_device_001,2026-05-24T06:45:52+12:00,58.4,-36.604748,174.802567,1
esp32_device_001,2026-05-24T06:45:57+12:00,58.2,-36.604748,174.802567,1
esp32_device_001,2026-05-24T06:46:02+12:00,58.2,-36.604748,174.802582,1
esp32_device_001,2026-05-24T06:46:07+12:00,58.3,-36.604748,174.802582,1
esp32_device_001,2026-05-24T06:46:12+12:00,58.3,-36.604736,174.802582,1
esp32_device_001,2026-05-24T06:46:17+12:00,58,-36.604725,174.802612,1
esp32_device_001,2026-05-24T06:46:22+12:00,57.1,-36.604729,174.802628,1
esp32_device_001,2026-05-24T06:46:27+12:00,56.5,-36.604744,174.802612,1
esp32_device_001,2026-05-24T06:46:32+12:00,56.7,-36.604755,174.802597,1
esp32_device_001,2026-05-24T06:46:37+12:00,56.4,-36.604767,174.802597,1
esp32_device_001,2026-05-24T06:46:42+12:00,54,-36.604786,174.802597,1
esp32_device_001,2026-05-24T06:46:47+12:00,52.4,-36.604794,174.802612,1
esp32_device_001,2026-05-24T06:46:52+12:00,52.4,-36.604782,174.802612,1
esp32_device_001,2026-05-24T06:46:57+12:00,54.6,-36.604759,174.802612,1
esp32_device_001,2026-05-24T06:47:02+12:00,55.5,-36.604755,174.802612,1
esp32_device_001,2026-05-24T06:47:07+12:00,56.1,-36.604744,174.802597,1
esp32_device_001,2026-05-24T06:47:12+12:00,55.5,-36.60474,174.802597,1
esp32_device_001,2026-05-24T06:47:17+12:00,54.7,-36.60474,174.802597,1
esp32_device_001,2026-05-24T06:47:22+12:00,54.9,-36.60474,174.802582,1
esp32_device_001,2026-05-24T06:47:27+12:00,57.9,-36.604721,174.802582,1
esp32_device_001,2026-05-24T06:47:32+12:00,56.1,-36.604725,174.802582,1
esp32_device_001,2026-05-24T06:47:37+12:00,53.9,-36.60474,174.802582,1
esp32_device_001,2026-05-24T06:47:42+12:00,51.7,-36.604744,174.802597,1
esp32_device_001,2026-05-24T06:47:47+12:00,47.4,-36.604744,174.802612,1
esp32_device_001,2026-05-24T06:47:52+12:00,46.4,-36.604748,174.802628,1
esp32_device_001,2026-05-24T06:47:57+12:00,45.6,-36.604736,174.802628,1
esp32_device_001,2026-05-24T06:48:02+12:00,48.4,-36.604725,174.802628,1
esp32_device_001,2026-05-24T06:48:07+12:00,50.2,-36.60471,174.802628,1
esp32_device_001,2026-05-24T06:48:12+12:00,53.3,-36.604706,174.802612,1
esp32_device_001,2026-05-24T06:48:17+12:00,55.6,-36.604702,174.802612,1
esp32_device_001,2026-05-24T06:48:22+12:00,56.9,-36.604694,174.802612,1
esp32_device_001,2026-05-24T06:48:27+12:00,55.2,-36.604706,174.802612,1
esp32_device_001,2026-05-24T06:48:32+12:00,55.3,-36.604706,174.802612,1
esp32_device_001,2026-05-24T06:48:37+12:00,54.2,-36.60471,174.802612,1
esp32_device_001,2026-05-24T06:48:42+12:00,52.9,-36.60471,174.802612,1
esp32_device_001,2026-05-24T06:48:47+12:00,52.2,-36.60471,174.802612,1
esp32_device_001,2026-05-24T06:48:52+12:00,51.2,-36.604713,174.802612,1
esp32_device_001,2026-05-24T06:48:57+12:00,50,-36.604717,174.802597,1
esp32_device_001,2026-05-24T06:49:02+12:00,49.3,-36.604729,174.802582,1
esp32_device_001,2026-05-24T06:49:07+12:00,48.6,-36.604748,174.802567,1
esp32_device_001,2026-05-24T06:49:12+12:00,48.2,-36.604763,174.802567,1
esp32_device_001,2026-05-24T06:49:17+12:00,47.8,-36.604778,174.802551,1
esp32_device_001,2026-05-24T06:49:22+12:00,46.8,-36.604774,174.802551,1
esp32_device_001,2026-05-24T06:49:27+12:00,44.7,-36.604797,174.802551,1
esp32_device_001,2026-05-24T06:49:32+12:00,44.5,-36.604782,174.802551,1
esp32_device_001,2026-05-24T06:49:37+12:00,42.4,-36.604805,174.802551,1
esp32_device_001,2026-05-24T06:49:42+12:00,41.7,-36.604809,174.802536,1
esp32_device_001,2026-05-24T06:49:47+12:00,41.2,-36.604767,174.802551,1
esp32_device_001,2026-05-24T06:49:52+12:00,39.9,-36.604763,174.802551,1
esp32_device_001,2026-05-24T06:49:57+12:00,41.4,-36.604736,174.802567,1
esp32_device_001,2026-05-24T06:50:02+12:00,41.5,-36.604759,174.802551,1
esp32_device_001,2026-05-24T06:50:07+12:00,41.4,-36.604782,174.802536,1
esp32_device_001,2026-05-24T06:50:12+12:00,41.6,-36.604774,174.802551,1
esp32_device_001,2026-05-24T06:50:17+12:00,41.2,-36.604797,174.802536,1
esp32_device_001,2026-05-24T06:50:22+12:00,42.8,-36.604782,174.802536,1
esp32_device_001,2026-05-24T06:50:27+12:00,45.1,-36.604733,174.802567,1
esp32_device_001,2026-05-24T06:50:32+12:00,44.7,-36.604744,174.802567,1
esp32_device_001,2026-05-24T06:50:37+12:00,45,-36.604782,174.802551,1
esp32_device_001,2026-05-24T06:50:42+12:00,47,-36.604782,174.802536,1
esp32_device_001,2026-05-24T06:50:47+12:00,48.7,-36.604771,174.802551,1
esp32_device_001,2026-05-24T06:50:52+12:00,48.7,-36.604771,174.802551,1
esp32_device_001,2026-05-24T06:50:57+12:00,48.7,-36.604763,174.802551,1
esp32_device_001,2026-05-24T06:51:02+12:00,47.2,-36.604782,174.802551,1
esp32_device_001,2026-05-24T06:51:07+12:00,46.9,-36.604778,174.802551,1
esp32_device_001,2026-05-24T06:51:12+12:00,46.5,-36.604782,174.802551,1
esp32_device_001,2026-05-24T06:51:17+12:00,46.6,-36.604767,174.802567,1
esp32_device_001,2026-05-24T06:51:22+12:00,46.4,-36.604771,174.802567,1
esp32_device_001,2026-05-24T06:51:27+12:00,44.8,-36.604778,174.802567,1
esp32_device_001,2026-05-24T06:51:32+12:00,44.2,-36.604774,174.802567,1
esp32_device_001,2026-05-24T06:51:37+12:00,43.8,-36.604767,174.802567,1
esp32_device_001,2026-05-24T06:51:42+12:00,44,-36.604759,174.802582,1
esp32_device_001,2026-05-24T06:51:47+12:00,44.2,-36.604759,174.802582,1
esp32_device_001,2026-05-24T06:51:52+12:00,45.4,-36.604755,174.802582,1
esp32_device_001,2026-05-24T06:51:57+12:00,46.3,-36.604755,174.802582,1
esp32_device_001,2026-05-24T06:52:02+12:00,47.7,-36.604748,174.802597,1
esp32_device_001,2026-05-24T06:52:07+12:00,48.1,-36.604752,174.802597,1
esp32_device_001,2026-05-24T06:52:12+12:00,49.2,-36.604752,174.802597,1
esp32_device_001,2026-05-24T06:52:17+12:00,49.2,-36.604752,174.802597,1
esp32_device_001,2026-05-24T06:53:14+12:00,58.3,-36.604717,174.802597,1
esp32_device_001,2026-05-24T06:53:19+12:00,57.7,-36.604721,174.802597,1
esp32_device_001,2026-05-24T06:53:24+12:00,57.2,-36.604725,174.802582,1
esp32_device_001,2026-05-24T06:53:29+12:00,56,-36.604725,174.802582,1
esp32_device_001,2026-05-24T06:53:34+12:00,55.6,-36.604725,174.802582,1
esp32_device_001,2026-05-24T06:53:39+12:00,54.5,-36.604729,174.802567,1
esp32_device_001,2026-05-24T06:53:44+12:00,53.2,-36.604736,174.802567,1
esp32_device_001,2026-05-24T06:53:49+12:00,50.6,-36.604748,174.802567,1
esp32_device_001,2026-05-24T06:53:54+12:00,49.2,-36.604752,174.802551,1
esp32_device_001,2026-05-24T06:53:59+12:00,49.6,-36.604748,174.802551,1
esp32_device_001,2026-05-24T06:54:04+12:00,49.9,-36.604744,174.802551,1
esp32_device_001,2026-05-24T06:54:09+12:00,48.5,-36.604748,174.802582,1
esp32_device_001,2026-05-24T06:54:14+12:00,48.8,-36.604748,174.802582,1
esp32_device_001,2026-05-24T06:54:19+12:00,47.8,-36.604759,174.802551,1
esp32_device_001,2026-05-24T06:54:24+12:00,44.5,-36.604782,174.802521,1
esp32_device_001,2026-05-24T06:54:29+12:00,41.9,-36.604801,174.802475,1
esp32_device_001,2026-05-24T06:54:34+12:00,39,-36.604824,174.802444,1
esp32_device_001,2026-05-24T06:54:39+12:00,37.3,-36.604839,174.802429,1
esp32_device_001,2026-05-24T06:54:44+12:00,36.8,-36.604843,174.802414,1
esp32_device_001,2026-05-24T06:54:49+12:00,37.1,-36.604839,174.802414,1
esp32_device_001,2026-05-24T06:54:54+12:00,39.1,-36.60482,174.802444,1
esp32_device_001,2026-05-24T06:54:59+12:00,41.2,-36.604805,174.802444,1
esp32_device_001,2026-05-24T06:55:04+12:00,42.4,-36.604794,174.80246,1
esp32_device_001,2026-05-24T06:55:09+12:00,45,-36.604782,174.80246,1
esp32_device_001,2026-05-24T06:55:14+12:00,46.3,-36.604763,174.80249,1
esp32_device_001,2026-05-24T06:55:19+12:00,46.6,-36.604767,174.80249,1
esp32_device_001,2026-05-24T06:55:24+12:00,47.8,-36.604748,174.80249,1
esp32_device_001,2026-05-24T06:55:29+12:00,49.7,-36.604748,174.80249,1
esp32_device_001,2026-05-24T06:55:34+12:00,51,-36.60474,174.802505,1
esp32_device_001,2026-05-24T06:55:39+12:00,51.9,-36.604736,174.802536,1
esp32_device_001,2026-05-24T06:55:44+12:00,52,-36.604721,174.802521,1
esp32_device_001,2026-05-24T06:55:49+12:00,53,-36.604721,174.802505,1
esp32_device_001,2026-05-24T06:55:54+12:00,51.5,-36.604729,174.802505,1
esp32_device_001,2026-05-24T06:55:59+12:00,51.6,-36.604736,174.802505,1
esp32_device_001,2026-05-24T06:56:04+12:00,51.8,-36.604744,174.802505,1
esp32_device_001,2026-05-24T06:56:09+12:00,52,-36.604744,174.802521,1
esp32_device_001,2026-05-24T06:56:14+12:00,52.9,-36.60474,174.802521,1
esp32_device_001,2026-05-24T06:56:19+12:00,52.4,-36.604744,174.802521,1
esp32_device_001,2026-05-24T06:56:24+12:00,52.6,-36.604748,174.802536,1
esp32_device_001,2026-05-24T06:56:29+12:00,52.9,-36.604748,174.802536,1
esp32_device_001,2026-05-24T06:56:34+12:00,53.2,-36.604744,174.802536,1
esp32_device_001,2026-05-24T06:56:39+12:00,54.2,-36.60474,174.802536,1
esp32_device_001,2026-05-24T06:56:44+12:00,54.4,-36.604736,174.802536,1
esp32_device_001,2026-05-24T06:56:49+12:00,53.9,-36.604733,174.802536,1
esp32_device_001,2026-05-24T06:56:54+12:00,53.7,-36.604733,174.802536,1
esp32_device_001,2026-05-24T06:56:59+12:00,53.7,-36.604725,174.802536,1
esp32_device_001,2026-05-24T06:57:04+12:00,53.6,-36.604725,174.802536,1
esp32_device_001,2026-05-24T06:57:14+12:00,51.4,-36.604725,174.802536,1
esp32_device_001,2026-05-24T06:57:44+12:00,51.6,-36.604713,174.802536,1
esp32_device_001,2026-05-24T06:57:49+12:00,51.8,-36.604713,174.802536,1
esp32_device_001,2026-05-24T06:57:54+12:00,51.5,-36.604713,174.802536,1
esp32_device_001,2026-05-24T06:57:59+12:00,50.9,-36.604717,174.802536,1
esp32_device_001,2026-05-24T06:58:04+12:00,51.2,-36.604713,174.802536,1
esp32_device_001,2026-05-24T06:58:09+12:00,51,-36.604717,174.802536,1
esp32_device_001,2026-05-24T06:58:14+12:00,51.3,-36.604721,174.802536,1
esp32_device_001,2026-05-24T06:58:19+12:00,52.3,-36.604717,174.802536,1
esp32_device_001,2026-05-24T06:58:24+12:00,51.5,-36.604729,174.802536,1
esp32_device_001,2026-05-24T06:58:29+12:00,51.4,-36.604733,174.802536,1
esp32_device_001,2026-05-24T06:58:34+12:00,50.5,-36.604748,174.802521,1
esp32_device_001,2026-05-24T06:58:39+12:00,50.7,-36.604748,174.802521,1
esp32_device_001,2026-05-24T06:58:44+12:00,49.9,-36.604744,174.802536,1
esp32_device_001,2026-05-24T06:58:49+12:00,49.8,-36.604736,174.802536,1
esp32_device_001,2026-05-24T06:58:54+12:00,48.7,-36.604736,174.802536,1
esp32_device_001,2026-05-24T06:58:59+12:00,48,-36.604736,174.802536,1
esp32_device_001,2026-05-24T06:59:04+12:00,48.3,-36.604725,174.802536,1
esp32_device_001,2026-05-24T06:59:09+12:00,48.1,-36.604725,174.802551,1
esp32_device_001,2026-05-24T06:59:14+12:00,47.7,-36.604725,174.802551,1
esp32_device_001,2026-05-24T06:59:19+12:00,47.9,-36.604729,174.802567,1
esp32_device_001,2026-05-24T06:59:24+12:00,49.2,-36.60471,174.802582,1
esp32_device_001,2026-05-24T06:59:29+12:00,53.3,-36.604675,174.802612,1
esp32_device_001,2026-05-24T06:59:34+12:00,57.8,-36.60466,174.802628,1
esp32_device_001,2026-05-24T06:59:39+12:00,62.5,-36.604637,174.802643,1
esp32_device_001,2026-05-24T06:59:44+12:00,61.1,-36.60466,174.802628,1
esp32_device_001,2026-05-24T06:59:49+12:00,59.9,-36.604675,174.802628,1
esp32_device_001,2026-05-24T06:59:54+12:00,59.3,-36.604687,174.802628,1
esp32_device_001,2026-05-24T06:59:59+12:00,60.5,-36.604683,174.802628,1
esp32_device_001,2026-05-24T07:00:04+12:00,59.4,-36.604698,174.802628,1
esp32_device_001,2026-05-24T07:00:09+12:00,63.4,-36.604671,174.802643,1
esp32_device_001,2026-05-24T07:00:14+12:00,61.5,-36.60466,174.802628,1
esp32_device_001,2026-05-24T07:00:19+12:00,62.8,-36.60466,174.802643,1
esp32_device_001,2026-05-24T07:00:24+12:00,63.9,-36.604641,174.802643,1
esp32_device_001,2026-05-24T07:00:29+12:00,49.7,-36.604691,174.802597,1
esp32_device_001,2026-05-24T07:00:34+12:00,31.5,-36.604755,174.802536,1
esp32_device_001,2026-05-24T07:00:39+12:00,19.1,-36.604813,174.80249,1
esp32_device_001,2026-05-24T07:00:44+12:00,22.7,-36.60479,174.802505,1
esp32_device_001,2026-05-24T07:00:49+12:00,20,-36.604801,174.802505,1
esp32_device_001,2026-05-24T07:00:54+12:00,22.2,-36.604801,174.802536,1
esp32_device_001,2026-05-24T07:00:59+12:00,23.1,-36.604797,174.802551,1
esp32_device_001,2026-05-24T07:01:04+12:00,23.3,-36.604805,174.802567,1
esp32_device_001,2026-05-24T07:01:09+12:00,23.2,-36.604813,174.802582,1
esp32_device_001,2026-05-24T07:01:14+12:00,24.5,-36.604816,174.802582,1
esp32_device_001,2026-05-24T07:01:19+12:00,30.8,-36.604813,174.802597,1
esp32_device_001,2026-05-24T07:01:24+12:00,33.3,-36.604809,174.802597,1
esp32_device_001,2026-05-24T07:01:29+12:00,35.1,-36.604805,174.802597,1
esp32_device_001,2026-05-24T07:01:34+12:00,36,-36.604805,174.802597,1
esp32_device_001,2026-05-24T07:01:39+12:00,36.5,-36.604801,174.802597,1
esp32_device_001,2026-05-24T07:01:44+12:00,36.2,-36.604801,174.802597,1
esp32_device_001,2026-05-24T07:01:49+12:00,36.5,-36.604797,174.802597,1
esp32_device_001,2026-05-24T07:01:54+12:00,36.3,-36.604794,174.802582,1
esp32_device_001,2026-05-24T07:01:59+12:00,36.9,-36.604786,174.802582,1
esp32_device_001,2026-05-24T07:02:04+12:00,37.4,-36.604782,174.802582,1
esp32_device_001,2026-05-24T07:02:09+12:00,38.4,-36.604778,174.802597,1
esp32_device_001,2026-05-24T07:02:14+12:00,37.8,-36.604778,174.802597,1
esp32_device_001,2026-05-24T07:02:26+12:00,37.8,-36.604782,174.802597,1
esp32_device_001,2026-05-24T07:02:31+12:00,37.8,-36.604774,174.802597,1
esp32_device_001,2026-05-24T07:02:36+12:00,37.8,-36.604763,174.802597,1
esp32_device_001,2026-05-24T07:02:41+12:00,37.8,-36.604748,174.802582,1
esp32_device_001,2026-05-24T07:02:46+12:00,37.8,-36.604725,174.802582,1
esp32_device_001,2026-05-24T07:02:51+12:00,39,-36.604721,174.802567,1
esp32_device_001,2026-05-24T07:02:56+12:00,39,-36.604706,174.802567,1
esp32_device_001,2026-05-24T07:03:01+12:00,39,-36.604691,174.802551,1
esp32_device_001,2026-05-24T07:03:06+12:00,39,-36.604691,174.802551,1
esp32_device_001,2026-05-24T07:03:11+12:00,39,-36.604687,174.802536,1
esp32_device_001,2026-05-24T07:03:16+12:00,39,-36.604679,174.802521,1
esp32_device_001,2026-05-24T07:03:21+12:00,39,-36.604675,174.802505,1
esp32_device_001,2026-05-24T07:03:26+12:00,39,-36.604679,174.802521,1
esp32_device_001,2026-05-24T07:03:31+12:00,39,-36.604675,174.802521,1
esp32_device_001,2026-05-24T07:03:36+12:00,39,-36.604664,174.802521,1
esp32_device_001,2026-05-24T07:03:41+12:00,39,-36.60466,174.802521,1
esp32_device_001,2026-05-24T07:03:46+12:00,39,-36.604664,174.802521,1
esp32_device_001,2026-05-24T07:03:51+12:00,39,-36.604675,174.802536,1
esp32_device_001,2026-05-24T07:03:56+12:00,39,-36.604687,174.802551,1
esp32_device_001,2026-05-24T07:04:01+12:00,39,-36.604698,174.802551,1
esp32_device_001,2026-05-24T07:04:06+12:00,39,-36.604713,174.802551,1
esp32_device_001,2026-05-24T07:04:11+12:00,39,-36.604729,174.802567,1
esp32_device_001,2026-05-24T07:04:16+12:00,39,-36.604736,174.802582,1
esp32_device_001,2026-05-24T07:04:21+12:00,39,-36.60474,174.802582,1
esp32_device_001,2026-05-24T07:04:26+12:00,39,-36.604736,174.802582,1
esp32_device_001,2026-05-24T07:04:31+12:00,39,-36.604733,174.802582,1
esp32_device_001,2026-05-24T07:04:36+12:00,39,-36.604733,174.802582,1
esp32_device_001,2026-05-24T07:04:41+12:00,39,-36.604748,174.802612,1
esp32_device_001,2026-05-24T07:04:46+12:00,39,-36.604752,174.802628,1
esp32_device_001,2026-05-24T07:04:51+12:00,39,-36.604759,174.802612,1
esp32_device_001,2026-05-24T07:04:56+12:00,39,-36.604759,174.802612,1
esp32_device_001,2026-05-24T07:05:01+12:00,39,-36.604755,174.802597,1
esp32_device_001,2026-05-24T07:05:06+12:00,39,-36.604755,174.802597,1
esp32_device_001,2026-05-24T07:05:11+12:00,39,-36.604752,174.802597,1
esp32_device_001,2026-05-24T07:05:16+12:00,39,-36.604752,174.802597,1
esp32_device_001,2026-05-24T07:05:21+12:00,39,-36.604755,174.802612,1
esp32_device_001,2026-05-24T07:05:26+12:00,39,-36.604759,174.802612,1
esp32_device_001,2026-05-24T07:05:31+12:00,3,-36.604759,174.802628,1
esp32_device_001,2026-05-24T07:05:36+12:00,3,-36.604759,174.802612,1
esp32_device_001,2026-05-24T07:05:41+12:00,3,-36.604755,174.802597,1
esp32_device_001,2026-05-24T07:05:46+12:00,3,-36.604755,174.802582,1
esp32_device_001,2026-05-24T07:05:51+12:00,3,-36.604748,174.802551,1
esp32_device_001,2026-05-24T07:05:56+12:00,3,-36.604744,174.802551,1
esp32_device_001,2026-05-24T07:06:01+12:00,3,-36.604744,174.802551,1
esp32_device_001,2026-05-24T07:06:06+12:00,58,-36.60474,174.802536,1
esp32_device_001,2026-05-24T07:06:11+12:00,58,-36.604736,174.802536,1
esp32_device_001,2026-05-24T07:06:16+12:00,58,-36.60474,174.802567,1
esp32_device_001,2026-05-24T07:06:21+12:00,58,-36.60474,174.802582,1
esp32_device_001,2026-05-24T07:06:26+12:00,58,-36.604736,174.802582,1
esp32_device_001,2026-05-24T07:06:31+12:00,58,-36.604736,174.802567,1
esp32_device_001,2026-05-24T07:06:36+12:00,58,-36.604721,174.802536,1
esp32_device_001,2026-05-24T07:06:41+12:00,58,-36.60471,174.802505,1
esp32_device_001,2026-05-24T07:06:46+12:00,58,-36.604706,174.80249,1
esp32_device_001,2026-05-24T07:06:51+12:00,58,-36.604702,174.802475,1
esp32_device_001,2026-05-24T07:06:56+12:00,58,-36.604706,174.802475,1
esp32_device_001,2026-05-24T07:07:01+12:00,58,-36.60471,174.80246,1
esp32_device_001,2026-05-24T07:07:06+12:00,58,-36.604713,174.80246,1
esp32_device_001,2026-05-24T07:07:11+12:00,58,-36.604717,174.80246,1
esp32_device_001,2026-05-24T07:07:16+12:00,58,-36.604717,174.80246,1
esp32_device_001,2026-05-24T07:07:21+12:00,58,-36.604717,174.80246,1
esp32_device_001,2026-05-24T07:07:26+12:00,58,-36.604713,174.80246,1
esp32_device_001,2026-05-24T07:07:31+12:00,58,-36.604713,174.80246,1
esp32_device_001,2026-05-24T07:07:36+12:00,58,-36.604713,174.80246,1
esp32_device_001,2026-05-24T07:07:41+12:00,58,-36.604713,174.802475,1
esp32_device_001,2026-05-24T07:07:46+12:00,58,-36.604713,174.802475,1
esp32_device_001,2026-05-24T07:07:51+12:00,58,-36.604713,174.802475,1
esp32_device_001,2026-05-24T07:07:56+12:00,58,-36.60471,174.80246,1
esp32_device_001,2026-05-24T07:08:01+12:00,58,-36.604713,174.802475,1
esp32_device_001,2026-05-24T07:08:06+12:00,58,-36.604717,174.802475,1
esp32_device_001,2026-05-24T07:08:11+12:00,58,-36.604725,174.802505,1
esp32_device_001,2026-05-24T07:08:16+12:00,58,-36.604729,174.802521,1
esp32_device_001,2026-05-24T07:08:21+12:00,58,-36.604733,174.802536,1
esp32_device_001,2026-05-24T07:08:26+12:00,58,-36.604729,174.802536,1
esp32_device_001,2026-05-24T07:08:31+12:00,58,-36.604733,174.802521,1
esp32_device_001,2026-05-24T07:08:36+12:00,58,-36.604733,174.802521,1
esp32_device_001,2026-05-24T07:08:41+12:00,58,-36.604733,174.802521,1
esp32_device_001,2026-05-24T07:08:46+12:00,58,-36.604736,174.802521,1
esp32_device_001,2026-05-24T07:08:51+12:00,58,-36.604744,174.802536,1
esp32_device_001,2026-05-24T07:08:56+12:00,58,-36.604755,174.802536,1
esp32_device_001,2026-05-24T07:09:01+12:00,58,-36.604763,174.802521,1
esp32_device_001,2026-05-24T07:09:06+12:00,58,-36.604763,174.802521,1
esp32_device_001,2026-05-24T07:09:11+12:00,58,-36.604767,174.802505,1
esp32_device_001,2026-05-24T07:09:16+12:00,58,-36.604778,174.802521,1
esp32_device_001,2026-05-24T07:09:21+12:00,58,-36.604771,174.802521,1
esp32_device_001,2026-05-24T07:09:26+12:00,58,-36.604771,174.802521,1
esp32_device_001,2026-05-24T07:09:31+12:00,58,-36.604771,174.802521,1
esp32_device_001,2026-05-24T07:09:36+12:00,58,-36.604763,174.802521,1
esp32_device_001,2026-05-24T07:09:41+12:00,58,-36.604771,174.802521,1
esp32_device_001,2026-05-24T07:09:46+12:00,58,-36.604771,174.802521,1
esp32_device_001,2026-05-24T07:09:51+12:00,58,-36.604774,174.802521,1
esp32_device_001,2026-05-24T07:09:56+12:00,58,-36.604782,174.802521,1
esp32_device_001,2026-05-24T07:10:01+12:00,58,-36.604782,174.802521,1
esp32_device_001,2026-05-24T07:10:06+12:00,58,-36.604767,174.802521,1
esp32_device_001,2026-05-24T07:10:11+12:00,58,-36.604767,174.802505,1
esp32_device_001,2026-05-24T07:10:16+12:00,61,-36.604755,174.802505,1
esp32_device_001,2026-05-24T07:10:21+12:00,62,-36.604748,174.802505,1
esp32_device_001,2026-05-24T07:10:26+12:00,63.5,-36.604744,174.802505,1
esp32_device_001,2026-05-24T07:10:31+12:00,64.6,-36.604744,174.80249,1
esp32_device_001,2026-05-24T07:10:36+12:00,64.3,-36.604752,174.80249,1
esp32_device_001,2026-05-24T07:10:41+12:00,64.3,-36.604752,174.802475,1
esp32_device_001,2026-05-24T07:10:46+12:00,64.3,-36.604748,174.80249,1
esp32_device_001,2026-05-24T07:10:51+12:00,64.3,-36.604744,174.802475,1
esp32_device_001,2026-05-24T07:10:56+12:00,64.3,-36.604736,174.802475,1
esp32_device_001,2026-05-24T07:11:01+12:00,64.3,-36.604733,174.80249,1
esp32_device_001,2026-05-24T07:11:06+12:00,64.3,-36.604729,174.80249,1
esp32_device_001,2026-05-24T07:11:11+12:00,64.3,-36.604725,174.80249,1
esp32_device_001,2026-05-24T07:11:16+12:00,60,-36.604729,174.802505,1
esp32_device_001,2026-05-24T07:11:21+12:00,60,-36.604736,174.80249,1
esp32_device_001,2026-05-24T07:11:26+12:00,60,-36.604733,174.802505,1
esp32_device_001,2026-05-24T07:11:31+12:00,60,-36.604733,174.802521,1
esp32_device_001,2026-05-24T07:11:36+12:00,58.7,-36.604733,174.802505,1
esp32_device_001,2026-05-24T07:11:41+12:00,58,-36.604736,174.802521,1
esp32_device_001,2026-05-24T07:11:46+12:00,58,-36.60474,174.802536,1
esp32_device_001,2026-05-24T07:11:51+12:00,58,-36.60474,174.802521,1
esp32_device_001,2026-05-24T07:11:56+12:00,59.3,-36.604748,174.802536,1
esp32_device_001,2026-05-24T07:12:01+12:00,58.8,-36.604759,174.802551,1
esp32_device_001,2026-05-24T07:12:06+12:00,55.7,-36.604771,174.802597,1
esp32_device_001,2026-05-24T07:12:11+12:00,53.9,-36.604774,174.802628,1
esp32_device_001,2026-05-24T07:12:16+12:00,51,-36.604778,174.802658,1
esp32_device_001,2026-05-24T07:12:27+12:00,32.8,-36.604813,174.802811,1
esp32_device_001,2026-05-24T07:12:32+12:00,26,-36.604824,174.802872,1
esp32_device_001,2026-05-24T07:12:37+12:00,26.5,-36.604816,174.802872,1
esp32_device_001,2026-05-24T07:12:42+12:00,26.6,-36.604805,174.802841,1
esp32_device_001,2026-05-24T07:12:47+12:00,27.5,-36.604801,174.802826,1
esp32_device_001,2026-05-24T07:12:52+12:00,32.3,-36.60479,174.802795,1
esp32_device_001,2026-05-24T07:12:57+12:00,34.1,-36.604782,174.80278,1
esp32_device_001,2026-05-24T07:13:02+12:00,41.4,-36.604763,174.802719,1
esp32_device_001,2026-05-24T07:13:07+12:00,48.6,-36.604744,174.802643,1
esp32_device_001,2026-05-24T07:13:12+12:00,52.2,-36.604733,174.802612,1
esp32_device_001,2026-05-24T07:13:17+12:00,53.3,-36.604721,174.802597,1
esp32_device_001,2026-05-24T07:13:22+12:00,52.6,-36.604717,174.802612,1
esp32_device_001,2026-05-24T07:13:27+12:00,52.3,-36.604713,174.802597,1
esp32_device_001,2026-05-24T07:13:32+12:00,53.1,-36.60471,174.802582,1
esp32_device_001,2026-05-24T07:13:37+12:00,54,-36.604702,174.802582,1
esp32_device_001,2026-05-24T07:13:42+12:00,54.9,-36.604698,174.802582,1
esp32_device_001,2026-05-24T07:13:47+12:00,55.8,-36.604691,174.802582,1
esp32_device_001,2026-05-24T07:13:52+12:00,55.1,-36.604683,174.802597,1
esp32_device_001,2026-05-24T07:13:57+12:00,54.5,-36.604679,174.802597,1
esp32_device_001,2026-05-24T07:14:02+12:00,52.4,-36.604679,174.802612,1
esp32_device_001,2026-05-24T07:14:07+12:00,52,-36.604675,174.802612,1
esp32_device_001,2026-05-24T07:14:12+12:00,51.6,-36.604691,174.802612,1
esp32_device_001,2026-05-24T07:14:17+12:00,52.6,-36.604698,174.802582,1
esp32_device_001,2026-05-24T07:14:22+12:00,52.4,-36.604702,174.802582,1
esp32_device_001,2026-05-24T07:14:27+12:00,53.5,-36.60471,174.802551,1
esp32_device_001,2026-05-24T07:14:32+12:00,56,-36.604698,174.802582,1
esp32_device_001,2026-05-24T07:14:37+12:00,58.6,-36.604683,174.802597,1
esp32_device_001,2026-05-24T07:14:42+12:00,61.4,-36.604668,174.802612,1
esp32_device_001,2026-05-24T07:14:47+12:00,62.9,-36.604656,174.802612,1
esp32_device_001,2026-05-24T07:14:52+12:00,61,-36.604675,174.802597,1
esp32_device_001,2026-05-24T07:14:57+12:00,55.3,-36.604717,174.802536,1
esp32_device_001,2026-05-24T07:15:02+12:00,51.7,-36.604744,174.802521,1
esp32_device_001,2026-05-24T07:15:07+12:00,54.5,-36.604736,174.802551,1
esp32_device_001,2026-05-24T07:15:12+12:00,57.2,-36.604733,174.802582,1
esp32_device_001,2026-05-24T07:15:17+12:00,59,-36.604725,174.802612,1
esp32_device_001,2026-05-24T07:15:22+12:00,61.7,-36.604721,174.802612,1
esp32_device_001,2026-05-24T07:15:27+12:00,63,-36.604729,174.802597,1
esp32_device_001,2026-05-24T07:15:32+12:00,63.7,-36.604725,174.802597,1
esp32_device_001,2026-05-24T07:15:37+12:00,64.6,-36.604717,174.802597,1
esp32_device_001,2026-05-24T07:15:42+12:00,65.2,-36.60471,174.802612,1
esp32_device_001,2026-05-24T07:15:47+12:00,64.8,-36.604713,174.802612,1
esp32_device_001,2026-05-24T07:15:52+12:00,64.6,-36.604717,174.802597,1
esp32_device_001,2026-05-24T07:15:57+12:00,63.3,-36.604717,174.802597,1
esp32_device_001,2026-05-24T07:16:02+12:00,62.3,-36.604713,174.802612,1
esp32_device_001,2026-05-24T07:16:07+12:00,59.6,-36.604725,174.802612,1
esp32_device_001,2026-05-24T07:16:12+12:00,57.4,-36.604729,174.802612,1
esp32_device_001,2026-05-24T07:16:17+12:00,48,-36.604771,174.802582,1
esp32_device_001,2026-05-24T07:16:22+12:00,48.4,-36.604782,174.802567,1
esp32_device_001,2026-05-24T07:16:27+12:00,52.4,-36.604771,174.802582,1
esp32_device_001,2026-05-24T07:16:32+12:00,54.6,-36.604763,174.802582,1
esp32_device_001,2026-05-24T07:16:37+12:00,55.2,-36.604759,174.802597,1
esp32_device_001,2026-05-24T07:16:42+12:00,55.5,-36.604752,174.802597,1
esp32_device_001,2026-05-24T07:16:47+12:00,55.6,-36.604752,174.802597,1
esp32_device_001,2026-05-24T07:16:52+12:00,55.9,-36.604759,174.802582,1
esp32_device_001,2026-05-24T07:16:57+12:00,57.7,-36.604755,174.802567,1
esp32_device_001,2026-05-24T07:17:02+12:00,59.3,-36.604748,174.802582,1
esp32_device_001,2026-05-24T07:17:07+12:00,59.7,-36.60474,174.802582,1
esp32_device_001,2026-05-24T07:17:12+12:00,59.7,-36.604744,174.802567,1
esp32_device_001,2026-05-24T07:17:17+12:00,59.4,-36.60474,174.802567,1
esp32_device_001,2026-05-24T07:17:22+12:00,58.1,-36.604748,174.802567,1
esp32_device_001,2026-05-24T07:17:27+12:00,56.6,-36.60474,174.802567,1
esp32_device_001,2026-05-24T07:17:32+12:00,56.4,-36.60474,174.802567,1
esp32_device_001,2026-05-24T07:17:37+12:00,54.6,-36.604729,174.802567,1
esp32_device_001,2026-05-24T07:17:42+12:00,53.2,-36.604717,174.802582,1
esp32_device_001,2026-05-24T07:17:47+12:00,52.4,-36.604717,174.802567,1
esp32_device_001,2026-05-24T07:17:52+12:00,53.8,-36.604717,174.802551,1
esp32_device_001,2026-05-24T07:17:57+12:00,55.8,-36.604713,174.802551,1
esp32_device_001,2026-05-24T07:18:02+12:00,57.7,-36.604713,174.802536,1
esp32_device_001,2026-05-24T07:18:07+12:00,59.1,-36.604713,174.802536,1
esp32_device_001,2026-05-24T07:18:12+12:00,60.6,-36.604717,174.802536,1
esp32_device_001,2026-05-24T07:18:17+12:00,60.5,-36.604717,174.802536,1
esp32_device_001,2026-05-24T07:18:22+12:00,60.7,-36.604717,174.802551,1
esp32_device_001,2026-05-24T07:18:27+12:00,61.5,-36.604717,174.802536,1
esp32_device_001,2026-05-24T07:18:32+12:00,62.6,-36.604721,174.802536,1
esp32_device_001,2026-05-24T07:18:37+12:00,64.8,-36.604717,174.802521,1
esp32_device_001,2026-05-24T07:18:42+12:00,65.5,-36.604721,174.802521,1
esp32_device_001,2026-05-24T07:18:47+12:00,65.7,-36.604717,174.802521,1
esp32_device_001,2026-05-24T07:18:52+12:00,66,-36.604713,174.802505,1
esp32_device_001,2026-05-24T07:18:57+12:00,64.8,-36.604713,174.802505,1
esp32_device_001,2026-05-24T07:19:02+12:00,65.2,-36.604713,174.802505,1
esp32_device_001,2026-05-24T07:19:07+12:00,65.7,-36.60471,174.80249,1
esp32_device_001,2026-05-24T07:19:12+12:00,65.4,-36.60471,174.80249,1
esp32_device_001,2026-05-24T07:19:17+12:00,64.1,-36.60471,174.80249,1
esp32_device_001,2026-05-24T07:19:22+12:00,63.6,-36.604713,174.80249,1
esp32_device_001,2026-05-24T07:19:27+12:00,63,-36.604717,174.802505,1
esp32_device_001,2026-05-24T07:19:32+12:00,61.3,-36.604721,174.802505,1
esp32_device_001,2026-05-24T07:19:37+12:00,59.2,-36.604725,174.802521,1
esp32_device_001,2026-05-24T07:19:42+12:00,59.4,-36.604721,174.802521,1
esp32_device_001,2026-05-24T07:19:47+12:00,59.3,-36.604713,174.802521,1
esp32_device_001,2026-05-24T07:19:52+12:00,58.9,-36.604706,174.802505,1
esp32_device_001,2026-05-24T07:19:57+12:00,58.4,-36.604702,174.80249,1
esp32_device_001,2026-05-24T07:20:02+12:00,57.3,-36.604702,174.802475,1
esp32_device_001,2026-05-24T07:20:07+12:00,55.8,-36.604702,174.802475,1
esp32_device_001,2026-05-24T07:20:12+12:00,54,-36.60471,174.80249,1
esp32_device_001,2026-05-24T07:20:17+12:00,53.5,-36.604717,174.802505,1
esp32_device_001,2026-05-24T07:20:22+12:00,53.2,-36.604725,174.802505,1
esp32_device_001,2026-05-24T07:20:27+12:00,53.4,-36.604725,174.802505,1
esp32_device_001,2026-05-24T07:20:32+12:00,52,-36.604733,174.802521,1
esp32_device_001,2026-05-24T07:20:37+12:00,51.6,-36.604744,174.802536,1
esp32_device_001,2026-05-24T07:20:42+12:00,51.9,-36.604755,174.802567,1
esp32_device_001,2026-05-24T07:20:47+12:00,52,-36.604759,174.802567,1
esp32_device_001,2026-05-24T07:20:52+12:00,52,-36.604755,174.802567,1
esp32_device_001,2026-05-24T07:20:57+12:00,52.2,-36.604759,174.802567,1
esp32_device_001,2026-05-24T07:21:02+12:00,52.1,-36.604767,174.802567,1
esp32_device_001,2026-05-24T07:21:07+12:00,52.1,-36.604771,174.802551,1
esp32_device_001,2026-05-24T07:21:12+12:00,52.5,-36.604763,174.802551,1
esp32_device_001,2026-05-24T07:21:17+12:00,54.3,-36.604755,174.802551,1
esp32_device_001,2026-05-24T07:21:22+12:00,53.9,-36.604752,174.802551,1
esp32_device_001,2026-05-24T07:21:27+12:00,54.9,-36.604752,174.802567,1
esp32_device_001,2026-05-24T07:21:32+12:00,54.2,-36.604752,174.802567,1
esp32_device_001,2026-05-24T07:21:37+12:00,53.7,-36.604755,174.802582,1
esp32_device_001,2026-05-24T07:21:42+12:00,54.5,-36.604752,174.802567,1
esp32_device_001,2026-05-24T07:21:47+12:00,54.7,-36.604748,174.802567,1
esp32_device_001,2026-05-24T07:21:52+12:00,53.8,-36.604744,174.802567,1
esp32_device_001,2026-05-24T07:21:57+12:00,53.7,-36.604744,174.802567,1
esp32_device_001,2026-05-24T07:22:02+12:00,53.7,-36.60474,174.802551,1
esp32_device_001,2026-05-24T07:22:07+12:00,53.6,-36.604736,174.802551,1
esp32_device_001,2026-05-24T07:22:12+12:00,53.5,-36.604736,174.802551,1
esp32_device_001,2026-05-24T07:22:17+12:00,54.7,-36.604736,174.802551,1
esp32_device_001,2026-05-24T07:22:27+12:00,55.2,-36.604744,174.802551,1
esp32_device_001,2026-05-24T07:22:32+12:00,55.5,-36.604748,174.802551,1
esp32_device_001,2026-05-24T07:22:37+12:00,57.3,-36.604748,174.802551,1
esp32_device_001,2026-05-24T07:22:42+12:00,58.8,-36.604748,174.802536,1
esp32_device_001,2026-05-24T07:22:47+12:00,59.5,-36.604744,174.802536,1
esp32_device_001,2026-05-24T07:22:52+12:00,59.1,-36.604744,174.802536,1
esp32_device_001,2026-05-24T07:22:57+12:00,58.8,-36.604748,174.802536,1
esp32_device_001,2026-05-24T07:23:02+12:00,59.3,-36.604748,174.802536,1
esp32_device_001,2026-05-24T07:23:07+12:00,59.1,-36.604748,174.802536,1
esp32_device_001,2026-05-24T07:23:12+12:00,59.1,-36.604748,174.802536,1
esp32_device_001,2026-05-24T07:23:17+12:00,58.8,-36.604748,174.802536,1
esp32_device_001,2026-05-24T07:23:22+12:00,58.5,-36.604744,174.802536,1
esp32_device_001,2026-05-24T07:23:27+12:00,56.6,-36.604744,174.802536,1
esp32_device_001,2026-05-24T07:23:32+12:00,55,-36.604744,174.802536,1
esp32_device_001,2026-05-24T07:23:37+12:00,55.6,-36.604744,174.802536,1
esp32_device_001,2026-05-24T07:23:42+12:00,56.2,-36.604744,174.802536,1
esp32_device_001,2026-05-24T07:23:47+12:00,55.9,-36.604744,174.802521,1
esp32_device_001,2026-05-24T07:23:52+12:00,56.2,-36.604744,174.802521,1
esp32_device_001,2026-05-24T07:23:57+12:00,55.6,-36.604736,174.802521,1
esp32_device_001,2026-05-24T07:24:02+12:00,54.1,-36.604729,174.802521,1
esp32_device_001,2026-05-24T07:24:07+12:00,53,-36.604736,174.802521,1
esp32_device_001,2026-05-24T07:24:12+12:00,52.2,-36.604725,174.802521,1
esp32_device_001,2026-05-24T07:24:17+12:00,50.8,-36.604717,174.802521,1
esp32_device_001,2026-05-24T07:24:22+12:00,49.7,-36.604713,174.802521,1
esp32_device_001,2026-05-24T07:24:27+12:00,46.2,-36.604717,174.802521,1
esp32_device_001,2026-05-24T07:24:32+12:00,47,-36.604736,174.802521,1
esp32_device_001,2026-05-24T07:24:37+12:00,47.6,-36.60474,174.802521,1
esp32_device_001,2026-05-24T07:24:42+12:00,46.9,-36.604736,174.802536,1
esp32_device_001,2026-05-24T07:24:47+12:00,49,-36.604733,174.802536,1
esp32_device_001,2026-05-24T07:24:52+12:00,52,-36.604736,174.802536,1
esp32_device_001,2026-05-24T07:24:57+12:00,54.5,-36.604744,174.802551,1
esp32_device_001,2026-05-24T07:25:02+12:00,56,-36.604744,174.802551,1
esp32_device_001,2026-05-24T07:25:07+12:00,57.6,-36.604752,174.802551,1
esp32_device_001,2026-05-24T07:25:12+12:00,59.8,-36.604752,174.802551,1
esp32_device_001,2026-05-24T07:25:17+12:00,60.3,-36.604755,174.802551,1
esp32_device_001,2026-05-24T07:25:22+12:00,63,-36.604771,174.802551,1
esp32_device_001,2026-05-24T07:25:27+12:00,63.1,-36.604774,174.802551,1
esp32_device_001,2026-05-24T07:25:32+12:00,64.6,-36.604778,174.802551,1
esp32_device_001,2026-05-24T07:25:37+12:00,66,-36.604782,174.802536,1
esp32_device_001,2026-05-24T07:25:42+12:00,67,-36.604794,174.802536,1
esp32_device_001,2026-05-24T07:25:47+12:00,67.5,-36.604805,174.802551,1
esp32_device_001,2026-05-24T07:25:52+12:00,67,-36.604805,174.802551,1
esp32_device_001,2026-05-24T07:25:57+12:00,66.5,-36.604805,174.802551,1
esp32_device_001,2026-05-24T07:26:02+12:00,66.8,-36.604805,174.802551,1
esp32_device_001,2026-05-24T07:26:07+12:00,66.4,-36.604801,174.802551,1
esp32_device_001,2026-05-24T07:26:12+12:00,65.7,-36.604801,174.802536,1
esp32_device_001,2026-05-24T07:26:17+12:00,64.4,-36.604797,174.802536,1
esp32_device_001,2026-05-24T07:26:22+12:00,63.3,-36.604797,174.802551,1
esp32_device_001,2026-05-24T07:26:27+12:00,62.7,-36.604797,174.802551,1
esp32_device_001,2026-05-24T07:26:32+12:00,63,-36.60479,174.802536,1
esp32_device_001,2026-05-24T07:26:37+12:00,62.2,-36.604786,174.802521,1
esp32_device_001,2026-05-24T07:26:42+12:00,61.9,-36.604797,174.802536,1
esp32_device_001,2026-05-24T07:26:47+12:00,61.5,-36.604801,174.802551,1
esp32_device_001,2026-05-24T07:26:52+12:00,60.5,-36.604801,174.802567,1
esp32_device_001,2026-05-24T07:26:57+12:00,60.6,-36.604794,174.802567,1
esp32_device_001,2026-05-24T07:27:02+12:00,60.8,-36.604794,174.802567,1
esp32_device_001,2026-05-24T07:27:07+12:00,60.9,-36.60479,174.802582,1
esp32_device_001,2026-05-24T07:27:12+12:00,59.6,-36.604786,174.802582,1
esp32_device_001,2026-05-24T07:27:17+12:00,59,-36.604786,174.802582,1
esp32_device_001,2026-05-24T07:27:22+12:00,58.3,-36.604782,174.802597,1
esp32_device_001,2026-05-24T07:27:27+12:00,57.9,-36.604782,174.802597,1
esp32_device_001,2026-05-24T07:27:32+12:00,55.8,-36.604782,174.802597,1
esp32_device_001,2026-05-24T07:27:37+12:00,56.3,-36.604782,174.802597,1
esp32_device_001,2026-05-24T07:27:42+12:00,56.9,-36.604778,174.802597,1
esp32_device_001,2026-05-24T07:27:47+12:00,58.1,-36.604778,174.802597,1
esp32_device_001,2026-05-24T07:27:52+12:00,60.9,-36.604774,174.802597,1
esp32_device_001,2026-05-24T07:27:57+12:00,59.8,-36.604774,174.802597,1
esp32_device_001,2026-05-24T07:28:02+12:00,57.1,-36.604778,174.802597,1
esp32_device_001,2026-05-24T07:28:07+12:00,56.5,-36.604778,174.802612,1
esp32_device_001,2026-05-24T07:28:12+12:00,55.6,-36.604782,174.802612,1
esp32_device_001,2026-05-24T07:28:17+12:00,54.9,-36.604782,174.802612,1
esp32_device_001,2026-05-24T07:28:22+12:00,51.6,-36.60479,174.802612,1
esp32_device_001,2026-05-24T07:28:27+12:00,52.8,-36.604794,174.802597,1
esp32_device_001,2026-05-24T07:28:32+12:00,51.4,-36.604794,174.802597,1
esp32_device_001,2026-05-24T07:28:37+12:00,52.2,-36.60479,174.802597,1
esp32_device_001,2026-05-24T07:28:42+12:00,52.7,-36.604786,174.802597,1
esp32_device_001,2026-05-24T07:28:47+12:00,52.6,-36.604782,174.802597,1
esp32_device_001,2026-05-24T07:28:52+12:00,52.8,-36.604778,174.802597,1
esp32_device_001,2026-05-24T07:28:57+12:00,52,-36.604778,174.802597,1
esp32_device_001,2026-05-24T07:29:02+12:00,52.9,-36.604774,174.802597,1
esp32_device_001,2026-05-24T07:29:07+12:00,53.5,-36.604774,174.802597,1
esp32_device_001,2026-05-24T07:29:12+12:00,55,-36.604778,174.802582,1
esp32_device_001,2026-05-24T07:29:17+12:00,55.9,-36.604778,174.802582,1
esp32_device_001,2026-05-24T07:29:22+12:00,57.2,-36.604778,174.802582,1
esp32_device_001,2026-05-24T07:29:27+12:00,58.4,-36.604782,174.802582,1
esp32_device_001,2026-05-24T07:29:32+12:00,59.1,-36.604794,174.802612,1
esp32_device_001,2026-05-24T07:29:37+12:00,60.6,-36.604797,174.802597,1
esp32_device_001,2026-05-24T07:29:42+12:00,61.7,-36.604797,174.802597,1
esp32_device_001,2026-05-24T07:29:47+12:00,63.2,-36.60479,174.802582,1
esp32_device_001,2026-05-24T07:29:52+12:00,66.5,-36.60479,174.802567,1
esp32_device_001,2026-05-24T07:29:57+12:00,65.5,-36.604782,174.802567,1
esp32_device_001,2026-05-24T07:30:02+12:00,60.9,-36.604778,174.802582,1
esp32_device_001,2026-05-24T07:30:07+12:00,59.7,-36.604774,174.802582,1
esp32_device_001,2026-05-24T07:30:12+12:00,55.4,-36.604771,174.802597,1
esp32_device_001,2026-05-24T07:30:17+12:00,46.7,-36.604771,174.802628,1
esp32_device_001,2026-05-24T07:30:22+12:00,45.4,-36.604771,174.802643,1
esp32_device_001,2026-05-24T07:30:27+12:00,45.6,-36.604767,174.802628,1
esp32_device_001,2026-05-24T07:30:32+12:00,46,-36.604767,174.802628,1
esp32_device_001,2026-05-24T07:30:37+12:00,48.2,-36.604763,174.802612,1
esp32_device_001,2026-05-24T07:30:42+12:00,49.8,-36.604759,174.802612,1
esp32_device_001,2026-05-24T07:30:47+12:00,48.5,-36.604759,174.802628,1
esp32_device_001,2026-05-24T07:30:52+12:00,49.2,-36.604763,174.802628,1
esp32_device_001,2026-05-24T07:30:57+12:00,51.3,-36.604759,174.802612,1
esp32_device_001,2026-05-24T07:31:02+12:00,55.1,-36.604759,174.802612,1
esp32_device_001,2026-05-24T07:31:07+12:00,57.6,-36.604759,174.802597,1
esp32_device_001,2026-05-24T07:31:12+12:00,55.4,-36.604759,174.802612,1
esp32_device_001,2026-05-24T07:31:17+12:00,52.5,-36.604767,174.802628,1
esp32_device_001,2026-05-24T07:31:22+12:00,51.2,-36.604774,174.802673,1
esp32_device_001,2026-05-24T07:31:27+12:00,50.6,-36.604778,174.802673,1
esp32_device_001,2026-05-24T07:31:32+12:00,50.6,-36.604778,174.802658,1
esp32_device_001,2026-05-24T07:31:37+12:00,51,-36.604778,174.802658,1
esp32_device_001,2026-05-24T07:31:42+12:00,50.1,-36.604774,174.802628,1
esp32_device_001,2026-05-24T07:31:47+12:00,49.4,-36.604771,174.802612,1
esp32_device_001,2026-05-24T07:31:52+12:00,49.1,-36.604767,174.802597,1
esp32_device_001,2026-05-24T07:31:57+12:00,48.4,-36.604767,174.802597,1
esp32_device_001,2026-05-24T07:32:02+12:00,49.1,-36.604771,174.802582,1
esp32_device_001,2026-05-24T07:32:07+12:00,50.7,-36.604767,174.802567,1
esp32_device_001,2026-05-24T07:32:12+12:00,52.4,-36.604767,174.802567,1
esp32_device_001,2026-05-24T07:32:17+12:00,53.5,-36.604767,174.802567,1
esp32_device_001,2026-05-24T07:32:27+12:00,54.7,-36.604752,174.802536,1
esp32_device_001,2026-05-24T07:32:32+12:00,55.5,-36.604759,174.802521,1
esp32_device_001,2026-05-24T07:32:37+12:00,55.7,-36.604755,174.802521,1
esp32_device_001,2026-05-24T07:32:42+12:00,56.2,-36.604755,174.802521,1
esp32_device_001,2026-05-24T07:32:47+12:00,56.7,-36.604759,174.802521,1
esp32_device_001,2026-05-24T07:32:52+12:00,56.9,-36.604759,174.802536,1
esp32_device_001,2026-05-24T07:32:57+12:00,57.5,-36.604755,174.802521,1
esp32_device_001,2026-05-24T07:33:02+12:00,57,-36.604752,174.802521,1
esp32_device_001,2026-05-24T07:33:07+12:00,55.9,-36.604752,174.802505,1
esp32_device_001,2026-05-24T07:33:12+12:00,55.5,-36.604744,174.802505,1
esp32_device_001,2026-05-24T07:33:17+12:00,54.6,-36.604748,174.802521,1
esp32_device_001,2026-05-24T07:33:22+12:00,56.3,-36.604752,174.802536,1
esp32_device_001,2026-05-24T07:33:27+12:00,59.9,-36.604755,174.802521,1
esp32_device_001,2026-05-24T07:33:32+12:00,60,-36.604763,174.802521,1
esp32_device_001,2026-05-24T07:33:37+12:00,60.2,-36.604771,174.802521,1
esp32_device_001,2026-05-24T07:33:42+12:00,59.1,-36.604771,174.802521,1
esp32_device_001,2026-05-24T07:33:47+12:00,55.6,-36.604771,174.802536,1
esp32_device_001,2026-05-24T07:33:52+12:00,51.6,-36.604771,174.802536,1
esp32_device_001,2026-05-24T07:33:57+12:00,48.7,-36.604771,174.802536,1
esp32_device_001,2026-05-24T07:34:02+12:00,46.9,-36.604771,174.802536,1
esp32_device_001,2026-05-24T07:34:07+12:00,45.1,-36.604759,174.802551,1
esp32_device_001,2026-05-24T07:34:12+12:00,43.3,-36.604759,174.802536,1
esp32_device_001,2026-05-24T07:34:17+12:00,42.7,-36.604759,174.802521,1
esp32_device_001,2026-05-24T07:34:22+12:00,44.6,-36.604744,174.802536,1
esp32_device_001,2026-05-24T07:34:27+12:00,41.9,-36.604752,174.802521,1
esp32_device_001,2026-05-24T07:34:32+12:00,40.3,-36.604752,174.802521,1
esp32_device_001,2026-05-24T07:34:37+12:00,39.7,-36.604752,174.802521,1
esp32_device_001,2026-05-24T07:34:42+12:00,36.5,-36.604771,174.802505,1
esp32_device_001,2026-05-24T07:34:47+12:00,33.3,-36.604794,174.802475,1
esp32_device_001,2026-05-24T07:34:52+12:00,31.5,-36.604801,174.80246,1
esp32_device_001,2026-05-24T07:34:57+12:00,30.2,-36.604813,174.802444,1
esp32_device_001,2026-05-24T07:35:02+12:00,30.2,-36.604832,174.802444,1
esp32_device_001,2026-05-24T07:35:07+12:00,33,-36.604816,174.80246,1
esp32_device_001,2026-05-24T07:35:12+12:00,41.7,-36.604782,174.80249,1
esp32_device_001,2026-05-24T07:35:17+12:00,44.6,-36.604767,174.802505,1
esp32_device_001,2026-05-24T07:35:22+12:00,47.2,-36.604748,174.802536,1
esp32_device_001,2026-05-24T07:35:27+12:00,48.4,-36.604729,174.802567,1
esp32_device_001,2026-05-24T07:35:32+12:00,49.5,-36.604713,174.802567,1
esp32_device_001,2026-05-24T07:35:37+12:00,49.9,-36.60471,174.802582,1
esp32_device_001,2026-05-24T07:35:42+12:00,50.6,-36.604698,174.802597,1
esp32_device_001,2026-05-24T07:35:47+12:00,51.5,-36.604691,174.802597,1
esp32_device_001,2026-05-24T07:35:52+12:00,51.7,-36.604691,174.802582,1
esp32_device_001,2026-05-24T07:35:57+12:00,52.7,-36.604687,174.802582,1
esp32_device_001,2026-05-24T07:36:02+12:00,52.3,-36.604698,174.802582,1
esp32_device_001,2026-05-24T07:36:07+12:00,51.9,-36.604706,174.802582,1
esp32_device_001,2026-05-24T07:36:12+12:00,52.1,-36.604706,174.802582,1
esp32_device_001,2026-05-24T07:36:17+12:00,51.1,-36.60471,174.802582,1
esp32_device_001,2026-05-24T07:36:22+12:00,48.6,-36.604725,174.802582,1
esp32_device_001,2026-05-24T07:36:27+12:00,45.6,-36.604736,174.802567,1
esp32_device_001,2026-05-24T07:36:32+12:00,44.8,-36.604733,174.802567,1
esp32_device_001,2026-05-24T07:36:37+12:00,44,-36.604733,174.802567,1
esp32_device_001,2026-05-24T07:36:42+12:00,43.2,-36.604736,174.802567,1
esp32_device_001,2026-05-24T07:36:47+12:00,42.8,-36.60474,174.802567,1
esp32_device_001,2026-05-24T07:36:52+12:00,43.9,-36.60474,174.802567,1
esp32_device_001,2026-05-24T07:36:57+12:00,45.3,-36.60474,174.802567,1
esp32_device_001,2026-05-24T07:37:02+12:00,46.6,-36.60474,174.802567,1
esp32_device_001,2026-05-24T07:37:07+12:00,47.9,-36.604736,174.802567,1
esp32_device_001,2026-05-24T07:37:12+12:00,48.5,-36.604729,174.802567,1
esp32_device_001,2026-05-24T07:37:17+12:00,48.6,-36.604721,174.802567,1
esp32_device_001,2026-05-24T07:37:22+12:00,48.3,-36.60471,174.802567,1
esp32_device_001,2026-05-24T07:37:27+12:00,48.1,-36.604702,174.802567,1
esp32_device_001,2026-05-24T07:37:32+12:00,49.2,-36.604698,174.802567,1
esp32_device_001,2026-05-24T07:37:37+12:00,51.3,-36.604702,174.802567,1
esp32_device_001,2026-05-24T07:37:42+12:00,52.2,-36.604706,174.802567,1
esp32_device_001,2026-05-24T07:37:47+12:00,53.1,-36.604713,174.802567,1
esp32_device_001,2026-05-24T07:37:52+12:00,53.3,-36.604721,174.802567,1
esp32_device_001,2026-05-24T07:37:57+12:00,54.2,-36.604717,174.802567,1
esp32_device_001,2026-05-24T07:38:02+12:00,54.9,-36.604717,174.802567,1
esp32_device_001,2026-05-24T07:38:07+12:00,55.5,-36.604721,174.802567,1
esp32_device_001,2026-05-24T07:38:12+12:00,55.4,-36.604725,174.802567,1
esp32_device_001,2026-05-24T07:38:17+12:00,55.6,-36.604725,174.802567,1
esp32_device_001,2026-05-24T07:38:22+12:00,56,-36.604725,174.802567,1
esp32_device_001,2026-05-24T07:38:27+12:00,57.2,-36.604721,174.802567,1
esp32_device_001,2026-05-24T07:38:32+12:00,57.5,-36.604721,174.802567,1
esp32_device_001,2026-05-24T07:38:37+12:00,57.1,-36.604717,174.802567,1
esp32_device_001,2026-05-24T07:38:42+12:00,57.2,-36.604713,174.802567,1
esp32_device_001,2026-05-24T07:38:47+12:00,57.7,-36.60471,174.802567,1
esp32_device_001,2026-05-24T07:38:52+12:00,57.8,-36.604706,174.802567,1
esp32_device_001,2026-05-24T07:38:57+12:00,58.2,-36.604702,174.802567,1
esp32_device_001,2026-05-24T07:39:02+12:00,58.6,-36.604698,174.802567,1
esp32_device_001,2026-05-24T07:39:07+12:00,58.8,-36.604694,174.802551,1
esp32_device_001,2026-05-24T07:39:12+12:00,59.1,-36.604691,174.802551,1
esp32_device_001,2026-05-24T07:39:17+12:00,58.6,-36.604691,174.802551,1
esp32_device_001,2026-05-24T07:39:22+12:00,58,-36.604694,174.802551,1
esp32_device_001,2026-05-24T07:39:27+12:00,57.3,-36.604698,174.802551,1
esp32_device_001,2026-05-24T07:39:32+12:00,57,-36.604698,174.802551,1
esp32_device_001,2026-05-24T07:39:37+12:00,56.9,-36.604698,174.802551,1
esp32_device_001,2026-05-24T07:39:42+12:00,56.9,-36.604698,174.802551,1
esp32_device_001,2026-05-24T07:39:47+12:00,56.8,-36.604702,174.802551,1
esp32_device_001,2026-05-24T07:39:52+12:00,56.9,-36.604702,174.802551,1
esp32_device_001,2026-05-24T07:39:57+12:00,57.5,-36.604702,174.802551,1
esp32_device_001,2026-05-24T07:40:02+12:00,57.4,-36.604706,174.802551,1
esp32_device_001,2026-05-24T07:40:07+12:00,57.8,-36.604702,174.802551,1
esp32_device_001,2026-05-24T07:40:12+12:00,58.3,-36.604702,174.802551,1
esp32_device_001,2026-05-24T07:40:17+12:00,58.5,-36.604702,174.802551,1
esp32_device_001,2026-05-24T07:40:22+12:00,58.8,-36.604702,174.802551,1
esp32_device_001,2026-05-24T07:40:27+12:00,58.8,-36.604698,174.802551,1
esp32_device_001,2026-05-24T07:40:32+12:00,58.4,-36.604698,174.802551,1
esp32_device_001,2026-05-24T07:40:37+12:00,58.1,-36.604698,174.802551,1
esp32_device_001,2026-05-24T07:40:42+12:00,57.5,-36.604702,174.802551,1
esp32_device_001,2026-05-24T07:40:47+12:00,57.2,-36.604702,174.802551,1
esp32_device_001,2026-05-24T07:40:52+12:00,56.7,-36.604706,174.802551,1
esp32_device_001,2026-05-24T07:40:57+12:00,56.8,-36.604706,174.802551,1
esp32_device_001,2026-05-24T07:41:02+12:00,56.3,-36.60471,174.802551,1
esp32_device_001,2026-05-24T07:41:07+12:00,55.8,-36.604713,174.802551,1
esp32_device_001,2026-05-24T07:41:12+12:00,55.2,-36.604717,174.802551,1
esp32_device_001,2026-05-24T07:41:17+12:00,55,-36.604717,174.802551,1
esp32_device_001,2026-05-24T07:41:22+12:00,54.6,-36.604721,174.802551,1
esp32_device_001,2026-05-24T07:41:27+12:00,54.7,-36.604721,174.802551,1
esp32_device_001,2026-05-24T07:41:32+12:00,55,-36.604725,174.802551,1
esp32_device_001,2026-05-24T07:41:37+12:00,55.6,-36.604717,174.802551,1
esp32_device_001,2026-05-24T07:41:42+12:00,55.4,-36.604717,174.802551,1
esp32_device_001,2026-05-24T07:41:47+12:00,56.3,-36.604713,174.802551,1
esp32_device_001,2026-05-24T07:41:52+12:00,56.5,-36.604713,174.802551,1
esp32_device_001,2026-05-24T07:41:57+12:00,56.5,-36.604717,174.802551,1
esp32_device_001,2026-05-24T07:42:02+12:00,56.8,-36.604717,174.802551,1
esp32_device_001,2026-05-24T07:42:07+12:00,56.8,-36.604717,174.802551,1
esp32_device_001,2026-05-24T07:42:12+12:00,57.3,-36.604717,174.802551,1
esp32_device_001,2026-05-24T07:42:17+12:00,58,-36.604713,174.802551,1
esp32_device_001,2026-05-24T07:42:27+12:00,58.4,-36.60471,174.802567,1
esp32_device_001,2026-05-24T07:42:32+12:00,58.1,-36.60471,174.802567,1
esp32_device_001,2026-05-24T07:42:37+12:00,57.4,-36.604713,174.802567,1
esp32_device_001,2026-05-24T07:42:42+12:00,56.6,-36.604717,174.802567,1
esp32_device_001,2026-05-24T07:42:47+12:00,56.4,-36.604717,174.802567,1
esp32_device_001,2026-05-24T07:42:52+12:00,56.4,-36.604713,174.802567,1
esp32_device_001,2026-05-24T07:42:57+12:00,56.1,-36.604717,174.802582,1
esp32_device_001,2026-05-24T07:43:02+12:00,55.7,-36.604721,174.802582,1
esp32_device_001,2026-05-24T07:43:07+12:00,55.5,-36.604721,174.802582,1
esp32_device_001,2026-05-24T07:43:12+12:00,55.4,-36.604721,174.802582,1
esp32_device_001,2026-05-24T07:43:17+12:00,54.9,-36.604721,174.802582,1
esp32_device_001,2026-05-24T07:43:22+12:00,54.8,-36.604721,174.802582,1
esp32_device_001,2026-05-24T07:43:27+12:00,54.5,-36.604721,174.802582,1
esp32_device_001,2026-05-24T07:43:32+12:00,54.3,-36.604725,174.802582,1
esp32_device_001,2026-05-24T07:43:37+12:00,54,-36.604729,174.802582,1
esp32_device_001,2026-05-24T07:43:42+12:00,53.9,-36.604733,174.802582,1
esp32_device_001,2026-05-24T07:43:47+12:00,53.6,-36.604736,174.802597,1
esp32_device_001,2026-05-24T07:43:52+12:00,53.9,-36.604736,174.802597,1
esp32_device_001,2026-05-24T07:43:57+12:00,53.7,-36.60474,174.802597,1
esp32_device_001,2026-05-24T07:44:02+12:00,53.4,-36.604744,174.802612,1
esp32_device_001,2026-05-24T07:44:07+12:00,52.6,-36.604752,174.802628,1
esp32_device_001,2026-05-24T07:44:12+12:00,52.4,-36.604759,174.802628,1
esp32_device_001,2026-05-24T07:44:17+12:00,52.6,-36.604759,174.802628,1
esp32_device_001,2026-05-24T07:44:22+12:00,52.5,-36.604759,174.802628,1
esp32_device_001,2026-05-24T07:44:27+12:00,52.4,-36.604763,174.802628,1
esp32_device_001,2026-05-24T07:44:32+12:00,52.3,-36.604763,174.802628,1
esp32_device_001,2026-05-24T07:44:37+12:00,52,-36.604763,174.802612,1
esp32_device_001,2026-05-24T07:44:42+12:00,51.6,-36.604763,174.802612,1
esp32_device_001,2026-05-24T07:44:47+12:00,51.3,-36.604767,174.802612,1
esp32_device_001,2026-05-24T07:44:52+12:00,50.6,-36.604767,174.802612,1
esp32_device_001,2026-05-24T07:44:57+12:00,50,-36.604771,174.802612,1
esp32_device_001,2026-05-24T07:45:02+12:00,49.8,-36.604771,174.802612,1
esp32_device_001,2026-05-24T07:45:07+12:00,49.5,-36.604771,174.802612,1
esp32_device_001,2026-05-24T07:45:12+12:00,50.1,-36.604759,174.802612,1
esp32_device_001,2026-05-24T07:45:17+12:00,50.2,-36.604752,174.802597,1
esp32_device_001,2026-05-24T07:45:22+12:00,51.5,-36.604744,174.802597,1
esp32_device_001,2026-05-24T07:45:27+12:00,52.5,-36.604736,174.802597,1
esp32_device_001,2026-05-24T07:45:32+12:00,53.6,-36.604733,174.802597,1
esp32_device_001,2026-05-24T07:45:37+12:00,54.4,-36.604733,174.802597,1
esp32_device_001,2026-05-24T07:45:42+12:00,55.3,-36.604733,174.802597,1
esp32_device_001,2026-05-24T07:45:47+12:00,55.3,-36.604736,174.802597,1
esp32_device_001,2026-05-24T07:45:52+12:00,55.7,-36.604733,174.802597,1
esp32_device_001,2026-05-24T07:45:57+12:00,55.8,-36.604725,174.802597,1
esp32_device_001,2026-05-24T07:46:02+12:00,56,-36.604721,174.802582,1
esp32_device_001,2026-05-24T07:46:07+12:00,57,-36.604721,174.802597,1
esp32_device_001,2026-05-24T07:46:12+12:00,57.4,-36.604721,174.802597,1
esp32_device_001,2026-05-24T07:46:17+12:00,58.1,-36.604725,174.802597,1
esp32_device_001,2026-05-24T07:46:22+12:00,59,-36.604725,174.802597,1
esp32_device_001,2026-05-24T07:46:27+12:00,59.8,-36.604725,174.802612,1
esp32_device_001,2026-05-24T07:46:32+12:00,60.3,-36.604721,174.802612,1
esp32_device_001,2026-05-24T07:46:37+12:00,60.4,-36.604725,174.802628,1
esp32_device_001,2026-05-24T07:46:42+12:00,60.4,-36.604733,174.802628,1
esp32_device_001,2026-05-24T07:46:47+12:00,60.4,-36.604736,174.802643,1
esp32_device_001,2026-05-24T07:46:52+12:00,59.3,-36.604733,174.802628,1
esp32_device_001,2026-05-24T07:46:57+12:00,58.7,-36.604733,174.802628,1
esp32_device_001,2026-05-24T07:47:02+12:00,58.7,-36.604721,174.802612,1
esp32_device_001,2026-05-24T07:47:07+12:00,58.7,-36.604725,174.802628,1
esp32_device_001,2026-05-24T07:47:12+12:00,58.7,-36.604725,174.802628,1
esp32_device_001,2026-05-24T07:47:17+12:00,59.3,-36.604733,174.802628,1
esp32_device_001,2026-05-24T07:47:22+12:00,58.9,-36.60474,174.802628,1
esp32_device_001,2026-05-24T07:47:27+12:00,58.8,-36.604744,174.802643,1
esp32_device_001,2026-05-24T07:47:32+12:00,59.1,-36.604748,174.802643,1
esp32_device_001,2026-05-24T07:47:37+12:00,60.2,-36.604748,174.802658,1
esp32_device_001,2026-05-24T07:47:42+12:00,61.1,-36.60474,174.802658,1
esp32_device_001,2026-05-24T07:47:47+12:00,61.3,-36.604729,174.802643,1
esp32_device_001,2026-05-24T07:47:52+12:00,60.3,-36.604717,174.802628,1
esp32_device_001,2026-05-24T07:47:57+12:00,60.2,-36.604706,174.802612,1
esp32_device_001,2026-05-24T07:48:02+12:00,58.9,-36.604698,174.802612,1
esp32_device_001,2026-05-24T07:48:07+12:00,58.8,-36.604691,174.802612,1
esp32_device_001,2026-05-24T07:48:12+12:00,60,-36.604694,174.802612,1
esp32_device_001,2026-05-24T07:48:17+12:00,63.9,-36.604706,174.802628,1
esp32_device_001,2026-05-24T07:48:22+12:00,67.2,-36.604717,174.802643,1
esp32_device_001,2026-05-24T07:48:27+12:00,72.5,-36.604736,174.802643,1
esp32_device_001,2026-05-24T07:48:32+12:00,73.7,-36.604748,174.802643,1
esp32_device_001,2026-05-24T07:48:37+12:00,74.6,-36.604755,174.802643,1
esp32_device_001,2026-05-24T07:48:42+12:00,74.9,-36.604763,174.802643,1
esp32_device_001,2026-05-24T07:48:47+12:00,77.2,-36.604782,174.802643,1
esp32_device_001,2026-05-24T07:48:52+12:00,81.2,-36.604797,174.802658,1
esp32_device_001,2026-05-24T07:48:57+12:00,82.1,-36.604809,174.802658,1
esp32_device_001,2026-05-24T07:49:02+12:00,81.3,-36.604805,174.802658,1
esp32_device_001,2026-05-24T07:49:07+12:00,81.3,-36.604786,174.802658,1
esp32_device_001,2026-05-24T07:49:12+12:00,77.8,-36.604763,174.802643,1
esp32_device_001,2026-05-24T07:49:17+12:00,76.1,-36.60474,174.802628,1
esp32_device_001,2026-05-24T07:49:22+12:00,75.7,-36.604729,174.802612,1
esp32_device_001,2026-05-24T07:49:27+12:00,76.7,-36.604729,174.802612,1
esp32_device_001,2026-05-24T07:49:32+12:00,75,-36.604713,174.802597,1
esp32_device_001,2026-05-24T07:49:37+12:00,75,-36.604706,174.802597,1
esp32_device_001,2026-05-24T07:49:42+12:00,74.4,-36.604702,174.802582,1
esp32_device_001,2026-05-24T07:49:47+12:00,73.3,-36.604698,174.802582,1
esp32_device_001,2026-05-24T07:49:52+12:00,71.9,-36.604694,174.802582,1
esp32_device_001,2026-05-24T07:49:57+12:00,70.2,-36.604698,174.802582,1
esp32_device_001,2026-05-24T07:50:02+12:00,68.4,-36.604702,174.802582,1
esp32_device_001,2026-05-24T07:50:07+12:00,67.1,-36.604702,174.802582,1
esp32_device_001,2026-05-24T07:50:12+12:00,65.6,-36.604706,174.802582,1
esp32_device_001,2026-05-24T07:50:17+12:00,65.2,-36.60471,174.802582,1
esp32_device_001,2026-05-24T07:50:22+12:00,64.3,-36.60471,174.802567,1
esp32_device_001,2026-05-24T07:50:27+12:00,63.9,-36.604706,174.802551,1
esp32_device_001,2026-05-24T07:50:32+12:00,63.1,-36.604702,174.802551,1
esp32_device_001,2026-05-24T07:50:37+12:00,63.1,-36.604694,174.802551,1
esp32_device_001,2026-05-24T07:50:42+12:00,63.1,-36.604691,174.802551,1
esp32_device_001,2026-05-24T07:50:47+12:00,62.9,-36.604687,174.802551,1
esp32_device_001,2026-05-24T07:50:52+12:00,62.4,-36.604679,174.802551,1
esp32_device_001,2026-05-24T07:50:57+12:00,62.1,-36.604675,174.802551,1
esp32_device_001,2026-05-24T07:51:02+12:00,61.8,-36.604679,174.802536,1
esp32_device_001,2026-05-24T07:51:07+12:00,61.3,-36.604679,174.802536,1
esp32_device_001,2026-05-24T07:51:12+12:00,61.2,-36.604675,174.802536,1
esp32_device_001,2026-05-24T07:51:17+12:00,61.3,-36.604675,174.802536,1
esp32_device_001,2026-05-24T07:51:22+12:00,60.8,-36.604675,174.802521,1
esp32_device_001,2026-05-24T07:51:27+12:00,60.8,-36.604671,174.802521,1
esp32_device_001,2026-05-24T07:51:32+12:00,60.9,-36.604671,174.802521,1
esp32_device_001,2026-05-24T07:51:37+12:00,60.8,-36.604671,174.802521,1
esp32_device_001,2026-05-24T07:51:42+12:00,60.8,-36.604671,174.802505,1
esp32_device_001,2026-05-24T07:51:47+12:00,60.4,-36.604668,174.802505,1
esp32_device_001,2026-05-24T07:51:52+12:00,59.9,-36.604671,174.802505,1
esp32_device_001,2026-05-24T07:51:57+12:00,58.9,-36.604675,174.802505,1
esp32_device_001,2026-05-24T07:52:02+12:00,58.6,-36.604675,174.802505,1
esp32_device_001,2026-05-24T07:52:07+12:00,58.6,-36.604675,174.802505,1
esp32_device_001,2026-05-24T07:52:12+12:00,59.1,-36.604671,174.802505,1
esp32_device_001,2026-05-24T07:52:17+12:00,58.9,-36.604675,174.802505,1
esp32_device_001,2026-05-24T07:52:27+12:00,58.2,-36.604683,174.802505,1
esp32_device_001,2026-05-24T07:52:32+12:00,58.6,-36.604694,174.802521,1
esp32_device_001,2026-05-24T07:52:37+12:00,59.4,-36.604694,174.802521,1
esp32_device_001,2026-05-24T07:52:42+12:00,59.8,-36.604702,174.802536,1
esp32_device_001,2026-05-24T07:52:47+12:00,59.8,-36.604713,174.802536,1
esp32_device_001,2026-05-24T07:52:52+12:00,59.8,-36.604721,174.802551,1
esp32_device_001,2026-05-24T07:52:57+12:00,60,-36.604725,174.802551,1
esp32_device_001,2026-05-24T07:53:02+12:00,60.2,-36.604725,174.802567,1
esp32_device_001,2026-05-24T07:53:07+12:00,60.5,-36.604725,174.802567,1
esp32_device_001,2026-05-24T07:53:12+12:00,61.2,-36.604713,174.802551,1
esp32_device_001,2026-05-24T07:53:17+12:00,61.6,-36.604713,174.802567,1
esp32_device_001,2026-05-24T07:53:22+12:00,61.6,-36.60471,174.802567,1
esp32_device_001,2026-05-24T07:53:27+12:00,60.7,-36.604702,174.802551,1
esp32_device_001,2026-05-24T07:53:32+12:00,59.7,-36.604721,174.802567,1
esp32_device_001,2026-05-24T07:53:37+12:00,59.2,-36.604733,174.802567,1
esp32_device_001,2026-05-24T07:53:42+12:00,59.2,-36.604736,174.802582,1
esp32_device_001,2026-05-24T07:53:47+12:00,59.3,-36.60474,174.802582,1
esp32_device_001,2026-05-24T07:53:52+12:00,59.1,-36.60474,174.802582,1
esp32_device_001,2026-05-24T07:53:57+12:00,59.4,-36.604744,174.802597,1
esp32_device_001,2026-05-24T07:54:02+12:00,59.6,-36.60474,174.802582,1
esp32_device_001,2026-05-24T07:54:07+12:00,59.8,-36.604736,174.802582,1
esp32_device_001,2026-05-24T07:54:12+12:00,59.6,-36.60474,174.802582,1
esp32_device_001,2026-05-24T07:54:17+12:00,59.9,-36.604744,174.802582,1
esp32_device_001,2026-05-24T07:54:22+12:00,60.7,-36.604736,174.802582,1
esp32_device_001,2026-05-24T07:54:27+12:00,60.8,-36.604729,174.802567,1
esp32_device_001,2026-05-24T07:54:32+12:00,61.9,-36.604725,174.802567,1
esp32_device_001,2026-05-24T07:54:37+12:00,61.7,-36.604725,174.802567,1
esp32_device_001,2026-05-24T07:54:42+12:00,61.9,-36.604725,174.802567,1
esp32_device_001,2026-05-24T07:54:47+12:00,62.5,-36.604706,174.802551,1
esp32_device_001,2026-05-24T07:54:52+12:00,62.4,-36.604702,174.802551,1
esp32_device_001,2026-05-24T07:54:57+12:00,62.6,-36.604694,174.802551,1
esp32_device_001,2026-05-24T07:55:02+12:00,63,-36.604698,174.802551,1
esp32_device_001,2026-05-24T07:55:07+12:00,63.5,-36.604706,174.802551,1
esp32_device_001,2026-05-24T07:55:12+12:00,63.1,-36.604717,174.802567,1
esp32_device_001,2026-05-24T07:55:17+12:00,62.7,-36.604721,174.802567,1
esp32_device_001,2026-05-24T07:55:22+12:00,61.5,-36.604721,174.802551,1
esp32_device_001,2026-05-24T07:55:27+12:00,60.1,-36.604736,174.802567,1
esp32_device_001,2026-05-24T07:55:32+12:00,59.5,-36.604733,174.802567,1
esp32_device_001,2026-05-24T07:55:37+12:00,59.7,-36.604736,174.802567,1
esp32_device_001,2026-05-24T07:55:42+12:00,59.6,-36.604729,174.802567,1
esp32_device_001,2026-05-24T07:55:47+12:00,59.4,-36.604725,174.802551,1
esp32_device_001,2026-05-24T07:55:52+12:00,58.8,-36.604721,174.802551,1
esp32_device_001,2026-05-24T07:55:57+12:00,58.1,-36.604725,174.802551,1
esp32_device_001,2026-05-24T07:56:02+12:00,57.5,-36.604721,174.802551,1
esp32_device_001,2026-05-24T07:56:07+12:00,57.1,-36.604725,174.802551,1
esp32_device_001,2026-05-24T07:56:12+12:00,56.6,-36.604736,174.802551,1
esp32_device_001,2026-05-24T07:56:17+12:00,56.1,-36.604729,174.802551,1
esp32_device_001,2026-05-24T07:56:22+12:00,55.7,-36.604744,174.802567,1
esp32_device_001,2026-05-24T07:56:27+12:00,55.7,-36.604744,174.802567,1
esp32_device_001,2026-05-24T07:56:32+12:00,54.8,-36.60474,174.802551,1
esp32_device_001,2026-05-24T07:56:37+12:00,54,-36.604733,174.802551,1
esp32_device_001,2026-05-24T07:56:42+12:00,54.3,-36.604729,174.802551,1
esp32_device_001,2026-05-24T07:56:47+12:00,53.5,-36.604729,174.802551,1
esp32_device_001,2026-05-24T07:56:52+12:00,52.3,-36.604713,174.802551,1
esp32_device_001,2026-05-24T07:56:57+12:00,52.2,-36.604702,174.802551,1
esp32_device_001,2026-05-24T07:57:02+12:00,51.9,-36.604702,174.802551,1
esp32_device_001,2026-05-24T07:57:07+12:00,51.4,-36.604706,174.802551,1
esp32_device_001,2026-05-24T07:57:12+12:00,51,-36.604713,174.802551,1
esp32_device_001,2026-05-24T07:57:17+12:00,51.5,-36.604725,174.802551,1
esp32_device_001,2026-05-24T07:57:22+12:00,52.3,-36.604725,174.802551,1
esp32_device_001,2026-05-24T07:57:27+12:00,53.6,-36.604725,174.802551,1
esp32_device_001,2026-05-24T07:57:32+12:00,54,-36.604729,174.802551,1
esp32_device_001,2026-05-24T07:57:37+12:00,53.9,-36.604733,174.802551,1
esp32_device_001,2026-05-24T07:57:42+12:00,54.3,-36.60474,174.802567,1
esp32_device_001,2026-05-24T07:57:47+12:00,54.3,-36.604744,174.802567,1
esp32_device_001,2026-05-24T07:57:52+12:00,54.9,-36.604748,174.802567,1
esp32_device_001,2026-05-24T07:57:57+12:00,55.8,-36.604752,174.802567,1
esp32_device_001,2026-05-24T07:58:02+12:00,56.6,-36.604748,174.802567,1
esp32_device_001,2026-05-24T07:58:07+12:00,58,-36.604748,174.802582,1
esp32_device_001,2026-05-24T07:58:12+12:00,59.2,-36.604748,174.802582,1
esp32_device_001,2026-05-24T07:58:17+12:00,59.5,-36.604748,174.802582,1
esp32_device_001,2026-05-24T07:58:22+12:00,59.6,-36.604748,174.802582,1
esp32_device_001,2026-05-24T07:58:27+12:00,58.7,-36.604748,174.802582,1
esp32_device_001,2026-05-24T07:58:32+12:00,57.9,-36.604744,174.802582,1
esp32_device_001,2026-05-24T07:58:37+12:00,56.9,-36.604748,174.802567,1
esp32_device_001,2026-05-24T07:58:42+12:00,57.1,-36.604748,174.802567,1
esp32_device_001,2026-05-24T07:58:47+12:00,57.7,-36.604748,174.802567,1
esp32_device_001,2026-05-24T07:58:52+12:00,58,-36.604744,174.802582,1
esp32_device_001,2026-05-24T07:58:57+12:00,58.5,-36.604748,174.802582,1
esp32_device_001,2026-05-24T07:59:02+12:00,58.8,-36.604752,174.802582,1
esp32_device_001,2026-05-24T07:59:07+12:00,58.9,-36.604748,174.802582,1
esp32_device_001,2026-05-24T07:59:12+12:00,58.9,-36.604752,174.802582,1
esp32_device_001,2026-05-24T07:59:17+12:00,59,-36.604755,174.802582,1
esp32_device_001,2026-05-24T07:59:22+12:00,59.5,-36.604755,174.802582,1
esp32_device_001,2026-05-24T07:59:27+12:00,59.6,-36.604752,174.802582,1
esp32_device_001,2026-05-24T07:59:32+12:00,59.4,-36.604755,174.802582,1
esp32_device_001,2026-05-24T07:59:37+12:00,58.7,-36.604759,174.802582,1
esp32_device_001,2026-05-24T07:59:42+12:00,58.4,-36.604763,174.802582,1
esp32_device_001,2026-05-24T07:59:47+12:00,58.5,-36.604763,174.802597,1
esp32_device_001,2026-05-24T07:59:52+12:00,58.4,-36.604763,174.802597,1
esp32_device_001,2026-05-24T07:59:57+12:00,58.7,-36.604763,174.802597,1
esp32_device_001,2026-05-24T08:00:02+12:00,57.9,-36.604755,174.802582,1
esp32_device_001,2026-05-24T08:00:07+12:00,57.1,-36.604755,174.802582,1
esp32_device_001,2026-05-24T08:00:12+12:00,56.5,-36.604755,174.802582,1
esp32_device_001,2026-05-24T08:00:17+12:00,56.5,-36.604755,174.802582,1
esp32_device_001,2026-05-24T08:00:22+12:00,56.4,-36.604755,174.802582,1
esp32_device_001,2026-05-24T08:00:27+12:00,56.2,-36.604755,174.802582,1
esp32_device_001,2026-05-24T08:00:32+12:00,56.2,-36.604755,174.802582,1
esp32_device_001,2026-05-24T08:00:37+12:00,56.5,-36.604755,174.802582,1
esp32_device_001,2026-05-24T08:00:42+12:00,56.5,-36.604755,174.802582,1
esp32_device_001,2026-05-24T08:00:47+12:00,56.7,-36.604755,174.802582,1
esp32_device_001,2026-05-24T08:00:52+12:00,56.8,-36.604752,174.802582,1
esp32_device_001,2026-05-24T08:00:57+12:00,57.1,-36.604752,174.802582,1
esp32_device_001,2026-05-24T08:01:02+12:00,57.1,-36.604748,174.802567,1
esp32_device_001,2026-05-24T08:01:07+12:00,56.7,-36.604748,174.802567,1
esp32_device_001,2026-05-24T08:01:12+12:00,56.2,-36.604748,174.802567,1
esp32_device_001,2026-05-24T08:01:17+12:00,55.2,-36.604744,174.802551,1
esp32_device_001,2026-05-24T08:01:22+12:00,54.7,-36.60474,174.802551,1
esp32_device_001,2026-05-24T08:01:27+12:00,54.4,-36.60474,174.802551,1
esp32_device_001,2026-05-24T08:01:32+12:00,54,-36.60474,174.802551,1
esp32_device_001,2026-05-24T08:01:37+12:00,53.8,-36.60474,174.802551,1
esp32_device_001,2026-05-24T08:01:42+12:00,53,-36.604744,174.802551,1
esp32_device_001,2026-05-24T08:01:47+12:00,52.9,-36.604744,174.802551,1
esp32_device_001,2026-05-24T08:01:52+12:00,52.9,-36.604744,174.802551,1
esp32_device_001,2026-05-24T08:01:57+12:00,52.7,-36.60474,174.802551,1
esp32_device_001,2026-05-24T08:02:02+12:00,52.3,-36.60474,174.802551,1
esp32_device_001,2026-05-24T08:02:07+12:00,51.9,-36.60474,174.802551,1
esp32_device_001,2026-05-24T08:02:12+12:00,51.6,-36.60474,174.802551,1
esp32_device_001,2026-05-24T08:02:17+12:00,50.9,-36.604736,174.802551,1
esp32_device_001,2026-05-24T08:02:27+12:00,50.3,-36.604736,174.802551,1
esp32_device_001,2026-05-24T08:02:32+12:00,51.4,-36.604736,174.802551,1
esp32_device_001,2026-05-24T08:02:37+12:00,51.3,-36.604736,174.802551,1
esp32_device_001,2026-05-24T08:02:42+12:00,51.2,-36.604744,174.802567,1
esp32_device_001,2026-05-24T08:02:47+12:00,50.9,-36.604744,174.802567,1
esp32_device_001,2026-05-24T08:02:52+12:00,51,-36.604744,174.802551,1
esp32_device_001,2026-05-24T08:02:57+12:00,51.1,-36.604744,174.802551,1
esp32_device_001,2026-05-24T08:03:02+12:00,51.1,-36.604744,174.802567,1
esp32_device_001,2026-05-24T08:03:07+12:00,51.5,-36.604744,174.802567,1
esp32_device_001,2026-05-24T08:03:12+12:00,51.9,-36.60474,174.802567,1
esp32_device_001,2026-05-24T08:03:17+12:00,51.8,-36.60474,174.802567,1
esp32_device_001,2026-05-24T08:03:22+12:00,51.7,-36.60474,174.802567,1
esp32_device_001,2026-05-24T08:03:27+12:00,50.9,-36.60474,174.802567,1
esp32_device_001,2026-05-24T08:03:32+12:00,50.8,-36.60474,174.802567,1
esp32_device_001,2026-05-24T08:03:37+12:00,50.4,-36.60474,174.802582,1
esp32_device_001,2026-05-24T08:03:42+12:00,50.2,-36.60474,174.802582,1
esp32_device_001,2026-05-24T08:03:47+12:00,50.3,-36.604736,174.802582,1
esp32_device_001,2026-05-24T08:03:52+12:00,50.1,-36.604736,174.802582,1
esp32_device_001,2026-05-24T08:03:57+12:00,49.2,-36.604736,174.802582,1
esp32_device_001,2026-05-24T08:04:02+12:00,49.2,-36.604733,174.802582,1
esp32_device_001,2026-05-24T08:04:07+12:00,48.6,-36.604733,174.802582,1
esp32_device_001,2026-05-24T08:04:12+12:00,48,-36.604733,174.802582,1
esp32_device_001,2026-05-24T08:04:17+12:00,47.6,-36.604729,174.802582,1
esp32_device_001,2026-05-24T08:04:22+12:00,47.4,-36.604733,174.802567,1
esp32_device_001,2026-05-24T08:04:27+12:00,47.2,-36.604733,174.802567,1
esp32_device_001,2026-05-24T08:04:32+12:00,46.9,-36.604733,174.802582,1
esp32_device_001,2026-05-24T08:04:37+12:00,46.8,-36.604733,174.802567,1
esp32_device_001,2026-05-24T08:04:42+12:00,47,-36.604736,174.802582,1
esp32_device_001,2026-05-24T08:04:47+12:00,46.8,-36.604736,174.802582,1
esp32_device_001,2026-05-24T08:04:52+12:00,46.8,-36.604736,174.802582,1
esp32_device_001,2026-05-24T08:04:57+12:00,46.4,-36.604736,174.802582,1
esp32_device_001,2026-05-24T08:05:02+12:00,46.3,-36.604733,174.802567,1
esp32_device_001,2026-05-24T08:05:07+12:00,46.1,-36.604729,174.802567,1
esp32_device_001,2026-05-24T08:05:12+12:00,45.8,-36.604729,174.802551,1
esp32_device_001,2026-05-24T08:05:17+12:00,45.5,-36.604725,174.802551,1
esp32_device_001,2026-05-24T08:05:22+12:00,44.9,-36.604721,174.802551,1
esp32_device_001,2026-05-24T08:05:27+12:00,44.8,-36.604721,174.802551,1
esp32_device_001,2026-05-24T08:05:32+12:00,45.2,-36.604725,174.802551,1
esp32_device_001,2026-05-24T08:05:37+12:00,45.2,-36.604725,174.802551,1
esp32_device_001,2026-05-24T08:05:42+12:00,45.2,-36.604729,174.802551,1
esp32_device_001,2026-05-24T08:05:47+12:00,45.4,-36.604729,174.802551,1
esp32_device_001,2026-05-24T08:05:52+12:00,46.5,-36.604729,174.802567,1
esp32_device_001,2026-05-24T08:05:57+12:00,47.1,-36.604729,174.802567,1
esp32_device_001,2026-05-24T08:06:02+12:00,47.5,-36.604729,174.802567,1
esp32_device_001,2026-05-24T08:06:07+12:00,48,-36.604725,174.802551,1
esp32_device_001,2026-05-24T08:06:12+12:00,47.9,-36.604729,174.802567,1
esp32_device_001,2026-05-24T08:06:17+12:00,48.2,-36.604733,174.802567,1
esp32_device_001,2026-05-24T08:06:22+12:00,48.3,-36.604736,174.802567,1
esp32_device_001,2026-05-24T08:06:27+12:00,48.3,-36.60474,174.802567,1
esp32_device_001,2026-05-24T08:06:32+12:00,49.6,-36.604744,174.802567,1
esp32_device_001,2026-05-24T08:06:37+12:00,49.7,-36.604744,174.802567,1
esp32_device_001,2026-05-24T08:06:42+12:00,49.6,-36.604744,174.802567,1
esp32_device_001,2026-05-24T08:06:47+12:00,49.7,-36.604744,174.802567,1
esp32_device_001,2026-05-24T08:06:52+12:00,49.7,-36.604744,174.802567,1
esp32_device_001,2026-05-24T08:06:57+12:00,49.8,-36.604744,174.802567,1
esp32_device_001,2026-05-24T08:07:02+12:00,49.8,-36.604744,174.802567,1
esp32_device_001,2026-05-24T08:07:07+12:00,50.1,-36.604748,174.802567,1
esp32_device_001,2026-05-24T08:07:12+12:00,50.6,-36.604744,174.802567,1
esp32_device_001,2026-05-24T08:07:17+12:00,50.6,-36.604748,174.802567,1
esp32_device_001,2026-05-24T08:07:22+12:00,50.8,-36.604755,174.802567,1
esp32_device_001,2026-05-24T08:07:27+12:00,51,-36.604759,174.802582,1
esp32_device_001,2026-05-24T08:07:32+12:00,51.4,-36.604759,174.802582,1
esp32_device_001,2026-05-24T08:07:37+12:00,51.9,-36.604759,174.802582,1
esp32_device_001,2026-05-24T08:07:42+12:00,52,-36.604759,174.802582,1
esp32_device_001,2026-05-24T08:07:47+12:00,52.4,-36.604759,174.802582,1
esp32_device_001,2026-05-24T08:07:52+12:00,52.9,-36.604755,174.802582,1
esp32_device_001,2026-05-24T08:07:57+12:00,53,-36.604755,174.802582,1
esp32_device_001,2026-05-24T08:08:02+12:00,53.2,-36.604755,174.802582,1
esp32_device_001,2026-05-24T08:08:07+12:00,53.7,-36.604755,174.802582,1
esp32_device_001,2026-05-24T08:08:12+12:00,53.9,-36.604755,174.802582,1
esp32_device_001,2026-05-24T08:08:17+12:00,54.2,-36.604755,174.802582,1
esp32_device_001,2026-05-24T08:08:22+12:00,54.9,-36.604755,174.802582,1
esp32_device_001,2026-05-24T08:08:27+12:00,55.3,-36.604759,174.802597,1
esp32_device_001,2026-05-24T08:08:32+12:00,55.6,-36.604759,174.802597,1
esp32_device_001,2026-05-24T08:08:37+12:00,56.3,-36.604763,174.802597,1
esp32_device_001,2026-05-24T08:08:42+12:00,56.9,-36.604759,174.802597,1
esp32_device_001,2026-05-24T08:08:47+12:00,56.8,-36.604763,174.802597,1
esp32_device_001,2026-05-24T08:08:52+12:00,56.3,-36.604759,174.802597,1
esp32_device_001,2026-05-24T08:08:57+12:00,55.6,-36.604759,174.802597,1
esp32_device_001,2026-05-24T08:09:02+12:00,55.3,-36.604755,174.802582,1
esp32_device_001,2026-05-24T08:09:07+12:00,55,-36.604752,174.802582,1
esp32_device_001,2026-05-24T08:09:12+12:00,55.1,-36.604748,174.802582,1
esp32_device_001,2026-05-24T08:09:17+12:00,55.4,-36.604744,174.802582,1
esp32_device_001,2026-05-24T08:09:22+12:00,56.1,-36.60474,174.802567,1
esp32_device_001,2026-05-24T08:09:27+12:00,56.8,-36.604736,174.802567,1
esp32_device_001,2026-05-24T08:09:32+12:00,57.4,-36.604736,174.802567,1
esp32_device_001,2026-05-24T08:09:37+12:00,57.9,-36.604736,174.802567,1
esp32_device_001,2026-05-24T08:09:42+12:00,57.8,-36.60474,174.802582,1
esp32_device_001,2026-05-24T08:09:47+12:00,57.6,-36.60474,174.802582,1
esp32_device_001,2026-05-24T08:09:52+12:00,57.7,-36.60474,174.802582,1
esp32_device_001,2026-05-24T08:09:57+12:00,57.5,-36.604736,174.802567,1
esp32_device_001,2026-05-24T08:10:02+12:00,57.1,-36.604733,174.802567,1
esp32_device_001,2026-05-24T08:10:07+12:00,57,-36.604729,174.802567,1
esp32_device_001,2026-05-24T08:10:12+12:00,56.4,-36.604725,174.802567,1
esp32_device_001,2026-05-24T08:10:17+12:00,56.4,-36.604725,174.802551,1
esp32_device_001,2026-05-24T08:10:22+12:00,56,-36.604725,174.802551,1
esp32_device_001,2026-05-24T08:10:27+12:00,56.4,-36.604721,174.802551,1
esp32_device_001,2026-05-24T08:10:32+12:00,56.8,-36.604721,174.802551,1
esp32_device_001,2026-05-24T08:10:37+12:00,56.8,-36.604721,174.802551,1
esp32_device_001,2026-05-24T08:10:42+12:00,56.4,-36.604717,174.802551,1
esp32_device_001,2026-05-24T08:10:47+12:00,56.5,-36.604717,174.802536,1
esp32_device_001,2026-05-24T08:10:52+12:00,56.6,-36.604725,174.802551,1
esp32_device_001,2026-05-24T08:10:57+12:00,56.4,-36.604725,174.802551,1
esp32_device_001,2026-05-24T08:11:02+12:00,56.1,-36.604729,174.802551,1
esp32_device_001,2026-05-24T08:11:07+12:00,56.1,-36.604729,174.802551,1
esp32_device_001,2026-05-24T08:11:12+12:00,56.5,-36.604725,174.802536,1
esp32_device_001,2026-05-24T08:11:17+12:00,56.9,-36.604725,174.802536,1
esp32_device_001,2026-05-24T08:11:22+12:00,57.8,-36.604725,174.802536,1
esp32_device_001,2026-05-24T08:11:27+12:00,58.1,-36.604725,174.802536,1
esp32_device_001,2026-05-24T08:11:32+12:00,57.5,-36.604725,174.802551,1
esp32_device_001,2026-05-24T08:11:37+12:00,58.5,-36.604725,174.802551,1
esp32_device_001,2026-05-24T08:11:42+12:00,59.2,-36.604725,174.802551,1
esp32_device_001,2026-05-24T08:11:47+12:00,60.4,-36.604721,174.802551,1
esp32_device_001,2026-05-24T08:11:52+12:00,60.5,-36.604713,174.802551,1
esp32_device_001,2026-05-24T08:11:57+12:00,60.5,-36.604713,174.802536,1
esp32_device_001,2026-05-24T08:12:02+12:00,60.2,-36.60471,174.802536,1
esp32_device_001,2026-05-24T08:12:07+12:00,59.7,-36.604713,174.802536,1
esp32_device_001,2026-05-24T08:12:12+12:00,59.2,-36.604713,174.802536,1
esp32_device_001,2026-05-24T08:12:17+12:00,58.3,-36.604713,174.802536,1
esp32_device_001,2026-05-24T08:12:27+12:00,54.3,-36.604713,174.802536,1
esp32_device_001,2026-05-24T08:12:32+12:00,53.4,-36.60471,174.802521,1
esp32_device_001,2026-05-24T08:12:37+12:00,52.7,-36.604706,174.802521,1
esp32_device_001,2026-05-24T08:12:42+12:00,51.7,-36.604713,174.802521,1
esp32_device_001,2026-05-24T08:12:47+12:00,51.7,-36.604713,174.802521,1
esp32_device_001,2026-05-24T08:12:52+12:00,51.9,-36.604713,174.802521,1
esp32_device_001,2026-05-24T08:12:57+12:00,52.3,-36.604713,174.802521,1
esp32_device_001,2026-05-24T08:13:02+12:00,53.4,-36.604694,174.80249,1
esp32_device_001,2026-05-24T08:13:07+12:00,53.4,-36.604698,174.80249,1
esp32_device_001,2026-05-24T08:13:12+12:00,53.8,-36.604698,174.80249,1
esp32_device_001,2026-05-24T08:13:17+12:00,54.1,-36.604702,174.802505,1
esp32_device_001,2026-05-24T08:13:22+12:00,53.7,-36.604698,174.80249,1
esp32_device_001,2026-05-24T08:13:27+12:00,53.4,-36.604694,174.80249,1
esp32_device_001,2026-05-24T08:13:32+12:00,54.7,-36.604698,174.80249,1
esp32_device_001,2026-05-24T08:13:37+12:00,55,-36.604698,174.802505,1
esp32_device_001,2026-05-24T08:13:42+12:00,55,-36.604702,174.802505,1
esp32_device_001,2026-05-24T08:13:47+12:00,54.4,-36.60471,174.802505,1
esp32_device_001,2026-05-24T08:13:52+12:00,53.7,-36.604713,174.802521,1
esp32_device_001,2026-05-24T08:13:57+12:00,53.7,-36.604713,174.802521,1
esp32_device_001,2026-05-24T08:14:02+12:00,52.8,-36.604717,174.802536,1
esp32_device_001,2026-05-24T08:14:07+12:00,51.7,-36.604721,174.802536,1
esp32_device_001,2026-05-24T08:14:12+12:00,50.2,-36.604721,174.802551,1
esp32_device_001,2026-05-24T08:14:17+12:00,49.4,-36.604725,174.802551,1
esp32_device_001,2026-05-24T08:14:22+12:00,49.2,-36.604729,174.802567,1
esp32_device_001,2026-05-24T08:14:27+12:00,48.3,-36.604736,174.802567,1
esp32_device_001,2026-05-24T08:14:32+12:00,47.1,-36.60474,174.802567,1
esp32_device_001,2026-05-24T08:14:37+12:00,46.2,-36.604744,174.802582,1
esp32_device_001,2026-05-24T08:14:42+12:00,45.2,-36.60474,174.802582,1
esp32_device_001,2026-05-24T08:14:47+12:00,44.1,-36.604744,174.802582,1
esp32_device_001,2026-05-24T08:14:52+12:00,44,-36.604744,174.802582,1
esp32_device_001,2026-05-24T08:14:57+12:00,43.5,-36.604748,174.802582,1
esp32_device_001,2026-05-24T08:15:02+12:00,43.9,-36.60474,174.802567,1
esp32_device_001,2026-05-24T08:15:07+12:00,43.1,-36.604733,174.802567,1
esp32_device_001,2026-05-24T08:15:12+12:00,42.5,-36.604729,174.802567,1
esp32_device_001,2026-05-24T08:15:17+12:00,40.8,-36.604721,174.802551,1
esp32_device_001,2026-05-24T08:15:22+12:00,39.9,-36.604721,174.802551,1
esp32_device_001,2026-05-24T08:15:27+12:00,38.8,-36.604721,174.802551,1
esp32_device_001,2026-05-24T08:15:32+12:00,38.4,-36.604721,174.802551,1
esp32_device_001,2026-05-24T08:15:37+12:00,38.1,-36.604721,174.802551,1
esp32_device_001,2026-05-24T08:15:42+12:00,37.8,-36.604717,174.802536,1
esp32_device_001,2026-05-24T08:15:47+12:00,38.6,-36.604717,174.802551,1
esp32_device_001,2026-05-24T08:15:52+12:00,39,-36.604713,174.802551,1
esp32_device_001,2026-05-24T08:15:57+12:00,38.5,-36.60471,174.802536,1
esp32_device_001,2026-05-24T08:16:02+12:00,38.5,-36.60471,174.802536,1
esp32_device_001,2026-05-24T08:16:07+12:00,38.9,-36.60471,174.802536,1
esp32_device_001,2026-05-24T08:16:12+12:00,38.4,-36.604706,174.802536,1
esp32_device_001,2026-05-24T08:16:17+12:00,36.5,-36.60471,174.802536,1
esp32_device_001,2026-05-24T08:16:22+12:00,34.3,-36.604717,174.802536,1
esp32_device_001,2026-05-24T08:16:27+12:00,33.9,-36.604721,174.802536,1
esp32_device_001,2026-05-24T08:16:32+12:00,32.3,-36.604725,174.802536,1
esp32_device_001,2026-05-24T08:16:37+12:00,31.5,-36.604717,174.802536,1
esp32_device_001,2026-05-24T08:16:42+12:00,31.4,-36.604725,174.802536,1
esp32_device_001,2026-05-24T08:16:47+12:00,32.5,-36.604717,174.802536,1
esp32_device_001,2026-05-24T08:16:52+12:00,33.4,-36.60471,174.802536,1
esp32_device_001,2026-05-24T08:16:57+12:00,33.9,-36.604713,174.802551,1
esp32_device_001,2026-05-24T08:17:02+12:00,33.7,-36.604717,174.802551,1
esp32_device_001,2026-05-24T08:17:07+12:00,34.1,-36.60471,174.802551,1
esp32_device_001,2026-05-24T08:17:12+12:00,34.2,-36.604706,174.802551,1
esp32_device_001,2026-05-24T08:17:17+12:00,34.8,-36.604698,174.802551,1
esp32_device_001,2026-05-24T08:17:22+12:00,34.2,-36.604702,174.802567,1
esp32_device_001,2026-05-24T08:17:27+12:00,34.5,-36.604706,174.802567,1
esp32_device_001,2026-05-24T08:17:32+12:00,35,-36.604702,174.802567,1
esp32_device_001,2026-05-24T08:17:37+12:00,36.3,-36.604694,174.802567,1
esp32_device_001,2026-05-24T08:17:42+12:00,36.7,-36.604698,174.802567,1
esp32_device_001,2026-05-24T08:17:47+12:00,38.1,-36.604706,174.802567,1
esp32_device_001,2026-05-24T08:17:52+12:00,40.9,-36.604702,174.802567,1
esp32_device_001,2026-05-24T08:17:57+12:00,43.1,-36.604694,174.802567,1
esp32_device_001,2026-05-24T08:18:02+12:00,43.1,-36.604675,174.802567,1
esp32_device_001,2026-05-24T08:18:07+12:00,44.2,-36.604683,174.802567,1
esp32_device_001,2026-05-24T08:18:12+12:00,45.4,-36.604683,174.802567,1
esp32_device_001,2026-05-24T08:18:17+12:00,45.4,-36.604691,174.802567,1
esp32_device_001,2026-05-24T08:18:22+12:00,45.8,-36.604702,174.802567,1
esp32_device_001,2026-05-24T08:18:27+12:00,46,-36.604694,174.802567,1
esp32_device_001,2026-05-24T08:18:32+12:00,45.3,-36.604694,174.802551,1
esp32_device_001,2026-05-24T08:18:37+12:00,43.9,-36.604691,174.802551,1
esp32_device_001,2026-05-24T08:18:42+12:00,42.2,-36.604683,174.802551,1
esp32_device_001,2026-05-24T08:18:47+12:00,41.2,-36.604664,174.802551,1
esp32_device_001,2026-05-24T08:18:52+12:00,39.9,-36.604652,174.802551,1
esp32_device_001,2026-05-24T08:18:57+12:00,39.2,-36.604652,174.802551,1
esp32_device_001,2026-05-24T08:19:02+12:00,39.4,-36.60466,174.802551,1
esp32_device_001,2026-05-24T08:19:07+12:00,39,-36.604664,174.802551,1
esp32_device_001,2026-05-24T08:19:12+12:00,38.8,-36.604668,174.802567,1
esp32_device_001,2026-05-24T08:19:17+12:00,38.2,-36.604671,174.802567,1
esp32_device_001,2026-05-24T08:19:22+12:00,38.5,-36.60466,174.802567,1
esp32_device_001,2026-05-24T08:19:27+12:00,37.7,-36.604664,174.802582,1
esp32_device_001,2026-05-24T08:19:32+12:00,37.4,-36.604683,174.802582,1
esp32_device_001,2026-05-24T08:19:37+12:00,38.2,-36.604691,174.802582,1
esp32_device_001,2026-05-24T08:19:42+12:00,38,-36.60471,174.802597,1
esp32_device_001,2026-05-24T08:19:47+12:00,38.7,-36.604717,174.802597,1
esp32_device_001,2026-05-24T08:19:52+12:00,38.6,-36.604736,174.802597,1
esp32_device_001,2026-05-24T08:19:57+12:00,39.8,-36.60474,174.802597,1
esp32_device_001,2026-05-24T08:20:02+12:00,39.3,-36.604763,174.802597,1
esp32_device_001,2026-05-24T08:20:07+12:00,39.6,-36.604774,174.802597,1
esp32_device_001,2026-05-24T08:20:12+12:00,40,-36.604774,174.802597,1
esp32_device_001,2026-05-24T08:20:17+12:00,40.7,-36.604778,174.802597,1
esp32_device_001,2026-05-24T08:20:22+12:00,41.1,-36.604786,174.802597,1
esp32_device_001,2026-05-24T08:20:27+12:00,41.9,-36.604797,174.802597,1
esp32_device_001,2026-05-24T08:20:32+12:00,43.1,-36.604801,174.802597,1
esp32_device_001,2026-05-24T08:20:37+12:00,44.1,-36.604805,174.802597,1
esp32_device_001,2026-05-24T08:20:42+12:00,44.9,-36.604801,174.802597,1
esp32_device_001,2026-05-24T08:20:47+12:00,44.7,-36.604782,174.802582,1
esp32_device_001,2026-05-24T08:20:52+12:00,44.7,-36.60479,174.802582,1
esp32_device_001,2026-05-24T08:20:57+12:00,45.7,-36.604786,174.802582,1
esp32_device_001,2026-05-24T08:21:02+12:00,46.4,-36.604771,174.802567,1
esp32_device_001,2026-05-24T08:21:07+12:00,47.4,-36.604759,174.802567,1
esp32_device_001,2026-05-24T08:21:12+12:00,48.1,-36.604744,174.802551,1
esp32_device_001,2026-05-24T08:21:17+12:00,49.3,-36.604725,174.802536,1
esp32_device_001,2026-05-24T08:21:22+12:00,50,-36.604717,174.802536,1
esp32_device_001,2026-05-24T08:21:27+12:00,49.8,-36.604713,174.802536,1
esp32_device_001,2026-05-24T08:21:32+12:00,50,-36.60471,174.802536,1
esp32_device_001,2026-05-24T08:21:37+12:00,49.8,-36.604713,174.802536,1
esp32_device_001,2026-05-24T08:21:42+12:00,50.2,-36.604717,174.802536,1
esp32_device_001,2026-05-24T08:21:47+12:00,50.2,-36.604721,174.802536,1
esp32_device_001,2026-05-24T08:21:52+12:00,50.1,-36.604725,174.802551,1
esp32_device_001,2026-05-24T08:21:57+12:00,50.7,-36.604733,174.802551,1
esp32_device_001,2026-05-24T08:22:02+12:00,50.8,-36.60474,174.802551,1
esp32_device_001,2026-05-24T08:22:07+12:00,51.4,-36.604744,174.802551,1
esp32_device_001,2026-05-24T08:22:12+12:00,51.6,-36.604744,174.802551,1
esp32_device_001,2026-05-24T08:22:17+12:00,51.5,-36.604748,174.802551,1
esp32_device_001,2026-05-24T08:22:27+12:00,51.7,-36.604752,174.802567,1
esp32_device_001,2026-05-24T08:22:32+12:00,51.7,-36.604752,174.802567,1
esp32_device_001,2026-05-24T08:22:37+12:00,50.7,-36.604755,174.802567,1
esp32_device_001,2026-05-24T08:22:42+12:00,51,-36.604755,174.802567,1
esp32_device_001,2026-05-24T08:22:47+12:00,51.1,-36.604759,174.802567,1
esp32_device_001,2026-05-24T08:22:52+12:00,51.9,-36.604755,174.802567,1
esp32_device_001,2026-05-24T08:23:02+12:00,52,-36.604755,174.802567,1
esp32_device_001,2026-05-24T08:23:07+12:00,52.3,-36.604759,174.802582,1
esp32_device_001,2026-05-24T08:23:12+12:00,52.5,-36.604759,174.802582,1
esp32_device_001,2026-05-24T08:23:17+12:00,53.1,-36.604759,174.802582,1
esp32_device_001,2026-05-24T08:23:22+12:00,53.2,-36.604752,174.802582,1
esp32_device_001,2026-05-24T08:23:27+12:00,53.3,-36.604752,174.802582,1
esp32_device_001,2026-05-24T08:23:32+12:00,53.2,-36.604752,174.802582,1
esp32_device_001,2026-05-24T08:23:37+12:00,53.6,-36.604748,174.802582,1
esp32_device_001,2026-05-24T08:23:47+12:00,54.4,-36.604736,174.802567,1
esp32_device_001,2026-05-24T08:23:52+12:00,55.2,-36.604736,174.802567,1
esp32_device_001,2026-05-24T08:23:57+12:00,56,-36.604736,174.802567,1
esp32_device_001,2026-05-24T08:24:02+12:00,56.7,-36.604736,174.802567,1
esp32_device_001,2026-05-24T08:24:07+12:00,57.4,-36.604733,174.802567,1
esp32_device_001,2026-05-24T08:24:12+12:00,57.7,-36.604725,174.802551,1
esp32_device_001,2026-05-24T08:24:17+12:00,57.2,-36.604725,174.802551,1
esp32_device_001,2026-05-24T08:24:22+12:00,56.8,-36.604725,174.802551,1
esp32_device_001,2026-05-24T08:24:27+12:00,56.5,-36.604721,174.802551,1
esp32_device_001,2026-05-24T08:24:37+12:00,55.6,-36.604725,174.802551,1
esp32_device_001,2026-05-24T08:24:42+12:00,55.1,-36.604729,174.802551,1
esp32_device_001,2026-05-24T08:24:47+12:00,54.1,-36.604733,174.802551,1
esp32_device_001,2026-05-24T08:24:57+12:00,51.4,-36.604744,174.802567,1
esp32_device_001,2026-05-24T08:25:02+12:00,48.6,-36.604748,174.802551,1
esp32_device_001,2026-05-24T08:25:12+12:00,48.6,-36.604752,174.802551,1
esp32_device_001,2026-05-24T08:25:17+12:00,46.9,-36.604759,174.802567,1
esp32_device_001,2026-05-24T08:25:22+12:00,46.9,-36.604755,174.802551,1
esp32_device_001,2026-05-24T08:25:32+12:00,47.6,-36.604748,174.802551,1
esp32_device_001,2026-05-24T08:25:37+12:00,50.7,-36.60474,174.802536,1
esp32_device_001,2026-05-24T08:25:42+12:00,52,-36.604736,174.802536,1
esp32_device_001,2026-05-24T08:25:47+12:00,55.8,-36.604729,174.802536,1
esp32_device_001,2026-05-24T08:25:52+12:00,57.9,-36.604729,174.802536,1
esp32_device_001,2026-05-24T08:25:57+12:00,58.6,-36.604725,174.802521,1
esp32_device_001,2026-05-24T08:26:02+12:00,57.2,-36.604729,174.802536,1
esp32_device_001,2026-05-24T08:26:12+12:00,55.4,-36.604733,174.802536,1
esp32_device_001,2026-05-24T08:26:17+12:00,51.9,-36.604729,174.802536,1
esp32_device_001,2026-05-24T08:26:22+12:00,50.3,-36.604733,174.802536,1
esp32_device_001,2026-05-24T08:26:32+12:00,50.4,-36.604736,174.802536,1
esp32_device_001,2026-05-24T08:26:37+12:00,50.6,-36.60474,174.802551,1
esp32_device_001,2026-05-24T08:26:42+12:00,50.6,-36.60474,174.802551,1
esp32_device_001,2026-05-24T08:26:52+12:00,50.6,-36.604733,174.802551,1
esp32_device_001,2026-05-24T08:26:57+12:00,51.5,-36.604725,174.802551,1
esp32_device_001,2026-05-24T08:27:02+12:00,51.3,-36.604725,174.802551,1
esp32_device_001,2026-05-24T08:27:07+12:00,50.9,-36.604721,174.802551,1
esp32_device_001,2026-05-24T08:27:12+12:00,50.4,-36.604717,174.802551,1
esp32_device_001,2026-05-24T08:27:17+12:00,49.3,-36.604721,174.802551,1
esp32_device_001,2026-05-24T08:27:27+12:00,48.5,-36.604706,174.802536,1
esp32_device_001,2026-05-24T08:27:37+12:00,51.3,-36.604679,174.802505,1
esp32_device_001,2026-05-24T08:27:47+12:00,53,-36.604694,174.802521,1
esp32_device_001,2026-05-24T08:27:52+12:00,52,-36.604691,174.802505,1
esp32_device_001,2026-05-24T08:27:57+12:00,50.2,-36.604698,174.802505,1
esp32_device_001,2026-05-24T08:28:02+12:00,49,-36.60471,174.802505,1
esp32_device_001,2026-05-24T08:28:07+12:00,47.4,-36.604713,174.802505,1
esp32_device_001,2026-05-24T08:28:12+12:00,47.2,-36.604721,174.802505,1
esp32_device_001,2026-05-24T08:28:17+12:00,47.3,-36.604729,174.802521,1
esp32_device_001,2026-05-24T08:28:22+12:00,46.5,-36.604744,174.802536,1
esp32_device_001,2026-05-24T08:28:27+12:00,45.5,-36.604752,174.802551,1
esp32_device_001,2026-05-24T08:28:32+12:00,44.8,-36.604759,174.802551,1
esp32_device_001,2026-05-24T08:28:37+12:00,43.2,-36.604763,174.802551,1
esp32_device_001,2026-05-24T08:28:42+12:00,42.2,-36.604755,174.802551,1
esp32_device_001,2026-05-24T08:28:47+12:00,42.9,-36.604733,174.802536,1
esp32_device_001,2026-05-24T08:28:52+12:00,43.9,-36.604721,174.802536,1
esp32_device_001,2026-05-24T08:28:57+12:00,44.5,-36.604706,174.802521,1
esp32_device_001,2026-05-24T08:29:02+12:00,43.6,-36.604706,174.802505,1
esp32_device_001,2026-05-24T08:29:07+12:00,43.7,-36.604706,174.802505,1
esp32_device_001,2026-05-24T08:29:12+12:00,44.2,-36.60471,174.802521,1
esp32_device_001,2026-05-24T08:29:17+12:00,44.8,-36.604702,174.802521,1
esp32_device_001,2026-05-24T08:29:22+12:00,41.6,-36.604729,174.802505,1
esp32_device_001,2026-05-24T08:29:27+12:00,39.9,-36.604733,174.802505,1
esp32_device_001,2026-05-24T08:29:32+12:00,39.2,-36.60474,174.802505,1
esp32_device_001,2026-05-24T08:29:37+12:00,37.9,-36.604786,174.802521,1
esp32_device_001,2026-05-24T08:29:42+12:00,36.2,-36.604794,174.802521,1
esp32_device_001,2026-05-24T08:29:47+12:00,35.2,-36.604816,174.802521,1
esp32_device_001,2026-05-24T08:29:52+12:00,34.9,-36.604836,174.802536,1
esp32_device_001,2026-05-24T08:29:57+12:00,35.1,-36.604847,174.802551,1
esp32_device_001,2026-05-24T08:30:02+12:00,34.2,-36.604836,174.802536,1
esp32_device_001,2026-05-24T08:30:07+12:00,34,-36.604828,174.802536,1
esp32_device_001,2026-05-24T08:30:12+12:00,32.3,-36.604843,174.802536,1
esp32_device_001,2026-05-24T08:30:17+12:00,30.6,-36.604851,174.802536,1
esp32_device_001,2026-05-24T08:30:22+12:00,32.3,-36.604843,174.802536,1
esp32_device_001,2026-05-24T08:30:27+12:00,34.6,-36.604832,174.802536,1
esp32_device_001,2026-05-24T08:30:32+12:00,36.9,-36.60482,174.802551,1
esp32_device_001,2026-05-24T08:30:37+12:00,38.7,-36.604805,174.802551,1
esp32_device_001,2026-05-24T08:30:42+12:00,38.8,-36.604805,174.802551,1
esp32_device_001,2026-05-24T08:30:47+12:00,40,-36.604839,174.802582,1
esp32_device_001,2026-05-24T08:30:57+12:00,40,-36.604874,174.802612,1
esp32_device_001,2026-05-24T08:31:02+12:00,41.8,-36.604877,174.802612,1
esp32_device_001,2026-05-24T08:31:07+12:00,42.6,-36.604843,174.802582,1
esp32_device_001,2026-05-24T08:31:12+12:00,42.4,-36.604828,174.802582,1
esp32_device_001,2026-05-24T08:31:17+12:00,42.2,-36.604816,174.802567,1
esp32_device_001,2026-05-24T08:31:22+12:00,42.5,-36.604794,174.802551,1
esp32_device_001,2026-05-24T08:31:27+12:00,42.3,-36.604786,174.802536,1
esp32_device_001,2026-05-24T08:31:32+12:00,43.4,-36.604763,174.802536,1
esp32_device_001,2026-05-24T08:31:37+12:00,42.1,-36.604786,174.802536,1
esp32_device_001,2026-05-24T08:31:47+12:00,43.1,-36.604733,174.802521,1
esp32_device_001,2026-05-24T08:31:52+12:00,49.6,-36.604706,174.802521,1
esp32_device_001,2026-05-24T08:31:57+12:00,48.2,-36.604733,174.802521,1
esp32_device_001,2026-05-24T08:32:02+12:00,50.2,-36.604736,174.802521,1
esp32_device_001,2026-05-24T08:32:07+12:00,52.3,-36.604748,174.802536,1
esp32_device_001,2026-05-24T08:32:17+12:00,57.2,-36.604736,174.802551,1
esp32_device_001,2026-05-24T08:32:27+12:00,57.2,-36.604645,174.802567,1
esp32_device_001,2026-05-24T08:32:32+12:00,57.2,-36.60461,174.802567,1
esp32_device_001,2026-05-24T08:32:37+12:00,57.2,-36.604591,174.802582,1
esp32_device_001,2026-05-24T08:32:42+12:00,57.2,-36.604603,174.802582,1
esp32_device_001,2026-05-24T08:32:47+12:00,57.2,-36.60461,174.802597,1
esp32_device_001,2026-05-24T08:32:52+12:00,57.2,-36.604618,174.802597,1
esp32_device_001,2026-05-24T08:32:57+12:00,57.2,-36.604626,174.802612,1
esp32_device_001,2026-05-24T08:33:02+12:00,57.2,-36.604633,174.802628,1
esp32_device_001,2026-05-24T08:33:07+12:00,57.2,-36.604645,174.802612,1
esp32_device_001,2026-05-24T08:33:12+12:00,57.2,-36.604652,174.802612,1
esp32_device_001,2026-05-24T08:33:17+12:00,57.2,-36.604656,174.802612,1
esp32_device_001,2026-05-24T08:33:22+12:00,57.2,-36.604656,174.802612,1
esp32_device_001,2026-05-24T08:33:27+12:00,57.2,-36.604656,174.802612,1
esp32_device_001,2026-05-24T08:33:32+12:00,57.2,-36.604656,174.802612,1
esp32_device_001,2026-05-24T08:33:37+12:00,57.2,-36.604656,174.802612,1
esp32_device_001,2026-05-24T08:33:42+12:00,57.2,-36.604652,174.802612,1
esp32_device_001,2026-05-24T08:33:47+12:00,57.2,-36.604652,174.802628,1
esp32_device_001,2026-05-24T08:33:52+12:00,57.2,-36.604652,174.802628,1
esp32_device_001,2026-05-24T08:33:57+12:00,57.2,-36.604656,174.802628,1
esp32_device_001,2026-05-24T08:34:02+12:00,57.2,-36.60466,174.802628,1
esp32_device_001,2026-05-24T08:34:07+12:00,57.2,-36.604664,174.802628,1
esp32_device_001,2026-05-24T08:34:12+12:00,57.2,-36.604664,174.802628,1
esp32_device_001,2026-05-24T08:34:17+12:00,57.2,-36.604668,174.802628,1
esp32_device_001,2026-05-24T08:34:22+12:00,57.2,-36.604671,174.802612,1
esp32_device_001,2026-05-24T08:34:27+12:00,57.2,-36.604679,174.802597,1
esp32_device_001,2026-05-24T08:34:32+12:00,57.2,-36.604691,174.802597,1
esp32_device_001,2026-05-24T08:34:37+12:00,57.2,-36.604698,174.802582,1
esp32_device_001,2026-05-24T08:34:42+12:00,57.2,-36.604702,174.802582,1
esp32_device_001,2026-05-24T08:34:47+12:00,57.2,-36.604706,174.802582,1
esp32_device_001,2026-05-24T08:34:52+12:00,57.2,-36.604706,174.802582,1
esp32_device_001,2026-05-24T08:34:57+12:00,57.2,-36.60471,174.802567,1
esp32_device_001,2026-05-24T08:35:02+12:00,57.2,-36.604717,174.802567,1
esp32_device_001,2026-05-24T08:35:07+12:00,57.2,-36.604725,174.802567,1
esp32_device_001,2026-05-24T08:35:12+12:00,57.2,-36.604733,174.802551,1
esp32_device_001,2026-05-24T08:35:17+12:00,57.2,-36.604736,174.802551,1
esp32_device_001,2026-05-24T08:35:22+12:00,57.2,-36.604736,174.802567,1
esp32_device_001,2026-05-24T08:35:27+12:00,57.2,-36.604744,174.802567,1
esp32_device_001,2026-05-24T08:35:32+12:00,57.2,-36.604744,174.802567,1
esp32_device_001,2026-05-24T08:35:37+12:00,57.2,-36.604752,174.802567,1
esp32_device_001,2026-05-24T08:35:42+12:00,57.2,-36.604755,174.802567,1
esp32_device_001,2026-05-24T08:35:47+12:00,57.2,-36.604763,174.802567,1
esp32_device_001,2026-05-24T08:35:52+12:00,57.2,-36.604767,174.802567,1
esp32_device_001,2026-05-24T08:35:57+12:00,57.2,-36.604778,174.802567,1
esp32_device_001,2026-05-24T08:36:02+12:00,57.2,-36.604782,174.802567,1
esp32_device_001,2026-05-24T08:36:07+12:00,57.2,-36.604778,174.802567,1
esp32_device_001,2026-05-24T08:36:12+12:00,57.2,-36.604782,174.802567,1
esp32_device_001,2026-05-24T08:36:17+12:00,57.2,-36.604778,174.802567,1
esp32_device_001,2026-05-24T08:36:22+12:00,57.2,-36.604778,174.802567,1
esp32_device_001,2026-05-24T08:36:27+12:00,57.2,-36.604774,174.802567,1
esp32_device_001,2026-05-24T08:36:32+12:00,57.2,-36.604774,174.802567,1
esp32_device_001,2026-05-24T08:36:37+12:00,57.2,-36.604774,174.802567,1
esp32_device_001,2026-05-24T08:36:42+12:00,57.2,-36.604771,174.802567,1
esp32_device_001,2026-05-24T08:36:47+12:00,57.2,-36.604767,174.802567,1
esp32_device_001,2026-05-24T08:36:52+12:00,57.2,-36.604763,174.802567,1
esp32_device_001,2026-05-24T08:36:57+12:00,57.2,-36.604763,174.802582,1
esp32_device_001,2026-05-24T08:37:02+12:00,57.2,-36.604767,174.802582,1
esp32_device_001,2026-05-24T08:37:07+12:00,57.2,-36.604771,174.802582,1
esp32_device_001,2026-05-24T08:37:12+12:00,57.2,-36.604778,174.802582,1
esp32_device_001,2026-05-24T08:37:17+12:00,57.2,-36.604774,174.802582,1
esp32_device_001,2026-05-24T08:37:22+12:00,57.2,-36.604774,174.802582,1
esp32_device_001,2026-05-24T08:37:27+12:00,57.2,-36.604774,174.802597,1
esp32_device_001,2026-05-24T08:37:32+12:00,57.2,-36.604782,174.802597,1
esp32_device_001,2026-05-24T08:37:37+12:00,57.2,-36.604778,174.802597,1
esp32_device_001,2026-05-24T08:37:42+12:00,57.2,-36.604774,174.802612,1
esp32_device_001,2026-05-24T08:37:47+12:00,57.2,-36.604763,174.802612,1
esp32_device_001,2026-05-24T08:37:52+12:00,57.2,-36.604755,174.802612,1
esp32_device_001,2026-05-24T08:37:57+12:00,57.2,-36.604744,174.802612,1
esp32_device_001,2026-05-24T08:38:02+12:00,57.2,-36.604733,174.802612,1
esp32_device_001,2026-05-24T08:38:07+12:00,57.2,-36.604725,174.802612,1
esp32_device_001,2026-05-24T08:38:12+12:00,57.2,-36.604713,174.802612,1
esp32_device_001,2026-05-24T08:38:17+12:00,57.2,-36.604702,174.802628,1
esp32_device_001,2026-05-24T08:38:22+12:00,57.2,-36.604694,174.802628,1
esp32_device_001,2026-05-24T08:38:27+12:00,57.2,-36.604687,174.802628,1
esp32_device_001,2026-05-24T08:38:32+12:00,57.2,-36.604679,174.802628,1
esp32_device_001,2026-05-24T08:38:37+12:00,57.2,-36.604679,174.802628,1
esp32_device_001,2026-05-24T08:38:42+12:00,57.2,-36.604679,174.802612,1
esp32_device_001,2026-05-24T08:38:47+12:00,57.2,-36.604679,174.802597,1
esp32_device_001,2026-05-24T08:38:52+12:00,57.2,-36.604679,174.802597,1
esp32_device_001,2026-05-24T08:38:57+12:00,57.2,-36.604675,174.802582,1
esp32_device_001,2026-05-24T08:39:02+12:00,57.2,-36.604671,174.802582,1
esp32_device_001,2026-05-24T08:39:07+12:00,57.2,-36.604668,174.802582,1
esp32_device_001,2026-05-24T08:39:12+12:00,57.2,-36.604664,174.802582,1
esp32_device_001,2026-05-24T08:39:17+12:00,57.2,-36.60466,174.802567,1
esp32_device_001,2026-05-24T08:39:22+12:00,57.2,-36.604656,174.802567,1
esp32_device_001,2026-05-24T08:39:27+12:00,57.2,-36.604652,174.802567,1
esp32_device_001,2026-05-24T08:39:32+12:00,57.2,-36.604645,174.802567,1
esp32_device_001,2026-05-24T08:39:37+12:00,57.2,-36.604645,174.802567,1
esp32_device_001,2026-05-24T08:39:42+12:00,57.2,-36.604649,174.802567,1
esp32_device_001,2026-05-24T08:39:47+12:00,57.2,-36.604656,174.802567,1
esp32_device_001,2026-05-24T08:39:52+12:00,57.2,-36.60466,174.802567,1
esp32_device_001,2026-05-24T08:39:57+12:00,57.2,-36.60466,174.802567,1
esp32_device_001,2026-05-24T08:40:02+12:00,57.2,-36.604664,174.802551,1
esp32_device_001,2026-05-24T08:40:07+12:00,57.2,-36.604671,174.802551,1
esp32_device_001,2026-05-24T08:40:12+12:00,57.2,-36.604683,174.802551,1
esp32_device_001,2026-05-24T08:40:17+12:00,57.2,-36.604683,174.802536,1
esp32_device_001,2026-05-24T08:40:22+12:00,57.2,-36.604691,174.802536,1
esp32_device_001,2026-05-24T08:40:27+12:00,57.2,-36.604691,174.802536,1
esp32_device_001,2026-05-24T08:40:32+12:00,57.2,-36.604694,174.802536,1
esp32_device_001,2026-05-24T08:40:37+12:00,57.2,-36.604694,174.802551,1
esp32_device_001,2026-05-24T08:40:42+12:00,57.2,-36.604706,174.802536,1
esp32_device_001,2026-05-24T08:40:47+12:00,57.2,-36.60471,174.802536,1
esp32_device_001,2026-05-24T08:40:52+12:00,57.2,-36.60471,174.802536,1
esp32_device_001,2026-05-24T08:40:57+12:00,57.2,-36.604713,174.802551,1
esp32_device_001,2026-05-24T08:41:02+12:00,57.2,-36.604713,174.802551,1
esp32_device_001,2026-05-24T08:41:07+12:00,31,-36.604713,174.802551,1
esp32_device_001,2026-05-24T08:41:12+12:00,31,-36.604717,174.802567,1
esp32_device_001,2026-05-24T08:41:17+12:00,31,-36.604721,174.802567,1
esp32_device_001,2026-05-24T08:41:22+12:00,31,-36.604721,174.802567,1
esp32_device_001,2026-05-24T08:41:27+12:00,31,-36.604725,174.802567,1
esp32_device_001,2026-05-24T08:41:32+12:00,31,-36.604725,174.802567,1
esp32_device_001,2026-05-24T08:41:37+12:00,31,-36.604721,174.802582,1
esp32_device_001,2026-05-24T08:41:42+12:00,31,-36.604721,174.802582,1
esp32_device_001,2026-05-24T08:41:47+12:00,31,-36.604725,174.802582,1
esp32_device_001,2026-05-24T08:41:52+12:00,31,-36.604729,174.802582,1
esp32_device_001,2026-05-24T08:41:57+12:00,31,-36.604729,174.802582,1
esp32_device_001,2026-05-24T08:42:02+12:00,31,-36.604729,174.802582,1
esp32_device_001,2026-05-24T08:42:07+12:00,31,-36.604733,174.802582,1
esp32_device_001,2026-05-24T08:42:12+12:00,31,-36.604733,174.802582,1
esp32_device_001,2026-05-24T08:42:17+12:00,26,-36.604733,174.802582,1
esp32_device_001,2026-05-24T08:42:31+12:00,58,-36.60474,174.802582,1
esp32_device_001,2026-05-24T08:42:36+12:00,58.6,-36.60474,174.802582,1
esp32_device_001,2026-05-24T08:42:41+12:00,59.9,-36.604736,174.802582,1
esp32_device_001,2026-05-24T08:42:46+12:00,61,-36.604733,174.802582,1
esp32_device_001,2026-05-24T08:42:51+12:00,62,-36.604725,174.802582,1
esp32_device_001,2026-05-24T08:42:56+12:00,63.1,-36.604721,174.802582,1
esp32_device_001,2026-05-24T08:43:01+12:00,64.8,-36.604713,174.802582,1
esp32_device_001,2026-05-24T08:43:06+12:00,64.9,-36.604713,174.802582,1
esp32_device_001,2026-05-24T08:43:11+12:00,64,-36.604713,174.802582,1
esp32_device_001,2026-05-24T08:43:16+12:00,63.4,-36.604713,174.802582,1
esp32_device_001,2026-05-24T08:43:21+12:00,63.1,-36.604713,174.802582,1
esp32_device_001,2026-05-24T08:43:26+12:00,63.9,-36.604717,174.802582,1
esp32_device_001,2026-05-24T08:43:31+12:00,62.4,-36.604717,174.802582,1
esp32_device_001,2026-05-24T08:43:36+12:00,61.5,-36.604717,174.802582,1
esp32_device_001,2026-05-24T08:43:41+12:00,59.7,-36.604721,174.802582,1
esp32_device_001,2026-05-24T08:43:46+12:00,59.6,-36.604713,174.802567,1
esp32_device_001,2026-05-24T08:43:51+12:00,59.6,-36.604713,174.802567,1
esp32_device_001,2026-05-24T08:43:56+12:00,59.7,-36.604721,174.802567,1
esp32_device_001,2026-05-24T08:44:01+12:00,58.3,-36.604729,174.802567,1
esp32_device_001,2026-05-24T08:44:06+12:00,55.6,-36.604759,174.802567,1
esp32_device_001,2026-05-24T08:44:11+12:00,53.6,-36.604782,174.802567,1
esp32_device_001,2026-05-24T08:44:16+12:00,54.6,-36.604782,174.802582,1
esp32_device_001,2026-05-24T08:44:21+12:00,55.2,-36.604782,174.802597,1
esp32_device_001,2026-05-24T08:44:26+12:00,54.5,-36.60479,174.802597,1
esp32_device_001,2026-05-24T08:44:31+12:00,53.6,-36.604797,174.802597,1
esp32_device_001,2026-05-24T08:44:36+12:00,51.9,-36.604813,174.802612,1
esp32_device_001,2026-05-24T08:44:41+12:00,51,-36.604813,174.802612,1
esp32_device_001,2026-05-24T08:44:46+12:00,51,-36.604801,174.802612,1
esp32_device_001,2026-05-24T08:44:51+12:00,52,-36.604782,174.802597,1
esp32_device_001,2026-05-24T08:44:56+12:00,52.2,-36.604774,174.802597,1
esp32_device_001,2026-05-24T08:45:01+12:00,54,-36.604755,174.802597,1
esp32_device_001,2026-05-24T08:45:06+12:00,54.5,-36.604752,174.802612,1
esp32_device_001,2026-05-24T08:45:11+12:00,54.9,-36.604748,174.802612,1
esp32_device_001,2026-05-24T08:45:16+12:00,55.7,-36.604736,174.802612,1
esp32_device_001,2026-05-24T08:45:21+12:00,55.3,-36.60474,174.802612,1
esp32_device_001,2026-05-24T08:45:26+12:00,55.1,-36.604744,174.802612,1
esp32_device_001,2026-05-24T08:45:31+12:00,56.5,-36.604733,174.802612,1
esp32_device_001,2026-05-24T08:45:36+12:00,58.2,-36.604721,174.802612,1
esp32_device_001,2026-05-24T08:45:41+12:00,59,-36.604713,174.802612,1
esp32_device_001,2026-05-24T08:45:46+12:00,58.8,-36.60471,174.802612,1
esp32_device_001,2026-05-24T08:45:51+12:00,57.7,-36.604721,174.802612,1
esp32_device_001,2026-05-24T08:45:56+12:00,58.3,-36.604713,174.802597,1
esp32_device_001,2026-05-24T08:46:01+12:00,58.9,-36.604717,174.802612,1
esp32_device_001,2026-05-24T08:46:06+12:00,59,-36.604721,174.802597,1
esp32_device_001,2026-05-24T08:46:11+12:00,60.7,-36.60471,174.802612,1
esp32_device_001,2026-05-24T08:46:16+12:00,62.8,-36.604694,174.802597,1
esp32_device_001,2026-05-24T08:46:21+12:00,65.7,-36.60466,174.802597,1
esp32_device_001,2026-05-24T08:46:26+12:00,66.2,-36.604652,174.802597,1
esp32_device_001,2026-05-24T08:46:31+12:00,66.2,-36.604656,174.802597,1
esp32_device_001,2026-05-24T08:46:36+12:00,67.7,-36.604645,174.802597,1
esp32_device_001,2026-05-24T08:46:41+12:00,67.5,-36.604645,174.802597,1
esp32_device_001,2026-05-24T08:46:46+12:00,66.9,-36.604652,174.802597,1
esp32_device_001,2026-05-24T08:46:51+12:00,67.1,-36.604641,174.802582,1
esp32_device_001,2026-05-24T08:46:56+12:00,67.2,-36.60463,174.802582,1
esp32_device_001,2026-05-24T08:47:01+12:00,66.7,-36.60463,174.802582,1
esp32_device_001,2026-05-24T08:47:06+12:00,66.4,-36.604633,174.802582,1
esp32_device_001,2026-05-24T08:47:11+12:00,65.3,-36.604637,174.802567,1
esp32_device_001,2026-05-24T08:47:16+12:00,63.1,-36.604656,174.802567,1
esp32_device_001,2026-05-24T08:47:21+12:00,62.6,-36.60466,174.802567,1
esp32_device_001,2026-05-24T08:47:26+12:00,61.7,-36.604664,174.802567,1
esp32_device_001,2026-05-24T08:47:31+12:00,61.4,-36.604668,174.802567,1
esp32_device_001,2026-05-24T08:47:36+12:00,60.7,-36.604668,174.802567,1
esp32_device_001,2026-05-24T08:47:41+12:00,60,-36.604668,174.802567,1
esp32_device_001,2026-05-24T08:47:46+12:00,59.7,-36.604664,174.802551,1
esp32_device_001,2026-05-24T08:47:51+12:00,60,-36.604664,174.802551,1
esp32_device_001,2026-05-24T08:47:56+12:00,60.2,-36.604656,174.802551,1
esp32_device_001,2026-05-24T08:48:01+12:00,61.1,-36.604652,174.802551,1
esp32_device_001,2026-05-24T08:48:06+12:00,61.4,-36.604645,174.802536,1
esp32_device_001,2026-05-24T08:48:11+12:00,61,-36.604641,174.802536,1
esp32_device_001,2026-05-24T08:48:16+12:00,60.7,-36.604637,174.802536,1
esp32_device_001,2026-05-24T08:48:21+12:00,59.1,-36.604641,174.802521,1
esp32_device_001,2026-05-24T08:48:26+12:00,58.3,-36.604637,174.802521,1
esp32_device_001,2026-05-24T08:48:31+12:00,57.6,-36.604641,174.802521,1
esp32_device_001,2026-05-24T08:48:36+12:00,57.8,-36.604641,174.802521,1
esp32_device_001,2026-05-24T08:48:41+12:00,57.3,-36.604645,174.802521,1
esp32_device_001,2026-05-24T08:48:46+12:00,57.2,-36.604641,174.802505,1
esp32_device_001,2026-05-24T08:48:51+12:00,57,-36.604641,174.802505,1
esp32_device_001,2026-05-24T08:48:56+12:00,57.4,-36.604641,174.802505,1
esp32_device_001,2026-05-24T08:49:01+12:00,58.3,-36.604641,174.802505,1
esp32_device_001,2026-05-24T08:49:06+12:00,59,-36.604645,174.802505,1
esp32_device_001,2026-05-24T08:49:11+12:00,59.3,-36.604649,174.802505,1
esp32_device_001,2026-05-24T08:49:16+12:00,60,-36.604652,174.802521,1
esp32_device_001,2026-05-24T08:49:21+12:00,60,-36.604652,174.802521,1
esp32_device_001,2026-05-24T08:49:26+12:00,60.5,-36.604649,174.802521,1
esp32_device_001,2026-05-24T08:49:31+12:00,60.6,-36.604637,174.802505,1
esp32_device_001,2026-05-24T08:49:36+12:00,60.8,-36.604637,174.802505,1
esp32_device_001,2026-05-24T08:49:41+12:00,60.8,-36.604637,174.802505,1
esp32_device_001,2026-05-24T08:49:46+12:00,60.4,-36.604637,174.802505,1
esp32_device_001,2026-05-24T08:49:51+12:00,60.4,-36.604641,174.802521,1
esp32_device_001,2026-05-24T08:49:56+12:00,60.7,-36.604652,174.802521,1
esp32_device_001,2026-05-24T08:50:01+12:00,61.9,-36.604656,174.802521,1
esp32_device_001,2026-05-24T08:50:06+12:00,62.3,-36.604664,174.802536,1
esp32_device_001,2026-05-24T08:50:11+12:00,62.1,-36.604671,174.802536,1
esp32_device_001,2026-05-24T08:50:16+12:00,61.7,-36.604679,174.802536,1
esp32_device_001,2026-05-24T08:50:21+12:00,61.7,-36.604687,174.802536,1
esp32_device_001,2026-05-24T08:50:26+12:00,62.8,-36.604687,174.802536,1
esp32_device_001,2026-05-24T08:50:31+12:00,63.8,-36.604679,174.802536,1
esp32_device_001,2026-05-24T08:50:36+12:00,64.9,-36.604675,174.802536,1
esp32_device_001,2026-05-24T08:50:41+12:00,65.5,-36.604671,174.802536,1
esp32_device_001,2026-05-24T08:50:46+12:00,66.3,-36.604675,174.802551,1
esp32_device_001,2026-05-24T08:50:51+12:00,66.1,-36.604671,174.802551,1
esp32_device_001,2026-05-24T08:50:56+12:00,66.1,-36.604675,174.802551,1
esp32_device_001,2026-05-24T08:51:01+12:00,65.3,-36.604679,174.802551,1
esp32_device_001,2026-05-24T08:51:06+12:00,64.4,-36.604679,174.802551,1
esp32_device_001,2026-05-24T08:51:11+12:00,62.8,-36.604683,174.802567,1
esp32_device_001,2026-05-24T08:51:16+12:00,61.9,-36.604683,174.802567,1
esp32_device_001,2026-05-24T08:51:21+12:00,59.8,-36.604691,174.802567,1
esp32_device_001,2026-05-24T08:51:26+12:00,58.2,-36.604691,174.802567,1
esp32_device_001,2026-05-24T08:51:31+12:00,57,-36.604687,174.802551,1
esp32_device_001,2026-05-24T08:51:36+12:00,56.1,-36.604683,174.802551,1
esp32_device_001,2026-05-24T08:51:41+12:00,55.5,-36.604691,174.802551,1
esp32_device_001,2026-05-24T08:51:46+12:00,55.2,-36.604694,174.802551,1
esp32_device_001,2026-05-24T08:51:51+12:00,54.7,-36.604698,174.802567,1
esp32_device_001,2026-05-24T08:51:56+12:00,53.7,-36.604706,174.802567,1
esp32_device_001,2026-05-24T08:52:01+12:00,53.4,-36.60471,174.802567,1
esp32_device_001,2026-05-24T08:52:06+12:00,52.9,-36.604717,174.802567,1
esp32_device_001,2026-05-24T08:52:11+12:00,53.8,-36.604713,174.802567,1
esp32_device_001,2026-05-24T08:52:16+12:00,54,-36.60471,174.802567,1
esp32_device_001,2026-05-24T08:54:47+12:00,55.2,-36.60471,174.802551,1
esp32_device_001,2026-05-24T08:54:52+12:00,55.1,-36.604698,174.802551,1
esp32_device_001,2026-05-24T08:54:57+12:00,56,-36.604691,174.802551,1
esp32_device_001,2026-05-24T08:55:02+12:00,57.6,-36.604691,174.802551,1
esp32_device_001,2026-05-24T08:55:07+12:00,58.1,-36.604694,174.802551,1
esp32_device_001,2026-05-24T08:55:12+12:00,58.9,-36.604702,174.802567,1
esp32_device_001,2026-05-24T08:55:17+12:00,59,-36.604706,174.802567,1
esp32_device_001,2026-05-24T08:55:22+12:00,59,-36.60471,174.802567,1
esp32_device_001,2026-05-24T08:55:27+12:00,59.7,-36.604713,174.802567,1
esp32_device_001,2026-05-24T08:55:32+12:00,60,-36.604721,174.802582,1
esp32_device_001,2026-05-24T08:55:37+12:00,60.7,-36.604729,174.802582,1
esp32_device_001,2026-05-24T08:55:42+12:00,61.8,-36.604729,174.802582,1
esp32_device_001,2026-05-24T08:55:47+12:00,62.6,-36.604736,174.802597,1
esp32_device_001,2026-05-24T08:55:52+12:00,63.1,-36.604733,174.802597,1
esp32_device_001,2026-05-24T08:55:57+12:00,62.8,-36.604729,174.802597,1
esp32_device_001,2026-05-24T08:56:02+12:00,60.7,-36.604729,174.802582,1
esp32_device_001,2026-05-24T08:56:07+12:00,59.6,-36.60474,174.802597,1
esp32_device_001,2026-05-24T08:56:12+12:00,59.7,-36.604748,174.802597,1
esp32_device_001,2026-05-24T08:56:17+12:00,59.3,-36.604748,174.802597,1
esp32_device_001,2026-05-24T08:56:22+12:00,57.8,-36.604752,174.802597,1
esp32_device_001,2026-05-24T08:56:27+12:00,56.2,-36.604755,174.802597,1
esp32_device_001,2026-05-24T08:56:32+12:00,56.9,-36.604759,174.802597,1
esp32_device_001,2026-05-24T08:56:37+12:00,56.4,-36.604759,174.802597,1
esp32_device_001,2026-05-24T08:56:42+12:00,57.2,-36.604763,174.802612,1
esp32_device_001,2026-05-24T08:56:47+12:00,55.7,-36.604759,174.802597,1
esp32_device_001,2026-05-24T08:56:52+12:00,56.1,-36.604759,174.802597,1
esp32_device_001,2026-05-24T08:56:57+12:00,55.8,-36.604759,174.802612,1
esp32_device_001,2026-05-24T08:57:02+12:00,56.2,-36.604755,174.802612,1
esp32_device_001,2026-05-24T08:57:07+12:00,54.5,-36.604744,174.802597,1
esp32_device_001,2026-05-24T08:57:12+12:00,53.8,-36.60474,174.802597,1
esp32_device_001,2026-05-24T08:57:17+12:00,51.9,-36.604736,174.802582,1
esp32_device_001,2026-05-24T08:58:20+12:00,59,-36.604736,174.802582,1
esp32_device_001,2026-05-24T08:58:25+12:00,60.2,-36.604748,174.802597,1
esp32_device_001,2026-05-24T08:58:30+12:00,60.5,-36.60474,174.802597,1
esp32_device_001,2026-05-24T08:58:35+12:00,52.7,-36.604881,174.802673,1
esp32_device_001,2026-05-24T08:58:40+12:00,52,-36.6049,174.802689,1
esp32_device_001,2026-05-24T08:58:45+12:00,51.2,-36.604931,174.802704,1
esp32_device_001,2026-05-24T08:58:50+12:00,50.6,-36.604927,174.802704,1
esp32_device_001,2026-05-24T08:58:55+12:00,52.2,-36.604912,174.802704,1
esp32_device_001,2026-05-24T08:59:00+12:00,54.6,-36.604916,174.802704,1
esp32_device_001,2026-05-24T08:59:05+12:00,56.4,-36.60487,174.802673,1
esp32_device_001,2026-05-24T08:59:10+12:00,57.7,-36.604843,174.802658,1
esp32_device_001,2026-05-24T08:59:15+12:00,59.6,-36.60482,174.802643,1
esp32_device_001,2026-05-24T08:59:20+12:00,61.7,-36.604809,174.802643,1
esp32_device_001,2026-05-24T08:59:25+12:00,65.1,-36.604767,174.802628,1
esp32_device_001,2026-05-24T08:59:30+12:00,68.6,-36.604729,174.802612,1
esp32_device_001,2026-05-24T08:59:35+12:00,69,-36.604721,174.802597,1
esp32_device_001,2026-05-24T08:59:40+12:00,67.5,-36.604683,174.802582,1
esp32_device_001,2026-05-24T08:59:45+12:00,68.8,-36.604691,174.802582,1
esp32_device_001,2026-05-24T08:59:50+12:00,69.1,-36.604702,174.802582,1
esp32_device_001,2026-05-24T08:59:55+12:00,69.8,-36.604717,174.802597,1
esp32_device_001,2026-05-24T09:00:00+12:00,70,-36.604733,174.802612,1
esp32_device_001,2026-05-24T09:00:05+12:00,68.1,-36.604725,174.802597,1
esp32_device_001,2026-05-24T09:00:10+12:00,66.1,-36.604725,174.802597,1
esp32_device_001,2026-05-24T09:00:15+12:00,64.1,-36.604725,174.802582,1
esp32_device_001,2026-05-24T09:00:20+12:00,62.5,-36.604729,174.802582,1
esp32_device_001,2026-05-24T09:00:25+12:00,61.4,-36.604736,174.802597,1
esp32_device_001,2026-05-24T09:00:30+12:00,60.8,-36.604752,174.802597,1
esp32_device_001,2026-05-24T09:00:35+12:00,59.8,-36.604752,174.802597,1
esp32_device_001,2026-05-24T09:00:40+12:00,58.8,-36.604748,174.802597,1
esp32_device_001,2026-05-24T09:00:45+12:00,58.5,-36.60474,174.802597,1
esp32_device_001,2026-05-24T09:00:50+12:00,57.7,-36.604733,174.802582,1
esp32_device_001,2026-05-24T09:00:55+12:00,57.7,-36.604736,174.802582,1
esp32_device_001,2026-05-24T09:01:00+12:00,56.4,-36.60474,174.802597,1
esp32_device_001,2026-05-24T09:01:05+12:00,55.7,-36.604748,174.802597,1
esp32_device_001,2026-05-24T09:01:10+12:00,55.4,-36.60474,174.802597,1
esp32_device_001,2026-05-24T09:01:15+12:00,55.6,-36.604729,174.802582,1
esp32_device_001,2026-05-24T09:01:20+12:00,55.3,-36.604721,174.802582,1
esp32_device_001,2026-05-24T09:01:25+12:00,55.8,-36.604706,174.802582,1
esp32_device_001,2026-05-24T09:01:30+12:00,57,-36.604702,174.802567,1
esp32_device_001,2026-05-24T09:01:35+12:00,57.9,-36.604702,174.802567,1
esp32_device_001,2026-05-24T09:01:40+12:00,58.4,-36.604706,174.802567,1
esp32_device_001,2026-05-24T09:01:45+12:00,56.9,-36.604702,174.802567,1
esp32_device_001,2026-05-24T09:01:50+12:00,57.1,-36.604706,174.802567,1
esp32_device_001,2026-05-24T09:01:55+12:00,58,-36.604702,174.802567,1
esp32_device_001,2026-05-24T09:02:00+12:00,57.8,-36.604706,174.802582,1
esp32_device_001,2026-05-24T09:02:05+12:00,58.4,-36.604706,174.802582,1
esp32_device_001,2026-05-24T09:02:10+12:00,58.4,-36.60471,174.802582,1
esp32_device_001,2026-05-24T09:02:15+12:00,58.4,-36.60471,174.802582,1
esp32_device_001,2026-05-24T09:05:05+12:00,55.6,-36.60474,174.802582,1
esp32_device_001,2026-05-24T09:05:10+12:00,57.5,-36.604725,174.802567,1
esp32_device_001,2026-05-24T09:05:15+12:00,58.2,-36.604721,174.802567,1
esp32_device_001,2026-05-24T09:05:20+12:00,59.4,-36.60471,174.802567,1
esp32_device_001,2026-05-24T09:05:25+12:00,61,-36.604702,174.802551,1
esp32_device_001,2026-05-24T09:05:30+12:00,62.8,-36.604706,174.802567,1
esp32_device_001,2026-05-24T09:05:35+12:00,64,-36.604706,174.802567,1
esp32_device_001,2026-05-24T09:05:40+12:00,64.9,-36.60471,174.802567,1
esp32_device_001,2026-05-24T09:05:45+12:00,63.5,-36.604721,174.802582,1
esp32_device_001,2026-05-24T09:05:50+12:00,64,-36.604706,174.802567,1
esp32_device_001,2026-05-24T09:05:55+12:00,64.6,-36.604694,174.802551,1
esp32_device_001,2026-05-24T09:06:00+12:00,64,-36.604702,174.802567,1
esp32_device_001,2026-05-24T09:06:05+12:00,63.5,-36.604698,174.802567,1
esp32_device_001,2026-05-24T09:06:10+12:00,63.3,-36.604698,174.802567,1
esp32_device_001,2026-05-24T09:06:15+12:00,62.1,-36.604706,174.802567,1
esp32_device_001,2026-05-24T09:06:20+12:00,61.4,-36.604713,174.802582,1
esp32_device_001,2026-05-24T09:06:25+12:00,61.4,-36.604713,174.802582,1
esp32_device_001,2026-05-24T09:06:30+12:00,61.5,-36.604702,174.802567,1
esp32_device_001,2026-05-24T09:06:35+12:00,60.8,-36.604698,174.802567,1
esp32_device_001,2026-05-24T09:06:40+12:00,60.7,-36.604687,174.802551,1
esp32_device_001,2026-05-24T09:06:45+12:00,61.4,-36.604675,174.802551,1
esp32_device_001,2026-05-24T09:06:50+12:00,61.1,-36.604675,174.802551,1
esp32_device_001,2026-05-24T09:06:55+12:00,61.1,-36.604668,174.802536,1
esp32_device_001,2026-05-24T09:07:00+12:00,61,-36.604671,174.802551,1
esp32_device_001,2026-05-24T09:07:05+12:00,61.5,-36.60466,174.802536,1
esp32_device_001,2026-05-24T09:07:10+12:00,60.9,-36.604668,174.802536,1
esp32_device_001,2026-05-24T09:07:15+12:00,60.7,-36.604687,174.802551,1
esp32_device_001,2026-05-24T09:07:34+12:00,60.7,-36.604725,174.802597,1
esp32_device_001,2026-05-24T09:07:39+12:00,60.7,-36.604725,174.802582,1
esp32_device_001,2026-05-24T09:07:44+12:00,60.7,-36.604717,174.802582,1
esp32_device_001,2026-05-24T09:07:49+12:00,60.7,36.603733,0.066667,2
esp32_device_001,2026-05-24T09:07:54+12:00,60.7,-36.604729,174.802597,3
esp32_device_001,2026-05-24T09:07:59+12:00,60.7,-36.60471,174.802567,3
esp32_device_001,2026-05-24T09:08:04+12:00,60.7,-36.604702,174.802567,3
esp32_device_001,2026-05-24T09:08:09+12:00,60.7,-36.604702,174.802567,3
esp32_device_001,2026-05-24T09:08:14+12:00,60.7,-36.604698,174.802567,3
esp32_device_001,2026-05-24T09:08:19+12:00,60.7,-36.604717,174.802582,3
esp32_device_001,2026-05-24T09:08:24+12:00,60.7,-36.604698,174.802567,3
esp32_device_001,2026-05-24T09:08:29+12:00,60.7,-36.604702,174.802582,3
esp32_device_001,2026-05-24T09:08:34+12:00,60.7,-36.604702,174.802582,3
esp32_device_001,2026-05-24T09:08:39+12:00,60.7,-36.604679,174.802567,3
esp32_device_001,2026-05-24T09:08:44+12:00,60.7,-36.604645,174.802536,3
esp32_device_001,2026-05-24T09:08:49+12:00,60.7,-36.60463,174.802521,3
esp32_device_001,2026-05-24T09:08:54+12:00,60.7,-36.604614,174.802505,3
esp32_device_001,2026-05-24T09:08:59+12:00,60.7,-36.604622,174.802521,3
esp32_device_001,2026-05-24T09:09:04+12:00,60.7,-36.604626,174.802521,3
esp32_device_001,2026-05-24T09:09:09+12:00,60.7,-36.604622,174.802521,3
esp32_device_001,2026-05-24T09:09:14+12:00,60.7,-36.60461,174.802521,3
esp32_device_001,2026-05-24T09:09:19+12:00,60.7,-36.604607,174.802505,3
esp32_device_001,2026-05-24T09:09:24+12:00,60.7,-36.604599,174.802505,3
esp32_device_001,2026-05-24T09:09:29+12:00,60.7,-36.60458,174.80249,3
esp32_device_001,2026-05-24T09:09:34+12:00,60.7,-36.604584,174.80249,3
esp32_device_001,2026-05-24T09:09:39+12:00,60.7,-36.604599,174.802505,3
esp32_device_001,2026-05-24T09:09:44+12:00,60.7,-36.604599,174.802521,3
esp32_device_001,2026-05-24T09:09:49+12:00,60.7,-36.604603,174.802521,3
esp32_device_001,2026-05-24T09:09:54+12:00,60.7,-36.604637,174.802551,3
esp32_device_001,2026-05-24T09:09:59+12:00,60.7,-36.604626,174.802536,3
esp32_device_001,2026-05-24T09:10:04+12:00,60.7,-36.604626,174.802521,3
esp32_device_001,2026-05-24T09:10:09+12:00,60.7,-36.60461,174.802505,3
esp32_device_001,2026-05-24T09:10:14+12:00,60.7,-36.604603,174.80249,3
esp32_device_001,2026-05-24T09:10:19+12:00,60.7,-36.604618,174.802505,3
esp32_device_001,2026-05-24T09:10:24+12:00,60.7,-36.60461,174.80249,3
esp32_device_001,2026-05-24T09:10:29+12:00,60.7,-36.604622,174.80249,3
esp32_device_001,2026-05-24T09:10:34+12:00,60.7,-36.604622,174.80249,3
esp32_device_001,2026-05-24T09:10:39+12:00,60.7,-36.60463,174.80249,3
esp32_device_001,2026-05-24T09:10:44+12:00,60.7,-36.604649,174.802505,3
esp32_device_001,2026-05-24T09:10:49+12:00,60.7,-36.604668,174.802521,3
esp32_device_001,2026-05-24T09:10:54+12:00,60.7,-36.604694,174.802551,3
esp32_device_001,2026-05-24T09:10:59+12:00,60.7,-36.604698,174.802551,3
esp32_device_001,2026-05-24T09:11:04+12:00,60.7,-36.604713,174.802567,3
esp32_device_001,2026-05-24T09:11:09+12:00,60.7,-36.604713,174.802567,3
esp32_device_001,2026-05-24T09:11:14+12:00,60.7,-36.604717,174.802567,3
esp32_device_001,2026-05-24T09:11:19+12:00,60.7,-36.604713,174.802551,3
esp32_device_001,2026-05-24T09:11:24+12:00,60.7,-36.60471,174.802551,3
esp32_device_001,2026-05-24T09:11:29+12:00,60.7,-36.604717,174.802551,3
esp32_device_001,2026-05-24T09:11:34+12:00,60.7,-36.604729,174.802551,3
esp32_device_001,2026-05-24T09:11:39+12:00,60.7,-36.604736,174.802567,3
esp32_device_001,2026-05-24T09:11:44+12:00,60.7,-36.604752,174.802582,3
esp32_device_001,2026-05-24T09:11:49+12:00,60.7,-36.604759,174.802582,3
esp32_device_001,2026-05-24T09:11:54+12:00,60.7,-36.604767,174.802597,3
esp32_device_001,2026-05-24T09:11:59+12:00,60.7,-36.604755,174.802582,3
esp32_device_001,2026-05-24T09:12:04+12:00,60.7,-36.60474,174.802567,3
esp32_device_001,2026-05-24T09:12:09+12:00,60.7,-36.604736,174.802567,3
esp32_device_001,2026-05-24T09:12:14+12:00,60.7,-36.604729,174.802551,3
esp32_device_001,2026-05-24T09:12:19+12:00,60.7,-36.604816,174.802628,3
esp32_device_001,2026-05-24T09:12:24+12:00,60.7,-36.604855,174.802643,3
esp32_device_001,2026-05-24T09:12:29+12:00,60.7,-36.604839,174.802628,3
esp32_device_001,2026-05-24T09:12:34+12:00,60.7,-36.604824,174.802628,3
esp32_device_001,2026-05-24T09:12:39+12:00,60.7,-36.604816,174.802612,3
esp32_device_001,2026-05-24T09:12:44+12:00,60.7,-36.604794,174.802597,3
esp32_device_001,2026-05-24T09:12:49+12:00,60.7,-36.604797,174.802597,3
esp32_device_001,2026-05-24T09:12:54+12:00,60.7,-36.604805,174.802612,3
esp32_device_001,2026-05-24T09:12:59+12:00,60.7,-36.604805,174.802612,3
esp32_device_001,2026-05-24T09:13:04+12:00,60.7,-36.604801,174.802597,3
esp32_device_001,2026-05-24T09:13:09+12:00,60.7,-36.60479,174.802597,3
esp32_device_001,2026-05-24T09:13:14+12:00,60.7,-36.604786,174.802582,3
esp32_device_001,2026-05-24T09:13:19+12:00,60.7,-36.604771,174.802582,3
esp32_device_001,2026-05-24T09:13:24+12:00,60.7,-36.604763,174.802567,3
esp32_device_001,2026-05-24T09:13:29+12:00,60.7,-36.604736,174.802551,3
esp32_device_001,2026-05-24T09:13:34+12:00,60.7,-36.604729,174.802551,3
esp32_device_001,2026-05-24T09:13:39+12:00,60.7,-36.604729,174.802551,3
esp32_device_001,2026-05-24T09:13:44+12:00,60.7,-36.604733,174.802551,3
esp32_device_001,2026-05-24T09:13:49+12:00,60.7,-36.604736,174.802551,3
esp32_device_001,2026-05-24T09:13:54+12:00,60.7,-36.604736,174.802551,3
esp32_device_001,2026-05-24T09:13:59+12:00,60.7,-36.604733,174.802551,3
esp32_device_001,2026-05-24T09:14:04+12:00,60.7,-36.604736,174.802551,3
esp32_device_001,2026-05-24T09:14:09+12:00,60.7,-36.604736,174.802551,3
esp32_device_001,2026-05-24T09:14:14+12:00,60.7,-36.604736,174.802551,3
esp32_device_001,2026-05-24T09:14:19+12:00,60.7,-36.604736,174.802551,3
esp32_device_001,2026-05-24T09:14:24+12:00,60.7,-36.604721,174.802536,3
esp32_device_001,2026-05-24T09:14:29+12:00,60.7,-36.604725,174.802536,3
esp32_device_001,2026-05-24T09:14:34+12:00,60.7,-36.60471,174.802536,3
esp32_device_001,2026-05-24T09:14:39+12:00,60.7,-36.60471,174.802536,3
esp32_device_001,2026-05-24T09:14:44+12:00,60.7,-36.604713,174.802536,3
esp32_device_001,2026-05-24T09:14:49+12:00,60.7,-36.604713,174.802536,3
esp32_device_001,2026-05-24T09:14:54+12:00,60.7,-36.60471,174.802536,3
esp32_device_001,2026-05-24T09:14:59+12:00,60.7,-36.604683,174.802521,3
esp32_device_001,2026-05-24T09:15:04+12:00,60.7,-36.604668,174.802505,3
esp32_device_001,2026-05-24T09:15:09+12:00,60.7,-36.604637,174.80249,3
esp32_device_001,2026-05-24T09:15:14+12:00,60.7,-36.60463,174.802475,3
esp32_device_001,2026-05-24T09:15:19+12:00,60.7,-36.60463,174.80249,3
esp32_device_001,2026-05-24T09:15:24+12:00,60.7,-36.604641,174.80249,3
esp32_device_001,2026-05-24T09:15:29+12:00,60.7,-36.604652,174.802505,3
esp32_device_001,2026-05-24T09:15:34+12:00,60.7,-36.604664,174.802521,3
esp32_device_001,2026-05-24T09:15:39+12:00,60.7,-36.604675,174.802521,3
esp32_device_001,2026-05-24T09:15:44+12:00,60.7,-36.604687,174.802536,3
esp32_device_001,2026-05-24T09:15:49+12:00,60.7,-36.604687,174.802551,3
esp32_device_001,2026-05-24T09:15:54+12:00,60.7,-36.604687,174.802551,3
esp32_device_001,2026-05-24T09:15:59+12:00,60.7,-36.604706,174.802567,3
esp32_device_001,2026-05-24T09:16:04+12:00,60.7,-36.60471,174.802567,3
esp32_device_001,2026-05-24T09:16:09+12:00,60.7,-36.604702,174.802567,3
esp32_device_001,2026-05-24T09:16:14+12:00,60.7,-36.604694,174.802567,3
esp32_device_001,2026-05-24T09:16:19+12:00,60.7,-36.604679,174.802551,3
esp32_device_001,2026-05-24T09:16:24+12:00,60.7,-36.604668,174.802551,3
esp32_device_001,2026-05-24T09:16:29+12:00,60.7,-36.60466,174.802551,3
esp32_device_001,2026-05-24T09:16:34+12:00,60.7,-36.604656,174.802551,3
esp32_device_001,2026-05-24T09:16:39+12:00,60.7,-36.604656,174.802551,3
esp32_device_001,2026-05-24T09:16:44+12:00,60.7,-36.604664,174.802551,3
esp32_device_001,2026-05-24T09:16:49+12:00,60.7,-36.604637,174.802536,3
esp32_device_001,2026-05-24T09:16:54+12:00,60.7,-36.604633,174.802536,3
esp32_device_001,2026-05-24T09:16:59+12:00,60.7,-36.604652,174.802551,3
esp32_device_001,2026-05-24T09:17:04+12:00,60.7,-36.604671,174.802567,3
esp32_device_001,2026-05-24T09:17:09+12:00,60.7,-36.604649,174.802551,3
esp32_device_001,2026-05-24T09:17:14+12:00,60.7,-36.604641,174.802536,3
esp32_device_001,2026-05-24T09:17:19+12:00,60.7,-36.60461,174.802505,3
esp32_device_001,2026-05-24T09:17:33+12:00,78,-36.604534,174.80246,3
esp32_device_001,2026-05-24T09:17:38+12:00,82,-36.604515,174.802429,3
esp32_device_001,2026-05-24T09:17:43+12:00,86,-36.604496,174.802414,3
esp32_device_001,2026-05-24T09:17:48+12:00,88.8,-36.604488,174.802414,3
esp32_device_001,2026-05-24T09:17:53+12:00,94.1,-36.60445,174.802368,3
esp32_device_001,2026-05-24T09:17:58+12:00,97.6,-36.60442,174.802353,3
esp32_device_001,2026-05-24T09:18:03+12:00,99.7,-36.604416,174.802338,3
esp32_device_001,2026-05-24T09:18:08+12:00,102.5,-36.604393,174.802322,3
esp32_device_001,2026-05-24T09:18:13+12:00,106.6,-36.604393,174.802322,3
esp32_device_001,2026-05-24T09:18:18+12:00,108.3,-36.604397,174.802322,3
esp32_device_001,2026-05-24T09:18:23+12:00,107.4,-36.604404,174.802338,3
esp32_device_001,2026-05-24T09:18:28+12:00,106.3,-36.604416,174.802338,3
esp32_device_001,2026-05-24T09:18:33+12:00,107.9,-36.604408,174.802338,3
esp32_device_001,2026-05-24T09:18:38+12:00,109.8,-36.604389,174.802307,3
esp32_device_001,2026-05-24T09:18:43+12:00,112.6,-36.60437,174.802292,3
esp32_device_001,2026-05-24T09:18:48+12:00,116.7,-36.604328,174.802261,3
esp32_device_001,2026-05-24T09:18:53+12:00,122.3,-36.604294,174.802231,3
esp32_device_001,2026-05-24T09:18:58+12:00,128,-36.604244,174.8022,3
esp32_device_001,2026-05-24T09:19:03+12:00,134.1,-36.604206,174.80217,3
esp32_device_001,2026-05-24T09:19:08+12:00,139.8,-36.604164,174.802139,3
esp32_device_001,2026-05-24T09:19:13+12:00,144.1,-36.604115,174.802109,3
esp32_device_001,2026-05-24T09:19:18+12:00,147.3,-36.604084,174.802094,3
esp32_device_001,2026-05-24T09:19:23+12:00,151.1,-36.604046,174.802063,3
esp32_device_001,2026-05-24T09:19:28+12:00,154.1,-36.604012,174.802032,3
esp32_device_001,2026-05-24T09:19:33+12:00,157.4,-36.603989,174.802017,3
esp32_device_001,2026-05-24T09:19:38+12:00,160.7,-36.603966,174.802002,3
esp32_device_001,2026-05-24T09:19:43+12:00,165.7,-36.603931,174.801971,3
esp32_device_001,2026-05-24T09:19:48+12:00,172.5,-36.603901,174.801941,3
esp32_device_001,2026-05-24T09:19:53+12:00,180.2,-36.60387,174.80191,3
esp32_device_001,2026-05-24T09:19:58+12:00,187.2,-36.603844,174.801895,3
esp32_device_001,2026-05-24T09:20:03+12:00,193,-36.603832,174.80188,3
esp32_device_001,2026-05-24T09:20:08+12:00,194.7,-36.603851,174.801895,3
esp32_device_001,2026-05-24T09:20:13+12:00,190.7,-36.603874,174.801956,3
esp32_device_001,2026-05-24T09:20:18+12:00,189,-36.603878,174.801971,3
esp32_device_001,2026-05-24T09:20:23+12:00,171.9,-36.603989,174.802094,3
esp32_device_001,2026-05-24T09:20:28+12:00,158.2,-36.604115,174.802185,3
esp32_device_001,2026-05-24T09:20:33+12:00,145.7,-36.604221,174.802277,3
esp32_device_001,2026-05-24T09:20:38+12:00,137.2,-36.604279,174.802322,3
esp32_device_001,2026-05-24T09:20:43+12:00,129,-36.604332,174.802368,3
esp32_device_001,2026-05-24T09:20:48+12:00,114.8,-36.604385,174.802429,3
esp32_device_001,2026-05-24T09:20:53+12:00,104.2,-36.604435,174.802475,3
esp32_device_001,2026-05-24T09:20:58+12:00,94.3,-36.604481,174.802505,3
esp32_device_001,2026-05-24T09:21:03+12:00,86.2,-36.604507,174.802551,3
esp32_device_001,2026-05-24T09:21:08+12:00,79.1,-36.60453,174.802551,3
esp32_device_001,2026-05-24T09:21:13+12:00,72.3,-36.604588,174.802551,3
esp32_device_001,2026-05-24T09:21:18+12:00,66.1,-36.604614,174.802551,3
esp32_device_001,2026-05-24T09:21:23+12:00,61.1,-36.60463,174.802536,3
esp32_device_001,2026-05-24T09:21:28+12:00,58.1,-36.60466,174.802551,3
esp32_device_001,2026-05-24T09:21:33+12:00,63.5,-36.604702,174.802551,3
esp32_device_001,2026-05-24T09:21:38+12:00,64.4,-36.604706,174.802551,3
esp32_device_001,2026-05-24T09:21:43+12:00,65.6,-36.604717,174.802551,3
esp32_device_001,2026-05-24T09:21:48+12:00,64.3,-36.604729,174.802551,3
esp32_device_001,2026-05-24T09:21:53+12:00,61.4,-36.604736,174.802567,3
esp32_device_001,2026-05-24T09:21:58+12:00,55.4,-36.604744,174.802551,3
esp32_device_001,2026-05-24T09:22:03+12:00,51.5,-36.604755,174.802536,3
esp32_device_001,2026-05-24T09:22:08+12:00,49.2,-36.604767,174.802536,3
esp32_device_001,2026-05-24T09:22:13+12:00,47.9,-36.604771,174.802536,3
esp32_device_001,2026-05-24T09:22:18+12:00,51.3,-36.604782,174.802521,3
esp32_device_001,2026-05-24T09:22:23+12:00,56,-36.604786,174.802505,3
esp32_device_001,2026-05-24T09:22:28+12:00,58.4,-36.60479,174.80249,3
esp32_device_001,2026-05-24T09:22:33+12:00,61.8,-36.604794,174.80249,3
esp32_device_001,2026-05-24T09:22:38+12:00,65,-36.604786,174.802505,3
esp32_device_001,2026-05-24T09:22:43+12:00,64,-36.60479,174.802505,3
esp32_device_001,2026-05-24T09:22:48+12:00,62.6,-36.604794,174.802505,3
esp32_device_001,2026-05-24T09:22:53+12:00,62.2,-36.604801,174.802521,3
esp32_device_001,2026-05-24T09:22:58+12:00,62.8,-36.604801,174.802521,3
esp32_device_001,2026-05-24T09:23:03+12:00,62.4,-36.604813,174.802536,3
esp32_device_001,2026-05-24T09:23:08+12:00,61.9,-36.604824,174.802536,3
esp32_device_001,2026-05-24T09:23:13+12:00,61,-36.604824,174.802536,3
esp32_device_001,2026-05-24T09:23:18+12:00,59.5,-36.60482,174.802536,3
esp32_device_001,2026-05-24T09:23:23+12:00,59,-36.604816,174.802536,3
esp32_device_001,2026-05-24T09:23:28+12:00,57.4,-36.604809,174.802551,3
esp32_device_001,2026-05-24T09:23:33+12:00,58.6,-36.604816,174.802551,3
esp32_device_001,2026-05-24T09:23:38+12:00,56.8,-36.604832,174.802536,3
esp32_device_001,2026-05-24T09:23:43+12:00,56.4,-36.604832,174.802536,3
esp32_device_001,2026-05-24T09:23:48+12:00,52.4,-36.604836,174.802536,3
esp32_device_001,2026-05-24T09:23:53+12:00,43.5,-36.604847,174.802536,3
esp32_device_001,2026-05-24T09:23:58+12:00,32.7,-36.604858,174.802536,3
esp32_device_001,2026-05-24T09:24:03+12:00,22,-36.604874,174.802536,3
esp32_device_001,2026-05-24T09:24:08+12:00,12.9,-36.604885,174.802536,3
esp32_device_001,2026-05-24T09:24:13+12:00,-6.9,-36.6049,174.802551,3
esp32_device_001,2026-05-24T09:24:18+12:00,-19.7,-36.604935,174.802551,3
esp32_device_001,2026-05-24T09:24:23+12:00,-27,-36.60495,174.802551,3
esp32_device_001,2026-05-24T09:24:28+12:00,-37.4,-36.604969,174.802567,3
esp32_device_001,2026-05-24T09:24:33+12:00,-41.6,-36.604977,174.802567,3
esp32_device_001,2026-05-24T09:24:38+12:00,-46.1,-36.604988,174.802582,3
esp32_device_001,2026-05-24T09:24:43+12:00,-49.3,-36.604984,174.802582,3
esp32_device_001,2026-05-24T09:24:48+12:00,-50.1,-36.604969,174.802582,3
esp32_device_001,2026-05-24T09:24:53+12:00,-51.9,-36.604973,174.802597,3
esp32_device_001,2026-05-24T09:24:58+12:00,-47.6,-36.604973,174.802612,3
esp32_device_001,2026-05-24T09:25:03+12:00,-39.4,-36.604973,174.802628,3
esp32_device_001,2026-05-24T09:25:08+12:00,-38.5,-36.605007,174.802658,3
esp32_device_001,2026-05-24T09:25:13+12:00,-37.3,-36.605022,174.802673,3
esp32_device_001,2026-05-24T09:25:18+12:00,-27.5,-36.605,174.802673,3
esp32_device_001,2026-05-24T09:25:23+12:00,-16.9,-36.604992,174.802689,3
esp32_device_001,2026-05-24T09:25:28+12:00,-5.9,-36.604969,174.802689,3
esp32_device_001,2026-05-24T09:25:33+12:00,2.3,-36.604935,174.802689,3
esp32_device_001,2026-05-24T09:25:38+12:00,8.4,-36.604904,174.802689,3
esp32_device_001,2026-05-24T09:25:43+12:00,14.6,-36.604881,174.802673,3
esp32_device_001,2026-05-24T09:25:48+12:00,19.7,-36.604877,174.802673,3
esp32_device_001,2026-05-24T09:25:53+12:00,29.6,-36.604839,174.802673,3
esp32_device_001,2026-05-24T09:25:58+12:00,39.3,-36.60482,174.802658,3
esp32_device_001,2026-05-24T09:26:03+12:00,44.6,-36.604813,174.802658,3
esp32_device_001,2026-05-24T09:26:08+12:00,46.7,-36.604809,174.802658,3
esp32_device_001,2026-05-24T09:26:13+12:00,48,-36.604805,174.802658,3
esp32_device_001,2026-05-24T09:26:18+12:00,49.3,-36.604809,174.802658,3
esp32_device_001,2026-05-24T09:26:23+12:00,50.4,-36.604801,174.802658,3
esp32_device_001,2026-05-24T09:26:28+12:00,51.5,-36.60479,174.802643,3
esp32_device_001,2026-05-24T09:26:33+12:00,51.9,-36.604794,174.802643,3
esp32_device_001,2026-05-24T09:26:38+12:00,52.1,-36.604782,174.802643,3
esp32_device_001,2026-05-24T09:26:43+12:00,52.9,-36.604759,174.802628,3
esp32_device_001,2026-05-24T09:26:48+12:00,54,-36.604748,174.802612,3
esp32_device_001,2026-05-24T09:26:53+12:00,56.1,-36.604744,174.802612,3
esp32_device_001,2026-05-24T09:26:58+12:00,57.8,-36.604748,174.802612,3
esp32_device_001,2026-05-24T09:27:03+12:00,57.8,-36.604744,174.802612,3
esp32_device_001,2026-05-24T09:27:08+12:00,57.8,-36.60474,174.802597,3
esp32_device_001,2026-05-24T09:27:13+12:00,57,-36.604736,174.802597,3
esp32_device_001,2026-05-24T09:27:18+12:00,56.1,-36.604736,174.802597,3
esp32_device_001,2026-05-24T09:27:27+12:00,56.1,-36.604744,174.802612,3
esp32_device_001,2026-05-24T09:27:32+12:00,56.1,-36.604748,174.802612,3
esp32_device_001,2026-05-24T09:27:37+12:00,56.1,-36.604744,174.802612,3
esp32_device_001,2026-05-24T09:27:42+12:00,56.1,-36.604736,174.802597,3
esp32_device_001,2026-05-24T09:27:47+12:00,56.1,-36.60474,174.802597,3
esp32_device_001,2026-05-24T09:27:52+12:00,56.1,-36.604736,174.802597,3
esp32_device_001,2026-05-24T09:27:57+12:00,56.1,-36.604744,174.802582,3
esp32_device_001,2026-05-24T09:28:02+12:00,56.1,-36.604736,174.802582,3
esp32_device_001,2026-05-24T09:28:07+12:00,56.1,-36.604729,174.802567,3
esp32_device_001,2026-05-24T09:28:12+12:00,56.1,-36.604721,174.802567,3
esp32_device_001,2026-05-24T09:28:17+12:00,56.1,-36.604721,174.802567,3
esp32_device_001,2026-05-24T09:28:22+12:00,56.1,-36.604733,174.802582,3
esp32_device_001,2026-05-24T09:28:27+12:00,56.1,-36.604729,174.802582,3
esp32_device_001,2026-05-24T09:28:32+12:00,56.1,-36.604721,174.802567,3
esp32_device_001,2026-05-24T09:28:37+12:00,56.1,-36.604721,174.802567,3
esp32_device_001,2026-05-24T09:28:42+12:00,56.1,-36.604717,174.802567,3
esp32_device_001,2026-05-24T09:28:47+12:00,56.1,-36.604721,174.802567,3
esp32_device_001,2026-05-24T09:28:52+12:00,56.1,-36.604717,174.802567,3
esp32_device_001,2026-05-24T09:28:57+12:00,56.1,-36.604725,174.802567,3
esp32_device_001,2026-05-24T09:29:02+12:00,56.1,-36.604717,174.802551,3
esp32_device_001,2026-05-24T09:29:07+12:00,56.1,-36.604717,174.802551,3
esp32_device_001,2026-05-24T09:29:12+12:00,56.1,-36.604721,174.802551,3
esp32_device_001,2026-05-24T09:29:17+12:00,56.1,-36.604725,174.802551,3
esp32_device_001,2026-05-24T09:29:22+12:00,56.1,-36.604729,174.802551,3
esp32_device_001,2026-05-24T09:29:27+12:00,56.1,-36.604736,174.802567,3
esp32_device_001,2026-05-24T09:29:32+12:00,56.1,-36.604744,174.802567,3
esp32_device_001,2026-05-24T09:29:37+12:00,56.1,-36.60474,174.802567,3
esp32_device_001,2026-05-24T09:29:42+12:00,56.1,-36.604733,174.802567,3
esp32_device_001,2026-05-24T09:29:47+12:00,56.1,-36.604725,174.802551,3
esp32_device_001,2026-05-24T09:29:52+12:00,56.1,-36.604717,174.802551,3
esp32_device_001,2026-05-24T09:29:57+12:00,56.1,-36.604706,174.802551,3
esp32_device_001,2026-05-24T09:30:02+12:00,56.1,-36.60471,174.802551,3
esp32_device_001,2026-05-24T09:30:07+12:00,56.1,-36.604717,174.802551,3
esp32_device_001,2026-05-24T09:30:12+12:00,56.1,-36.604721,174.802551,3
esp32_device_001,2026-05-24T09:30:17+12:00,56.1,-36.604729,174.802551,3
esp32_device_001,2026-05-24T09:30:22+12:00,56.1,-36.604736,174.802551,3
esp32_device_001,2026-05-24T09:30:27+12:00,56.1,-36.604748,174.802567,3
esp32_device_001,2026-05-24T09:30:32+12:00,56.1,-36.604763,174.802582,3
esp32_device_001,2026-05-24T09:30:37+12:00,56.1,-36.604755,174.802582,3
esp32_device_001,2026-05-24T09:30:42+12:00,56.1,-36.604759,174.802597,3
esp32_device_001,2026-05-24T09:30:47+12:00,56.1,-36.604759,174.802597,3
esp32_device_001,2026-05-24T09:30:52+12:00,56.1,-36.60474,174.802582,3
esp32_device_001,2026-05-24T09:30:57+12:00,56.1,-36.604736,174.802567,3
esp32_device_001,2026-05-24T09:31:02+12:00,56.1,-36.604752,174.802582,3
esp32_device_001,2026-05-24T09:31:07+12:00,56.1,-36.604752,174.802582,3
esp32_device_001,2026-05-24T09:31:12+12:00,56.1,-36.604759,174.802582,3
esp32_device_001,2026-05-24T09:31:17+12:00,5908,-36.604771,174.802582,3
esp32_device_001,2026-05-24T09:31:22+12:00,5908,-36.604767,174.802582,3
esp32_device_001,2026-05-24T09:31:27+12:00,5908,-36.604771,174.802597,3
esp32_device_001,2026-05-24T09:31:32+12:00,5908,-36.604778,174.802597,3
esp32_device_001,2026-05-24T09:31:37+12:00,5908,-36.604778,174.802597,3
esp32_device_001,2026-05-24T09:31:42+12:00,5908,-36.604797,174.802582,3
esp32_device_001,2026-05-24T09:31:47+12:00,5908,-36.604816,174.802567,3
esp32_device_001,2026-05-24T09:31:52+12:00,5908,-36.604832,174.802551,3
esp32_device_001,2026-05-24T09:31:57+12:00,5908,-36.604847,174.802551,3
esp32_device_001,2026-05-24T09:32:02+12:00,5908,-36.604858,174.802551,3
esp32_device_001,2026-05-24T09:32:07+12:00,5908,-36.604855,174.802551,3
esp32_device_001,2026-05-24T09:32:12+12:00,5908,-36.604843,174.802551,3
esp32_device_001,2026-05-24T09:32:17+12:00,5908,-36.604866,174.802551,3
esp32_device_001,2026-05-24T09:32:22+12:00,5908,-36.604881,174.802536,3
esp32_device_001,2026-05-24T09:32:27+12:00,5908,-36.604897,174.802536,3
esp32_device_001,2026-05-24T09:32:32+12:00,5908,-36.604904,174.802521,3
esp32_device_001,2026-05-24T09:32:37+12:00,5908,-36.604893,174.802521,3
esp32_device_001,2026-05-24T09:32:42+12:00,5908,-36.604881,174.802536,3
esp32_device_001,2026-05-24T09:32:47+12:00,5908,-36.604881,174.802536,3
esp32_device_001,2026-05-24T09:32:52+12:00,5908,-36.60487,174.802551,3
esp32_device_001,2026-05-24T09:32:57+12:00,5908,-36.604855,174.802567,3
esp32_device_001,2026-05-24T09:33:02+12:00,5908,-36.604847,174.802582,3
esp32_device_001,2026-05-24T09:33:07+12:00,5908,-36.604843,174.802582,3
esp32_device_001,2026-05-24T09:33:12+12:00,5908,-36.604836,174.802597,3
esp32_device_001,2026-05-24T09:33:17+12:00,5908,-36.604824,174.802597,3
esp32_device_001,2026-05-24T09:33:22+12:00,5908,-36.604805,174.802597,3
esp32_device_001,2026-05-24T09:33:27+12:00,5908,-36.604786,174.802597,3
esp32_device_001,2026-05-24T09:33:32+12:00,5908,-36.604786,174.802597,3
esp32_device_001,2026-05-24T09:33:37+12:00,5908,-36.604778,174.802597,3
esp32_device_001,2026-05-24T09:33:42+12:00,5908,-36.604771,174.802597,3
esp32_device_001,2026-05-24T09:33:47+12:00,5908,-36.604759,174.802612,3
esp32_device_001,2026-05-24T09:33:52+12:00,5908,-36.60474,174.802612,3
esp32_device_001,2026-05-24T09:33:57+12:00,5908,-36.604733,174.802612,3
esp32_device_001,2026-05-24T09:34:02+12:00,5908,-36.604736,174.802612,3
esp32_device_001,2026-05-24T09:34:07+12:00,5908,-36.604744,174.802612,3
esp32_device_001,2026-05-24T09:34:12+12:00,5908,-36.604748,174.802612,3
esp32_device_001,2026-05-24T09:34:17+12:00,5908,-36.604755,174.802612,3
esp32_device_001,2026-05-24T09:34:22+12:00,5908,-36.604763,174.802612,3
esp32_device_001,2026-05-24T09:34:27+12:00,5908,-36.604763,174.802597,3
esp32_device_001,2026-05-24T09:34:32+12:00,56,-36.604763,174.802597,3
esp32_device_001,2026-05-24T09:34:37+12:00,56,-36.604767,174.802597,3
esp32_device_001,2026-05-24T09:34:42+12:00,56,-36.604774,174.802597,3
esp32_device_001,2026-05-24T09:34:47+12:00,56,-36.604782,174.802582,3
esp32_device_001,2026-05-24T09:34:52+12:00,56,-36.604771,174.802582,3
esp32_device_001,2026-05-24T09:34:57+12:00,56,-36.604763,174.802597,3
esp32_device_001,2026-05-24T09:35:02+12:00,56,-36.604748,174.802597,3
esp32_device_001,2026-05-24T09:35:07+12:00,56,-36.60474,174.802597,3
esp32_device_001,2026-05-24T09:35:12+12:00,56,-36.604736,174.802597,3
esp32_device_001,2026-05-24T09:35:17+12:00,56,-36.604733,174.802597,3
esp32_device_001,2026-05-24T09:35:22+12:00,56,-36.604733,174.802597,3
esp32_device_001,2026-05-24T09:35:27+12:00,56,-36.60474,174.802612,3
esp32_device_001,2026-05-24T09:35:32+12:00,56,-36.604744,174.802597,3
esp32_device_001,2026-05-24T09:35:37+12:00,56,-36.604748,174.802597,3
esp32_device_001,2026-05-24T09:35:42+12:00,56,-36.604752,174.802597,3
esp32_device_001,2026-05-24T09:35:47+12:00,56,-36.604763,174.802597,3
esp32_device_001,2026-05-24T09:35:52+12:00,56,-36.604759,174.802597,3
esp32_device_001,2026-05-24T09:35:57+12:00,56,-36.604759,174.802612,3
esp32_device_001,2026-05-24T09:36:02+12:00,56,-36.604771,174.802612,3
esp32_device_001,2026-05-24T09:36:07+12:00,56,-36.604774,174.802612,3
esp32_device_001,2026-05-24T09:36:12+12:00,56,-36.604778,174.802628,3
esp32_device_001,2026-05-24T09:36:17+12:00,56,-36.604782,174.802628,3
esp32_device_001,2026-05-24T09:36:22+12:00,56,-36.604786,174.802628,3
esp32_device_001,2026-05-24T09:36:27+12:00,56,-36.60479,174.802628,3
esp32_device_001,2026-05-24T09:36:32+12:00,56,-36.604794,174.802628,3
esp32_device_001,2026-05-24T09:36:37+12:00,56,-36.604801,174.802628,3
esp32_device_001,2026-05-24T09:36:42+12:00,56,-36.604805,174.802628,3
esp32_device_001,2026-05-24T09:36:47+12:00,56,-36.604801,174.802628,3
esp32_device_001,2026-05-24T09:36:52+12:00,56,-36.604801,174.802628,3
esp32_device_001,2026-05-24T09:36:57+12:00,56,-36.604805,174.802628,3
esp32_device_001,2026-05-24T09:37:02+12:00,56,-36.604813,174.802628,3
esp32_device_001,2026-05-24T09:37:07+12:00,56,-36.604824,174.802643,3
esp32_device_001,2026-05-24T09:37:12+12:00,56,-36.604813,174.802628,3
esp32_device_001,2026-05-24T09:37:17+12:00,56,-36.604813,174.802628,3
esp32_device_001,2026-05-24T09:37:27+12:00,51,-36.604809,174.802628,3
esp32_device_001,2026-05-24T09:37:32+12:00,53.6,-36.604809,174.802628,3
esp32_device_001,2026-05-24T09:37:37+12:00,51.4,-36.604801,174.802628,3
esp32_device_001,2026-05-24T09:37:42+12:00,50.9,-36.604794,174.802612,3
esp32_device_001,2026-05-24T09:37:47+12:00,49.8,-36.604794,174.802628,3
esp32_device_001,2026-05-24T09:37:52+12:00,48.6,-36.60479,174.802628,3
esp32_device_001,2026-05-24T09:37:57+12:00,48.2,-36.604786,174.802628,3
esp32_device_001,2026-05-24T09:38:02+12:00,47.2,-36.604778,174.802612,3
esp32_device_001,2026-05-24T09:38:07+12:00,47.2,-36.604778,174.802612,3
esp32_device_001,2026-05-24T09:38:12+12:00,46.9,-36.604778,174.802612,3
esp32_device_001,2026-05-24T09:38:17+12:00,46.2,-36.604782,174.802612,3
esp32_device_001,2026-05-24T09:38:22+12:00,44.9,-36.604778,174.802612,3
esp32_device_001,2026-05-24T09:38:27+12:00,44.4,-36.604771,174.802612,3
esp32_device_001,2026-05-24T09:38:32+12:00,44.4,-36.604763,174.802612,3
esp32_device_001,2026-05-24T09:38:37+12:00,44.6,-36.604763,174.802612,3
esp32_device_001,2026-05-24T09:38:42+12:00,44.2,-36.604752,174.802597,3
esp32_device_001,2026-05-24T09:38:47+12:00,43.2,-36.604748,174.802597,3
esp32_device_001,2026-05-24T09:38:52+12:00,43.2,-36.604744,174.802597,3
esp32_device_001,2026-05-24T09:38:57+12:00,43.9,-36.604774,174.802612,3
esp32_device_001,2026-05-24T09:39:02+12:00,45,-36.604774,174.802612,3
esp32_device_001,2026-05-24T09:39:07+12:00,46.2,-36.604774,174.802612,3
esp32_device_001,2026-05-24T09:39:12+12:00,48.2,-36.604786,174.802612,3
esp32_device_001,2026-05-24T09:39:17+12:00,50.4,-36.604774,174.802597,3
esp32_device_001,2026-05-24T09:39:22+12:00,50.8,-36.604774,174.802597,3
esp32_device_001,2026-05-24T09:39:27+12:00,51.4,-36.604771,174.802597,3
esp32_device_001,2026-05-24T09:39:32+12:00,52.1,-36.604771,174.802597,3
esp32_device_001,2026-05-24T09:39:37+12:00,51.4,-36.604774,174.802597,3
esp32_device_001,2026-05-24T09:39:42+12:00,52.1,-36.604778,174.802597,3
esp32_device_001,2026-05-24T09:39:47+12:00,52.2,-36.604782,174.802597,3
esp32_device_001,2026-05-24T09:39:52+12:00,52.7,-36.604774,174.802597,3
esp32_device_001,2026-05-24T09:39:57+12:00,53.4,-36.604778,174.802597,3
esp32_device_001,2026-05-24T09:40:02+12:00,55.3,-36.604763,174.802582,3
esp32_device_001,2026-05-24T09:40:07+12:00,56.1,-36.604759,174.802582,3
esp32_device_001,2026-05-24T09:40:12+12:00,55.8,-36.604755,174.802582,3
esp32_device_001,2026-05-24T09:40:17+12:00,57.1,-36.60474,174.802567,3
esp32_device_001,2026-05-24T09:40:22+12:00,57.7,-36.604736,174.802567,3
esp32_device_001,2026-05-24T09:40:27+12:00,57.6,-36.604729,174.802567,3
esp32_device_001,2026-05-24T09:40:32+12:00,57.5,-36.604729,174.802567,3
esp32_device_001,2026-05-24T09:40:37+12:00,58.1,-36.604725,174.802567,3
esp32_device_001,2026-05-24T09:40:42+12:00,59.8,-36.604725,174.802567,3
esp32_device_001,2026-05-24T09:40:47+12:00,60.3,-36.604733,174.802567,3
esp32_device_001,2026-05-24T09:40:52+12:00,60.4,-36.604721,174.802551,3
esp32_device_001,2026-05-24T09:40:57+12:00,60.5,-36.604717,174.802551,3
esp32_device_001,2026-05-24T09:41:02+12:00,60.6,-36.604713,174.802551,3
esp32_device_001,2026-05-24T09:41:07+12:00,61.9,-36.604717,174.802536,3
esp32_device_001,2026-05-24T09:41:12+12:00,62.9,-36.604721,174.802536,3
esp32_device_001,2026-05-24T09:41:17+12:00,63.7,-36.604733,174.802536,3
esp32_device_001,2026-05-24T09:41:22+12:00,64.9,-36.60474,174.802536,3
esp32_device_001,2026-05-24T09:41:27+12:00,66.1,-36.604744,174.802521,3
esp32_device_001,2026-05-24T09:41:32+12:00,66.9,-36.604752,174.802521,3
esp32_device_001,2026-05-24T09:41:37+12:00,68.8,-36.604763,174.802521,3
esp32_device_001,2026-05-24T09:41:42+12:00,70,-36.604774,174.802505,3
esp32_device_001,2026-05-24T09:41:47+12:00,69.3,-36.604782,174.802521,3
esp32_device_001,2026-05-24T09:41:52+12:00,70,-36.60479,174.802521,3
esp32_device_001,2026-05-24T09:41:57+12:00,70.5,-36.604797,174.802505,3
esp32_device_001,2026-05-24T09:42:02+12:00,71,-36.604794,174.802505,3
esp32_device_001,2026-05-24T09:42:07+12:00,71.3,-36.604794,174.802505,3
esp32_device_001,2026-05-24T09:42:12+12:00,71.9,-36.604813,174.802521,3
esp32_device_001,2026-05-24T09:42:17+12:00,71.8,-36.604813,174.802521,3
esp32_device_001,2026-05-24T09:42:22+12:00,69.9,-36.604816,174.802521,3
esp32_device_001,2026-05-24T09:42:27+12:00,69.3,-36.604824,174.802536,3
esp32_device_001,2026-05-24T09:42:32+12:00,69.4,-36.604828,174.802536,3
esp32_device_001,2026-05-24T09:42:37+12:00,69.7,-36.604832,174.802536,3
esp32_device_001,2026-05-24T09:42:42+12:00,68.6,-36.604832,174.802536,3
esp32_device_001,2026-05-24T09:42:47+12:00,65.7,-36.60482,174.802536,3
esp32_device_001,2026-05-24T09:42:52+12:00,63.1,-36.604816,174.802551,3
esp32_device_001,2026-05-24T09:42:57+12:00,63.8,-36.604797,174.802536,3
esp32_device_001,2026-05-24T09:43:02+12:00,63.3,-36.604786,174.802536,3
esp32_device_001,2026-05-24T09:43:07+12:00,60.9,-36.604778,174.802551,3
esp32_device_001,2026-05-24T09:43:12+12:00,59.7,-36.604759,174.802536,3
esp32_device_001,2026-05-24T09:43:17+12:00,58.5,-36.604744,174.802536,3
esp32_device_001,2026-05-24T09:43:22+12:00,55.4,-36.604717,174.802536,3
esp32_device_001,2026-05-24T09:43:27+12:00,53.9,-36.604706,174.802536,3
esp32_device_001,2026-05-24T09:43:32+12:00,52.9,-36.604733,174.802551,3
esp32_device_001,2026-05-24T09:43:37+12:00,52.7,-36.604771,174.802582,3
esp32_device_001,2026-05-24T09:43:42+12:00,51.9,-36.604782,174.802582,3
esp32_device_001,2026-05-24T09:43:47+12:00,50.3,-36.604794,174.802597,3
esp32_device_001,2026-05-24T09:43:52+12:00,48.9,-36.604809,174.802612,3
esp32_device_001,2026-05-24T09:43:57+12:00,49,-36.604816,174.802612,3
esp32_device_001,2026-05-24T09:44:02+12:00,46.2,-36.604813,174.802612,3
esp32_device_001,2026-05-24T09:44:07+12:00,44,-36.604801,174.802628,3
esp32_device_001,2026-05-24T09:44:12+12:00,41.7,-36.604816,174.802643,3
esp32_device_001,2026-05-24T09:44:17+12:00,40.5,-36.604832,174.802643,3
esp32_device_001,2026-05-24T09:44:22+12:00,40,-36.604881,174.802673,3
esp32_device_001,2026-05-24T09:44:27+12:00,39.9,-36.604893,174.802673,3
esp32_device_001,2026-05-24T09:44:32+12:00,41,-36.6049,174.802673,3
esp32_device_001,2026-05-24T09:44:37+12:00,42.2,-36.604912,174.802673,3
esp32_device_001,2026-05-24T09:44:42+12:00,41.9,-36.604893,174.802658,3
esp32_device_001,2026-05-24T09:44:47+12:00,36.5,-36.604813,174.802628,3
esp32_device_001,2026-05-24T09:44:52+12:00,33.8,-36.604771,174.802628,3
esp32_device_001,2026-05-24T09:44:57+12:00,31.4,-36.604668,174.802582,3
esp32_device_001,2026-05-24T09:45:02+12:00,30.6,-36.604656,174.802582,3
esp32_device_001,2026-05-24T09:45:07+12:00,31,-36.60466,174.802582,3
esp32_device_001,2026-05-24T09:45:12+12:00,31.4,-36.604668,174.802597,3
esp32_device_001,2026-05-24T09:45:17+12:00,32.9,-36.604649,174.802582,3
esp32_device_001,2026-05-24T09:45:22+12:00,33,-36.604633,174.802567,3
esp32_device_001,2026-05-24T09:45:27+12:00,36.2,-36.604637,174.802567,3
esp32_device_001,2026-05-24T09:45:32+12:00,37.8,-36.60466,174.802567,3
esp32_device_001,2026-05-24T09:45:37+12:00,39.1,-36.604679,174.802582,3
esp32_device_001,2026-05-24T09:45:42+12:00,41.3,-36.604683,174.802567,3
esp32_device_001,2026-05-24T09:45:47+12:00,43.2,-36.604671,174.802551,3
esp32_device_001,2026-05-24T09:45:52+12:00,46,-36.604683,174.802567,3
esp32_device_001,2026-05-24T09:45:57+12:00,47.4,-36.604698,174.802567,3
esp32_device_001,2026-05-24T09:46:02+12:00,48,-36.604698,174.802567,3
esp32_device_001,2026-05-24T09:46:07+12:00,49.4,-36.604702,174.802567,3
esp32_device_001,2026-05-24T09:46:12+12:00,50.1,-36.604698,174.802567,3
esp32_device_001,2026-05-24T09:46:17+12:00,52,-36.604687,174.802551,3
esp32_device_001,2026-05-24T09:46:22+12:00,53.3,-36.604683,174.802551,3
esp32_device_001,2026-05-24T09:46:27+12:00,54.8,-36.604675,174.802536,3
esp32_device_001,2026-05-24T09:46:32+12:00,56.6,-36.604687,174.802536,3
esp32_device_001,2026-05-24T09:46:37+12:00,57.8,-36.604679,174.802521,3
esp32_device_001,2026-05-24T09:46:42+12:00,59.6,-36.604683,174.802521,3
esp32_device_001,2026-05-24T09:46:47+12:00,59.9,-36.604683,174.802505,3
esp32_device_001,2026-05-24T09:46:52+12:00,60.8,-36.604687,174.802505,3
esp32_device_001,2026-05-24T09:46:57+12:00,61.6,-36.604706,174.802505,3
esp32_device_001,2026-05-24T09:47:02+12:00,61.4,-36.604717,174.802505,3
esp32_device_001,2026-05-24T09:47:07+12:00,60.7,-36.604721,174.802505,3
esp32_device_001,2026-05-24T09:47:12+12:00,60,-36.604721,174.802505,3
esp32_device_001,2026-05-24T09:47:17+12:00,58.8,-36.604717,174.802505,3
esp32_device_001,2026-05-24T09:47:27+12:00,56.1,-36.604668,174.802505,3
esp32_device_001,2026-05-24T09:47:32+12:00,58.3,-36.604641,174.802505,3
esp32_device_001,2026-05-24T09:47:37+12:00,59.5,-36.604607,174.802505,3
esp32_device_001,2026-05-24T09:47:42+12:00,59.5,-36.604599,174.802521,3
esp32_device_001,2026-05-24T09:47:47+12:00,60,-36.604591,174.802521,3
esp32_device_001,2026-05-24T09:47:52+12:00,60,-36.604637,174.802536,3
esp32_device_001,2026-05-24T09:47:57+12:00,58.1,-36.604656,174.802551,3
esp32_device_001,2026-05-24T09:48:02+12:00,57.4,-36.604687,174.802567,3
esp32_device_001,2026-05-24T09:48:07+12:00,57.8,-36.60471,174.802567,3
esp32_device_001,2026-05-24T09:48:12+12:00,58.9,-36.604713,174.802582,3
esp32_device_001,2026-05-24T09:48:17+12:00,57.6,-36.604721,174.802582,3
esp32_device_001,2026-05-24T09:48:22+12:00,55.5,-36.604721,174.802582,3
esp32_device_001,2026-05-24T09:48:27+12:00,53.2,-36.604729,174.802597,3
esp32_device_001,2026-05-24T09:48:32+12:00,51.8,-36.604744,174.802612,3
esp32_device_001,2026-05-24T09:48:37+12:00,49.3,-36.604767,174.802628,3
esp32_device_001,2026-05-24T09:48:42+12:00,45,-36.604786,174.802628,3
esp32_device_001,2026-05-24T09:48:47+12:00,41.9,-36.604782,174.802643,3
esp32_device_001,2026-05-24T09:48:52+12:00,40.6,-36.604767,174.802643,3
esp32_device_001,2026-05-24T09:48:57+12:00,40.7,-36.604755,174.802643,3
esp32_device_001,2026-05-24T09:49:02+12:00,38.9,-36.604736,174.802643,3
esp32_device_001,2026-05-24T09:49:07+12:00,38.9,-36.604755,174.802643,3
esp32_device_001,2026-05-24T09:49:12+12:00,40.5,-36.604759,174.802643,3
esp32_device_001,2026-05-24T09:49:17+12:00,42.1,-36.604759,174.802643,3
esp32_device_001,2026-05-24T09:49:22+12:00,41.9,-36.604759,174.802643,3
esp32_device_001,2026-05-24T09:49:27+12:00,41.1,-36.604759,174.802643,3
esp32_device_001,2026-05-24T09:49:32+12:00,40.4,-36.604771,174.802658,3
esp32_device_001,2026-05-24T09:49:37+12:00,37.6,-36.604767,174.802658,3
esp32_device_001,2026-05-24T09:49:42+12:00,34.8,-36.604759,174.802658,3
esp32_device_001,2026-05-24T09:49:47+12:00,33,-36.604748,174.802658,3
esp32_device_001,2026-05-24T09:49:52+12:00,31.9,-36.604763,174.802673,3
esp32_device_001,2026-05-24T09:49:57+12:00,32.8,-36.604767,174.802673,3
esp32_device_001,2026-05-24T09:50:02+12:00,33.8,-36.604771,174.802673,3
esp32_device_001,2026-05-24T09:50:07+12:00,34.7,-36.604759,174.802658,3
esp32_device_001,2026-05-24T09:50:12+12:00,35.9,-36.604752,174.802643,3
esp32_device_001,2026-05-24T09:50:17+12:00,37.4,-36.604755,174.802643,3
esp32_device_001,2026-05-24T09:50:22+12:00,38.9,-36.604763,174.802643,3
esp32_device_001,2026-05-24T09:50:27+12:00,45,-36.604736,174.802628,3
esp32_device_001,2026-05-24T09:50:32+12:00,55.1,-36.60471,174.802597,3
esp32_device_001,2026-05-24T09:50:37+12:00,60,-36.604717,174.802582,3
esp32_device_001,2026-05-24T09:50:42+12:00,61.9,-36.604725,174.802582,3
esp32_device_001,2026-05-24T09:50:47+12:00,60.2,-36.60474,174.802582,3
esp32_device_001,2026-05-24T09:50:52+12:00,58.7,-36.604752,174.802582,3
esp32_device_001,2026-05-24T09:50:57+12:00,57.7,-36.604752,174.802597,3
esp32_device_001,2026-05-24T09:51:02+12:00,56.5,-36.604767,174.802597,3
esp32_device_001,2026-05-24T09:51:07+12:00,55.2,-36.604778,174.802597,3
esp32_device_001,2026-05-24T09:51:12+12:00,52.9,-36.604782,174.802612,3
esp32_device_001,2026-05-24T09:51:17+12:00,50.9,-36.604767,174.802612,3
esp32_device_001,2026-05-24T09:51:22+12:00,49.9,-36.604748,174.802628,3
esp32_device_001,2026-05-24T09:51:27+12:00,49.8,-36.60474,174.802612,3
esp32_device_001,2026-05-24T09:51:32+12:00,50.6,-36.604736,174.802612,3
esp32_device_001,2026-05-24T09:51:37+12:00,51.6,-36.60474,174.802612,3
esp32_device_001,2026-05-24T09:51:42+12:00,51.9,-36.604752,174.802612,3
esp32_device_001,2026-05-24T09:51:47+12:00,52.4,-36.604763,174.802612,3
esp32_device_001,2026-05-24T09:51:52+12:00,51.6,-36.604771,174.802612,3
esp32_device_001,2026-05-24T09:51:57+12:00,50.7,-36.604786,174.802597,3
esp32_device_001,2026-05-24T09:52:02+12:00,50.3,-36.604797,174.802597,3
esp32_device_001,2026-05-24T09:52:07+12:00,50.4,-36.60482,174.802597,3
esp32_device_001,2026-05-24T09:52:12+12:00,50.4,-36.604839,174.802582,3
esp32_device_001,2026-05-24T09:52:17+12:00,49.7,-36.604851,174.802582,3
esp32_device_001,2026-05-24T09:52:22+12:00,49.1,-36.604858,174.802597,3
esp32_device_001,2026-05-24T09:52:27+12:00,48.5,-36.604851,174.802582,3
esp32_device_001,2026-05-24T09:52:32+12:00,47.9,-36.604836,174.802582,3
esp32_device_001,2026-05-24T09:52:37+12:00,46.8,-36.604809,174.802582,3
esp32_device_001,2026-05-24T09:52:42+12:00,45.8,-36.604794,174.802582,3
esp32_device_001,2026-05-24T09:52:47+12:00,44,-36.604786,174.802597,3
esp32_device_001,2026-05-24T09:52:52+12:00,41.6,-36.604786,174.802597,3
esp32_device_001,2026-05-24T09:52:57+12:00,40.5,-36.604794,174.802612,3
esp32_device_001,2026-05-24T09:53:02+12:00,40.1,-36.604778,174.802612,3
esp32_device_001,2026-05-24T09:53:07+12:00,39,-36.604778,174.802612,3
esp32_device_001,2026-05-24T09:53:12+12:00,38.9,-36.604782,174.802612,3
esp32_device_001,2026-05-24T09:53:17+12:00,40.6,-36.60479,174.802612,3
esp32_device_001,2026-05-24T09:53:22+12:00,42.1,-36.604794,174.802612,3
esp32_device_001,2026-05-24T09:53:27+12:00,44.2,-36.60479,174.802628,3
esp32_device_001,2026-05-24T09:53:32+12:00,46.2,-36.604774,174.802612,3
esp32_device_001,2026-05-24T09:53:37+12:00,48.1,-36.60474,174.802612,3
esp32_device_001,2026-05-24T09:53:42+12:00,49.9,-36.604691,174.802643,3
esp32_device_001,2026-05-24T09:53:47+12:00,57.9,-36.604618,174.802658,3
esp32_device_001,2026-05-24T09:53:52+12:00,63.1,-36.604588,174.802673,3
esp32_device_001,2026-05-24T09:53:57+12:00,64.1,-36.604607,174.802673,3
esp32_device_001,2026-05-24T09:54:02+12:00,64.5,-36.604645,174.802658,3
esp32_device_001,2026-05-24T09:54:07+12:00,64.5,-36.604683,174.802658,3
esp32_device_001,2026-05-24T09:54:12+12:00,64.9,-36.604671,174.802643,3
esp32_device_001,2026-05-24T09:54:17+12:00,65.2,-36.604683,174.802643,3
esp32_device_001,2026-05-24T09:54:22+12:00,66.6,-36.604702,174.802643,3
esp32_device_001,2026-05-24T09:54:27+12:00,66.2,-36.604706,174.802643,3
esp32_device_001,2026-05-24T09:54:32+12:00,64.7,-36.604763,174.802597,3
esp32_device_001,2026-05-24T09:54:37+12:00,64,-36.604755,174.802597,3
esp32_device_001,2026-05-24T09:54:42+12:00,62.7,-36.604721,174.802597,3
esp32_device_001,2026-05-24T09:54:47+12:00,61.3,-36.604717,174.802597,3
esp32_device_001,2026-05-24T09:54:52+12:00,60.7,-36.604687,174.802612,3
esp32_device_001,2026-05-24T09:54:57+12:00,62.2,-36.604717,174.802612,3
esp32_device_001,2026-05-24T09:55:02+12:00,62,-36.60474,174.802597,3
esp32_device_001,2026-05-24T09:55:07+12:00,61.2,-36.604805,174.802567,3
esp32_device_001,2026-05-24T09:55:12+12:00,60.6,-36.60487,174.802536,3
esp32_device_001,2026-05-24T09:55:17+12:00,60.9,-36.604889,174.802536,3
esp32_device_001,2026-05-24T09:55:22+12:00,60.3,-36.604908,174.802521,3
esp32_device_001,2026-05-24T09:55:27+12:00,60.6,-36.604931,174.802505,3
esp32_device_001,2026-05-24T09:55:32+12:00,60.5,-36.604916,174.802505,3
esp32_device_001,2026-05-24T09:55:37+12:00,60.7,-36.604866,174.802536,3
esp32_device_001,2026-05-24T09:55:42+12:00,60.7,-36.604824,174.802551,3
esp32_device_001,2026-05-24T09:55:47+12:00,59.3,-36.604771,174.802567,3
esp32_device_001,2026-05-24T09:55:52+12:00,57.2,-36.604767,174.802582,3
esp32_device_001,2026-05-24T09:55:57+12:00,56.4,-36.604744,174.802597,3
esp32_device_001,2026-05-24T09:56:02+12:00,57.1,-36.604771,174.802597,3
esp32_device_001,2026-05-24T09:56:07+12:00,58.3,-36.604786,174.802597,3
esp32_device_001,2026-05-24T09:56:12+12:00,58.8,-36.604794,174.802597,3
esp32_device_001,2026-05-24T09:56:17+12:00,60.2,-36.604862,174.802551,3
esp32_device_001,2026-05-24T09:56:22+12:00,59.5,-36.604874,174.802536,3
esp32_device_001,2026-05-24T09:56:27+12:00,59,-36.604862,174.802551,3
esp32_device_001,2026-05-24T09:56:32+12:00,56,-36.604797,174.802567,3
esp32_device_001,2026-05-24T09:56:37+12:00,55.2,-36.604755,174.802597,3
esp32_device_001,2026-05-24T09:56:42+12:00,57.1,-36.604713,174.802628,3
esp32_device_001,2026-05-24T09:56:47+12:00,58.3,-36.604687,174.802658,3
esp32_device_001,2026-05-24T09:56:52+12:00,58.2,-36.604649,174.802673,3
esp32_device_001,2026-05-24T09:56:57+12:00,58.9,-36.604618,174.802689,3
esp32_device_001,2026-05-24T09:57:02+12:00,58.7,-36.604633,174.802673,3
esp32_device_001,2026-05-24T09:57:07+12:00,58,-36.604637,174.802673,3
esp32_device_001,2026-05-24T09:57:12+12:00,57.3,-36.604679,174.802643,3
esp32_device_001,2026-05-24T09:57:17+12:00,56.5,-36.604675,174.802643,3
esp32_device_001,2026-05-24T09:57:57+12:00,56.5,-36.604801,174.802612,3
esp32_device_001,2026-05-24T09:58:02+12:00,56.5,-36.604668,174.802643,3
esp32_device_001,2026-05-24T09:58:07+12:00,56.5,-36.604649,174.802643,3
esp32_device_001,2026-05-24T09:58:12+12:00,56.5,-36.604649,174.802643,3
esp32_device_001,2026-05-24T09:58:17+12:00,56.5,-36.604755,174.802612,3
esp32_device_001,2026-05-24T09:58:22+12:00,56.5,-36.604816,174.802582,3
esp32_device_001,2026-05-24T09:58:27+12:00,56.5,-36.604836,174.802582,3
esp32_device_001,2026-05-24T09:58:32+12:00,56.5,-36.604847,174.802582,3
esp32_device_001,2026-05-24T09:58:37+12:00,56.5,-36.604858,174.802582,3
esp32_device_001,2026-05-24T09:58:42+12:00,56.5,-36.60482,174.802582,3
esp32_device_001,2026-05-24T09:58:47+12:00,56.5,-36.604805,174.802582,3
esp32_device_001,2026-05-24T09:58:52+12:00,56.5,-36.604813,174.802582,3
esp32_device_001,2026-05-24T09:58:57+12:00,56.5,-36.604809,174.802582,3
esp32_device_001,2026-05-24T09:59:02+12:00,56.5,-36.604794,174.802582,3
esp32_device_001,2026-05-24T09:59:07+12:00,56.5,-36.604778,174.802582,3
esp32_device_001,2026-05-24T09:59:12+12:00,56.5,-36.604794,174.802582,3
esp32_device_001,2026-05-24T09:59:17+12:00,56.5,-36.604774,174.802582,3
esp32_device_001,2026-05-24T09:59:22+12:00,56.5,-36.604771,174.802582,3
esp32_device_001,2026-05-24T09:59:27+12:00,56.5,-36.604782,174.802582,3
esp32_device_001,2026-05-24T09:59:32+12:00,56.5,-36.604805,174.802597,3
esp32_device_001,2026-05-24T09:59:37+12:00,56.5,-36.604816,174.802628,3
esp32_device_001,2026-05-24T09:59:42+12:00,56.5,-36.60482,174.802673,3
esp32_device_001,2026-05-24T09:59:47+12:00,56.5,-36.604801,174.802673,3
esp32_device_001,2026-05-24T09:59:52+12:00,56.5,-36.60479,174.802689,3
esp32_device_001,2026-05-24T09:59:57+12:00,56.5,-36.604778,174.802704,3
esp32_device_001,2026-05-24T10:00:02+12:00,56.5,-36.604759,174.802704,3
esp32_device_001,2026-05-24T10:00:07+12:00,56.5,-36.604759,174.802719,3
esp32_device_001,2026-05-24T10:00:12+12:00,56.5,-36.604763,174.802719,3
esp32_device_001,2026-05-24T10:00:17+12:00,56.5,-36.604759,174.802734,3
esp32_device_001,2026-05-24T10:00:22+12:00,56.5,-36.604774,174.80275,3
esp32_device_001,2026-05-24T10:00:27+12:00,56.5,-36.604782,174.80275,3
esp32_device_001,2026-05-24T10:00:32+12:00,56.5,-36.604797,174.802765,3
esp32_device_001,2026-05-24T10:00:37+12:00,56.5,-36.604794,174.802765,3
esp32_device_001,2026-05-24T10:00:42+12:00,56.5,-36.604794,174.802765,3
esp32_device_001,2026-05-24T10:00:47+12:00,56.5,-36.604771,174.802704,3
esp32_device_001,2026-05-24T10:00:52+12:00,56.5,-36.604778,174.802673,3
esp32_device_001,2026-05-24T10:00:57+12:00,56.5,-36.60479,174.802689,3
esp32_device_001,2026-05-24T10:01:02+12:00,56.5,-36.604725,174.802612,3
esp32_device_001,2026-05-24T10:01:07+12:00,56.5,-36.604675,174.802551,3
esp32_device_001,2026-05-24T10:01:12+12:00,56.5,-36.604645,174.802521,3
esp32_device_001,2026-05-24T10:01:17+12:00,56.5,-36.60466,174.802521,3
esp32_device_001,2026-05-24T10:01:22+12:00,56.5,-36.604664,174.802505,3
esp32_device_001,2026-05-24T10:01:27+12:00,56.5,-36.604679,174.80249,3
esp32_device_001,2026-05-24T10:01:32+12:00,56.5,-36.604736,174.802521,3
esp32_device_001,2026-05-24T10:01:37+12:00,56.5,-36.604763,174.802521,3
esp32_device_001,2026-05-24T10:01:42+12:00,56.5,-36.604774,174.802536,3
esp32_device_001,2026-05-24T10:01:47+12:00,56.5,-36.604786,174.802536,3
esp32_device_001,2026-05-24T10:01:52+12:00,56.5,-36.604786,174.802521,3
esp32_device_001,2026-05-24T10:01:57+12:00,56.5,-36.604813,174.802582,3
esp32_device_001,2026-05-24T10:02:02+12:00,56.5,-36.604778,174.802597,3
esp32_device_001,2026-05-24T10:02:07+12:00,56.5,-36.604767,174.802582,3
esp32_device_001,2026-05-24T10:02:12+12:00,56.5,-36.60471,174.802505,3
